#VRML V2.0 utf8
# 3D model generated by easyeda2kicad.py (https://github.com/uPesy/easyeda2kicad.py)

Shape{
    appearance Appearance {
        material  Material 	{
            diffuseColor 0.6470588235294118 0.6196078431372549 0.5882352941176471
            specularColor 0.45098039215686275 0.43529411764705883 0.4117647058823529
            ambientIntensity 0.6242
            transparency 0.0
            shininess 0.5
        }
    }
    geometry IndexedFaceSet {
        ccw TRUE
        solid FALSE
        coord DEF co Coordinate {
            point [
                1.2441 1.0658 3.428, 1.2441 0.9843 3.4906, 1.2441 0.748 3.8189, 1.2441 0.748 3.8583, 1.2441 0.7874 3.8583, 1.2441 1.1677 3.2515, 1.2441 1.1284 3.3465, 1.2441 1.4961 3.1496, 1.2441 1.3475 3.5838, 1.2441 0.9055 3.7808, 1.2441 1.2394 3.6954, 1.2441 1.1095 3.7808, 1.2441 1.1811 3.1496, 1.2441 0.9024 3.8489, 1.2441 1.4287 3.4512, 1.2441 1.479 3.3041, 1.2441 -1.5748 4.8819, 1.2441 -1.2598 4.8819, 1.2441 -1.5748 4.252, 1.2441 -1.2598 4.252, 1.2441 -1.5507 4.0686, 1.2441 -1.2499 4.1639, 1.2441 -1.4799 3.8976, 1.2441 -1.2205 4.0804, 1.2441 -1.3672 3.7509, 1.2441 -1.2205 3.8189, 1.2441 -1.2205 3.6383, 1.2441 -1.0496 3.5675, 1.2441 0.8893 3.5299, 1.2441 0.7874 3.5433, 1.2441 -0.8661 3.5433, 1.2441 0.1575 -1.5748, 1.2441 -0.1575 -1.5748, 1.2441 0.1575 0.1969, 1.2441 -0.1575 0.1969, 1.2441 0.1709 0.2988, 1.2441 -0.1333 0.3803, 1.2441 0.2102 0.3937, 1.2441 -0.0625 0.5512, 1.2441 0.2728 0.4752, 1.2441 0.0501 0.698, 1.2441 0.3543 0.5378, 1.2441 0.1969 0.8106, 1.2441 0.4493 0.5771, 1.2441 0.3678 0.8814, 1.2441 0.5512 0.5906, 1.2441 0.5512 0.9055, 1.2441 0.7874 0.5906, 1.2441 0.7874 0.9055, 1.2441 0.9708 0.6147, 1.2441 0.8893 0.9189, 1.2441 1.1417 0.6855, 1.2441 0.9843 0.9583, 1.2441 1.2885 0.7981, 1.2441 1.0658 1.0208, 1.2441 1.4011 0.9449, 1.2441 1.1284 1.1024, 1.2441 1.4719 1.1158, 1.2441 1.1677 1.1973, 1.2441 1.4961 1.2992, 1.2441 1.1811 1.2992, 1.2441 1.4961 2.4029, 1.2441 1.4961 2.5591, 1.7559 0.8893 3.5299, 1.7559 0.9843 3.4906, 1.7559 0.748 3.8189, 1.7559 0.9055 3.7808, 1.7559 0.9024 3.8489, 1.7559 0.7874 3.8583, 1.7559 0.748 3.8583, 1.7559 1.0658 3.428, 1.7559 1.1284 3.3465, 1.7559 1.4961 3.1496, 1.7559 1.4287 3.4512, 1.7559 1.3475 3.5838, 1.7559 1.2394 3.6954, 1.7559 1.1095 3.7808, 1.7559 1.479 3.3041, 1.7559 -1.2598 4.8819, 1.7559 -1.5748 4.8819, 1.7559 -1.2598 4.252, 1.7559 -1.5748 4.252, 1.7559 -1.2499 4.1639, 1.7559 -1.5507 4.0686, 1.7559 -1.2205 4.0804, 1.7559 -1.4799 3.8976, 1.7559 -1.2205 3.8189, 1.7559 -1.3672 3.7509, 1.7559 -1.2205 3.6383, 1.7559 -1.0496 3.5675, 1.7559 -0.8661 3.5433, 1.7559 0.7874 3.5433, 1.7559 1.1677 3.2515, 1.7559 1.1811 3.1496, 1.7559 1.4961 2.5591, 1.7559 -0.1575 -1.5748, 1.7559 0.1575 -1.5748, 1.7559 -0.1575 0.1969, 1.7559 0.1575 0.1969, 1.7559 -0.1333 0.3803, 1.7559 0.1709 0.2988, 1.7559 -0.0625 0.5512, 1.7559 0.2102 0.3937, 1.7559 0.0501 0.698, 1.7559 0.2728 0.4752, 1.7559 0.1969 0.8106, 1.7559 0.3543 0.5378, 1.7559 0.3678 0.8814, 1.7559 0.4493 0.5771, 1.7559 0.5512 0.9055, 1.7559 0.5512 0.5906, 1.7559 0.7874 0.9055, 1.7559 0.7874 0.5906, 1.7559 0.8893 0.9189, 1.7559 0.9708 0.6147, 1.7559 0.9843 0.9583, 1.7559 1.1417 0.6855, 1.7559 1.0658 1.0208, 1.7559 1.2885 0.7981, 1.7559 1.1284 1.1024, 1.7559 1.4011 0.9449, 1.7559 1.1677 1.1973, 1.7559 1.4719 1.1158, 1.7559 1.1811 1.2992, 1.7559 1.4961 1.2992, 1.7559 1.4961 2.4029
            ]
        }
        coordIndex [
            0,1,2,-1,2,3,4,-1,5,6,7,-1,8,9,10,-1,10,9,11,-1,5,7,12,-1,6,0,7,-1,7,0,2,-1,7,2,9,-1,9,2,4,-1,9,4,13,-1,8,14,9,-1,9,14,15,-1,9,15,7,-1,16,17,18,-1,18,17,19,-1,18,19,20,-1,20,19,21,-1,20,21,22,-1,22,21,23,-1,22,23,24,-1,24,23,25,-1,24,25,26,-1,26,25,27,-1,1,28,2,-1,2,28,29,-1,2,29,25,-1,25,29,30,-1,25,30,27,-1,31,32,33,-1,33,32,34,-1,33,34,35,-1,35,34,36,-1,35,36,37,-1,37,36,38,-1,37,38,39,-1,39,38,40,-1,39,40,41,-1,41,40,42,-1,41,42,43,-1,43,42,44,-1,43,44,45,-1,45,44,46,-1,45,46,47,-1,47,46,48,-1,47,48,49,-1,49,48,50,-1,49,50,51,-1,51,50,52,-1,51,52,53,-1,53,52,54,-1,53,54,55,-1,55,54,56,-1,55,56,57,-1,57,56,58,-1,57,58,59,-1,59,58,60,-1,59,60,61,-1,61,60,12,-1,61,12,62,-1,62,12,7,-1,63,64,65,-1,66,67,65,-1,65,67,68,-1,65,68,69,-1,70,71,72,-1,73,74,66,-1,66,74,75,-1,66,75,76,-1,64,70,65,-1,65,70,72,-1,65,72,66,-1,66,72,77,-1,66,77,73,-1,78,79,80,-1,80,79,81,-1,80,81,82,-1,82,81,83,-1,82,83,84,-1,84,83,85,-1,84,85,86,-1,86,85,87,-1,86,87,88,-1,88,89,86,-1,86,89,90,-1,86,90,65,-1,65,90,91,-1,65,91,63,-1,71,92,72,-1,72,92,93,-1,72,93,94,-1,95,96,97,-1,97,96,98,-1,97,98,99,-1,99,98,100,-1,99,100,101,-1,101,100,102,-1,101,102,103,-1,103,102,104,-1,103,104,105,-1,105,104,106,-1,105,106,107,-1,107,106,108,-1,107,108,109,-1,109,108,110,-1,109,110,111,-1,111,110,112,-1,111,112,113,-1,113,112,114,-1,113,114,115,-1,115,114,116,-1,115,116,117,-1,117,116,118,-1,117,118,119,-1,119,118,120,-1,119,120,121,-1,121,120,122,-1,121,122,123,-1,123,122,124,-1,123,124,93,-1,93,124,125,-1,93,125,94,-1,19,80,21,-1,21,80,82,-1,21,82,23,-1,23,82,84,-1,68,4,69,-1,69,4,3,-1,
        ]
    }
}
Shape{
    appearance Appearance {
        material  Material 	{
            diffuseColor 0.24705882352941178 0.49411764705882355 0.27450980392156865
            specularColor 0.01568627450980392 0.03529411764705882 0.0196078431372549
            ambientIntensity 0.5646
            transparency 0.0
            shininess 0.5
        }
    }
    geometry IndexedFaceSet {
        ccw TRUE
        solid FALSE
        coord DEF co Coordinate {
            point [
                1.7559 1.4961 2.5591, 1.7559 1.4961 2.4029, 1.8937 1.4961 2.5591, 2.8031 1.4961 2.4029, 1.8937 1.4961 3.7808, 2.8031 1.4961 3.7808, 2.3858 -2.1457 1.9291, 2.7047 -2.1457 1.9291, 2.3858 -2.1457 3.7402, 2.7047 -2.1457 3.7402, 0.6142 -2.1457 3.7402, 0.2953 -2.1457 3.7402, 0.6142 -2.1457 1.9291, 0.2953 -2.1457 1.9291, 2.7047 -2.9331 1.1417, 3.0 -2.9331 -0.0394, 3.0 -2.9331 4.7244, -0.1969 -2.9331 0.3556, -0.1969 -2.9331 -0.0394, 0.1969 -2.9331 -0.0394, 2.8031 -2.9331 -0.0394, 2.8031 -2.9331 0.3556, 0.1969 -2.9331 0.3556, 0.2953 -2.9331 1.1417, 0.2953 -2.9331 4.3701, -0.2953 -2.9331 4.3701, -0.2953 -2.9331 1.1417, -2.7047 -2.9331 1.1417, -2.7047 -2.9331 4.3701, -3.0 -2.9331 4.7244, -3.0 -2.9331 -0.0394, -2.8031 -2.9331 -0.0394, -2.8031 -2.9331 0.3556, 2.7047 -2.9331 4.3701, -3.0 0.2559 8.4646, -3.0 -0.7283 8.4646, -2.7448 -0.7283 8.4646, 2.2584 0.3813 8.4646, 2.3906 0.173 8.4646, 2.7448 0.2559 8.4646, 0.669 -0.7734 8.4646, -0.5177 -0.3079 8.4646, 0.8262 -0.9635 8.4646, 1.0258 -1.1086 8.4646, -0.9215 0.5502 8.4646, -0.7416 0.3813 8.4646, -0.2552 0.2559 8.4646, -0.6094 0.173 8.4646, -2.7448 0.2559 8.4646, 0.5639 -0.5502 8.4646, 0.2552 0.2559 8.4646, 0.5177 -0.3079 8.4646, 3.0 -0.7283 8.4646, 3.0 0.2559 8.4646, 2.4823 -0.3079 8.4646, 2.4668 -0.0616 8.4646, -0.5332 -0.0616 8.4646, -2.4823 -0.3079 8.4646, -2.4668 -0.0616 8.4646, -2.3906 0.173 8.4646, -2.6096 0.5125 8.4646, -2.2584 0.3813 8.4646, -2.4222 0.734 8.4646, -2.0785 0.5502 8.4646, -1.1377 0.6691 8.4646, -0.3904 0.5125 8.4646, -0.5778 0.734 8.4646, -0.8085 0.9099 8.4646, -1.0717 1.032 8.4646, -1.3766 0.7304 8.4646, -1.3549 1.0945 8.4646, -1.6234 0.7304 8.4646, -1.6451 1.0945 8.4646, -1.8623 0.6691 8.4646, -1.9283 1.032 8.4646, -2.1915 0.9099 8.4646, 0.9215 0.5502 8.4646, 0.5778 0.734 8.4646, 0.7416 0.3813 8.4646, 0.3904 0.5125 8.4646, 0.6094 0.173 8.4646, 0.5332 -0.0616 8.4646, 2.6096 0.5125 8.4646, 2.4222 0.734 8.4646, 2.0785 0.5502 8.4646, 2.1915 0.9099 8.4646, 1.8623 0.6691 8.4646, 1.9283 1.032 8.4646, 1.6234 0.7304 8.4646, 1.6451 1.0945 8.4646, 1.3766 0.7304 8.4646, 1.3549 1.0945 8.4646, 1.1377 0.6691 8.4646, 1.0717 1.032 8.4646, 0.8085 0.9099 8.4646, 2.7448 -0.7283 8.4646, 2.4361 -0.5502 8.4646, 2.6096 -0.985 8.4646, 2.331 -0.7734 8.4646, 2.4222 -1.2065 8.4646, 2.1738 -0.9635 8.4646, 2.1915 -1.3823 8.4646, 1.9742 -1.1086 8.4646, 1.9283 -1.5044 8.4646, 1.7448 -1.1994 8.4646, 1.6451 -1.5669 8.4646, 1.5 -1.2303 8.4646, 1.3549 -1.5669 8.4646, 1.2552 -1.1994 8.4646, 1.0717 -1.5044 8.4646, 0.8085 -1.3823 8.4646, 0.5778 -1.2065 8.4646, -2.4361 -0.5502 8.4646, -2.331 -0.7734 8.4646, -2.6096 -0.985 8.4646, -2.1738 -0.9635 8.4646, -2.4222 -1.2065 8.4646, -1.9742 -1.1086 8.4646, -2.1915 -1.3823 8.4646, -1.7448 -1.1994 8.4646, -1.9283 -1.5044 8.4646, -1.6451 -1.5669 8.4646, -1.5 -1.2303 8.4646, -1.3549 -1.5669 8.4646, -1.2552 -1.1994 8.4646, -1.0717 -1.5044 8.4646, -1.0258 -1.1086 8.4646, -0.8085 -1.3823 8.4646, -0.8262 -0.9635 8.4646, -0.5778 -1.2065 8.4646, -0.669 -0.7734 8.4646, -0.3904 -0.985 8.4646, -0.5639 -0.5502 8.4646, -0.2552 -0.7283 8.4646, 0.2552 -0.7283 8.4646, 0.3904 -0.985 8.4646, 3.0 -2.7362 4.7244, 3.0 -2.1457 5.0787, 3.0 -1.5748 6.6929, 3.0 -2.3425 5.0787, 3.0 -2.3425 -0.0394, 3.0 1.811 -0.0394, 3.0 2.126 -0.0394, 3.0 1.811 3.8976, 3.0 2.126 4.3307, 3.0 1.6142 3.8976, 3.0 1.3386 4.3307, 3.0 1.1024 6.6929, 3.0 0.2559 6.6929, 3.0 -2.1457 -0.0394, 3.0 1.6142 -0.0394, 3.0 -0.7283 6.6929, -0.1969 2.126 -0.0394, 0.1969 2.126 -0.0394, 1.8937 2.126 2.5591, 1.8937 2.126 4.3307, 2.8031 2.126 -0.0394, 2.8031 2.126 0.3556, 1.1063 2.126 4.3307, 1.1063 2.126 2.5591, -1.1063 2.126 4.3307, -1.1063 2.126 2.5591, 0.1969 2.126 0.3556, -1.8937 2.126 2.5591, -2.8031 2.126 -0.0394, -3.0 2.126 -0.0394, -2.8031 2.126 0.3556, -3.0 2.126 4.3307, -1.8937 2.126 4.3307, -0.1969 2.126 0.3556, 2.8425 -2.3425 -0.0394, 2.8425 -2.1457 -0.0394, 2.8425 1.811 -0.0394, 2.8425 1.6142 -0.0394, -3.0 -2.7362 4.7244, 1.5 -1.5748 6.6929, -1.5 -1.5748 6.6929, -3.0 -1.5748 6.6929, -3.0 1.3386 4.3307, -3.0 1.1024 6.6929, -1.5 1.1024 6.6929, 1.5 1.1024 6.6929, 1.8937 1.4961 4.3307, 1.1063 1.4961 4.3307, -1.8937 1.4961 4.3307, -1.1063 1.4961 4.3307, 2.8031 1.7717 0.3556, 0.1969 1.7717 0.3556, 2.8031 1.7717 2.1273, 0.1969 1.7717 2.1273, 1.2441 1.4961 2.4029, 0.1969 1.4961 2.4029, 1.2441 1.4961 2.5591, 1.1063 1.4961 2.5591, 1.1063 1.4961 3.7808, 0.1969 1.4961 3.7808, 1.2441 0.9055 3.7808, 0.1969 0.9055 3.7808, 1.2441 1.1095 3.7808, 2.8031 0.9055 3.7808, 1.7559 0.9055 3.7808, 1.7559 1.1095 3.7808, 1.7559 0.9024 3.8489, 2.8031 0.7893 6.3005, 1.2441 0.9024 3.8489, 0.1969 0.7893 6.3005, 1.815 -0.7916 6.3005, 1.9454 -0.6915 6.3005, 2.8031 -1.4548 6.3005, 0.9545 0.0689 6.3005, 1.0546 0.1994 6.3005, 1.185 0.2995 6.3005, 0.9545 -0.561 6.3005, 1.0546 -0.6915 6.3005, 0.1969 -1.4548 6.3005, 1.185 -0.7916 6.3005, 1.337 -0.8545 6.3005, 1.5 -0.876 6.3005, 1.663 -0.8545 6.3005, 2.1085 -0.083 6.3005, 2.0455 0.0689 6.3005, 1.9454 0.1994 6.3005, 1.815 0.2995 6.3005, 0.8915 -0.083 6.3005, 0.8701 -0.2461 6.3005, 0.8915 -0.4091 6.3005, 2.0455 -0.561 6.3005, 2.1085 -0.4091 6.3005, 2.1299 -0.2461 6.3005, 1.663 0.3624 6.3005, 1.5 0.3839 6.3005, 1.337 0.3624 6.3005, 2.8031 -1.9094 5.5131, 0.1969 -1.9094 5.5131, 2.189 -1.9094 1.9291, 2.8031 -1.9094 1.6549, 0.811 -1.9094 1.9291, 0.1969 -1.9094 1.6549, 0.811 -1.9094 3.7402, 2.189 -1.9094 3.7402, 2.8031 -2.6181 0.9462, 0.1969 -2.6181 0.9462, 2.8031 -2.6181 0.3556, 0.1969 -2.6181 0.3556, 0.2552 0.2559 6.6929, 0.3904 0.5125 6.6929, 0.5778 0.734 6.6929, 0.8085 0.9099 6.6929, 1.0717 1.032 6.6929, 1.3549 1.0945 6.6929, 1.6451 1.0945 6.6929, 1.9283 1.032 6.6929, 2.1915 0.9099 6.6929, 2.4222 0.734 6.6929, 2.6096 0.5125 6.6929, 2.7448 0.2559 6.6929, -0.2552 0.2559 6.6929, -0.3904 0.5125 6.6929, -0.5778 0.734 6.6929, -0.8085 0.9099 6.6929, -1.0717 1.032 6.6929, -1.3549 1.0945 6.6929, 2.7448 -0.7283 6.6929, 2.6096 -0.985 6.6929, 2.4222 -1.2065 6.6929, 2.1915 -1.3823 6.6929, 1.9283 -1.5044 6.6929, 1.6451 -1.5669 6.6929, 1.3549 -1.5669 6.6929, 1.0717 -1.5044 6.6929, 0.8085 -1.3823 6.6929, 0.5778 -1.2065 6.6929, 0.3904 -0.985 6.6929, 0.2552 -0.7283 6.6929, -0.2552 -0.7283 6.6929, -0.8085 -1.3823 6.6929, -1.0717 -1.5044 6.6929, -1.3549 -1.5669 6.6929, -0.3904 -0.985 6.6929, -0.5778 -1.2065 6.6929, 1.5 -1.2303 6.6626, 1.7448 -1.1994 6.6626, 1.9742 -1.1086 6.6626, 2.1738 -0.9635 6.6626, 2.331 -0.7734 6.6626, 2.4361 -0.5502 6.6626, 2.4823 -0.3079 6.6626, 2.4668 -0.0616 6.6626, 2.3906 0.173 6.6626, 2.2584 0.3813 6.6626, 2.0785 0.5502 6.6626, 1.8623 0.6691 6.6626, 1.6234 0.7304 6.6626, 1.3766 0.7304 6.6626, 1.1377 0.6691 6.6626, 0.9215 0.5502 6.6626, 0.7416 0.3813 6.6626, 0.6094 0.173 6.6626, 0.5332 -0.0616 6.6626, 0.5177 -0.3079 6.6626, 0.5639 -0.5502 6.6626, 0.669 -0.7734 6.6626, 0.8262 -0.9635 6.6626, 1.0258 -1.1086 6.6626, 1.2552 -1.1994 6.6626, 1.3373 -0.8538 6.458, 1.1965 -0.7981 6.458, 1.1859 -0.7904 6.458, 1.0688 -0.7053 6.458, 1.0563 -0.6901 6.458, 0.9681 -0.5836 6.458, 0.957 -0.5598 6.458, 0.9009 -0.4407 6.458, 0.8948 -0.4085 6.458, 0.8713 -0.2856 6.458, 0.8738 -0.2463 6.458, 0.8812 -0.128 6.458, 0.8954 -0.0843 6.458, 0.93 0.0221 6.458, 0.9582 0.0665 6.458, 1.0146 0.1555 6.458, 1.0578 0.196 6.458, 1.1297 0.2636 6.458, 1.1874 0.2952 6.458, 1.2681 0.3396 6.458, 1.3382 0.3576 6.458, 1.4211 0.3789 6.458, 1.5 0.3789 6.458, 1.579 0.3789 6.458, 1.6618 0.3576 6.458, 1.7319 0.3396 6.458, 1.8126 0.2952 6.458, 1.8703 0.2636 6.458, 1.9422 0.196 6.458, 1.9854 0.1555 6.458, 2.0418 0.0665 6.458, 2.07 0.0221 6.458, 2.1046 -0.0843 6.458, 2.1188 -0.128 6.458, 2.1262 -0.2463 6.458, 2.1287 -0.2856 6.458, 2.1052 -0.4085 6.458, 2.0991 -0.4407 6.458, 2.043 -0.5598 6.458, 2.0319 -0.5836 6.458, 1.9437 -0.6901 6.458, 1.9312 -0.7053 6.458, 1.8141 -0.7904 6.458, 1.8035 -0.7981 6.458, 1.6627 -0.8538 6.458, 1.6567 -0.8562 6.458, 1.5 -0.876 6.458, 1.3433 -0.8562 6.458, 2.7047 -2.3031 4.3701, 0.2953 -2.3031 4.3701, 2.189 -1.9488 3.7402, 2.189 -1.9488 1.9291, 0.811 -1.9488 1.9291, 0.811 -1.9488 3.7402
            ]
        }
        coordIndex [
            0,1,2,-1,2,1,3,-1,2,3,4,-1,4,3,5,-1,6,7,8,-1,8,7,9,-1,10,11,12,-1,12,11,13,-1,14,15,16,-1,17,18,19,-1,20,15,21,-1,21,15,14,-1,21,14,22,-1,22,14,23,-1,24,25,23,-1,23,25,26,-1,23,26,22,-1,27,28,29,-1,30,31,32,-1,19,22,17,-1,17,22,26,-1,17,26,32,-1,32,26,27,-1,32,27,30,-1,30,27,29,-1,28,25,29,-1,29,25,24,-1,29,24,16,-1,16,24,33,-1,16,33,14,-1,34,35,36,-1,37,38,39,-1,40,41,42,-1,42,41,43,-1,44,45,46,-1,46,45,47,-1,34,36,48,-1,46,49,50,-1,50,49,51,-1,52,53,54,-1,54,53,39,-1,54,39,55,-1,55,39,38,-1,40,49,41,-1,41,49,46,-1,41,46,56,-1,56,46,47,-1,57,58,48,-1,48,58,59,-1,48,59,60,-1,60,59,61,-1,60,61,62,-1,62,61,63,-1,44,46,64,-1,64,46,65,-1,64,65,66,-1,66,67,64,-1,64,67,68,-1,64,68,69,-1,69,68,70,-1,69,70,71,-1,71,70,72,-1,71,72,73,-1,73,72,74,-1,73,74,63,-1,63,74,75,-1,63,75,62,-1,76,77,78,-1,78,77,79,-1,78,79,80,-1,80,79,50,-1,80,50,81,-1,81,50,51,-1,39,82,37,-1,37,82,83,-1,37,83,84,-1,84,83,85,-1,84,85,86,-1,86,85,87,-1,86,87,88,-1,88,87,89,-1,88,89,90,-1,90,89,91,-1,90,91,92,-1,92,91,93,-1,92,93,76,-1,76,93,94,-1,76,94,77,-1,52,54,95,-1,95,54,96,-1,95,96,97,-1,97,96,98,-1,97,98,99,-1,99,98,100,-1,99,100,101,-1,101,100,102,-1,101,102,103,-1,103,102,104,-1,103,104,105,-1,105,104,106,-1,105,106,107,-1,107,106,108,-1,107,108,109,-1,109,108,110,-1,110,108,43,-1,110,43,111,-1,57,48,112,-1,112,48,36,-1,112,36,113,-1,113,36,114,-1,113,114,115,-1,115,114,116,-1,115,116,117,-1,117,116,118,-1,117,118,119,-1,118,120,119,-1,119,120,121,-1,119,121,122,-1,122,121,123,-1,122,123,124,-1,124,123,125,-1,124,125,126,-1,126,125,127,-1,126,127,128,-1,128,127,129,-1,128,129,130,-1,130,129,131,-1,130,131,132,-1,132,131,133,-1,132,133,41,-1,41,133,134,-1,41,134,43,-1,43,134,135,-1,43,135,111,-1,136,16,15,-1,137,138,139,-1,139,138,136,-1,139,136,140,-1,140,136,15,-1,141,142,143,-1,143,142,144,-1,143,144,145,-1,145,144,146,-1,146,147,148,-1,149,150,137,-1,137,150,145,-1,137,145,138,-1,138,145,146,-1,138,146,151,-1,151,146,148,-1,151,148,52,-1,52,148,53,-1,152,153,18,-1,18,153,19,-1,154,155,144,-1,142,156,157,-1,158,159,160,-1,160,159,161,-1,144,142,154,-1,154,142,157,-1,154,157,159,-1,159,157,162,-1,159,162,161,-1,161,162,163,-1,164,165,166,-1,166,165,167,-1,167,168,166,-1,166,168,163,-1,166,163,169,-1,169,163,162,-1,169,162,152,-1,152,162,153,-1,140,15,170,-1,170,15,20,-1,170,20,171,-1,142,141,156,-1,156,141,172,-1,156,172,173,-1,150,149,173,-1,173,149,171,-1,173,171,156,-1,156,171,20,-1,174,29,136,-1,136,29,16,-1,136,138,175,-1,136,175,174,-1,174,175,176,-1,174,176,177,-1,178,179,180,-1,178,180,146,-1,146,180,181,-1,146,181,147,-1,146,144,155,-1,155,182,146,-1,146,182,183,-1,146,183,178,-1,168,167,184,-1,184,167,178,-1,184,178,185,-1,185,178,183,-1,185,183,160,-1,160,183,158,-1,157,186,162,-1,162,186,187,-1,186,188,187,-1,187,188,189,-1,188,3,1,-1,188,1,189,-1,189,1,190,-1,189,190,191,-1,190,192,193,-1,194,195,193,-1,193,195,191,-1,193,191,190,-1,196,197,198,-1,198,197,195,-1,199,200,5,-1,5,200,201,-1,5,201,4,-1,4,201,198,-1,4,198,194,-1,194,198,195,-1,200,199,202,-1,202,199,203,-1,202,203,204,-1,204,203,205,-1,204,205,196,-1,196,205,197,-1,206,207,208,-1,209,205,210,-1,210,205,211,-1,212,213,214,-1,214,213,215,-1,215,216,214,-1,214,216,217,-1,214,217,208,-1,208,217,218,-1,208,218,206,-1,219,220,203,-1,203,220,221,-1,203,221,222,-1,209,223,205,-1,205,223,224,-1,205,224,214,-1,214,224,225,-1,214,225,212,-1,207,226,208,-1,208,226,227,-1,208,227,203,-1,203,227,228,-1,203,228,219,-1,222,229,203,-1,203,229,230,-1,203,230,205,-1,205,230,231,-1,205,231,211,-1,208,232,214,-1,214,232,233,-1,234,235,236,-1,236,235,237,-1,236,237,238,-1,238,237,233,-1,238,233,239,-1,239,233,232,-1,239,232,234,-1,234,232,235,-1,235,240,237,-1,237,240,241,-1,240,242,241,-1,241,242,243,-1,242,21,243,-1,243,21,22,-1,20,21,242,-1,20,242,156,-1,156,242,186,-1,156,186,157,-1,188,186,3,-1,3,186,242,-1,3,242,5,-1,5,242,199,-1,208,203,232,-1,232,203,199,-1,232,199,235,-1,235,199,242,-1,235,242,240,-1,153,162,187,-1,153,187,19,-1,19,187,243,-1,19,243,22,-1,195,197,191,-1,191,197,243,-1,191,243,189,-1,189,243,187,-1,197,205,214,-1,241,243,237,-1,237,243,197,-1,237,197,233,-1,233,197,214,-1,244,50,79,-1,244,79,245,-1,245,79,77,-1,245,77,246,-1,246,77,94,-1,246,94,247,-1,247,94,93,-1,247,93,248,-1,248,93,91,-1,248,91,249,-1,249,91,181,-1,181,91,89,-1,181,89,250,-1,250,89,87,-1,250,87,251,-1,251,87,85,-1,251,85,252,-1,252,85,83,-1,252,83,253,-1,253,83,82,-1,253,82,254,-1,254,82,39,-1,254,39,255,-1,244,256,50,-1,50,256,46,-1,256,244,257,-1,257,244,245,-1,257,245,258,-1,258,245,259,-1,259,245,260,-1,260,245,246,-1,260,246,261,-1,246,247,261,-1,261,247,248,-1,261,248,180,-1,180,248,249,-1,180,249,181,-1,262,95,97,-1,262,97,263,-1,263,97,99,-1,263,99,264,-1,264,99,101,-1,264,101,265,-1,265,101,103,-1,265,103,266,-1,266,103,105,-1,266,105,267,-1,267,105,175,-1,175,105,107,-1,175,107,268,-1,268,107,109,-1,268,109,269,-1,269,109,110,-1,269,110,270,-1,270,110,111,-1,270,111,271,-1,271,111,135,-1,271,135,272,-1,272,135,134,-1,272,134,273,-1,274,273,133,-1,133,273,134,-1,269,270,275,-1,275,270,271,-1,269,275,268,-1,268,275,276,-1,268,276,175,-1,175,276,277,-1,175,277,176,-1,273,274,272,-1,272,274,278,-1,272,278,271,-1,271,278,279,-1,271,279,275,-1,148,255,53,-1,53,255,39,-1,181,250,147,-1,147,250,251,-1,147,251,252,-1,255,148,254,-1,254,148,147,-1,254,147,253,-1,253,147,252,-1,262,151,95,-1,95,151,52,-1,151,262,138,-1,138,262,263,-1,175,138,267,-1,267,138,266,-1,263,264,138,-1,138,264,265,-1,138,265,266,-1,280,106,281,-1,281,106,104,-1,281,104,282,-1,282,104,102,-1,282,102,283,-1,283,102,100,-1,283,100,284,-1,284,100,98,-1,284,98,285,-1,285,98,96,-1,285,96,286,-1,286,96,54,-1,286,54,287,-1,287,54,55,-1,287,55,288,-1,288,55,38,-1,288,38,289,-1,289,38,37,-1,289,37,290,-1,290,37,84,-1,290,84,291,-1,291,84,86,-1,291,86,292,-1,292,86,88,-1,292,88,293,-1,293,88,90,-1,293,90,294,-1,294,90,92,-1,294,92,295,-1,295,92,76,-1,295,76,296,-1,296,76,78,-1,296,78,297,-1,297,78,80,-1,297,80,298,-1,298,80,81,-1,298,81,299,-1,299,81,51,-1,299,51,300,-1,300,51,49,-1,300,49,301,-1,301,49,40,-1,301,40,302,-1,302,40,42,-1,302,42,303,-1,303,42,43,-1,303,43,304,-1,304,43,108,-1,304,108,280,-1,280,108,106,-1,303,304,305,-1,305,306,303,-1,303,306,307,-1,303,307,302,-1,307,308,302,-1,302,308,309,-1,302,309,301,-1,309,310,301,-1,301,310,311,-1,301,311,300,-1,311,312,300,-1,300,312,313,-1,300,313,299,-1,313,314,299,-1,299,314,315,-1,299,315,298,-1,315,316,298,-1,298,316,317,-1,298,317,297,-1,317,318,297,-1,297,318,319,-1,297,319,296,-1,319,320,296,-1,296,320,321,-1,296,321,295,-1,321,322,295,-1,295,322,323,-1,295,323,294,-1,323,324,294,-1,294,324,325,-1,294,325,293,-1,325,326,293,-1,293,326,327,-1,293,327,292,-1,327,328,292,-1,292,328,329,-1,292,329,291,-1,329,330,291,-1,291,330,331,-1,291,331,290,-1,331,332,290,-1,290,332,333,-1,290,333,289,-1,333,334,289,-1,289,334,335,-1,289,335,288,-1,335,336,288,-1,288,336,337,-1,288,337,287,-1,337,338,287,-1,287,338,339,-1,287,339,286,-1,339,340,286,-1,286,340,341,-1,286,341,285,-1,341,342,285,-1,285,342,343,-1,285,343,284,-1,343,344,284,-1,284,344,345,-1,284,345,283,-1,345,346,283,-1,283,346,347,-1,283,347,282,-1,347,348,282,-1,282,348,349,-1,282,349,281,-1,281,349,350,-1,281,350,280,-1,280,350,351,-1,280,351,304,-1,304,351,352,-1,304,352,305,-1,350,218,217,-1,350,349,218,-1,218,349,348,-1,218,348,206,-1,348,347,206,-1,206,347,346,-1,206,346,207,-1,346,345,207,-1,207,345,344,-1,207,344,226,-1,344,343,226,-1,226,343,342,-1,226,342,227,-1,342,341,227,-1,227,341,340,-1,227,340,228,-1,340,339,228,-1,228,339,338,-1,228,338,219,-1,338,337,219,-1,219,337,336,-1,219,336,220,-1,336,335,220,-1,220,335,334,-1,220,334,221,-1,334,333,221,-1,221,333,332,-1,221,332,222,-1,332,331,222,-1,222,331,330,-1,222,330,229,-1,330,329,229,-1,229,329,328,-1,229,328,230,-1,328,327,230,-1,230,327,326,-1,230,326,231,-1,326,325,231,-1,231,325,324,-1,231,324,211,-1,324,323,211,-1,211,323,322,-1,211,322,210,-1,322,321,210,-1,210,321,320,-1,210,320,209,-1,320,319,209,-1,209,319,318,-1,209,318,223,-1,318,317,223,-1,223,317,316,-1,223,316,224,-1,316,315,224,-1,224,315,314,-1,224,314,225,-1,314,313,225,-1,225,313,312,-1,225,312,212,-1,312,311,212,-1,212,311,310,-1,212,310,213,-1,310,309,213,-1,213,309,308,-1,213,308,215,-1,308,307,215,-1,215,307,306,-1,215,306,216,-1,306,305,216,-1,216,305,352,-1,216,352,217,-1,217,352,351,-1,217,351,350,-1,9,353,8,-1,8,353,354,-1,8,354,10,-1,10,354,11,-1,353,33,354,-1,354,33,24,-1,12,13,23,-1,12,23,6,-1,6,23,14,-1,6,14,7,-1,7,14,9,-1,9,14,33,-1,9,33,353,-1,23,13,24,-1,24,13,11,-1,24,11,354,-1,355,239,356,-1,356,239,234,-1,234,236,356,-1,356,236,357,-1,356,357,6,-1,6,357,12,-1,357,236,358,-1,358,236,238,-1,8,10,358,-1,238,239,358,-1,358,239,355,-1,358,355,8,-1,12,357,10,-1,10,357,358,-1,8,355,6,-1,6,355,356,-1,182,4,183,-1,183,4,194,-1,2,154,0,-1,0,154,159,-1,0,159,192,-1,192,159,193,-1,154,2,155,-1,155,2,4,-1,155,4,182,-1,193,159,194,-1,194,159,158,-1,194,158,183,-1,
        ]
    }
}
Shape{
    appearance Appearance {
        material  Material 	{
            diffuseColor 0.6470588235294118 0.6196078431372549 0.5882352941176471
            specularColor 0.45098039215686275 0.43529411764705883 0.4117647058823529
            ambientIntensity 0.6242
            transparency 0.0
            shininess 0.5
        }
    }
    geometry IndexedFaceSet {
        ccw TRUE
        solid FALSE
        coord DEF co Coordinate {
            point [
                1.2441 1.1095 3.7808, 1.7559 1.1095 3.7808, 1.7559 1.2394 3.6954, 1.2441 1.2394 3.6954, 1.7559 1.3475 3.5838, 1.2441 1.3475 3.5838, 1.7559 1.4287 3.4512, 1.2441 1.4287 3.4512, 1.7559 1.479 3.3041, 1.2441 1.479 3.3041, 1.7559 1.4961 3.1496, 1.2441 1.4961 3.1496, 1.7559 0.7874 3.8583, 1.7559 0.9024 3.8489, 1.2441 0.7874 3.8583, 1.2441 0.9024 3.8489, 1.7559 1.4961 2.4029, 1.7559 1.4961 1.2992, 1.2441 1.4961 2.4029, 1.2441 1.4961 1.2992, 1.2441 1.4961 2.5591, 1.7559 1.4961 2.5591, 1.2441 0.1575 0.1969, 1.7559 0.1575 0.1969, 1.2441 0.1575 -1.5748, 1.7559 0.1575 -1.5748, 1.3622 0.1575 -1.9685, 1.6378 0.1575 -1.9685, 1.3622 -0.1575 -1.9685, 1.6378 -0.1575 -1.9685, 1.2441 -0.1575 -1.5748, 1.7559 -0.1575 -1.5748, 1.2441 -0.1575 0.1969, 1.7559 -0.1575 0.1969, 1.7559 -0.1333 0.3803, 1.2441 -0.1333 0.3803, 1.7559 -0.0625 0.5512, 1.2441 -0.0625 0.5512, 1.7559 0.0501 0.698, 1.2441 0.0501 0.698, 1.7559 0.1969 0.8106, 1.2441 0.1969 0.8106, 1.7559 0.3678 0.8814, 1.2441 0.3678 0.8814, 1.7559 0.5512 0.9055, 1.2441 0.5512 0.9055, 1.2441 0.7874 0.9055, 1.7559 0.7874 0.9055, 1.2441 0.8893 0.9189, 1.7559 0.8893 0.9189, 1.2441 0.9843 0.9583, 1.7559 0.9843 0.9583, 1.2441 1.0658 1.0208, 1.7559 1.0658 1.0208, 1.2441 1.1284 1.1024, 1.7559 1.1284 1.1024, 1.2441 1.1677 1.1973, 1.7559 1.1677 1.1973, 1.2441 1.1811 1.2992, 1.7559 1.1811 1.2992, 1.2441 1.1811 3.1496, 1.7559 1.1811 3.1496, 1.2441 1.1677 3.2515, 1.7559 1.1677 3.2515, 1.2441 1.1284 3.3465, 1.7559 1.1284 3.3465, 1.2441 1.0658 3.428, 1.7559 1.0658 3.428, 1.2441 0.9843 3.4906, 1.7559 0.9843 3.4906, 1.2441 0.8893 3.5299, 1.7559 0.8893 3.5299, 1.2441 0.7874 3.5433, 1.7559 0.7874 3.5433, 1.2441 -0.8661 3.5433, 1.7559 -0.8661 3.5433, 1.7559 -1.0496 3.5675, 1.2441 -1.0496 3.5675, 1.7559 -1.2205 3.6383, 1.2441 -1.2205 3.6383, 1.7559 -1.3672 3.7509, 1.2441 -1.3672 3.7509, 1.7559 -1.4799 3.8976, 1.2441 -1.4799 3.8976, 1.7559 -1.5507 4.0686, 1.2441 -1.5507 4.0686, 1.7559 -1.5748 4.252, 1.2441 -1.5748 4.252, 1.2441 -1.5748 4.8819, 1.7559 -1.5748 4.8819, 1.2441 -1.2598 4.8819, 1.7559 -1.2598 4.8819, 1.2441 -1.2598 4.252, 1.7559 -1.2598 4.252, 1.7559 1.4719 1.1158, 1.2441 1.4719 1.1158, 1.7559 1.4011 0.9449, 1.2441 1.4011 0.9449, 1.7559 1.2885 0.7981, 1.2441 1.2885 0.7981, 1.7559 1.1417 0.6855, 1.2441 1.1417 0.6855, 1.7559 0.9708 0.6147, 1.2441 0.9708 0.6147, 1.7559 0.7874 0.5906, 1.2441 0.7874 0.5906, 1.2441 0.5512 0.5906, 1.7559 0.5512 0.5906, 1.2441 0.4493 0.5771, 1.7559 0.4493 0.5771, 1.2441 0.3543 0.5378, 1.7559 0.3543 0.5378, 1.2441 0.2728 0.4752, 1.7559 0.2728 0.4752, 1.2441 0.2102 0.3937, 1.7559 0.2102 0.3937, 1.2441 0.1709 0.2988, 1.7559 0.1709 0.2988, 1.7559 0.748 3.8189, 1.9921 0.748 3.8189, 1.7559 -1.2205 3.8189, 1.9921 -1.2205 3.8189, 0.2953 0.748 4.6063, 1.0079 0.748 3.8189, 0.2953 0.748 1.2598, 1.0079 0.748 2.0472, 1.2441 0.748 3.8189, 1.2441 0.748 3.8583, 1.7559 0.748 3.8583, 2.7047 0.748 4.6063, 1.9921 0.748 2.0472, 2.7047 0.748 1.2598, 1.0581 0.748 1.2598, 1.0079 -1.2205 2.0472, 1.0079 -1.2205 3.8189, 0.2953 -1.2205 4.6063, 1.7559 -1.2205 4.0804, 1.2441 -1.2205 3.8189, 1.2441 -1.2205 4.0804, 2.7047 -1.2205 4.6063, 2.7047 -1.2205 1.2598, 1.9921 -1.2205 2.0472, 1.0581 -1.2205 1.2598, 0.2953 -1.2205 1.2598, 1.5 -0.8366 6.7717, 1.6528 -0.8165 4.6063, 1.6528 -0.8165 6.7717, 1.7953 -0.7575 4.6063, 1.7953 -0.7575 6.7717, 1.9176 -0.6636 4.6063, 1.9176 -0.6636 6.7717, 2.0114 -0.5413 4.6063, 2.0114 -0.5413 6.7717, 2.0704 -0.3989 4.6063, 2.0704 -0.3989 6.7717, 2.0906 -0.2461 4.6063, 2.0906 -0.2461 6.7717, 2.0704 -0.0932 4.6063, 2.0704 -0.0932 6.7717, 2.0114 0.0492 4.6063, 2.0114 0.0492 6.7717, 1.9176 0.1715 4.6063, 1.9176 0.1715 6.7717, 1.7953 0.2654 4.6063, 1.7953 0.2654 6.7717, 1.6528 0.3244 4.6063, 1.6528 0.3244 6.7717, 1.5 0.3445 4.6063, 1.5 0.3445 6.7717, 1.3472 0.3244 4.6063, 1.3472 0.3244 6.7717, 1.2047 0.2654 4.6063, 1.2047 0.2654 6.7717, 1.0824 0.1715 4.6063, 1.0824 0.1715 6.7717, 0.9886 0.0492 4.6063, 0.9886 0.0492 6.7717, 0.9296 -0.0932 4.6063, 0.9296 -0.0932 6.7717, 0.9094 -0.2461 4.6063, 0.9094 -0.2461 6.7717, 0.9296 -0.3989 4.6063, 0.9296 -0.3989 6.7717, 0.9886 -0.5413 4.6063, 0.9886 -0.5413 6.7717, 1.0824 -0.6636 4.6063, 1.0824 -0.6636 6.7717, 1.2047 -0.7575 4.6063, 1.2047 -0.7575 6.7717, 1.3472 -0.8165 4.6063, 1.3472 -0.8165 6.7717, 1.5 -0.8366 4.6063, 2.2081 -0.4871 7.4803, 2.2313 -0.4035 7.4803, 0.7919 -0.4871 7.4803, 0.7687 -0.4035 7.4803, 1.8798 -0.8905 7.4803, 1.9876 -0.8133 7.4803, 1.0124 -0.8133 7.4803, 1.1202 -0.8905 7.4803, 0.9198 -0.7183 7.4803, 1.24 -0.9474 7.4803, 0.8456 -0.6084 7.4803, 1.3679 -0.9823 7.4803, 1.5 -0.9941 7.4803, 1.6321 -0.9823 7.4803, 1.76 -0.9474 7.4803, 2.0802 -0.7183 7.4803, 2.1544 -0.6084 7.4803, 0.6828 -0.7177 7.2835, 0.7672 -0.8425 7.2835, 0.7724 -0.8383 7.3344, 1.0279 -1.0637 7.2835, 1.1715 -1.132 7.2835, 1.1739 -1.1257 7.3344, 1.7436 -1.1552 7.2835, 1.8285 -1.132 7.2835, 1.8261 -1.1257 7.3344, 1.9721 -1.0637 7.2835, 1.9798 -1.0601 7.2835, 1.9764 -1.0543 7.3344, 2.1655 -0.9117 7.2835, 2.2328 -0.8425 7.2835, 2.2276 -0.8383 7.3344, 2.3172 -0.7177 7.2835, 2.3266 -0.7037 7.2835, 2.3208 -0.7005 7.3344, 0.6421 -0.4035 7.4362, 0.6279 -0.4035 7.4217, 0.6601 -0.532 7.4227, 0.5902 -0.4899 7.2835, 0.6055 -0.5506 7.2835, 0.6119 -0.5484 7.3344, 2.2358 -0.4035 7.4803, 2.2564 -0.5036 7.4736, 2.2833 -0.4035 7.4736, 2.2837 -0.4035 7.4735, 2.3013 -0.5189 7.4539, 2.304 -0.4035 7.467, 2.3723 -0.4035 7.4219, 2.363 -0.4035 7.432, 2.3399 -0.532 7.4227, 2.346 -0.4035 7.445, 2.3311 -0.4035 7.4528, 2.3946 -0.4035 7.3977, 2.3695 -0.5421 7.3819, 2.4059 -0.4035 7.3801, 2.4239 -0.4035 7.3377, 2.3881 -0.5484 7.3344, 2.4247 -0.4035 7.3344, 2.3945 -0.5506 7.2835, 2.4098 -0.4899 7.2835, 2.4317 -0.4035 7.2835, 2.4286 -0.4035 7.3179, 0.5978 -0.4035 7.3865, 0.5956 -0.4035 7.3817, 0.6305 -0.5421 7.3819, 0.5782 -0.4035 7.3445, 0.5759 -0.4035 7.3343, 0.5696 -0.4035 7.3058, 0.5683 -0.4035 7.2835, 0.6092 -0.4035 7.4027, 0.6576 -0.4035 7.4474, 0.6987 -0.5189 7.4539, 0.6688 -0.4035 7.453, 0.7004 -0.4035 7.4686, 0.7436 -0.5036 7.4736, 0.7167 -0.4035 7.4735, 0.7186 -0.4035 7.4741, 1.3589 -1.0325 7.4736, 1.2222 -0.9952 7.4736, 1.3505 -1.0792 7.4539, 1.2057 -1.0397 7.4539, 1.3433 -1.1193 7.4227, 1.1916 -1.0779 7.4227, 1.3378 -1.1501 7.3819, 1.1807 -1.1073 7.3819, 1.3343 -1.1695 7.3344, 0.9791 -0.8519 7.4736, 0.8803 -0.7504 7.4736, 0.9482 -0.8879 7.4539, 0.8435 -0.7804 7.4539, 0.9216 -0.9188 7.4227, 0.8119 -0.8061 7.4227, 0.9012 -0.9426 7.3819, 0.7876 -0.8259 7.3819, 0.8884 -0.9575 7.3344, 2.199 -0.6331 7.4736, 2.2405 -0.6561 7.4539, 2.2762 -0.6758 7.4227, 2.3036 -0.691 7.3819, 2.2124 -0.8259 7.3819, 2.1881 -0.8061 7.4227, 2.1565 -0.7804 7.4539, 2.1197 -0.7504 7.4736, 2.116 -0.9626 7.2835, 2.1116 -0.9575 7.3344, 2.0988 -0.9426 7.3819, 2.0784 -0.9188 7.4227, 2.0518 -0.8879 7.4539, 2.0209 -0.8519 7.4736, 1.9057 -0.9344 7.4736, 1.9298 -0.9753 7.4539, 1.9505 -1.0104 7.4227, 1.9664 -1.0374 7.3819, 1.8193 -1.1073 7.3819, 1.8084 -1.0779 7.4227, 1.7943 -1.0397 7.4539, 1.7778 -0.9952 7.4736, 1.6669 -1.1761 7.2835, 1.6657 -1.1695 7.3344, 1.6622 -1.1501 7.3819, 1.6567 -1.1193 7.4227, 1.6495 -1.0792 7.4539, 1.6411 -1.0325 7.4736, 1.5 -1.045 7.4736, 1.5 -1.0925 7.4539, 1.5 -1.1333 7.4227, 1.5 -1.1646 7.3819, 1.5 -1.1842 7.3344, 1.5 -1.1909 7.2835, 1.3331 -1.1761 7.2835, 1.2564 -1.1552 7.2835, 1.0202 -1.0601 7.2835, 1.0236 -1.0543 7.3344, 1.0336 -1.0374 7.3819, 1.0495 -1.0104 7.4227, 1.0702 -0.9753 7.4539, 1.0943 -0.9344 7.4736, 0.884 -0.9626 7.2835, 0.8345 -0.9117 7.2835, 0.6734 -0.7037 7.2835, 0.6792 -0.7005 7.3344, 0.6964 -0.691 7.3819, 0.7238 -0.6758 7.4227, 0.7595 -0.6561 7.4539, 0.801 -0.6331 7.4736, 0.7687 -0.0886 7.4803, 2.2313 -0.0886 7.4803, 2.2081 -0.005 7.4803, 2.1544 0.1163 7.4803, 0.8456 0.1163 7.4803, 0.7919 -0.005 7.4803, 2.0802 0.2261 7.4803, 1.9876 0.3212 7.4803, 1.8798 0.3984 7.4803, 1.76 0.4553 7.4803, 1.6321 0.4902 7.4803, 1.5 0.502 7.4803, 1.24 0.4553 7.4803, 1.1202 0.3984 7.4803, 1.0124 0.3212 7.4803, 1.3679 0.4902 7.4803, 0.9198 0.2261 7.4803, 2.4317 -0.4035 7.1654, 2.4127 -0.4906 6.7717, 2.4449 -0.2461 7.1654, 2.4449 -0.2461 6.7717, 2.4317 -0.0886 7.1654, 2.4127 -0.0015 6.7717, 0.5683 -0.4035 7.1654, 0.5683 -0.0886 7.2835, 0.5902 -0.0022 7.2835, 0.5683 -0.0886 7.1654, 0.5873 -0.0015 6.7717, 0.5551 -0.2461 7.1654, 0.5551 -0.2461 6.7717, 0.5873 -0.4906 6.7717, 1.2554 -1.1587 6.7717, 1.5 -1.1909 6.7717, 1.0276 -1.0644 6.7717, 0.8319 -0.9142 6.7717, 0.6817 -0.7185 6.7717, 0.6055 0.0585 7.2835, 0.6734 0.2116 7.2835, 0.6817 0.2264 6.7717, 0.8345 0.4195 7.2835, 0.8319 0.4221 6.7717, 0.7672 0.3504 7.2835, 0.6828 0.2256 7.2835, 0.884 0.4704 7.2835, 1.0202 0.568 7.2835, 1.0276 0.5722 6.7717, 1.0279 0.5716 7.2835, 1.1715 0.6399 7.2835, 1.2554 0.6666 6.7717, 1.2564 0.663 7.2835, 1.3331 0.684 7.2835, 1.5 0.6988 6.7717, 1.5 0.6988 7.2835, 1.6669 0.684 7.2835, 1.7446 0.6666 6.7717, 1.9721 0.5716 7.2835, 1.9724 0.5722 6.7717, 1.8285 0.6399 7.2835, 1.7436 0.663 7.2835, 1.9798 0.568 7.2835, 2.116 0.4704 7.2835, 2.1681 0.4221 6.7717, 2.3172 0.2256 7.2835, 2.3183 0.2264 6.7717, 2.2328 0.3504 7.2835, 2.1655 0.4195 7.2835, 2.4317 -0.0886 7.2835, 2.4098 -0.0022 7.2835, 2.3945 0.0585 7.2835, 2.3266 0.2116 7.2835, 2.3183 -0.7185 6.7717, 2.1681 -0.9142 6.7717, 1.9724 -1.0644 6.7717, 1.7446 -1.1587 6.7717, 2.2276 0.3462 7.3344, 1.8261 0.6336 7.3344, 1.1739 0.6336 7.3344, 1.0236 0.5622 7.3344, 0.7724 0.3462 7.3344, 0.6792 0.2084 7.3344, 2.3881 0.0563 7.3344, 2.4263 -0.0886 7.3289, 2.4248 -0.0886 7.3344, 2.4228 -0.0886 7.3414, 2.3695 0.05 7.3819, 2.4039 -0.0886 7.3836, 2.3932 -0.0886 7.3996, 2.3399 0.0399 7.4227, 2.3722 -0.0886 7.4218, 2.3037 -0.0886 7.4671, 2.3311 -0.0886 7.4528, 2.3013 0.0267 7.4539, 2.3459 -0.0886 7.4451, 2.3611 -0.0886 7.4336, 2.2856 -0.0886 7.473, 2.2564 0.0114 7.4736, 2.2833 -0.0886 7.4734, 2.238 -0.0886 7.4802, 0.7672 -0.0886 7.4803, 0.7436 0.0114 7.4736, 0.7192 -0.0886 7.4742, 0.6987 0.0267 7.4539, 0.6988 -0.0886 7.468, 0.7167 -0.0886 7.4735, 0.6278 -0.0886 7.4218, 0.6393 -0.0886 7.4339, 0.6601 0.0399 7.4227, 0.6564 -0.0886 7.4466, 0.6689 -0.0886 7.4529, 0.6071 -0.0886 7.4, 0.6305 0.05 7.3819, 0.5955 -0.0886 7.3826, 0.5782 -0.0886 7.3445, 0.6119 0.0563 7.3344, 0.5761 -0.0886 7.3342, 0.569 -0.0886 7.2996, 1.6411 0.5404 7.4736, 1.7778 0.5031 7.4736, 1.6495 0.5871 7.4539, 1.7943 0.5476 7.4539, 1.6567 0.6272 7.4227, 1.8084 0.5858 7.4227, 1.6622 0.658 7.3819, 1.8193 0.6152 7.3819, 1.6657 0.6774 7.3344, 2.0209 0.3598 7.4736, 2.1197 0.2583 7.4736, 2.0518 0.3958 7.4539, 2.1565 0.2883 7.4539, 2.0784 0.4267 7.4227, 2.1881 0.314 7.4227, 2.0988 0.4504 7.3819, 2.2124 0.3338 7.3819, 2.1116 0.4654 7.3344, 0.801 0.141 7.4736, 0.7595 0.1639 7.4539, 0.7238 0.1837 7.4227, 0.6964 0.1988 7.3819, 0.7876 0.3338 7.3819, 0.8119 0.314 7.4227, 0.8435 0.2883 7.4539, 0.8803 0.2583 7.4736, 0.8884 0.4654 7.3344, 0.9012 0.4504 7.3819, 0.9216 0.4267 7.4227, 0.9482 0.3958 7.4539, 0.9791 0.3598 7.4736, 1.0943 0.4423 7.4736, 1.0702 0.4832 7.4539, 1.0495 0.5183 7.4227, 1.0336 0.5452 7.3819, 1.1807 0.6152 7.3819, 1.1916 0.5858 7.4227, 1.2057 0.5476 7.4539, 1.2222 0.5031 7.4736, 1.3343 0.6774 7.3344, 1.3378 0.658 7.3819, 1.3433 0.6272 7.4227, 1.3505 0.5871 7.4539, 1.3589 0.5404 7.4736, 1.5 0.5529 7.4736, 1.5 0.6004 7.4539, 1.5 0.6412 7.4227, 1.5 0.6724 7.3819, 1.5 0.6921 7.3344, 1.9764 0.5622 7.3344, 1.9664 0.5452 7.3819, 1.9505 0.5183 7.4227, 1.9298 0.4832 7.4539, 1.9057 0.4423 7.4736, 2.3208 0.2084 7.3344, 2.3036 0.1988 7.3819, 2.2762 0.1837 7.4227, 2.2405 0.1639 7.4539, 2.199 0.141 7.4736, 0.7122 -1.0427 1.2598, 0.7204 -1.0325 1.2598, 1.0581 -1.0325 1.2598, 1.0817 -1.0097 1.2598, 1.0817 -1.011 1.2598, 1.0822 -1.0122 1.2598, 1.0824 -1.0124 1.2598, 1.0827 -1.0125 1.2598, 1.0835 -1.0128 1.2598, 1.2317 -0.6838 1.2598, 1.2299 -0.6837 1.2598, 1.2214 -0.6832 1.2598, 1.0818 -1.0115 1.2598, 1.082 -1.0119 1.2598, 1.1121 -0.8632 1.2598, 1.1597 -0.8694 1.2598, 1.1121 -0.9878 1.2598, 1.1793 -0.8734 1.2598, 1.2027 -0.8842 1.2598, 1.2192 -1.0042 1.2598, 1.2101 -1.0031 1.2598, 1.2198 -0.8591 1.2598, 1.2188 -0.8585 1.2598, 1.2174 -0.7104 1.2598, 1.1968 -1.0013 1.2598, 1.1834 -0.9997 1.2598, 1.1976 -0.8813 1.2598, 1.1919 -0.8779 1.2598, 1.3053 -0.6607 1.2598, 1.3048 -0.6605 1.2598, 1.3033 -0.6606 1.2598, 1.2206 -0.8599 1.2598, 1.2203 -0.8662 1.2598, 1.2211 -0.865 1.2598, 1.2205 -1.0043 1.2598, 1.2215 -0.8638 1.2598, 1.2216 -1.0046 1.2598, 1.2217 -0.8628 1.2598, 1.2226 -1.0052 1.2598, 1.3869 -1.0212 1.2598, 1.3997 -1.0182 1.2598, 1.5627 -1.0325 1.2598, 1.1786 -0.6779 1.2598, 1.1359 -0.6713 1.2598, 1.1099 -0.6667 1.2598, 1.096 -0.7214 1.2598, 1.0904 -0.6735 1.2598, 1.0957 -0.7143 1.2598, 1.0906 -0.6746 1.2598, 1.0957 -0.7036 1.2598, 1.0942 -0.6889 1.2598, 1.085 -1.0129 1.2598, 1.0866 -1.0127 1.2598, 1.0974 -1.011 1.2598, 1.3693 -1.0224 1.2598, 1.4101 -1.0128 1.2598, 1.4194 -1.0045 1.2598, 1.4285 -0.9914 1.2598, 1.3022 -0.6611 1.2598, 1.2985 -0.6637 1.2598, 1.2904 -0.6713 1.2598, 1.0963 -0.7285 1.2598, 1.0957 -0.9878 1.2598, 1.0903 -0.6702 1.2598, 1.0893 -0.9953 1.2598, 1.0855 -1.0 1.2598, 1.107 -1.0099 1.2598, 1.1167 -1.0099 1.2598, 1.1183 -1.0099 1.2598, 1.1121 -0.8434 1.2598, 1.1121 -0.69 1.2598, 1.1965 -0.7018 1.2598, 1.2192 -0.8677 1.2598, 1.4924 -0.6481 1.2598, 1.492 -0.6485 1.2598, 1.399 -0.6813 1.2598, 1.4917 -0.6491 1.2598, 1.4099 -0.6893 1.2598, 1.2783 -0.6894 1.2598, 1.2785 -0.6897 1.2598, 1.2769 -1.0065 1.2598, 1.2808 -0.6902 1.2598, 1.2997 -0.9867 1.2598, 1.2794 -0.6901 1.2598, 1.2788 -0.6899 1.2598, 1.0832 -1.0034 1.2598, 1.0823 -1.0053 1.2598, 1.0818 -1.008 1.2598, 1.1625 -1.0156 1.2598, 1.1821 -1.0195 1.2598, 1.2241 -1.0091 1.2598, 1.2242 -1.0082 1.2598, 1.2773 -1.0093 1.2598, 1.2239 -1.0067 1.2598, 1.2234 -1.006 1.2598, 1.2769 -1.0078 1.2598, 1.2177 -0.8582 1.2598, 1.2163 -0.8581 1.2598, 1.2124 -0.7075 1.2598, 1.2047 -0.7039 1.2598, 1.6471 -0.6503 1.2598, 1.6468 -0.6496 1.2598, 1.4936 -0.6477 1.2598, 1.4932 -0.6477 1.2598, 1.4927 -0.6479 1.2598, 1.278 -0.6889 1.2598, 1.2797 -1.0011 1.2598, 1.2822 -0.9991 1.2598, 1.2923 -0.9906 1.2598, 1.2781 -1.0031 1.2598, 1.2772 -1.0051 1.2598, 1.2828 -0.69 1.2598, 1.2906 -0.69 1.2598, 1.2997 -0.69 1.2598, 1.1294 -1.0101 1.2598, 1.1404 -1.0116 1.2598, 1.1974 -1.0251 1.2598, 1.2005 -1.0269 1.2598, 1.2056 -1.0302 1.2598, 1.2778 -1.0102 1.2598, 1.2219 -1.0133 1.2598, 1.2216 -0.862 1.2598, 1.2213 -0.861 1.2598, 1.6513 -0.7105 1.2598, 1.652 -0.7096 1.2598, 2.7047 -1.0325 1.2598, 1.6449 -0.6485 1.2598, 1.4975 -0.6532 1.2598, 1.4968 -0.6512 1.2598, 1.2796 -0.683 1.2598, 1.2786 -0.6842 1.2598, 1.278 -0.6851 1.2598, 1.2776 -0.6858 1.2598, 1.2774 -0.6864 1.2598, 1.2774 -0.687 1.2598, 1.2775 -0.6878 1.2598, 1.2959 -0.9885 1.2598, 1.0952 -0.6636 1.2598, 1.0939 -0.6642 1.2598, 1.2241 -1.0074 1.2598, 1.4198 -0.7011 1.2598, 1.486 -0.6992 1.2598, 1.4316 -0.7221 1.2598, 1.4862 -0.7044 1.2598, 1.4873 -0.7076 1.2598, 1.3884 -0.677 1.2598, 1.3473 -0.6707 1.2598, 1.3224 -0.6678 1.2598, 1.3062 -1.0107 1.2598, 1.311 -1.0116 1.2598, 1.2878 -0.6741 1.2598, 1.281 -0.6814 1.2598, 1.1036 -0.6644 1.2598, 1.0996 -0.6635 1.2598, 1.0967 -0.6633 1.2598, 1.0924 -0.6653 1.2598, 1.0913 -0.6667 1.2598, 1.0907 -0.668 1.2598, 1.6473 -0.6512 1.2598, 1.6428 -0.65 1.2598, 1.5276 -0.7942 1.2598, 1.6433 -0.6494 1.2598, 1.5094 -0.7098 1.2598, 1.4913 -0.6505 1.2598, 1.4903 -0.6576 1.2598, 1.3131 -0.6654 1.2598, 1.3072 -0.6618 1.2598, 1.3229 -1.0127 1.2598, 1.3444 -1.0189 1.2598, 1.3568 -1.0213 1.2598, 1.4373 -0.9683 1.2598, 1.4455 -0.9049 1.2598, 1.5049 -0.7647 1.2598, 1.4481 -0.8264 1.2598, 1.4987 -0.7396 1.2598, 1.4424 -0.7596 1.2598, 1.4913 -0.7149 1.2598, 1.4885 -0.7098 1.2598, 1.223 -1.0114 1.2598, 1.2237 -1.0101 1.2598, 1.6328 -0.7636 1.2598, 1.626 -0.7919 1.2598, 1.5716 -1.0325 1.2598, 1.6523 -0.7089 1.2598, 1.6524 -0.7083 1.2598, 1.6524 -0.7062 1.2598, 1.5009 -0.6667 1.2598, 1.6443 -0.6487 1.2598, 1.6437 -0.649 1.2598, 1.6423 -0.6511 1.2598, 1.6419 -0.6526 1.2598, 1.6046 -0.8128 1.2598, 1.638 -0.6752 1.2598, 1.4895 -0.6645 1.2598, 1.4868 -0.6882 1.2598, 1.6516 -0.6929 1.2598, 1.6515 -0.6928 1.2598, 1.6493 -0.6673 1.2598, 1.6481 -0.6577 1.2598, 1.6479 -0.6547 1.2598, 1.6476 -0.6526 1.2598, 1.494 -0.6478 1.2598, 1.4945 -0.648 1.2598, 1.4961 -0.6499 1.2598, 1.4955 -0.649 1.2598, 1.495 -0.6483 1.2598, 1.2786 -1.011 1.2598, 1.2793 -1.0116 1.2598, 1.2896 -1.0099 1.2598, 1.3014 -1.0099 1.2598, 1.2333 -0.6841 1.2598, 1.2332 -0.6841 1.2598, 1.6358 -0.7502 1.2598, 1.6396 -0.737 1.2598, 1.6436 -0.7262 1.2598, 1.6472 -0.7161 1.2598, 1.6496 -0.7125 1.2598, 1.2347 -0.6853 1.2598, 1.2343 -0.6847 1.2598, 1.2339 -0.6844 1.2598, 1.2333 -0.6928 1.2598, 1.235 -0.6904 1.2598, 1.2355 -0.6891 1.2598, 1.2356 -0.6881 1.2598, 1.2356 -0.6873 1.2598, 1.2353 -0.6863 1.2598, 1.6465 -0.6492 1.2598, 1.6461 -0.6489 1.2598, 1.6457 -0.6486 1.2598, 1.6453 -0.6485 1.2598, 1.5632 -1.0348 1.2598, 1.5711 -1.0348 1.2598, 0.2953 -1.0325 1.2598, 0.7094 -1.0325 1.2598, 0.7083 -1.0382 1.2598, 0.8111 -0.7033 1.2598, 0.813 -0.7041 1.2598, 0.8815 -0.9052 1.2598, 1.0174 -1.0218 1.2598, 1.0259 -1.0218 1.2598, 1.0259 -0.8706 1.2598, 0.9774 -1.0237 1.2598, 0.9905 -1.0165 1.2598, 0.9072 -0.9935 1.2598, 0.9187 -1.0085 1.2598, 0.7371 -1.0116 1.2598, 0.8817 -0.791 1.2598, 0.8324 -0.6867 1.2598, 0.8345 -0.6844 1.2598, 0.8879 -0.7526 1.2598, 0.9542 -0.6621 1.2598, 0.9392 -0.6668 1.2598, 0.8362 -0.6787 1.2598, 0.9261 -0.6744 1.2598, 0.9167 -0.6841 1.2598, 1.0018 -1.0062 1.2598, 1.0083 -0.9974 1.2598, 1.0134 -0.9884 1.2598, 0.9608 -1.028 1.2598, 0.9528 -1.0279 1.2598, 0.9363 -1.0221 1.2598, 0.9447 -1.0263 1.2598, 0.8945 -0.8173 1.2598, 1.0224 -0.7715 1.2598, 0.8966 -0.9074 1.2598, 1.0253 -0.8015 1.2598, 0.9017 -0.9369 1.2598, 0.7287 -0.6871 1.2598, 0.7723 -0.6908 1.2598, 0.793 -0.694 1.2598, 0.8 -0.6956 1.2598, 1.0301 -0.7333 1.2598, 1.0236 -0.708 1.2598, 0.9608 -0.6803 1.2598, 0.9085 -0.7364 1.2598, 0.8041 -0.6975 1.2598, 0.8093 -0.702 1.2598, 0.9037 -0.7052 1.2598, 0.8355 -0.6827 1.2598, 0.836 -0.6807 1.2598, 1.0344 -0.801 1.2598, 1.0139 -0.6884 1.2598, 1.0065 -0.679 1.2598, 0.9957 -0.6702 1.2598, 0.7287 -0.9759 1.2598, 0.8952 -0.9665 1.2598, 0.7288 -0.9832 1.2598, 0.9961 -0.6931 1.2598, 1.0045 -0.7027 1.2598, 0.9739 -1.0075 1.2598, 0.9338 -0.9993 1.2598, 0.9247 -0.9903 1.2598, 0.8262 -0.6924 1.2598, 1.0104 -0.9504 1.2598, 1.0151 -0.8706 1.2598, 0.982 -0.6639 1.2598, 0.9687 -0.6616 1.2598, 0.7125 -0.686 1.2598, 0.7128 -0.6894 1.2598, 0.711 -0.6722 1.2598, 0.7139 -0.7228 1.2598, 0.7139 -0.9776 1.2598, 0.7313 -0.9992 1.2598, 0.9735 -0.6813 1.2598, 0.986 -0.686 1.2598, 1.0119 -0.7174 1.2598, 1.02 -0.7548 1.2598, 0.9653 -1.0094 1.2598, 0.9535 -1.0086 1.2598, 0.9434 -1.0052 1.2598, 0.8356 -0.6774 1.2598, 0.8351 -0.6769 1.2598, 0.9382 -0.6876 1.2598, 0.93 -0.6951 1.2598, 0.9171 -0.7134 1.2598, 0.9454 -0.6834 1.2598, 0.9529 -0.6811 1.2598, 1.0034 -0.976 1.2598, 0.9963 -0.99 1.2598, 0.9894 -0.9982 1.2598, 0.713 -0.6651 1.2598, 0.7122 -0.6659 1.2598, 0.7113 -0.6675 1.2598, 0.7109 -0.669 1.2598, 0.7136 -1.0053 1.2598, 0.9149 -0.975 1.2598, 0.9819 -1.0039 1.2598, 0.7156 -0.6641 1.2598, 0.7145 -0.6642 1.2598, 0.7136 -0.6646 1.2598, 0.8343 -0.6764 1.2598, 0.8329 -0.6758 1.2598, 0.8308 -0.6756 1.2598, 0.8209 -0.6753 1.2598, 0.8065 -0.6733 1.2598, 0.7692 -0.6694 1.2598, 0.7569 -0.6684 1.2598, 0.7332 -0.6662 1.2598, 0.7201 -0.6651 1.2598, 0.7172 -0.6642 1.2598
            ]
        }
        coordIndex [
            0,1,2,-1,0,2,3,-1,3,2,4,-1,3,4,5,-1,5,4,6,-1,5,6,7,-1,7,6,8,-1,7,8,9,-1,9,8,10,-1,9,10,11,-1,12,13,14,-1,14,13,15,-1,16,17,18,-1,18,17,19,-1,20,11,21,-1,21,11,10,-1,22,23,24,-1,24,23,25,-1,24,25,26,-1,26,25,27,-1,26,27,28,-1,28,27,29,-1,28,29,30,-1,30,29,31,-1,30,31,32,-1,32,31,33,-1,32,33,34,-1,32,34,35,-1,35,34,36,-1,35,36,37,-1,37,36,38,-1,37,38,39,-1,39,38,40,-1,39,40,41,-1,41,40,42,-1,41,42,43,-1,43,42,44,-1,43,44,45,-1,46,45,47,-1,47,45,44,-1,46,47,48,-1,48,47,49,-1,48,49,50,-1,50,49,51,-1,50,51,52,-1,52,51,53,-1,52,53,54,-1,54,53,55,-1,54,55,56,-1,56,55,57,-1,56,57,58,-1,58,57,59,-1,60,58,61,-1,61,58,59,-1,60,61,62,-1,62,61,63,-1,62,63,64,-1,64,63,65,-1,64,65,66,-1,66,65,67,-1,66,67,68,-1,68,67,69,-1,68,69,70,-1,70,69,71,-1,70,71,72,-1,72,71,73,-1,74,72,75,-1,75,72,73,-1,74,75,76,-1,74,76,77,-1,77,76,78,-1,77,78,79,-1,79,78,80,-1,79,80,81,-1,81,80,82,-1,81,82,83,-1,83,82,84,-1,83,84,85,-1,85,84,86,-1,85,86,87,-1,88,87,89,-1,89,87,86,-1,90,88,91,-1,91,88,89,-1,92,90,93,-1,93,90,91,-1,19,17,94,-1,19,94,95,-1,95,94,96,-1,95,96,97,-1,97,96,98,-1,97,98,99,-1,99,98,100,-1,99,100,101,-1,101,100,102,-1,101,102,103,-1,103,102,104,-1,103,104,105,-1,106,105,107,-1,107,105,104,-1,106,107,108,-1,108,107,109,-1,108,109,110,-1,110,109,111,-1,110,111,112,-1,112,111,113,-1,112,113,114,-1,114,113,115,-1,114,115,116,-1,116,115,117,-1,116,117,22,-1,22,117,23,-1,118,119,120,-1,120,119,121,-1,122,123,124,-1,124,123,125,-1,126,123,127,-1,127,123,122,-1,127,122,128,-1,128,122,129,-1,128,129,118,-1,118,129,119,-1,119,129,130,-1,130,129,131,-1,130,131,125,-1,125,131,132,-1,125,132,124,-1,133,134,135,-1,136,120,121,-1,134,137,135,-1,135,137,138,-1,135,138,139,-1,138,136,139,-1,139,136,121,-1,139,121,140,-1,140,121,141,-1,140,141,142,-1,142,141,133,-1,142,133,143,-1,143,133,135,-1,144,145,146,-1,146,145,147,-1,146,147,148,-1,148,147,149,-1,148,149,150,-1,150,149,151,-1,150,151,152,-1,152,151,153,-1,152,153,154,-1,154,153,155,-1,154,155,156,-1,156,155,157,-1,156,157,158,-1,158,157,159,-1,158,159,160,-1,160,159,161,-1,160,161,162,-1,162,161,163,-1,162,163,164,-1,164,163,165,-1,164,165,166,-1,166,165,167,-1,166,167,168,-1,168,167,169,-1,168,169,170,-1,170,169,171,-1,170,171,172,-1,172,171,173,-1,172,173,174,-1,174,173,175,-1,174,175,176,-1,176,175,177,-1,176,177,178,-1,178,177,179,-1,178,179,180,-1,180,179,181,-1,180,181,182,-1,182,181,183,-1,182,183,184,-1,184,183,185,-1,184,185,186,-1,186,185,187,-1,186,187,188,-1,188,187,189,-1,188,189,190,-1,190,189,191,-1,190,191,144,-1,144,191,145,-1,192,193,194,-1,194,193,195,-1,196,197,194,-1,198,199,200,-1,200,199,201,-1,200,201,202,-1,202,201,194,-1,194,201,203,-1,194,203,204,-1,204,205,194,-1,194,205,206,-1,194,206,196,-1,197,207,194,-1,194,207,208,-1,194,208,192,-1,209,210,211,-1,212,213,214,-1,215,216,217,-1,218,219,220,-1,221,222,223,-1,224,225,226,-1,227,228,229,-1,230,231,232,-1,193,192,233,-1,233,192,234,-1,233,234,235,-1,235,234,236,-1,236,234,237,-1,236,237,238,-1,239,240,241,-1,241,240,242,-1,241,242,237,-1,237,242,243,-1,237,243,238,-1,239,241,244,-1,244,241,245,-1,244,245,246,-1,246,245,247,-1,247,245,248,-1,247,248,249,-1,248,250,251,-1,251,252,248,-1,248,252,253,-1,248,253,249,-1,254,255,256,-1,256,255,257,-1,256,257,232,-1,232,257,258,-1,232,258,230,-1,230,258,259,-1,230,259,260,-1,229,228,256,-1,256,228,261,-1,256,261,254,-1,227,229,262,-1,262,229,263,-1,262,263,264,-1,264,263,265,-1,265,263,266,-1,265,266,267,-1,267,266,268,-1,268,266,194,-1,268,194,195,-1,203,201,269,-1,269,201,270,-1,269,270,271,-1,271,270,272,-1,271,272,273,-1,273,272,274,-1,273,274,275,-1,275,274,276,-1,275,276,277,-1,277,276,214,-1,198,200,278,-1,278,200,279,-1,278,279,280,-1,280,279,281,-1,280,281,282,-1,282,281,283,-1,282,283,284,-1,284,283,285,-1,284,285,286,-1,286,285,211,-1,192,208,234,-1,234,208,287,-1,234,287,237,-1,237,287,288,-1,237,288,241,-1,241,288,289,-1,241,289,245,-1,245,289,290,-1,245,290,248,-1,248,290,226,-1,248,226,250,-1,250,226,225,-1,222,224,223,-1,223,224,226,-1,223,226,291,-1,291,226,290,-1,291,290,292,-1,292,290,289,-1,292,289,293,-1,293,289,288,-1,293,288,294,-1,294,288,287,-1,294,287,207,-1,207,287,208,-1,295,221,296,-1,296,221,223,-1,296,223,297,-1,297,223,291,-1,297,291,298,-1,298,291,292,-1,298,292,299,-1,299,292,293,-1,299,293,300,-1,300,293,294,-1,300,294,197,-1,197,294,207,-1,197,196,300,-1,300,196,301,-1,300,301,299,-1,299,301,302,-1,299,302,298,-1,298,302,303,-1,298,303,297,-1,297,303,304,-1,297,304,296,-1,296,304,220,-1,296,220,295,-1,295,220,219,-1,216,218,217,-1,217,218,220,-1,217,220,305,-1,305,220,304,-1,305,304,306,-1,306,304,303,-1,306,303,307,-1,307,303,302,-1,307,302,308,-1,308,302,301,-1,308,301,206,-1,206,301,196,-1,309,215,310,-1,310,215,217,-1,310,217,311,-1,311,217,305,-1,311,305,312,-1,312,305,306,-1,312,306,313,-1,313,306,307,-1,313,307,314,-1,314,307,308,-1,314,308,205,-1,205,308,206,-1,205,204,314,-1,314,204,315,-1,314,315,313,-1,313,315,316,-1,313,316,312,-1,312,316,317,-1,312,317,311,-1,311,317,318,-1,311,318,310,-1,310,318,319,-1,310,319,309,-1,309,319,320,-1,204,203,315,-1,315,203,269,-1,315,269,316,-1,316,269,271,-1,316,271,317,-1,317,271,273,-1,317,273,318,-1,318,273,275,-1,318,275,319,-1,319,275,277,-1,319,277,320,-1,320,277,321,-1,214,213,277,-1,277,213,322,-1,277,322,321,-1,323,212,324,-1,324,212,214,-1,324,214,325,-1,325,214,276,-1,325,276,326,-1,326,276,274,-1,326,274,327,-1,327,274,272,-1,327,272,328,-1,328,272,270,-1,328,270,199,-1,199,270,201,-1,199,198,328,-1,328,198,278,-1,328,278,327,-1,327,278,280,-1,327,280,326,-1,326,280,282,-1,326,282,325,-1,325,282,284,-1,325,284,324,-1,324,284,286,-1,324,286,323,-1,323,286,329,-1,211,210,286,-1,286,210,330,-1,286,330,329,-1,331,209,332,-1,332,209,211,-1,332,211,333,-1,333,211,285,-1,333,285,334,-1,334,285,283,-1,334,283,335,-1,335,283,281,-1,335,281,336,-1,336,281,279,-1,336,279,202,-1,202,279,200,-1,202,194,336,-1,336,194,266,-1,336,266,335,-1,335,266,263,-1,335,263,334,-1,334,263,229,-1,334,229,333,-1,333,229,256,-1,333,256,332,-1,332,256,232,-1,332,232,331,-1,331,232,231,-1,337,338,339,-1,340,341,339,-1,339,341,342,-1,339,342,337,-1,340,343,341,-1,341,343,344,-1,341,344,345,-1,345,346,341,-1,341,346,347,-1,341,347,348,-1,349,350,351,-1,348,352,341,-1,341,352,349,-1,341,349,353,-1,353,349,351,-1,252,251,354,-1,354,251,355,-1,354,355,356,-1,356,355,357,-1,356,357,358,-1,358,357,359,-1,230,260,360,-1,361,362,363,-1,363,362,364,-1,363,364,365,-1,365,364,366,-1,365,366,360,-1,360,366,367,-1,360,367,230,-1,321,368,369,-1,212,370,213,-1,213,370,368,-1,213,368,322,-1,322,368,321,-1,212,323,370,-1,370,323,329,-1,370,329,371,-1,329,330,371,-1,371,330,210,-1,371,210,372,-1,210,209,372,-1,372,209,331,-1,372,331,367,-1,367,331,231,-1,367,231,230,-1,362,373,364,-1,364,373,374,-1,364,374,375,-1,376,377,378,-1,378,377,375,-1,378,375,379,-1,379,375,374,-1,376,380,377,-1,377,380,381,-1,377,381,382,-1,381,383,382,-1,382,383,384,-1,382,384,385,-1,384,386,385,-1,385,386,387,-1,385,387,388,-1,387,389,388,-1,388,389,390,-1,388,390,391,-1,392,393,394,-1,394,393,391,-1,394,391,395,-1,395,391,390,-1,392,396,393,-1,393,396,397,-1,393,397,398,-1,399,400,401,-1,401,400,398,-1,401,398,402,-1,402,398,397,-1,403,358,404,-1,404,358,359,-1,404,359,405,-1,405,359,400,-1,405,400,406,-1,406,400,399,-1,251,250,355,-1,355,250,225,-1,355,225,407,-1,221,408,222,-1,222,408,407,-1,222,407,224,-1,224,407,225,-1,221,295,408,-1,408,295,219,-1,408,219,409,-1,219,218,409,-1,409,218,216,-1,409,216,410,-1,216,215,410,-1,410,215,309,-1,410,309,369,-1,369,309,320,-1,369,320,321,-1,156,357,154,-1,154,357,355,-1,154,355,152,-1,152,355,407,-1,152,407,150,-1,150,407,408,-1,150,408,148,-1,148,408,409,-1,148,409,146,-1,146,409,410,-1,146,410,144,-1,144,410,369,-1,144,369,190,-1,190,369,368,-1,190,368,188,-1,188,368,370,-1,188,370,186,-1,186,370,371,-1,186,371,184,-1,184,371,372,-1,184,372,182,-1,182,372,367,-1,182,367,180,-1,180,367,366,-1,180,366,178,-1,178,366,364,-1,178,364,176,-1,176,364,375,-1,176,375,174,-1,174,375,377,-1,174,377,172,-1,172,377,382,-1,172,382,170,-1,170,382,385,-1,170,385,168,-1,168,385,388,-1,168,388,166,-1,166,388,391,-1,166,391,164,-1,164,391,393,-1,164,393,162,-1,162,393,398,-1,162,398,160,-1,160,398,400,-1,160,400,158,-1,158,400,359,-1,158,359,156,-1,156,359,357,-1,399,401,411,-1,392,394,412,-1,386,384,413,-1,383,381,414,-1,376,378,415,-1,379,374,416,-1,404,405,417,-1,403,404,418,-1,418,404,417,-1,418,417,419,-1,419,417,420,-1,420,417,421,-1,420,421,422,-1,422,421,423,-1,423,421,424,-1,423,424,425,-1,426,427,428,-1,428,427,429,-1,428,429,424,-1,424,429,430,-1,424,430,425,-1,426,428,431,-1,431,428,432,-1,431,432,433,-1,433,432,434,-1,434,432,339,-1,434,339,338,-1,337,342,435,-1,435,342,436,-1,435,436,437,-1,438,439,436,-1,436,439,440,-1,436,440,437,-1,441,442,443,-1,443,442,444,-1,443,444,438,-1,438,444,445,-1,438,445,439,-1,441,443,446,-1,446,443,447,-1,446,447,448,-1,448,447,449,-1,449,447,450,-1,449,450,451,-1,450,373,362,-1,451,450,452,-1,452,450,362,-1,452,362,361,-1,347,346,453,-1,453,346,454,-1,453,454,455,-1,455,454,456,-1,455,456,457,-1,457,456,458,-1,457,458,459,-1,459,458,460,-1,459,460,461,-1,461,460,412,-1,344,343,462,-1,462,343,463,-1,462,463,464,-1,464,463,465,-1,464,465,466,-1,466,465,467,-1,466,467,468,-1,468,467,469,-1,468,469,470,-1,470,469,411,-1,342,341,436,-1,436,341,471,-1,436,471,438,-1,438,471,472,-1,438,472,443,-1,443,472,473,-1,443,473,447,-1,447,473,474,-1,447,474,450,-1,450,474,416,-1,450,416,373,-1,373,416,374,-1,378,379,415,-1,415,379,416,-1,415,416,475,-1,475,416,474,-1,475,474,476,-1,476,474,473,-1,476,473,477,-1,477,473,472,-1,477,472,478,-1,478,472,471,-1,478,471,353,-1,353,471,341,-1,380,376,479,-1,479,376,415,-1,479,415,480,-1,480,415,475,-1,480,475,481,-1,481,475,476,-1,481,476,482,-1,482,476,477,-1,482,477,483,-1,483,477,478,-1,483,478,351,-1,351,478,353,-1,351,350,483,-1,483,350,484,-1,483,484,482,-1,482,484,485,-1,482,485,481,-1,481,485,486,-1,481,486,480,-1,480,486,487,-1,480,487,479,-1,479,487,414,-1,479,414,380,-1,380,414,381,-1,384,383,413,-1,413,383,414,-1,413,414,488,-1,488,414,487,-1,488,487,489,-1,489,487,486,-1,489,486,490,-1,490,486,485,-1,490,485,491,-1,491,485,484,-1,491,484,349,-1,349,484,350,-1,387,386,492,-1,492,386,413,-1,492,413,493,-1,493,413,488,-1,493,488,494,-1,494,488,489,-1,494,489,495,-1,495,489,490,-1,495,490,496,-1,496,490,491,-1,496,491,352,-1,352,491,349,-1,352,348,496,-1,496,348,497,-1,496,497,495,-1,495,497,498,-1,495,498,494,-1,494,498,499,-1,494,499,493,-1,493,499,500,-1,493,500,492,-1,492,500,501,-1,492,501,387,-1,387,501,389,-1,348,347,497,-1,497,347,453,-1,497,453,498,-1,498,453,455,-1,498,455,499,-1,499,455,457,-1,499,457,500,-1,500,457,459,-1,500,459,501,-1,501,459,461,-1,501,461,389,-1,389,461,390,-1,412,394,461,-1,461,394,395,-1,461,395,390,-1,396,392,502,-1,502,392,412,-1,502,412,503,-1,503,412,460,-1,503,460,504,-1,504,460,458,-1,504,458,505,-1,505,458,456,-1,505,456,506,-1,506,456,454,-1,506,454,345,-1,345,454,346,-1,345,344,506,-1,506,344,462,-1,506,462,505,-1,505,462,464,-1,505,464,504,-1,504,464,466,-1,504,466,503,-1,503,466,468,-1,503,468,502,-1,502,468,470,-1,502,470,396,-1,396,470,397,-1,411,401,470,-1,470,401,402,-1,470,402,397,-1,406,399,507,-1,507,399,411,-1,507,411,508,-1,508,411,469,-1,508,469,509,-1,509,469,467,-1,509,467,510,-1,510,467,465,-1,510,465,511,-1,511,465,463,-1,511,463,340,-1,340,463,343,-1,340,339,511,-1,511,339,432,-1,511,432,510,-1,510,432,428,-1,510,428,509,-1,509,428,424,-1,509,424,508,-1,508,424,421,-1,508,421,507,-1,507,421,417,-1,507,417,406,-1,406,417,405,-1,354,360,260,-1,257,255,354,-1,354,255,254,-1,265,267,354,-1,235,249,253,-1,260,259,354,-1,354,259,258,-1,354,258,257,-1,235,236,249,-1,249,236,238,-1,249,238,243,-1,254,261,354,-1,354,261,228,-1,354,228,227,-1,253,252,235,-1,235,252,354,-1,235,354,233,-1,233,354,193,-1,243,242,249,-1,249,242,240,-1,249,240,239,-1,244,246,239,-1,239,246,247,-1,239,247,249,-1,227,262,354,-1,354,262,264,-1,354,264,265,-1,267,268,354,-1,354,268,195,-1,354,195,193,-1,439,445,363,-1,358,403,363,-1,363,403,418,-1,363,418,419,-1,445,444,363,-1,363,444,442,-1,363,442,441,-1,429,427,430,-1,430,427,425,-1,433,434,419,-1,419,434,338,-1,419,338,363,-1,363,338,337,-1,363,337,435,-1,435,437,363,-1,363,437,440,-1,363,440,439,-1,446,448,441,-1,441,448,449,-1,441,449,451,-1,451,452,441,-1,441,452,361,-1,441,361,363,-1,419,420,433,-1,433,420,422,-1,433,422,423,-1,423,425,433,-1,433,425,427,-1,433,427,431,-1,431,427,426,-1,358,363,356,-1,356,363,365,-1,356,365,354,-1,354,365,360,-1,163,161,129,-1,153,151,139,-1,139,151,149,-1,139,149,147,-1,122,169,167,-1,161,159,129,-1,129,159,157,-1,129,157,139,-1,139,157,155,-1,139,155,153,-1,122,167,129,-1,129,167,165,-1,129,165,163,-1,122,177,175,-1,147,145,139,-1,139,145,191,-1,139,191,135,-1,135,191,189,-1,135,189,187,-1,177,122,179,-1,179,122,135,-1,179,135,181,-1,175,173,122,-1,122,173,171,-1,122,171,169,-1,187,185,135,-1,135,185,183,-1,135,183,181,-1,512,513,514,-1,514,515,516,-1,517,518,514,-1,514,518,519,-1,514,519,520,-1,521,522,523,-1,516,524,514,-1,514,524,525,-1,514,525,517,-1,526,527,528,-1,528,527,529,-1,530,531,532,-1,533,534,535,-1,532,536,530,-1,530,536,537,-1,530,537,538,-1,538,537,528,-1,538,528,539,-1,539,528,529,-1,540,541,132,-1,132,541,542,-1,533,535,543,-1,544,545,546,-1,546,545,547,-1,546,547,548,-1,548,547,549,-1,548,549,550,-1,551,552,553,-1,523,554,521,-1,521,554,555,-1,521,555,556,-1,557,558,559,-1,559,558,560,-1,559,560,561,-1,561,560,562,-1,520,563,514,-1,514,563,564,-1,514,564,565,-1,551,553,566,-1,552,567,553,-1,553,567,568,-1,553,568,569,-1,542,570,132,-1,132,570,571,-1,132,571,572,-1,557,573,558,-1,558,573,574,-1,558,574,575,-1,575,574,576,-1,575,576,577,-1,565,578,514,-1,514,578,579,-1,514,579,580,-1,581,582,583,-1,531,530,546,-1,546,530,584,-1,546,584,544,-1,585,586,587,-1,587,586,588,-1,587,588,589,-1,590,591,592,-1,593,594,595,-1,595,594,596,-1,577,597,575,-1,575,597,598,-1,575,598,514,-1,514,598,599,-1,514,599,515,-1,514,600,601,-1,602,603,604,-1,605,606,607,-1,607,606,550,-1,534,608,535,-1,535,608,609,-1,535,609,610,-1,610,609,581,-1,610,581,611,-1,611,581,583,-1,612,613,131,-1,614,615,132,-1,132,615,616,-1,590,592,617,-1,618,591,619,-1,619,591,620,-1,618,621,591,-1,591,621,622,-1,591,622,592,-1,593,623,594,-1,594,623,624,-1,594,624,625,-1,592,607,535,-1,580,626,514,-1,514,626,627,-1,514,627,600,-1,601,628,514,-1,514,628,629,-1,514,629,630,-1,631,630,604,-1,604,630,632,-1,550,549,607,-1,607,549,633,-1,607,633,535,-1,535,633,634,-1,535,634,543,-1,635,636,637,-1,638,639,640,-1,641,642,132,-1,132,642,643,-1,132,643,644,-1,644,645,132,-1,132,645,646,-1,132,646,592,-1,592,646,647,-1,592,647,617,-1,596,594,591,-1,591,594,648,-1,591,648,620,-1,132,649,650,-1,604,603,607,-1,607,603,651,-1,607,651,605,-1,652,653,654,-1,654,653,655,-1,654,655,656,-1,585,587,616,-1,616,587,657,-1,616,657,132,-1,132,657,658,-1,132,658,659,-1,660,661,630,-1,572,662,132,-1,132,662,663,-1,132,663,641,-1,664,665,132,-1,132,665,666,-1,132,666,649,-1,650,667,132,-1,132,667,668,-1,132,668,669,-1,612,131,670,-1,671,672,673,-1,673,672,674,-1,589,588,652,-1,652,588,675,-1,652,675,676,-1,659,677,132,-1,132,677,678,-1,132,678,540,-1,661,679,630,-1,630,679,680,-1,630,680,681,-1,569,682,553,-1,553,682,683,-1,553,683,684,-1,684,683,685,-1,684,685,686,-1,686,685,687,-1,686,687,688,-1,688,687,654,-1,688,654,689,-1,689,654,656,-1,632,690,604,-1,604,690,691,-1,604,691,602,-1,692,637,693,-1,693,637,694,-1,636,695,637,-1,637,695,696,-1,637,696,697,-1,639,638,698,-1,698,638,699,-1,698,699,674,-1,674,699,700,-1,674,700,673,-1,671,701,672,-1,672,701,702,-1,672,702,703,-1,703,702,704,-1,676,705,652,-1,652,705,706,-1,652,706,653,-1,697,707,637,-1,637,707,708,-1,637,708,709,-1,709,710,637,-1,637,710,711,-1,637,711,131,-1,131,711,712,-1,131,712,670,-1,614,132,713,-1,713,132,131,-1,713,131,714,-1,640,715,638,-1,638,715,716,-1,638,716,717,-1,631,718,630,-1,630,718,719,-1,630,719,660,-1,660,719,720,-1,660,720,721,-1,722,723,132,-1,132,723,521,-1,132,521,664,-1,664,521,556,-1,692,724,637,-1,637,724,725,-1,637,725,726,-1,726,727,637,-1,637,727,728,-1,637,728,635,-1,729,730,132,-1,132,730,731,-1,132,731,722,-1,535,732,592,-1,592,732,733,-1,592,733,734,-1,734,735,592,-1,592,735,736,-1,592,736,132,-1,132,736,737,-1,132,737,729,-1,613,738,131,-1,131,738,739,-1,131,739,740,-1,740,741,131,-1,131,741,638,-1,131,638,714,-1,714,638,717,-1,553,742,142,-1,142,742,743,-1,694,637,743,-1,743,637,140,-1,743,140,142,-1,143,744,745,-1,745,746,143,-1,143,746,512,-1,143,512,142,-1,142,512,514,-1,142,514,553,-1,553,514,630,-1,553,630,566,-1,566,630,681,-1,747,748,749,-1,750,751,514,-1,514,751,752,-1,750,753,754,-1,755,756,757,-1,749,748,758,-1,759,760,761,-1,762,763,764,-1,764,763,765,-1,764,765,766,-1,754,767,750,-1,750,767,768,-1,750,768,769,-1,753,750,770,-1,770,750,514,-1,770,514,771,-1,771,514,513,-1,771,513,757,-1,756,772,757,-1,757,772,773,-1,757,773,771,-1,774,775,776,-1,776,775,777,-1,776,777,778,-1,779,780,749,-1,749,780,781,-1,749,781,782,-1,783,784,132,-1,785,774,786,-1,782,787,749,-1,749,787,788,-1,749,788,747,-1,761,760,789,-1,789,760,790,-1,789,790,766,-1,766,790,791,-1,766,791,764,-1,783,132,792,-1,784,793,132,-1,132,793,794,-1,132,794,795,-1,779,749,796,-1,796,749,797,-1,796,797,798,-1,774,799,800,-1,801,802,803,-1,758,748,761,-1,761,748,804,-1,761,804,759,-1,805,778,806,-1,806,778,777,-1,806,777,752,-1,752,777,792,-1,752,792,514,-1,514,792,132,-1,514,132,575,-1,575,132,669,-1,795,807,132,-1,132,807,808,-1,132,808,762,-1,809,810,811,-1,811,810,812,-1,811,812,813,-1,755,757,797,-1,797,757,814,-1,797,814,798,-1,785,815,774,-1,774,815,816,-1,774,816,799,-1,800,817,774,-1,774,817,818,-1,774,818,775,-1,819,820,801,-1,801,820,821,-1,801,821,802,-1,764,822,762,-1,762,822,823,-1,762,823,132,-1,132,823,124,-1,824,786,825,-1,825,786,826,-1,824,827,786,-1,786,827,828,-1,786,828,785,-1,805,829,778,-1,778,829,830,-1,778,830,831,-1,832,833,124,-1,124,833,834,-1,124,834,744,-1,834,835,744,-1,744,835,811,-1,744,811,745,-1,745,811,813,-1,745,813,836,-1,803,837,801,-1,801,837,778,-1,801,778,838,-1,838,778,831,-1,839,840,124,-1,124,840,841,-1,124,841,832,-1,823,842,124,-1,124,842,843,-1,124,843,844,-1,845,846,844,-1,844,846,847,-1,844,847,124,-1,124,847,848,-1,124,848,849,-1,849,850,124,-1,124,850,851,-1,124,851,839,-1,143,135,744,-1,744,135,122,-1,744,122,124,-1,131,129,637,-1,637,129,139,-1,637,139,140,-1,134,123,137,-1,137,123,126,-1,141,130,133,-1,133,130,125,-1,130,141,119,-1,119,141,121,-1,133,125,134,-1,134,125,123,-1,27,25,29,-1,29,25,31,-1,24,26,30,-1,30,26,28,-1,
        ]
    }
}
Shape{
    appearance Appearance {
        material  Material 	{
            diffuseColor 0.24705882352941178 0.49411764705882355 0.27450980392156865
            specularColor 0.01568627450980392 0.03529411764705882 0.0196078431372549
            ambientIntensity 0.5646
            transparency 0.0
            shininess 0.5
        }
    }
    geometry IndexedFaceSet {
        ccw TRUE
        solid FALSE
        coord DEF co Coordinate {
            point [
                2.8425 -2.3425 -0.0394, 2.8425 -2.3425 5.0787, 3.0 -2.3425 -0.0394, 3.0 -2.3425 5.0787, 2.8425 -2.1457 5.0787, 3.0 -2.1457 5.0787, 2.8425 -2.1457 -0.0394, 3.0 -2.1457 -0.0394, 2.8425 1.6142 -0.0394, 2.8425 1.6142 3.8976, 3.0 1.6142 -0.0394, 3.0 1.6142 3.8976, 2.8425 1.811 3.8976, 3.0 1.811 3.8976, 2.8425 1.811 -0.0394, 3.0 1.811 -0.0394, 1.5094 -0.7098 1.2638, 1.5094 -0.7098 1.2598, 1.5276 -0.7942 1.2638, 1.5276 -0.7942 1.2598, 1.5009 -0.6667 1.2638, 1.5009 -0.6667 1.2598, 1.4975 -0.6532 1.2638, 1.4975 -0.6532 1.2598, 1.4968 -0.6512 1.2638, 1.4968 -0.6512 1.2598, 1.4961 -0.6499 1.2638, 1.4961 -0.6499 1.2598, 1.4955 -0.649 1.2638, 1.4955 -0.649 1.2598, 1.495 -0.6483 1.2638, 1.495 -0.6483 1.2598, 1.4945 -0.648 1.2638, 1.4945 -0.648 1.2598, 1.494 -0.6478 1.2638, 1.494 -0.6478 1.2598, 1.4936 -0.6477 1.2638, 1.4936 -0.6477 1.2598, 1.4932 -0.6477 1.2638, 1.4932 -0.6477 1.2598, 1.4927 -0.6479 1.2638, 1.4927 -0.6479 1.2598, 1.4924 -0.6481 1.2638, 1.4924 -0.6481 1.2598, 1.492 -0.6485 1.2638, 1.492 -0.6485 1.2598, 1.4917 -0.6491 1.2638, 1.4917 -0.6491 1.2598, 1.4913 -0.6505 1.2638, 1.4913 -0.6505 1.2598, 1.4903 -0.6576 1.2638, 1.4903 -0.6576 1.2598, 1.4895 -0.6645 1.2638, 1.4895 -0.6645 1.2598, 1.4868 -0.6882 1.2638, 1.4868 -0.6882 1.2598, 1.486 -0.6992 1.2638, 1.486 -0.6992 1.2598, 1.4862 -0.7044 1.2638, 1.4862 -0.7044 1.2598, 1.4873 -0.7076 1.2638, 1.4873 -0.7076 1.2598, 1.4885 -0.7098 1.2638, 1.4885 -0.7098 1.2598, 1.4913 -0.7149 1.2638, 1.4913 -0.7149 1.2598, 1.4987 -0.7396 1.2638, 1.4987 -0.7396 1.2598, 1.5049 -0.7647 1.2638, 1.5049 -0.7647 1.2598, 1.5627 -1.0325 1.2598, 1.5632 -1.0348 1.2638, 1.5632 -1.0348 1.2598, 1.5711 -1.0348 1.2638, 1.5711 -1.0348 1.2598, 1.626 -0.7919 1.2638, 1.626 -0.7919 1.2598, 1.5716 -1.0325 1.2598, 1.6328 -0.7636 1.2638, 1.6328 -0.7636 1.2598, 1.6358 -0.7502 1.2638, 1.6358 -0.7502 1.2598, 1.6396 -0.737 1.2638, 1.6396 -0.737 1.2598, 1.6436 -0.7262 1.2638, 1.6436 -0.7262 1.2598, 1.6472 -0.7161 1.2638, 1.6472 -0.7161 1.2598, 1.6496 -0.7125 1.2638, 1.6496 -0.7125 1.2598, 1.6513 -0.7105 1.2638, 1.6513 -0.7105 1.2598, 1.652 -0.7096 1.2638, 1.652 -0.7096 1.2598, 1.6523 -0.7089 1.2638, 1.6523 -0.7089 1.2598, 1.6524 -0.7083 1.2638, 1.6524 -0.7083 1.2598, 1.6524 -0.7062 1.2638, 1.6524 -0.7062 1.2598, 1.6516 -0.6929 1.2638, 1.6516 -0.6929 1.2598, 1.6515 -0.6928 1.2638, 1.6515 -0.6928 1.2598, 1.6493 -0.6673 1.2638, 1.6493 -0.6673 1.2598, 1.6481 -0.6577 1.2638, 1.6481 -0.6577 1.2598, 1.6479 -0.6547 1.2638, 1.6479 -0.6547 1.2598, 1.6476 -0.6526 1.2638, 1.6476 -0.6526 1.2598, 1.6473 -0.6512 1.2638, 1.6473 -0.6512 1.2598, 1.6471 -0.6503 1.2638, 1.6471 -0.6503 1.2598, 1.6468 -0.6496 1.2638, 1.6468 -0.6496 1.2598, 1.6465 -0.6492 1.2638, 1.6465 -0.6492 1.2598, 1.6461 -0.6489 1.2638, 1.6461 -0.6489 1.2598, 1.6457 -0.6486 1.2638, 1.6457 -0.6486 1.2598, 1.6453 -0.6485 1.2638, 1.6453 -0.6485 1.2598, 1.6449 -0.6485 1.2638, 1.6449 -0.6485 1.2598, 1.6443 -0.6487 1.2638, 1.6443 -0.6487 1.2598, 1.6437 -0.649 1.2638, 1.6437 -0.649 1.2598, 1.6433 -0.6494 1.2638, 1.6433 -0.6494 1.2598, 1.6428 -0.65 1.2638, 1.6428 -0.65 1.2598, 1.6423 -0.6511 1.2638, 1.6423 -0.6511 1.2598, 1.6419 -0.6526 1.2638, 1.6419 -0.6526 1.2598, 1.638 -0.6752 1.2638, 1.638 -0.6752 1.2598, 1.6046 -0.8128 1.2638, 1.6046 -0.8128 1.2598, 1.5671 -0.9804 1.2638, 1.5303 -0.814 1.2638, 1.6034 -0.8214 1.2638, 1.5881 -0.836 1.2638, 1.5739 -0.8264 1.2638, 1.5691 -0.8238 1.2638, 1.5526 -0.8186 1.2638, 1.5303 -0.814 1.2598, 1.5671 -0.9804 1.2598, 1.5526 -0.8186 1.2598, 1.5691 -0.8238 1.2598, 1.5739 -0.8264 1.2598, 1.5881 -0.836 1.2598, 1.6034 -0.8214 1.2598, 1.2822 -0.9991 1.2638, 1.2822 -0.9991 1.2598, 1.2923 -0.9906 1.2638, 1.2923 -0.9906 1.2598, 1.2797 -1.0011 1.2638, 1.2797 -1.0011 1.2598, 1.2781 -1.0031 1.2638, 1.2781 -1.0031 1.2598, 1.2772 -1.0051 1.2638, 1.2772 -1.0051 1.2598, 1.2769 -1.0065 1.2638, 1.2769 -1.0065 1.2598, 1.2769 -1.0078 1.2638, 1.2769 -1.0078 1.2598, 1.2773 -1.0093 1.2638, 1.2773 -1.0093 1.2598, 1.2778 -1.0102 1.2638, 1.2778 -1.0102 1.2598, 1.2786 -1.011 1.2638, 1.2786 -1.011 1.2598, 1.2793 -1.0116 1.2638, 1.2793 -1.0116 1.2598, 1.2896 -1.0099 1.2638, 1.2896 -1.0099 1.2598, 1.3014 -1.0099 1.2638, 1.3014 -1.0099 1.2598, 1.3062 -1.0107 1.2638, 1.3062 -1.0107 1.2598, 1.311 -1.0116 1.2638, 1.311 -1.0116 1.2598, 1.3229 -1.0127 1.2638, 1.3229 -1.0127 1.2598, 1.3444 -1.0189 1.2638, 1.3444 -1.0189 1.2598, 1.3568 -1.0213 1.2638, 1.3568 -1.0213 1.2598, 1.3693 -1.0224 1.2638, 1.3693 -1.0224 1.2598, 1.3869 -1.0212 1.2638, 1.3869 -1.0212 1.2598, 1.3997 -1.0182 1.2638, 1.3997 -1.0182 1.2598, 1.4101 -1.0128 1.2638, 1.4101 -1.0128 1.2598, 1.4194 -1.0045 1.2638, 1.4194 -1.0045 1.2598, 1.4285 -0.9914 1.2638, 1.4285 -0.9914 1.2598, 1.4373 -0.9683 1.2638, 1.4373 -0.9683 1.2598, 1.4455 -0.9049 1.2638, 1.4455 -0.9049 1.2598, 1.4481 -0.8264 1.2638, 1.4481 -0.8264 1.2598, 1.4424 -0.7596 1.2638, 1.4424 -0.7596 1.2598, 1.4316 -0.7221 1.2638, 1.4316 -0.7221 1.2598, 1.4198 -0.7011 1.2638, 1.4198 -0.7011 1.2598, 1.4099 -0.6893 1.2638, 1.4099 -0.6893 1.2598, 1.399 -0.6813 1.2638, 1.399 -0.6813 1.2598, 1.3884 -0.677 1.2638, 1.3884 -0.677 1.2598, 1.3473 -0.6707 1.2638, 1.3473 -0.6707 1.2598, 1.3224 -0.6678 1.2638, 1.3224 -0.6678 1.2598, 1.3131 -0.6654 1.2638, 1.3131 -0.6654 1.2598, 1.3072 -0.6618 1.2638, 1.3072 -0.6618 1.2598, 1.3053 -0.6607 1.2638, 1.3053 -0.6607 1.2598, 1.3048 -0.6605 1.2638, 1.3048 -0.6605 1.2598, 1.3033 -0.6606 1.2638, 1.3033 -0.6606 1.2598, 1.3022 -0.6611 1.2638, 1.3022 -0.6611 1.2598, 1.2985 -0.6637 1.2638, 1.2985 -0.6637 1.2598, 1.2904 -0.6713 1.2638, 1.2904 -0.6713 1.2598, 1.2878 -0.6741 1.2638, 1.2878 -0.6741 1.2598, 1.281 -0.6814 1.2638, 1.281 -0.6814 1.2598, 1.2796 -0.683 1.2638, 1.2796 -0.683 1.2598, 1.2786 -0.6842 1.2638, 1.2786 -0.6842 1.2598, 1.278 -0.6851 1.2638, 1.278 -0.6851 1.2598, 1.2776 -0.6858 1.2638, 1.2776 -0.6858 1.2598, 1.2774 -0.6864 1.2638, 1.2774 -0.6864 1.2598, 1.2774 -0.687 1.2638, 1.2774 -0.687 1.2598, 1.2775 -0.6878 1.2638, 1.2775 -0.6878 1.2598, 1.278 -0.6889 1.2638, 1.278 -0.6889 1.2598, 1.2783 -0.6894 1.2638, 1.2783 -0.6894 1.2598, 1.2785 -0.6897 1.2638, 1.2785 -0.6897 1.2598, 1.2788 -0.6899 1.2638, 1.2788 -0.6899 1.2598, 1.2794 -0.6901 1.2638, 1.2794 -0.6901 1.2598, 1.2808 -0.6902 1.2638, 1.2808 -0.6902 1.2598, 1.2828 -0.69 1.2638, 1.2828 -0.69 1.2598, 1.2906 -0.69 1.2638, 1.2906 -0.69 1.2598, 1.2997 -0.69 1.2638, 1.2997 -0.69 1.2598, 1.2997 -0.9867 1.2638, 1.2997 -0.9867 1.2598, 1.2959 -0.9885 1.2638, 1.2959 -0.9885 1.2598, 1.3156 -0.9906 1.2638, 1.3156 -0.6911 1.2638, 1.3881 -0.6994 1.2638, 1.3755 -0.6962 1.2638, 1.358 -0.6939 1.2638, 1.3331 -0.6911 1.2638, 1.3973 -0.7035 1.2638, 1.3243 -0.6908 1.2638, 1.3263 -0.9952 1.2638, 1.3504 -1.0007 1.2638, 1.375 -1.0026 1.2638, 1.39 -0.9997 1.2638, 1.4309 -0.7928 1.2638, 1.4219 -0.7425 1.2638, 1.4107 -0.7174 1.2638, 1.4041 -0.7089 1.2638, 1.4009 -0.9954 1.2638, 1.4076 -0.9905 1.2638, 1.4144 -0.9824 1.2638, 1.4207 -0.9702 1.2638, 1.4256 -0.9532 1.2638, 1.4323 -0.8762 1.2638, 1.358 -0.6939 1.2598, 1.3331 -0.6911 1.2598, 1.3755 -0.6962 1.2598, 1.3881 -0.6994 1.2598, 1.3973 -0.7035 1.2598, 1.4041 -0.7089 1.2598, 1.4107 -0.7174 1.2598, 1.4219 -0.7425 1.2598, 1.4309 -0.7928 1.2598, 1.4323 -0.8762 1.2598, 1.4256 -0.9532 1.2598, 1.4207 -0.9702 1.2598, 1.4144 -0.9824 1.2598, 1.4076 -0.9905 1.2598, 1.4009 -0.9954 1.2598, 1.39 -0.9997 1.2598, 1.375 -1.0026 1.2598, 1.3504 -1.0007 1.2598, 1.3263 -0.9952 1.2598, 1.3156 -0.9906 1.2598, 1.3156 -0.6911 1.2598, 1.3243 -0.6908 1.2598, 1.1597 -0.8694 1.2638, 1.1597 -0.8694 1.2598, 1.1121 -0.8632 1.2638, 1.1121 -0.8632 1.2598, 1.1793 -0.8734 1.2638, 1.1793 -0.8734 1.2598, 1.1919 -0.8779 1.2638, 1.1919 -0.8779 1.2598, 1.1976 -0.8813 1.2638, 1.1976 -0.8813 1.2598, 1.2027 -0.8842 1.2638, 1.2027 -0.8842 1.2598, 1.2192 -0.8677 1.2638, 1.2192 -0.8677 1.2598, 1.2203 -0.8662 1.2638, 1.2203 -0.8662 1.2598, 1.2211 -0.865 1.2638, 1.2211 -0.865 1.2598, 1.2215 -0.8638 1.2638, 1.2215 -0.8638 1.2598, 1.2217 -0.8628 1.2638, 1.2217 -0.8628 1.2598, 1.2216 -0.862 1.2638, 1.2216 -0.862 1.2598, 1.2213 -0.861 1.2638, 1.2213 -0.861 1.2598, 1.2206 -0.8599 1.2638, 1.2206 -0.8599 1.2598, 1.2198 -0.8591 1.2638, 1.2198 -0.8591 1.2598, 1.2188 -0.8585 1.2638, 1.2188 -0.8585 1.2598, 1.2177 -0.8582 1.2638, 1.2177 -0.8582 1.2598, 1.2163 -0.8581 1.2638, 1.2163 -0.8581 1.2598, 1.1121 -0.8434 1.2638, 1.1121 -0.8434 1.2598, 1.1121 -0.69 1.2638, 1.1121 -0.69 1.2598, 1.1965 -0.7018 1.2638, 1.1965 -0.7018 1.2598, 1.2047 -0.7039 1.2638, 1.2047 -0.7039 1.2598, 1.2124 -0.7075 1.2638, 1.2124 -0.7075 1.2598, 1.2174 -0.7104 1.2638, 1.2174 -0.7104 1.2598, 1.2333 -0.6928 1.2638, 1.2333 -0.6928 1.2598, 1.235 -0.6904 1.2638, 1.235 -0.6904 1.2598, 1.2355 -0.6891 1.2638, 1.2355 -0.6891 1.2598, 1.2356 -0.6881 1.2638, 1.2356 -0.6881 1.2598, 1.2356 -0.6873 1.2638, 1.2356 -0.6873 1.2598, 1.2353 -0.6863 1.2638, 1.2353 -0.6863 1.2598, 1.2347 -0.6853 1.2638, 1.2347 -0.6853 1.2598, 1.2343 -0.6847 1.2638, 1.2343 -0.6847 1.2598, 1.2339 -0.6844 1.2638, 1.2339 -0.6844 1.2598, 1.2333 -0.6841 1.2638, 1.2333 -0.6841 1.2598, 1.2332 -0.6841 1.2638, 1.2332 -0.6841 1.2598, 1.2317 -0.6838 1.2638, 1.2317 -0.6838 1.2598, 1.2299 -0.6837 1.2638, 1.2299 -0.6837 1.2598, 1.2214 -0.6832 1.2638, 1.2214 -0.6832 1.2598, 1.1786 -0.6779 1.2638, 1.1786 -0.6779 1.2598, 1.1359 -0.6713 1.2638, 1.1359 -0.6713 1.2598, 1.1099 -0.6667 1.2638, 1.1099 -0.6667 1.2598, 1.1036 -0.6644 1.2638, 1.1036 -0.6644 1.2598, 1.0996 -0.6635 1.2638, 1.0996 -0.6635 1.2598, 1.0967 -0.6633 1.2638, 1.0967 -0.6633 1.2598, 1.0952 -0.6636 1.2638, 1.0952 -0.6636 1.2598, 1.0939 -0.6642 1.2638, 1.0939 -0.6642 1.2598, 1.0924 -0.6653 1.2638, 1.0924 -0.6653 1.2598, 1.0913 -0.6667 1.2638, 1.0913 -0.6667 1.2598, 1.0907 -0.668 1.2638, 1.0907 -0.668 1.2598, 1.0903 -0.6702 1.2638, 1.0903 -0.6702 1.2598, 1.0904 -0.6735 1.2638, 1.0904 -0.6735 1.2598, 1.0906 -0.6746 1.2638, 1.0906 -0.6746 1.2598, 1.0942 -0.6889 1.2638, 1.0942 -0.6889 1.2598, 1.0957 -0.7036 1.2638, 1.0957 -0.7036 1.2598, 1.0957 -0.7143 1.2638, 1.0957 -0.7143 1.2598, 1.096 -0.7214 1.2638, 1.096 -0.7214 1.2598, 1.0963 -0.7285 1.2638, 1.0963 -0.7285 1.2598, 1.0957 -0.9878 1.2638, 1.0957 -0.9878 1.2598, 1.0893 -0.9953 1.2638, 1.0893 -0.9953 1.2598, 1.0855 -1.0 1.2638, 1.0855 -1.0 1.2598, 1.0832 -1.0034 1.2638, 1.0832 -1.0034 1.2598, 1.0823 -1.0053 1.2638, 1.0823 -1.0053 1.2598, 1.0818 -1.008 1.2638, 1.0818 -1.008 1.2598, 1.0817 -1.0097 1.2638, 1.0817 -1.0097 1.2598, 1.0817 -1.011 1.2638, 1.0817 -1.011 1.2598, 1.0818 -1.0115 1.2638, 1.0818 -1.0115 1.2598, 1.082 -1.0119 1.2638, 1.082 -1.0119 1.2598, 1.0822 -1.0122 1.2638, 1.0822 -1.0122 1.2598, 1.0824 -1.0124 1.2638, 1.0824 -1.0124 1.2598, 1.0827 -1.0125 1.2638, 1.0827 -1.0125 1.2598, 1.0835 -1.0128 1.2638, 1.0835 -1.0128 1.2598, 1.085 -1.0129 1.2638, 1.085 -1.0129 1.2598, 1.0866 -1.0127 1.2638, 1.0866 -1.0127 1.2598, 1.0974 -1.011 1.2638, 1.0974 -1.011 1.2598, 1.107 -1.0099 1.2638, 1.107 -1.0099 1.2598, 1.1167 -1.0099 1.2638, 1.1167 -1.0099 1.2598, 1.1183 -1.0099 1.2638, 1.1183 -1.0099 1.2598, 1.1294 -1.0101 1.2638, 1.1294 -1.0101 1.2598, 1.1404 -1.0116 1.2638, 1.1404 -1.0116 1.2598, 1.1625 -1.0156 1.2638, 1.1625 -1.0156 1.2598, 1.1821 -1.0195 1.2638, 1.1821 -1.0195 1.2598, 1.1974 -1.0251 1.2638, 1.1974 -1.0251 1.2598, 1.2005 -1.0269 1.2638, 1.2005 -1.0269 1.2598, 1.2056 -1.0302 1.2638, 1.2056 -1.0302 1.2598, 1.2219 -1.0133 1.2638, 1.2219 -1.0133 1.2598, 1.223 -1.0114 1.2638, 1.223 -1.0114 1.2598, 1.2237 -1.0101 1.2638, 1.2237 -1.0101 1.2598, 1.2241 -1.0091 1.2638, 1.2241 -1.0091 1.2598, 1.2242 -1.0082 1.2638, 1.2242 -1.0082 1.2598, 1.2241 -1.0074 1.2638, 1.2241 -1.0074 1.2598, 1.2239 -1.0067 1.2638, 1.2239 -1.0067 1.2598, 1.2234 -1.006 1.2638, 1.2234 -1.006 1.2598, 1.2226 -1.0052 1.2638, 1.2226 -1.0052 1.2598, 1.2216 -1.0046 1.2638, 1.2216 -1.0046 1.2598, 1.2205 -1.0043 1.2638, 1.2205 -1.0043 1.2598, 1.2192 -1.0042 1.2638, 1.2192 -1.0042 1.2598, 1.2101 -1.0031 1.2638, 1.2101 -1.0031 1.2598, 1.1968 -1.0013 1.2638, 1.1968 -1.0013 1.2598, 1.1834 -0.9997 1.2638, 1.1834 -0.9997 1.2598, 1.1121 -0.9878 1.2638, 1.1121 -0.9878 1.2598, 1.0259 -1.0218 1.2638, 1.0259 -1.0218 1.2598, 1.0174 -1.0218 1.2638, 1.0174 -1.0218 1.2598, 1.0259 -0.8706 1.2638, 1.0259 -0.8706 1.2598, 1.0151 -0.8706 1.2638, 1.0151 -0.8706 1.2598, 1.0104 -0.9504 1.2638, 1.0104 -0.9504 1.2598, 1.0034 -0.976 1.2638, 1.0034 -0.976 1.2598, 0.9963 -0.99 1.2638, 0.9963 -0.99 1.2598, 0.9894 -0.9982 1.2638, 0.9894 -0.9982 1.2598, 0.9819 -1.0039 1.2638, 0.9819 -1.0039 1.2598, 0.9739 -1.0075 1.2638, 0.9739 -1.0075 1.2598, 0.9653 -1.0094 1.2638, 0.9653 -1.0094 1.2598, 0.9535 -1.0086 1.2638, 0.9535 -1.0086 1.2598, 0.9434 -1.0052 1.2638, 0.9434 -1.0052 1.2598, 0.9338 -0.9993 1.2638, 0.9338 -0.9993 1.2598, 0.9247 -0.9903 1.2638, 0.9247 -0.9903 1.2598, 0.9149 -0.975 1.2638, 0.9149 -0.975 1.2598, 0.9017 -0.9369 1.2638, 0.9017 -0.9369 1.2598, 0.8966 -0.9074 1.2638, 0.8966 -0.9074 1.2598, 0.8945 -0.8173 1.2638, 0.8945 -0.8173 1.2598, 0.9085 -0.7364 1.2638, 0.9085 -0.7364 1.2598, 0.9171 -0.7134 1.2638, 0.9171 -0.7134 1.2598, 0.93 -0.6951 1.2638, 0.93 -0.6951 1.2598, 0.9382 -0.6876 1.2638, 0.9382 -0.6876 1.2598, 0.9454 -0.6834 1.2638, 0.9454 -0.6834 1.2598, 0.9529 -0.6811 1.2638, 0.9529 -0.6811 1.2598, 0.9608 -0.6803 1.2638, 0.9608 -0.6803 1.2598, 0.9735 -0.6813 1.2638, 0.9735 -0.6813 1.2598, 0.986 -0.686 1.2638, 0.986 -0.686 1.2598, 0.9961 -0.6931 1.2638, 0.9961 -0.6931 1.2598, 1.0045 -0.7027 1.2638, 1.0045 -0.7027 1.2598, 1.0119 -0.7174 1.2638, 1.0119 -0.7174 1.2598, 1.02 -0.7548 1.2638, 1.02 -0.7548 1.2598, 1.0224 -0.7715 1.2638, 1.0224 -0.7715 1.2598, 1.0253 -0.8015 1.2638, 1.0253 -0.8015 1.2598, 1.0344 -0.801 1.2638, 1.0344 -0.801 1.2598, 1.0301 -0.7333 1.2638, 1.0301 -0.7333 1.2598, 1.0236 -0.708 1.2638, 1.0236 -0.708 1.2598, 1.0139 -0.6884 1.2638, 1.0139 -0.6884 1.2598, 1.0065 -0.679 1.2638, 1.0065 -0.679 1.2598, 0.9957 -0.6702 1.2638, 0.9957 -0.6702 1.2598, 0.982 -0.6639 1.2638, 0.982 -0.6639 1.2598, 0.9687 -0.6616 1.2638, 0.9687 -0.6616 1.2598, 0.9542 -0.6621 1.2638, 0.9542 -0.6621 1.2598, 0.9392 -0.6668 1.2638, 0.9392 -0.6668 1.2598, 0.9261 -0.6744 1.2638, 0.9261 -0.6744 1.2598, 0.9167 -0.6841 1.2638, 0.9167 -0.6841 1.2598, 0.9037 -0.7052 1.2638, 0.9037 -0.7052 1.2598, 0.8879 -0.7526 1.2638, 0.8879 -0.7526 1.2598, 0.8817 -0.791 1.2638, 0.8817 -0.791 1.2598, 0.8815 -0.9052 1.2638, 0.8815 -0.9052 1.2598, 0.8952 -0.9665 1.2638, 0.8952 -0.9665 1.2598, 0.9072 -0.9935 1.2638, 0.9072 -0.9935 1.2598, 0.9187 -1.0085 1.2638, 0.9187 -1.0085 1.2598, 0.9363 -1.0221 1.2638, 0.9363 -1.0221 1.2598, 0.9447 -1.0263 1.2638, 0.9447 -1.0263 1.2598, 0.9528 -1.0279 1.2638, 0.9528 -1.0279 1.2598, 0.9608 -1.028 1.2638, 0.9608 -1.028 1.2598, 0.9774 -1.0237 1.2638, 0.9774 -1.0237 1.2598, 0.9905 -1.0165 1.2638, 0.9905 -1.0165 1.2598, 1.0018 -1.0062 1.2638, 1.0018 -1.0062 1.2598, 1.0083 -0.9974 1.2638, 1.0083 -0.9974 1.2598, 1.0134 -0.9884 1.2638, 1.0134 -0.9884 1.2598, 0.7122 -1.0427 1.2598, 0.7122 -1.0427 1.2638, 0.7204 -1.0325 1.2598, 0.7371 -1.0116 1.2638, 0.7371 -1.0116 1.2598, 0.7313 -0.9992 1.2638, 0.7313 -0.9992 1.2598, 0.7288 -0.9832 1.2638, 0.7288 -0.9832 1.2598, 0.7287 -0.9759 1.2638, 0.7287 -0.9759 1.2598, 0.7287 -0.6871 1.2638, 0.7287 -0.6871 1.2598, 0.7723 -0.6908 1.2638, 0.7723 -0.6908 1.2598, 0.793 -0.694 1.2638, 0.793 -0.694 1.2598, 0.8 -0.6956 1.2638, 0.8 -0.6956 1.2598, 0.8041 -0.6975 1.2638, 0.8041 -0.6975 1.2598, 0.8093 -0.702 1.2638, 0.8093 -0.702 1.2598, 0.8111 -0.7033 1.2638, 0.8111 -0.7033 1.2598, 0.813 -0.7041 1.2638, 0.813 -0.7041 1.2598, 0.8262 -0.6924 1.2638, 0.8262 -0.6924 1.2598, 0.8324 -0.6867 1.2638, 0.8324 -0.6867 1.2598, 0.8345 -0.6844 1.2638, 0.8345 -0.6844 1.2598, 0.8355 -0.6827 1.2638, 0.8355 -0.6827 1.2598, 0.836 -0.6807 1.2638, 0.836 -0.6807 1.2598, 0.8362 -0.6787 1.2638, 0.8362 -0.6787 1.2598, 0.8356 -0.6774 1.2638, 0.8356 -0.6774 1.2598, 0.8351 -0.6769 1.2638, 0.8351 -0.6769 1.2598, 0.8343 -0.6764 1.2638, 0.8343 -0.6764 1.2598, 0.8329 -0.6758 1.2638, 0.8329 -0.6758 1.2598, 0.8308 -0.6756 1.2638, 0.8308 -0.6756 1.2598, 0.8209 -0.6753 1.2638, 0.8209 -0.6753 1.2598, 0.8065 -0.6733 1.2638, 0.8065 -0.6733 1.2598, 0.7692 -0.6694 1.2638, 0.7692 -0.6694 1.2598, 0.7569 -0.6684 1.2638, 0.7569 -0.6684 1.2598, 0.7332 -0.6662 1.2638, 0.7332 -0.6662 1.2598, 0.7201 -0.6651 1.2638, 0.7201 -0.6651 1.2598, 0.7172 -0.6642 1.2638, 0.7172 -0.6642 1.2598, 0.7156 -0.6641 1.2638, 0.7156 -0.6641 1.2598, 0.7145 -0.6642 1.2638, 0.7145 -0.6642 1.2598, 0.7136 -0.6646 1.2638, 0.7136 -0.6646 1.2598, 0.713 -0.6651 1.2638, 0.713 -0.6651 1.2598, 0.7122 -0.6659 1.2638, 0.7122 -0.6659 1.2598, 0.7113 -0.6675 1.2638, 0.7113 -0.6675 1.2598, 0.7109 -0.669 1.2638, 0.7109 -0.669 1.2598, 0.711 -0.6722 1.2638, 0.711 -0.6722 1.2598, 0.7125 -0.686 1.2638, 0.7125 -0.686 1.2598, 0.7128 -0.6894 1.2638, 0.7128 -0.6894 1.2598, 0.7139 -0.7228 1.2638, 0.7139 -0.7228 1.2598, 0.7139 -0.9776 1.2638, 0.7139 -0.9776 1.2598, 0.7136 -1.0053 1.2638, 0.7136 -1.0053 1.2598, 0.7094 -1.0325 1.2638, 0.7094 -1.0325 1.2598, 0.7083 -1.0382 1.2638, 0.7083 -1.0382 1.2598
            ]
        }
        coordIndex [
            0,1,2,-1,2,1,3,-1,1,4,3,-1,3,4,5,-1,4,6,5,-1,5,6,7,-1,6,4,0,-1,0,4,1,-1,8,9,10,-1,10,9,11,-1,9,12,11,-1,11,12,13,-1,12,14,13,-1,13,14,15,-1,14,12,8,-1,8,12,9,-1,16,17,18,-1,18,17,19,-1,20,21,16,-1,16,21,17,-1,22,23,20,-1,20,23,21,-1,23,22,24,-1,23,24,25,-1,25,24,26,-1,25,26,27,-1,27,26,28,-1,27,28,29,-1,29,28,30,-1,29,30,31,-1,31,30,32,-1,31,32,33,-1,33,32,34,-1,33,34,35,-1,35,34,36,-1,35,36,37,-1,37,36,38,-1,37,38,39,-1,39,38,40,-1,39,40,41,-1,41,40,42,-1,41,42,43,-1,43,42,44,-1,43,44,45,-1,45,44,46,-1,45,46,47,-1,47,46,48,-1,47,48,49,-1,49,48,50,-1,49,50,51,-1,51,50,52,-1,51,52,53,-1,54,55,52,-1,52,55,53,-1,55,54,56,-1,55,56,57,-1,57,56,58,-1,57,58,59,-1,59,58,60,-1,59,60,61,-1,61,60,62,-1,61,62,63,-1,64,65,62,-1,62,65,63,-1,65,64,66,-1,65,66,67,-1,67,66,68,-1,67,68,69,-1,69,68,70,-1,70,68,71,-1,70,71,72,-1,73,74,71,-1,71,74,72,-1,75,76,73,-1,73,76,77,-1,73,77,74,-1,78,79,75,-1,75,79,76,-1,79,78,80,-1,79,80,81,-1,81,80,82,-1,81,82,83,-1,84,85,82,-1,82,85,83,-1,85,84,86,-1,85,86,87,-1,87,86,88,-1,87,88,89,-1,89,88,90,-1,89,90,91,-1,91,90,92,-1,91,92,93,-1,93,92,94,-1,93,94,95,-1,95,94,96,-1,95,96,97,-1,97,96,98,-1,97,98,99,-1,99,98,100,-1,99,100,101,-1,101,100,102,-1,101,102,103,-1,104,105,102,-1,102,105,103,-1,106,107,104,-1,104,107,105,-1,107,106,108,-1,107,108,109,-1,109,108,110,-1,109,110,111,-1,111,110,112,-1,111,112,113,-1,113,112,114,-1,113,114,115,-1,115,114,116,-1,115,116,117,-1,117,116,118,-1,117,118,119,-1,119,118,120,-1,119,120,121,-1,121,120,122,-1,121,122,123,-1,123,122,124,-1,123,124,125,-1,125,124,126,-1,125,126,127,-1,127,126,128,-1,127,128,129,-1,129,128,130,-1,129,130,131,-1,131,130,132,-1,131,132,133,-1,133,132,134,-1,133,134,135,-1,135,134,136,-1,135,136,137,-1,137,136,138,-1,137,138,139,-1,140,141,138,-1,138,141,139,-1,142,143,140,-1,140,143,141,-1,142,18,143,-1,143,18,19,-1,144,71,145,-1,145,71,68,-1,22,20,50,-1,142,146,147,-1,88,86,140,-1,140,86,84,-1,147,148,142,-1,142,148,149,-1,142,149,18,-1,18,149,150,-1,66,16,68,-1,68,16,18,-1,68,18,145,-1,145,18,150,-1,84,82,140,-1,140,82,80,-1,140,80,142,-1,142,80,78,-1,142,78,146,-1,146,78,75,-1,146,75,144,-1,144,75,73,-1,144,73,71,-1,16,54,20,-1,20,54,52,-1,20,52,50,-1,110,108,138,-1,138,108,106,-1,138,106,140,-1,140,106,104,-1,104,102,140,-1,140,102,100,-1,140,100,88,-1,88,100,98,-1,88,98,90,-1,66,64,16,-1,16,64,62,-1,16,62,60,-1,48,26,50,-1,50,26,24,-1,50,24,22,-1,60,58,16,-1,16,58,56,-1,16,56,54,-1,96,94,98,-1,98,94,92,-1,98,92,90,-1,134,116,136,-1,136,116,114,-1,136,114,138,-1,138,114,112,-1,138,112,110,-1,134,132,116,-1,116,132,130,-1,116,130,118,-1,46,30,48,-1,48,30,28,-1,48,28,26,-1,46,44,30,-1,30,44,42,-1,30,42,40,-1,34,32,36,-1,36,32,30,-1,36,30,38,-1,38,30,40,-1,126,124,128,-1,128,124,122,-1,128,122,130,-1,130,122,120,-1,130,120,118,-1,145,151,144,-1,144,151,152,-1,151,145,150,-1,151,150,153,-1,153,150,149,-1,153,149,154,-1,154,149,148,-1,154,148,155,-1,147,156,148,-1,148,156,155,-1,146,157,147,-1,147,157,156,-1,152,157,144,-1,144,157,146,-1,158,159,160,-1,160,159,161,-1,159,158,162,-1,159,162,163,-1,163,162,164,-1,163,164,165,-1,165,164,166,-1,165,166,167,-1,167,166,168,-1,167,168,169,-1,169,168,170,-1,169,170,171,-1,171,170,172,-1,171,172,173,-1,173,172,174,-1,173,174,175,-1,175,174,176,-1,175,176,177,-1,177,176,178,-1,177,178,179,-1,180,181,178,-1,178,181,179,-1,182,183,180,-1,180,183,181,-1,183,182,184,-1,183,184,185,-1,185,184,186,-1,185,186,187,-1,188,189,186,-1,186,189,187,-1,190,191,188,-1,188,191,189,-1,191,190,192,-1,191,192,193,-1,193,192,194,-1,193,194,195,-1,195,194,196,-1,195,196,197,-1,197,196,198,-1,197,198,199,-1,199,198,200,-1,199,200,201,-1,201,200,202,-1,201,202,203,-1,203,202,204,-1,203,204,205,-1,205,204,206,-1,205,206,207,-1,207,206,208,-1,207,208,209,-1,209,208,210,-1,209,210,211,-1,211,210,212,-1,211,212,213,-1,213,212,214,-1,213,214,215,-1,215,214,216,-1,215,216,217,-1,217,216,218,-1,217,218,219,-1,219,218,220,-1,219,220,221,-1,221,220,222,-1,221,222,223,-1,223,222,224,-1,223,224,225,-1,226,227,224,-1,224,227,225,-1,227,226,228,-1,227,228,229,-1,229,228,230,-1,229,230,231,-1,231,230,232,-1,231,232,233,-1,233,232,234,-1,233,234,235,-1,235,234,236,-1,235,236,237,-1,237,236,238,-1,237,238,239,-1,239,238,240,-1,239,240,241,-1,241,240,242,-1,241,242,243,-1,243,242,244,-1,243,244,245,-1,246,247,244,-1,244,247,245,-1,247,246,248,-1,247,248,249,-1,249,248,250,-1,249,250,251,-1,251,250,252,-1,251,252,253,-1,253,252,254,-1,253,254,255,-1,255,254,256,-1,255,256,257,-1,257,256,258,-1,257,258,259,-1,259,258,260,-1,259,260,261,-1,261,260,262,-1,261,262,263,-1,263,262,264,-1,263,264,265,-1,265,264,266,-1,265,266,267,-1,267,266,268,-1,267,268,269,-1,269,268,270,-1,269,270,271,-1,271,270,272,-1,271,272,273,-1,273,272,274,-1,273,274,275,-1,276,277,274,-1,274,277,275,-1,278,279,276,-1,276,279,277,-1,280,281,278,-1,278,281,279,-1,281,280,282,-1,281,282,283,-1,283,282,160,-1,283,160,161,-1,252,250,274,-1,182,180,284,-1,180,178,158,-1,158,178,176,-1,158,176,162,-1,158,160,180,-1,180,160,282,-1,180,282,284,-1,284,282,280,-1,284,280,285,-1,286,287,242,-1,242,287,288,-1,242,288,289,-1,250,248,274,-1,274,248,246,-1,274,246,276,-1,276,246,244,-1,276,244,278,-1,278,244,242,-1,242,240,286,-1,286,240,228,-1,286,228,290,-1,280,278,285,-1,285,278,242,-1,285,242,291,-1,291,242,289,-1,292,293,190,-1,190,293,192,-1,192,293,294,-1,192,294,194,-1,268,266,264,-1,190,188,292,-1,292,188,186,-1,292,186,284,-1,284,186,184,-1,284,184,182,-1,194,294,196,-1,196,294,295,-1,196,295,198,-1,274,260,258,-1,174,166,176,-1,176,166,164,-1,176,164,162,-1,174,172,166,-1,166,172,170,-1,166,170,168,-1,296,297,214,-1,260,274,262,-1,262,274,272,-1,262,272,264,-1,264,272,270,-1,264,270,268,-1,258,256,274,-1,274,256,254,-1,274,254,252,-1,236,234,238,-1,238,234,232,-1,238,232,240,-1,240,232,230,-1,240,230,228,-1,214,297,216,-1,228,226,290,-1,290,226,224,-1,290,224,222,-1,297,298,216,-1,216,298,299,-1,216,299,218,-1,218,299,290,-1,218,290,220,-1,220,290,222,-1,198,295,200,-1,200,295,300,-1,200,300,202,-1,202,300,301,-1,202,301,204,-1,204,301,302,-1,204,302,206,-1,302,303,206,-1,206,303,304,-1,206,304,208,-1,208,304,305,-1,208,305,210,-1,210,305,296,-1,210,296,212,-1,212,296,214,-1,288,306,289,-1,289,306,307,-1,306,288,287,-1,306,287,308,-1,308,287,286,-1,308,286,309,-1,309,286,290,-1,309,290,310,-1,310,290,299,-1,310,299,311,-1,311,299,298,-1,311,298,312,-1,312,298,297,-1,312,297,313,-1,313,297,296,-1,313,296,314,-1,314,296,305,-1,314,305,315,-1,315,305,304,-1,315,304,316,-1,316,304,303,-1,316,303,317,-1,317,303,302,-1,317,302,318,-1,318,302,301,-1,318,301,319,-1,319,301,300,-1,319,300,320,-1,320,300,295,-1,320,295,321,-1,321,295,294,-1,321,294,322,-1,322,294,293,-1,322,293,323,-1,323,293,292,-1,323,292,324,-1,284,325,292,-1,292,325,324,-1,285,326,284,-1,284,326,325,-1,326,285,291,-1,326,291,327,-1,327,291,289,-1,327,289,307,-1,328,329,330,-1,330,329,331,-1,329,328,332,-1,329,332,333,-1,333,332,334,-1,333,334,335,-1,335,334,336,-1,335,336,337,-1,338,339,336,-1,336,339,337,-1,340,341,338,-1,338,341,339,-1,341,340,342,-1,341,342,343,-1,343,342,344,-1,343,344,345,-1,345,344,346,-1,345,346,347,-1,347,346,348,-1,347,348,349,-1,349,348,350,-1,349,350,351,-1,351,350,352,-1,351,352,353,-1,353,352,354,-1,353,354,355,-1,355,354,356,-1,355,356,357,-1,357,356,358,-1,357,358,359,-1,359,358,360,-1,359,360,361,-1,361,360,362,-1,361,362,363,-1,364,365,362,-1,362,365,363,-1,366,367,364,-1,364,367,365,-1,368,369,366,-1,366,369,367,-1,369,368,370,-1,369,370,371,-1,371,370,372,-1,371,372,373,-1,374,375,372,-1,372,375,373,-1,376,377,374,-1,374,377,375,-1,377,376,378,-1,377,378,379,-1,379,378,380,-1,379,380,381,-1,381,380,382,-1,381,382,383,-1,383,382,384,-1,383,384,385,-1,385,384,386,-1,385,386,387,-1,387,386,388,-1,387,388,389,-1,389,388,390,-1,389,390,391,-1,391,390,392,-1,391,392,393,-1,393,392,394,-1,393,394,395,-1,395,394,396,-1,395,396,397,-1,397,396,398,-1,397,398,399,-1,399,398,400,-1,399,400,401,-1,402,403,400,-1,400,403,401,-1,403,402,404,-1,403,404,405,-1,405,404,406,-1,405,406,407,-1,408,409,406,-1,406,409,407,-1,409,408,410,-1,409,410,411,-1,411,410,412,-1,411,412,413,-1,413,412,414,-1,413,414,415,-1,415,414,416,-1,415,416,417,-1,417,416,418,-1,417,418,419,-1,419,418,420,-1,419,420,421,-1,421,420,422,-1,421,422,423,-1,423,422,424,-1,423,424,425,-1,425,424,426,-1,425,426,427,-1,427,426,428,-1,427,428,429,-1,429,428,430,-1,429,430,431,-1,431,430,432,-1,431,432,433,-1,433,432,434,-1,433,434,435,-1,436,437,434,-1,434,437,435,-1,437,436,438,-1,437,438,439,-1,439,438,440,-1,439,440,441,-1,442,443,440,-1,440,443,441,-1,443,442,444,-1,443,444,445,-1,445,444,446,-1,445,446,447,-1,447,446,448,-1,447,448,449,-1,449,448,450,-1,449,450,451,-1,451,450,452,-1,451,452,453,-1,453,452,454,-1,453,454,455,-1,455,454,456,-1,455,456,457,-1,457,456,458,-1,457,458,459,-1,459,458,460,-1,459,460,461,-1,461,460,462,-1,461,462,463,-1,463,462,464,-1,463,464,465,-1,465,464,466,-1,465,466,467,-1,467,466,468,-1,467,468,469,-1,469,468,470,-1,469,470,471,-1,471,470,472,-1,471,472,473,-1,474,475,472,-1,472,475,473,-1,475,474,476,-1,475,476,477,-1,477,476,478,-1,477,478,479,-1,480,481,478,-1,478,481,479,-1,481,480,482,-1,481,482,483,-1,483,482,484,-1,483,484,485,-1,486,487,484,-1,484,487,485,-1,487,486,488,-1,487,488,489,-1,489,488,490,-1,489,490,491,-1,491,490,492,-1,491,492,493,-1,494,495,492,-1,492,495,493,-1,496,497,494,-1,494,497,495,-1,497,496,498,-1,497,498,499,-1,499,498,500,-1,499,500,501,-1,501,500,502,-1,501,502,503,-1,503,502,504,-1,503,504,505,-1,505,504,506,-1,505,506,507,-1,507,506,508,-1,507,508,509,-1,509,508,510,-1,509,510,511,-1,511,510,512,-1,511,512,513,-1,513,512,514,-1,513,514,515,-1,515,514,516,-1,515,516,517,-1,517,516,518,-1,517,518,519,-1,520,521,518,-1,518,521,519,-1,521,520,522,-1,521,522,523,-1,523,522,524,-1,523,524,525,-1,526,527,524,-1,524,527,525,-1,526,330,527,-1,527,330,331,-1,412,410,366,-1,372,370,402,-1,402,370,368,-1,336,334,362,-1,410,408,366,-1,366,408,406,-1,366,406,368,-1,368,406,404,-1,368,404,402,-1,440,438,366,-1,438,436,366,-1,366,436,434,-1,366,434,432,-1,432,430,366,-1,366,430,428,-1,366,428,426,-1,330,364,328,-1,328,364,362,-1,328,362,332,-1,332,362,334,-1,372,402,374,-1,374,402,400,-1,374,400,376,-1,376,400,398,-1,376,398,396,-1,366,420,418,-1,446,444,526,-1,526,444,442,-1,526,442,330,-1,330,442,440,-1,330,440,364,-1,364,440,366,-1,426,424,366,-1,366,424,422,-1,366,422,420,-1,346,344,360,-1,360,344,362,-1,338,336,340,-1,340,336,362,-1,340,362,342,-1,342,362,344,-1,458,456,526,-1,526,456,454,-1,526,454,452,-1,396,394,376,-1,376,394,392,-1,376,392,390,-1,418,416,366,-1,366,416,414,-1,366,414,412,-1,504,502,516,-1,516,502,500,-1,516,500,518,-1,518,500,498,-1,518,498,496,-1,482,480,526,-1,526,480,478,-1,526,478,476,-1,476,474,526,-1,526,474,472,-1,526,472,470,-1,380,386,382,-1,382,386,384,-1,390,388,376,-1,376,388,386,-1,376,386,378,-1,378,386,380,-1,464,462,526,-1,526,462,460,-1,526,460,458,-1,452,450,526,-1,526,450,448,-1,526,448,446,-1,496,494,518,-1,518,494,492,-1,518,492,520,-1,520,492,490,-1,520,490,522,-1,522,490,488,-1,522,488,524,-1,524,488,486,-1,524,486,526,-1,526,486,484,-1,526,484,482,-1,470,468,526,-1,526,468,466,-1,526,466,464,-1,352,350,360,-1,360,350,348,-1,360,348,346,-1,510,516,512,-1,512,516,514,-1,510,508,516,-1,516,508,506,-1,516,506,504,-1,358,356,360,-1,360,356,354,-1,360,354,352,-1,528,529,530,-1,530,529,531,-1,532,533,528,-1,528,533,529,-1,534,535,532,-1,532,535,533,-1,535,534,536,-1,535,536,537,-1,537,536,538,-1,537,538,539,-1,539,538,540,-1,539,540,541,-1,541,540,542,-1,541,542,543,-1,543,542,544,-1,543,544,545,-1,545,544,546,-1,545,546,547,-1,547,546,548,-1,547,548,549,-1,549,548,550,-1,549,550,551,-1,551,550,552,-1,551,552,553,-1,553,552,554,-1,553,554,555,-1,555,554,556,-1,555,556,557,-1,557,556,558,-1,557,558,559,-1,559,558,560,-1,559,560,561,-1,561,560,562,-1,561,562,563,-1,563,562,564,-1,563,564,565,-1,565,564,566,-1,565,566,567,-1,567,566,568,-1,567,568,569,-1,569,568,570,-1,569,570,571,-1,571,570,572,-1,571,572,573,-1,573,572,574,-1,573,574,575,-1,575,574,576,-1,575,576,577,-1,577,576,578,-1,577,578,579,-1,579,578,580,-1,579,580,581,-1,581,580,582,-1,581,582,583,-1,583,582,584,-1,583,584,585,-1,585,584,586,-1,585,586,587,-1,587,586,588,-1,587,588,589,-1,589,588,590,-1,589,590,591,-1,591,590,592,-1,591,592,593,-1,594,595,592,-1,592,595,593,-1,596,597,594,-1,594,597,595,-1,597,596,598,-1,597,598,599,-1,599,598,600,-1,599,600,601,-1,601,600,602,-1,601,602,603,-1,603,602,604,-1,603,604,605,-1,605,604,606,-1,605,606,607,-1,607,606,608,-1,607,608,609,-1,609,608,610,-1,609,610,611,-1,611,610,612,-1,611,612,613,-1,613,612,614,-1,613,614,615,-1,615,614,616,-1,615,616,617,-1,617,616,618,-1,617,618,619,-1,619,618,620,-1,619,620,621,-1,621,620,622,-1,621,622,623,-1,623,622,624,-1,623,624,625,-1,625,624,626,-1,625,626,627,-1,627,626,628,-1,627,628,629,-1,629,628,630,-1,629,630,631,-1,631,630,632,-1,631,632,633,-1,633,632,634,-1,633,634,635,-1,635,634,636,-1,635,636,637,-1,637,636,638,-1,637,638,639,-1,639,638,640,-1,639,640,641,-1,641,640,642,-1,641,642,643,-1,643,642,644,-1,643,644,645,-1,645,644,646,-1,645,646,647,-1,647,646,648,-1,647,648,649,-1,650,651,648,-1,648,651,649,-1,650,530,651,-1,651,530,531,-1,532,528,650,-1,650,528,530,-1,648,544,650,-1,650,544,542,-1,650,542,540,-1,534,532,536,-1,536,532,650,-1,536,650,538,-1,538,650,540,-1,648,646,544,-1,544,646,644,-1,544,644,546,-1,546,644,642,-1,546,642,548,-1,548,642,640,-1,548,640,550,-1,640,638,550,-1,550,638,636,-1,550,636,552,-1,552,636,634,-1,552,634,554,-1,554,634,632,-1,554,632,556,-1,556,632,630,-1,556,630,558,-1,558,630,560,-1,560,630,628,-1,560,628,562,-1,562,628,626,-1,562,626,564,-1,564,626,624,-1,564,624,566,-1,566,624,622,-1,566,622,568,-1,568,622,620,-1,568,620,570,-1,570,620,618,-1,570,618,572,-1,572,618,616,-1,572,616,574,-1,574,616,614,-1,574,614,576,-1,576,614,612,-1,576,612,578,-1,578,612,610,-1,578,610,580,-1,580,610,608,-1,580,608,582,-1,582,608,606,-1,582,606,584,-1,584,606,604,-1,584,604,586,-1,586,604,602,-1,586,602,588,-1,588,602,600,-1,588,600,590,-1,590,600,598,-1,590,598,592,-1,592,598,596,-1,592,596,594,-1,652,653,654,-1,654,653,655,-1,654,655,656,-1,656,655,657,-1,656,657,658,-1,658,657,659,-1,658,659,660,-1,660,659,661,-1,660,661,662,-1,663,664,661,-1,661,664,662,-1,664,663,665,-1,664,665,666,-1,666,665,667,-1,666,667,668,-1,668,667,669,-1,668,669,670,-1,670,669,671,-1,670,671,672,-1,672,671,673,-1,672,673,674,-1,674,673,675,-1,674,675,676,-1,676,675,677,-1,676,677,678,-1,678,677,679,-1,678,679,680,-1,680,679,681,-1,680,681,682,-1,682,681,683,-1,682,683,684,-1,684,683,685,-1,684,685,686,-1,686,685,687,-1,686,687,688,-1,688,687,689,-1,688,689,690,-1,690,689,691,-1,690,691,692,-1,692,691,693,-1,692,693,694,-1,694,693,695,-1,694,695,696,-1,696,695,697,-1,696,697,698,-1,698,697,699,-1,698,699,700,-1,700,699,701,-1,700,701,702,-1,702,701,703,-1,702,703,704,-1,704,703,705,-1,704,705,706,-1,706,705,707,-1,706,707,708,-1,709,710,707,-1,707,710,708,-1,711,712,709,-1,709,712,710,-1,712,711,713,-1,712,713,714,-1,714,713,715,-1,714,715,716,-1,716,715,717,-1,716,717,718,-1,718,717,719,-1,718,719,720,-1,720,719,721,-1,720,721,722,-1,722,721,723,-1,722,723,724,-1,724,723,725,-1,724,725,726,-1,726,725,727,-1,726,727,728,-1,728,727,729,-1,728,729,730,-1,730,729,731,-1,730,731,732,-1,732,731,733,-1,732,733,734,-1,735,736,733,-1,733,736,734,-1,737,738,735,-1,735,738,736,-1,738,737,739,-1,738,739,740,-1,740,739,741,-1,740,741,742,-1,743,744,741,-1,741,744,742,-1,743,653,744,-1,744,653,652,-1,675,673,701,-1,701,673,671,-1,701,671,703,-1,677,675,679,-1,679,675,701,-1,679,701,681,-1,681,701,699,-1,681,699,683,-1,737,735,663,-1,663,735,733,-1,663,733,731,-1,671,669,703,-1,703,669,667,-1,703,667,705,-1,705,667,665,-1,653,743,655,-1,655,743,741,-1,655,741,657,-1,657,741,739,-1,657,739,659,-1,659,739,737,-1,659,737,661,-1,661,737,663,-1,731,729,663,-1,663,729,727,-1,663,727,725,-1,687,697,695,-1,697,687,699,-1,699,687,685,-1,699,685,683,-1,725,723,663,-1,663,723,721,-1,663,721,719,-1,719,717,663,-1,663,717,715,-1,663,715,713,-1,713,711,663,-1,663,711,709,-1,663,709,665,-1,665,709,707,-1,665,707,705,-1,695,693,687,-1,687,693,691,-1,687,691,689,-1,
        ]
    }
}
Shape{
    appearance Appearance {
        material  Material 	{
            diffuseColor 0.6470588235294118 0.6196078431372549 0.5882352941176471
            specularColor 0.45098039215686275 0.43529411764705883 0.4117647058823529
            ambientIntensity 0.6242
            transparency 0.0
            shininess 0.5
        }
    }
    geometry IndexedFaceSet {
        ccw TRUE
        solid FALSE
        coord DEF co Coordinate {
            point [
                1.5881 -0.836 1.2598, 1.6034 -0.8214 1.2598, 1.5671 -0.9804 1.2598, 1.5303 -0.814 1.2598, 1.5526 -0.8186 1.2598, 1.5691 -0.8238 1.2598, 1.5739 -0.8264 1.2598, 1.3156 -0.9906 1.2598, 1.3156 -0.6911 1.2598, 1.3263 -0.9952 1.2598, 1.3243 -0.6908 1.2598, 1.3331 -0.6911 1.2598, 1.358 -0.6939 1.2598, 1.3755 -0.6962 1.2598, 1.375 -1.0026 1.2598, 1.3504 -1.0007 1.2598, 1.4323 -0.8762 1.2598, 1.4309 -0.7928 1.2598, 1.39 -0.9997 1.2598, 1.4256 -0.9532 1.2598, 1.4207 -0.9702 1.2598, 1.3881 -0.6994 1.2598, 1.3973 -0.7035 1.2598, 1.4041 -0.7089 1.2598, 1.4144 -0.9824 1.2598, 1.4076 -0.9905 1.2598, 1.4009 -0.9954 1.2598, 1.4107 -0.7174 1.2598, 1.4219 -0.7425 1.2598
            ]
        }
        coordIndex [
            0,1,2,-1,2,3,4,-1,4,5,2,-1,2,5,6,-1,2,6,0,-1,7,8,9,-1,9,8,10,-1,10,11,9,-1,9,11,12,-1,9,12,13,-1,14,15,16,-1,16,15,9,-1,16,9,17,-1,14,16,18,-1,18,16,19,-1,18,19,20,-1,13,21,9,-1,9,21,22,-1,9,22,23,-1,20,24,18,-1,18,24,25,-1,18,25,26,-1,23,27,9,-1,9,27,28,-1,9,28,17,-1,
        ]
    }
}
Shape{
    appearance Appearance {
        material  Material 	{
            diffuseColor 0.24705882352941178 0.49411764705882355 0.27450980392156865
            specularColor 0.01568627450980392 0.03529411764705882 0.0196078431372549
            ambientIntensity 0.5646
            transparency 0.0
            shininess 0.5
        }
    }
    geometry IndexedFaceSet {
        ccw TRUE
        solid FALSE
        coord DEF co Coordinate {
            point [
                -3.0 0.2559 6.6929, -3.0 1.1024 6.6929, -3.0 1.3386 4.3307, -3.0 -0.7283 6.6929, -3.0 -0.7283 8.4646, -3.0 0.2559 8.4646, -3.0 -1.5748 6.6929, -3.0 2.126 -0.0394, -3.0 1.811 -0.0394, -3.0 2.126 4.3307, -3.0 1.811 3.8976, -3.0 1.6142 3.8976, -3.0 1.6142 -0.0394, -3.0 -2.1457 -0.0394, -3.0 -2.1457 5.0787, -3.0 -2.9331 -0.0394, -3.0 -2.9331 4.7244, -3.0 -2.3425 -0.0394, -3.0 -2.7362 4.7244, -3.0 -2.3425 5.0787
            ]
        }
        coordIndex [
            0,1,2,-1,3,4,5,-1,5,0,3,-1,3,0,2,-1,3,2,6,-1,7,8,9,-1,9,8,10,-1,9,10,2,-1,2,10,11,-1,2,11,6,-1,12,13,14,-1,15,16,17,-1,17,16,18,-1,17,18,19,-1,19,18,6,-1,19,6,14,-1,14,6,11,-1,14,11,12,-1,
        ]
    }
}
Shape{
    appearance Appearance {
        material  Material 	{
            diffuseColor 0.6470588235294118 0.6196078431372549 0.5882352941176471
            specularColor 0.45098039215686275 0.43529411764705883 0.4117647058823529
            ambientIntensity 0.6242
            transparency 0.0
            shininess 0.5
        }
    }
    geometry IndexedFaceSet {
        ccw TRUE
        solid FALSE
        coord DEF co Coordinate {
            point [
                -1.7559 1.0658 3.428, -1.7559 0.9843 3.4906, -1.7559 0.748 3.8189, -1.7559 0.748 3.8583, -1.7559 0.7874 3.8583, -1.7559 1.1677 3.2515, -1.7559 1.1284 3.3465, -1.7559 1.4961 3.1496, -1.7559 1.3475 3.5838, -1.7559 0.9055 3.7808, -1.7559 1.2394 3.6954, -1.7559 1.1095 3.7808, -1.7559 1.1811 3.1496, -1.7559 0.9024 3.8489, -1.7559 1.4287 3.4512, -1.7559 1.479 3.3041, -1.7559 -1.5748 4.8819, -1.7559 -1.2598 4.8819, -1.7559 -1.5748 4.252, -1.7559 -1.2598 4.252, -1.7559 -1.5507 4.0686, -1.7559 -1.2499 4.1639, -1.7559 -1.4799 3.8976, -1.7559 -1.2205 4.0804, -1.7559 -1.3672 3.7509, -1.7559 -1.2205 3.8189, -1.7559 -1.2205 3.6383, -1.7559 -1.0496 3.5675, -1.7559 0.8893 3.5299, -1.7559 0.7874 3.5433, -1.7559 -0.8661 3.5433, -1.7559 0.1575 -1.5748, -1.7559 -0.1575 -1.5748, -1.7559 0.1575 0.1969, -1.7559 -0.1575 0.1969, -1.7559 0.1709 0.2988, -1.7559 -0.1333 0.3803, -1.7559 0.2102 0.3937, -1.7559 -0.0625 0.5512, -1.7559 0.2728 0.4752, -1.7559 0.0501 0.698, -1.7559 0.3543 0.5378, -1.7559 0.1969 0.8106, -1.7559 0.4493 0.5771, -1.7559 0.3678 0.8814, -1.7559 0.5512 0.5906, -1.7559 0.5512 0.9055, -1.7559 0.7874 0.5906, -1.7559 0.7874 0.9055, -1.7559 0.9708 0.6147, -1.7559 0.8893 0.9189, -1.7559 1.1417 0.6855, -1.7559 0.9843 0.9583, -1.7559 1.2885 0.7981, -1.7559 1.0658 1.0208, -1.7559 1.4011 0.9449, -1.7559 1.1284 1.1024, -1.7559 1.4719 1.1158, -1.7559 1.1677 1.1973, -1.7559 1.4961 1.2992, -1.7559 1.1811 1.2992, -1.7559 1.4961 2.4029, -1.7559 1.4961 2.5591, -1.2441 0.8893 3.5299, -1.2441 0.9843 3.4906, -1.2441 0.748 3.8189, -1.2441 0.9055 3.7808, -1.2441 0.9024 3.8489, -1.2441 0.7874 3.8583, -1.2441 0.748 3.8583, -1.2441 1.0658 3.428, -1.2441 1.1284 3.3465, -1.2441 1.4961 3.1496, -1.2441 1.4287 3.4512, -1.2441 1.3475 3.5838, -1.2441 1.2394 3.6954, -1.2441 1.1095 3.7808, -1.2441 1.479 3.3041, -1.2441 -1.2598 4.8819, -1.2441 -1.5748 4.8819, -1.2441 -1.2598 4.252, -1.2441 -1.5748 4.252, -1.2441 -1.2499 4.1639, -1.2441 -1.5507 4.0686, -1.2441 -1.2205 4.0804, -1.2441 -1.4799 3.8976, -1.2441 -1.2205 3.8189, -1.2441 -1.3672 3.7509, -1.2441 -1.2205 3.6383, -1.2441 -1.0496 3.5675, -1.2441 -0.8661 3.5433, -1.2441 0.7874 3.5433, -1.2441 1.1677 3.2515, -1.2441 1.1811 3.1496, -1.2441 1.4961 2.5591, -1.2441 -0.1575 -1.5748, -1.2441 0.1575 -1.5748, -1.2441 -0.1575 0.1969, -1.2441 0.1575 0.1969, -1.2441 -0.1333 0.3803, -1.2441 0.1709 0.2988, -1.2441 -0.0625 0.5512, -1.2441 0.2102 0.3937, -1.2441 0.0501 0.698, -1.2441 0.2728 0.4752, -1.2441 0.1969 0.8106, -1.2441 0.3543 0.5378, -1.2441 0.3678 0.8814, -1.2441 0.4493 0.5771, -1.2441 0.5512 0.9055, -1.2441 0.5512 0.5906, -1.2441 0.7874 0.9055, -1.2441 0.7874 0.5906, -1.2441 0.8893 0.9189, -1.2441 0.9708 0.6147, -1.2441 0.9843 0.9583, -1.2441 1.1417 0.6855, -1.2441 1.0658 1.0208, -1.2441 1.2885 0.7981, -1.2441 1.1284 1.1024, -1.2441 1.4011 0.9449, -1.2441 1.1677 1.1973, -1.2441 1.4719 1.1158, -1.2441 1.1811 1.2992, -1.2441 1.4961 1.2992, -1.2441 1.4961 2.4029
            ]
        }
        coordIndex [
            0,1,2,-1,2,3,4,-1,5,6,7,-1,8,9,10,-1,10,9,11,-1,5,7,12,-1,6,0,7,-1,7,0,2,-1,7,2,9,-1,9,2,4,-1,9,4,13,-1,8,14,9,-1,9,14,15,-1,9,15,7,-1,16,17,18,-1,18,17,19,-1,18,19,20,-1,20,19,21,-1,20,21,22,-1,22,21,23,-1,22,23,24,-1,24,23,25,-1,24,25,26,-1,26,25,27,-1,1,28,2,-1,2,28,29,-1,2,29,25,-1,25,29,30,-1,25,30,27,-1,31,32,33,-1,33,32,34,-1,33,34,35,-1,35,34,36,-1,35,36,37,-1,37,36,38,-1,37,38,39,-1,39,38,40,-1,39,40,41,-1,41,40,42,-1,41,42,43,-1,43,42,44,-1,43,44,45,-1,45,44,46,-1,45,46,47,-1,47,46,48,-1,47,48,49,-1,49,48,50,-1,49,50,51,-1,51,50,52,-1,51,52,53,-1,53,52,54,-1,53,54,55,-1,55,54,56,-1,55,56,57,-1,57,56,58,-1,57,58,59,-1,59,58,60,-1,59,60,61,-1,61,60,12,-1,61,12,62,-1,62,12,7,-1,63,64,65,-1,66,67,65,-1,65,67,68,-1,65,68,69,-1,70,71,72,-1,73,74,66,-1,66,74,75,-1,66,75,76,-1,64,70,65,-1,65,70,72,-1,65,72,66,-1,66,72,77,-1,66,77,73,-1,78,79,80,-1,80,79,81,-1,80,81,82,-1,82,81,83,-1,82,83,84,-1,84,83,85,-1,84,85,86,-1,86,85,87,-1,86,87,88,-1,88,89,86,-1,86,89,90,-1,86,90,65,-1,65,90,91,-1,65,91,63,-1,71,92,72,-1,72,92,93,-1,72,93,94,-1,95,96,97,-1,97,96,98,-1,97,98,99,-1,99,98,100,-1,99,100,101,-1,101,100,102,-1,101,102,103,-1,103,102,104,-1,103,104,105,-1,105,104,106,-1,105,106,107,-1,107,106,108,-1,107,108,109,-1,109,108,110,-1,109,110,111,-1,111,110,112,-1,111,112,113,-1,113,112,114,-1,113,114,115,-1,115,114,116,-1,115,116,117,-1,117,116,118,-1,117,118,119,-1,119,118,120,-1,119,120,121,-1,121,120,122,-1,121,122,123,-1,123,122,124,-1,123,124,93,-1,93,124,125,-1,93,125,94,-1,19,80,21,-1,21,80,82,-1,21,82,23,-1,23,82,84,-1,68,4,69,-1,69,4,3,-1,
        ]
    }
}
Shape{
    appearance Appearance {
        material  Material 	{
            diffuseColor 0.24705882352941178 0.49411764705882355 0.27450980392156865
            specularColor 0.01568627450980392 0.03529411764705882 0.0196078431372549
            ambientIntensity 0.5646
            transparency 0.0
            shininess 0.5
        }
    }
    geometry IndexedFaceSet {
        ccw TRUE
        solid FALSE
        coord DEF co Coordinate {
            point [
                -1.2441 1.4961 2.5591, -1.2441 1.4961 2.4029, -1.1063 1.4961 2.5591, -0.1969 1.4961 2.4029, -1.1063 1.4961 3.7808, -0.1969 1.4961 3.7808, -0.6142 -2.1457 1.9291, -0.2953 -2.1457 1.9291, -0.6142 -2.1457 3.7402, -0.2953 -2.1457 3.7402, -2.3858 -2.1457 3.7402, -2.7047 -2.1457 3.7402, -2.3858 -2.1457 1.9291, -2.7047 -2.1457 1.9291, -3.0 1.811 -0.0394, -3.0 2.126 -0.0394, -2.8031 2.126 -0.0394, -2.8031 -2.9331 -0.0394, -3.0 -2.3425 -0.0394, -3.0 -2.9331 -0.0394, -3.0 1.6142 -0.0394, -3.1575 1.6142 -0.0394, -3.1575 1.811 -0.0394, -3.0 -2.1457 -0.0394, -3.1575 -2.1457 -0.0394, -3.1575 -2.3425 -0.0394, -0.1969 2.126 0.3556, -0.1969 1.7717 0.3556, -2.8031 2.126 0.3556, -2.8031 1.7717 0.3556, -0.1969 1.7717 2.1273, -2.8031 1.7717 2.1273, -1.7559 1.4961 2.4029, -2.8031 1.4961 2.4029, -1.7559 1.4961 2.5591, -1.8937 1.4961 2.5591, -1.8937 1.4961 3.7808, -2.8031 1.4961 3.7808, -1.7559 0.9055 3.7808, -2.8031 0.9055 3.7808, -1.7559 1.1095 3.7808, -0.1969 0.9055 3.7808, -1.2441 0.9055 3.7808, -1.2441 1.1095 3.7808, -1.2441 0.9024 3.8489, -0.1969 0.7893 6.3005, -1.7559 0.9024 3.8489, -2.8031 0.7893 6.3005, -1.185 -0.7916 6.3005, -1.0546 -0.6915 6.3005, -0.1969 -1.4548 6.3005, -1.815 0.2995 6.3005, -1.9454 0.1994 6.3005, -2.0455 0.0689 6.3005, -2.0455 -0.561 6.3005, -1.9454 -0.6915 6.3005, -2.8031 -1.4548 6.3005, -1.815 -0.7916 6.3005, -1.663 -0.8545 6.3005, -1.5 -0.876 6.3005, -1.337 -0.8545 6.3005, -1.185 0.2995 6.3005, -1.337 0.3624 6.3005, -1.5 0.3839 6.3005, -1.663 0.3624 6.3005, -2.1085 -0.083 6.3005, -2.1299 -0.2461 6.3005, -2.1085 -0.4091 6.3005, -0.9545 -0.561 6.3005, -0.8915 -0.4091 6.3005, -0.8701 -0.2461 6.3005, -0.8915 -0.083 6.3005, -0.9545 0.0689 6.3005, -1.0546 0.1994 6.3005, -0.1969 -1.9094 5.5131, -2.8031 -1.9094 5.5131, -2.189 -1.9094 1.9291, -2.8031 -1.9094 1.6549, -2.189 -1.9094 3.7402, -0.811 -1.9094 3.7402, -0.811 -1.9094 1.9291, -0.1969 -1.9094 1.6549, -0.1969 -2.6181 0.9462, -2.8031 -2.6181 0.9462, -0.1969 -2.6181 0.3556, -2.8031 -2.6181 0.3556, -0.1969 -2.9331 0.3556, -2.8031 -2.9331 0.3556, -0.1969 -2.9331 -0.0394, -0.1969 2.126 -0.0394, -2.7448 0.2559 6.6929, -2.7448 0.2559 8.4646, -2.6096 0.5125 8.4646, -2.6096 0.5125 6.6929, -2.4222 0.734 8.4646, -2.4222 0.734 6.6929, -2.1915 0.9099 8.4646, -2.1915 0.9099 6.6929, -1.9283 1.032 8.4646, -1.9283 1.032 6.6929, -1.6451 1.0945 8.4646, -1.6451 1.0945 6.6929, -1.5 1.1024 6.6929, -1.3549 1.0945 8.4646, -1.3549 1.0945 6.6929, -1.0717 1.032 8.4646, -1.0717 1.032 6.6929, -0.8085 0.9099 8.4646, -0.8085 0.9099 6.6929, -0.5778 0.734 8.4646, -0.5778 0.734 6.6929, -0.3904 0.5125 8.4646, -0.3904 0.5125 6.6929, -0.2552 0.2559 8.4646, -0.2552 0.2559 6.6929, -3.0 0.2559 6.6929, -3.0 0.2559 8.4646, -3.0 1.1024 6.6929, -0.2552 -0.7283 6.6929, -0.2552 -0.7283 8.4646, -0.3904 -0.985 8.4646, -0.3904 -0.985 6.6929, -0.5778 -1.2065 8.4646, -0.5778 -1.2065 6.6929, -0.8085 -1.3823 8.4646, -0.8085 -1.3823 6.6929, -1.0717 -1.5044 8.4646, -1.0717 -1.5044 6.6929, -1.3549 -1.5669 8.4646, -1.3549 -1.5669 6.6929, -1.5 -1.5748 6.6929, -1.6451 -1.5669 8.4646, -1.6451 -1.5669 6.6929, -1.9283 -1.5044 8.4646, -1.9283 -1.5044 6.6929, -2.1915 -1.3823 8.4646, -2.1915 -1.3823 6.6929, -2.4222 -1.2065 8.4646, -2.4222 -1.2065 6.6929, -2.6096 -0.985 8.4646, -2.6096 -0.985 6.6929, -2.7448 -0.7283 8.4646, -2.7448 -0.7283 6.6929, -3.0 -0.7283 6.6929, -3.0 -0.7283 8.4646, -3.0 -1.5748 6.6929, -1.5 -1.2303 6.6626, -1.5 -1.2303 8.4646, -1.2552 -1.1994 6.6626, -1.2552 -1.1994 8.4646, -1.0258 -1.1086 6.6626, -1.0258 -1.1086 8.4646, -0.8262 -0.9635 6.6626, -0.8262 -0.9635 8.4646, -0.669 -0.7734 6.6626, -0.669 -0.7734 8.4646, -0.5639 -0.5502 6.6626, -0.5639 -0.5502 8.4646, -0.5177 -0.3079 6.6626, -0.5177 -0.3079 8.4646, -0.5332 -0.0616 6.6626, -0.5332 -0.0616 8.4646, -0.6094 0.173 6.6626, -0.6094 0.173 8.4646, -0.7416 0.3813 6.6626, -0.7416 0.3813 8.4646, -0.9215 0.5502 6.6626, -0.9215 0.5502 8.4646, -1.1377 0.6691 6.6626, -1.1377 0.6691 8.4646, -1.3766 0.7304 6.6626, -1.3766 0.7304 8.4646, -1.6234 0.7304 6.6626, -1.6234 0.7304 8.4646, -1.8623 0.6691 6.6626, -1.8623 0.6691 8.4646, -2.0785 0.5502 6.6626, -2.0785 0.5502 8.4646, -2.2584 0.3813 6.6626, -2.2584 0.3813 8.4646, -2.3906 0.173 6.6626, -2.3906 0.173 8.4646, -2.4668 -0.0616 6.6626, -2.4668 -0.0616 8.4646, -2.4823 -0.3079 6.6626, -2.4823 -0.3079 8.4646, -2.4361 -0.5502 6.6626, -2.4361 -0.5502 8.4646, -2.331 -0.7734 6.6626, -2.331 -0.7734 8.4646, -2.1738 -0.9635 6.6626, -2.1738 -0.9635 8.4646, -1.9742 -1.1086 6.6626, -1.9742 -1.1086 8.4646, -1.7448 -1.1994 6.6626, -1.7448 -1.1994 8.4646, -1.6627 -0.8538 6.458, -1.8035 -0.7981 6.458, -1.8141 -0.7904 6.458, -1.9312 -0.7053 6.458, -1.9437 -0.6901 6.458, -2.0319 -0.5836 6.458, -2.043 -0.5598 6.458, -2.0991 -0.4407 6.458, -2.1052 -0.4085 6.458, -2.1287 -0.2856 6.458, -2.1262 -0.2463 6.458, -2.1188 -0.128 6.458, -2.1046 -0.0843 6.458, -2.07 0.0221 6.458, -2.0418 0.0665 6.458, -1.9854 0.1555 6.458, -1.9422 0.196 6.458, -1.8703 0.2636 6.458, -1.8126 0.2952 6.458, -1.7319 0.3396 6.458, -1.6618 0.3576 6.458, -1.5789 0.3789 6.458, -1.5 0.3789 6.458, -1.421 0.3789 6.458, -1.3382 0.3576 6.458, -1.2681 0.3396 6.458, -1.1874 0.2952 6.458, -1.1297 0.2636 6.458, -1.0578 0.196 6.458, -1.0146 0.1555 6.458, -0.9582 0.0665 6.458, -0.93 0.0221 6.458, -0.8954 -0.0843 6.458, -0.8812 -0.128 6.458, -0.8738 -0.2463 6.458, -0.8713 -0.2856 6.458, -0.8948 -0.4085 6.458, -0.9009 -0.4407 6.458, -0.957 -0.5598 6.458, -0.9681 -0.5836 6.458, -1.0563 -0.6901 6.458, -1.0688 -0.7053 6.458, -1.1859 -0.7904 6.458, -1.1965 -0.7981 6.458, -1.3373 -0.8538 6.458, -1.3433 -0.8562 6.458, -1.5 -0.876 6.458, -1.6567 -0.8562 6.458, -0.2953 -2.3031 4.3701, -2.7047 -2.3031 4.3701, -0.2953 -2.9331 4.3701, -2.7047 -2.9331 4.3701, -2.7047 -2.9331 1.1417, -0.2953 -2.9331 1.1417, -0.811 -1.9488 3.7402, -0.811 -1.9488 1.9291, -2.189 -1.9488 1.9291, -2.189 -1.9488 3.7402, -1.1063 1.4961 4.3307, -1.8937 1.4961 4.3307, -1.1063 2.126 2.5591, -1.8937 2.126 2.5591, -1.1063 2.126 4.3307, -1.8937 2.126 4.3307
            ]
        }
        coordIndex [
            0,1,2,-1,2,1,3,-1,2,3,4,-1,4,3,5,-1,6,7,8,-1,8,7,9,-1,10,11,12,-1,12,11,13,-1,14,15,16,-1,16,17,18,-1,18,17,19,-1,20,21,22,-1,22,14,20,-1,20,14,16,-1,20,16,23,-1,23,16,18,-1,23,18,24,-1,24,18,25,-1,26,27,28,-1,28,27,29,-1,27,30,29,-1,29,30,31,-1,30,3,1,-1,30,1,31,-1,31,1,32,-1,31,32,33,-1,32,34,35,-1,36,37,35,-1,35,37,33,-1,35,33,32,-1,38,39,40,-1,40,39,37,-1,41,42,5,-1,5,42,43,-1,5,43,4,-1,4,43,40,-1,4,40,36,-1,36,40,37,-1,42,41,44,-1,44,41,45,-1,44,45,46,-1,46,45,47,-1,46,47,38,-1,38,47,39,-1,48,49,50,-1,51,52,47,-1,47,52,53,-1,54,55,56,-1,56,55,57,-1,57,58,56,-1,56,58,59,-1,56,59,50,-1,50,59,60,-1,50,60,48,-1,61,62,45,-1,45,62,63,-1,45,63,47,-1,47,63,64,-1,47,64,51,-1,53,65,47,-1,47,65,66,-1,47,66,56,-1,56,66,67,-1,56,67,54,-1,49,68,50,-1,50,68,69,-1,50,69,45,-1,45,69,70,-1,45,70,71,-1,71,72,45,-1,45,72,73,-1,45,73,61,-1,50,74,56,-1,56,74,75,-1,76,77,78,-1,78,77,75,-1,78,75,79,-1,79,75,74,-1,79,74,80,-1,80,74,81,-1,80,81,76,-1,76,81,77,-1,81,82,77,-1,77,82,83,-1,82,84,83,-1,83,84,85,-1,84,86,85,-1,85,86,87,-1,88,86,84,-1,88,84,89,-1,89,84,27,-1,89,27,26,-1,30,27,3,-1,3,27,84,-1,3,84,5,-1,5,84,41,-1,50,45,74,-1,74,45,41,-1,74,41,81,-1,81,41,84,-1,81,84,82,-1,16,28,29,-1,16,29,17,-1,17,29,85,-1,17,85,87,-1,37,39,33,-1,33,39,85,-1,33,85,31,-1,31,85,29,-1,39,47,56,-1,83,85,77,-1,77,85,39,-1,77,39,75,-1,75,39,56,-1,90,91,92,-1,90,92,93,-1,93,92,94,-1,93,94,95,-1,95,94,96,-1,95,96,97,-1,97,96,98,-1,97,98,99,-1,99,98,100,-1,99,100,101,-1,101,100,102,-1,102,100,103,-1,102,103,104,-1,104,103,105,-1,104,105,106,-1,106,105,107,-1,106,107,108,-1,108,107,109,-1,108,109,110,-1,110,109,111,-1,110,111,112,-1,112,111,113,-1,112,113,114,-1,90,115,91,-1,91,115,116,-1,117,115,90,-1,90,93,117,-1,117,93,95,-1,117,95,97,-1,97,99,117,-1,117,99,101,-1,117,101,102,-1,118,119,120,-1,118,120,121,-1,121,120,122,-1,121,122,123,-1,123,122,124,-1,123,124,125,-1,125,124,126,-1,125,126,127,-1,127,126,128,-1,127,128,129,-1,129,128,130,-1,130,128,131,-1,130,131,132,-1,132,131,133,-1,132,133,134,-1,134,133,135,-1,134,135,136,-1,136,135,137,-1,136,137,138,-1,138,137,139,-1,138,139,140,-1,140,139,141,-1,140,141,142,-1,143,142,144,-1,144,142,141,-1,130,132,145,-1,145,132,134,-1,145,134,136,-1,142,143,140,-1,140,143,145,-1,140,145,138,-1,138,145,136,-1,146,147,148,-1,148,147,149,-1,148,149,150,-1,150,149,151,-1,150,151,152,-1,152,151,153,-1,152,153,154,-1,154,153,155,-1,154,155,156,-1,156,155,157,-1,156,157,158,-1,158,157,159,-1,158,159,160,-1,160,159,161,-1,160,161,162,-1,162,161,163,-1,162,163,164,-1,164,163,165,-1,164,165,166,-1,166,165,167,-1,166,167,168,-1,168,167,169,-1,168,169,170,-1,170,169,171,-1,170,171,172,-1,172,171,173,-1,172,173,174,-1,174,173,175,-1,174,175,176,-1,176,175,177,-1,176,177,178,-1,178,177,179,-1,178,179,180,-1,180,179,181,-1,180,181,182,-1,182,181,183,-1,182,183,184,-1,184,183,185,-1,184,185,186,-1,186,185,187,-1,186,187,188,-1,188,187,189,-1,188,189,190,-1,190,189,191,-1,190,191,192,-1,192,191,193,-1,192,193,194,-1,194,193,195,-1,194,195,146,-1,146,195,147,-1,192,194,196,-1,196,197,192,-1,192,197,198,-1,192,198,190,-1,198,199,190,-1,190,199,200,-1,190,200,188,-1,200,201,188,-1,188,201,202,-1,188,202,186,-1,202,203,186,-1,186,203,204,-1,186,204,184,-1,204,205,184,-1,184,205,206,-1,184,206,182,-1,206,207,182,-1,182,207,208,-1,182,208,180,-1,208,209,180,-1,180,209,210,-1,180,210,178,-1,210,211,178,-1,178,211,212,-1,178,212,176,-1,212,213,176,-1,176,213,214,-1,176,214,174,-1,214,215,174,-1,174,215,216,-1,174,216,172,-1,216,217,172,-1,172,217,218,-1,172,218,170,-1,218,219,170,-1,170,219,220,-1,170,220,168,-1,220,221,168,-1,168,221,222,-1,168,222,166,-1,222,223,166,-1,166,223,224,-1,166,224,164,-1,224,225,164,-1,164,225,226,-1,164,226,162,-1,226,227,162,-1,162,227,228,-1,162,228,160,-1,228,229,160,-1,160,229,230,-1,160,230,158,-1,230,231,158,-1,158,231,232,-1,158,232,156,-1,232,233,156,-1,156,233,234,-1,156,234,154,-1,234,235,154,-1,154,235,236,-1,154,236,152,-1,236,237,152,-1,152,237,238,-1,152,238,150,-1,238,239,150,-1,150,239,240,-1,150,240,148,-1,148,240,241,-1,148,241,146,-1,146,241,242,-1,146,242,194,-1,194,242,243,-1,194,243,196,-1,241,60,59,-1,241,240,60,-1,60,240,239,-1,60,239,48,-1,239,238,48,-1,48,238,237,-1,48,237,49,-1,237,236,49,-1,49,236,235,-1,49,235,68,-1,235,234,68,-1,68,234,233,-1,68,233,69,-1,233,232,69,-1,69,232,231,-1,69,231,70,-1,231,230,70,-1,70,230,229,-1,70,229,71,-1,229,228,71,-1,71,228,227,-1,71,227,72,-1,227,226,72,-1,72,226,225,-1,72,225,73,-1,225,224,73,-1,73,224,223,-1,73,223,61,-1,223,222,61,-1,61,222,221,-1,61,221,62,-1,221,220,62,-1,62,220,219,-1,62,219,63,-1,219,218,63,-1,63,218,217,-1,63,217,64,-1,217,216,64,-1,64,216,215,-1,64,215,51,-1,215,214,51,-1,51,214,213,-1,51,213,52,-1,213,212,52,-1,52,212,211,-1,52,211,53,-1,211,210,53,-1,53,210,209,-1,53,209,65,-1,209,208,65,-1,65,208,207,-1,65,207,66,-1,207,206,66,-1,66,206,205,-1,66,205,67,-1,205,204,67,-1,67,204,203,-1,67,203,54,-1,203,202,54,-1,54,202,201,-1,54,201,55,-1,201,200,55,-1,55,200,199,-1,55,199,57,-1,199,198,57,-1,57,198,197,-1,57,197,58,-1,197,196,58,-1,58,196,243,-1,58,243,59,-1,59,243,242,-1,59,242,241,-1,9,244,8,-1,8,244,245,-1,8,245,10,-1,10,245,11,-1,244,246,245,-1,245,246,247,-1,12,13,248,-1,12,248,6,-1,6,248,249,-1,6,249,7,-1,7,249,9,-1,9,249,246,-1,9,246,244,-1,248,13,247,-1,247,13,11,-1,247,11,245,-1,250,79,251,-1,251,79,80,-1,80,76,251,-1,251,76,252,-1,251,252,6,-1,6,252,12,-1,252,76,253,-1,253,76,78,-1,8,10,253,-1,78,79,253,-1,253,79,250,-1,253,250,8,-1,12,252,10,-1,10,252,253,-1,8,250,6,-1,6,250,251,-1,254,4,255,-1,255,4,36,-1,2,256,0,-1,0,256,257,-1,0,257,34,-1,34,257,35,-1,256,2,258,-1,258,2,4,-1,258,4,254,-1,35,257,36,-1,36,257,259,-1,36,259,255,-1,
        ]
    }
}
Shape{
    appearance Appearance {
        material  Material 	{
            diffuseColor 0.6470588235294118 0.6196078431372549 0.5882352941176471
            specularColor 0.45098039215686275 0.43529411764705883 0.4117647058823529
            ambientIntensity 0.6242
            transparency 0.0
            shininess 0.5
        }
    }
    geometry IndexedFaceSet {
        ccw TRUE
        solid FALSE
        coord DEF co Coordinate {
            point [
                -1.7559 1.1095 3.7808, -1.2441 1.1095 3.7808, -1.2441 1.2394 3.6954, -1.7559 1.2394 3.6954, -1.2441 1.3475 3.5838, -1.7559 1.3475 3.5838, -1.2441 1.4287 3.4512, -1.7559 1.4287 3.4512, -1.2441 1.479 3.3041, -1.7559 1.479 3.3041, -1.2441 1.4961 3.1496, -1.7559 1.4961 3.1496, -1.2441 0.7874 3.8583, -1.2441 0.9024 3.8489, -1.7559 0.7874 3.8583, -1.7559 0.9024 3.8489, -1.2441 1.4961 2.4029, -1.2441 1.4961 1.2992, -1.7559 1.4961 2.4029, -1.7559 1.4961 1.2992, -1.7559 1.4961 2.5591, -1.2441 1.4961 2.5591, -1.7559 0.1575 0.1969, -1.2441 0.1575 0.1969, -1.7559 0.1575 -1.5748, -1.2441 0.1575 -1.5748, -1.6378 0.1575 -1.9685, -1.3622 0.1575 -1.9685, -1.6378 -0.1575 -1.9685, -1.3622 -0.1575 -1.9685, -1.7559 -0.1575 -1.5748, -1.2441 -0.1575 -1.5748, -1.7559 -0.1575 0.1969, -1.2441 -0.1575 0.1969, -1.2441 -0.1333 0.3803, -1.7559 -0.1333 0.3803, -1.2441 -0.0625 0.5512, -1.7559 -0.0625 0.5512, -1.2441 0.0501 0.698, -1.7559 0.0501 0.698, -1.2441 0.1969 0.8106, -1.7559 0.1969 0.8106, -1.2441 0.3678 0.8814, -1.7559 0.3678 0.8814, -1.2441 0.5512 0.9055, -1.7559 0.5512 0.9055, -1.7559 0.7874 0.9055, -1.2441 0.7874 0.9055, -1.7559 0.8893 0.9189, -1.2441 0.8893 0.9189, -1.7559 0.9843 0.9583, -1.2441 0.9843 0.9583, -1.7559 1.0658 1.0208, -1.2441 1.0658 1.0208, -1.7559 1.1284 1.1024, -1.2441 1.1284 1.1024, -1.7559 1.1677 1.1973, -1.2441 1.1677 1.1973, -1.7559 1.1811 1.2992, -1.2441 1.1811 1.2992, -1.7559 1.1811 3.1496, -1.2441 1.1811 3.1496, -1.7559 1.1677 3.2515, -1.2441 1.1677 3.2515, -1.7559 1.1284 3.3465, -1.2441 1.1284 3.3465, -1.7559 1.0658 3.428, -1.2441 1.0658 3.428, -1.7559 0.9843 3.4906, -1.2441 0.9843 3.4906, -1.7559 0.8893 3.5299, -1.2441 0.8893 3.5299, -1.7559 0.7874 3.5433, -1.2441 0.7874 3.5433, -1.7559 -0.8661 3.5433, -1.2441 -0.8661 3.5433, -1.2441 -1.0496 3.5675, -1.7559 -1.0496 3.5675, -1.2441 -1.2205 3.6383, -1.7559 -1.2205 3.6383, -1.2441 -1.3672 3.7509, -1.7559 -1.3672 3.7509, -1.2441 -1.4799 3.8976, -1.7559 -1.4799 3.8976, -1.2441 -1.5507 4.0686, -1.7559 -1.5507 4.0686, -1.2441 -1.5748 4.252, -1.7559 -1.5748 4.252, -1.7559 -1.5748 4.8819, -1.2441 -1.5748 4.8819, -1.7559 -1.2598 4.8819, -1.2441 -1.2598 4.8819, -1.7559 -1.2598 4.252, -1.2441 -1.2598 4.252, -1.2441 1.4719 1.1158, -1.7559 1.4719 1.1158, -1.2441 1.4011 0.9449, -1.7559 1.4011 0.9449, -1.2441 1.2885 0.7981, -1.7559 1.2885 0.7981, -1.2441 1.1417 0.6855, -1.7559 1.1417 0.6855, -1.2441 0.9708 0.6147, -1.7559 0.9708 0.6147, -1.2441 0.7874 0.5906, -1.7559 0.7874 0.5906, -1.7559 0.5512 0.5906, -1.2441 0.5512 0.5906, -1.7559 0.4493 0.5771, -1.2441 0.4493 0.5771, -1.7559 0.3543 0.5378, -1.2441 0.3543 0.5378, -1.7559 0.2728 0.4752, -1.2441 0.2728 0.4752, -1.7559 0.2102 0.3937, -1.2441 0.2102 0.3937, -1.7559 0.1709 0.2988, -1.2441 0.1709 0.2988, -1.2441 0.748 3.8189, -1.0079 0.748 3.8189, -1.2441 -1.2205 3.8189, -1.0079 -1.2205 3.8189, -2.7047 0.748 4.6063, -1.9921 0.748 3.8189, -2.7047 0.748 1.2598, -1.9921 0.748 2.0472, -1.7559 0.748 3.8189, -1.7559 0.748 3.8583, -1.2441 0.748 3.8583, -0.2953 0.748 4.6063, -1.0079 0.748 2.0472, -0.2953 0.748 1.2598, -1.9419 0.748 1.2598, -1.9921 -1.2205 2.0472, -1.9921 -1.2205 3.8189, -2.7047 -1.2205 4.6063, -1.2441 -1.2205 4.0804, -1.7559 -1.2205 3.8189, -1.7559 -1.2205 4.0804, -0.2953 -1.2205 4.6063, -0.2953 -1.2205 1.2598, -1.0079 -1.2205 2.0472, -1.9419 -1.2205 1.2598, -2.7047 -1.2205 1.2598, -1.5 -0.8366 6.7717, -1.3472 -0.8165 4.6063, -1.3472 -0.8165 6.7717, -1.2047 -0.7575 4.6063, -1.2047 -0.7575 6.7717, -1.0824 -0.6636 4.6063, -1.0824 -0.6636 6.7717, -0.9886 -0.5413 4.6063, -0.9886 -0.5413 6.7717, -0.9296 -0.3989 4.6063, -0.9296 -0.3989 6.7717, -0.9094 -0.2461 4.6063, -0.9094 -0.2461 6.7717, -0.9296 -0.0932 4.6063, -0.9296 -0.0932 6.7717, -0.9886 0.0492 4.6063, -0.9886 0.0492 6.7717, -1.0824 0.1715 4.6063, -1.0824 0.1715 6.7717, -1.2047 0.2654 4.6063, -1.2047 0.2654 6.7717, -1.3472 0.3244 4.6063, -1.3472 0.3244 6.7717, -1.5 0.3445 4.6063, -1.5 0.3445 6.7717, -1.6528 0.3244 4.6063, -1.6528 0.3244 6.7717, -1.7953 0.2654 4.6063, -1.7953 0.2654 6.7717, -1.9176 0.1715 4.6063, -1.9176 0.1715 6.7717, -2.0114 0.0492 4.6063, -2.0114 0.0492 6.7717, -2.0704 -0.0932 4.6063, -2.0704 -0.0932 6.7717, -2.0906 -0.2461 4.6063, -2.0906 -0.2461 6.7717, -2.0704 -0.3989 4.6063, -2.0704 -0.3989 6.7717, -2.0114 -0.5413 4.6063, -2.0114 -0.5413 6.7717, -1.9176 -0.6636 4.6063, -1.9176 -0.6636 6.7717, -1.7953 -0.7575 4.6063, -1.7953 -0.7575 6.7717, -1.6528 -0.8165 4.6063, -1.6528 -0.8165 6.7717, -1.5 -0.8366 4.6063, -2.1544 -0.6084 7.4803, -0.7919 -0.4871 7.4803, -2.2081 -0.4871 7.4803, -0.7687 -0.4035 7.4803, -2.2313 -0.4035 7.4803, -2.0802 -0.7183 7.4803, -1.9876 -0.8133 7.4803, -1.8798 -0.8905 7.4803, -1.76 -0.9474 7.4803, -1.24 -0.9474 7.4803, -1.1202 -0.8905 7.4803, -1.0124 -0.8133 7.4803, -1.6321 -0.9823 7.4803, -1.5 -0.9941 7.4803, -1.3679 -0.9823 7.4803, -0.9198 -0.7183 7.4803, -0.8456 -0.6084 7.4803, -2.3172 -0.7177 7.2835, -2.2328 -0.8425 7.2835, -2.2276 -0.8383 7.3344, -1.9721 -1.0637 7.2835, -1.8285 -1.132 7.2835, -1.8261 -1.1257 7.3344, -1.2564 -1.1552 7.2835, -1.1715 -1.132 7.2835, -1.1739 -1.1257 7.3344, -1.0279 -1.0637 7.2835, -1.0202 -1.0601 7.2835, -1.0236 -1.0543 7.3344, -0.8345 -0.9117 7.2835, -0.7672 -0.8425 7.2835, -0.7724 -0.8383 7.3344, -0.6828 -0.7177 7.2835, -0.6734 -0.7037 7.2835, -0.6792 -0.7005 7.3344, -2.3579 -0.4035 7.4362, -2.3721 -0.4035 7.4217, -2.3399 -0.532 7.4227, -2.4098 -0.4899 7.2835, -2.3945 -0.5506 7.2835, -2.3881 -0.5484 7.3344, -0.7642 -0.4035 7.4803, -0.7436 -0.5036 7.4736, -0.7167 -0.4035 7.4736, -0.7163 -0.4035 7.4735, -0.6987 -0.5189 7.4539, -0.696 -0.4035 7.467, -0.6277 -0.4035 7.4219, -0.637 -0.4035 7.432, -0.6601 -0.532 7.4227, -0.654 -0.4035 7.445, -0.6689 -0.4035 7.4528, -0.6054 -0.4035 7.3977, -0.6305 -0.5421 7.3819, -0.5941 -0.4035 7.3801, -0.5761 -0.4035 7.3377, -0.6119 -0.5484 7.3344, -0.5753 -0.4035 7.3344, -0.6055 -0.5506 7.2835, -0.5902 -0.4899 7.2835, -0.5683 -0.4035 7.2835, -0.5714 -0.4035 7.3179, -2.4022 -0.4035 7.3865, -2.4044 -0.4035 7.3817, -2.3695 -0.5421 7.3819, -2.4218 -0.4035 7.3445, -2.4241 -0.4035 7.3343, -2.4304 -0.4035 7.3058, -2.4317 -0.4035 7.2835, -2.3908 -0.4035 7.4027, -2.3424 -0.4035 7.4474, -2.3013 -0.5189 7.4539, -2.3312 -0.4035 7.453, -2.2996 -0.4035 7.4686, -2.2564 -0.5036 7.4736, -2.2833 -0.4035 7.4735, -2.2814 -0.4035 7.4741, -1.6411 -1.0325 7.4736, -1.7778 -0.9952 7.4736, -1.6495 -1.0792 7.4539, -1.7943 -1.0397 7.4539, -1.6567 -1.1193 7.4227, -1.8084 -1.0779 7.4227, -1.6622 -1.1501 7.3819, -1.8193 -1.1073 7.3819, -1.6657 -1.1695 7.3344, -2.0209 -0.8519 7.4736, -2.1197 -0.7504 7.4736, -2.0518 -0.8879 7.4539, -2.1565 -0.7804 7.4539, -2.0784 -0.9188 7.4227, -2.1881 -0.8061 7.4227, -2.0988 -0.9426 7.3819, -2.2124 -0.8259 7.3819, -2.1116 -0.9575 7.3344, -0.801 -0.6331 7.4736, -0.7595 -0.6561 7.4539, -0.7238 -0.6758 7.4227, -0.6964 -0.691 7.3819, -0.7876 -0.8259 7.3819, -0.8119 -0.8061 7.4227, -0.8435 -0.7804 7.4539, -0.8803 -0.7504 7.4736, -0.884 -0.9626 7.2835, -0.8884 -0.9575 7.3344, -0.9012 -0.9426 7.3819, -0.9216 -0.9188 7.4227, -0.9482 -0.8879 7.4539, -0.9791 -0.8519 7.4736, -1.0943 -0.9344 7.4736, -1.0702 -0.9753 7.4539, -1.0495 -1.0104 7.4227, -1.0336 -1.0374 7.3819, -1.1807 -1.1073 7.3819, -1.1916 -1.0779 7.4227, -1.2057 -1.0397 7.4539, -1.2222 -0.9952 7.4736, -1.3331 -1.1761 7.2835, -1.3343 -1.1695 7.3344, -1.3378 -1.1501 7.3819, -1.3433 -1.1193 7.4227, -1.3505 -1.0792 7.4539, -1.3589 -1.0325 7.4736, -1.5 -1.045 7.4736, -1.5 -1.0925 7.4539, -1.5 -1.1333 7.4227, -1.5 -1.1646 7.3819, -1.5 -1.1842 7.3344, -1.5 -1.1909 7.2835, -1.6669 -1.1761 7.2835, -1.7436 -1.1552 7.2835, -1.9798 -1.0601 7.2835, -1.9764 -1.0543 7.3344, -1.9664 -1.0374 7.3819, -1.9505 -1.0104 7.4227, -1.9298 -0.9753 7.4539, -1.9057 -0.9344 7.4736, -2.116 -0.9626 7.2835, -2.1655 -0.9117 7.2835, -2.3266 -0.7037 7.2835, -2.3208 -0.7005 7.3344, -2.3036 -0.691 7.3819, -2.2762 -0.6758 7.4227, -2.2405 -0.6561 7.4539, -2.199 -0.6331 7.4736, -2.2313 -0.0886 7.4803, -0.7687 -0.0886 7.4803, -0.7919 -0.005 7.4803, -0.8456 0.1163 7.4803, -2.1544 0.1163 7.4803, -2.2081 -0.005 7.4803, -0.9198 0.2261 7.4803, -1.0124 0.3212 7.4803, -1.1202 0.3984 7.4803, -1.76 0.4553 7.4803, -1.8798 0.3984 7.4803, -1.9876 0.3212 7.4803, -1.24 0.4553 7.4803, -1.3679 0.4902 7.4803, -1.5 0.502 7.4803, -1.6321 0.4902 7.4803, -2.0802 0.2261 7.4803, -0.5683 -0.4035 7.1654, -0.5873 -0.4906 6.7717, -0.5551 -0.2461 7.1654, -0.5551 -0.2461 6.7717, -0.5683 -0.0886 7.1654, -0.5873 -0.0015 6.7717, -2.4317 -0.4035 7.1654, -2.4317 -0.0886 7.2835, -2.4098 -0.0022 7.2835, -2.4317 -0.0886 7.1654, -2.4127 -0.0015 6.7717, -2.4449 -0.2461 7.1654, -2.4449 -0.2461 6.7717, -2.4127 -0.4906 6.7717, -1.7446 -1.1587 6.7717, -1.5 -1.1909 6.7717, -1.9724 -1.0644 6.7717, -2.1681 -0.9142 6.7717, -2.3183 -0.7185 6.7717, -2.3945 0.0585 7.2835, -2.3266 0.2116 7.2835, -2.3183 0.2264 6.7717, -2.1655 0.4195 7.2835, -2.1681 0.4221 6.7717, -2.2328 0.3504 7.2835, -2.3172 0.2256 7.2835, -2.116 0.4704 7.2835, -1.9798 0.568 7.2835, -1.9724 0.5722 6.7717, -1.9721 0.5716 7.2835, -1.8285 0.6399 7.2835, -1.7446 0.6666 6.7717, -1.7436 0.663 7.2835, -1.6669 0.684 7.2835, -1.5 0.6988 6.7717, -1.5 0.6988 7.2835, -1.3331 0.684 7.2835, -1.2554 0.6666 6.7717, -1.0279 0.5716 7.2835, -1.0276 0.5722 6.7717, -1.1715 0.6399 7.2835, -1.2564 0.663 7.2835, -1.0202 0.568 7.2835, -0.884 0.4704 7.2835, -0.8319 0.4221 6.7717, -0.6828 0.2256 7.2835, -0.6817 0.2264 6.7717, -0.7672 0.3504 7.2835, -0.8345 0.4195 7.2835, -0.5683 -0.0886 7.2835, -0.5902 -0.0022 7.2835, -0.6055 0.0585 7.2835, -0.6734 0.2116 7.2835, -0.6817 -0.7185 6.7717, -0.8319 -0.9142 6.7717, -1.0276 -1.0644 6.7717, -1.2554 -1.1587 6.7717, -0.7724 0.3462 7.3344, -1.1739 0.6336 7.3344, -1.8261 0.6336 7.3344, -1.9764 0.5622 7.3344, -2.2276 0.3462 7.3344, -2.3208 0.2084 7.3344, -0.6119 0.0563 7.3344, -0.5737 -0.0886 7.3289, -0.5752 -0.0886 7.3344, -0.5772 -0.0886 7.3414, -0.6305 0.05 7.3819, -0.5961 -0.0886 7.3836, -0.6068 -0.0886 7.3996, -0.6601 0.0399 7.4227, -0.6278 -0.0886 7.4218, -0.6963 -0.0886 7.4671, -0.6689 -0.0886 7.4528, -0.6987 0.0267 7.4539, -0.6541 -0.0886 7.4451, -0.6389 -0.0886 7.4336, -0.7144 -0.0886 7.473, -0.7436 0.0114 7.4736, -0.7167 -0.0886 7.4734, -0.762 -0.0886 7.4802, -2.2328 -0.0886 7.4803, -2.2564 0.0114 7.4736, -2.2808 -0.0886 7.4742, -2.3013 0.0267 7.4539, -2.3012 -0.0886 7.468, -2.2833 -0.0886 7.4735, -2.3722 -0.0886 7.4218, -2.3607 -0.0886 7.4339, -2.3399 0.0399 7.4227, -2.3436 -0.0886 7.4466, -2.3311 -0.0886 7.4529, -2.3929 -0.0886 7.4, -2.3695 0.05 7.3819, -2.4045 -0.0886 7.3826, -2.4218 -0.0886 7.3445, -2.3881 0.0563 7.3344, -2.4239 -0.0886 7.3342, -2.431 -0.0886 7.2996, -1.3589 0.5404 7.4736, -1.2222 0.5031 7.4736, -1.3505 0.5871 7.4539, -1.2057 0.5476 7.4539, -1.3433 0.6272 7.4227, -1.1916 0.5858 7.4227, -1.3378 0.658 7.3819, -1.1807 0.6152 7.3819, -1.3343 0.6774 7.3344, -0.9791 0.3598 7.4736, -0.8803 0.2583 7.4736, -0.9482 0.3958 7.4539, -0.8435 0.2883 7.4539, -0.9216 0.4267 7.4227, -0.8119 0.314 7.4227, -0.9012 0.4504 7.3819, -0.7876 0.3338 7.3819, -0.8884 0.4654 7.3344, -2.199 0.141 7.4736, -2.2405 0.1639 7.4539, -2.2762 0.1837 7.4227, -2.3036 0.1988 7.3819, -2.2124 0.3338 7.3819, -2.1881 0.314 7.4227, -2.1565 0.2883 7.4539, -2.1197 0.2583 7.4736, -2.1116 0.4654 7.3344, -2.0988 0.4504 7.3819, -2.0784 0.4267 7.4227, -2.0518 0.3958 7.4539, -2.0209 0.3598 7.4736, -1.9057 0.4423 7.4736, -1.9298 0.4832 7.4539, -1.9505 0.5183 7.4227, -1.9664 0.5452 7.3819, -1.8193 0.6152 7.3819, -1.8084 0.5858 7.4227, -1.7943 0.5476 7.4539, -1.7778 0.5031 7.4736, -1.6657 0.6774 7.3344, -1.6622 0.658 7.3819, -1.6567 0.6272 7.4227, -1.6495 0.5871 7.4539, -1.6411 0.5404 7.4736, -1.5 0.5529 7.4736, -1.5 0.6004 7.4539, -1.5 0.6412 7.4227, -1.5 0.6724 7.3819, -1.5 0.6921 7.3344, -1.0236 0.5622 7.3344, -1.0336 0.5452 7.3819, -1.0495 0.5183 7.4227, -1.0702 0.4832 7.4539, -1.0943 0.4423 7.4736, -0.6792 0.2084 7.3344, -0.6964 0.1988 7.3819, -0.7238 0.1837 7.4227, -0.7595 0.1639 7.4539, -0.801 0.141 7.4736, -2.2878 -1.0427 1.2598, -2.2796 -1.0325 1.2598, -1.9419 -1.0325 1.2598, -1.9183 -1.0097 1.2598, -1.9183 -1.011 1.2598, -1.9178 -1.0122 1.2598, -1.9176 -1.0124 1.2598, -1.9173 -1.0125 1.2598, -1.9165 -1.0128 1.2598, -1.7683 -0.6838 1.2598, -1.7701 -0.6837 1.2598, -1.7786 -0.6832 1.2598, -1.9182 -1.0115 1.2598, -1.918 -1.0119 1.2598, -1.8879 -0.8632 1.2598, -1.8403 -0.8694 1.2598, -1.8879 -0.9878 1.2598, -1.8207 -0.8734 1.2598, -1.7973 -0.8842 1.2598, -1.7808 -1.0042 1.2598, -1.7899 -1.0031 1.2598, -1.7802 -0.8591 1.2598, -1.7812 -0.8585 1.2598, -1.7826 -0.7104 1.2598, -1.8032 -1.0013 1.2598, -1.8166 -0.9997 1.2598, -1.8024 -0.8813 1.2598, -1.8081 -0.8779 1.2598, -1.6947 -0.6607 1.2598, -1.6952 -0.6605 1.2598, -1.6967 -0.6606 1.2598, -1.7794 -0.8599 1.2598, -1.7797 -0.8662 1.2598, -1.7789 -0.865 1.2598, -1.7795 -1.0043 1.2598, -1.7785 -0.8638 1.2598, -1.7784 -1.0046 1.2598, -1.7783 -0.8628 1.2598, -1.7774 -1.0052 1.2598, -1.6131 -1.0212 1.2598, -1.6003 -1.0182 1.2598, -1.4373 -1.0325 1.2598, -1.8214 -0.6779 1.2598, -1.8641 -0.6713 1.2598, -1.8901 -0.6667 1.2598, -1.904 -0.7214 1.2598, -1.9096 -0.6735 1.2598, -1.9043 -0.7143 1.2598, -1.9094 -0.6746 1.2598, -1.9043 -0.7036 1.2598, -1.9058 -0.6889 1.2598, -1.915 -1.0129 1.2598, -1.9134 -1.0127 1.2598, -1.9026 -1.011 1.2598, -1.6307 -1.0224 1.2598, -1.5899 -1.0128 1.2598, -1.5806 -1.0045 1.2598, -1.5715 -0.9914 1.2598, -1.6978 -0.6611 1.2598, -1.7015 -0.6637 1.2598, -1.7096 -0.6713 1.2598, -1.9037 -0.7285 1.2598, -1.9043 -0.9878 1.2598, -1.9097 -0.6702 1.2598, -1.9107 -0.9953 1.2598, -1.9145 -1.0 1.2598, -1.893 -1.0099 1.2598, -1.8833 -1.0099 1.2598, -1.8817 -1.0099 1.2598, -1.8879 -0.8434 1.2598, -1.8879 -0.69 1.2598, -1.8035 -0.7018 1.2598, -1.7808 -0.8677 1.2598, -1.5076 -0.6481 1.2598, -1.508 -0.6485 1.2598, -1.601 -0.6813 1.2598, -1.5083 -0.6491 1.2598, -1.5901 -0.6893 1.2598, -1.7217 -0.6894 1.2598, -1.7215 -0.6897 1.2598, -1.7231 -1.0065 1.2598, -1.7192 -0.6902 1.2598, -1.7003 -0.9867 1.2598, -1.7206 -0.6901 1.2598, -1.7212 -0.6899 1.2598, -1.9168 -1.0034 1.2598, -1.9177 -1.0053 1.2598, -1.9182 -1.008 1.2598, -1.8375 -1.0156 1.2598, -1.8179 -1.0195 1.2598, -1.7759 -1.0091 1.2598, -1.7758 -1.0082 1.2598, -1.7227 -1.0093 1.2598, -1.7761 -1.0067 1.2598, -1.7766 -1.006 1.2598, -1.7231 -1.0078 1.2598, -1.7823 -0.8582 1.2598, -1.7837 -0.8581 1.2598, -1.7876 -0.7075 1.2598, -1.7953 -0.7039 1.2598, -1.3529 -0.6503 1.2598, -1.3532 -0.6496 1.2598, -1.5064 -0.6477 1.2598, -1.5068 -0.6477 1.2598, -1.5073 -0.6479 1.2598, -1.722 -0.6889 1.2598, -1.7203 -1.0011 1.2598, -1.7178 -0.9991 1.2598, -1.7077 -0.9906 1.2598, -1.7219 -1.0031 1.2598, -1.7228 -1.0051 1.2598, -1.7172 -0.69 1.2598, -1.7094 -0.69 1.2598, -1.7003 -0.69 1.2598, -1.8706 -1.0101 1.2598, -1.8596 -1.0116 1.2598, -1.8026 -1.0251 1.2598, -1.7995 -1.0269 1.2598, -1.7944 -1.0302 1.2598, -1.7222 -1.0102 1.2598, -1.7781 -1.0133 1.2598, -1.7784 -0.862 1.2598, -1.7787 -0.861 1.2598, -1.3487 -0.7105 1.2598, -1.348 -0.7096 1.2598, -0.2953 -1.0325 1.2598, -1.3551 -0.6485 1.2598, -1.5025 -0.6532 1.2598, -1.5032 -0.6512 1.2598, -1.7204 -0.683 1.2598, -1.7214 -0.6842 1.2598, -1.722 -0.6851 1.2598, -1.7224 -0.6858 1.2598, -1.7226 -0.6864 1.2598, -1.7226 -0.687 1.2598, -1.7225 -0.6878 1.2598, -1.7041 -0.9885 1.2598, -1.9048 -0.6636 1.2598, -1.9061 -0.6642 1.2598, -1.7759 -1.0074 1.2598, -1.5802 -0.7011 1.2598, -1.514 -0.6992 1.2598, -1.5684 -0.7221 1.2598, -1.5138 -0.7044 1.2598, -1.5127 -0.7076 1.2598, -1.6116 -0.677 1.2598, -1.6527 -0.6707 1.2598, -1.6776 -0.6678 1.2598, -1.6938 -1.0107 1.2598, -1.689 -1.0116 1.2598, -1.7122 -0.6741 1.2598, -1.719 -0.6814 1.2598, -1.8964 -0.6644 1.2598, -1.9004 -0.6635 1.2598, -1.9033 -0.6633 1.2598, -1.9076 -0.6653 1.2598, -1.9087 -0.6667 1.2598, -1.9093 -0.668 1.2598, -1.3527 -0.6512 1.2598, -1.3572 -0.65 1.2598, -1.4724 -0.7942 1.2598, -1.3567 -0.6494 1.2598, -1.4906 -0.7098 1.2598, -1.5087 -0.6505 1.2598, -1.5097 -0.6576 1.2598, -1.6869 -0.6654 1.2598, -1.6928 -0.6618 1.2598, -1.6771 -1.0127 1.2598, -1.6556 -1.0189 1.2598, -1.6432 -1.0213 1.2598, -1.5627 -0.9683 1.2598, -1.5545 -0.9049 1.2598, -1.4951 -0.7647 1.2598, -1.5519 -0.8264 1.2598, -1.5013 -0.7396 1.2598, -1.5576 -0.7596 1.2598, -1.5087 -0.7149 1.2598, -1.5115 -0.7098 1.2598, -1.777 -1.0114 1.2598, -1.7763 -1.0101 1.2598, -1.3672 -0.7636 1.2598, -1.374 -0.7919 1.2598, -1.4284 -1.0325 1.2598, -1.3477 -0.7089 1.2598, -1.3476 -0.7083 1.2598, -1.3476 -0.7062 1.2598, -1.4991 -0.6667 1.2598, -1.3557 -0.6487 1.2598, -1.3563 -0.649 1.2598, -1.3577 -0.6511 1.2598, -1.3581 -0.6526 1.2598, -1.3954 -0.8128 1.2598, -1.362 -0.6752 1.2598, -1.5105 -0.6645 1.2598, -1.5132 -0.6882 1.2598, -1.3484 -0.6929 1.2598, -1.3485 -0.6928 1.2598, -1.3507 -0.6673 1.2598, -1.3519 -0.6577 1.2598, -1.3521 -0.6547 1.2598, -1.3524 -0.6526 1.2598, -1.506 -0.6478 1.2598, -1.5055 -0.648 1.2598, -1.5039 -0.6499 1.2598, -1.5045 -0.649 1.2598, -1.505 -0.6483 1.2598, -1.7214 -1.011 1.2598, -1.7207 -1.0116 1.2598, -1.7104 -1.0099 1.2598, -1.6986 -1.0099 1.2598, -1.7667 -0.6841 1.2598, -1.7668 -0.6841 1.2598, -1.3642 -0.7502 1.2598, -1.3604 -0.737 1.2598, -1.3564 -0.7262 1.2598, -1.3528 -0.7161 1.2598, -1.3504 -0.7125 1.2598, -1.7653 -0.6853 1.2598, -1.7657 -0.6847 1.2598, -1.7661 -0.6844 1.2598, -1.7667 -0.6928 1.2598, -1.765 -0.6904 1.2598, -1.7645 -0.6891 1.2598, -1.7644 -0.6881 1.2598, -1.7644 -0.6873 1.2598, -1.7647 -0.6863 1.2598, -1.3535 -0.6492 1.2598, -1.3539 -0.6489 1.2598, -1.3543 -0.6486 1.2598, -1.3547 -0.6485 1.2598, -1.4368 -1.0348 1.2598, -1.4289 -1.0348 1.2598, -2.7047 -1.0325 1.2598, -2.2906 -1.0325 1.2598, -2.2917 -1.0382 1.2598, -2.1889 -0.7033 1.2598, -2.187 -0.7041 1.2598, -2.1185 -0.9052 1.2598, -1.9826 -1.0218 1.2598, -1.9741 -1.0218 1.2598, -1.9741 -0.8706 1.2598, -2.0226 -1.0237 1.2598, -2.0095 -1.0165 1.2598, -2.0928 -0.9935 1.2598, -2.0813 -1.0085 1.2598, -2.2629 -1.0116 1.2598, -2.1183 -0.791 1.2598, -2.1676 -0.6867 1.2598, -2.1655 -0.6844 1.2598, -2.1121 -0.7526 1.2598, -2.0458 -0.6621 1.2598, -2.0608 -0.6668 1.2598, -2.1638 -0.6787 1.2598, -2.0739 -0.6744 1.2598, -2.0833 -0.6841 1.2598, -1.9982 -1.0062 1.2598, -1.9917 -0.9974 1.2598, -1.9866 -0.9884 1.2598, -2.0392 -1.028 1.2598, -2.0472 -1.0279 1.2598, -2.0637 -1.0221 1.2598, -2.0553 -1.0263 1.2598, -2.1055 -0.8173 1.2598, -1.9776 -0.7715 1.2598, -2.1034 -0.9074 1.2598, -1.9747 -0.8015 1.2598, -2.0983 -0.9369 1.2598, -2.2713 -0.6871 1.2598, -2.2277 -0.6908 1.2598, -2.207 -0.694 1.2598, -2.2 -0.6956 1.2598, -1.9699 -0.7333 1.2598, -1.9764 -0.708 1.2598, -2.0392 -0.6803 1.2598, -2.0915 -0.7364 1.2598, -2.1959 -0.6975 1.2598, -2.1907 -0.702 1.2598, -2.0963 -0.7052 1.2598, -2.1645 -0.6827 1.2598, -2.164 -0.6807 1.2598, -1.9656 -0.801 1.2598, -1.9861 -0.6884 1.2598, -1.9935 -0.679 1.2598, -2.0043 -0.6702 1.2598, -2.2713 -0.9759 1.2598, -2.1048 -0.9665 1.2598, -2.2712 -0.9832 1.2598, -2.0039 -0.6931 1.2598, -1.9955 -0.7027 1.2598, -2.0261 -1.0075 1.2598, -2.0662 -0.9993 1.2598, -2.0753 -0.9903 1.2598, -2.1738 -0.6924 1.2598, -1.9896 -0.9504 1.2598, -1.9849 -0.8706 1.2598, -2.018 -0.6639 1.2598, -2.0313 -0.6616 1.2598, -2.2875 -0.686 1.2598, -2.2872 -0.6894 1.2598, -2.289 -0.6722 1.2598, -2.2861 -0.7228 1.2598, -2.2861 -0.9776 1.2598, -2.2687 -0.9992 1.2598, -2.0265 -0.6813 1.2598, -2.014 -0.686 1.2598, -1.9881 -0.7174 1.2598, -1.98 -0.7548 1.2598, -2.0347 -1.0094 1.2598, -2.0465 -1.0086 1.2598, -2.0566 -1.0052 1.2598, -2.1644 -0.6774 1.2598, -2.1649 -0.6769 1.2598, -2.0618 -0.6876 1.2598, -2.07 -0.6951 1.2598, -2.0829 -0.7134 1.2598, -2.0546 -0.6834 1.2598, -2.0471 -0.6811 1.2598, -1.9966 -0.976 1.2598, -2.0037 -0.99 1.2598, -2.0106 -0.9982 1.2598, -2.287 -0.6651 1.2598, -2.2878 -0.6659 1.2598, -2.2887 -0.6675 1.2598, -2.2891 -0.669 1.2598, -2.2864 -1.0053 1.2598, -2.0851 -0.975 1.2598, -2.0181 -1.0039 1.2598, -2.2844 -0.6641 1.2598, -2.2855 -0.6642 1.2598, -2.2864 -0.6646 1.2598, -2.1657 -0.6764 1.2598, -2.1671 -0.6758 1.2598, -2.1692 -0.6756 1.2598, -2.1791 -0.6753 1.2598, -2.1935 -0.6733 1.2598, -2.2308 -0.6694 1.2598, -2.2431 -0.6684 1.2598, -2.2668 -0.6662 1.2598, -2.2799 -0.6651 1.2598, -2.2828 -0.6642 1.2598
            ]
        }
        coordIndex [
            0,1,2,-1,0,2,3,-1,3,2,4,-1,3,4,5,-1,5,4,6,-1,5,6,7,-1,7,6,8,-1,7,8,9,-1,9,8,10,-1,9,10,11,-1,12,13,14,-1,14,13,15,-1,16,17,18,-1,18,17,19,-1,20,11,21,-1,21,11,10,-1,22,23,24,-1,24,23,25,-1,24,25,26,-1,26,25,27,-1,26,27,28,-1,28,27,29,-1,28,29,30,-1,30,29,31,-1,30,31,32,-1,32,31,33,-1,32,33,34,-1,32,34,35,-1,35,34,36,-1,35,36,37,-1,37,36,38,-1,37,38,39,-1,39,38,40,-1,39,40,41,-1,41,40,42,-1,41,42,43,-1,43,42,44,-1,43,44,45,-1,46,45,47,-1,47,45,44,-1,46,47,48,-1,48,47,49,-1,48,49,50,-1,50,49,51,-1,50,51,52,-1,52,51,53,-1,52,53,54,-1,54,53,55,-1,54,55,56,-1,56,55,57,-1,56,57,58,-1,58,57,59,-1,60,58,61,-1,61,58,59,-1,60,61,62,-1,62,61,63,-1,62,63,64,-1,64,63,65,-1,64,65,66,-1,66,65,67,-1,66,67,68,-1,68,67,69,-1,68,69,70,-1,70,69,71,-1,70,71,72,-1,72,71,73,-1,74,72,75,-1,75,72,73,-1,74,75,76,-1,74,76,77,-1,77,76,78,-1,77,78,79,-1,79,78,80,-1,79,80,81,-1,81,80,82,-1,81,82,83,-1,83,82,84,-1,83,84,85,-1,85,84,86,-1,85,86,87,-1,88,87,89,-1,89,87,86,-1,90,88,91,-1,91,88,89,-1,92,90,93,-1,93,90,91,-1,19,17,94,-1,19,94,95,-1,95,94,96,-1,95,96,97,-1,97,96,98,-1,97,98,99,-1,99,98,100,-1,99,100,101,-1,101,100,102,-1,101,102,103,-1,103,102,104,-1,103,104,105,-1,106,105,107,-1,107,105,104,-1,106,107,108,-1,108,107,109,-1,108,109,110,-1,110,109,111,-1,110,111,112,-1,112,111,113,-1,112,113,114,-1,114,113,115,-1,114,115,116,-1,116,115,117,-1,116,117,22,-1,22,117,23,-1,118,119,120,-1,120,119,121,-1,122,123,124,-1,124,123,125,-1,126,123,127,-1,127,123,122,-1,127,122,128,-1,128,122,129,-1,128,129,118,-1,118,129,119,-1,119,129,130,-1,130,129,131,-1,130,131,125,-1,125,131,132,-1,125,132,124,-1,133,134,135,-1,136,120,121,-1,134,137,135,-1,135,137,138,-1,135,138,139,-1,138,136,139,-1,139,136,121,-1,139,121,140,-1,140,121,141,-1,140,141,142,-1,142,141,133,-1,142,133,143,-1,143,133,135,-1,144,145,146,-1,146,145,147,-1,146,147,148,-1,148,147,149,-1,148,149,150,-1,150,149,151,-1,150,151,152,-1,152,151,153,-1,152,153,154,-1,154,153,155,-1,154,155,156,-1,156,155,157,-1,156,157,158,-1,158,157,159,-1,158,159,160,-1,160,159,161,-1,160,161,162,-1,162,161,163,-1,162,163,164,-1,164,163,165,-1,164,165,166,-1,166,165,167,-1,166,167,168,-1,168,167,169,-1,168,169,170,-1,170,169,171,-1,170,171,172,-1,172,171,173,-1,172,173,174,-1,174,173,175,-1,174,175,176,-1,176,175,177,-1,176,177,178,-1,178,177,179,-1,178,179,180,-1,180,179,181,-1,180,181,182,-1,182,181,183,-1,182,183,184,-1,184,183,185,-1,184,185,186,-1,186,185,187,-1,186,187,188,-1,188,187,189,-1,188,189,190,-1,190,189,191,-1,190,191,144,-1,144,191,145,-1,192,193,194,-1,194,193,195,-1,194,195,196,-1,192,197,193,-1,193,197,198,-1,193,198,199,-1,200,201,199,-1,199,201,202,-1,199,202,203,-1,200,204,201,-1,201,204,205,-1,201,205,206,-1,203,207,199,-1,199,207,208,-1,199,208,193,-1,209,210,211,-1,212,213,214,-1,215,216,217,-1,218,219,220,-1,221,222,223,-1,224,225,226,-1,227,228,229,-1,230,231,232,-1,195,193,233,-1,233,193,234,-1,233,234,235,-1,235,234,236,-1,236,234,237,-1,236,237,238,-1,239,240,241,-1,241,240,242,-1,241,242,237,-1,237,242,243,-1,237,243,238,-1,239,241,244,-1,244,241,245,-1,244,245,246,-1,246,245,247,-1,247,245,248,-1,247,248,249,-1,248,250,251,-1,251,252,248,-1,248,252,253,-1,248,253,249,-1,254,255,256,-1,256,255,257,-1,256,257,232,-1,232,257,258,-1,232,258,230,-1,230,258,259,-1,230,259,260,-1,229,228,256,-1,256,228,261,-1,256,261,254,-1,227,229,262,-1,262,229,263,-1,262,263,264,-1,264,263,265,-1,265,263,266,-1,265,266,267,-1,267,266,268,-1,268,266,194,-1,268,194,196,-1,204,200,269,-1,269,200,270,-1,269,270,271,-1,271,270,272,-1,271,272,273,-1,273,272,274,-1,273,274,275,-1,275,274,276,-1,275,276,277,-1,277,276,214,-1,198,197,278,-1,278,197,279,-1,278,279,280,-1,280,279,281,-1,280,281,282,-1,282,281,283,-1,282,283,284,-1,284,283,285,-1,284,285,286,-1,286,285,211,-1,193,208,234,-1,234,208,287,-1,234,287,237,-1,237,287,288,-1,237,288,241,-1,241,288,289,-1,241,289,245,-1,245,289,290,-1,245,290,248,-1,248,290,226,-1,248,226,250,-1,250,226,225,-1,222,224,223,-1,223,224,226,-1,223,226,291,-1,291,226,290,-1,291,290,292,-1,292,290,289,-1,292,289,293,-1,293,289,288,-1,293,288,294,-1,294,288,287,-1,294,287,207,-1,207,287,208,-1,295,221,296,-1,296,221,223,-1,296,223,297,-1,297,223,291,-1,297,291,298,-1,298,291,292,-1,298,292,299,-1,299,292,293,-1,299,293,300,-1,300,293,294,-1,300,294,203,-1,203,294,207,-1,203,202,300,-1,300,202,301,-1,300,301,299,-1,299,301,302,-1,299,302,298,-1,298,302,303,-1,298,303,297,-1,297,303,304,-1,297,304,296,-1,296,304,220,-1,296,220,295,-1,295,220,219,-1,216,218,217,-1,217,218,220,-1,217,220,305,-1,305,220,304,-1,305,304,306,-1,306,304,303,-1,306,303,307,-1,307,303,302,-1,307,302,308,-1,308,302,301,-1,308,301,201,-1,201,301,202,-1,309,215,310,-1,310,215,217,-1,310,217,311,-1,311,217,305,-1,311,305,312,-1,312,305,306,-1,312,306,313,-1,313,306,307,-1,313,307,314,-1,314,307,308,-1,314,308,206,-1,206,308,201,-1,206,205,314,-1,314,205,315,-1,314,315,313,-1,313,315,316,-1,313,316,312,-1,312,316,317,-1,312,317,311,-1,311,317,318,-1,311,318,310,-1,310,318,319,-1,310,319,309,-1,309,319,320,-1,205,204,315,-1,315,204,269,-1,315,269,316,-1,316,269,271,-1,316,271,317,-1,317,271,273,-1,317,273,318,-1,318,273,275,-1,318,275,319,-1,319,275,277,-1,319,277,320,-1,320,277,321,-1,214,213,277,-1,277,213,322,-1,277,322,321,-1,323,212,324,-1,324,212,214,-1,324,214,325,-1,325,214,276,-1,325,276,326,-1,326,276,274,-1,326,274,327,-1,327,274,272,-1,327,272,328,-1,328,272,270,-1,328,270,199,-1,199,270,200,-1,199,198,328,-1,328,198,278,-1,328,278,327,-1,327,278,280,-1,327,280,326,-1,326,280,282,-1,326,282,325,-1,325,282,284,-1,325,284,324,-1,324,284,286,-1,324,286,323,-1,323,286,329,-1,211,210,286,-1,286,210,330,-1,286,330,329,-1,331,209,332,-1,332,209,211,-1,332,211,333,-1,333,211,285,-1,333,285,334,-1,334,285,283,-1,334,283,335,-1,335,283,281,-1,335,281,336,-1,336,281,279,-1,336,279,192,-1,192,279,197,-1,192,194,336,-1,336,194,266,-1,336,266,335,-1,335,266,263,-1,335,263,334,-1,334,263,229,-1,334,229,333,-1,333,229,256,-1,333,256,332,-1,332,256,232,-1,332,232,331,-1,331,232,231,-1,337,338,339,-1,340,341,339,-1,339,341,342,-1,339,342,337,-1,340,343,341,-1,341,343,344,-1,341,344,345,-1,346,347,348,-1,345,349,341,-1,341,349,350,-1,341,350,351,-1,351,352,341,-1,341,352,346,-1,341,346,353,-1,353,346,348,-1,252,251,354,-1,354,251,355,-1,354,355,356,-1,356,355,357,-1,356,357,358,-1,358,357,359,-1,230,260,360,-1,361,362,363,-1,363,362,364,-1,363,364,365,-1,365,364,366,-1,365,366,360,-1,360,366,367,-1,360,367,230,-1,321,368,369,-1,212,370,213,-1,213,370,368,-1,213,368,322,-1,322,368,321,-1,212,323,370,-1,370,323,329,-1,370,329,371,-1,329,330,371,-1,371,330,210,-1,371,210,372,-1,210,209,372,-1,372,209,331,-1,372,331,367,-1,367,331,231,-1,367,231,230,-1,362,373,364,-1,364,373,374,-1,364,374,375,-1,376,377,378,-1,378,377,375,-1,378,375,379,-1,379,375,374,-1,376,380,377,-1,377,380,381,-1,377,381,382,-1,381,383,382,-1,382,383,384,-1,382,384,385,-1,384,386,385,-1,385,386,387,-1,385,387,388,-1,387,389,388,-1,388,389,390,-1,388,390,391,-1,392,393,394,-1,394,393,391,-1,394,391,395,-1,395,391,390,-1,392,396,393,-1,393,396,397,-1,393,397,398,-1,399,400,401,-1,401,400,398,-1,401,398,402,-1,402,398,397,-1,403,358,404,-1,404,358,359,-1,404,359,405,-1,405,359,400,-1,405,400,406,-1,406,400,399,-1,251,250,355,-1,355,250,225,-1,355,225,407,-1,221,408,222,-1,222,408,407,-1,222,407,224,-1,224,407,225,-1,221,295,408,-1,408,295,219,-1,408,219,409,-1,219,218,409,-1,409,218,216,-1,409,216,410,-1,216,215,410,-1,410,215,309,-1,410,309,369,-1,369,309,320,-1,369,320,321,-1,156,357,154,-1,154,357,355,-1,154,355,152,-1,152,355,407,-1,152,407,150,-1,150,407,408,-1,150,408,148,-1,148,408,409,-1,148,409,146,-1,146,409,410,-1,146,410,144,-1,144,410,369,-1,144,369,190,-1,190,369,368,-1,190,368,188,-1,188,368,370,-1,188,370,186,-1,186,370,371,-1,186,371,184,-1,184,371,372,-1,184,372,182,-1,182,372,367,-1,182,367,180,-1,180,367,366,-1,180,366,178,-1,178,366,364,-1,178,364,176,-1,176,364,375,-1,176,375,174,-1,174,375,377,-1,174,377,172,-1,172,377,382,-1,172,382,170,-1,170,382,385,-1,170,385,168,-1,168,385,388,-1,168,388,166,-1,166,388,391,-1,166,391,164,-1,164,391,393,-1,164,393,162,-1,162,393,398,-1,162,398,160,-1,160,398,400,-1,160,400,158,-1,158,400,359,-1,158,359,156,-1,156,359,357,-1,399,401,411,-1,392,394,412,-1,386,384,413,-1,383,381,414,-1,376,378,415,-1,379,374,416,-1,404,405,417,-1,403,404,418,-1,418,404,417,-1,418,417,419,-1,419,417,420,-1,420,417,421,-1,420,421,422,-1,422,421,423,-1,423,421,424,-1,423,424,425,-1,426,427,428,-1,428,427,429,-1,428,429,424,-1,424,429,430,-1,424,430,425,-1,426,428,431,-1,431,428,432,-1,431,432,433,-1,433,432,434,-1,434,432,339,-1,434,339,338,-1,337,342,435,-1,435,342,436,-1,435,436,437,-1,438,439,436,-1,436,439,440,-1,436,440,437,-1,441,442,443,-1,443,442,444,-1,443,444,438,-1,438,444,445,-1,438,445,439,-1,441,443,446,-1,446,443,447,-1,446,447,448,-1,448,447,449,-1,449,447,450,-1,449,450,451,-1,450,373,362,-1,451,450,452,-1,452,450,362,-1,452,362,361,-1,350,349,453,-1,453,349,454,-1,453,454,455,-1,455,454,456,-1,455,456,457,-1,457,456,458,-1,457,458,459,-1,459,458,460,-1,459,460,461,-1,461,460,412,-1,344,343,462,-1,462,343,463,-1,462,463,464,-1,464,463,465,-1,464,465,466,-1,466,465,467,-1,466,467,468,-1,468,467,469,-1,468,469,470,-1,470,469,411,-1,342,341,436,-1,436,341,471,-1,436,471,438,-1,438,471,472,-1,438,472,443,-1,443,472,473,-1,443,473,447,-1,447,473,474,-1,447,474,450,-1,450,474,416,-1,450,416,373,-1,373,416,374,-1,378,379,415,-1,415,379,416,-1,415,416,475,-1,475,416,474,-1,475,474,476,-1,476,474,473,-1,476,473,477,-1,477,473,472,-1,477,472,478,-1,478,472,471,-1,478,471,353,-1,353,471,341,-1,380,376,479,-1,479,376,415,-1,479,415,480,-1,480,415,475,-1,480,475,481,-1,481,475,476,-1,481,476,482,-1,482,476,477,-1,482,477,483,-1,483,477,478,-1,483,478,348,-1,348,478,353,-1,348,347,483,-1,483,347,484,-1,483,484,482,-1,482,484,485,-1,482,485,481,-1,481,485,486,-1,481,486,480,-1,480,486,487,-1,480,487,479,-1,479,487,414,-1,479,414,380,-1,380,414,381,-1,384,383,413,-1,413,383,414,-1,413,414,488,-1,488,414,487,-1,488,487,489,-1,489,487,486,-1,489,486,490,-1,490,486,485,-1,490,485,491,-1,491,485,484,-1,491,484,346,-1,346,484,347,-1,387,386,492,-1,492,386,413,-1,492,413,493,-1,493,413,488,-1,493,488,494,-1,494,488,489,-1,494,489,495,-1,495,489,490,-1,495,490,496,-1,496,490,491,-1,496,491,352,-1,352,491,346,-1,352,351,496,-1,496,351,497,-1,496,497,495,-1,495,497,498,-1,495,498,494,-1,494,498,499,-1,494,499,493,-1,493,499,500,-1,493,500,492,-1,492,500,501,-1,492,501,387,-1,387,501,389,-1,351,350,497,-1,497,350,453,-1,497,453,498,-1,498,453,455,-1,498,455,499,-1,499,455,457,-1,499,457,500,-1,500,457,459,-1,500,459,501,-1,501,459,461,-1,501,461,389,-1,389,461,390,-1,412,394,461,-1,461,394,395,-1,461,395,390,-1,396,392,502,-1,502,392,412,-1,502,412,503,-1,503,412,460,-1,503,460,504,-1,504,460,458,-1,504,458,505,-1,505,458,456,-1,505,456,506,-1,506,456,454,-1,506,454,345,-1,345,454,349,-1,345,344,506,-1,506,344,462,-1,506,462,505,-1,505,462,464,-1,505,464,504,-1,504,464,466,-1,504,466,503,-1,503,466,468,-1,503,468,502,-1,502,468,470,-1,502,470,396,-1,396,470,397,-1,411,401,470,-1,470,401,402,-1,470,402,397,-1,406,399,507,-1,507,399,411,-1,507,411,508,-1,508,411,469,-1,508,469,509,-1,509,469,467,-1,509,467,510,-1,510,467,465,-1,510,465,511,-1,511,465,463,-1,511,463,340,-1,340,463,343,-1,340,339,511,-1,511,339,432,-1,511,432,510,-1,510,432,428,-1,510,428,509,-1,509,428,424,-1,509,424,508,-1,508,424,421,-1,508,421,507,-1,507,421,417,-1,507,417,406,-1,406,417,405,-1,354,360,260,-1,235,249,253,-1,260,259,354,-1,354,259,258,-1,354,258,257,-1,257,255,354,-1,354,255,254,-1,354,254,261,-1,235,236,249,-1,249,236,238,-1,249,238,243,-1,261,228,354,-1,354,228,227,-1,354,227,262,-1,262,264,354,-1,354,264,265,-1,354,265,267,-1,243,242,249,-1,249,242,240,-1,249,240,239,-1,244,246,239,-1,239,246,247,-1,239,247,249,-1,253,252,235,-1,235,252,354,-1,235,354,233,-1,233,354,195,-1,267,268,354,-1,354,268,196,-1,354,196,195,-1,439,445,363,-1,363,358,403,-1,403,418,363,-1,363,418,419,-1,363,419,420,-1,445,444,363,-1,363,444,442,-1,363,442,441,-1,420,422,363,-1,363,422,423,-1,363,423,425,-1,425,430,363,-1,363,430,429,-1,363,429,427,-1,446,448,441,-1,441,448,449,-1,441,449,451,-1,451,452,441,-1,441,452,361,-1,441,361,363,-1,427,426,363,-1,363,426,431,-1,363,431,433,-1,363,337,435,-1,433,434,363,-1,363,434,338,-1,363,338,337,-1,435,437,363,-1,363,437,440,-1,363,440,439,-1,358,363,356,-1,356,363,365,-1,356,365,354,-1,354,365,360,-1,163,161,129,-1,153,151,139,-1,139,151,149,-1,139,149,147,-1,177,122,179,-1,179,122,135,-1,179,135,181,-1,177,175,122,-1,122,175,173,-1,122,173,171,-1,171,169,122,-1,122,169,167,-1,122,167,129,-1,129,167,165,-1,129,165,163,-1,161,159,129,-1,129,159,157,-1,129,157,139,-1,139,157,155,-1,139,155,153,-1,147,145,139,-1,139,145,191,-1,139,191,135,-1,135,191,189,-1,135,189,187,-1,187,185,135,-1,135,185,183,-1,135,183,181,-1,512,513,514,-1,514,515,516,-1,517,518,514,-1,514,518,519,-1,514,519,520,-1,521,522,523,-1,516,524,514,-1,514,524,525,-1,514,525,517,-1,526,527,528,-1,528,527,529,-1,530,531,532,-1,533,534,535,-1,532,536,530,-1,530,536,537,-1,530,537,538,-1,538,537,528,-1,538,528,539,-1,539,528,529,-1,540,541,132,-1,132,541,542,-1,533,535,543,-1,544,545,546,-1,546,545,547,-1,546,547,548,-1,548,547,549,-1,548,549,550,-1,551,552,553,-1,523,554,521,-1,521,554,555,-1,521,555,556,-1,557,558,559,-1,559,558,560,-1,559,560,561,-1,561,560,562,-1,520,563,514,-1,514,563,564,-1,514,564,565,-1,551,553,566,-1,552,567,553,-1,553,567,568,-1,553,568,569,-1,542,570,132,-1,132,570,571,-1,132,571,572,-1,557,573,558,-1,558,573,574,-1,558,574,575,-1,575,574,576,-1,575,576,577,-1,565,578,514,-1,514,578,579,-1,514,579,580,-1,581,582,583,-1,531,530,546,-1,546,530,584,-1,546,584,544,-1,585,586,587,-1,587,586,588,-1,587,588,589,-1,590,591,592,-1,593,594,595,-1,595,594,596,-1,577,597,575,-1,575,597,598,-1,575,598,514,-1,514,598,599,-1,514,599,515,-1,514,600,601,-1,602,603,604,-1,605,606,607,-1,607,606,550,-1,534,608,535,-1,535,608,609,-1,535,609,610,-1,610,609,581,-1,610,581,611,-1,611,581,583,-1,612,613,131,-1,614,615,132,-1,132,615,616,-1,590,592,617,-1,618,591,619,-1,619,591,620,-1,618,621,591,-1,591,621,622,-1,591,622,592,-1,593,623,594,-1,594,623,624,-1,594,624,625,-1,592,607,535,-1,580,626,514,-1,514,626,627,-1,514,627,600,-1,601,628,514,-1,514,628,629,-1,514,629,630,-1,631,630,604,-1,604,630,632,-1,550,549,607,-1,607,549,633,-1,607,633,535,-1,535,633,634,-1,535,634,543,-1,635,636,637,-1,638,639,640,-1,641,642,132,-1,132,642,643,-1,132,643,644,-1,644,645,132,-1,132,645,646,-1,132,646,592,-1,592,646,647,-1,592,647,617,-1,596,594,591,-1,591,594,648,-1,591,648,620,-1,132,649,650,-1,604,603,607,-1,607,603,651,-1,607,651,605,-1,652,653,654,-1,654,653,655,-1,654,655,656,-1,585,587,616,-1,616,587,657,-1,616,657,132,-1,132,657,658,-1,132,658,659,-1,660,661,630,-1,572,662,132,-1,132,662,663,-1,132,663,641,-1,664,665,132,-1,132,665,666,-1,132,666,649,-1,650,667,132,-1,132,667,668,-1,132,668,669,-1,612,131,670,-1,671,672,673,-1,673,672,674,-1,589,588,652,-1,652,588,675,-1,652,675,676,-1,659,677,132,-1,132,677,678,-1,132,678,540,-1,661,679,630,-1,630,679,680,-1,630,680,681,-1,569,682,553,-1,553,682,683,-1,553,683,684,-1,684,683,685,-1,684,685,686,-1,686,685,687,-1,686,687,688,-1,688,687,654,-1,688,654,689,-1,689,654,656,-1,632,690,604,-1,604,690,691,-1,604,691,602,-1,692,637,693,-1,693,637,694,-1,636,695,637,-1,637,695,696,-1,637,696,697,-1,639,638,698,-1,698,638,699,-1,698,699,674,-1,674,699,700,-1,674,700,673,-1,671,701,672,-1,672,701,702,-1,672,702,703,-1,703,702,704,-1,676,705,652,-1,652,705,706,-1,652,706,653,-1,697,707,637,-1,637,707,708,-1,637,708,709,-1,709,710,637,-1,637,710,711,-1,637,711,131,-1,131,711,712,-1,131,712,670,-1,614,132,713,-1,713,132,131,-1,713,131,714,-1,640,715,638,-1,638,715,716,-1,638,716,717,-1,631,718,630,-1,630,718,719,-1,630,719,660,-1,660,719,720,-1,660,720,721,-1,722,723,132,-1,132,723,521,-1,132,521,664,-1,664,521,556,-1,692,724,637,-1,637,724,725,-1,637,725,726,-1,726,727,637,-1,637,727,728,-1,637,728,635,-1,729,730,132,-1,132,730,731,-1,132,731,722,-1,535,732,592,-1,592,732,733,-1,592,733,734,-1,734,735,592,-1,592,735,736,-1,592,736,132,-1,132,736,737,-1,132,737,729,-1,613,738,131,-1,131,738,739,-1,131,739,740,-1,740,741,131,-1,131,741,638,-1,131,638,714,-1,714,638,717,-1,553,742,142,-1,142,742,743,-1,694,637,743,-1,743,637,140,-1,743,140,142,-1,143,744,745,-1,745,746,143,-1,143,746,512,-1,143,512,142,-1,142,512,514,-1,142,514,553,-1,553,514,630,-1,553,630,566,-1,566,630,681,-1,747,748,749,-1,750,751,514,-1,514,751,752,-1,750,753,754,-1,755,756,757,-1,749,748,758,-1,759,760,761,-1,762,763,764,-1,764,763,765,-1,764,765,766,-1,754,767,750,-1,750,767,768,-1,750,768,769,-1,753,750,770,-1,770,750,514,-1,770,514,771,-1,771,514,513,-1,771,513,757,-1,756,772,757,-1,757,772,773,-1,757,773,771,-1,774,775,776,-1,776,775,777,-1,776,777,778,-1,779,780,749,-1,749,780,781,-1,749,781,782,-1,783,784,132,-1,785,774,786,-1,782,787,749,-1,749,787,788,-1,749,788,747,-1,761,760,789,-1,789,760,790,-1,789,790,766,-1,766,790,791,-1,766,791,764,-1,783,132,792,-1,784,793,132,-1,132,793,794,-1,132,794,795,-1,779,749,796,-1,796,749,797,-1,796,797,798,-1,774,799,800,-1,801,802,803,-1,758,748,761,-1,761,748,804,-1,761,804,759,-1,805,778,806,-1,806,778,777,-1,806,777,752,-1,752,777,792,-1,752,792,514,-1,514,792,132,-1,514,132,575,-1,575,132,669,-1,795,807,132,-1,132,807,808,-1,132,808,762,-1,809,810,811,-1,811,810,812,-1,811,812,813,-1,755,757,797,-1,797,757,814,-1,797,814,798,-1,785,815,774,-1,774,815,816,-1,774,816,799,-1,800,817,774,-1,774,817,818,-1,774,818,775,-1,819,820,801,-1,801,820,821,-1,801,821,802,-1,764,822,762,-1,762,822,823,-1,762,823,132,-1,132,823,124,-1,824,786,825,-1,825,786,826,-1,824,827,786,-1,786,827,828,-1,786,828,785,-1,805,829,778,-1,778,829,830,-1,778,830,831,-1,832,833,124,-1,124,833,834,-1,124,834,744,-1,834,835,744,-1,744,835,811,-1,744,811,745,-1,745,811,813,-1,745,813,836,-1,803,837,801,-1,801,837,778,-1,801,778,838,-1,838,778,831,-1,839,840,124,-1,124,840,841,-1,124,841,832,-1,823,842,124,-1,124,842,843,-1,124,843,844,-1,845,846,844,-1,844,846,847,-1,844,847,124,-1,124,847,848,-1,124,848,849,-1,849,850,124,-1,124,850,851,-1,124,851,839,-1,143,135,744,-1,744,135,122,-1,744,122,124,-1,131,129,637,-1,637,129,139,-1,637,139,140,-1,134,123,137,-1,137,123,126,-1,141,130,133,-1,133,130,125,-1,130,141,119,-1,119,141,121,-1,133,125,134,-1,134,125,123,-1,27,25,29,-1,29,25,31,-1,24,26,30,-1,30,26,28,-1,
        ]
    }
}
Shape{
    appearance Appearance {
        material  Material 	{
            diffuseColor 0.24705882352941178 0.49411764705882355 0.27450980392156865
            specularColor 0.01568627450980392 0.03529411764705882 0.0196078431372549
            ambientIntensity 0.5646
            transparency 0.0
            shininess 0.5
        }
    }
    geometry IndexedFaceSet {
        ccw TRUE
        solid FALSE
        coord DEF co Coordinate {
            point [
                -3.1575 1.6142 3.8976, -3.1575 1.6142 -0.0394, -3.0 1.6142 3.8976, -3.0 1.6142 -0.0394, -3.1575 1.811 3.8976, -3.0 1.811 3.8976, -3.1575 1.811 -0.0394, -3.0 1.811 -0.0394, -3.1575 -2.3425 5.0787, -3.1575 -2.3425 -0.0394, -3.0 -2.3425 5.0787, -3.0 -2.3425 -0.0394, -3.1575 -2.1457 5.0787, -3.0 -2.1457 5.0787, -3.1575 -2.1457 -0.0394, -3.0 -2.1457 -0.0394
            ]
        }
        coordIndex [
            0,1,2,-1,2,1,3,-1,4,0,5,-1,5,0,2,-1,6,4,7,-1,7,4,5,-1,0,4,1,-1,1,4,6,-1,8,9,10,-1,10,9,11,-1,12,8,13,-1,13,8,10,-1,14,12,15,-1,15,12,13,-1,8,12,9,-1,9,12,14,-1,
        ]
    }
}
Shape{
    appearance Appearance {
        material  Material 	{
            diffuseColor 0.792156862745098 0.8196078431372549 0.9333333333333333
            specularColor 0.396078431372549 0.4117647058823529 0.4666666666666667
            ambientIntensity 0.8244
            transparency 0.0
            shininess 0.5
        }
    }
    geometry IndexedFaceSet {
        ccw TRUE
        solid FALSE
        coord DEF co Coordinate {
            point [
                -1.4906 -0.7098 1.2638, -1.4906 -0.7098 1.2598, -1.4724 -0.7942 1.2638, -1.4724 -0.7942 1.2598, -1.4991 -0.6667 1.2638, -1.4991 -0.6667 1.2598, -1.5025 -0.6532 1.2638, -1.5025 -0.6532 1.2598, -1.5032 -0.6512 1.2638, -1.5032 -0.6512 1.2598, -1.5039 -0.6499 1.2638, -1.5039 -0.6499 1.2598, -1.5045 -0.649 1.2638, -1.5045 -0.649 1.2598, -1.505 -0.6483 1.2638, -1.505 -0.6483 1.2598, -1.5055 -0.648 1.2638, -1.5055 -0.648 1.2598, -1.506 -0.6478 1.2638, -1.506 -0.6478 1.2598, -1.5064 -0.6477 1.2638, -1.5064 -0.6477 1.2598, -1.5068 -0.6477 1.2638, -1.5068 -0.6477 1.2598, -1.5073 -0.6479 1.2638, -1.5073 -0.6479 1.2598, -1.5076 -0.6481 1.2638, -1.5076 -0.6481 1.2598, -1.508 -0.6485 1.2638, -1.508 -0.6485 1.2598, -1.5083 -0.6491 1.2638, -1.5083 -0.6491 1.2598, -1.5087 -0.6505 1.2638, -1.5087 -0.6505 1.2598, -1.5097 -0.6576 1.2638, -1.5097 -0.6576 1.2598, -1.5105 -0.6645 1.2638, -1.5105 -0.6645 1.2598, -1.5132 -0.6882 1.2638, -1.5132 -0.6882 1.2598, -1.514 -0.6992 1.2638, -1.514 -0.6992 1.2598, -1.5138 -0.7044 1.2638, -1.5138 -0.7044 1.2598, -1.5127 -0.7076 1.2638, -1.5127 -0.7076 1.2598, -1.5115 -0.7098 1.2638, -1.5115 -0.7098 1.2598, -1.5087 -0.7149 1.2638, -1.5087 -0.7149 1.2598, -1.5013 -0.7396 1.2638, -1.5013 -0.7396 1.2598, -1.4951 -0.7647 1.2638, -1.4951 -0.7647 1.2598, -1.4373 -1.0325 1.2598, -1.4368 -1.0348 1.2638, -1.4368 -1.0348 1.2598, -1.4289 -1.0348 1.2638, -1.4289 -1.0348 1.2598, -1.374 -0.7919 1.2638, -1.374 -0.7919 1.2598, -1.4284 -1.0325 1.2598, -1.3672 -0.7636 1.2638, -1.3672 -0.7636 1.2598, -1.3642 -0.7502 1.2638, -1.3642 -0.7502 1.2598, -1.3604 -0.737 1.2638, -1.3604 -0.737 1.2598, -1.3564 -0.7262 1.2638, -1.3564 -0.7262 1.2598, -1.3528 -0.7161 1.2638, -1.3528 -0.7161 1.2598, -1.3504 -0.7125 1.2638, -1.3504 -0.7125 1.2598, -1.3487 -0.7105 1.2638, -1.3487 -0.7105 1.2598, -1.348 -0.7096 1.2638, -1.348 -0.7096 1.2598, -1.3477 -0.7089 1.2638, -1.3477 -0.7089 1.2598, -1.3476 -0.7083 1.2638, -1.3476 -0.7083 1.2598, -1.3476 -0.7062 1.2638, -1.3476 -0.7062 1.2598, -1.3484 -0.6929 1.2638, -1.3484 -0.6929 1.2598, -1.3485 -0.6928 1.2638, -1.3485 -0.6928 1.2598, -1.3507 -0.6673 1.2638, -1.3507 -0.6673 1.2598, -1.3519 -0.6577 1.2638, -1.3519 -0.6577 1.2598, -1.3521 -0.6547 1.2638, -1.3521 -0.6547 1.2598, -1.3524 -0.6526 1.2638, -1.3524 -0.6526 1.2598, -1.3527 -0.6512 1.2638, -1.3527 -0.6512 1.2598, -1.3529 -0.6503 1.2638, -1.3529 -0.6503 1.2598, -1.3532 -0.6496 1.2638, -1.3532 -0.6496 1.2598, -1.3535 -0.6492 1.2638, -1.3535 -0.6492 1.2598, -1.3539 -0.6489 1.2638, -1.3539 -0.6489 1.2598, -1.3543 -0.6486 1.2638, -1.3543 -0.6486 1.2598, -1.3547 -0.6485 1.2638, -1.3547 -0.6485 1.2598, -1.3551 -0.6485 1.2638, -1.3551 -0.6485 1.2598, -1.3557 -0.6487 1.2638, -1.3557 -0.6487 1.2598, -1.3563 -0.649 1.2638, -1.3563 -0.649 1.2598, -1.3567 -0.6494 1.2638, -1.3567 -0.6494 1.2598, -1.3572 -0.65 1.2638, -1.3572 -0.65 1.2598, -1.3577 -0.6511 1.2638, -1.3577 -0.6511 1.2598, -1.3581 -0.6526 1.2638, -1.3581 -0.6526 1.2598, -1.362 -0.6752 1.2638, -1.362 -0.6752 1.2598, -1.3954 -0.8128 1.2638, -1.3954 -0.8128 1.2598, -1.4329 -0.9804 1.2638, -1.4697 -0.814 1.2638, -1.3966 -0.8214 1.2638, -1.4119 -0.836 1.2638, -1.4261 -0.8264 1.2638, -1.4309 -0.8238 1.2638, -1.4474 -0.8186 1.2638, -1.4697 -0.814 1.2598, -1.4329 -0.9804 1.2598, -1.4474 -0.8186 1.2598, -1.4309 -0.8238 1.2598, -1.4261 -0.8264 1.2598, -1.4119 -0.836 1.2598, -1.3966 -0.8214 1.2598, -1.7178 -0.9991 1.2638, -1.7178 -0.9991 1.2598, -1.7077 -0.9906 1.2638, -1.7077 -0.9906 1.2598, -1.7203 -1.0011 1.2638, -1.7203 -1.0011 1.2598, -1.7219 -1.0031 1.2638, -1.7219 -1.0031 1.2598, -1.7228 -1.0051 1.2638, -1.7228 -1.0051 1.2598, -1.7231 -1.0065 1.2638, -1.7231 -1.0065 1.2598, -1.7231 -1.0078 1.2638, -1.7231 -1.0078 1.2598, -1.7227 -1.0093 1.2638, -1.7227 -1.0093 1.2598, -1.7222 -1.0102 1.2638, -1.7222 -1.0102 1.2598, -1.7214 -1.011 1.2638, -1.7214 -1.011 1.2598, -1.7207 -1.0116 1.2638, -1.7207 -1.0116 1.2598, -1.7104 -1.0099 1.2638, -1.7104 -1.0099 1.2598, -1.6986 -1.0099 1.2638, -1.6986 -1.0099 1.2598, -1.6938 -1.0107 1.2638, -1.6938 -1.0107 1.2598, -1.689 -1.0116 1.2638, -1.689 -1.0116 1.2598, -1.6771 -1.0127 1.2638, -1.6771 -1.0127 1.2598, -1.6556 -1.0189 1.2638, -1.6556 -1.0189 1.2598, -1.6432 -1.0213 1.2638, -1.6432 -1.0213 1.2598, -1.6307 -1.0224 1.2638, -1.6307 -1.0224 1.2598, -1.6131 -1.0212 1.2638, -1.6131 -1.0212 1.2598, -1.6003 -1.0182 1.2638, -1.6003 -1.0182 1.2598, -1.5899 -1.0128 1.2638, -1.5899 -1.0128 1.2598, -1.5806 -1.0045 1.2638, -1.5806 -1.0045 1.2598, -1.5715 -0.9914 1.2638, -1.5715 -0.9914 1.2598, -1.5627 -0.9683 1.2638, -1.5627 -0.9683 1.2598, -1.5545 -0.9049 1.2638, -1.5545 -0.9049 1.2598, -1.5519 -0.8264 1.2638, -1.5519 -0.8264 1.2598, -1.5576 -0.7596 1.2638, -1.5576 -0.7596 1.2598, -1.5684 -0.7221 1.2638, -1.5684 -0.7221 1.2598, -1.5802 -0.7011 1.2638, -1.5802 -0.7011 1.2598, -1.5901 -0.6893 1.2638, -1.5901 -0.6893 1.2598, -1.601 -0.6813 1.2638, -1.601 -0.6813 1.2598, -1.6116 -0.677 1.2638, -1.6116 -0.677 1.2598, -1.6527 -0.6707 1.2638, -1.6527 -0.6707 1.2598, -1.6776 -0.6678 1.2638, -1.6776 -0.6678 1.2598, -1.6869 -0.6654 1.2638, -1.6869 -0.6654 1.2598, -1.6928 -0.6618 1.2638, -1.6928 -0.6618 1.2598, -1.6947 -0.6607 1.2638, -1.6947 -0.6607 1.2598, -1.6952 -0.6605 1.2638, -1.6952 -0.6605 1.2598, -1.6967 -0.6606 1.2638, -1.6967 -0.6606 1.2598, -1.6978 -0.6611 1.2638, -1.6978 -0.6611 1.2598, -1.7015 -0.6637 1.2638, -1.7015 -0.6637 1.2598, -1.7096 -0.6713 1.2638, -1.7096 -0.6713 1.2598, -1.7122 -0.6741 1.2638, -1.7122 -0.6741 1.2598, -1.719 -0.6814 1.2638, -1.719 -0.6814 1.2598, -1.7204 -0.683 1.2638, -1.7204 -0.683 1.2598, -1.7214 -0.6842 1.2638, -1.7214 -0.6842 1.2598, -1.722 -0.6851 1.2638, -1.722 -0.6851 1.2598, -1.7224 -0.6858 1.2638, -1.7224 -0.6858 1.2598, -1.7226 -0.6864 1.2638, -1.7226 -0.6864 1.2598, -1.7226 -0.687 1.2638, -1.7226 -0.687 1.2598, -1.7225 -0.6878 1.2638, -1.7225 -0.6878 1.2598, -1.722 -0.6889 1.2638, -1.722 -0.6889 1.2598, -1.7217 -0.6894 1.2638, -1.7217 -0.6894 1.2598, -1.7215 -0.6897 1.2638, -1.7215 -0.6897 1.2598, -1.7212 -0.6899 1.2638, -1.7212 -0.6899 1.2598, -1.7206 -0.6901 1.2638, -1.7206 -0.6901 1.2598, -1.7192 -0.6902 1.2638, -1.7192 -0.6902 1.2598, -1.7172 -0.69 1.2638, -1.7172 -0.69 1.2598, -1.7094 -0.69 1.2638, -1.7094 -0.69 1.2598, -1.7003 -0.69 1.2638, -1.7003 -0.69 1.2598, -1.7003 -0.9867 1.2638, -1.7003 -0.9867 1.2598, -1.7041 -0.9885 1.2638, -1.7041 -0.9885 1.2598, -1.6844 -0.9906 1.2638, -1.6844 -0.6911 1.2638, -1.6119 -0.6994 1.2638, -1.6245 -0.6962 1.2638, -1.642 -0.6939 1.2638, -1.6669 -0.6911 1.2638, -1.6027 -0.7035 1.2638, -1.6757 -0.6908 1.2638, -1.6737 -0.9952 1.2638, -1.6496 -1.0007 1.2638, -1.625 -1.0026 1.2638, -1.61 -0.9997 1.2638, -1.5691 -0.7928 1.2638, -1.5781 -0.7425 1.2638, -1.5893 -0.7174 1.2638, -1.5959 -0.7089 1.2638, -1.5991 -0.9954 1.2638, -1.5924 -0.9905 1.2638, -1.5856 -0.9824 1.2638, -1.5793 -0.9702 1.2638, -1.5744 -0.9532 1.2638, -1.5677 -0.8762 1.2638, -1.642 -0.6939 1.2598, -1.6669 -0.6911 1.2598, -1.6245 -0.6962 1.2598, -1.6119 -0.6994 1.2598, -1.6027 -0.7035 1.2598, -1.5959 -0.7089 1.2598, -1.5893 -0.7174 1.2598, -1.5781 -0.7425 1.2598, -1.5691 -0.7928 1.2598, -1.5677 -0.8762 1.2598, -1.5744 -0.9532 1.2598, -1.5793 -0.9702 1.2598, -1.5856 -0.9824 1.2598, -1.5924 -0.9905 1.2598, -1.5991 -0.9954 1.2598, -1.61 -0.9997 1.2598, -1.625 -1.0026 1.2598, -1.6496 -1.0007 1.2598, -1.6737 -0.9952 1.2598, -1.6844 -0.9906 1.2598, -1.6844 -0.6911 1.2598, -1.6757 -0.6908 1.2598, -1.8403 -0.8694 1.2638, -1.8403 -0.8694 1.2598, -1.8879 -0.8632 1.2638, -1.8879 -0.8632 1.2598, -1.8207 -0.8734 1.2638, -1.8207 -0.8734 1.2598, -1.8081 -0.8779 1.2638, -1.8081 -0.8779 1.2598, -1.8024 -0.8813 1.2638, -1.8024 -0.8813 1.2598, -1.7973 -0.8842 1.2638, -1.7973 -0.8842 1.2598, -1.7808 -0.8677 1.2638, -1.7808 -0.8677 1.2598, -1.7797 -0.8662 1.2638, -1.7797 -0.8662 1.2598, -1.7789 -0.865 1.2638, -1.7789 -0.865 1.2598, -1.7785 -0.8638 1.2638, -1.7785 -0.8638 1.2598, -1.7783 -0.8628 1.2638, -1.7783 -0.8628 1.2598, -1.7784 -0.862 1.2638, -1.7784 -0.862 1.2598, -1.7787 -0.861 1.2638, -1.7787 -0.861 1.2598, -1.7794 -0.8599 1.2638, -1.7794 -0.8599 1.2598, -1.7802 -0.8591 1.2638, -1.7802 -0.8591 1.2598, -1.7812 -0.8585 1.2638, -1.7812 -0.8585 1.2598, -1.7823 -0.8582 1.2638, -1.7823 -0.8582 1.2598, -1.7837 -0.8581 1.2638, -1.7837 -0.8581 1.2598, -1.8879 -0.8434 1.2638, -1.8879 -0.8434 1.2598, -1.8879 -0.69 1.2638, -1.8879 -0.69 1.2598, -1.8035 -0.7018 1.2638, -1.8035 -0.7018 1.2598, -1.7953 -0.7039 1.2638, -1.7953 -0.7039 1.2598, -1.7876 -0.7075 1.2638, -1.7876 -0.7075 1.2598, -1.7826 -0.7104 1.2638, -1.7826 -0.7104 1.2598, -1.7667 -0.6928 1.2638, -1.7667 -0.6928 1.2598, -1.765 -0.6904 1.2638, -1.765 -0.6904 1.2598, -1.7645 -0.6891 1.2638, -1.7645 -0.6891 1.2598, -1.7644 -0.6881 1.2638, -1.7644 -0.6881 1.2598, -1.7644 -0.6873 1.2638, -1.7644 -0.6873 1.2598, -1.7647 -0.6863 1.2638, -1.7647 -0.6863 1.2598, -1.7653 -0.6853 1.2638, -1.7653 -0.6853 1.2598, -1.7657 -0.6847 1.2638, -1.7657 -0.6847 1.2598, -1.7661 -0.6844 1.2638, -1.7661 -0.6844 1.2598, -1.7667 -0.6841 1.2638, -1.7667 -0.6841 1.2598, -1.7668 -0.6841 1.2638, -1.7668 -0.6841 1.2598, -1.7683 -0.6838 1.2638, -1.7683 -0.6838 1.2598, -1.7701 -0.6837 1.2638, -1.7701 -0.6837 1.2598, -1.7786 -0.6832 1.2638, -1.7786 -0.6832 1.2598, -1.8214 -0.6779 1.2638, -1.8214 -0.6779 1.2598, -1.8641 -0.6713 1.2638, -1.8641 -0.6713 1.2598, -1.8901 -0.6667 1.2638, -1.8901 -0.6667 1.2598, -1.8964 -0.6644 1.2638, -1.8964 -0.6644 1.2598, -1.9004 -0.6635 1.2638, -1.9004 -0.6635 1.2598, -1.9033 -0.6633 1.2638, -1.9033 -0.6633 1.2598, -1.9048 -0.6636 1.2638, -1.9048 -0.6636 1.2598, -1.9061 -0.6642 1.2638, -1.9061 -0.6642 1.2598, -1.9076 -0.6653 1.2638, -1.9076 -0.6653 1.2598, -1.9087 -0.6667 1.2638, -1.9087 -0.6667 1.2598, -1.9093 -0.668 1.2638, -1.9093 -0.668 1.2598, -1.9097 -0.6702 1.2638, -1.9097 -0.6702 1.2598, -1.9096 -0.6735 1.2638, -1.9096 -0.6735 1.2598, -1.9094 -0.6746 1.2638, -1.9094 -0.6746 1.2598, -1.9058 -0.6889 1.2638, -1.9058 -0.6889 1.2598, -1.9043 -0.7036 1.2638, -1.9043 -0.7036 1.2598, -1.9043 -0.7143 1.2638, -1.9043 -0.7143 1.2598, -1.904 -0.7214 1.2638, -1.904 -0.7214 1.2598, -1.9037 -0.7285 1.2638, -1.9037 -0.7285 1.2598, -1.9043 -0.9878 1.2638, -1.9043 -0.9878 1.2598, -1.9107 -0.9953 1.2638, -1.9107 -0.9953 1.2598, -1.9145 -1.0 1.2638, -1.9145 -1.0 1.2598, -1.9168 -1.0034 1.2638, -1.9168 -1.0034 1.2598, -1.9177 -1.0053 1.2638, -1.9177 -1.0053 1.2598, -1.9182 -1.008 1.2638, -1.9182 -1.008 1.2598, -1.9183 -1.0097 1.2638, -1.9183 -1.0097 1.2598, -1.9183 -1.011 1.2638, -1.9183 -1.011 1.2598, -1.9182 -1.0115 1.2638, -1.9182 -1.0115 1.2598, -1.918 -1.0119 1.2638, -1.918 -1.0119 1.2598, -1.9178 -1.0122 1.2638, -1.9178 -1.0122 1.2598, -1.9176 -1.0124 1.2638, -1.9176 -1.0124 1.2598, -1.9173 -1.0125 1.2638, -1.9173 -1.0125 1.2598, -1.9165 -1.0128 1.2638, -1.9165 -1.0128 1.2598, -1.915 -1.0129 1.2638, -1.915 -1.0129 1.2598, -1.9134 -1.0127 1.2638, -1.9134 -1.0127 1.2598, -1.9026 -1.011 1.2638, -1.9026 -1.011 1.2598, -1.893 -1.0099 1.2638, -1.893 -1.0099 1.2598, -1.8833 -1.0099 1.2638, -1.8833 -1.0099 1.2598, -1.8817 -1.0099 1.2638, -1.8817 -1.0099 1.2598, -1.8706 -1.0101 1.2638, -1.8706 -1.0101 1.2598, -1.8596 -1.0116 1.2638, -1.8596 -1.0116 1.2598, -1.8375 -1.0156 1.2638, -1.8375 -1.0156 1.2598, -1.8179 -1.0195 1.2638, -1.8179 -1.0195 1.2598, -1.8026 -1.0251 1.2638, -1.8026 -1.0251 1.2598, -1.7995 -1.0269 1.2638, -1.7995 -1.0269 1.2598, -1.7944 -1.0302 1.2638, -1.7944 -1.0302 1.2598, -1.7781 -1.0133 1.2638, -1.7781 -1.0133 1.2598, -1.777 -1.0114 1.2638, -1.777 -1.0114 1.2598, -1.7763 -1.0101 1.2638, -1.7763 -1.0101 1.2598, -1.7759 -1.0091 1.2638, -1.7759 -1.0091 1.2598, -1.7758 -1.0082 1.2638, -1.7758 -1.0082 1.2598, -1.7759 -1.0074 1.2638, -1.7759 -1.0074 1.2598, -1.7761 -1.0067 1.2638, -1.7761 -1.0067 1.2598, -1.7766 -1.006 1.2638, -1.7766 -1.006 1.2598, -1.7774 -1.0052 1.2638, -1.7774 -1.0052 1.2598, -1.7784 -1.0046 1.2638, -1.7784 -1.0046 1.2598, -1.7795 -1.0043 1.2638, -1.7795 -1.0043 1.2598, -1.7808 -1.0042 1.2638, -1.7808 -1.0042 1.2598, -1.7899 -1.0031 1.2638, -1.7899 -1.0031 1.2598, -1.8032 -1.0013 1.2638, -1.8032 -1.0013 1.2598, -1.8166 -0.9997 1.2638, -1.8166 -0.9997 1.2598, -1.8879 -0.9878 1.2638, -1.8879 -0.9878 1.2598, -1.9741 -1.0218 1.2638, -1.9741 -1.0218 1.2598, -1.9826 -1.0218 1.2638, -1.9826 -1.0218 1.2598, -1.9741 -0.8706 1.2638, -1.9741 -0.8706 1.2598, -1.9849 -0.8706 1.2638, -1.9849 -0.8706 1.2598, -1.9896 -0.9504 1.2638, -1.9896 -0.9504 1.2598, -1.9966 -0.976 1.2638, -1.9966 -0.976 1.2598, -2.0037 -0.99 1.2638, -2.0037 -0.99 1.2598, -2.0106 -0.9982 1.2638, -2.0106 -0.9982 1.2598, -2.0181 -1.0039 1.2638, -2.0181 -1.0039 1.2598, -2.0261 -1.0075 1.2638, -2.0261 -1.0075 1.2598, -2.0347 -1.0094 1.2638, -2.0347 -1.0094 1.2598, -2.0465 -1.0086 1.2638, -2.0465 -1.0086 1.2598, -2.0566 -1.0052 1.2638, -2.0566 -1.0052 1.2598, -2.0662 -0.9993 1.2638, -2.0662 -0.9993 1.2598, -2.0753 -0.9903 1.2638, -2.0753 -0.9903 1.2598, -2.0851 -0.975 1.2638, -2.0851 -0.975 1.2598, -2.0983 -0.9369 1.2638, -2.0983 -0.9369 1.2598, -2.1034 -0.9074 1.2638, -2.1034 -0.9074 1.2598, -2.1055 -0.8173 1.2638, -2.1055 -0.8173 1.2598, -2.0915 -0.7364 1.2638, -2.0915 -0.7364 1.2598, -2.0829 -0.7134 1.2638, -2.0829 -0.7134 1.2598, -2.07 -0.6951 1.2638, -2.07 -0.6951 1.2598, -2.0618 -0.6876 1.2638, -2.0618 -0.6876 1.2598, -2.0546 -0.6834 1.2638, -2.0546 -0.6834 1.2598, -2.0471 -0.6811 1.2638, -2.0471 -0.6811 1.2598, -2.0392 -0.6803 1.2638, -2.0392 -0.6803 1.2598, -2.0265 -0.6813 1.2638, -2.0265 -0.6813 1.2598, -2.014 -0.686 1.2638, -2.014 -0.686 1.2598, -2.0039 -0.6931 1.2638, -2.0039 -0.6931 1.2598, -1.9955 -0.7027 1.2638, -1.9955 -0.7027 1.2598, -1.9881 -0.7174 1.2638, -1.9881 -0.7174 1.2598, -1.98 -0.7548 1.2638, -1.98 -0.7548 1.2598, -1.9776 -0.7715 1.2638, -1.9776 -0.7715 1.2598, -1.9747 -0.8015 1.2638, -1.9747 -0.8015 1.2598, -1.9656 -0.801 1.2638, -1.9656 -0.801 1.2598, -1.9699 -0.7333 1.2638, -1.9699 -0.7333 1.2598, -1.9764 -0.708 1.2638, -1.9764 -0.708 1.2598, -1.9861 -0.6884 1.2638, -1.9861 -0.6884 1.2598, -1.9935 -0.679 1.2638, -1.9935 -0.679 1.2598, -2.0043 -0.6702 1.2638, -2.0043 -0.6702 1.2598, -2.018 -0.6639 1.2638, -2.018 -0.6639 1.2598, -2.0313 -0.6616 1.2638, -2.0313 -0.6616 1.2598, -2.0458 -0.6621 1.2638, -2.0458 -0.6621 1.2598, -2.0608 -0.6668 1.2638, -2.0608 -0.6668 1.2598, -2.0739 -0.6744 1.2638, -2.0739 -0.6744 1.2598, -2.0833 -0.6841 1.2638, -2.0833 -0.6841 1.2598, -2.0963 -0.7052 1.2638, -2.0963 -0.7052 1.2598, -2.1121 -0.7526 1.2638, -2.1121 -0.7526 1.2598, -2.1183 -0.791 1.2638, -2.1183 -0.791 1.2598, -2.1185 -0.9052 1.2638, -2.1185 -0.9052 1.2598, -2.1048 -0.9665 1.2638, -2.1048 -0.9665 1.2598, -2.0928 -0.9935 1.2638, -2.0928 -0.9935 1.2598, -2.0813 -1.0085 1.2638, -2.0813 -1.0085 1.2598, -2.0637 -1.0221 1.2638, -2.0637 -1.0221 1.2598, -2.0553 -1.0263 1.2638, -2.0553 -1.0263 1.2598, -2.0472 -1.0279 1.2638, -2.0472 -1.0279 1.2598, -2.0392 -1.028 1.2638, -2.0392 -1.028 1.2598, -2.0226 -1.0237 1.2638, -2.0226 -1.0237 1.2598, -2.0095 -1.0165 1.2638, -2.0095 -1.0165 1.2598, -1.9982 -1.0062 1.2638, -1.9982 -1.0062 1.2598, -1.9917 -0.9974 1.2638, -1.9917 -0.9974 1.2598, -1.9866 -0.9884 1.2638, -1.9866 -0.9884 1.2598, -2.2878 -1.0427 1.2598, -2.2878 -1.0427 1.2638, -2.2796 -1.0325 1.2598, -2.2629 -1.0116 1.2638, -2.2629 -1.0116 1.2598, -2.2687 -0.9992 1.2638, -2.2687 -0.9992 1.2598, -2.2712 -0.9832 1.2638, -2.2712 -0.9832 1.2598, -2.2713 -0.9759 1.2638, -2.2713 -0.9759 1.2598, -2.2713 -0.6871 1.2638, -2.2713 -0.6871 1.2598, -2.2277 -0.6908 1.2638, -2.2277 -0.6908 1.2598, -2.207 -0.694 1.2638, -2.207 -0.694 1.2598, -2.2 -0.6956 1.2638, -2.2 -0.6956 1.2598, -2.1959 -0.6975 1.2638, -2.1959 -0.6975 1.2598, -2.1907 -0.702 1.2638, -2.1907 -0.702 1.2598, -2.1889 -0.7033 1.2638, -2.1889 -0.7033 1.2598, -2.187 -0.7041 1.2638, -2.187 -0.7041 1.2598, -2.1738 -0.6924 1.2638, -2.1738 -0.6924 1.2598, -2.1676 -0.6867 1.2638, -2.1676 -0.6867 1.2598, -2.1655 -0.6844 1.2638, -2.1655 -0.6844 1.2598, -2.1645 -0.6827 1.2638, -2.1645 -0.6827 1.2598, -2.164 -0.6807 1.2638, -2.164 -0.6807 1.2598, -2.1638 -0.6787 1.2638, -2.1638 -0.6787 1.2598, -2.1644 -0.6774 1.2638, -2.1644 -0.6774 1.2598, -2.1649 -0.6769 1.2638, -2.1649 -0.6769 1.2598, -2.1657 -0.6764 1.2638, -2.1657 -0.6764 1.2598, -2.1671 -0.6758 1.2638, -2.1671 -0.6758 1.2598, -2.1692 -0.6756 1.2638, -2.1692 -0.6756 1.2598, -2.1791 -0.6753 1.2638, -2.1791 -0.6753 1.2598, -2.1935 -0.6733 1.2638, -2.1935 -0.6733 1.2598, -2.2308 -0.6694 1.2638, -2.2308 -0.6694 1.2598, -2.2431 -0.6684 1.2638, -2.2431 -0.6684 1.2598, -2.2668 -0.6662 1.2638, -2.2668 -0.6662 1.2598, -2.2799 -0.6651 1.2638, -2.2799 -0.6651 1.2598, -2.2828 -0.6642 1.2638, -2.2828 -0.6642 1.2598, -2.2844 -0.6641 1.2638, -2.2844 -0.6641 1.2598, -2.2855 -0.6642 1.2638, -2.2855 -0.6642 1.2598, -2.2864 -0.6646 1.2638, -2.2864 -0.6646 1.2598, -2.287 -0.6651 1.2638, -2.287 -0.6651 1.2598, -2.2878 -0.6659 1.2638, -2.2878 -0.6659 1.2598, -2.2887 -0.6675 1.2638, -2.2887 -0.6675 1.2598, -2.2891 -0.669 1.2638, -2.2891 -0.669 1.2598, -2.289 -0.6722 1.2638, -2.289 -0.6722 1.2598, -2.2875 -0.686 1.2638, -2.2875 -0.686 1.2598, -2.2872 -0.6894 1.2638, -2.2872 -0.6894 1.2598, -2.2861 -0.7228 1.2638, -2.2861 -0.7228 1.2598, -2.2861 -0.9776 1.2638, -2.2861 -0.9776 1.2598, -2.2864 -1.0053 1.2638, -2.2864 -1.0053 1.2598, -2.2906 -1.0325 1.2638, -2.2906 -1.0325 1.2598, -2.2917 -1.0382 1.2638, -2.2917 -1.0382 1.2598
            ]
        }
        coordIndex [
            0,1,2,-1,2,1,3,-1,4,5,0,-1,0,5,1,-1,6,7,4,-1,4,7,5,-1,7,6,8,-1,7,8,9,-1,9,8,10,-1,9,10,11,-1,11,10,12,-1,11,12,13,-1,13,12,14,-1,13,14,15,-1,15,14,16,-1,15,16,17,-1,17,16,18,-1,17,18,19,-1,19,18,20,-1,19,20,21,-1,21,20,22,-1,21,22,23,-1,23,22,24,-1,23,24,25,-1,25,24,26,-1,25,26,27,-1,27,26,28,-1,27,28,29,-1,29,28,30,-1,29,30,31,-1,31,30,32,-1,31,32,33,-1,33,32,34,-1,33,34,35,-1,35,34,36,-1,35,36,37,-1,38,39,36,-1,36,39,37,-1,39,38,40,-1,39,40,41,-1,41,40,42,-1,41,42,43,-1,43,42,44,-1,43,44,45,-1,45,44,46,-1,45,46,47,-1,48,49,46,-1,46,49,47,-1,49,48,50,-1,49,50,51,-1,51,50,52,-1,51,52,53,-1,53,52,54,-1,54,52,55,-1,54,55,56,-1,57,58,55,-1,55,58,56,-1,59,60,57,-1,57,60,61,-1,57,61,58,-1,62,63,59,-1,59,63,60,-1,63,62,64,-1,63,64,65,-1,65,64,66,-1,65,66,67,-1,68,69,66,-1,66,69,67,-1,69,68,70,-1,69,70,71,-1,71,70,72,-1,71,72,73,-1,73,72,74,-1,73,74,75,-1,75,74,76,-1,75,76,77,-1,77,76,78,-1,77,78,79,-1,79,78,80,-1,79,80,81,-1,81,80,82,-1,81,82,83,-1,83,82,84,-1,83,84,85,-1,85,84,86,-1,85,86,87,-1,88,89,86,-1,86,89,87,-1,90,91,88,-1,88,91,89,-1,91,90,92,-1,91,92,93,-1,93,92,94,-1,93,94,95,-1,95,94,96,-1,95,96,97,-1,97,96,98,-1,97,98,99,-1,99,98,100,-1,99,100,101,-1,101,100,102,-1,101,102,103,-1,103,102,104,-1,103,104,105,-1,105,104,106,-1,105,106,107,-1,107,106,108,-1,107,108,109,-1,109,108,110,-1,109,110,111,-1,111,110,112,-1,111,112,113,-1,113,112,114,-1,113,114,115,-1,115,114,116,-1,115,116,117,-1,117,116,118,-1,117,118,119,-1,119,118,120,-1,119,120,121,-1,121,120,122,-1,121,122,123,-1,124,125,122,-1,122,125,123,-1,126,127,124,-1,124,127,125,-1,126,2,127,-1,127,2,3,-1,128,55,129,-1,129,55,52,-1,6,4,34,-1,126,130,131,-1,72,70,124,-1,124,70,68,-1,131,132,126,-1,126,132,133,-1,126,133,2,-1,2,133,134,-1,50,0,52,-1,52,0,2,-1,52,2,129,-1,129,2,134,-1,68,66,124,-1,124,66,64,-1,124,64,126,-1,126,64,62,-1,126,62,130,-1,130,62,59,-1,130,59,128,-1,128,59,57,-1,128,57,55,-1,0,38,4,-1,4,38,36,-1,4,36,34,-1,94,92,122,-1,122,92,90,-1,122,90,124,-1,124,90,88,-1,88,86,124,-1,124,86,84,-1,124,84,72,-1,72,84,82,-1,72,82,74,-1,50,48,0,-1,0,48,46,-1,0,46,44,-1,32,10,34,-1,34,10,8,-1,34,8,6,-1,44,42,0,-1,0,42,40,-1,0,40,38,-1,80,78,82,-1,82,78,76,-1,82,76,74,-1,118,100,120,-1,120,100,98,-1,120,98,122,-1,122,98,96,-1,122,96,94,-1,118,116,100,-1,100,116,114,-1,100,114,102,-1,30,14,32,-1,32,14,12,-1,32,12,10,-1,30,28,14,-1,14,28,26,-1,14,26,24,-1,18,16,20,-1,20,16,14,-1,20,14,22,-1,22,14,24,-1,110,108,112,-1,112,108,106,-1,112,106,114,-1,114,106,104,-1,114,104,102,-1,129,135,128,-1,128,135,136,-1,135,129,134,-1,135,134,137,-1,137,134,133,-1,137,133,138,-1,138,133,132,-1,138,132,139,-1,131,140,132,-1,132,140,139,-1,130,141,131,-1,131,141,140,-1,136,141,128,-1,128,141,130,-1,142,143,144,-1,144,143,145,-1,143,142,146,-1,143,146,147,-1,147,146,148,-1,147,148,149,-1,149,148,150,-1,149,150,151,-1,151,150,152,-1,151,152,153,-1,153,152,154,-1,153,154,155,-1,155,154,156,-1,155,156,157,-1,157,156,158,-1,157,158,159,-1,159,158,160,-1,159,160,161,-1,161,160,162,-1,161,162,163,-1,164,165,162,-1,162,165,163,-1,166,167,164,-1,164,167,165,-1,167,166,168,-1,167,168,169,-1,169,168,170,-1,169,170,171,-1,172,173,170,-1,170,173,171,-1,174,175,172,-1,172,175,173,-1,175,174,176,-1,175,176,177,-1,177,176,178,-1,177,178,179,-1,179,178,180,-1,179,180,181,-1,181,180,182,-1,181,182,183,-1,183,182,184,-1,183,184,185,-1,185,184,186,-1,185,186,187,-1,187,186,188,-1,187,188,189,-1,189,188,190,-1,189,190,191,-1,191,190,192,-1,191,192,193,-1,193,192,194,-1,193,194,195,-1,195,194,196,-1,195,196,197,-1,197,196,198,-1,197,198,199,-1,199,198,200,-1,199,200,201,-1,201,200,202,-1,201,202,203,-1,203,202,204,-1,203,204,205,-1,205,204,206,-1,205,206,207,-1,207,206,208,-1,207,208,209,-1,210,211,208,-1,208,211,209,-1,211,210,212,-1,211,212,213,-1,213,212,214,-1,213,214,215,-1,215,214,216,-1,215,216,217,-1,217,216,218,-1,217,218,219,-1,219,218,220,-1,219,220,221,-1,221,220,222,-1,221,222,223,-1,223,222,224,-1,223,224,225,-1,225,224,226,-1,225,226,227,-1,227,226,228,-1,227,228,229,-1,230,231,228,-1,228,231,229,-1,231,230,232,-1,231,232,233,-1,233,232,234,-1,233,234,235,-1,235,234,236,-1,235,236,237,-1,237,236,238,-1,237,238,239,-1,239,238,240,-1,239,240,241,-1,241,240,242,-1,241,242,243,-1,243,242,244,-1,243,244,245,-1,245,244,246,-1,245,246,247,-1,247,246,248,-1,247,248,249,-1,249,248,250,-1,249,250,251,-1,251,250,252,-1,251,252,253,-1,253,252,254,-1,253,254,255,-1,255,254,256,-1,255,256,257,-1,257,256,258,-1,257,258,259,-1,260,261,258,-1,258,261,259,-1,262,263,260,-1,260,263,261,-1,264,265,262,-1,262,265,263,-1,265,264,266,-1,265,266,267,-1,267,266,144,-1,267,144,145,-1,236,234,258,-1,166,164,268,-1,164,162,142,-1,142,162,160,-1,142,160,146,-1,142,144,164,-1,164,144,266,-1,164,266,268,-1,268,266,264,-1,268,264,269,-1,270,271,226,-1,226,271,272,-1,226,272,273,-1,234,232,258,-1,258,232,230,-1,258,230,260,-1,260,230,228,-1,260,228,262,-1,262,228,226,-1,226,224,270,-1,270,224,212,-1,270,212,274,-1,264,262,269,-1,269,262,226,-1,269,226,275,-1,275,226,273,-1,276,277,174,-1,174,277,176,-1,176,277,278,-1,176,278,178,-1,252,250,248,-1,174,172,276,-1,276,172,170,-1,276,170,268,-1,268,170,168,-1,268,168,166,-1,178,278,180,-1,180,278,279,-1,180,279,182,-1,258,244,242,-1,158,150,160,-1,160,150,148,-1,160,148,146,-1,158,156,150,-1,150,156,154,-1,150,154,152,-1,280,281,198,-1,244,258,246,-1,246,258,256,-1,246,256,248,-1,248,256,254,-1,248,254,252,-1,242,240,258,-1,258,240,238,-1,258,238,236,-1,220,218,222,-1,222,218,216,-1,222,216,224,-1,224,216,214,-1,224,214,212,-1,198,281,200,-1,212,210,274,-1,274,210,208,-1,274,208,206,-1,281,282,200,-1,200,282,283,-1,200,283,202,-1,202,283,274,-1,202,274,204,-1,204,274,206,-1,182,279,184,-1,184,279,284,-1,184,284,186,-1,186,284,285,-1,186,285,188,-1,188,285,286,-1,188,286,190,-1,286,287,190,-1,190,287,288,-1,190,288,192,-1,192,288,289,-1,192,289,194,-1,194,289,280,-1,194,280,196,-1,196,280,198,-1,272,290,273,-1,273,290,291,-1,290,272,271,-1,290,271,292,-1,292,271,270,-1,292,270,293,-1,293,270,274,-1,293,274,294,-1,294,274,283,-1,294,283,295,-1,295,283,282,-1,295,282,296,-1,296,282,281,-1,296,281,297,-1,297,281,280,-1,297,280,298,-1,298,280,289,-1,298,289,299,-1,299,289,288,-1,299,288,300,-1,300,288,287,-1,300,287,301,-1,301,287,286,-1,301,286,302,-1,302,286,285,-1,302,285,303,-1,303,285,284,-1,303,284,304,-1,304,284,279,-1,304,279,305,-1,305,279,278,-1,305,278,306,-1,306,278,277,-1,306,277,307,-1,307,277,276,-1,307,276,308,-1,268,309,276,-1,276,309,308,-1,269,310,268,-1,268,310,309,-1,310,269,275,-1,310,275,311,-1,311,275,273,-1,311,273,291,-1,312,313,314,-1,314,313,315,-1,313,312,316,-1,313,316,317,-1,317,316,318,-1,317,318,319,-1,319,318,320,-1,319,320,321,-1,322,323,320,-1,320,323,321,-1,324,325,322,-1,322,325,323,-1,325,324,326,-1,325,326,327,-1,327,326,328,-1,327,328,329,-1,329,328,330,-1,329,330,331,-1,331,330,332,-1,331,332,333,-1,333,332,334,-1,333,334,335,-1,335,334,336,-1,335,336,337,-1,337,336,338,-1,337,338,339,-1,339,338,340,-1,339,340,341,-1,341,340,342,-1,341,342,343,-1,343,342,344,-1,343,344,345,-1,345,344,346,-1,345,346,347,-1,348,349,346,-1,346,349,347,-1,350,351,348,-1,348,351,349,-1,352,353,350,-1,350,353,351,-1,353,352,354,-1,353,354,355,-1,355,354,356,-1,355,356,357,-1,358,359,356,-1,356,359,357,-1,360,361,358,-1,358,361,359,-1,361,360,362,-1,361,362,363,-1,363,362,364,-1,363,364,365,-1,365,364,366,-1,365,366,367,-1,367,366,368,-1,367,368,369,-1,369,368,370,-1,369,370,371,-1,371,370,372,-1,371,372,373,-1,373,372,374,-1,373,374,375,-1,375,374,376,-1,375,376,377,-1,377,376,378,-1,377,378,379,-1,379,378,380,-1,379,380,381,-1,381,380,382,-1,381,382,383,-1,383,382,384,-1,383,384,385,-1,386,387,384,-1,384,387,385,-1,387,386,388,-1,387,388,389,-1,389,388,390,-1,389,390,391,-1,392,393,390,-1,390,393,391,-1,393,392,394,-1,393,394,395,-1,395,394,396,-1,395,396,397,-1,397,396,398,-1,397,398,399,-1,399,398,400,-1,399,400,401,-1,401,400,402,-1,401,402,403,-1,403,402,404,-1,403,404,405,-1,405,404,406,-1,405,406,407,-1,407,406,408,-1,407,408,409,-1,409,408,410,-1,409,410,411,-1,411,410,412,-1,411,412,413,-1,413,412,414,-1,413,414,415,-1,415,414,416,-1,415,416,417,-1,417,416,418,-1,417,418,419,-1,420,421,418,-1,418,421,419,-1,421,420,422,-1,421,422,423,-1,423,422,424,-1,423,424,425,-1,426,427,424,-1,424,427,425,-1,427,426,428,-1,427,428,429,-1,429,428,430,-1,429,430,431,-1,431,430,432,-1,431,432,433,-1,433,432,434,-1,433,434,435,-1,435,434,436,-1,435,436,437,-1,437,436,438,-1,437,438,439,-1,439,438,440,-1,439,440,441,-1,441,440,442,-1,441,442,443,-1,443,442,444,-1,443,444,445,-1,445,444,446,-1,445,446,447,-1,447,446,448,-1,447,448,449,-1,449,448,450,-1,449,450,451,-1,451,450,452,-1,451,452,453,-1,453,452,454,-1,453,454,455,-1,455,454,456,-1,455,456,457,-1,458,459,456,-1,456,459,457,-1,459,458,460,-1,459,460,461,-1,461,460,462,-1,461,462,463,-1,464,465,462,-1,462,465,463,-1,465,464,466,-1,465,466,467,-1,467,466,468,-1,467,468,469,-1,470,471,468,-1,468,471,469,-1,471,470,472,-1,471,472,473,-1,473,472,474,-1,473,474,475,-1,475,474,476,-1,475,476,477,-1,478,479,476,-1,476,479,477,-1,480,481,478,-1,478,481,479,-1,481,480,482,-1,481,482,483,-1,483,482,484,-1,483,484,485,-1,485,484,486,-1,485,486,487,-1,487,486,488,-1,487,488,489,-1,489,488,490,-1,489,490,491,-1,491,490,492,-1,491,492,493,-1,493,492,494,-1,493,494,495,-1,495,494,496,-1,495,496,497,-1,497,496,498,-1,497,498,499,-1,499,498,500,-1,499,500,501,-1,501,500,502,-1,501,502,503,-1,504,505,502,-1,502,505,503,-1,505,504,506,-1,505,506,507,-1,507,506,508,-1,507,508,509,-1,510,511,508,-1,508,511,509,-1,510,314,511,-1,511,314,315,-1,396,394,350,-1,356,354,386,-1,386,354,352,-1,320,318,346,-1,394,392,350,-1,350,392,390,-1,350,390,352,-1,352,390,388,-1,352,388,386,-1,424,422,350,-1,422,420,350,-1,350,420,418,-1,350,418,416,-1,416,414,350,-1,350,414,412,-1,350,412,410,-1,314,348,312,-1,312,348,346,-1,312,346,316,-1,316,346,318,-1,356,386,358,-1,358,386,384,-1,358,384,360,-1,360,384,382,-1,360,382,380,-1,350,404,402,-1,430,428,510,-1,510,428,426,-1,510,426,314,-1,314,426,424,-1,314,424,348,-1,348,424,350,-1,410,408,350,-1,350,408,406,-1,350,406,404,-1,330,328,344,-1,344,328,346,-1,322,320,324,-1,324,320,346,-1,324,346,326,-1,326,346,328,-1,442,440,510,-1,510,440,438,-1,510,438,436,-1,380,378,360,-1,360,378,376,-1,360,376,374,-1,402,400,350,-1,350,400,398,-1,350,398,396,-1,488,486,500,-1,500,486,484,-1,500,484,502,-1,502,484,482,-1,502,482,480,-1,466,464,510,-1,510,464,462,-1,510,462,460,-1,460,458,510,-1,510,458,456,-1,510,456,454,-1,364,370,366,-1,366,370,368,-1,374,372,360,-1,360,372,370,-1,360,370,362,-1,362,370,364,-1,448,446,510,-1,510,446,444,-1,510,444,442,-1,436,434,510,-1,510,434,432,-1,510,432,430,-1,480,478,502,-1,502,478,476,-1,502,476,504,-1,504,476,474,-1,504,474,506,-1,506,474,472,-1,506,472,508,-1,508,472,470,-1,508,470,510,-1,510,470,468,-1,510,468,466,-1,454,452,510,-1,510,452,450,-1,510,450,448,-1,336,334,344,-1,344,334,332,-1,344,332,330,-1,494,500,496,-1,496,500,498,-1,494,492,500,-1,500,492,490,-1,500,490,488,-1,342,340,344,-1,344,340,338,-1,344,338,336,-1,512,513,514,-1,514,513,515,-1,516,517,512,-1,512,517,513,-1,518,519,516,-1,516,519,517,-1,519,518,520,-1,519,520,521,-1,521,520,522,-1,521,522,523,-1,523,522,524,-1,523,524,525,-1,525,524,526,-1,525,526,527,-1,527,526,528,-1,527,528,529,-1,529,528,530,-1,529,530,531,-1,531,530,532,-1,531,532,533,-1,533,532,534,-1,533,534,535,-1,535,534,536,-1,535,536,537,-1,537,536,538,-1,537,538,539,-1,539,538,540,-1,539,540,541,-1,541,540,542,-1,541,542,543,-1,543,542,544,-1,543,544,545,-1,545,544,546,-1,545,546,547,-1,547,546,548,-1,547,548,549,-1,549,548,550,-1,549,550,551,-1,551,550,552,-1,551,552,553,-1,553,552,554,-1,553,554,555,-1,555,554,556,-1,555,556,557,-1,557,556,558,-1,557,558,559,-1,559,558,560,-1,559,560,561,-1,561,560,562,-1,561,562,563,-1,563,562,564,-1,563,564,565,-1,565,564,566,-1,565,566,567,-1,567,566,568,-1,567,568,569,-1,569,568,570,-1,569,570,571,-1,571,570,572,-1,571,572,573,-1,573,572,574,-1,573,574,575,-1,575,574,576,-1,575,576,577,-1,578,579,576,-1,576,579,577,-1,580,581,578,-1,578,581,579,-1,581,580,582,-1,581,582,583,-1,583,582,584,-1,583,584,585,-1,585,584,586,-1,585,586,587,-1,587,586,588,-1,587,588,589,-1,589,588,590,-1,589,590,591,-1,591,590,592,-1,591,592,593,-1,593,592,594,-1,593,594,595,-1,595,594,596,-1,595,596,597,-1,597,596,598,-1,597,598,599,-1,599,598,600,-1,599,600,601,-1,601,600,602,-1,601,602,603,-1,603,602,604,-1,603,604,605,-1,605,604,606,-1,605,606,607,-1,607,606,608,-1,607,608,609,-1,609,608,610,-1,609,610,611,-1,611,610,612,-1,611,612,613,-1,613,612,614,-1,613,614,615,-1,615,614,616,-1,615,616,617,-1,617,616,618,-1,617,618,619,-1,619,618,620,-1,619,620,621,-1,621,620,622,-1,621,622,623,-1,623,622,624,-1,623,624,625,-1,625,624,626,-1,625,626,627,-1,627,626,628,-1,627,628,629,-1,629,628,630,-1,629,630,631,-1,631,630,632,-1,631,632,633,-1,634,635,632,-1,632,635,633,-1,634,514,635,-1,635,514,515,-1,516,512,634,-1,634,512,514,-1,632,528,634,-1,634,528,526,-1,634,526,524,-1,518,516,520,-1,520,516,634,-1,520,634,522,-1,522,634,524,-1,632,630,528,-1,528,630,628,-1,528,628,530,-1,530,628,626,-1,530,626,532,-1,532,626,624,-1,532,624,534,-1,624,622,534,-1,534,622,620,-1,534,620,536,-1,536,620,618,-1,536,618,538,-1,538,618,616,-1,538,616,540,-1,540,616,614,-1,540,614,542,-1,542,614,544,-1,544,614,612,-1,544,612,546,-1,546,612,610,-1,546,610,548,-1,548,610,608,-1,548,608,550,-1,550,608,606,-1,550,606,552,-1,552,606,604,-1,552,604,554,-1,554,604,602,-1,554,602,556,-1,556,602,600,-1,556,600,558,-1,558,600,598,-1,558,598,560,-1,560,598,596,-1,560,596,562,-1,562,596,594,-1,562,594,564,-1,564,594,592,-1,564,592,566,-1,566,592,590,-1,566,590,568,-1,568,590,588,-1,568,588,570,-1,570,588,586,-1,570,586,572,-1,572,586,584,-1,572,584,574,-1,574,584,582,-1,574,582,576,-1,576,582,580,-1,576,580,578,-1,636,637,638,-1,638,637,639,-1,638,639,640,-1,640,639,641,-1,640,641,642,-1,642,641,643,-1,642,643,644,-1,644,643,645,-1,644,645,646,-1,647,648,645,-1,645,648,646,-1,648,647,649,-1,648,649,650,-1,650,649,651,-1,650,651,652,-1,652,651,653,-1,652,653,654,-1,654,653,655,-1,654,655,656,-1,656,655,657,-1,656,657,658,-1,658,657,659,-1,658,659,660,-1,660,659,661,-1,660,661,662,-1,662,661,663,-1,662,663,664,-1,664,663,665,-1,664,665,666,-1,666,665,667,-1,666,667,668,-1,668,667,669,-1,668,669,670,-1,670,669,671,-1,670,671,672,-1,672,671,673,-1,672,673,674,-1,674,673,675,-1,674,675,676,-1,676,675,677,-1,676,677,678,-1,678,677,679,-1,678,679,680,-1,680,679,681,-1,680,681,682,-1,682,681,683,-1,682,683,684,-1,684,683,685,-1,684,685,686,-1,686,685,687,-1,686,687,688,-1,688,687,689,-1,688,689,690,-1,690,689,691,-1,690,691,692,-1,693,694,691,-1,691,694,692,-1,695,696,693,-1,693,696,694,-1,696,695,697,-1,696,697,698,-1,698,697,699,-1,698,699,700,-1,700,699,701,-1,700,701,702,-1,702,701,703,-1,702,703,704,-1,704,703,705,-1,704,705,706,-1,706,705,707,-1,706,707,708,-1,708,707,709,-1,708,709,710,-1,710,709,711,-1,710,711,712,-1,712,711,713,-1,712,713,714,-1,714,713,715,-1,714,715,716,-1,716,715,717,-1,716,717,718,-1,719,720,717,-1,717,720,718,-1,721,722,719,-1,719,722,720,-1,722,721,723,-1,722,723,724,-1,724,723,725,-1,724,725,726,-1,727,728,725,-1,725,728,726,-1,727,637,728,-1,728,637,636,-1,659,657,685,-1,685,657,655,-1,685,655,687,-1,661,659,663,-1,663,659,685,-1,663,685,665,-1,665,685,683,-1,665,683,667,-1,721,719,647,-1,647,719,717,-1,647,717,715,-1,655,653,687,-1,687,653,651,-1,687,651,689,-1,689,651,649,-1,637,727,639,-1,639,727,725,-1,639,725,641,-1,641,725,723,-1,641,723,643,-1,643,723,721,-1,643,721,645,-1,645,721,647,-1,715,713,647,-1,647,713,711,-1,647,711,709,-1,671,681,679,-1,681,671,683,-1,683,671,669,-1,683,669,667,-1,709,707,647,-1,647,707,705,-1,647,705,703,-1,703,701,647,-1,647,701,699,-1,647,699,697,-1,697,695,647,-1,647,695,693,-1,647,693,649,-1,649,693,691,-1,649,691,689,-1,679,677,671,-1,671,677,675,-1,671,675,673,-1,
        ]
    }
}
Shape{
    appearance Appearance {
        material  Material 	{
            diffuseColor 0.6470588235294118 0.6196078431372549 0.5882352941176471
            specularColor 0.45098039215686275 0.43529411764705883 0.4117647058823529
            ambientIntensity 0.6242
            transparency 0.0
            shininess 0.5
        }
    }
    geometry IndexedFaceSet {
        ccw TRUE
        solid FALSE
        coord DEF co Coordinate {
            point [
                -1.4119 -0.836 1.2598, -1.3966 -0.8214 1.2598, -1.4329 -0.9804 1.2598, -1.4697 -0.814 1.2598, -1.4474 -0.8186 1.2598, -1.4309 -0.8238 1.2598, -1.4261 -0.8264 1.2598, -1.6844 -0.9906 1.2598, -1.6844 -0.6911 1.2598, -1.6737 -0.9952 1.2598, -1.6757 -0.6908 1.2598, -1.6669 -0.6911 1.2598, -1.642 -0.6939 1.2598, -1.6245 -0.6962 1.2598, -1.625 -1.0026 1.2598, -1.6496 -1.0007 1.2598, -1.5677 -0.8762 1.2598, -1.5691 -0.7928 1.2598, -1.61 -0.9997 1.2598, -1.5744 -0.9532 1.2598, -1.5793 -0.9702 1.2598, -1.6119 -0.6994 1.2598, -1.6027 -0.7035 1.2598, -1.5959 -0.7089 1.2598, -1.5856 -0.9824 1.2598, -1.5924 -0.9905 1.2598, -1.5991 -0.9954 1.2598, -1.5893 -0.7174 1.2598, -1.5781 -0.7425 1.2598
            ]
        }
        coordIndex [
            0,1,2,-1,2,3,4,-1,4,5,2,-1,2,5,6,-1,2,6,0,-1,7,8,9,-1,9,8,10,-1,10,11,9,-1,9,11,12,-1,9,12,13,-1,14,15,16,-1,16,15,9,-1,16,9,17,-1,14,16,18,-1,18,16,19,-1,18,19,20,-1,13,21,9,-1,9,21,22,-1,9,22,23,-1,20,24,18,-1,18,24,25,-1,18,25,26,-1,23,27,9,-1,9,27,28,-1,9,28,17,-1,
        ]
    }
}