#VRML V2.0 utf8
# 3D model generated by easyeda2kicad.py (https://github.com/uPesy/easyeda2kicad.py)

Shape{
    appearance Appearance {
        material  Material 	{
            diffuseColor 0.6470588235294118 0.6196078431372549 0.5882352941176471
            specularColor 0.45098039215686275 0.43529411764705883 0.4117647058823529
            ambientIntensity 0.6242
            transparency 0.0
            shininess 0.5
        }
    }
    geometry IndexedFaceSet {
        ccw TRUE
        solid FALSE
        coord DEF co Coordinate {
            point [
                -4.3425 -0.1772 -0.9842, -4.3425 -0.1772 0.9449, -4.6575 -0.1772 -0.9842, -4.6575 -0.1772 0.9449, -4.5787 -0.0984 -1.378, -4.5787 0.0591 -1.378, -4.4213 -0.0984 -1.378, -4.4213 0.0591 -1.378, -4.6575 0.1378 -0.9842, -4.6575 0.1378 0.9449, -4.3425 0.1378 -0.9842, -4.3425 0.1378 0.9449, -4.6575 0.1291 1.0557, -4.3425 0.1291 1.0557, -4.6575 0.1031 1.1639, -4.3425 0.1031 1.1639, -4.6575 0.0606 1.2666, -4.3425 0.0606 1.2666, -4.6575 0.0025 1.3614, -4.3425 0.0025 1.3614, -4.6575 -0.0698 1.446, -4.3425 -0.0698 1.446, -4.6575 -0.1543 1.5182, -4.3425 -0.1543 1.5182, -4.6575 -0.2491 1.5763, -4.3425 -0.2491 1.5763, -4.6575 -0.3519 1.6189, -4.3425 -0.3519 1.6189, -4.6575 -0.46 1.6448, -4.3425 -0.46 1.6448, -4.6575 -0.5709 1.6535, -4.3425 -0.5709 1.6535, -4.3425 -2.5394 1.6535, -4.6575 -2.5394 1.6535, -4.5787 -2.9331 1.5748, -4.5787 -2.9331 1.4173, -4.4213 -2.9331 1.5748, -4.4213 -2.9331 1.4173, -4.6575 -2.5394 1.3386, -4.6575 -0.5709 1.3386, -4.3425 -2.5394 1.3386, -4.3425 -0.5709 1.3386, -4.3425 -0.4833 1.3287, -4.6575 -0.4833 1.3287, -4.3425 -0.4 1.2996, -4.6575 -0.4 1.2996, -4.3425 -0.3254 1.2527, -4.6575 -0.3254 1.2527, -4.3425 -0.2631 1.1904, -4.6575 -0.2631 1.1904, -4.3425 -0.2162 1.1157, -4.6575 -0.2162 1.1157, -4.3425 -0.187 1.0325, -4.6575 -0.187 1.0325
            ]
        }
        coordIndex [
            0,1,2,-1,2,1,3,-1,4,5,6,-1,6,5,7,-1,8,9,10,-1,10,9,11,-1,11,9,12,-1,11,12,13,-1,13,12,14,-1,13,14,15,-1,15,14,16,-1,15,16,17,-1,17,16,18,-1,17,18,19,-1,19,18,20,-1,19,20,21,-1,21,20,22,-1,21,22,23,-1,23,22,24,-1,23,24,25,-1,25,24,26,-1,25,26,27,-1,27,26,28,-1,27,28,29,-1,29,28,30,-1,29,30,31,-1,32,31,33,-1,33,31,30,-1,34,35,36,-1,36,35,37,-1,38,39,40,-1,40,39,41,-1,41,39,42,-1,42,39,43,-1,42,43,44,-1,44,43,45,-1,44,45,46,-1,46,45,47,-1,46,47,48,-1,48,47,49,-1,48,49,50,-1,50,49,51,-1,50,51,52,-1,52,51,53,-1,52,53,1,-1,1,53,3,-1,32,40,31,-1,31,40,41,-1,31,41,29,-1,29,41,42,-1,29,42,27,-1,27,42,44,-1,52,15,50,-1,50,15,17,-1,50,17,48,-1,0,10,1,-1,1,10,11,-1,1,11,52,-1,52,11,13,-1,52,13,15,-1,17,19,48,-1,48,19,21,-1,48,21,46,-1,46,21,23,-1,46,23,44,-1,44,23,25,-1,44,25,27,-1,38,33,39,-1,39,33,30,-1,39,30,43,-1,51,14,53,-1,53,14,12,-1,53,12,3,-1,3,12,9,-1,3,9,2,-1,2,9,8,-1,30,28,43,-1,43,28,26,-1,43,26,45,-1,45,26,24,-1,45,24,47,-1,24,22,47,-1,47,22,20,-1,47,20,49,-1,49,20,18,-1,49,18,51,-1,51,18,16,-1,51,16,14,-1,10,7,8,-1,8,7,5,-1,0,6,10,-1,10,6,7,-1,4,2,5,-1,5,2,8,-1,2,4,0,-1,0,4,6,-1,40,37,38,-1,38,37,35,-1,32,36,40,-1,40,36,37,-1,34,33,35,-1,35,33,38,-1,33,34,32,-1,32,34,36,-1,
        ]
    }
}
Shape{
    appearance Appearance {
        material  Material 	{
            diffuseColor 0.24705882352941178 0.49411764705882355 0.27450980392156865
            specularColor 0.01568627450980392 0.03529411764705882 0.0196078431372549
            ambientIntensity 0.5646
            transparency 0.0
            shininess 0.5
        }
    }
    geometry IndexedFaceSet {
        ccw TRUE
        solid FALSE
        coord DEF co Coordinate {
            point [
                -1.6772 -0.7677 2.295, -1.7362 -0.7677 2.295, -1.7362 -0.7677 2.1764, -2.6772 -0.7677 2.295, -2.7362 -0.7677 2.295, -2.7362 -0.7677 2.1764, -3.6772 -0.7677 2.295, -3.7362 -0.7677 2.295, -3.7362 -0.7677 2.1764, -4.6772 -0.7677 2.295, -4.7362 -0.7677 2.295, -4.7362 -0.7677 2.1764, 4.3228 -0.7677 2.295, 4.2638 -0.7677 2.295, 4.2638 -0.7677 2.1764, 4.2638 -0.7677 1.1637, 4.2638 -0.7677 0.7375, 4.5 -0.7677 1.1614, 3.3228 -0.7677 2.295, 3.2638 -0.7677 2.295, 3.2638 -0.7677 2.1764, 3.2638 -0.7677 1.1637, 3.2638 -0.7677 0.7375, 3.5 -0.7677 1.1614, 2.3228 -0.7677 2.295, 2.2638 -0.7677 2.295, 2.2638 -0.7677 2.1764, 1.3228 -0.7677 2.295, 1.2638 -0.7677 2.295, 1.2638 -0.7677 2.1764, 1.2638 -0.7677 1.1637, 1.2638 -0.7677 0.7375, 1.5 -0.7677 1.1614, 0.3228 -0.7677 2.295, 0.2638 -0.7677 2.295, 0.2638 -0.7677 2.1764, -0.6772 -0.7677 2.295, -0.7362 -0.7677 2.295, -0.7362 -0.7677 2.1764, -0.2638 -0.7677 0.7375, -0.2638 -0.7677 1.1637, -0.4134 -0.7677 1.1728, 0.0 -0.7677 1.1637, -0.1768 -0.7677 1.4095, -0.2102 -0.7677 1.3287, -0.7362 -0.7677 0.7375, -1.5866 -0.7677 1.8193, -1.5 -0.7677 1.8307, -1.7362 -0.7677 0.7375, -1.5 -0.7677 1.1614, -1.5866 -0.7677 1.1728, -0.2634 -0.7677 1.2594, -0.3327 -0.7677 1.2063, -0.2634 -0.7677 1.7327, -0.2102 -0.7677 1.6634, 0.0 -0.7677 1.8597, -0.1768 -0.7677 1.5827, -0.1654 -0.7677 1.4961, -0.3327 -0.7677 1.7859, -0.2638 -0.7677 1.8597, -0.4134 -0.7677 1.8193, -0.2638 -0.7677 2.1764, -0.5 -0.7677 1.8307, -0.5866 -0.7677 1.8193, -0.6673 -0.7677 1.7859, -0.7362 -0.7677 1.8597, -0.7366 -0.7677 1.7327, -1.2638 -0.7677 1.8597, -0.7898 -0.7677 1.6634, -1.6673 -0.7677 1.7859, -1.7362 -0.7677 1.8597, -1.7366 -0.7677 1.7327, -2.0 -0.7677 1.8597, -1.7898 -0.7677 1.6634, -1.1768 -0.7677 1.4095, -1.2102 -0.7677 1.3287, -0.8232 -0.7677 1.4095, -1.7362 -0.7677 1.1637, -1.6673 -0.7677 1.2063, -2.0 -0.7677 1.1637, -1.7366 -0.7677 1.2594, -1.7898 -0.7677 1.3287, -0.7898 -0.7677 1.3287, -1.8232 -0.7677 1.4095, -1.8346 -0.7677 1.4961, -1.8232 -0.7677 1.5827, -0.5 -0.7677 1.1614, -0.5866 -0.7677 1.1728, -0.7362 -0.7677 1.1637, -0.6673 -0.7677 1.2063, -0.7366 -0.7677 1.2594, -1.4134 -0.7677 1.1728, -1.2638 -0.7677 0.7375, -1.3327 -0.7677 1.2063, -1.2638 -0.7677 1.1637, -1.2634 -0.7677 1.2594, -1.1654 -0.7677 1.4961, -0.8346 -0.7677 1.4961, -1.1768 -0.7677 1.5827, -0.8232 -0.7677 1.5827, -1.2102 -0.7677 1.6634, -1.2634 -0.7677 1.7327, -1.3327 -0.7677 1.7859, -0.2638 -0.7677 2.295, -0.3228 -0.7677 2.295, -0.3228 -0.7677 2.5221, -0.6772 -0.7677 2.5221, 0.7898 -0.7677 1.6634, 0.8232 -0.7677 1.5827, 1.0 -0.7677 1.8597, 1.0 -0.7677 1.1637, 0.4134 -0.7677 1.8193, 0.5 -0.7677 1.8307, 0.3327 -0.7677 1.7859, 0.2638 -0.7677 1.8597, 0.2634 -0.7677 1.7327, 0.2102 -0.7677 1.6634, 0.8346 -0.7677 1.4961, 0.8232 -0.7677 1.4095, 0.7362 -0.7677 1.1637, 0.7898 -0.7677 1.3287, 0.7366 -0.7677 1.2594, 0.7362 -0.7677 1.8597, 0.6673 -0.7677 1.7859, 0.7366 -0.7677 1.7327, 0.6673 -0.7677 1.2063, 0.5866 -0.7677 1.1728, 0.7362 -0.7677 0.7375, 0.5 -0.7677 1.1614, 0.2638 -0.7677 0.7375, 0.4134 -0.7677 1.1728, 0.2638 -0.7677 1.1637, 0.3327 -0.7677 1.2063, 0.2634 -0.7677 1.2594, 0.2102 -0.7677 1.3287, 0.1768 -0.7677 1.4095, 0.1654 -0.7677 1.4961, 0.1768 -0.7677 1.5827, 0.7362 -0.7677 2.1764, 0.7362 -0.7677 2.295, 0.6772 -0.7677 2.295, 0.6772 -0.7677 2.5221, 0.3228 -0.7677 2.5221, 0.5866 -0.7677 1.8193, 1.6673 -0.7677 1.2063, 1.5866 -0.7677 1.1728, 1.7362 -0.7677 1.1637, 1.7366 -0.7677 1.2594, 1.7362 -0.7677 0.7375, 1.7898 -0.7677 1.6634, 1.8232 -0.7677 1.5827, 2.0 -0.7677 1.8597, 2.0 -0.7677 1.1637, 1.4134 -0.7677 1.8193, 1.5 -0.7677 1.8307, 1.8346 -0.7677 1.4961, 1.8232 -0.7677 1.4095, 1.7898 -0.7677 1.3287, 1.7362 -0.7677 1.8597, 1.6673 -0.7677 1.7859, 1.7366 -0.7677 1.7327, 1.4134 -0.7677 1.1728, 1.3327 -0.7677 1.2063, 1.2634 -0.7677 1.2594, 1.2102 -0.7677 1.3287, 1.3327 -0.7677 1.7859, 1.2638 -0.7677 1.8597, 1.2634 -0.7677 1.7327, 1.2102 -0.7677 1.6634, 1.1768 -0.7677 1.4095, 1.1654 -0.7677 1.4961, 1.1768 -0.7677 1.5827, 1.7362 -0.7677 2.1764, 1.7362 -0.7677 2.295, 1.6772 -0.7677 2.295, 1.6772 -0.7677 2.5221, 1.3228 -0.7677 2.5221, 1.5866 -0.7677 1.8193, 2.7898 -0.7677 1.6634, 2.8232 -0.7677 1.5827, 3.0 -0.7677 1.8597, 3.0 -0.7677 1.1637, 2.4134 -0.7677 1.8193, 2.5 -0.7677 1.8307, 2.8346 -0.7677 1.4961, 2.8232 -0.7677 1.4095, 2.7362 -0.7677 1.1637, 2.7898 -0.7677 1.3287, 2.7366 -0.7677 1.2594, 2.3327 -0.7677 1.7859, 2.2638 -0.7677 1.8597, 2.2634 -0.7677 1.7327, 2.2102 -0.7677 1.6634, 2.7362 -0.7677 1.8597, 2.6673 -0.7677 1.7859, 2.7366 -0.7677 1.7327, 2.6673 -0.7677 1.2063, 2.5866 -0.7677 1.1728, 2.7362 -0.7677 0.7375, 2.5 -0.7677 1.1614, 2.2638 -0.7677 0.7375, 2.4134 -0.7677 1.1728, 2.2638 -0.7677 1.1637, 2.3327 -0.7677 1.2063, 2.2634 -0.7677 1.2594, 2.2102 -0.7677 1.3287, 2.1768 -0.7677 1.4095, 2.1654 -0.7677 1.4961, 2.1768 -0.7677 1.5827, 2.7362 -0.7677 2.1764, 2.7362 -0.7677 2.295, 2.6772 -0.7677 2.295, 2.6772 -0.7677 2.5221, 2.3228 -0.7677 2.5221, 2.5866 -0.7677 1.8193, 3.5866 -0.7677 1.1728, 3.7362 -0.7677 0.7375, 3.7362 -0.7677 1.1637, 3.6673 -0.7677 1.2063, 3.7366 -0.7677 1.2594, 3.4134 -0.7677 1.8193, 3.5 -0.7677 1.8307, 3.7362 -0.7677 1.8597, 3.6673 -0.7677 1.7859, 4.0 -0.7677 1.8597, 3.7366 -0.7677 1.7327, 3.7898 -0.7677 1.6634, 3.8232 -0.7677 1.5827, 4.0 -0.7677 1.1637, 3.8346 -0.7677 1.4961, 3.8232 -0.7677 1.4095, 3.7898 -0.7677 1.3287, 3.3327 -0.7677 1.7859, 3.2638 -0.7677 1.8597, 3.2634 -0.7677 1.7327, 3.2102 -0.7677 1.6634, 3.2102 -0.7677 1.3287, 3.1768 -0.7677 1.4095, 3.1654 -0.7677 1.4961, 3.1768 -0.7677 1.5827, 3.4134 -0.7677 1.1728, 3.3327 -0.7677 1.2063, 3.2634 -0.7677 1.2594, 3.7362 -0.7677 2.1764, 3.7362 -0.7677 2.295, 3.6772 -0.7677 2.295, 3.6772 -0.7677 2.5221, 3.3228 -0.7677 2.5221, 3.5866 -0.7677 1.8193, 4.5866 -0.7677 1.1728, 4.7362 -0.7677 0.7375, 4.7362 -0.7677 1.1637, 4.6673 -0.7677 1.2063, 4.7366 -0.7677 1.2594, 4.4134 -0.7677 1.8193, 4.5 -0.7677 1.8307, 4.7362 -0.7677 1.8597, 4.6673 -0.7677 1.7859, 5.0 -0.7677 1.8597, 4.7366 -0.7677 1.7327, 4.7898 -0.7677 1.6634, 4.8232 -0.7677 1.5827, 5.0 -0.7677 1.1637, 4.8346 -0.7677 1.4961, 4.8232 -0.7677 1.4095, 4.7898 -0.7677 1.3287, 4.3327 -0.7677 1.7859, 4.2638 -0.7677 1.8597, 4.2634 -0.7677 1.7327, 4.2102 -0.7677 1.6634, 4.2102 -0.7677 1.3287, 4.1768 -0.7677 1.4095, 4.1654 -0.7677 1.4961, 4.1768 -0.7677 1.5827, 4.4134 -0.7677 1.1728, 4.3327 -0.7677 1.2063, 4.2634 -0.7677 1.2594, 4.7362 -0.7677 2.1764, 4.7362 -0.7677 2.295, 4.6772 -0.7677 2.295, 4.6772 -0.7677 2.5221, 4.3228 -0.7677 2.5221, 4.5866 -0.7677 1.8193, -2.2102 -0.7677 1.6634, -2.1768 -0.7677 1.5827, -2.5866 -0.7677 1.8193, -2.5 -0.7677 1.8307, -2.1654 -0.7677 1.4961, -2.1768 -0.7677 1.4095, -2.6673 -0.7677 1.7859, -2.7362 -0.7677 1.8597, -2.7366 -0.7677 1.7327, -3.0 -0.7677 1.8597, -2.7898 -0.7677 1.6634, -2.2638 -0.7677 1.8597, -2.3327 -0.7677 1.7859, -2.2634 -0.7677 1.7327, -2.2102 -0.7677 1.3287, -2.2634 -0.7677 1.2594, -2.2638 -0.7677 1.1637, -2.3327 -0.7677 1.2063, -2.2638 -0.7677 0.7375, -2.4134 -0.7677 1.1728, -2.7362 -0.7677 0.7375, -2.5 -0.7677 1.1614, -2.5866 -0.7677 1.1728, -2.7362 -0.7677 1.1637, -2.6673 -0.7677 1.2063, -3.0 -0.7677 1.1637, -2.7366 -0.7677 1.2594, -2.7898 -0.7677 1.3287, -2.8232 -0.7677 1.4095, -2.8346 -0.7677 1.4961, -2.8232 -0.7677 1.5827, -3.2102 -0.7677 1.6634, -3.1768 -0.7677 1.5827, -3.1768 -0.7677 1.4095, -3.2102 -0.7677 1.3287, -3.2634 -0.7677 1.2594, -3.2638 -0.7677 1.1637, -3.3327 -0.7677 1.2063, -3.2638 -0.7677 0.7375, -3.1654 -0.7677 1.4961, -3.4134 -0.7677 1.1728, -3.5 -0.7677 1.1614, -3.7362 -0.7677 0.7375, -3.5866 -0.7677 1.1728, -3.7362 -0.7677 1.1637, -3.6673 -0.7677 1.2063, -4.0 -0.7677 1.1637, -3.7366 -0.7677 1.2594, -3.7898 -0.7677 1.3287, -3.2638 -0.7677 1.8597, -3.3327 -0.7677 1.7859, -3.2634 -0.7677 1.7327, -3.8232 -0.7677 1.4095, -3.8346 -0.7677 1.4961, -4.0 -0.7677 1.8597, -3.8232 -0.7677 1.5827, -3.7898 -0.7677 1.6634, -3.7366 -0.7677 1.7327, -3.7362 -0.7677 1.8597, -3.6673 -0.7677 1.7859, -3.5866 -0.7677 1.8193, -3.5 -0.7677 1.8307, -4.2102 -0.7677 1.6634, -4.1768 -0.7677 1.5827, -4.1768 -0.7677 1.4095, -4.2102 -0.7677 1.3287, -4.2634 -0.7677 1.2594, -4.2638 -0.7677 1.1637, -4.3327 -0.7677 1.2063, -4.2638 -0.7677 0.7375, -4.7898 -0.7677 1.3287, -4.8232 -0.7677 1.4095, -4.9173 -0.7677 1.1637, -4.1654 -0.7677 1.4961, -4.4134 -0.7677 1.1728, -4.5 -0.7677 1.1614, -4.7362 -0.7677 0.7375, -4.5866 -0.7677 1.1728, -4.7362 -0.7677 1.1637, -4.6673 -0.7677 1.2063, -4.7366 -0.7677 1.2594, -4.8346 -0.7677 1.4961, -4.8232 -0.7677 1.5827, -4.9173 -0.7677 1.8597, -4.2638 -0.7677 1.8597, -4.3327 -0.7677 1.7859, -4.2634 -0.7677 1.7327, -4.7898 -0.7677 1.6634, -4.7366 -0.7677 1.7327, -4.7362 -0.7677 1.8597, -4.6673 -0.7677 1.7859, -4.5866 -0.7677 1.8193, -4.5 -0.7677 1.8307, -5.0 -0.7677 1.1637, -5.0 -0.7677 1.8597, -4.2638 -0.7677 2.1764, -4.2638 -0.7677 2.295, -4.3228 -0.7677 2.295, -4.3228 -0.7677 2.5221, -4.6772 -0.7677 2.5221, -4.4134 -0.7677 1.8193, -3.2638 -0.7677 2.1764, -3.2638 -0.7677 2.295, -3.3228 -0.7677 2.295, -3.3228 -0.7677 2.5221, -3.6772 -0.7677 2.5221, -3.4134 -0.7677 1.8193, -2.2638 -0.7677 2.1764, -2.2638 -0.7677 2.295, -2.3228 -0.7677 2.295, -2.3228 -0.7677 2.5221, -2.6772 -0.7677 2.5221, -2.4134 -0.7677 1.8193, -1.2638 -0.7677 2.1764, -1.2638 -0.7677 2.295, -1.3228 -0.7677 2.295, -1.3228 -0.7677 2.5221, -1.6772 -0.7677 2.5221, -1.4134 -0.7677 1.8193, -1.2638 -1.203 2.295, -0.7362 -1.203 2.295, -0.6772 -3.5236 2.295, -1.3228 -3.5236 2.295, 4.5 -1.1614 0.7375, 4.7362 -1.1614 0.7375, -3.7362 -1.203 0.7375, -4.0 -1.203 0.7375, -4.0 -3.3268 0.7375, 4.2638 -1.203 0.7375, 4.5 -3.3268 0.7375, 3.7362 -1.203 0.7375, 2.7362 -1.203 0.7375, 2.2638 -1.203 0.7375, 1.7362 -1.203 0.7375, 3.2638 -1.203 0.7375, 0.7362 -1.203 0.7375, 0.2638 -1.203 0.7375, -0.2638 -1.203 0.7375, 1.2638 -1.203 0.7375, -1.2638 -1.203 0.7375, -1.7362 -1.203 0.7375, -2.2638 -1.203 0.7375, -0.7362 -1.203 0.7375, -3.2638 -1.203 0.7375, -2.7362 -1.203 0.7375, -4.9571 -2.3616 0.0, -4.9489 -2.3514 0.0, -4.6112 -2.3514 0.0, -4.0 0.4528 0.0, -3.815 0.4528 0.0, -3.815 -0.3346 0.0, -3.185 -0.3346 0.0, -3.185 0.4528 0.0, -3.0 0.4528 0.0, -2.815 -0.3346 0.0, -2.185 -0.3346 0.0, 5.2953 -2.3514 0.0, -4.5876 -2.3286 0.0, -4.5876 -2.3299 0.0, -4.5871 -2.3311 0.0, -4.5869 -2.3313 0.0, -4.5866 -2.3314 0.0, -4.5858 -2.3317 0.0, -4.185 0.4528 0.0, -4.185 -0.3346 0.0, -2.815 0.4528 0.0, -2.0 0.4528 0.0, -1.815 0.4528 0.0, -1.815 -0.3346 0.0, -4.5875 -2.3304 0.0, -4.5873 -2.3308 0.0, -4.5572 -2.1821 0.0, -4.5096 -2.1883 0.0, -4.5572 -2.3067 0.0, -4.49 -2.1923 0.0, -4.4666 -2.2031 0.0, -4.4501 -2.3231 0.0, -4.4592 -2.322 0.0, -4.4495 -2.178 0.0, -4.4505 -2.1774 0.0, -4.4519 -2.0293 0.0, -4.3924 -2.3254 0.0, -4.3924 -2.3267 0.0, -4.4725 -2.3202 0.0, -4.4859 -2.3186 0.0, -4.4717 -2.2002 0.0, -4.4774 -2.1968 0.0, -4.366 -1.9795 0.0, -4.6112 -0.3346 0.0, -4.3645 -1.9794 0.0, -4.364 -1.9796 0.0, -4.5697 -1.9824 0.0, -4.5726 -1.9822 0.0, -4.5741 -1.9825 0.0, -4.5754 -1.9831 0.0, -1.185 -0.3346 0.0, -1.185 0.4528 0.0, -0.815 0.4528 0.0, -4.4487 -2.1788 0.0, -4.449 -2.1851 0.0, -4.4482 -2.1838 0.0, -4.4488 -2.3232 0.0, -4.4478 -2.1827 0.0, -4.4477 -2.3235 0.0, -4.4476 -2.1817 0.0, -4.4467 -2.3241 0.0, -4.2593 -2.0082 0.0, -4.2703 -2.0002 0.0, -4.1776 -1.968 0.0, -4.2823 -2.3401 0.0, -4.2696 -2.3371 0.0, -4.1066 -2.3514 0.0, -4.5733 -2.0403 0.0, -4.5789 -1.9924 0.0, -4.5736 -2.0332 0.0, -4.5787 -1.9935 0.0, -4.5736 -2.0225 0.0, -4.5751 -2.0078 0.0, -0.815 -0.3346 0.0, -0.185 -0.3346 0.0, -4.5843 -2.3318 0.0, -4.5827 -2.3316 0.0, -4.5719 -2.3299 0.0, -4.3 -2.3413 0.0, -4.2592 -2.3317 0.0, -4.2499 -2.3234 0.0, -4.2408 -2.3103 0.0, -4.573 -2.0474 0.0, -4.5736 -2.3067 0.0, -4.579 -1.9891 0.0, -4.58 -2.3142 0.0, -4.5838 -2.3189 0.0, -2.185 0.4528 0.0, 0.0 0.4528 0.0, 0.185 0.4528 0.0, 0.185 -0.3346 0.0, -4.5623 -2.3287 0.0, -4.5526 -2.3288 0.0, -4.551 -2.3288 0.0, -4.5572 -2.1623 0.0, -4.5572 -2.0089 0.0, -4.4728 -2.0207 0.0, -4.4501 -2.1866 0.0, -4.1773 -1.9674 0.0, -4.391 -2.0083 0.0, -4.3908 -2.0086 0.0, -4.3885 -2.0091 0.0, -4.3696 -2.3056 0.0, -4.3899 -2.009 0.0, -4.3904 -2.0088 0.0, -4.436 -2.003 0.0, -4.4361 -2.003 0.0, -4.4376 -2.0027 0.0, -4.4394 -2.0026 0.0, -4.5768 -1.9842 0.0, -4.578 -1.9856 0.0, -4.5786 -1.9869 0.0, -4.5861 -2.3223 0.0, -4.587 -2.3242 0.0, -4.5875 -2.3269 0.0, -4.5068 -2.3345 0.0, -4.4872 -2.3384 0.0, -4.4452 -2.328 0.0, -4.4451 -2.3271 0.0, -4.392 -2.3282 0.0, -4.4454 -2.3256 0.0, -4.4459 -2.3249 0.0, -4.4516 -2.1771 0.0, -4.453 -2.177 0.0, -4.4569 -2.0264 0.0, -4.4646 -2.0228 0.0, -4.3671 -1.98 0.0, -4.3708 -1.9826 0.0, -4.3789 -1.9902 0.0, -4.3913 -2.0078 0.0, -4.3896 -2.32 0.0, -4.3871 -2.318 0.0, -4.377 -2.3095 0.0, -4.3911 -2.322 0.0, -4.3921 -2.324 0.0, -4.3865 -2.0089 0.0, -4.3786 -2.0089 0.0, -4.3696 -2.0089 0.0, -4.436 -2.0117 0.0, -4.4343 -2.0093 0.0, -4.4338 -2.008 0.0, -4.5399 -2.329 0.0, -4.5289 -2.3305 0.0, -4.4718 -2.344 0.0, -4.4688 -2.3458 0.0, -4.4637 -2.3491 0.0, -4.3915 -2.3291 0.0, -4.4474 -2.3322 0.0, -4.4477 -2.1809 0.0, -4.448 -2.1799 0.0, -4.1761 -1.9666 0.0, -4.1765 -1.9668 0.0, -4.1769 -1.967 0.0, -4.3917 -2.0047 0.0, -4.3919 -2.0053 0.0, -4.3919 -2.0059 0.0, -4.3918 -2.0067 0.0, -4.3734 -2.3074 0.0, -4.4346 -2.0042 0.0, -4.435 -2.0036 0.0, -4.4354 -2.0033 0.0, -4.5334 -1.9902 0.0, -4.5594 -1.9856 0.0, -4.5657 -1.9833 0.0, 0.815 -0.3346 0.0, 0.815 0.4528 0.0, 1.0 0.4528 0.0, 1.185 -0.3346 0.0, 1.815 -0.3346 0.0, -4.4452 -2.3263 0.0, -4.0244 -1.9674 0.0, -4.1718 -1.9721 0.0, -4.1725 -1.9701 0.0, -4.2495 -2.02 0.0, -4.1833 -2.0181 0.0, -4.2377 -2.041 0.0, -4.183 -2.0233 0.0, -4.182 -2.0265 0.0, -4.2809 -1.9959 0.0, -4.322 -1.9896 0.0, -4.3469 -1.9867 0.0, -4.3631 -2.3296 0.0, -4.3583 -2.3305 0.0, -4.3897 -2.0019 0.0, -4.3907 -2.0031 0.0, -4.3913 -2.004 0.0, -4.4336 -2.007 0.0, -4.4337 -2.0062 0.0, -4.434 -2.0052 0.0, -4.4479 -2.0021 0.0, -4.4907 -1.9968 0.0, -0.185 0.4528 0.0, 1.185 0.4528 0.0, 2.0 0.4528 0.0, 2.185 0.4528 0.0, 2.185 -0.3346 0.0, -4.178 -1.9694 0.0, -4.179 -1.9765 0.0, -4.3562 -1.9843 0.0, -4.3621 -1.9807 0.0, -4.3464 -2.3316 0.0, -4.3249 -2.3378 0.0, -4.3125 -2.3402 0.0, -4.232 -2.2872 0.0, -4.2238 -2.2238 0.0, -4.1644 -2.0836 0.0, -4.2212 -2.1453 0.0, -4.1706 -2.0585 0.0, -4.2269 -2.0785 0.0, -4.178 -2.0338 0.0, -4.1808 -2.0287 0.0, -4.3815 -1.993 0.0, -4.3883 -2.0003 0.0, -4.4463 -2.3303 0.0, -4.4456 -2.329 0.0, -4.0365 -2.0825 0.0, -4.0433 -2.1108 0.0, -4.0977 -2.3514 0.0, -4.0197 -2.0314 0.0, -4.018 -2.0294 0.0, -4.0173 -2.0285 0.0, -4.017 -2.0278 0.0, -4.0214 -1.9736 0.0, -4.0217 -1.9715 0.0, -4.022 -1.9701 0.0, -4.0222 -1.9692 0.0, -4.0265 -1.9689 0.0, -4.1417 -2.1131 0.0, -4.026 -1.9683 0.0, -4.1599 -2.0287 0.0, -4.1797 -1.9834 0.0, -4.1825 -2.0071 0.0, -4.0297 -2.0559 0.0, -4.0257 -2.0451 0.0, -4.0334 -2.0691 0.0, -4.1684 -1.9856 0.0, -4.025 -1.9676 0.0, -4.0256 -1.9679 0.0, -4.027 -1.97 0.0, -4.0274 -1.9715 0.0, -4.0647 -2.1317 0.0, -4.0313 -1.9941 0.0, -4.3907 -2.3299 0.0, -4.39 -2.3305 0.0, -4.3797 -2.3288 0.0, -4.3679 -2.3288 0.0, 2.815 -0.3346 0.0, 2.815 0.4528 0.0, 3.0 0.4528 0.0, 3.185 -0.3346 0.0, 3.815 -0.3346 0.0, -4.0168 -2.0272 0.0, -4.0169 -2.0251 0.0, -4.0177 -2.0118 0.0, -4.0177 -2.0117 0.0, -4.02 -1.9862 0.0, -4.0212 -1.9766 0.0, -4.1748 -1.9669 0.0, -4.1753 -1.9667 0.0, -4.1757 -1.9666 0.0, -4.1732 -1.9688 0.0, -4.1738 -1.9679 0.0, -4.1743 -1.9672 0.0, 1.815 0.4528 0.0, 3.185 0.4528 0.0, 4.0 0.4528 0.0, 4.185 0.4528 0.0, 4.185 -0.3346 0.0, -4.0221 -2.035 0.0, -4.0225 -1.9685 0.0, -4.0228 -1.9681 0.0, -4.0232 -1.9678 0.0, -4.0236 -1.9675 0.0, -4.024 -1.9674 0.0, 4.815 0.4528 0.0, 5.2953 0.4528 0.0, 4.815 -0.3346 0.0, 3.815 0.4528 0.0, -5.2953 -2.3514 0.0, -5.2953 0.4528 0.0, -5.1337 0.4528 0.0, -4.8582 -2.0222 0.0, -4.8563 -2.023 0.0, -4.7878 -2.2241 0.0, -4.6519 -2.3407 0.0, -4.6434 -2.3407 0.0, -4.6434 -2.1895 0.0, -4.815 0.4528 0.0, -4.815 -0.3346 0.0, -4.6919 -2.3426 0.0, -4.6788 -2.3354 0.0, -4.7621 -2.3124 0.0, -4.7506 -2.3274 0.0, -4.9322 -2.3305 0.0, -4.7876 -2.1099 0.0, -4.6675 -2.3251 0.0, -4.6609 -2.3163 0.0, -4.6559 -2.3073 0.0, -4.7085 -2.3469 0.0, -4.7165 -2.3468 0.0, -4.733 -2.341 0.0, -4.7246 -2.3452 0.0, -4.7748 -2.1362 0.0, -4.6468 -2.0904 0.0, -4.7727 -2.2263 0.0, -4.644 -2.1204 0.0, -4.7676 -2.2558 0.0, -4.8369 -2.0056 0.0, -4.8348 -2.0033 0.0, -4.7814 -2.0715 0.0, -4.7151 -1.981 0.0, -4.7301 -1.9857 0.0, -4.8331 -1.9976 0.0, -4.7432 -1.9933 0.0, -4.7526 -2.003 0.0, -4.7085 -1.9992 0.0, -4.7608 -2.0553 0.0, -4.9406 -2.006 0.0, -4.897 -2.0097 0.0, -4.8763 -2.0129 0.0, -4.8693 -2.0145 0.0, -4.6392 -2.0522 0.0, -4.6457 -2.0269 0.0, -4.9406 -2.2948 0.0, -4.7741 -2.2854 0.0, -4.9405 -2.3021 0.0, -4.6732 -2.012 0.0, -4.6648 -2.0216 0.0, -4.6954 -2.3264 0.0, -4.7355 -2.3182 0.0, -4.7446 -2.3092 0.0, -4.8652 -2.0164 0.0, -4.86 -2.0209 0.0, -4.7656 -2.0241 0.0, -4.8338 -2.0016 0.0, -4.8333 -1.9996 0.0, -4.6349 -2.1199 0.0, -4.6554 -2.0073 0.0, -4.6628 -1.9979 0.0, -4.6736 -1.9891 0.0, -4.9568 -2.0049 0.0, -4.9565 -2.0083 0.0, -4.9583 -1.9911 0.0, -4.9554 -2.0417 0.0, -4.938 -2.3181 0.0, -4.6958 -2.0002 0.0, -4.6833 -2.0049 0.0, -4.6574 -2.0363 0.0, -4.6493 -2.0737 0.0, -4.704 -2.3283 0.0, -4.7158 -2.3275 0.0, -4.7259 -2.3241 0.0, -4.8431 -2.0113 0.0, -4.6589 -2.2693 0.0, -4.6541 -2.1895 0.0, -4.6873 -1.9828 0.0, -4.7006 -1.9805 0.0, -4.7311 -2.0065 0.0, -4.7393 -2.014 0.0, -4.7522 -2.0323 0.0, -4.7239 -2.0023 0.0, -4.7164 -2.0 0.0, -4.6659 -2.2949 0.0, -4.673 -2.3089 0.0, -4.6799 -2.3171 0.0, -4.8337 -1.9963 0.0, -4.8342 -1.9958 0.0, -4.9554 -2.2965 0.0, -4.9557 -2.3242 0.0, -4.9599 -2.3514 0.0, -4.7544 -2.2939 0.0, -4.6874 -2.3228 0.0, -4.9563 -1.984 0.0, -4.9571 -1.9848 0.0, -4.9579 -1.9864 0.0, -4.9583 -1.9879 0.0, -4.9537 -1.983 0.0, -4.9548 -1.9831 0.0, -4.9556 -1.9835 0.0, -4.835 -1.9953 0.0, -4.8364 -1.9947 0.0, -4.8385 -1.9945 0.0, -4.8484 -1.9942 0.0, -4.8628 -1.9922 0.0, -4.9001 -1.9883 0.0, -4.9124 -1.9873 0.0, -4.9361 -1.9851 0.0, -4.9492 -1.984 0.0, -4.9521 -1.9831 0.0, -4.1061 -2.3537 0.0, -4.6112 -3.5236 0.0, -4.0982 -2.3537 0.0, 5.2953 -3.5236 0.0, -4.961 -2.3571 0.0, -5.2953 -3.5236 0.0, -4.815 0.4528 2.3622, -5.1378 0.4528 2.3622, -5.374 0.4528 2.3622, -5.374 0.4528 2.9938, 5.374 0.4528 3.0709, 5.374 0.4528 2.9938, 5.2953 0.4528 3.1496, 5.374 0.4528 2.3622, 5.1378 0.4528 2.3622, 5.1378 0.4528 0.7874, 4.815 0.4528 2.3622, 4.8934 0.4528 2.8379, 4.1066 0.4528 2.8379, 4.0 0.4528 2.9938, 4.1066 0.4528 2.5221, 5.374 0.4528 0.7874, 5.374 0.4528 0.0787, 5.3713 0.4528 0.0584, 5.3635 0.4528 0.0394, 5.351 0.4528 0.0231, 5.3346 0.4528 0.0106, 5.3157 0.4528 0.0027, 4.0 0.4528 3.1496, 5.351 0.4528 3.1265, 5.3346 0.4528 3.1391, 5.3157 0.4528 3.1469, 5.3635 0.4528 3.1102, 5.3713 0.4528 3.0912, -5.3713 0.4528 3.0912, -5.3635 0.4528 3.1102, -5.351 0.4528 3.1265, -5.3346 0.4528 3.1391, -5.3157 0.4528 3.1469, -5.2953 0.4528 3.1496, -5.374 0.4528 0.0787, -5.374 0.4528 0.7874, -5.1378 0.4528 0.7874, -5.1337 0.4528 2.9938, -5.374 0.4528 3.0709, -5.3713 0.4528 0.0584, -5.3157 0.4528 0.0027, -5.3346 0.4528 0.0106, -5.351 0.4528 0.0231, -5.3635 0.4528 0.0394, -4.185 0.4528 2.3622, -4.0 0.4528 2.9938, -4.1066 0.4528 2.8379, -4.8934 0.4528 2.8379, -4.8934 0.4528 2.5221, -4.1066 0.4528 2.5221, -3.185 0.4528 2.3622, -3.815 0.4528 2.3622, -3.8934 0.4528 2.5221, -3.1066 0.4528 2.5221, -3.0 0.4528 2.9938, -3.1066 0.4528 2.8379, -3.8934 0.4528 2.8379, -2.185 0.4528 2.3622, -2.815 0.4528 2.3622, -2.8934 0.4528 2.5221, -2.1066 0.4528 2.5221, -2.0 0.4528 2.9938, -2.1066 0.4528 2.8379, -2.8934 0.4528 2.8379, -0.185 0.4528 2.3622, -0.815 0.4528 2.3622, -1.185 0.4528 2.3622, -1.8934 0.4528 2.5221, -1.815 0.4528 2.3622, -1.1066 0.4528 2.8379, -0.8934 0.4528 2.8379, -1.1066 0.4528 2.5221, -0.8934 0.4528 2.5221, -0.1066 0.4528 2.5221, -0.1066 0.4528 2.8379, 0.0 0.4528 2.9938, -1.8934 0.4528 2.8379, 0.815 0.4528 2.3622, 0.185 0.4528 2.3622, 0.1066 0.4528 2.5221, 0.8934 0.4528 2.5221, 1.0 0.4528 2.9938, 0.8934 0.4528 2.8379, 0.1066 0.4528 2.8379, 1.815 0.4528 2.3622, 1.185 0.4528 2.3622, 1.1066 0.4528 2.5221, 1.8934 0.4528 2.5221, 2.0 0.4528 2.9938, 1.8934 0.4528 2.8379, 1.1066 0.4528 2.8379, 2.815 0.4528 2.3622, 2.185 0.4528 2.3622, 2.1066 0.4528 2.5221, 2.8934 0.4528 2.5221, 3.0 0.4528 2.9938, 2.8934 0.4528 2.8379, 2.1066 0.4528 2.8379, 3.8934 0.4528 2.5221, 3.815 0.4528 2.3622, 3.1066 0.4528 2.5221, 3.185 0.4528 2.3622, 3.8934 0.4528 2.8379, 3.1066 0.4528 2.8379, -5.1337 0.4528 3.1496, -4.0 0.4528 3.1496, -3.0 0.4528 3.1496, -2.0 0.4528 3.1496, 0.0 0.4528 3.1496, 1.0 0.4528 3.1496, 2.0 0.4528 3.1496, 3.0 0.4528 3.1496, 4.8934 0.4528 2.5221, 4.185 0.4528 2.3622, 5.2953 -3.5236 3.1496, -5.2953 -3.5236 3.1496, -4.1066 -3.5236 2.5221, -4.3228 -3.5236 2.5221, -4.3228 -3.5236 2.295, 4.5 -3.5236 0.2375, 5.3346 -3.5236 0.0106, 5.351 -3.5236 0.0231, 5.1969 -3.5236 0.2375, 5.3635 -3.5236 0.0394, -4.5 -3.5236 0.2375, -4.5 -3.5236 0.5407, -5.1969 -3.5236 0.5407, 5.3157 -3.5236 0.0027, -4.6772 -3.5236 2.295, -4.6772 -3.5236 2.5221, -5.1969 -3.5236 2.295, -4.8934 -3.5236 2.5221, -3.1066 -3.5236 2.5221, -3.3228 -3.5236 2.5221, -3.3228 -3.5236 2.295, -5.3346 -3.5236 0.0106, -5.3713 -3.5236 0.0584, -5.351 -3.5236 0.0231, -5.3635 -3.5236 0.0394, -5.3157 -3.5236 0.0027, -5.374 -3.5236 0.0787, -2.1066 -3.5236 2.5221, -2.3228 -3.5236 2.5221, -2.3228 -3.5236 2.295, -3.6772 -3.5236 2.295, -3.6772 -3.5236 2.5221, -3.8934 -3.5236 2.5221, -1.1066 -3.5236 2.5221, -1.3228 -3.5236 2.5221, -2.6772 -3.5236 2.295, -2.6772 -3.5236 2.5221, -2.8934 -3.5236 2.5221, -0.1066 -3.5236 2.5221, -0.3228 -3.5236 2.5221, -0.3228 -3.5236 2.295, -1.6772 -3.5236 2.295, -1.6772 -3.5236 2.5221, -1.8934 -3.5236 2.5221, 0.8934 -3.5236 2.5221, 0.6772 -3.5236 2.5221, 0.6772 -3.5236 2.295, -0.6772 -3.5236 2.5221, -0.8934 -3.5236 2.5221, 1.8934 -3.5236 2.5221, 1.6772 -3.5236 2.5221, 1.6772 -3.5236 2.295, 0.3228 -3.5236 2.295, 0.3228 -3.5236 2.5221, 0.1066 -3.5236 2.5221, 2.8934 -3.5236 2.5221, 2.6772 -3.5236 2.5221, 2.6772 -3.5236 2.295, 1.3228 -3.5236 2.295, 1.3228 -3.5236 2.5221, 1.1066 -3.5236 2.5221, 3.8934 -3.5236 2.5221, 3.6772 -3.5236 2.5221, 3.6772 -3.5236 2.295, 2.3228 -3.5236 2.295, 2.3228 -3.5236 2.5221, 2.1066 -3.5236 2.5221, 3.3228 -3.5236 2.295, 3.3228 -3.5236 2.5221, 3.1066 -3.5236 2.5221, 4.3228 -3.5236 2.295, 4.3228 -3.5236 2.5221, 4.1066 -3.5236 2.5221, -4.8934 -3.5236 2.8379, -5.3346 -3.5236 3.1391, -5.351 -3.5236 3.1265, 4.5 -3.5236 0.5407, -4.0 -3.5236 0.5407, -4.0 -3.5236 0.2375, -5.374 -3.5236 3.0709, -4.1066 -3.5236 2.8379, -5.3157 -3.5236 3.1469, -5.3635 -3.5236 3.1102, -5.3713 -3.5236 3.0912, -3.8934 -3.5236 2.8379, -3.1066 -3.5236 2.8379, -2.8934 -3.5236 2.8379, -2.1066 -3.5236 2.8379, -1.8934 -3.5236 2.8379, -1.1066 -3.5236 2.8379, -0.8934 -3.5236 2.8379, -0.1066 -3.5236 2.8379, 0.1066 -3.5236 2.8379, 0.8934 -3.5236 2.8379, 1.1066 -3.5236 2.8379, 1.8934 -3.5236 2.8379, 2.1066 -3.5236 2.8379, 2.8934 -3.5236 2.8379, 3.1066 -3.5236 2.8379, 3.8934 -3.5236 2.8379, 4.6772 -3.5236 2.5221, 4.6772 -3.5236 2.295, 4.8934 -3.5236 2.5221, 5.1969 -3.5236 2.295, 4.8934 -3.5236 2.8379, 5.3713 -3.5236 3.0912, 5.374 -3.5236 3.0709, 5.374 -3.5236 0.0787, 5.3713 -3.5236 0.0584, 5.3635 -3.5236 3.1102, 5.351 -3.5236 3.1265, 5.3346 -3.5236 3.1391, 4.1066 -3.5236 2.8379, 5.3157 -3.5236 3.1469, -2.2638 -1.203 2.295, -1.7362 -1.203 2.295, -1.815 -0.3346 2.3622, -1.185 -0.3346 2.3622, -1.4134 -0.9252 1.8193, -1.3327 -0.9252 1.7859, -1.2634 -0.9252 1.7327, -1.2102 -0.9252 1.6634, -1.1768 -0.9252 1.5827, -1.1654 -0.9252 1.4961, -1.1768 -0.9252 1.4095, -1.2102 -0.9252 1.3287, -1.2634 -0.9252 1.2594, -1.3327 -0.9252 1.2063, -1.4134 -0.9252 1.1728, -1.5 -0.9252 1.1614, -1.5866 -0.9252 1.1728, -1.6673 -0.9252 1.2063, -1.7366 -0.9252 1.2594, -1.7898 -0.9252 1.3287, -1.8232 -0.9252 1.4095, -1.8346 -0.9252 1.4961, -1.8232 -0.9252 1.5827, -1.7898 -0.9252 1.6634, -1.7366 -0.9252 1.7327, -1.6673 -0.9252 1.7859, -1.5866 -0.9252 1.8193, -1.5 -0.9252 1.8307, -1.5 -0.9252 1.4961, -1.2638 -1.203 1.1637, -0.7362 -1.203 1.1637, -1.7362 -1.203 1.1637, -2.2638 -1.203 1.1637, -2.2638 -1.203 1.8597, -1.7362 -1.203 1.8597, -1.2638 -1.203 1.8597, -0.7362 -1.203 1.8597, 0.7362 -1.203 2.295, 1.2638 -1.203 2.295, -0.2638 -1.203 2.295, 0.2638 -1.203 2.295, 0.185 -0.3346 2.3622, 0.815 -0.3346 2.3622, 0.5866 -0.9252 1.8193, 0.6673 -0.9252 1.7859, 0.7366 -0.9252 1.7327, 0.7898 -0.9252 1.6634, 0.8232 -0.9252 1.5827, 0.8346 -0.9252 1.4961, 0.8232 -0.9252 1.4095, 0.7898 -0.9252 1.3287, 0.7366 -0.9252 1.2594, 0.6673 -0.9252 1.2063, 0.5866 -0.9252 1.1728, 0.5 -0.9252 1.1614, 0.4134 -0.9252 1.1728, 0.3327 -0.9252 1.2063, 0.2634 -0.9252 1.2594, 0.2102 -0.9252 1.3287, 0.1768 -0.9252 1.4095, 0.1654 -0.9252 1.4961, 0.1768 -0.9252 1.5827, 0.2102 -0.9252 1.6634, 0.2634 -0.9252 1.7327, 0.3327 -0.9252 1.7859, 0.4134 -0.9252 1.8193, 0.5 -0.9252 1.8307, 0.5 -0.9252 1.4961, 0.7362 -1.203 1.1637, 1.2638 -1.203 1.1637, 0.2638 -1.203 1.1637, -0.2638 -1.203 1.1637, -0.2638 -1.203 1.8597, 0.2638 -1.203 1.8597, 0.7362 -1.203 1.8597, 1.2638 -1.203 1.8597, 2.7362 -1.203 2.295, 3.2638 -1.203 2.295, 1.7362 -1.203 2.295, 2.2638 -1.203 2.295, 2.185 -0.3346 2.3622, 2.815 -0.3346 2.3622, 2.5866 -0.9252 1.8193, 2.6673 -0.9252 1.7859, 2.7366 -0.9252 1.7327, 2.7898 -0.9252 1.6634, 2.8232 -0.9252 1.5827, 2.8346 -0.9252 1.4961, 2.8232 -0.9252 1.4095, 2.7898 -0.9252 1.3287, 2.7366 -0.9252 1.2594, 2.6673 -0.9252 1.2063, 2.5866 -0.9252 1.1728, 2.5 -0.9252 1.1614, 2.4134 -0.9252 1.1728, 2.3327 -0.9252 1.2063, 2.2634 -0.9252 1.2594, 2.2102 -0.9252 1.3287, 2.1768 -0.9252 1.4095, 2.1654 -0.9252 1.4961, 2.1768 -0.9252 1.5827, 2.2102 -0.9252 1.6634, 2.2634 -0.9252 1.7327, 2.3327 -0.9252 1.7859, 2.4134 -0.9252 1.8193, 2.5 -0.9252 1.8307, 2.5 -0.9252 1.4961, 2.7362 -1.203 1.1637, 3.2638 -1.203 1.1637, 2.2638 -1.203 1.1637, 1.7362 -1.203 1.1637, 1.7362 -1.203 1.8597, 2.2638 -1.203 1.8597, 2.7362 -1.203 1.8597, 3.2638 -1.203 1.8597, 5.0 -3.3268 2.295, 4.7362 -1.203 2.295, 5.0 -1.203 2.295, 3.7362 -1.203 2.295, 4.2638 -1.203 2.295, 4.185 -0.3346 2.3622, 4.815 -0.3346 2.3622, 4.5866 -0.9252 1.8193, 4.6673 -0.9252 1.7859, 4.7366 -0.9252 1.7327, 4.7898 -0.9252 1.6634, 4.8232 -0.9252 1.5827, 4.8346 -0.9252 1.4961, 4.8232 -0.9252 1.4095, 4.7898 -0.9252 1.3287, 4.7366 -0.9252 1.2594, 4.6673 -0.9252 1.2063, 4.5866 -0.9252 1.1728, 4.5 -0.9252 1.1614, 4.4134 -0.9252 1.1728, 4.3327 -0.9252 1.2063, 4.2634 -0.9252 1.2594, 4.2102 -0.9252 1.3287, 4.1768 -0.9252 1.4095, 4.1654 -0.9252 1.4961, 4.1768 -0.9252 1.5827, 4.2102 -0.9252 1.6634, 4.2634 -0.9252 1.7327, 4.3327 -0.9252 1.7859, 4.4134 -0.9252 1.8193, 4.5 -0.9252 1.8307, 4.5 -0.9252 1.4961, 4.7362 -1.203 0.7375, 4.7362 -1.203 1.1637, 5.0 -1.203 1.1637, 5.0 -1.203 0.7375, 4.2638 -1.203 1.1637, 3.7362 -1.203 1.1637, 3.7362 -1.203 1.8597, 4.2638 -1.203 1.8597, 4.7362 -1.203 1.8597, 5.0 -1.203 1.8597, 5.0 -1.1614 0.7375, 5.0 -1.1614 0.2375, 4.5 -1.1614 0.2375, 5.0 -3.3268 0.2375
            ]
        }
        coordIndex [
            0,1,2,-1,3,4,5,-1,6,7,8,-1,9,10,11,-1,12,13,14,-1,15,16,17,-1,18,19,20,-1,21,22,23,-1,24,25,26,-1,27,28,29,-1,30,31,32,-1,33,34,35,-1,36,37,38,-1,39,40,41,-1,42,43,40,-1,40,43,44,-1,39,41,45,-1,2,46,47,-1,48,49,50,-1,44,51,40,-1,40,51,52,-1,40,52,41,-1,53,54,55,-1,55,54,56,-1,55,56,42,-1,42,56,57,-1,42,57,43,-1,53,55,58,-1,58,55,59,-1,58,59,60,-1,60,59,61,-1,60,61,62,-1,63,38,64,-1,64,38,65,-1,64,65,66,-1,66,65,67,-1,66,67,68,-1,46,2,69,-1,69,2,70,-1,69,70,71,-1,71,70,72,-1,71,72,73,-1,74,75,76,-1,48,50,77,-1,77,50,78,-1,77,78,79,-1,79,78,80,-1,79,80,81,-1,76,75,82,-1,81,83,79,-1,79,83,84,-1,79,84,72,-1,72,84,85,-1,72,85,73,-1,41,86,45,-1,45,86,87,-1,45,87,88,-1,88,87,89,-1,88,89,90,-1,49,48,91,-1,91,48,92,-1,91,92,93,-1,93,92,94,-1,93,94,95,-1,95,94,88,-1,95,88,75,-1,75,88,90,-1,75,90,82,-1,74,76,96,-1,96,76,97,-1,96,97,98,-1,98,97,99,-1,98,99,100,-1,100,99,68,-1,100,68,101,-1,101,68,67,-1,101,67,102,-1,61,103,104,-1,104,105,106,-1,106,36,104,-1,104,36,38,-1,104,38,61,-1,61,38,63,-1,61,63,62,-1,107,108,109,-1,109,108,110,-1,35,111,112,-1,111,35,113,-1,113,35,114,-1,113,114,115,-1,115,114,55,-1,115,55,116,-1,108,117,110,-1,110,117,118,-1,110,118,119,-1,119,118,120,-1,119,120,121,-1,122,123,109,-1,109,123,124,-1,109,124,107,-1,121,125,119,-1,119,125,126,-1,119,126,127,-1,127,126,128,-1,127,128,129,-1,129,128,130,-1,129,130,131,-1,131,130,132,-1,131,132,42,-1,42,132,133,-1,42,133,134,-1,134,135,42,-1,42,135,136,-1,42,136,55,-1,55,136,137,-1,55,137,116,-1,138,139,140,-1,140,141,142,-1,142,33,140,-1,140,33,35,-1,140,35,138,-1,138,35,112,-1,138,112,122,-1,122,112,143,-1,122,143,123,-1,144,145,146,-1,144,146,147,-1,32,31,145,-1,145,31,148,-1,145,148,146,-1,149,150,151,-1,151,150,152,-1,29,153,154,-1,150,155,152,-1,152,155,156,-1,152,156,146,-1,146,156,157,-1,146,157,147,-1,158,159,151,-1,151,159,160,-1,151,160,149,-1,32,161,30,-1,30,161,162,-1,30,162,110,-1,110,162,163,-1,110,163,164,-1,153,29,165,-1,165,29,166,-1,165,166,167,-1,167,166,109,-1,167,109,168,-1,164,169,110,-1,110,169,170,-1,110,170,109,-1,109,170,171,-1,109,171,168,-1,172,173,174,-1,174,175,176,-1,176,27,174,-1,174,27,29,-1,174,29,172,-1,172,29,154,-1,172,154,158,-1,158,154,177,-1,158,177,159,-1,178,179,180,-1,180,179,181,-1,26,182,183,-1,179,184,181,-1,181,184,185,-1,181,185,186,-1,186,185,187,-1,186,187,188,-1,182,26,189,-1,189,26,190,-1,189,190,191,-1,191,190,151,-1,191,151,192,-1,193,194,180,-1,180,194,195,-1,180,195,178,-1,188,196,186,-1,186,196,197,-1,186,197,198,-1,198,197,199,-1,198,199,200,-1,200,199,201,-1,200,201,202,-1,202,201,203,-1,202,203,152,-1,152,203,204,-1,152,204,205,-1,205,206,152,-1,152,206,207,-1,152,207,151,-1,151,207,208,-1,151,208,192,-1,209,210,211,-1,211,212,213,-1,213,24,211,-1,211,24,26,-1,211,26,209,-1,209,26,183,-1,209,183,193,-1,193,183,214,-1,193,214,194,-1,23,22,215,-1,22,216,215,-1,215,216,217,-1,215,217,218,-1,218,217,219,-1,20,220,221,-1,222,223,224,-1,224,223,225,-1,225,226,224,-1,224,226,227,-1,224,227,228,-1,227,229,228,-1,228,229,230,-1,228,230,217,-1,217,230,231,-1,217,231,219,-1,220,20,232,-1,232,20,233,-1,232,233,234,-1,234,233,180,-1,234,180,235,-1,236,237,181,-1,181,237,238,-1,181,238,180,-1,180,238,239,-1,180,239,235,-1,23,240,21,-1,21,240,241,-1,21,241,181,-1,181,241,242,-1,181,242,236,-1,243,244,245,-1,245,246,247,-1,247,18,245,-1,245,18,20,-1,245,20,243,-1,243,20,221,-1,243,221,222,-1,222,221,248,-1,222,248,223,-1,17,16,249,-1,16,250,249,-1,249,250,251,-1,249,251,252,-1,252,251,253,-1,14,254,255,-1,256,257,258,-1,258,257,259,-1,259,260,258,-1,258,260,261,-1,258,261,262,-1,261,263,262,-1,262,263,264,-1,262,264,251,-1,251,264,265,-1,251,265,253,-1,254,14,266,-1,266,14,267,-1,266,267,268,-1,268,267,224,-1,268,224,269,-1,270,271,228,-1,228,271,272,-1,228,272,224,-1,224,272,273,-1,224,273,269,-1,17,274,15,-1,15,274,275,-1,15,275,228,-1,228,275,276,-1,228,276,270,-1,277,278,279,-1,279,280,281,-1,281,12,279,-1,279,12,14,-1,279,14,277,-1,277,14,255,-1,277,255,256,-1,256,255,282,-1,256,282,257,-1,283,284,72,-1,5,285,286,-1,72,284,79,-1,79,284,287,-1,79,287,288,-1,285,5,289,-1,289,5,290,-1,289,290,291,-1,291,290,292,-1,291,292,293,-1,294,295,72,-1,72,295,296,-1,72,296,283,-1,288,297,79,-1,79,297,298,-1,79,298,299,-1,299,298,300,-1,299,300,301,-1,301,300,302,-1,301,302,303,-1,302,304,303,-1,303,304,305,-1,303,305,306,-1,306,305,307,-1,306,307,308,-1,308,307,309,-1,308,309,310,-1,310,311,308,-1,308,311,312,-1,308,312,292,-1,292,312,313,-1,292,313,293,-1,314,315,292,-1,316,317,308,-1,308,317,318,-1,308,318,319,-1,319,318,320,-1,319,320,321,-1,292,315,308,-1,308,315,322,-1,308,322,316,-1,320,323,321,-1,321,323,324,-1,321,324,325,-1,325,324,326,-1,325,326,327,-1,327,326,328,-1,327,328,329,-1,329,328,330,-1,329,330,331,-1,332,333,292,-1,292,333,334,-1,292,334,314,-1,331,335,329,-1,329,335,336,-1,329,336,337,-1,337,336,338,-1,338,339,337,-1,337,339,340,-1,337,340,341,-1,341,340,342,-1,341,342,8,-1,8,342,343,-1,8,343,344,-1,345,346,337,-1,347,348,329,-1,329,348,349,-1,329,349,350,-1,350,349,351,-1,350,351,352,-1,353,354,355,-1,337,346,329,-1,329,346,356,-1,329,356,347,-1,351,357,352,-1,352,357,358,-1,352,358,359,-1,359,358,360,-1,359,360,361,-1,361,360,362,-1,361,362,355,-1,355,362,363,-1,355,363,353,-1,364,365,366,-1,367,368,337,-1,337,368,369,-1,337,369,345,-1,365,370,366,-1,366,370,371,-1,366,371,372,-1,372,371,373,-1,372,373,11,-1,11,373,374,-1,11,374,375,-1,354,364,355,-1,355,364,366,-1,355,366,376,-1,376,366,377,-1,378,379,380,-1,380,381,382,-1,382,9,380,-1,380,9,11,-1,380,11,378,-1,378,11,375,-1,378,375,367,-1,367,375,383,-1,367,383,368,-1,384,385,386,-1,386,387,388,-1,388,6,386,-1,386,6,8,-1,386,8,384,-1,384,8,344,-1,384,344,332,-1,332,344,389,-1,332,389,333,-1,390,391,392,-1,392,393,394,-1,394,3,392,-1,392,3,5,-1,392,5,390,-1,390,5,286,-1,390,286,294,-1,294,286,395,-1,294,395,295,-1,396,397,398,-1,398,399,400,-1,400,0,398,-1,398,0,2,-1,398,2,396,-1,396,2,47,-1,396,47,67,-1,67,47,401,-1,67,401,102,-1,398,397,402,-1,37,36,403,-1,403,36,404,-1,403,404,402,-1,402,404,405,-1,402,405,398,-1,406,407,250,-1,408,409,410,-1,250,16,406,-1,406,16,411,-1,406,411,412,-1,412,411,413,-1,412,413,410,-1,414,198,200,-1,415,416,410,-1,200,415,414,-1,414,415,410,-1,414,410,417,-1,417,410,413,-1,417,413,22,-1,22,413,216,-1,418,127,129,-1,419,420,410,-1,129,419,418,-1,418,419,410,-1,418,410,421,-1,421,410,416,-1,421,416,31,-1,31,416,148,-1,422,92,48,-1,423,424,410,-1,48,423,422,-1,422,423,410,-1,422,410,425,-1,425,410,420,-1,425,420,45,-1,45,420,39,-1,426,321,325,-1,325,408,426,-1,426,408,410,-1,426,410,427,-1,427,410,424,-1,427,424,303,-1,303,424,301,-1,428,429,430,-1,431,432,433,-1,434,435,436,-1,437,438,439,-1,430,440,441,-1,442,443,430,-1,430,443,444,-1,430,444,445,-1,446,431,447,-1,447,431,433,-1,447,433,439,-1,439,433,434,-1,439,434,437,-1,437,434,436,-1,437,436,448,-1,449,450,451,-1,441,452,430,-1,430,452,453,-1,430,453,442,-1,454,455,456,-1,456,455,457,-1,458,459,460,-1,461,462,463,-1,464,465,463,-1,460,466,458,-1,458,466,467,-1,458,467,468,-1,468,467,456,-1,468,456,469,-1,469,456,457,-1,470,471,472,-1,472,471,447,-1,472,447,473,-1,474,475,471,-1,471,475,476,-1,471,476,477,-1,478,479,480,-1,461,463,481,-1,482,483,484,-1,484,483,485,-1,484,485,486,-1,486,485,487,-1,486,487,488,-1,489,490,491,-1,492,493,494,-1,495,496,497,-1,497,496,498,-1,497,498,499,-1,499,498,500,-1,501,502,439,-1,445,503,430,-1,430,503,504,-1,430,504,505,-1,492,494,506,-1,493,507,494,-1,494,507,508,-1,494,508,509,-1,495,510,496,-1,496,510,511,-1,496,511,512,-1,512,511,513,-1,512,513,514,-1,480,501,478,-1,478,501,439,-1,478,439,451,-1,451,439,438,-1,451,438,449,-1,449,438,515,-1,516,517,518,-1,505,519,430,-1,430,519,520,-1,430,520,521,-1,522,523,524,-1,459,458,484,-1,484,458,525,-1,484,525,482,-1,491,490,526,-1,527,528,464,-1,529,530,531,-1,531,530,532,-1,533,534,471,-1,471,534,535,-1,471,535,536,-1,477,537,471,-1,471,537,538,-1,471,538,539,-1,514,540,512,-1,512,540,541,-1,512,541,430,-1,430,541,542,-1,430,542,440,-1,430,543,544,-1,545,546,547,-1,548,549,465,-1,465,549,488,-1,462,550,463,-1,463,550,551,-1,463,551,552,-1,552,551,522,-1,552,522,553,-1,553,522,524,-1,470,554,471,-1,471,554,555,-1,471,555,556,-1,527,464,557,-1,558,528,559,-1,559,528,560,-1,558,561,528,-1,528,561,562,-1,528,562,464,-1,529,563,530,-1,530,563,564,-1,530,564,565,-1,463,566,464,-1,464,566,567,-1,464,567,568,-1,521,569,430,-1,430,569,570,-1,430,570,543,-1,544,571,430,-1,430,571,572,-1,430,572,573,-1,574,573,547,-1,547,573,575,-1,488,487,465,-1,465,487,576,-1,465,576,463,-1,463,576,577,-1,463,577,481,-1,447,578,579,-1,447,579,490,-1,490,579,580,-1,490,580,526,-1,581,582,471,-1,471,582,583,-1,471,583,464,-1,464,583,584,-1,464,584,557,-1,532,530,528,-1,528,530,585,-1,528,585,560,-1,586,587,471,-1,471,587,588,-1,471,588,533,-1,589,590,471,-1,471,590,591,-1,471,591,474,-1,592,593,594,-1,595,596,439,-1,547,546,465,-1,465,546,597,-1,465,597,548,-1,598,599,600,-1,601,602,603,-1,603,602,604,-1,603,604,605,-1,490,606,447,-1,447,606,607,-1,447,607,608,-1,609,610,573,-1,611,612,471,-1,471,612,613,-1,471,613,581,-1,568,614,464,-1,464,614,615,-1,464,615,471,-1,471,615,616,-1,471,616,586,-1,536,617,471,-1,471,617,618,-1,471,618,589,-1,619,516,502,-1,502,516,518,-1,502,518,439,-1,439,518,592,-1,439,592,595,-1,595,592,594,-1,595,594,620,-1,621,622,623,-1,489,491,601,-1,601,491,624,-1,601,624,625,-1,608,626,447,-1,447,626,627,-1,447,627,473,-1,610,628,573,-1,573,628,629,-1,573,629,630,-1,509,631,494,-1,494,631,632,-1,494,632,633,-1,633,632,634,-1,633,634,635,-1,635,634,636,-1,635,636,637,-1,637,636,603,-1,637,603,638,-1,638,603,605,-1,556,639,471,-1,471,639,640,-1,471,640,611,-1,575,641,547,-1,547,641,642,-1,547,642,545,-1,643,439,644,-1,644,439,645,-1,646,647,439,-1,439,647,648,-1,439,648,649,-1,650,651,439,-1,439,651,652,-1,439,652,653,-1,654,655,656,-1,656,655,657,-1,625,658,601,-1,601,658,659,-1,601,659,602,-1,660,661,662,-1,662,661,643,-1,599,598,663,-1,663,598,664,-1,663,664,657,-1,657,664,665,-1,657,665,656,-1,654,666,655,-1,655,666,667,-1,655,667,668,-1,668,667,669,-1,574,670,573,-1,573,670,671,-1,573,671,609,-1,609,671,672,-1,609,672,673,-1,674,675,676,-1,677,678,439,-1,649,679,439,-1,439,679,680,-1,439,680,681,-1,681,682,439,-1,439,682,683,-1,439,683,650,-1,650,683,684,-1,685,686,447,-1,447,686,687,-1,447,687,578,-1,600,688,598,-1,598,688,689,-1,598,689,690,-1,691,621,596,-1,596,621,623,-1,596,623,439,-1,439,623,674,-1,439,674,677,-1,677,674,676,-1,677,676,692,-1,693,694,695,-1,643,661,439,-1,439,661,696,-1,439,696,646,-1,653,697,439,-1,439,697,698,-1,439,698,447,-1,447,698,699,-1,447,699,700,-1,700,701,447,-1,447,701,598,-1,447,598,685,-1,685,598,690,-1,702,703,704,-1,704,703,439,-1,704,439,695,-1,695,439,678,-1,695,678,693,-1,693,678,705,-1,706,707,708,-1,709,710,711,-1,712,713,430,-1,430,713,714,-1,708,715,716,-1,712,717,718,-1,719,720,721,-1,711,710,722,-1,718,723,712,-1,712,723,724,-1,712,724,725,-1,717,712,726,-1,726,712,430,-1,726,430,727,-1,727,430,429,-1,727,429,721,-1,720,728,721,-1,721,728,729,-1,721,729,727,-1,730,731,732,-1,732,731,733,-1,732,733,734,-1,735,736,737,-1,738,739,740,-1,740,739,741,-1,740,741,742,-1,743,730,744,-1,745,746,711,-1,711,746,747,-1,711,747,748,-1,749,750,471,-1,745,711,751,-1,751,711,752,-1,751,752,753,-1,730,754,755,-1,756,757,758,-1,748,759,711,-1,711,759,760,-1,711,760,709,-1,737,736,761,-1,761,736,762,-1,761,762,742,-1,742,762,763,-1,742,763,740,-1,749,471,764,-1,750,765,471,-1,471,765,766,-1,471,766,767,-1,768,769,770,-1,770,769,771,-1,719,721,752,-1,752,721,772,-1,752,772,753,-1,743,773,730,-1,730,773,774,-1,730,774,754,-1,755,775,730,-1,730,775,776,-1,730,776,731,-1,777,778,756,-1,756,778,779,-1,756,779,757,-1,722,710,737,-1,737,710,780,-1,737,780,735,-1,781,734,782,-1,782,734,733,-1,782,733,714,-1,714,733,764,-1,714,764,430,-1,430,764,471,-1,430,471,512,-1,512,471,539,-1,767,783,471,-1,471,783,784,-1,471,784,738,-1,785,744,786,-1,786,744,787,-1,785,788,744,-1,744,788,789,-1,744,789,743,-1,781,790,734,-1,734,790,791,-1,734,791,792,-1,740,793,738,-1,738,793,794,-1,738,794,471,-1,471,794,716,-1,795,796,797,-1,758,798,756,-1,756,798,734,-1,756,734,799,-1,799,734,792,-1,708,716,706,-1,706,716,800,-1,706,800,801,-1,801,802,706,-1,706,802,803,-1,706,803,770,-1,804,805,716,-1,716,805,806,-1,716,806,800,-1,794,807,716,-1,716,807,808,-1,716,808,809,-1,810,811,809,-1,809,811,812,-1,809,812,716,-1,716,812,813,-1,716,813,814,-1,814,815,716,-1,716,815,816,-1,716,816,804,-1,494,817,818,-1,818,817,819,-1,645,439,819,-1,819,439,820,-1,819,820,818,-1,771,795,770,-1,770,795,797,-1,770,797,706,-1,706,797,821,-1,706,821,428,-1,630,506,573,-1,573,506,494,-1,573,494,430,-1,430,494,818,-1,430,818,428,-1,428,818,822,-1,428,822,706,-1,823,715,708,-1,824,825,826,-1,827,828,829,-1,828,830,831,-1,832,702,833,-1,834,835,836,-1,836,835,837,-1,836,837,693,-1,693,837,694,-1,832,833,831,-1,832,838,702,-1,702,838,839,-1,702,839,703,-1,703,839,840,-1,703,840,841,-1,841,842,703,-1,703,842,843,-1,703,843,844,-1,829,828,845,-1,846,829,847,-1,847,829,848,-1,846,849,829,-1,829,849,850,-1,829,850,827,-1,851,852,853,-1,853,854,851,-1,851,854,855,-1,851,855,856,-1,857,858,859,-1,859,824,860,-1,860,824,826,-1,860,826,856,-1,856,826,861,-1,856,861,851,-1,862,707,863,-1,863,864,862,-1,862,864,865,-1,862,865,866,-1,431,446,867,-1,868,869,860,-1,860,869,870,-1,860,870,871,-1,862,857,707,-1,707,857,859,-1,707,859,708,-1,708,859,860,-1,708,860,823,-1,823,860,871,-1,823,871,867,-1,867,871,872,-1,867,872,431,-1,436,435,873,-1,874,875,873,-1,873,875,876,-1,873,876,436,-1,877,878,868,-1,868,878,879,-1,868,879,875,-1,874,432,875,-1,875,432,431,-1,875,431,868,-1,868,431,872,-1,868,872,869,-1,449,515,880,-1,881,882,880,-1,880,882,883,-1,880,883,449,-1,884,885,877,-1,877,885,886,-1,877,886,882,-1,881,448,882,-1,882,448,436,-1,882,436,877,-1,877,436,876,-1,877,876,878,-1,516,619,887,-1,480,479,888,-1,888,479,889,-1,888,889,890,-1,890,889,891,-1,892,893,894,-1,894,893,895,-1,890,894,888,-1,888,894,895,-1,888,895,887,-1,887,895,896,-1,887,896,516,-1,897,893,898,-1,898,893,892,-1,898,892,884,-1,884,892,899,-1,884,899,890,-1,891,450,890,-1,890,450,449,-1,890,449,884,-1,884,449,883,-1,884,883,885,-1,594,593,900,-1,901,902,900,-1,900,902,903,-1,900,903,594,-1,904,905,898,-1,898,905,906,-1,898,906,902,-1,901,517,902,-1,902,517,516,-1,902,516,898,-1,898,516,896,-1,898,896,897,-1,621,691,907,-1,908,909,907,-1,907,909,910,-1,907,910,621,-1,911,912,904,-1,904,912,913,-1,904,913,909,-1,908,620,909,-1,909,620,594,-1,909,594,904,-1,904,594,903,-1,904,903,905,-1,676,675,914,-1,915,916,914,-1,914,916,917,-1,914,917,676,-1,918,919,911,-1,911,919,920,-1,911,920,916,-1,915,622,916,-1,916,622,621,-1,916,621,911,-1,911,621,910,-1,911,910,912,-1,921,922,923,-1,923,922,924,-1,705,922,693,-1,693,922,921,-1,693,921,836,-1,836,921,925,-1,836,925,918,-1,918,925,926,-1,918,926,923,-1,924,692,923,-1,923,692,676,-1,923,676,918,-1,918,676,917,-1,918,917,919,-1,856,927,860,-1,860,927,928,-1,860,928,868,-1,868,928,929,-1,868,929,877,-1,877,929,930,-1,877,930,884,-1,884,930,931,-1,884,931,898,-1,898,931,932,-1,898,932,904,-1,904,932,933,-1,904,933,911,-1,911,933,934,-1,911,934,918,-1,918,934,845,-1,918,845,836,-1,836,845,828,-1,836,828,834,-1,834,828,831,-1,834,831,935,-1,935,831,833,-1,935,833,837,-1,837,833,936,-1,837,936,694,-1,829,845,937,-1,937,845,934,-1,937,934,933,-1,933,932,937,-1,937,932,931,-1,937,931,938,-1,938,931,930,-1,938,930,929,-1,929,928,938,-1,938,928,927,-1,938,927,856,-1,939,940,941,-1,942,818,820,-1,943,944,945,-1,945,944,946,-1,947,948,949,-1,942,820,945,-1,945,820,950,-1,945,950,943,-1,951,952,953,-1,953,952,954,-1,955,956,957,-1,958,959,960,-1,960,959,961,-1,958,962,959,-1,959,962,822,-1,959,822,963,-1,964,965,966,-1,967,968,969,-1,970,971,405,-1,972,973,974,-1,975,976,977,-1,978,979,980,-1,981,982,983,-1,404,984,985,-1,986,987,988,-1,989,990,991,-1,992,993,994,-1,995,996,997,-1,998,999,1000,-1,1001,1002,1003,-1,1004,1005,1006,-1,1007,1008,1009,-1,1010,1011,1012,-1,1013,1014,942,-1,942,1014,1015,-1,942,1015,818,-1,818,1015,947,-1,818,947,822,-1,822,947,949,-1,822,949,963,-1,963,949,953,-1,963,953,1016,-1,1016,953,954,-1,1016,954,1010,-1,1017,938,1010,-1,1010,938,1018,-1,1010,1018,1011,-1,1012,1019,1010,-1,1010,1019,1020,-1,1010,1020,1016,-1,941,967,939,-1,939,967,969,-1,939,969,1017,-1,1017,969,1021,-1,1017,1021,938,-1,938,1021,1022,-1,957,972,955,-1,955,972,974,-1,955,974,1022,-1,1022,974,1023,-1,1022,1023,938,-1,938,1023,1024,-1,966,978,964,-1,964,978,980,-1,964,980,1024,-1,1024,980,1025,-1,1024,1025,938,-1,938,1025,1026,-1,405,404,970,-1,970,404,985,-1,970,985,1026,-1,1026,985,1027,-1,1026,1027,938,-1,938,1027,1028,-1,977,989,975,-1,975,989,991,-1,975,991,1028,-1,1028,991,1029,-1,1028,1029,938,-1,938,1029,1030,-1,983,995,981,-1,981,995,997,-1,981,997,1030,-1,1030,997,1031,-1,1030,1031,938,-1,938,1031,1032,-1,988,1001,986,-1,986,1001,1003,-1,986,1003,1032,-1,1032,1003,1033,-1,1032,1033,938,-1,938,1033,1034,-1,1035,1036,937,-1,994,1004,992,-1,992,1004,1006,-1,992,1006,1034,-1,1034,1006,1035,-1,1034,1035,938,-1,938,1035,937,-1,1037,1038,1039,-1,1039,1038,1040,-1,1039,1040,1041,-1,1042,1041,1043,-1,1043,1041,1040,-1,1043,1040,1044,-1,1044,1040,945,-1,1044,945,1045,-1,1045,945,946,-1,1042,1046,1041,-1,1041,1046,1047,-1,1041,1047,1048,-1,1000,1007,998,-1,998,1007,1009,-1,998,1009,1036,-1,1036,1009,1049,-1,1036,1049,937,-1,937,1049,1041,-1,937,1041,1050,-1,1050,1041,1048,-1,392,391,1051,-1,1,0,1052,-1,1052,0,978,-1,1052,978,1051,-1,1051,978,966,-1,1051,966,392,-1,0,400,978,-1,978,400,979,-1,980,979,400,-1,971,970,399,-1,399,970,894,-1,399,894,400,-1,400,894,890,-1,400,890,980,-1,890,899,980,-1,980,899,1025,-1,899,892,1025,-1,1025,892,1026,-1,892,894,1026,-1,1026,894,970,-1,399,398,971,-1,971,398,405,-1,451,1053,478,-1,478,1053,1054,-1,1053,891,1054,-1,1054,891,889,-1,891,1053,450,-1,450,1053,451,-1,1054,889,478,-1,478,889,479,-1,47,1055,401,-1,401,1055,1056,-1,401,1056,102,-1,102,1056,1057,-1,102,1057,101,-1,101,1057,1058,-1,101,1058,100,-1,100,1058,1059,-1,100,1059,98,-1,98,1059,1060,-1,98,1060,96,-1,96,1060,1061,-1,96,1061,74,-1,74,1061,1062,-1,74,1062,75,-1,75,1062,1063,-1,75,1063,95,-1,95,1063,1064,-1,95,1064,93,-1,93,1064,1065,-1,93,1065,91,-1,91,1065,1066,-1,91,1066,49,-1,49,1066,1067,-1,49,1067,50,-1,50,1067,1068,-1,50,1068,78,-1,78,1068,1069,-1,78,1069,80,-1,80,1069,1070,-1,80,1070,81,-1,81,1070,1071,-1,81,1071,83,-1,83,1071,1072,-1,83,1072,84,-1,84,1072,1073,-1,84,1073,85,-1,85,1073,1074,-1,85,1074,73,-1,73,1074,1075,-1,73,1075,71,-1,71,1075,1076,-1,71,1076,69,-1,69,1076,1077,-1,69,1077,46,-1,46,1077,1078,-1,46,1078,47,-1,47,1078,1055,-1,1068,1067,1079,-1,1079,1067,1066,-1,1079,1066,1065,-1,1071,1070,1079,-1,1079,1070,1069,-1,1079,1069,1068,-1,1074,1073,1079,-1,1079,1073,1072,-1,1079,1072,1071,-1,1077,1076,1079,-1,1079,1076,1075,-1,1079,1075,1074,-1,1056,1055,1079,-1,1079,1055,1078,-1,1079,1078,1077,-1,1059,1058,1079,-1,1079,1058,1057,-1,1079,1057,1056,-1,1062,1061,1079,-1,1079,1061,1060,-1,1079,1060,1059,-1,1065,1064,1079,-1,1079,1064,1063,-1,1079,1063,1062,-1,422,1080,92,-1,92,1080,94,-1,1080,1081,94,-1,94,1081,88,-1,425,1081,422,-1,422,1081,1080,-1,1082,423,77,-1,77,423,48,-1,1082,77,1083,-1,1083,77,79,-1,1083,79,299,-1,424,423,1083,-1,1083,423,1082,-1,1084,294,1085,-1,1085,294,72,-1,1085,72,70,-1,1,1052,2,-1,2,1052,1085,-1,2,1085,70,-1,1084,1085,1051,-1,1051,1085,1052,-1,67,1086,396,-1,396,1086,402,-1,396,402,397,-1,1087,1086,65,-1,65,1086,67,-1,403,402,1087,-1,1087,402,1086,-1,140,139,1088,-1,28,27,1089,-1,1089,27,995,-1,1089,995,1088,-1,1088,995,983,-1,1088,983,140,-1,104,103,1090,-1,34,33,1091,-1,1091,33,989,-1,1091,989,1090,-1,1090,989,977,-1,1090,977,104,-1,33,142,989,-1,989,142,990,-1,991,990,142,-1,982,981,141,-1,141,981,903,-1,141,903,142,-1,142,903,902,-1,142,902,991,-1,902,906,991,-1,991,906,1029,-1,906,905,1029,-1,1029,905,1030,-1,905,903,1030,-1,1030,903,981,-1,141,140,982,-1,982,140,983,-1,518,1092,592,-1,592,1092,1093,-1,1092,901,1093,-1,1093,901,900,-1,901,1092,517,-1,517,1092,518,-1,1093,900,592,-1,592,900,593,-1,112,1094,143,-1,143,1094,1095,-1,143,1095,123,-1,123,1095,1096,-1,123,1096,124,-1,124,1096,1097,-1,124,1097,107,-1,107,1097,1098,-1,107,1098,108,-1,108,1098,1099,-1,108,1099,117,-1,117,1099,1100,-1,117,1100,118,-1,118,1100,1101,-1,118,1101,120,-1,120,1101,1102,-1,120,1102,121,-1,121,1102,1103,-1,121,1103,125,-1,125,1103,1104,-1,125,1104,126,-1,126,1104,1105,-1,126,1105,128,-1,128,1105,1106,-1,128,1106,130,-1,130,1106,1107,-1,130,1107,132,-1,132,1107,1108,-1,132,1108,133,-1,133,1108,1109,-1,133,1109,134,-1,134,1109,1110,-1,134,1110,135,-1,135,1110,1111,-1,135,1111,136,-1,136,1111,1112,-1,136,1112,137,-1,137,1112,1113,-1,137,1113,116,-1,116,1113,1114,-1,116,1114,115,-1,115,1114,1115,-1,115,1115,113,-1,113,1115,1116,-1,113,1116,111,-1,111,1116,1117,-1,111,1117,112,-1,112,1117,1094,-1,1107,1106,1118,-1,1118,1106,1105,-1,1118,1105,1104,-1,1110,1109,1118,-1,1118,1109,1108,-1,1118,1108,1107,-1,1113,1112,1118,-1,1118,1112,1111,-1,1118,1111,1110,-1,1116,1115,1118,-1,1118,1115,1114,-1,1118,1114,1113,-1,1095,1094,1118,-1,1118,1094,1117,-1,1118,1117,1116,-1,1098,1097,1118,-1,1118,1097,1096,-1,1118,1096,1095,-1,1101,1100,1118,-1,1118,1100,1099,-1,1118,1099,1098,-1,1104,1103,1118,-1,1118,1103,1102,-1,1118,1102,1101,-1,418,1119,127,-1,127,1119,119,-1,1120,30,1119,-1,1119,30,110,-1,1119,110,119,-1,421,1120,418,-1,418,1120,1119,-1,1121,419,131,-1,131,419,129,-1,1121,131,1122,-1,1122,131,42,-1,1122,42,40,-1,420,419,1122,-1,1122,419,1121,-1,1123,59,1124,-1,1124,59,55,-1,1124,55,114,-1,34,1091,35,-1,35,1091,1124,-1,35,1124,114,-1,1123,1124,1090,-1,1090,1124,1091,-1,122,1125,138,-1,138,1125,1088,-1,138,1088,139,-1,1125,122,1126,-1,1126,122,109,-1,1126,109,166,-1,1089,1088,1126,-1,1126,1088,1125,-1,211,210,1127,-1,19,18,1128,-1,1128,18,1004,-1,1128,1004,1127,-1,1127,1004,994,-1,1127,994,211,-1,174,173,1129,-1,25,24,1130,-1,1130,24,1001,-1,1130,1001,1129,-1,1129,1001,988,-1,1129,988,174,-1,24,213,1001,-1,1001,213,1002,-1,1003,1002,213,-1,993,992,212,-1,212,992,917,-1,212,917,213,-1,213,917,916,-1,213,916,1003,-1,916,920,1003,-1,1003,920,1033,-1,920,919,1033,-1,1033,919,1034,-1,919,917,1034,-1,1034,917,992,-1,212,211,993,-1,993,211,994,-1,623,1131,674,-1,674,1131,1132,-1,1131,915,1132,-1,1132,915,914,-1,915,1131,622,-1,622,1131,623,-1,1132,914,674,-1,674,914,675,-1,183,1133,214,-1,214,1133,1134,-1,214,1134,194,-1,194,1134,1135,-1,194,1135,195,-1,195,1135,1136,-1,195,1136,178,-1,178,1136,1137,-1,178,1137,179,-1,179,1137,1138,-1,179,1138,184,-1,184,1138,1139,-1,184,1139,185,-1,185,1139,1140,-1,185,1140,187,-1,187,1140,1141,-1,187,1141,188,-1,188,1141,1142,-1,188,1142,196,-1,196,1142,1143,-1,196,1143,197,-1,197,1143,1144,-1,197,1144,199,-1,199,1144,1145,-1,199,1145,201,-1,201,1145,1146,-1,201,1146,203,-1,203,1146,1147,-1,203,1147,204,-1,204,1147,1148,-1,204,1148,205,-1,205,1148,1149,-1,205,1149,206,-1,206,1149,1150,-1,206,1150,207,-1,207,1150,1151,-1,207,1151,208,-1,208,1151,1152,-1,208,1152,192,-1,192,1152,1153,-1,192,1153,191,-1,191,1153,1154,-1,191,1154,189,-1,189,1154,1155,-1,189,1155,182,-1,182,1155,1156,-1,182,1156,183,-1,183,1156,1133,-1,1146,1145,1157,-1,1157,1145,1144,-1,1157,1144,1143,-1,1149,1148,1157,-1,1157,1148,1147,-1,1157,1147,1146,-1,1152,1151,1157,-1,1157,1151,1150,-1,1157,1150,1149,-1,1155,1154,1157,-1,1157,1154,1153,-1,1157,1153,1152,-1,1134,1133,1157,-1,1157,1133,1156,-1,1157,1156,1155,-1,1137,1136,1157,-1,1157,1136,1135,-1,1157,1135,1134,-1,1140,1139,1157,-1,1157,1139,1138,-1,1157,1138,1137,-1,1143,1142,1157,-1,1157,1142,1141,-1,1157,1141,1140,-1,414,1158,198,-1,198,1158,186,-1,1159,21,1158,-1,1158,21,181,-1,1158,181,186,-1,417,1159,414,-1,414,1159,1158,-1,1160,415,202,-1,202,415,200,-1,1160,202,1161,-1,1161,202,152,-1,1161,152,146,-1,416,415,1161,-1,1161,415,1160,-1,1162,158,1163,-1,1163,158,151,-1,1163,151,190,-1,25,1130,26,-1,26,1130,1163,-1,26,1163,190,-1,1162,1163,1129,-1,1129,1163,1130,-1,193,1164,209,-1,209,1164,1127,-1,209,1127,210,-1,1164,193,1165,-1,1165,193,180,-1,1165,180,233,-1,1128,1127,1165,-1,1165,1127,1164,-1,1166,1040,1038,-1,279,278,1167,-1,279,1167,1038,-1,1038,1167,1168,-1,1038,1168,1166,-1,245,244,1169,-1,13,12,1170,-1,1170,12,1007,-1,1170,1007,1169,-1,1169,1007,1000,-1,1169,1000,245,-1,12,281,1007,-1,1007,281,1008,-1,1009,1008,281,-1,1037,1039,280,-1,280,1039,935,-1,280,935,281,-1,281,935,837,-1,281,837,1009,-1,837,835,1009,-1,1009,835,1049,-1,835,834,1049,-1,1049,834,1041,-1,834,935,1041,-1,1041,935,1039,-1,280,279,1037,-1,1037,279,1038,-1,695,1171,704,-1,704,1171,1172,-1,1171,936,1172,-1,1172,936,833,-1,936,1171,694,-1,694,1171,695,-1,1172,833,704,-1,704,833,702,-1,255,1173,282,-1,282,1173,1174,-1,282,1174,257,-1,257,1174,1175,-1,257,1175,259,-1,259,1175,1176,-1,259,1176,260,-1,260,1176,1177,-1,260,1177,261,-1,261,1177,1178,-1,261,1178,263,-1,263,1178,1179,-1,263,1179,264,-1,264,1179,1180,-1,264,1180,265,-1,265,1180,1181,-1,265,1181,253,-1,253,1181,1182,-1,253,1182,252,-1,252,1182,1183,-1,252,1183,249,-1,249,1183,1184,-1,249,1184,17,-1,17,1184,1185,-1,17,1185,274,-1,274,1185,1186,-1,274,1186,275,-1,275,1186,1187,-1,275,1187,276,-1,276,1187,1188,-1,276,1188,270,-1,270,1188,1189,-1,270,1189,271,-1,271,1189,1190,-1,271,1190,272,-1,272,1190,1191,-1,272,1191,273,-1,273,1191,1192,-1,273,1192,269,-1,269,1192,1193,-1,269,1193,268,-1,268,1193,1194,-1,268,1194,266,-1,266,1194,1195,-1,266,1195,254,-1,254,1195,1196,-1,254,1196,255,-1,255,1196,1173,-1,1186,1185,1197,-1,1197,1185,1184,-1,1197,1184,1183,-1,1189,1188,1197,-1,1197,1188,1187,-1,1197,1187,1186,-1,1192,1191,1197,-1,1197,1191,1190,-1,1197,1190,1189,-1,1195,1194,1197,-1,1197,1194,1193,-1,1197,1193,1192,-1,1174,1173,1197,-1,1197,1173,1196,-1,1197,1196,1195,-1,1177,1176,1197,-1,1197,1176,1175,-1,1197,1175,1174,-1,1180,1179,1197,-1,1197,1179,1178,-1,1197,1178,1177,-1,1183,1182,1197,-1,1197,1182,1181,-1,1197,1181,1180,-1,1198,1199,407,-1,407,1199,251,-1,407,251,250,-1,1199,1200,251,-1,251,1200,262,-1,1201,1200,1198,-1,1198,1200,1199,-1,1202,411,15,-1,15,411,16,-1,1202,15,1203,-1,1203,15,228,-1,1203,228,217,-1,413,411,1203,-1,1203,411,1202,-1,1204,222,1205,-1,1205,222,224,-1,1205,224,267,-1,13,1170,14,-1,14,1170,1205,-1,14,1205,267,-1,1204,1205,1169,-1,1169,1205,1170,-1,256,1206,277,-1,277,1206,1167,-1,277,1167,278,-1,1207,1206,258,-1,258,1206,256,-1,1167,1206,1168,-1,1168,1206,1207,-1,1201,1198,1208,-1,1208,1198,407,-1,1209,1210,1211,-1,1211,1210,942,-1,1211,942,945,-1,1013,942,412,-1,412,942,1210,-1,412,1210,406,-1,
        ]
    }
}
Shape{
    appearance Appearance {
        material  Material 	{
            diffuseColor 0.6470588235294118 0.6196078431372549 0.5882352941176471
            specularColor 0.45098039215686275 0.43529411764705883 0.4117647058823529
            ambientIntensity 0.6242
            transparency 0.0
            shininess 0.5
        }
    }
    geometry IndexedFaceSet {
        ccw TRUE
        solid FALSE
        coord DEF co Coordinate {
            point [
                4.5 -1.1614 0.7375, 4.5 -1.1614 0.2375, 4.7362 -1.1614 0.7375, 5.0 -1.1614 0.2375, 5.0 -1.1614 0.7375
            ]
        }
        coordIndex [
            0,1,2,-1,2,1,3,-1,2,3,4,-1,
        ]
    }
}
Shape{
    appearance Appearance {
        material  Material 	{
            diffuseColor 0.24705882352941178 0.49411764705882355 0.27450980392156865
            specularColor 0.01568627450980392 0.03529411764705882 0.0196078431372549
            ambientIntensity 0.5646
            transparency 0.0
            shininess 0.5
        }
    }
    geometry IndexedFaceSet {
        ccw TRUE
        solid FALSE
        coord DEF co Coordinate {
            point [
                3.3228 -0.7677 2.295, 3.3228 -0.7677 2.5221, 3.3228 -3.5236 2.295, 3.3228 -3.5236 2.5221, 3.1066 -3.5236 2.5221, 3.6772 -3.5236 2.5221, 3.8934 -3.5236 2.5221, 3.6772 -0.7677 2.5221, 3.8934 0.4528 2.5221, 3.1066 0.4528 2.5221, 3.1066 0.4528 2.8379, 3.1066 -3.5236 2.8379, 3.8934 0.4528 2.8379, 3.8934 -3.5236 2.8379, 3.6772 -0.7677 2.295, 3.6772 -3.5236 2.295, 3.185 -0.3346 0.0, 3.185 -0.3346 2.3622, 3.815 -0.3346 0.0, 3.815 -0.3346 2.3622, 3.185 0.4528 2.3622, 3.815 0.4528 2.3622, 3.185 0.4528 0.0, 3.815 0.4528 0.0, 3.5 -0.7677 1.8307, 3.5866 -0.9252 1.8193, 3.5866 -0.7677 1.8193, 3.6673 -0.9252 1.7859, 3.6673 -0.7677 1.7859, 3.7366 -0.9252 1.7327, 3.7366 -0.7677 1.7327, 3.7898 -0.9252 1.6634, 3.7898 -0.7677 1.6634, 3.8232 -0.9252 1.5827, 3.8232 -0.7677 1.5827, 3.8346 -0.9252 1.4961, 3.8346 -0.7677 1.4961, 3.8232 -0.9252 1.4095, 3.8232 -0.7677 1.4095, 3.7898 -0.9252 1.3287, 3.7898 -0.7677 1.3287, 3.7366 -0.9252 1.2594, 3.7366 -0.7677 1.2594, 3.6673 -0.9252 1.2063, 3.6673 -0.7677 1.2063, 3.5866 -0.9252 1.1728, 3.5866 -0.7677 1.1728, 3.5 -0.9252 1.1614, 3.5 -0.7677 1.1614, 3.4134 -0.9252 1.1728, 3.4134 -0.7677 1.1728, 3.3327 -0.9252 1.2063, 3.3327 -0.7677 1.2063, 3.2634 -0.9252 1.2594, 3.2634 -0.7677 1.2594, 3.2102 -0.9252 1.3287, 3.2102 -0.7677 1.3287, 3.1768 -0.9252 1.4095, 3.1768 -0.7677 1.4095, 3.1654 -0.9252 1.4961, 3.1654 -0.7677 1.4961, 3.1768 -0.9252 1.5827, 3.1768 -0.7677 1.5827, 3.2102 -0.9252 1.6634, 3.2102 -0.7677 1.6634, 3.2634 -0.9252 1.7327, 3.2634 -0.7677 1.7327, 3.3327 -0.9252 1.7859, 3.3327 -0.7677 1.7859, 3.4134 -0.9252 1.8193, 3.4134 -0.7677 1.8193, 3.5 -0.9252 1.8307, 3.5 -0.9252 1.4961, 3.7362 -1.203 0.7375, 3.7362 -1.203 1.1637, 3.7362 -0.7677 0.7375, 3.7362 -0.7677 1.1637, 3.2638 -1.203 1.1637, 3.2638 -1.203 0.7375, 3.2638 -0.7677 1.1637, 3.2638 -0.7677 0.7375, 3.2638 -0.7677 2.295, 3.2638 -1.203 2.295, 3.2638 -0.7677 2.1764, 3.2638 -1.203 1.8597, 3.2638 -0.7677 1.8597, 3.7362 -0.7677 1.8597, 3.7362 -1.203 1.8597, 3.7362 -0.7677 2.1764, 3.7362 -1.203 2.295, 3.7362 -0.7677 2.295, 5.0 -3.3268 2.295, 5.0 -1.203 2.295, 5.0 -3.3268 0.2375, 5.0 -1.203 1.8597, 5.0 -1.1614 0.7375, 5.0 -1.1614 0.2375, 5.0 -1.203 0.7375, 5.0 -1.203 1.1637, 5.0 -0.7677 1.1637, 5.0 -0.7677 1.8597, 5.374 0.4528 2.9938, 5.374 0.4528 3.0709, 5.374 -3.5236 3.0709, 5.374 0.4528 0.0787, 5.374 0.4528 0.7874, 5.374 0.0591 0.7874, 5.374 0.4528 2.3622, 5.374 0.0591 2.3622, 5.374 -3.5236 0.0787, 1.3228 -0.7677 2.295, 1.3228 -0.7677 2.5221, 1.3228 -3.5236 2.295, 1.3228 -3.5236 2.5221, 1.1066 -3.5236 2.5221, 1.6772 -3.5236 2.5221, 1.8934 -3.5236 2.5221, 1.6772 -0.7677 2.5221, 1.8934 0.4528 2.5221, 1.1066 0.4528 2.5221, 1.1066 0.4528 2.8379, 1.1066 -3.5236 2.8379, 1.8934 0.4528 2.8379, 1.8934 -3.5236 2.8379, 1.6772 -0.7677 2.295, 1.6772 -3.5236 2.295, 1.185 -0.3346 0.0, 1.185 -0.3346 2.3622, 1.815 -0.3346 0.0, 1.815 -0.3346 2.3622, 1.185 0.4528 2.3622, 1.815 0.4528 2.3622, 1.185 0.4528 0.0, 1.815 0.4528 0.0, 1.5 -0.7677 1.8307, 1.5866 -0.9252 1.8193, 1.5866 -0.7677 1.8193, 1.6673 -0.9252 1.7859, 1.6673 -0.7677 1.7859, 1.7366 -0.9252 1.7327, 1.7366 -0.7677 1.7327, 1.7898 -0.9252 1.6634, 1.7898 -0.7677 1.6634, 1.8232 -0.9252 1.5827, 1.8232 -0.7677 1.5827, 1.8346 -0.9252 1.4961, 1.8346 -0.7677 1.4961, 1.8232 -0.9252 1.4095, 1.8232 -0.7677 1.4095, 1.7898 -0.9252 1.3287, 1.7898 -0.7677 1.3287, 1.7366 -0.9252 1.2594, 1.7366 -0.7677 1.2594, 1.6673 -0.9252 1.2063, 1.6673 -0.7677 1.2063, 1.5866 -0.9252 1.1728, 1.5866 -0.7677 1.1728, 1.5 -0.9252 1.1614, 1.5 -0.7677 1.1614, 1.4134 -0.9252 1.1728, 1.4134 -0.7677 1.1728, 1.3327 -0.9252 1.2063, 1.3327 -0.7677 1.2063, 1.2634 -0.9252 1.2594, 1.2634 -0.7677 1.2594, 1.2102 -0.9252 1.3287, 1.2102 -0.7677 1.3287, 1.1768 -0.9252 1.4095, 1.1768 -0.7677 1.4095, 1.1654 -0.9252 1.4961, 1.1654 -0.7677 1.4961, 1.1768 -0.9252 1.5827, 1.1768 -0.7677 1.5827, 1.2102 -0.9252 1.6634, 1.2102 -0.7677 1.6634, 1.2634 -0.9252 1.7327, 1.2634 -0.7677 1.7327, 1.3327 -0.9252 1.7859, 1.3327 -0.7677 1.7859, 1.4134 -0.9252 1.8193, 1.4134 -0.7677 1.8193, 1.5 -0.9252 1.8307, 1.5 -0.9252 1.4961, 1.7362 -1.203 0.7375, 1.7362 -1.203 1.1637, 1.7362 -0.7677 0.7375, 1.7362 -0.7677 1.1637, 1.2638 -1.203 1.1637, 1.2638 -1.203 0.7375, 1.2638 -0.7677 1.1637, 1.2638 -0.7677 0.7375, 1.2638 -0.7677 2.295, 1.2638 -1.203 2.295, 1.2638 -0.7677 2.1764, 1.2638 -1.203 1.8597, 1.2638 -0.7677 1.8597, 1.7362 -0.7677 1.8597, 1.7362 -1.203 1.8597, 1.7362 -0.7677 2.1764, 1.7362 -1.203 2.295, 1.7362 -0.7677 2.295, -0.6772 -0.7677 2.295, -0.6772 -0.7677 2.5221, -0.6772 -3.5236 2.295, -0.6772 -3.5236 2.5221, -0.8934 -3.5236 2.5221, -0.3228 -3.5236 2.5221, -0.1066 -3.5236 2.5221, -0.3228 -0.7677 2.5221, -0.1066 0.4528 2.5221, -0.8934 0.4528 2.5221, -0.8934 0.4528 2.8379, -0.8934 -3.5236 2.8379, -0.1066 0.4528 2.8379, -0.1066 -3.5236 2.8379, -0.3228 -0.7677 2.295, -0.3228 -3.5236 2.295, -0.815 -0.3346 0.0, -0.815 -0.3346 2.3622, -0.185 -0.3346 0.0, -0.185 -0.3346 2.3622, -0.815 0.4528 2.3622, -0.185 0.4528 2.3622, -0.815 0.4528 0.0, -0.185 0.4528 0.0, -0.5 -0.7677 1.8307, -0.4134 -0.9252 1.8193, -0.4134 -0.7677 1.8193, -0.3327 -0.9252 1.7859, -0.3327 -0.7677 1.7859, -0.2634 -0.9252 1.7327, -0.2634 -0.7677 1.7327, -0.2102 -0.9252 1.6634, -0.2102 -0.7677 1.6634, -0.1768 -0.9252 1.5827, -0.1768 -0.7677 1.5827, -0.1654 -0.9252 1.4961, -0.1654 -0.7677 1.4961, -0.1768 -0.9252 1.4095, -0.1768 -0.7677 1.4095, -0.2102 -0.9252 1.3287, -0.2102 -0.7677 1.3287, -0.2634 -0.9252 1.2594, -0.2634 -0.7677 1.2594, -0.3327 -0.9252 1.2063, -0.3327 -0.7677 1.2063, -0.4134 -0.9252 1.1728, -0.4134 -0.7677 1.1728, -0.5 -0.9252 1.1614, -0.5 -0.7677 1.1614, -0.5866 -0.9252 1.1728, -0.5866 -0.7677 1.1728, -0.6673 -0.9252 1.2063, -0.6673 -0.7677 1.2063, -0.7366 -0.9252 1.2594, -0.7366 -0.7677 1.2594, -0.7898 -0.9252 1.3287, -0.7898 -0.7677 1.3287, -0.8232 -0.9252 1.4095, -0.8232 -0.7677 1.4095, -0.8346 -0.9252 1.4961, -0.8346 -0.7677 1.4961, -0.8232 -0.9252 1.5827, -0.8232 -0.7677 1.5827, -0.7898 -0.9252 1.6634, -0.7898 -0.7677 1.6634, -0.7366 -0.9252 1.7327, -0.7366 -0.7677 1.7327, -0.6673 -0.9252 1.7859, -0.6673 -0.7677 1.7859, -0.5866 -0.9252 1.8193, -0.5866 -0.7677 1.8193, -0.5 -0.9252 1.8307, -0.5 -0.9252 1.4961, -0.2638 -1.203 0.7375, -0.2638 -1.203 1.1637, -0.2638 -0.7677 0.7375, -0.2638 -0.7677 1.1637, -0.7362 -1.203 1.1637, -0.7362 -1.203 0.7375, -0.7362 -0.7677 1.1637, -0.7362 -0.7677 0.7375, -0.7362 -0.7677 2.295, -0.7362 -1.203 2.295, -0.7362 -0.7677 2.1764, -0.7362 -1.203 1.8597, -0.7362 -0.7677 1.8597, -0.2638 -0.7677 1.8597, -0.2638 -1.203 1.8597, -0.2638 -0.7677 2.1764, -0.2638 -1.203 2.295, -0.2638 -0.7677 2.295, -5.0 -3.3268 0.7375, -5.0 -1.203 0.7375, -5.0 -3.3268 2.295, -5.0 -1.203 1.1637, -5.0 -1.203 2.295, -5.0 -1.203 1.8597, -5.0 -0.7677 1.8597, -5.0 -0.7677 1.1637, -5.374 0.4528 2.9938, -5.374 0.4528 2.3622, -5.374 0.0591 2.3622, -5.374 0.4528 0.7874, -5.374 0.4528 0.0787, -5.374 0.0591 0.7874, -5.374 -3.5236 0.0787, -5.374 -3.5236 3.0709, -5.374 0.4528 3.0709, -3.3228 -0.7677 2.295, -3.2638 -0.7677 2.295, -3.2638 -1.203 2.295, -2.7362 -0.7677 2.295, -2.6772 -0.7677 2.295, -2.7362 -1.203 2.295, -2.6772 -3.5236 2.295, -3.3228 -3.5236 2.295, -2.6772 -0.7677 2.5221, -2.6772 -3.5236 2.5221, -2.8934 -3.5236 2.5221, -2.3228 -3.5236 2.5221, -2.1066 -3.5236 2.5221, -2.3228 -0.7677 2.5221, -2.1066 0.4528 2.5221, -2.8934 0.4528 2.5221, -2.8934 0.4528 2.8379, -2.8934 -3.5236 2.8379, -2.1066 0.4528 2.8379, -2.1066 -3.5236 2.8379, -2.3228 -0.7677 2.295, -2.3228 -3.5236 2.295, -2.815 -0.3346 0.0, -2.815 -0.3346 2.3622, -2.185 -0.3346 0.0, -2.185 -0.3346 2.3622, -2.815 0.4528 2.3622, -2.185 0.4528 2.3622, -2.815 0.4528 0.0, -2.185 0.4528 0.0, -2.5 -0.7677 1.8307, -2.4134 -0.9252 1.8193, -2.4134 -0.7677 1.8193, -2.3327 -0.9252 1.7859, -2.3327 -0.7677 1.7859, -2.2634 -0.9252 1.7327, -2.2634 -0.7677 1.7327, -2.2102 -0.9252 1.6634, -2.2102 -0.7677 1.6634, -2.1768 -0.9252 1.5827, -2.1768 -0.7677 1.5827, -2.1654 -0.9252 1.4961, -2.1654 -0.7677 1.4961, -2.1768 -0.9252 1.4095, -2.1768 -0.7677 1.4095, -2.2102 -0.9252 1.3287, -2.2102 -0.7677 1.3287, -2.2634 -0.9252 1.2594, -2.2634 -0.7677 1.2594, -2.3327 -0.9252 1.2063, -2.3327 -0.7677 1.2063, -2.4134 -0.9252 1.1728, -2.4134 -0.7677 1.1728, -2.5 -0.9252 1.1614, -2.5 -0.7677 1.1614, -2.5866 -0.9252 1.1728, -2.5866 -0.7677 1.1728, -2.6673 -0.9252 1.2063, -2.6673 -0.7677 1.2063, -2.7366 -0.9252 1.2594, -2.7366 -0.7677 1.2594, -2.7898 -0.9252 1.3287, -2.7898 -0.7677 1.3287, -2.8232 -0.9252 1.4095, -2.8232 -0.7677 1.4095, -2.8346 -0.9252 1.4961, -2.8346 -0.7677 1.4961, -2.8232 -0.9252 1.5827, -2.8232 -0.7677 1.5827, -2.7898 -0.9252 1.6634, -2.7898 -0.7677 1.6634, -2.7366 -0.9252 1.7327, -2.7366 -0.7677 1.7327, -2.6673 -0.9252 1.7859, -2.6673 -0.7677 1.7859, -2.5866 -0.9252 1.8193, -2.5866 -0.7677 1.8193, -2.5 -0.9252 1.8307, -2.5 -0.9252 1.4961, -2.2638 -1.203 0.7375, -2.2638 -1.203 1.1637, -2.2638 -0.7677 0.7375, -2.2638 -0.7677 1.1637, -2.7362 -1.203 1.1637, -2.7362 -1.203 0.7375, -2.7362 -0.7677 1.1637, -2.7362 -0.7677 0.7375, -3.2638 -1.203 1.1637, -3.0 -0.7677 1.1637, -3.2638 -0.7677 1.1637, -3.2638 -1.203 0.7375, -2.7362 -0.7677 1.8597, -2.7362 -1.203 1.8597, -3.0 -0.7677 1.8597, -3.2638 -1.203 1.8597, -3.2638 -0.7677 1.8597, -2.7362 -0.7677 2.1764, -2.2638 -0.7677 1.8597, -2.2638 -1.203 1.8597, -2.2638 -0.7677 2.1764, -2.2638 -1.203 2.295, -2.2638 -0.7677 2.295, -4.3228 -0.7677 2.295, -4.2638 -0.7677 2.295, -4.2638 -1.203 2.295, -3.7362 -0.7677 2.295, -3.6772 -0.7677 2.295, -3.7362 -1.203 2.295, -3.6772 -3.5236 2.295, -4.3228 -3.5236 2.295, -4.5 -1.1614 0.7375, -4.2638 -1.1614 0.7375, -4.2638 -0.7677 0.7375, -4.7362 -1.203 0.7375, -4.7362 -0.7677 0.7375, -4.5 -3.3268 0.7375, -4.7362 -1.203 2.295, -5.1969 -3.5236 2.295, -4.6772 -3.5236 2.295, -4.6772 -0.7677 2.295, -4.7362 -0.7677 2.295, -4.6772 -0.7677 2.5221, -4.6772 -3.5236 2.5221, -4.8934 -3.5236 2.5221, -4.3228 -3.5236 2.5221, -4.1066 -3.5236 2.5221, -4.3228 -0.7677 2.5221, -4.1066 0.4528 2.5221, -4.8934 0.4528 2.5221, -4.8934 0.4528 2.8379, -4.8934 -3.5236 2.8379, -4.1066 0.4528 2.8379, -4.1066 -3.5236 2.8379, -4.815 -0.3346 0.0, -4.815 -0.3346 2.3622, -4.6112 -0.3346 0.0, -4.185 -0.3346 2.3622, -4.185 -0.3346 0.0, -4.815 0.4528 2.3622, -4.185 0.4528 2.3622, -4.815 0.4528 0.0, -4.185 0.4528 0.0, -4.5 -0.7677 1.8307, -4.4134 -0.9252 1.8193, -4.4134 -0.7677 1.8193, -4.3327 -0.9252 1.7859, -4.3327 -0.7677 1.7859, -4.2634 -0.9252 1.7327, -4.2634 -0.7677 1.7327, -4.2102 -0.9252 1.6634, -4.2102 -0.7677 1.6634, -4.1768 -0.9252 1.5827, -4.1768 -0.7677 1.5827, -4.1654 -0.9252 1.4961, -4.1654 -0.7677 1.4961, -4.1768 -0.9252 1.4095, -4.1768 -0.7677 1.4095, -4.2102 -0.9252 1.3287, -4.2102 -0.7677 1.3287, -4.2634 -0.9252 1.2594, -4.2634 -0.7677 1.2594, -4.3327 -0.9252 1.2063, -4.3327 -0.7677 1.2063, -4.4134 -0.9252 1.1728, -4.4134 -0.7677 1.1728, -4.5 -0.9252 1.1614, -4.5 -0.7677 1.1614, -4.5866 -0.9252 1.1728, -4.5866 -0.7677 1.1728, -4.6673 -0.9252 1.2063, -4.6673 -0.7677 1.2063, -4.7366 -0.9252 1.2594, -4.7366 -0.7677 1.2594, -4.7898 -0.9252 1.3287, -4.7898 -0.7677 1.3287, -4.8232 -0.9252 1.4095, -4.8232 -0.7677 1.4095, -4.8346 -0.9252 1.4961, -4.8346 -0.7677 1.4961, -4.8232 -0.9252 1.5827, -4.8232 -0.7677 1.5827, -4.7898 -0.9252 1.6634, -4.7898 -0.7677 1.6634, -4.7366 -0.9252 1.7327, -4.7366 -0.7677 1.7327, -4.6673 -0.9252 1.7859, -4.6673 -0.7677 1.7859, -4.5866 -0.9252 1.8193, -4.5866 -0.7677 1.8193, -4.5 -0.9252 1.8307, -4.5 -0.9252 1.4961, -4.2638 -1.203 0.7375, -4.2638 -1.203 1.1637, -4.2638 -0.7677 1.1637, -3.7362 -1.203 1.1637, -3.7362 -0.7677 1.1637, -4.0 -0.7677 1.1637, -3.7362 -1.203 0.7375, -4.0 -1.203 0.7375, -4.7362 -1.203 1.1637, -4.7362 -0.7677 1.1637, -4.9173 -0.7677 1.1637, -4.7362 -0.7677 1.8597, -4.7362 -1.203 1.8597, -4.9173 -0.7677 1.8597, -4.7362 -0.7677 2.1764, -4.2638 -0.7677 1.8597, -4.2638 -1.203 1.8597, -4.2638 -0.7677 2.1764, -3.7362 -0.7677 1.8597, -3.7362 -1.203 1.8597, -4.0 -0.7677 1.8597, -4.0 -1.1614 0.7375, -4.5 -3.5236 0.5407, -4.5 -3.5236 0.2375, -4.5 -1.1614 0.2375, -4.0 -1.1614 0.2375, -4.0 -3.5236 0.2375, -4.0 -3.3268 0.7375, -4.0 -3.5236 0.5407, -3.6772 -0.7677 2.5221, -3.6772 -3.5236 2.5221, -3.8934 -3.5236 2.5221, -3.3228 -3.5236 2.5221, -3.1066 -3.5236 2.5221, -3.3228 -0.7677 2.5221, -3.1066 0.4528 2.5221, -3.8934 0.4528 2.5221, -3.8934 0.4528 2.8379, -3.8934 -3.5236 2.8379, -3.1066 0.4528 2.8379, -3.1066 -3.5236 2.8379, -3.815 -0.3346 0.0, -3.815 -0.3346 2.3622, -3.185 -0.3346 0.0, -3.185 -0.3346 2.3622, -3.815 0.4528 2.3622, -3.185 0.4528 2.3622, -3.815 0.4528 0.0, -3.185 0.4528 0.0, -3.5 -0.7677 1.8307, -3.4134 -0.9252 1.8193, -3.4134 -0.7677 1.8193, -3.3327 -0.9252 1.7859, -3.3327 -0.7677 1.7859, -3.2634 -0.9252 1.7327, -3.2634 -0.7677 1.7327, -3.2102 -0.9252 1.6634, -3.2102 -0.7677 1.6634, -3.1768 -0.9252 1.5827, -3.1768 -0.7677 1.5827, -3.1654 -0.9252 1.4961, -3.1654 -0.7677 1.4961, -3.1768 -0.9252 1.4095, -3.1768 -0.7677 1.4095, -3.2102 -0.9252 1.3287, -3.2102 -0.7677 1.3287, -3.2634 -0.9252 1.2594, -3.2634 -0.7677 1.2594, -3.3327 -0.9252 1.2063, -3.3327 -0.7677 1.2063, -3.4134 -0.9252 1.1728, -3.4134 -0.7677 1.1728, -3.5 -0.9252 1.1614, -3.5 -0.7677 1.1614, -3.5866 -0.9252 1.1728, -3.5866 -0.7677 1.1728, -3.6673 -0.9252 1.2063, -3.6673 -0.7677 1.2063, -3.7366 -0.9252 1.2594, -3.7366 -0.7677 1.2594, -3.7898 -0.9252 1.3287, -3.7898 -0.7677 1.3287, -3.8232 -0.9252 1.4095, -3.8232 -0.7677 1.4095, -3.8346 -0.9252 1.4961, -3.8346 -0.7677 1.4961, -3.8232 -0.9252 1.5827, -3.8232 -0.7677 1.5827, -3.7898 -0.9252 1.6634, -3.7898 -0.7677 1.6634, -3.7366 -0.9252 1.7327, -3.7366 -0.7677 1.7327, -3.6673 -0.9252 1.7859, -3.6673 -0.7677 1.7859, -3.5866 -0.9252 1.8193, -3.5866 -0.7677 1.8193, -3.5 -0.9252 1.8307, -3.5 -0.9252 1.4961, -3.2638 -0.7677 0.7375, -3.7362 -0.7677 0.7375, -3.7362 -0.7677 2.1764, -3.2638 -0.7677 2.1764, 5.1969 -3.5236 2.295, 5.1969 -3.5236 0.2375, -5.1969 -3.5236 0.5407, 4.5 -3.3268 0.7375, 4.5 -3.5236 0.5407, -5.1378 0.0591 0.7874, -5.1378 0.4528 0.7874, -5.1378 0.4528 2.3622, -5.1378 0.0591 2.3622, 5.1378 0.0591 0.7874, 5.1378 0.0591 2.3622, 5.1378 0.4528 2.3622, 5.1378 0.4528 0.7874, 5.2953 -2.3514 0.0, 5.2953 0.4528 0.0, 5.3157 0.4528 0.0027, 5.3157 -3.5236 0.0027, 5.2953 -3.5236 0.0, 5.3346 0.4528 0.0106, 5.3346 -3.5236 0.0106, 5.351 0.4528 0.0231, 5.351 -3.5236 0.0231, 5.3635 0.4528 0.0394, 5.3635 -3.5236 0.0394, 5.3713 0.4528 0.0584, 5.3713 -3.5236 0.0584, 5.2953 0.4528 3.1496, 5.2953 -3.5236 3.1496, 5.3157 -3.5236 3.1469, 5.3157 0.4528 3.1469, 5.3346 -3.5236 3.1391, 5.3346 0.4528 3.1391, 5.351 -3.5236 3.1265, 5.351 0.4528 3.1265, 5.3635 -3.5236 3.1102, 5.3635 0.4528 3.1102, 5.3713 -3.5236 3.0912, 5.3713 0.4528 3.0912, -5.2953 -2.3514 0.0, -5.2953 -3.5236 0.0, -5.3157 -3.5236 0.0027, -5.3157 0.4528 0.0027, -5.2953 0.4528 0.0, -5.3346 -3.5236 0.0106, -5.3346 0.4528 0.0106, -5.351 -3.5236 0.0231, -5.351 0.4528 0.0231, -5.3635 -3.5236 0.0394, -5.3635 0.4528 0.0394, -5.3713 -3.5236 0.0584, -5.3713 0.4528 0.0584, -5.2953 -3.5236 3.1496, -5.2953 0.4528 3.1496, -5.3157 0.4528 3.1469, -5.3157 -3.5236 3.1469, -5.3346 0.4528 3.1391, -5.3346 -3.5236 3.1391, -5.351 0.4528 3.1265, -5.351 -3.5236 3.1265, -5.3635 0.4528 3.1102, -5.3635 -3.5236 3.1102, -5.3713 0.4528 3.0912, -5.3713 -3.5236 3.0912, -4.1599 -2.0287 0.0039, -4.1599 -2.0287 0.0, -4.1417 -2.1131 0.0039, -4.1417 -2.1131 0.0, -4.1684 -1.9856 0.0039, -4.1684 -1.9856 0.0, -4.1718 -1.9721 0.0039, -4.1718 -1.9721 0.0, -4.1725 -1.9701 0.0039, -4.1725 -1.9701 0.0, -4.1732 -1.9688 0.0039, -4.1732 -1.9688 0.0, -4.1738 -1.9679 0.0039, -4.1738 -1.9679 0.0, -4.1743 -1.9672 0.0039, -4.1743 -1.9672 0.0, -4.1748 -1.9669 0.0039, -4.1748 -1.9669 0.0, -4.1753 -1.9667 0.0039, -4.1753 -1.9667 0.0, -4.1757 -1.9666 0.0039, -4.1757 -1.9666 0.0, -4.1761 -1.9666 0.0039, -4.1761 -1.9666 0.0, -4.1765 -1.9668 0.0039, -4.1765 -1.9668 0.0, -4.1769 -1.967 0.0039, -4.1769 -1.967 0.0, -4.1773 -1.9674 0.0039, -4.1773 -1.9674 0.0, -4.1776 -1.968 0.0039, -4.1776 -1.968 0.0, -4.178 -1.9694 0.0039, -4.178 -1.9694 0.0, -4.179 -1.9765 0.0039, -4.179 -1.9765 0.0, -4.1797 -1.9834 0.0039, -4.1797 -1.9834 0.0, -4.1825 -2.0071 0.0039, -4.1825 -2.0071 0.0, -4.1833 -2.0181 0.0039, -4.1833 -2.0181 0.0, -4.183 -2.0233 0.0039, -4.183 -2.0233 0.0, -4.182 -2.0265 0.0039, -4.182 -2.0265 0.0, -4.1808 -2.0287 0.0039, -4.1808 -2.0287 0.0, -4.178 -2.0338 0.0039, -4.178 -2.0338 0.0, -4.1706 -2.0585 0.0039, -4.1706 -2.0585 0.0, -4.1644 -2.0836 0.0039, -4.1644 -2.0836 0.0, -4.1066 -2.3514 0.0, -4.1061 -2.3537 0.0039, -4.1061 -2.3537 0.0, -4.0982 -2.3537 0.0039, -4.0982 -2.3537 0.0, -4.0433 -2.1108 0.0039, -4.0433 -2.1108 0.0, -4.0977 -2.3514 0.0, -4.0365 -2.0825 0.0039, -4.0365 -2.0825 0.0, -4.0334 -2.0691 0.0039, -4.0334 -2.0691 0.0, -4.0297 -2.0559 0.0039, -4.0297 -2.0559 0.0, -4.0257 -2.0451 0.0039, -4.0257 -2.0451 0.0, -4.0221 -2.035 0.0039, -4.0221 -2.035 0.0, -4.0197 -2.0314 0.0039, -4.0197 -2.0314 0.0, -4.018 -2.0294 0.0039, -4.018 -2.0294 0.0, -4.0173 -2.0285 0.0039, -4.0173 -2.0285 0.0, -4.017 -2.0278 0.0039, -4.017 -2.0278 0.0, -4.0168 -2.0272 0.0039, -4.0168 -2.0272 0.0, -4.0169 -2.0251 0.0039, -4.0169 -2.0251 0.0, -4.0177 -2.0118 0.0039, -4.0177 -2.0118 0.0, -4.0177 -2.0117 0.0039, -4.0177 -2.0117 0.0, -4.02 -1.9862 0.0039, -4.02 -1.9862 0.0, -4.0212 -1.9766 0.0039, -4.0212 -1.9766 0.0, -4.0214 -1.9736 0.0039, -4.0214 -1.9736 0.0, -4.0217 -1.9715 0.0039, -4.0217 -1.9715 0.0, -4.022 -1.9701 0.0039, -4.022 -1.9701 0.0, -4.0222 -1.9692 0.0039, -4.0222 -1.9692 0.0, -4.0225 -1.9685 0.0039, -4.0225 -1.9685 0.0, -4.0228 -1.9681 0.0039, -4.0228 -1.9681 0.0, -4.0232 -1.9678 0.0039, -4.0232 -1.9678 0.0, -4.0236 -1.9675 0.0039, -4.0236 -1.9675 0.0, -4.024 -1.9674 0.0039, -4.024 -1.9674 0.0, -4.0244 -1.9674 0.0039, -4.0244 -1.9674 0.0, -4.025 -1.9676 0.0039, -4.025 -1.9676 0.0, -4.0256 -1.9679 0.0039, -4.0256 -1.9679 0.0, -4.026 -1.9683 0.0039, -4.026 -1.9683 0.0, -4.0265 -1.9689 0.0039, -4.0265 -1.9689 0.0, -4.027 -1.97 0.0039, -4.027 -1.97 0.0, -4.0274 -1.9715 0.0039, -4.0274 -1.9715 0.0, -4.0313 -1.9941 0.0039, -4.0313 -1.9941 0.0, -4.0647 -2.1317 0.0039, -4.0647 -2.1317 0.0, -4.1021 -2.2993 0.0039, -4.139 -2.1329 0.0039, -4.0659 -2.1403 0.0039, -4.0812 -2.1549 0.0039, -4.0953 -2.1453 0.0039, -4.1001 -2.1427 0.0039, -4.1167 -2.1375 0.0039, -4.139 -2.1329 0.0, -4.1021 -2.2993 0.0, -4.1167 -2.1375 0.0, -4.1001 -2.1427 0.0, -4.0953 -2.1453 0.0, -4.0812 -2.1549 0.0, -4.0659 -2.1403 0.0, -4.3871 -2.318 0.0039, -4.3871 -2.318 0.0, -4.377 -2.3095 0.0039, -4.377 -2.3095 0.0, -4.3896 -2.32 0.0039, -4.3896 -2.32 0.0, -4.3911 -2.322 0.0039, -4.3911 -2.322 0.0, -4.3921 -2.324 0.0039, -4.3921 -2.324 0.0, -4.3924 -2.3254 0.0039, -4.3924 -2.3254 0.0, -4.3924 -2.3267 0.0039, -4.3924 -2.3267 0.0, -4.392 -2.3282 0.0039, -4.392 -2.3282 0.0, -4.3915 -2.3291 0.0039, -4.3915 -2.3291 0.0, -4.3907 -2.3299 0.0039, -4.3907 -2.3299 0.0, -4.39 -2.3305 0.0039, -4.39 -2.3305 0.0, -4.3797 -2.3288 0.0039, -4.3797 -2.3288 0.0, -4.3679 -2.3288 0.0039, -4.3679 -2.3288 0.0, -4.3631 -2.3296 0.0039, -4.3631 -2.3296 0.0, -4.3583 -2.3305 0.0039, -4.3583 -2.3305 0.0, -4.3464 -2.3316 0.0039, -4.3464 -2.3316 0.0, -4.3249 -2.3378 0.0039, -4.3249 -2.3378 0.0, -4.3125 -2.3402 0.0039, -4.3125 -2.3402 0.0, -4.3 -2.3413 0.0039, -4.3 -2.3413 0.0, -4.2823 -2.3401 0.0039, -4.2823 -2.3401 0.0, -4.2696 -2.3371 0.0039, -4.2696 -2.3371 0.0, -4.2592 -2.3317 0.0039, -4.2592 -2.3317 0.0, -4.2499 -2.3234 0.0039, -4.2499 -2.3234 0.0, -4.2408 -2.3103 0.0039, -4.2408 -2.3103 0.0, -4.232 -2.2872 0.0039, -4.232 -2.2872 0.0, -4.2238 -2.2238 0.0039, -4.2238 -2.2238 0.0, -4.2212 -2.1453 0.0039, -4.2212 -2.1453 0.0, -4.2269 -2.0785 0.0039, -4.2269 -2.0785 0.0, -4.2377 -2.041 0.0039, -4.2377 -2.041 0.0, -4.2495 -2.02 0.0039, -4.2495 -2.02 0.0, -4.2593 -2.0082 0.0039, -4.2593 -2.0082 0.0, -4.2703 -2.0002 0.0039, -4.2703 -2.0002 0.0, -4.2809 -1.9959 0.0039, -4.2809 -1.9959 0.0, -4.322 -1.9896 0.0039, -4.322 -1.9896 0.0, -4.3469 -1.9867 0.0039, -4.3469 -1.9867 0.0, -4.3562 -1.9843 0.0039, -4.3562 -1.9843 0.0, -4.3621 -1.9807 0.0039, -4.3621 -1.9807 0.0, -4.364 -1.9796 0.0039, -4.364 -1.9796 0.0, -4.3645 -1.9794 0.0039, -4.3645 -1.9794 0.0, -4.366 -1.9795 0.0039, -4.366 -1.9795 0.0, -4.3671 -1.98 0.0039, -4.3671 -1.98 0.0, -4.3708 -1.9826 0.0039, -4.3708 -1.9826 0.0, -4.3789 -1.9902 0.0039, -4.3789 -1.9902 0.0, -4.3815 -1.993 0.0039, -4.3815 -1.993 0.0, -4.3883 -2.0003 0.0039, -4.3883 -2.0003 0.0, -4.3897 -2.0019 0.0039, -4.3897 -2.0019 0.0, -4.3907 -2.0031 0.0039, -4.3907 -2.0031 0.0, -4.3913 -2.004 0.0039, -4.3913 -2.004 0.0, -4.3917 -2.0047 0.0039, -4.3917 -2.0047 0.0, -4.3919 -2.0053 0.0039, -4.3919 -2.0053 0.0, -4.3919 -2.0059 0.0039, -4.3919 -2.0059 0.0, -4.3918 -2.0067 0.0039, -4.3918 -2.0067 0.0, -4.3913 -2.0078 0.0039, -4.3913 -2.0078 0.0, -4.391 -2.0083 0.0039, -4.391 -2.0083 0.0, -4.3908 -2.0086 0.0039, -4.3908 -2.0086 0.0, -4.3904 -2.0088 0.0039, -4.3904 -2.0088 0.0, -4.3899 -2.009 0.0039, -4.3899 -2.009 0.0, -4.3885 -2.0091 0.0039, -4.3885 -2.0091 0.0, -4.3865 -2.0089 0.0039, -4.3865 -2.0089 0.0, -4.3786 -2.0089 0.0039, -4.3786 -2.0089 0.0, -4.3696 -2.0089 0.0039, -4.3696 -2.0089 0.0, -4.3696 -2.3056 0.0039, -4.3696 -2.3056 0.0, -4.3734 -2.3074 0.0039, -4.3734 -2.3074 0.0, -4.3537 -2.3095 0.0039, -4.3537 -2.01 0.0039, -4.2812 -2.0183 0.0039, -4.2938 -2.0151 0.0039, -4.3113 -2.0128 0.0039, -4.3362 -2.01 0.0039, -4.272 -2.0224 0.0039, -4.345 -2.0096 0.0039, -4.343 -2.3141 0.0039, -4.3189 -2.3196 0.0039, -4.2943 -2.3215 0.0039, -4.2793 -2.3186 0.0039, -4.2384 -2.1117 0.0039, -4.2474 -2.0614 0.0039, -4.2586 -2.0363 0.0039, -4.2652 -2.0278 0.0039, -4.2684 -2.3143 0.0039, -4.2617 -2.3094 0.0039, -4.2549 -2.3013 0.0039, -4.2486 -2.2891 0.0039, -4.2437 -2.2721 0.0039, -4.237 -2.1951 0.0039, -4.3113 -2.0128 0.0, -4.3362 -2.01 0.0, -4.2938 -2.0151 0.0, -4.2812 -2.0183 0.0, -4.272 -2.0224 0.0, -4.2652 -2.0278 0.0, -4.2586 -2.0363 0.0, -4.2474 -2.0614 0.0, -4.2384 -2.1117 0.0, -4.237 -2.1951 0.0, -4.2437 -2.2721 0.0, -4.2486 -2.2891 0.0, -4.2549 -2.3013 0.0, -4.2617 -2.3094 0.0, -4.2684 -2.3143 0.0, -4.2793 -2.3186 0.0, -4.2943 -2.3215 0.0, -4.3189 -2.3196 0.0, -4.343 -2.3141 0.0, -4.3537 -2.3095 0.0, -4.3537 -2.01 0.0, -4.345 -2.0096 0.0, -4.5096 -2.1883 0.0039, -4.5096 -2.1883 0.0, -4.5572 -2.1821 0.0039, -4.5572 -2.1821 0.0, -4.49 -2.1923 0.0039, -4.49 -2.1923 0.0, -4.4774 -2.1968 0.0039, -4.4774 -2.1968 0.0, -4.4717 -2.2002 0.0039, -4.4717 -2.2002 0.0, -4.4666 -2.2031 0.0039, -4.4666 -2.2031 0.0, -4.4501 -2.1866 0.0039, -4.4501 -2.1866 0.0, -4.449 -2.1851 0.0039, -4.449 -2.1851 0.0, -4.4482 -2.1838 0.0039, -4.4482 -2.1838 0.0, -4.4478 -2.1827 0.0039, -4.4478 -2.1827 0.0, -4.4476 -2.1817 0.0039, -4.4476 -2.1817 0.0, -4.4477 -2.1809 0.0039, -4.4477 -2.1809 0.0, -4.448 -2.1799 0.0039, -4.448 -2.1799 0.0, -4.4487 -2.1788 0.0039, -4.4487 -2.1788 0.0, -4.4495 -2.178 0.0039, -4.4495 -2.178 0.0, -4.4505 -2.1774 0.0039, -4.4505 -2.1774 0.0, -4.4516 -2.1771 0.0039, -4.4516 -2.1771 0.0, -4.453 -2.177 0.0039, -4.453 -2.177 0.0, -4.5572 -2.1623 0.0039, -4.5572 -2.1623 0.0, -4.5572 -2.0089 0.0039, -4.5572 -2.0089 0.0, -4.4728 -2.0207 0.0039, -4.4728 -2.0207 0.0, -4.4646 -2.0228 0.0039, -4.4646 -2.0228 0.0, -4.4569 -2.0264 0.0039, -4.4569 -2.0264 0.0, -4.4519 -2.0293 0.0039, -4.4519 -2.0293 0.0, -4.436 -2.0117 0.0039, -4.436 -2.0117 0.0, -4.4343 -2.0093 0.0039, -4.4343 -2.0093 0.0, -4.4338 -2.008 0.0039, -4.4338 -2.008 0.0, -4.4336 -2.007 0.0039, -4.4336 -2.007 0.0, -4.4337 -2.0062 0.0039, -4.4337 -2.0062 0.0, -4.434 -2.0052 0.0039, -4.434 -2.0052 0.0, -4.4346 -2.0042 0.0039, -4.4346 -2.0042 0.0, -4.435 -2.0036 0.0039, -4.435 -2.0036 0.0, -4.4354 -2.0033 0.0039, -4.4354 -2.0033 0.0, -4.436 -2.003 0.0039, -4.436 -2.003 0.0, -4.4361 -2.003 0.0039, -4.4361 -2.003 0.0, -4.4376 -2.0027 0.0039, -4.4376 -2.0027 0.0, -4.4394 -2.0026 0.0039, -4.4394 -2.0026 0.0, -4.4479 -2.0021 0.0039, -4.4479 -2.0021 0.0, -4.4907 -1.9968 0.0039, -4.4907 -1.9968 0.0, -4.5334 -1.9902 0.0039, -4.5334 -1.9902 0.0, -4.5594 -1.9856 0.0039, -4.5594 -1.9856 0.0, -4.5657 -1.9833 0.0039, -4.5657 -1.9833 0.0, -4.5697 -1.9824 0.0039, -4.5697 -1.9824 0.0, -4.5726 -1.9822 0.0039, -4.5726 -1.9822 0.0, -4.5741 -1.9825 0.0039, -4.5741 -1.9825 0.0, -4.5754 -1.9831 0.0039, -4.5754 -1.9831 0.0, -4.5768 -1.9842 0.0039, -4.5768 -1.9842 0.0, -4.578 -1.9856 0.0039, -4.578 -1.9856 0.0, -4.5786 -1.9869 0.0039, -4.5786 -1.9869 0.0, -4.579 -1.9891 0.0039, -4.579 -1.9891 0.0, -4.5789 -1.9924 0.0039, -4.5789 -1.9924 0.0, -4.5787 -1.9935 0.0039, -4.5787 -1.9935 0.0, -4.5751 -2.0078 0.0039, -4.5751 -2.0078 0.0, -4.5736 -2.0225 0.0039, -4.5736 -2.0225 0.0, -4.5736 -2.0332 0.0039, -4.5736 -2.0332 0.0, -4.5733 -2.0403 0.0039, -4.5733 -2.0403 0.0, -4.573 -2.0474 0.0039, -4.573 -2.0474 0.0, -4.5736 -2.3067 0.0039, -4.5736 -2.3067 0.0, -4.58 -2.3142 0.0039, -4.58 -2.3142 0.0, -4.5838 -2.3189 0.0039, -4.5838 -2.3189 0.0, -4.5861 -2.3223 0.0039, -4.5861 -2.3223 0.0, -4.587 -2.3242 0.0039, -4.587 -2.3242 0.0, -4.5875 -2.3269 0.0039, -4.5875 -2.3269 0.0, -4.5876 -2.3286 0.0039, -4.5876 -2.3286 0.0, -4.5876 -2.3299 0.0039, -4.5876 -2.3299 0.0, -4.5875 -2.3304 0.0039, -4.5875 -2.3304 0.0, -4.5873 -2.3308 0.0039, -4.5873 -2.3308 0.0, -4.5871 -2.3311 0.0039, -4.5871 -2.3311 0.0, -4.5869 -2.3313 0.0039, -4.5869 -2.3313 0.0, -4.5866 -2.3314 0.0039, -4.5866 -2.3314 0.0, -4.5858 -2.3317 0.0039, -4.5858 -2.3317 0.0, -4.5843 -2.3318 0.0039, -4.5843 -2.3318 0.0, -4.5827 -2.3316 0.0039, -4.5827 -2.3316 0.0, -4.5719 -2.3299 0.0039, -4.5719 -2.3299 0.0, -4.5623 -2.3287 0.0039, -4.5623 -2.3287 0.0, -4.5526 -2.3288 0.0039, -4.5526 -2.3288 0.0, -4.551 -2.3288 0.0039, -4.551 -2.3288 0.0, -4.5399 -2.329 0.0039, -4.5399 -2.329 0.0, -4.5289 -2.3305 0.0039, -4.5289 -2.3305 0.0, -4.5068 -2.3345 0.0039, -4.5068 -2.3345 0.0, -4.4872 -2.3384 0.0039, -4.4872 -2.3384 0.0, -4.4718 -2.344 0.0039, -4.4718 -2.344 0.0, -4.4688 -2.3458 0.0039, -4.4688 -2.3458 0.0, -4.4637 -2.3491 0.0039, -4.4637 -2.3491 0.0, -4.4474 -2.3322 0.0039, -4.4474 -2.3322 0.0, -4.4463 -2.3303 0.0039, -4.4463 -2.3303 0.0, -4.4456 -2.329 0.0039, -4.4456 -2.329 0.0, -4.4452 -2.328 0.0039, -4.4452 -2.328 0.0, -4.4451 -2.3271 0.0039, -4.4451 -2.3271 0.0, -4.4452 -2.3263 0.0039, -4.4452 -2.3263 0.0, -4.4454 -2.3256 0.0039, -4.4454 -2.3256 0.0, -4.4459 -2.3249 0.0039, -4.4459 -2.3249 0.0, -4.4467 -2.3241 0.0039, -4.4467 -2.3241 0.0, -4.4477 -2.3235 0.0039, -4.4477 -2.3235 0.0, -4.4488 -2.3232 0.0039, -4.4488 -2.3232 0.0, -4.4501 -2.3231 0.0039, -4.4501 -2.3231 0.0, -4.4592 -2.322 0.0039, -4.4592 -2.322 0.0, -4.4725 -2.3202 0.0039, -4.4725 -2.3202 0.0, -4.4859 -2.3186 0.0039, -4.4859 -2.3186 0.0, -4.5572 -2.3067 0.0039, -4.5572 -2.3067 0.0, -4.6434 -2.3407 0.0039, -4.6434 -2.3407 0.0, -4.6519 -2.3407 0.0039, -4.6519 -2.3407 0.0, -4.6434 -2.1895 0.0039, -4.6434 -2.1895 0.0, -4.6541 -2.1895 0.0039, -4.6541 -2.1895 0.0, -4.6589 -2.2693 0.0039, -4.6589 -2.2693 0.0, -4.6659 -2.2949 0.0039, -4.6659 -2.2949 0.0, -4.673 -2.3089 0.0039, -4.673 -2.3089 0.0, -4.6799 -2.3171 0.0039, -4.6799 -2.3171 0.0, -4.6874 -2.3228 0.0039, -4.6874 -2.3228 0.0, -4.6954 -2.3264 0.0039, -4.6954 -2.3264 0.0, -4.704 -2.3283 0.0039, -4.704 -2.3283 0.0, -4.7158 -2.3275 0.0039, -4.7158 -2.3275 0.0, -4.7259 -2.3241 0.0039, -4.7259 -2.3241 0.0, -4.7355 -2.3182 0.0039, -4.7355 -2.3182 0.0, -4.7446 -2.3092 0.0039, -4.7446 -2.3092 0.0, -4.7544 -2.2939 0.0039, -4.7544 -2.2939 0.0, -4.7676 -2.2558 0.0039, -4.7676 -2.2558 0.0, -4.7727 -2.2263 0.0039, -4.7727 -2.2263 0.0, -4.7748 -2.1362 0.0039, -4.7748 -2.1362 0.0, -4.7608 -2.0553 0.0039, -4.7608 -2.0553 0.0, -4.7522 -2.0323 0.0039, -4.7522 -2.0323 0.0, -4.7393 -2.014 0.0039, -4.7393 -2.014 0.0, -4.7311 -2.0065 0.0039, -4.7311 -2.0065 0.0, -4.7239 -2.0023 0.0039, -4.7239 -2.0023 0.0, -4.7164 -2.0 0.0039, -4.7164 -2.0 0.0, -4.7085 -1.9992 0.0039, -4.7085 -1.9992 0.0, -4.6958 -2.0002 0.0039, -4.6958 -2.0002 0.0, -4.6833 -2.0049 0.0039, -4.6833 -2.0049 0.0, -4.6732 -2.012 0.0039, -4.6732 -2.012 0.0, -4.6648 -2.0216 0.0039, -4.6648 -2.0216 0.0, -4.6574 -2.0363 0.0039, -4.6574 -2.0363 0.0, -4.6493 -2.0737 0.0039, -4.6493 -2.0737 0.0, -4.6468 -2.0904 0.0039, -4.6468 -2.0904 0.0, -4.644 -2.1204 0.0039, -4.644 -2.1204 0.0, -4.6349 -2.1199 0.0039, -4.6349 -2.1199 0.0, -4.6392 -2.0522 0.0039, -4.6392 -2.0522 0.0, -4.6457 -2.0269 0.0039, -4.6457 -2.0269 0.0, -4.6554 -2.0073 0.0039, -4.6554 -2.0073 0.0, -4.6628 -1.9979 0.0039, -4.6628 -1.9979 0.0, -4.6736 -1.9891 0.0039, -4.6736 -1.9891 0.0, -4.6873 -1.9828 0.0039, -4.6873 -1.9828 0.0, -4.7006 -1.9805 0.0039, -4.7006 -1.9805 0.0, -4.7151 -1.981 0.0039, -4.7151 -1.981 0.0, -4.7301 -1.9857 0.0039, -4.7301 -1.9857 0.0, -4.7432 -1.9933 0.0039, -4.7432 -1.9933 0.0, -4.7526 -2.003 0.0039, -4.7526 -2.003 0.0, -4.7656 -2.0241 0.0039, -4.7656 -2.0241 0.0, -4.7814 -2.0715 0.0039, -4.7814 -2.0715 0.0, -4.7876 -2.1099 0.0039, -4.7876 -2.1099 0.0, -4.7878 -2.2241 0.0039, -4.7878 -2.2241 0.0, -4.7741 -2.2854 0.0039, -4.7741 -2.2854 0.0, -4.7621 -2.3124 0.0039, -4.7621 -2.3124 0.0, -4.7506 -2.3274 0.0039, -4.7506 -2.3274 0.0, -4.733 -2.341 0.0039, -4.733 -2.341 0.0, -4.7246 -2.3452 0.0039, -4.7246 -2.3452 0.0, -4.7165 -2.3468 0.0039, -4.7165 -2.3468 0.0, -4.7085 -2.3469 0.0039, -4.7085 -2.3469 0.0, -4.6919 -2.3426 0.0039, -4.6919 -2.3426 0.0, -4.6788 -2.3354 0.0039, -4.6788 -2.3354 0.0, -4.6675 -2.3251 0.0039, -4.6675 -2.3251 0.0, -4.6609 -2.3163 0.0039, -4.6609 -2.3163 0.0, -4.6559 -2.3073 0.0039, -4.6559 -2.3073 0.0, -4.9571 -2.3616 0.0, -4.9571 -2.3616 0.0039, -4.9489 -2.3514 0.0, -4.9322 -2.3305 0.0039, -4.9322 -2.3305 0.0, -4.938 -2.3181 0.0039, -4.938 -2.3181 0.0, -4.9405 -2.3021 0.0039, -4.9405 -2.3021 0.0, -4.9406 -2.2948 0.0039, -4.9406 -2.2948 0.0, -4.9406 -2.006 0.0039, -4.9406 -2.006 0.0, -4.897 -2.0097 0.0039, -4.897 -2.0097 0.0, -4.8763 -2.0129 0.0039, -4.8763 -2.0129 0.0, -4.8693 -2.0145 0.0039, -4.8693 -2.0145 0.0, -4.8652 -2.0164 0.0039, -4.8652 -2.0164 0.0, -4.86 -2.0209 0.0039, -4.86 -2.0209 0.0, -4.8582 -2.0222 0.0039, -4.8582 -2.0222 0.0, -4.8563 -2.023 0.0039, -4.8563 -2.023 0.0, -4.8431 -2.0113 0.0039, -4.8431 -2.0113 0.0, -4.8369 -2.0056 0.0039, -4.8369 -2.0056 0.0, -4.8348 -2.0033 0.0039, -4.8348 -2.0033 0.0, -4.8338 -2.0016 0.0039, -4.8338 -2.0016 0.0, -4.8333 -1.9996 0.0039, -4.8333 -1.9996 0.0, -4.8331 -1.9976 0.0039, -4.8331 -1.9976 0.0, -4.8337 -1.9963 0.0039, -4.8337 -1.9963 0.0, -4.8342 -1.9958 0.0039, -4.8342 -1.9958 0.0, -4.835 -1.9953 0.0039, -4.835 -1.9953 0.0, -4.8364 -1.9947 0.0039, -4.8364 -1.9947 0.0, -4.8385 -1.9945 0.0039, -4.8385 -1.9945 0.0, -4.8484 -1.9942 0.0039, -4.8484 -1.9942 0.0, -4.8628 -1.9922 0.0039, -4.8628 -1.9922 0.0, -4.9001 -1.9883 0.0039, -4.9001 -1.9883 0.0, -4.9124 -1.9873 0.0039, -4.9124 -1.9873 0.0, -4.9361 -1.9851 0.0039, -4.9361 -1.9851 0.0, -4.9492 -1.984 0.0039, -4.9492 -1.984 0.0, -4.9521 -1.9831 0.0039, -4.9521 -1.9831 0.0, -4.9537 -1.983 0.0039, -4.9537 -1.983 0.0, -4.9548 -1.9831 0.0039, -4.9548 -1.9831 0.0, -4.9556 -1.9835 0.0039, -4.9556 -1.9835 0.0, -4.9563 -1.984 0.0039, -4.9563 -1.984 0.0, -4.9571 -1.9848 0.0039, -4.9571 -1.9848 0.0, -4.9579 -1.9864 0.0039, -4.9579 -1.9864 0.0, -4.9583 -1.9879 0.0039, -4.9583 -1.9879 0.0, -4.9583 -1.9911 0.0039, -4.9583 -1.9911 0.0, -4.9568 -2.0049 0.0039, -4.9568 -2.0049 0.0, -4.9565 -2.0083 0.0039, -4.9565 -2.0083 0.0, -4.9554 -2.0417 0.0039, -4.9554 -2.0417 0.0, -4.9554 -2.2965 0.0039, -4.9554 -2.2965 0.0, -4.9557 -2.3242 0.0039, -4.9557 -2.3242 0.0, -4.9599 -2.3514 0.0039, -4.9599 -2.3514 0.0, -4.961 -2.3571 0.0039, -4.961 -2.3571 0.0
            ]
        }
        coordIndex [
            0,1,2,-1,2,1,3,-1,4,3,1,-1,5,6,7,-1,7,6,8,-1,7,8,1,-1,1,8,9,-1,1,9,4,-1,9,10,4,-1,4,10,11,-1,10,12,11,-1,11,12,13,-1,12,8,13,-1,13,8,6,-1,7,14,5,-1,5,14,15,-1,16,17,18,-1,18,17,19,-1,17,20,19,-1,19,20,21,-1,20,17,22,-1,22,17,16,-1,19,21,18,-1,18,21,23,-1,24,25,26,-1,26,25,27,-1,26,27,28,-1,28,27,29,-1,28,29,30,-1,30,29,31,-1,30,31,32,-1,32,31,33,-1,32,33,34,-1,34,33,35,-1,34,35,36,-1,36,35,37,-1,36,37,38,-1,38,37,39,-1,38,39,40,-1,40,39,41,-1,40,41,42,-1,42,41,43,-1,42,43,44,-1,44,43,45,-1,44,45,46,-1,46,45,47,-1,46,47,48,-1,48,47,49,-1,48,49,50,-1,50,49,51,-1,50,51,52,-1,52,51,53,-1,52,53,54,-1,54,53,55,-1,54,55,56,-1,56,55,57,-1,56,57,58,-1,58,57,59,-1,58,59,60,-1,60,59,61,-1,60,61,62,-1,62,61,63,-1,62,63,64,-1,64,63,65,-1,64,65,66,-1,66,65,67,-1,66,67,68,-1,68,67,69,-1,68,69,70,-1,70,69,71,-1,70,71,24,-1,24,71,25,-1,51,49,72,-1,72,49,47,-1,72,47,45,-1,57,55,72,-1,72,55,53,-1,72,53,51,-1,63,61,72,-1,72,61,59,-1,72,59,57,-1,69,67,72,-1,72,67,65,-1,72,65,63,-1,27,25,72,-1,72,25,71,-1,72,71,69,-1,33,31,72,-1,72,31,29,-1,72,29,27,-1,39,37,72,-1,72,37,35,-1,72,35,33,-1,45,43,72,-1,72,43,41,-1,72,41,39,-1,73,74,75,-1,75,74,76,-1,77,78,79,-1,79,78,80,-1,81,82,83,-1,83,82,84,-1,83,84,85,-1,86,87,88,-1,88,87,89,-1,88,89,90,-1,91,92,93,-1,93,92,94,-1,95,96,97,-1,97,96,93,-1,97,93,98,-1,98,93,94,-1,98,94,99,-1,99,94,100,-1,101,102,103,-1,104,105,106,-1,107,101,108,-1,108,101,103,-1,108,103,106,-1,106,103,109,-1,106,109,104,-1,110,111,112,-1,112,111,113,-1,114,113,111,-1,115,116,117,-1,117,116,118,-1,117,118,111,-1,111,118,119,-1,111,119,114,-1,119,120,114,-1,114,120,121,-1,120,122,121,-1,121,122,123,-1,122,118,123,-1,123,118,116,-1,117,124,115,-1,115,124,125,-1,126,127,128,-1,128,127,129,-1,127,130,129,-1,129,130,131,-1,130,127,132,-1,132,127,126,-1,129,131,128,-1,128,131,133,-1,134,135,136,-1,136,135,137,-1,136,137,138,-1,138,137,139,-1,138,139,140,-1,140,139,141,-1,140,141,142,-1,142,141,143,-1,142,143,144,-1,144,143,145,-1,144,145,146,-1,146,145,147,-1,146,147,148,-1,148,147,149,-1,148,149,150,-1,150,149,151,-1,150,151,152,-1,152,151,153,-1,152,153,154,-1,154,153,155,-1,154,155,156,-1,156,155,157,-1,156,157,158,-1,158,157,159,-1,158,159,160,-1,160,159,161,-1,160,161,162,-1,162,161,163,-1,162,163,164,-1,164,163,165,-1,164,165,166,-1,166,165,167,-1,166,167,168,-1,168,167,169,-1,168,169,170,-1,170,169,171,-1,170,171,172,-1,172,171,173,-1,172,173,174,-1,174,173,175,-1,174,175,176,-1,176,175,177,-1,176,177,178,-1,178,177,179,-1,178,179,180,-1,180,179,181,-1,180,181,134,-1,134,181,135,-1,161,159,182,-1,182,159,157,-1,182,157,155,-1,167,165,182,-1,182,165,163,-1,182,163,161,-1,173,171,182,-1,182,171,169,-1,182,169,167,-1,179,177,182,-1,182,177,175,-1,182,175,173,-1,137,135,182,-1,182,135,181,-1,182,181,179,-1,143,141,182,-1,182,141,139,-1,182,139,137,-1,149,147,182,-1,182,147,145,-1,182,145,143,-1,155,153,182,-1,182,153,151,-1,182,151,149,-1,183,184,185,-1,185,184,186,-1,187,188,189,-1,189,188,190,-1,191,192,193,-1,193,192,194,-1,193,194,195,-1,196,197,198,-1,198,197,199,-1,198,199,200,-1,201,202,203,-1,203,202,204,-1,205,204,202,-1,206,207,208,-1,208,207,209,-1,208,209,202,-1,202,209,210,-1,202,210,205,-1,210,211,205,-1,205,211,212,-1,211,213,212,-1,212,213,214,-1,213,209,214,-1,214,209,207,-1,208,215,206,-1,206,215,216,-1,217,218,219,-1,219,218,220,-1,218,221,220,-1,220,221,222,-1,221,218,223,-1,223,218,217,-1,220,222,219,-1,219,222,224,-1,225,226,227,-1,227,226,228,-1,227,228,229,-1,229,228,230,-1,229,230,231,-1,231,230,232,-1,231,232,233,-1,233,232,234,-1,233,234,235,-1,235,234,236,-1,235,236,237,-1,237,236,238,-1,237,238,239,-1,239,238,240,-1,239,240,241,-1,241,240,242,-1,241,242,243,-1,243,242,244,-1,243,244,245,-1,245,244,246,-1,245,246,247,-1,247,246,248,-1,247,248,249,-1,249,248,250,-1,249,250,251,-1,251,250,252,-1,251,252,253,-1,253,252,254,-1,253,254,255,-1,255,254,256,-1,255,256,257,-1,257,256,258,-1,257,258,259,-1,259,258,260,-1,259,260,261,-1,261,260,262,-1,261,262,263,-1,263,262,264,-1,263,264,265,-1,265,264,266,-1,265,266,267,-1,267,266,268,-1,267,268,269,-1,269,268,270,-1,269,270,271,-1,271,270,272,-1,271,272,225,-1,225,272,226,-1,252,250,273,-1,273,250,248,-1,273,248,246,-1,258,256,273,-1,273,256,254,-1,273,254,252,-1,264,262,273,-1,273,262,260,-1,273,260,258,-1,270,268,273,-1,273,268,266,-1,273,266,264,-1,228,226,273,-1,273,226,272,-1,273,272,270,-1,234,232,273,-1,273,232,230,-1,273,230,228,-1,240,238,273,-1,273,238,236,-1,273,236,234,-1,246,244,273,-1,273,244,242,-1,273,242,240,-1,274,275,276,-1,276,275,277,-1,278,279,280,-1,280,279,281,-1,282,283,284,-1,284,283,285,-1,284,285,286,-1,287,288,289,-1,289,288,290,-1,289,290,291,-1,292,293,294,-1,294,293,295,-1,296,294,297,-1,297,294,295,-1,297,295,298,-1,298,295,299,-1,300,301,302,-1,303,304,305,-1,305,304,306,-1,305,306,302,-1,302,306,307,-1,302,307,300,-1,300,307,308,-1,309,310,311,-1,312,313,314,-1,314,313,315,-1,314,315,311,-1,311,315,316,-1,311,316,309,-1,313,317,315,-1,315,317,318,-1,319,318,317,-1,320,321,322,-1,322,321,323,-1,322,323,317,-1,317,323,324,-1,317,324,319,-1,324,325,319,-1,319,325,326,-1,325,327,326,-1,326,327,328,-1,327,323,328,-1,328,323,321,-1,322,329,320,-1,320,329,330,-1,331,332,333,-1,333,332,334,-1,332,335,334,-1,334,335,336,-1,335,332,337,-1,337,332,331,-1,334,336,333,-1,333,336,338,-1,339,340,341,-1,341,340,342,-1,341,342,343,-1,343,342,344,-1,343,344,345,-1,345,344,346,-1,345,346,347,-1,347,346,348,-1,347,348,349,-1,349,348,350,-1,349,350,351,-1,351,350,352,-1,351,352,353,-1,353,352,354,-1,353,354,355,-1,355,354,356,-1,355,356,357,-1,357,356,358,-1,357,358,359,-1,359,358,360,-1,359,360,361,-1,361,360,362,-1,361,362,363,-1,363,362,364,-1,363,364,365,-1,365,364,366,-1,365,366,367,-1,367,366,368,-1,367,368,369,-1,369,368,370,-1,369,370,371,-1,371,370,372,-1,371,372,373,-1,373,372,374,-1,373,374,375,-1,375,374,376,-1,375,376,377,-1,377,376,378,-1,377,378,379,-1,379,378,380,-1,379,380,381,-1,381,380,382,-1,381,382,383,-1,383,382,384,-1,383,384,385,-1,385,384,386,-1,385,386,339,-1,339,386,340,-1,366,364,387,-1,387,364,362,-1,387,362,360,-1,372,370,387,-1,387,370,368,-1,387,368,366,-1,378,376,387,-1,387,376,374,-1,387,374,372,-1,384,382,387,-1,387,382,380,-1,387,380,378,-1,342,340,387,-1,387,340,386,-1,387,386,384,-1,348,346,387,-1,387,346,344,-1,387,344,342,-1,354,352,387,-1,387,352,350,-1,387,350,348,-1,360,358,387,-1,387,358,356,-1,387,356,354,-1,388,389,390,-1,390,389,391,-1,392,393,394,-1,394,393,395,-1,392,394,396,-1,396,394,397,-1,396,397,398,-1,399,393,396,-1,396,393,392,-1,400,401,402,-1,402,401,403,-1,402,403,404,-1,312,314,405,-1,405,314,401,-1,405,401,400,-1,403,401,311,-1,311,401,314,-1,406,407,408,-1,408,407,409,-1,408,409,410,-1,411,412,413,-1,414,415,416,-1,416,415,417,-1,416,417,413,-1,413,417,418,-1,413,418,411,-1,419,420,421,-1,422,293,292,-1,421,423,419,-1,419,423,422,-1,419,422,424,-1,424,422,292,-1,294,296,425,-1,426,294,427,-1,427,294,425,-1,427,425,428,-1,428,425,429,-1,428,430,427,-1,427,430,431,-1,432,431,430,-1,433,434,435,-1,435,434,436,-1,435,436,430,-1,430,436,437,-1,430,437,432,-1,437,438,432,-1,432,438,439,-1,438,440,439,-1,439,440,441,-1,440,436,441,-1,441,436,434,-1,435,411,433,-1,433,411,418,-1,442,443,444,-1,444,443,445,-1,444,445,446,-1,443,447,445,-1,445,447,448,-1,447,443,449,-1,449,443,442,-1,445,448,446,-1,446,448,450,-1,451,452,453,-1,453,452,454,-1,453,454,455,-1,455,454,456,-1,455,456,457,-1,457,456,458,-1,457,458,459,-1,459,458,460,-1,459,460,461,-1,461,460,462,-1,461,462,463,-1,463,462,464,-1,463,464,465,-1,465,464,466,-1,465,466,467,-1,467,466,468,-1,467,468,469,-1,469,468,470,-1,469,470,471,-1,471,470,472,-1,471,472,473,-1,473,472,474,-1,473,474,475,-1,475,474,476,-1,475,476,477,-1,477,476,478,-1,477,478,479,-1,479,478,480,-1,479,480,481,-1,481,480,482,-1,481,482,483,-1,483,482,484,-1,483,484,485,-1,485,484,486,-1,485,486,487,-1,487,486,488,-1,487,488,489,-1,489,488,490,-1,489,490,491,-1,491,490,492,-1,491,492,493,-1,493,492,494,-1,493,494,495,-1,495,494,496,-1,495,496,497,-1,497,496,498,-1,497,498,451,-1,451,498,452,-1,478,476,499,-1,499,476,474,-1,499,474,472,-1,484,482,499,-1,499,482,480,-1,499,480,478,-1,490,488,499,-1,499,488,486,-1,499,486,484,-1,496,494,499,-1,499,494,492,-1,499,492,490,-1,454,452,499,-1,499,452,498,-1,499,498,496,-1,460,458,499,-1,499,458,456,-1,499,456,454,-1,466,464,499,-1,499,464,462,-1,499,462,460,-1,472,470,499,-1,499,470,468,-1,499,468,466,-1,500,501,420,-1,420,501,502,-1,420,502,421,-1,503,504,501,-1,501,504,505,-1,501,505,502,-1,506,503,507,-1,507,503,501,-1,507,501,500,-1,508,422,509,-1,509,422,423,-1,299,295,510,-1,510,295,508,-1,510,508,509,-1,422,508,293,-1,293,508,295,-1,511,512,513,-1,513,512,297,-1,513,297,298,-1,429,425,514,-1,514,425,512,-1,514,512,511,-1,512,425,297,-1,297,425,296,-1,515,516,517,-1,517,516,413,-1,517,413,412,-1,518,519,520,-1,520,519,516,-1,520,516,515,-1,416,413,519,-1,519,413,516,-1,507,500,521,-1,521,500,420,-1,522,523,424,-1,424,523,524,-1,424,524,419,-1,525,524,526,-1,526,524,523,-1,419,524,420,-1,420,524,525,-1,420,525,521,-1,507,521,525,-1,507,525,527,-1,527,525,526,-1,527,526,528,-1,415,529,417,-1,417,529,530,-1,531,530,529,-1,532,533,534,-1,534,533,535,-1,534,535,529,-1,529,535,536,-1,529,536,531,-1,536,537,531,-1,531,537,538,-1,537,539,538,-1,538,539,540,-1,539,535,540,-1,540,535,533,-1,534,309,532,-1,532,309,316,-1,541,542,543,-1,543,542,544,-1,542,545,544,-1,544,545,546,-1,545,542,547,-1,547,542,541,-1,544,546,543,-1,543,546,548,-1,549,550,551,-1,551,550,552,-1,551,552,553,-1,553,552,554,-1,553,554,555,-1,555,554,556,-1,555,556,557,-1,557,556,558,-1,557,558,559,-1,559,558,560,-1,559,560,561,-1,561,560,562,-1,561,562,563,-1,563,562,564,-1,563,564,565,-1,565,564,566,-1,565,566,567,-1,567,566,568,-1,567,568,569,-1,569,568,570,-1,569,570,571,-1,571,570,572,-1,571,572,573,-1,573,572,574,-1,573,574,575,-1,575,574,576,-1,575,576,577,-1,577,576,578,-1,577,578,579,-1,579,578,580,-1,579,580,581,-1,581,580,582,-1,581,582,583,-1,583,582,584,-1,583,584,585,-1,585,584,586,-1,585,586,587,-1,587,586,588,-1,587,588,589,-1,589,588,590,-1,589,590,591,-1,591,590,592,-1,591,592,593,-1,593,592,594,-1,593,594,595,-1,595,594,596,-1,595,596,549,-1,549,596,550,-1,576,574,597,-1,597,574,572,-1,597,572,570,-1,582,580,597,-1,597,580,578,-1,597,578,576,-1,588,586,597,-1,597,586,584,-1,597,584,582,-1,594,592,597,-1,597,592,590,-1,597,590,588,-1,552,550,597,-1,597,550,596,-1,597,596,594,-1,558,556,597,-1,597,556,554,-1,597,554,552,-1,564,562,597,-1,597,562,560,-1,597,560,558,-1,570,568,597,-1,597,568,566,-1,597,566,564,-1,399,396,598,-1,598,396,398,-1,503,506,504,-1,504,506,599,-1,414,416,600,-1,600,416,519,-1,600,519,518,-1,404,403,601,-1,601,403,311,-1,601,311,310,-1,602,91,603,-1,603,91,93,-1,292,604,424,-1,424,604,522,-1,294,426,292,-1,292,426,604,-1,527,528,605,-1,605,528,606,-1,607,608,305,-1,305,608,303,-1,609,610,301,-1,301,610,302,-1,610,607,302,-1,302,607,305,-1,610,609,607,-1,607,609,608,-1,611,612,106,-1,106,612,108,-1,612,613,108,-1,108,613,107,-1,614,611,105,-1,105,611,106,-1,614,613,611,-1,611,613,612,-1,615,616,617,-1,618,619,615,-1,615,617,618,-1,618,617,620,-1,618,620,621,-1,621,620,622,-1,621,622,623,-1,623,622,624,-1,623,624,625,-1,625,624,626,-1,625,626,627,-1,627,626,104,-1,627,104,109,-1,628,629,630,-1,628,630,631,-1,631,630,632,-1,631,632,633,-1,633,632,634,-1,633,634,635,-1,635,634,636,-1,635,636,637,-1,637,636,638,-1,637,638,639,-1,639,638,103,-1,639,103,102,-1,640,641,642,-1,643,644,640,-1,640,642,643,-1,643,642,645,-1,643,645,646,-1,646,645,647,-1,646,647,648,-1,648,647,649,-1,648,649,650,-1,650,649,651,-1,650,651,652,-1,652,651,306,-1,652,306,304,-1,653,654,655,-1,653,655,656,-1,656,655,657,-1,656,657,658,-1,658,657,659,-1,658,659,660,-1,660,659,661,-1,660,661,662,-1,662,661,663,-1,662,663,664,-1,664,663,308,-1,664,308,307,-1,665,666,667,-1,667,666,668,-1,669,670,665,-1,665,670,666,-1,671,672,669,-1,669,672,670,-1,672,671,673,-1,672,673,674,-1,674,673,675,-1,674,675,676,-1,676,675,677,-1,676,677,678,-1,678,677,679,-1,678,679,680,-1,680,679,681,-1,680,681,682,-1,682,681,683,-1,682,683,684,-1,684,683,685,-1,684,685,686,-1,686,685,687,-1,686,687,688,-1,688,687,689,-1,688,689,690,-1,690,689,691,-1,690,691,692,-1,692,691,693,-1,692,693,694,-1,694,693,695,-1,694,695,696,-1,696,695,697,-1,696,697,698,-1,698,697,699,-1,698,699,700,-1,700,699,701,-1,700,701,702,-1,703,704,701,-1,701,704,702,-1,704,703,705,-1,704,705,706,-1,706,705,707,-1,706,707,708,-1,708,707,709,-1,708,709,710,-1,710,709,711,-1,710,711,712,-1,713,714,711,-1,711,714,712,-1,714,713,715,-1,714,715,716,-1,716,715,717,-1,716,717,718,-1,718,717,719,-1,719,717,720,-1,719,720,721,-1,722,723,720,-1,720,723,721,-1,724,725,722,-1,722,725,726,-1,722,726,723,-1,727,728,724,-1,724,728,725,-1,728,727,729,-1,728,729,730,-1,730,729,731,-1,730,731,732,-1,733,734,731,-1,731,734,732,-1,734,733,735,-1,734,735,736,-1,736,735,737,-1,736,737,738,-1,738,737,739,-1,738,739,740,-1,740,739,741,-1,740,741,742,-1,742,741,743,-1,742,743,744,-1,744,743,745,-1,744,745,746,-1,746,745,747,-1,746,747,748,-1,748,747,749,-1,748,749,750,-1,750,749,751,-1,750,751,752,-1,753,754,751,-1,751,754,752,-1,755,756,753,-1,753,756,754,-1,756,755,757,-1,756,757,758,-1,758,757,759,-1,758,759,760,-1,760,759,761,-1,760,761,762,-1,762,761,763,-1,762,763,764,-1,764,763,765,-1,764,765,766,-1,766,765,767,-1,766,767,768,-1,768,767,769,-1,768,769,770,-1,770,769,771,-1,770,771,772,-1,772,771,773,-1,772,773,774,-1,774,773,775,-1,774,775,776,-1,776,775,777,-1,776,777,778,-1,778,777,779,-1,778,779,780,-1,780,779,781,-1,780,781,782,-1,782,781,783,-1,782,783,784,-1,784,783,785,-1,784,785,786,-1,786,785,787,-1,786,787,788,-1,789,790,787,-1,787,790,788,-1,791,792,789,-1,789,792,790,-1,791,667,792,-1,792,667,668,-1,793,720,794,-1,794,720,717,-1,671,669,699,-1,791,795,796,-1,737,735,789,-1,789,735,733,-1,796,797,791,-1,791,797,798,-1,791,798,667,-1,667,798,799,-1,715,665,717,-1,717,665,667,-1,717,667,794,-1,794,667,799,-1,733,731,789,-1,789,731,729,-1,789,729,791,-1,791,729,727,-1,791,727,795,-1,795,727,724,-1,795,724,793,-1,793,724,722,-1,793,722,720,-1,665,703,669,-1,669,703,701,-1,669,701,699,-1,759,757,787,-1,787,757,755,-1,787,755,789,-1,789,755,753,-1,753,751,789,-1,789,751,749,-1,789,749,737,-1,737,749,747,-1,737,747,739,-1,715,713,665,-1,665,713,711,-1,665,711,709,-1,697,675,699,-1,699,675,673,-1,699,673,671,-1,709,707,665,-1,665,707,705,-1,665,705,703,-1,745,743,747,-1,747,743,741,-1,747,741,739,-1,783,765,785,-1,785,765,763,-1,785,763,787,-1,787,763,761,-1,787,761,759,-1,783,781,765,-1,765,781,779,-1,765,779,767,-1,695,679,697,-1,697,679,677,-1,697,677,675,-1,695,693,679,-1,679,693,691,-1,679,691,689,-1,683,681,685,-1,685,681,679,-1,685,679,687,-1,687,679,689,-1,775,773,777,-1,777,773,771,-1,777,771,779,-1,779,771,769,-1,779,769,767,-1,794,800,793,-1,793,800,801,-1,800,794,799,-1,800,799,802,-1,802,799,798,-1,802,798,803,-1,803,798,797,-1,803,797,804,-1,796,805,797,-1,797,805,804,-1,795,806,796,-1,796,806,805,-1,801,806,793,-1,793,806,795,-1,807,808,809,-1,809,808,810,-1,808,807,811,-1,808,811,812,-1,812,811,813,-1,812,813,814,-1,814,813,815,-1,814,815,816,-1,816,815,817,-1,816,817,818,-1,818,817,819,-1,818,819,820,-1,820,819,821,-1,820,821,822,-1,822,821,823,-1,822,823,824,-1,824,823,825,-1,824,825,826,-1,826,825,827,-1,826,827,828,-1,829,830,827,-1,827,830,828,-1,831,832,829,-1,829,832,830,-1,832,831,833,-1,832,833,834,-1,834,833,835,-1,834,835,836,-1,837,838,835,-1,835,838,836,-1,839,840,837,-1,837,840,838,-1,840,839,841,-1,840,841,842,-1,842,841,843,-1,842,843,844,-1,844,843,845,-1,844,845,846,-1,846,845,847,-1,846,847,848,-1,848,847,849,-1,848,849,850,-1,850,849,851,-1,850,851,852,-1,852,851,853,-1,852,853,854,-1,854,853,855,-1,854,855,856,-1,856,855,857,-1,856,857,858,-1,858,857,859,-1,858,859,860,-1,860,859,861,-1,860,861,862,-1,862,861,863,-1,862,863,864,-1,864,863,865,-1,864,865,866,-1,866,865,867,-1,866,867,868,-1,868,867,869,-1,868,869,870,-1,870,869,871,-1,870,871,872,-1,872,871,873,-1,872,873,874,-1,875,876,873,-1,873,876,874,-1,876,875,877,-1,876,877,878,-1,878,877,879,-1,878,879,880,-1,880,879,881,-1,880,881,882,-1,882,881,883,-1,882,883,884,-1,884,883,885,-1,884,885,886,-1,886,885,887,-1,886,887,888,-1,888,887,889,-1,888,889,890,-1,890,889,891,-1,890,891,892,-1,892,891,893,-1,892,893,894,-1,895,896,893,-1,893,896,894,-1,896,895,897,-1,896,897,898,-1,898,897,899,-1,898,899,900,-1,900,899,901,-1,900,901,902,-1,902,901,903,-1,902,903,904,-1,904,903,905,-1,904,905,906,-1,906,905,907,-1,906,907,908,-1,908,907,909,-1,908,909,910,-1,910,909,911,-1,910,911,912,-1,912,911,913,-1,912,913,914,-1,914,913,915,-1,914,915,916,-1,916,915,917,-1,916,917,918,-1,918,917,919,-1,918,919,920,-1,920,919,921,-1,920,921,922,-1,922,921,923,-1,922,923,924,-1,925,926,923,-1,923,926,924,-1,927,928,925,-1,925,928,926,-1,929,930,927,-1,927,930,928,-1,930,929,931,-1,930,931,932,-1,932,931,809,-1,932,809,810,-1,901,899,923,-1,831,829,933,-1,829,827,807,-1,807,827,825,-1,807,825,811,-1,807,809,829,-1,829,809,931,-1,829,931,933,-1,933,931,929,-1,933,929,934,-1,935,936,891,-1,891,936,937,-1,891,937,938,-1,899,897,923,-1,923,897,895,-1,923,895,925,-1,925,895,893,-1,925,893,927,-1,927,893,891,-1,891,889,935,-1,935,889,877,-1,935,877,939,-1,929,927,934,-1,934,927,891,-1,934,891,940,-1,940,891,938,-1,941,942,839,-1,839,942,841,-1,841,942,943,-1,841,943,843,-1,917,915,913,-1,839,837,941,-1,941,837,835,-1,941,835,933,-1,933,835,833,-1,933,833,831,-1,843,943,845,-1,845,943,944,-1,845,944,847,-1,923,909,907,-1,823,815,825,-1,825,815,813,-1,825,813,811,-1,823,821,815,-1,815,821,819,-1,815,819,817,-1,945,946,863,-1,909,923,911,-1,911,923,921,-1,911,921,913,-1,913,921,919,-1,913,919,917,-1,907,905,923,-1,923,905,903,-1,923,903,901,-1,885,883,887,-1,887,883,881,-1,887,881,889,-1,889,881,879,-1,889,879,877,-1,863,946,865,-1,877,875,939,-1,939,875,873,-1,939,873,871,-1,946,947,865,-1,865,947,948,-1,865,948,867,-1,867,948,939,-1,867,939,869,-1,869,939,871,-1,847,944,849,-1,849,944,949,-1,849,949,851,-1,851,949,950,-1,851,950,853,-1,853,950,951,-1,853,951,855,-1,951,952,855,-1,855,952,953,-1,855,953,857,-1,857,953,954,-1,857,954,859,-1,859,954,945,-1,859,945,861,-1,861,945,863,-1,937,955,938,-1,938,955,956,-1,955,937,936,-1,955,936,957,-1,957,936,935,-1,957,935,958,-1,958,935,939,-1,958,939,959,-1,959,939,948,-1,959,948,960,-1,960,948,947,-1,960,947,961,-1,961,947,946,-1,961,946,962,-1,962,946,945,-1,962,945,963,-1,963,945,954,-1,963,954,964,-1,964,954,953,-1,964,953,965,-1,965,953,952,-1,965,952,966,-1,966,952,951,-1,966,951,967,-1,967,951,950,-1,967,950,968,-1,968,950,949,-1,968,949,969,-1,969,949,944,-1,969,944,970,-1,970,944,943,-1,970,943,971,-1,971,943,942,-1,971,942,972,-1,972,942,941,-1,972,941,973,-1,933,974,941,-1,941,974,973,-1,934,975,933,-1,933,975,974,-1,975,934,940,-1,975,940,976,-1,976,940,938,-1,976,938,956,-1,977,978,979,-1,979,978,980,-1,978,977,981,-1,978,981,982,-1,982,981,983,-1,982,983,984,-1,984,983,985,-1,984,985,986,-1,987,988,985,-1,985,988,986,-1,989,990,987,-1,987,990,988,-1,990,989,991,-1,990,991,992,-1,992,991,993,-1,992,993,994,-1,994,993,995,-1,994,995,996,-1,996,995,997,-1,996,997,998,-1,998,997,999,-1,998,999,1000,-1,1000,999,1001,-1,1000,1001,1002,-1,1002,1001,1003,-1,1002,1003,1004,-1,1004,1003,1005,-1,1004,1005,1006,-1,1006,1005,1007,-1,1006,1007,1008,-1,1008,1007,1009,-1,1008,1009,1010,-1,1010,1009,1011,-1,1010,1011,1012,-1,1013,1014,1011,-1,1011,1014,1012,-1,1015,1016,1013,-1,1013,1016,1014,-1,1017,1018,1015,-1,1015,1018,1016,-1,1018,1017,1019,-1,1018,1019,1020,-1,1020,1019,1021,-1,1020,1021,1022,-1,1023,1024,1021,-1,1021,1024,1022,-1,1025,1026,1023,-1,1023,1026,1024,-1,1026,1025,1027,-1,1026,1027,1028,-1,1028,1027,1029,-1,1028,1029,1030,-1,1030,1029,1031,-1,1030,1031,1032,-1,1032,1031,1033,-1,1032,1033,1034,-1,1034,1033,1035,-1,1034,1035,1036,-1,1036,1035,1037,-1,1036,1037,1038,-1,1038,1037,1039,-1,1038,1039,1040,-1,1040,1039,1041,-1,1040,1041,1042,-1,1042,1041,1043,-1,1042,1043,1044,-1,1044,1043,1045,-1,1044,1045,1046,-1,1046,1045,1047,-1,1046,1047,1048,-1,1048,1047,1049,-1,1048,1049,1050,-1,1051,1052,1049,-1,1049,1052,1050,-1,1052,1051,1053,-1,1052,1053,1054,-1,1054,1053,1055,-1,1054,1055,1056,-1,1057,1058,1055,-1,1055,1058,1056,-1,1058,1057,1059,-1,1058,1059,1060,-1,1060,1059,1061,-1,1060,1061,1062,-1,1062,1061,1063,-1,1062,1063,1064,-1,1064,1063,1065,-1,1064,1065,1066,-1,1066,1065,1067,-1,1066,1067,1068,-1,1068,1067,1069,-1,1068,1069,1070,-1,1070,1069,1071,-1,1070,1071,1072,-1,1072,1071,1073,-1,1072,1073,1074,-1,1074,1073,1075,-1,1074,1075,1076,-1,1076,1075,1077,-1,1076,1077,1078,-1,1078,1077,1079,-1,1078,1079,1080,-1,1080,1079,1081,-1,1080,1081,1082,-1,1082,1081,1083,-1,1082,1083,1084,-1,1085,1086,1083,-1,1083,1086,1084,-1,1086,1085,1087,-1,1086,1087,1088,-1,1088,1087,1089,-1,1088,1089,1090,-1,1091,1092,1089,-1,1089,1092,1090,-1,1092,1091,1093,-1,1092,1093,1094,-1,1094,1093,1095,-1,1094,1095,1096,-1,1096,1095,1097,-1,1096,1097,1098,-1,1098,1097,1099,-1,1098,1099,1100,-1,1100,1099,1101,-1,1100,1101,1102,-1,1102,1101,1103,-1,1102,1103,1104,-1,1104,1103,1105,-1,1104,1105,1106,-1,1106,1105,1107,-1,1106,1107,1108,-1,1108,1107,1109,-1,1108,1109,1110,-1,1110,1109,1111,-1,1110,1111,1112,-1,1112,1111,1113,-1,1112,1113,1114,-1,1114,1113,1115,-1,1114,1115,1116,-1,1116,1115,1117,-1,1116,1117,1118,-1,1118,1117,1119,-1,1118,1119,1120,-1,1120,1119,1121,-1,1120,1121,1122,-1,1123,1124,1121,-1,1121,1124,1122,-1,1124,1123,1125,-1,1124,1125,1126,-1,1126,1125,1127,-1,1126,1127,1128,-1,1129,1130,1127,-1,1127,1130,1128,-1,1130,1129,1131,-1,1130,1131,1132,-1,1132,1131,1133,-1,1132,1133,1134,-1,1135,1136,1133,-1,1133,1136,1134,-1,1136,1135,1137,-1,1136,1137,1138,-1,1138,1137,1139,-1,1138,1139,1140,-1,1140,1139,1141,-1,1140,1141,1142,-1,1143,1144,1141,-1,1141,1144,1142,-1,1145,1146,1143,-1,1143,1146,1144,-1,1146,1145,1147,-1,1146,1147,1148,-1,1148,1147,1149,-1,1148,1149,1150,-1,1150,1149,1151,-1,1150,1151,1152,-1,1152,1151,1153,-1,1152,1153,1154,-1,1154,1153,1155,-1,1154,1155,1156,-1,1156,1155,1157,-1,1156,1157,1158,-1,1158,1157,1159,-1,1158,1159,1160,-1,1160,1159,1161,-1,1160,1161,1162,-1,1162,1161,1163,-1,1162,1163,1164,-1,1164,1163,1165,-1,1164,1165,1166,-1,1166,1165,1167,-1,1166,1167,1168,-1,1169,1170,1167,-1,1167,1170,1168,-1,1170,1169,1171,-1,1170,1171,1172,-1,1172,1171,1173,-1,1172,1173,1174,-1,1175,1176,1173,-1,1173,1176,1174,-1,1175,979,1176,-1,1176,979,980,-1,1061,1059,1015,-1,1021,1019,1051,-1,1051,1019,1017,-1,985,983,1011,-1,1059,1057,1015,-1,1015,1057,1055,-1,1015,1055,1017,-1,1017,1055,1053,-1,1017,1053,1051,-1,1089,1087,1015,-1,1087,1085,1015,-1,1015,1085,1083,-1,1015,1083,1081,-1,1081,1079,1015,-1,1015,1079,1077,-1,1015,1077,1075,-1,979,1013,977,-1,977,1013,1011,-1,977,1011,981,-1,981,1011,983,-1,1021,1051,1023,-1,1023,1051,1049,-1,1023,1049,1025,-1,1025,1049,1047,-1,1025,1047,1045,-1,1015,1069,1067,-1,1095,1093,1175,-1,1175,1093,1091,-1,1175,1091,979,-1,979,1091,1089,-1,979,1089,1013,-1,1013,1089,1015,-1,1075,1073,1015,-1,1015,1073,1071,-1,1015,1071,1069,-1,995,993,1009,-1,1009,993,1011,-1,987,985,989,-1,989,985,1011,-1,989,1011,991,-1,991,1011,993,-1,1107,1105,1175,-1,1175,1105,1103,-1,1175,1103,1101,-1,1045,1043,1025,-1,1025,1043,1041,-1,1025,1041,1039,-1,1067,1065,1015,-1,1015,1065,1063,-1,1015,1063,1061,-1,1153,1151,1165,-1,1165,1151,1149,-1,1165,1149,1167,-1,1167,1149,1147,-1,1167,1147,1145,-1,1131,1129,1175,-1,1175,1129,1127,-1,1175,1127,1125,-1,1125,1123,1175,-1,1175,1123,1121,-1,1175,1121,1119,-1,1029,1035,1031,-1,1031,1035,1033,-1,1039,1037,1025,-1,1025,1037,1035,-1,1025,1035,1027,-1,1027,1035,1029,-1,1113,1111,1175,-1,1175,1111,1109,-1,1175,1109,1107,-1,1101,1099,1175,-1,1175,1099,1097,-1,1175,1097,1095,-1,1145,1143,1167,-1,1167,1143,1141,-1,1167,1141,1169,-1,1169,1141,1139,-1,1169,1139,1171,-1,1171,1139,1137,-1,1171,1137,1173,-1,1173,1137,1135,-1,1173,1135,1175,-1,1175,1135,1133,-1,1175,1133,1131,-1,1119,1117,1175,-1,1175,1117,1115,-1,1175,1115,1113,-1,1001,999,1009,-1,1009,999,997,-1,1009,997,995,-1,1159,1165,1161,-1,1161,1165,1163,-1,1159,1157,1165,-1,1165,1157,1155,-1,1165,1155,1153,-1,1007,1005,1009,-1,1009,1005,1003,-1,1009,1003,1001,-1,1177,1178,1179,-1,1179,1178,1180,-1,1181,1182,1177,-1,1177,1182,1178,-1,1183,1184,1181,-1,1181,1184,1182,-1,1184,1183,1185,-1,1184,1185,1186,-1,1186,1185,1187,-1,1186,1187,1188,-1,1188,1187,1189,-1,1188,1189,1190,-1,1190,1189,1191,-1,1190,1191,1192,-1,1192,1191,1193,-1,1192,1193,1194,-1,1194,1193,1195,-1,1194,1195,1196,-1,1196,1195,1197,-1,1196,1197,1198,-1,1198,1197,1199,-1,1198,1199,1200,-1,1200,1199,1201,-1,1200,1201,1202,-1,1202,1201,1203,-1,1202,1203,1204,-1,1204,1203,1205,-1,1204,1205,1206,-1,1206,1205,1207,-1,1206,1207,1208,-1,1208,1207,1209,-1,1208,1209,1210,-1,1210,1209,1211,-1,1210,1211,1212,-1,1212,1211,1213,-1,1212,1213,1214,-1,1214,1213,1215,-1,1214,1215,1216,-1,1216,1215,1217,-1,1216,1217,1218,-1,1218,1217,1219,-1,1218,1219,1220,-1,1220,1219,1221,-1,1220,1221,1222,-1,1222,1221,1223,-1,1222,1223,1224,-1,1224,1223,1225,-1,1224,1225,1226,-1,1226,1225,1227,-1,1226,1227,1228,-1,1228,1227,1229,-1,1228,1229,1230,-1,1230,1229,1231,-1,1230,1231,1232,-1,1232,1231,1233,-1,1232,1233,1234,-1,1234,1233,1235,-1,1234,1235,1236,-1,1236,1235,1237,-1,1236,1237,1238,-1,1238,1237,1239,-1,1238,1239,1240,-1,1240,1239,1241,-1,1240,1241,1242,-1,1243,1244,1241,-1,1241,1244,1242,-1,1245,1246,1243,-1,1243,1246,1244,-1,1246,1245,1247,-1,1246,1247,1248,-1,1248,1247,1249,-1,1248,1249,1250,-1,1250,1249,1251,-1,1250,1251,1252,-1,1252,1251,1253,-1,1252,1253,1254,-1,1254,1253,1255,-1,1254,1255,1256,-1,1256,1255,1257,-1,1256,1257,1258,-1,1258,1257,1259,-1,1258,1259,1260,-1,1260,1259,1261,-1,1260,1261,1262,-1,1262,1261,1263,-1,1262,1263,1264,-1,1264,1263,1265,-1,1264,1265,1266,-1,1266,1265,1267,-1,1266,1267,1268,-1,1268,1267,1269,-1,1268,1269,1270,-1,1270,1269,1271,-1,1270,1271,1272,-1,1272,1271,1273,-1,1272,1273,1274,-1,1274,1273,1275,-1,1274,1275,1276,-1,1276,1275,1277,-1,1276,1277,1278,-1,1278,1277,1279,-1,1278,1279,1280,-1,1280,1279,1281,-1,1280,1281,1282,-1,1282,1281,1283,-1,1282,1283,1284,-1,1284,1283,1285,-1,1284,1285,1286,-1,1286,1285,1287,-1,1286,1287,1288,-1,1288,1287,1289,-1,1288,1289,1290,-1,1290,1289,1291,-1,1290,1291,1292,-1,1292,1291,1293,-1,1292,1293,1294,-1,1294,1293,1295,-1,1294,1295,1296,-1,1296,1295,1297,-1,1296,1297,1298,-1,1299,1300,1297,-1,1297,1300,1298,-1,1299,1179,1300,-1,1300,1179,1180,-1,1181,1177,1299,-1,1299,1177,1179,-1,1297,1193,1299,-1,1299,1193,1191,-1,1299,1191,1189,-1,1183,1181,1185,-1,1185,1181,1299,-1,1185,1299,1187,-1,1187,1299,1189,-1,1297,1295,1193,-1,1193,1295,1293,-1,1193,1293,1195,-1,1195,1293,1291,-1,1195,1291,1197,-1,1197,1291,1289,-1,1197,1289,1199,-1,1289,1287,1199,-1,1199,1287,1285,-1,1199,1285,1201,-1,1201,1285,1283,-1,1201,1283,1203,-1,1203,1283,1281,-1,1203,1281,1205,-1,1205,1281,1279,-1,1205,1279,1207,-1,1207,1279,1209,-1,1209,1279,1277,-1,1209,1277,1211,-1,1211,1277,1275,-1,1211,1275,1213,-1,1213,1275,1273,-1,1213,1273,1215,-1,1215,1273,1271,-1,1215,1271,1217,-1,1217,1271,1269,-1,1217,1269,1219,-1,1219,1269,1267,-1,1219,1267,1221,-1,1221,1267,1265,-1,1221,1265,1223,-1,1223,1265,1263,-1,1223,1263,1225,-1,1225,1263,1261,-1,1225,1261,1227,-1,1227,1261,1259,-1,1227,1259,1229,-1,1229,1259,1257,-1,1229,1257,1231,-1,1231,1257,1255,-1,1231,1255,1233,-1,1233,1255,1253,-1,1233,1253,1235,-1,1235,1253,1251,-1,1235,1251,1237,-1,1237,1251,1249,-1,1237,1249,1239,-1,1239,1249,1247,-1,1239,1247,1241,-1,1241,1247,1245,-1,1241,1245,1243,-1,1301,1302,1303,-1,1303,1302,1304,-1,1303,1304,1305,-1,1305,1304,1306,-1,1305,1306,1307,-1,1307,1306,1308,-1,1307,1308,1309,-1,1309,1308,1310,-1,1309,1310,1311,-1,1312,1313,1310,-1,1310,1313,1311,-1,1313,1312,1314,-1,1313,1314,1315,-1,1315,1314,1316,-1,1315,1316,1317,-1,1317,1316,1318,-1,1317,1318,1319,-1,1319,1318,1320,-1,1319,1320,1321,-1,1321,1320,1322,-1,1321,1322,1323,-1,1323,1322,1324,-1,1323,1324,1325,-1,1325,1324,1326,-1,1325,1326,1327,-1,1327,1326,1328,-1,1327,1328,1329,-1,1329,1328,1330,-1,1329,1330,1331,-1,1331,1330,1332,-1,1331,1332,1333,-1,1333,1332,1334,-1,1333,1334,1335,-1,1335,1334,1336,-1,1335,1336,1337,-1,1337,1336,1338,-1,1337,1338,1339,-1,1339,1338,1340,-1,1339,1340,1341,-1,1341,1340,1342,-1,1341,1342,1343,-1,1343,1342,1344,-1,1343,1344,1345,-1,1345,1344,1346,-1,1345,1346,1347,-1,1347,1346,1348,-1,1347,1348,1349,-1,1349,1348,1350,-1,1349,1350,1351,-1,1351,1350,1352,-1,1351,1352,1353,-1,1353,1352,1354,-1,1353,1354,1355,-1,1355,1354,1356,-1,1355,1356,1357,-1,1358,1359,1356,-1,1356,1359,1357,-1,1360,1361,1358,-1,1358,1361,1359,-1,1361,1360,1362,-1,1361,1362,1363,-1,1363,1362,1364,-1,1363,1364,1365,-1,1365,1364,1366,-1,1365,1366,1367,-1,1367,1366,1368,-1,1367,1368,1369,-1,1369,1368,1370,-1,1369,1370,1371,-1,1371,1370,1372,-1,1371,1372,1373,-1,1373,1372,1374,-1,1373,1374,1375,-1,1375,1374,1376,-1,1375,1376,1377,-1,1377,1376,1378,-1,1377,1378,1379,-1,1379,1378,1380,-1,1379,1380,1381,-1,1381,1380,1382,-1,1381,1382,1383,-1,1384,1385,1382,-1,1382,1385,1383,-1,1386,1387,1384,-1,1384,1387,1385,-1,1387,1386,1388,-1,1387,1388,1389,-1,1389,1388,1390,-1,1389,1390,1391,-1,1392,1393,1390,-1,1390,1393,1391,-1,1392,1302,1393,-1,1393,1302,1301,-1,1324,1322,1350,-1,1350,1322,1320,-1,1350,1320,1352,-1,1326,1324,1328,-1,1328,1324,1350,-1,1328,1350,1330,-1,1330,1350,1348,-1,1330,1348,1332,-1,1386,1384,1312,-1,1312,1384,1382,-1,1312,1382,1380,-1,1320,1318,1352,-1,1352,1318,1316,-1,1352,1316,1354,-1,1354,1316,1314,-1,1302,1392,1304,-1,1304,1392,1390,-1,1304,1390,1306,-1,1306,1390,1388,-1,1306,1388,1308,-1,1308,1388,1386,-1,1308,1386,1310,-1,1310,1386,1312,-1,1380,1378,1312,-1,1312,1378,1376,-1,1312,1376,1374,-1,1336,1346,1344,-1,1346,1336,1348,-1,1348,1336,1334,-1,1348,1334,1332,-1,1374,1372,1312,-1,1312,1372,1370,-1,1312,1370,1368,-1,1368,1366,1312,-1,1312,1366,1364,-1,1312,1364,1362,-1,1362,1360,1312,-1,1312,1360,1358,-1,1312,1358,1314,-1,1314,1358,1356,-1,1314,1356,1354,-1,1344,1342,1336,-1,1336,1342,1340,-1,1336,1340,1338,-1,805,806,801,-1,801,800,802,-1,802,803,801,-1,801,803,804,-1,801,804,805,-1,974,975,973,-1,973,975,976,-1,976,956,973,-1,973,956,955,-1,973,955,957,-1,971,972,964,-1,964,972,973,-1,964,973,963,-1,971,964,970,-1,970,964,965,-1,970,965,966,-1,957,958,973,-1,973,958,959,-1,973,959,960,-1,966,967,970,-1,970,967,968,-1,970,968,969,-1,960,961,973,-1,973,961,962,-1,973,962,963,-1,
        ]
    }
}
Shape{
    appearance Appearance {
        material  Material 	{
            diffuseColor 0.6470588235294118 0.6196078431372549 0.5882352941176471
            specularColor 0.45098039215686275 0.43529411764705883 0.4117647058823529
            ambientIntensity 0.6242
            transparency 0.0
            shininess 0.5
        }
    }
    geometry IndexedFaceSet {
        ccw TRUE
        solid FALSE
        coord DEF co Coordinate {
            point [
                -3.3425 -0.1772 -0.9842, -3.3425 -0.1772 0.9449, -3.6575 -0.1772 -0.9842, -3.6575 -0.1772 0.9449, -3.5787 -0.0984 -1.378, -3.5787 0.0591 -1.378, -3.4213 -0.0984 -1.378, -3.4213 0.0591 -1.378, -3.6575 0.1378 -0.9842, -3.6575 0.1378 0.9449, -3.3425 0.1378 -0.9842, -3.3425 0.1378 0.9449, -3.6575 0.1291 1.0557, -3.3425 0.1291 1.0557, -3.6575 0.1031 1.1639, -3.3425 0.1031 1.1639, -3.6575 0.0606 1.2666, -3.3425 0.0606 1.2666, -3.6575 0.0025 1.3614, -3.3425 0.0025 1.3614, -3.6575 -0.0698 1.446, -3.3425 -0.0698 1.446, -3.6575 -0.1543 1.5182, -3.3425 -0.1543 1.5182, -3.6575 -0.2491 1.5763, -3.3425 -0.2491 1.5763, -3.6575 -0.3519 1.6189, -3.3425 -0.3519 1.6189, -3.6575 -0.46 1.6448, -3.3425 -0.46 1.6448, -3.6575 -0.5709 1.6535, -3.3425 -0.5709 1.6535, -3.3425 -2.5394 1.6535, -3.6575 -2.5394 1.6535, -3.5787 -2.9331 1.5748, -3.5787 -2.9331 1.4173, -3.4213 -2.9331 1.5748, -3.4213 -2.9331 1.4173, -3.6575 -2.5394 1.3386, -3.6575 -0.5709 1.3386, -3.3425 -2.5394 1.3386, -3.3425 -0.5709 1.3386, -3.3425 -0.4833 1.3287, -3.6575 -0.4833 1.3287, -3.3425 -0.4 1.2996, -3.6575 -0.4 1.2996, -3.3425 -0.3254 1.2527, -3.6575 -0.3254 1.2527, -3.3425 -0.2631 1.1904, -3.6575 -0.2631 1.1904, -3.3425 -0.2162 1.1157, -3.6575 -0.2162 1.1157, -3.3425 -0.187 1.0325, -3.6575 -0.187 1.0325, -2.3425 -0.1772 -0.9842, -2.3425 -0.1772 0.9449, -2.6575 -0.1772 -0.9842, -2.6575 -0.1772 0.9449, -2.5787 -0.0984 -1.378, -2.5787 0.0591 -1.378, -2.4213 -0.0984 -1.378, -2.4213 0.0591 -1.378, -2.6575 0.1378 -0.9842, -2.6575 0.1378 0.9449, -2.3425 0.1378 -0.9842, -2.3425 0.1378 0.9449, -2.6575 0.1291 1.0557, -2.3425 0.1291 1.0557, -2.6575 0.1031 1.1639, -2.3425 0.1031 1.1639, -2.6575 0.0606 1.2666, -2.3425 0.0606 1.2666, -2.6575 0.0025 1.3614, -2.3425 0.0025 1.3614, -2.6575 -0.0698 1.446, -2.3425 -0.0698 1.446, -2.6575 -0.1543 1.5182, -2.3425 -0.1543 1.5182, -2.6575 -0.2491 1.5763, -2.3425 -0.2491 1.5763, -2.6575 -0.3519 1.6189, -2.3425 -0.3519 1.6189, -2.6575 -0.46 1.6448, -2.3425 -0.46 1.6448, -2.6575 -0.5709 1.6535, -2.3425 -0.5709 1.6535, -2.3425 -2.5394 1.6535, -2.6575 -2.5394 1.6535, -2.5787 -2.9331 1.5748, -2.5787 -2.9331 1.4173, -2.4213 -2.9331 1.5748, -2.4213 -2.9331 1.4173, -2.6575 -2.5394 1.3386, -2.6575 -0.5709 1.3386, -2.3425 -2.5394 1.3386, -2.3425 -0.5709 1.3386, -2.3425 -0.4833 1.3287, -2.6575 -0.4833 1.3287, -2.3425 -0.4 1.2996, -2.6575 -0.4 1.2996, -2.3425 -0.3254 1.2527, -2.6575 -0.3254 1.2527, -2.3425 -0.2631 1.1904, -2.6575 -0.2631 1.1904, -2.3425 -0.2162 1.1157, -2.6575 -0.2162 1.1157, -2.3425 -0.187 1.0325, -2.6575 -0.187 1.0325, -1.3425 -0.1772 -0.9842, -1.3425 -0.1772 0.9449, -1.6575 -0.1772 -0.9842, -1.6575 -0.1772 0.9449, -1.5787 -0.0984 -1.378, -1.5787 0.0591 -1.378, -1.4213 -0.0984 -1.378, -1.4213 0.0591 -1.378, -1.6575 0.1378 -0.9842, -1.6575 0.1378 0.9449, -1.3425 0.1378 -0.9842, -1.3425 0.1378 0.9449, -1.6575 0.1291 1.0557, -1.3425 0.1291 1.0557, -1.6575 0.1031 1.1639, -1.3425 0.1031 1.1639, -1.6575 0.0606 1.2666, -1.3425 0.0606 1.2666, -1.6575 0.0025 1.3614, -1.3425 0.0025 1.3614, -1.6575 -0.0698 1.446, -1.3425 -0.0698 1.446, -1.6575 -0.1543 1.5182, -1.3425 -0.1543 1.5182, -1.6575 -0.2491 1.5763, -1.3425 -0.2491 1.5763, -1.6575 -0.3519 1.6189, -1.3425 -0.3519 1.6189, -1.6575 -0.46 1.6448, -1.3425 -0.46 1.6448, -1.6575 -0.5709 1.6535, -1.3425 -0.5709 1.6535, -1.3425 -2.5394 1.6535, -1.6575 -2.5394 1.6535, -1.5787 -2.9331 1.5748, -1.5787 -2.9331 1.4173, -1.4213 -2.9331 1.5748, -1.4213 -2.9331 1.4173, -1.6575 -2.5394 1.3386, -1.6575 -0.5709 1.3386, -1.3425 -2.5394 1.3386, -1.3425 -0.5709 1.3386, -1.3425 -0.4833 1.3287, -1.6575 -0.4833 1.3287, -1.3425 -0.4 1.2996, -1.6575 -0.4 1.2996, -1.3425 -0.3254 1.2527, -1.6575 -0.3254 1.2527, -1.3425 -0.2631 1.1904, -1.6575 -0.2631 1.1904, -1.3425 -0.2162 1.1157, -1.6575 -0.2162 1.1157, -1.3425 -0.187 1.0325, -1.6575 -0.187 1.0325, -0.3425 -0.1772 -0.9842, -0.3425 -0.1772 0.9449, -0.6575 -0.1772 -0.9842, -0.6575 -0.1772 0.9449, -0.5787 -0.0984 -1.378, -0.5787 0.0591 -1.378, -0.4213 -0.0984 -1.378, -0.4213 0.0591 -1.378, -0.6575 0.1378 -0.9842, -0.6575 0.1378 0.9449, -0.3425 0.1378 -0.9842, -0.3425 0.1378 0.9449, -0.6575 0.1291 1.0557, -0.3425 0.1291 1.0557, -0.6575 0.1031 1.1639, -0.3425 0.1031 1.1639, -0.6575 0.0606 1.2666, -0.3425 0.0606 1.2666, -0.6575 0.0025 1.3614, -0.3425 0.0025 1.3614, -0.6575 -0.0698 1.446, -0.3425 -0.0698 1.446, -0.6575 -0.1543 1.5182, -0.3425 -0.1543 1.5182, -0.6575 -0.2491 1.5763, -0.3425 -0.2491 1.5763, -0.6575 -0.3519 1.6189, -0.3425 -0.3519 1.6189, -0.6575 -0.46 1.6448, -0.3425 -0.46 1.6448, -0.6575 -0.5709 1.6535, -0.3425 -0.5709 1.6535, -0.3425 -2.5394 1.6535, -0.6575 -2.5394 1.6535, -0.5787 -2.9331 1.5748, -0.5787 -2.9331 1.4173, -0.4213 -2.9331 1.5748, -0.4213 -2.9331 1.4173, -0.6575 -2.5394 1.3386, -0.6575 -0.5709 1.3386, -0.3425 -2.5394 1.3386, -0.3425 -0.5709 1.3386, -0.3425 -0.4833 1.3287, -0.6575 -0.4833 1.3287, -0.3425 -0.4 1.2996, -0.6575 -0.4 1.2996, -0.3425 -0.3254 1.2527, -0.6575 -0.3254 1.2527, -0.3425 -0.2631 1.1904, -0.6575 -0.2631 1.1904, -0.3425 -0.2162 1.1157, -0.6575 -0.2162 1.1157, -0.3425 -0.187 1.0325, -0.6575 -0.187 1.0325, 0.6575 -0.1772 -0.9842, 0.6575 -0.1772 0.9449, 0.3425 -0.1772 -0.9842, 0.3425 -0.1772 0.9449, 0.4213 -0.0984 -1.378, 0.4213 0.0591 -1.378, 0.5787 -0.0984 -1.378, 0.5787 0.0591 -1.378, 0.3425 0.1378 -0.9842, 0.3425 0.1378 0.9449, 0.6575 0.1378 -0.9842, 0.6575 0.1378 0.9449, 0.3425 0.1291 1.0557, 0.6575 0.1291 1.0557, 0.3425 0.1031 1.1639, 0.6575 0.1031 1.1639, 0.3425 0.0606 1.2666, 0.6575 0.0606 1.2666, 0.3425 0.0025 1.3614, 0.6575 0.0025 1.3614, 0.3425 -0.0698 1.446, 0.6575 -0.0698 1.446, 0.3425 -0.1543 1.5182, 0.6575 -0.1543 1.5182, 0.3425 -0.2491 1.5763, 0.6575 -0.2491 1.5763, 0.3425 -0.3519 1.6189, 0.6575 -0.3519 1.6189, 0.3425 -0.46 1.6448, 0.6575 -0.46 1.6448, 0.3425 -0.5709 1.6535, 0.6575 -0.5709 1.6535, 0.6575 -2.5394 1.6535, 0.3425 -2.5394 1.6535, 0.4213 -2.9331 1.5748, 0.4213 -2.9331 1.4173, 0.5787 -2.9331 1.5748, 0.5787 -2.9331 1.4173, 0.3425 -2.5394 1.3386, 0.3425 -0.5709 1.3386, 0.6575 -2.5394 1.3386, 0.6575 -0.5709 1.3386, 0.6575 -0.4833 1.3287, 0.3425 -0.4833 1.3287, 0.6575 -0.4 1.2996, 0.3425 -0.4 1.2996, 0.6575 -0.3254 1.2527, 0.3425 -0.3254 1.2527, 0.6575 -0.2631 1.1904, 0.3425 -0.2631 1.1904, 0.6575 -0.2162 1.1157, 0.3425 -0.2162 1.1157, 0.6575 -0.187 1.0325, 0.3425 -0.187 1.0325, 1.6575 -0.1772 -0.9842, 1.6575 -0.1772 0.9449, 1.3425 -0.1772 -0.9842, 1.3425 -0.1772 0.9449, 1.4213 -0.0984 -1.378, 1.4213 0.0591 -1.378, 1.5787 -0.0984 -1.378, 1.5787 0.0591 -1.378, 1.3425 0.1378 -0.9842, 1.3425 0.1378 0.9449, 1.6575 0.1378 -0.9842, 1.6575 0.1378 0.9449, 1.3425 0.1291 1.0557, 1.6575 0.1291 1.0557, 1.3425 0.1031 1.1639, 1.6575 0.1031 1.1639, 1.3425 0.0606 1.2666, 1.6575 0.0606 1.2666, 1.3425 0.0025 1.3614, 1.6575 0.0025 1.3614, 1.3425 -0.0698 1.446, 1.6575 -0.0698 1.446, 1.3425 -0.1543 1.5182, 1.6575 -0.1543 1.5182, 1.3425 -0.2491 1.5763, 1.6575 -0.2491 1.5763, 1.3425 -0.3519 1.6189, 1.6575 -0.3519 1.6189, 1.3425 -0.46 1.6448, 1.6575 -0.46 1.6448, 1.3425 -0.5709 1.6535, 1.6575 -0.5709 1.6535, 1.6575 -2.5394 1.6535, 1.3425 -2.5394 1.6535, 1.4213 -2.9331 1.5748, 1.4213 -2.9331 1.4173, 1.5787 -2.9331 1.5748, 1.5787 -2.9331 1.4173, 1.3425 -2.5394 1.3386, 1.3425 -0.5709 1.3386, 1.6575 -2.5394 1.3386, 1.6575 -0.5709 1.3386, 1.6575 -0.4833 1.3287, 1.3425 -0.4833 1.3287, 1.6575 -0.4 1.2996, 1.3425 -0.4 1.2996, 1.6575 -0.3254 1.2527, 1.3425 -0.3254 1.2527, 1.6575 -0.2631 1.1904, 1.3425 -0.2631 1.1904, 1.6575 -0.2162 1.1157, 1.3425 -0.2162 1.1157, 1.6575 -0.187 1.0325, 1.3425 -0.187 1.0325, 2.6575 -0.1772 -0.9842, 2.6575 -0.1772 0.9449, 2.3425 -0.1772 -0.9842, 2.3425 -0.1772 0.9449, 2.4213 -0.0984 -1.378, 2.4213 0.0591 -1.378, 2.5787 -0.0984 -1.378, 2.5787 0.0591 -1.378, 2.3425 0.1378 -0.9842, 2.3425 0.1378 0.9449, 2.6575 0.1378 -0.9842, 2.6575 0.1378 0.9449, 2.3425 0.1291 1.0557, 2.6575 0.1291 1.0557, 2.3425 0.1031 1.1639, 2.6575 0.1031 1.1639, 2.3425 0.0606 1.2666, 2.6575 0.0606 1.2666, 2.3425 0.0025 1.3614, 2.6575 0.0025 1.3614, 2.3425 -0.0698 1.446, 2.6575 -0.0698 1.446, 2.3425 -0.1543 1.5182, 2.6575 -0.1543 1.5182, 2.3425 -0.2491 1.5763, 2.6575 -0.2491 1.5763, 2.3425 -0.3519 1.6189, 2.6575 -0.3519 1.6189, 2.3425 -0.46 1.6448, 2.6575 -0.46 1.6448, 2.3425 -0.5709 1.6535, 2.6575 -0.5709 1.6535, 2.6575 -2.5394 1.6535, 2.3425 -2.5394 1.6535, 2.4213 -2.9331 1.5748, 2.4213 -2.9331 1.4173, 2.5787 -2.9331 1.5748, 2.5787 -2.9331 1.4173, 2.3425 -2.5394 1.3386, 2.3425 -0.5709 1.3386, 2.6575 -2.5394 1.3386, 2.6575 -0.5709 1.3386, 2.6575 -0.4833 1.3287, 2.3425 -0.4833 1.3287, 2.6575 -0.4 1.2996, 2.3425 -0.4 1.2996, 2.6575 -0.3254 1.2527, 2.3425 -0.3254 1.2527, 2.6575 -0.2631 1.1904, 2.3425 -0.2631 1.1904, 2.6575 -0.2162 1.1157, 2.3425 -0.2162 1.1157, 2.6575 -0.187 1.0325, 2.3425 -0.187 1.0325, 3.6575 -0.1772 -0.9842, 3.6575 -0.1772 0.9449, 3.3425 -0.1772 -0.9842, 3.3425 -0.1772 0.9449, 3.4213 -0.0984 -1.378, 3.4213 0.0591 -1.378, 3.5787 -0.0984 -1.378, 3.5787 0.0591 -1.378, 3.3425 0.1378 -0.9842, 3.3425 0.1378 0.9449, 3.6575 0.1378 -0.9842, 3.6575 0.1378 0.9449, 3.3425 0.1291 1.0557, 3.6575 0.1291 1.0557, 3.3425 0.1031 1.1639, 3.6575 0.1031 1.1639, 3.3425 0.0606 1.2666, 3.6575 0.0606 1.2666, 3.3425 0.0025 1.3614, 3.6575 0.0025 1.3614, 3.3425 -0.0698 1.446, 3.6575 -0.0698 1.446, 3.3425 -0.1543 1.5182, 3.6575 -0.1543 1.5182, 3.3425 -0.2491 1.5763, 3.6575 -0.2491 1.5763, 3.3425 -0.3519 1.6189, 3.6575 -0.3519 1.6189, 3.3425 -0.46 1.6448, 3.6575 -0.46 1.6448, 3.3425 -0.5709 1.6535, 3.6575 -0.5709 1.6535, 3.6575 -2.5394 1.6535, 3.3425 -2.5394 1.6535, 3.4213 -2.9331 1.5748, 3.4213 -2.9331 1.4173, 3.5787 -2.9331 1.5748, 3.5787 -2.9331 1.4173, 3.3425 -2.5394 1.3386, 3.3425 -0.5709 1.3386, 3.6575 -2.5394 1.3386, 3.6575 -0.5709 1.3386, 3.6575 -0.4833 1.3287, 3.3425 -0.4833 1.3287, 3.6575 -0.4 1.2996, 3.3425 -0.4 1.2996, 3.6575 -0.3254 1.2527, 3.3425 -0.3254 1.2527, 3.6575 -0.2631 1.1904, 3.3425 -0.2631 1.1904, 3.6575 -0.2162 1.1157, 3.3425 -0.2162 1.1157, 3.6575 -0.187 1.0325, 3.3425 -0.187 1.0325, 4.6575 -0.1772 -0.9842, 4.6575 -0.1772 0.9449, 4.3425 -0.1772 -0.9842, 4.3425 -0.1772 0.9449, 4.4213 -0.0984 -1.378, 4.4213 0.0591 -1.378, 4.5787 -0.0984 -1.378, 4.5787 0.0591 -1.378, 4.3425 0.1378 -0.9842, 4.3425 0.1378 0.9449, 4.6575 0.1378 -0.9842, 4.6575 0.1378 0.9449, 4.3425 0.1291 1.0557, 4.6575 0.1291 1.0557, 4.3425 0.1031 1.1639, 4.6575 0.1031 1.1639, 4.3425 0.0606 1.2666, 4.6575 0.0606 1.2666, 4.3425 0.0025 1.3614, 4.6575 0.0025 1.3614, 4.3425 -0.0698 1.446, 4.6575 -0.0698 1.446, 4.3425 -0.1543 1.5182, 4.6575 -0.1543 1.5182, 4.3425 -0.2491 1.5763, 4.6575 -0.2491 1.5763, 4.3425 -0.3519 1.6189, 4.6575 -0.3519 1.6189, 4.3425 -0.46 1.6448, 4.6575 -0.46 1.6448, 4.3425 -0.5709 1.6535, 4.6575 -0.5709 1.6535, 4.6575 -2.5394 1.6535, 4.3425 -2.5394 1.6535, 4.4213 -2.9331 1.5748, 4.4213 -2.9331 1.4173, 4.5787 -2.9331 1.5748, 4.5787 -2.9331 1.4173, 4.3425 -2.5394 1.3386, 4.3425 -0.5709 1.3386, 4.6575 -2.5394 1.3386, 4.6575 -0.5709 1.3386, 4.6575 -0.4833 1.3287, 4.3425 -0.4833 1.3287, 4.6575 -0.4 1.2996, 4.3425 -0.4 1.2996, 4.6575 -0.3254 1.2527, 4.3425 -0.3254 1.2527, 4.6575 -0.2631 1.1904, 4.3425 -0.2631 1.1904, 4.6575 -0.2162 1.1157, 4.3425 -0.2162 1.1157, 4.6575 -0.187 1.0325, 4.3425 -0.187 1.0325
            ]
        }
        coordIndex [
            0,1,2,-1,2,1,3,-1,4,5,6,-1,6,5,7,-1,8,9,10,-1,10,9,11,-1,11,9,12,-1,11,12,13,-1,13,12,14,-1,13,14,15,-1,15,14,16,-1,15,16,17,-1,17,16,18,-1,17,18,19,-1,19,18,20,-1,19,20,21,-1,21,20,22,-1,21,22,23,-1,23,22,24,-1,23,24,25,-1,25,24,26,-1,25,26,27,-1,27,26,28,-1,27,28,29,-1,29,28,30,-1,29,30,31,-1,32,31,33,-1,33,31,30,-1,34,35,36,-1,36,35,37,-1,38,39,40,-1,40,39,41,-1,41,39,42,-1,42,39,43,-1,42,43,44,-1,44,43,45,-1,44,45,46,-1,46,45,47,-1,46,47,48,-1,48,47,49,-1,48,49,50,-1,50,49,51,-1,50,51,52,-1,52,51,53,-1,52,53,1,-1,1,53,3,-1,32,40,31,-1,31,40,41,-1,31,41,29,-1,29,41,42,-1,29,42,27,-1,27,42,44,-1,52,15,50,-1,50,15,17,-1,50,17,48,-1,0,10,1,-1,1,10,11,-1,1,11,52,-1,52,11,13,-1,52,13,15,-1,17,19,48,-1,48,19,21,-1,48,21,46,-1,46,21,23,-1,46,23,44,-1,44,23,25,-1,44,25,27,-1,38,33,39,-1,39,33,30,-1,39,30,43,-1,51,14,53,-1,53,14,12,-1,53,12,3,-1,3,12,9,-1,3,9,2,-1,2,9,8,-1,30,28,43,-1,43,28,26,-1,43,26,45,-1,45,26,24,-1,45,24,47,-1,24,22,47,-1,47,22,20,-1,47,20,49,-1,49,20,18,-1,49,18,51,-1,51,18,16,-1,51,16,14,-1,10,7,8,-1,8,7,5,-1,0,6,10,-1,10,6,7,-1,4,2,5,-1,5,2,8,-1,2,4,0,-1,0,4,6,-1,40,37,38,-1,38,37,35,-1,32,36,40,-1,40,36,37,-1,34,33,35,-1,35,33,38,-1,33,34,32,-1,32,34,36,-1,54,55,56,-1,56,55,57,-1,58,59,60,-1,60,59,61,-1,62,63,64,-1,64,63,65,-1,65,63,66,-1,65,66,67,-1,67,66,68,-1,67,68,69,-1,69,68,70,-1,69,70,71,-1,71,70,72,-1,71,72,73,-1,73,72,74,-1,73,74,75,-1,75,74,76,-1,75,76,77,-1,77,76,78,-1,77,78,79,-1,79,78,80,-1,79,80,81,-1,81,80,82,-1,81,82,83,-1,83,82,84,-1,83,84,85,-1,86,85,87,-1,87,85,84,-1,88,89,90,-1,90,89,91,-1,92,93,94,-1,94,93,95,-1,95,93,96,-1,96,93,97,-1,96,97,98,-1,98,97,99,-1,98,99,100,-1,100,99,101,-1,100,101,102,-1,102,101,103,-1,102,103,104,-1,104,103,105,-1,104,105,106,-1,106,105,107,-1,106,107,55,-1,55,107,57,-1,86,94,85,-1,85,94,95,-1,85,95,83,-1,83,95,96,-1,83,96,81,-1,81,96,98,-1,106,69,104,-1,104,69,71,-1,104,71,102,-1,54,64,55,-1,55,64,65,-1,55,65,106,-1,106,65,67,-1,106,67,69,-1,71,73,102,-1,102,73,75,-1,102,75,100,-1,100,75,77,-1,100,77,98,-1,98,77,79,-1,98,79,81,-1,92,87,93,-1,93,87,84,-1,93,84,97,-1,105,68,107,-1,107,68,66,-1,107,66,57,-1,57,66,63,-1,57,63,56,-1,56,63,62,-1,84,82,97,-1,97,82,80,-1,97,80,99,-1,99,80,78,-1,99,78,101,-1,78,76,101,-1,101,76,74,-1,101,74,103,-1,103,74,72,-1,103,72,105,-1,105,72,70,-1,105,70,68,-1,64,61,62,-1,62,61,59,-1,54,60,64,-1,64,60,61,-1,58,56,59,-1,59,56,62,-1,56,58,54,-1,54,58,60,-1,94,91,92,-1,92,91,89,-1,86,90,94,-1,94,90,91,-1,88,87,89,-1,89,87,92,-1,87,88,86,-1,86,88,90,-1,108,109,110,-1,110,109,111,-1,112,113,114,-1,114,113,115,-1,116,117,118,-1,118,117,119,-1,119,117,120,-1,119,120,121,-1,121,120,122,-1,121,122,123,-1,123,122,124,-1,123,124,125,-1,125,124,126,-1,125,126,127,-1,127,126,128,-1,127,128,129,-1,129,128,130,-1,129,130,131,-1,131,130,132,-1,131,132,133,-1,133,132,134,-1,133,134,135,-1,135,134,136,-1,135,136,137,-1,137,136,138,-1,137,138,139,-1,140,139,141,-1,141,139,138,-1,142,143,144,-1,144,143,145,-1,146,147,148,-1,148,147,149,-1,149,147,150,-1,150,147,151,-1,150,151,152,-1,152,151,153,-1,152,153,154,-1,154,153,155,-1,154,155,156,-1,156,155,157,-1,156,157,158,-1,158,157,159,-1,158,159,160,-1,160,159,161,-1,160,161,109,-1,109,161,111,-1,140,148,139,-1,139,148,149,-1,139,149,137,-1,137,149,150,-1,137,150,135,-1,135,150,152,-1,160,123,158,-1,158,123,125,-1,158,125,156,-1,108,118,109,-1,109,118,119,-1,109,119,160,-1,160,119,121,-1,160,121,123,-1,125,127,156,-1,156,127,129,-1,156,129,154,-1,154,129,131,-1,154,131,152,-1,152,131,133,-1,152,133,135,-1,146,141,147,-1,147,141,138,-1,147,138,151,-1,159,122,161,-1,161,122,120,-1,161,120,111,-1,111,120,117,-1,111,117,110,-1,110,117,116,-1,138,136,151,-1,151,136,134,-1,151,134,153,-1,153,134,132,-1,153,132,155,-1,132,130,155,-1,155,130,128,-1,155,128,157,-1,157,128,126,-1,157,126,159,-1,159,126,124,-1,159,124,122,-1,118,115,116,-1,116,115,113,-1,108,114,118,-1,118,114,115,-1,112,110,113,-1,113,110,116,-1,110,112,108,-1,108,112,114,-1,148,145,146,-1,146,145,143,-1,140,144,148,-1,148,144,145,-1,142,141,143,-1,143,141,146,-1,141,142,140,-1,140,142,144,-1,162,163,164,-1,164,163,165,-1,166,167,168,-1,168,167,169,-1,170,171,172,-1,172,171,173,-1,173,171,174,-1,173,174,175,-1,175,174,176,-1,175,176,177,-1,177,176,178,-1,177,178,179,-1,179,178,180,-1,179,180,181,-1,181,180,182,-1,181,182,183,-1,183,182,184,-1,183,184,185,-1,185,184,186,-1,185,186,187,-1,187,186,188,-1,187,188,189,-1,189,188,190,-1,189,190,191,-1,191,190,192,-1,191,192,193,-1,194,193,195,-1,195,193,192,-1,196,197,198,-1,198,197,199,-1,200,201,202,-1,202,201,203,-1,203,201,204,-1,204,201,205,-1,204,205,206,-1,206,205,207,-1,206,207,208,-1,208,207,209,-1,208,209,210,-1,210,209,211,-1,210,211,212,-1,212,211,213,-1,212,213,214,-1,214,213,215,-1,214,215,163,-1,163,215,165,-1,194,202,193,-1,193,202,203,-1,193,203,191,-1,191,203,204,-1,191,204,189,-1,189,204,206,-1,214,177,212,-1,212,177,179,-1,212,179,210,-1,162,172,163,-1,163,172,173,-1,163,173,214,-1,214,173,175,-1,214,175,177,-1,179,181,210,-1,210,181,183,-1,210,183,208,-1,208,183,185,-1,208,185,206,-1,206,185,187,-1,206,187,189,-1,200,195,201,-1,201,195,192,-1,201,192,205,-1,213,176,215,-1,215,176,174,-1,215,174,165,-1,165,174,171,-1,165,171,164,-1,164,171,170,-1,192,190,205,-1,205,190,188,-1,205,188,207,-1,207,188,186,-1,207,186,209,-1,186,184,209,-1,209,184,182,-1,209,182,211,-1,211,182,180,-1,211,180,213,-1,213,180,178,-1,213,178,176,-1,172,169,170,-1,170,169,167,-1,162,168,172,-1,172,168,169,-1,166,164,167,-1,167,164,170,-1,164,166,162,-1,162,166,168,-1,202,199,200,-1,200,199,197,-1,194,198,202,-1,202,198,199,-1,196,195,197,-1,197,195,200,-1,195,196,194,-1,194,196,198,-1,216,217,218,-1,218,217,219,-1,220,221,222,-1,222,221,223,-1,224,225,226,-1,226,225,227,-1,227,225,228,-1,227,228,229,-1,229,228,230,-1,229,230,231,-1,231,230,232,-1,231,232,233,-1,233,232,234,-1,233,234,235,-1,235,234,236,-1,235,236,237,-1,237,236,238,-1,237,238,239,-1,239,238,240,-1,239,240,241,-1,241,240,242,-1,241,242,243,-1,243,242,244,-1,243,244,245,-1,245,244,246,-1,245,246,247,-1,248,247,249,-1,249,247,246,-1,250,251,252,-1,252,251,253,-1,254,255,256,-1,256,255,257,-1,257,255,258,-1,258,255,259,-1,258,259,260,-1,260,259,261,-1,260,261,262,-1,262,261,263,-1,262,263,264,-1,264,263,265,-1,264,265,266,-1,266,265,267,-1,266,267,268,-1,268,267,269,-1,268,269,217,-1,217,269,219,-1,248,256,247,-1,247,256,257,-1,247,257,245,-1,245,257,258,-1,245,258,243,-1,243,258,260,-1,268,231,266,-1,266,231,233,-1,266,233,264,-1,216,226,217,-1,217,226,227,-1,217,227,268,-1,268,227,229,-1,268,229,231,-1,233,235,264,-1,264,235,237,-1,264,237,262,-1,262,237,239,-1,262,239,260,-1,260,239,241,-1,260,241,243,-1,254,249,255,-1,255,249,246,-1,255,246,259,-1,267,230,269,-1,269,230,228,-1,269,228,219,-1,219,228,225,-1,219,225,218,-1,218,225,224,-1,246,244,259,-1,259,244,242,-1,259,242,261,-1,261,242,240,-1,261,240,263,-1,240,238,263,-1,263,238,236,-1,263,236,265,-1,265,236,234,-1,265,234,267,-1,267,234,232,-1,267,232,230,-1,226,223,224,-1,224,223,221,-1,216,222,226,-1,226,222,223,-1,220,218,221,-1,221,218,224,-1,218,220,216,-1,216,220,222,-1,256,253,254,-1,254,253,251,-1,248,252,256,-1,256,252,253,-1,250,249,251,-1,251,249,254,-1,249,250,248,-1,248,250,252,-1,270,271,272,-1,272,271,273,-1,274,275,276,-1,276,275,277,-1,278,279,280,-1,280,279,281,-1,281,279,282,-1,281,282,283,-1,283,282,284,-1,283,284,285,-1,285,284,286,-1,285,286,287,-1,287,286,288,-1,287,288,289,-1,289,288,290,-1,289,290,291,-1,291,290,292,-1,291,292,293,-1,293,292,294,-1,293,294,295,-1,295,294,296,-1,295,296,297,-1,297,296,298,-1,297,298,299,-1,299,298,300,-1,299,300,301,-1,302,301,303,-1,303,301,300,-1,304,305,306,-1,306,305,307,-1,308,309,310,-1,310,309,311,-1,311,309,312,-1,312,309,313,-1,312,313,314,-1,314,313,315,-1,314,315,316,-1,316,315,317,-1,316,317,318,-1,318,317,319,-1,318,319,320,-1,320,319,321,-1,320,321,322,-1,322,321,323,-1,322,323,271,-1,271,323,273,-1,302,310,301,-1,301,310,311,-1,301,311,299,-1,299,311,312,-1,299,312,297,-1,297,312,314,-1,322,285,320,-1,320,285,287,-1,320,287,318,-1,270,280,271,-1,271,280,281,-1,271,281,322,-1,322,281,283,-1,322,283,285,-1,287,289,318,-1,318,289,291,-1,318,291,316,-1,316,291,293,-1,316,293,314,-1,314,293,295,-1,314,295,297,-1,308,303,309,-1,309,303,300,-1,309,300,313,-1,321,284,323,-1,323,284,282,-1,323,282,273,-1,273,282,279,-1,273,279,272,-1,272,279,278,-1,300,298,313,-1,313,298,296,-1,313,296,315,-1,315,296,294,-1,315,294,317,-1,294,292,317,-1,317,292,290,-1,317,290,319,-1,319,290,288,-1,319,288,321,-1,321,288,286,-1,321,286,284,-1,280,277,278,-1,278,277,275,-1,270,276,280,-1,280,276,277,-1,274,272,275,-1,275,272,278,-1,272,274,270,-1,270,274,276,-1,310,307,308,-1,308,307,305,-1,302,306,310,-1,310,306,307,-1,304,303,305,-1,305,303,308,-1,303,304,302,-1,302,304,306,-1,324,325,326,-1,326,325,327,-1,328,329,330,-1,330,329,331,-1,332,333,334,-1,334,333,335,-1,335,333,336,-1,335,336,337,-1,337,336,338,-1,337,338,339,-1,339,338,340,-1,339,340,341,-1,341,340,342,-1,341,342,343,-1,343,342,344,-1,343,344,345,-1,345,344,346,-1,345,346,347,-1,347,346,348,-1,347,348,349,-1,349,348,350,-1,349,350,351,-1,351,350,352,-1,351,352,353,-1,353,352,354,-1,353,354,355,-1,356,355,357,-1,357,355,354,-1,358,359,360,-1,360,359,361,-1,362,363,364,-1,364,363,365,-1,365,363,366,-1,366,363,367,-1,366,367,368,-1,368,367,369,-1,368,369,370,-1,370,369,371,-1,370,371,372,-1,372,371,373,-1,372,373,374,-1,374,373,375,-1,374,375,376,-1,376,375,377,-1,376,377,325,-1,325,377,327,-1,356,364,355,-1,355,364,365,-1,355,365,353,-1,353,365,366,-1,353,366,351,-1,351,366,368,-1,376,339,374,-1,374,339,341,-1,374,341,372,-1,324,334,325,-1,325,334,335,-1,325,335,376,-1,376,335,337,-1,376,337,339,-1,341,343,372,-1,372,343,345,-1,372,345,370,-1,370,345,347,-1,370,347,368,-1,368,347,349,-1,368,349,351,-1,362,357,363,-1,363,357,354,-1,363,354,367,-1,375,338,377,-1,377,338,336,-1,377,336,327,-1,327,336,333,-1,327,333,326,-1,326,333,332,-1,354,352,367,-1,367,352,350,-1,367,350,369,-1,369,350,348,-1,369,348,371,-1,348,346,371,-1,371,346,344,-1,371,344,373,-1,373,344,342,-1,373,342,375,-1,375,342,340,-1,375,340,338,-1,334,331,332,-1,332,331,329,-1,324,330,334,-1,334,330,331,-1,328,326,329,-1,329,326,332,-1,326,328,324,-1,324,328,330,-1,364,361,362,-1,362,361,359,-1,356,360,364,-1,364,360,361,-1,358,357,359,-1,359,357,362,-1,357,358,356,-1,356,358,360,-1,378,379,380,-1,380,379,381,-1,382,383,384,-1,384,383,385,-1,386,387,388,-1,388,387,389,-1,389,387,390,-1,389,390,391,-1,391,390,392,-1,391,392,393,-1,393,392,394,-1,393,394,395,-1,395,394,396,-1,395,396,397,-1,397,396,398,-1,397,398,399,-1,399,398,400,-1,399,400,401,-1,401,400,402,-1,401,402,403,-1,403,402,404,-1,403,404,405,-1,405,404,406,-1,405,406,407,-1,407,406,408,-1,407,408,409,-1,410,409,411,-1,411,409,408,-1,412,413,414,-1,414,413,415,-1,416,417,418,-1,418,417,419,-1,419,417,420,-1,420,417,421,-1,420,421,422,-1,422,421,423,-1,422,423,424,-1,424,423,425,-1,424,425,426,-1,426,425,427,-1,426,427,428,-1,428,427,429,-1,428,429,430,-1,430,429,431,-1,430,431,379,-1,379,431,381,-1,410,418,409,-1,409,418,419,-1,409,419,407,-1,407,419,420,-1,407,420,405,-1,405,420,422,-1,430,393,428,-1,428,393,395,-1,428,395,426,-1,378,388,379,-1,379,388,389,-1,379,389,430,-1,430,389,391,-1,430,391,393,-1,395,397,426,-1,426,397,399,-1,426,399,424,-1,424,399,401,-1,424,401,422,-1,422,401,403,-1,422,403,405,-1,416,411,417,-1,417,411,408,-1,417,408,421,-1,429,392,431,-1,431,392,390,-1,431,390,381,-1,381,390,387,-1,381,387,380,-1,380,387,386,-1,408,406,421,-1,421,406,404,-1,421,404,423,-1,423,404,402,-1,423,402,425,-1,402,400,425,-1,425,400,398,-1,425,398,427,-1,427,398,396,-1,427,396,429,-1,429,396,394,-1,429,394,392,-1,388,385,386,-1,386,385,383,-1,378,384,388,-1,388,384,385,-1,382,380,383,-1,383,380,386,-1,380,382,378,-1,378,382,384,-1,418,415,416,-1,416,415,413,-1,410,414,418,-1,418,414,415,-1,412,411,413,-1,413,411,416,-1,411,412,410,-1,410,412,414,-1,432,433,434,-1,434,433,435,-1,436,437,438,-1,438,437,439,-1,440,441,442,-1,442,441,443,-1,443,441,444,-1,443,444,445,-1,445,444,446,-1,445,446,447,-1,447,446,448,-1,447,448,449,-1,449,448,450,-1,449,450,451,-1,451,450,452,-1,451,452,453,-1,453,452,454,-1,453,454,455,-1,455,454,456,-1,455,456,457,-1,457,456,458,-1,457,458,459,-1,459,458,460,-1,459,460,461,-1,461,460,462,-1,461,462,463,-1,464,463,465,-1,465,463,462,-1,466,467,468,-1,468,467,469,-1,470,471,472,-1,472,471,473,-1,473,471,474,-1,474,471,475,-1,474,475,476,-1,476,475,477,-1,476,477,478,-1,478,477,479,-1,478,479,480,-1,480,479,481,-1,480,481,482,-1,482,481,483,-1,482,483,484,-1,484,483,485,-1,484,485,433,-1,433,485,435,-1,464,472,463,-1,463,472,473,-1,463,473,461,-1,461,473,474,-1,461,474,459,-1,459,474,476,-1,484,447,482,-1,482,447,449,-1,482,449,480,-1,432,442,433,-1,433,442,443,-1,433,443,484,-1,484,443,445,-1,484,445,447,-1,449,451,480,-1,480,451,453,-1,480,453,478,-1,478,453,455,-1,478,455,476,-1,476,455,457,-1,476,457,459,-1,470,465,471,-1,471,465,462,-1,471,462,475,-1,483,446,485,-1,485,446,444,-1,485,444,435,-1,435,444,441,-1,435,441,434,-1,434,441,440,-1,462,460,475,-1,475,460,458,-1,475,458,477,-1,477,458,456,-1,477,456,479,-1,456,454,479,-1,479,454,452,-1,479,452,481,-1,481,452,450,-1,481,450,483,-1,483,450,448,-1,483,448,446,-1,442,439,440,-1,440,439,437,-1,432,438,442,-1,442,438,439,-1,436,434,437,-1,437,434,440,-1,434,436,432,-1,432,436,438,-1,472,469,470,-1,470,469,467,-1,464,468,472,-1,472,468,469,-1,466,465,467,-1,467,465,470,-1,465,466,464,-1,464,466,468,-1,
        ]
    }
}