#VRML V2.0 utf8
# 3D model generated by easyeda2kicad.py (https://github.com/uPesy/easyeda2kicad.py)

Shape{
    appearance Appearance {
        material  Material 	{
            diffuseColor 0.6470588235294118 0.6196078431372549 0.5882352941176471
            specularColor 0.45098039215686275 0.43529411764705883 0.4117647058823529
            ambientIntensity 0.6242
            transparency 0.0
            shininess 0.5
        }
    }
    geometry IndexedFaceSet {
        ccw TRUE
        solid FALSE
        coord DEF co Coordinate {
            point [
                -2.1884 -0.1533 3.2205, -2.8116 -0.1533 3.2205, -2.7939 -0.1979 3.2205, -2.7031 -0.3109 3.2205, -2.6413 -0.3496 3.2205, -2.2061 -0.1979 3.2205, -2.7548 -0.2595 3.2205, -2.5725 -0.3736 3.2205, -2.2969 -0.3109 3.2205, -2.2452 -0.2595 3.2205, -2.5 -0.3817 3.2205, -2.4275 -0.3736 3.2205, -2.3587 -0.3496 3.2205, -2.8494 -0.2565 3.1417, -2.8162 -0.3088 3.1417, -2.8142 -0.3071 3.1621, -2.3955 -0.4453 3.1417, -2.3246 -0.4206 3.1417, -2.3258 -0.4181 3.1621, -2.8418 -0.1533 3.215, -2.8524 -0.1533 3.2095, -2.8293 -0.2151 3.2099, -2.8911 -0.1596 3.1417, -2.8647 -0.2323 3.1417, -2.8623 -0.2312 3.1621, -2.1873 -0.1533 3.2205, -2.1878 -0.2068 3.2178, -2.1673 -0.1533 3.2179, -2.1707 -0.2151 3.2099, -2.1585 -0.1533 3.2151, -2.1671 -0.1533 3.2178, -2.1307 -0.1533 3.1971, -2.1338 -0.1533 3.2005, -2.1561 -0.2222 3.1974, -2.1412 -0.1533 3.2062, -2.1476 -0.1533 3.2095, -2.1212 -0.1533 3.1868, -2.1448 -0.2277 3.1811, -2.1164 -0.1533 3.1793, -2.1094 -0.1533 3.1624, -2.1377 -0.2312 3.1621, -2.1094 -0.1533 3.1621, -2.1353 -0.2323 3.1417, -2.1089 -0.1596 3.1417, -2.1076 -0.1533 3.1542, -2.1066 -0.1533 3.1417, -2.8552 -0.2277 3.1811, -2.89 -0.1533 3.1644, -2.8905 -0.1533 3.1621, -2.893 -0.1533 3.1498, -2.8934 -0.1533 3.1417, -2.865 -0.1533 3.2015, -2.8692 -0.1533 3.1971, -2.8439 -0.2222 3.1974, -2.878 -0.1533 3.1878, -2.8825 -0.1533 3.1812, -2.8591 -0.1533 3.206, -2.8348 -0.1533 3.2173, -2.8122 -0.2068 3.2178, -2.8329 -0.1533 3.2176, -2.815 -0.1533 3.2204, -2.2293 -0.2722 3.2178, -2.2145 -0.2841 3.2099, -2.2017 -0.2943 3.1974, -2.192 -0.3022 3.1811, -2.1858 -0.3071 3.1621, -2.577 -0.3934 3.2178, -2.6501 -0.3679 3.2178, -2.5812 -0.412 3.2099, -2.6583 -0.3851 3.2099, -2.5848 -0.4279 3.1974, -2.6654 -0.3998 3.1974, -2.5876 -0.4401 3.1811, -2.6708 -0.4111 3.1811, -2.5893 -0.4477 3.1621, -2.6742 -0.4181 3.1621, -2.2984 -0.4042 3.1417, -2.2479 -0.3726 3.1417, -2.2496 -0.3705 3.1621, -2.2545 -0.3643 3.1811, -2.2623 -0.3545 3.1974, -2.2724 -0.3417 3.2099, -2.2842 -0.3269 3.2178, -2.215 -0.3399 3.1417, -2.1838 -0.3088 3.1417, -2.1506 -0.2565 3.1417, -2.3292 -0.4111 3.1811, -2.3346 -0.3998 3.1974, -2.3417 -0.3851 3.2099, -2.3499 -0.3679 3.2178, -2.4101 -0.4504 3.1417, -2.4107 -0.4477 3.1621, -2.4124 -0.4401 3.1811, -2.4152 -0.4279 3.1974, -2.4188 -0.412 3.2099, -2.423 -0.3934 3.2178, -2.5 -0.4021 3.2178, -2.5 -0.4211 3.2099, -2.5 -0.4374 3.1974, -2.5 -0.4499 3.1811, -2.5 -0.4578 3.1621, -2.5 -0.4604 3.1417, -2.5899 -0.4504 3.1417, -2.785 -0.3399 3.1417, -2.7521 -0.3726 3.1417, -2.7504 -0.3705 3.1621, -2.7455 -0.3643 3.1811, -2.7377 -0.3545 3.1974, -2.7276 -0.3417 3.2099, -2.7158 -0.3269 3.2178, -2.7016 -0.4042 3.1417, -2.6754 -0.4206 3.1417, -2.6045 -0.4453 3.1417, -2.808 -0.3022 3.1811, -2.7983 -0.2943 3.1974, -2.7855 -0.2841 3.2099, -2.7707 -0.2722 3.2178, -2.2648 -0.0549 2.6435, -2.2728 0.006 1.8392, -2.2728 0.006 2.6435, -2.2963 0.0627 1.8392, -2.2963 0.0627 2.6435, -2.3337 0.1114 1.8392, -2.3337 0.1114 2.6435, -2.3824 0.1488 1.8392, -2.3824 0.1488 2.6435, -2.4391 0.1723 1.8392, -2.4391 0.1723 2.6435, -2.5 0.1803 1.8392, -2.5 0.1803 2.6435, -2.5609 0.1723 1.8392, -2.5609 0.1723 2.6435, -2.6176 0.1488 1.8392, -2.6176 0.1488 2.6435, -2.6663 0.1114 1.8392, -2.6663 0.1114 2.6435, -2.7037 0.0627 1.8392, -2.7037 0.0627 2.6435, -2.7272 0.006 1.8392, -2.7272 0.006 2.6435, -2.7352 -0.0549 1.8392, -2.7352 -0.0549 2.6435, -2.7272 -0.1158 1.8392, -2.7272 -0.1158 2.6435, -2.7037 -0.1725 1.8392, -2.7037 -0.1725 2.6435, -2.6663 -0.2212 1.8392, -2.6663 -0.2212 2.6435, -2.6176 -0.2586 1.8392, -2.6176 -0.2586 2.6435, -2.5609 -0.2821 1.8392, -2.5609 -0.2821 2.6435, -2.5 -0.2901 1.8392, -2.5 -0.2901 2.6435, -2.4391 -0.2821 1.8392, -2.4391 -0.2821 2.6435, -2.3824 -0.2586 1.8392, -2.3824 -0.2586 2.6435, -2.3337 -0.2212 1.8392, -2.3337 -0.2212 2.6435, -2.2963 -0.1725 1.8392, -2.2963 -0.1725 2.6435, -2.2728 -0.1158 1.8392, -2.2728 -0.1158 2.6435, -2.2648 -0.0549 1.8392
            ]
        }
        coordIndex [
            0,1,2,-1,3,4,5,-1,0,2,5,-1,5,2,6,-1,5,6,3,-1,7,8,4,-1,4,8,9,-1,4,9,5,-1,7,10,8,-1,8,10,11,-1,8,11,12,-1,13,14,15,-1,16,17,18,-1,19,20,21,-1,22,23,24,-1,0,5,25,-1,25,5,26,-1,25,26,27,-1,28,29,26,-1,26,29,30,-1,26,30,27,-1,31,32,33,-1,33,32,34,-1,33,34,28,-1,28,34,35,-1,28,35,29,-1,31,33,36,-1,36,33,37,-1,36,37,38,-1,38,37,39,-1,39,37,40,-1,39,40,41,-1,40,42,41,-1,41,42,43,-1,41,43,44,-1,44,43,45,-1,46,47,24,-1,24,47,48,-1,24,48,22,-1,22,48,49,-1,22,49,50,-1,51,52,53,-1,53,52,54,-1,53,54,46,-1,46,54,55,-1,46,55,47,-1,21,20,53,-1,53,20,56,-1,53,56,51,-1,19,21,57,-1,57,21,58,-1,57,58,59,-1,59,58,60,-1,60,58,2,-1,60,2,1,-1,5,9,26,-1,26,9,61,-1,26,61,28,-1,28,61,62,-1,28,62,33,-1,33,62,63,-1,33,63,37,-1,37,63,64,-1,37,64,40,-1,40,64,65,-1,7,4,66,-1,66,4,67,-1,66,67,68,-1,68,67,69,-1,68,69,70,-1,70,69,71,-1,70,71,72,-1,72,71,73,-1,72,73,74,-1,74,73,75,-1,76,77,78,-1,78,77,65,-1,78,65,79,-1,79,65,64,-1,79,64,80,-1,80,64,63,-1,80,63,81,-1,81,63,62,-1,81,62,82,-1,82,62,61,-1,82,61,8,-1,8,61,9,-1,77,83,65,-1,65,83,84,-1,65,84,40,-1,40,84,85,-1,40,85,42,-1,17,76,18,-1,18,76,78,-1,18,78,86,-1,86,78,79,-1,86,79,87,-1,87,79,80,-1,87,80,88,-1,88,80,81,-1,88,81,89,-1,89,81,82,-1,89,82,12,-1,12,82,8,-1,90,16,91,-1,91,16,18,-1,91,18,92,-1,92,18,86,-1,92,86,93,-1,93,86,87,-1,93,87,94,-1,94,87,88,-1,94,88,95,-1,95,88,89,-1,95,89,11,-1,11,89,12,-1,11,10,95,-1,95,10,96,-1,95,96,94,-1,94,96,97,-1,94,97,93,-1,93,97,98,-1,93,98,92,-1,92,98,99,-1,92,99,91,-1,91,99,100,-1,91,100,90,-1,90,100,101,-1,10,7,96,-1,96,7,66,-1,96,66,97,-1,97,66,68,-1,97,68,98,-1,98,68,70,-1,98,70,99,-1,99,70,72,-1,99,72,100,-1,100,72,74,-1,100,74,101,-1,101,74,102,-1,103,104,105,-1,105,104,75,-1,105,75,106,-1,106,75,73,-1,106,73,107,-1,107,73,71,-1,107,71,108,-1,108,71,69,-1,108,69,109,-1,109,69,67,-1,109,67,3,-1,3,67,4,-1,104,110,75,-1,75,110,111,-1,75,111,74,-1,74,111,112,-1,74,112,102,-1,14,103,15,-1,15,103,105,-1,15,105,113,-1,113,105,106,-1,113,106,114,-1,114,106,107,-1,114,107,115,-1,115,107,108,-1,115,108,116,-1,116,108,109,-1,116,109,6,-1,6,109,3,-1,23,13,24,-1,24,13,15,-1,24,15,46,-1,46,15,113,-1,46,113,53,-1,53,113,114,-1,53,114,21,-1,21,114,115,-1,21,115,58,-1,58,115,116,-1,58,116,2,-1,2,116,6,-1,117,118,119,-1,119,118,120,-1,119,120,121,-1,121,120,122,-1,121,122,123,-1,123,122,124,-1,123,124,125,-1,125,124,126,-1,125,126,127,-1,127,126,128,-1,127,128,129,-1,129,128,130,-1,129,130,131,-1,131,130,132,-1,131,132,133,-1,133,132,134,-1,133,134,135,-1,135,134,136,-1,135,136,137,-1,137,136,138,-1,137,138,139,-1,139,138,140,-1,139,140,141,-1,141,140,142,-1,141,142,143,-1,143,142,144,-1,143,144,145,-1,145,144,146,-1,145,146,147,-1,147,146,148,-1,147,148,149,-1,149,148,150,-1,149,150,151,-1,151,150,152,-1,151,152,153,-1,153,152,154,-1,153,154,155,-1,155,154,156,-1,155,156,157,-1,157,156,158,-1,157,158,159,-1,159,158,160,-1,159,160,161,-1,161,160,162,-1,161,162,163,-1,163,162,164,-1,163,164,117,-1,117,164,118,-1,
        ]
    }
}
Shape{
    appearance Appearance {
        material  Material 	{
            diffuseColor 0.27450980392156865 0.49411764705882355 0.27450980392156865
            specularColor 0.0196078431372549 0.03529411764705882 0.0196078431372549
            ambientIntensity 0.5763
            transparency 0.0
            shininess 0.5
        }
    }
    geometry IndexedFaceSet {
        ccw TRUE
        solid FALSE
        coord DEF co Coordinate {
            point [
                -2.5747 -0.9996 0.0, -2.575 -0.9997 0.0, -2.5983 -0.9997 0.0, -3.5747 -0.9996 0.0, -3.575 -0.9997 0.0, -3.5983 -0.9997 0.0, 3.4253 -0.9996 0.0, 3.425 -0.9997 0.0, 3.4017 -0.9997 0.0, 2.4253 -0.9996 0.0, 2.425 -0.9997 0.0, 2.4017 -0.9997 0.0, 1.4253 -0.9996 0.0, 1.425 -0.9997 0.0, 1.4017 -0.9997 0.0, 0.4253 -0.9996 0.0, 0.425 -0.9997 0.0, 0.4017 -0.9997 0.0, -0.5747 -0.9996 0.0, -0.575 -0.9997 0.0, -0.5983 -0.9997 0.0, -1.5747 -0.9996 0.0, -1.575 -0.9997 0.0, -1.5983 -0.9997 0.0, -1.7983 -0.9512 0.0, -1.7983 -0.9093 0.0, -1.6973 -0.9512 0.0, -1.6973 -0.9093 0.0, -1.5983 -0.9512 0.0, -1.5983 -0.9093 0.0, -1.4929 -0.9512 0.0, -1.4929 -0.9093 0.0, -1.0 -0.9512 0.0, -1.1063 -0.9093 0.0, -1.0 1.1811 0.0, -1.1063 0.9842 0.0, -1.4929 1.1811 0.0, -1.4929 0.9842 0.0, -1.5983 1.1811 0.0, -1.5983 0.9842 0.0, -1.6973 1.1811 0.0, -1.6973 0.9842 0.0, -1.7983 1.1811 0.0, -1.7983 0.9842 0.0, -1.883 1.1811 0.0, -1.883 0.9842 0.0, -2.0 1.1811 0.0, -1.8937 0.9842 0.0, -2.0 -0.9512 0.0, -1.8937 -0.9093 0.0, -1.883 -0.9512 0.0, -1.883 -0.9093 0.0, -1.4241 -1.0757 0.0, -1.4626 -1.0664 0.0, -1.4074 -1.0069 0.0, -1.4717 -1.0242 0.0, -1.4062 -0.9997 0.0, -1.403 -0.9941 0.0, -1.4031 -0.9939 0.0, -1.4029 -0.9944 0.0, -1.4796 -0.9932 0.0, -1.4798 -0.9932 0.0, -1.48 -0.9932 0.0, -1.4929 -0.9997 0.0, -1.4807 -0.9946 0.0, -1.4812 -0.9981 0.0, -1.4802 -0.9934 0.0, -1.4804 -0.9936 0.0, -1.4805 -0.9938 0.0, -1.4023 -0.9981 0.0, -1.4024 -0.9967 0.0, -1.4026 -0.9956 0.0, -1.4027 -0.9949 0.0, -1.4776 -0.9959 0.0, -1.404 -0.9936 0.0, -1.4767 -0.9997 0.0, -1.4042 -0.9936 0.0, -1.4045 -0.9938 0.0, -1.4759 -1.0027 0.0, -1.4054 -0.9956 0.0, -1.4052 -0.9948 0.0, -1.478 -0.9949 0.0, -1.4783 -0.9942 0.0, -1.4786 -0.9938 0.0, -1.4048 -0.994 0.0, -1.405 -0.9943 0.0, -1.4789 -0.9935 0.0, -1.4791 -0.9933 0.0, -1.4794 -0.9932 0.0, -1.4033 -0.9937 0.0, -1.4035 -0.9936 0.0, -1.4037 -0.9936 0.0, -1.4007 -1.0245 0.0, -1.4004 -1.0241 0.0, -1.0 -1.1839 0.0, -1.4002 -1.0238 0.0, -1.4002 -1.0235 0.0, -1.0 -0.9997 0.0, -1.4002 -1.0224 0.0, -1.4006 -1.0158 0.0, -1.4006 -1.0157 0.0, -1.4017 -1.003 0.0, -1.4021 -0.9997 0.0, -1.4408 -1.1867 0.0, -1.4402 -1.1839 0.0, -1.4134 -1.0653 0.0, -1.41 -1.0511 0.0, -1.4085 -1.0444 0.0, -1.4066 -1.0378 0.0, -1.4046 -1.0324 0.0, -1.4028 -1.0274 0.0, -1.4016 -1.0256 0.0, -1.4807 -1.0267 0.0, -1.477 -1.0391 0.0, -1.4821 -1.0242 0.0, -1.4827 -1.0231 0.0, -1.4814 -0.9997 0.0, -1.4816 -1.0015 0.0, -1.483 -1.0134 0.0, -1.4739 -1.0517 0.0, -1.4929 -1.1839 0.0, -1.4833 -1.0215 0.0, -1.4834 -1.0189 0.0, -1.5873 -1.014 0.0, -1.5871 -1.0141 0.0, -1.5983 -1.1839 0.0, -1.5266 -1.1784 0.0, -1.5213 -1.1757 0.0, -1.5269 -1.0099 0.0, -1.5322 -1.0078 0.0, -1.5876 -1.0122 0.0, -1.5877 -1.0125 0.0, -1.5329 -1.1799 0.0, -1.586 -1.0144 0.0, -1.5765 -1.1627 0.0, -1.5867 -1.0143 0.0, -1.587 -1.0142 0.0, -1.5879 -1.1725 0.0, -1.5879 -1.1732 0.0, -1.5877 -1.1739 0.0, -1.5875 -1.1744 0.0, -1.5167 -1.1715 0.0, -1.5121 -1.165 0.0, -1.5078 -1.1534 0.0, -1.5753 -0.9998 0.0, -1.5771 -1.0012 0.0, -1.5812 -1.0049 0.0, -1.5802 -1.1646 0.0, -1.5853 -1.1689 0.0, -1.585 -1.0143 0.0, -1.5811 -1.0143 0.0, -1.5765 -1.0143 0.0, -1.5417 -1.1805 0.0, -1.548 -1.18 0.0, -1.5527 -1.0046 0.0, -1.5652 -1.0032 0.0, -1.5698 -1.002 0.0, -1.5877 -1.0128 0.0, -1.5876 -1.0132 0.0, -1.5874 -1.0138 0.0, -1.5784 -1.1635 0.0, -1.5865 -1.1699 0.0, -1.5873 -1.1708 0.0, -1.5878 -1.1719 0.0, -1.5106 -1.0304 0.0, -1.5165 -1.0199 0.0, -1.5214 -1.014 0.0, -1.5866 -1.0108 0.0, -1.5871 -1.0114 0.0, -1.5874 -1.0119 0.0, -1.5825 -1.0064 0.0, -1.5859 -1.01 0.0, -1.5709 -1.1751 0.0, -1.5649 -1.1757 0.0, -1.5542 -1.1788 0.0, -1.5871 -1.1748 0.0, -1.5867 -1.1751 0.0, -1.5816 -1.1742 0.0, -1.5036 -1.1217 0.0, -1.5023 -1.0825 0.0, -1.5052 -1.0491 0.0, -1.5757 -1.1742 0.0, -1.5733 -1.1747 0.0, -1.574 -0.9996 0.0, -1.5737 -0.9996 0.0, -1.5736 -0.9997 0.0, -1.5728 -1.0002 0.0, -1.6165 -1.0989 0.0, -1.617 -1.0986 0.0, -1.6177 -1.0245 0.0, -1.6855 -1.175 0.0, -1.6854 -1.1753 0.0, -1.6973 -1.1839 0.0, -1.6703 -1.1009 0.0, -1.6465 -1.104 0.0, -1.6703 -1.1632 0.0, -1.6367 -1.106 0.0, -1.625 -1.1114 0.0, -1.6168 -1.1714 0.0, -1.6213 -1.1708 0.0, -1.6853 -1.1754 0.0, -1.6852 -1.1755 0.0, -1.685 -1.1756 0.0, -1.628 -1.1699 0.0, -1.6347 -1.1692 0.0, -1.6276 -1.11 0.0, -1.6304 -1.1082 0.0, -1.6161 -1.0992 0.0, -1.6973 -0.9997 0.0, -1.6788 -1.0011 0.0, -1.6794 -1.0014 0.0, -1.6848 -1.171 0.0, -1.6852 -1.1719 0.0, -1.6855 -1.1733 0.0, -1.6143 -1.1738 0.0, -1.6143 -1.1734 0.0, -1.6162 -1.1024 0.0, -1.6158 -1.1018 0.0, -1.6161 -1.1715 0.0, -1.6156 -1.1012 0.0, -1.6156 -1.1716 0.0, -1.6155 -1.1007 0.0, -1.6151 -1.1719 0.0, -1.6147 -1.1723 0.0, -1.6802 -1.0019 0.0, -1.6807 -1.0027 0.0, -1.681 -1.0033 0.0, -1.6855 -1.1742 0.0, -1.6855 -1.1748 0.0, -1.6846 -1.1757 0.0, -1.6839 -1.1757 0.0, -1.6831 -1.1757 0.0, -1.6236 -1.1844 0.0, -1.6231 -1.1839 0.0, -1.6154 -1.1759 0.0, -1.6703 -1.091 0.0, -1.6703 -1.0143 0.0, -1.6281 -1.0202 0.0, -1.6168 -1.1032 0.0, -1.6097 -1.0157 0.0, -1.6086 -1.013 0.0, -1.6087 -1.0125 0.0, -1.609 -1.012 0.0, -1.678 -1.001 0.0, -1.6766 -1.001 0.0, -1.6812 -1.0044 0.0, -1.6812 -1.006 0.0, -1.6811 -1.0066 0.0, -1.6143 -1.173 0.0, -1.6144 -1.1726 0.0, -1.6175 -1.0984 0.0, -1.6182 -1.0983 0.0, -1.6202 -1.0231 0.0, -1.624 -1.0213 0.0, -1.6817 -1.167 0.0, -1.6837 -1.1693 0.0, -1.6156 -1.1003 0.0, -1.6157 -1.0998 0.0, -1.6089 -1.0145 0.0, -1.6086 -1.0138 0.0, -1.6086 -1.0134 0.0, -1.6092 -1.0117 0.0, -1.6094 -1.0115 0.0, -1.6097 -1.0114 0.0, -1.6098 -1.0113 0.0, -1.6105 -1.0112 0.0, -1.6114 -1.0111 0.0, -1.6777 -1.1748 0.0, -1.6729 -1.1742 0.0, -1.6681 -1.1742 0.0, -1.6149 -1.175 0.0, -1.6145 -1.1743 0.0, -1.6584 -1.0049 0.0, -1.6714 -1.0027 0.0, -1.6746 -1.0015 0.0, -1.6793 -1.0138 0.0, -1.6785 -1.0211 0.0, -1.6785 -1.0265 0.0, -1.6672 -1.1742 0.0, -1.6617 -1.1744 0.0, -1.6562 -1.1751 0.0, -1.6451 -1.1771 0.0, -1.6354 -1.179 0.0, -1.6277 -1.1818 0.0, -1.6157 -1.0109 0.0, -1.6371 -1.0083 0.0, -1.6785 -1.1632 0.0, -1.6782 -1.0335 0.0, -1.6784 -1.03 0.0, -1.6261 -1.1827 0.0, -1.6244 -1.1839 0.0, -1.6973 -1.2992 0.0, -1.5983 -1.2992 0.0, -1.8722 -1.1884 0.0, -1.8703 -1.1907 0.0, -1.883 -1.2992 0.0, -1.7983 -1.2992 0.0, -1.862 -1.1572 0.0, -1.8208 -1.0209 0.0, -1.8199 -1.0213 0.0, -1.7983 -1.1839 0.0, -1.8648 -1.1839 0.0, -1.8578 -1.1751 0.0, -1.7983 -0.9997 0.0, -1.8083 -1.0086 0.0, -1.8086 -1.008 0.0, -1.8607 -1.1689 0.0, -1.862 -1.1609 0.0, -1.8102 -1.0127 0.0, -1.8091 -1.0115 0.0, -1.8086 -1.0106 0.0, -1.8084 -1.0097 0.0, -1.8133 -1.0155 0.0, -1.8694 -1.0307 0.0, -1.8694 -1.1581 0.0, -1.883 -1.1839 0.0, -1.862 -1.0129 0.0, -1.8403 -1.0147 0.0, -1.8299 -1.0163 0.0, -1.8264 -1.0171 0.0, -1.8696 -1.1719 0.0, -1.8714 -1.1839 0.0, -1.8717 -1.1856 0.0, -1.8243 -1.0181 0.0, -1.8217 -1.0203 0.0, -1.8691 -1.0014 0.0, -1.8696 -1.0016 0.0, -1.883 -0.9997 0.0, -1.8699 -1.0018 0.0, -1.8703 -1.0023 0.0, -1.8707 -1.0031 0.0, -1.8709 -1.0038 0.0, -1.8709 -1.0054 0.0, -1.8701 -1.0123 0.0, -1.87 -1.014 0.0, -1.8088 -1.0077 0.0, -1.8092 -1.0075 0.0, -1.8099 -1.0072 0.0, -1.811 -1.0071 0.0, -1.8159 -1.007 0.0, -1.8231 -1.0059 0.0, -1.8418 -1.004 0.0, -1.8479 -1.0035 0.0, -1.8598 -1.0024 0.0, -1.8686 -1.0013 0.0, -1.8678 -1.0014 0.0, -1.8663 -1.0018 0.0, -0.5983 -0.9093 0.0, -0.1063 -0.9093 0.0, 0.0 -0.9512 0.0, 0.0 1.1811 0.0, -0.1063 0.9842 0.0, -0.5983 1.1811 0.0, -0.5983 0.9842 0.0, -0.6973 1.1811 0.0, -0.6973 0.9842 0.0, -0.7983 1.1811 0.0, -0.7983 0.9842 0.0, -0.883 1.1811 0.0, -0.883 0.9842 0.0, -0.8937 0.9842 0.0, -0.8937 -0.9093 0.0, -0.883 -0.9512 0.0, -0.883 -0.9093 0.0, -0.7983 -0.9512 0.0, -0.7983 -0.9093 0.0, -0.6973 -0.9512 0.0, -0.6973 -0.9093 0.0, -0.5983 -0.9512 0.0, -0.4241 -1.0757 0.0, -0.4626 -1.0664 0.0, -0.4074 -1.0069 0.0, -0.4717 -1.0242 0.0, -0.4062 -0.9997 0.0, -0.5737 -0.9996 0.0, -0.574 -0.9996 0.0, -0.4796 -0.9932 0.0, -0.4798 -0.9932 0.0, -0.4029 -0.9944 0.0, -0.403 -0.9941 0.0, -0.4794 -0.9932 0.0, -0.48 -0.9932 0.0, -0.4802 -0.9934 0.0, -0.4804 -0.9936 0.0, -0.4023 -0.9981 0.0, -0.4024 -0.9967 0.0, -0.4814 -0.9997 0.0, -0.5736 -0.9997 0.0, -0.4812 -0.9981 0.0, -0.4807 -0.9946 0.0, -0.4805 -0.9938 0.0, -0.4031 -0.9939 0.0, -0.4033 -0.9937 0.0, -0.4035 -0.9936 0.0, -0.4037 -0.9936 0.0, -0.4039 -0.9936 0.0, -0.4791 -0.9933 0.0, -0.4026 -0.9956 0.0, -0.4027 -0.9949 0.0, -0.4783 -0.9942 0.0, -0.4786 -0.9938 0.0, -0.4789 -0.9935 0.0, -0.4045 -0.9938 0.0, -0.4048 -0.994 0.0, -0.4767 -0.9997 0.0, -0.405 -0.9943 0.0, -0.4052 -0.9948 0.0, -0.4759 -1.0027 0.0, -0.4054 -0.9956 0.0, -0.4042 -0.9936 0.0, -0.4776 -0.9959 0.0, -0.478 -0.9949 0.0, -0.4007 -1.0245 0.0, -0.4004 -1.0241 0.0, 0.0 -1.1839 0.0, -0.4002 -1.0238 0.0, -0.4002 -1.0235 0.0, 0.0 -0.9997 0.0, -0.4002 -1.0224 0.0, -0.4006 -1.0158 0.0, -0.4006 -1.0157 0.0, -0.4017 -1.003 0.0, -0.4021 -0.9997 0.0, -0.4408 -1.1867 0.0, -0.4402 -1.1839 0.0, -0.4134 -1.0653 0.0, -0.41 -1.0511 0.0, -0.4085 -1.0444 0.0, -0.4066 -1.0378 0.0, -0.4046 -1.0324 0.0, -0.4028 -1.0274 0.0, -0.4016 -1.0256 0.0, -0.5983 -1.2992 0.0, -0.5983 -1.1839 0.0, -0.4454 -1.1839 0.0, -0.5873 -1.014 0.0, -0.5871 -1.0141 0.0, -0.5214 -1.014 0.0, -0.5269 -1.0099 0.0, -0.5876 -1.0122 0.0, -0.5877 -1.0125 0.0, -0.5329 -1.1799 0.0, -0.5265 -1.1784 0.0, -0.5213 -1.1757 0.0, -0.5167 -1.1715 0.0, -0.5121 -1.165 0.0, -0.586 -1.0144 0.0, -0.5765 -1.1627 0.0, -0.5867 -1.0143 0.0, -0.587 -1.0142 0.0, -0.5879 -1.1725 0.0, -0.5879 -1.1732 0.0, -0.5877 -1.1739 0.0, -0.5875 -1.1744 0.0, -0.483 -1.0134 0.0, -0.4834 -1.0189 0.0, -0.5165 -1.0199 0.0, -0.5753 -0.9998 0.0, -0.5771 -1.0012 0.0, -0.5812 -1.0049 0.0, -0.5802 -1.1646 0.0, -0.5853 -1.1689 0.0, -0.585 -1.0143 0.0, -0.5811 -1.0143 0.0, -0.5765 -1.0143 0.0, -0.5322 -1.0078 0.0, -0.5527 -1.0046 0.0, -0.5652 -1.0032 0.0, -0.5417 -1.1805 0.0, -0.548 -1.18 0.0, -0.5106 -1.0304 0.0, -0.4833 -1.0215 0.0, -0.4827 -1.0231 0.0, -0.5877 -1.0128 0.0, -0.5876 -1.0132 0.0, -0.5874 -1.0138 0.0, -0.5784 -1.1635 0.0, -0.5865 -1.1699 0.0, -0.5873 -1.1708 0.0, -0.5878 -1.1719 0.0, -0.4816 -1.0015 0.0, -0.5698 -1.002 0.0, -0.5728 -1.0002 0.0, -0.5866 -1.0108 0.0, -0.5871 -1.0114 0.0, -0.5874 -1.0119 0.0, -0.5825 -1.0064 0.0, -0.5859 -1.01 0.0, -0.5709 -1.1751 0.0, -0.5649 -1.1757 0.0, -0.5542 -1.1788 0.0, -0.5078 -1.1534 0.0, -0.5036 -1.1217 0.0, -0.4739 -1.0517 0.0, -0.5023 -1.0825 0.0, -0.477 -1.0391 0.0, -0.5052 -1.0491 0.0, -0.4807 -1.0267 0.0, -0.4821 -1.0242 0.0, -0.5871 -1.1748 0.0, -0.5867 -1.1751 0.0, -0.5816 -1.1742 0.0, -0.5757 -1.1742 0.0, -0.5733 -1.1747 0.0, -0.6854 -1.1753 0.0, -0.6853 -1.1754 0.0, -0.6973 -1.1839 0.0, -0.6165 -1.0989 0.0, -0.617 -1.0986 0.0, -0.6177 -1.0245 0.0, -0.6855 -1.175 0.0, -0.6703 -1.1009 0.0, -0.6465 -1.104 0.0, -0.6703 -1.1632 0.0, -0.6367 -1.106 0.0, -0.625 -1.1114 0.0, -0.6168 -1.1714 0.0, -0.6213 -1.1708 0.0, -0.6852 -1.1755 0.0, -0.685 -1.1756 0.0, -0.6846 -1.1757 0.0, -0.628 -1.1699 0.0, -0.6347 -1.1692 0.0, -0.6276 -1.11 0.0, -0.6304 -1.1082 0.0, -0.6161 -1.0992 0.0, -0.6973 -0.9997 0.0, -0.6788 -1.0011 0.0, -0.6794 -1.0014 0.0, -0.6848 -1.171 0.0, -0.6852 -1.1719 0.0, -0.6855 -1.1733 0.0, -0.6143 -1.1738 0.0, -0.6143 -1.1734 0.0, -0.6162 -1.1024 0.0, -0.6158 -1.1018 0.0, -0.6161 -1.1715 0.0, -0.6156 -1.1012 0.0, -0.6156 -1.1716 0.0, -0.6155 -1.1007 0.0, -0.6151 -1.1719 0.0, -0.6147 -1.1723 0.0, -0.6802 -1.0019 0.0, -0.6807 -1.0027 0.0, -0.681 -1.0033 0.0, -0.6855 -1.1742 0.0, -0.6855 -1.1748 0.0, -0.6231 -1.1839 0.0, -0.6154 -1.1759 0.0, -0.6703 -1.091 0.0, -0.6703 -1.0143 0.0, -0.6281 -1.0202 0.0, -0.6168 -1.1032 0.0, -0.6097 -1.0157 0.0, -0.6086 -1.013 0.0, -0.6087 -1.0125 0.0, -0.609 -1.012 0.0, -0.678 -1.001 0.0, -0.6766 -1.001 0.0, -0.6812 -1.0044 0.0, -0.6812 -1.006 0.0, -0.6811 -1.0066 0.0, -0.6143 -1.173 0.0, -0.6144 -1.1726 0.0, -0.6175 -1.0984 0.0, -0.6182 -1.0983 0.0, -0.6202 -1.0231 0.0, -0.624 -1.0213 0.0, -0.6817 -1.167 0.0, -0.6837 -1.1693 0.0, -0.6839 -1.1757 0.0, -0.6831 -1.1757 0.0, -0.6777 -1.1748 0.0, -0.6156 -1.1003 0.0, -0.6157 -1.0998 0.0, -0.6089 -1.0145 0.0, -0.6086 -1.0138 0.0, -0.6086 -1.0134 0.0, -0.6092 -1.0117 0.0, -0.6094 -1.0115 0.0, -0.6097 -1.0114 0.0, -0.6098 -1.0113 0.0, -0.6105 -1.0112 0.0, -0.6114 -1.0111 0.0, -0.6729 -1.1742 0.0, -0.6681 -1.1742 0.0, -0.6672 -1.1742 0.0, -0.6149 -1.175 0.0, -0.6145 -1.1743 0.0, -0.6451 -1.1771 0.0, -0.6354 -1.179 0.0, -0.6584 -1.0049 0.0, -0.6714 -1.0027 0.0, -0.6746 -1.0015 0.0, -0.6793 -1.0138 0.0, -0.6785 -1.0211 0.0, -0.6785 -1.0265 0.0, -0.6617 -1.1744 0.0, -0.6562 -1.1751 0.0, -0.6277 -1.1818 0.0, -0.6261 -1.1827 0.0, -0.6244 -1.1839 0.0, -0.6157 -1.0109 0.0, -0.6371 -1.0083 0.0, -0.6785 -1.1632 0.0, -0.6782 -1.0335 0.0, -0.6784 -1.03 0.0, -0.6236 -1.1844 0.0, -0.6973 -1.2992 0.0, -0.8722 -1.1884 0.0, -0.8703 -1.1907 0.0, -0.883 -1.2992 0.0, -0.7983 -1.2992 0.0, -0.862 -1.1572 0.0, -0.8208 -1.0209 0.0, -0.8199 -1.0213 0.0, -0.7983 -1.1839 0.0, -0.8648 -1.1839 0.0, -0.8578 -1.1751 0.0, -0.7983 -0.9997 0.0, -0.8083 -1.0086 0.0, -0.8086 -1.008 0.0, -0.8607 -1.1689 0.0, -0.862 -1.1609 0.0, -0.8102 -1.0127 0.0, -0.8091 -1.0115 0.0, -0.8086 -1.0106 0.0, -0.8084 -1.0097 0.0, -0.8133 -1.0155 0.0, -0.8694 -1.0307 0.0, -0.8694 -1.1581 0.0, -0.883 -1.1839 0.0, -0.862 -1.0129 0.0, -0.8403 -1.0147 0.0, -0.8299 -1.0163 0.0, -0.8264 -1.0171 0.0, -0.8696 -1.1719 0.0, -0.8714 -1.1839 0.0, -0.8717 -1.1856 0.0, -0.8243 -1.0181 0.0, -0.8217 -1.0203 0.0, -0.8691 -1.0014 0.0, -0.8696 -1.0016 0.0, -0.883 -0.9997 0.0, -0.8699 -1.0018 0.0, -0.8703 -1.0023 0.0, -0.8707 -1.0031 0.0, -0.8709 -1.0038 0.0, -0.8709 -1.0054 0.0, -0.8701 -1.0123 0.0, -0.87 -1.014 0.0, -0.8088 -1.0077 0.0, -0.8092 -1.0075 0.0, -0.8099 -1.0072 0.0, -0.811 -1.0071 0.0, -0.8159 -1.007 0.0, -0.8231 -1.0059 0.0, -0.8418 -1.004 0.0, -0.8479 -1.0035 0.0, -0.8598 -1.0024 0.0, -0.8686 -1.0013 0.0, -0.8678 -1.0014 0.0, -0.8663 -1.0018 0.0, 0.2017 -0.9512 0.0, 0.2017 -0.9093 0.0, 0.3027 -0.9512 0.0, 0.3027 -0.9093 0.0, 0.4017 -0.9512 0.0, 0.4017 -0.9093 0.0, 0.5071 -0.9512 0.0, 0.5071 -0.9093 0.0, 1.0 -0.9512 0.0, 0.8937 -0.9093 0.0, 1.0 1.1811 0.0, 0.8937 0.9842 0.0, 0.5071 1.1811 0.0, 0.5071 0.9842 0.0, 0.4017 1.1811 0.0, 0.4017 0.9842 0.0, 0.3027 1.1811 0.0, 0.3027 0.9842 0.0, 0.2017 1.1811 0.0, 0.2017 0.9842 0.0, 0.117 1.1811 0.0, 0.117 0.9842 0.0, 0.1063 0.9842 0.0, 0.1063 -0.9093 0.0, 0.117 -0.9512 0.0, 0.117 -0.9093 0.0, 0.5759 -1.0757 0.0, 0.5374 -1.0664 0.0, 0.5926 -1.0069 0.0, 0.5283 -1.0242 0.0, 0.5938 -0.9997 0.0, 0.597 -0.9941 0.0, 0.5969 -0.9939 0.0, 0.5971 -0.9944 0.0, 0.5204 -0.9932 0.0, 0.5202 -0.9932 0.0, 0.52 -0.9932 0.0, 0.5071 -0.9997 0.0, 0.5193 -0.9946 0.0, 0.5188 -0.9981 0.0, 0.5198 -0.9934 0.0, 0.5196 -0.9936 0.0, 0.5195 -0.9938 0.0, 0.5977 -0.9981 0.0, 0.5976 -0.9967 0.0, 0.5974 -0.9956 0.0, 0.5973 -0.9949 0.0, 0.5224 -0.9959 0.0, 0.596 -0.9936 0.0, 0.5233 -0.9997 0.0, 0.5958 -0.9936 0.0, 0.5955 -0.9938 0.0, 0.5241 -1.0027 0.0, 0.5946 -0.9956 0.0, 0.5948 -0.9948 0.0, 0.522 -0.9949 0.0, 0.5217 -0.9942 0.0, 0.5214 -0.9938 0.0, 0.5952 -0.994 0.0, 0.595 -0.9943 0.0, 0.5211 -0.9935 0.0, 0.5209 -0.9933 0.0, 0.5206 -0.9932 0.0, 0.5967 -0.9937 0.0, 0.5965 -0.9936 0.0, 0.5963 -0.9936 0.0, 0.5993 -1.0245 0.0, 0.5996 -1.0241 0.0, 1.0 -1.1839 0.0, 0.5998 -1.0238 0.0, 0.5998 -1.0235 0.0, 1.0 -0.9997 0.0, 0.5998 -1.0224 0.0, 0.5994 -1.0158 0.0, 0.5994 -1.0157 0.0, 0.5983 -1.003 0.0, 0.5979 -0.9997 0.0, 0.5592 -1.1867 0.0, 0.5598 -1.1839 0.0, 0.5866 -1.0653 0.0, 0.59 -1.0511 0.0, 0.5915 -1.0444 0.0, 0.5934 -1.0378 0.0, 0.5954 -1.0324 0.0, 0.5972 -1.0274 0.0, 0.5984 -1.0256 0.0, 0.5193 -1.0267 0.0, 0.523 -1.0391 0.0, 0.5179 -1.0242 0.0, 0.5173 -1.0231 0.0, 0.5186 -0.9997 0.0, 0.5184 -1.0015 0.0, 0.517 -1.0134 0.0, 0.5261 -1.0517 0.0, 0.5071 -1.1839 0.0, 0.5167 -1.0215 0.0, 0.5166 -1.0189 0.0, 0.4127 -1.014 0.0, 0.4129 -1.0141 0.0, 0.4017 -1.1839 0.0, 0.4735 -1.1784 0.0, 0.4787 -1.1757 0.0, 0.4731 -1.0099 0.0, 0.4678 -1.0078 0.0, 0.4124 -1.0122 0.0, 0.4123 -1.0125 0.0, 0.4671 -1.1799 0.0, 0.414 -1.0144 0.0, 0.4235 -1.1627 0.0, 0.4133 -1.0143 0.0, 0.413 -1.0142 0.0, 0.4121 -1.1725 0.0, 0.4121 -1.1732 0.0, 0.4123 -1.1739 0.0, 0.4125 -1.1744 0.0, 0.4833 -1.1715 0.0, 0.4879 -1.165 0.0, 0.4922 -1.1534 0.0, 0.4247 -0.9998 0.0, 0.4229 -1.0012 0.0, 0.4188 -1.0049 0.0, 0.4198 -1.1646 0.0, 0.4147 -1.1689 0.0, 0.415 -1.0143 0.0, 0.4189 -1.0143 0.0, 0.4235 -1.0143 0.0, 0.4583 -1.1805 0.0, 0.452 -1.18 0.0, 0.4473 -1.0046 0.0, 0.4348 -1.0032 0.0, 0.4302 -1.002 0.0, 0.4123 -1.0128 0.0, 0.4124 -1.0132 0.0, 0.4126 -1.0138 0.0, 0.4216 -1.1635 0.0, 0.4135 -1.1699 0.0, 0.4127 -1.1708 0.0, 0.4122 -1.1719 0.0, 0.4894 -1.0304 0.0, 0.4835 -1.0199 0.0, 0.4786 -1.014 0.0, 0.4134 -1.0108 0.0, 0.4129 -1.0114 0.0, 0.4126 -1.0119 0.0, 0.4175 -1.0064 0.0, 0.4141 -1.01 0.0, 0.4291 -1.1751 0.0, 0.4351 -1.1757 0.0, 0.4458 -1.1788 0.0, 0.4129 -1.1748 0.0, 0.4133 -1.1751 0.0, 0.4184 -1.1742 0.0, 0.4964 -1.1217 0.0, 0.4977 -1.0825 0.0, 0.4948 -1.0491 0.0, 0.4243 -1.1742 0.0, 0.4267 -1.1747 0.0, 0.426 -0.9996 0.0, 0.4263 -0.9996 0.0, 0.4264 -0.9997 0.0, 0.4272 -1.0002 0.0, 0.3835 -1.0989 0.0, 0.383 -1.0986 0.0, 0.3823 -1.0245 0.0, 0.3145 -1.175 0.0, 0.3146 -1.1753 0.0, 0.3027 -1.1839 0.0, 0.3297 -1.1009 0.0, 0.3535 -1.104 0.0, 0.3297 -1.1632 0.0, 0.3633 -1.106 0.0, 0.375 -1.1114 0.0, 0.3832 -1.1714 0.0, 0.3787 -1.1708 0.0, 0.3147 -1.1754 0.0, 0.3148 -1.1755 0.0, 0.315 -1.1756 0.0, 0.372 -1.1699 0.0, 0.3653 -1.1692 0.0, 0.3724 -1.11 0.0, 0.3696 -1.1082 0.0, 0.3839 -1.0992 0.0, 0.3027 -0.9997 0.0, 0.3212 -1.0011 0.0, 0.3206 -1.0014 0.0, 0.3152 -1.171 0.0, 0.3148 -1.1719 0.0, 0.3145 -1.1733 0.0, 0.3857 -1.1738 0.0, 0.3857 -1.1734 0.0, 0.3838 -1.1024 0.0, 0.3842 -1.1018 0.0, 0.3839 -1.1715 0.0, 0.3844 -1.1012 0.0, 0.3844 -1.1716 0.0, 0.3845 -1.1007 0.0, 0.3849 -1.1719 0.0, 0.3853 -1.1723 0.0, 0.3198 -1.0019 0.0, 0.3193 -1.0027 0.0, 0.319 -1.0033 0.0, 0.3145 -1.1742 0.0, 0.3145 -1.1748 0.0, 0.3154 -1.1757 0.0, 0.3161 -1.1757 0.0, 0.3169 -1.1757 0.0, 0.3764 -1.1844 0.0, 0.3769 -1.1839 0.0, 0.3846 -1.1759 0.0, 0.3297 -1.091 0.0, 0.3297 -1.0143 0.0, 0.3719 -1.0202 0.0, 0.3832 -1.1032 0.0, 0.3903 -1.0157 0.0, 0.3914 -1.013 0.0, 0.3913 -1.0125 0.0, 0.391 -1.012 0.0, 0.322 -1.001 0.0, 0.3234 -1.001 0.0, 0.3188 -1.0044 0.0, 0.3188 -1.006 0.0, 0.3189 -1.0066 0.0, 0.3857 -1.173 0.0, 0.3856 -1.1726 0.0, 0.3825 -1.0984 0.0, 0.3818 -1.0983 0.0, 0.3798 -1.0231 0.0, 0.376 -1.0213 0.0, 0.3183 -1.167 0.0, 0.3163 -1.1693 0.0, 0.3844 -1.1003 0.0, 0.3843 -1.0998 0.0, 0.3911 -1.0145 0.0, 0.3914 -1.0138 0.0, 0.3914 -1.0134 0.0, 0.3908 -1.0117 0.0, 0.3906 -1.0115 0.0, 0.3903 -1.0114 0.0, 0.3902 -1.0113 0.0, 0.3895 -1.0112 0.0, 0.3886 -1.0111 0.0, 0.3223 -1.1748 0.0, 0.3271 -1.1742 0.0, 0.3319 -1.1742 0.0, 0.3851 -1.175 0.0, 0.3855 -1.1743 0.0, 0.3416 -1.0049 0.0, 0.3286 -1.0027 0.0, 0.3254 -1.0015 0.0, 0.3207 -1.0138 0.0, 0.3215 -1.0211 0.0, 0.3215 -1.0265 0.0, 0.3328 -1.1742 0.0, 0.3383 -1.1744 0.0, 0.3438 -1.1751 0.0, 0.3549 -1.1771 0.0, 0.3646 -1.179 0.0, 0.3723 -1.1818 0.0, 0.3843 -1.0109 0.0, 0.3629 -1.0083 0.0, 0.3215 -1.1632 0.0, 0.3218 -1.0335 0.0, 0.3216 -1.03 0.0, 0.3739 -1.1827 0.0, 0.3756 -1.1839 0.0, 0.3027 -1.2992 0.0, 0.4017 -1.2992 0.0, 0.1278 -1.1884 0.0, 0.1297 -1.1907 0.0, 0.117 -1.2992 0.0, 0.2017 -1.2992 0.0, 0.138 -1.1572 0.0, 0.1792 -1.0209 0.0, 0.1801 -1.0213 0.0, 0.2017 -1.1839 0.0, 0.1352 -1.1839 0.0, 0.1422 -1.1751 0.0, 0.2017 -0.9997 0.0, 0.1917 -1.0086 0.0, 0.1914 -1.008 0.0, 0.1393 -1.1689 0.0, 0.138 -1.1609 0.0, 0.1898 -1.0127 0.0, 0.1909 -1.0115 0.0, 0.1914 -1.0106 0.0, 0.1916 -1.0097 0.0, 0.1867 -1.0155 0.0, 0.1306 -1.0307 0.0, 0.1306 -1.1581 0.0, 0.117 -1.1839 0.0, 0.138 -1.0129 0.0, 0.1597 -1.0147 0.0, 0.1701 -1.0163 0.0, 0.1736 -1.0171 0.0, 0.1304 -1.1719 0.0, 0.1286 -1.1839 0.0, 0.1283 -1.1856 0.0, 0.1757 -1.0181 0.0, 0.1783 -1.0203 0.0, 0.1309 -1.0014 0.0, 0.1304 -1.0016 0.0, 0.117 -0.9997 0.0, 0.1301 -1.0018 0.0, 0.1297 -1.0023 0.0, 0.1293 -1.0031 0.0, 0.1291 -1.0038 0.0, 0.1291 -1.0054 0.0, 0.1299 -1.0123 0.0, 0.13 -1.014 0.0, 0.1912 -1.0077 0.0, 0.1908 -1.0075 0.0, 0.1901 -1.0072 0.0, 0.189 -1.0071 0.0, 0.184 -1.007 0.0, 0.1769 -1.0059 0.0, 0.1582 -1.004 0.0, 0.1521 -1.0035 0.0, 0.1402 -1.0024 0.0, 0.1314 -1.0013 0.0, 0.1322 -1.0014 0.0, 0.1337 -1.0018 0.0, 1.4017 -0.9093 0.0, 1.8937 -0.9093 0.0, 2.0 -0.9512 0.0, 2.0 1.1811 0.0, 1.8937 0.9842 0.0, 1.4017 1.1811 0.0, 1.4017 0.9842 0.0, 1.3027 1.1811 0.0, 1.3027 0.9842 0.0, 1.2017 1.1811 0.0, 1.2017 0.9842 0.0, 1.117 1.1811 0.0, 1.117 0.9842 0.0, 1.1063 0.9842 0.0, 1.1063 -0.9093 0.0, 1.117 -0.9512 0.0, 1.117 -0.9093 0.0, 1.2017 -0.9512 0.0, 1.2017 -0.9093 0.0, 1.3027 -0.9512 0.0, 1.3027 -0.9093 0.0, 1.4017 -0.9512 0.0, 1.5759 -1.0757 0.0, 1.5374 -1.0664 0.0, 1.5926 -1.0069 0.0, 1.5283 -1.0242 0.0, 1.5938 -0.9997 0.0, 1.4263 -0.9996 0.0, 1.426 -0.9996 0.0, 1.5204 -0.9932 0.0, 1.5202 -0.9932 0.0, 1.5971 -0.9944 0.0, 1.597 -0.9941 0.0, 1.5206 -0.9932 0.0, 1.52 -0.9932 0.0, 1.5198 -0.9934 0.0, 1.5196 -0.9936 0.0, 1.5977 -0.9981 0.0, 1.5976 -0.9967 0.0, 1.5186 -0.9997 0.0, 1.4264 -0.9997 0.0, 1.5188 -0.9981 0.0, 1.5193 -0.9946 0.0, 1.5195 -0.9938 0.0, 1.5969 -0.9939 0.0, 1.5967 -0.9937 0.0, 1.5965 -0.9936 0.0, 1.5963 -0.9936 0.0, 1.596 -0.9936 0.0, 1.5209 -0.9933 0.0, 1.5974 -0.9956 0.0, 1.5973 -0.9949 0.0, 1.5217 -0.9942 0.0, 1.5214 -0.9938 0.0, 1.5211 -0.9935 0.0, 1.5955 -0.9938 0.0, 1.5952 -0.994 0.0, 1.5233 -0.9997 0.0, 1.595 -0.9943 0.0, 1.5948 -0.9948 0.0, 1.5241 -1.0027 0.0, 1.5946 -0.9956 0.0, 1.5958 -0.9936 0.0, 1.5224 -0.9959 0.0, 1.522 -0.9949 0.0, 1.5993 -1.0245 0.0, 1.5996 -1.0241 0.0, 2.0 -1.1839 0.0, 1.5998 -1.0238 0.0, 1.5998 -1.0235 0.0, 2.0 -0.9997 0.0, 1.5998 -1.0224 0.0, 1.5994 -1.0158 0.0, 1.5994 -1.0157 0.0, 1.5983 -1.003 0.0, 1.5979 -0.9997 0.0, 1.5592 -1.1867 0.0, 1.5598 -1.1839 0.0, 1.5866 -1.0653 0.0, 1.59 -1.0511 0.0, 1.5915 -1.0444 0.0, 1.5934 -1.0378 0.0, 1.5954 -1.0324 0.0, 1.5972 -1.0274 0.0, 1.5984 -1.0256 0.0, 1.4017 -1.2992 0.0, 1.4017 -1.1839 0.0, 1.5546 -1.1839 0.0, 1.4127 -1.014 0.0, 1.4129 -1.0141 0.0, 1.4786 -1.014 0.0, 1.4731 -1.0099 0.0, 1.4124 -1.0122 0.0, 1.4123 -1.0125 0.0, 1.4671 -1.1799 0.0, 1.4734 -1.1784 0.0, 1.4787 -1.1757 0.0, 1.4833 -1.1715 0.0, 1.4879 -1.165 0.0, 1.414 -1.0144 0.0, 1.4235 -1.1627 0.0, 1.4133 -1.0143 0.0, 1.413 -1.0142 0.0, 1.4121 -1.1725 0.0, 1.4121 -1.1732 0.0, 1.4123 -1.1739 0.0, 1.4125 -1.1744 0.0, 1.517 -1.0134 0.0, 1.5166 -1.0189 0.0, 1.4835 -1.0199 0.0, 1.4247 -0.9998 0.0, 1.4229 -1.0012 0.0, 1.4188 -1.0049 0.0, 1.4198 -1.1646 0.0, 1.4147 -1.1689 0.0, 1.415 -1.0143 0.0, 1.4189 -1.0143 0.0, 1.4235 -1.0143 0.0, 1.4678 -1.0078 0.0, 1.4473 -1.0046 0.0, 1.4348 -1.0032 0.0, 1.4583 -1.1805 0.0, 1.452 -1.18 0.0, 1.4894 -1.0304 0.0, 1.5167 -1.0215 0.0, 1.5173 -1.0231 0.0, 1.4123 -1.0128 0.0, 1.4124 -1.0132 0.0, 1.4126 -1.0138 0.0, 1.4216 -1.1635 0.0, 1.4135 -1.1699 0.0, 1.4127 -1.1708 0.0, 1.4122 -1.1719 0.0, 1.5184 -1.0015 0.0, 1.4302 -1.002 0.0, 1.4272 -1.0002 0.0, 1.4134 -1.0108 0.0, 1.4129 -1.0114 0.0, 1.4126 -1.0119 0.0, 1.4175 -1.0064 0.0, 1.4141 -1.01 0.0, 1.4291 -1.1751 0.0, 1.4351 -1.1757 0.0, 1.4458 -1.1788 0.0, 1.4922 -1.1534 0.0, 1.4964 -1.1217 0.0, 1.5261 -1.0517 0.0, 1.4977 -1.0825 0.0, 1.523 -1.0391 0.0, 1.4948 -1.0491 0.0, 1.5193 -1.0267 0.0, 1.5179 -1.0242 0.0, 1.4129 -1.1748 0.0, 1.4133 -1.1751 0.0, 1.4184 -1.1742 0.0, 1.4243 -1.1742 0.0, 1.4267 -1.1747 0.0, 1.3146 -1.1753 0.0, 1.3147 -1.1754 0.0, 1.3027 -1.1839 0.0, 1.3835 -1.0989 0.0, 1.383 -1.0986 0.0, 1.3823 -1.0245 0.0, 1.3145 -1.175 0.0, 1.3297 -1.1009 0.0, 1.3535 -1.104 0.0, 1.3297 -1.1632 0.0, 1.3633 -1.106 0.0, 1.375 -1.1114 0.0, 1.3832 -1.1714 0.0, 1.3787 -1.1708 0.0, 1.3148 -1.1755 0.0, 1.315 -1.1756 0.0, 1.3154 -1.1757 0.0, 1.372 -1.1699 0.0, 1.3653 -1.1692 0.0, 1.3724 -1.11 0.0, 1.3696 -1.1082 0.0, 1.3839 -1.0992 0.0, 1.3027 -0.9997 0.0, 1.3212 -1.0011 0.0, 1.3206 -1.0014 0.0, 1.3152 -1.171 0.0, 1.3148 -1.1719 0.0, 1.3145 -1.1733 0.0, 1.3857 -1.1738 0.0, 1.3857 -1.1734 0.0, 1.3838 -1.1024 0.0, 1.3842 -1.1018 0.0, 1.3839 -1.1715 0.0, 1.3844 -1.1012 0.0, 1.3844 -1.1716 0.0, 1.3845 -1.1007 0.0, 1.3849 -1.1719 0.0, 1.3853 -1.1723 0.0, 1.3198 -1.0019 0.0, 1.3193 -1.0027 0.0, 1.319 -1.0033 0.0, 1.3145 -1.1742 0.0, 1.3145 -1.1748 0.0, 1.3769 -1.1839 0.0, 1.3846 -1.1759 0.0, 1.3297 -1.091 0.0, 1.3297 -1.0143 0.0, 1.3719 -1.0202 0.0, 1.3832 -1.1032 0.0, 1.3903 -1.0157 0.0, 1.3914 -1.013 0.0, 1.3913 -1.0125 0.0, 1.391 -1.012 0.0, 1.322 -1.001 0.0, 1.3234 -1.001 0.0, 1.3188 -1.0044 0.0, 1.3188 -1.006 0.0, 1.3189 -1.0066 0.0, 1.3857 -1.173 0.0, 1.3856 -1.1726 0.0, 1.3825 -1.0984 0.0, 1.3818 -1.0983 0.0, 1.3798 -1.0231 0.0, 1.376 -1.0213 0.0, 1.3183 -1.167 0.0, 1.3163 -1.1693 0.0, 1.3161 -1.1757 0.0, 1.3169 -1.1757 0.0, 1.3223 -1.1748 0.0, 1.3844 -1.1003 0.0, 1.3843 -1.0998 0.0, 1.3911 -1.0145 0.0, 1.3914 -1.0138 0.0, 1.3914 -1.0134 0.0, 1.3908 -1.0117 0.0, 1.3906 -1.0115 0.0, 1.3903 -1.0114 0.0, 1.3902 -1.0113 0.0, 1.3895 -1.0112 0.0, 1.3886 -1.0111 0.0, 1.3271 -1.1742 0.0, 1.3319 -1.1742 0.0, 1.3328 -1.1742 0.0, 1.3851 -1.175 0.0, 1.3855 -1.1743 0.0, 1.3549 -1.1771 0.0, 1.3646 -1.179 0.0, 1.3416 -1.0049 0.0, 1.3286 -1.0027 0.0, 1.3254 -1.0015 0.0, 1.3207 -1.0138 0.0, 1.3215 -1.0211 0.0, 1.3215 -1.0265 0.0, 1.3383 -1.1744 0.0, 1.3438 -1.1751 0.0, 1.3723 -1.1818 0.0, 1.3739 -1.1827 0.0, 1.3756 -1.1839 0.0, 1.3843 -1.0109 0.0, 1.3629 -1.0083 0.0, 1.3215 -1.1632 0.0, 1.3218 -1.0335 0.0, 1.3216 -1.03 0.0, 1.3764 -1.1844 0.0, 1.3027 -1.2992 0.0, 1.1278 -1.1884 0.0, 1.1297 -1.1907 0.0, 1.117 -1.2992 0.0, 1.2017 -1.2992 0.0, 1.138 -1.1572 0.0, 1.1792 -1.0209 0.0, 1.1801 -1.0213 0.0, 1.2017 -1.1839 0.0, 1.1352 -1.1839 0.0, 1.1422 -1.1751 0.0, 1.2017 -0.9997 0.0, 1.1917 -1.0086 0.0, 1.1914 -1.008 0.0, 1.1393 -1.1689 0.0, 1.138 -1.1609 0.0, 1.1898 -1.0127 0.0, 1.1909 -1.0115 0.0, 1.1914 -1.0106 0.0, 1.1916 -1.0097 0.0, 1.1867 -1.0155 0.0, 1.1306 -1.0307 0.0, 1.1306 -1.1581 0.0, 1.117 -1.1839 0.0, 1.138 -1.0129 0.0, 1.1597 -1.0147 0.0, 1.1701 -1.0163 0.0, 1.1736 -1.0171 0.0, 1.1304 -1.1719 0.0, 1.1286 -1.1839 0.0, 1.1283 -1.1856 0.0, 1.1757 -1.0181 0.0, 1.1783 -1.0203 0.0, 1.1309 -1.0014 0.0, 1.1304 -1.0016 0.0, 1.117 -0.9997 0.0, 1.1301 -1.0018 0.0, 1.1297 -1.0023 0.0, 1.1293 -1.0031 0.0, 1.1291 -1.0038 0.0, 1.1291 -1.0054 0.0, 1.1299 -1.0123 0.0, 1.13 -1.014 0.0, 1.1912 -1.0077 0.0, 1.1908 -1.0075 0.0, 1.1901 -1.0072 0.0, 1.189 -1.0071 0.0, 1.184 -1.007 0.0, 1.1769 -1.0059 0.0, 1.1582 -1.004 0.0, 1.1521 -1.0035 0.0, 1.1402 -1.0024 0.0, 1.1314 -1.0013 0.0, 1.1322 -1.0014 0.0, 1.1337 -1.0018 0.0, 2.2017 -0.9512 0.0, 2.2017 -0.9093 0.0, 2.3027 -0.9512 0.0, 2.3027 -0.9093 0.0, 2.4017 -0.9512 0.0, 2.4017 -0.9093 0.0, 2.5071 -0.9512 0.0, 2.5071 -0.9093 0.0, 3.0 -0.9512 0.0, 2.8937 -0.9093 0.0, 3.0 1.1811 0.0, 2.8937 0.9842 0.0, 2.5071 1.1811 0.0, 2.5071 0.9842 0.0, 2.4017 1.1811 0.0, 2.4017 0.9842 0.0, 2.3027 1.1811 0.0, 2.3027 0.9842 0.0, 2.2017 1.1811 0.0, 2.2017 0.9842 0.0, 2.117 1.1811 0.0, 2.117 0.9842 0.0, 2.1063 0.9842 0.0, 2.1063 -0.9093 0.0, 2.117 -0.9512 0.0, 2.117 -0.9093 0.0, 2.5759 -1.0757 0.0, 2.5374 -1.0664 0.0, 2.5926 -1.0069 0.0, 2.5283 -1.0242 0.0, 2.5938 -0.9997 0.0, 2.597 -0.9941 0.0, 2.5969 -0.9939 0.0, 2.5971 -0.9944 0.0, 2.5204 -0.9932 0.0, 2.5202 -0.9932 0.0, 2.52 -0.9932 0.0, 2.5071 -0.9997 0.0, 2.5193 -0.9946 0.0, 2.5188 -0.9981 0.0, 2.5198 -0.9934 0.0, 2.5196 -0.9936 0.0, 2.5195 -0.9938 0.0, 2.5977 -0.9981 0.0, 2.5976 -0.9967 0.0, 2.5974 -0.9956 0.0, 2.5973 -0.9949 0.0, 2.5224 -0.9959 0.0, 2.596 -0.9936 0.0, 2.5233 -0.9997 0.0, 2.5958 -0.9936 0.0, 2.5955 -0.9938 0.0, 2.5241 -1.0027 0.0, 2.5946 -0.9956 0.0, 2.5948 -0.9948 0.0, 2.522 -0.9949 0.0, 2.5217 -0.9942 0.0, 2.5214 -0.9938 0.0, 2.5952 -0.994 0.0, 2.595 -0.9943 0.0, 2.5211 -0.9935 0.0, 2.5209 -0.9933 0.0, 2.5206 -0.9932 0.0, 2.5967 -0.9937 0.0, 2.5965 -0.9936 0.0, 2.5963 -0.9936 0.0, 2.5993 -1.0245 0.0, 2.5996 -1.0241 0.0, 3.0 -1.1839 0.0, 2.5998 -1.0238 0.0, 2.5998 -1.0235 0.0, 3.0 -0.9997 0.0, 2.5998 -1.0224 0.0, 2.5994 -1.0158 0.0, 2.5994 -1.0157 0.0, 2.5983 -1.003 0.0, 2.5979 -0.9997 0.0, 2.5592 -1.1867 0.0, 2.5598 -1.1839 0.0, 2.5866 -1.0653 0.0, 2.59 -1.0511 0.0, 2.5915 -1.0444 0.0, 2.5934 -1.0378 0.0, 2.5954 -1.0324 0.0, 2.5972 -1.0274 0.0, 2.5984 -1.0256 0.0, 2.5193 -1.0267 0.0, 2.523 -1.0391 0.0, 2.5179 -1.0242 0.0, 2.5173 -1.0231 0.0, 2.5186 -0.9997 0.0, 2.5184 -1.0015 0.0, 2.517 -1.0134 0.0, 2.5261 -1.0517 0.0, 2.5071 -1.1839 0.0, 2.5167 -1.0215 0.0, 2.5166 -1.0189 0.0, 2.4127 -1.014 0.0, 2.4129 -1.0141 0.0, 2.4017 -1.1839 0.0, 2.4734 -1.1784 0.0, 2.4787 -1.1757 0.0, 2.4731 -1.0099 0.0, 2.4678 -1.0078 0.0, 2.4124 -1.0122 0.0, 2.4123 -1.0125 0.0, 2.4671 -1.1799 0.0, 2.414 -1.0144 0.0, 2.4235 -1.1627 0.0, 2.4133 -1.0143 0.0, 2.413 -1.0142 0.0, 2.4121 -1.1725 0.0, 2.4121 -1.1732 0.0, 2.4123 -1.1739 0.0, 2.4125 -1.1744 0.0, 2.4833 -1.1715 0.0, 2.4879 -1.165 0.0, 2.4922 -1.1534 0.0, 2.4247 -0.9998 0.0, 2.4229 -1.0012 0.0, 2.4188 -1.0049 0.0, 2.4198 -1.1646 0.0, 2.4147 -1.1689 0.0, 2.415 -1.0143 0.0, 2.4189 -1.0143 0.0, 2.4235 -1.0143 0.0, 2.4583 -1.1805 0.0, 2.452 -1.18 0.0, 2.4473 -1.0046 0.0, 2.4348 -1.0032 0.0, 2.4302 -1.002 0.0, 2.4123 -1.0128 0.0, 2.4124 -1.0132 0.0, 2.4126 -1.0138 0.0, 2.4216 -1.1635 0.0, 2.4135 -1.1699 0.0, 2.4127 -1.1708 0.0, 2.4122 -1.1719 0.0, 2.4894 -1.0304 0.0, 2.4835 -1.0199 0.0, 2.4786 -1.014 0.0, 2.4134 -1.0108 0.0, 2.4129 -1.0114 0.0, 2.4126 -1.0119 0.0, 2.4175 -1.0064 0.0, 2.4141 -1.01 0.0, 2.4291 -1.1751 0.0, 2.4351 -1.1757 0.0, 2.4458 -1.1788 0.0, 2.4129 -1.1748 0.0, 2.4133 -1.1751 0.0, 2.4184 -1.1742 0.0, 2.4964 -1.1217 0.0, 2.4977 -1.0825 0.0, 2.4948 -1.0491 0.0, 2.4243 -1.1742 0.0, 2.4267 -1.1747 0.0, 2.426 -0.9996 0.0, 2.4263 -0.9996 0.0, 2.4264 -0.9997 0.0, 2.4272 -1.0002 0.0, 2.3835 -1.0989 0.0, 2.383 -1.0986 0.0, 2.3823 -1.0245 0.0, 2.3145 -1.175 0.0, 2.3146 -1.1753 0.0, 2.3027 -1.1839 0.0, 2.3297 -1.1009 0.0, 2.3535 -1.104 0.0, 2.3297 -1.1632 0.0, 2.3633 -1.106 0.0, 2.375 -1.1114 0.0, 2.3832 -1.1714 0.0, 2.3787 -1.1708 0.0, 2.3147 -1.1754 0.0, 2.3148 -1.1755 0.0, 2.315 -1.1756 0.0, 2.372 -1.1699 0.0, 2.3653 -1.1692 0.0, 2.3724 -1.11 0.0, 2.3696 -1.1082 0.0, 2.3839 -1.0992 0.0, 2.3027 -0.9997 0.0, 2.3212 -1.0011 0.0, 2.3206 -1.0014 0.0, 2.3152 -1.171 0.0, 2.3148 -1.1719 0.0, 2.3145 -1.1733 0.0, 2.3857 -1.1738 0.0, 2.3857 -1.1734 0.0, 2.3838 -1.1024 0.0, 2.3842 -1.1018 0.0, 2.3839 -1.1715 0.0, 2.3844 -1.1012 0.0, 2.3844 -1.1716 0.0, 2.3845 -1.1007 0.0, 2.3849 -1.1719 0.0, 2.3853 -1.1723 0.0, 2.3198 -1.0019 0.0, 2.3193 -1.0027 0.0, 2.319 -1.0033 0.0, 2.3145 -1.1742 0.0, 2.3145 -1.1748 0.0, 2.3154 -1.1757 0.0, 2.3161 -1.1757 0.0, 2.3169 -1.1757 0.0, 2.3764 -1.1844 0.0, 2.3769 -1.1839 0.0, 2.3846 -1.1759 0.0, 2.3297 -1.091 0.0, 2.3297 -1.0143 0.0, 2.3719 -1.0202 0.0, 2.3832 -1.1032 0.0, 2.3903 -1.0157 0.0, 2.3914 -1.013 0.0, 2.3913 -1.0125 0.0, 2.391 -1.012 0.0, 2.322 -1.001 0.0, 2.3234 -1.001 0.0, 2.3188 -1.0044 0.0, 2.3188 -1.006 0.0, 2.3189 -1.0066 0.0, 2.3857 -1.173 0.0, 2.3856 -1.1726 0.0, 2.3825 -1.0984 0.0, 2.3818 -1.0983 0.0, 2.3798 -1.0231 0.0, 2.376 -1.0213 0.0, 2.3183 -1.167 0.0, 2.3163 -1.1693 0.0, 2.3844 -1.1003 0.0, 2.3843 -1.0998 0.0, 2.3911 -1.0145 0.0, 2.3914 -1.0138 0.0, 2.3914 -1.0134 0.0, 2.3908 -1.0117 0.0, 2.3906 -1.0115 0.0, 2.3903 -1.0114 0.0, 2.3902 -1.0113 0.0, 2.3895 -1.0112 0.0, 2.3886 -1.0111 0.0, 2.3223 -1.1748 0.0, 2.3271 -1.1742 0.0, 2.3319 -1.1742 0.0, 2.3851 -1.175 0.0, 2.3855 -1.1743 0.0, 2.3416 -1.0049 0.0, 2.3286 -1.0027 0.0, 2.3254 -1.0015 0.0, 2.3207 -1.0138 0.0, 2.3215 -1.0211 0.0, 2.3215 -1.0265 0.0, 2.3328 -1.1742 0.0, 2.3383 -1.1744 0.0, 2.3438 -1.1751 0.0, 2.3549 -1.1771 0.0, 2.3646 -1.179 0.0, 2.3723 -1.1818 0.0, 2.3843 -1.0109 0.0, 2.3629 -1.0083 0.0, 2.3215 -1.1632 0.0, 2.3218 -1.0335 0.0, 2.3216 -1.03 0.0, 2.3739 -1.1827 0.0, 2.3756 -1.1839 0.0, 2.3027 -1.2992 0.0, 2.4017 -1.2992 0.0, 2.1278 -1.1884 0.0, 2.1297 -1.1907 0.0, 2.117 -1.2992 0.0, 2.2017 -1.2992 0.0, 2.138 -1.1572 0.0, 2.1792 -1.0209 0.0, 2.1801 -1.0213 0.0, 2.2017 -1.1839 0.0, 2.1352 -1.1839 0.0, 2.1422 -1.1751 0.0, 2.2017 -0.9997 0.0, 2.1917 -1.0086 0.0, 2.1914 -1.008 0.0, 2.1393 -1.1689 0.0, 2.138 -1.1609 0.0, 2.1898 -1.0127 0.0, 2.1909 -1.0115 0.0, 2.1914 -1.0106 0.0, 2.1916 -1.0097 0.0, 2.1867 -1.0155 0.0, 2.1306 -1.0307 0.0, 2.1306 -1.1581 0.0, 2.117 -1.1839 0.0, 2.138 -1.0129 0.0, 2.1597 -1.0147 0.0, 2.1701 -1.0163 0.0, 2.1736 -1.0171 0.0, 2.1304 -1.1719 0.0, 2.1286 -1.1839 0.0, 2.1283 -1.1856 0.0, 2.1757 -1.0181 0.0, 2.1783 -1.0203 0.0, 2.1309 -1.0014 0.0, 2.1304 -1.0016 0.0, 2.117 -0.9997 0.0, 2.1301 -1.0018 0.0, 2.1297 -1.0023 0.0, 2.1293 -1.0031 0.0, 2.1291 -1.0038 0.0, 2.1291 -1.0054 0.0, 2.1299 -1.0123 0.0, 2.13 -1.014 0.0, 2.1912 -1.0077 0.0, 2.1908 -1.0075 0.0, 2.1901 -1.0072 0.0, 2.189 -1.0071 0.0, 2.1841 -1.007 0.0, 2.1769 -1.0059 0.0, 2.1582 -1.004 0.0, 2.1521 -1.0035 0.0, 2.1402 -1.0024 0.0, 2.1314 -1.0013 0.0, 2.1322 -1.0014 0.0, 2.1337 -1.0018 0.0, 3.4017 -0.9093 0.0, 3.8937 -0.9093 0.0, 4.0 -0.9512 0.0, 4.0 1.1811 0.0, 3.8937 0.9842 0.0, 3.4017 1.1811 0.0, 3.4017 0.9842 0.0, 3.3027 1.1811 0.0, 3.3027 0.9842 0.0, 3.2017 1.1811 0.0, 3.2017 0.9842 0.0, 3.117 1.1811 0.0, 3.117 0.9842 0.0, 3.1063 0.9842 0.0, 3.1063 -0.9093 0.0, 3.117 -0.9512 0.0, 3.117 -0.9093 0.0, 3.2017 -0.9512 0.0, 3.2017 -0.9093 0.0, 3.3027 -0.9512 0.0, 3.3027 -0.9093 0.0, 3.4017 -0.9512 0.0, 3.5759 -1.0757 0.0, 3.5374 -1.0664 0.0, 3.5926 -1.0069 0.0, 3.5283 -1.0242 0.0, 3.5938 -0.9997 0.0, 3.4263 -0.9996 0.0, 3.426 -0.9996 0.0, 3.5204 -0.9932 0.0, 3.5202 -0.9932 0.0, 3.5206 -0.9932 0.0, 3.52 -0.9932 0.0, 3.5198 -0.9934 0.0, 3.5196 -0.9936 0.0, 3.5186 -0.9997 0.0, 3.4264 -0.9997 0.0, 3.5188 -0.9981 0.0, 3.5193 -0.9946 0.0, 3.5195 -0.9938 0.0, 4.0 -0.9997 0.0, 3.5979 -0.9997 0.0, 3.5977 -0.9981 0.0, 3.5974 -0.9956 0.0, 3.5973 -0.9949 0.0, 3.5971 -0.9944 0.0, 3.597 -0.9941 0.0, 3.5969 -0.9939 0.0, 3.5967 -0.9937 0.0, 3.5965 -0.9936 0.0, 3.5963 -0.9936 0.0, 3.596 -0.9936 0.0, 3.5209 -0.9933 0.0, 3.5976 -0.9967 0.0, 3.5217 -0.9942 0.0, 3.5214 -0.9938 0.0, 3.5211 -0.9935 0.0, 3.5955 -0.9938 0.0, 3.5952 -0.994 0.0, 3.5233 -0.9997 0.0, 3.595 -0.9943 0.0, 3.5948 -0.9948 0.0, 3.5241 -1.0027 0.0, 3.5946 -0.9956 0.0, 3.5958 -0.9936 0.0, 3.5224 -0.9959 0.0, 3.522 -0.9949 0.0, 3.5998 -1.0224 0.0, 3.5994 -1.0158 0.0, 3.5993 -1.0245 0.0, 3.5996 -1.0241 0.0, 4.0 -1.1839 0.0, 3.5998 -1.0238 0.0, 3.5998 -1.0235 0.0, 3.5994 -1.0157 0.0, 3.5983 -1.003 0.0, 3.59 -1.0511 0.0, 3.5866 -1.0653 0.0, 3.5598 -1.1839 0.0, 3.5915 -1.0444 0.0, 3.5934 -1.0378 0.0, 3.5954 -1.0324 0.0, 3.5972 -1.0274 0.0, 3.5984 -1.0256 0.0, 3.5592 -1.1867 0.0, 4.0 -1.2992 0.0, 3.4017 -1.2992 0.0, 3.4127 -1.014 0.0, 3.4129 -1.0141 0.0, 3.4017 -1.1839 0.0, 3.4786 -1.014 0.0, 3.4731 -1.0099 0.0, 3.4124 -1.0122 0.0, 3.4123 -1.0125 0.0, 3.4671 -1.1799 0.0, 3.4735 -1.1784 0.0, 3.5546 -1.1839 0.0, 3.4583 -1.1805 0.0, 3.4787 -1.1757 0.0, 3.4833 -1.1715 0.0, 3.4879 -1.165 0.0, 3.414 -1.0144 0.0, 3.4235 -1.1627 0.0, 3.4133 -1.0143 0.0, 3.413 -1.0142 0.0, 3.4121 -1.1725 0.0, 3.4121 -1.1732 0.0, 3.4123 -1.1739 0.0, 3.4125 -1.1744 0.0, 3.517 -1.0134 0.0, 3.5166 -1.0189 0.0, 3.4835 -1.0199 0.0, 3.4247 -0.9998 0.0, 3.4229 -1.0012 0.0, 3.4188 -1.0049 0.0, 3.4198 -1.1646 0.0, 3.4147 -1.1689 0.0, 3.415 -1.0143 0.0, 3.4189 -1.0143 0.0, 3.4235 -1.0143 0.0, 3.4678 -1.0078 0.0, 3.4473 -1.0046 0.0, 3.4348 -1.0032 0.0, 3.452 -1.18 0.0, 3.5552 -1.1867 0.0, 3.4894 -1.0304 0.0, 3.5167 -1.0215 0.0, 3.5173 -1.0231 0.0, 3.4123 -1.0128 0.0, 3.4124 -1.0132 0.0, 3.4126 -1.0138 0.0, 3.4216 -1.1635 0.0, 3.4135 -1.1699 0.0, 3.4127 -1.1708 0.0, 3.4122 -1.1719 0.0, 3.5184 -1.0015 0.0, 3.4302 -1.002 0.0, 3.4272 -1.0002 0.0, 3.4134 -1.0108 0.0, 3.4129 -1.0114 0.0, 3.4126 -1.0119 0.0, 3.4175 -1.0064 0.0, 3.4141 -1.01 0.0, 3.4291 -1.1751 0.0, 3.4351 -1.1757 0.0, 3.4458 -1.1788 0.0, 3.4922 -1.1534 0.0, 3.4964 -1.1217 0.0, 3.5261 -1.0517 0.0, 3.4977 -1.0825 0.0, 3.523 -1.0391 0.0, 3.4948 -1.0491 0.0, 3.5193 -1.0267 0.0, 3.5179 -1.0242 0.0, 3.4129 -1.1748 0.0, 3.4133 -1.1751 0.0, 3.4184 -1.1742 0.0, 3.4243 -1.1742 0.0, 3.4267 -1.1747 0.0, 3.3146 -1.1753 0.0, 3.3147 -1.1754 0.0, 3.3027 -1.1839 0.0, 3.3835 -1.0989 0.0, 3.383 -1.0986 0.0, 3.3823 -1.0245 0.0, 3.3145 -1.175 0.0, 3.3297 -1.1009 0.0, 3.3535 -1.104 0.0, 3.3297 -1.1632 0.0, 3.3633 -1.106 0.0, 3.375 -1.1114 0.0, 3.3832 -1.1714 0.0, 3.3787 -1.1708 0.0, 3.3148 -1.1755 0.0, 3.315 -1.1756 0.0, 3.3154 -1.1757 0.0, 3.372 -1.1699 0.0, 3.3653 -1.1692 0.0, 3.3724 -1.11 0.0, 3.3696 -1.1082 0.0, 3.3839 -1.0992 0.0, 3.3027 -0.9997 0.0, 3.3212 -1.0011 0.0, 3.3206 -1.0014 0.0, 3.3152 -1.171 0.0, 3.3148 -1.1719 0.0, 3.3145 -1.1733 0.0, 3.3857 -1.1738 0.0, 3.3857 -1.1734 0.0, 3.3838 -1.1024 0.0, 3.3842 -1.1018 0.0, 3.3839 -1.1715 0.0, 3.3844 -1.1012 0.0, 3.3844 -1.1716 0.0, 3.3845 -1.1007 0.0, 3.3849 -1.1719 0.0, 3.3853 -1.1723 0.0, 3.3198 -1.0019 0.0, 3.3193 -1.0027 0.0, 3.319 -1.0033 0.0, 3.3145 -1.1742 0.0, 3.3145 -1.1748 0.0, 3.3769 -1.1839 0.0, 3.3846 -1.1759 0.0, 3.3297 -1.091 0.0, 3.3297 -1.0143 0.0, 3.3719 -1.0202 0.0, 3.3832 -1.1032 0.0, 3.3903 -1.0157 0.0, 3.3914 -1.013 0.0, 3.3913 -1.0125 0.0, 3.391 -1.012 0.0, 3.322 -1.001 0.0, 3.3234 -1.001 0.0, 3.3188 -1.0044 0.0, 3.3188 -1.006 0.0, 3.3189 -1.0066 0.0, 3.3857 -1.173 0.0, 3.3856 -1.1726 0.0, 3.3825 -1.0984 0.0, 3.3818 -1.0983 0.0, 3.3798 -1.0231 0.0, 3.376 -1.0213 0.0, 3.3183 -1.167 0.0, 3.3163 -1.1693 0.0, 3.3161 -1.1757 0.0, 3.3169 -1.1757 0.0, 3.3223 -1.1748 0.0, 3.3844 -1.1003 0.0, 3.3843 -1.0998 0.0, 3.3911 -1.0145 0.0, 3.3914 -1.0138 0.0, 3.3914 -1.0134 0.0, 3.3908 -1.0117 0.0, 3.3906 -1.0115 0.0, 3.3903 -1.0114 0.0, 3.3902 -1.0113 0.0, 3.3895 -1.0112 0.0, 3.3886 -1.0111 0.0, 3.3271 -1.1742 0.0, 3.3319 -1.1742 0.0, 3.3328 -1.1742 0.0, 3.3851 -1.175 0.0, 3.3855 -1.1743 0.0, 3.3549 -1.1771 0.0, 3.3646 -1.179 0.0, 3.3416 -1.0049 0.0, 3.3286 -1.0027 0.0, 3.3254 -1.0015 0.0, 3.3207 -1.0138 0.0, 3.3215 -1.0211 0.0, 3.3215 -1.0265 0.0, 3.3383 -1.1744 0.0, 3.3438 -1.1751 0.0, 3.3723 -1.1818 0.0, 3.3739 -1.1827 0.0, 3.3756 -1.1839 0.0, 3.3843 -1.0109 0.0, 3.3629 -1.0083 0.0, 3.3215 -1.1632 0.0, 3.3218 -1.0335 0.0, 3.3216 -1.03 0.0, 3.3764 -1.1844 0.0, 3.3027 -1.2992 0.0, 3.1278 -1.1884 0.0, 3.1297 -1.1907 0.0, 3.117 -1.2992 0.0, 3.2017 -1.2992 0.0, 3.138 -1.1572 0.0, 3.1792 -1.0209 0.0, 3.1801 -1.0213 0.0, 3.2017 -1.1839 0.0, 3.1352 -1.1839 0.0, 3.1422 -1.1751 0.0, 3.2017 -0.9997 0.0, 3.1917 -1.0086 0.0, 3.1914 -1.008 0.0, 3.1393 -1.1689 0.0, 3.138 -1.1609 0.0, 3.1898 -1.0127 0.0, 3.1909 -1.0115 0.0, 3.1914 -1.0106 0.0, 3.1916 -1.0097 0.0, 3.1867 -1.0155 0.0, 3.1306 -1.0307 0.0, 3.1306 -1.1581 0.0, 3.117 -1.1839 0.0, 3.138 -1.0129 0.0, 3.1597 -1.0147 0.0, 3.1701 -1.0163 0.0, 3.1736 -1.0171 0.0, 3.1304 -1.1719 0.0, 3.1286 -1.1839 0.0, 3.1283 -1.1856 0.0, 3.1757 -1.0181 0.0, 3.1783 -1.0203 0.0, 3.1309 -1.0014 0.0, 3.1304 -1.0016 0.0, 3.117 -0.9997 0.0, 3.1301 -1.0018 0.0, 3.1297 -1.0023 0.0, 3.1293 -1.0031 0.0, 3.1291 -1.0038 0.0, 3.1291 -1.0054 0.0, 3.1299 -1.0123 0.0, 3.13 -1.014 0.0, 3.1912 -1.0077 0.0, 3.1908 -1.0075 0.0, 3.1901 -1.0072 0.0, 3.189 -1.0071 0.0, 3.184 -1.007 0.0, 3.1769 -1.0059 0.0, 3.1582 -1.004 0.0, 3.1521 -1.0035 0.0, 3.1402 -1.0024 0.0, 3.1314 -1.0013 0.0, 3.1322 -1.0014 0.0, 3.1337 -1.0018 0.0, -3.7983 -0.9512 0.0, -3.7983 -0.9093 0.0, -3.6973 -0.9512 0.0, -3.6973 -0.9093 0.0, -3.5983 -0.9512 0.0, -3.5983 -0.9093 0.0, -3.4929 -0.9512 0.0, -3.4929 -0.9093 0.0, -3.0 -0.9512 0.0, -3.1063 -0.9093 0.0, -3.0 1.1811 0.0, -3.1063 0.9842 0.0, -3.4929 1.1811 0.0, -3.4929 0.9842 0.0, -3.5983 1.1811 0.0, -3.5983 0.9842 0.0, -3.6973 1.1811 0.0, -3.6973 0.9842 0.0, -3.7983 1.1811 0.0, -3.7983 0.9842 0.0, -3.883 1.1811 0.0, -3.883 0.9842 0.0, -4.0 1.1811 0.0, -3.8937 0.9842 0.0, -4.0 -0.9512 0.0, -3.8937 -0.9093 0.0, -3.883 -0.9512 0.0, -3.883 -0.9093 0.0, -3.4241 -1.0757 0.0, -3.4626 -1.0664 0.0, -3.4074 -1.0069 0.0, -3.4717 -1.0242 0.0, -3.4062 -0.9997 0.0, -3.403 -0.9941 0.0, -3.4031 -0.9939 0.0, -3.4029 -0.9944 0.0, -3.4796 -0.9932 0.0, -3.4798 -0.9932 0.0, -3.48 -0.9932 0.0, -3.4929 -0.9997 0.0, -3.4807 -0.9946 0.0, -3.4812 -0.9981 0.0, -3.4802 -0.9934 0.0, -3.4804 -0.9936 0.0, -3.4805 -0.9938 0.0, -3.4023 -0.9981 0.0, -3.4024 -0.9967 0.0, -3.4026 -0.9956 0.0, -3.4027 -0.9949 0.0, -3.4776 -0.9959 0.0, -3.4039 -0.9936 0.0, -3.4767 -0.9997 0.0, -3.4042 -0.9936 0.0, -3.4045 -0.9938 0.0, -3.4759 -1.0027 0.0, -3.4054 -0.9956 0.0, -3.4052 -0.9948 0.0, -3.478 -0.9949 0.0, -3.4783 -0.9942 0.0, -3.4786 -0.9938 0.0, -3.4048 -0.994 0.0, -3.405 -0.9943 0.0, -3.4789 -0.9935 0.0, -3.4791 -0.9933 0.0, -3.4794 -0.9932 0.0, -3.4033 -0.9937 0.0, -3.4035 -0.9936 0.0, -3.4037 -0.9936 0.0, -3.4007 -1.0245 0.0, -3.4004 -1.0241 0.0, -3.0 -1.1839 0.0, -3.4002 -1.0238 0.0, -3.4002 -1.0235 0.0, -3.0 -0.9997 0.0, -3.4002 -1.0224 0.0, -3.4006 -1.0158 0.0, -3.4006 -1.0157 0.0, -3.4017 -1.003 0.0, -3.4021 -0.9997 0.0, -3.4408 -1.1867 0.0, -3.4402 -1.1839 0.0, -3.4134 -1.0653 0.0, -3.41 -1.0511 0.0, -3.4085 -1.0444 0.0, -3.4066 -1.0378 0.0, -3.4046 -1.0324 0.0, -3.4028 -1.0274 0.0, -3.4016 -1.0256 0.0, -3.4807 -1.0267 0.0, -3.477 -1.0391 0.0, -3.4821 -1.0242 0.0, -3.4827 -1.0231 0.0, -3.4814 -0.9997 0.0, -3.4816 -1.0015 0.0, -3.483 -1.0134 0.0, -3.4739 -1.0517 0.0, -3.4929 -1.1839 0.0, -3.4833 -1.0215 0.0, -3.4834 -1.0189 0.0, -3.5873 -1.014 0.0, -3.5871 -1.0141 0.0, -3.5983 -1.1839 0.0, -3.5266 -1.1784 0.0, -3.5213 -1.1757 0.0, -3.5269 -1.0099 0.0, -3.5322 -1.0078 0.0, -3.5876 -1.0122 0.0, -3.5877 -1.0125 0.0, -3.5329 -1.1799 0.0, -3.586 -1.0144 0.0, -3.5765 -1.1627 0.0, -3.5867 -1.0143 0.0, -3.587 -1.0142 0.0, -3.5879 -1.1725 0.0, -3.5879 -1.1732 0.0, -3.5877 -1.1739 0.0, -3.5875 -1.1744 0.0, -3.5167 -1.1715 0.0, -3.5121 -1.165 0.0, -3.5078 -1.1534 0.0, -3.5753 -0.9998 0.0, -3.5771 -1.0012 0.0, -3.5812 -1.0049 0.0, -3.5802 -1.1646 0.0, -3.5853 -1.1689 0.0, -3.585 -1.0143 0.0, -3.5811 -1.0143 0.0, -3.5765 -1.0143 0.0, -3.5417 -1.1805 0.0, -3.548 -1.18 0.0, -3.5527 -1.0046 0.0, -3.5652 -1.0032 0.0, -3.5698 -1.002 0.0, -3.5877 -1.0128 0.0, -3.5876 -1.0132 0.0, -3.5874 -1.0138 0.0, -3.5784 -1.1635 0.0, -3.5865 -1.1699 0.0, -3.5873 -1.1708 0.0, -3.5878 -1.1719 0.0, -3.5106 -1.0304 0.0, -3.5165 -1.0199 0.0, -3.5214 -1.014 0.0, -3.5866 -1.0108 0.0, -3.5871 -1.0114 0.0, -3.5874 -1.0119 0.0, -3.5825 -1.0064 0.0, -3.5859 -1.01 0.0, -3.5709 -1.1751 0.0, -3.5649 -1.1757 0.0, -3.5542 -1.1788 0.0, -3.5871 -1.1748 0.0, -3.5867 -1.1751 0.0, -3.5816 -1.1742 0.0, -3.5036 -1.1217 0.0, -3.5023 -1.0825 0.0, -3.5052 -1.0491 0.0, -3.5757 -1.1742 0.0, -3.5733 -1.1747 0.0, -3.574 -0.9996 0.0, -3.5737 -0.9996 0.0, -3.5736 -0.9997 0.0, -3.5728 -1.0002 0.0, -3.6165 -1.0989 0.0, -3.617 -1.0986 0.0, -3.6177 -1.0245 0.0, -3.6855 -1.175 0.0, -3.6854 -1.1753 0.0, -3.6973 -1.1839 0.0, -3.6703 -1.1009 0.0, -3.6465 -1.104 0.0, -3.6703 -1.1632 0.0, -3.6367 -1.106 0.0, -3.625 -1.1114 0.0, -3.6168 -1.1714 0.0, -3.6213 -1.1708 0.0, -3.6853 -1.1754 0.0, -3.6852 -1.1755 0.0, -3.685 -1.1756 0.0, -3.628 -1.1699 0.0, -3.6347 -1.1692 0.0, -3.6276 -1.11 0.0, -3.6304 -1.1082 0.0, -3.6161 -1.0992 0.0, -3.6973 -0.9997 0.0, -3.6788 -1.0011 0.0, -3.6794 -1.0014 0.0, -3.6848 -1.171 0.0, -3.6852 -1.1719 0.0, -3.6855 -1.1733 0.0, -3.6143 -1.1738 0.0, -3.6143 -1.1734 0.0, -3.6162 -1.1024 0.0, -3.6158 -1.1018 0.0, -3.6161 -1.1715 0.0, -3.6156 -1.1012 0.0, -3.6156 -1.1716 0.0, -3.6155 -1.1007 0.0, -3.6151 -1.1719 0.0, -3.6147 -1.1723 0.0, -3.6802 -1.0019 0.0, -3.6807 -1.0027 0.0, -3.681 -1.0033 0.0, -3.6855 -1.1742 0.0, -3.6855 -1.1748 0.0, -3.6846 -1.1757 0.0, -3.6839 -1.1757 0.0, -3.6831 -1.1757 0.0, -3.6236 -1.1844 0.0, -3.6231 -1.1839 0.0, -3.6154 -1.1759 0.0, -3.6703 -1.091 0.0, -3.6703 -1.0143 0.0, -3.6281 -1.0202 0.0, -3.6168 -1.1032 0.0, -3.6097 -1.0157 0.0, -3.6086 -1.013 0.0, -3.6087 -1.0125 0.0, -3.609 -1.012 0.0, -3.678 -1.001 0.0, -3.6766 -1.001 0.0, -3.6812 -1.0044 0.0, -3.6812 -1.006 0.0, -3.6811 -1.0066 0.0, -3.6143 -1.173 0.0, -3.6144 -1.1726 0.0, -3.6175 -1.0984 0.0, -3.6182 -1.0983 0.0, -3.6202 -1.0231 0.0, -3.624 -1.0213 0.0, -3.6817 -1.167 0.0, -3.6837 -1.1693 0.0, -3.6156 -1.1003 0.0, -3.6157 -1.0998 0.0, -3.6089 -1.0145 0.0, -3.6086 -1.0138 0.0, -3.6086 -1.0134 0.0, -3.6092 -1.0117 0.0, -3.6094 -1.0115 0.0, -3.6097 -1.0114 0.0, -3.6098 -1.0113 0.0, -3.6105 -1.0112 0.0, -3.6114 -1.0111 0.0, -3.6777 -1.1748 0.0, -3.6729 -1.1742 0.0, -3.6681 -1.1742 0.0, -3.6149 -1.175 0.0, -3.6145 -1.1743 0.0, -3.6584 -1.0049 0.0, -3.6714 -1.0027 0.0, -3.6746 -1.0015 0.0, -3.6793 -1.0138 0.0, -3.6785 -1.0211 0.0, -3.6785 -1.0265 0.0, -3.6672 -1.1742 0.0, -3.6617 -1.1744 0.0, -3.6562 -1.1751 0.0, -3.6451 -1.1771 0.0, -3.6354 -1.179 0.0, -3.6277 -1.1818 0.0, -3.6157 -1.0109 0.0, -3.6371 -1.0083 0.0, -3.6785 -1.1632 0.0, -3.6782 -1.0335 0.0, -3.6784 -1.03 0.0, -3.6261 -1.1827 0.0, -3.6244 -1.1839 0.0, -3.6973 -1.2992 0.0, -3.5983 -1.2992 0.0, -3.8722 -1.1884 0.0, -3.8703 -1.1907 0.0, -3.883 -1.2992 0.0, -3.7983 -1.2992 0.0, -3.862 -1.1572 0.0, -3.8208 -1.0209 0.0, -3.8199 -1.0213 0.0, -3.7983 -1.1839 0.0, -3.8648 -1.1839 0.0, -3.8578 -1.1751 0.0, -3.7983 -0.9997 0.0, -3.8083 -1.0086 0.0, -3.8086 -1.008 0.0, -3.8607 -1.1689 0.0, -3.862 -1.1609 0.0, -3.8102 -1.0127 0.0, -3.8091 -1.0115 0.0, -3.8086 -1.0106 0.0, -3.8084 -1.0097 0.0, -3.8133 -1.0155 0.0, -3.8694 -1.0307 0.0, -3.8694 -1.1581 0.0, -3.883 -1.1839 0.0, -3.862 -1.0129 0.0, -3.8403 -1.0147 0.0, -3.8299 -1.0163 0.0, -3.8264 -1.0171 0.0, -3.8696 -1.1719 0.0, -3.8714 -1.1839 0.0, -3.8717 -1.1856 0.0, -3.8243 -1.0181 0.0, -3.8217 -1.0203 0.0, -3.8691 -1.0014 0.0, -3.8696 -1.0016 0.0, -3.883 -0.9997 0.0, -3.8699 -1.0018 0.0, -3.8703 -1.0023 0.0, -3.8707 -1.0031 0.0, -3.8709 -1.0038 0.0, -3.8709 -1.0054 0.0, -3.8701 -1.0123 0.0, -3.87 -1.014 0.0, -3.8088 -1.0077 0.0, -3.8092 -1.0075 0.0, -3.8099 -1.0072 0.0, -3.811 -1.0071 0.0, -3.8159 -1.007 0.0, -3.8231 -1.0059 0.0, -3.8418 -1.004 0.0, -3.8479 -1.0035 0.0, -3.8598 -1.0024 0.0, -3.8686 -1.0013 0.0, -3.8678 -1.0014 0.0, -3.8663 -1.0018 0.0, -2.5983 -0.9093 0.0, -2.1063 -0.9093 0.0, -2.1063 0.9842 0.0, -2.5983 1.1811 0.0, -2.5983 0.9842 0.0, -2.6973 1.1811 0.0, -2.6973 0.9842 0.0, -2.7983 1.1811 0.0, -2.7983 0.9842 0.0, -2.883 1.1811 0.0, -2.883 0.9842 0.0, -2.8937 0.9842 0.0, -2.8937 -0.9093 0.0, -2.883 -0.9512 0.0, -2.883 -0.9093 0.0, -2.7983 -0.9512 0.0, -2.7983 -0.9093 0.0, -2.6973 -0.9512 0.0, -2.6973 -0.9093 0.0, -2.5983 -0.9512 0.0, -2.4241 -1.0757 0.0, -2.4626 -1.0664 0.0, -2.4074 -1.0069 0.0, -2.4717 -1.0242 0.0, -2.4062 -0.9997 0.0, -2.5737 -0.9996 0.0, -2.574 -0.9996 0.0, -2.4796 -0.9932 0.0, -2.4798 -0.9932 0.0, -2.4029 -0.9944 0.0, -2.403 -0.9941 0.0, -2.4794 -0.9932 0.0, -2.48 -0.9932 0.0, -2.4802 -0.9934 0.0, -2.4804 -0.9936 0.0, -2.4023 -0.9981 0.0, -2.4024 -0.9967 0.0, -2.4814 -0.9997 0.0, -2.5736 -0.9997 0.0, -2.4812 -0.9981 0.0, -2.4807 -0.9946 0.0, -2.4805 -0.9938 0.0, -2.4031 -0.9939 0.0, -2.4033 -0.9937 0.0, -2.4035 -0.9936 0.0, -2.4037 -0.9936 0.0, -2.404 -0.9936 0.0, -2.4791 -0.9933 0.0, -2.4026 -0.9956 0.0, -2.4027 -0.9949 0.0, -2.4783 -0.9942 0.0, -2.4786 -0.9938 0.0, -2.4789 -0.9935 0.0, -2.4045 -0.9938 0.0, -2.4048 -0.994 0.0, -2.4767 -0.9997 0.0, -2.405 -0.9943 0.0, -2.4052 -0.9948 0.0, -2.4759 -1.0027 0.0, -2.4054 -0.9956 0.0, -2.4042 -0.9936 0.0, -2.4776 -0.9959 0.0, -2.478 -0.9949 0.0, -2.4007 -1.0245 0.0, -2.4004 -1.0241 0.0, -2.0 -1.1839 0.0, -2.4002 -1.0238 0.0, -2.4002 -1.0235 0.0, -2.0 -0.9997 0.0, -2.4002 -1.0224 0.0, -2.4006 -1.0158 0.0, -2.4006 -1.0157 0.0, -2.4017 -1.003 0.0, -2.4021 -0.9997 0.0, -2.4408 -1.1867 0.0, -2.4402 -1.1839 0.0, -2.4134 -1.0653 0.0, -2.41 -1.0511 0.0, -2.4085 -1.0444 0.0, -2.4066 -1.0378 0.0, -2.4046 -1.0324 0.0, -2.4028 -1.0274 0.0, -2.4016 -1.0256 0.0, -2.5983 -1.2992 0.0, -2.5983 -1.1839 0.0, -2.4454 -1.1839 0.0, -2.5873 -1.014 0.0, -2.5871 -1.0141 0.0, -2.5214 -1.014 0.0, -2.5269 -1.0099 0.0, -2.5876 -1.0122 0.0, -2.5877 -1.0125 0.0, -2.5329 -1.1799 0.0, -2.5265 -1.1784 0.0, -2.5213 -1.1757 0.0, -2.5167 -1.1715 0.0, -2.5121 -1.165 0.0, -2.586 -1.0144 0.0, -2.5765 -1.1627 0.0, -2.5867 -1.0143 0.0, -2.587 -1.0142 0.0, -2.5879 -1.1725 0.0, -2.5879 -1.1732 0.0, -2.5877 -1.1739 0.0, -2.5875 -1.1744 0.0, -2.483 -1.0134 0.0, -2.4834 -1.0189 0.0, -2.5165 -1.0199 0.0, -2.5753 -0.9998 0.0, -2.5771 -1.0012 0.0, -2.5812 -1.0049 0.0, -2.5802 -1.1646 0.0, -2.5853 -1.1689 0.0, -2.585 -1.0143 0.0, -2.5811 -1.0143 0.0, -2.5765 -1.0143 0.0, -2.5322 -1.0078 0.0, -2.5527 -1.0046 0.0, -2.5652 -1.0032 0.0, -2.5417 -1.1805 0.0, -2.548 -1.18 0.0, -2.5106 -1.0304 0.0, -2.4833 -1.0215 0.0, -2.4827 -1.0231 0.0, -2.5877 -1.0128 0.0, -2.5876 -1.0132 0.0, -2.5874 -1.0138 0.0, -2.5784 -1.1635 0.0, -2.5865 -1.1699 0.0, -2.5873 -1.1708 0.0, -2.5878 -1.1719 0.0, -2.4816 -1.0015 0.0, -2.5698 -1.002 0.0, -2.5728 -1.0002 0.0, -2.5866 -1.0108 0.0, -2.5871 -1.0114 0.0, -2.5874 -1.0119 0.0, -2.5825 -1.0064 0.0, -2.5859 -1.01 0.0, -2.5709 -1.1751 0.0, -2.5649 -1.1757 0.0, -2.5542 -1.1788 0.0, -2.5078 -1.1534 0.0, -2.5036 -1.1217 0.0, -2.4739 -1.0517 0.0, -2.5023 -1.0825 0.0, -2.477 -1.0391 0.0, -2.5052 -1.0491 0.0, -2.4807 -1.0267 0.0, -2.4821 -1.0242 0.0, -2.5871 -1.1748 0.0, -2.5867 -1.1751 0.0, -2.5816 -1.1742 0.0, -2.5757 -1.1742 0.0, -2.5733 -1.1747 0.0, -2.6854 -1.1753 0.0, -2.6853 -1.1754 0.0, -2.6973 -1.1839 0.0, -2.6165 -1.0989 0.0, -2.617 -1.0986 0.0, -2.6177 -1.0245 0.0, -2.6855 -1.175 0.0, -2.6703 -1.1009 0.0, -2.6465 -1.104 0.0, -2.6703 -1.1632 0.0, -2.6367 -1.106 0.0, -2.625 -1.1114 0.0, -2.6168 -1.1714 0.0, -2.6213 -1.1708 0.0, -2.6852 -1.1755 0.0, -2.685 -1.1756 0.0, -2.6846 -1.1757 0.0, -2.628 -1.1699 0.0, -2.6347 -1.1692 0.0, -2.6276 -1.11 0.0, -2.6304 -1.1082 0.0, -2.6161 -1.0992 0.0, -2.6973 -0.9997 0.0, -2.6788 -1.0011 0.0, -2.6794 -1.0014 0.0, -2.6848 -1.171 0.0, -2.6852 -1.1719 0.0, -2.6855 -1.1733 0.0, -2.6143 -1.1738 0.0, -2.6143 -1.1734 0.0, -2.6162 -1.1024 0.0, -2.6158 -1.1018 0.0, -2.6161 -1.1715 0.0, -2.6156 -1.1012 0.0, -2.6156 -1.1716 0.0, -2.6155 -1.1007 0.0, -2.6151 -1.1719 0.0, -2.6147 -1.1723 0.0, -2.6802 -1.0019 0.0, -2.6807 -1.0027 0.0, -2.681 -1.0033 0.0, -2.6855 -1.1742 0.0, -2.6855 -1.1748 0.0, -2.6231 -1.1839 0.0, -2.6154 -1.1759 0.0, -2.6703 -1.091 0.0, -2.6703 -1.0143 0.0, -2.6281 -1.0202 0.0, -2.6168 -1.1032 0.0, -2.6097 -1.0157 0.0, -2.6086 -1.013 0.0, -2.6087 -1.0125 0.0, -2.609 -1.012 0.0, -2.678 -1.001 0.0, -2.6766 -1.001 0.0, -2.6812 -1.0044 0.0, -2.6812 -1.006 0.0, -2.6811 -1.0066 0.0, -2.6143 -1.173 0.0, -2.6144 -1.1726 0.0, -2.6175 -1.0984 0.0, -2.6182 -1.0983 0.0, -2.6202 -1.0231 0.0, -2.624 -1.0213 0.0, -2.6817 -1.167 0.0, -2.6837 -1.1693 0.0, -2.6839 -1.1757 0.0, -2.6831 -1.1757 0.0, -2.6777 -1.1748 0.0, -2.6156 -1.1003 0.0, -2.6157 -1.0998 0.0, -2.6089 -1.0145 0.0, -2.6086 -1.0138 0.0, -2.6086 -1.0134 0.0, -2.6092 -1.0117 0.0, -2.6094 -1.0115 0.0, -2.6097 -1.0114 0.0, -2.6098 -1.0113 0.0, -2.6105 -1.0112 0.0, -2.6114 -1.0111 0.0, -2.6729 -1.1742 0.0, -2.6681 -1.1742 0.0, -2.6672 -1.1742 0.0, -2.6149 -1.175 0.0, -2.6145 -1.1743 0.0, -2.6451 -1.1771 0.0, -2.6354 -1.179 0.0, -2.6584 -1.0049 0.0, -2.6714 -1.0027 0.0, -2.6746 -1.0015 0.0, -2.6793 -1.0138 0.0, -2.6785 -1.0211 0.0, -2.6785 -1.0265 0.0, -2.6617 -1.1744 0.0, -2.6562 -1.1751 0.0, -2.6277 -1.1818 0.0, -2.6261 -1.1827 0.0, -2.6244 -1.1839 0.0, -2.6157 -1.0109 0.0, -2.6371 -1.0083 0.0, -2.6785 -1.1632 0.0, -2.6782 -1.0335 0.0, -2.6784 -1.03 0.0, -2.6236 -1.1844 0.0, -2.6973 -1.2992 0.0, -2.8722 -1.1884 0.0, -2.8703 -1.1907 0.0, -2.883 -1.2992 0.0, -2.7983 -1.2992 0.0, -2.862 -1.1572 0.0, -2.8208 -1.0209 0.0, -2.8199 -1.0213 0.0, -2.7983 -1.1839 0.0, -2.8648 -1.1839 0.0, -2.8578 -1.1751 0.0, -2.7983 -0.9997 0.0, -2.8083 -1.0086 0.0, -2.8086 -1.008 0.0, -2.8607 -1.1689 0.0, -2.862 -1.1609 0.0, -2.8102 -1.0127 0.0, -2.8091 -1.0115 0.0, -2.8086 -1.0106 0.0, -2.8084 -1.0097 0.0, -2.8133 -1.0155 0.0, -2.8694 -1.0307 0.0, -2.8694 -1.1581 0.0, -2.883 -1.1839 0.0, -2.862 -1.0129 0.0, -2.8403 -1.0147 0.0, -2.8299 -1.0163 0.0, -2.8264 -1.0171 0.0, -2.8696 -1.1719 0.0, -2.8714 -1.1839 0.0, -2.8717 -1.1856 0.0, -2.8243 -1.0181 0.0, -2.8217 -1.0203 0.0, -2.8691 -1.0014 0.0, -2.8696 -1.0016 0.0, -2.883 -0.9997 0.0, -2.8699 -1.0018 0.0, -2.8703 -1.0023 0.0, -2.8707 -1.0031 0.0, -2.8709 -1.0038 0.0, -2.8709 -1.0054 0.0, -2.8701 -1.0123 0.0, -2.87 -1.014 0.0, -2.8088 -1.0077 0.0, -2.8092 -1.0075 0.0, -2.8099 -1.0072 0.0, -2.811 -1.0071 0.0, -2.8159 -1.007 0.0, -2.8231 -1.0059 0.0, -2.8418 -1.004 0.0, -2.8479 -1.0035 0.0, -2.8598 -1.0024 0.0, -2.8686 -1.0013 0.0, -2.8678 -1.0014 0.0, -2.8663 -1.0018 0.0, 2.5546 -1.1839 0.0, 2.5552 -1.1867 0.0, 2.5071 -1.2992 0.0, 3.0 -1.2992 0.0, 1.5552 -1.1867 0.0, 2.0 -1.2992 0.0, 0.5546 -1.1839 0.0, 0.5552 -1.1867 0.0, 0.5071 -1.2992 0.0, 1.0 -1.2992 0.0, -0.4448 -1.1867 0.0, 0.0 -1.2992 0.0, -1.4454 -1.1839 0.0, -1.4448 -1.1867 0.0, -1.4929 -1.2992 0.0, -1.0 -1.2992 0.0, -2.4448 -1.1867 0.0, -2.0 -1.2992 0.0, -3.4454 -1.1839 0.0, -3.4448 -1.1867 0.0, -3.4929 -1.2992 0.0, -3.0 -1.2992 0.0, -4.0 -1.2992 0.0, -4.0 -1.1839 0.0, 3.2823 -1.1802 0.0, 3.2866 -1.1802 0.0, 3.2866 -1.1046 0.0, 3.2432 -1.0027 0.0, 3.2367 -1.0065 0.0, 3.2319 -1.0113 0.0, 3.2255 -1.0219 0.0, 3.2623 -1.1811 0.0, 3.2689 -1.1775 0.0, 3.2212 -1.1526 0.0, 3.2272 -1.1661 0.0, 3.233 -1.1736 0.0, 3.2418 -1.1804 0.0, 3.2887 -1.036 0.0, 3.2854 -1.0233 0.0, 3.2715 -1.0044 0.0, 3.2646 -1.0013 0.0, 3.258 -1.0001 0.0, 3.2507 -1.0004 0.0, 3.2176 -1.0456 0.0, 3.2145 -1.0648 0.0, 3.2144 -1.1219 0.0, 3.2745 -1.1724 0.0, 3.2778 -1.168 0.0, 3.2803 -1.1635 0.0, 3.2209 -1.078 0.0, 3.2848 -1.0551 0.0, 3.2219 -1.123 0.0, 3.2863 -1.07 0.0, 3.2245 -1.1378 0.0, 3.2908 -1.0698 0.0, 3.2806 -1.0135 0.0, 3.2769 -1.0088 0.0, 3.246 -1.1824 0.0, 3.25 -1.1832 0.0, 3.254 -1.1833 0.0, 3.254 -1.0095 0.0, 3.2279 -1.0375 0.0, 3.2788 -1.1445 0.0, 3.2812 -1.1046 0.0, 3.2717 -1.0158 0.0, 3.2759 -1.0206 0.0, 3.2606 -1.173 0.0, 3.2405 -1.1689 0.0, 3.236 -1.1645 0.0, 3.2604 -1.0099 0.0, 3.2666 -1.0123 0.0, 3.2795 -1.028 0.0, 3.2836 -1.0467 0.0, 3.2563 -1.174 0.0, 3.2504 -1.1736 0.0, 3.2453 -1.1719 0.0, 3.2427 -1.0131 0.0, 3.2386 -1.0169 0.0, 3.2322 -1.026 0.0, 3.2463 -1.011 0.0, 3.2501 -1.0098 0.0, 3.2753 -1.1573 0.0, 3.2718 -1.1643 0.0, 3.2683 -1.1684 0.0, 3.2311 -1.1568 0.0, 3.2646 -1.1713 0.0, 2.2823 -1.1802 0.0, 2.2866 -1.1802 0.0, 2.2866 -1.1046 0.0, 2.2432 -1.0027 0.0, 2.2367 -1.0065 0.0, 2.2319 -1.0113 0.0, 2.2255 -1.0219 0.0, 2.2623 -1.1811 0.0, 2.2689 -1.1775 0.0, 2.2212 -1.1526 0.0, 2.2272 -1.1661 0.0, 2.233 -1.1736 0.0, 2.2418 -1.1804 0.0, 2.2887 -1.036 0.0, 2.2854 -1.0233 0.0, 2.2715 -1.0044 0.0, 2.2646 -1.0013 0.0, 2.258 -1.0001 0.0, 2.2507 -1.0004 0.0, 2.2176 -1.0456 0.0, 2.2145 -1.0648 0.0, 2.2144 -1.1219 0.0, 2.2745 -1.1724 0.0, 2.2778 -1.168 0.0, 2.2803 -1.1635 0.0, 2.2209 -1.078 0.0, 2.2848 -1.0551 0.0, 2.2219 -1.123 0.0, 2.2863 -1.07 0.0, 2.2245 -1.1378 0.0, 2.2908 -1.0698 0.0, 2.2806 -1.0135 0.0, 2.2769 -1.0088 0.0, 2.246 -1.1824 0.0, 2.25 -1.1832 0.0, 2.254 -1.1833 0.0, 2.254 -1.0095 0.0, 2.2279 -1.0375 0.0, 2.2788 -1.1445 0.0, 2.2812 -1.1046 0.0, 2.2717 -1.0158 0.0, 2.2759 -1.0206 0.0, 2.2606 -1.173 0.0, 2.2405 -1.1689 0.0, 2.236 -1.1645 0.0, 2.2604 -1.0099 0.0, 2.2666 -1.0123 0.0, 2.2795 -1.028 0.0, 2.2836 -1.0467 0.0, 2.2563 -1.174 0.0, 2.2504 -1.1736 0.0, 2.2453 -1.1719 0.0, 2.2427 -1.0131 0.0, 2.2386 -1.0169 0.0, 2.2322 -1.026 0.0, 2.2463 -1.011 0.0, 2.2501 -1.0098 0.0, 2.2753 -1.1573 0.0, 2.2718 -1.1643 0.0, 2.2683 -1.1684 0.0, 2.2311 -1.1568 0.0, 2.2646 -1.1713 0.0, 1.2823 -1.1802 0.0, 1.2866 -1.1802 0.0, 1.2866 -1.1046 0.0, 1.2432 -1.0027 0.0, 1.2367 -1.0065 0.0, 1.2319 -1.0113 0.0, 1.2255 -1.0219 0.0, 1.2623 -1.1811 0.0, 1.2689 -1.1775 0.0, 1.2212 -1.1526 0.0, 1.2272 -1.1661 0.0, 1.233 -1.1736 0.0, 1.2418 -1.1804 0.0, 1.2887 -1.036 0.0, 1.2854 -1.0233 0.0, 1.2715 -1.0044 0.0, 1.2646 -1.0013 0.0, 1.258 -1.0001 0.0, 1.2507 -1.0004 0.0, 1.2176 -1.0456 0.0, 1.2145 -1.0648 0.0, 1.2144 -1.1219 0.0, 1.2745 -1.1724 0.0, 1.2778 -1.168 0.0, 1.2803 -1.1635 0.0, 1.2209 -1.078 0.0, 1.2848 -1.0551 0.0, 1.2219 -1.123 0.0, 1.2863 -1.07 0.0, 1.2245 -1.1378 0.0, 1.2908 -1.0698 0.0, 1.2806 -1.0135 0.0, 1.2769 -1.0088 0.0, 1.246 -1.1824 0.0, 1.25 -1.1832 0.0, 1.254 -1.1833 0.0, 1.254 -1.0095 0.0, 1.2279 -1.0375 0.0, 1.2788 -1.1445 0.0, 1.2812 -1.1046 0.0, 1.2717 -1.0158 0.0, 1.2758 -1.0206 0.0, 1.2606 -1.173 0.0, 1.2405 -1.1689 0.0, 1.236 -1.1645 0.0, 1.2604 -1.0099 0.0, 1.2666 -1.0123 0.0, 1.2795 -1.028 0.0, 1.2836 -1.0467 0.0, 1.2563 -1.174 0.0, 1.2504 -1.1736 0.0, 1.2453 -1.1719 0.0, 1.2427 -1.0131 0.0, 1.2386 -1.0169 0.0, 1.2322 -1.026 0.0, 1.2463 -1.011 0.0, 1.2501 -1.0098 0.0, 1.2753 -1.1573 0.0, 1.2718 -1.1643 0.0, 1.2683 -1.1684 0.0, 1.2311 -1.1568 0.0, 1.2646 -1.1713 0.0, 0.2823 -1.1802 0.0, 0.2866 -1.1802 0.0, 0.2866 -1.1046 0.0, 0.2432 -1.0027 0.0, 0.2367 -1.0065 0.0, 0.2319 -1.0113 0.0, 0.2255 -1.0219 0.0, 0.2623 -1.1811 0.0, 0.2689 -1.1775 0.0, 0.2212 -1.1526 0.0, 0.2272 -1.1661 0.0, 0.233 -1.1736 0.0, 0.2418 -1.1804 0.0, 0.2887 -1.036 0.0, 0.2854 -1.0233 0.0, 0.2715 -1.0044 0.0, 0.2646 -1.0013 0.0, 0.258 -1.0001 0.0, 0.2507 -1.0004 0.0, 0.2176 -1.0456 0.0, 0.2145 -1.0648 0.0, 0.2144 -1.1219 0.0, 0.2745 -1.1724 0.0, 0.2778 -1.168 0.0, 0.2803 -1.1635 0.0, 0.2209 -1.078 0.0, 0.2848 -1.0551 0.0, 0.2219 -1.123 0.0, 0.2863 -1.07 0.0, 0.2245 -1.1378 0.0, 0.2908 -1.0698 0.0, 0.2806 -1.0135 0.0, 0.2769 -1.0088 0.0, 0.246 -1.1824 0.0, 0.25 -1.1832 0.0, 0.254 -1.1833 0.0, 0.254 -1.0095 0.0, 0.2279 -1.0375 0.0, 0.2788 -1.1445 0.0, 0.2812 -1.1046 0.0, 0.2717 -1.0158 0.0, 0.2758 -1.0206 0.0, 0.2606 -1.173 0.0, 0.2405 -1.1689 0.0, 0.236 -1.1645 0.0, 0.2604 -1.0099 0.0, 0.2666 -1.0123 0.0, 0.2795 -1.028 0.0, 0.2836 -1.0467 0.0, 0.2563 -1.174 0.0, 0.2504 -1.1736 0.0, 0.2453 -1.1719 0.0, 0.2427 -1.0131 0.0, 0.2386 -1.0169 0.0, 0.2322 -1.026 0.0, 0.2463 -1.011 0.0, 0.2501 -1.0098 0.0, 0.2753 -1.1573 0.0, 0.2718 -1.1643 0.0, 0.2683 -1.1684 0.0, 0.2311 -1.1568 0.0, 0.2646 -1.1713 0.0, -0.7177 -1.1802 0.0, -0.7134 -1.1802 0.0, -0.7134 -1.1046 0.0, -0.7568 -1.0027 0.0, -0.7633 -1.0065 0.0, -0.7681 -1.0113 0.0, -0.7745 -1.0219 0.0, -0.7377 -1.1811 0.0, -0.7311 -1.1775 0.0, -0.7788 -1.1526 0.0, -0.7728 -1.1661 0.0, -0.767 -1.1736 0.0, -0.7582 -1.1804 0.0, -0.7113 -1.036 0.0, -0.7146 -1.0233 0.0, -0.7285 -1.0044 0.0, -0.7354 -1.0013 0.0, -0.742 -1.0001 0.0, -0.7493 -1.0004 0.0, -0.7824 -1.0456 0.0, -0.7855 -1.0648 0.0, -0.7856 -1.1219 0.0, -0.7255 -1.1724 0.0, -0.7222 -1.168 0.0, -0.7197 -1.1635 0.0, -0.7791 -1.078 0.0, -0.7152 -1.0551 0.0, -0.7781 -1.123 0.0, -0.7137 -1.07 0.0, -0.7755 -1.1378 0.0, -0.7092 -1.0698 0.0, -0.7194 -1.0135 0.0, -0.7231 -1.0088 0.0, -0.754 -1.1824 0.0, -0.75 -1.1832 0.0, -0.746 -1.1833 0.0, -0.746 -1.0095 0.0, -0.7721 -1.0375 0.0, -0.7212 -1.1445 0.0, -0.7188 -1.1046 0.0, -0.7283 -1.0158 0.0, -0.7241 -1.0206 0.0, -0.7394 -1.173 0.0, -0.7595 -1.1689 0.0, -0.764 -1.1645 0.0, -0.7396 -1.0099 0.0, -0.7334 -1.0123 0.0, -0.7205 -1.028 0.0, -0.7164 -1.0467 0.0, -0.7437 -1.174 0.0, -0.7496 -1.1736 0.0, -0.7547 -1.1719 0.0, -0.7573 -1.0131 0.0, -0.7614 -1.0169 0.0, -0.7678 -1.026 0.0, -0.7537 -1.011 0.0, -0.7499 -1.0098 0.0, -0.7247 -1.1573 0.0, -0.7282 -1.1643 0.0, -0.7317 -1.1684 0.0, -0.7689 -1.1568 0.0, -0.7354 -1.1713 0.0, -1.7177 -1.1802 0.0, -1.7134 -1.1802 0.0, -1.7134 -1.1046 0.0, -1.7568 -1.0027 0.0, -1.7633 -1.0065 0.0, -1.7681 -1.0113 0.0, -1.7745 -1.0219 0.0, -1.7377 -1.1811 0.0, -1.7311 -1.1775 0.0, -1.7788 -1.1526 0.0, -1.7728 -1.1661 0.0, -1.767 -1.1736 0.0, -1.7582 -1.1804 0.0, -1.7113 -1.036 0.0, -1.7146 -1.0233 0.0, -1.7285 -1.0044 0.0, -1.7354 -1.0013 0.0, -1.742 -1.0001 0.0, -1.7493 -1.0004 0.0, -1.7824 -1.0456 0.0, -1.7855 -1.0648 0.0, -1.7856 -1.1219 0.0, -1.7255 -1.1724 0.0, -1.7222 -1.168 0.0, -1.7197 -1.1635 0.0, -1.7791 -1.078 0.0, -1.7152 -1.0551 0.0, -1.7781 -1.123 0.0, -1.7137 -1.07 0.0, -1.7755 -1.1378 0.0, -1.7092 -1.0698 0.0, -1.7194 -1.0135 0.0, -1.7231 -1.0088 0.0, -1.754 -1.1824 0.0, -1.75 -1.1832 0.0, -1.746 -1.1833 0.0, -1.746 -1.0095 0.0, -1.7721 -1.0375 0.0, -1.7212 -1.1445 0.0, -1.7188 -1.1046 0.0, -1.7283 -1.0158 0.0, -1.7242 -1.0206 0.0, -1.7394 -1.173 0.0, -1.7595 -1.1689 0.0, -1.764 -1.1645 0.0, -1.7396 -1.0099 0.0, -1.7334 -1.0123 0.0, -1.7205 -1.028 0.0, -1.7164 -1.0467 0.0, -1.7437 -1.174 0.0, -1.7496 -1.1736 0.0, -1.7547 -1.1719 0.0, -1.7573 -1.0131 0.0, -1.7614 -1.0169 0.0, -1.7678 -1.026 0.0, -1.7537 -1.011 0.0, -1.7499 -1.0098 0.0, -1.7247 -1.1573 0.0, -1.7282 -1.1643 0.0, -1.7317 -1.1684 0.0, -1.7689 -1.1568 0.0, -1.7354 -1.1713 0.0, -2.7177 -1.1802 0.0, -2.7134 -1.1802 0.0, -2.7134 -1.1046 0.0, -2.7568 -1.0027 0.0, -2.7633 -1.0065 0.0, -2.7681 -1.0113 0.0, -2.7745 -1.0219 0.0, -2.7377 -1.1811 0.0, -2.7311 -1.1775 0.0, -2.7788 -1.1526 0.0, -2.7728 -1.1661 0.0, -2.767 -1.1736 0.0, -2.7582 -1.1804 0.0, -2.7113 -1.036 0.0, -2.7146 -1.0233 0.0, -2.7285 -1.0044 0.0, -2.7354 -1.0013 0.0, -2.742 -1.0001 0.0, -2.7493 -1.0004 0.0, -2.7824 -1.0456 0.0, -2.7855 -1.0648 0.0, -2.7856 -1.1219 0.0, -2.7255 -1.1724 0.0, -2.7222 -1.168 0.0, -2.7197 -1.1635 0.0, -2.7791 -1.078 0.0, -2.7152 -1.0551 0.0, -2.7781 -1.123 0.0, -2.7137 -1.07 0.0, -2.7755 -1.1378 0.0, -2.7092 -1.0698 0.0, -2.7194 -1.0135 0.0, -2.7231 -1.0088 0.0, -2.754 -1.1824 0.0, -2.75 -1.1832 0.0, -2.746 -1.1833 0.0, -2.746 -1.0095 0.0, -2.7721 -1.0375 0.0, -2.7212 -1.1445 0.0, -2.7188 -1.1046 0.0, -2.7283 -1.0158 0.0, -2.7241 -1.0206 0.0, -2.7394 -1.173 0.0, -2.7595 -1.1689 0.0, -2.764 -1.1645 0.0, -2.7396 -1.0099 0.0, -2.7334 -1.0123 0.0, -2.7205 -1.028 0.0, -2.7164 -1.0467 0.0, -2.7437 -1.174 0.0, -2.7496 -1.1736 0.0, -2.7547 -1.1719 0.0, -2.7573 -1.0131 0.0, -2.7614 -1.0169 0.0, -2.7678 -1.026 0.0, -2.7537 -1.011 0.0, -2.7499 -1.0098 0.0, -2.7247 -1.1573 0.0, -2.7282 -1.1643 0.0, -2.7317 -1.1684 0.0, -2.7689 -1.1568 0.0, -2.7354 -1.1713 0.0, -3.7177 -1.1802 0.0, -3.7134 -1.1802 0.0, -3.7134 -1.1046 0.0, -3.7568 -1.0027 0.0, -3.7633 -1.0065 0.0, -3.7681 -1.0113 0.0, -3.7745 -1.0219 0.0, -3.7377 -1.1811 0.0, -3.7311 -1.1775 0.0, -3.7788 -1.1526 0.0, -3.7728 -1.1661 0.0, -3.767 -1.1736 0.0, -3.7582 -1.1804 0.0, -3.7113 -1.036 0.0, -3.7146 -1.0233 0.0, -3.7285 -1.0044 0.0, -3.7354 -1.0013 0.0, -3.742 -1.0001 0.0, -3.7493 -1.0004 0.0, -3.7824 -1.0456 0.0, -3.7855 -1.0648 0.0, -3.7856 -1.1219 0.0, -3.7255 -1.1724 0.0, -3.7222 -1.168 0.0, -3.7197 -1.1635 0.0, -3.7791 -1.078 0.0, -3.7152 -1.0551 0.0, -3.7781 -1.123 0.0, -3.7137 -1.07 0.0, -3.7755 -1.1378 0.0, -3.7092 -1.0698 0.0, -3.7194 -1.0135 0.0, -3.7231 -1.0088 0.0, -3.754 -1.1824 0.0, -3.75 -1.1832 0.0, -3.746 -1.1833 0.0, -3.746 -1.0095 0.0, -3.7721 -1.0375 0.0, -3.7212 -1.1445 0.0, -3.7188 -1.1046 0.0, -3.7283 -1.0158 0.0, -3.7241 -1.0206 0.0, -3.7394 -1.173 0.0, -3.7595 -1.1689 0.0, -3.764 -1.1645 0.0, -3.7396 -1.0099 0.0, -3.7334 -1.0123 0.0, -3.7205 -1.028 0.0, -3.7164 -1.0467 0.0, -3.7437 -1.174 0.0, -3.7496 -1.1736 0.0, -3.7547 -1.1719 0.0, -3.7573 -1.0131 0.0, -3.7614 -1.0169 0.0, -3.7678 -1.026 0.0, -3.7537 -1.011 0.0, -3.7499 -1.0098 0.0, -3.7247 -1.1573 0.0, -3.7282 -1.1643 0.0, -3.7317 -1.1684 0.0, -3.7689 -1.1568 0.0, -3.7354 -1.1713 0.0, -4.0 -0.9997 0.0, -3.9331 -1.2992 0.2356, -3.9331 -1.2992 1.9685, -4.0 -1.2992 1.9685, 4.0 -1.2992 1.9685, 3.9331 -1.2992 1.9685, 3.9331 -1.2992 0.2356, -2.9331 -1.2992 1.9685, -3.0669 -1.2992 1.9685, -2.9331 -1.2992 0.2356, -3.0669 -1.2992 0.2356, 3.0669 -1.2992 1.9685, 2.9331 -1.2992 1.9685, 3.0669 -1.2992 0.2356, 2.9331 -1.2992 0.2356, 2.0669 -1.2992 1.9685, 1.9331 -1.2992 1.9685, 2.0669 -1.2992 0.2356, 1.9331 -1.2992 0.2356, 1.0669 -1.2992 1.9685, 0.9331 -1.2992 1.9685, 1.0669 -1.2992 0.2356, 0.9331 -1.2992 0.2356, -2.0669 -1.2992 0.2356, 0.0669 -1.2992 1.9685, -0.0669 -1.2992 1.9685, 0.0669 -1.2992 0.2356, -0.0669 -1.2992 0.2356, -0.9331 -1.2992 1.9685, -1.0669 -1.2992 1.9685, -0.9331 -1.2992 0.2356, -1.0669 -1.2992 0.2356, -1.9331 -1.2992 1.9685, -2.0669 -1.2992 1.9685, -1.9331 -1.2992 0.2356, -3.2638 1.1811 1.1811, -2.7362 1.1811 1.1811, -3.2638 1.1811 0.7874, -2.7362 1.1811 0.7874, -2.2638 1.1811 1.1811, -1.7362 1.1811 1.1811, -2.2638 1.1811 0.7874, -1.7362 1.1811 0.7874, -1.2638 1.1811 1.1811, -0.7362 1.1811 1.1811, -1.2638 1.1811 0.7874, -0.7362 1.1811 0.7874, -4.0 1.1811 1.1811, -3.7362 1.1811 1.1811, -3.7362 1.1811 0.7874, -0.2638 1.1811 1.1811, 0.2638 1.1811 1.1811, -0.2638 1.1811 0.7874, 0.2638 1.1811 0.7874, 0.7362 1.1811 1.1811, 1.2638 1.1811 1.1811, 0.7362 1.1811 0.7874, 1.2638 1.1811 0.7874, 1.7362 1.1811 1.1811, 2.2638 1.1811 1.1811, 1.7362 1.1811 0.7874, 2.2638 1.1811 0.7874, 2.7362 1.1811 1.1811, 3.2638 1.1811 1.1811, 2.7362 1.1811 0.7874, 3.2638 1.1811 0.7874, 3.7362 1.1811 1.1811, 4.0 1.1811 1.1811, 3.7362 1.1811 0.7874, -2.7362 0.9842 1.8676, -3.7362 0.9842 1.8676, -4.0 0.5263 3.4646, -2.0 0.5263 3.4646, -3.2638 0.9842 1.8676, -3.0 0.5263 3.4646, -3.9725 0.5263 3.4646, 3.2638 0.9842 1.8676, 4.0 0.5263 3.4646, 3.7362 0.9842 1.8676, 2.7362 0.9842 1.8676, 3.0 0.5263 3.4646, 2.2638 0.9842 1.8676, 1.7362 0.9842 1.8676, 2.0 0.5263 3.4646, 1.2638 0.9842 1.8676, 0.7362 0.9842 1.8676, 1.0 0.5263 3.4646, 0.2638 0.9842 1.8676, -0.2638 0.9842 1.8676, 0.0 0.5263 3.4646, -0.7362 0.9842 1.8676, -1.2638 0.9842 1.8676, -1.0 0.5263 3.4646, -1.7362 0.9842 1.8676, -2.2638 0.9842 1.8676, -4.0 -0.568 3.4646, -4.0 -0.6361 3.4646, -3.9725 -0.6361 3.4646, -3.9725 -0.568 3.4646, -3.1854 -0.3695 3.4646, -3.2775 -0.4402 3.4646, -3.0 -0.568 3.4646, -3.1147 -0.2774 3.4646, -3.3848 -0.4847 3.4646, -3.5 -0.4998 3.4646, -3.6152 -0.4847 3.4646, -3.2775 0.3304 3.4646, -3.1854 0.2597 3.4646, -3.1147 0.1676 3.4646, -3.7225 -0.4402 3.4646, -3.8146 -0.3695 3.4646, -3.8853 -0.2774 3.4646, -3.7225 0.3304 3.4646, -3.8146 0.2597 3.4646, -3.8853 0.1676 3.4646, -3.0702 0.0602 3.4646, -3.0551 -0.0549 3.4646, -3.0702 -0.1701 3.4646, -3.9298 -0.1701 3.4646, -3.9449 -0.0549 3.4646, -3.9298 0.0602 3.4646, -3.6152 0.3748 3.4646, -3.5 0.39 3.4646, -3.3848 0.3748 3.4646, -2.2775 -0.4402 3.4646, -2.0 -0.568 3.4646, -2.1854 -0.3695 3.4646, -2.1147 -0.2774 3.4646, -2.7225 -0.4402 3.4646, -2.8146 -0.3695 3.4646, -2.8853 -0.2774 3.4646, -2.3848 -0.4847 3.4646, -2.5 -0.4998 3.4646, -2.6152 -0.4847 3.4646, -2.9298 0.0602 3.4646, -2.9449 -0.0549 3.4646, -2.9298 -0.1701 3.4646, -2.8853 0.1676 3.4646, -2.8146 0.2597 3.4646, -2.7225 0.3304 3.4646, -2.6152 0.3748 3.4646, -2.5 0.39 3.4646, -2.3848 0.3748 3.4646, -2.2775 0.3304 3.4646, -2.1854 0.2597 3.4646, -2.1147 0.1676 3.4646, -2.0702 0.0602 3.4646, -2.0551 -0.0549 3.4646, -2.0702 -0.1701 3.4646, -1.6152 -0.4847 3.4646, -1.5 -0.4998 3.4646, -1.0 -0.568 3.4646, -1.3848 -0.4847 3.4646, -1.1147 -0.2774 3.4646, -1.1854 -0.3695 3.4646, -1.2775 -0.4402 3.4646, -1.7225 -0.4402 3.4646, -1.8146 -0.3695 3.4646, -1.8853 -0.2774 3.4646, -1.9298 0.0602 3.4646, -1.9449 -0.0549 3.4646, -1.9298 -0.1701 3.4646, -1.8853 0.1676 3.4646, -1.8146 0.2597 3.4646, -1.7225 0.3304 3.4646, -1.1854 0.2597 3.4646, -1.1147 0.1676 3.4646, -1.2775 0.3304 3.4646, -1.6152 0.3748 3.4646, -1.5 0.39 3.4646, -1.3848 0.3748 3.4646, -1.0702 0.0602 3.4646, -1.0551 -0.0549 3.4646, -1.0702 -0.1701 3.4646, -0.2775 -0.4402 3.4646, 0.0 -0.568 3.4646, -0.1854 -0.3695 3.4646, -0.1147 -0.2774 3.4646, -0.3848 -0.4847 3.4646, -0.5 -0.4998 3.4646, -0.6152 -0.4847 3.4646, -0.7225 -0.4402 3.4646, -0.8146 -0.3695 3.4646, -0.8853 -0.2774 3.4646, -0.7225 0.3304 3.4646, -0.8146 0.2597 3.4646, -0.8853 0.1676 3.4646, -0.3848 0.3748 3.4646, -0.5 0.39 3.4646, -0.6152 0.3748 3.4646, -0.2775 0.3304 3.4646, -0.1854 0.2597 3.4646, -0.1147 0.1676 3.4646, -0.9298 -0.1701 3.4646, -0.9449 -0.0549 3.4646, -0.9298 0.0602 3.4646, -0.0702 0.0602 3.4646, -0.0551 -0.0549 3.4646, -0.0702 -0.1701 3.4646, 0.7225 -0.4402 3.4646, 1.0 -0.568 3.4646, 0.8146 -0.3695 3.4646, 0.8853 -0.2774 3.4646, 0.6152 -0.4847 3.4646, 0.5 -0.4998 3.4646, 0.3848 -0.4847 3.4646, 0.1147 0.1676 3.4646, 0.1854 0.2597 3.4646, 0.2775 0.3304 3.4646, 0.7225 0.3304 3.4646, 0.8146 0.2597 3.4646, 0.8853 0.1676 3.4646, 0.9298 0.0602 3.4646, 0.9449 -0.0549 3.4646, 0.9298 -0.1701 3.4646, 0.2775 -0.4402 3.4646, 0.1854 -0.3695 3.4646, 0.1147 -0.2774 3.4646, 0.3848 0.3748 3.4646, 0.5 0.39 3.4646, 0.6152 0.3748 3.4646, 0.0702 -0.1701 3.4646, 0.0551 -0.0549 3.4646, 0.0702 0.0602 3.4646, 1.8146 -0.3695 3.4646, 1.7225 -0.4402 3.4646, 2.0 -0.568 3.4646, 1.8853 -0.2774 3.4646, 1.6152 -0.4847 3.4646, 1.5 -0.4998 3.4646, 1.3848 -0.4847 3.4646, 1.8853 0.1676 3.4646, 1.8146 0.2597 3.4646, 1.7225 0.3304 3.4646, 1.2775 -0.4402 3.4646, 1.1854 -0.3695 3.4646, 1.1147 -0.2774 3.4646, 1.2775 0.3304 3.4646, 1.1854 0.2597 3.4646, 1.1147 0.1676 3.4646, 1.9298 0.0602 3.4646, 1.9449 -0.0549 3.4646, 1.9298 -0.1701 3.4646, 1.0702 -0.1701 3.4646, 1.0551 -0.0549 3.4646, 1.0702 0.0602 3.4646, 1.3848 0.3748 3.4646, 1.5 0.39 3.4646, 1.6152 0.3748 3.4646, 2.7225 -0.4402 3.4646, 3.0 -0.568 3.4646, 2.8146 -0.3695 3.4646, 2.8853 -0.2774 3.4646, 2.3848 -0.4847 3.4646, 2.5 -0.4998 3.4646, 2.6152 -0.4847 3.4646, 2.1147 0.1676 3.4646, 2.1854 0.2597 3.4646, 2.2775 0.3304 3.4646, 2.7225 0.3304 3.4646, 2.8146 0.2597 3.4646, 2.8853 0.1676 3.4646, 2.2775 -0.4402 3.4646, 2.1854 -0.3695 3.4646, 2.1147 -0.2774 3.4646, 2.0702 -0.1701 3.4646, 2.0551 -0.0549 3.4646, 2.0702 0.0602 3.4646, 2.3848 0.3748 3.4646, 2.5 0.39 3.4646, 2.6152 0.3748 3.4646, 2.9298 0.0602 3.4646, 2.9449 -0.0549 3.4646, 2.9298 -0.1701 3.4646, 3.8146 -0.3695 3.4646, 3.7225 -0.4402 3.4646, 4.0 -0.568 3.4646, 3.8853 -0.2774 3.4646, 3.6152 -0.4847 3.4646, 3.5 -0.4998 3.4646, 3.3848 -0.4847 3.4646, 3.7225 0.3304 3.4646, 3.8146 0.2597 3.4646, 3.8853 0.1676 3.4646, 3.2775 -0.4402 3.4646, 3.1854 -0.3695 3.4646, 3.1147 -0.2774 3.4646, 3.2775 0.3304 3.4646, 3.1854 0.2597 3.4646, 3.1147 0.1676 3.4646, 3.9298 0.0602 3.4646, 3.9449 -0.0549 3.4646, 3.9298 -0.1701 3.4646, 3.0702 -0.1701 3.4646, 3.0551 -0.0549 3.4646, 3.0702 0.0602 3.4646, 3.3848 0.3748 3.4646, 3.5 0.39 3.4646, 3.6152 0.3748 3.4646, -3.0 -0.6361 3.4646, -2.0 -0.6361 3.4646, -1.0 -0.6361 3.4646, 0.0 -0.6361 3.4646, 1.0 -0.6361 3.4646, 2.0 -0.6361 3.4646, 3.0 -0.6361 3.4646, 4.0 -0.6361 3.4646, 4.0 -0.9843 2.1654, -4.0 -0.9843 2.1654, -4.0 -1.1024 2.1654, 4.0 -1.1024 2.1654, -2.9221 -1.2882 2.0334, -2.0779 -1.2882 2.0334, 4.0 -1.2728 2.0669, -0.9221 -1.2882 2.0334, -0.0779 -1.2882 2.0334, 0.9221 -1.2882 2.0334, 0.0779 -1.2882 2.0334, 0.0736 -1.2925 2.0195, 2.0779 -1.2882 2.0334, 2.9221 -1.2882 2.0334, 2.0736 -1.2925 2.0195, 1.9221 -1.2882 2.0334, 1.0779 -1.2882 2.0334, 1.0736 -1.2925 2.0195, 3.0736 -1.2925 2.0195, 3.0779 -1.2882 2.0334, 3.9221 -1.2882 2.0334, 4.0 -1.2925 2.0195, -3.0686 -1.2975 1.9942, -3.0779 -1.2882 2.0334, -3.0736 -1.2925 2.0195, -2.9264 -1.2925 2.0195, -2.9314 -1.2975 1.9942, -4.0 -1.2925 2.0195, -3.9314 -1.2975 1.9942, -3.9264 -1.2925 2.0195, -4.0 -1.2728 2.0669, -3.9221 -1.2882 2.0334, 3.9314 -1.2975 1.9942, 3.9264 -1.2925 2.0195, 2.9314 -1.2975 1.9942, 2.9264 -1.2925 2.0195, 3.0686 -1.2975 1.9942, 1.9314 -1.2975 1.9942, 1.9264 -1.2925 2.0195, 2.0686 -1.2975 1.9942, 0.9314 -1.2975 1.9942, 0.9264 -1.2925 2.0195, 1.0686 -1.2975 1.9942, -0.0686 -1.2975 1.9942, -0.0736 -1.2925 2.0195, 0.0686 -1.2975 1.9942, -1.0686 -1.2975 1.9942, -0.9314 -1.2975 1.9942, -1.0736 -1.2925 2.0195, -0.9264 -1.2925 2.0195, -1.0779 -1.2882 2.0334, -2.0686 -1.2975 1.9942, -1.9314 -1.2975 1.9942, -2.0736 -1.2925 2.0195, -1.9264 -1.2925 2.0195, -1.9221 -1.2882 2.0334, 4.0 -1.2416 2.1077, -4.0 -1.2416 2.1077, 4.0 -1.2008 2.139, -4.0 -1.2008 2.139, 4.0 -1.1533 2.1586, -4.0 -1.1533 2.1586, -2.1063 -0.8354 0.5543, -2.2638 -0.8354 0.5543, -2.7362 -0.8354 0.5543, -2.8937 -0.8354 0.5543, -2.7362 -0.8354 1.3035, -2.8937 -0.8354 1.5292, -2.2638 -0.8354 1.3035, -2.1063 -0.8354 1.5292, -2.8937 -0.6872 1.5292, -2.1063 -0.6872 1.5292, -2.8937 -0.6872 2.6435, -2.1063 -0.6872 2.6435, -2.7272 -0.1158 2.6435, -2.7352 -0.0549 2.6435, -2.8937 0.6045 2.6435, -2.7272 0.006 2.6435, -2.7037 -0.1725 2.6435, -2.6663 -0.2212 2.6435, -2.6176 -0.2586 2.6435, -2.4391 -0.2821 2.6435, -2.5 -0.2901 2.6435, -2.5609 -0.2821 2.6435, -2.3824 -0.2586 2.6435, -2.3337 -0.2212 2.6435, -2.2963 -0.1725 2.6435, -2.2728 0.006 2.6435, -2.1063 0.6045 2.6435, -2.2648 -0.0549 2.6435, -2.2728 -0.1158 2.6435, -2.6176 0.1488 2.6435, -2.6663 0.1114 2.6435, -2.7037 0.0627 2.6435, -2.2963 0.0627 2.6435, -2.3337 0.1114 2.6435, -2.3824 0.1488 2.6435, -2.4391 0.1723 2.6435, -2.5 0.1803 2.6435, -2.5609 0.1723 2.6435, -2.8937 0.6045 2.4779, -2.1063 0.6045 2.4779, -2.8937 0.7633 1.9241, -2.1063 0.7633 1.9241, -2.4016 0.7633 1.5222, -2.1063 0.7633 1.5222, -2.4016 0.7633 1.5433, -2.5984 0.7633 1.5433, -2.5984 0.7633 1.5222, -2.8937 0.7633 1.5222, -2.4016 0.8198 1.5222, -2.1063 0.9842 1.5222, -2.8937 0.9842 1.5222, -2.7362 0.9842 1.5222, -2.5984 0.8198 1.5222, -2.2638 0.9842 1.5222, -2.7362 0.9842 0.7874, -2.2638 0.9842 0.7874, -2.5 -0.2901 2.6818, -2.5 -0.3745 2.6818, -2.4391 -0.2821 2.6818, -2.4173 -0.3636 2.6818, -2.3824 -0.2586 2.6818, -2.3402 -0.3317 2.6818, -2.3337 -0.2212 2.6818, -2.274 -0.2809 2.6818, -2.2963 -0.1725 2.6818, -2.2232 -0.2147 2.6818, -2.2728 -0.1158 2.6818, -2.1913 -0.1376 2.6818, -2.2648 -0.0549 2.6818, -2.1804 -0.0549 2.6818, -2.2728 0.006 2.6818, -2.1913 0.0278 2.6818, -2.2963 0.0627 2.6818, -2.2232 0.1049 2.6818, -2.3337 0.1114 2.6818, -2.274 0.1711 2.6818, -2.3824 0.1488 2.6818, -2.3402 0.2219 2.6818, -2.4391 0.1723 2.6818, -2.4173 0.2538 2.6818, -2.5 0.1803 2.6818, -2.5 0.2647 2.6818, -2.5609 0.1723 2.6818, -2.5827 0.2538 2.6818, -2.6176 0.1488 2.6818, -2.6598 0.2219 2.6818, -2.6663 0.1114 2.6818, -2.726 0.1711 2.6818, -2.7037 0.0627 2.6818, -2.7768 0.1049 2.6818, -2.7272 0.006 2.6818, -2.8087 0.0278 2.6818, -2.7352 -0.0549 2.6818, -2.8196 -0.0549 2.6818, -2.7272 -0.1158 2.6818, -2.8087 -0.1376 2.6818, -2.7037 -0.1725 2.6818, -2.7768 -0.2147 2.6818, -2.6663 -0.2212 2.6818, -2.726 -0.2809 2.6818, -2.6176 -0.2586 2.6818, -2.6598 -0.3317 2.6818, -2.5609 -0.2821 2.6818, -2.5827 -0.3636 2.6818, -2.1804 -0.0549 2.7983, -2.1913 0.0278 2.7983, -2.2232 0.1049 2.7983, -2.274 0.1711 2.7983, -2.3402 0.2219 2.7983, -2.4173 0.2538 2.7983, -2.5 0.2647 2.7983, -2.5827 0.2538 2.7983, -2.6598 0.2219 2.7983, -2.726 0.1711 2.7983, -2.7768 0.1049 2.7983, -2.8087 0.0278 2.7983, -2.8196 -0.0549 2.7983, -2.8087 -0.1376 2.7983, -2.7768 -0.2147 2.7983, -2.726 -0.2809 2.7983, -2.6598 -0.3317 2.7983, -2.5827 -0.3636 2.7983, -2.5 -0.3745 2.7983, -2.4173 -0.3636 2.7983, -2.3402 -0.3317 2.7983, -2.274 -0.2809 2.7983, -2.2232 -0.2147 2.7983, -2.1913 -0.1376 2.7983, -2.2775 0.3304 2.7983, -2.3848 0.3748 2.7983, -2.5 0.39 2.7983, -2.6152 0.3748 2.7983, -2.7225 0.3304 2.7983, -2.8146 0.2597 2.7983, -2.8853 0.1676 2.7983, -2.9298 0.0602 2.7983, -2.9449 -0.0549 2.7983, -2.9298 -0.1701 2.7983, -2.8853 -0.2774 2.7983, -2.8146 -0.3695 2.7983, -2.7225 -0.4402 2.7983, -2.6152 -0.4847 2.7983, -2.5 -0.4998 2.7983, -2.3848 -0.4847 2.7983, -2.2775 -0.4402 2.7983, -2.1854 -0.3695 2.7983, -2.1147 -0.2774 2.7983, -2.0702 -0.1701 2.7983, -2.0551 -0.0549 2.7983, -2.0702 0.0602 2.7983, -2.1147 0.1676 2.7983, -2.1854 0.2597 2.7983
            ]
        }
        coordIndex [
            0,1,2,-1,3,4,5,-1,6,7,8,-1,9,10,11,-1,12,13,14,-1,15,16,17,-1,18,19,20,-1,21,22,23,-1,24,25,26,-1,26,25,27,-1,26,27,28,-1,28,27,29,-1,28,29,30,-1,30,29,31,-1,30,31,32,-1,32,31,33,-1,32,33,34,-1,34,33,35,-1,34,35,36,-1,36,35,37,-1,36,37,38,-1,38,37,39,-1,38,39,40,-1,40,39,41,-1,40,41,42,-1,42,41,43,-1,42,43,44,-1,44,43,45,-1,44,45,46,-1,46,45,47,-1,46,47,48,-1,48,47,49,-1,48,49,50,-1,50,49,51,-1,50,51,24,-1,24,51,25,-1,52,53,54,-1,54,53,55,-1,54,55,56,-1,57,58,32,-1,57,32,59,-1,60,61,30,-1,30,61,62,-1,63,64,65,-1,62,66,30,-1,30,66,67,-1,30,67,63,-1,63,67,68,-1,63,68,64,-1,69,70,32,-1,70,71,32,-1,32,71,72,-1,32,72,59,-1,73,74,75,-1,75,74,76,-1,75,76,77,-1,55,78,56,-1,56,78,75,-1,56,75,79,-1,79,75,80,-1,73,81,74,-1,74,81,82,-1,74,82,83,-1,77,84,75,-1,75,84,85,-1,75,85,80,-1,83,86,74,-1,74,86,87,-1,74,87,30,-1,30,87,88,-1,30,88,60,-1,58,89,32,-1,32,89,90,-1,32,90,30,-1,30,90,91,-1,30,91,74,-1,92,93,94,-1,95,96,97,-1,97,96,98,-1,97,98,99,-1,99,100,97,-1,97,100,101,-1,97,101,102,-1,103,104,94,-1,94,104,105,-1,94,105,106,-1,106,107,94,-1,94,107,108,-1,94,108,109,-1,109,110,94,-1,94,110,111,-1,94,111,92,-1,112,113,114,-1,114,113,115,-1,65,116,63,-1,63,116,117,-1,63,117,118,-1,113,119,115,-1,115,119,120,-1,115,120,121,-1,121,120,63,-1,121,63,122,-1,122,63,118,-1,123,124,125,-1,126,127,120,-1,63,128,129,-1,130,131,23,-1,126,120,132,-1,133,134,135,-1,135,134,136,-1,137,138,125,-1,125,138,139,-1,125,139,140,-1,127,141,120,-1,120,141,142,-1,120,142,143,-1,22,144,23,-1,23,144,145,-1,23,145,146,-1,124,147,148,-1,133,149,134,-1,134,149,150,-1,134,150,151,-1,132,120,152,-1,152,120,125,-1,152,125,153,-1,129,154,63,-1,63,154,155,-1,63,155,156,-1,131,157,23,-1,23,157,158,-1,23,158,125,-1,125,158,159,-1,125,159,123,-1,136,134,124,-1,124,134,160,-1,124,160,147,-1,148,161,124,-1,124,161,162,-1,124,162,125,-1,125,162,163,-1,125,163,137,-1,164,165,63,-1,63,165,166,-1,63,166,128,-1,167,168,23,-1,23,168,169,-1,23,169,130,-1,146,170,23,-1,23,170,171,-1,23,171,167,-1,172,173,125,-1,125,173,174,-1,125,174,153,-1,140,175,125,-1,125,175,176,-1,125,176,177,-1,143,178,120,-1,120,178,179,-1,120,179,63,-1,63,179,180,-1,63,180,164,-1,177,181,125,-1,125,181,182,-1,125,182,172,-1,183,28,184,-1,184,28,30,-1,184,30,185,-1,185,30,63,-1,185,63,186,-1,186,63,156,-1,187,188,189,-1,190,191,192,-1,193,194,195,-1,195,194,196,-1,197,198,199,-1,191,200,192,-1,192,200,201,-1,192,201,202,-1,199,203,197,-1,197,203,204,-1,197,204,205,-1,205,204,195,-1,205,195,206,-1,206,195,196,-1,187,189,207,-1,208,209,210,-1,211,212,192,-1,192,212,213,-1,214,215,125,-1,216,217,218,-1,218,217,219,-1,218,219,220,-1,220,219,221,-1,220,221,222,-1,222,221,223,-1,210,224,208,-1,208,224,225,-1,208,225,226,-1,213,227,192,-1,192,227,228,-1,192,228,190,-1,202,229,192,-1,192,229,230,-1,192,230,231,-1,232,233,125,-1,125,233,234,-1,235,236,237,-1,198,197,218,-1,218,197,238,-1,218,238,216,-1,125,189,239,-1,240,241,23,-1,23,241,242,-1,209,208,243,-1,243,208,23,-1,243,23,244,-1,226,245,208,-1,208,245,246,-1,208,246,247,-1,215,248,125,-1,125,248,249,-1,125,249,223,-1,188,250,189,-1,189,250,251,-1,189,251,252,-1,252,251,235,-1,252,235,253,-1,253,235,237,-1,254,255,208,-1,223,221,125,-1,125,221,256,-1,125,256,189,-1,189,256,257,-1,189,257,207,-1,239,258,125,-1,125,258,259,-1,125,259,23,-1,23,259,260,-1,23,260,240,-1,242,261,23,-1,23,261,262,-1,23,262,263,-1,263,264,23,-1,23,264,265,-1,23,265,266,-1,231,267,192,-1,192,267,268,-1,192,268,269,-1,234,270,125,-1,125,270,271,-1,125,271,214,-1,272,273,23,-1,23,273,274,-1,23,274,244,-1,247,275,208,-1,208,275,276,-1,208,276,277,-1,269,278,192,-1,192,278,279,-1,192,279,280,-1,280,281,192,-1,192,281,282,-1,192,282,283,-1,266,284,23,-1,23,284,285,-1,23,285,272,-1,286,254,287,-1,287,254,208,-1,287,208,288,-1,288,208,277,-1,283,289,192,-1,192,289,290,-1,192,290,291,-1,291,290,292,-1,293,294,295,-1,295,294,296,-1,297,298,299,-1,296,294,300,-1,300,294,301,-1,300,301,302,-1,303,304,305,-1,302,306,300,-1,300,306,307,-1,300,307,297,-1,308,309,300,-1,300,309,310,-1,300,310,303,-1,303,310,311,-1,303,311,304,-1,297,299,300,-1,300,299,312,-1,300,312,308,-1,313,314,315,-1,316,317,297,-1,297,317,318,-1,297,318,319,-1,314,320,315,-1,315,320,321,-1,315,321,322,-1,319,323,297,-1,297,323,324,-1,297,324,298,-1,325,326,327,-1,327,326,328,-1,328,329,327,-1,327,329,330,-1,327,330,331,-1,331,332,327,-1,327,332,333,-1,327,333,334,-1,305,335,303,-1,303,335,336,-1,303,336,337,-1,337,338,303,-1,303,338,339,-1,303,339,340,-1,340,341,303,-1,303,341,342,-1,303,342,343,-1,325,327,344,-1,344,327,303,-1,344,303,345,-1,345,303,343,-1,345,343,346,-1,347,348,349,-1,349,348,350,-1,350,348,351,-1,350,351,352,-1,352,351,353,-1,352,353,354,-1,354,353,355,-1,354,355,356,-1,356,355,357,-1,356,357,358,-1,358,357,359,-1,358,359,34,-1,34,359,360,-1,34,360,32,-1,32,360,361,-1,32,361,362,-1,362,361,363,-1,362,363,364,-1,364,363,365,-1,364,365,366,-1,366,365,367,-1,366,367,368,-1,369,370,371,-1,371,370,372,-1,371,372,373,-1,374,375,368,-1,376,377,368,-1,378,379,349,-1,367,347,368,-1,368,347,349,-1,368,349,376,-1,376,349,380,-1,377,381,368,-1,368,381,382,-1,368,382,383,-1,384,385,349,-1,386,387,388,-1,388,387,374,-1,388,374,389,-1,389,374,368,-1,389,368,390,-1,390,368,383,-1,379,391,349,-1,349,391,392,-1,349,392,393,-1,393,394,349,-1,349,394,395,-1,349,395,380,-1,380,395,396,-1,385,397,349,-1,349,397,398,-1,349,398,378,-1,399,400,395,-1,395,400,401,-1,395,401,396,-1,402,403,404,-1,404,403,405,-1,404,405,406,-1,372,407,373,-1,373,407,404,-1,373,404,408,-1,408,404,406,-1,402,404,409,-1,409,404,410,-1,409,410,395,-1,395,410,411,-1,395,411,399,-1,412,413,414,-1,415,416,417,-1,417,416,418,-1,417,418,419,-1,419,420,417,-1,417,420,421,-1,417,421,422,-1,423,424,414,-1,414,424,425,-1,414,425,426,-1,426,427,414,-1,414,427,428,-1,414,428,429,-1,429,430,414,-1,414,430,431,-1,414,431,412,-1,432,433,434,-1,435,436,433,-1,437,438,386,-1,439,440,20,-1,441,442,434,-1,442,443,434,-1,434,443,444,-1,434,444,445,-1,446,447,448,-1,448,447,449,-1,450,451,433,-1,433,451,452,-1,433,452,453,-1,454,455,456,-1,19,457,20,-1,20,457,458,-1,20,458,459,-1,436,460,461,-1,446,462,447,-1,447,462,463,-1,447,463,464,-1,438,465,386,-1,386,465,466,-1,386,466,467,-1,441,434,468,-1,468,434,433,-1,468,433,469,-1,456,455,470,-1,470,455,471,-1,470,471,472,-1,440,473,20,-1,20,473,474,-1,20,474,433,-1,433,474,475,-1,433,475,435,-1,449,447,436,-1,436,447,476,-1,436,476,460,-1,461,477,436,-1,436,477,478,-1,436,478,433,-1,433,478,479,-1,433,479,450,-1,437,386,456,-1,456,386,480,-1,456,480,454,-1,467,481,386,-1,386,481,482,-1,386,482,387,-1,483,484,20,-1,20,484,485,-1,20,485,439,-1,459,486,20,-1,20,486,487,-1,20,487,483,-1,488,489,433,-1,433,489,490,-1,433,490,469,-1,445,491,434,-1,434,491,492,-1,434,492,493,-1,493,492,494,-1,493,494,495,-1,495,494,496,-1,495,496,497,-1,497,496,470,-1,497,470,498,-1,498,470,472,-1,453,499,433,-1,433,499,500,-1,433,500,501,-1,501,502,433,-1,433,502,503,-1,433,503,488,-1,504,505,506,-1,507,508,509,-1,504,506,510,-1,511,512,513,-1,513,512,514,-1,515,516,517,-1,505,518,506,-1,506,518,519,-1,506,519,520,-1,517,521,515,-1,515,521,522,-1,515,522,523,-1,523,522,513,-1,523,513,524,-1,524,513,514,-1,507,509,525,-1,526,527,528,-1,529,530,506,-1,506,530,531,-1,532,533,433,-1,534,535,536,-1,536,535,537,-1,536,537,538,-1,538,537,539,-1,538,539,540,-1,540,539,541,-1,528,542,526,-1,526,542,543,-1,526,543,544,-1,531,545,506,-1,506,545,546,-1,506,546,510,-1,433,547,548,-1,549,550,551,-1,516,515,536,-1,536,515,552,-1,536,552,534,-1,433,509,553,-1,554,555,20,-1,20,555,556,-1,527,526,557,-1,557,526,20,-1,557,20,558,-1,544,559,526,-1,526,559,560,-1,526,560,561,-1,533,562,433,-1,433,562,563,-1,433,563,541,-1,508,564,509,-1,509,564,565,-1,509,565,566,-1,566,565,549,-1,566,549,567,-1,567,549,551,-1,568,569,526,-1,520,570,506,-1,506,570,571,-1,506,571,572,-1,541,539,433,-1,433,539,573,-1,433,573,509,-1,509,573,574,-1,509,574,525,-1,553,575,433,-1,433,575,576,-1,433,576,20,-1,20,576,577,-1,20,577,554,-1,556,578,20,-1,20,578,579,-1,20,579,580,-1,580,581,20,-1,20,581,582,-1,20,582,583,-1,572,584,506,-1,506,584,585,-1,506,585,586,-1,548,587,433,-1,433,587,588,-1,433,588,532,-1,506,589,590,-1,591,592,20,-1,20,592,593,-1,20,593,558,-1,561,594,526,-1,526,594,595,-1,526,595,596,-1,586,597,506,-1,506,597,598,-1,506,598,589,-1,590,599,506,-1,506,599,600,-1,506,600,601,-1,583,602,20,-1,20,602,603,-1,20,603,591,-1,604,568,605,-1,605,568,526,-1,605,526,606,-1,606,526,596,-1,547,433,607,-1,607,433,432,-1,607,432,601,-1,601,432,608,-1,601,608,506,-1,609,610,611,-1,611,610,612,-1,613,614,615,-1,612,610,616,-1,616,610,617,-1,616,617,618,-1,619,620,621,-1,618,622,616,-1,616,622,623,-1,616,623,613,-1,624,625,616,-1,616,625,626,-1,616,626,619,-1,619,626,627,-1,619,627,620,-1,613,615,616,-1,616,615,628,-1,616,628,624,-1,629,630,631,-1,632,633,613,-1,613,633,634,-1,613,634,635,-1,630,636,631,-1,631,636,637,-1,631,637,638,-1,635,639,613,-1,613,639,640,-1,613,640,614,-1,641,642,643,-1,643,642,644,-1,644,645,643,-1,643,645,646,-1,643,646,647,-1,647,648,643,-1,643,648,649,-1,643,649,650,-1,621,651,619,-1,619,651,652,-1,619,652,653,-1,653,654,619,-1,619,654,655,-1,619,655,656,-1,656,657,619,-1,619,657,658,-1,619,658,659,-1,641,643,660,-1,660,643,619,-1,660,619,661,-1,661,619,659,-1,661,659,662,-1,663,664,665,-1,665,664,666,-1,665,666,667,-1,667,666,668,-1,667,668,669,-1,669,668,670,-1,669,670,671,-1,671,670,672,-1,671,672,673,-1,673,672,674,-1,673,674,675,-1,675,674,676,-1,675,676,677,-1,677,676,678,-1,677,678,679,-1,679,678,680,-1,679,680,681,-1,681,680,682,-1,681,682,683,-1,683,682,684,-1,683,684,350,-1,350,684,685,-1,350,685,349,-1,349,685,686,-1,349,686,687,-1,687,686,688,-1,687,688,663,-1,663,688,664,-1,689,690,691,-1,691,690,692,-1,691,692,693,-1,694,695,671,-1,694,671,696,-1,697,698,669,-1,669,698,699,-1,700,701,702,-1,699,703,669,-1,669,703,704,-1,669,704,700,-1,700,704,705,-1,700,705,701,-1,706,707,671,-1,707,708,671,-1,671,708,709,-1,671,709,696,-1,710,711,712,-1,712,711,713,-1,712,713,714,-1,692,715,693,-1,693,715,712,-1,693,712,716,-1,716,712,717,-1,710,718,711,-1,711,718,719,-1,711,719,720,-1,714,721,712,-1,712,721,722,-1,712,722,717,-1,720,723,711,-1,711,723,724,-1,711,724,669,-1,669,724,725,-1,669,725,697,-1,695,726,671,-1,671,726,727,-1,671,727,669,-1,669,727,728,-1,669,728,711,-1,729,730,731,-1,732,733,734,-1,734,733,735,-1,734,735,736,-1,736,737,734,-1,734,737,738,-1,734,738,739,-1,740,741,731,-1,731,741,742,-1,731,742,743,-1,743,744,731,-1,731,744,745,-1,731,745,746,-1,746,747,731,-1,731,747,748,-1,731,748,729,-1,749,750,751,-1,751,750,752,-1,702,753,700,-1,700,753,754,-1,700,754,755,-1,750,756,752,-1,752,756,757,-1,752,757,758,-1,758,757,700,-1,758,700,759,-1,759,700,755,-1,760,761,762,-1,763,764,757,-1,700,765,766,-1,767,768,17,-1,763,757,769,-1,770,771,772,-1,772,771,773,-1,774,775,762,-1,762,775,776,-1,762,776,777,-1,764,778,757,-1,757,778,779,-1,757,779,780,-1,16,781,17,-1,17,781,782,-1,17,782,783,-1,761,784,785,-1,770,786,771,-1,771,786,787,-1,771,787,788,-1,769,757,789,-1,789,757,762,-1,789,762,790,-1,766,791,700,-1,700,791,792,-1,700,792,793,-1,768,794,17,-1,17,794,795,-1,17,795,762,-1,762,795,796,-1,762,796,760,-1,773,771,761,-1,761,771,797,-1,761,797,784,-1,785,798,761,-1,761,798,799,-1,761,799,762,-1,762,799,800,-1,762,800,774,-1,801,802,700,-1,700,802,803,-1,700,803,765,-1,804,805,17,-1,17,805,806,-1,17,806,767,-1,783,807,17,-1,17,807,808,-1,17,808,804,-1,809,810,762,-1,762,810,811,-1,762,811,790,-1,777,812,762,-1,762,812,813,-1,762,813,814,-1,780,815,757,-1,757,815,816,-1,757,816,700,-1,700,816,817,-1,700,817,801,-1,814,818,762,-1,762,818,819,-1,762,819,809,-1,820,667,821,-1,821,667,669,-1,821,669,822,-1,822,669,700,-1,822,700,823,-1,823,700,793,-1,824,825,826,-1,827,828,829,-1,830,831,832,-1,832,831,833,-1,834,835,836,-1,828,837,829,-1,829,837,838,-1,829,838,839,-1,836,840,834,-1,834,840,841,-1,834,841,842,-1,842,841,832,-1,842,832,843,-1,843,832,833,-1,824,826,844,-1,845,846,847,-1,848,849,829,-1,829,849,850,-1,851,852,762,-1,853,854,855,-1,855,854,856,-1,855,856,857,-1,857,856,858,-1,857,858,859,-1,859,858,860,-1,847,861,845,-1,845,861,862,-1,845,862,863,-1,850,864,829,-1,829,864,865,-1,829,865,827,-1,839,866,829,-1,829,866,867,-1,829,867,868,-1,869,870,762,-1,762,870,871,-1,872,873,874,-1,835,834,855,-1,855,834,875,-1,855,875,853,-1,762,826,876,-1,877,878,17,-1,17,878,879,-1,846,845,880,-1,880,845,17,-1,880,17,881,-1,863,882,845,-1,845,882,883,-1,845,883,884,-1,852,885,762,-1,762,885,886,-1,762,886,860,-1,825,887,826,-1,826,887,888,-1,826,888,889,-1,889,888,872,-1,889,872,890,-1,890,872,874,-1,891,892,845,-1,860,858,762,-1,762,858,893,-1,762,893,826,-1,826,893,894,-1,826,894,844,-1,876,895,762,-1,762,895,896,-1,762,896,17,-1,17,896,897,-1,17,897,877,-1,879,898,17,-1,17,898,899,-1,17,899,900,-1,900,901,17,-1,17,901,902,-1,17,902,903,-1,868,904,829,-1,829,904,905,-1,829,905,906,-1,871,907,762,-1,762,907,908,-1,762,908,851,-1,909,910,17,-1,17,910,911,-1,17,911,881,-1,884,912,845,-1,845,912,913,-1,845,913,914,-1,906,915,829,-1,829,915,916,-1,829,916,917,-1,917,918,829,-1,829,918,919,-1,829,919,920,-1,903,921,17,-1,17,921,922,-1,17,922,909,-1,923,891,924,-1,924,891,845,-1,924,845,925,-1,925,845,914,-1,920,926,829,-1,829,926,927,-1,829,927,928,-1,928,927,929,-1,930,931,932,-1,932,931,933,-1,934,935,936,-1,933,931,937,-1,937,931,938,-1,937,938,939,-1,940,941,942,-1,939,943,937,-1,937,943,944,-1,937,944,934,-1,945,946,937,-1,937,946,947,-1,937,947,940,-1,940,947,948,-1,940,948,941,-1,934,936,937,-1,937,936,949,-1,937,949,945,-1,950,951,952,-1,953,954,934,-1,934,954,955,-1,934,955,956,-1,951,957,952,-1,952,957,958,-1,952,958,959,-1,956,960,934,-1,934,960,961,-1,934,961,935,-1,962,963,964,-1,964,963,965,-1,965,966,964,-1,964,966,967,-1,964,967,968,-1,968,969,964,-1,964,969,970,-1,964,970,971,-1,942,972,940,-1,940,972,973,-1,940,973,974,-1,974,975,940,-1,940,975,976,-1,940,976,977,-1,977,978,940,-1,940,978,979,-1,940,979,980,-1,962,964,981,-1,981,964,940,-1,981,940,982,-1,982,940,980,-1,982,980,983,-1,984,985,986,-1,986,985,987,-1,987,985,988,-1,987,988,989,-1,989,988,990,-1,989,990,991,-1,991,990,992,-1,991,992,993,-1,993,992,994,-1,993,994,995,-1,995,994,996,-1,995,996,673,-1,673,996,997,-1,673,997,671,-1,671,997,998,-1,671,998,999,-1,999,998,1000,-1,999,1000,1001,-1,1001,1000,1002,-1,1001,1002,1003,-1,1003,1002,1004,-1,1003,1004,1005,-1,1006,1007,1008,-1,1008,1007,1009,-1,1008,1009,1010,-1,1011,1012,1005,-1,1013,1014,1005,-1,1015,1016,986,-1,1004,984,1005,-1,1005,984,986,-1,1005,986,1013,-1,1013,986,1017,-1,1014,1018,1005,-1,1005,1018,1019,-1,1005,1019,1020,-1,1021,1022,986,-1,1023,1024,1025,-1,1025,1024,1011,-1,1025,1011,1026,-1,1026,1011,1005,-1,1026,1005,1027,-1,1027,1005,1020,-1,1016,1028,986,-1,986,1028,1029,-1,986,1029,1030,-1,1030,1031,986,-1,986,1031,1032,-1,986,1032,1017,-1,1017,1032,1033,-1,1022,1034,986,-1,986,1034,1035,-1,986,1035,1015,-1,1036,1037,1032,-1,1032,1037,1038,-1,1032,1038,1033,-1,1039,1040,1041,-1,1041,1040,1042,-1,1041,1042,1043,-1,1009,1044,1010,-1,1010,1044,1041,-1,1010,1041,1045,-1,1045,1041,1043,-1,1039,1041,1046,-1,1046,1041,1047,-1,1046,1047,1032,-1,1032,1047,1048,-1,1032,1048,1036,-1,1049,1050,1051,-1,1052,1053,1054,-1,1054,1053,1055,-1,1054,1055,1056,-1,1056,1057,1054,-1,1054,1057,1058,-1,1054,1058,1059,-1,1060,1061,1051,-1,1051,1061,1062,-1,1051,1062,1063,-1,1063,1064,1051,-1,1051,1064,1065,-1,1051,1065,1066,-1,1066,1067,1051,-1,1051,1067,1068,-1,1051,1068,1049,-1,1069,1070,1071,-1,1072,1073,1070,-1,1074,1075,1023,-1,1076,1077,14,-1,1078,1079,1071,-1,1079,1080,1071,-1,1071,1080,1081,-1,1071,1081,1082,-1,1083,1084,1085,-1,1085,1084,1086,-1,1087,1088,1070,-1,1070,1088,1089,-1,1070,1089,1090,-1,1091,1092,1093,-1,13,1094,14,-1,14,1094,1095,-1,14,1095,1096,-1,1073,1097,1098,-1,1083,1099,1084,-1,1084,1099,1100,-1,1084,1100,1101,-1,1075,1102,1023,-1,1023,1102,1103,-1,1023,1103,1104,-1,1078,1071,1105,-1,1105,1071,1070,-1,1105,1070,1106,-1,1093,1092,1107,-1,1107,1092,1108,-1,1107,1108,1109,-1,1077,1110,14,-1,14,1110,1111,-1,14,1111,1070,-1,1070,1111,1112,-1,1070,1112,1072,-1,1086,1084,1073,-1,1073,1084,1113,-1,1073,1113,1097,-1,1098,1114,1073,-1,1073,1114,1115,-1,1073,1115,1070,-1,1070,1115,1116,-1,1070,1116,1087,-1,1074,1023,1093,-1,1093,1023,1117,-1,1093,1117,1091,-1,1104,1118,1023,-1,1023,1118,1119,-1,1023,1119,1024,-1,1120,1121,14,-1,14,1121,1122,-1,14,1122,1076,-1,1096,1123,14,-1,14,1123,1124,-1,14,1124,1120,-1,1125,1126,1070,-1,1070,1126,1127,-1,1070,1127,1106,-1,1082,1128,1071,-1,1071,1128,1129,-1,1071,1129,1130,-1,1130,1129,1131,-1,1130,1131,1132,-1,1132,1131,1133,-1,1132,1133,1134,-1,1134,1133,1107,-1,1134,1107,1135,-1,1135,1107,1109,-1,1090,1136,1070,-1,1070,1136,1137,-1,1070,1137,1138,-1,1138,1139,1070,-1,1070,1139,1140,-1,1070,1140,1125,-1,1141,1142,1143,-1,1144,1145,1146,-1,1141,1143,1147,-1,1148,1149,1150,-1,1150,1149,1151,-1,1152,1153,1154,-1,1142,1155,1143,-1,1143,1155,1156,-1,1143,1156,1157,-1,1154,1158,1152,-1,1152,1158,1159,-1,1152,1159,1160,-1,1160,1159,1150,-1,1160,1150,1161,-1,1161,1150,1151,-1,1144,1146,1162,-1,1163,1164,1165,-1,1166,1167,1143,-1,1143,1167,1168,-1,1169,1170,1070,-1,1171,1172,1173,-1,1173,1172,1174,-1,1173,1174,1175,-1,1175,1174,1176,-1,1175,1176,1177,-1,1177,1176,1178,-1,1165,1179,1163,-1,1163,1179,1180,-1,1163,1180,1181,-1,1168,1182,1143,-1,1143,1182,1183,-1,1143,1183,1147,-1,1070,1184,1185,-1,1186,1187,1188,-1,1153,1152,1173,-1,1173,1152,1189,-1,1173,1189,1171,-1,1070,1146,1190,-1,1191,1192,14,-1,14,1192,1193,-1,1164,1163,1194,-1,1194,1163,14,-1,1194,14,1195,-1,1181,1196,1163,-1,1163,1196,1197,-1,1163,1197,1198,-1,1170,1199,1070,-1,1070,1199,1200,-1,1070,1200,1178,-1,1145,1201,1146,-1,1146,1201,1202,-1,1146,1202,1203,-1,1203,1202,1186,-1,1203,1186,1204,-1,1204,1186,1188,-1,1205,1206,1163,-1,1157,1207,1143,-1,1143,1207,1208,-1,1143,1208,1209,-1,1178,1176,1070,-1,1070,1176,1210,-1,1070,1210,1146,-1,1146,1210,1211,-1,1146,1211,1162,-1,1190,1212,1070,-1,1070,1212,1213,-1,1070,1213,14,-1,14,1213,1214,-1,14,1214,1191,-1,1193,1215,14,-1,14,1215,1216,-1,14,1216,1217,-1,1217,1218,14,-1,14,1218,1219,-1,14,1219,1220,-1,1209,1221,1143,-1,1143,1221,1222,-1,1143,1222,1223,-1,1185,1224,1070,-1,1070,1224,1225,-1,1070,1225,1169,-1,1143,1226,1227,-1,1228,1229,14,-1,14,1229,1230,-1,14,1230,1195,-1,1198,1231,1163,-1,1163,1231,1232,-1,1163,1232,1233,-1,1223,1234,1143,-1,1143,1234,1235,-1,1143,1235,1226,-1,1227,1236,1143,-1,1143,1236,1237,-1,1143,1237,1238,-1,1220,1239,14,-1,14,1239,1240,-1,14,1240,1228,-1,1241,1205,1242,-1,1242,1205,1163,-1,1242,1163,1243,-1,1243,1163,1233,-1,1184,1070,1244,-1,1244,1070,1069,-1,1244,1069,1238,-1,1238,1069,1245,-1,1238,1245,1143,-1,1246,1247,1248,-1,1248,1247,1249,-1,1250,1251,1252,-1,1249,1247,1253,-1,1253,1247,1254,-1,1253,1254,1255,-1,1256,1257,1258,-1,1255,1259,1253,-1,1253,1259,1260,-1,1253,1260,1250,-1,1261,1262,1253,-1,1253,1262,1263,-1,1253,1263,1256,-1,1256,1263,1264,-1,1256,1264,1257,-1,1250,1252,1253,-1,1253,1252,1265,-1,1253,1265,1261,-1,1266,1267,1268,-1,1269,1270,1250,-1,1250,1270,1271,-1,1250,1271,1272,-1,1267,1273,1268,-1,1268,1273,1274,-1,1268,1274,1275,-1,1272,1276,1250,-1,1250,1276,1277,-1,1250,1277,1251,-1,1278,1279,1280,-1,1280,1279,1281,-1,1281,1282,1280,-1,1280,1282,1283,-1,1280,1283,1284,-1,1284,1285,1280,-1,1280,1285,1286,-1,1280,1286,1287,-1,1258,1288,1256,-1,1256,1288,1289,-1,1256,1289,1290,-1,1290,1291,1256,-1,1256,1291,1292,-1,1256,1292,1293,-1,1293,1294,1256,-1,1256,1294,1295,-1,1256,1295,1296,-1,1278,1280,1297,-1,1297,1280,1256,-1,1297,1256,1298,-1,1298,1256,1296,-1,1298,1296,1299,-1,1300,1301,1302,-1,1302,1301,1303,-1,1302,1303,1304,-1,1304,1303,1305,-1,1304,1305,1306,-1,1306,1305,1307,-1,1306,1307,1308,-1,1308,1307,1309,-1,1308,1309,1310,-1,1310,1309,1311,-1,1310,1311,1312,-1,1312,1311,1313,-1,1312,1313,1314,-1,1314,1313,1315,-1,1314,1315,1316,-1,1316,1315,1317,-1,1316,1317,1318,-1,1318,1317,1319,-1,1318,1319,1320,-1,1320,1319,1321,-1,1320,1321,987,-1,987,1321,1322,-1,987,1322,986,-1,986,1322,1323,-1,986,1323,1324,-1,1324,1323,1325,-1,1324,1325,1300,-1,1300,1325,1301,-1,1326,1327,1328,-1,1328,1327,1329,-1,1328,1329,1330,-1,1331,1332,1308,-1,1331,1308,1333,-1,1334,1335,1306,-1,1306,1335,1336,-1,1337,1338,1339,-1,1336,1340,1306,-1,1306,1340,1341,-1,1306,1341,1337,-1,1337,1341,1342,-1,1337,1342,1338,-1,1343,1344,1308,-1,1344,1345,1308,-1,1308,1345,1346,-1,1308,1346,1333,-1,1347,1348,1349,-1,1349,1348,1350,-1,1349,1350,1351,-1,1329,1352,1330,-1,1330,1352,1349,-1,1330,1349,1353,-1,1353,1349,1354,-1,1347,1355,1348,-1,1348,1355,1356,-1,1348,1356,1357,-1,1351,1358,1349,-1,1349,1358,1359,-1,1349,1359,1354,-1,1357,1360,1348,-1,1348,1360,1361,-1,1348,1361,1306,-1,1306,1361,1362,-1,1306,1362,1334,-1,1332,1363,1308,-1,1308,1363,1364,-1,1308,1364,1306,-1,1306,1364,1365,-1,1306,1365,1348,-1,1366,1367,1368,-1,1369,1370,1371,-1,1371,1370,1372,-1,1371,1372,1373,-1,1373,1374,1371,-1,1371,1374,1375,-1,1371,1375,1376,-1,1377,1378,1368,-1,1368,1378,1379,-1,1368,1379,1380,-1,1380,1381,1368,-1,1368,1381,1382,-1,1368,1382,1383,-1,1383,1384,1368,-1,1368,1384,1385,-1,1368,1385,1366,-1,1386,1387,1388,-1,1388,1387,1389,-1,1339,1390,1337,-1,1337,1390,1391,-1,1337,1391,1392,-1,1387,1393,1389,-1,1389,1393,1394,-1,1389,1394,1395,-1,1395,1394,1337,-1,1395,1337,1396,-1,1396,1337,1392,-1,1397,1398,1399,-1,1400,1401,1394,-1,1337,1402,1403,-1,1404,1405,11,-1,1400,1394,1406,-1,1407,1408,1409,-1,1409,1408,1410,-1,1411,1412,1399,-1,1399,1412,1413,-1,1399,1413,1414,-1,1401,1415,1394,-1,1394,1415,1416,-1,1394,1416,1417,-1,10,1418,11,-1,11,1418,1419,-1,11,1419,1420,-1,1398,1421,1422,-1,1407,1423,1408,-1,1408,1423,1424,-1,1408,1424,1425,-1,1406,1394,1426,-1,1426,1394,1399,-1,1426,1399,1427,-1,1403,1428,1337,-1,1337,1428,1429,-1,1337,1429,1430,-1,1405,1431,11,-1,11,1431,1432,-1,11,1432,1399,-1,1399,1432,1433,-1,1399,1433,1397,-1,1410,1408,1398,-1,1398,1408,1434,-1,1398,1434,1421,-1,1422,1435,1398,-1,1398,1435,1436,-1,1398,1436,1399,-1,1399,1436,1437,-1,1399,1437,1411,-1,1438,1439,1337,-1,1337,1439,1440,-1,1337,1440,1402,-1,1441,1442,11,-1,11,1442,1443,-1,11,1443,1404,-1,1420,1444,11,-1,11,1444,1445,-1,11,1445,1441,-1,1446,1447,1399,-1,1399,1447,1448,-1,1399,1448,1427,-1,1414,1449,1399,-1,1399,1449,1450,-1,1399,1450,1451,-1,1417,1452,1394,-1,1394,1452,1453,-1,1394,1453,1337,-1,1337,1453,1454,-1,1337,1454,1438,-1,1451,1455,1399,-1,1399,1455,1456,-1,1399,1456,1446,-1,1457,1304,1458,-1,1458,1304,1306,-1,1458,1306,1459,-1,1459,1306,1337,-1,1459,1337,1460,-1,1460,1337,1430,-1,1461,1462,1463,-1,1464,1465,1466,-1,1467,1468,1469,-1,1469,1468,1470,-1,1471,1472,1473,-1,1465,1474,1466,-1,1466,1474,1475,-1,1466,1475,1476,-1,1473,1477,1471,-1,1471,1477,1478,-1,1471,1478,1479,-1,1479,1478,1469,-1,1479,1469,1480,-1,1480,1469,1470,-1,1461,1463,1481,-1,1482,1483,1484,-1,1485,1486,1466,-1,1466,1486,1487,-1,1488,1489,1399,-1,1490,1491,1492,-1,1492,1491,1493,-1,1492,1493,1494,-1,1494,1493,1495,-1,1494,1495,1496,-1,1496,1495,1497,-1,1484,1498,1482,-1,1482,1498,1499,-1,1482,1499,1500,-1,1487,1501,1466,-1,1466,1501,1502,-1,1466,1502,1464,-1,1476,1503,1466,-1,1466,1503,1504,-1,1466,1504,1505,-1,1506,1507,1399,-1,1399,1507,1508,-1,1509,1510,1511,-1,1472,1471,1492,-1,1492,1471,1512,-1,1492,1512,1490,-1,1399,1463,1513,-1,1514,1515,11,-1,11,1515,1516,-1,1483,1482,1517,-1,1517,1482,11,-1,1517,11,1518,-1,1500,1519,1482,-1,1482,1519,1520,-1,1482,1520,1521,-1,1489,1522,1399,-1,1399,1522,1523,-1,1399,1523,1497,-1,1462,1524,1463,-1,1463,1524,1525,-1,1463,1525,1526,-1,1526,1525,1509,-1,1526,1509,1527,-1,1527,1509,1511,-1,1528,1529,1482,-1,1497,1495,1399,-1,1399,1495,1530,-1,1399,1530,1463,-1,1463,1530,1531,-1,1463,1531,1481,-1,1513,1532,1399,-1,1399,1532,1533,-1,1399,1533,11,-1,11,1533,1534,-1,11,1534,1514,-1,1516,1535,11,-1,11,1535,1536,-1,11,1536,1537,-1,1537,1538,11,-1,11,1538,1539,-1,11,1539,1540,-1,1505,1541,1466,-1,1466,1541,1542,-1,1466,1542,1543,-1,1508,1544,1399,-1,1399,1544,1545,-1,1399,1545,1488,-1,1546,1547,11,-1,11,1547,1548,-1,11,1548,1518,-1,1521,1549,1482,-1,1482,1549,1550,-1,1482,1550,1551,-1,1543,1552,1466,-1,1466,1552,1553,-1,1466,1553,1554,-1,1554,1555,1466,-1,1466,1555,1556,-1,1466,1556,1557,-1,1540,1558,11,-1,11,1558,1559,-1,11,1559,1546,-1,1560,1528,1561,-1,1561,1528,1482,-1,1561,1482,1562,-1,1562,1482,1551,-1,1557,1563,1466,-1,1466,1563,1564,-1,1466,1564,1565,-1,1565,1564,1566,-1,1567,1568,1569,-1,1569,1568,1570,-1,1571,1572,1573,-1,1570,1568,1574,-1,1574,1568,1575,-1,1574,1575,1576,-1,1577,1578,1579,-1,1576,1580,1574,-1,1574,1580,1581,-1,1574,1581,1571,-1,1582,1583,1574,-1,1574,1583,1584,-1,1574,1584,1577,-1,1577,1584,1585,-1,1577,1585,1578,-1,1571,1573,1574,-1,1574,1573,1586,-1,1574,1586,1582,-1,1587,1588,1589,-1,1590,1591,1571,-1,1571,1591,1592,-1,1571,1592,1593,-1,1588,1594,1589,-1,1589,1594,1595,-1,1589,1595,1596,-1,1593,1597,1571,-1,1571,1597,1598,-1,1571,1598,1572,-1,1599,1600,1601,-1,1601,1600,1602,-1,1602,1603,1601,-1,1601,1603,1604,-1,1601,1604,1605,-1,1605,1606,1601,-1,1601,1606,1607,-1,1601,1607,1608,-1,1579,1609,1577,-1,1577,1609,1610,-1,1577,1610,1611,-1,1611,1612,1577,-1,1577,1612,1613,-1,1577,1613,1614,-1,1614,1615,1577,-1,1577,1615,1616,-1,1577,1616,1617,-1,1599,1601,1618,-1,1618,1601,1577,-1,1618,1577,1619,-1,1619,1577,1617,-1,1619,1617,1620,-1,1621,1622,1623,-1,1623,1622,1624,-1,1624,1622,1625,-1,1624,1625,1626,-1,1626,1625,1627,-1,1626,1627,1628,-1,1628,1627,1629,-1,1628,1629,1630,-1,1630,1629,1631,-1,1630,1631,1632,-1,1632,1631,1633,-1,1632,1633,1310,-1,1310,1633,1634,-1,1310,1634,1308,-1,1308,1634,1635,-1,1308,1635,1636,-1,1636,1635,1637,-1,1636,1637,1638,-1,1638,1637,1639,-1,1638,1639,1640,-1,1640,1639,1641,-1,1640,1641,1642,-1,1643,1644,1645,-1,1645,1644,1646,-1,1645,1646,1647,-1,1648,1649,1642,-1,1650,1651,1642,-1,1641,1621,1642,-1,1642,1621,1623,-1,1642,1623,1650,-1,1650,1623,1652,-1,1651,1653,1642,-1,1642,1653,1654,-1,1642,1654,1655,-1,1656,1657,1658,-1,1658,1657,1648,-1,1658,1648,1659,-1,1659,1648,1642,-1,1659,1642,1660,-1,1660,1642,1655,-1,1661,1662,1663,-1,1664,1665,1623,-1,1623,1665,1666,-1,1623,1666,1667,-1,1667,1668,1623,-1,1623,1668,1669,-1,1623,1669,1670,-1,1670,1671,1623,-1,1623,1671,1672,-1,1623,1672,1652,-1,1652,1672,1673,-1,1661,1663,1623,-1,1623,1663,1674,-1,1623,1674,1664,-1,1675,1676,1672,-1,1672,1676,1677,-1,1672,1677,1673,-1,1678,1679,1680,-1,1680,1679,1681,-1,1680,1681,1682,-1,1646,1683,1647,-1,1647,1683,1680,-1,1647,1680,1684,-1,1684,1680,1682,-1,1678,1680,1685,-1,1685,1680,1686,-1,1685,1686,1672,-1,1672,1686,1687,-1,1672,1687,1675,-1,1688,1689,1661,-1,1690,1691,1692,-1,1692,1691,1693,-1,1692,1693,1661,-1,1661,1693,1694,-1,1661,1694,1688,-1,1689,1695,1661,-1,1661,1695,1696,-1,1661,1696,1662,-1,1697,1692,1698,-1,1698,1692,1699,-1,1697,1700,1692,-1,1692,1700,1701,-1,1692,1701,1702,-1,1702,1703,1692,-1,1692,1703,1704,-1,1692,1704,1690,-1,1699,1692,1705,-1,1705,1692,1706,-1,1705,1706,1707,-1,1708,1709,1710,-1,1711,1712,1656,-1,1713,1714,8,-1,1715,1716,1717,-1,1715,1717,1718,-1,1716,1719,1717,-1,1717,1719,1720,-1,1717,1720,1721,-1,1722,1723,1724,-1,1724,1723,1725,-1,1726,1727,1710,-1,1710,1727,1728,-1,1710,1728,1729,-1,1730,1731,1732,-1,7,1733,8,-1,8,1733,1734,-1,8,1734,1735,-1,1709,1736,1737,-1,1722,1738,1723,-1,1723,1738,1739,-1,1723,1739,1740,-1,1712,1741,1656,-1,1656,1741,1742,-1,1656,1742,1743,-1,1744,1718,1710,-1,1710,1718,1717,-1,1710,1717,1707,-1,1707,1717,1745,-1,1707,1745,1705,-1,1732,1731,1746,-1,1746,1731,1747,-1,1746,1747,1748,-1,1714,1749,8,-1,8,1749,1750,-1,8,1750,1710,-1,1710,1750,1751,-1,1710,1751,1708,-1,1725,1723,1709,-1,1709,1723,1752,-1,1709,1752,1736,-1,1737,1753,1709,-1,1709,1753,1754,-1,1709,1754,1710,-1,1710,1754,1755,-1,1710,1755,1726,-1,1711,1656,1732,-1,1732,1656,1756,-1,1732,1756,1730,-1,1743,1757,1656,-1,1656,1757,1758,-1,1656,1758,1657,-1,1759,1760,8,-1,8,1760,1761,-1,8,1761,1713,-1,1735,1762,8,-1,8,1762,1763,-1,8,1763,1759,-1,1764,1765,1710,-1,1710,1765,1766,-1,1710,1766,1744,-1,1721,1767,1717,-1,1717,1767,1768,-1,1717,1768,1769,-1,1769,1768,1770,-1,1769,1770,1771,-1,1771,1770,1772,-1,1771,1772,1773,-1,1773,1772,1746,-1,1773,1746,1774,-1,1774,1746,1748,-1,1729,1775,1710,-1,1710,1775,1776,-1,1710,1776,1777,-1,1777,1778,1710,-1,1710,1778,1779,-1,1710,1779,1764,-1,1780,1781,1782,-1,1783,1784,1785,-1,1780,1782,1786,-1,1787,1788,1789,-1,1789,1788,1790,-1,1791,1792,1793,-1,1781,1794,1782,-1,1782,1794,1795,-1,1782,1795,1796,-1,1793,1797,1791,-1,1791,1797,1798,-1,1791,1798,1799,-1,1799,1798,1789,-1,1799,1789,1800,-1,1800,1789,1790,-1,1783,1785,1801,-1,1802,1803,1804,-1,1805,1806,1782,-1,1782,1806,1807,-1,1808,1809,1710,-1,1810,1811,1812,-1,1812,1811,1813,-1,1812,1813,1814,-1,1814,1813,1815,-1,1814,1815,1816,-1,1816,1815,1817,-1,1804,1818,1802,-1,1802,1818,1819,-1,1802,1819,1820,-1,1807,1821,1782,-1,1782,1821,1822,-1,1782,1822,1786,-1,1710,1823,1824,-1,1825,1826,1827,-1,1792,1791,1812,-1,1812,1791,1828,-1,1812,1828,1810,-1,1710,1785,1829,-1,1830,1831,8,-1,8,1831,1832,-1,1803,1802,1833,-1,1833,1802,8,-1,1833,8,1834,-1,1820,1835,1802,-1,1802,1835,1836,-1,1802,1836,1837,-1,1809,1838,1710,-1,1710,1838,1839,-1,1710,1839,1817,-1,1784,1840,1785,-1,1785,1840,1841,-1,1785,1841,1842,-1,1842,1841,1825,-1,1842,1825,1843,-1,1843,1825,1827,-1,1844,1845,1802,-1,1796,1846,1782,-1,1782,1846,1847,-1,1782,1847,1848,-1,1817,1815,1710,-1,1710,1815,1849,-1,1710,1849,1785,-1,1785,1849,1850,-1,1785,1850,1801,-1,1829,1851,1710,-1,1710,1851,1852,-1,1710,1852,8,-1,8,1852,1853,-1,8,1853,1830,-1,1832,1854,8,-1,8,1854,1855,-1,8,1855,1856,-1,1856,1857,8,-1,8,1857,1858,-1,8,1858,1859,-1,1848,1860,1782,-1,1782,1860,1861,-1,1782,1861,1862,-1,1824,1863,1710,-1,1710,1863,1864,-1,1710,1864,1808,-1,1782,1865,1866,-1,1867,1868,8,-1,8,1868,1869,-1,8,1869,1834,-1,1837,1870,1802,-1,1802,1870,1871,-1,1802,1871,1872,-1,1862,1873,1782,-1,1782,1873,1874,-1,1782,1874,1865,-1,1866,1875,1782,-1,1782,1875,1876,-1,1782,1876,1877,-1,1859,1878,8,-1,8,1878,1879,-1,8,1879,1867,-1,1880,1844,1881,-1,1881,1844,1802,-1,1881,1802,1882,-1,1882,1802,1872,-1,1823,1710,1883,-1,1883,1710,1707,-1,1883,1707,1877,-1,1877,1707,1884,-1,1877,1884,1782,-1,1885,1886,1887,-1,1887,1886,1888,-1,1889,1890,1891,-1,1888,1886,1892,-1,1892,1886,1893,-1,1892,1893,1894,-1,1895,1896,1897,-1,1894,1898,1892,-1,1892,1898,1899,-1,1892,1899,1889,-1,1900,1901,1892,-1,1892,1901,1902,-1,1892,1902,1895,-1,1895,1902,1903,-1,1895,1903,1896,-1,1889,1891,1892,-1,1892,1891,1904,-1,1892,1904,1900,-1,1905,1906,1907,-1,1908,1909,1889,-1,1889,1909,1910,-1,1889,1910,1911,-1,1906,1912,1907,-1,1907,1912,1913,-1,1907,1913,1914,-1,1911,1915,1889,-1,1889,1915,1916,-1,1889,1916,1890,-1,1917,1918,1919,-1,1919,1918,1920,-1,1920,1921,1919,-1,1919,1921,1922,-1,1919,1922,1923,-1,1923,1924,1919,-1,1919,1924,1925,-1,1919,1925,1926,-1,1897,1927,1895,-1,1895,1927,1928,-1,1895,1928,1929,-1,1929,1930,1895,-1,1895,1930,1931,-1,1895,1931,1932,-1,1932,1933,1895,-1,1895,1933,1934,-1,1895,1934,1935,-1,1917,1919,1936,-1,1936,1919,1895,-1,1936,1895,1937,-1,1937,1895,1935,-1,1937,1935,1938,-1,1939,1940,1941,-1,1941,1940,1942,-1,1941,1942,1943,-1,1943,1942,1944,-1,1943,1944,1945,-1,1945,1944,1946,-1,1945,1946,1947,-1,1947,1946,1948,-1,1947,1948,1949,-1,1949,1948,1950,-1,1949,1950,1951,-1,1951,1950,1952,-1,1951,1952,1953,-1,1953,1952,1954,-1,1953,1954,1955,-1,1955,1954,1956,-1,1955,1956,1957,-1,1957,1956,1958,-1,1957,1958,1959,-1,1959,1958,1960,-1,1959,1960,1961,-1,1961,1960,1962,-1,1961,1962,1963,-1,1963,1962,1964,-1,1963,1964,1965,-1,1965,1964,1966,-1,1965,1966,1939,-1,1939,1966,1940,-1,1967,1968,1969,-1,1969,1968,1970,-1,1969,1970,1971,-1,1972,1973,1947,-1,1972,1947,1974,-1,1975,1976,1945,-1,1945,1976,1977,-1,1978,1979,1980,-1,1977,1981,1945,-1,1945,1981,1982,-1,1945,1982,1978,-1,1978,1982,1983,-1,1978,1983,1979,-1,1984,1985,1947,-1,1985,1986,1947,-1,1947,1986,1987,-1,1947,1987,1974,-1,1988,1989,1990,-1,1990,1989,1991,-1,1990,1991,1992,-1,1970,1993,1971,-1,1971,1993,1990,-1,1971,1990,1994,-1,1994,1990,1995,-1,1988,1996,1989,-1,1989,1996,1997,-1,1989,1997,1998,-1,1992,1999,1990,-1,1990,1999,2000,-1,1990,2000,1995,-1,1998,2001,1989,-1,1989,2001,2002,-1,1989,2002,1945,-1,1945,2002,2003,-1,1945,2003,1975,-1,1973,2004,1947,-1,1947,2004,2005,-1,1947,2005,1945,-1,1945,2005,2006,-1,1945,2006,1989,-1,2007,2008,2009,-1,2010,2011,2012,-1,2012,2011,2013,-1,2012,2013,2014,-1,2014,2015,2012,-1,2012,2015,2016,-1,2012,2016,2017,-1,2018,2019,2009,-1,2009,2019,2020,-1,2009,2020,2021,-1,2021,2022,2009,-1,2009,2022,2023,-1,2009,2023,2024,-1,2024,2025,2009,-1,2009,2025,2026,-1,2009,2026,2007,-1,2027,2028,2029,-1,2029,2028,2030,-1,1980,2031,1978,-1,1978,2031,2032,-1,1978,2032,2033,-1,2028,2034,2030,-1,2030,2034,2035,-1,2030,2035,2036,-1,2036,2035,1978,-1,2036,1978,2037,-1,2037,1978,2033,-1,2038,2039,2040,-1,2041,2042,2035,-1,1978,2043,2044,-1,2045,2046,5,-1,2041,2035,2047,-1,2048,2049,2050,-1,2050,2049,2051,-1,2052,2053,2040,-1,2040,2053,2054,-1,2040,2054,2055,-1,2042,2056,2035,-1,2035,2056,2057,-1,2035,2057,2058,-1,4,2059,5,-1,5,2059,2060,-1,5,2060,2061,-1,2039,2062,2063,-1,2048,2064,2049,-1,2049,2064,2065,-1,2049,2065,2066,-1,2047,2035,2067,-1,2067,2035,2040,-1,2067,2040,2068,-1,2044,2069,1978,-1,1978,2069,2070,-1,1978,2070,2071,-1,2046,2072,5,-1,5,2072,2073,-1,5,2073,2040,-1,2040,2073,2074,-1,2040,2074,2038,-1,2051,2049,2039,-1,2039,2049,2075,-1,2039,2075,2062,-1,2063,2076,2039,-1,2039,2076,2077,-1,2039,2077,2040,-1,2040,2077,2078,-1,2040,2078,2052,-1,2079,2080,1978,-1,1978,2080,2081,-1,1978,2081,2043,-1,2082,2083,5,-1,5,2083,2084,-1,5,2084,2045,-1,2061,2085,5,-1,5,2085,2086,-1,5,2086,2082,-1,2087,2088,2040,-1,2040,2088,2089,-1,2040,2089,2068,-1,2055,2090,2040,-1,2040,2090,2091,-1,2040,2091,2092,-1,2058,2093,2035,-1,2035,2093,2094,-1,2035,2094,1978,-1,1978,2094,2095,-1,1978,2095,2079,-1,2092,2096,2040,-1,2040,2096,2097,-1,2040,2097,2087,-1,2098,1943,2099,-1,2099,1943,1945,-1,2099,1945,2100,-1,2100,1945,1978,-1,2100,1978,2101,-1,2101,1978,2071,-1,2102,2103,2104,-1,2105,2106,2107,-1,2108,2109,2110,-1,2110,2109,2111,-1,2112,2113,2114,-1,2106,2115,2107,-1,2107,2115,2116,-1,2107,2116,2117,-1,2114,2118,2112,-1,2112,2118,2119,-1,2112,2119,2120,-1,2120,2119,2110,-1,2120,2110,2121,-1,2121,2110,2111,-1,2102,2104,2122,-1,2123,2124,2125,-1,2126,2127,2107,-1,2107,2127,2128,-1,2129,2130,2040,-1,2131,2132,2133,-1,2133,2132,2134,-1,2133,2134,2135,-1,2135,2134,2136,-1,2135,2136,2137,-1,2137,2136,2138,-1,2125,2139,2123,-1,2123,2139,2140,-1,2123,2140,2141,-1,2128,2142,2107,-1,2107,2142,2143,-1,2107,2143,2105,-1,2117,2144,2107,-1,2107,2144,2145,-1,2107,2145,2146,-1,2147,2148,2040,-1,2040,2148,2149,-1,2150,2151,2152,-1,2113,2112,2133,-1,2133,2112,2153,-1,2133,2153,2131,-1,2040,2104,2154,-1,2155,2156,5,-1,5,2156,2157,-1,2124,2123,2158,-1,2158,2123,5,-1,2158,5,2159,-1,2141,2160,2123,-1,2123,2160,2161,-1,2123,2161,2162,-1,2130,2163,2040,-1,2040,2163,2164,-1,2040,2164,2138,-1,2103,2165,2104,-1,2104,2165,2166,-1,2104,2166,2167,-1,2167,2166,2150,-1,2167,2150,2168,-1,2168,2150,2152,-1,2169,2170,2123,-1,2138,2136,2040,-1,2040,2136,2171,-1,2040,2171,2104,-1,2104,2171,2172,-1,2104,2172,2122,-1,2154,2173,2040,-1,2040,2173,2174,-1,2040,2174,5,-1,5,2174,2175,-1,5,2175,2155,-1,2157,2176,5,-1,5,2176,2177,-1,5,2177,2178,-1,2178,2179,5,-1,5,2179,2180,-1,5,2180,2181,-1,2146,2182,2107,-1,2107,2182,2183,-1,2107,2183,2184,-1,2149,2185,2040,-1,2040,2185,2186,-1,2040,2186,2129,-1,2187,2188,5,-1,5,2188,2189,-1,5,2189,2159,-1,2162,2190,2123,-1,2123,2190,2191,-1,2123,2191,2192,-1,2184,2193,2107,-1,2107,2193,2194,-1,2107,2194,2195,-1,2195,2196,2107,-1,2107,2196,2197,-1,2107,2197,2198,-1,2181,2199,5,-1,5,2199,2200,-1,5,2200,2187,-1,2201,2169,2202,-1,2202,2169,2123,-1,2202,2123,2203,-1,2203,2123,2192,-1,2198,2204,2107,-1,2107,2204,2205,-1,2107,2205,2206,-1,2206,2205,2207,-1,2208,2209,2210,-1,2210,2209,2211,-1,2212,2213,2214,-1,2211,2209,2215,-1,2215,2209,2216,-1,2215,2216,2217,-1,2218,2219,2220,-1,2217,2221,2215,-1,2215,2221,2222,-1,2215,2222,2212,-1,2223,2224,2215,-1,2215,2224,2225,-1,2215,2225,2218,-1,2218,2225,2226,-1,2218,2226,2219,-1,2212,2214,2215,-1,2215,2214,2227,-1,2215,2227,2223,-1,2228,2229,2230,-1,2231,2232,2212,-1,2212,2232,2233,-1,2212,2233,2234,-1,2229,2235,2230,-1,2230,2235,2236,-1,2230,2236,2237,-1,2234,2238,2212,-1,2212,2238,2239,-1,2212,2239,2213,-1,2240,2241,2242,-1,2242,2241,2243,-1,2243,2244,2242,-1,2242,2244,2245,-1,2242,2245,2246,-1,2246,2247,2242,-1,2242,2247,2248,-1,2242,2248,2249,-1,2220,2250,2218,-1,2218,2250,2251,-1,2218,2251,2252,-1,2252,2253,2218,-1,2218,2253,2254,-1,2218,2254,2255,-1,2255,2256,2218,-1,2218,2256,2257,-1,2218,2257,2258,-1,2240,2242,2259,-1,2259,2242,2218,-1,2259,2218,2260,-1,2260,2218,2258,-1,2260,2258,2261,-1,2262,2263,48,-1,48,2263,46,-1,46,2263,2264,-1,46,2264,2265,-1,2265,2264,2266,-1,2265,2266,2267,-1,2267,2266,2268,-1,2267,2268,2269,-1,2269,2268,2270,-1,2269,2270,2271,-1,2271,2270,2272,-1,2271,2272,1949,-1,1949,2272,2273,-1,1949,2273,1947,-1,1947,2273,2274,-1,1947,2274,2275,-1,2275,2274,2276,-1,2275,2276,2277,-1,2277,2276,2278,-1,2277,2278,2279,-1,2279,2278,2280,-1,2279,2280,2281,-1,2282,2283,2284,-1,2284,2283,2285,-1,2284,2285,2286,-1,2287,2288,2281,-1,2289,2290,2281,-1,2291,2292,48,-1,2280,2262,2281,-1,2281,2262,48,-1,2281,48,2289,-1,2289,48,2293,-1,2290,2294,2281,-1,2281,2294,2295,-1,2281,2295,2296,-1,2297,2298,48,-1,2299,2300,2301,-1,2301,2300,2287,-1,2301,2287,2302,-1,2302,2287,2281,-1,2302,2281,2303,-1,2303,2281,2296,-1,2292,2304,48,-1,48,2304,2305,-1,48,2305,2306,-1,2306,2307,48,-1,48,2307,2308,-1,48,2308,2293,-1,2293,2308,2309,-1,2298,2310,48,-1,48,2310,2311,-1,48,2311,2291,-1,2312,2313,2308,-1,2308,2313,2314,-1,2308,2314,2309,-1,2315,2316,2317,-1,2317,2316,2318,-1,2317,2318,2319,-1,2285,2320,2286,-1,2286,2320,2317,-1,2286,2317,2321,-1,2321,2317,2319,-1,2315,2317,2322,-1,2322,2317,2323,-1,2322,2323,2308,-1,2308,2323,2324,-1,2308,2324,2312,-1,2325,2326,2327,-1,2328,2329,2330,-1,2330,2329,2331,-1,2330,2331,2332,-1,2332,2333,2330,-1,2330,2333,2334,-1,2330,2334,2335,-1,2336,2337,2327,-1,2327,2337,2338,-1,2327,2338,2339,-1,2339,2340,2327,-1,2327,2340,2341,-1,2327,2341,2342,-1,2342,2343,2327,-1,2327,2343,2344,-1,2327,2344,2325,-1,2345,2346,2347,-1,2348,2349,2346,-1,2350,2351,2299,-1,2352,2353,2,-1,2354,2355,2347,-1,2355,2356,2347,-1,2347,2356,2357,-1,2347,2357,2358,-1,2359,2360,2361,-1,2361,2360,2362,-1,2363,2364,2346,-1,2346,2364,2365,-1,2346,2365,2366,-1,2367,2368,2369,-1,1,2370,2,-1,2,2370,2371,-1,2,2371,2372,-1,2349,2373,2374,-1,2359,2375,2360,-1,2360,2375,2376,-1,2360,2376,2377,-1,2351,2378,2299,-1,2299,2378,2379,-1,2299,2379,2380,-1,2354,2347,2381,-1,2381,2347,2346,-1,2381,2346,2382,-1,2369,2368,2383,-1,2383,2368,2384,-1,2383,2384,2385,-1,2353,2386,2,-1,2,2386,2387,-1,2,2387,2346,-1,2346,2387,2388,-1,2346,2388,2348,-1,2362,2360,2349,-1,2349,2360,2389,-1,2349,2389,2373,-1,2374,2390,2349,-1,2349,2390,2391,-1,2349,2391,2346,-1,2346,2391,2392,-1,2346,2392,2363,-1,2350,2299,2369,-1,2369,2299,2393,-1,2369,2393,2367,-1,2380,2394,2299,-1,2299,2394,2395,-1,2299,2395,2300,-1,2396,2397,2,-1,2,2397,2398,-1,2,2398,2352,-1,2372,2399,2,-1,2,2399,2400,-1,2,2400,2396,-1,2401,2402,2346,-1,2346,2402,2403,-1,2346,2403,2382,-1,2358,2404,2347,-1,2347,2404,2405,-1,2347,2405,2406,-1,2406,2405,2407,-1,2406,2407,2408,-1,2408,2407,2409,-1,2408,2409,2410,-1,2410,2409,2383,-1,2410,2383,2411,-1,2411,2383,2385,-1,2366,2412,2346,-1,2346,2412,2413,-1,2346,2413,2414,-1,2414,2415,2346,-1,2346,2415,2416,-1,2346,2416,2401,-1,2417,2418,2419,-1,2420,2421,2422,-1,2417,2419,2423,-1,2424,2425,2426,-1,2426,2425,2427,-1,2428,2429,2430,-1,2418,2431,2419,-1,2419,2431,2432,-1,2419,2432,2433,-1,2430,2434,2428,-1,2428,2434,2435,-1,2428,2435,2436,-1,2436,2435,2426,-1,2436,2426,2437,-1,2437,2426,2427,-1,2420,2422,2438,-1,2439,2440,2441,-1,2442,2443,2419,-1,2419,2443,2444,-1,2445,2446,2346,-1,2447,2448,2449,-1,2449,2448,2450,-1,2449,2450,2451,-1,2451,2450,2452,-1,2451,2452,2453,-1,2453,2452,2454,-1,2441,2455,2439,-1,2439,2455,2456,-1,2439,2456,2457,-1,2444,2458,2419,-1,2419,2458,2459,-1,2419,2459,2423,-1,2346,2460,2461,-1,2462,2463,2464,-1,2429,2428,2449,-1,2449,2428,2465,-1,2449,2465,2447,-1,2346,2422,2466,-1,2467,2468,2,-1,2,2468,2469,-1,2440,2439,2470,-1,2470,2439,2,-1,2470,2,2471,-1,2457,2472,2439,-1,2439,2472,2473,-1,2439,2473,2474,-1,2446,2475,2346,-1,2346,2475,2476,-1,2346,2476,2454,-1,2421,2477,2422,-1,2422,2477,2478,-1,2422,2478,2479,-1,2479,2478,2462,-1,2479,2462,2480,-1,2480,2462,2464,-1,2481,2482,2439,-1,2433,2483,2419,-1,2419,2483,2484,-1,2419,2484,2485,-1,2454,2452,2346,-1,2346,2452,2486,-1,2346,2486,2422,-1,2422,2486,2487,-1,2422,2487,2438,-1,2466,2488,2346,-1,2346,2488,2489,-1,2346,2489,2,-1,2,2489,2490,-1,2,2490,2467,-1,2469,2491,2,-1,2,2491,2492,-1,2,2492,2493,-1,2493,2494,2,-1,2,2494,2495,-1,2,2495,2496,-1,2485,2497,2419,-1,2419,2497,2498,-1,2419,2498,2499,-1,2461,2500,2346,-1,2346,2500,2501,-1,2346,2501,2445,-1,2419,2502,2503,-1,2504,2505,2,-1,2,2505,2506,-1,2,2506,2471,-1,2474,2507,2439,-1,2439,2507,2508,-1,2439,2508,2509,-1,2499,2510,2419,-1,2419,2510,2511,-1,2419,2511,2502,-1,2503,2512,2419,-1,2419,2512,2513,-1,2419,2513,2514,-1,2496,2515,2,-1,2,2515,2516,-1,2,2516,2504,-1,2517,2481,2518,-1,2518,2481,2439,-1,2518,2439,2519,-1,2519,2439,2509,-1,2460,2346,2520,-1,2520,2346,2345,-1,2520,2345,2514,-1,2514,2345,2521,-1,2514,2521,2419,-1,2522,2523,2524,-1,2524,2523,2525,-1,2526,2527,2528,-1,2525,2523,2529,-1,2529,2523,2530,-1,2529,2530,2531,-1,2532,2533,2534,-1,2531,2535,2529,-1,2529,2535,2536,-1,2529,2536,2526,-1,2537,2538,2529,-1,2529,2538,2539,-1,2529,2539,2532,-1,2532,2539,2540,-1,2532,2540,2533,-1,2526,2528,2529,-1,2529,2528,2541,-1,2529,2541,2537,-1,2542,2543,2544,-1,2545,2546,2526,-1,2526,2546,2547,-1,2526,2547,2548,-1,2543,2549,2544,-1,2544,2549,2550,-1,2544,2550,2551,-1,2548,2552,2526,-1,2526,2552,2553,-1,2526,2553,2527,-1,2554,2555,2556,-1,2556,2555,2557,-1,2557,2558,2556,-1,2556,2558,2559,-1,2556,2559,2560,-1,2560,2561,2556,-1,2556,2561,2562,-1,2556,2562,2563,-1,2534,2564,2532,-1,2532,2564,2565,-1,2532,2565,2566,-1,2566,2567,2532,-1,2532,2567,2568,-1,2532,2568,2569,-1,2569,2570,2532,-1,2532,2570,2571,-1,2532,2571,2572,-1,2554,2556,2573,-1,2573,2556,2532,-1,2573,2532,2574,-1,2574,2532,2572,-1,2574,2572,2575,-1,2576,2577,2578,-1,2578,2577,1377,-1,2578,1377,2579,-1,2579,1377,1368,-1,2579,1368,1887,-1,1887,1368,1907,-1,1887,1907,1885,-1,1885,1907,1914,-1,1564,1506,1566,-1,1566,1506,1399,-1,1566,1399,2578,-1,2578,1399,1394,-1,2578,1394,2576,-1,2576,1394,1393,-1,1071,2580,1069,-1,1069,2580,1060,-1,1069,1060,2581,-1,2581,1060,1051,-1,2581,1051,1569,-1,1569,1051,1589,-1,1569,1589,1567,-1,1567,1589,1596,-1,2582,2583,2584,-1,2584,2583,740,-1,2584,740,2585,-1,2585,740,731,-1,2585,731,1248,-1,1248,731,1268,-1,1248,1268,1246,-1,1246,1268,1275,-1,927,869,929,-1,929,869,762,-1,929,762,2584,-1,2584,762,757,-1,2584,757,2582,-1,2582,757,756,-1,434,2586,432,-1,432,2586,423,-1,432,423,2587,-1,2587,423,414,-1,2587,414,932,-1,932,414,952,-1,932,952,930,-1,930,952,959,-1,2588,2589,2590,-1,2590,2589,103,-1,2590,103,2591,-1,2591,103,94,-1,2591,94,611,-1,611,94,631,-1,611,631,609,-1,609,631,638,-1,290,232,292,-1,292,232,125,-1,292,125,2590,-1,2590,125,120,-1,2590,120,2588,-1,2588,120,119,-1,2347,2592,2345,-1,2345,2592,2336,-1,2345,2336,2593,-1,2593,2336,2327,-1,2593,2327,295,-1,295,2327,315,-1,295,315,293,-1,293,315,322,-1,2594,2595,2596,-1,2596,2595,2018,-1,2596,2018,2597,-1,2597,2018,2009,-1,2597,2009,2524,-1,2524,2009,2544,-1,2524,2544,2522,-1,2522,2544,2551,-1,2205,2147,2207,-1,2207,2147,2040,-1,2207,2040,2596,-1,2596,2040,2035,-1,2596,2035,2594,-1,2594,2035,2034,-1,2598,2599,2210,-1,2210,2599,2230,-1,2210,2230,2208,-1,2208,2230,2237,-1,2600,2601,1782,-1,1782,2601,2602,-1,2603,2604,1895,-1,1895,2604,2605,-1,1895,2605,2606,-1,2600,2607,2608,-1,2609,2610,1892,-1,1892,2610,2611,-1,1892,2611,2612,-1,2613,2614,1802,-1,2615,2616,1802,-1,1802,2616,2617,-1,1802,2617,1895,-1,1895,2617,2618,-1,1895,2618,2603,-1,2606,2619,1895,-1,1895,2619,2620,-1,1895,2620,1892,-1,1892,2620,2621,-1,1892,2621,2609,-1,2608,2622,2600,-1,2600,2622,2623,-1,2600,2623,2624,-1,2625,2626,2627,-1,2627,2626,2628,-1,2627,2628,2629,-1,2613,1802,2630,-1,2614,2631,1802,-1,1802,2631,2632,-1,1802,2632,2615,-1,2612,2633,1892,-1,1892,2633,2634,-1,1892,2634,2635,-1,2607,2600,2635,-1,2635,2600,1782,-1,2635,1782,1892,-1,1892,1782,1884,-1,1892,1884,1888,-1,2636,2625,2637,-1,2638,2629,2639,-1,2639,2629,2628,-1,2639,2628,2602,-1,2602,2628,2630,-1,2602,2630,1782,-1,1782,2630,1802,-1,1782,1802,1805,-1,1805,1802,1845,-1,2625,2640,2641,-1,2642,2643,2644,-1,2636,2645,2625,-1,2625,2645,2646,-1,2625,2646,2640,-1,2641,2647,2625,-1,2625,2647,2648,-1,2625,2648,2626,-1,2649,2650,2642,-1,2642,2650,2651,-1,2642,2651,2643,-1,2652,2637,2653,-1,2653,2637,2654,-1,2652,2655,2637,-1,2637,2655,2656,-1,2637,2656,2636,-1,2638,2657,2629,-1,2629,2657,2658,-1,2629,2658,2659,-1,2644,2660,2642,-1,2642,2660,2629,-1,2642,2629,2661,-1,2661,2629,2659,-1,1367,1369,1368,-1,1368,1369,1371,-1,1368,1371,1907,-1,1907,1371,1919,-1,1907,1919,1905,-1,1905,1919,1926,-1,2662,2663,1466,-1,1466,2663,2664,-1,2665,2666,1577,-1,1577,2666,2667,-1,1577,2667,2668,-1,2662,2669,2670,-1,2671,2672,1574,-1,1574,2672,2673,-1,1574,2673,2674,-1,2675,2676,1482,-1,2677,2678,1482,-1,1482,2678,2679,-1,1482,2679,1577,-1,1577,2679,2680,-1,1577,2680,2665,-1,2668,2681,1577,-1,1577,2681,2682,-1,1577,2682,1574,-1,1574,2682,2683,-1,1574,2683,2671,-1,2670,2684,2662,-1,2662,2684,2685,-1,2662,2685,2686,-1,2687,2688,2689,-1,2689,2688,2690,-1,2689,2690,2691,-1,2675,1482,2692,-1,2676,2693,1482,-1,1482,2693,2694,-1,1482,2694,2677,-1,2674,2695,1574,-1,1574,2695,2696,-1,1574,2696,2697,-1,2669,2662,2697,-1,2697,2662,1466,-1,2697,1466,1574,-1,1574,1466,1565,-1,1574,1565,1570,-1,2698,2687,2699,-1,2700,2691,2701,-1,2701,2691,2690,-1,2701,2690,2664,-1,2664,2690,2692,-1,2664,2692,1466,-1,1466,2692,1482,-1,1466,1482,1485,-1,1485,1482,1529,-1,2687,2702,2703,-1,2704,2705,2706,-1,2698,2707,2687,-1,2687,2707,2708,-1,2687,2708,2702,-1,2703,2709,2687,-1,2687,2709,2710,-1,2687,2710,2688,-1,2711,2712,2704,-1,2704,2712,2713,-1,2704,2713,2705,-1,2714,2699,2715,-1,2715,2699,2716,-1,2714,2717,2699,-1,2699,2717,2718,-1,2699,2718,2698,-1,2700,2719,2691,-1,2691,2719,2720,-1,2691,2720,2721,-1,2706,2722,2704,-1,2704,2722,2691,-1,2704,2691,2723,-1,2723,2691,2721,-1,1050,1052,1051,-1,1051,1052,1054,-1,1051,1054,1589,-1,1589,1054,1601,-1,1589,1601,1587,-1,1587,1601,1608,-1,2724,2725,1143,-1,1143,2725,2726,-1,2727,2728,1256,-1,1256,2728,2729,-1,1256,2729,2730,-1,2724,2731,2732,-1,2733,2734,1253,-1,1253,2734,2735,-1,1253,2735,2736,-1,2737,2738,1163,-1,2739,2740,1163,-1,1163,2740,2741,-1,1163,2741,1256,-1,1256,2741,2742,-1,1256,2742,2727,-1,2730,2743,1256,-1,1256,2743,2744,-1,1256,2744,1253,-1,1253,2744,2745,-1,1253,2745,2733,-1,2732,2746,2724,-1,2724,2746,2747,-1,2724,2747,2748,-1,2749,2750,2751,-1,2751,2750,2752,-1,2751,2752,2753,-1,2737,1163,2754,-1,2738,2755,1163,-1,1163,2755,2756,-1,1163,2756,2739,-1,2736,2757,1253,-1,1253,2757,2758,-1,1253,2758,2759,-1,2731,2724,2759,-1,2759,2724,1143,-1,2759,1143,1253,-1,1253,1143,1245,-1,1253,1245,1249,-1,2760,2749,2761,-1,2762,2753,2763,-1,2763,2753,2752,-1,2763,2752,2726,-1,2726,2752,2754,-1,2726,2754,1143,-1,1143,2754,1163,-1,1143,1163,1166,-1,1166,1163,1206,-1,2749,2764,2765,-1,2766,2767,2768,-1,2760,2769,2749,-1,2749,2769,2770,-1,2749,2770,2764,-1,2765,2771,2749,-1,2749,2771,2772,-1,2749,2772,2750,-1,2773,2774,2766,-1,2766,2774,2775,-1,2766,2775,2767,-1,2776,2761,2777,-1,2777,2761,2778,-1,2776,2779,2761,-1,2761,2779,2780,-1,2761,2780,2760,-1,2762,2781,2753,-1,2753,2781,2782,-1,2753,2782,2783,-1,2768,2784,2766,-1,2766,2784,2753,-1,2766,2753,2785,-1,2785,2753,2783,-1,730,732,731,-1,731,732,734,-1,731,734,1268,-1,1268,734,1280,-1,1268,1280,1266,-1,1266,1280,1287,-1,2786,2787,829,-1,829,2787,2788,-1,2789,2790,940,-1,940,2790,2791,-1,940,2791,2792,-1,2786,2793,2794,-1,2795,2796,937,-1,937,2796,2797,-1,937,2797,2798,-1,2799,2800,845,-1,2801,2802,845,-1,845,2802,2803,-1,845,2803,940,-1,940,2803,2804,-1,940,2804,2789,-1,2792,2805,940,-1,940,2805,2806,-1,940,2806,937,-1,937,2806,2807,-1,937,2807,2795,-1,2794,2808,2786,-1,2786,2808,2809,-1,2786,2809,2810,-1,2811,2812,2813,-1,2813,2812,2814,-1,2813,2814,2815,-1,2799,845,2816,-1,2800,2817,845,-1,845,2817,2818,-1,845,2818,2801,-1,2798,2819,937,-1,937,2819,2820,-1,937,2820,2821,-1,2793,2786,2821,-1,2821,2786,829,-1,2821,829,937,-1,937,829,928,-1,937,928,933,-1,2822,2811,2823,-1,2824,2815,2825,-1,2825,2815,2814,-1,2825,2814,2788,-1,2788,2814,2816,-1,2788,2816,829,-1,829,2816,845,-1,829,845,848,-1,848,845,892,-1,2811,2826,2827,-1,2828,2829,2830,-1,2822,2831,2811,-1,2811,2831,2832,-1,2811,2832,2826,-1,2827,2833,2811,-1,2811,2833,2834,-1,2811,2834,2812,-1,2835,2836,2828,-1,2828,2836,2837,-1,2828,2837,2829,-1,2838,2823,2839,-1,2839,2823,2840,-1,2838,2841,2823,-1,2823,2841,2842,-1,2823,2842,2822,-1,2824,2843,2815,-1,2815,2843,2844,-1,2815,2844,2845,-1,2830,2846,2828,-1,2828,2846,2815,-1,2828,2815,2847,-1,2847,2815,2845,-1,413,415,414,-1,414,415,417,-1,414,417,952,-1,952,417,964,-1,952,964,950,-1,950,964,971,-1,2848,2849,506,-1,506,2849,2850,-1,2851,2852,619,-1,619,2852,2853,-1,619,2853,2854,-1,2848,2855,2856,-1,2857,2858,616,-1,616,2858,2859,-1,616,2859,2860,-1,2861,2862,526,-1,2863,2864,526,-1,526,2864,2865,-1,526,2865,619,-1,619,2865,2866,-1,619,2866,2851,-1,2854,2867,619,-1,619,2867,2868,-1,619,2868,616,-1,616,2868,2869,-1,616,2869,2857,-1,2856,2870,2848,-1,2848,2870,2871,-1,2848,2871,2872,-1,2873,2874,2875,-1,2875,2874,2876,-1,2875,2876,2877,-1,2861,526,2878,-1,2862,2879,526,-1,526,2879,2880,-1,526,2880,2863,-1,2860,2881,616,-1,616,2881,2882,-1,616,2882,2883,-1,2855,2848,2883,-1,2883,2848,506,-1,2883,506,616,-1,616,506,608,-1,616,608,612,-1,2884,2873,2885,-1,2886,2877,2887,-1,2887,2877,2876,-1,2887,2876,2850,-1,2850,2876,2878,-1,2850,2878,506,-1,506,2878,526,-1,506,526,529,-1,529,526,569,-1,2873,2888,2889,-1,2890,2891,2892,-1,2884,2893,2873,-1,2873,2893,2894,-1,2873,2894,2888,-1,2889,2895,2873,-1,2873,2895,2896,-1,2873,2896,2874,-1,2897,2898,2890,-1,2890,2898,2899,-1,2890,2899,2891,-1,2900,2885,2901,-1,2901,2885,2902,-1,2900,2903,2885,-1,2885,2903,2904,-1,2885,2904,2884,-1,2886,2905,2877,-1,2877,2905,2906,-1,2877,2906,2907,-1,2892,2908,2890,-1,2890,2908,2877,-1,2890,2877,2909,-1,2909,2877,2907,-1,93,95,94,-1,94,95,97,-1,94,97,631,-1,631,97,643,-1,631,643,629,-1,629,643,650,-1,2910,2911,192,-1,192,2911,2912,-1,2913,2914,303,-1,303,2914,2915,-1,303,2915,2916,-1,2910,2917,2918,-1,2919,2920,300,-1,300,2920,2921,-1,300,2921,2922,-1,2923,2924,208,-1,2925,2926,208,-1,208,2926,2927,-1,208,2927,303,-1,303,2927,2928,-1,303,2928,2913,-1,2916,2929,303,-1,303,2929,2930,-1,303,2930,300,-1,300,2930,2931,-1,300,2931,2919,-1,2918,2932,2910,-1,2910,2932,2933,-1,2910,2933,2934,-1,2935,2936,2937,-1,2937,2936,2938,-1,2937,2938,2939,-1,2923,208,2940,-1,2924,2941,208,-1,208,2941,2942,-1,208,2942,2925,-1,2922,2943,300,-1,300,2943,2944,-1,300,2944,2945,-1,2917,2910,2945,-1,2945,2910,192,-1,2945,192,300,-1,300,192,291,-1,300,291,296,-1,2946,2935,2947,-1,2948,2939,2949,-1,2949,2939,2938,-1,2949,2938,2912,-1,2912,2938,2940,-1,2912,2940,192,-1,192,2940,208,-1,192,208,211,-1,211,208,255,-1,2935,2950,2951,-1,2952,2953,2954,-1,2946,2955,2935,-1,2935,2955,2956,-1,2935,2956,2950,-1,2951,2957,2935,-1,2935,2957,2958,-1,2935,2958,2936,-1,2959,2960,2952,-1,2952,2960,2961,-1,2952,2961,2953,-1,2962,2947,2963,-1,2963,2947,2964,-1,2962,2965,2947,-1,2947,2965,2966,-1,2947,2966,2946,-1,2948,2967,2939,-1,2939,2967,2968,-1,2939,2968,2969,-1,2954,2970,2952,-1,2952,2970,2939,-1,2952,2939,2971,-1,2971,2939,2969,-1,2326,2328,2327,-1,2327,2328,2330,-1,2327,2330,315,-1,315,2330,327,-1,315,327,313,-1,313,327,334,-1,2972,2973,2419,-1,2419,2973,2974,-1,2975,2976,2532,-1,2532,2976,2977,-1,2532,2977,2978,-1,2972,2979,2980,-1,2981,2982,2529,-1,2529,2982,2983,-1,2529,2983,2984,-1,2985,2986,2439,-1,2987,2988,2439,-1,2439,2988,2989,-1,2439,2989,2532,-1,2532,2989,2990,-1,2532,2990,2975,-1,2978,2991,2532,-1,2532,2991,2992,-1,2532,2992,2529,-1,2529,2992,2993,-1,2529,2993,2981,-1,2980,2994,2972,-1,2972,2994,2995,-1,2972,2995,2996,-1,2997,2998,2999,-1,2999,2998,3000,-1,2999,3000,3001,-1,2985,2439,3002,-1,2986,3003,2439,-1,2439,3003,3004,-1,2439,3004,2987,-1,2984,3005,2529,-1,2529,3005,3006,-1,2529,3006,3007,-1,2979,2972,3007,-1,3007,2972,2419,-1,3007,2419,2529,-1,2529,2419,2521,-1,2529,2521,2525,-1,3008,2997,3009,-1,3010,3001,3011,-1,3011,3001,3000,-1,3011,3000,2974,-1,2974,3000,3002,-1,2974,3002,2419,-1,2419,3002,2439,-1,2419,2439,2442,-1,2442,2439,2482,-1,2997,3012,3013,-1,3014,3015,3016,-1,3008,3017,2997,-1,2997,3017,3018,-1,2997,3018,3012,-1,3013,3019,2997,-1,2997,3019,3020,-1,2997,3020,2998,-1,3021,3022,3014,-1,3014,3022,3023,-1,3014,3023,3015,-1,3024,3009,3025,-1,3025,3009,3026,-1,3024,3027,3009,-1,3009,3027,3028,-1,3009,3028,3008,-1,3010,3029,3001,-1,3001,3029,3030,-1,3001,3030,3031,-1,3016,3032,3014,-1,3014,3032,3001,-1,3014,3001,3033,-1,3033,3001,3031,-1,2008,2010,2009,-1,2009,2010,2012,-1,2009,2012,2544,-1,2544,2012,2556,-1,2544,2556,2542,-1,2542,2556,2563,-1,3034,3035,2107,-1,2107,3035,3036,-1,3037,3038,2218,-1,2218,3038,3039,-1,2218,3039,3040,-1,3034,3041,3042,-1,3043,3044,2215,-1,2215,3044,3045,-1,2215,3045,3046,-1,3047,3048,2123,-1,3049,3050,2123,-1,2123,3050,3051,-1,2123,3051,2218,-1,2218,3051,3052,-1,2218,3052,3037,-1,3040,3053,2218,-1,2218,3053,3054,-1,2218,3054,2215,-1,2215,3054,3055,-1,2215,3055,3043,-1,3042,3056,3034,-1,3034,3056,3057,-1,3034,3057,3058,-1,3059,3060,3061,-1,3061,3060,3062,-1,3061,3062,3063,-1,3047,2123,3064,-1,3048,3065,2123,-1,2123,3065,3066,-1,2123,3066,3049,-1,3046,3067,2215,-1,2215,3067,3068,-1,2215,3068,3069,-1,3041,3034,3069,-1,3069,3034,2107,-1,3069,2107,2215,-1,2215,2107,2206,-1,2215,2206,2211,-1,3070,3059,3071,-1,3072,3063,3073,-1,3073,3063,3062,-1,3073,3062,3036,-1,3036,3062,3064,-1,3036,3064,2107,-1,2107,3064,2123,-1,2107,2123,2126,-1,2126,2123,2170,-1,3059,3074,3075,-1,3076,3077,3078,-1,3070,3079,3059,-1,3059,3079,3080,-1,3059,3080,3074,-1,3075,3081,3059,-1,3059,3081,3082,-1,3059,3082,3060,-1,3083,3084,3076,-1,3076,3084,3085,-1,3076,3085,3077,-1,3086,3071,3087,-1,3087,3071,3088,-1,3086,3089,3071,-1,3071,3089,3090,-1,3071,3090,3070,-1,3072,3091,3063,-1,3063,3091,3092,-1,3063,3092,3093,-1,3078,3094,3076,-1,3076,3094,3063,-1,3076,3063,3095,-1,3095,3063,3093,-1,2599,3096,2230,-1,2230,3096,2242,-1,2230,2242,2228,-1,2228,2242,2249,-1,1376,1343,1371,-1,1371,1343,1308,-1,1371,1308,1919,-1,1919,1308,1636,-1,1919,1636,1895,-1,1895,1636,1638,-1,1895,1638,1802,-1,1802,1638,1640,-1,1802,1640,8,-1,8,1640,1642,-1,8,1642,6,-1,6,1642,1649,-1,1059,1021,1054,-1,1054,1021,986,-1,1054,986,1601,-1,1601,986,1324,-1,1601,1324,1577,-1,1577,1324,1300,-1,1577,1300,1482,-1,1482,1300,1302,-1,1482,1302,11,-1,11,1302,1304,-1,11,1304,9,-1,9,1304,1457,-1,739,706,734,-1,734,706,671,-1,734,671,1280,-1,1280,671,999,-1,1280,999,1256,-1,1256,999,1001,-1,1256,1001,1163,-1,1163,1001,1003,-1,1163,1003,14,-1,14,1003,1005,-1,14,1005,12,-1,12,1005,1012,-1,422,384,417,-1,417,384,349,-1,417,349,964,-1,964,349,687,-1,964,687,940,-1,940,687,663,-1,940,663,845,-1,845,663,665,-1,845,665,17,-1,17,665,667,-1,17,667,15,-1,15,667,820,-1,102,69,97,-1,97,69,32,-1,97,32,643,-1,643,32,362,-1,643,362,619,-1,619,362,364,-1,619,364,526,-1,526,364,366,-1,526,366,20,-1,20,366,368,-1,20,368,18,-1,18,368,375,-1,2335,2297,2330,-1,2330,2297,48,-1,2330,48,327,-1,327,48,50,-1,327,50,303,-1,303,50,24,-1,303,24,208,-1,208,24,26,-1,208,26,23,-1,23,26,28,-1,23,28,21,-1,21,28,183,-1,2017,1984,2012,-1,2012,1984,1947,-1,2012,1947,2556,-1,2556,1947,2275,-1,2556,2275,2532,-1,2532,2275,2277,-1,2532,2277,2439,-1,2439,2277,2279,-1,2439,2279,2,-1,2,2279,2281,-1,2,2281,0,-1,0,2281,2288,-1,3096,1963,2242,-1,2242,1963,1965,-1,2242,1965,2218,-1,2218,1965,1939,-1,2218,1939,2123,-1,2123,1939,1941,-1,2123,1941,5,-1,5,1941,1943,-1,5,1943,3,-1,3,1943,2098,-1,3097,3098,3099,-1,3100,3101,3102,-1,3103,3104,3105,-1,3105,3104,3106,-1,3107,3108,3109,-1,3109,3108,3110,-1,3105,2524,2525,-1,3109,1887,1888,-1,3099,2598,3097,-1,3097,2598,2210,-1,3097,2210,2211,-1,3111,3112,3113,-1,3113,3112,3114,-1,3113,1569,1570,-1,1888,1884,3109,-1,3109,1884,1707,-1,3109,1707,3102,-1,3102,1707,1706,-1,3102,1706,3100,-1,3115,3116,3117,-1,3117,3116,3118,-1,2525,2521,3105,-1,3105,2521,2345,-1,3105,2345,3119,-1,3119,2345,2593,-1,3119,2593,295,-1,2211,2206,3097,-1,3097,2206,2207,-1,3097,2207,3106,-1,3106,2207,2596,-1,3106,2596,3105,-1,3105,2596,2597,-1,3105,2597,2524,-1,3120,3121,3122,-1,3122,3121,3123,-1,1570,1565,3113,-1,3113,1565,1566,-1,3113,1566,3110,-1,3110,1566,2578,-1,3110,2578,3109,-1,3109,2578,2579,-1,3109,2579,1887,-1,3122,932,933,-1,1248,1249,3117,-1,3117,1249,1245,-1,3117,1245,3114,-1,3114,1245,1069,-1,3114,1069,3113,-1,3113,1069,2581,-1,3113,2581,1569,-1,3124,3125,3126,-1,3126,3125,3127,-1,3128,3129,3130,-1,3130,3129,3119,-1,3130,3119,296,-1,296,3119,295,-1,933,928,3122,-1,3122,928,929,-1,3122,929,3118,-1,3118,929,2584,-1,3118,2584,3117,-1,3117,2584,2585,-1,3117,2585,1248,-1,611,612,3126,-1,3126,612,608,-1,3126,608,3123,-1,3123,608,432,-1,3123,432,3122,-1,3122,432,2587,-1,3122,2587,932,-1,296,291,3130,-1,3130,291,292,-1,3130,292,3127,-1,3127,292,2590,-1,3127,2590,3126,-1,3126,2590,2591,-1,3126,2591,611,-1,3131,3132,3133,-1,3133,3132,3134,-1,3135,3136,3137,-1,3137,3136,3138,-1,3137,40,42,-1,3139,3140,3141,-1,3141,3140,3142,-1,3143,3144,1961,-1,1961,3144,3145,-1,1961,3145,1959,-1,1959,3145,1957,-1,3146,3147,3148,-1,3148,3147,3149,-1,42,44,3137,-1,3137,44,46,-1,3137,46,3134,-1,3134,46,2265,-1,3148,679,681,-1,356,358,3141,-1,3141,358,34,-1,3141,34,3138,-1,3138,34,36,-1,3138,36,3137,-1,3137,36,38,-1,3137,38,40,-1,3150,3151,3152,-1,3152,3151,3153,-1,2265,2267,3134,-1,3134,2267,2269,-1,3134,2269,2271,-1,2271,1949,3134,-1,3134,1949,1951,-1,3134,1951,3133,-1,3133,1951,1953,-1,3133,1953,3145,-1,3145,1953,1955,-1,3145,1955,1957,-1,3154,3155,3156,-1,3156,3155,3157,-1,681,683,3148,-1,3148,683,350,-1,3148,350,3142,-1,3142,350,352,-1,3142,352,3141,-1,3141,352,354,-1,3141,354,356,-1,3156,1316,1318,-1,993,995,3152,-1,3152,995,673,-1,3152,673,3149,-1,3149,673,675,-1,3149,675,3148,-1,3148,675,677,-1,3148,677,679,-1,3158,3159,3160,-1,3160,3159,3161,-1,3162,3163,3164,-1,3164,3163,1624,-1,3164,1624,3161,-1,3161,1624,1626,-1,3161,1626,3160,-1,3160,1626,1628,-1,3160,1628,1630,-1,1318,1320,3156,-1,3156,1320,987,-1,3156,987,3153,-1,3153,987,989,-1,3153,989,3152,-1,3152,989,991,-1,3152,991,993,-1,1630,1632,3160,-1,3160,1632,1310,-1,3160,1310,3157,-1,3157,1310,1312,-1,3157,1312,3156,-1,3156,1312,1314,-1,3156,1314,1316,-1,3165,3132,3131,-1,3144,3143,3166,-1,3166,3143,3167,-1,3168,3169,3170,-1,3170,3169,3166,-1,3170,3166,3171,-1,3171,3166,3167,-1,3172,3173,3174,-1,3174,3173,3163,-1,3174,3163,3162,-1,3159,3158,3172,-1,3172,3158,3175,-1,3172,3175,3173,-1,3173,3175,3176,-1,3155,3154,3177,-1,3177,3154,3178,-1,3175,3177,3176,-1,3176,3177,3178,-1,3176,3178,3179,-1,3179,3178,3180,-1,3151,3150,3180,-1,3180,3150,3181,-1,3180,3181,3179,-1,3179,3181,3182,-1,3147,3146,3183,-1,3183,3146,3184,-1,3181,3183,3182,-1,3182,3183,3184,-1,3182,3184,3185,-1,3185,3184,3186,-1,3140,3139,3186,-1,3186,3139,3187,-1,3186,3187,3185,-1,3185,3187,3188,-1,3136,3135,3189,-1,3189,3135,3190,-1,3187,3189,3188,-1,3188,3189,3190,-1,3188,3190,3168,-1,3168,3190,3165,-1,3168,3165,3169,-1,3169,3165,3131,-1,3191,3192,3193,-1,3191,3194,3167,-1,3167,3194,3171,-1,3195,3196,3197,-1,3195,3197,3198,-1,3196,3199,3197,-1,3197,3199,3200,-1,3197,3200,3194,-1,3194,3200,3201,-1,3202,3203,3170,-1,3170,3203,3204,-1,3201,3205,3194,-1,3194,3205,3206,-1,3194,3206,3207,-1,3208,3171,3209,-1,3209,3171,3210,-1,3204,3211,3170,-1,3170,3211,3212,-1,3170,3212,3197,-1,3197,3212,3213,-1,3197,3213,3198,-1,3207,3214,3194,-1,3194,3214,3215,-1,3194,3215,3171,-1,3171,3215,3216,-1,3171,3216,3210,-1,3208,3217,3171,-1,3171,3217,3218,-1,3171,3218,3170,-1,3170,3218,3219,-1,3170,3219,3202,-1,3220,3221,3222,-1,3222,3221,3223,-1,3224,3225,3197,-1,3197,3225,3226,-1,3220,3227,3221,-1,3221,3227,3228,-1,3221,3228,3197,-1,3197,3228,3229,-1,3197,3229,3224,-1,3230,3170,3231,-1,3231,3170,3197,-1,3231,3197,3232,-1,3232,3197,3226,-1,3230,3233,3170,-1,3170,3233,3234,-1,3170,3234,3235,-1,3235,3236,3170,-1,3170,3236,3237,-1,3170,3237,3168,-1,3168,3237,3238,-1,3238,3239,3168,-1,3168,3239,3240,-1,3168,3240,3241,-1,3241,3242,3168,-1,3168,3242,3243,-1,3168,3243,3221,-1,3221,3243,3244,-1,3221,3244,3223,-1,3245,3221,3246,-1,3246,3221,3247,-1,3246,3247,3248,-1,3249,3250,3247,-1,3247,3250,3251,-1,3247,3251,3248,-1,3245,3252,3221,-1,3221,3252,3253,-1,3221,3253,3254,-1,3255,3168,3256,-1,3256,3168,3221,-1,3256,3221,3257,-1,3257,3221,3254,-1,3255,3258,3168,-1,3168,3258,3259,-1,3168,3259,3260,-1,3261,3262,3188,-1,3261,3188,3263,-1,3260,3264,3168,-1,3168,3264,3265,-1,3168,3265,3188,-1,3188,3265,3266,-1,3188,3266,3263,-1,3262,3267,3188,-1,3188,3267,3268,-1,3188,3268,3247,-1,3247,3268,3269,-1,3247,3269,3249,-1,3270,3271,3272,-1,3272,3271,3273,-1,3270,3274,3271,-1,3271,3274,3275,-1,3271,3275,3247,-1,3247,3275,3276,-1,3276,3277,3247,-1,3247,3277,3278,-1,3247,3278,3279,-1,3280,3188,3281,-1,3281,3188,3282,-1,3283,3185,3284,-1,3284,3185,3188,-1,3284,3188,3285,-1,3285,3188,3280,-1,3283,3286,3185,-1,3185,3286,3287,-1,3185,3287,3288,-1,3279,3289,3247,-1,3247,3289,3290,-1,3247,3290,3188,-1,3188,3290,3291,-1,3188,3291,3282,-1,3288,3292,3185,-1,3185,3292,3293,-1,3185,3293,3271,-1,3271,3293,3294,-1,3271,3294,3273,-1,3295,3296,3297,-1,3297,3296,3298,-1,3295,3299,3296,-1,3296,3299,3300,-1,3296,3300,3271,-1,3271,3300,3301,-1,3302,3303,3185,-1,3185,3303,3304,-1,3305,3306,3182,-1,3182,3306,3307,-1,3307,3308,3182,-1,3182,3308,3309,-1,3182,3309,3296,-1,3296,3309,3310,-1,3296,3310,3298,-1,3301,3311,3271,-1,3271,3311,3312,-1,3271,3312,3313,-1,3304,3314,3185,-1,3185,3314,3315,-1,3185,3315,3182,-1,3182,3315,3316,-1,3182,3316,3305,-1,3313,3317,3271,-1,3271,3317,3318,-1,3271,3318,3185,-1,3185,3318,3319,-1,3185,3319,3302,-1,3320,3321,3322,-1,3320,3322,3323,-1,3321,3324,3322,-1,3322,3324,3325,-1,3322,3325,3296,-1,3296,3325,3326,-1,3327,3179,3328,-1,3328,3179,3329,-1,3326,3330,3296,-1,3296,3330,3331,-1,3296,3331,3332,-1,3333,3182,3334,-1,3334,3182,3335,-1,3327,3336,3179,-1,3179,3336,3337,-1,3179,3337,3322,-1,3322,3337,3338,-1,3322,3338,3323,-1,3332,3339,3296,-1,3296,3339,3340,-1,3296,3340,3182,-1,3182,3340,3341,-1,3182,3341,3335,-1,3333,3342,3182,-1,3182,3342,3343,-1,3182,3343,3179,-1,3179,3343,3344,-1,3179,3344,3329,-1,3345,3346,3347,-1,3347,3346,3348,-1,3349,3322,3350,-1,3350,3322,3346,-1,3350,3346,3351,-1,3351,3346,3345,-1,3352,3353,3179,-1,3179,3353,3354,-1,3355,3356,3176,-1,3176,3356,3357,-1,3349,3358,3322,-1,3322,3358,3359,-1,3322,3359,3360,-1,3360,3361,3322,-1,3322,3361,3362,-1,3322,3362,3179,-1,3179,3362,3363,-1,3179,3363,3352,-1,3354,3364,3179,-1,3179,3364,3365,-1,3179,3365,3176,-1,3176,3365,3366,-1,3176,3366,3355,-1,3357,3367,3176,-1,3176,3367,3368,-1,3176,3368,3346,-1,3346,3368,3369,-1,3346,3369,3348,-1,3370,3371,3372,-1,3370,3372,3373,-1,3371,3374,3372,-1,3372,3374,3375,-1,3372,3375,3346,-1,3346,3375,3376,-1,3377,3378,3173,-1,3173,3378,3379,-1,3376,3380,3346,-1,3346,3380,3381,-1,3346,3381,3382,-1,3383,3176,3384,-1,3384,3176,3385,-1,3379,3386,3173,-1,3173,3386,3387,-1,3173,3387,3372,-1,3372,3387,3388,-1,3372,3388,3373,-1,3382,3389,3346,-1,3346,3389,3390,-1,3346,3390,3176,-1,3176,3390,3391,-1,3176,3391,3385,-1,3383,3392,3176,-1,3176,3392,3393,-1,3176,3393,3173,-1,3173,3393,3394,-1,3173,3394,3377,-1,3191,3193,3194,-1,3194,3193,3395,-1,3194,3395,3197,-1,3197,3395,3396,-1,3197,3396,3221,-1,3221,3396,3397,-1,3221,3397,3247,-1,3247,3397,3398,-1,3247,3398,3271,-1,3271,3398,3399,-1,3271,3399,3296,-1,3296,3399,3400,-1,3296,3400,3322,-1,3322,3400,3401,-1,3322,3401,3346,-1,3346,3401,3402,-1,3346,3402,3372,-1,3402,3401,3403,-1,3403,3401,3400,-1,3400,3399,3403,-1,3403,3399,3398,-1,3403,3398,3404,-1,3404,3398,3397,-1,3404,3397,3396,-1,3396,3395,3404,-1,3404,3395,3193,-1,3404,3193,3192,-1,3405,3406,3404,-1,3404,3406,3403,-1,3407,3408,3409,-1,3409,3410,3411,-1,3412,3409,3413,-1,3413,3409,3411,-1,3413,3411,3414,-1,3415,3416,3409,-1,3417,3415,3418,-1,3418,3415,3409,-1,3418,3409,3419,-1,3419,3409,3412,-1,3419,3412,3420,-1,3421,3422,3416,-1,3416,3422,3409,-1,3409,3422,3423,-1,3409,3423,3424,-1,3425,3104,3103,-1,3426,3427,3428,-1,3428,3427,3425,-1,3428,3425,3429,-1,3429,3425,3103,-1,3430,3099,3098,-1,3098,3431,3430,-1,3430,3431,3432,-1,3430,3432,3433,-1,3433,3432,3434,-1,3433,3434,3426,-1,3101,3100,3435,-1,3435,3100,3424,-1,3435,3424,3436,-1,3436,3424,3423,-1,3437,3108,3107,-1,3416,3438,3421,-1,3421,3438,3437,-1,3421,3437,3439,-1,3439,3437,3107,-1,3440,3112,3111,-1,3418,3441,3417,-1,3417,3441,3440,-1,3417,3440,3442,-1,3442,3440,3111,-1,3443,3116,3115,-1,3412,3444,3420,-1,3420,3444,3443,-1,3420,3443,3445,-1,3445,3443,3115,-1,3446,3121,3120,-1,3411,3447,3414,-1,3414,3447,3446,-1,3414,3446,3448,-1,3448,3446,3120,-1,3125,3124,3449,-1,3449,3124,3450,-1,3449,3450,3451,-1,3451,3450,3452,-1,3451,3452,3453,-1,3129,3128,3454,-1,3454,3128,3455,-1,3454,3455,3456,-1,3456,3455,3457,-1,3456,3457,3408,-1,3408,3457,3458,-1,3408,3458,3409,-1,3409,3458,3453,-1,3409,3453,3410,-1,3410,3453,3452,-1,3428,3407,3426,-1,3426,3407,3409,-1,3426,3409,3433,-1,3433,3409,3459,-1,3433,3459,3460,-1,3460,3459,3461,-1,3460,3461,3462,-1,3462,3461,3463,-1,3462,3463,3464,-1,3464,3463,3406,-1,3464,3406,3405,-1,3465,2263,3466,-1,3466,2263,2262,-1,3466,2262,3467,-1,3467,2262,2280,-1,2274,3468,2276,-1,2276,3468,3467,-1,2276,3467,2278,-1,2278,3467,2280,-1,3467,3468,3469,-1,3469,3468,3470,-1,3469,3470,3471,-1,3471,3470,3472,-1,3471,3472,3466,-1,3466,3472,3465,-1,3470,3473,3472,-1,3472,3473,3474,-1,3473,3475,3474,-1,3474,3475,3476,-1,3477,3475,3478,-1,3478,3475,3479,-1,3478,3479,3480,-1,3477,3481,3475,-1,3475,3481,3482,-1,3475,3482,3483,-1,3484,3476,3485,-1,3485,3476,3475,-1,3485,3475,3486,-1,3486,3475,3483,-1,3484,3487,3476,-1,3476,3487,3488,-1,3476,3488,3489,-1,3490,3491,3492,-1,3492,3491,3476,-1,3492,3476,3493,-1,3493,3476,3489,-1,3494,3495,3479,-1,3479,3495,3496,-1,3479,3496,3480,-1,3490,3497,3491,-1,3491,3497,3498,-1,3491,3498,3499,-1,3499,3500,3491,-1,3491,3500,3501,-1,3491,3501,3479,-1,3479,3501,3502,-1,3479,3502,3494,-1,3479,3503,3491,-1,3491,3503,3504,-1,3503,3505,3504,-1,3504,3505,3506,-1,3507,3508,3509,-1,3509,3508,3506,-1,3509,3506,3510,-1,3510,3506,3505,-1,3510,3505,3511,-1,3511,3505,3512,-1,3508,3507,3513,-1,3508,3513,3514,-1,3512,3515,3516,-1,3511,3512,3517,-1,3517,3512,3516,-1,3517,3516,3513,-1,3513,3516,3518,-1,3513,3518,3514,-1,3519,3516,3515,-1,3514,3518,3520,-1,3515,2273,3519,-1,3519,2273,2272,-1,3519,2272,2270,-1,2270,2268,3519,-1,3519,2268,2266,-1,3519,2266,3520,-1,3520,2266,2264,-1,3520,2264,3514,-1,2273,3515,2274,-1,2274,3515,3512,-1,3503,3479,3475,-1,3473,3470,3468,-1,3503,3475,3505,-1,3505,3475,3473,-1,3505,3473,3512,-1,3512,3473,3468,-1,3512,3468,2274,-1,3514,2264,3508,-1,3508,2264,2263,-1,3465,3472,3474,-1,2263,3465,3508,-1,3508,3465,3474,-1,3508,3474,3506,-1,3506,3474,3476,-1,3506,3476,3504,-1,3504,3476,3491,-1,3521,3522,3523,-1,3523,3522,3524,-1,3523,3524,3525,-1,3525,3524,3526,-1,3525,3526,3527,-1,3527,3526,3528,-1,3527,3528,3529,-1,3529,3528,3530,-1,3529,3530,3531,-1,3531,3530,3532,-1,3531,3532,3533,-1,3533,3532,3534,-1,3533,3534,3535,-1,3535,3534,3536,-1,3535,3536,3537,-1,3537,3536,3538,-1,3537,3538,3539,-1,3539,3538,3540,-1,3539,3540,3541,-1,3541,3540,3542,-1,3541,3542,3543,-1,3543,3542,3544,-1,3543,3544,3545,-1,3545,3544,3546,-1,3545,3546,3547,-1,3547,3546,3548,-1,3547,3548,3549,-1,3549,3548,3550,-1,3549,3550,3551,-1,3551,3550,3552,-1,3551,3552,3553,-1,3553,3552,3554,-1,3553,3554,3555,-1,3555,3554,3556,-1,3555,3556,3557,-1,3557,3556,3558,-1,3557,3558,3559,-1,3559,3558,3560,-1,3559,3560,3561,-1,3561,3560,3562,-1,3561,3562,3563,-1,3563,3562,3564,-1,3563,3564,3565,-1,3565,3564,3566,-1,3565,3566,3567,-1,3567,3566,3568,-1,3567,3568,3521,-1,3521,3568,3522,-1,3534,3569,3536,-1,3536,3569,3570,-1,3536,3570,3538,-1,3538,3570,3571,-1,3538,3571,3540,-1,3540,3571,3572,-1,3540,3572,3542,-1,3542,3572,3573,-1,3542,3573,3544,-1,3544,3573,3574,-1,3544,3574,3546,-1,3546,3574,3575,-1,3546,3575,3548,-1,3548,3575,3576,-1,3548,3576,3550,-1,3550,3576,3577,-1,3550,3577,3552,-1,3552,3577,3578,-1,3552,3578,3554,-1,3554,3578,3579,-1,3554,3579,3556,-1,3556,3579,3580,-1,3556,3580,3558,-1,3558,3580,3581,-1,3558,3581,3560,-1,3560,3581,3582,-1,3560,3582,3562,-1,3562,3582,3583,-1,3562,3583,3564,-1,3564,3583,3584,-1,3564,3584,3566,-1,3566,3584,3585,-1,3566,3585,3568,-1,3568,3585,3586,-1,3568,3586,3522,-1,3522,3586,3587,-1,3522,3587,3524,-1,3524,3587,3588,-1,3524,3588,3526,-1,3526,3588,3589,-1,3526,3589,3528,-1,3528,3589,3590,-1,3528,3590,3530,-1,3530,3590,3591,-1,3530,3591,3532,-1,3532,3591,3592,-1,3532,3592,3534,-1,3534,3592,3569,-1,3573,3593,3574,-1,3574,3593,3594,-1,3574,3594,3575,-1,3575,3594,3595,-1,3575,3595,3576,-1,3576,3595,3596,-1,3576,3596,3577,-1,3577,3596,3597,-1,3577,3597,3578,-1,3578,3597,3598,-1,3578,3598,3579,-1,3579,3598,3599,-1,3579,3599,3580,-1,3580,3599,3600,-1,3580,3600,3581,-1,3581,3600,3601,-1,3581,3601,3582,-1,3582,3601,3602,-1,3582,3602,3583,-1,3583,3602,3603,-1,3583,3603,3584,-1,3584,3603,3604,-1,3584,3604,3585,-1,3585,3604,3605,-1,3585,3605,3586,-1,3586,3605,3606,-1,3586,3606,3587,-1,3587,3606,3607,-1,3587,3607,3588,-1,3588,3607,3608,-1,3588,3608,3589,-1,3589,3608,3609,-1,3589,3609,3590,-1,3590,3609,3610,-1,3590,3610,3591,-1,3591,3610,3611,-1,3591,3611,3592,-1,3592,3611,3612,-1,3592,3612,3569,-1,3569,3612,3613,-1,3569,3613,3570,-1,3570,3613,3614,-1,3570,3614,3571,-1,3571,3614,3615,-1,3571,3615,3572,-1,3572,3615,3616,-1,3572,3616,3573,-1,3573,3616,3593,-1,3613,3243,3614,-1,3614,3243,3242,-1,3614,3242,3615,-1,3615,3242,3241,-1,3615,3241,3616,-1,3616,3241,3240,-1,3616,3240,3593,-1,3593,3240,3239,-1,3593,3239,3594,-1,3594,3239,3238,-1,3594,3238,3595,-1,3595,3238,3237,-1,3595,3237,3596,-1,3596,3237,3236,-1,3596,3236,3597,-1,3597,3236,3235,-1,3597,3235,3598,-1,3598,3235,3234,-1,3598,3234,3599,-1,3599,3234,3233,-1,3599,3233,3600,-1,3600,3233,3230,-1,3600,3230,3601,-1,3601,3230,3231,-1,3601,3231,3602,-1,3602,3231,3232,-1,3602,3232,3603,-1,3603,3232,3226,-1,3603,3226,3604,-1,3604,3226,3225,-1,3604,3225,3605,-1,3605,3225,3224,-1,3605,3224,3606,-1,3606,3224,3229,-1,3606,3229,3607,-1,3607,3229,3228,-1,3607,3228,3608,-1,3608,3228,3227,-1,3608,3227,3609,-1,3609,3227,3220,-1,3609,3220,3610,-1,3610,3220,3222,-1,3610,3222,3611,-1,3611,3222,3223,-1,3611,3223,3612,-1,3612,3223,3244,-1,3612,3244,3613,-1,3613,3244,3243,-1,
        ]
    }
}
Shape{
    appearance Appearance {
        material  Material 	{
            diffuseColor 0.6470588235294118 0.6196078431372549 0.5882352941176471
            specularColor 0.45098039215686275 0.43529411764705883 0.4117647058823529
            ambientIntensity 0.6242
            transparency 0.0
            shininess 0.5
        }
    }
    geometry IndexedFaceSet {
        ccw TRUE
        solid FALSE
        coord DEF co Coordinate {
            point [
                -2.6413 0.2398 3.2205, -2.7031 0.2011 3.2205, -2.2061 0.0881 3.2205, -2.8116 0.0435 3.2205, -2.1884 0.0435 3.2205, -2.7939 0.0881 3.2205, -2.7548 0.1497 3.2205, -2.5725 0.2638 3.2205, -2.2452 0.1497 3.2205, -2.2969 0.2011 3.2205, -2.3587 0.2398 3.2205, -2.4275 0.2638 3.2205, -2.5 0.2719 3.2205, -2.8934 0.0435 3.0236, -2.8934 0.0435 3.1417, -2.8911 0.0498 3.1417, -2.1066 -0.1533 3.0236, -2.1066 -0.1533 3.1417, -2.1089 -0.1596 3.1417, -2.1083 -0.1599 2.908, -2.0945 -0.0549 3.0236, -2.0945 -0.0549 2.908, -2.1066 0.0435 3.0236, -2.1083 0.0501 2.908, -2.8917 0.0501 2.908, -2.9055 -0.0549 3.0236, -2.9055 -0.0549 2.908, -2.8934 -0.1533 3.0236, -2.8917 -0.1599 2.908, -2.1353 -0.2323 3.1417, -2.1488 -0.2577 2.908, -2.1506 -0.2565 3.1417, -2.1838 -0.3088 3.1417, -2.2132 -0.3417 2.908, -2.215 -0.3399 3.1417, -2.2479 -0.3726 3.1417, -2.2972 -0.4061 2.908, -2.2984 -0.4042 3.1417, -2.3246 -0.4206 3.1417, -2.395 -0.4466 2.908, -2.3955 -0.4453 3.1417, -2.4101 -0.4504 3.1417, -2.5 -0.4604 2.908, -2.5 -0.4604 3.1417, -2.5899 -0.4504 3.1417, -2.605 -0.4466 2.908, -2.6045 -0.4453 3.1417, -2.6754 -0.4206 3.1417, -2.7028 -0.4061 2.908, -2.7016 -0.4042 3.1417, -2.7521 -0.3726 3.1417, -2.7868 -0.3417 2.908, -2.785 -0.3399 3.1417, -2.8162 -0.3088 3.1417, -2.8512 -0.2577 2.908, -2.8934 -0.1533 3.1417, -2.8911 -0.1596 3.1417, -2.8647 -0.2323 3.1417, -2.8494 -0.2565 3.1417, -2.8647 0.1225 3.1417, -2.8512 0.1479 2.908, -2.8494 0.1467 3.1417, -2.8162 0.199 3.1417, -2.7868 0.2319 2.908, -2.785 0.2301 3.1417, -2.7521 0.2628 3.1417, -2.7028 0.2963 2.908, -2.7016 0.2944 3.1417, -2.6754 0.3108 3.1417, -2.605 0.3368 2.908, -2.6045 0.3355 3.1417, -2.5899 0.3405 3.1417, -2.5 0.3506 2.908, -2.5 0.3506 3.1417, -2.4101 0.3405 3.1417, -2.395 0.3368 2.908, -2.3955 0.3355 3.1417, -2.3246 0.3108 3.1417, -2.2972 0.2963 2.908, -2.2984 0.2944 3.1417, -2.2479 0.2628 3.1417, -2.2132 0.2319 2.908, -2.215 0.2301 3.1417, -2.1838 0.199 3.1417, -2.1488 0.1479 2.908, -2.1066 0.0435 3.1417, -2.1089 0.0498 3.1417, -2.1353 0.1225 3.1417, -2.1506 0.1467 3.1417, -2.4391 -0.2821 2.908, -2.5 -0.2901 2.908, -2.5609 -0.2821 2.908, -2.6176 -0.2586 2.908, -2.6663 -0.2212 2.908, -2.7037 -0.1725 2.908, -2.7272 -0.1158 2.908, -2.7352 -0.0549 2.908, -2.7272 0.006 2.908, -2.7037 0.0627 2.908, -2.6663 0.1114 2.908, -2.6176 0.1488 2.908, -2.5609 0.1723 2.908, -2.5 0.1803 2.908, -2.4391 0.1723 2.908, -2.3824 0.1488 2.908, -2.3337 0.1114 2.908, -2.2963 0.0627 2.908, -2.2728 0.006 2.908, -2.2648 -0.0549 2.908, -2.2728 -0.1158 2.908, -2.2963 -0.1725 2.908, -2.3337 -0.2212 2.908, -2.3824 -0.2586 2.908, -2.2728 0.006 2.6818, -2.2963 0.0627 2.6818, -2.3337 0.1114 2.6818, -2.3824 0.1488 2.6818, -2.4391 0.1723 2.6818, -2.5 0.1803 2.6818, -2.5609 0.1723 2.6818, -2.6176 0.1488 2.6818, -2.6663 0.1114 2.6818, -2.7037 0.0627 2.6818, -2.7272 0.006 2.6818, -2.7352 -0.0549 2.6818, -2.7272 -0.1158 2.6818, -2.7037 -0.1725 2.6818, -2.6663 -0.2212 2.6818, -2.6176 -0.2586 2.6818, -2.5609 -0.2821 2.6818, -2.5 -0.2901 2.6818, -2.4391 -0.2821 2.6818, -2.3824 -0.2586 2.6818, -2.3337 -0.2212 2.6818, -2.2963 -0.1725 2.6818, -2.2728 -0.1158 2.6818, -2.2648 -0.0549 2.6818
            ]
        }
        coordIndex [
            0,1,2,-1,3,4,5,-1,5,4,2,-1,5,2,6,-1,6,2,1,-1,0,2,7,-1,7,2,8,-1,7,8,9,-1,9,10,7,-1,7,10,11,-1,7,11,12,-1,13,14,15,-1,16,17,18,-1,16,19,20,-1,20,19,21,-1,20,21,22,-1,22,21,23,-1,13,24,25,-1,25,24,26,-1,25,26,27,-1,27,26,28,-1,16,18,19,-1,19,18,29,-1,19,29,30,-1,29,31,30,-1,30,31,32,-1,30,32,33,-1,32,34,33,-1,33,34,35,-1,33,35,36,-1,35,37,36,-1,36,37,38,-1,36,38,39,-1,38,40,39,-1,39,40,41,-1,39,41,42,-1,41,43,42,-1,42,43,44,-1,42,44,45,-1,44,46,45,-1,45,46,47,-1,45,47,48,-1,47,49,48,-1,48,49,50,-1,48,50,51,-1,50,52,51,-1,51,52,53,-1,51,53,54,-1,55,27,56,-1,56,27,28,-1,56,28,57,-1,57,28,54,-1,57,54,58,-1,58,54,53,-1,13,15,24,-1,24,15,59,-1,24,59,60,-1,59,61,60,-1,60,61,62,-1,60,62,63,-1,62,64,63,-1,63,64,65,-1,63,65,66,-1,65,67,66,-1,66,67,68,-1,66,68,69,-1,68,70,69,-1,69,70,71,-1,69,71,72,-1,71,73,72,-1,72,73,74,-1,72,74,75,-1,74,76,75,-1,75,76,77,-1,75,77,78,-1,77,79,78,-1,78,79,80,-1,78,80,81,-1,80,82,81,-1,81,82,83,-1,81,83,84,-1,85,22,86,-1,86,22,23,-1,86,23,87,-1,87,23,84,-1,87,84,88,-1,88,84,83,-1,89,39,90,-1,90,39,42,-1,90,42,91,-1,91,42,45,-1,91,45,92,-1,92,45,48,-1,92,48,93,-1,93,48,51,-1,93,51,94,-1,94,51,54,-1,94,54,95,-1,95,54,28,-1,95,28,96,-1,96,28,26,-1,96,26,97,-1,97,26,24,-1,97,24,98,-1,98,24,60,-1,98,60,99,-1,99,60,63,-1,99,63,100,-1,100,63,66,-1,100,66,101,-1,101,66,69,-1,101,69,102,-1,102,69,72,-1,102,72,103,-1,103,72,75,-1,103,75,104,-1,104,75,78,-1,104,78,105,-1,105,78,81,-1,105,81,106,-1,106,81,84,-1,106,84,107,-1,107,84,23,-1,107,23,108,-1,108,23,21,-1,108,21,109,-1,109,21,19,-1,109,19,110,-1,110,19,30,-1,110,30,111,-1,111,30,33,-1,111,33,112,-1,112,33,36,-1,112,36,89,-1,89,36,39,-1,108,113,107,-1,107,113,114,-1,107,114,106,-1,106,114,115,-1,106,115,105,-1,105,115,116,-1,105,116,104,-1,104,116,117,-1,104,117,103,-1,103,117,118,-1,103,118,102,-1,102,118,119,-1,102,119,101,-1,101,119,120,-1,101,120,100,-1,100,120,121,-1,100,121,99,-1,99,121,122,-1,99,122,98,-1,98,122,123,-1,98,123,97,-1,97,123,124,-1,97,124,96,-1,96,124,125,-1,96,125,95,-1,95,125,126,-1,95,126,94,-1,94,126,127,-1,94,127,93,-1,93,127,128,-1,93,128,92,-1,92,128,129,-1,92,129,91,-1,91,129,130,-1,91,130,90,-1,90,130,131,-1,90,131,89,-1,89,131,132,-1,89,132,112,-1,112,132,133,-1,112,133,111,-1,111,133,134,-1,111,134,110,-1,110,134,135,-1,110,135,109,-1,109,135,136,-1,109,136,108,-1,108,136,113,-1,
        ]
    }
}
Shape{
    appearance Appearance {
        material  Material 	{
            diffuseColor 0.27450980392156865 0.49411764705882355 0.27450980392156865
            specularColor 0.0196078431372549 0.03529411764705882 0.0196078431372549
            ambientIntensity 0.5763
            transparency 0.0
            shininess 0.5
        }
    }
    geometry IndexedFaceSet {
        ccw TRUE
        solid FALSE
        coord DEF co Coordinate {
            point [
                -2.7362 -1.1024 1.8475, -2.7362 -1.0821 1.8475, -2.2638 -1.1024 1.8475, -2.2638 -1.0821 1.8475, -2.7362 -0.9942 1.3035, -2.2638 -0.9942 1.3035, -2.7362 -0.8354 1.3035, -2.2638 -0.8354 1.3035, -2.7362 -0.8354 0.5543, -2.7362 -0.9997 0.5543, -2.2638 -0.8354 0.5543, -2.2638 -0.9997 0.5543, -2.9331 -1.2992 0.2356, -2.0669 -1.2992 0.2356, -2.2638 -1.1024 0.445, -2.7362 -1.1024 0.445
            ]
        }
        coordIndex [
            0,1,2,-1,2,1,3,-1,1,4,3,-1,3,4,5,-1,4,6,5,-1,5,6,7,-1,8,9,10,-1,10,9,11,-1,12,13,14,-1,11,9,14,-1,14,9,15,-1,14,15,12,-1,4,1,0,-1,8,6,9,-1,9,6,4,-1,9,4,15,-1,15,4,0,-1,14,2,5,-1,5,2,3,-1,7,10,5,-1,5,10,11,-1,5,11,14,-1,
        ]
    }
}
Shape{
    appearance Appearance {
        material  Material 	{
            diffuseColor 0.6470588235294118 0.6196078431372549 0.5882352941176471
            specularColor 0.45098039215686275 0.43529411764705883 0.4117647058823529
            ambientIntensity 0.6242
            transparency 0.0
            shininess 0.5
        }
    }
    geometry IndexedFaceSet {
        ccw TRUE
        solid FALSE
        coord DEF co Coordinate {
            point [
                -2.2963 0.0627 1.8392, -2.2728 0.006 1.8392, -2.1457 0.5848 1.8392, -2.2648 -0.0549 1.8392, -2.1457 -0.6375 1.8392, -2.7037 -0.1725 1.8392, -2.7272 -0.1158 1.8392, -2.8543 -0.6375 1.8392, -2.7352 -0.0549 1.8392, -2.8543 0.5848 1.8392, -2.2728 -0.1158 1.8392, -2.2963 -0.1725 1.8392, -2.3337 -0.2212 1.8392, -2.5609 -0.2821 1.8392, -2.6176 -0.2586 1.8392, -2.6663 -0.2212 1.8392, -2.7272 0.006 1.8392, -2.7037 0.0627 1.8392, -2.6663 0.1114 1.8392, -2.6176 0.1488 1.8392, -2.5609 0.1723 1.8392, -2.5 0.1803 1.8392, -2.4391 0.1723 1.8392, -2.3824 0.1488 1.8392, -2.3337 0.1114 1.8392, -2.3824 -0.2586 1.8392, -2.4391 -0.2821 1.8392, -2.5 -0.2901 1.8392, -2.3031 -0.6375 0.6985, -2.1457 -0.6375 0.4087, -2.3031 -0.6375 1.5748, -2.6969 -0.6375 1.5748, -2.6969 -0.6375 0.6985, -2.8543 -0.6375 0.4087, -2.1457 0.5848 0.4087, -2.8543 0.5848 0.4087, -2.3031 0.5848 1.5748, -2.3031 0.5848 0.6985, -2.6969 0.5848 0.6985, -2.6969 0.5848 1.5748, -2.5984 0.7633 1.5433, -2.5984 0.6956 1.5517, -2.4016 0.7633 1.5433, -2.4016 0.6956 1.5517, -2.4016 0.9712 1.2761, -2.5984 0.9712 1.2761, -2.5984 0.9645 1.3365, -2.4016 0.9645 1.3365, -2.5984 0.9448 1.3938, -2.4016 0.9448 1.3938, -2.5984 0.913 1.4455, -2.4016 0.913 1.4455, -2.5984 0.8706 1.489, -2.4016 0.8706 1.489, -2.5984 0.8198 1.5222, -2.4016 0.8198 1.5222, -2.4016 -0.3824 1.5517, -2.4016 -0.3824 1.3549, -2.4016 0.6956 1.3549, -2.4016 0.7638 1.3155, -2.4016 0.7512 1.3318, -2.4016 0.7349 1.3443, -2.4016 0.7159 1.3522, -2.4016 0.7633 1.5222, -2.4016 -0.0984 -0.9842, -2.4016 0.0984 -0.9842, -2.4016 -0.0984 0.0478, -2.4016 0.0984 0.0478, -2.4016 -0.089 0.1191, -2.4016 0.1011 0.0682, -2.4016 -0.0615 0.1856, -2.4016 0.109 0.0872, -2.4016 -0.0177 0.2427, -2.4016 0.1215 0.1035, -2.4016 0.0394 0.2865, -2.4016 0.1378 0.116, -2.4016 0.1058 0.314, -2.4016 0.1568 0.1239, -2.4016 0.1772 0.3234, -2.4016 0.1772 0.1265, -2.4016 0.6956 0.3234, -2.4016 0.6956 0.1265, -2.4016 0.7159 0.3261, -2.4016 0.7669 0.1359, -2.4016 0.7349 0.3339, -2.4016 0.8334 0.1635, -2.4016 0.7512 0.3464, -2.4016 0.8904 0.2073, -2.4016 0.7638 0.3628, -2.4016 0.9342 0.2643, -2.4016 0.7716 0.3817, -2.4016 0.9618 0.3308, -2.4016 0.7743 0.4021, -2.4016 0.9712 0.4021, -2.4016 0.7743 1.2761, -2.4016 0.7716 1.2965, -2.5984 0.6956 1.3549, -2.5984 -0.3824 1.3549, -2.5984 -0.3824 1.5517, -2.5984 0.7633 1.5222, -2.5984 0.7743 1.2761, -2.5984 0.7716 1.2965, -2.5984 0.7638 1.3155, -2.5984 0.7512 1.3318, -2.5984 0.7349 1.3443, -2.5984 0.7159 1.3522, -2.5984 0.0984 -0.9842, -2.5984 -0.0984 -0.9842, -2.5984 0.0984 0.0478, -2.5984 -0.0984 0.0478, -2.5984 0.1011 0.0682, -2.5984 -0.089 0.1191, -2.5984 0.109 0.0872, -2.5984 -0.0615 0.1856, -2.5984 0.1215 0.1035, -2.5984 -0.0177 0.2427, -2.5984 0.1378 0.116, -2.5984 0.0394 0.2865, -2.5984 0.1568 0.1239, -2.5984 0.1058 0.314, -2.5984 0.1772 0.1265, -2.5984 0.1772 0.3234, -2.5984 0.6956 0.1265, -2.5984 0.6956 0.3234, -2.5984 0.7669 0.1359, -2.5984 0.7159 0.3261, -2.5984 0.8334 0.1635, -2.5984 0.7349 0.3339, -2.5984 0.8904 0.2073, -2.5984 0.7512 0.3464, -2.5984 0.9342 0.2643, -2.5984 0.7638 0.3628, -2.5984 0.9618 0.3308, -2.5984 0.7716 0.3817, -2.5984 0.9712 0.4021, -2.5984 0.7743 0.4021, -2.5591 -0.0591 -1.378, -2.5591 0.0591 -1.378, -2.4409 -0.0591 -1.378, -2.4409 0.0591 -1.378
            ]
        }
        coordIndex [
            0,1,2,-1,2,1,3,-1,2,3,4,-1,5,6,7,-1,7,6,8,-1,7,8,9,-1,3,10,4,-1,4,10,11,-1,4,11,12,-1,13,14,7,-1,7,14,15,-1,7,15,5,-1,8,16,9,-1,9,16,17,-1,9,17,18,-1,18,19,9,-1,9,19,20,-1,9,20,2,-1,2,20,21,-1,2,21,22,-1,22,23,2,-1,2,23,24,-1,2,24,0,-1,12,25,4,-1,4,25,26,-1,4,26,7,-1,7,26,27,-1,7,27,13,-1,28,29,30,-1,30,29,4,-1,30,4,31,-1,31,4,7,-1,31,7,32,-1,32,7,33,-1,32,33,28,-1,28,33,29,-1,34,29,35,-1,35,29,33,-1,36,2,37,-1,37,2,34,-1,37,34,38,-1,38,34,35,-1,38,35,39,-1,39,35,9,-1,39,9,36,-1,36,9,2,-1,29,34,4,-1,4,34,2,-1,35,33,9,-1,9,33,7,-1,31,39,30,-1,30,39,36,-1,38,32,37,-1,37,32,28,-1,32,38,31,-1,31,38,39,-1,37,28,36,-1,36,28,30,-1,40,41,42,-1,42,41,43,-1,44,45,46,-1,44,46,47,-1,47,46,48,-1,47,48,49,-1,49,48,50,-1,49,50,51,-1,51,50,52,-1,51,52,53,-1,53,52,54,-1,53,54,55,-1,56,57,43,-1,43,57,58,-1,59,51,60,-1,60,51,53,-1,60,53,61,-1,61,53,55,-1,61,55,62,-1,62,55,63,-1,62,63,58,-1,58,63,42,-1,58,42,43,-1,64,65,66,-1,66,65,67,-1,66,67,68,-1,68,67,69,-1,68,69,70,-1,70,69,71,-1,70,71,72,-1,72,71,73,-1,72,73,74,-1,74,73,75,-1,74,75,76,-1,76,75,77,-1,76,77,78,-1,78,77,79,-1,78,79,80,-1,80,79,81,-1,80,81,82,-1,82,81,83,-1,82,83,84,-1,84,83,85,-1,84,85,86,-1,86,85,87,-1,86,87,88,-1,88,87,89,-1,88,89,90,-1,90,89,91,-1,90,91,92,-1,92,91,93,-1,92,93,94,-1,94,93,44,-1,94,44,95,-1,95,44,47,-1,95,47,59,-1,59,47,49,-1,59,49,51,-1,96,97,98,-1,99,100,101,-1,101,102,99,-1,99,102,103,-1,99,103,104,-1,41,40,99,-1,98,41,96,-1,96,41,99,-1,96,99,105,-1,105,99,104,-1,106,107,108,-1,108,107,109,-1,108,109,110,-1,110,109,111,-1,110,111,112,-1,112,111,113,-1,112,113,114,-1,114,113,115,-1,114,115,116,-1,116,115,117,-1,116,117,118,-1,118,117,119,-1,118,119,120,-1,120,119,121,-1,120,121,122,-1,122,121,123,-1,122,123,124,-1,124,123,125,-1,124,125,126,-1,126,125,127,-1,126,127,128,-1,128,127,129,-1,128,129,130,-1,130,129,131,-1,130,131,132,-1,132,131,133,-1,132,133,134,-1,134,133,135,-1,134,135,45,-1,45,135,100,-1,99,54,100,-1,100,54,52,-1,100,52,50,-1,50,48,100,-1,100,48,46,-1,100,46,45,-1,56,43,98,-1,98,43,41,-1,57,56,97,-1,97,56,98,-1,58,57,96,-1,96,57,97,-1,58,96,62,-1,62,96,105,-1,62,105,61,-1,61,105,104,-1,61,104,60,-1,60,104,103,-1,60,103,59,-1,59,103,102,-1,59,102,95,-1,95,102,101,-1,95,101,94,-1,94,101,100,-1,92,94,135,-1,135,94,100,-1,92,135,90,-1,90,135,133,-1,90,133,88,-1,88,133,131,-1,88,131,86,-1,86,131,129,-1,86,129,84,-1,84,129,127,-1,84,127,82,-1,82,127,125,-1,82,125,80,-1,80,125,123,-1,78,80,121,-1,121,80,123,-1,78,121,119,-1,78,119,76,-1,76,119,117,-1,76,117,74,-1,74,117,115,-1,74,115,72,-1,72,115,113,-1,72,113,70,-1,70,113,111,-1,70,111,68,-1,68,111,109,-1,68,109,66,-1,64,66,107,-1,107,66,109,-1,136,137,138,-1,138,137,139,-1,106,108,65,-1,65,108,67,-1,67,108,69,-1,69,108,110,-1,69,110,71,-1,71,110,112,-1,71,112,73,-1,73,112,114,-1,73,114,75,-1,75,114,116,-1,75,116,77,-1,77,116,118,-1,77,118,79,-1,79,118,120,-1,81,79,122,-1,122,79,120,-1,81,122,124,-1,81,124,83,-1,83,124,126,-1,83,126,85,-1,85,126,128,-1,85,128,87,-1,87,128,130,-1,87,130,89,-1,89,130,132,-1,89,132,91,-1,91,132,134,-1,91,134,93,-1,44,93,45,-1,45,93,134,-1,
        ]
    }
}
Shape{
    appearance Appearance {
        material  Material 	{
            diffuseColor 0.27450980392156865 0.49411764705882355 0.27450980392156865
            specularColor 0.0196078431372549 0.03529411764705882 0.0196078431372549
            ambientIntensity 0.5763
            transparency 0.0
            shininess 0.5
        }
    }
    geometry IndexedFaceSet {
        ccw TRUE
        solid FALSE
        coord DEF co Coordinate {
            point [
                -2.7362 -1.1024 1.8475, -2.9221 -1.2882 2.0334, -2.9264 -1.2925 2.0195, -2.9331 -1.2992 0.2356, -2.7362 -1.1024 0.445, -2.9331 -1.2992 1.9685, -2.9314 -1.2975 1.9942, -2.2638 -1.1024 1.8475, -2.0779 -1.2882 2.0334, -2.2638 -1.1024 0.445, -2.0669 -1.2992 0.2356, -2.0669 -1.2992 1.9685, -2.0686 -1.2975 1.9942, -2.0736 -1.2925 2.0195
            ]
        }
        coordIndex [
            0,1,2,-1,3,4,5,-1,5,4,0,-1,5,0,6,-1,6,0,2,-1,7,8,0,-1,0,8,1,-1,9,10,7,-1,7,10,11,-1,11,12,7,-1,7,12,13,-1,7,13,8,-1,
        ]
    }
}
Shape{
    appearance Appearance {
        material  Material 	{
            diffuseColor 0.6470588235294118 0.6196078431372549 0.5882352941176471
            specularColor 0.45098039215686275 0.43529411764705883 0.4117647058823529
            ambientIntensity 0.6242
            transparency 0.0
            shininess 0.5
        }
    }
    geometry IndexedFaceSet {
        ccw TRUE
        solid FALSE
        coord DEF co Coordinate {
            point [
                -2.4016 0.0984 -0.9842, -2.4409 0.0591 -1.378, -2.5984 0.0984 -0.9842, -2.5591 0.0591 -1.378, -2.4016 -0.0984 -0.9842, -2.4409 -0.0591 -1.378, -2.5591 -0.0591 -1.378, -2.5984 -0.0984 -0.9842, -2.1506 0.1467 3.1417, -2.1838 0.199 3.1417, -2.1858 0.1973 3.1621, -2.6045 0.3355 3.1417, -2.6754 0.3108 3.1417, -2.6742 0.3083 3.1621, -2.1567 0.0435 3.2144, -2.1476 0.0435 3.2094, -2.1707 0.1053 3.2099, -2.1089 0.0498 3.1417, -2.1353 0.1225 3.1417, -2.1377 0.1214 3.1621, -2.1448 0.1179 3.1811, -2.1098 0.0435 3.1637, -2.1094 0.0435 3.1621, -2.1087 0.0435 3.1596, -2.1066 0.0435 3.1417, -2.1339 0.0435 3.2006, -2.1307 0.0435 3.1971, -2.1561 0.1124 3.1974, -2.1211 0.0435 3.1867, -2.1171 0.0435 3.1805, -2.1396 0.0435 3.205, -2.1636 0.0435 3.2168, -2.1878 0.097 3.2178, -2.1671 0.0435 3.2174, -2.1834 0.0435 3.2203, -2.2061 0.0881 3.2205, -2.1884 0.0435 3.2205, -2.8116 0.0435 3.2205, -2.7939 0.0881 3.2205, -2.8121 0.0435 3.2205, -2.8122 0.097 3.2178, -2.8322 0.0435 3.218, -2.8293 0.1053 3.2099, -2.841 0.0435 3.2153, -2.8329 0.0435 3.2178, -2.8693 0.0435 3.1971, -2.8657 0.0435 3.2009, -2.8439 0.1124 3.1974, -2.8583 0.0435 3.2065, -2.8524 0.0435 3.2095, -2.8785 0.0435 3.1872, -2.8552 0.1179 3.1811, -2.8833 0.0435 3.1797, -2.89 0.0435 3.1644, -2.8623 0.1214 3.1621, -2.8904 0.0435 3.1621, -2.8647 0.1225 3.1417, -2.8911 0.0498 3.1417, -2.8933 0.0435 3.1467, -2.8934 0.0435 3.1417, -2.7548 0.1497 3.2205, -2.7707 0.1624 3.2178, -2.7855 0.1743 3.2099, -2.7983 0.1845 3.1974, -2.808 0.1924 3.1811, -2.8142 0.1973 3.1621, -2.4275 0.2638 3.2205, -2.3587 0.2398 3.2205, -2.423 0.2836 3.2178, -2.3499 0.2581 3.2178, -2.4188 0.3022 3.2099, -2.3417 0.2753 3.2099, -2.4152 0.3181 3.1974, -2.3346 0.29 3.1974, -2.4124 0.3303 3.1811, -2.3292 0.3012 3.1811, -2.4107 0.3379 3.1621, -2.3258 0.3083 3.1621, -2.7016 0.2944 3.1417, -2.7521 0.2628 3.1417, -2.7504 0.2607 3.1621, -2.7455 0.2545 3.1811, -2.7377 0.2447 3.1974, -2.7276 0.2319 3.2099, -2.7158 0.2171 3.2178, -2.7031 0.2011 3.2205, -2.785 0.2301 3.1417, -2.8162 0.199 3.1417, -2.8494 0.1467 3.1417, -2.6708 0.3012 3.1811, -2.6654 0.29 3.1974, -2.6583 0.2753 3.2099, -2.6501 0.2581 3.2178, -2.6413 0.2398 3.2205, -2.5899 0.3405 3.1417, -2.5893 0.3379 3.1621, -2.5876 0.3303 3.1811, -2.5848 0.3181 3.1974, -2.5812 0.3022 3.2099, -2.577 0.2836 3.2178, -2.5725 0.2638 3.2205, -2.5 0.2719 3.2205, -2.5 0.2923 3.2178, -2.5 0.3113 3.2099, -2.5 0.3276 3.1974, -2.5 0.3401 3.1811, -2.5 0.348 3.1621, -2.5 0.3506 3.1417, -2.4101 0.3405 3.1417, -2.215 0.2301 3.1417, -2.2479 0.2628 3.1417, -2.2496 0.2607 3.1621, -2.2545 0.2545 3.1811, -2.2623 0.2447 3.1974, -2.2724 0.2319 3.2099, -2.2842 0.2171 3.2178, -2.2969 0.2011 3.2205, -2.2984 0.2944 3.1417, -2.3246 0.3108 3.1417, -2.3955 0.3355 3.1417, -2.192 0.1924 3.1811, -2.2017 0.1845 3.1974, -2.2145 0.1743 3.2099, -2.2293 0.1624 3.2178, -2.2452 0.1497 3.2205, -2.1066 -0.1533 3.0236, -2.8934 -0.1533 3.0236, -2.8934 -0.1533 3.1417, -2.1094 -0.1533 3.1624, -2.1094 -0.1533 3.1621, -2.1476 -0.1533 3.2095, -2.893 -0.1533 3.1498, -2.8905 -0.1533 3.1621, -2.1066 -0.1533 3.1417, -2.1585 -0.1533 3.2151, -2.89 -0.1533 3.1644, -2.1076 -0.1533 3.1542, -2.8825 -0.1533 3.1812, -2.878 -0.1533 3.1878, -2.8692 -0.1533 3.1971, -2.1307 -0.1533 3.1971, -2.1338 -0.1533 3.2005, -2.1412 -0.1533 3.2062, -2.8591 -0.1533 3.206, -2.8524 -0.1533 3.2095, -2.865 -0.1533 3.2015, -2.8418 -0.1533 3.215, -2.8348 -0.1533 3.2173, -2.8329 -0.1533 3.2176, -2.815 -0.1533 3.2204, -2.8116 -0.1533 3.2205, -2.1884 -0.1533 3.2205, -2.1873 -0.1533 3.2205, -2.1673 -0.1533 3.2179, -2.1671 -0.1533 3.2178, -2.1212 -0.1533 3.1868, -2.1164 -0.1533 3.1793, -2.8934 0.0435 3.0236, -2.1066 0.0435 3.0236, -2.0945 -0.0549 3.0236, -2.9055 -0.0549 3.0236
            ]
        }
        coordIndex [
            0,1,2,-1,2,1,3,-1,4,5,0,-1,0,5,1,-1,6,7,3,-1,3,7,2,-1,7,6,4,-1,4,6,5,-1,8,9,10,-1,11,12,13,-1,14,15,16,-1,17,18,19,-1,20,21,19,-1,19,21,22,-1,19,22,17,-1,17,22,23,-1,17,23,24,-1,25,26,27,-1,27,26,28,-1,27,28,20,-1,20,28,29,-1,20,29,21,-1,16,15,27,-1,27,15,30,-1,27,30,25,-1,14,16,31,-1,31,16,32,-1,31,32,33,-1,33,32,34,-1,34,32,35,-1,34,35,36,-1,37,38,39,-1,39,38,40,-1,39,40,41,-1,42,43,40,-1,40,43,44,-1,40,44,41,-1,45,46,47,-1,47,46,48,-1,47,48,42,-1,42,48,49,-1,42,49,43,-1,45,47,50,-1,50,47,51,-1,50,51,52,-1,52,51,53,-1,53,51,54,-1,53,54,55,-1,54,56,55,-1,55,56,57,-1,55,57,58,-1,58,57,59,-1,38,60,40,-1,40,60,61,-1,40,61,42,-1,42,61,62,-1,42,62,47,-1,47,62,63,-1,47,63,51,-1,51,63,64,-1,51,64,54,-1,54,64,65,-1,66,67,68,-1,68,67,69,-1,68,69,70,-1,70,69,71,-1,70,71,72,-1,72,71,73,-1,72,73,74,-1,74,73,75,-1,74,75,76,-1,76,75,77,-1,78,79,80,-1,80,79,65,-1,80,65,81,-1,81,65,64,-1,81,64,82,-1,82,64,63,-1,82,63,83,-1,83,63,62,-1,83,62,84,-1,84,62,61,-1,84,61,85,-1,85,61,60,-1,79,86,65,-1,65,86,87,-1,65,87,54,-1,54,87,88,-1,54,88,56,-1,12,78,13,-1,13,78,80,-1,13,80,89,-1,89,80,81,-1,89,81,90,-1,90,81,82,-1,90,82,91,-1,91,82,83,-1,91,83,92,-1,92,83,84,-1,92,84,93,-1,93,84,85,-1,94,11,95,-1,95,11,13,-1,95,13,96,-1,96,13,89,-1,96,89,97,-1,97,89,90,-1,97,90,98,-1,98,90,91,-1,98,91,99,-1,99,91,92,-1,99,92,100,-1,100,92,93,-1,100,101,99,-1,99,101,102,-1,99,102,98,-1,98,102,103,-1,98,103,97,-1,97,103,104,-1,97,104,96,-1,96,104,105,-1,96,105,95,-1,95,105,106,-1,95,106,94,-1,94,106,107,-1,101,66,102,-1,102,66,68,-1,102,68,103,-1,103,68,70,-1,103,70,104,-1,104,70,72,-1,104,72,105,-1,105,72,74,-1,105,74,106,-1,106,74,76,-1,106,76,107,-1,107,76,108,-1,109,110,111,-1,111,110,77,-1,111,77,112,-1,112,77,75,-1,112,75,113,-1,113,75,73,-1,113,73,114,-1,114,73,71,-1,114,71,115,-1,115,71,69,-1,115,69,116,-1,116,69,67,-1,110,117,77,-1,77,117,118,-1,77,118,76,-1,76,118,119,-1,76,119,108,-1,9,109,10,-1,10,109,111,-1,10,111,120,-1,120,111,112,-1,120,112,121,-1,121,112,113,-1,121,113,122,-1,122,113,114,-1,122,114,123,-1,123,114,115,-1,123,115,124,-1,124,115,116,-1,18,8,19,-1,19,8,10,-1,19,10,20,-1,20,10,120,-1,20,120,27,-1,27,120,121,-1,27,121,16,-1,16,121,122,-1,16,122,32,-1,32,122,123,-1,32,123,35,-1,35,123,124,-1,125,126,127,-1,128,129,130,-1,127,131,125,-1,125,131,132,-1,125,132,133,-1,130,129,134,-1,135,129,132,-1,132,129,136,-1,132,136,133,-1,135,137,129,-1,129,137,138,-1,129,138,139,-1,140,130,141,-1,141,130,142,-1,143,144,145,-1,145,144,139,-1,146,147,144,-1,144,147,148,-1,144,148,139,-1,148,149,139,-1,139,149,150,-1,139,150,129,-1,129,150,151,-1,129,151,152,-1,152,153,129,-1,129,153,154,-1,129,154,134,-1,140,155,130,-1,130,155,156,-1,130,156,128,-1,59,157,158,-1,59,158,58,-1,43,158,44,-1,44,158,24,-1,25,30,15,-1,24,23,44,-1,44,23,22,-1,44,22,21,-1,43,49,158,-1,158,49,48,-1,158,48,46,-1,46,45,158,-1,158,45,50,-1,158,50,52,-1,52,53,158,-1,158,53,55,-1,158,55,58,-1,21,29,44,-1,44,29,28,-1,44,28,26,-1,31,33,14,-1,14,33,15,-1,25,15,26,-1,26,15,33,-1,26,33,34,-1,34,36,26,-1,26,36,37,-1,26,37,44,-1,44,37,39,-1,44,39,41,-1,158,157,159,-1,159,157,160,-1,159,160,125,-1,125,160,126,-1,
        ]
    }
}
Shape{
    appearance Appearance {
        material  Material 	{
            diffuseColor 1.0 0.9490196078431372 0.8980392156862745
            specularColor 0.011764705882352941 0.00784313725490196 0.00784313725490196
            ambientIntensity 0.9585
            transparency 0.0
            shininess 0.5
        }
    }
    geometry IndexedFaceSet {
        ccw TRUE
        solid FALSE
        coord DEF co Coordinate {
            point [
                -2.4717 -1.0242 0.0039, -2.4717 -1.0242 0.0, -2.4626 -1.0664 0.0039, -2.4626 -1.0664 0.0, -2.4759 -1.0027 0.0039, -2.4759 -1.0027 0.0, -2.4776 -0.9959 0.0039, -2.4776 -0.9959 0.0, -2.4767 -0.9997 0.0, -2.478 -0.9949 0.0039, -2.478 -0.9949 0.0, -2.4783 -0.9942 0.0039, -2.4783 -0.9942 0.0, -2.4786 -0.9938 0.0039, -2.4786 -0.9938 0.0, -2.4789 -0.9935 0.0039, -2.4789 -0.9935 0.0, -2.4791 -0.9933 0.0039, -2.4791 -0.9933 0.0, -2.4794 -0.9932 0.0039, -2.4794 -0.9932 0.0, -2.4796 -0.9932 0.0039, -2.4796 -0.9932 0.0, -2.4798 -0.9932 0.0039, -2.4798 -0.9932 0.0, -2.48 -0.9932 0.0039, -2.48 -0.9932 0.0, -2.4802 -0.9934 0.0039, -2.4802 -0.9934 0.0, -2.4804 -0.9936 0.0039, -2.4804 -0.9936 0.0, -2.4805 -0.9938 0.0039, -2.4805 -0.9938 0.0, -2.4807 -0.9946 0.0039, -2.4807 -0.9946 0.0, -2.4812 -0.9981 0.0039, -2.4812 -0.9981 0.0, -2.4814 -0.9997 0.0, -2.4816 -1.0015 0.0039, -2.4816 -1.0015 0.0, -2.483 -1.0134 0.0039, -2.483 -1.0134 0.0, -2.4834 -1.0189 0.0039, -2.4834 -1.0189 0.0, -2.4833 -1.0215 0.0039, -2.4833 -1.0215 0.0, -2.4827 -1.0231 0.0039, -2.4827 -1.0231 0.0, -2.4821 -1.0242 0.0039, -2.4821 -1.0242 0.0, -2.4807 -1.0267 0.0039, -2.4807 -1.0267 0.0, -2.477 -1.0391 0.0039, -2.477 -1.0391 0.0, -2.4739 -1.0517 0.0039, -2.4739 -1.0517 0.0, -2.4454 -1.1839 0.0, -2.4448 -1.1867 0.0039, -2.4448 -1.1867 0.0, -2.4408 -1.1867 0.0039, -2.4408 -1.1867 0.0, -2.4134 -1.0653 0.0039, -2.4134 -1.0653 0.0, -2.4402 -1.1839 0.0, -2.41 -1.0511 0.0039, -2.41 -1.0511 0.0, -2.4085 -1.0444 0.0039, -2.4085 -1.0444 0.0, -2.4066 -1.0378 0.0039, -2.4066 -1.0378 0.0, -2.4046 -1.0324 0.0039, -2.4046 -1.0324 0.0, -2.4028 -1.0274 0.0039, -2.4028 -1.0274 0.0, -2.4016 -1.0256 0.0039, -2.4016 -1.0256 0.0, -2.4007 -1.0245 0.0039, -2.4007 -1.0245 0.0, -2.4004 -1.0241 0.0039, -2.4004 -1.0241 0.0, -2.4002 -1.0238 0.0039, -2.4002 -1.0238 0.0, -2.4002 -1.0235 0.0039, -2.4002 -1.0235 0.0, -2.4002 -1.0224 0.0039, -2.4002 -1.0224 0.0, -2.4006 -1.0158 0.0039, -2.4006 -1.0158 0.0, -2.4006 -1.0157 0.0039, -2.4006 -1.0157 0.0, -2.4017 -1.003 0.0039, -2.4017 -1.003 0.0, -2.4021 -0.9997 0.0, -2.4023 -0.9981 0.0039, -2.4023 -0.9981 0.0, -2.4024 -0.9967 0.0039, -2.4024 -0.9967 0.0, -2.4026 -0.9956 0.0039, -2.4026 -0.9956 0.0, -2.4027 -0.9949 0.0039, -2.4027 -0.9949 0.0, -2.4029 -0.9944 0.0039, -2.4029 -0.9944 0.0, -2.403 -0.9941 0.0039, -2.403 -0.9941 0.0, -2.4031 -0.9939 0.0039, -2.4031 -0.9939 0.0, -2.4033 -0.9937 0.0039, -2.4033 -0.9937 0.0, -2.4035 -0.9936 0.0039, -2.4035 -0.9936 0.0, -2.4037 -0.9936 0.0039, -2.4037 -0.9936 0.0, -2.404 -0.9936 0.0039, -2.404 -0.9936 0.0, -2.4042 -0.9936 0.0039, -2.4042 -0.9936 0.0, -2.4045 -0.9938 0.0039, -2.4045 -0.9938 0.0, -2.4048 -0.994 0.0039, -2.4048 -0.994 0.0, -2.405 -0.9943 0.0039, -2.405 -0.9943 0.0, -2.4052 -0.9948 0.0039, -2.4052 -0.9948 0.0, -2.4054 -0.9956 0.0039, -2.4054 -0.9956 0.0, -2.4074 -1.0069 0.0039, -2.4074 -1.0069 0.0, -2.4062 -0.9997 0.0, -2.4241 -1.0757 0.0039, -2.4241 -1.0757 0.0, -2.4428 -1.1595 0.0039, -2.4612 -1.0763 0.0039, -2.4247 -1.08 0.0039, -2.4323 -1.0873 0.0039, -2.4394 -1.0825 0.0039, -2.4418 -1.0812 0.0039, -2.4501 -1.0786 0.0039, -2.4612 -1.0763 0.0, -2.4428 -1.1595 0.0, -2.4501 -1.0786 0.0, -2.4418 -1.0812 0.0, -2.4394 -1.0825 0.0, -2.4323 -1.0873 0.0, -2.4247 -1.08 0.0, -2.5853 -1.1689 0.0039, -2.5853 -1.1689 0.0, -2.5802 -1.1646 0.0039, -2.5802 -1.1646 0.0, -2.5865 -1.1699 0.0039, -2.5865 -1.1699 0.0, -2.5873 -1.1708 0.0039, -2.5873 -1.1708 0.0, -2.5878 -1.1719 0.0039, -2.5878 -1.1719 0.0, -2.5879 -1.1725 0.0039, -2.5879 -1.1725 0.0, -2.5879 -1.1732 0.0039, -2.5879 -1.1732 0.0, -2.5877 -1.1739 0.0039, -2.5877 -1.1739 0.0, -2.5875 -1.1744 0.0039, -2.5875 -1.1744 0.0, -2.5871 -1.1748 0.0039, -2.5871 -1.1748 0.0, -2.5867 -1.1751 0.0039, -2.5867 -1.1751 0.0, -2.5816 -1.1742 0.0039, -2.5816 -1.1742 0.0, -2.5757 -1.1742 0.0039, -2.5757 -1.1742 0.0, -2.5733 -1.1747 0.0039, -2.5733 -1.1747 0.0, -2.5709 -1.1751 0.0039, -2.5709 -1.1751 0.0, -2.5649 -1.1757 0.0039, -2.5649 -1.1757 0.0, -2.5542 -1.1788 0.0039, -2.5542 -1.1788 0.0, -2.548 -1.18 0.0039, -2.548 -1.18 0.0, -2.5417 -1.1805 0.0039, -2.5417 -1.1805 0.0, -2.5329 -1.1799 0.0039, -2.5329 -1.1799 0.0, -2.5265 -1.1784 0.0039, -2.5265 -1.1784 0.0, -2.5213 -1.1757 0.0039, -2.5213 -1.1757 0.0, -2.5167 -1.1715 0.0039, -2.5167 -1.1715 0.0, -2.5121 -1.165 0.0039, -2.5121 -1.165 0.0, -2.5078 -1.1534 0.0039, -2.5078 -1.1534 0.0, -2.5036 -1.1217 0.0039, -2.5036 -1.1217 0.0, -2.5023 -1.0825 0.0039, -2.5023 -1.0825 0.0, -2.5052 -1.0491 0.0039, -2.5052 -1.0491 0.0, -2.5106 -1.0304 0.0039, -2.5106 -1.0304 0.0, -2.5165 -1.0199 0.0039, -2.5165 -1.0199 0.0, -2.5214 -1.014 0.0039, -2.5214 -1.014 0.0, -2.5269 -1.0099 0.0039, -2.5269 -1.0099 0.0, -2.5322 -1.0078 0.0039, -2.5322 -1.0078 0.0, -2.5527 -1.0046 0.0039, -2.5527 -1.0046 0.0, -2.5652 -1.0032 0.0039, -2.5652 -1.0032 0.0, -2.5698 -1.002 0.0039, -2.5698 -1.002 0.0, -2.5728 -1.0002 0.0039, -2.5728 -1.0002 0.0, -2.5736 -0.9997 0.0, -2.5737 -0.9996 0.0039, -2.5737 -0.9996 0.0, -2.574 -0.9996 0.0039, -2.574 -0.9996 0.0, -2.5747 -0.9996 0.0, -2.5747 -0.9996 0.0039, -2.575 -0.9997 0.0, -2.5753 -0.9998 0.0039, -2.5753 -0.9998 0.0, -2.5771 -1.0012 0.0039, -2.5771 -1.0012 0.0, -2.5812 -1.0049 0.0039, -2.5812 -1.0049 0.0, -2.5825 -1.0064 0.0039, -2.5825 -1.0064 0.0, -2.5859 -1.01 0.0039, -2.5859 -1.01 0.0, -2.5866 -1.0108 0.0039, -2.5866 -1.0108 0.0, -2.5871 -1.0114 0.0039, -2.5871 -1.0114 0.0, -2.5874 -1.0119 0.0039, -2.5874 -1.0119 0.0, -2.5876 -1.0122 0.0039, -2.5876 -1.0122 0.0, -2.5877 -1.0125 0.0039, -2.5877 -1.0125 0.0, -2.5877 -1.0128 0.0039, -2.5877 -1.0128 0.0, -2.5876 -1.0132 0.0039, -2.5876 -1.0132 0.0, -2.5874 -1.0138 0.0039, -2.5874 -1.0138 0.0, -2.5873 -1.014 0.0039, -2.5873 -1.014 0.0, -2.5871 -1.0141 0.0039, -2.5871 -1.0141 0.0, -2.587 -1.0142 0.0039, -2.587 -1.0142 0.0, -2.5867 -1.0143 0.0039, -2.5867 -1.0143 0.0, -2.586 -1.0144 0.0039, -2.586 -1.0144 0.0, -2.585 -1.0143 0.0039, -2.585 -1.0143 0.0, -2.5811 -1.0143 0.0039, -2.5811 -1.0143 0.0, -2.5765 -1.0143 0.0039, -2.5765 -1.0143 0.0, -2.5765 -1.1627 0.0039, -2.5765 -1.1627 0.0, -2.5784 -1.1635 0.0039, -2.5784 -1.1635 0.0, -2.5686 -1.1646 0.0039, -2.5686 -1.0148 0.0039, -2.5323 -1.019 0.0039, -2.5386 -1.0174 0.0039, -2.5474 -1.0163 0.0039, -2.5598 -1.0148 0.0039, -2.5277 -1.021 0.0039, -2.5642 -1.0147 0.0039, -2.5632 -1.1669 0.0039, -2.5512 -1.1697 0.0039, -2.5389 -1.1706 0.0039, -2.5314 -1.1691 0.0039, -2.5109 -1.0657 0.0039, -2.5154 -1.0406 0.0039, -2.521 -1.028 0.0039, -2.5243 -1.0237 0.0039, -2.5259 -1.167 0.0039, -2.5226 -1.1646 0.0039, -2.5192 -1.1605 0.0039, -2.516 -1.1544 0.0039, -2.5136 -1.1459 0.0039, -2.5103 -1.1074 0.0039, -2.5474 -1.0163 0.0, -2.5598 -1.0148 0.0, -2.5386 -1.0174 0.0, -2.5323 -1.019 0.0, -2.5277 -1.021 0.0, -2.5243 -1.0237 0.0, -2.521 -1.028 0.0, -2.5154 -1.0406 0.0, -2.5109 -1.0657 0.0, -2.5103 -1.1074 0.0, -2.5136 -1.1459 0.0, -2.516 -1.1544 0.0, -2.5192 -1.1605 0.0, -2.5226 -1.1646 0.0, -2.5259 -1.167 0.0, -2.5314 -1.1691 0.0, -2.5389 -1.1706 0.0, -2.5512 -1.1697 0.0, -2.5632 -1.1669 0.0, -2.5686 -1.1646 0.0, -2.5686 -1.0148 0.0, -2.5642 -1.0147 0.0, -2.6465 -1.104 0.0039, -2.6465 -1.104 0.0, -2.6703 -1.1009 0.0039, -2.6703 -1.1009 0.0, -2.6367 -1.106 0.0039, -2.6367 -1.106 0.0, -2.6304 -1.1082 0.0039, -2.6304 -1.1082 0.0, -2.6276 -1.11 0.0039, -2.6276 -1.11 0.0, -2.625 -1.1114 0.0039, -2.625 -1.1114 0.0, -2.6168 -1.1032 0.0039, -2.6168 -1.1032 0.0, -2.6162 -1.1024 0.0039, -2.6162 -1.1024 0.0, -2.6158 -1.1018 0.0039, -2.6158 -1.1018 0.0, -2.6156 -1.1012 0.0039, -2.6156 -1.1012 0.0, -2.6155 -1.1007 0.0039, -2.6155 -1.1007 0.0, -2.6156 -1.1003 0.0039, -2.6156 -1.1003 0.0, -2.6157 -1.0998 0.0039, -2.6157 -1.0998 0.0, -2.6161 -1.0992 0.0039, -2.6161 -1.0992 0.0, -2.6165 -1.0989 0.0039, -2.6165 -1.0989 0.0, -2.617 -1.0986 0.0039, -2.617 -1.0986 0.0, -2.6175 -1.0984 0.0039, -2.6175 -1.0984 0.0, -2.6182 -1.0983 0.0039, -2.6182 -1.0983 0.0, -2.6703 -1.091 0.0039, -2.6703 -1.091 0.0, -2.6703 -1.0143 0.0039, -2.6703 -1.0143 0.0, -2.6281 -1.0202 0.0039, -2.6281 -1.0202 0.0, -2.624 -1.0213 0.0039, -2.624 -1.0213 0.0, -2.6202 -1.0231 0.0039, -2.6202 -1.0231 0.0, -2.6177 -1.0245 0.0039, -2.6177 -1.0245 0.0, -2.6097 -1.0157 0.0039, -2.6097 -1.0157 0.0, -2.6089 -1.0145 0.0039, -2.6089 -1.0145 0.0, -2.6086 -1.0138 0.0039, -2.6086 -1.0138 0.0, -2.6086 -1.0134 0.0039, -2.6086 -1.0134 0.0, -2.6086 -1.013 0.0039, -2.6086 -1.013 0.0, -2.6087 -1.0125 0.0039, -2.6087 -1.0125 0.0, -2.609 -1.012 0.0039, -2.609 -1.012 0.0, -2.6092 -1.0117 0.0039, -2.6092 -1.0117 0.0, -2.6094 -1.0115 0.0039, -2.6094 -1.0115 0.0, -2.6097 -1.0114 0.0039, -2.6097 -1.0114 0.0, -2.6098 -1.0113 0.0039, -2.6098 -1.0113 0.0, -2.6105 -1.0112 0.0039, -2.6105 -1.0112 0.0, -2.6114 -1.0111 0.0039, -2.6114 -1.0111 0.0, -2.6157 -1.0109 0.0039, -2.6157 -1.0109 0.0, -2.6371 -1.0083 0.0039, -2.6371 -1.0083 0.0, -2.6584 -1.0049 0.0039, -2.6584 -1.0049 0.0, -2.6714 -1.0027 0.0039, -2.6714 -1.0027 0.0, -2.6746 -1.0015 0.0039, -2.6746 -1.0015 0.0, -2.6766 -1.001 0.0039, -2.6766 -1.001 0.0, -2.678 -1.001 0.0039, -2.678 -1.001 0.0, -2.6788 -1.0011 0.0039, -2.6788 -1.0011 0.0, -2.6794 -1.0014 0.0039, -2.6794 -1.0014 0.0, -2.6802 -1.0019 0.0039, -2.6802 -1.0019 0.0, -2.6807 -1.0027 0.0039, -2.6807 -1.0027 0.0, -2.681 -1.0033 0.0039, -2.681 -1.0033 0.0, -2.6812 -1.0044 0.0039, -2.6812 -1.0044 0.0, -2.6812 -1.006 0.0039, -2.6812 -1.006 0.0, -2.6811 -1.0066 0.0039, -2.6811 -1.0066 0.0, -2.6793 -1.0138 0.0039, -2.6793 -1.0138 0.0, -2.6785 -1.0211 0.0039, -2.6785 -1.0211 0.0, -2.6785 -1.0265 0.0039, -2.6785 -1.0265 0.0, -2.6784 -1.03 0.0039, -2.6784 -1.03 0.0, -2.6782 -1.0335 0.0039, -2.6782 -1.0335 0.0, -2.6785 -1.1632 0.0039, -2.6785 -1.1632 0.0, -2.6817 -1.167 0.0039, -2.6817 -1.167 0.0, -2.6837 -1.1693 0.0039, -2.6837 -1.1693 0.0, -2.6848 -1.171 0.0039, -2.6848 -1.171 0.0, -2.6852 -1.1719 0.0039, -2.6852 -1.1719 0.0, -2.6855 -1.1733 0.0039, -2.6855 -1.1733 0.0, -2.6855 -1.1742 0.0039, -2.6855 -1.1742 0.0, -2.6855 -1.1748 0.0039, -2.6855 -1.1748 0.0, -2.6855 -1.175 0.0039, -2.6855 -1.175 0.0, -2.6854 -1.1753 0.0039, -2.6854 -1.1753 0.0, -2.6853 -1.1754 0.0039, -2.6853 -1.1754 0.0, -2.6852 -1.1755 0.0039, -2.6852 -1.1755 0.0, -2.685 -1.1756 0.0039, -2.685 -1.1756 0.0, -2.6846 -1.1757 0.0039, -2.6846 -1.1757 0.0, -2.6839 -1.1757 0.0039, -2.6839 -1.1757 0.0, -2.6831 -1.1757 0.0039, -2.6831 -1.1757 0.0, -2.6777 -1.1748 0.0039, -2.6777 -1.1748 0.0, -2.6729 -1.1742 0.0039, -2.6729 -1.1742 0.0, -2.6681 -1.1742 0.0039, -2.6681 -1.1742 0.0, -2.6672 -1.1742 0.0039, -2.6672 -1.1742 0.0, -2.6617 -1.1744 0.0039, -2.6617 -1.1744 0.0, -2.6562 -1.1751 0.0039, -2.6562 -1.1751 0.0, -2.6451 -1.1771 0.0039, -2.6451 -1.1771 0.0, -2.6354 -1.179 0.0039, -2.6354 -1.179 0.0, -2.6277 -1.1818 0.0039, -2.6277 -1.1818 0.0, -2.6261 -1.1827 0.0039, -2.6261 -1.1827 0.0, -2.6244 -1.1839 0.0, -2.6236 -1.1844 0.0039, -2.6236 -1.1844 0.0, -2.6231 -1.1839 0.0, -2.6154 -1.1759 0.0039, -2.6154 -1.1759 0.0, -2.6149 -1.175 0.0039, -2.6149 -1.175 0.0, -2.6145 -1.1743 0.0039, -2.6145 -1.1743 0.0, -2.6143 -1.1738 0.0039, -2.6143 -1.1738 0.0, -2.6143 -1.1734 0.0039, -2.6143 -1.1734 0.0, -2.6143 -1.173 0.0039, -2.6143 -1.173 0.0, -2.6144 -1.1726 0.0039, -2.6144 -1.1726 0.0, -2.6147 -1.1723 0.0039, -2.6147 -1.1723 0.0, -2.6151 -1.1719 0.0039, -2.6151 -1.1719 0.0, -2.6156 -1.1716 0.0039, -2.6156 -1.1716 0.0, -2.6161 -1.1715 0.0039, -2.6161 -1.1715 0.0, -2.6168 -1.1714 0.0039, -2.6168 -1.1714 0.0, -2.6213 -1.1708 0.0039, -2.6213 -1.1708 0.0, -2.628 -1.1699 0.0039, -2.628 -1.1699 0.0, -2.6347 -1.1692 0.0039, -2.6347 -1.1692 0.0, -2.6703 -1.1632 0.0039, -2.6703 -1.1632 0.0, -2.7134 -1.1802 0.0039, -2.7134 -1.1802 0.0, -2.7177 -1.1802 0.0039, -2.7177 -1.1802 0.0, -2.7134 -1.1046 0.0039, -2.7134 -1.1046 0.0, -2.7188 -1.1046 0.0039, -2.7188 -1.1046 0.0, -2.7212 -1.1445 0.0039, -2.7212 -1.1445 0.0, -2.7247 -1.1573 0.0039, -2.7247 -1.1573 0.0, -2.7282 -1.1643 0.0039, -2.7282 -1.1643 0.0, -2.7317 -1.1684 0.0039, -2.7317 -1.1684 0.0, -2.7354 -1.1713 0.0039, -2.7354 -1.1713 0.0, -2.7394 -1.173 0.0039, -2.7394 -1.173 0.0, -2.7437 -1.174 0.0039, -2.7437 -1.174 0.0, -2.7496 -1.1736 0.0039, -2.7496 -1.1736 0.0, -2.7547 -1.1719 0.0039, -2.7547 -1.1719 0.0, -2.7595 -1.1689 0.0039, -2.7595 -1.1689 0.0, -2.764 -1.1645 0.0039, -2.764 -1.1645 0.0, -2.7689 -1.1568 0.0039, -2.7689 -1.1568 0.0, -2.7755 -1.1378 0.0039, -2.7755 -1.1378 0.0, -2.7781 -1.123 0.0039, -2.7781 -1.123 0.0, -2.7791 -1.078 0.0039, -2.7791 -1.078 0.0, -2.7721 -1.0375 0.0039, -2.7721 -1.0375 0.0, -2.7678 -1.026 0.0039, -2.7678 -1.026 0.0, -2.7614 -1.0169 0.0039, -2.7614 -1.0169 0.0, -2.7573 -1.0131 0.0039, -2.7573 -1.0131 0.0, -2.7537 -1.011 0.0039, -2.7537 -1.011 0.0, -2.7499 -1.0098 0.0039, -2.7499 -1.0098 0.0, -2.746 -1.0095 0.0039, -2.746 -1.0095 0.0, -2.7396 -1.0099 0.0039, -2.7396 -1.0099 0.0, -2.7334 -1.0123 0.0039, -2.7334 -1.0123 0.0, -2.7283 -1.0158 0.0039, -2.7283 -1.0158 0.0, -2.7241 -1.0206 0.0039, -2.7241 -1.0206 0.0, -2.7205 -1.028 0.0039, -2.7205 -1.028 0.0, -2.7164 -1.0467 0.0039, -2.7164 -1.0467 0.0, -2.7152 -1.0551 0.0039, -2.7152 -1.0551 0.0, -2.7137 -1.07 0.0039, -2.7137 -1.07 0.0, -2.7092 -1.0698 0.0039, -2.7092 -1.0698 0.0, -2.7113 -1.036 0.0039, -2.7113 -1.036 0.0, -2.7146 -1.0233 0.0039, -2.7146 -1.0233 0.0, -2.7194 -1.0135 0.0039, -2.7194 -1.0135 0.0, -2.7231 -1.0088 0.0039, -2.7231 -1.0088 0.0, -2.7285 -1.0044 0.0039, -2.7285 -1.0044 0.0, -2.7354 -1.0013 0.0039, -2.7354 -1.0013 0.0, -2.742 -1.0001 0.0039, -2.742 -1.0001 0.0, -2.7493 -1.0004 0.0039, -2.7493 -1.0004 0.0, -2.7568 -1.0027 0.0039, -2.7568 -1.0027 0.0, -2.7633 -1.0065 0.0039, -2.7633 -1.0065 0.0, -2.7681 -1.0113 0.0039, -2.7681 -1.0113 0.0, -2.7745 -1.0219 0.0039, -2.7745 -1.0219 0.0, -2.7824 -1.0456 0.0039, -2.7824 -1.0456 0.0, -2.7855 -1.0648 0.0039, -2.7855 -1.0648 0.0, -2.7856 -1.1219 0.0039, -2.7856 -1.1219 0.0, -2.7788 -1.1526 0.0039, -2.7788 -1.1526 0.0, -2.7728 -1.1661 0.0039, -2.7728 -1.1661 0.0, -2.767 -1.1736 0.0039, -2.767 -1.1736 0.0, -2.7582 -1.1804 0.0039, -2.7582 -1.1804 0.0, -2.754 -1.1824 0.0039, -2.754 -1.1824 0.0, -2.75 -1.1832 0.0039, -2.75 -1.1832 0.0, -2.746 -1.1833 0.0039, -2.746 -1.1833 0.0, -2.7377 -1.1811 0.0039, -2.7377 -1.1811 0.0, -2.7311 -1.1775 0.0039, -2.7311 -1.1775 0.0, -2.7255 -1.1724 0.0039, -2.7255 -1.1724 0.0, -2.7222 -1.168 0.0039, -2.7222 -1.168 0.0, -2.7197 -1.1635 0.0039, -2.7197 -1.1635 0.0, -2.8578 -1.1751 0.0039, -2.8578 -1.1751 0.0, -2.8703 -1.1907 0.0039, -2.8648 -1.1839 0.0, -2.8703 -1.1907 0.0, -2.8607 -1.1689 0.0039, -2.8607 -1.1689 0.0, -2.862 -1.1609 0.0039, -2.862 -1.1609 0.0, -2.862 -1.1572 0.0039, -2.862 -1.1572 0.0, -2.862 -1.0129 0.0039, -2.862 -1.0129 0.0, -2.8403 -1.0147 0.0039, -2.8403 -1.0147 0.0, -2.8299 -1.0163 0.0039, -2.8299 -1.0163 0.0, -2.8264 -1.0171 0.0039, -2.8264 -1.0171 0.0, -2.8243 -1.0181 0.0039, -2.8243 -1.0181 0.0, -2.8217 -1.0203 0.0039, -2.8217 -1.0203 0.0, -2.8208 -1.0209 0.0039, -2.8208 -1.0209 0.0, -2.8199 -1.0213 0.0039, -2.8199 -1.0213 0.0, -2.8133 -1.0155 0.0039, -2.8133 -1.0155 0.0, -2.8102 -1.0127 0.0039, -2.8102 -1.0127 0.0, -2.8091 -1.0115 0.0039, -2.8091 -1.0115 0.0, -2.8086 -1.0106 0.0039, -2.8086 -1.0106 0.0, -2.8084 -1.0097 0.0039, -2.8084 -1.0097 0.0, -2.8083 -1.0086 0.0039, -2.8083 -1.0086 0.0, -2.8086 -1.008 0.0039, -2.8086 -1.008 0.0, -2.8088 -1.0077 0.0039, -2.8088 -1.0077 0.0, -2.8092 -1.0075 0.0039, -2.8092 -1.0075 0.0, -2.8099 -1.0072 0.0039, -2.8099 -1.0072 0.0, -2.811 -1.0071 0.0039, -2.811 -1.0071 0.0, -2.8159 -1.007 0.0039, -2.8159 -1.007 0.0, -2.8231 -1.0059 0.0039, -2.8231 -1.0059 0.0, -2.8418 -1.004 0.0039, -2.8418 -1.004 0.0, -2.8479 -1.0035 0.0039, -2.8479 -1.0035 0.0, -2.8598 -1.0024 0.0039, -2.8598 -1.0024 0.0, -2.8663 -1.0018 0.0039, -2.8663 -1.0018 0.0, -2.8678 -1.0014 0.0039, -2.8678 -1.0014 0.0, -2.8686 -1.0013 0.0039, -2.8686 -1.0013 0.0, -2.8691 -1.0014 0.0039, -2.8691 -1.0014 0.0, -2.8696 -1.0016 0.0039, -2.8696 -1.0016 0.0, -2.8699 -1.0018 0.0039, -2.8699 -1.0018 0.0, -2.8703 -1.0023 0.0039, -2.8703 -1.0023 0.0, -2.8707 -1.0031 0.0039, -2.8707 -1.0031 0.0, -2.8709 -1.0038 0.0039, -2.8709 -1.0038 0.0, -2.8709 -1.0054 0.0039, -2.8709 -1.0054 0.0, -2.8701 -1.0123 0.0039, -2.8701 -1.0123 0.0, -2.87 -1.014 0.0039, -2.87 -1.014 0.0, -2.8694 -1.0307 0.0039, -2.8694 -1.0307 0.0, -2.8694 -1.1581 0.0039, -2.8694 -1.1581 0.0, -2.8696 -1.1719 0.0, -2.8696 -1.1719 0.0039, -2.8714 -1.1839 0.0, -2.8717 -1.1856 0.0039, -2.8717 -1.1856 0.0, -2.8722 -1.1884 0.0039, -2.8722 -1.1884 0.0
            ]
        }
        coordIndex [
            0,1,2,-1,2,1,3,-1,4,5,0,-1,0,5,1,-1,6,7,4,-1,4,7,8,-1,4,8,5,-1,7,6,9,-1,7,9,10,-1,10,9,11,-1,10,11,12,-1,12,11,13,-1,12,13,14,-1,14,13,15,-1,14,15,16,-1,16,15,17,-1,16,17,18,-1,18,17,19,-1,18,19,20,-1,20,19,21,-1,20,21,22,-1,22,21,23,-1,22,23,24,-1,24,23,25,-1,24,25,26,-1,26,25,27,-1,26,27,28,-1,28,27,29,-1,28,29,30,-1,30,29,31,-1,30,31,32,-1,32,31,33,-1,32,33,34,-1,34,33,35,-1,34,35,36,-1,36,35,37,-1,37,35,38,-1,37,38,39,-1,40,41,38,-1,38,41,39,-1,41,40,42,-1,41,42,43,-1,43,42,44,-1,43,44,45,-1,45,44,46,-1,45,46,47,-1,47,46,48,-1,47,48,49,-1,50,51,48,-1,48,51,49,-1,51,50,52,-1,51,52,53,-1,53,52,54,-1,53,54,55,-1,55,54,56,-1,56,54,57,-1,56,57,58,-1,59,60,57,-1,57,60,58,-1,61,62,59,-1,59,62,63,-1,59,63,60,-1,64,65,61,-1,61,65,62,-1,65,64,66,-1,65,66,67,-1,67,66,68,-1,67,68,69,-1,70,71,68,-1,68,71,69,-1,71,70,72,-1,71,72,73,-1,73,72,74,-1,73,74,75,-1,75,74,76,-1,75,76,77,-1,77,76,78,-1,77,78,79,-1,79,78,80,-1,79,80,81,-1,81,80,82,-1,81,82,83,-1,83,82,84,-1,83,84,85,-1,85,84,86,-1,85,86,87,-1,87,86,88,-1,87,88,89,-1,90,91,88,-1,88,91,89,-1,91,90,92,-1,92,90,93,-1,92,93,94,-1,94,93,95,-1,94,95,96,-1,96,95,97,-1,96,97,98,-1,98,97,99,-1,98,99,100,-1,100,99,101,-1,100,101,102,-1,102,101,103,-1,102,103,104,-1,104,103,105,-1,104,105,106,-1,106,105,107,-1,106,107,108,-1,108,107,109,-1,108,109,110,-1,110,109,111,-1,110,111,112,-1,112,111,113,-1,112,113,114,-1,114,113,115,-1,114,115,116,-1,116,115,117,-1,116,117,118,-1,118,117,119,-1,118,119,120,-1,120,119,121,-1,120,121,122,-1,122,121,123,-1,122,123,124,-1,124,123,125,-1,124,125,126,-1,127,128,125,-1,125,128,129,-1,125,129,126,-1,130,131,127,-1,127,131,128,-1,130,2,131,-1,131,2,3,-1,132,57,133,-1,133,57,54,-1,6,4,35,-1,130,134,135,-1,74,72,127,-1,127,72,70,-1,135,136,130,-1,130,136,137,-1,130,137,2,-1,2,137,138,-1,52,0,54,-1,54,0,2,-1,54,2,133,-1,133,2,138,-1,70,68,127,-1,127,68,66,-1,127,66,130,-1,130,66,64,-1,130,64,134,-1,134,64,61,-1,134,61,132,-1,132,61,59,-1,132,59,57,-1,0,40,4,-1,4,40,38,-1,4,38,35,-1,97,95,125,-1,125,95,93,-1,125,93,127,-1,127,93,90,-1,90,88,127,-1,127,88,86,-1,127,86,74,-1,74,86,84,-1,74,84,76,-1,52,50,0,-1,0,50,48,-1,0,48,46,-1,33,11,35,-1,35,11,9,-1,35,9,6,-1,46,44,0,-1,0,44,42,-1,0,42,40,-1,82,80,84,-1,84,80,78,-1,84,78,76,-1,121,103,123,-1,123,103,101,-1,123,101,125,-1,125,101,99,-1,125,99,97,-1,121,119,103,-1,103,119,117,-1,103,117,105,-1,31,15,33,-1,33,15,13,-1,33,13,11,-1,31,29,15,-1,15,29,27,-1,15,27,25,-1,19,17,21,-1,21,17,15,-1,21,15,23,-1,23,15,25,-1,113,111,115,-1,115,111,109,-1,115,109,117,-1,117,109,107,-1,117,107,105,-1,133,139,132,-1,132,139,140,-1,139,133,138,-1,139,138,141,-1,141,138,137,-1,141,137,142,-1,142,137,136,-1,142,136,143,-1,135,144,136,-1,136,144,143,-1,134,145,135,-1,135,145,144,-1,140,145,132,-1,132,145,134,-1,146,147,148,-1,148,147,149,-1,147,146,150,-1,147,150,151,-1,151,150,152,-1,151,152,153,-1,153,152,154,-1,153,154,155,-1,155,154,156,-1,155,156,157,-1,157,156,158,-1,157,158,159,-1,159,158,160,-1,159,160,161,-1,161,160,162,-1,161,162,163,-1,163,162,164,-1,163,164,165,-1,165,164,166,-1,165,166,167,-1,168,169,166,-1,166,169,167,-1,170,171,168,-1,168,171,169,-1,171,170,172,-1,171,172,173,-1,173,172,174,-1,173,174,175,-1,176,177,174,-1,174,177,175,-1,178,179,176,-1,176,179,177,-1,179,178,180,-1,179,180,181,-1,181,180,182,-1,181,182,183,-1,183,182,184,-1,183,184,185,-1,185,184,186,-1,185,186,187,-1,187,186,188,-1,187,188,189,-1,189,188,190,-1,189,190,191,-1,191,190,192,-1,191,192,193,-1,193,192,194,-1,193,194,195,-1,195,194,196,-1,195,196,197,-1,197,196,198,-1,197,198,199,-1,199,198,200,-1,199,200,201,-1,201,200,202,-1,201,202,203,-1,203,202,204,-1,203,204,205,-1,205,204,206,-1,205,206,207,-1,207,206,208,-1,207,208,209,-1,209,208,210,-1,209,210,211,-1,211,210,212,-1,211,212,213,-1,214,215,212,-1,212,215,213,-1,215,214,216,-1,215,216,217,-1,217,216,218,-1,217,218,219,-1,219,218,220,-1,220,218,221,-1,220,221,222,-1,222,221,223,-1,222,223,224,-1,225,224,226,-1,226,224,223,-1,225,226,227,-1,227,226,228,-1,227,228,229,-1,229,228,230,-1,229,230,231,-1,231,230,232,-1,231,232,233,-1,233,232,234,-1,233,234,235,-1,236,237,234,-1,234,237,235,-1,237,236,238,-1,237,238,239,-1,239,238,240,-1,239,240,241,-1,241,240,242,-1,241,242,243,-1,243,242,244,-1,243,244,245,-1,245,244,246,-1,245,246,247,-1,247,246,248,-1,247,248,249,-1,249,248,250,-1,249,250,251,-1,251,250,252,-1,251,252,253,-1,253,252,254,-1,253,254,255,-1,255,254,256,-1,255,256,257,-1,257,256,258,-1,257,258,259,-1,259,258,260,-1,259,260,261,-1,261,260,262,-1,261,262,263,-1,263,262,264,-1,263,264,265,-1,266,267,264,-1,264,267,265,-1,268,269,266,-1,266,269,267,-1,270,271,268,-1,268,271,269,-1,271,270,272,-1,271,272,273,-1,273,272,148,-1,273,148,149,-1,242,240,264,-1,170,168,274,-1,168,166,146,-1,146,166,164,-1,146,164,150,-1,146,148,168,-1,168,148,272,-1,168,272,274,-1,274,272,270,-1,274,270,275,-1,276,277,232,-1,232,277,278,-1,232,278,279,-1,240,238,264,-1,264,238,236,-1,264,236,266,-1,266,236,234,-1,266,234,268,-1,268,234,232,-1,232,230,276,-1,276,230,216,-1,276,216,280,-1,270,268,275,-1,275,268,232,-1,275,232,281,-1,281,232,279,-1,282,283,178,-1,178,283,180,-1,180,283,284,-1,180,284,182,-1,258,256,254,-1,178,176,282,-1,282,176,174,-1,282,174,274,-1,274,174,172,-1,274,172,170,-1,182,284,184,-1,184,284,285,-1,184,285,186,-1,264,250,248,-1,162,154,164,-1,164,154,152,-1,164,152,150,-1,162,160,154,-1,154,160,158,-1,154,158,156,-1,286,287,202,-1,250,264,252,-1,252,264,262,-1,252,262,254,-1,254,262,260,-1,254,260,258,-1,248,246,264,-1,264,246,244,-1,264,244,242,-1,226,223,228,-1,228,223,221,-1,228,221,230,-1,230,221,218,-1,230,218,216,-1,202,287,204,-1,216,214,280,-1,280,214,212,-1,280,212,210,-1,287,288,204,-1,204,288,289,-1,204,289,206,-1,206,289,280,-1,206,280,208,-1,208,280,210,-1,186,285,188,-1,188,285,290,-1,188,290,190,-1,190,290,291,-1,190,291,192,-1,192,291,292,-1,192,292,194,-1,292,293,194,-1,194,293,294,-1,194,294,196,-1,196,294,295,-1,196,295,198,-1,198,295,286,-1,198,286,200,-1,200,286,202,-1,278,296,279,-1,279,296,297,-1,296,278,277,-1,296,277,298,-1,298,277,276,-1,298,276,299,-1,299,276,280,-1,299,280,300,-1,300,280,289,-1,300,289,301,-1,301,289,288,-1,301,288,302,-1,302,288,287,-1,302,287,303,-1,303,287,286,-1,303,286,304,-1,304,286,295,-1,304,295,305,-1,305,295,294,-1,305,294,306,-1,306,294,293,-1,306,293,307,-1,307,293,292,-1,307,292,308,-1,308,292,291,-1,308,291,309,-1,309,291,290,-1,309,290,310,-1,310,290,285,-1,310,285,311,-1,311,285,284,-1,311,284,312,-1,312,284,283,-1,312,283,313,-1,313,283,282,-1,313,282,314,-1,274,315,282,-1,282,315,314,-1,275,316,274,-1,274,316,315,-1,316,275,281,-1,316,281,317,-1,317,281,279,-1,317,279,297,-1,318,319,320,-1,320,319,321,-1,319,318,322,-1,319,322,323,-1,323,322,324,-1,323,324,325,-1,325,324,326,-1,325,326,327,-1,328,329,326,-1,326,329,327,-1,330,331,328,-1,328,331,329,-1,331,330,332,-1,331,332,333,-1,333,332,334,-1,333,334,335,-1,335,334,336,-1,335,336,337,-1,337,336,338,-1,337,338,339,-1,339,338,340,-1,339,340,341,-1,341,340,342,-1,341,342,343,-1,343,342,344,-1,343,344,345,-1,345,344,346,-1,345,346,347,-1,347,346,348,-1,347,348,349,-1,349,348,350,-1,349,350,351,-1,351,350,352,-1,351,352,353,-1,354,355,352,-1,352,355,353,-1,356,357,354,-1,354,357,355,-1,358,359,356,-1,356,359,357,-1,359,358,360,-1,359,360,361,-1,361,360,362,-1,361,362,363,-1,364,365,362,-1,362,365,363,-1,366,367,364,-1,364,367,365,-1,367,366,368,-1,367,368,369,-1,369,368,370,-1,369,370,371,-1,371,370,372,-1,371,372,373,-1,373,372,374,-1,373,374,375,-1,375,374,376,-1,375,376,377,-1,377,376,378,-1,377,378,379,-1,379,378,380,-1,379,380,381,-1,381,380,382,-1,381,382,383,-1,383,382,384,-1,383,384,385,-1,385,384,386,-1,385,386,387,-1,387,386,388,-1,387,388,389,-1,389,388,390,-1,389,390,391,-1,392,393,390,-1,390,393,391,-1,393,392,394,-1,393,394,395,-1,395,394,396,-1,395,396,397,-1,398,399,396,-1,396,399,397,-1,399,398,400,-1,399,400,401,-1,401,400,402,-1,401,402,403,-1,403,402,404,-1,403,404,405,-1,405,404,406,-1,405,406,407,-1,407,406,408,-1,407,408,409,-1,409,408,410,-1,409,410,411,-1,411,410,412,-1,411,412,413,-1,413,412,414,-1,413,414,415,-1,415,414,416,-1,415,416,417,-1,417,416,418,-1,417,418,419,-1,419,418,420,-1,419,420,421,-1,421,420,422,-1,421,422,423,-1,423,422,424,-1,423,424,425,-1,426,427,424,-1,424,427,425,-1,427,426,428,-1,427,428,429,-1,429,428,430,-1,429,430,431,-1,432,433,430,-1,430,433,431,-1,433,432,434,-1,433,434,435,-1,435,434,436,-1,435,436,437,-1,437,436,438,-1,437,438,439,-1,439,438,440,-1,439,440,441,-1,441,440,442,-1,441,442,443,-1,443,442,444,-1,443,444,445,-1,445,444,446,-1,445,446,447,-1,447,446,448,-1,447,448,449,-1,449,448,450,-1,449,450,451,-1,451,450,452,-1,451,452,453,-1,453,452,454,-1,453,454,455,-1,455,454,456,-1,455,456,457,-1,457,456,458,-1,457,458,459,-1,459,458,460,-1,459,460,461,-1,461,460,462,-1,461,462,463,-1,464,465,462,-1,462,465,463,-1,465,464,466,-1,465,466,467,-1,467,466,468,-1,467,468,469,-1,470,471,468,-1,468,471,469,-1,471,470,472,-1,471,472,473,-1,473,472,474,-1,473,474,475,-1,476,477,474,-1,474,477,475,-1,477,476,478,-1,477,478,479,-1,479,478,480,-1,479,480,481,-1,481,480,482,-1,481,482,483,-1,483,482,484,-1,484,482,485,-1,484,485,486,-1,486,485,487,-1,487,485,488,-1,487,488,489,-1,489,488,490,-1,489,490,491,-1,491,490,492,-1,491,492,493,-1,493,492,494,-1,493,494,495,-1,495,494,496,-1,495,496,497,-1,497,496,498,-1,497,498,499,-1,499,498,500,-1,499,500,501,-1,501,500,502,-1,501,502,503,-1,503,502,504,-1,503,504,505,-1,505,504,506,-1,505,506,507,-1,507,506,508,-1,507,508,509,-1,509,508,510,-1,509,510,511,-1,512,513,510,-1,510,513,511,-1,513,512,514,-1,513,514,515,-1,515,514,516,-1,515,516,517,-1,518,519,516,-1,516,519,517,-1,518,320,519,-1,519,320,321,-1,402,400,356,-1,362,360,392,-1,392,360,358,-1,326,324,352,-1,400,398,356,-1,356,398,396,-1,356,396,358,-1,358,396,394,-1,358,394,392,-1,430,428,356,-1,428,426,356,-1,356,426,424,-1,356,424,422,-1,422,420,356,-1,356,420,418,-1,356,418,416,-1,320,354,318,-1,318,354,352,-1,318,352,322,-1,322,352,324,-1,362,392,364,-1,364,392,390,-1,364,390,366,-1,366,390,388,-1,366,388,386,-1,356,410,408,-1,436,434,518,-1,518,434,432,-1,518,432,320,-1,320,432,430,-1,320,430,354,-1,354,430,356,-1,416,414,356,-1,356,414,412,-1,356,412,410,-1,336,334,350,-1,350,334,352,-1,328,326,330,-1,330,326,352,-1,330,352,332,-1,332,352,334,-1,448,446,518,-1,518,446,444,-1,518,444,442,-1,386,384,366,-1,366,384,382,-1,366,382,380,-1,408,406,356,-1,356,406,404,-1,356,404,402,-1,496,494,508,-1,508,494,492,-1,508,492,510,-1,510,492,490,-1,510,490,488,-1,472,470,518,-1,518,470,468,-1,518,468,466,-1,466,464,518,-1,518,464,462,-1,518,462,460,-1,370,376,372,-1,372,376,374,-1,380,378,366,-1,366,378,376,-1,366,376,368,-1,368,376,370,-1,454,452,518,-1,518,452,450,-1,518,450,448,-1,442,440,518,-1,518,440,438,-1,518,438,436,-1,488,485,510,-1,510,485,482,-1,510,482,512,-1,512,482,480,-1,512,480,514,-1,514,480,478,-1,514,478,516,-1,516,478,476,-1,516,476,518,-1,518,476,474,-1,518,474,472,-1,460,458,518,-1,518,458,456,-1,518,456,454,-1,342,340,350,-1,350,340,338,-1,350,338,336,-1,502,508,504,-1,504,508,506,-1,502,500,508,-1,508,500,498,-1,508,498,496,-1,348,346,350,-1,350,346,344,-1,350,344,342,-1,520,521,522,-1,522,521,523,-1,524,525,520,-1,520,525,521,-1,526,527,524,-1,524,527,525,-1,527,526,528,-1,527,528,529,-1,529,528,530,-1,529,530,531,-1,531,530,532,-1,531,532,533,-1,533,532,534,-1,533,534,535,-1,535,534,536,-1,535,536,537,-1,537,536,538,-1,537,538,539,-1,539,538,540,-1,539,540,541,-1,541,540,542,-1,541,542,543,-1,543,542,544,-1,543,544,545,-1,545,544,546,-1,545,546,547,-1,547,546,548,-1,547,548,549,-1,549,548,550,-1,549,550,551,-1,551,550,552,-1,551,552,553,-1,553,552,554,-1,553,554,555,-1,555,554,556,-1,555,556,557,-1,557,556,558,-1,557,558,559,-1,559,558,560,-1,559,560,561,-1,561,560,562,-1,561,562,563,-1,563,562,564,-1,563,564,565,-1,565,564,566,-1,565,566,567,-1,567,566,568,-1,567,568,569,-1,569,568,570,-1,569,570,571,-1,571,570,572,-1,571,572,573,-1,573,572,574,-1,573,574,575,-1,575,574,576,-1,575,576,577,-1,577,576,578,-1,577,578,579,-1,579,578,580,-1,579,580,581,-1,581,580,582,-1,581,582,583,-1,583,582,584,-1,583,584,585,-1,586,587,584,-1,584,587,585,-1,588,589,586,-1,586,589,587,-1,589,588,590,-1,589,590,591,-1,591,590,592,-1,591,592,593,-1,593,592,594,-1,593,594,595,-1,595,594,596,-1,595,596,597,-1,597,596,598,-1,597,598,599,-1,599,598,600,-1,599,600,601,-1,601,600,602,-1,601,602,603,-1,603,602,604,-1,603,604,605,-1,605,604,606,-1,605,606,607,-1,607,606,608,-1,607,608,609,-1,609,608,610,-1,609,610,611,-1,611,610,612,-1,611,612,613,-1,613,612,614,-1,613,614,615,-1,615,614,616,-1,615,616,617,-1,617,616,618,-1,617,618,619,-1,619,618,620,-1,619,620,621,-1,621,620,622,-1,621,622,623,-1,623,622,624,-1,623,624,625,-1,625,624,626,-1,625,626,627,-1,627,626,628,-1,627,628,629,-1,629,628,630,-1,629,630,631,-1,631,630,632,-1,631,632,633,-1,633,632,634,-1,633,634,635,-1,635,634,636,-1,635,636,637,-1,637,636,638,-1,637,638,639,-1,639,638,640,-1,639,640,641,-1,642,643,640,-1,640,643,641,-1,642,522,643,-1,643,522,523,-1,524,520,642,-1,642,520,522,-1,640,536,642,-1,642,536,534,-1,642,534,532,-1,526,524,528,-1,528,524,642,-1,528,642,530,-1,530,642,532,-1,640,638,536,-1,536,638,636,-1,536,636,538,-1,538,636,634,-1,538,634,540,-1,540,634,632,-1,540,632,542,-1,632,630,542,-1,542,630,628,-1,542,628,544,-1,544,628,626,-1,544,626,546,-1,546,626,624,-1,546,624,548,-1,548,624,622,-1,548,622,550,-1,550,622,552,-1,552,622,620,-1,552,620,554,-1,554,620,618,-1,554,618,556,-1,556,618,616,-1,556,616,558,-1,558,616,614,-1,558,614,560,-1,560,614,612,-1,560,612,562,-1,562,612,610,-1,562,610,564,-1,564,610,608,-1,564,608,566,-1,566,608,606,-1,566,606,568,-1,568,606,604,-1,568,604,570,-1,570,604,602,-1,570,602,572,-1,572,602,600,-1,572,600,574,-1,574,600,598,-1,574,598,576,-1,576,598,596,-1,576,596,578,-1,578,596,594,-1,578,594,580,-1,580,594,592,-1,580,592,582,-1,582,592,590,-1,582,590,584,-1,584,590,588,-1,584,588,586,-1,644,645,646,-1,646,645,647,-1,646,647,648,-1,645,644,649,-1,645,649,650,-1,650,649,651,-1,650,651,652,-1,652,651,653,-1,652,653,654,-1,655,656,653,-1,653,656,654,-1,656,655,657,-1,656,657,658,-1,658,657,659,-1,658,659,660,-1,660,659,661,-1,660,661,662,-1,662,661,663,-1,662,663,664,-1,664,663,665,-1,664,665,666,-1,666,665,667,-1,666,667,668,-1,668,667,669,-1,668,669,670,-1,670,669,671,-1,670,671,672,-1,672,671,673,-1,672,673,674,-1,674,673,675,-1,674,675,676,-1,676,675,677,-1,676,677,678,-1,678,677,679,-1,678,679,680,-1,680,679,681,-1,680,681,682,-1,682,681,683,-1,682,683,684,-1,684,683,685,-1,684,685,686,-1,686,685,687,-1,686,687,688,-1,688,687,689,-1,688,689,690,-1,690,689,691,-1,690,691,692,-1,692,691,693,-1,692,693,694,-1,694,693,695,-1,694,695,696,-1,696,695,697,-1,696,697,698,-1,698,697,699,-1,698,699,700,-1,701,702,699,-1,699,702,700,-1,703,704,701,-1,701,704,702,-1,704,703,705,-1,704,705,706,-1,706,705,707,-1,706,707,708,-1,708,707,709,-1,708,709,710,-1,710,709,711,-1,710,711,712,-1,712,711,713,-1,712,713,714,-1,714,713,715,-1,714,715,716,-1,716,715,717,-1,716,717,718,-1,718,717,719,-1,718,719,720,-1,720,719,721,-1,720,721,722,-1,722,721,723,-1,722,723,724,-1,724,723,725,-1,724,725,726,-1,727,728,725,-1,725,728,726,-1,729,730,727,-1,727,730,728,-1,731,730,732,-1,732,730,729,-1,731,732,733,-1,733,732,734,-1,733,734,735,-1,736,737,734,-1,734,737,735,-1,736,646,737,-1,737,646,648,-1,667,665,693,-1,693,665,663,-1,693,663,695,-1,669,667,671,-1,671,667,693,-1,671,693,673,-1,673,693,691,-1,673,691,675,-1,729,727,655,-1,655,727,725,-1,655,725,723,-1,663,661,695,-1,695,661,659,-1,695,659,697,-1,697,659,657,-1,646,736,644,-1,644,736,734,-1,644,734,649,-1,649,734,732,-1,649,732,651,-1,651,732,729,-1,651,729,653,-1,653,729,655,-1,723,721,655,-1,655,721,719,-1,655,719,717,-1,679,689,687,-1,689,679,691,-1,691,679,677,-1,691,677,675,-1,717,715,655,-1,655,715,713,-1,655,713,711,-1,711,709,655,-1,655,709,707,-1,655,707,705,-1,705,703,655,-1,655,703,701,-1,655,701,657,-1,657,701,699,-1,657,699,697,-1,687,685,679,-1,679,685,683,-1,679,683,681,-1,
        ]
    }
}
Shape{
    appearance Appearance {
        material  Material 	{
            diffuseColor 0.27450980392156865 0.49411764705882355 0.27450980392156865
            specularColor 0.0196078431372549 0.03529411764705882 0.0196078431372549
            ambientIntensity 0.5763
            transparency 0.0
            shininess 0.5
        }
    }
    geometry IndexedFaceSet {
        ccw TRUE
        solid FALSE
        coord DEF co Coordinate {
            point [
                -2.4323 -1.0873 0.0, -2.4247 -1.08 0.0, -2.4428 -1.1595 0.0, -2.4612 -1.0763 0.0, -2.4501 -1.0786 0.0, -2.4418 -1.0812 0.0, -2.4394 -1.0825 0.0, -2.5686 -1.1646 0.0, -2.5686 -1.0148 0.0, -2.5632 -1.1669 0.0, -2.5642 -1.0147 0.0, -2.5598 -1.0148 0.0, -2.5474 -1.0163 0.0, -2.5386 -1.0174 0.0, -2.5389 -1.1706 0.0, -2.5512 -1.1697 0.0, -2.5103 -1.1074 0.0, -2.5109 -1.0657 0.0, -2.5314 -1.1691 0.0, -2.5136 -1.1459 0.0, -2.516 -1.1544 0.0, -2.5323 -1.019 0.0, -2.5277 -1.021 0.0, -2.5243 -1.0237 0.0, -2.5192 -1.1605 0.0, -2.5226 -1.1646 0.0, -2.5259 -1.167 0.0, -2.521 -1.028 0.0, -2.5154 -1.0406 0.0, -2.7362 0.9842 1.5222, -2.7362 0.9842 1.8676, -2.2638 0.9842 1.5222, -2.2638 0.9842 1.8676, -2.7362 0.9842 0.7874, -2.7362 1.1811 0.7874, -2.7362 1.1811 1.1811, -2.2638 1.1811 0.7874, -2.2638 0.9842 0.7874, -2.2638 1.1811 1.1811
            ]
        }
        coordIndex [
            0,1,2,-1,2,3,4,-1,4,5,2,-1,2,5,6,-1,2,6,0,-1,7,8,9,-1,9,8,10,-1,10,11,9,-1,9,11,12,-1,9,12,13,-1,14,15,16,-1,16,15,9,-1,16,9,17,-1,14,16,18,-1,18,16,19,-1,18,19,20,-1,13,21,9,-1,9,21,22,-1,9,22,23,-1,20,24,18,-1,18,24,25,-1,18,25,26,-1,23,27,9,-1,9,27,28,-1,9,28,17,-1,29,30,31,-1,31,30,32,-1,33,34,29,-1,29,34,35,-1,29,35,30,-1,36,37,38,-1,38,37,31,-1,38,31,32,-1,37,36,33,-1,33,36,34,-1,
        ]
    }
}
Shape{
    appearance Appearance {
        material  Material 	{
            diffuseColor 0.6470588235294118 0.6196078431372549 0.5882352941176471
            specularColor 0.45098039215686275 0.43529411764705883 0.4117647058823529
            ambientIntensity 0.6242
            transparency 0.0
            shininess 0.5
        }
    }
    geometry IndexedFaceSet {
        ccw TRUE
        solid FALSE
        coord DEF co Coordinate {
            point [
                -3.1884 -0.1533 3.2205, -3.8116 -0.1533 3.2205, -3.7939 -0.1979 3.2205, -3.2452 -0.2595 3.2205, -3.2061 -0.1979 3.2205, -3.7031 -0.3109 3.2205, -3.7548 -0.2595 3.2205, -3.6413 -0.3496 3.2205, -3.5725 -0.3736 3.2205, -3.5 -0.3817 3.2205, -3.4275 -0.3736 3.2205, -3.3587 -0.3496 3.2205, -3.2969 -0.3109 3.2205, -3.8494 -0.2565 3.1417, -3.8162 -0.3088 3.1417, -3.8147 -0.3075 3.1593, -3.3955 -0.4453 3.1417, -3.3246 -0.4206 3.1417, -3.3255 -0.4188 3.1593, -3.8911 -0.1596 3.1417, -3.8647 -0.2323 3.1417, -3.8629 -0.2315 3.1593, -3.1873 -0.1533 3.2205, -3.1904 -0.2056 3.2185, -3.1701 -0.1533 3.2182, -3.1673 -0.1533 3.2179, -3.1754 -0.2128 3.2127, -3.1585 -0.1533 3.2151, -3.162 -0.2194 3.2033, -3.1412 -0.1533 3.2062, -3.153 -0.1533 3.2122, -3.1508 -0.2248 3.1908, -3.1338 -0.1533 3.2005, -3.1373 -0.1533 3.2032, -3.115 -0.1533 3.1758, -3.1164 -0.1533 3.1793, -3.1423 -0.2289 3.1759, -3.1212 -0.1533 3.1868, -3.1247 -0.1533 3.1905, -3.1094 -0.1533 3.1624, -3.1371 -0.2315 3.1593, -3.1087 -0.1533 3.1592, -3.1353 -0.2323 3.1417, -3.1089 -0.1596 3.1417, -3.1076 -0.1533 3.1542, -3.1066 -0.1533 3.1417, -3.893 -0.1533 3.1498, -3.8934 -0.1533 3.1417, -3.8911 -0.1533 3.1592, -3.89 -0.1533 3.1644, -3.8577 -0.2289 3.1759, -3.8849 -0.1533 3.1757, -3.838 -0.2194 3.2033, -3.8754 -0.1533 3.1906, -3.8492 -0.2248 3.1908, -3.878 -0.1533 3.1878, -3.8825 -0.1533 3.1812, -3.8246 -0.2128 3.2127, -3.8591 -0.1533 3.206, -3.865 -0.1533 3.2015, -3.8348 -0.1533 3.2173, -3.8418 -0.1533 3.215, -3.847 -0.1533 3.2123, -3.8299 -0.1533 3.2181, -3.8096 -0.2056 3.2185, -3.815 -0.1533 3.2204, -3.2315 -0.2705 3.2185, -3.2185 -0.2809 3.2127, -3.2069 -0.2902 3.2033, -3.1971 -0.298 3.1908, -3.1898 -0.3039 3.1759, -3.1853 -0.3075 3.1593, -3.5763 -0.3907 3.2185, -3.6489 -0.3654 3.2185, -3.58 -0.4069 3.2127, -3.6561 -0.3804 3.2127, -3.5833 -0.4214 3.2033, -3.6625 -0.3938 3.2033, -3.5861 -0.4336 3.1908, -3.6679 -0.4051 3.1908, -3.5882 -0.4427 3.1759, -3.672 -0.4135 3.1759, -3.5895 -0.4484 3.1593, -3.6745 -0.4188 3.1593, -3.2984 -0.4042 3.1417, -3.2479 -0.3726 3.1417, -3.2491 -0.371 3.1593, -3.2528 -0.3665 3.1759, -3.2586 -0.3591 3.1908, -3.2663 -0.3494 3.2033, -3.2756 -0.3377 3.2127, -3.286 -0.3246 3.2185, -3.215 -0.3399 3.1417, -3.1838 -0.3088 3.1417, -3.1506 -0.2565 3.1417, -3.328 -0.4135 3.1759, -3.3321 -0.4051 3.1908, -3.3375 -0.3938 3.2033, -3.3439 -0.3804 3.2127, -3.3511 -0.3654 3.2185, -3.4101 -0.4504 3.1417, -3.4105 -0.4484 3.1593, -3.4118 -0.4427 3.1759, -3.4139 -0.4336 3.1908, -3.4167 -0.4214 3.2033, -3.42 -0.4069 3.2127, -3.4237 -0.3907 3.2185, -3.5 -0.3992 3.2185, -3.5 -0.4159 3.2127, -3.5 -0.4308 3.2033, -3.5 -0.4433 3.1908, -3.5 -0.4526 3.1759, -3.5 -0.4585 3.1593, -3.5 -0.4604 3.1417, -3.5899 -0.4504 3.1417, -3.785 -0.3399 3.1417, -3.7521 -0.3726 3.1417, -3.7509 -0.371 3.1593, -3.7472 -0.3665 3.1759, -3.7414 -0.3591 3.1908, -3.7337 -0.3494 3.2033, -3.7244 -0.3377 3.2127, -3.714 -0.3246 3.2185, -3.7016 -0.4042 3.1417, -3.6754 -0.4206 3.1417, -3.6045 -0.4453 3.1417, -3.8102 -0.3039 3.1759, -3.8029 -0.298 3.1908, -3.7931 -0.2902 3.2033, -3.7815 -0.2809 3.2127, -3.7685 -0.2705 3.2185, -3.2648 -0.0549 2.6435, -3.2728 0.006 1.8392, -3.2728 0.006 2.6435, -3.2963 0.0627 1.8392, -3.2963 0.0627 2.6435, -3.3337 0.1114 1.8392, -3.3337 0.1114 2.6435, -3.3824 0.1488 1.8392, -3.3824 0.1488 2.6435, -3.4391 0.1723 1.8392, -3.4391 0.1723 2.6435, -3.5 0.1803 1.8392, -3.5 0.1803 2.6435, -3.5609 0.1723 1.8392, -3.5609 0.1723 2.6435, -3.6176 0.1488 1.8392, -3.6176 0.1488 2.6435, -3.6663 0.1114 1.8392, -3.6663 0.1114 2.6435, -3.7037 0.0627 1.8392, -3.7037 0.0627 2.6435, -3.7272 0.006 1.8392, -3.7272 0.006 2.6435, -3.7352 -0.0549 1.8392, -3.7352 -0.0549 2.6435, -3.7272 -0.1158 1.8392, -3.7272 -0.1158 2.6435, -3.7037 -0.1725 1.8392, -3.7037 -0.1725 2.6435, -3.6663 -0.2212 1.8392, -3.6663 -0.2212 2.6435, -3.6176 -0.2586 1.8392, -3.6176 -0.2586 2.6435, -3.5609 -0.2821 1.8392, -3.5609 -0.2821 2.6435, -3.5 -0.2901 1.8392, -3.5 -0.2901 2.6435, -3.4391 -0.2821 1.8392, -3.4391 -0.2821 2.6435, -3.3824 -0.2586 1.8392, -3.3824 -0.2586 2.6435, -3.3337 -0.2212 1.8392, -3.3337 -0.2212 2.6435, -3.2963 -0.1725 1.8392, -3.2963 -0.1725 2.6435, -3.2728 -0.1158 1.8392, -3.2728 -0.1158 2.6435, -3.2648 -0.0549 1.8392
            ]
        }
        coordIndex [
            0,1,2,-1,3,4,5,-1,0,2,4,-1,4,2,6,-1,4,6,5,-1,7,8,5,-1,5,8,9,-1,5,9,10,-1,10,11,5,-1,5,11,12,-1,5,12,3,-1,13,14,15,-1,16,17,18,-1,19,20,21,-1,0,4,22,-1,22,4,23,-1,22,23,24,-1,24,23,25,-1,25,23,26,-1,25,26,27,-1,28,29,26,-1,26,29,30,-1,26,30,27,-1,31,32,28,-1,28,32,33,-1,28,33,29,-1,34,35,36,-1,36,35,37,-1,36,37,31,-1,31,37,38,-1,31,38,32,-1,34,36,39,-1,39,36,40,-1,39,40,41,-1,40,42,41,-1,41,42,43,-1,41,43,44,-1,44,43,45,-1,46,47,19,-1,46,19,48,-1,48,19,21,-1,48,21,49,-1,49,21,50,-1,49,50,51,-1,52,53,54,-1,54,53,55,-1,54,55,50,-1,50,55,56,-1,50,56,51,-1,57,58,52,-1,52,58,59,-1,52,59,53,-1,60,61,57,-1,57,61,62,-1,57,62,58,-1,60,57,63,-1,63,57,64,-1,63,64,65,-1,65,64,2,-1,65,2,1,-1,4,3,23,-1,23,3,66,-1,23,66,26,-1,26,66,67,-1,26,67,28,-1,28,67,68,-1,28,68,31,-1,31,68,69,-1,31,69,36,-1,36,69,70,-1,36,70,40,-1,40,70,71,-1,8,7,72,-1,72,7,73,-1,72,73,74,-1,74,73,75,-1,74,75,76,-1,76,75,77,-1,76,77,78,-1,78,77,79,-1,78,79,80,-1,80,79,81,-1,80,81,82,-1,82,81,83,-1,84,85,86,-1,86,85,71,-1,86,71,87,-1,87,71,70,-1,87,70,88,-1,88,70,69,-1,88,69,89,-1,89,69,68,-1,89,68,90,-1,90,68,67,-1,90,67,91,-1,91,67,66,-1,91,66,12,-1,12,66,3,-1,85,92,71,-1,71,92,93,-1,71,93,40,-1,40,93,94,-1,40,94,42,-1,17,84,18,-1,18,84,86,-1,18,86,95,-1,95,86,87,-1,95,87,96,-1,96,87,88,-1,96,88,97,-1,97,88,89,-1,97,89,98,-1,98,89,90,-1,98,90,99,-1,99,90,91,-1,99,91,11,-1,11,91,12,-1,100,16,101,-1,101,16,18,-1,101,18,102,-1,102,18,95,-1,102,95,103,-1,103,95,96,-1,103,96,104,-1,104,96,97,-1,104,97,105,-1,105,97,98,-1,105,98,106,-1,106,98,99,-1,106,99,10,-1,10,99,11,-1,10,9,106,-1,106,9,107,-1,106,107,105,-1,105,107,108,-1,105,108,104,-1,104,108,109,-1,104,109,103,-1,103,109,110,-1,103,110,102,-1,102,110,111,-1,102,111,101,-1,101,111,112,-1,101,112,100,-1,100,112,113,-1,9,8,107,-1,107,8,72,-1,107,72,108,-1,108,72,74,-1,108,74,109,-1,109,74,76,-1,109,76,110,-1,110,76,78,-1,110,78,111,-1,111,78,80,-1,111,80,112,-1,112,80,82,-1,112,82,113,-1,113,82,114,-1,115,116,117,-1,117,116,83,-1,117,83,118,-1,118,83,81,-1,118,81,119,-1,119,81,79,-1,119,79,120,-1,120,79,77,-1,120,77,121,-1,121,77,75,-1,121,75,122,-1,122,75,73,-1,122,73,5,-1,5,73,7,-1,116,123,83,-1,83,123,124,-1,83,124,82,-1,82,124,125,-1,82,125,114,-1,14,115,15,-1,15,115,117,-1,15,117,126,-1,126,117,118,-1,126,118,127,-1,127,118,119,-1,127,119,128,-1,128,119,120,-1,128,120,129,-1,129,120,121,-1,129,121,130,-1,130,121,122,-1,130,122,6,-1,6,122,5,-1,20,13,21,-1,21,13,15,-1,21,15,50,-1,50,15,126,-1,50,126,54,-1,54,126,127,-1,54,127,52,-1,52,127,128,-1,52,128,57,-1,57,128,129,-1,57,129,64,-1,64,129,130,-1,64,130,2,-1,2,130,6,-1,131,132,133,-1,133,132,134,-1,133,134,135,-1,135,134,136,-1,135,136,137,-1,137,136,138,-1,137,138,139,-1,139,138,140,-1,139,140,141,-1,141,140,142,-1,141,142,143,-1,143,142,144,-1,143,144,145,-1,145,144,146,-1,145,146,147,-1,147,146,148,-1,147,148,149,-1,149,148,150,-1,149,150,151,-1,151,150,152,-1,151,152,153,-1,153,152,154,-1,153,154,155,-1,155,154,156,-1,155,156,157,-1,157,156,158,-1,157,158,159,-1,159,158,160,-1,159,160,161,-1,161,160,162,-1,161,162,163,-1,163,162,164,-1,163,164,165,-1,165,164,166,-1,165,166,167,-1,167,166,168,-1,167,168,169,-1,169,168,170,-1,169,170,171,-1,171,170,172,-1,171,172,173,-1,173,172,174,-1,173,174,175,-1,175,174,176,-1,175,176,177,-1,177,176,178,-1,177,178,131,-1,131,178,132,-1,
        ]
    }
}
Shape{
    appearance Appearance {
        material  Material 	{
            diffuseColor 0.27450980392156865 0.49411764705882355 0.27450980392156865
            specularColor 0.0196078431372549 0.03529411764705882 0.0196078431372549
            ambientIntensity 0.5763
            transparency 0.0
            shininess 0.5
        }
    }
    geometry IndexedFaceSet {
        ccw TRUE
        solid FALSE
        coord DEF co Coordinate {
            point [
                -4.0 1.1811 1.1811, -4.0 1.1811 0.0, -4.0 -0.9843 2.1654, -4.0 0.5263 3.4646, -4.0 -0.568 3.4646, -4.0 -0.6361 3.4646, -4.0 -0.9512 0.0, -4.0 -0.9997 0.0, -4.0 -1.1024 2.1654, -4.0 -1.1533 2.1586, -4.0 -1.1839 0.0, -4.0 -1.2008 2.139, -4.0 -1.2992 1.9685, -4.0 -1.2925 2.0195, -4.0 -1.2728 2.0669, -4.0 -1.2992 0.0, -4.0 -1.2416 2.1077, -3.1063 -0.8354 0.5543, -3.1063 -0.9093 0.0, -3.2638 -0.8354 0.5543, -3.4929 -0.9093 0.0, -3.7362 -0.8354 0.5543, -3.5983 -0.9093 0.0, -3.6973 -0.9093 0.0, -3.8937 -0.9093 0.0, -3.8937 -0.8354 0.5543, -3.883 -0.9093 0.0, -3.7983 -0.9093 0.0, -3.7362 -0.8354 1.3035, -3.8937 -0.8354 1.5292, -3.2638 -0.8354 1.3035, -3.1063 -0.8354 1.5292, -3.8937 -0.6872 1.5292, -3.1063 -0.6872 1.5292, -3.8937 -0.6872 2.6435, -3.1063 -0.6872 2.6435, -3.7037 -0.1725 2.6435, -3.6663 -0.2212 2.6435, -3.6176 0.1488 2.6435, -3.6663 0.1114 2.6435, -3.8937 0.6045 2.6435, -3.7037 0.0627 2.6435, -3.7272 0.006 2.6435, -3.7352 -0.0549 2.6435, -3.7272 -0.1158 2.6435, -3.6176 -0.2586 2.6435, -3.5609 -0.2821 2.6435, -3.5 -0.2901 2.6435, -3.4391 -0.2821 2.6435, -3.3824 -0.2586 2.6435, -3.3337 -0.2212 2.6435, -3.2963 -0.1725 2.6435, -3.2728 0.006 2.6435, -3.1063 0.6045 2.6435, -3.2648 -0.0549 2.6435, -3.2728 -0.1158 2.6435, -3.2963 0.0627 2.6435, -3.3337 0.1114 2.6435, -3.3824 0.1488 2.6435, -3.4391 0.1723 2.6435, -3.5 0.1803 2.6435, -3.5609 0.1723 2.6435, -3.8937 0.6045 2.4779, -3.1063 0.6045 2.4779, -3.8937 0.7633 1.9241, -3.1063 0.7633 1.9241, -3.4016 0.7633 1.5222, -3.1063 0.7633 1.5222, -3.4016 0.7633 1.5433, -3.5984 0.7633 1.5433, -3.5984 0.7633 1.5222, -3.8937 0.7633 1.5222, -3.4016 0.8198 1.5222, -3.1063 0.9842 1.5222, -3.8937 0.9842 1.5222, -3.7362 0.9842 1.5222, -3.5984 0.8198 1.5222, -3.2638 0.9842 1.5222, -3.7362 0.9842 0.7874, -3.8937 0.9842 0.0, -3.2638 0.9842 0.7874, -3.883 0.9842 0.0, -3.7983 0.9842 0.0, -3.6973 0.9842 0.0, -3.5983 0.9842 0.0, -3.4929 0.9842 0.0, -3.1063 0.9842 0.0, -3.6176 -0.2586 2.6818, -3.6598 -0.3317 2.6818, -3.5609 -0.2821 2.6818, -3.5827 -0.3636 2.6818, -3.5 -0.2901 2.6818, -3.5 -0.3745 2.6818, -3.4391 -0.2821 2.6818, -3.4173 -0.3636 2.6818, -3.3824 -0.2586 2.6818, -3.3402 -0.3317 2.6818, -3.3337 -0.2212 2.6818, -3.274 -0.2809 2.6818, -3.2963 -0.1725 2.6818, -3.2232 -0.2147 2.6818, -3.2728 -0.1158 2.6818, -3.1913 -0.1376 2.6818, -3.2648 -0.0549 2.6818, -3.1804 -0.0549 2.6818, -3.2728 0.006 2.6818, -3.1913 0.0278 2.6818, -3.2963 0.0627 2.6818, -3.2232 0.1049 2.6818, -3.3337 0.1114 2.6818, -3.274 0.1711 2.6818, -3.3824 0.1488 2.6818, -3.3402 0.2219 2.6818, -3.4391 0.1723 2.6818, -3.4173 0.2538 2.6818, -3.5 0.1803 2.6818, -3.5 0.2647 2.6818, -3.5609 0.1723 2.6818, -3.5827 0.2538 2.6818, -3.6176 0.1488 2.6818, -3.6598 0.2219 2.6818, -3.6663 0.1114 2.6818, -3.726 0.1711 2.6818, -3.7037 0.0627 2.6818, -3.7768 0.1049 2.6818, -3.7272 0.006 2.6818, -3.8087 0.0278 2.6818, -3.7352 -0.0549 2.6818, -3.8196 -0.0549 2.6818, -3.7272 -0.1158 2.6818, -3.8087 -0.1376 2.6818, -3.7037 -0.1725 2.6818, -3.7768 -0.2147 2.6818, -3.6663 -0.2212 2.6818, -3.726 -0.2809 2.6818, -3.1804 -0.0549 2.7983, -3.1913 0.0278 2.7983, -3.2232 0.1049 2.7983, -3.274 0.1711 2.7983, -3.3402 0.2219 2.7983, -3.4173 0.2538 2.7983, -3.5 0.2647 2.7983, -3.5827 0.2538 2.7983, -3.6598 0.2219 2.7983, -3.726 0.1711 2.7983, -3.7768 0.1049 2.7983, -3.8087 0.0278 2.7983, -3.8196 -0.0549 2.7983, -3.8087 -0.1376 2.7983, -3.7768 -0.2147 2.7983, -3.726 -0.2809 2.7983, -3.6598 -0.3317 2.7983, -3.5827 -0.3636 2.7983, -3.5 -0.3745 2.7983, -3.4173 -0.3636 2.7983, -3.3402 -0.3317 2.7983, -3.274 -0.2809 2.7983, -3.2232 -0.2147 2.7983, -3.1913 -0.1376 2.7983, -3.2775 0.3304 2.7983, -3.3848 0.3748 2.7983, -3.5 0.39 2.7983, -3.6152 0.3748 2.7983, -3.7225 0.3304 2.7983, -3.8146 0.2597 2.7983, -3.8853 0.1676 2.7983, -3.9298 0.0602 2.7983, -3.9449 -0.0549 2.7983, -3.9298 -0.1701 2.7983, -3.8853 -0.2774 2.7983, -3.8146 -0.3695 2.7983, -3.7225 -0.4402 2.7983, -3.6152 -0.4847 2.7983, -3.5 -0.4998 2.7983, -3.3848 -0.4847 2.7983, -3.2775 -0.4402 2.7983, -3.1854 -0.3695 2.7983, -3.1147 -0.2774 2.7983, -3.0702 -0.1701 2.7983, -3.0551 -0.0549 2.7983, -3.0702 0.0602 2.7983, -3.1147 0.1676 2.7983, -3.1854 0.2597 2.7983, -3.0551 -0.0549 3.4646, -3.0702 0.0602 3.4646, -3.1147 0.1676 3.4646, -3.1854 0.2597 3.4646, -3.2775 0.3304 3.4646, -3.3848 0.3748 3.4646, -3.5 0.39 3.4646, -3.6152 0.3748 3.4646, -3.7225 0.3304 3.4646, -3.8146 0.2597 3.4646, -3.8853 0.1676 3.4646, -3.9298 0.0602 3.4646, -3.9449 -0.0549 3.4646, -3.9298 -0.1701 3.4646, -3.8853 -0.2774 3.4646, -3.8146 -0.3695 3.4646, -3.7225 -0.4402 3.4646, -3.6152 -0.4847 3.4646, -3.5 -0.4998 3.4646, -3.3848 -0.4847 3.4646, -3.2775 -0.4402 3.4646, -3.1854 -0.3695 3.4646, -3.1147 -0.2774 3.4646, -3.0702 -0.1701 3.4646
            ]
        }
        coordIndex [
            0,1,2,-1,3,0,4,-1,4,0,2,-1,4,2,5,-1,1,6,2,-1,2,6,7,-1,2,7,8,-1,8,7,9,-1,9,7,10,-1,9,10,11,-1,12,13,14,-1,10,15,11,-1,11,15,12,-1,11,12,16,-1,16,12,14,-1,17,18,19,-1,19,18,20,-1,19,20,21,-1,21,20,22,-1,21,22,23,-1,24,25,26,-1,26,25,21,-1,26,21,27,-1,27,21,23,-1,21,25,28,-1,28,25,29,-1,28,29,30,-1,30,29,31,-1,30,31,19,-1,19,31,17,-1,29,32,31,-1,31,32,33,-1,32,34,33,-1,33,34,35,-1,36,37,34,-1,38,39,40,-1,40,39,41,-1,41,42,40,-1,40,42,43,-1,40,43,34,-1,34,43,44,-1,34,44,36,-1,37,45,34,-1,34,45,46,-1,34,46,35,-1,35,46,47,-1,35,47,48,-1,48,49,35,-1,35,49,50,-1,35,50,51,-1,52,53,54,-1,54,53,35,-1,54,35,55,-1,55,35,51,-1,52,56,53,-1,53,56,57,-1,53,57,58,-1,58,59,53,-1,53,59,60,-1,53,60,40,-1,40,60,61,-1,40,61,38,-1,40,62,53,-1,53,62,63,-1,62,64,63,-1,63,64,65,-1,66,67,68,-1,68,67,65,-1,68,65,69,-1,69,65,64,-1,69,64,70,-1,70,64,71,-1,67,66,72,-1,67,72,73,-1,71,74,75,-1,70,71,76,-1,76,71,75,-1,76,75,72,-1,72,75,77,-1,72,77,73,-1,75,74,78,-1,78,74,79,-1,73,77,80,-1,79,81,78,-1,78,81,82,-1,78,82,83,-1,83,84,78,-1,78,84,85,-1,78,85,80,-1,80,85,86,-1,80,86,73,-1,79,74,24,-1,24,74,71,-1,62,40,34,-1,32,29,25,-1,62,34,64,-1,64,34,32,-1,64,32,71,-1,71,32,25,-1,71,25,24,-1,73,86,67,-1,67,86,18,-1,17,31,33,-1,18,17,67,-1,67,17,33,-1,67,33,65,-1,65,33,35,-1,65,35,63,-1,63,35,53,-1,87,88,89,-1,89,88,90,-1,89,90,91,-1,91,90,92,-1,91,92,93,-1,93,92,94,-1,93,94,95,-1,95,94,96,-1,95,96,97,-1,97,96,98,-1,97,98,99,-1,99,98,100,-1,99,100,101,-1,101,100,102,-1,101,102,103,-1,103,102,104,-1,103,104,105,-1,105,104,106,-1,105,106,107,-1,107,106,108,-1,107,108,109,-1,109,108,110,-1,109,110,111,-1,111,110,112,-1,111,112,113,-1,113,112,114,-1,113,114,115,-1,115,114,116,-1,115,116,117,-1,117,116,118,-1,117,118,119,-1,119,118,120,-1,119,120,121,-1,121,120,122,-1,121,122,123,-1,123,122,124,-1,123,124,125,-1,125,124,126,-1,125,126,127,-1,127,126,128,-1,127,128,129,-1,129,128,130,-1,129,130,131,-1,131,130,132,-1,131,132,133,-1,133,132,134,-1,133,134,87,-1,87,134,88,-1,104,135,106,-1,106,135,136,-1,106,136,108,-1,108,136,137,-1,108,137,110,-1,110,137,138,-1,110,138,112,-1,112,138,139,-1,112,139,114,-1,114,139,140,-1,114,140,116,-1,116,140,141,-1,116,141,118,-1,118,141,142,-1,118,142,120,-1,120,142,143,-1,120,143,122,-1,122,143,144,-1,122,144,124,-1,124,144,145,-1,124,145,126,-1,126,145,146,-1,126,146,128,-1,128,146,147,-1,128,147,130,-1,130,147,148,-1,130,148,132,-1,132,148,149,-1,132,149,134,-1,134,149,150,-1,134,150,88,-1,88,150,151,-1,88,151,90,-1,90,151,152,-1,90,152,92,-1,92,152,153,-1,92,153,94,-1,94,153,154,-1,94,154,96,-1,96,154,155,-1,96,155,98,-1,98,155,156,-1,98,156,100,-1,100,156,157,-1,100,157,102,-1,102,157,158,-1,102,158,104,-1,104,158,135,-1,139,159,140,-1,140,159,160,-1,140,160,141,-1,141,160,161,-1,141,161,142,-1,142,161,162,-1,142,162,143,-1,143,162,163,-1,143,163,144,-1,144,163,164,-1,144,164,145,-1,145,164,165,-1,145,165,146,-1,146,165,166,-1,146,166,147,-1,147,166,167,-1,147,167,148,-1,148,167,168,-1,148,168,149,-1,149,168,169,-1,149,169,150,-1,150,169,170,-1,150,170,151,-1,151,170,171,-1,151,171,152,-1,152,171,172,-1,152,172,153,-1,153,172,173,-1,153,173,154,-1,154,173,174,-1,154,174,155,-1,155,174,175,-1,155,175,156,-1,156,175,176,-1,156,176,157,-1,157,176,177,-1,157,177,158,-1,158,177,178,-1,158,178,135,-1,135,178,179,-1,135,179,136,-1,136,179,180,-1,136,180,137,-1,137,180,181,-1,137,181,138,-1,138,181,182,-1,138,182,139,-1,139,182,159,-1,179,183,180,-1,180,183,184,-1,180,184,181,-1,181,184,185,-1,181,185,182,-1,182,185,186,-1,182,186,159,-1,159,186,187,-1,159,187,160,-1,160,187,188,-1,160,188,161,-1,161,188,189,-1,161,189,162,-1,162,189,190,-1,162,190,163,-1,163,190,191,-1,163,191,164,-1,164,191,192,-1,164,192,165,-1,165,192,193,-1,165,193,166,-1,166,193,194,-1,166,194,167,-1,167,194,195,-1,167,195,168,-1,168,195,196,-1,168,196,169,-1,169,196,197,-1,169,197,170,-1,170,197,198,-1,170,198,171,-1,171,198,199,-1,171,199,172,-1,172,199,200,-1,172,200,173,-1,173,200,201,-1,173,201,174,-1,174,201,202,-1,174,202,175,-1,175,202,203,-1,175,203,176,-1,176,203,204,-1,176,204,177,-1,177,204,205,-1,177,205,178,-1,178,205,206,-1,178,206,179,-1,179,206,183,-1,
        ]
    }
}
Shape{
    appearance Appearance {
        material  Material 	{
            diffuseColor 0.6470588235294118 0.6196078431372549 0.5882352941176471
            specularColor 0.45098039215686275 0.43529411764705883 0.4117647058823529
            ambientIntensity 0.6242
            transparency 0.0
            shininess 0.5
        }
    }
    geometry IndexedFaceSet {
        ccw TRUE
        solid FALSE
        coord DEF co Coordinate {
            point [
                -3.2969 0.2011 3.2205, -3.3587 0.2398 3.2205, -3.6413 0.2398 3.2205, -3.8116 0.0435 3.2205, -3.1884 0.0435 3.2205, -3.7939 0.0881 3.2205, -3.2061 0.0881 3.2205, -3.7548 0.1497 3.2205, -3.7031 0.2011 3.2205, -3.2452 0.1497 3.2205, -3.4275 0.2638 3.2205, -3.5 0.2719 3.2205, -3.5725 0.2638 3.2205, -3.8934 0.0435 3.0236, -3.8934 0.0435 3.1417, -3.8911 0.0498 3.1417, -3.1066 -0.1533 3.0236, -3.1066 -0.1533 3.1417, -3.1089 -0.1596 3.1417, -3.1083 -0.1599 2.908, -3.0945 -0.0549 3.0236, -3.0945 -0.0549 2.908, -3.1066 0.0435 3.0236, -3.1083 0.0501 2.908, -3.8917 0.0501 2.908, -3.9055 -0.0549 3.0236, -3.9055 -0.0549 2.908, -3.8934 -0.1533 3.0236, -3.8917 -0.1599 2.908, -3.1353 -0.2323 3.1417, -3.1488 -0.2577 2.908, -3.1506 -0.2565 3.1417, -3.1838 -0.3088 3.1417, -3.2132 -0.3417 2.908, -3.215 -0.3399 3.1417, -3.2479 -0.3726 3.1417, -3.2972 -0.4061 2.908, -3.2984 -0.4042 3.1417, -3.3246 -0.4206 3.1417, -3.395 -0.4466 2.908, -3.3955 -0.4453 3.1417, -3.4101 -0.4504 3.1417, -3.5 -0.4604 2.908, -3.5 -0.4604 3.1417, -3.5899 -0.4504 3.1417, -3.605 -0.4466 2.908, -3.6045 -0.4453 3.1417, -3.6754 -0.4206 3.1417, -3.7028 -0.4061 2.908, -3.7016 -0.4042 3.1417, -3.7521 -0.3726 3.1417, -3.7868 -0.3417 2.908, -3.785 -0.3399 3.1417, -3.8162 -0.3088 3.1417, -3.8512 -0.2577 2.908, -3.8934 -0.1533 3.1417, -3.8911 -0.1596 3.1417, -3.8647 -0.2323 3.1417, -3.8494 -0.2565 3.1417, -3.8647 0.1225 3.1417, -3.8512 0.1479 2.908, -3.8494 0.1467 3.1417, -3.8162 0.199 3.1417, -3.7868 0.2319 2.908, -3.785 0.2301 3.1417, -3.7521 0.2628 3.1417, -3.7028 0.2963 2.908, -3.7016 0.2944 3.1417, -3.6754 0.3108 3.1417, -3.605 0.3368 2.908, -3.6045 0.3355 3.1417, -3.5899 0.3405 3.1417, -3.5 0.3506 2.908, -3.5 0.3506 3.1417, -3.4101 0.3405 3.1417, -3.395 0.3368 2.908, -3.3955 0.3355 3.1417, -3.3246 0.3108 3.1417, -3.2972 0.2963 2.908, -3.2984 0.2944 3.1417, -3.2479 0.2628 3.1417, -3.2132 0.2319 2.908, -3.215 0.2301 3.1417, -3.1838 0.199 3.1417, -3.1488 0.1479 2.908, -3.1066 0.0435 3.1417, -3.1089 0.0498 3.1417, -3.1353 0.1225 3.1417, -3.1506 0.1467 3.1417, -3.5609 0.1723 2.908, -3.5 0.1803 2.908, -3.4391 0.1723 2.908, -3.3824 0.1488 2.908, -3.3337 0.1114 2.908, -3.2963 0.0627 2.908, -3.2728 0.006 2.908, -3.2648 -0.0549 2.908, -3.2728 -0.1158 2.908, -3.2963 -0.1725 2.908, -3.3337 -0.2212 2.908, -3.3824 -0.2586 2.908, -3.4391 -0.2821 2.908, -3.5 -0.2901 2.908, -3.5609 -0.2821 2.908, -3.6176 -0.2586 2.908, -3.6663 -0.2212 2.908, -3.7037 -0.1725 2.908, -3.7272 -0.1158 2.908, -3.7352 -0.0549 2.908, -3.7272 0.006 2.908, -3.7037 0.0627 2.908, -3.6663 0.1114 2.908, -3.6176 0.1488 2.908, -3.2728 0.006 2.6818, -3.2963 0.0627 2.6818, -3.3337 0.1114 2.6818, -3.3824 0.1488 2.6818, -3.4391 0.1723 2.6818, -3.5 0.1803 2.6818, -3.5609 0.1723 2.6818, -3.6176 0.1488 2.6818, -3.6663 0.1114 2.6818, -3.7037 0.0627 2.6818, -3.7272 0.006 2.6818, -3.7352 -0.0549 2.6818, -3.7272 -0.1158 2.6818, -3.7037 -0.1725 2.6818, -3.6663 -0.2212 2.6818, -3.6176 -0.2586 2.6818, -3.5609 -0.2821 2.6818, -3.5 -0.2901 2.6818, -3.4391 -0.2821 2.6818, -3.3824 -0.2586 2.6818, -3.3337 -0.2212 2.6818, -3.2963 -0.1725 2.6818, -3.2728 -0.1158 2.6818, -3.2648 -0.0549 2.6818
            ]
        }
        coordIndex [
            0,1,2,-1,3,4,5,-1,5,4,6,-1,5,6,7,-1,7,6,8,-1,8,6,2,-1,2,6,9,-1,2,9,0,-1,1,10,2,-1,2,10,11,-1,2,11,12,-1,13,14,15,-1,16,17,18,-1,16,19,20,-1,20,19,21,-1,20,21,22,-1,22,21,23,-1,13,24,25,-1,25,24,26,-1,25,26,27,-1,27,26,28,-1,16,18,19,-1,19,18,29,-1,19,29,30,-1,29,31,30,-1,30,31,32,-1,30,32,33,-1,32,34,33,-1,33,34,35,-1,33,35,36,-1,35,37,36,-1,36,37,38,-1,36,38,39,-1,38,40,39,-1,39,40,41,-1,39,41,42,-1,41,43,42,-1,42,43,44,-1,42,44,45,-1,44,46,45,-1,45,46,47,-1,45,47,48,-1,47,49,48,-1,48,49,50,-1,48,50,51,-1,50,52,51,-1,51,52,53,-1,51,53,54,-1,55,27,56,-1,56,27,28,-1,56,28,57,-1,57,28,54,-1,57,54,58,-1,58,54,53,-1,13,15,24,-1,24,15,59,-1,24,59,60,-1,59,61,60,-1,60,61,62,-1,60,62,63,-1,62,64,63,-1,63,64,65,-1,63,65,66,-1,65,67,66,-1,66,67,68,-1,66,68,69,-1,68,70,69,-1,69,70,71,-1,69,71,72,-1,71,73,72,-1,72,73,74,-1,72,74,75,-1,74,76,75,-1,75,76,77,-1,75,77,78,-1,77,79,78,-1,78,79,80,-1,78,80,81,-1,80,82,81,-1,81,82,83,-1,81,83,84,-1,85,22,86,-1,86,22,23,-1,86,23,87,-1,87,23,84,-1,87,84,88,-1,88,84,83,-1,89,69,90,-1,90,69,72,-1,90,72,91,-1,91,72,75,-1,91,75,92,-1,92,75,78,-1,92,78,93,-1,93,78,81,-1,93,81,94,-1,94,81,84,-1,94,84,95,-1,95,84,23,-1,95,23,96,-1,96,23,21,-1,96,21,97,-1,97,21,19,-1,97,19,98,-1,98,19,30,-1,98,30,99,-1,99,30,33,-1,99,33,100,-1,100,33,36,-1,100,36,101,-1,101,36,39,-1,101,39,102,-1,102,39,42,-1,102,42,103,-1,103,42,45,-1,103,45,104,-1,104,45,48,-1,104,48,105,-1,105,48,51,-1,105,51,106,-1,106,51,54,-1,106,54,107,-1,107,54,28,-1,107,28,108,-1,108,28,26,-1,108,26,109,-1,109,26,24,-1,109,24,110,-1,110,24,60,-1,110,60,111,-1,111,60,63,-1,111,63,112,-1,112,63,66,-1,112,66,89,-1,89,66,69,-1,96,113,95,-1,95,113,114,-1,95,114,94,-1,94,114,115,-1,94,115,93,-1,93,115,116,-1,93,116,92,-1,92,116,117,-1,92,117,91,-1,91,117,118,-1,91,118,90,-1,90,118,119,-1,90,119,89,-1,89,119,120,-1,89,120,112,-1,112,120,121,-1,112,121,111,-1,111,121,122,-1,111,122,110,-1,110,122,123,-1,110,123,109,-1,109,123,124,-1,109,124,108,-1,108,124,125,-1,108,125,107,-1,107,125,126,-1,107,126,106,-1,106,126,127,-1,106,127,105,-1,105,127,128,-1,105,128,104,-1,104,128,129,-1,104,129,103,-1,103,129,130,-1,103,130,102,-1,102,130,131,-1,102,131,101,-1,101,131,132,-1,101,132,100,-1,100,132,133,-1,100,133,99,-1,99,133,134,-1,99,134,98,-1,98,134,135,-1,98,135,97,-1,97,135,136,-1,97,136,96,-1,96,136,113,-1,
        ]
    }
}
Shape{
    appearance Appearance {
        material  Material 	{
            diffuseColor 0.27450980392156865 0.49411764705882355 0.27450980392156865
            specularColor 0.0196078431372549 0.03529411764705882 0.0196078431372549
            ambientIntensity 0.5763
            transparency 0.0
            shininess 0.5
        }
    }
    geometry IndexedFaceSet {
        ccw TRUE
        solid FALSE
        coord DEF co Coordinate {
            point [
                -3.7362 -1.1024 1.8475, -3.7362 -1.0821 1.8475, -3.2638 -1.1024 1.8475, -3.2638 -1.0821 1.8475, -3.7362 -0.9942 1.3035, -3.2638 -0.9942 1.3035, -3.7362 -0.8354 1.3035, -3.2638 -0.8354 1.3035, -3.7362 -0.8354 0.5543, -3.7362 -0.9997 0.5543, -3.2638 -0.8354 0.5543, -3.2638 -0.9997 0.5543, -3.9331 -1.2992 0.2356, -3.0669 -1.2992 0.2356, -3.2638 -1.1024 0.445, -3.7362 -1.1024 0.445
            ]
        }
        coordIndex [
            0,1,2,-1,2,1,3,-1,1,4,3,-1,3,4,5,-1,4,6,5,-1,5,6,7,-1,8,9,10,-1,10,9,11,-1,12,13,14,-1,11,9,14,-1,14,9,15,-1,14,15,12,-1,4,1,0,-1,8,6,9,-1,9,6,4,-1,9,4,15,-1,15,4,0,-1,14,2,5,-1,5,2,3,-1,7,10,5,-1,5,10,11,-1,5,11,14,-1,
        ]
    }
}
Shape{
    appearance Appearance {
        material  Material 	{
            diffuseColor 0.6470588235294118 0.6196078431372549 0.5882352941176471
            specularColor 0.45098039215686275 0.43529411764705883 0.4117647058823529
            ambientIntensity 0.6242
            transparency 0.0
            shininess 0.5
        }
    }
    geometry IndexedFaceSet {
        ccw TRUE
        solid FALSE
        coord DEF co Coordinate {
            point [
                -3.2963 -0.1725 1.8392, -3.3337 -0.2212 1.8392, -3.1457 -0.6375 1.8392, -3.3824 0.1488 1.8392, -3.3337 0.1114 1.8392, -3.1457 0.5848 1.8392, -3.2963 0.0627 1.8392, -3.6176 0.1488 1.8392, -3.8543 0.5848 1.8392, -3.6663 0.1114 1.8392, -3.7037 0.0627 1.8392, -3.2728 0.006 1.8392, -3.2648 -0.0549 1.8392, -3.2728 -0.1158 1.8392, -3.3824 -0.2586 1.8392, -3.4391 -0.2821 1.8392, -3.8543 -0.6375 1.8392, -3.5 -0.2901 1.8392, -3.5609 -0.2821 1.8392, -3.6176 -0.2586 1.8392, -3.6663 -0.2212 1.8392, -3.7037 -0.1725 1.8392, -3.5609 0.1723 1.8392, -3.5 0.1803 1.8392, -3.4391 0.1723 1.8392, -3.7272 -0.1158 1.8392, -3.7352 -0.0549 1.8392, -3.7272 0.006 1.8392, -3.3031 -0.6375 0.6985, -3.1457 -0.6375 0.4087, -3.3031 -0.6375 1.5748, -3.6969 -0.6375 1.5748, -3.6969 -0.6375 0.6985, -3.8543 -0.6375 0.4087, -3.1457 0.5848 0.4087, -3.8543 0.5848 0.4087, -3.3031 0.5848 1.5748, -3.3031 0.5848 0.6985, -3.6969 0.5848 0.6985, -3.6969 0.5848 1.5748, -3.5984 0.7633 1.5433, -3.5984 0.6956 1.5517, -3.4016 0.7633 1.5433, -3.4016 0.6956 1.5517, -3.4016 0.9712 1.2761, -3.5984 0.9712 1.2761, -3.5984 0.9645 1.3365, -3.4016 0.9645 1.3365, -3.5984 0.9448 1.3938, -3.4016 0.9448 1.3938, -3.5984 0.913 1.4455, -3.4016 0.913 1.4455, -3.5984 0.8706 1.489, -3.4016 0.8706 1.489, -3.5984 0.8198 1.5222, -3.4016 0.8198 1.5222, -3.4016 -0.3824 1.5517, -3.4016 -0.3824 1.3549, -3.4016 0.6956 1.3549, -3.4016 0.7638 1.3155, -3.4016 0.7512 1.3318, -3.4016 0.7349 1.3443, -3.4016 0.7159 1.3522, -3.4016 0.7633 1.5222, -3.4016 -0.0984 -0.9842, -3.4016 0.0984 -0.9842, -3.4016 -0.0984 0.0478, -3.4016 0.0984 0.0478, -3.4016 -0.089 0.1191, -3.4016 0.1011 0.0682, -3.4016 -0.0615 0.1856, -3.4016 0.109 0.0872, -3.4016 -0.0177 0.2427, -3.4016 0.1215 0.1035, -3.4016 0.0394 0.2865, -3.4016 0.1378 0.116, -3.4016 0.1058 0.314, -3.4016 0.1568 0.1239, -3.4016 0.1772 0.3234, -3.4016 0.1772 0.1265, -3.4016 0.6956 0.3234, -3.4016 0.6956 0.1265, -3.4016 0.7159 0.3261, -3.4016 0.7669 0.1359, -3.4016 0.7349 0.3339, -3.4016 0.8334 0.1635, -3.4016 0.7512 0.3464, -3.4016 0.8904 0.2073, -3.4016 0.7638 0.3628, -3.4016 0.9342 0.2643, -3.4016 0.7716 0.3817, -3.4016 0.9618 0.3308, -3.4016 0.7743 0.4021, -3.4016 0.9712 0.4021, -3.4016 0.7743 1.2761, -3.4016 0.7716 1.2965, -3.5984 0.6956 1.3549, -3.5984 -0.3824 1.3549, -3.5984 -0.3824 1.5517, -3.5984 0.7633 1.5222, -3.5984 0.7743 1.2761, -3.5984 0.7716 1.2965, -3.5984 0.7638 1.3155, -3.5984 0.7512 1.3318, -3.5984 0.7349 1.3443, -3.5984 0.7159 1.3522, -3.5984 0.0984 -0.9842, -3.5984 -0.0984 -0.9842, -3.5984 0.0984 0.0478, -3.5984 -0.0984 0.0478, -3.5984 0.1011 0.0682, -3.5984 -0.089 0.1191, -3.5984 0.109 0.0872, -3.5984 -0.0615 0.1856, -3.5984 0.1215 0.1035, -3.5984 -0.0177 0.2427, -3.5984 0.1378 0.116, -3.5984 0.0394 0.2865, -3.5984 0.1568 0.1239, -3.5984 0.1058 0.314, -3.5984 0.1772 0.1265, -3.5984 0.1772 0.3234, -3.5984 0.6956 0.1265, -3.5984 0.6956 0.3234, -3.5984 0.7669 0.1359, -3.5984 0.7159 0.3261, -3.5984 0.8334 0.1635, -3.5984 0.7349 0.3339, -3.5984 0.8904 0.2073, -3.5984 0.7512 0.3464, -3.5984 0.9342 0.2643, -3.5984 0.7638 0.3628, -3.5984 0.9618 0.3308, -3.5984 0.7716 0.3817, -3.5984 0.9712 0.4021, -3.5984 0.7743 0.4021, -3.5591 -0.0591 -1.378, -3.5591 0.0591 -1.378, -3.4409 -0.0591 -1.378, -3.4409 0.0591 -1.378
            ]
        }
        coordIndex [
            0,1,2,-1,3,4,5,-1,5,4,6,-1,7,8,9,-1,9,8,10,-1,6,11,5,-1,5,11,12,-1,5,12,2,-1,2,12,13,-1,2,13,0,-1,1,14,2,-1,2,14,15,-1,2,15,16,-1,16,15,17,-1,16,17,18,-1,18,19,16,-1,16,19,20,-1,16,20,21,-1,7,22,8,-1,8,22,23,-1,8,23,5,-1,5,23,24,-1,5,24,3,-1,21,25,16,-1,16,25,26,-1,16,26,8,-1,8,26,27,-1,8,27,10,-1,28,29,30,-1,30,29,2,-1,30,2,31,-1,31,2,16,-1,31,16,32,-1,32,16,33,-1,32,33,28,-1,28,33,29,-1,34,29,35,-1,35,29,33,-1,36,5,37,-1,37,5,34,-1,37,34,38,-1,38,34,35,-1,38,35,39,-1,39,35,8,-1,39,8,36,-1,36,8,5,-1,29,34,2,-1,2,34,5,-1,35,33,8,-1,8,33,16,-1,31,39,30,-1,30,39,36,-1,38,32,37,-1,37,32,28,-1,32,38,31,-1,31,38,39,-1,37,28,36,-1,36,28,30,-1,40,41,42,-1,42,41,43,-1,44,45,46,-1,44,46,47,-1,47,46,48,-1,47,48,49,-1,49,48,50,-1,49,50,51,-1,51,50,52,-1,51,52,53,-1,53,52,54,-1,53,54,55,-1,56,57,43,-1,43,57,58,-1,59,51,60,-1,60,51,53,-1,60,53,61,-1,61,53,55,-1,61,55,62,-1,62,55,63,-1,62,63,58,-1,58,63,42,-1,58,42,43,-1,64,65,66,-1,66,65,67,-1,66,67,68,-1,68,67,69,-1,68,69,70,-1,70,69,71,-1,70,71,72,-1,72,71,73,-1,72,73,74,-1,74,73,75,-1,74,75,76,-1,76,75,77,-1,76,77,78,-1,78,77,79,-1,78,79,80,-1,80,79,81,-1,80,81,82,-1,82,81,83,-1,82,83,84,-1,84,83,85,-1,84,85,86,-1,86,85,87,-1,86,87,88,-1,88,87,89,-1,88,89,90,-1,90,89,91,-1,90,91,92,-1,92,91,93,-1,92,93,94,-1,94,93,44,-1,94,44,95,-1,95,44,47,-1,95,47,59,-1,59,47,49,-1,59,49,51,-1,96,97,98,-1,99,100,101,-1,101,102,99,-1,99,102,103,-1,99,103,104,-1,41,40,99,-1,98,41,96,-1,96,41,99,-1,96,99,105,-1,105,99,104,-1,106,107,108,-1,108,107,109,-1,108,109,110,-1,110,109,111,-1,110,111,112,-1,112,111,113,-1,112,113,114,-1,114,113,115,-1,114,115,116,-1,116,115,117,-1,116,117,118,-1,118,117,119,-1,118,119,120,-1,120,119,121,-1,120,121,122,-1,122,121,123,-1,122,123,124,-1,124,123,125,-1,124,125,126,-1,126,125,127,-1,126,127,128,-1,128,127,129,-1,128,129,130,-1,130,129,131,-1,130,131,132,-1,132,131,133,-1,132,133,134,-1,134,133,135,-1,134,135,45,-1,45,135,100,-1,99,54,100,-1,100,54,52,-1,100,52,50,-1,50,48,100,-1,100,48,46,-1,100,46,45,-1,56,43,98,-1,98,43,41,-1,57,56,97,-1,97,56,98,-1,58,57,96,-1,96,57,97,-1,58,96,62,-1,62,96,105,-1,62,105,61,-1,61,105,104,-1,61,104,60,-1,60,104,103,-1,60,103,59,-1,59,103,102,-1,59,102,95,-1,95,102,101,-1,95,101,94,-1,94,101,100,-1,92,94,135,-1,135,94,100,-1,92,135,90,-1,90,135,133,-1,90,133,88,-1,88,133,131,-1,88,131,86,-1,86,131,129,-1,86,129,84,-1,84,129,127,-1,84,127,82,-1,82,127,125,-1,82,125,80,-1,80,125,123,-1,78,80,121,-1,121,80,123,-1,78,121,119,-1,78,119,76,-1,76,119,117,-1,76,117,74,-1,74,117,115,-1,74,115,72,-1,72,115,113,-1,72,113,70,-1,70,113,111,-1,70,111,68,-1,68,111,109,-1,68,109,66,-1,64,66,107,-1,107,66,109,-1,136,137,138,-1,138,137,139,-1,106,108,65,-1,65,108,67,-1,67,108,69,-1,69,108,110,-1,69,110,71,-1,71,110,112,-1,71,112,73,-1,73,112,114,-1,73,114,75,-1,75,114,116,-1,75,116,77,-1,77,116,118,-1,77,118,79,-1,79,118,120,-1,81,79,122,-1,122,79,120,-1,81,122,124,-1,81,124,83,-1,83,124,126,-1,83,126,85,-1,85,126,128,-1,85,128,87,-1,87,128,130,-1,87,130,89,-1,89,130,132,-1,89,132,91,-1,91,132,134,-1,91,134,93,-1,44,93,45,-1,45,93,134,-1,
        ]
    }
}
Shape{
    appearance Appearance {
        material  Material 	{
            diffuseColor 0.27450980392156865 0.49411764705882355 0.27450980392156865
            specularColor 0.0196078431372549 0.03529411764705882 0.0196078431372549
            ambientIntensity 0.5763
            transparency 0.0
            shininess 0.5
        }
    }
    geometry IndexedFaceSet {
        ccw TRUE
        solid FALSE
        coord DEF co Coordinate {
            point [
                -3.7362 -1.1024 1.8475, -3.9221 -1.2882 2.0334, -3.9264 -1.2925 2.0195, -3.9331 -1.2992 0.2356, -3.7362 -1.1024 0.445, -3.9331 -1.2992 1.9685, -3.9314 -1.2975 1.9942, -3.2638 -1.1024 1.8475, -3.0779 -1.2882 2.0334, -3.2638 -1.1024 0.445, -3.0669 -1.2992 0.2356, -3.0669 -1.2992 1.9685, -3.0686 -1.2975 1.9942, -3.0736 -1.2925 2.0195
            ]
        }
        coordIndex [
            0,1,2,-1,3,4,5,-1,5,4,0,-1,5,0,6,-1,6,0,2,-1,7,8,0,-1,0,8,1,-1,9,10,7,-1,7,10,11,-1,11,12,7,-1,7,12,13,-1,7,13,8,-1,
        ]
    }
}
Shape{
    appearance Appearance {
        material  Material 	{
            diffuseColor 0.6470588235294118 0.6196078431372549 0.5882352941176471
            specularColor 0.45098039215686275 0.43529411764705883 0.4117647058823529
            ambientIntensity 0.6242
            transparency 0.0
            shininess 0.5
        }
    }
    geometry IndexedFaceSet {
        ccw TRUE
        solid FALSE
        coord DEF co Coordinate {
            point [
                -3.4016 0.0984 -0.9842, -3.4409 0.0591 -1.378, -3.5984 0.0984 -0.9842, -3.5591 0.0591 -1.378, -3.4016 -0.0984 -0.9842, -3.4409 -0.0591 -1.378, -3.5591 -0.0591 -1.378, -3.5984 -0.0984 -0.9842, -3.1506 0.1467 3.1417, -3.1838 0.199 3.1417, -3.1858 0.1973 3.1621, -3.6045 0.3355 3.1417, -3.6754 0.3108 3.1417, -3.6742 0.3083 3.1621, -3.1567 0.0435 3.2144, -3.1476 0.0435 3.2094, -3.1707 0.1053 3.2099, -3.1089 0.0498 3.1417, -3.1353 0.1225 3.1417, -3.1377 0.1214 3.1621, -3.1448 0.1179 3.1811, -3.1098 0.0435 3.1637, -3.1094 0.0435 3.1621, -3.1087 0.0435 3.1596, -3.1066 0.0435 3.1417, -3.1339 0.0435 3.2006, -3.1307 0.0435 3.1971, -3.1561 0.1124 3.1974, -3.1211 0.0435 3.1867, -3.1171 0.0435 3.1805, -3.1396 0.0435 3.205, -3.1636 0.0435 3.2168, -3.1878 0.097 3.2178, -3.1671 0.0435 3.2174, -3.1834 0.0435 3.2203, -3.2061 0.0881 3.2205, -3.1884 0.0435 3.2205, -3.8116 0.0435 3.2205, -3.7939 0.0881 3.2205, -3.8121 0.0435 3.2205, -3.8122 0.097 3.2178, -3.8322 0.0435 3.218, -3.8293 0.1053 3.2099, -3.841 0.0435 3.2153, -3.8329 0.0435 3.2178, -3.8693 0.0435 3.1971, -3.8657 0.0435 3.2009, -3.8439 0.1124 3.1974, -3.8583 0.0435 3.2065, -3.8524 0.0435 3.2095, -3.8785 0.0435 3.1872, -3.8552 0.1179 3.1811, -3.8833 0.0435 3.1797, -3.89 0.0435 3.1644, -3.8623 0.1214 3.1621, -3.8904 0.0435 3.1621, -3.8647 0.1225 3.1417, -3.8911 0.0498 3.1417, -3.8933 0.0435 3.1467, -3.8934 0.0435 3.1417, -3.7548 0.1497 3.2205, -3.7707 0.1624 3.2178, -3.7855 0.1743 3.2099, -3.7983 0.1845 3.1974, -3.808 0.1924 3.1811, -3.8142 0.1973 3.1621, -3.4275 0.2638 3.2205, -3.3587 0.2398 3.2205, -3.423 0.2836 3.2178, -3.3499 0.2581 3.2178, -3.4188 0.3022 3.2099, -3.3417 0.2753 3.2099, -3.4152 0.3181 3.1974, -3.3346 0.29 3.1974, -3.4124 0.3303 3.1811, -3.3292 0.3012 3.1811, -3.4107 0.3379 3.1621, -3.3258 0.3083 3.1621, -3.7016 0.2944 3.1417, -3.7521 0.2628 3.1417, -3.7504 0.2607 3.1621, -3.7455 0.2545 3.1811, -3.7377 0.2447 3.1974, -3.7276 0.2319 3.2099, -3.7158 0.2171 3.2178, -3.7031 0.2011 3.2205, -3.785 0.2301 3.1417, -3.8162 0.199 3.1417, -3.8494 0.1467 3.1417, -3.6708 0.3012 3.1811, -3.6654 0.29 3.1974, -3.6583 0.2753 3.2099, -3.6501 0.2581 3.2178, -3.6413 0.2398 3.2205, -3.5899 0.3405 3.1417, -3.5893 0.3379 3.1621, -3.5876 0.3303 3.1811, -3.5848 0.3181 3.1974, -3.5812 0.3022 3.2099, -3.577 0.2836 3.2178, -3.5725 0.2638 3.2205, -3.5 0.2719 3.2205, -3.5 0.2923 3.2178, -3.5 0.3113 3.2099, -3.5 0.3276 3.1974, -3.5 0.3401 3.1811, -3.5 0.348 3.1621, -3.5 0.3506 3.1417, -3.4101 0.3405 3.1417, -3.215 0.2301 3.1417, -3.2479 0.2628 3.1417, -3.2496 0.2607 3.1621, -3.2545 0.2545 3.1811, -3.2623 0.2447 3.1974, -3.2724 0.2319 3.2099, -3.2842 0.2171 3.2178, -3.2969 0.2011 3.2205, -3.2984 0.2944 3.1417, -3.3246 0.3108 3.1417, -3.3955 0.3355 3.1417, -3.192 0.1924 3.1811, -3.2017 0.1845 3.1974, -3.2145 0.1743 3.2099, -3.2293 0.1624 3.2178, -3.2452 0.1497 3.2205, -3.8934 -0.1533 3.0236, -3.8934 -0.1533 3.1417, -3.1066 -0.1533 3.0236, -3.893 -0.1533 3.1498, -3.8911 -0.1533 3.1592, -3.1338 -0.1533 3.2005, -3.1247 -0.1533 3.1905, -3.8849 -0.1533 3.1757, -3.89 -0.1533 3.1644, -3.1066 -0.1533 3.1417, -3.1076 -0.1533 3.1542, -3.153 -0.1533 3.2122, -3.1412 -0.1533 3.2062, -3.1373 -0.1533 3.2032, -3.115 -0.1533 3.1758, -3.1094 -0.1533 3.1624, -3.1087 -0.1533 3.1592, -3.878 -0.1533 3.1878, -3.8754 -0.1533 3.1906, -3.1212 -0.1533 3.1868, -3.1164 -0.1533 3.1793, -3.1701 -0.1533 3.2182, -3.1673 -0.1533 3.2179, -3.1585 -0.1533 3.2151, -3.8825 -0.1533 3.1812, -3.865 -0.1533 3.2015, -3.8591 -0.1533 3.206, -3.847 -0.1533 3.2123, -3.8418 -0.1533 3.215, -3.8348 -0.1533 3.2173, -3.8299 -0.1533 3.2181, -3.1873 -0.1533 3.2205, -3.1884 -0.1533 3.2205, -3.8116 -0.1533 3.2205, -3.815 -0.1533 3.2204, -3.8934 0.0435 3.0236, -3.1066 0.0435 3.0236, -3.0945 -0.0549 3.0236, -3.9055 -0.0549 3.0236
            ]
        }
        coordIndex [
            0,1,2,-1,2,1,3,-1,4,5,0,-1,0,5,1,-1,6,7,3,-1,3,7,2,-1,7,6,4,-1,4,6,5,-1,8,9,10,-1,11,12,13,-1,14,15,16,-1,17,18,19,-1,20,21,19,-1,19,21,22,-1,19,22,17,-1,17,22,23,-1,17,23,24,-1,25,26,27,-1,27,26,28,-1,27,28,20,-1,20,28,29,-1,20,29,21,-1,16,15,27,-1,27,15,30,-1,27,30,25,-1,14,16,31,-1,31,16,32,-1,31,32,33,-1,33,32,34,-1,34,32,35,-1,34,35,36,-1,37,38,39,-1,39,38,40,-1,39,40,41,-1,42,43,40,-1,40,43,44,-1,40,44,41,-1,45,46,47,-1,47,46,48,-1,47,48,42,-1,42,48,49,-1,42,49,43,-1,45,47,50,-1,50,47,51,-1,50,51,52,-1,52,51,53,-1,53,51,54,-1,53,54,55,-1,54,56,55,-1,55,56,57,-1,55,57,58,-1,58,57,59,-1,38,60,40,-1,40,60,61,-1,40,61,42,-1,42,61,62,-1,42,62,47,-1,47,62,63,-1,47,63,51,-1,51,63,64,-1,51,64,54,-1,54,64,65,-1,66,67,68,-1,68,67,69,-1,68,69,70,-1,70,69,71,-1,70,71,72,-1,72,71,73,-1,72,73,74,-1,74,73,75,-1,74,75,76,-1,76,75,77,-1,78,79,80,-1,80,79,65,-1,80,65,81,-1,81,65,64,-1,81,64,82,-1,82,64,63,-1,82,63,83,-1,83,63,62,-1,83,62,84,-1,84,62,61,-1,84,61,85,-1,85,61,60,-1,79,86,65,-1,65,86,87,-1,65,87,54,-1,54,87,88,-1,54,88,56,-1,12,78,13,-1,13,78,80,-1,13,80,89,-1,89,80,81,-1,89,81,90,-1,90,81,82,-1,90,82,91,-1,91,82,83,-1,91,83,92,-1,92,83,84,-1,92,84,93,-1,93,84,85,-1,94,11,95,-1,95,11,13,-1,95,13,96,-1,96,13,89,-1,96,89,97,-1,97,89,90,-1,97,90,98,-1,98,90,91,-1,98,91,99,-1,99,91,92,-1,99,92,100,-1,100,92,93,-1,100,101,99,-1,99,101,102,-1,99,102,98,-1,98,102,103,-1,98,103,97,-1,97,103,104,-1,97,104,96,-1,96,104,105,-1,96,105,95,-1,95,105,106,-1,95,106,94,-1,94,106,107,-1,101,66,102,-1,102,66,68,-1,102,68,103,-1,103,68,70,-1,103,70,104,-1,104,70,72,-1,104,72,105,-1,105,72,74,-1,105,74,106,-1,106,74,76,-1,106,76,107,-1,107,76,108,-1,109,110,111,-1,111,110,77,-1,111,77,112,-1,112,77,75,-1,112,75,113,-1,113,75,73,-1,113,73,114,-1,114,73,71,-1,114,71,115,-1,115,71,69,-1,115,69,116,-1,116,69,67,-1,110,117,77,-1,77,117,118,-1,77,118,76,-1,76,118,119,-1,76,119,108,-1,9,109,10,-1,10,109,111,-1,10,111,120,-1,120,111,112,-1,120,112,121,-1,121,112,113,-1,121,113,122,-1,122,113,114,-1,122,114,123,-1,123,114,115,-1,123,115,124,-1,124,115,116,-1,18,8,19,-1,19,8,10,-1,19,10,20,-1,20,10,120,-1,20,120,27,-1,27,120,121,-1,27,121,16,-1,16,121,122,-1,16,122,32,-1,32,122,123,-1,32,123,35,-1,35,123,124,-1,125,126,127,-1,127,126,128,-1,127,128,129,-1,130,131,132,-1,129,133,127,-1,127,133,132,-1,127,132,134,-1,134,132,135,-1,136,137,138,-1,139,140,132,-1,132,140,141,-1,132,141,135,-1,142,143,138,-1,131,144,132,-1,132,144,145,-1,132,145,139,-1,146,147,148,-1,130,132,138,-1,138,132,149,-1,138,149,142,-1,143,150,138,-1,138,150,151,-1,138,151,152,-1,152,153,138,-1,138,153,154,-1,138,154,155,-1,148,136,146,-1,146,136,138,-1,146,138,156,-1,156,138,157,-1,157,138,158,-1,158,138,155,-1,158,155,159,-1,59,160,161,-1,59,161,58,-1,24,44,161,-1,161,44,43,-1,24,23,44,-1,44,23,22,-1,44,22,21,-1,43,49,161,-1,161,49,48,-1,161,48,46,-1,46,45,161,-1,161,45,50,-1,161,50,52,-1,52,53,161,-1,161,53,55,-1,161,55,58,-1,21,29,44,-1,44,29,28,-1,44,28,26,-1,26,25,44,-1,44,25,30,-1,44,30,15,-1,34,15,33,-1,33,15,14,-1,33,14,31,-1,34,36,15,-1,15,36,37,-1,15,37,44,-1,44,37,39,-1,44,39,41,-1,161,160,162,-1,162,160,163,-1,162,163,127,-1,127,163,125,-1,
        ]
    }
}
Shape{
    appearance Appearance {
        material  Material 	{
            diffuseColor 1.0 0.9490196078431372 0.8980392156862745
            specularColor 0.011764705882352941 0.00784313725490196 0.00784313725490196
            ambientIntensity 0.9585
            transparency 0.0
            shininess 0.5
        }
    }
    geometry IndexedFaceSet {
        ccw TRUE
        solid FALSE
        coord DEF co Coordinate {
            point [
                -3.4717 -1.0242 0.0039, -3.4717 -1.0242 0.0, -3.4626 -1.0664 0.0039, -3.4626 -1.0664 0.0, -3.4759 -1.0027 0.0039, -3.4759 -1.0027 0.0, -3.4776 -0.9959 0.0039, -3.4776 -0.9959 0.0, -3.4767 -0.9997 0.0, -3.478 -0.9949 0.0039, -3.478 -0.9949 0.0, -3.4783 -0.9942 0.0039, -3.4783 -0.9942 0.0, -3.4786 -0.9938 0.0039, -3.4786 -0.9938 0.0, -3.4789 -0.9935 0.0039, -3.4789 -0.9935 0.0, -3.4791 -0.9933 0.0039, -3.4791 -0.9933 0.0, -3.4794 -0.9932 0.0039, -3.4794 -0.9932 0.0, -3.4796 -0.9932 0.0039, -3.4796 -0.9932 0.0, -3.4798 -0.9932 0.0039, -3.4798 -0.9932 0.0, -3.48 -0.9932 0.0039, -3.48 -0.9932 0.0, -3.4802 -0.9934 0.0039, -3.4802 -0.9934 0.0, -3.4804 -0.9936 0.0039, -3.4804 -0.9936 0.0, -3.4805 -0.9938 0.0039, -3.4805 -0.9938 0.0, -3.4807 -0.9946 0.0039, -3.4807 -0.9946 0.0, -3.4812 -0.9981 0.0039, -3.4812 -0.9981 0.0, -3.4814 -0.9997 0.0, -3.4816 -1.0015 0.0039, -3.4816 -1.0015 0.0, -3.483 -1.0134 0.0039, -3.483 -1.0134 0.0, -3.4834 -1.0189 0.0039, -3.4834 -1.0189 0.0, -3.4833 -1.0215 0.0039, -3.4833 -1.0215 0.0, -3.4827 -1.0231 0.0039, -3.4827 -1.0231 0.0, -3.4821 -1.0242 0.0039, -3.4821 -1.0242 0.0, -3.4807 -1.0267 0.0039, -3.4807 -1.0267 0.0, -3.477 -1.0391 0.0039, -3.477 -1.0391 0.0, -3.4739 -1.0517 0.0039, -3.4739 -1.0517 0.0, -3.4454 -1.1839 0.0, -3.4448 -1.1867 0.0039, -3.4448 -1.1867 0.0, -3.4408 -1.1867 0.0039, -3.4408 -1.1867 0.0, -3.4134 -1.0653 0.0039, -3.4134 -1.0653 0.0, -3.4402 -1.1839 0.0, -3.41 -1.0511 0.0039, -3.41 -1.0511 0.0, -3.4085 -1.0444 0.0039, -3.4085 -1.0444 0.0, -3.4066 -1.0378 0.0039, -3.4066 -1.0378 0.0, -3.4046 -1.0324 0.0039, -3.4046 -1.0324 0.0, -3.4028 -1.0274 0.0039, -3.4028 -1.0274 0.0, -3.4016 -1.0256 0.0039, -3.4016 -1.0256 0.0, -3.4007 -1.0245 0.0039, -3.4007 -1.0245 0.0, -3.4004 -1.0241 0.0039, -3.4004 -1.0241 0.0, -3.4002 -1.0238 0.0039, -3.4002 -1.0238 0.0, -3.4002 -1.0235 0.0039, -3.4002 -1.0235 0.0, -3.4002 -1.0224 0.0039, -3.4002 -1.0224 0.0, -3.4006 -1.0158 0.0039, -3.4006 -1.0158 0.0, -3.4006 -1.0157 0.0039, -3.4006 -1.0157 0.0, -3.4017 -1.003 0.0039, -3.4017 -1.003 0.0, -3.4021 -0.9997 0.0, -3.4023 -0.9981 0.0039, -3.4023 -0.9981 0.0, -3.4024 -0.9967 0.0039, -3.4024 -0.9967 0.0, -3.4026 -0.9956 0.0039, -3.4026 -0.9956 0.0, -3.4027 -0.9949 0.0039, -3.4027 -0.9949 0.0, -3.4029 -0.9944 0.0039, -3.4029 -0.9944 0.0, -3.403 -0.9941 0.0039, -3.403 -0.9941 0.0, -3.4031 -0.9939 0.0039, -3.4031 -0.9939 0.0, -3.4033 -0.9937 0.0039, -3.4033 -0.9937 0.0, -3.4035 -0.9936 0.0039, -3.4035 -0.9936 0.0, -3.4037 -0.9936 0.0039, -3.4037 -0.9936 0.0, -3.4039 -0.9936 0.0039, -3.4039 -0.9936 0.0, -3.4042 -0.9936 0.0039, -3.4042 -0.9936 0.0, -3.4045 -0.9938 0.0039, -3.4045 -0.9938 0.0, -3.4048 -0.994 0.0039, -3.4048 -0.994 0.0, -3.405 -0.9943 0.0039, -3.405 -0.9943 0.0, -3.4052 -0.9948 0.0039, -3.4052 -0.9948 0.0, -3.4054 -0.9956 0.0039, -3.4054 -0.9956 0.0, -3.4074 -1.0069 0.0039, -3.4074 -1.0069 0.0, -3.4062 -0.9997 0.0, -3.4241 -1.0757 0.0039, -3.4241 -1.0757 0.0, -3.4428 -1.1595 0.0039, -3.4612 -1.0763 0.0039, -3.4247 -1.08 0.0039, -3.4323 -1.0873 0.0039, -3.4394 -1.0825 0.0039, -3.4418 -1.0812 0.0039, -3.4501 -1.0786 0.0039, -3.4612 -1.0763 0.0, -3.4428 -1.1595 0.0, -3.4501 -1.0786 0.0, -3.4418 -1.0812 0.0, -3.4394 -1.0825 0.0, -3.4323 -1.0873 0.0, -3.4247 -1.08 0.0, -3.5853 -1.1689 0.0039, -3.5853 -1.1689 0.0, -3.5802 -1.1646 0.0039, -3.5802 -1.1646 0.0, -3.5865 -1.1699 0.0039, -3.5865 -1.1699 0.0, -3.5873 -1.1708 0.0039, -3.5873 -1.1708 0.0, -3.5878 -1.1719 0.0039, -3.5878 -1.1719 0.0, -3.5879 -1.1725 0.0039, -3.5879 -1.1725 0.0, -3.5879 -1.1732 0.0039, -3.5879 -1.1732 0.0, -3.5877 -1.1739 0.0039, -3.5877 -1.1739 0.0, -3.5875 -1.1744 0.0039, -3.5875 -1.1744 0.0, -3.5871 -1.1748 0.0039, -3.5871 -1.1748 0.0, -3.5867 -1.1751 0.0039, -3.5867 -1.1751 0.0, -3.5816 -1.1742 0.0039, -3.5816 -1.1742 0.0, -3.5757 -1.1742 0.0039, -3.5757 -1.1742 0.0, -3.5733 -1.1747 0.0039, -3.5733 -1.1747 0.0, -3.5709 -1.1751 0.0039, -3.5709 -1.1751 0.0, -3.5649 -1.1757 0.0039, -3.5649 -1.1757 0.0, -3.5542 -1.1788 0.0039, -3.5542 -1.1788 0.0, -3.548 -1.18 0.0039, -3.548 -1.18 0.0, -3.5417 -1.1805 0.0039, -3.5417 -1.1805 0.0, -3.5329 -1.1799 0.0039, -3.5329 -1.1799 0.0, -3.5266 -1.1784 0.0039, -3.5266 -1.1784 0.0, -3.5213 -1.1757 0.0039, -3.5213 -1.1757 0.0, -3.5167 -1.1715 0.0039, -3.5167 -1.1715 0.0, -3.5121 -1.165 0.0039, -3.5121 -1.165 0.0, -3.5078 -1.1534 0.0039, -3.5078 -1.1534 0.0, -3.5036 -1.1217 0.0039, -3.5036 -1.1217 0.0, -3.5023 -1.0825 0.0039, -3.5023 -1.0825 0.0, -3.5052 -1.0491 0.0039, -3.5052 -1.0491 0.0, -3.5106 -1.0304 0.0039, -3.5106 -1.0304 0.0, -3.5165 -1.0199 0.0039, -3.5165 -1.0199 0.0, -3.5214 -1.014 0.0039, -3.5214 -1.014 0.0, -3.5269 -1.0099 0.0039, -3.5269 -1.0099 0.0, -3.5322 -1.0078 0.0039, -3.5322 -1.0078 0.0, -3.5527 -1.0046 0.0039, -3.5527 -1.0046 0.0, -3.5652 -1.0032 0.0039, -3.5652 -1.0032 0.0, -3.5698 -1.002 0.0039, -3.5698 -1.002 0.0, -3.5728 -1.0002 0.0039, -3.5728 -1.0002 0.0, -3.5736 -0.9997 0.0, -3.5737 -0.9996 0.0039, -3.5737 -0.9996 0.0, -3.574 -0.9996 0.0039, -3.574 -0.9996 0.0, -3.5747 -0.9996 0.0, -3.5747 -0.9996 0.0039, -3.575 -0.9997 0.0, -3.5753 -0.9998 0.0039, -3.5753 -0.9998 0.0, -3.5771 -1.0012 0.0039, -3.5771 -1.0012 0.0, -3.5812 -1.0049 0.0039, -3.5812 -1.0049 0.0, -3.5825 -1.0064 0.0039, -3.5825 -1.0064 0.0, -3.5859 -1.01 0.0039, -3.5859 -1.01 0.0, -3.5866 -1.0108 0.0039, -3.5866 -1.0108 0.0, -3.5871 -1.0114 0.0039, -3.5871 -1.0114 0.0, -3.5874 -1.0119 0.0039, -3.5874 -1.0119 0.0, -3.5876 -1.0122 0.0039, -3.5876 -1.0122 0.0, -3.5877 -1.0125 0.0039, -3.5877 -1.0125 0.0, -3.5877 -1.0128 0.0039, -3.5877 -1.0128 0.0, -3.5876 -1.0132 0.0039, -3.5876 -1.0132 0.0, -3.5874 -1.0138 0.0039, -3.5874 -1.0138 0.0, -3.5873 -1.014 0.0039, -3.5873 -1.014 0.0, -3.5871 -1.0141 0.0039, -3.5871 -1.0141 0.0, -3.587 -1.0142 0.0039, -3.587 -1.0142 0.0, -3.5867 -1.0143 0.0039, -3.5867 -1.0143 0.0, -3.586 -1.0144 0.0039, -3.586 -1.0144 0.0, -3.585 -1.0143 0.0039, -3.585 -1.0143 0.0, -3.5811 -1.0143 0.0039, -3.5811 -1.0143 0.0, -3.5765 -1.0143 0.0039, -3.5765 -1.0143 0.0, -3.5765 -1.1627 0.0039, -3.5765 -1.1627 0.0, -3.5784 -1.1635 0.0039, -3.5784 -1.1635 0.0, -3.5686 -1.1646 0.0039, -3.5686 -1.0148 0.0039, -3.5323 -1.019 0.0039, -3.5386 -1.0174 0.0039, -3.5474 -1.0163 0.0039, -3.5598 -1.0148 0.0039, -3.5277 -1.021 0.0039, -3.5642 -1.0147 0.0039, -3.5632 -1.1669 0.0039, -3.5512 -1.1697 0.0039, -3.5389 -1.1706 0.0039, -3.5314 -1.1691 0.0039, -3.5109 -1.0657 0.0039, -3.5154 -1.0406 0.0039, -3.521 -1.028 0.0039, -3.5243 -1.0237 0.0039, -3.5259 -1.167 0.0039, -3.5226 -1.1646 0.0039, -3.5192 -1.1605 0.0039, -3.516 -1.1544 0.0039, -3.5136 -1.1459 0.0039, -3.5103 -1.1074 0.0039, -3.5474 -1.0163 0.0, -3.5598 -1.0148 0.0, -3.5386 -1.0174 0.0, -3.5323 -1.019 0.0, -3.5277 -1.021 0.0, -3.5243 -1.0237 0.0, -3.521 -1.028 0.0, -3.5154 -1.0406 0.0, -3.5109 -1.0657 0.0, -3.5103 -1.1074 0.0, -3.5136 -1.1459 0.0, -3.516 -1.1544 0.0, -3.5192 -1.1605 0.0, -3.5226 -1.1646 0.0, -3.5259 -1.167 0.0, -3.5314 -1.1691 0.0, -3.5389 -1.1706 0.0, -3.5512 -1.1697 0.0, -3.5632 -1.1669 0.0, -3.5686 -1.1646 0.0, -3.5686 -1.0148 0.0, -3.5642 -1.0147 0.0, -3.6465 -1.104 0.0039, -3.6465 -1.104 0.0, -3.6703 -1.1009 0.0039, -3.6703 -1.1009 0.0, -3.6367 -1.106 0.0039, -3.6367 -1.106 0.0, -3.6304 -1.1082 0.0039, -3.6304 -1.1082 0.0, -3.6276 -1.11 0.0039, -3.6276 -1.11 0.0, -3.625 -1.1114 0.0039, -3.625 -1.1114 0.0, -3.6168 -1.1032 0.0039, -3.6168 -1.1032 0.0, -3.6162 -1.1024 0.0039, -3.6162 -1.1024 0.0, -3.6158 -1.1018 0.0039, -3.6158 -1.1018 0.0, -3.6156 -1.1012 0.0039, -3.6156 -1.1012 0.0, -3.6155 -1.1007 0.0039, -3.6155 -1.1007 0.0, -3.6156 -1.1003 0.0039, -3.6156 -1.1003 0.0, -3.6157 -1.0998 0.0039, -3.6157 -1.0998 0.0, -3.6161 -1.0992 0.0039, -3.6161 -1.0992 0.0, -3.6165 -1.0989 0.0039, -3.6165 -1.0989 0.0, -3.617 -1.0986 0.0039, -3.617 -1.0986 0.0, -3.6175 -1.0984 0.0039, -3.6175 -1.0984 0.0, -3.6182 -1.0983 0.0039, -3.6182 -1.0983 0.0, -3.6703 -1.091 0.0039, -3.6703 -1.091 0.0, -3.6703 -1.0143 0.0039, -3.6703 -1.0143 0.0, -3.6281 -1.0202 0.0039, -3.6281 -1.0202 0.0, -3.624 -1.0213 0.0039, -3.624 -1.0213 0.0, -3.6202 -1.0231 0.0039, -3.6202 -1.0231 0.0, -3.6177 -1.0245 0.0039, -3.6177 -1.0245 0.0, -3.6097 -1.0157 0.0039, -3.6097 -1.0157 0.0, -3.6089 -1.0145 0.0039, -3.6089 -1.0145 0.0, -3.6086 -1.0138 0.0039, -3.6086 -1.0138 0.0, -3.6086 -1.0134 0.0039, -3.6086 -1.0134 0.0, -3.6086 -1.013 0.0039, -3.6086 -1.013 0.0, -3.6087 -1.0125 0.0039, -3.6087 -1.0125 0.0, -3.609 -1.012 0.0039, -3.609 -1.012 0.0, -3.6092 -1.0117 0.0039, -3.6092 -1.0117 0.0, -3.6094 -1.0115 0.0039, -3.6094 -1.0115 0.0, -3.6097 -1.0114 0.0039, -3.6097 -1.0114 0.0, -3.6098 -1.0113 0.0039, -3.6098 -1.0113 0.0, -3.6105 -1.0112 0.0039, -3.6105 -1.0112 0.0, -3.6114 -1.0111 0.0039, -3.6114 -1.0111 0.0, -3.6157 -1.0109 0.0039, -3.6157 -1.0109 0.0, -3.6371 -1.0083 0.0039, -3.6371 -1.0083 0.0, -3.6584 -1.0049 0.0039, -3.6584 -1.0049 0.0, -3.6714 -1.0027 0.0039, -3.6714 -1.0027 0.0, -3.6746 -1.0015 0.0039, -3.6746 -1.0015 0.0, -3.6766 -1.001 0.0039, -3.6766 -1.001 0.0, -3.678 -1.001 0.0039, -3.678 -1.001 0.0, -3.6788 -1.0011 0.0039, -3.6788 -1.0011 0.0, -3.6794 -1.0014 0.0039, -3.6794 -1.0014 0.0, -3.6802 -1.0019 0.0039, -3.6802 -1.0019 0.0, -3.6807 -1.0027 0.0039, -3.6807 -1.0027 0.0, -3.681 -1.0033 0.0039, -3.681 -1.0033 0.0, -3.6812 -1.0044 0.0039, -3.6812 -1.0044 0.0, -3.6812 -1.006 0.0039, -3.6812 -1.006 0.0, -3.6811 -1.0066 0.0039, -3.6811 -1.0066 0.0, -3.6793 -1.0138 0.0039, -3.6793 -1.0138 0.0, -3.6785 -1.0211 0.0039, -3.6785 -1.0211 0.0, -3.6785 -1.0265 0.0039, -3.6785 -1.0265 0.0, -3.6784 -1.03 0.0039, -3.6784 -1.03 0.0, -3.6782 -1.0335 0.0039, -3.6782 -1.0335 0.0, -3.6785 -1.1632 0.0039, -3.6785 -1.1632 0.0, -3.6817 -1.167 0.0039, -3.6817 -1.167 0.0, -3.6837 -1.1693 0.0039, -3.6837 -1.1693 0.0, -3.6848 -1.171 0.0039, -3.6848 -1.171 0.0, -3.6852 -1.1719 0.0039, -3.6852 -1.1719 0.0, -3.6855 -1.1733 0.0039, -3.6855 -1.1733 0.0, -3.6855 -1.1742 0.0039, -3.6855 -1.1742 0.0, -3.6855 -1.1748 0.0039, -3.6855 -1.1748 0.0, -3.6855 -1.175 0.0039, -3.6855 -1.175 0.0, -3.6854 -1.1753 0.0039, -3.6854 -1.1753 0.0, -3.6853 -1.1754 0.0039, -3.6853 -1.1754 0.0, -3.6852 -1.1755 0.0039, -3.6852 -1.1755 0.0, -3.685 -1.1756 0.0039, -3.685 -1.1756 0.0, -3.6846 -1.1757 0.0039, -3.6846 -1.1757 0.0, -3.6839 -1.1757 0.0039, -3.6839 -1.1757 0.0, -3.6831 -1.1757 0.0039, -3.6831 -1.1757 0.0, -3.6777 -1.1748 0.0039, -3.6777 -1.1748 0.0, -3.6729 -1.1742 0.0039, -3.6729 -1.1742 0.0, -3.6681 -1.1742 0.0039, -3.6681 -1.1742 0.0, -3.6672 -1.1742 0.0039, -3.6672 -1.1742 0.0, -3.6617 -1.1744 0.0039, -3.6617 -1.1744 0.0, -3.6562 -1.1751 0.0039, -3.6562 -1.1751 0.0, -3.6451 -1.1771 0.0039, -3.6451 -1.1771 0.0, -3.6354 -1.179 0.0039, -3.6354 -1.179 0.0, -3.6277 -1.1818 0.0039, -3.6277 -1.1818 0.0, -3.6261 -1.1827 0.0039, -3.6261 -1.1827 0.0, -3.6244 -1.1839 0.0, -3.6236 -1.1844 0.0039, -3.6236 -1.1844 0.0, -3.6231 -1.1839 0.0, -3.6154 -1.1759 0.0039, -3.6154 -1.1759 0.0, -3.6149 -1.175 0.0039, -3.6149 -1.175 0.0, -3.6145 -1.1743 0.0039, -3.6145 -1.1743 0.0, -3.6143 -1.1738 0.0039, -3.6143 -1.1738 0.0, -3.6143 -1.1734 0.0039, -3.6143 -1.1734 0.0, -3.6143 -1.173 0.0039, -3.6143 -1.173 0.0, -3.6144 -1.1726 0.0039, -3.6144 -1.1726 0.0, -3.6147 -1.1723 0.0039, -3.6147 -1.1723 0.0, -3.6151 -1.1719 0.0039, -3.6151 -1.1719 0.0, -3.6156 -1.1716 0.0039, -3.6156 -1.1716 0.0, -3.6161 -1.1715 0.0039, -3.6161 -1.1715 0.0, -3.6168 -1.1714 0.0039, -3.6168 -1.1714 0.0, -3.6213 -1.1708 0.0039, -3.6213 -1.1708 0.0, -3.628 -1.1699 0.0039, -3.628 -1.1699 0.0, -3.6347 -1.1692 0.0039, -3.6347 -1.1692 0.0, -3.6703 -1.1632 0.0039, -3.6703 -1.1632 0.0, -3.7134 -1.1802 0.0039, -3.7134 -1.1802 0.0, -3.7177 -1.1802 0.0039, -3.7177 -1.1802 0.0, -3.7134 -1.1046 0.0039, -3.7134 -1.1046 0.0, -3.7188 -1.1046 0.0039, -3.7188 -1.1046 0.0, -3.7212 -1.1445 0.0039, -3.7212 -1.1445 0.0, -3.7247 -1.1573 0.0039, -3.7247 -1.1573 0.0, -3.7282 -1.1643 0.0039, -3.7282 -1.1643 0.0, -3.7317 -1.1684 0.0039, -3.7317 -1.1684 0.0, -3.7354 -1.1713 0.0039, -3.7354 -1.1713 0.0, -3.7394 -1.173 0.0039, -3.7394 -1.173 0.0, -3.7437 -1.174 0.0039, -3.7437 -1.174 0.0, -3.7496 -1.1736 0.0039, -3.7496 -1.1736 0.0, -3.7547 -1.1719 0.0039, -3.7547 -1.1719 0.0, -3.7595 -1.1689 0.0039, -3.7595 -1.1689 0.0, -3.764 -1.1645 0.0039, -3.764 -1.1645 0.0, -3.7689 -1.1568 0.0039, -3.7689 -1.1568 0.0, -3.7755 -1.1378 0.0039, -3.7755 -1.1378 0.0, -3.7781 -1.123 0.0039, -3.7781 -1.123 0.0, -3.7791 -1.078 0.0039, -3.7791 -1.078 0.0, -3.7721 -1.0375 0.0039, -3.7721 -1.0375 0.0, -3.7678 -1.026 0.0039, -3.7678 -1.026 0.0, -3.7614 -1.0169 0.0039, -3.7614 -1.0169 0.0, -3.7573 -1.0131 0.0039, -3.7573 -1.0131 0.0, -3.7537 -1.011 0.0039, -3.7537 -1.011 0.0, -3.7499 -1.0098 0.0039, -3.7499 -1.0098 0.0, -3.746 -1.0095 0.0039, -3.746 -1.0095 0.0, -3.7396 -1.0099 0.0039, -3.7396 -1.0099 0.0, -3.7334 -1.0123 0.0039, -3.7334 -1.0123 0.0, -3.7283 -1.0158 0.0039, -3.7283 -1.0158 0.0, -3.7241 -1.0206 0.0039, -3.7241 -1.0206 0.0, -3.7205 -1.028 0.0039, -3.7205 -1.028 0.0, -3.7164 -1.0467 0.0039, -3.7164 -1.0467 0.0, -3.7152 -1.0551 0.0039, -3.7152 -1.0551 0.0, -3.7137 -1.07 0.0039, -3.7137 -1.07 0.0, -3.7092 -1.0698 0.0039, -3.7092 -1.0698 0.0, -3.7113 -1.036 0.0039, -3.7113 -1.036 0.0, -3.7146 -1.0233 0.0039, -3.7146 -1.0233 0.0, -3.7194 -1.0135 0.0039, -3.7194 -1.0135 0.0, -3.7231 -1.0088 0.0039, -3.7231 -1.0088 0.0, -3.7285 -1.0044 0.0039, -3.7285 -1.0044 0.0, -3.7354 -1.0013 0.0039, -3.7354 -1.0013 0.0, -3.742 -1.0001 0.0039, -3.742 -1.0001 0.0, -3.7493 -1.0004 0.0039, -3.7493 -1.0004 0.0, -3.7568 -1.0027 0.0039, -3.7568 -1.0027 0.0, -3.7633 -1.0065 0.0039, -3.7633 -1.0065 0.0, -3.7681 -1.0113 0.0039, -3.7681 -1.0113 0.0, -3.7745 -1.0219 0.0039, -3.7745 -1.0219 0.0, -3.7824 -1.0456 0.0039, -3.7824 -1.0456 0.0, -3.7855 -1.0648 0.0039, -3.7855 -1.0648 0.0, -3.7856 -1.1219 0.0039, -3.7856 -1.1219 0.0, -3.7788 -1.1526 0.0039, -3.7788 -1.1526 0.0, -3.7728 -1.1661 0.0039, -3.7728 -1.1661 0.0, -3.767 -1.1736 0.0039, -3.767 -1.1736 0.0, -3.7582 -1.1804 0.0039, -3.7582 -1.1804 0.0, -3.754 -1.1824 0.0039, -3.754 -1.1824 0.0, -3.75 -1.1832 0.0039, -3.75 -1.1832 0.0, -3.746 -1.1833 0.0039, -3.746 -1.1833 0.0, -3.7377 -1.1811 0.0039, -3.7377 -1.1811 0.0, -3.7311 -1.1775 0.0039, -3.7311 -1.1775 0.0, -3.7255 -1.1724 0.0039, -3.7255 -1.1724 0.0, -3.7222 -1.168 0.0039, -3.7222 -1.168 0.0, -3.7197 -1.1635 0.0039, -3.7197 -1.1635 0.0, -3.8578 -1.1751 0.0039, -3.8578 -1.1751 0.0, -3.8703 -1.1907 0.0039, -3.8648 -1.1839 0.0, -3.8703 -1.1907 0.0, -3.8607 -1.1689 0.0039, -3.8607 -1.1689 0.0, -3.862 -1.1609 0.0039, -3.862 -1.1609 0.0, -3.862 -1.1572 0.0039, -3.862 -1.1572 0.0, -3.862 -1.0129 0.0039, -3.862 -1.0129 0.0, -3.8403 -1.0147 0.0039, -3.8403 -1.0147 0.0, -3.8299 -1.0163 0.0039, -3.8299 -1.0163 0.0, -3.8264 -1.0171 0.0039, -3.8264 -1.0171 0.0, -3.8243 -1.0181 0.0039, -3.8243 -1.0181 0.0, -3.8217 -1.0203 0.0039, -3.8217 -1.0203 0.0, -3.8208 -1.0209 0.0039, -3.8208 -1.0209 0.0, -3.8199 -1.0213 0.0039, -3.8199 -1.0213 0.0, -3.8133 -1.0155 0.0039, -3.8133 -1.0155 0.0, -3.8102 -1.0127 0.0039, -3.8102 -1.0127 0.0, -3.8091 -1.0115 0.0039, -3.8091 -1.0115 0.0, -3.8086 -1.0106 0.0039, -3.8086 -1.0106 0.0, -3.8084 -1.0097 0.0039, -3.8084 -1.0097 0.0, -3.8083 -1.0086 0.0039, -3.8083 -1.0086 0.0, -3.8086 -1.008 0.0039, -3.8086 -1.008 0.0, -3.8088 -1.0077 0.0039, -3.8088 -1.0077 0.0, -3.8092 -1.0075 0.0039, -3.8092 -1.0075 0.0, -3.8099 -1.0072 0.0039, -3.8099 -1.0072 0.0, -3.811 -1.0071 0.0039, -3.811 -1.0071 0.0, -3.8159 -1.007 0.0039, -3.8159 -1.007 0.0, -3.8231 -1.0059 0.0039, -3.8231 -1.0059 0.0, -3.8418 -1.004 0.0039, -3.8418 -1.004 0.0, -3.8479 -1.0035 0.0039, -3.8479 -1.0035 0.0, -3.8598 -1.0024 0.0039, -3.8598 -1.0024 0.0, -3.8663 -1.0018 0.0039, -3.8663 -1.0018 0.0, -3.8678 -1.0014 0.0039, -3.8678 -1.0014 0.0, -3.8686 -1.0013 0.0039, -3.8686 -1.0013 0.0, -3.8691 -1.0014 0.0039, -3.8691 -1.0014 0.0, -3.8696 -1.0016 0.0039, -3.8696 -1.0016 0.0, -3.8699 -1.0018 0.0039, -3.8699 -1.0018 0.0, -3.8703 -1.0023 0.0039, -3.8703 -1.0023 0.0, -3.8707 -1.0031 0.0039, -3.8707 -1.0031 0.0, -3.8709 -1.0038 0.0039, -3.8709 -1.0038 0.0, -3.8709 -1.0054 0.0039, -3.8709 -1.0054 0.0, -3.8701 -1.0123 0.0039, -3.8701 -1.0123 0.0, -3.87 -1.014 0.0039, -3.87 -1.014 0.0, -3.8694 -1.0307 0.0039, -3.8694 -1.0307 0.0, -3.8694 -1.1581 0.0039, -3.8694 -1.1581 0.0, -3.8696 -1.1719 0.0, -3.8696 -1.1719 0.0039, -3.8714 -1.1839 0.0, -3.8717 -1.1856 0.0039, -3.8717 -1.1856 0.0, -3.8722 -1.1884 0.0039, -3.8722 -1.1884 0.0
            ]
        }
        coordIndex [
            0,1,2,-1,2,1,3,-1,4,5,0,-1,0,5,1,-1,6,7,4,-1,4,7,8,-1,4,8,5,-1,7,6,9,-1,7,9,10,-1,10,9,11,-1,10,11,12,-1,12,11,13,-1,12,13,14,-1,14,13,15,-1,14,15,16,-1,16,15,17,-1,16,17,18,-1,18,17,19,-1,18,19,20,-1,20,19,21,-1,20,21,22,-1,22,21,23,-1,22,23,24,-1,24,23,25,-1,24,25,26,-1,26,25,27,-1,26,27,28,-1,28,27,29,-1,28,29,30,-1,30,29,31,-1,30,31,32,-1,32,31,33,-1,32,33,34,-1,34,33,35,-1,34,35,36,-1,36,35,37,-1,37,35,38,-1,37,38,39,-1,40,41,38,-1,38,41,39,-1,41,40,42,-1,41,42,43,-1,43,42,44,-1,43,44,45,-1,45,44,46,-1,45,46,47,-1,47,46,48,-1,47,48,49,-1,50,51,48,-1,48,51,49,-1,51,50,52,-1,51,52,53,-1,53,52,54,-1,53,54,55,-1,55,54,56,-1,56,54,57,-1,56,57,58,-1,59,60,57,-1,57,60,58,-1,61,62,59,-1,59,62,63,-1,59,63,60,-1,64,65,61,-1,61,65,62,-1,65,64,66,-1,65,66,67,-1,67,66,68,-1,67,68,69,-1,70,71,68,-1,68,71,69,-1,71,70,72,-1,71,72,73,-1,73,72,74,-1,73,74,75,-1,75,74,76,-1,75,76,77,-1,77,76,78,-1,77,78,79,-1,79,78,80,-1,79,80,81,-1,81,80,82,-1,81,82,83,-1,83,82,84,-1,83,84,85,-1,85,84,86,-1,85,86,87,-1,87,86,88,-1,87,88,89,-1,90,91,88,-1,88,91,89,-1,91,90,92,-1,92,90,93,-1,92,93,94,-1,94,93,95,-1,94,95,96,-1,96,95,97,-1,96,97,98,-1,98,97,99,-1,98,99,100,-1,100,99,101,-1,100,101,102,-1,102,101,103,-1,102,103,104,-1,104,103,105,-1,104,105,106,-1,106,105,107,-1,106,107,108,-1,108,107,109,-1,108,109,110,-1,110,109,111,-1,110,111,112,-1,112,111,113,-1,112,113,114,-1,114,113,115,-1,114,115,116,-1,116,115,117,-1,116,117,118,-1,118,117,119,-1,118,119,120,-1,120,119,121,-1,120,121,122,-1,122,121,123,-1,122,123,124,-1,124,123,125,-1,124,125,126,-1,127,128,125,-1,125,128,129,-1,125,129,126,-1,130,131,127,-1,127,131,128,-1,130,2,131,-1,131,2,3,-1,132,57,133,-1,133,57,54,-1,6,4,35,-1,130,134,135,-1,74,72,127,-1,127,72,70,-1,135,136,130,-1,130,136,137,-1,130,137,2,-1,2,137,138,-1,52,0,54,-1,54,0,2,-1,54,2,133,-1,133,2,138,-1,70,68,127,-1,127,68,66,-1,127,66,130,-1,130,66,64,-1,130,64,134,-1,134,64,61,-1,134,61,132,-1,132,61,59,-1,132,59,57,-1,0,40,4,-1,4,40,38,-1,4,38,35,-1,97,95,125,-1,125,95,93,-1,125,93,127,-1,127,93,90,-1,90,88,127,-1,127,88,86,-1,127,86,74,-1,74,86,84,-1,74,84,76,-1,52,50,0,-1,0,50,48,-1,0,48,46,-1,33,11,35,-1,35,11,9,-1,35,9,6,-1,46,44,0,-1,0,44,42,-1,0,42,40,-1,82,80,84,-1,84,80,78,-1,84,78,76,-1,121,103,123,-1,123,103,101,-1,123,101,125,-1,125,101,99,-1,125,99,97,-1,121,119,103,-1,103,119,117,-1,103,117,105,-1,31,15,33,-1,33,15,13,-1,33,13,11,-1,31,29,15,-1,15,29,27,-1,15,27,25,-1,19,17,21,-1,21,17,15,-1,21,15,23,-1,23,15,25,-1,113,111,115,-1,115,111,109,-1,115,109,117,-1,117,109,107,-1,117,107,105,-1,133,139,132,-1,132,139,140,-1,139,133,138,-1,139,138,141,-1,141,138,137,-1,141,137,142,-1,142,137,136,-1,142,136,143,-1,135,144,136,-1,136,144,143,-1,134,145,135,-1,135,145,144,-1,140,145,132,-1,132,145,134,-1,146,147,148,-1,148,147,149,-1,147,146,150,-1,147,150,151,-1,151,150,152,-1,151,152,153,-1,153,152,154,-1,153,154,155,-1,155,154,156,-1,155,156,157,-1,157,156,158,-1,157,158,159,-1,159,158,160,-1,159,160,161,-1,161,160,162,-1,161,162,163,-1,163,162,164,-1,163,164,165,-1,165,164,166,-1,165,166,167,-1,168,169,166,-1,166,169,167,-1,170,171,168,-1,168,171,169,-1,171,170,172,-1,171,172,173,-1,173,172,174,-1,173,174,175,-1,176,177,174,-1,174,177,175,-1,178,179,176,-1,176,179,177,-1,179,178,180,-1,179,180,181,-1,181,180,182,-1,181,182,183,-1,183,182,184,-1,183,184,185,-1,185,184,186,-1,185,186,187,-1,187,186,188,-1,187,188,189,-1,189,188,190,-1,189,190,191,-1,191,190,192,-1,191,192,193,-1,193,192,194,-1,193,194,195,-1,195,194,196,-1,195,196,197,-1,197,196,198,-1,197,198,199,-1,199,198,200,-1,199,200,201,-1,201,200,202,-1,201,202,203,-1,203,202,204,-1,203,204,205,-1,205,204,206,-1,205,206,207,-1,207,206,208,-1,207,208,209,-1,209,208,210,-1,209,210,211,-1,211,210,212,-1,211,212,213,-1,214,215,212,-1,212,215,213,-1,215,214,216,-1,215,216,217,-1,217,216,218,-1,217,218,219,-1,219,218,220,-1,220,218,221,-1,220,221,222,-1,222,221,223,-1,222,223,224,-1,225,224,226,-1,226,224,223,-1,225,226,227,-1,227,226,228,-1,227,228,229,-1,229,228,230,-1,229,230,231,-1,231,230,232,-1,231,232,233,-1,233,232,234,-1,233,234,235,-1,236,237,234,-1,234,237,235,-1,237,236,238,-1,237,238,239,-1,239,238,240,-1,239,240,241,-1,241,240,242,-1,241,242,243,-1,243,242,244,-1,243,244,245,-1,245,244,246,-1,245,246,247,-1,247,246,248,-1,247,248,249,-1,249,248,250,-1,249,250,251,-1,251,250,252,-1,251,252,253,-1,253,252,254,-1,253,254,255,-1,255,254,256,-1,255,256,257,-1,257,256,258,-1,257,258,259,-1,259,258,260,-1,259,260,261,-1,261,260,262,-1,261,262,263,-1,263,262,264,-1,263,264,265,-1,266,267,264,-1,264,267,265,-1,268,269,266,-1,266,269,267,-1,270,271,268,-1,268,271,269,-1,271,270,272,-1,271,272,273,-1,273,272,148,-1,273,148,149,-1,242,240,264,-1,170,168,274,-1,168,166,146,-1,146,166,164,-1,146,164,150,-1,146,148,168,-1,168,148,272,-1,168,272,274,-1,274,272,270,-1,274,270,275,-1,276,277,232,-1,232,277,278,-1,232,278,279,-1,240,238,264,-1,264,238,236,-1,264,236,266,-1,266,236,234,-1,266,234,268,-1,268,234,232,-1,232,230,276,-1,276,230,216,-1,276,216,280,-1,270,268,275,-1,275,268,232,-1,275,232,281,-1,281,232,279,-1,282,283,178,-1,178,283,180,-1,180,283,284,-1,180,284,182,-1,258,256,254,-1,178,176,282,-1,282,176,174,-1,282,174,274,-1,274,174,172,-1,274,172,170,-1,182,284,184,-1,184,284,285,-1,184,285,186,-1,264,250,248,-1,162,154,164,-1,164,154,152,-1,164,152,150,-1,162,160,154,-1,154,160,158,-1,154,158,156,-1,286,287,202,-1,250,264,252,-1,252,264,262,-1,252,262,254,-1,254,262,260,-1,254,260,258,-1,248,246,264,-1,264,246,244,-1,264,244,242,-1,226,223,228,-1,228,223,221,-1,228,221,230,-1,230,221,218,-1,230,218,216,-1,202,287,204,-1,216,214,280,-1,280,214,212,-1,280,212,210,-1,287,288,204,-1,204,288,289,-1,204,289,206,-1,206,289,280,-1,206,280,208,-1,208,280,210,-1,186,285,188,-1,188,285,290,-1,188,290,190,-1,190,290,291,-1,190,291,192,-1,192,291,292,-1,192,292,194,-1,292,293,194,-1,194,293,294,-1,194,294,196,-1,196,294,295,-1,196,295,198,-1,198,295,286,-1,198,286,200,-1,200,286,202,-1,278,296,279,-1,279,296,297,-1,296,278,277,-1,296,277,298,-1,298,277,276,-1,298,276,299,-1,299,276,280,-1,299,280,300,-1,300,280,289,-1,300,289,301,-1,301,289,288,-1,301,288,302,-1,302,288,287,-1,302,287,303,-1,303,287,286,-1,303,286,304,-1,304,286,295,-1,304,295,305,-1,305,295,294,-1,305,294,306,-1,306,294,293,-1,306,293,307,-1,307,293,292,-1,307,292,308,-1,308,292,291,-1,308,291,309,-1,309,291,290,-1,309,290,310,-1,310,290,285,-1,310,285,311,-1,311,285,284,-1,311,284,312,-1,312,284,283,-1,312,283,313,-1,313,283,282,-1,313,282,314,-1,274,315,282,-1,282,315,314,-1,275,316,274,-1,274,316,315,-1,316,275,281,-1,316,281,317,-1,317,281,279,-1,317,279,297,-1,318,319,320,-1,320,319,321,-1,319,318,322,-1,319,322,323,-1,323,322,324,-1,323,324,325,-1,325,324,326,-1,325,326,327,-1,328,329,326,-1,326,329,327,-1,330,331,328,-1,328,331,329,-1,331,330,332,-1,331,332,333,-1,333,332,334,-1,333,334,335,-1,335,334,336,-1,335,336,337,-1,337,336,338,-1,337,338,339,-1,339,338,340,-1,339,340,341,-1,341,340,342,-1,341,342,343,-1,343,342,344,-1,343,344,345,-1,345,344,346,-1,345,346,347,-1,347,346,348,-1,347,348,349,-1,349,348,350,-1,349,350,351,-1,351,350,352,-1,351,352,353,-1,354,355,352,-1,352,355,353,-1,356,357,354,-1,354,357,355,-1,358,359,356,-1,356,359,357,-1,359,358,360,-1,359,360,361,-1,361,360,362,-1,361,362,363,-1,364,365,362,-1,362,365,363,-1,366,367,364,-1,364,367,365,-1,367,366,368,-1,367,368,369,-1,369,368,370,-1,369,370,371,-1,371,370,372,-1,371,372,373,-1,373,372,374,-1,373,374,375,-1,375,374,376,-1,375,376,377,-1,377,376,378,-1,377,378,379,-1,379,378,380,-1,379,380,381,-1,381,380,382,-1,381,382,383,-1,383,382,384,-1,383,384,385,-1,385,384,386,-1,385,386,387,-1,387,386,388,-1,387,388,389,-1,389,388,390,-1,389,390,391,-1,392,393,390,-1,390,393,391,-1,393,392,394,-1,393,394,395,-1,395,394,396,-1,395,396,397,-1,398,399,396,-1,396,399,397,-1,399,398,400,-1,399,400,401,-1,401,400,402,-1,401,402,403,-1,403,402,404,-1,403,404,405,-1,405,404,406,-1,405,406,407,-1,407,406,408,-1,407,408,409,-1,409,408,410,-1,409,410,411,-1,411,410,412,-1,411,412,413,-1,413,412,414,-1,413,414,415,-1,415,414,416,-1,415,416,417,-1,417,416,418,-1,417,418,419,-1,419,418,420,-1,419,420,421,-1,421,420,422,-1,421,422,423,-1,423,422,424,-1,423,424,425,-1,426,427,424,-1,424,427,425,-1,427,426,428,-1,427,428,429,-1,429,428,430,-1,429,430,431,-1,432,433,430,-1,430,433,431,-1,433,432,434,-1,433,434,435,-1,435,434,436,-1,435,436,437,-1,437,436,438,-1,437,438,439,-1,439,438,440,-1,439,440,441,-1,441,440,442,-1,441,442,443,-1,443,442,444,-1,443,444,445,-1,445,444,446,-1,445,446,447,-1,447,446,448,-1,447,448,449,-1,449,448,450,-1,449,450,451,-1,451,450,452,-1,451,452,453,-1,453,452,454,-1,453,454,455,-1,455,454,456,-1,455,456,457,-1,457,456,458,-1,457,458,459,-1,459,458,460,-1,459,460,461,-1,461,460,462,-1,461,462,463,-1,464,465,462,-1,462,465,463,-1,465,464,466,-1,465,466,467,-1,467,466,468,-1,467,468,469,-1,470,471,468,-1,468,471,469,-1,471,470,472,-1,471,472,473,-1,473,472,474,-1,473,474,475,-1,476,477,474,-1,474,477,475,-1,477,476,478,-1,477,478,479,-1,479,478,480,-1,479,480,481,-1,481,480,482,-1,481,482,483,-1,483,482,484,-1,484,482,485,-1,484,485,486,-1,486,485,487,-1,487,485,488,-1,487,488,489,-1,489,488,490,-1,489,490,491,-1,491,490,492,-1,491,492,493,-1,493,492,494,-1,493,494,495,-1,495,494,496,-1,495,496,497,-1,497,496,498,-1,497,498,499,-1,499,498,500,-1,499,500,501,-1,501,500,502,-1,501,502,503,-1,503,502,504,-1,503,504,505,-1,505,504,506,-1,505,506,507,-1,507,506,508,-1,507,508,509,-1,509,508,510,-1,509,510,511,-1,512,513,510,-1,510,513,511,-1,513,512,514,-1,513,514,515,-1,515,514,516,-1,515,516,517,-1,518,519,516,-1,516,519,517,-1,518,320,519,-1,519,320,321,-1,402,400,356,-1,362,360,392,-1,392,360,358,-1,326,324,352,-1,400,398,356,-1,356,398,396,-1,356,396,358,-1,358,396,394,-1,358,394,392,-1,430,428,356,-1,428,426,356,-1,356,426,424,-1,356,424,422,-1,422,420,356,-1,356,420,418,-1,356,418,416,-1,320,354,318,-1,318,354,352,-1,318,352,322,-1,322,352,324,-1,362,392,364,-1,364,392,390,-1,364,390,366,-1,366,390,388,-1,366,388,386,-1,356,410,408,-1,436,434,518,-1,518,434,432,-1,518,432,320,-1,320,432,430,-1,320,430,354,-1,354,430,356,-1,416,414,356,-1,356,414,412,-1,356,412,410,-1,336,334,350,-1,350,334,352,-1,328,326,330,-1,330,326,352,-1,330,352,332,-1,332,352,334,-1,448,446,518,-1,518,446,444,-1,518,444,442,-1,386,384,366,-1,366,384,382,-1,366,382,380,-1,408,406,356,-1,356,406,404,-1,356,404,402,-1,496,494,508,-1,508,494,492,-1,508,492,510,-1,510,492,490,-1,510,490,488,-1,472,470,518,-1,518,470,468,-1,518,468,466,-1,466,464,518,-1,518,464,462,-1,518,462,460,-1,370,376,372,-1,372,376,374,-1,380,378,366,-1,366,378,376,-1,366,376,368,-1,368,376,370,-1,454,452,518,-1,518,452,450,-1,518,450,448,-1,442,440,518,-1,518,440,438,-1,518,438,436,-1,488,485,510,-1,510,485,482,-1,510,482,512,-1,512,482,480,-1,512,480,514,-1,514,480,478,-1,514,478,516,-1,516,478,476,-1,516,476,518,-1,518,476,474,-1,518,474,472,-1,460,458,518,-1,518,458,456,-1,518,456,454,-1,342,340,350,-1,350,340,338,-1,350,338,336,-1,502,508,504,-1,504,508,506,-1,502,500,508,-1,508,500,498,-1,508,498,496,-1,348,346,350,-1,350,346,344,-1,350,344,342,-1,520,521,522,-1,522,521,523,-1,524,525,520,-1,520,525,521,-1,526,527,524,-1,524,527,525,-1,527,526,528,-1,527,528,529,-1,529,528,530,-1,529,530,531,-1,531,530,532,-1,531,532,533,-1,533,532,534,-1,533,534,535,-1,535,534,536,-1,535,536,537,-1,537,536,538,-1,537,538,539,-1,539,538,540,-1,539,540,541,-1,541,540,542,-1,541,542,543,-1,543,542,544,-1,543,544,545,-1,545,544,546,-1,545,546,547,-1,547,546,548,-1,547,548,549,-1,549,548,550,-1,549,550,551,-1,551,550,552,-1,551,552,553,-1,553,552,554,-1,553,554,555,-1,555,554,556,-1,555,556,557,-1,557,556,558,-1,557,558,559,-1,559,558,560,-1,559,560,561,-1,561,560,562,-1,561,562,563,-1,563,562,564,-1,563,564,565,-1,565,564,566,-1,565,566,567,-1,567,566,568,-1,567,568,569,-1,569,568,570,-1,569,570,571,-1,571,570,572,-1,571,572,573,-1,573,572,574,-1,573,574,575,-1,575,574,576,-1,575,576,577,-1,577,576,578,-1,577,578,579,-1,579,578,580,-1,579,580,581,-1,581,580,582,-1,581,582,583,-1,583,582,584,-1,583,584,585,-1,586,587,584,-1,584,587,585,-1,588,589,586,-1,586,589,587,-1,589,588,590,-1,589,590,591,-1,591,590,592,-1,591,592,593,-1,593,592,594,-1,593,594,595,-1,595,594,596,-1,595,596,597,-1,597,596,598,-1,597,598,599,-1,599,598,600,-1,599,600,601,-1,601,600,602,-1,601,602,603,-1,603,602,604,-1,603,604,605,-1,605,604,606,-1,605,606,607,-1,607,606,608,-1,607,608,609,-1,609,608,610,-1,609,610,611,-1,611,610,612,-1,611,612,613,-1,613,612,614,-1,613,614,615,-1,615,614,616,-1,615,616,617,-1,617,616,618,-1,617,618,619,-1,619,618,620,-1,619,620,621,-1,621,620,622,-1,621,622,623,-1,623,622,624,-1,623,624,625,-1,625,624,626,-1,625,626,627,-1,627,626,628,-1,627,628,629,-1,629,628,630,-1,629,630,631,-1,631,630,632,-1,631,632,633,-1,633,632,634,-1,633,634,635,-1,635,634,636,-1,635,636,637,-1,637,636,638,-1,637,638,639,-1,639,638,640,-1,639,640,641,-1,642,643,640,-1,640,643,641,-1,642,522,643,-1,643,522,523,-1,524,520,642,-1,642,520,522,-1,640,536,642,-1,642,536,534,-1,642,534,532,-1,526,524,528,-1,528,524,642,-1,528,642,530,-1,530,642,532,-1,640,638,536,-1,536,638,636,-1,536,636,538,-1,538,636,634,-1,538,634,540,-1,540,634,632,-1,540,632,542,-1,632,630,542,-1,542,630,628,-1,542,628,544,-1,544,628,626,-1,544,626,546,-1,546,626,624,-1,546,624,548,-1,548,624,622,-1,548,622,550,-1,550,622,552,-1,552,622,620,-1,552,620,554,-1,554,620,618,-1,554,618,556,-1,556,618,616,-1,556,616,558,-1,558,616,614,-1,558,614,560,-1,560,614,612,-1,560,612,562,-1,562,612,610,-1,562,610,564,-1,564,610,608,-1,564,608,566,-1,566,608,606,-1,566,606,568,-1,568,606,604,-1,568,604,570,-1,570,604,602,-1,570,602,572,-1,572,602,600,-1,572,600,574,-1,574,600,598,-1,574,598,576,-1,576,598,596,-1,576,596,578,-1,578,596,594,-1,578,594,580,-1,580,594,592,-1,580,592,582,-1,582,592,590,-1,582,590,584,-1,584,590,588,-1,584,588,586,-1,644,645,646,-1,646,645,647,-1,646,647,648,-1,645,644,649,-1,645,649,650,-1,650,649,651,-1,650,651,652,-1,652,651,653,-1,652,653,654,-1,655,656,653,-1,653,656,654,-1,656,655,657,-1,656,657,658,-1,658,657,659,-1,658,659,660,-1,660,659,661,-1,660,661,662,-1,662,661,663,-1,662,663,664,-1,664,663,665,-1,664,665,666,-1,666,665,667,-1,666,667,668,-1,668,667,669,-1,668,669,670,-1,670,669,671,-1,670,671,672,-1,672,671,673,-1,672,673,674,-1,674,673,675,-1,674,675,676,-1,676,675,677,-1,676,677,678,-1,678,677,679,-1,678,679,680,-1,680,679,681,-1,680,681,682,-1,682,681,683,-1,682,683,684,-1,684,683,685,-1,684,685,686,-1,686,685,687,-1,686,687,688,-1,688,687,689,-1,688,689,690,-1,690,689,691,-1,690,691,692,-1,692,691,693,-1,692,693,694,-1,694,693,695,-1,694,695,696,-1,696,695,697,-1,696,697,698,-1,698,697,699,-1,698,699,700,-1,701,702,699,-1,699,702,700,-1,703,704,701,-1,701,704,702,-1,704,703,705,-1,704,705,706,-1,706,705,707,-1,706,707,708,-1,708,707,709,-1,708,709,710,-1,710,709,711,-1,710,711,712,-1,712,711,713,-1,712,713,714,-1,714,713,715,-1,714,715,716,-1,716,715,717,-1,716,717,718,-1,718,717,719,-1,718,719,720,-1,720,719,721,-1,720,721,722,-1,722,721,723,-1,722,723,724,-1,724,723,725,-1,724,725,726,-1,727,728,725,-1,725,728,726,-1,729,730,727,-1,727,730,728,-1,731,730,732,-1,732,730,729,-1,731,732,733,-1,733,732,734,-1,733,734,735,-1,736,737,734,-1,734,737,735,-1,736,646,737,-1,737,646,648,-1,667,665,693,-1,693,665,663,-1,693,663,695,-1,669,667,671,-1,671,667,693,-1,671,693,673,-1,673,693,691,-1,673,691,675,-1,729,727,655,-1,655,727,725,-1,655,725,723,-1,663,661,695,-1,695,661,659,-1,695,659,697,-1,697,659,657,-1,646,736,644,-1,644,736,734,-1,644,734,649,-1,649,734,732,-1,649,732,651,-1,651,732,729,-1,651,729,653,-1,653,729,655,-1,723,721,655,-1,655,721,719,-1,655,719,717,-1,679,689,687,-1,689,679,691,-1,691,679,677,-1,691,677,675,-1,717,715,655,-1,655,715,713,-1,655,713,711,-1,711,709,655,-1,655,709,707,-1,655,707,705,-1,705,703,655,-1,655,703,701,-1,655,701,657,-1,657,701,699,-1,657,699,697,-1,687,685,679,-1,679,685,683,-1,679,683,681,-1,
        ]
    }
}
Shape{
    appearance Appearance {
        material  Material 	{
            diffuseColor 0.27450980392156865 0.49411764705882355 0.27450980392156865
            specularColor 0.0196078431372549 0.03529411764705882 0.0196078431372549
            ambientIntensity 0.5763
            transparency 0.0
            shininess 0.5
        }
    }
    geometry IndexedFaceSet {
        ccw TRUE
        solid FALSE
        coord DEF co Coordinate {
            point [
                -3.4323 -1.0873 0.0, -3.4247 -1.08 0.0, -3.4428 -1.1595 0.0, -3.4612 -1.0763 0.0, -3.4501 -1.0786 0.0, -3.4418 -1.0812 0.0, -3.4394 -1.0825 0.0, -3.5686 -1.1646 0.0, -3.5686 -1.0148 0.0, -3.5632 -1.1669 0.0, -3.5642 -1.0147 0.0, -3.5598 -1.0148 0.0, -3.5474 -1.0163 0.0, -3.5386 -1.0174 0.0, -3.5389 -1.1706 0.0, -3.5512 -1.1697 0.0, -3.5103 -1.1074 0.0, -3.5109 -1.0657 0.0, -3.5314 -1.1691 0.0, -3.5136 -1.1459 0.0, -3.516 -1.1544 0.0, -3.5323 -1.019 0.0, -3.5277 -1.021 0.0, -3.5243 -1.0237 0.0, -3.5192 -1.1605 0.0, -3.5226 -1.1646 0.0, -3.5259 -1.167 0.0, -3.521 -1.028 0.0, -3.5154 -1.0406 0.0, -3.7362 0.9842 1.5222, -3.7362 0.9842 1.8676, -3.2638 0.9842 1.5222, -3.2638 0.9842 1.8676, -3.7362 0.9842 0.7874, -3.7362 1.1811 0.7874, -3.7362 1.1811 1.1811, -3.2638 1.1811 0.7874, -3.2638 0.9842 0.7874, -3.2638 1.1811 1.1811
            ]
        }
        coordIndex [
            0,1,2,-1,2,3,4,-1,4,5,2,-1,2,5,6,-1,2,6,0,-1,7,8,9,-1,9,8,10,-1,10,11,9,-1,9,11,12,-1,9,12,13,-1,14,15,16,-1,16,15,9,-1,16,9,17,-1,14,16,18,-1,18,16,19,-1,18,19,20,-1,13,21,9,-1,9,21,22,-1,9,22,23,-1,20,24,18,-1,18,24,25,-1,18,25,26,-1,23,27,9,-1,9,27,28,-1,9,28,17,-1,29,30,31,-1,31,30,32,-1,33,34,29,-1,29,34,35,-1,29,35,30,-1,36,37,38,-1,38,37,31,-1,38,31,32,-1,37,36,33,-1,33,36,34,-1,
        ]
    }
}
Shape{
    appearance Appearance {
        material  Material 	{
            diffuseColor 0.6470588235294118 0.6196078431372549 0.5882352941176471
            specularColor 0.45098039215686275 0.43529411764705883 0.4117647058823529
            ambientIntensity 0.6242
            transparency 0.0
            shininess 0.5
        }
    }
    geometry IndexedFaceSet {
        ccw TRUE
        solid FALSE
        coord DEF co Coordinate {
            point [
                3.8116 -0.1533 3.2205, 3.1884 -0.1533 3.2205, 3.2061 -0.1979 3.2205, 3.7548 -0.2595 3.2205, 3.7939 -0.1979 3.2205, 3.2969 -0.3109 3.2205, 3.2452 -0.2595 3.2205, 3.3587 -0.3496 3.2205, 3.4275 -0.3736 3.2205, 3.5 -0.3817 3.2205, 3.5725 -0.3736 3.2205, 3.6413 -0.3496 3.2205, 3.7031 -0.3109 3.2205, 3.1506 -0.2565 3.1417, 3.1838 -0.3088 3.1417, 3.1853 -0.3075 3.1593, 3.6045 -0.4453 3.1417, 3.6754 -0.4206 3.1417, 3.6745 -0.4188 3.1593, 3.1089 -0.1596 3.1417, 3.1353 -0.2323 3.1417, 3.1371 -0.2315 3.1593, 3.8127 -0.1533 3.2205, 3.8096 -0.2056 3.2185, 3.8299 -0.1533 3.2182, 3.8327 -0.1533 3.2179, 3.8246 -0.2128 3.2127, 3.8415 -0.1533 3.2151, 3.838 -0.2194 3.2033, 3.8588 -0.1533 3.2062, 3.847 -0.1533 3.2122, 3.8492 -0.2248 3.1908, 3.8662 -0.1533 3.2005, 3.8627 -0.1533 3.2032, 3.885 -0.1533 3.1758, 3.8836 -0.1533 3.1793, 3.8577 -0.2289 3.1759, 3.8788 -0.1533 3.1868, 3.8753 -0.1533 3.1905, 3.8906 -0.1533 3.1624, 3.8629 -0.2315 3.1593, 3.8913 -0.1533 3.1592, 3.8647 -0.2323 3.1417, 3.8911 -0.1596 3.1417, 3.8924 -0.1533 3.1542, 3.8934 -0.1533 3.1417, 3.107 -0.1533 3.1498, 3.1066 -0.1533 3.1417, 3.1089 -0.1533 3.1592, 3.11 -0.1533 3.1644, 3.1423 -0.2289 3.1759, 3.1151 -0.1533 3.1757, 3.162 -0.2194 3.2033, 3.1246 -0.1533 3.1906, 3.1508 -0.2248 3.1908, 3.122 -0.1533 3.1878, 3.1175 -0.1533 3.1812, 3.1754 -0.2128 3.2127, 3.1409 -0.1533 3.206, 3.135 -0.1533 3.2015, 3.1652 -0.1533 3.2173, 3.1582 -0.1533 3.215, 3.153 -0.1533 3.2123, 3.1701 -0.1533 3.2181, 3.1904 -0.2056 3.2185, 3.185 -0.1533 3.2204, 3.7685 -0.2705 3.2185, 3.7815 -0.2809 3.2127, 3.7931 -0.2902 3.2033, 3.8029 -0.298 3.1908, 3.8102 -0.3039 3.1759, 3.8147 -0.3075 3.1593, 3.4237 -0.3907 3.2185, 3.3511 -0.3654 3.2185, 3.42 -0.4069 3.2127, 3.3439 -0.3804 3.2127, 3.4167 -0.4214 3.2033, 3.3375 -0.3938 3.2033, 3.4139 -0.4336 3.1908, 3.3321 -0.4051 3.1908, 3.4118 -0.4427 3.1759, 3.328 -0.4135 3.1759, 3.4105 -0.4484 3.1593, 3.3255 -0.4188 3.1593, 3.7016 -0.4042 3.1417, 3.7521 -0.3726 3.1417, 3.7509 -0.371 3.1593, 3.7472 -0.3665 3.1759, 3.7414 -0.3591 3.1908, 3.7337 -0.3494 3.2033, 3.7244 -0.3377 3.2127, 3.714 -0.3246 3.2185, 3.785 -0.3399 3.1417, 3.8162 -0.3088 3.1417, 3.8494 -0.2565 3.1417, 3.672 -0.4135 3.1759, 3.6679 -0.4051 3.1908, 3.6625 -0.3938 3.2033, 3.6561 -0.3804 3.2127, 3.6489 -0.3654 3.2185, 3.5899 -0.4504 3.1417, 3.5895 -0.4484 3.1593, 3.5882 -0.4427 3.1759, 3.5861 -0.4336 3.1908, 3.5833 -0.4214 3.2033, 3.58 -0.4069 3.2127, 3.5763 -0.3907 3.2185, 3.5 -0.3992 3.2185, 3.5 -0.4159 3.2127, 3.5 -0.4308 3.2033, 3.5 -0.4433 3.1908, 3.5 -0.4526 3.1759, 3.5 -0.4585 3.1593, 3.5 -0.4604 3.1417, 3.4101 -0.4504 3.1417, 3.215 -0.3399 3.1417, 3.2479 -0.3726 3.1417, 3.2491 -0.371 3.1593, 3.2528 -0.3665 3.1759, 3.2586 -0.3591 3.1908, 3.2663 -0.3494 3.2033, 3.2756 -0.3377 3.2127, 3.286 -0.3246 3.2185, 3.2984 -0.4042 3.1417, 3.3246 -0.4206 3.1417, 3.3955 -0.4453 3.1417, 3.1898 -0.3039 3.1759, 3.1971 -0.298 3.1908, 3.2069 -0.2902 3.2033, 3.2185 -0.2809 3.2127, 3.2315 -0.2705 3.2185, 3.7352 -0.0549 2.6435, 3.7272 0.006 1.8392, 3.7272 0.006 2.6435, 3.7037 0.0627 1.8392, 3.7037 0.0627 2.6435, 3.6663 0.1114 1.8392, 3.6663 0.1114 2.6435, 3.6176 0.1488 1.8392, 3.6176 0.1488 2.6435, 3.5609 0.1723 1.8392, 3.5609 0.1723 2.6435, 3.5 0.1803 1.8392, 3.5 0.1803 2.6435, 3.4391 0.1723 1.8392, 3.4391 0.1723 2.6435, 3.3824 0.1488 1.8392, 3.3824 0.1488 2.6435, 3.3337 0.1114 1.8392, 3.3337 0.1114 2.6435, 3.2963 0.0627 1.8392, 3.2963 0.0627 2.6435, 3.2728 0.006 1.8392, 3.2728 0.006 2.6435, 3.2648 -0.0549 1.8392, 3.2648 -0.0549 2.6435, 3.2728 -0.1158 1.8392, 3.2728 -0.1158 2.6435, 3.2963 -0.1725 1.8392, 3.2963 -0.1725 2.6435, 3.3337 -0.2212 1.8392, 3.3337 -0.2212 2.6435, 3.3824 -0.2586 1.8392, 3.3824 -0.2586 2.6435, 3.4391 -0.2821 1.8392, 3.4391 -0.2821 2.6435, 3.5 -0.2901 1.8392, 3.5 -0.2901 2.6435, 3.5609 -0.2821 1.8392, 3.5609 -0.2821 2.6435, 3.6176 -0.2586 1.8392, 3.6176 -0.2586 2.6435, 3.6663 -0.2212 1.8392, 3.6663 -0.2212 2.6435, 3.7037 -0.1725 1.8392, 3.7037 -0.1725 2.6435, 3.7272 -0.1158 1.8392, 3.7272 -0.1158 2.6435, 3.7352 -0.0549 1.8392
            ]
        }
        coordIndex [
            0,1,2,-1,3,4,5,-1,0,2,4,-1,4,2,6,-1,4,6,5,-1,7,8,5,-1,5,8,9,-1,5,9,10,-1,10,11,5,-1,5,11,12,-1,5,12,3,-1,13,14,15,-1,16,17,18,-1,19,20,21,-1,0,4,22,-1,22,4,23,-1,22,23,24,-1,24,23,25,-1,25,23,26,-1,25,26,27,-1,28,29,26,-1,26,29,30,-1,26,30,27,-1,31,32,28,-1,28,32,33,-1,28,33,29,-1,34,35,36,-1,36,35,37,-1,36,37,31,-1,31,37,38,-1,31,38,32,-1,34,36,39,-1,39,36,40,-1,39,40,41,-1,40,42,41,-1,41,42,43,-1,41,43,44,-1,44,43,45,-1,46,47,19,-1,46,19,48,-1,48,19,21,-1,48,21,49,-1,49,21,50,-1,49,50,51,-1,52,53,54,-1,54,53,55,-1,54,55,50,-1,50,55,56,-1,50,56,51,-1,57,58,52,-1,52,58,59,-1,52,59,53,-1,60,61,57,-1,57,61,62,-1,57,62,58,-1,60,57,63,-1,63,57,64,-1,63,64,65,-1,65,64,2,-1,65,2,1,-1,4,3,23,-1,23,3,66,-1,23,66,26,-1,26,66,67,-1,26,67,28,-1,28,67,68,-1,28,68,31,-1,31,68,69,-1,31,69,36,-1,36,69,70,-1,36,70,40,-1,40,70,71,-1,8,7,72,-1,72,7,73,-1,72,73,74,-1,74,73,75,-1,74,75,76,-1,76,75,77,-1,76,77,78,-1,78,77,79,-1,78,79,80,-1,80,79,81,-1,80,81,82,-1,82,81,83,-1,84,85,86,-1,86,85,71,-1,86,71,87,-1,87,71,70,-1,87,70,88,-1,88,70,69,-1,88,69,89,-1,89,69,68,-1,89,68,90,-1,90,68,67,-1,90,67,91,-1,91,67,66,-1,91,66,12,-1,12,66,3,-1,85,92,71,-1,71,92,93,-1,71,93,40,-1,40,93,94,-1,40,94,42,-1,17,84,18,-1,18,84,86,-1,18,86,95,-1,95,86,87,-1,95,87,96,-1,96,87,88,-1,96,88,97,-1,97,88,89,-1,97,89,98,-1,98,89,90,-1,98,90,99,-1,99,90,91,-1,99,91,11,-1,11,91,12,-1,100,16,101,-1,101,16,18,-1,101,18,102,-1,102,18,95,-1,102,95,103,-1,103,95,96,-1,103,96,104,-1,104,96,97,-1,104,97,105,-1,105,97,98,-1,105,98,106,-1,106,98,99,-1,106,99,10,-1,10,99,11,-1,10,9,106,-1,106,9,107,-1,106,107,105,-1,105,107,108,-1,105,108,104,-1,104,108,109,-1,104,109,103,-1,103,109,110,-1,103,110,102,-1,102,110,111,-1,102,111,101,-1,101,111,112,-1,101,112,100,-1,100,112,113,-1,9,8,107,-1,107,8,72,-1,107,72,108,-1,108,72,74,-1,108,74,109,-1,109,74,76,-1,109,76,110,-1,110,76,78,-1,110,78,111,-1,111,78,80,-1,111,80,112,-1,112,80,82,-1,112,82,113,-1,113,82,114,-1,115,116,117,-1,117,116,83,-1,117,83,118,-1,118,83,81,-1,118,81,119,-1,119,81,79,-1,119,79,120,-1,120,79,77,-1,120,77,121,-1,121,77,75,-1,121,75,122,-1,122,75,73,-1,122,73,5,-1,5,73,7,-1,116,123,83,-1,83,123,124,-1,83,124,82,-1,82,124,125,-1,82,125,114,-1,14,115,15,-1,15,115,117,-1,15,117,126,-1,126,117,118,-1,126,118,127,-1,127,118,119,-1,127,119,128,-1,128,119,120,-1,128,120,129,-1,129,120,121,-1,129,121,130,-1,130,121,122,-1,130,122,6,-1,6,122,5,-1,20,13,21,-1,21,13,15,-1,21,15,50,-1,50,15,126,-1,50,126,54,-1,54,126,127,-1,54,127,52,-1,52,127,128,-1,52,128,57,-1,57,128,129,-1,57,129,64,-1,64,129,130,-1,64,130,2,-1,2,130,6,-1,131,132,133,-1,133,132,134,-1,133,134,135,-1,135,134,136,-1,135,136,137,-1,137,136,138,-1,137,138,139,-1,139,138,140,-1,139,140,141,-1,141,140,142,-1,141,142,143,-1,143,142,144,-1,143,144,145,-1,145,144,146,-1,145,146,147,-1,147,146,148,-1,147,148,149,-1,149,148,150,-1,149,150,151,-1,151,150,152,-1,151,152,153,-1,153,152,154,-1,153,154,155,-1,155,154,156,-1,155,156,157,-1,157,156,158,-1,157,158,159,-1,159,158,160,-1,159,160,161,-1,161,160,162,-1,161,162,163,-1,163,162,164,-1,163,164,165,-1,165,164,166,-1,165,166,167,-1,167,166,168,-1,167,168,169,-1,169,168,170,-1,169,170,171,-1,171,170,172,-1,171,172,173,-1,173,172,174,-1,173,174,175,-1,175,174,176,-1,175,176,177,-1,177,176,178,-1,177,178,131,-1,131,178,132,-1,
        ]
    }
}
Shape{
    appearance Appearance {
        material  Material 	{
            diffuseColor 0.27450980392156865 0.49411764705882355 0.27450980392156865
            specularColor 0.0196078431372549 0.03529411764705882 0.0196078431372549
            ambientIntensity 0.5763
            transparency 0.0
            shininess 0.5
        }
    }
    geometry IndexedFaceSet {
        ccw TRUE
        solid FALSE
        coord DEF co Coordinate {
            point [
                4.0 -1.2992 1.9685, 4.0 -1.2992 0.0, 4.0 -1.1839 0.0, 4.0 -0.6361 3.4646, 4.0 -0.9843 2.1654, 4.0 -0.568 3.4646, 4.0 1.1811 1.1811, 4.0 0.5263 3.4646, 4.0 -0.9997 0.0, 4.0 -0.9512 0.0, 4.0 1.1811 0.0, 4.0 -1.2416 2.1077, 4.0 -1.2728 2.0669, 4.0 -1.2008 2.139, 4.0 -1.2925 2.0195, 4.0 -1.1533 2.1586, 4.0 -1.1024 2.1654, 3.8937 -0.8354 0.5543, 3.8937 -0.9093 0.0, 3.7362 -0.8354 0.5543, 3.4017 -0.9093 0.0, 3.2638 -0.8354 0.5543, 3.3027 -0.9093 0.0, 3.1063 -0.9093 0.0, 3.1063 -0.8354 0.5543, 3.117 -0.9093 0.0, 3.2017 -0.9093 0.0, 3.2638 -0.8354 1.3035, 3.1063 -0.8354 1.5292, 3.7362 -0.8354 1.3035, 3.8937 -0.8354 1.5292, 3.1063 -0.6872 1.5292, 3.8937 -0.6872 1.5292, 3.1063 -0.6872 2.6435, 3.8937 -0.6872 2.6435, 3.2963 -0.1725 2.6435, 3.3337 -0.2212 2.6435, 3.3824 0.1488 2.6435, 3.3337 0.1114 2.6435, 3.1063 0.6045 2.6435, 3.2963 0.0627 2.6435, 3.2728 0.006 2.6435, 3.2648 -0.0549 2.6435, 3.2728 -0.1158 2.6435, 3.3824 -0.2586 2.6435, 3.4391 -0.2821 2.6435, 3.5 -0.2901 2.6435, 3.5609 -0.2821 2.6435, 3.6176 -0.2586 2.6435, 3.6663 -0.2212 2.6435, 3.7037 -0.1725 2.6435, 3.7272 0.006 2.6435, 3.8937 0.6045 2.6435, 3.7352 -0.0549 2.6435, 3.7272 -0.1158 2.6435, 3.7037 0.0627 2.6435, 3.6663 0.1114 2.6435, 3.6176 0.1488 2.6435, 3.5609 0.1723 2.6435, 3.5 0.1803 2.6435, 3.4391 0.1723 2.6435, 3.1063 0.6045 2.4779, 3.8937 0.6045 2.4779, 3.1063 0.7633 1.9241, 3.8937 0.7633 1.9241, 3.5984 0.7633 1.5222, 3.8937 0.7633 1.5222, 3.5984 0.7633 1.5433, 3.4016 0.7633 1.5433, 3.4016 0.7633 1.5222, 3.1063 0.7633 1.5222, 3.5984 0.8198 1.5222, 3.8937 0.9842 1.5222, 3.1063 0.9842 1.5222, 3.2638 0.9842 1.5222, 3.4016 0.8198 1.5222, 3.7362 0.9842 1.5222, 3.2638 0.9842 0.7874, 3.7362 0.9842 0.7874, 3.1063 0.9842 0.0, 3.117 0.9842 0.0, 3.2017 0.9842 0.0, 3.3027 0.9842 0.0, 3.4017 0.9842 0.0, 3.8937 0.9842 0.0, 3.3824 -0.2586 2.6818, 3.3402 -0.3317 2.6818, 3.4391 -0.2821 2.6818, 3.4173 -0.3636 2.6818, 3.5 -0.2901 2.6818, 3.5 -0.3745 2.6818, 3.5609 -0.2821 2.6818, 3.5827 -0.3636 2.6818, 3.6176 -0.2586 2.6818, 3.6598 -0.3317 2.6818, 3.6663 -0.2212 2.6818, 3.726 -0.2809 2.6818, 3.7037 -0.1725 2.6818, 3.7768 -0.2147 2.6818, 3.7272 -0.1158 2.6818, 3.8087 -0.1376 2.6818, 3.7352 -0.0549 2.6818, 3.8196 -0.0549 2.6818, 3.7272 0.006 2.6818, 3.8087 0.0278 2.6818, 3.7037 0.0627 2.6818, 3.7768 0.1049 2.6818, 3.6663 0.1114 2.6818, 3.726 0.1711 2.6818, 3.6176 0.1488 2.6818, 3.6598 0.2219 2.6818, 3.5609 0.1723 2.6818, 3.5827 0.2538 2.6818, 3.5 0.1803 2.6818, 3.5 0.2647 2.6818, 3.4391 0.1723 2.6818, 3.4173 0.2538 2.6818, 3.3824 0.1488 2.6818, 3.3402 0.2219 2.6818, 3.3337 0.1114 2.6818, 3.274 0.1711 2.6818, 3.2963 0.0627 2.6818, 3.2232 0.1049 2.6818, 3.2728 0.006 2.6818, 3.1913 0.0278 2.6818, 3.2648 -0.0549 2.6818, 3.1804 -0.0549 2.6818, 3.2728 -0.1158 2.6818, 3.1913 -0.1376 2.6818, 3.2963 -0.1725 2.6818, 3.2232 -0.2147 2.6818, 3.3337 -0.2212 2.6818, 3.274 -0.2809 2.6818, 3.8196 -0.0549 2.7983, 3.8087 0.0278 2.7983, 3.7768 0.1049 2.7983, 3.726 0.1711 2.7983, 3.6598 0.2219 2.7983, 3.5827 0.2538 2.7983, 3.5 0.2647 2.7983, 3.4173 0.2538 2.7983, 3.3402 0.2219 2.7983, 3.274 0.1711 2.7983, 3.2232 0.1049 2.7983, 3.1913 0.0278 2.7983, 3.1804 -0.0549 2.7983, 3.1913 -0.1376 2.7983, 3.2232 -0.2147 2.7983, 3.274 -0.2809 2.7983, 3.3402 -0.3317 2.7983, 3.4173 -0.3636 2.7983, 3.5 -0.3745 2.7983, 3.5827 -0.3636 2.7983, 3.6598 -0.3317 2.7983, 3.726 -0.2809 2.7983, 3.7768 -0.2147 2.7983, 3.8087 -0.1376 2.7983, 3.7225 0.3304 2.7983, 3.6152 0.3748 2.7983, 3.5 0.39 2.7983, 3.3848 0.3748 2.7983, 3.2775 0.3304 2.7983, 3.1854 0.2597 2.7983, 3.1147 0.1676 2.7983, 3.0702 0.0602 2.7983, 3.0551 -0.0549 2.7983, 3.0702 -0.1701 2.7983, 3.1147 -0.2774 2.7983, 3.1854 -0.3695 2.7983, 3.2775 -0.4402 2.7983, 3.3848 -0.4847 2.7983, 3.5 -0.4998 2.7983, 3.6152 -0.4847 2.7983, 3.7225 -0.4402 2.7983, 3.8146 -0.3695 2.7983, 3.8853 -0.2774 2.7983, 3.9298 -0.1701 2.7983, 3.9449 -0.0549 2.7983, 3.9298 0.0602 2.7983, 3.8853 0.1676 2.7983, 3.8146 0.2597 2.7983, 3.9449 -0.0549 3.4646, 3.9298 0.0602 3.4646, 3.8853 0.1676 3.4646, 3.8146 0.2597 3.4646, 3.7225 0.3304 3.4646, 3.6152 0.3748 3.4646, 3.5 0.39 3.4646, 3.3848 0.3748 3.4646, 3.2775 0.3304 3.4646, 3.1854 0.2597 3.4646, 3.1147 0.1676 3.4646, 3.0702 0.0602 3.4646, 3.0551 -0.0549 3.4646, 3.0702 -0.1701 3.4646, 3.1147 -0.2774 3.4646, 3.1854 -0.3695 3.4646, 3.2775 -0.4402 3.4646, 3.3848 -0.4847 3.4646, 3.5 -0.4998 3.4646, 3.6152 -0.4847 3.4646, 3.7225 -0.4402 3.4646, 3.8146 -0.3695 3.4646, 3.8853 -0.2774 3.4646, 3.9298 -0.1701 3.4646
            ]
        }
        coordIndex [
            0,1,2,-1,3,4,5,-1,5,4,6,-1,5,6,7,-1,8,9,4,-1,4,9,10,-1,4,10,6,-1,11,12,13,-1,13,12,14,-1,14,0,13,-1,13,0,2,-1,13,2,15,-1,15,2,8,-1,15,8,16,-1,16,8,4,-1,17,18,19,-1,19,18,20,-1,19,20,21,-1,21,20,22,-1,23,24,25,-1,25,24,21,-1,25,21,26,-1,26,21,22,-1,21,24,27,-1,27,24,28,-1,27,28,29,-1,29,28,30,-1,29,30,19,-1,19,30,17,-1,28,31,30,-1,30,31,32,-1,31,33,32,-1,32,33,34,-1,35,36,33,-1,37,38,39,-1,39,38,40,-1,40,41,39,-1,39,41,42,-1,39,42,33,-1,33,42,43,-1,33,43,35,-1,36,44,33,-1,33,44,45,-1,33,45,34,-1,34,45,46,-1,34,46,47,-1,47,48,34,-1,34,48,49,-1,34,49,50,-1,51,52,53,-1,53,52,34,-1,53,34,54,-1,54,34,50,-1,51,55,52,-1,52,55,56,-1,52,56,57,-1,57,58,52,-1,52,58,59,-1,52,59,39,-1,39,59,60,-1,39,60,37,-1,39,61,52,-1,52,61,62,-1,61,63,62,-1,62,63,64,-1,65,66,67,-1,67,66,64,-1,67,64,68,-1,68,64,63,-1,68,63,69,-1,69,63,70,-1,66,65,71,-1,66,71,72,-1,70,73,74,-1,69,70,75,-1,75,70,74,-1,75,74,71,-1,71,74,76,-1,71,76,72,-1,77,74,73,-1,72,76,78,-1,73,79,77,-1,77,79,80,-1,77,80,81,-1,81,82,77,-1,77,82,83,-1,77,83,78,-1,78,83,84,-1,78,84,72,-1,79,73,23,-1,23,73,70,-1,61,39,33,-1,31,28,24,-1,61,33,63,-1,63,33,31,-1,63,31,70,-1,70,31,24,-1,70,24,23,-1,72,84,66,-1,66,84,18,-1,17,30,32,-1,18,17,66,-1,66,17,32,-1,66,32,64,-1,64,32,34,-1,64,34,62,-1,62,34,52,-1,85,86,87,-1,87,86,88,-1,87,88,89,-1,89,88,90,-1,89,90,91,-1,91,90,92,-1,91,92,93,-1,93,92,94,-1,93,94,95,-1,95,94,96,-1,95,96,97,-1,97,96,98,-1,97,98,99,-1,99,98,100,-1,99,100,101,-1,101,100,102,-1,101,102,103,-1,103,102,104,-1,103,104,105,-1,105,104,106,-1,105,106,107,-1,107,106,108,-1,107,108,109,-1,109,108,110,-1,109,110,111,-1,111,110,112,-1,111,112,113,-1,113,112,114,-1,113,114,115,-1,115,114,116,-1,115,116,117,-1,117,116,118,-1,117,118,119,-1,119,118,120,-1,119,120,121,-1,121,120,122,-1,121,122,123,-1,123,122,124,-1,123,124,125,-1,125,124,126,-1,125,126,127,-1,127,126,128,-1,127,128,129,-1,129,128,130,-1,129,130,131,-1,131,130,132,-1,131,132,85,-1,85,132,86,-1,102,133,104,-1,104,133,134,-1,104,134,106,-1,106,134,135,-1,106,135,108,-1,108,135,136,-1,108,136,110,-1,110,136,137,-1,110,137,112,-1,112,137,138,-1,112,138,114,-1,114,138,139,-1,114,139,116,-1,116,139,140,-1,116,140,118,-1,118,140,141,-1,118,141,120,-1,120,141,142,-1,120,142,122,-1,122,142,143,-1,122,143,124,-1,124,143,144,-1,124,144,126,-1,126,144,145,-1,126,145,128,-1,128,145,146,-1,128,146,130,-1,130,146,147,-1,130,147,132,-1,132,147,148,-1,132,148,86,-1,86,148,149,-1,86,149,88,-1,88,149,150,-1,88,150,90,-1,90,150,151,-1,90,151,92,-1,92,151,152,-1,92,152,94,-1,94,152,153,-1,94,153,96,-1,96,153,154,-1,96,154,98,-1,98,154,155,-1,98,155,100,-1,100,155,156,-1,100,156,102,-1,102,156,133,-1,137,157,138,-1,138,157,158,-1,138,158,139,-1,139,158,159,-1,139,159,140,-1,140,159,160,-1,140,160,141,-1,141,160,161,-1,141,161,142,-1,142,161,162,-1,142,162,143,-1,143,162,163,-1,143,163,144,-1,144,163,164,-1,144,164,145,-1,145,164,165,-1,145,165,146,-1,146,165,166,-1,146,166,147,-1,147,166,167,-1,147,167,148,-1,148,167,168,-1,148,168,149,-1,149,168,169,-1,149,169,150,-1,150,169,170,-1,150,170,151,-1,151,170,171,-1,151,171,152,-1,152,171,172,-1,152,172,153,-1,153,172,173,-1,153,173,154,-1,154,173,174,-1,154,174,155,-1,155,174,175,-1,155,175,156,-1,156,175,176,-1,156,176,133,-1,133,176,177,-1,133,177,134,-1,134,177,178,-1,134,178,135,-1,135,178,179,-1,135,179,136,-1,136,179,180,-1,136,180,137,-1,137,180,157,-1,177,181,178,-1,178,181,182,-1,178,182,179,-1,179,182,183,-1,179,183,180,-1,180,183,184,-1,180,184,157,-1,157,184,185,-1,157,185,158,-1,158,185,186,-1,158,186,159,-1,159,186,187,-1,159,187,160,-1,160,187,188,-1,160,188,161,-1,161,188,189,-1,161,189,162,-1,162,189,190,-1,162,190,163,-1,163,190,191,-1,163,191,164,-1,164,191,192,-1,164,192,165,-1,165,192,193,-1,165,193,166,-1,166,193,194,-1,166,194,167,-1,167,194,195,-1,167,195,168,-1,168,195,196,-1,168,196,169,-1,169,196,197,-1,169,197,170,-1,170,197,198,-1,170,198,171,-1,171,198,199,-1,171,199,172,-1,172,199,200,-1,172,200,173,-1,173,200,201,-1,173,201,174,-1,174,201,202,-1,174,202,175,-1,175,202,203,-1,175,203,176,-1,176,203,204,-1,176,204,177,-1,177,204,181,-1,
        ]
    }
}
Shape{
    appearance Appearance {
        material  Material 	{
            diffuseColor 0.6470588235294118 0.6196078431372549 0.5882352941176471
            specularColor 0.45098039215686275 0.43529411764705883 0.4117647058823529
            ambientIntensity 0.6242
            transparency 0.0
            shininess 0.5
        }
    }
    geometry IndexedFaceSet {
        ccw TRUE
        solid FALSE
        coord DEF co Coordinate {
            point [
                3.7031 0.2011 3.2205, 3.6413 0.2398 3.2205, 3.3587 0.2398 3.2205, 3.1884 0.0435 3.2205, 3.8116 0.0435 3.2205, 3.2061 0.0881 3.2205, 3.7939 0.0881 3.2205, 3.2452 0.1497 3.2205, 3.2969 0.2011 3.2205, 3.7548 0.1497 3.2205, 3.5725 0.2638 3.2205, 3.5 0.2719 3.2205, 3.4275 0.2638 3.2205, 3.1066 0.0435 3.0236, 3.1066 0.0435 3.1417, 3.1089 0.0498 3.1417, 3.8934 -0.1533 3.0236, 3.8934 -0.1533 3.1417, 3.8911 -0.1596 3.1417, 3.8917 -0.1599 2.908, 3.9055 -0.0549 3.0236, 3.9055 -0.0549 2.908, 3.8934 0.0435 3.0236, 3.8917 0.0501 2.908, 3.1083 0.0501 2.908, 3.0945 -0.0549 3.0236, 3.0945 -0.0549 2.908, 3.1066 -0.1533 3.0236, 3.1083 -0.1599 2.908, 3.8647 -0.2323 3.1417, 3.8512 -0.2577 2.908, 3.8494 -0.2565 3.1417, 3.8162 -0.3088 3.1417, 3.7868 -0.3417 2.908, 3.785 -0.3399 3.1417, 3.7521 -0.3726 3.1417, 3.7028 -0.4061 2.908, 3.7016 -0.4042 3.1417, 3.6754 -0.4206 3.1417, 3.605 -0.4466 2.908, 3.6045 -0.4453 3.1417, 3.5899 -0.4504 3.1417, 3.5 -0.4604 2.908, 3.5 -0.4604 3.1417, 3.4101 -0.4504 3.1417, 3.395 -0.4466 2.908, 3.3955 -0.4453 3.1417, 3.3246 -0.4206 3.1417, 3.2972 -0.4061 2.908, 3.2984 -0.4042 3.1417, 3.2479 -0.3726 3.1417, 3.2132 -0.3417 2.908, 3.215 -0.3399 3.1417, 3.1838 -0.3088 3.1417, 3.1488 -0.2577 2.908, 3.1066 -0.1533 3.1417, 3.1089 -0.1596 3.1417, 3.1353 -0.2323 3.1417, 3.1506 -0.2565 3.1417, 3.1353 0.1225 3.1417, 3.1488 0.1479 2.908, 3.1506 0.1467 3.1417, 3.1838 0.199 3.1417, 3.2132 0.2319 2.908, 3.215 0.2301 3.1417, 3.2479 0.2628 3.1417, 3.2972 0.2963 2.908, 3.2984 0.2944 3.1417, 3.3246 0.3108 3.1417, 3.395 0.3368 2.908, 3.3955 0.3355 3.1417, 3.4101 0.3405 3.1417, 3.5 0.3506 2.908, 3.5 0.3506 3.1417, 3.5899 0.3405 3.1417, 3.605 0.3368 2.908, 3.6045 0.3355 3.1417, 3.6754 0.3108 3.1417, 3.7028 0.2963 2.908, 3.7016 0.2944 3.1417, 3.7521 0.2628 3.1417, 3.7868 0.2319 2.908, 3.785 0.2301 3.1417, 3.8162 0.199 3.1417, 3.8512 0.1479 2.908, 3.8934 0.0435 3.1417, 3.8911 0.0498 3.1417, 3.8647 0.1225 3.1417, 3.8494 0.1467 3.1417, 3.4391 0.1723 2.908, 3.5 0.1803 2.908, 3.5609 0.1723 2.908, 3.6176 0.1488 2.908, 3.6663 0.1114 2.908, 3.7037 0.0627 2.908, 3.7272 0.006 2.908, 3.7352 -0.0549 2.908, 3.7272 -0.1158 2.908, 3.7037 -0.1725 2.908, 3.6663 -0.2212 2.908, 3.6176 -0.2586 2.908, 3.5609 -0.2821 2.908, 3.5 -0.2901 2.908, 3.4391 -0.2821 2.908, 3.3824 -0.2586 2.908, 3.3337 -0.2212 2.908, 3.2963 -0.1725 2.908, 3.2728 -0.1158 2.908, 3.2648 -0.0549 2.908, 3.2728 0.006 2.908, 3.2963 0.0627 2.908, 3.3337 0.1114 2.908, 3.3824 0.1488 2.908, 3.7272 0.006 2.6818, 3.7037 0.0627 2.6818, 3.6663 0.1114 2.6818, 3.6176 0.1488 2.6818, 3.5609 0.1723 2.6818, 3.5 0.1803 2.6818, 3.4391 0.1723 2.6818, 3.3824 0.1488 2.6818, 3.3337 0.1114 2.6818, 3.2963 0.0627 2.6818, 3.2728 0.006 2.6818, 3.2648 -0.0549 2.6818, 3.2728 -0.1158 2.6818, 3.2963 -0.1725 2.6818, 3.3337 -0.2212 2.6818, 3.3824 -0.2586 2.6818, 3.4391 -0.2821 2.6818, 3.5 -0.2901 2.6818, 3.5609 -0.2821 2.6818, 3.6176 -0.2586 2.6818, 3.6663 -0.2212 2.6818, 3.7037 -0.1725 2.6818, 3.7272 -0.1158 2.6818, 3.7352 -0.0549 2.6818
            ]
        }
        coordIndex [
            0,1,2,-1,3,4,5,-1,5,4,6,-1,5,6,7,-1,7,6,8,-1,8,6,2,-1,2,6,9,-1,2,9,0,-1,1,10,2,-1,2,10,11,-1,2,11,12,-1,13,14,15,-1,16,17,18,-1,16,19,20,-1,20,19,21,-1,20,21,22,-1,22,21,23,-1,13,24,25,-1,25,24,26,-1,25,26,27,-1,27,26,28,-1,16,18,19,-1,19,18,29,-1,19,29,30,-1,29,31,30,-1,30,31,32,-1,30,32,33,-1,32,34,33,-1,33,34,35,-1,33,35,36,-1,35,37,36,-1,36,37,38,-1,36,38,39,-1,38,40,39,-1,39,40,41,-1,39,41,42,-1,41,43,42,-1,42,43,44,-1,42,44,45,-1,44,46,45,-1,45,46,47,-1,45,47,48,-1,47,49,48,-1,48,49,50,-1,48,50,51,-1,50,52,51,-1,51,52,53,-1,51,53,54,-1,55,27,56,-1,56,27,28,-1,56,28,57,-1,57,28,54,-1,57,54,58,-1,58,54,53,-1,13,15,24,-1,24,15,59,-1,24,59,60,-1,59,61,60,-1,60,61,62,-1,60,62,63,-1,62,64,63,-1,63,64,65,-1,63,65,66,-1,65,67,66,-1,66,67,68,-1,66,68,69,-1,68,70,69,-1,69,70,71,-1,69,71,72,-1,71,73,72,-1,72,73,74,-1,72,74,75,-1,74,76,75,-1,75,76,77,-1,75,77,78,-1,77,79,78,-1,78,79,80,-1,78,80,81,-1,80,82,81,-1,81,82,83,-1,81,83,84,-1,85,22,86,-1,86,22,23,-1,86,23,87,-1,87,23,84,-1,87,84,88,-1,88,84,83,-1,89,69,90,-1,90,69,72,-1,90,72,91,-1,91,72,75,-1,91,75,92,-1,92,75,78,-1,92,78,93,-1,93,78,81,-1,93,81,94,-1,94,81,84,-1,94,84,95,-1,95,84,23,-1,95,23,96,-1,96,23,21,-1,96,21,97,-1,97,21,19,-1,97,19,98,-1,98,19,30,-1,98,30,99,-1,99,30,33,-1,99,33,100,-1,100,33,36,-1,100,36,101,-1,101,36,39,-1,101,39,102,-1,102,39,42,-1,102,42,103,-1,103,42,45,-1,103,45,104,-1,104,45,48,-1,104,48,105,-1,105,48,51,-1,105,51,106,-1,106,51,54,-1,106,54,107,-1,107,54,28,-1,107,28,108,-1,108,28,26,-1,108,26,109,-1,109,26,24,-1,109,24,110,-1,110,24,60,-1,110,60,111,-1,111,60,63,-1,111,63,112,-1,112,63,66,-1,112,66,89,-1,89,66,69,-1,96,113,95,-1,95,113,114,-1,95,114,94,-1,94,114,115,-1,94,115,93,-1,93,115,116,-1,93,116,92,-1,92,116,117,-1,92,117,91,-1,91,117,118,-1,91,118,90,-1,90,118,119,-1,90,119,89,-1,89,119,120,-1,89,120,112,-1,112,120,121,-1,112,121,111,-1,111,121,122,-1,111,122,110,-1,110,122,123,-1,110,123,109,-1,109,123,124,-1,109,124,108,-1,108,124,125,-1,108,125,107,-1,107,125,126,-1,107,126,106,-1,106,126,127,-1,106,127,105,-1,105,127,128,-1,105,128,104,-1,104,128,129,-1,104,129,103,-1,103,129,130,-1,103,130,102,-1,102,130,131,-1,102,131,101,-1,101,131,132,-1,101,132,100,-1,100,132,133,-1,100,133,99,-1,99,133,134,-1,99,134,98,-1,98,134,135,-1,98,135,97,-1,97,135,136,-1,97,136,96,-1,96,136,113,-1,
        ]
    }
}
Shape{
    appearance Appearance {
        material  Material 	{
            diffuseColor 0.27450980392156865 0.49411764705882355 0.27450980392156865
            specularColor 0.0196078431372549 0.03529411764705882 0.0196078431372549
            ambientIntensity 0.5763
            transparency 0.0
            shininess 0.5
        }
    }
    geometry IndexedFaceSet {
        ccw TRUE
        solid FALSE
        coord DEF co Coordinate {
            point [
                3.2638 -1.1024 1.8475, 3.2638 -1.0821 1.8475, 3.7362 -1.1024 1.8475, 3.7362 -1.0821 1.8475, 3.2638 -0.9942 1.3035, 3.7362 -0.9942 1.3035, 3.2638 -0.8354 1.3035, 3.7362 -0.8354 1.3035, 3.2638 -0.8354 0.5543, 3.2638 -0.9997 0.5543, 3.7362 -0.8354 0.5543, 3.7362 -0.9997 0.5543, 3.0669 -1.2992 0.2356, 3.9331 -1.2992 0.2356, 3.7362 -1.1024 0.445, 3.2638 -1.1024 0.445
            ]
        }
        coordIndex [
            0,1,2,-1,2,1,3,-1,1,4,3,-1,3,4,5,-1,4,6,5,-1,5,6,7,-1,8,9,10,-1,10,9,11,-1,12,13,14,-1,11,9,14,-1,14,9,15,-1,14,15,12,-1,4,1,0,-1,8,6,9,-1,9,6,4,-1,9,4,15,-1,15,4,0,-1,14,2,5,-1,5,2,3,-1,7,10,5,-1,5,10,11,-1,5,11,14,-1,
        ]
    }
}
Shape{
    appearance Appearance {
        material  Material 	{
            diffuseColor 0.6470588235294118 0.6196078431372549 0.5882352941176471
            specularColor 0.45098039215686275 0.43529411764705883 0.4117647058823529
            ambientIntensity 0.6242
            transparency 0.0
            shininess 0.5
        }
    }
    geometry IndexedFaceSet {
        ccw TRUE
        solid FALSE
        coord DEF co Coordinate {
            point [
                3.7037 -0.1725 1.8392, 3.6663 -0.2212 1.8392, 3.8543 -0.6375 1.8392, 3.6176 0.1488 1.8392, 3.6663 0.1114 1.8392, 3.8543 0.5848 1.8392, 3.7037 0.0627 1.8392, 3.3824 0.1488 1.8392, 3.1457 0.5848 1.8392, 3.3337 0.1114 1.8392, 3.2963 0.0627 1.8392, 3.7272 0.006 1.8392, 3.7352 -0.0549 1.8392, 3.7272 -0.1158 1.8392, 3.6176 -0.2586 1.8392, 3.5609 -0.2821 1.8392, 3.1457 -0.6375 1.8392, 3.5 -0.2901 1.8392, 3.4391 -0.2821 1.8392, 3.3824 -0.2586 1.8392, 3.3337 -0.2212 1.8392, 3.2963 -0.1725 1.8392, 3.4391 0.1723 1.8392, 3.5 0.1803 1.8392, 3.5609 0.1723 1.8392, 3.2728 -0.1158 1.8392, 3.2648 -0.0549 1.8392, 3.2728 0.006 1.8392, 3.6969 -0.6375 0.6985, 3.8543 -0.6375 0.4087, 3.6969 -0.6375 1.5748, 3.3031 -0.6375 1.5748, 3.3031 -0.6375 0.6985, 3.1457 -0.6375 0.4087, 3.8543 0.5848 0.4087, 3.1457 0.5848 0.4087, 3.6969 0.5848 1.5748, 3.6969 0.5848 0.6985, 3.3031 0.5848 0.6985, 3.3031 0.5848 1.5748, 3.4016 0.7633 1.5433, 3.4016 0.6956 1.5517, 3.5984 0.7633 1.5433, 3.5984 0.6956 1.5517, 3.5984 0.9712 1.2761, 3.4016 0.9712 1.2761, 3.4016 0.9645 1.3365, 3.5984 0.9645 1.3365, 3.4016 0.9448 1.3938, 3.5984 0.9448 1.3938, 3.4016 0.913 1.4455, 3.5984 0.913 1.4455, 3.4016 0.8706 1.489, 3.5984 0.8706 1.489, 3.4016 0.8198 1.5222, 3.5984 0.8198 1.5222, 3.5984 -0.3824 1.5517, 3.5984 -0.3824 1.3549, 3.5984 0.6956 1.3549, 3.5984 0.7638 1.3155, 3.5984 0.7512 1.3318, 3.5984 0.7349 1.3443, 3.5984 0.7159 1.3522, 3.5984 0.7633 1.5222, 3.5984 -0.0984 -0.9842, 3.5984 0.0984 -0.9842, 3.5984 -0.0984 0.0478, 3.5984 0.0984 0.0478, 3.5984 -0.089 0.1191, 3.5984 0.1011 0.0682, 3.5984 -0.0615 0.1856, 3.5984 0.109 0.0872, 3.5984 -0.0177 0.2427, 3.5984 0.1215 0.1035, 3.5984 0.0394 0.2865, 3.5984 0.1378 0.116, 3.5984 0.1058 0.314, 3.5984 0.1568 0.1239, 3.5984 0.1772 0.3234, 3.5984 0.1772 0.1265, 3.5984 0.6956 0.3234, 3.5984 0.6956 0.1265, 3.5984 0.7159 0.3261, 3.5984 0.7669 0.1359, 3.5984 0.7349 0.3339, 3.5984 0.8334 0.1635, 3.5984 0.7512 0.3464, 3.5984 0.8904 0.2073, 3.5984 0.7638 0.3628, 3.5984 0.9342 0.2643, 3.5984 0.7716 0.3817, 3.5984 0.9618 0.3308, 3.5984 0.7743 0.4021, 3.5984 0.9712 0.4021, 3.5984 0.7743 1.2761, 3.5984 0.7716 1.2965, 3.4016 0.6956 1.3549, 3.4016 -0.3824 1.3549, 3.4016 -0.3824 1.5517, 3.4016 0.7633 1.5222, 3.4016 0.7743 1.2761, 3.4016 0.7716 1.2965, 3.4016 0.7638 1.3155, 3.4016 0.7512 1.3318, 3.4016 0.7349 1.3443, 3.4016 0.7159 1.3522, 3.4016 0.0984 -0.9842, 3.4016 -0.0984 -0.9842, 3.4016 0.0984 0.0478, 3.4016 -0.0984 0.0478, 3.4016 0.1011 0.0682, 3.4016 -0.089 0.1191, 3.4016 0.109 0.0872, 3.4016 -0.0615 0.1856, 3.4016 0.1215 0.1035, 3.4016 -0.0177 0.2427, 3.4016 0.1378 0.116, 3.4016 0.0394 0.2865, 3.4016 0.1568 0.1239, 3.4016 0.1058 0.314, 3.4016 0.1772 0.1265, 3.4016 0.1772 0.3234, 3.4016 0.6956 0.1265, 3.4016 0.6956 0.3234, 3.4016 0.7669 0.1359, 3.4016 0.7159 0.3261, 3.4016 0.8334 0.1635, 3.4016 0.7349 0.3339, 3.4016 0.8904 0.2073, 3.4016 0.7512 0.3464, 3.4016 0.9342 0.2643, 3.4016 0.7638 0.3628, 3.4016 0.9618 0.3308, 3.4016 0.7716 0.3817, 3.4016 0.9712 0.4021, 3.4016 0.7743 0.4021, 3.4409 -0.0591 -1.378, 3.4409 0.0591 -1.378, 3.5591 -0.0591 -1.378, 3.5591 0.0591 -1.378
            ]
        }
        coordIndex [
            0,1,2,-1,3,4,5,-1,5,4,6,-1,7,8,9,-1,9,8,10,-1,6,11,5,-1,5,11,12,-1,5,12,2,-1,2,12,13,-1,2,13,0,-1,1,14,2,-1,2,14,15,-1,2,15,16,-1,16,15,17,-1,16,17,18,-1,18,19,16,-1,16,19,20,-1,16,20,21,-1,7,22,8,-1,8,22,23,-1,8,23,5,-1,5,23,24,-1,5,24,3,-1,21,25,16,-1,16,25,26,-1,16,26,8,-1,8,26,27,-1,8,27,10,-1,28,29,30,-1,30,29,2,-1,30,2,31,-1,31,2,16,-1,31,16,32,-1,32,16,33,-1,32,33,28,-1,28,33,29,-1,34,29,35,-1,35,29,33,-1,36,5,37,-1,37,5,34,-1,37,34,38,-1,38,34,35,-1,38,35,39,-1,39,35,8,-1,39,8,36,-1,36,8,5,-1,29,34,2,-1,2,34,5,-1,35,33,8,-1,8,33,16,-1,31,39,30,-1,30,39,36,-1,38,32,37,-1,37,32,28,-1,32,38,31,-1,31,38,39,-1,37,28,36,-1,36,28,30,-1,40,41,42,-1,42,41,43,-1,44,45,46,-1,44,46,47,-1,47,46,48,-1,47,48,49,-1,49,48,50,-1,49,50,51,-1,51,50,52,-1,51,52,53,-1,53,52,54,-1,53,54,55,-1,56,57,43,-1,43,57,58,-1,59,51,60,-1,60,51,53,-1,60,53,61,-1,61,53,55,-1,61,55,62,-1,62,55,63,-1,62,63,58,-1,58,63,42,-1,58,42,43,-1,64,65,66,-1,66,65,67,-1,66,67,68,-1,68,67,69,-1,68,69,70,-1,70,69,71,-1,70,71,72,-1,72,71,73,-1,72,73,74,-1,74,73,75,-1,74,75,76,-1,76,75,77,-1,76,77,78,-1,78,77,79,-1,78,79,80,-1,80,79,81,-1,80,81,82,-1,82,81,83,-1,82,83,84,-1,84,83,85,-1,84,85,86,-1,86,85,87,-1,86,87,88,-1,88,87,89,-1,88,89,90,-1,90,89,91,-1,90,91,92,-1,92,91,93,-1,92,93,94,-1,94,93,44,-1,94,44,95,-1,95,44,47,-1,95,47,59,-1,59,47,49,-1,59,49,51,-1,96,97,98,-1,99,100,101,-1,101,102,99,-1,99,102,103,-1,99,103,104,-1,41,40,99,-1,98,41,96,-1,96,41,99,-1,96,99,105,-1,105,99,104,-1,106,107,108,-1,108,107,109,-1,108,109,110,-1,110,109,111,-1,110,111,112,-1,112,111,113,-1,112,113,114,-1,114,113,115,-1,114,115,116,-1,116,115,117,-1,116,117,118,-1,118,117,119,-1,118,119,120,-1,120,119,121,-1,120,121,122,-1,122,121,123,-1,122,123,124,-1,124,123,125,-1,124,125,126,-1,126,125,127,-1,126,127,128,-1,128,127,129,-1,128,129,130,-1,130,129,131,-1,130,131,132,-1,132,131,133,-1,132,133,134,-1,134,133,135,-1,134,135,45,-1,45,135,100,-1,99,54,100,-1,100,54,52,-1,100,52,50,-1,50,48,100,-1,100,48,46,-1,100,46,45,-1,56,43,98,-1,98,43,41,-1,57,56,97,-1,97,56,98,-1,58,57,96,-1,96,57,97,-1,58,96,62,-1,62,96,105,-1,62,105,61,-1,61,105,104,-1,61,104,60,-1,60,104,103,-1,60,103,59,-1,59,103,102,-1,59,102,95,-1,95,102,101,-1,95,101,94,-1,94,101,100,-1,92,94,135,-1,135,94,100,-1,92,135,90,-1,90,135,133,-1,90,133,88,-1,88,133,131,-1,88,131,86,-1,86,131,129,-1,86,129,84,-1,84,129,127,-1,84,127,82,-1,82,127,125,-1,82,125,80,-1,80,125,123,-1,78,80,121,-1,121,80,123,-1,78,121,119,-1,78,119,76,-1,76,119,117,-1,76,117,74,-1,74,117,115,-1,74,115,72,-1,72,115,113,-1,72,113,70,-1,70,113,111,-1,70,111,68,-1,68,111,109,-1,68,109,66,-1,64,66,107,-1,107,66,109,-1,136,137,138,-1,138,137,139,-1,106,108,65,-1,65,108,67,-1,67,108,69,-1,69,108,110,-1,69,110,71,-1,71,110,112,-1,71,112,73,-1,73,112,114,-1,73,114,75,-1,75,114,116,-1,75,116,77,-1,77,116,118,-1,77,118,79,-1,79,118,120,-1,81,79,122,-1,122,79,120,-1,81,122,124,-1,81,124,83,-1,83,124,126,-1,83,126,85,-1,85,126,128,-1,85,128,87,-1,87,128,130,-1,87,130,89,-1,89,130,132,-1,89,132,91,-1,91,132,134,-1,91,134,93,-1,44,93,45,-1,45,93,134,-1,
        ]
    }
}
Shape{
    appearance Appearance {
        material  Material 	{
            diffuseColor 0.27450980392156865 0.49411764705882355 0.27450980392156865
            specularColor 0.0196078431372549 0.03529411764705882 0.0196078431372549
            ambientIntensity 0.5763
            transparency 0.0
            shininess 0.5
        }
    }
    geometry IndexedFaceSet {
        ccw TRUE
        solid FALSE
        coord DEF co Coordinate {
            point [
                3.2638 -1.1024 1.8475, 3.0779 -1.2882 2.0334, 3.0736 -1.2925 2.0195, 3.0669 -1.2992 0.2356, 3.2638 -1.1024 0.445, 3.0669 -1.2992 1.9685, 3.0686 -1.2975 1.9942, 3.7362 -1.1024 1.8475, 3.9221 -1.2882 2.0334, 3.7362 -1.1024 0.445, 3.9331 -1.2992 0.2356, 3.9331 -1.2992 1.9685, 3.9314 -1.2975 1.9942, 3.9264 -1.2925 2.0195
            ]
        }
        coordIndex [
            0,1,2,-1,3,4,5,-1,5,4,0,-1,5,0,6,-1,6,0,2,-1,7,8,0,-1,0,8,1,-1,9,10,7,-1,7,10,11,-1,11,12,7,-1,7,12,13,-1,7,13,8,-1,
        ]
    }
}
Shape{
    appearance Appearance {
        material  Material 	{
            diffuseColor 0.6470588235294118 0.6196078431372549 0.5882352941176471
            specularColor 0.45098039215686275 0.43529411764705883 0.4117647058823529
            ambientIntensity 0.6242
            transparency 0.0
            shininess 0.5
        }
    }
    geometry IndexedFaceSet {
        ccw TRUE
        solid FALSE
        coord DEF co Coordinate {
            point [
                3.5984 0.0984 -0.9842, 3.5591 0.0591 -1.378, 3.4016 0.0984 -0.9842, 3.4409 0.0591 -1.378, 3.5984 -0.0984 -0.9842, 3.5591 -0.0591 -1.378, 3.4409 -0.0591 -1.378, 3.4016 -0.0984 -0.9842, 3.8494 0.1467 3.1417, 3.8162 0.199 3.1417, 3.8142 0.1973 3.1621, 3.3955 0.3355 3.1417, 3.3246 0.3108 3.1417, 3.3258 0.3083 3.1621, 3.8433 0.0435 3.2144, 3.8524 0.0435 3.2094, 3.8293 0.1053 3.2099, 3.8911 0.0498 3.1417, 3.8647 0.1225 3.1417, 3.8623 0.1214 3.1621, 3.8552 0.1179 3.1811, 3.8902 0.0435 3.1637, 3.8906 0.0435 3.1621, 3.8913 0.0435 3.1596, 3.8934 0.0435 3.1417, 3.8661 0.0435 3.2006, 3.8693 0.0435 3.1971, 3.8439 0.1124 3.1974, 3.8789 0.0435 3.1867, 3.8829 0.0435 3.1805, 3.8604 0.0435 3.205, 3.8364 0.0435 3.2168, 3.8122 0.097 3.2178, 3.8329 0.0435 3.2174, 3.8166 0.0435 3.2203, 3.7939 0.0881 3.2205, 3.8116 0.0435 3.2205, 3.1884 0.0435 3.2205, 3.2061 0.0881 3.2205, 3.1879 0.0435 3.2205, 3.1878 0.097 3.2178, 3.1678 0.0435 3.218, 3.1707 0.1053 3.2099, 3.159 0.0435 3.2153, 3.1671 0.0435 3.2178, 3.1307 0.0435 3.1971, 3.1343 0.0435 3.2009, 3.1561 0.1124 3.1974, 3.1417 0.0435 3.2065, 3.1476 0.0435 3.2095, 3.1215 0.0435 3.1872, 3.1448 0.1179 3.1811, 3.1167 0.0435 3.1797, 3.11 0.0435 3.1644, 3.1377 0.1214 3.1621, 3.1096 0.0435 3.1621, 3.1353 0.1225 3.1417, 3.1089 0.0498 3.1417, 3.1067 0.0435 3.1467, 3.1066 0.0435 3.1417, 3.2452 0.1497 3.2205, 3.2293 0.1624 3.2178, 3.2145 0.1743 3.2099, 3.2017 0.1845 3.1974, 3.192 0.1924 3.1811, 3.1858 0.1973 3.1621, 3.5725 0.2638 3.2205, 3.6413 0.2398 3.2205, 3.577 0.2836 3.2178, 3.6501 0.2581 3.2178, 3.5812 0.3022 3.2099, 3.6583 0.2753 3.2099, 3.5848 0.3181 3.1974, 3.6654 0.29 3.1974, 3.5876 0.3303 3.1811, 3.6708 0.3012 3.1811, 3.5893 0.3379 3.1621, 3.6742 0.3083 3.1621, 3.2984 0.2944 3.1417, 3.2479 0.2628 3.1417, 3.2496 0.2607 3.1621, 3.2545 0.2545 3.1811, 3.2623 0.2447 3.1974, 3.2724 0.2319 3.2099, 3.2842 0.2171 3.2178, 3.2969 0.2011 3.2205, 3.215 0.2301 3.1417, 3.1838 0.199 3.1417, 3.1506 0.1467 3.1417, 3.3292 0.3012 3.1811, 3.3346 0.29 3.1974, 3.3417 0.2753 3.2099, 3.3499 0.2581 3.2178, 3.3587 0.2398 3.2205, 3.4101 0.3405 3.1417, 3.4107 0.3379 3.1621, 3.4124 0.3303 3.1811, 3.4152 0.3181 3.1974, 3.4188 0.3022 3.2099, 3.423 0.2836 3.2178, 3.4275 0.2638 3.2205, 3.5 0.2719 3.2205, 3.5 0.2923 3.2178, 3.5 0.3113 3.2099, 3.5 0.3276 3.1974, 3.5 0.3401 3.1811, 3.5 0.348 3.1621, 3.5 0.3506 3.1417, 3.5899 0.3405 3.1417, 3.785 0.2301 3.1417, 3.7521 0.2628 3.1417, 3.7504 0.2607 3.1621, 3.7455 0.2545 3.1811, 3.7377 0.2447 3.1974, 3.7276 0.2319 3.2099, 3.7158 0.2171 3.2178, 3.7031 0.2011 3.2205, 3.7016 0.2944 3.1417, 3.6754 0.3108 3.1417, 3.6045 0.3355 3.1417, 3.808 0.1924 3.1811, 3.7983 0.1845 3.1974, 3.7855 0.1743 3.2099, 3.7707 0.1624 3.2178, 3.7548 0.1497 3.2205, 3.1066 -0.1533 3.0236, 3.1066 -0.1533 3.1417, 3.8934 -0.1533 3.0236, 3.107 -0.1533 3.1498, 3.1089 -0.1533 3.1592, 3.8662 -0.1533 3.2005, 3.8753 -0.1533 3.1905, 3.1151 -0.1533 3.1757, 3.11 -0.1533 3.1644, 3.8934 -0.1533 3.1417, 3.8924 -0.1533 3.1542, 3.847 -0.1533 3.2122, 3.8588 -0.1533 3.2062, 3.8627 -0.1533 3.2032, 3.885 -0.1533 3.1758, 3.8906 -0.1533 3.1624, 3.8913 -0.1533 3.1592, 3.122 -0.1533 3.1878, 3.1246 -0.1533 3.1906, 3.8788 -0.1533 3.1868, 3.8836 -0.1533 3.1793, 3.8299 -0.1533 3.2182, 3.8327 -0.1533 3.2179, 3.8415 -0.1533 3.2151, 3.1175 -0.1533 3.1812, 3.135 -0.1533 3.2015, 3.1409 -0.1533 3.206, 3.153 -0.1533 3.2123, 3.1582 -0.1533 3.215, 3.1652 -0.1533 3.2173, 3.1701 -0.1533 3.2181, 3.8127 -0.1533 3.2205, 3.8116 -0.1533 3.2205, 3.1884 -0.1533 3.2205, 3.185 -0.1533 3.2204, 3.1066 0.0435 3.0236, 3.8934 0.0435 3.0236, 3.9055 -0.0549 3.0236, 3.0945 -0.0549 3.0236
            ]
        }
        coordIndex [
            0,1,2,-1,2,1,3,-1,4,5,0,-1,0,5,1,-1,6,7,3,-1,3,7,2,-1,7,6,4,-1,4,6,5,-1,8,9,10,-1,11,12,13,-1,14,15,16,-1,17,18,19,-1,20,21,19,-1,19,21,22,-1,19,22,17,-1,17,22,23,-1,17,23,24,-1,25,26,27,-1,27,26,28,-1,27,28,20,-1,20,28,29,-1,20,29,21,-1,16,15,27,-1,27,15,30,-1,27,30,25,-1,14,16,31,-1,31,16,32,-1,31,32,33,-1,33,32,34,-1,34,32,35,-1,34,35,36,-1,37,38,39,-1,39,38,40,-1,39,40,41,-1,42,43,40,-1,40,43,44,-1,40,44,41,-1,45,46,47,-1,47,46,48,-1,47,48,42,-1,42,48,49,-1,42,49,43,-1,45,47,50,-1,50,47,51,-1,50,51,52,-1,52,51,53,-1,53,51,54,-1,53,54,55,-1,54,56,55,-1,55,56,57,-1,55,57,58,-1,58,57,59,-1,38,60,40,-1,40,60,61,-1,40,61,42,-1,42,61,62,-1,42,62,47,-1,47,62,63,-1,47,63,51,-1,51,63,64,-1,51,64,54,-1,54,64,65,-1,66,67,68,-1,68,67,69,-1,68,69,70,-1,70,69,71,-1,70,71,72,-1,72,71,73,-1,72,73,74,-1,74,73,75,-1,74,75,76,-1,76,75,77,-1,78,79,80,-1,80,79,65,-1,80,65,81,-1,81,65,64,-1,81,64,82,-1,82,64,63,-1,82,63,83,-1,83,63,62,-1,83,62,84,-1,84,62,61,-1,84,61,85,-1,85,61,60,-1,79,86,65,-1,65,86,87,-1,65,87,54,-1,54,87,88,-1,54,88,56,-1,12,78,13,-1,13,78,80,-1,13,80,89,-1,89,80,81,-1,89,81,90,-1,90,81,82,-1,90,82,91,-1,91,82,83,-1,91,83,92,-1,92,83,84,-1,92,84,93,-1,93,84,85,-1,94,11,95,-1,95,11,13,-1,95,13,96,-1,96,13,89,-1,96,89,97,-1,97,89,90,-1,97,90,98,-1,98,90,91,-1,98,91,99,-1,99,91,92,-1,99,92,100,-1,100,92,93,-1,100,101,99,-1,99,101,102,-1,99,102,98,-1,98,102,103,-1,98,103,97,-1,97,103,104,-1,97,104,96,-1,96,104,105,-1,96,105,95,-1,95,105,106,-1,95,106,94,-1,94,106,107,-1,101,66,102,-1,102,66,68,-1,102,68,103,-1,103,68,70,-1,103,70,104,-1,104,70,72,-1,104,72,105,-1,105,72,74,-1,105,74,106,-1,106,74,76,-1,106,76,107,-1,107,76,108,-1,109,110,111,-1,111,110,77,-1,111,77,112,-1,112,77,75,-1,112,75,113,-1,113,75,73,-1,113,73,114,-1,114,73,71,-1,114,71,115,-1,115,71,69,-1,115,69,116,-1,116,69,67,-1,110,117,77,-1,77,117,118,-1,77,118,76,-1,76,118,119,-1,76,119,108,-1,9,109,10,-1,10,109,111,-1,10,111,120,-1,120,111,112,-1,120,112,121,-1,121,112,113,-1,121,113,122,-1,122,113,114,-1,122,114,123,-1,123,114,115,-1,123,115,124,-1,124,115,116,-1,18,8,19,-1,19,8,10,-1,19,10,20,-1,20,10,120,-1,20,120,27,-1,27,120,121,-1,27,121,16,-1,16,121,122,-1,16,122,32,-1,32,122,123,-1,32,123,35,-1,35,123,124,-1,125,126,127,-1,127,126,128,-1,127,128,129,-1,130,131,132,-1,129,133,127,-1,127,133,132,-1,127,132,134,-1,134,132,135,-1,136,137,138,-1,139,140,132,-1,132,140,141,-1,132,141,135,-1,142,143,138,-1,131,144,132,-1,132,144,145,-1,132,145,139,-1,146,147,148,-1,130,132,138,-1,138,132,149,-1,138,149,142,-1,143,150,138,-1,138,150,151,-1,138,151,152,-1,152,153,138,-1,138,153,154,-1,138,154,155,-1,148,136,146,-1,146,136,138,-1,146,138,156,-1,156,138,157,-1,157,138,158,-1,158,138,155,-1,158,155,159,-1,59,160,161,-1,59,161,58,-1,24,44,161,-1,161,44,43,-1,24,23,44,-1,44,23,22,-1,44,22,21,-1,43,49,161,-1,161,49,48,-1,161,48,46,-1,46,45,161,-1,161,45,50,-1,161,50,52,-1,52,53,161,-1,161,53,55,-1,161,55,58,-1,21,29,44,-1,44,29,28,-1,44,28,26,-1,26,25,44,-1,44,25,30,-1,44,30,15,-1,34,15,33,-1,33,15,14,-1,33,14,31,-1,34,36,15,-1,15,36,37,-1,15,37,44,-1,44,37,39,-1,44,39,41,-1,161,160,162,-1,162,160,163,-1,162,163,127,-1,127,163,125,-1,
        ]
    }
}
Shape{
    appearance Appearance {
        material  Material 	{
            diffuseColor 1.0 0.9490196078431372 0.8980392156862745
            specularColor 0.011764705882352941 0.00784313725490196 0.00784313725490196
            ambientIntensity 0.9585
            transparency 0.0
            shininess 0.5
        }
    }
    geometry IndexedFaceSet {
        ccw TRUE
        solid FALSE
        coord DEF co Coordinate {
            point [
                3.5283 -1.0242 0.0039, 3.5283 -1.0242 0.0, 3.5374 -1.0664 0.0039, 3.5374 -1.0664 0.0, 3.5241 -1.0027 0.0039, 3.5241 -1.0027 0.0, 3.5224 -0.9959 0.0039, 3.5224 -0.9959 0.0, 3.5233 -0.9997 0.0, 3.522 -0.9949 0.0039, 3.522 -0.9949 0.0, 3.5217 -0.9942 0.0039, 3.5217 -0.9942 0.0, 3.5214 -0.9938 0.0039, 3.5214 -0.9938 0.0, 3.5211 -0.9935 0.0039, 3.5211 -0.9935 0.0, 3.5209 -0.9933 0.0039, 3.5209 -0.9933 0.0, 3.5206 -0.9932 0.0039, 3.5206 -0.9932 0.0, 3.5204 -0.9932 0.0039, 3.5204 -0.9932 0.0, 3.5202 -0.9932 0.0039, 3.5202 -0.9932 0.0, 3.52 -0.9932 0.0039, 3.52 -0.9932 0.0, 3.5198 -0.9934 0.0039, 3.5198 -0.9934 0.0, 3.5196 -0.9936 0.0039, 3.5196 -0.9936 0.0, 3.5195 -0.9938 0.0039, 3.5195 -0.9938 0.0, 3.5193 -0.9946 0.0039, 3.5193 -0.9946 0.0, 3.5188 -0.9981 0.0039, 3.5188 -0.9981 0.0, 3.5186 -0.9997 0.0, 3.5184 -1.0015 0.0039, 3.5184 -1.0015 0.0, 3.517 -1.0134 0.0039, 3.517 -1.0134 0.0, 3.5166 -1.0189 0.0039, 3.5166 -1.0189 0.0, 3.5167 -1.0215 0.0039, 3.5167 -1.0215 0.0, 3.5173 -1.0231 0.0039, 3.5173 -1.0231 0.0, 3.5179 -1.0242 0.0039, 3.5179 -1.0242 0.0, 3.5193 -1.0267 0.0039, 3.5193 -1.0267 0.0, 3.523 -1.0391 0.0039, 3.523 -1.0391 0.0, 3.5261 -1.0517 0.0039, 3.5261 -1.0517 0.0, 3.5546 -1.1839 0.0, 3.5552 -1.1867 0.0039, 3.5552 -1.1867 0.0, 3.5592 -1.1867 0.0039, 3.5592 -1.1867 0.0, 3.5866 -1.0653 0.0039, 3.5866 -1.0653 0.0, 3.5598 -1.1839 0.0, 3.59 -1.0511 0.0039, 3.59 -1.0511 0.0, 3.5915 -1.0444 0.0039, 3.5915 -1.0444 0.0, 3.5934 -1.0378 0.0039, 3.5934 -1.0378 0.0, 3.5954 -1.0324 0.0039, 3.5954 -1.0324 0.0, 3.5972 -1.0274 0.0039, 3.5972 -1.0274 0.0, 3.5984 -1.0256 0.0039, 3.5984 -1.0256 0.0, 3.5993 -1.0245 0.0039, 3.5993 -1.0245 0.0, 3.5996 -1.0241 0.0039, 3.5996 -1.0241 0.0, 3.5998 -1.0238 0.0039, 3.5998 -1.0238 0.0, 3.5998 -1.0235 0.0039, 3.5998 -1.0235 0.0, 3.5998 -1.0224 0.0039, 3.5998 -1.0224 0.0, 3.5994 -1.0158 0.0039, 3.5994 -1.0158 0.0, 3.5994 -1.0157 0.0039, 3.5994 -1.0157 0.0, 3.5983 -1.003 0.0039, 3.5983 -1.003 0.0, 3.5979 -0.9997 0.0, 3.5977 -0.9981 0.0039, 3.5977 -0.9981 0.0, 3.5976 -0.9967 0.0039, 3.5976 -0.9967 0.0, 3.5974 -0.9956 0.0039, 3.5974 -0.9956 0.0, 3.5973 -0.9949 0.0039, 3.5973 -0.9949 0.0, 3.5971 -0.9944 0.0039, 3.5971 -0.9944 0.0, 3.597 -0.9941 0.0039, 3.597 -0.9941 0.0, 3.5969 -0.9939 0.0039, 3.5969 -0.9939 0.0, 3.5967 -0.9937 0.0039, 3.5967 -0.9937 0.0, 3.5965 -0.9936 0.0039, 3.5965 -0.9936 0.0, 3.5963 -0.9936 0.0039, 3.5963 -0.9936 0.0, 3.596 -0.9936 0.0039, 3.596 -0.9936 0.0, 3.5958 -0.9936 0.0039, 3.5958 -0.9936 0.0, 3.5955 -0.9938 0.0039, 3.5955 -0.9938 0.0, 3.5952 -0.994 0.0039, 3.5952 -0.994 0.0, 3.595 -0.9943 0.0039, 3.595 -0.9943 0.0, 3.5948 -0.9948 0.0039, 3.5948 -0.9948 0.0, 3.5946 -0.9956 0.0039, 3.5946 -0.9956 0.0, 3.5926 -1.0069 0.0039, 3.5926 -1.0069 0.0, 3.5938 -0.9997 0.0, 3.5759 -1.0757 0.0039, 3.5759 -1.0757 0.0, 3.5572 -1.1595 0.0039, 3.5388 -1.0763 0.0039, 3.5753 -1.08 0.0039, 3.5677 -1.0873 0.0039, 3.5606 -1.0825 0.0039, 3.5582 -1.0812 0.0039, 3.5499 -1.0786 0.0039, 3.5388 -1.0763 0.0, 3.5572 -1.1595 0.0, 3.5499 -1.0786 0.0, 3.5582 -1.0812 0.0, 3.5606 -1.0825 0.0, 3.5677 -1.0873 0.0, 3.5753 -1.08 0.0, 3.4147 -1.1689 0.0039, 3.4147 -1.1689 0.0, 3.4198 -1.1646 0.0039, 3.4198 -1.1646 0.0, 3.4135 -1.1699 0.0039, 3.4135 -1.1699 0.0, 3.4127 -1.1708 0.0039, 3.4127 -1.1708 0.0, 3.4122 -1.1719 0.0039, 3.4122 -1.1719 0.0, 3.4121 -1.1725 0.0039, 3.4121 -1.1725 0.0, 3.4121 -1.1732 0.0039, 3.4121 -1.1732 0.0, 3.4123 -1.1739 0.0039, 3.4123 -1.1739 0.0, 3.4125 -1.1744 0.0039, 3.4125 -1.1744 0.0, 3.4129 -1.1748 0.0039, 3.4129 -1.1748 0.0, 3.4133 -1.1751 0.0039, 3.4133 -1.1751 0.0, 3.4184 -1.1742 0.0039, 3.4184 -1.1742 0.0, 3.4243 -1.1742 0.0039, 3.4243 -1.1742 0.0, 3.4267 -1.1747 0.0039, 3.4267 -1.1747 0.0, 3.4291 -1.1751 0.0039, 3.4291 -1.1751 0.0, 3.4351 -1.1757 0.0039, 3.4351 -1.1757 0.0, 3.4458 -1.1788 0.0039, 3.4458 -1.1788 0.0, 3.452 -1.18 0.0039, 3.452 -1.18 0.0, 3.4583 -1.1805 0.0039, 3.4583 -1.1805 0.0, 3.4671 -1.1799 0.0039, 3.4671 -1.1799 0.0, 3.4735 -1.1784 0.0039, 3.4735 -1.1784 0.0, 3.4787 -1.1757 0.0039, 3.4787 -1.1757 0.0, 3.4833 -1.1715 0.0039, 3.4833 -1.1715 0.0, 3.4879 -1.165 0.0039, 3.4879 -1.165 0.0, 3.4922 -1.1534 0.0039, 3.4922 -1.1534 0.0, 3.4964 -1.1217 0.0039, 3.4964 -1.1217 0.0, 3.4977 -1.0825 0.0039, 3.4977 -1.0825 0.0, 3.4948 -1.0491 0.0039, 3.4948 -1.0491 0.0, 3.4894 -1.0304 0.0039, 3.4894 -1.0304 0.0, 3.4835 -1.0199 0.0039, 3.4835 -1.0199 0.0, 3.4786 -1.014 0.0039, 3.4786 -1.014 0.0, 3.4731 -1.0099 0.0039, 3.4731 -1.0099 0.0, 3.4678 -1.0078 0.0039, 3.4678 -1.0078 0.0, 3.4473 -1.0046 0.0039, 3.4473 -1.0046 0.0, 3.4348 -1.0032 0.0039, 3.4348 -1.0032 0.0, 3.4302 -1.002 0.0039, 3.4302 -1.002 0.0, 3.4272 -1.0002 0.0039, 3.4272 -1.0002 0.0, 3.4264 -0.9997 0.0, 3.4263 -0.9996 0.0039, 3.4263 -0.9996 0.0, 3.426 -0.9996 0.0039, 3.426 -0.9996 0.0, 3.4253 -0.9996 0.0, 3.4253 -0.9996 0.0039, 3.425 -0.9997 0.0, 3.4247 -0.9998 0.0039, 3.4247 -0.9998 0.0, 3.4229 -1.0012 0.0039, 3.4229 -1.0012 0.0, 3.4188 -1.0049 0.0039, 3.4188 -1.0049 0.0, 3.4175 -1.0064 0.0039, 3.4175 -1.0064 0.0, 3.4141 -1.01 0.0039, 3.4141 -1.01 0.0, 3.4134 -1.0108 0.0039, 3.4134 -1.0108 0.0, 3.4129 -1.0114 0.0039, 3.4129 -1.0114 0.0, 3.4126 -1.0119 0.0039, 3.4126 -1.0119 0.0, 3.4124 -1.0122 0.0039, 3.4124 -1.0122 0.0, 3.4123 -1.0125 0.0039, 3.4123 -1.0125 0.0, 3.4123 -1.0128 0.0039, 3.4123 -1.0128 0.0, 3.4124 -1.0132 0.0039, 3.4124 -1.0132 0.0, 3.4126 -1.0138 0.0039, 3.4126 -1.0138 0.0, 3.4127 -1.014 0.0039, 3.4127 -1.014 0.0, 3.4129 -1.0141 0.0039, 3.4129 -1.0141 0.0, 3.413 -1.0142 0.0039, 3.413 -1.0142 0.0, 3.4133 -1.0143 0.0039, 3.4133 -1.0143 0.0, 3.414 -1.0144 0.0039, 3.414 -1.0144 0.0, 3.415 -1.0143 0.0039, 3.415 -1.0143 0.0, 3.4189 -1.0143 0.0039, 3.4189 -1.0143 0.0, 3.4235 -1.0143 0.0039, 3.4235 -1.0143 0.0, 3.4235 -1.1627 0.0039, 3.4235 -1.1627 0.0, 3.4216 -1.1635 0.0039, 3.4216 -1.1635 0.0, 3.4314 -1.1646 0.0039, 3.4314 -1.0148 0.0039, 3.4677 -1.019 0.0039, 3.4614 -1.0174 0.0039, 3.4526 -1.0163 0.0039, 3.4402 -1.0148 0.0039, 3.4723 -1.021 0.0039, 3.4358 -1.0147 0.0039, 3.4368 -1.1669 0.0039, 3.4488 -1.1697 0.0039, 3.4611 -1.1706 0.0039, 3.4686 -1.1691 0.0039, 3.4891 -1.0657 0.0039, 3.4846 -1.0406 0.0039, 3.479 -1.028 0.0039, 3.4757 -1.0237 0.0039, 3.4741 -1.167 0.0039, 3.4774 -1.1646 0.0039, 3.4808 -1.1605 0.0039, 3.484 -1.1544 0.0039, 3.4864 -1.1459 0.0039, 3.4897 -1.1074 0.0039, 3.4526 -1.0163 0.0, 3.4402 -1.0148 0.0, 3.4614 -1.0174 0.0, 3.4677 -1.019 0.0, 3.4723 -1.021 0.0, 3.4757 -1.0237 0.0, 3.479 -1.028 0.0, 3.4846 -1.0406 0.0, 3.4891 -1.0657 0.0, 3.4897 -1.1074 0.0, 3.4864 -1.1459 0.0, 3.484 -1.1544 0.0, 3.4808 -1.1605 0.0, 3.4774 -1.1646 0.0, 3.4741 -1.167 0.0, 3.4686 -1.1691 0.0, 3.4611 -1.1706 0.0, 3.4488 -1.1697 0.0, 3.4368 -1.1669 0.0, 3.4314 -1.1646 0.0, 3.4314 -1.0148 0.0, 3.4358 -1.0147 0.0, 3.3535 -1.104 0.0039, 3.3535 -1.104 0.0, 3.3297 -1.1009 0.0039, 3.3297 -1.1009 0.0, 3.3633 -1.106 0.0039, 3.3633 -1.106 0.0, 3.3696 -1.1082 0.0039, 3.3696 -1.1082 0.0, 3.3724 -1.11 0.0039, 3.3724 -1.11 0.0, 3.375 -1.1114 0.0039, 3.375 -1.1114 0.0, 3.3832 -1.1032 0.0039, 3.3832 -1.1032 0.0, 3.3838 -1.1024 0.0039, 3.3838 -1.1024 0.0, 3.3842 -1.1018 0.0039, 3.3842 -1.1018 0.0, 3.3844 -1.1012 0.0039, 3.3844 -1.1012 0.0, 3.3845 -1.1007 0.0039, 3.3845 -1.1007 0.0, 3.3844 -1.1003 0.0039, 3.3844 -1.1003 0.0, 3.3843 -1.0998 0.0039, 3.3843 -1.0998 0.0, 3.3839 -1.0992 0.0039, 3.3839 -1.0992 0.0, 3.3835 -1.0989 0.0039, 3.3835 -1.0989 0.0, 3.383 -1.0986 0.0039, 3.383 -1.0986 0.0, 3.3825 -1.0984 0.0039, 3.3825 -1.0984 0.0, 3.3818 -1.0983 0.0039, 3.3818 -1.0983 0.0, 3.3297 -1.091 0.0039, 3.3297 -1.091 0.0, 3.3297 -1.0143 0.0039, 3.3297 -1.0143 0.0, 3.3719 -1.0202 0.0039, 3.3719 -1.0202 0.0, 3.376 -1.0213 0.0039, 3.376 -1.0213 0.0, 3.3798 -1.0231 0.0039, 3.3798 -1.0231 0.0, 3.3823 -1.0245 0.0039, 3.3823 -1.0245 0.0, 3.3903 -1.0157 0.0039, 3.3903 -1.0157 0.0, 3.3911 -1.0145 0.0039, 3.3911 -1.0145 0.0, 3.3914 -1.0138 0.0039, 3.3914 -1.0138 0.0, 3.3914 -1.0134 0.0039, 3.3914 -1.0134 0.0, 3.3914 -1.013 0.0039, 3.3914 -1.013 0.0, 3.3913 -1.0125 0.0039, 3.3913 -1.0125 0.0, 3.391 -1.012 0.0039, 3.391 -1.012 0.0, 3.3908 -1.0117 0.0039, 3.3908 -1.0117 0.0, 3.3906 -1.0115 0.0039, 3.3906 -1.0115 0.0, 3.3903 -1.0114 0.0039, 3.3903 -1.0114 0.0, 3.3902 -1.0113 0.0039, 3.3902 -1.0113 0.0, 3.3895 -1.0112 0.0039, 3.3895 -1.0112 0.0, 3.3886 -1.0111 0.0039, 3.3886 -1.0111 0.0, 3.3843 -1.0109 0.0039, 3.3843 -1.0109 0.0, 3.3629 -1.0083 0.0039, 3.3629 -1.0083 0.0, 3.3416 -1.0049 0.0039, 3.3416 -1.0049 0.0, 3.3286 -1.0027 0.0039, 3.3286 -1.0027 0.0, 3.3254 -1.0015 0.0039, 3.3254 -1.0015 0.0, 3.3234 -1.001 0.0039, 3.3234 -1.001 0.0, 3.322 -1.001 0.0039, 3.322 -1.001 0.0, 3.3212 -1.0011 0.0039, 3.3212 -1.0011 0.0, 3.3206 -1.0014 0.0039, 3.3206 -1.0014 0.0, 3.3198 -1.0019 0.0039, 3.3198 -1.0019 0.0, 3.3193 -1.0027 0.0039, 3.3193 -1.0027 0.0, 3.319 -1.0033 0.0039, 3.319 -1.0033 0.0, 3.3188 -1.0044 0.0039, 3.3188 -1.0044 0.0, 3.3188 -1.006 0.0039, 3.3188 -1.006 0.0, 3.3189 -1.0066 0.0039, 3.3189 -1.0066 0.0, 3.3207 -1.0138 0.0039, 3.3207 -1.0138 0.0, 3.3215 -1.0211 0.0039, 3.3215 -1.0211 0.0, 3.3215 -1.0265 0.0039, 3.3215 -1.0265 0.0, 3.3216 -1.03 0.0039, 3.3216 -1.03 0.0, 3.3218 -1.0335 0.0039, 3.3218 -1.0335 0.0, 3.3215 -1.1632 0.0039, 3.3215 -1.1632 0.0, 3.3183 -1.167 0.0039, 3.3183 -1.167 0.0, 3.3163 -1.1693 0.0039, 3.3163 -1.1693 0.0, 3.3152 -1.171 0.0039, 3.3152 -1.171 0.0, 3.3148 -1.1719 0.0039, 3.3148 -1.1719 0.0, 3.3145 -1.1733 0.0039, 3.3145 -1.1733 0.0, 3.3145 -1.1742 0.0039, 3.3145 -1.1742 0.0, 3.3145 -1.1748 0.0039, 3.3145 -1.1748 0.0, 3.3145 -1.175 0.0039, 3.3145 -1.175 0.0, 3.3146 -1.1753 0.0039, 3.3146 -1.1753 0.0, 3.3147 -1.1754 0.0039, 3.3147 -1.1754 0.0, 3.3148 -1.1755 0.0039, 3.3148 -1.1755 0.0, 3.315 -1.1756 0.0039, 3.315 -1.1756 0.0, 3.3154 -1.1757 0.0039, 3.3154 -1.1757 0.0, 3.3161 -1.1757 0.0039, 3.3161 -1.1757 0.0, 3.3169 -1.1757 0.0039, 3.3169 -1.1757 0.0, 3.3223 -1.1748 0.0039, 3.3223 -1.1748 0.0, 3.3271 -1.1742 0.0039, 3.3271 -1.1742 0.0, 3.3319 -1.1742 0.0039, 3.3319 -1.1742 0.0, 3.3328 -1.1742 0.0039, 3.3328 -1.1742 0.0, 3.3383 -1.1744 0.0039, 3.3383 -1.1744 0.0, 3.3438 -1.1751 0.0039, 3.3438 -1.1751 0.0, 3.3549 -1.1771 0.0039, 3.3549 -1.1771 0.0, 3.3646 -1.179 0.0039, 3.3646 -1.179 0.0, 3.3723 -1.1818 0.0039, 3.3723 -1.1818 0.0, 3.3739 -1.1827 0.0039, 3.3739 -1.1827 0.0, 3.3756 -1.1839 0.0, 3.3764 -1.1844 0.0039, 3.3764 -1.1844 0.0, 3.3769 -1.1839 0.0, 3.3846 -1.1759 0.0039, 3.3846 -1.1759 0.0, 3.3851 -1.175 0.0039, 3.3851 -1.175 0.0, 3.3855 -1.1743 0.0039, 3.3855 -1.1743 0.0, 3.3857 -1.1738 0.0039, 3.3857 -1.1738 0.0, 3.3857 -1.1734 0.0039, 3.3857 -1.1734 0.0, 3.3857 -1.173 0.0039, 3.3857 -1.173 0.0, 3.3856 -1.1726 0.0039, 3.3856 -1.1726 0.0, 3.3853 -1.1723 0.0039, 3.3853 -1.1723 0.0, 3.3849 -1.1719 0.0039, 3.3849 -1.1719 0.0, 3.3844 -1.1716 0.0039, 3.3844 -1.1716 0.0, 3.3839 -1.1715 0.0039, 3.3839 -1.1715 0.0, 3.3832 -1.1714 0.0039, 3.3832 -1.1714 0.0, 3.3787 -1.1708 0.0039, 3.3787 -1.1708 0.0, 3.372 -1.1699 0.0039, 3.372 -1.1699 0.0, 3.3653 -1.1692 0.0039, 3.3653 -1.1692 0.0, 3.3297 -1.1632 0.0039, 3.3297 -1.1632 0.0, 3.2866 -1.1802 0.0039, 3.2866 -1.1802 0.0, 3.2823 -1.1802 0.0039, 3.2823 -1.1802 0.0, 3.2866 -1.1046 0.0039, 3.2866 -1.1046 0.0, 3.2812 -1.1046 0.0039, 3.2812 -1.1046 0.0, 3.2788 -1.1445 0.0039, 3.2788 -1.1445 0.0, 3.2753 -1.1573 0.0039, 3.2753 -1.1573 0.0, 3.2718 -1.1643 0.0039, 3.2718 -1.1643 0.0, 3.2683 -1.1684 0.0039, 3.2683 -1.1684 0.0, 3.2646 -1.1713 0.0039, 3.2646 -1.1713 0.0, 3.2606 -1.173 0.0039, 3.2606 -1.173 0.0, 3.2563 -1.174 0.0039, 3.2563 -1.174 0.0, 3.2504 -1.1736 0.0039, 3.2504 -1.1736 0.0, 3.2453 -1.1719 0.0039, 3.2453 -1.1719 0.0, 3.2405 -1.1689 0.0039, 3.2405 -1.1689 0.0, 3.236 -1.1645 0.0039, 3.236 -1.1645 0.0, 3.2311 -1.1568 0.0039, 3.2311 -1.1568 0.0, 3.2245 -1.1378 0.0039, 3.2245 -1.1378 0.0, 3.2219 -1.123 0.0039, 3.2219 -1.123 0.0, 3.2209 -1.078 0.0039, 3.2209 -1.078 0.0, 3.2279 -1.0375 0.0039, 3.2279 -1.0375 0.0, 3.2322 -1.026 0.0039, 3.2322 -1.026 0.0, 3.2386 -1.0169 0.0039, 3.2386 -1.0169 0.0, 3.2427 -1.0131 0.0039, 3.2427 -1.0131 0.0, 3.2463 -1.011 0.0039, 3.2463 -1.011 0.0, 3.2501 -1.0098 0.0039, 3.2501 -1.0098 0.0, 3.254 -1.0095 0.0039, 3.254 -1.0095 0.0, 3.2604 -1.0099 0.0039, 3.2604 -1.0099 0.0, 3.2666 -1.0123 0.0039, 3.2666 -1.0123 0.0, 3.2717 -1.0158 0.0039, 3.2717 -1.0158 0.0, 3.2759 -1.0206 0.0039, 3.2759 -1.0206 0.0, 3.2795 -1.028 0.0039, 3.2795 -1.028 0.0, 3.2836 -1.0467 0.0039, 3.2836 -1.0467 0.0, 3.2848 -1.0551 0.0039, 3.2848 -1.0551 0.0, 3.2863 -1.07 0.0039, 3.2863 -1.07 0.0, 3.2908 -1.0698 0.0039, 3.2908 -1.0698 0.0, 3.2887 -1.036 0.0039, 3.2887 -1.036 0.0, 3.2854 -1.0233 0.0039, 3.2854 -1.0233 0.0, 3.2806 -1.0135 0.0039, 3.2806 -1.0135 0.0, 3.2769 -1.0088 0.0039, 3.2769 -1.0088 0.0, 3.2715 -1.0044 0.0039, 3.2715 -1.0044 0.0, 3.2646 -1.0013 0.0039, 3.2646 -1.0013 0.0, 3.258 -1.0001 0.0039, 3.258 -1.0001 0.0, 3.2507 -1.0004 0.0039, 3.2507 -1.0004 0.0, 3.2432 -1.0027 0.0039, 3.2432 -1.0027 0.0, 3.2367 -1.0065 0.0039, 3.2367 -1.0065 0.0, 3.2319 -1.0113 0.0039, 3.2319 -1.0113 0.0, 3.2255 -1.0219 0.0039, 3.2255 -1.0219 0.0, 3.2176 -1.0456 0.0039, 3.2176 -1.0456 0.0, 3.2145 -1.0648 0.0039, 3.2145 -1.0648 0.0, 3.2144 -1.1219 0.0039, 3.2144 -1.1219 0.0, 3.2212 -1.1526 0.0039, 3.2212 -1.1526 0.0, 3.2272 -1.1661 0.0039, 3.2272 -1.1661 0.0, 3.233 -1.1736 0.0039, 3.233 -1.1736 0.0, 3.2418 -1.1804 0.0039, 3.2418 -1.1804 0.0, 3.246 -1.1824 0.0039, 3.246 -1.1824 0.0, 3.25 -1.1832 0.0039, 3.25 -1.1832 0.0, 3.254 -1.1833 0.0039, 3.254 -1.1833 0.0, 3.2623 -1.1811 0.0039, 3.2623 -1.1811 0.0, 3.2689 -1.1775 0.0039, 3.2689 -1.1775 0.0, 3.2745 -1.1724 0.0039, 3.2745 -1.1724 0.0, 3.2778 -1.168 0.0039, 3.2778 -1.168 0.0, 3.2803 -1.1635 0.0039, 3.2803 -1.1635 0.0, 3.1422 -1.1751 0.0039, 3.1422 -1.1751 0.0, 3.1297 -1.1907 0.0039, 3.1352 -1.1839 0.0, 3.1297 -1.1907 0.0, 3.1393 -1.1689 0.0039, 3.1393 -1.1689 0.0, 3.138 -1.1609 0.0039, 3.138 -1.1609 0.0, 3.138 -1.1572 0.0039, 3.138 -1.1572 0.0, 3.138 -1.0129 0.0039, 3.138 -1.0129 0.0, 3.1597 -1.0147 0.0039, 3.1597 -1.0147 0.0, 3.1701 -1.0163 0.0039, 3.1701 -1.0163 0.0, 3.1736 -1.0171 0.0039, 3.1736 -1.0171 0.0, 3.1757 -1.0181 0.0039, 3.1757 -1.0181 0.0, 3.1783 -1.0203 0.0039, 3.1783 -1.0203 0.0, 3.1792 -1.0209 0.0039, 3.1792 -1.0209 0.0, 3.1801 -1.0213 0.0039, 3.1801 -1.0213 0.0, 3.1867 -1.0155 0.0039, 3.1867 -1.0155 0.0, 3.1898 -1.0127 0.0039, 3.1898 -1.0127 0.0, 3.1909 -1.0115 0.0039, 3.1909 -1.0115 0.0, 3.1914 -1.0106 0.0039, 3.1914 -1.0106 0.0, 3.1916 -1.0097 0.0039, 3.1916 -1.0097 0.0, 3.1917 -1.0086 0.0039, 3.1917 -1.0086 0.0, 3.1914 -1.008 0.0039, 3.1914 -1.008 0.0, 3.1912 -1.0077 0.0039, 3.1912 -1.0077 0.0, 3.1908 -1.0075 0.0039, 3.1908 -1.0075 0.0, 3.1901 -1.0072 0.0039, 3.1901 -1.0072 0.0, 3.189 -1.0071 0.0039, 3.189 -1.0071 0.0, 3.184 -1.007 0.0039, 3.184 -1.007 0.0, 3.1769 -1.0059 0.0039, 3.1769 -1.0059 0.0, 3.1582 -1.004 0.0039, 3.1582 -1.004 0.0, 3.1521 -1.0035 0.0039, 3.1521 -1.0035 0.0, 3.1402 -1.0024 0.0039, 3.1402 -1.0024 0.0, 3.1337 -1.0018 0.0039, 3.1337 -1.0018 0.0, 3.1322 -1.0014 0.0039, 3.1322 -1.0014 0.0, 3.1314 -1.0013 0.0039, 3.1314 -1.0013 0.0, 3.1309 -1.0014 0.0039, 3.1309 -1.0014 0.0, 3.1304 -1.0016 0.0039, 3.1304 -1.0016 0.0, 3.1301 -1.0018 0.0039, 3.1301 -1.0018 0.0, 3.1297 -1.0023 0.0039, 3.1297 -1.0023 0.0, 3.1293 -1.0031 0.0039, 3.1293 -1.0031 0.0, 3.1291 -1.0038 0.0039, 3.1291 -1.0038 0.0, 3.1291 -1.0054 0.0039, 3.1291 -1.0054 0.0, 3.1299 -1.0123 0.0039, 3.1299 -1.0123 0.0, 3.13 -1.014 0.0039, 3.13 -1.014 0.0, 3.1306 -1.0307 0.0039, 3.1306 -1.0307 0.0, 3.1306 -1.1581 0.0039, 3.1306 -1.1581 0.0, 3.1304 -1.1719 0.0, 3.1304 -1.1719 0.0039, 3.1286 -1.1839 0.0, 3.1283 -1.1856 0.0039, 3.1283 -1.1856 0.0, 3.1278 -1.1884 0.0039, 3.1278 -1.1884 0.0
            ]
        }
        coordIndex [
            0,1,2,-1,2,1,3,-1,4,5,0,-1,0,5,1,-1,6,7,4,-1,4,7,8,-1,4,8,5,-1,7,6,9,-1,7,9,10,-1,10,9,11,-1,10,11,12,-1,12,11,13,-1,12,13,14,-1,14,13,15,-1,14,15,16,-1,16,15,17,-1,16,17,18,-1,18,17,19,-1,18,19,20,-1,20,19,21,-1,20,21,22,-1,22,21,23,-1,22,23,24,-1,24,23,25,-1,24,25,26,-1,26,25,27,-1,26,27,28,-1,28,27,29,-1,28,29,30,-1,30,29,31,-1,30,31,32,-1,32,31,33,-1,32,33,34,-1,34,33,35,-1,34,35,36,-1,36,35,37,-1,37,35,38,-1,37,38,39,-1,40,41,38,-1,38,41,39,-1,41,40,42,-1,41,42,43,-1,43,42,44,-1,43,44,45,-1,45,44,46,-1,45,46,47,-1,47,46,48,-1,47,48,49,-1,50,51,48,-1,48,51,49,-1,51,50,52,-1,51,52,53,-1,53,52,54,-1,53,54,55,-1,55,54,56,-1,56,54,57,-1,56,57,58,-1,59,60,57,-1,57,60,58,-1,61,62,59,-1,59,62,63,-1,59,63,60,-1,64,65,61,-1,61,65,62,-1,65,64,66,-1,65,66,67,-1,67,66,68,-1,67,68,69,-1,70,71,68,-1,68,71,69,-1,71,70,72,-1,71,72,73,-1,73,72,74,-1,73,74,75,-1,75,74,76,-1,75,76,77,-1,77,76,78,-1,77,78,79,-1,79,78,80,-1,79,80,81,-1,81,80,82,-1,81,82,83,-1,83,82,84,-1,83,84,85,-1,85,84,86,-1,85,86,87,-1,87,86,88,-1,87,88,89,-1,90,91,88,-1,88,91,89,-1,91,90,92,-1,92,90,93,-1,92,93,94,-1,94,93,95,-1,94,95,96,-1,96,95,97,-1,96,97,98,-1,98,97,99,-1,98,99,100,-1,100,99,101,-1,100,101,102,-1,102,101,103,-1,102,103,104,-1,104,103,105,-1,104,105,106,-1,106,105,107,-1,106,107,108,-1,108,107,109,-1,108,109,110,-1,110,109,111,-1,110,111,112,-1,112,111,113,-1,112,113,114,-1,114,113,115,-1,114,115,116,-1,116,115,117,-1,116,117,118,-1,118,117,119,-1,118,119,120,-1,120,119,121,-1,120,121,122,-1,122,121,123,-1,122,123,124,-1,124,123,125,-1,124,125,126,-1,127,128,125,-1,125,128,129,-1,125,129,126,-1,130,131,127,-1,127,131,128,-1,130,2,131,-1,131,2,3,-1,132,57,133,-1,133,57,54,-1,6,4,35,-1,130,134,135,-1,74,72,127,-1,127,72,70,-1,135,136,130,-1,130,136,137,-1,130,137,2,-1,2,137,138,-1,52,0,54,-1,54,0,2,-1,54,2,133,-1,133,2,138,-1,70,68,127,-1,127,68,66,-1,127,66,130,-1,130,66,64,-1,130,64,134,-1,134,64,61,-1,134,61,132,-1,132,61,59,-1,132,59,57,-1,0,40,4,-1,4,40,38,-1,4,38,35,-1,97,95,125,-1,125,95,93,-1,125,93,127,-1,127,93,90,-1,90,88,127,-1,127,88,86,-1,127,86,74,-1,74,86,84,-1,74,84,76,-1,52,50,0,-1,0,50,48,-1,0,48,46,-1,33,11,35,-1,35,11,9,-1,35,9,6,-1,46,44,0,-1,0,44,42,-1,0,42,40,-1,82,80,84,-1,84,80,78,-1,84,78,76,-1,121,103,123,-1,123,103,101,-1,123,101,125,-1,125,101,99,-1,125,99,97,-1,121,119,103,-1,103,119,117,-1,103,117,105,-1,31,15,33,-1,33,15,13,-1,33,13,11,-1,31,29,15,-1,15,29,27,-1,15,27,25,-1,19,17,21,-1,21,17,15,-1,21,15,23,-1,23,15,25,-1,113,111,115,-1,115,111,109,-1,115,109,117,-1,117,109,107,-1,117,107,105,-1,133,139,132,-1,132,139,140,-1,139,133,138,-1,139,138,141,-1,141,138,137,-1,141,137,142,-1,142,137,136,-1,142,136,143,-1,135,144,136,-1,136,144,143,-1,134,145,135,-1,135,145,144,-1,140,145,132,-1,132,145,134,-1,146,147,148,-1,148,147,149,-1,147,146,150,-1,147,150,151,-1,151,150,152,-1,151,152,153,-1,153,152,154,-1,153,154,155,-1,155,154,156,-1,155,156,157,-1,157,156,158,-1,157,158,159,-1,159,158,160,-1,159,160,161,-1,161,160,162,-1,161,162,163,-1,163,162,164,-1,163,164,165,-1,165,164,166,-1,165,166,167,-1,168,169,166,-1,166,169,167,-1,170,171,168,-1,168,171,169,-1,171,170,172,-1,171,172,173,-1,173,172,174,-1,173,174,175,-1,176,177,174,-1,174,177,175,-1,178,179,176,-1,176,179,177,-1,179,178,180,-1,179,180,181,-1,181,180,182,-1,181,182,183,-1,183,182,184,-1,183,184,185,-1,185,184,186,-1,185,186,187,-1,187,186,188,-1,187,188,189,-1,189,188,190,-1,189,190,191,-1,191,190,192,-1,191,192,193,-1,193,192,194,-1,193,194,195,-1,195,194,196,-1,195,196,197,-1,197,196,198,-1,197,198,199,-1,199,198,200,-1,199,200,201,-1,201,200,202,-1,201,202,203,-1,203,202,204,-1,203,204,205,-1,205,204,206,-1,205,206,207,-1,207,206,208,-1,207,208,209,-1,209,208,210,-1,209,210,211,-1,211,210,212,-1,211,212,213,-1,214,215,212,-1,212,215,213,-1,215,214,216,-1,215,216,217,-1,217,216,218,-1,217,218,219,-1,219,218,220,-1,220,218,221,-1,220,221,222,-1,222,221,223,-1,222,223,224,-1,225,224,226,-1,226,224,223,-1,225,226,227,-1,227,226,228,-1,227,228,229,-1,229,228,230,-1,229,230,231,-1,231,230,232,-1,231,232,233,-1,233,232,234,-1,233,234,235,-1,236,237,234,-1,234,237,235,-1,237,236,238,-1,237,238,239,-1,239,238,240,-1,239,240,241,-1,241,240,242,-1,241,242,243,-1,243,242,244,-1,243,244,245,-1,245,244,246,-1,245,246,247,-1,247,246,248,-1,247,248,249,-1,249,248,250,-1,249,250,251,-1,251,250,252,-1,251,252,253,-1,253,252,254,-1,253,254,255,-1,255,254,256,-1,255,256,257,-1,257,256,258,-1,257,258,259,-1,259,258,260,-1,259,260,261,-1,261,260,262,-1,261,262,263,-1,263,262,264,-1,263,264,265,-1,266,267,264,-1,264,267,265,-1,268,269,266,-1,266,269,267,-1,270,271,268,-1,268,271,269,-1,271,270,272,-1,271,272,273,-1,273,272,148,-1,273,148,149,-1,242,240,264,-1,170,168,274,-1,168,166,146,-1,146,166,164,-1,146,164,150,-1,146,148,168,-1,168,148,272,-1,168,272,274,-1,274,272,270,-1,274,270,275,-1,276,277,232,-1,232,277,278,-1,232,278,279,-1,240,238,264,-1,264,238,236,-1,264,236,266,-1,266,236,234,-1,266,234,268,-1,268,234,232,-1,232,230,276,-1,276,230,216,-1,276,216,280,-1,270,268,275,-1,275,268,232,-1,275,232,281,-1,281,232,279,-1,282,283,178,-1,178,283,180,-1,180,283,284,-1,180,284,182,-1,258,256,254,-1,178,176,282,-1,282,176,174,-1,282,174,274,-1,274,174,172,-1,274,172,170,-1,182,284,184,-1,184,284,285,-1,184,285,186,-1,264,250,248,-1,162,154,164,-1,164,154,152,-1,164,152,150,-1,162,160,154,-1,154,160,158,-1,154,158,156,-1,286,287,202,-1,250,264,252,-1,252,264,262,-1,252,262,254,-1,254,262,260,-1,254,260,258,-1,248,246,264,-1,264,246,244,-1,264,244,242,-1,226,223,228,-1,228,223,221,-1,228,221,230,-1,230,221,218,-1,230,218,216,-1,202,287,204,-1,216,214,280,-1,280,214,212,-1,280,212,210,-1,287,288,204,-1,204,288,289,-1,204,289,206,-1,206,289,280,-1,206,280,208,-1,208,280,210,-1,186,285,188,-1,188,285,290,-1,188,290,190,-1,190,290,291,-1,190,291,192,-1,192,291,292,-1,192,292,194,-1,292,293,194,-1,194,293,294,-1,194,294,196,-1,196,294,295,-1,196,295,198,-1,198,295,286,-1,198,286,200,-1,200,286,202,-1,278,296,279,-1,279,296,297,-1,296,278,277,-1,296,277,298,-1,298,277,276,-1,298,276,299,-1,299,276,280,-1,299,280,300,-1,300,280,289,-1,300,289,301,-1,301,289,288,-1,301,288,302,-1,302,288,287,-1,302,287,303,-1,303,287,286,-1,303,286,304,-1,304,286,295,-1,304,295,305,-1,305,295,294,-1,305,294,306,-1,306,294,293,-1,306,293,307,-1,307,293,292,-1,307,292,308,-1,308,292,291,-1,308,291,309,-1,309,291,290,-1,309,290,310,-1,310,290,285,-1,310,285,311,-1,311,285,284,-1,311,284,312,-1,312,284,283,-1,312,283,313,-1,313,283,282,-1,313,282,314,-1,274,315,282,-1,282,315,314,-1,275,316,274,-1,274,316,315,-1,316,275,281,-1,316,281,317,-1,317,281,279,-1,317,279,297,-1,318,319,320,-1,320,319,321,-1,319,318,322,-1,319,322,323,-1,323,322,324,-1,323,324,325,-1,325,324,326,-1,325,326,327,-1,328,329,326,-1,326,329,327,-1,330,331,328,-1,328,331,329,-1,331,330,332,-1,331,332,333,-1,333,332,334,-1,333,334,335,-1,335,334,336,-1,335,336,337,-1,337,336,338,-1,337,338,339,-1,339,338,340,-1,339,340,341,-1,341,340,342,-1,341,342,343,-1,343,342,344,-1,343,344,345,-1,345,344,346,-1,345,346,347,-1,347,346,348,-1,347,348,349,-1,349,348,350,-1,349,350,351,-1,351,350,352,-1,351,352,353,-1,354,355,352,-1,352,355,353,-1,356,357,354,-1,354,357,355,-1,358,359,356,-1,356,359,357,-1,359,358,360,-1,359,360,361,-1,361,360,362,-1,361,362,363,-1,364,365,362,-1,362,365,363,-1,366,367,364,-1,364,367,365,-1,367,366,368,-1,367,368,369,-1,369,368,370,-1,369,370,371,-1,371,370,372,-1,371,372,373,-1,373,372,374,-1,373,374,375,-1,375,374,376,-1,375,376,377,-1,377,376,378,-1,377,378,379,-1,379,378,380,-1,379,380,381,-1,381,380,382,-1,381,382,383,-1,383,382,384,-1,383,384,385,-1,385,384,386,-1,385,386,387,-1,387,386,388,-1,387,388,389,-1,389,388,390,-1,389,390,391,-1,392,393,390,-1,390,393,391,-1,393,392,394,-1,393,394,395,-1,395,394,396,-1,395,396,397,-1,398,399,396,-1,396,399,397,-1,399,398,400,-1,399,400,401,-1,401,400,402,-1,401,402,403,-1,403,402,404,-1,403,404,405,-1,405,404,406,-1,405,406,407,-1,407,406,408,-1,407,408,409,-1,409,408,410,-1,409,410,411,-1,411,410,412,-1,411,412,413,-1,413,412,414,-1,413,414,415,-1,415,414,416,-1,415,416,417,-1,417,416,418,-1,417,418,419,-1,419,418,420,-1,419,420,421,-1,421,420,422,-1,421,422,423,-1,423,422,424,-1,423,424,425,-1,426,427,424,-1,424,427,425,-1,427,426,428,-1,427,428,429,-1,429,428,430,-1,429,430,431,-1,432,433,430,-1,430,433,431,-1,433,432,434,-1,433,434,435,-1,435,434,436,-1,435,436,437,-1,437,436,438,-1,437,438,439,-1,439,438,440,-1,439,440,441,-1,441,440,442,-1,441,442,443,-1,443,442,444,-1,443,444,445,-1,445,444,446,-1,445,446,447,-1,447,446,448,-1,447,448,449,-1,449,448,450,-1,449,450,451,-1,451,450,452,-1,451,452,453,-1,453,452,454,-1,453,454,455,-1,455,454,456,-1,455,456,457,-1,457,456,458,-1,457,458,459,-1,459,458,460,-1,459,460,461,-1,461,460,462,-1,461,462,463,-1,464,465,462,-1,462,465,463,-1,465,464,466,-1,465,466,467,-1,467,466,468,-1,467,468,469,-1,470,471,468,-1,468,471,469,-1,471,470,472,-1,471,472,473,-1,473,472,474,-1,473,474,475,-1,476,477,474,-1,474,477,475,-1,477,476,478,-1,477,478,479,-1,479,478,480,-1,479,480,481,-1,481,480,482,-1,481,482,483,-1,483,482,484,-1,484,482,485,-1,484,485,486,-1,486,485,487,-1,487,485,488,-1,487,488,489,-1,489,488,490,-1,489,490,491,-1,491,490,492,-1,491,492,493,-1,493,492,494,-1,493,494,495,-1,495,494,496,-1,495,496,497,-1,497,496,498,-1,497,498,499,-1,499,498,500,-1,499,500,501,-1,501,500,502,-1,501,502,503,-1,503,502,504,-1,503,504,505,-1,505,504,506,-1,505,506,507,-1,507,506,508,-1,507,508,509,-1,509,508,510,-1,509,510,511,-1,512,513,510,-1,510,513,511,-1,513,512,514,-1,513,514,515,-1,515,514,516,-1,515,516,517,-1,518,519,516,-1,516,519,517,-1,518,320,519,-1,519,320,321,-1,402,400,356,-1,362,360,392,-1,392,360,358,-1,326,324,352,-1,400,398,356,-1,356,398,396,-1,356,396,358,-1,358,396,394,-1,358,394,392,-1,430,428,356,-1,428,426,356,-1,356,426,424,-1,356,424,422,-1,422,420,356,-1,356,420,418,-1,356,418,416,-1,320,354,318,-1,318,354,352,-1,318,352,322,-1,322,352,324,-1,362,392,364,-1,364,392,390,-1,364,390,366,-1,366,390,388,-1,366,388,386,-1,356,410,408,-1,436,434,518,-1,518,434,432,-1,518,432,320,-1,320,432,430,-1,320,430,354,-1,354,430,356,-1,416,414,356,-1,356,414,412,-1,356,412,410,-1,336,334,350,-1,350,334,352,-1,328,326,330,-1,330,326,352,-1,330,352,332,-1,332,352,334,-1,448,446,518,-1,518,446,444,-1,518,444,442,-1,386,384,366,-1,366,384,382,-1,366,382,380,-1,408,406,356,-1,356,406,404,-1,356,404,402,-1,496,494,508,-1,508,494,492,-1,508,492,510,-1,510,492,490,-1,510,490,488,-1,472,470,518,-1,518,470,468,-1,518,468,466,-1,466,464,518,-1,518,464,462,-1,518,462,460,-1,370,376,372,-1,372,376,374,-1,380,378,366,-1,366,378,376,-1,366,376,368,-1,368,376,370,-1,454,452,518,-1,518,452,450,-1,518,450,448,-1,442,440,518,-1,518,440,438,-1,518,438,436,-1,488,485,510,-1,510,485,482,-1,510,482,512,-1,512,482,480,-1,512,480,514,-1,514,480,478,-1,514,478,516,-1,516,478,476,-1,516,476,518,-1,518,476,474,-1,518,474,472,-1,460,458,518,-1,518,458,456,-1,518,456,454,-1,342,340,350,-1,350,340,338,-1,350,338,336,-1,502,508,504,-1,504,508,506,-1,502,500,508,-1,508,500,498,-1,508,498,496,-1,348,346,350,-1,350,346,344,-1,350,344,342,-1,520,521,522,-1,522,521,523,-1,524,525,520,-1,520,525,521,-1,526,527,524,-1,524,527,525,-1,527,526,528,-1,527,528,529,-1,529,528,530,-1,529,530,531,-1,531,530,532,-1,531,532,533,-1,533,532,534,-1,533,534,535,-1,535,534,536,-1,535,536,537,-1,537,536,538,-1,537,538,539,-1,539,538,540,-1,539,540,541,-1,541,540,542,-1,541,542,543,-1,543,542,544,-1,543,544,545,-1,545,544,546,-1,545,546,547,-1,547,546,548,-1,547,548,549,-1,549,548,550,-1,549,550,551,-1,551,550,552,-1,551,552,553,-1,553,552,554,-1,553,554,555,-1,555,554,556,-1,555,556,557,-1,557,556,558,-1,557,558,559,-1,559,558,560,-1,559,560,561,-1,561,560,562,-1,561,562,563,-1,563,562,564,-1,563,564,565,-1,565,564,566,-1,565,566,567,-1,567,566,568,-1,567,568,569,-1,569,568,570,-1,569,570,571,-1,571,570,572,-1,571,572,573,-1,573,572,574,-1,573,574,575,-1,575,574,576,-1,575,576,577,-1,577,576,578,-1,577,578,579,-1,579,578,580,-1,579,580,581,-1,581,580,582,-1,581,582,583,-1,583,582,584,-1,583,584,585,-1,586,587,584,-1,584,587,585,-1,588,589,586,-1,586,589,587,-1,589,588,590,-1,589,590,591,-1,591,590,592,-1,591,592,593,-1,593,592,594,-1,593,594,595,-1,595,594,596,-1,595,596,597,-1,597,596,598,-1,597,598,599,-1,599,598,600,-1,599,600,601,-1,601,600,602,-1,601,602,603,-1,603,602,604,-1,603,604,605,-1,605,604,606,-1,605,606,607,-1,607,606,608,-1,607,608,609,-1,609,608,610,-1,609,610,611,-1,611,610,612,-1,611,612,613,-1,613,612,614,-1,613,614,615,-1,615,614,616,-1,615,616,617,-1,617,616,618,-1,617,618,619,-1,619,618,620,-1,619,620,621,-1,621,620,622,-1,621,622,623,-1,623,622,624,-1,623,624,625,-1,625,624,626,-1,625,626,627,-1,627,626,628,-1,627,628,629,-1,629,628,630,-1,629,630,631,-1,631,630,632,-1,631,632,633,-1,633,632,634,-1,633,634,635,-1,635,634,636,-1,635,636,637,-1,637,636,638,-1,637,638,639,-1,639,638,640,-1,639,640,641,-1,642,643,640,-1,640,643,641,-1,642,522,643,-1,643,522,523,-1,524,520,642,-1,642,520,522,-1,640,536,642,-1,642,536,534,-1,642,534,532,-1,526,524,528,-1,528,524,642,-1,528,642,530,-1,530,642,532,-1,640,638,536,-1,536,638,636,-1,536,636,538,-1,538,636,634,-1,538,634,540,-1,540,634,632,-1,540,632,542,-1,632,630,542,-1,542,630,628,-1,542,628,544,-1,544,628,626,-1,544,626,546,-1,546,626,624,-1,546,624,548,-1,548,624,622,-1,548,622,550,-1,550,622,552,-1,552,622,620,-1,552,620,554,-1,554,620,618,-1,554,618,556,-1,556,618,616,-1,556,616,558,-1,558,616,614,-1,558,614,560,-1,560,614,612,-1,560,612,562,-1,562,612,610,-1,562,610,564,-1,564,610,608,-1,564,608,566,-1,566,608,606,-1,566,606,568,-1,568,606,604,-1,568,604,570,-1,570,604,602,-1,570,602,572,-1,572,602,600,-1,572,600,574,-1,574,600,598,-1,574,598,576,-1,576,598,596,-1,576,596,578,-1,578,596,594,-1,578,594,580,-1,580,594,592,-1,580,592,582,-1,582,592,590,-1,582,590,584,-1,584,590,588,-1,584,588,586,-1,644,645,646,-1,646,645,647,-1,646,647,648,-1,645,644,649,-1,645,649,650,-1,650,649,651,-1,650,651,652,-1,652,651,653,-1,652,653,654,-1,655,656,653,-1,653,656,654,-1,656,655,657,-1,656,657,658,-1,658,657,659,-1,658,659,660,-1,660,659,661,-1,660,661,662,-1,662,661,663,-1,662,663,664,-1,664,663,665,-1,664,665,666,-1,666,665,667,-1,666,667,668,-1,668,667,669,-1,668,669,670,-1,670,669,671,-1,670,671,672,-1,672,671,673,-1,672,673,674,-1,674,673,675,-1,674,675,676,-1,676,675,677,-1,676,677,678,-1,678,677,679,-1,678,679,680,-1,680,679,681,-1,680,681,682,-1,682,681,683,-1,682,683,684,-1,684,683,685,-1,684,685,686,-1,686,685,687,-1,686,687,688,-1,688,687,689,-1,688,689,690,-1,690,689,691,-1,690,691,692,-1,692,691,693,-1,692,693,694,-1,694,693,695,-1,694,695,696,-1,696,695,697,-1,696,697,698,-1,698,697,699,-1,698,699,700,-1,701,702,699,-1,699,702,700,-1,703,704,701,-1,701,704,702,-1,704,703,705,-1,704,705,706,-1,706,705,707,-1,706,707,708,-1,708,707,709,-1,708,709,710,-1,710,709,711,-1,710,711,712,-1,712,711,713,-1,712,713,714,-1,714,713,715,-1,714,715,716,-1,716,715,717,-1,716,717,718,-1,718,717,719,-1,718,719,720,-1,720,719,721,-1,720,721,722,-1,722,721,723,-1,722,723,724,-1,724,723,725,-1,724,725,726,-1,727,728,725,-1,725,728,726,-1,729,730,727,-1,727,730,728,-1,731,730,732,-1,732,730,729,-1,731,732,733,-1,733,732,734,-1,733,734,735,-1,736,737,734,-1,734,737,735,-1,736,646,737,-1,737,646,648,-1,667,665,693,-1,693,665,663,-1,693,663,695,-1,669,667,671,-1,671,667,693,-1,671,693,673,-1,673,693,691,-1,673,691,675,-1,729,727,655,-1,655,727,725,-1,655,725,723,-1,663,661,695,-1,695,661,659,-1,695,659,697,-1,697,659,657,-1,646,736,644,-1,644,736,734,-1,644,734,649,-1,649,734,732,-1,649,732,651,-1,651,732,729,-1,651,729,653,-1,653,729,655,-1,723,721,655,-1,655,721,719,-1,655,719,717,-1,679,689,687,-1,689,679,691,-1,691,679,677,-1,691,677,675,-1,717,715,655,-1,655,715,713,-1,655,713,711,-1,711,709,655,-1,655,709,707,-1,655,707,705,-1,705,703,655,-1,655,703,701,-1,655,701,657,-1,657,701,699,-1,657,699,697,-1,687,685,679,-1,679,685,683,-1,679,683,681,-1,
        ]
    }
}
Shape{
    appearance Appearance {
        material  Material 	{
            diffuseColor 0.27450980392156865 0.49411764705882355 0.27450980392156865
            specularColor 0.0196078431372549 0.03529411764705882 0.0196078431372549
            ambientIntensity 0.5763
            transparency 0.0
            shininess 0.5
        }
    }
    geometry IndexedFaceSet {
        ccw TRUE
        solid FALSE
        coord DEF co Coordinate {
            point [
                3.5677 -1.0873 0.0, 3.5753 -1.08 0.0, 3.5572 -1.1595 0.0, 3.5388 -1.0763 0.0, 3.5499 -1.0786 0.0, 3.5582 -1.0812 0.0, 3.5606 -1.0825 0.0, 3.4314 -1.1646 0.0, 3.4314 -1.0148 0.0, 3.4368 -1.1669 0.0, 3.4358 -1.0147 0.0, 3.4402 -1.0148 0.0, 3.4526 -1.0163 0.0, 3.4614 -1.0174 0.0, 3.4611 -1.1706 0.0, 3.4488 -1.1697 0.0, 3.4897 -1.1074 0.0, 3.4891 -1.0657 0.0, 3.4686 -1.1691 0.0, 3.4864 -1.1459 0.0, 3.484 -1.1544 0.0, 3.4677 -1.019 0.0, 3.4723 -1.021 0.0, 3.4757 -1.0237 0.0, 3.4808 -1.1605 0.0, 3.4774 -1.1646 0.0, 3.4741 -1.167 0.0, 3.479 -1.028 0.0, 3.4846 -1.0406 0.0, 3.2638 0.9842 1.5222, 3.2638 0.9842 1.8676, 3.7362 0.9842 1.5222, 3.7362 0.9842 1.8676, 3.2638 0.9842 0.7874, 3.2638 1.1811 0.7874, 3.2638 1.1811 1.1811, 3.7362 1.1811 0.7874, 3.7362 0.9842 0.7874, 3.7362 1.1811 1.1811
            ]
        }
        coordIndex [
            0,1,2,-1,2,3,4,-1,4,5,2,-1,2,5,6,-1,2,6,0,-1,7,8,9,-1,9,8,10,-1,10,11,9,-1,9,11,12,-1,9,12,13,-1,14,15,16,-1,16,15,9,-1,16,9,17,-1,14,16,18,-1,18,16,19,-1,18,19,20,-1,13,21,9,-1,9,21,22,-1,9,22,23,-1,20,24,18,-1,18,24,25,-1,18,25,26,-1,23,27,9,-1,9,27,28,-1,9,28,17,-1,29,30,31,-1,31,30,32,-1,33,34,29,-1,29,34,35,-1,29,35,30,-1,36,37,38,-1,38,37,31,-1,38,31,32,-1,37,36,33,-1,33,36,34,-1,
        ]
    }
}
Shape{
    appearance Appearance {
        material  Material 	{
            diffuseColor 0.6470588235294118 0.6196078431372549 0.5882352941176471
            specularColor 0.45098039215686275 0.43529411764705883 0.4117647058823529
            ambientIntensity 0.6242
            transparency 0.0
            shininess 0.5
        }
    }
    geometry IndexedFaceSet {
        ccw TRUE
        solid FALSE
        coord DEF co Coordinate {
            point [
                2.8116 -0.1533 3.2205, 2.1884 -0.1533 3.2205, 2.2061 -0.1979 3.2205, 2.2969 -0.3109 3.2205, 2.3587 -0.3496 3.2205, 2.7939 -0.1979 3.2205, 2.2452 -0.2595 3.2205, 2.4275 -0.3736 3.2205, 2.7031 -0.3109 3.2205, 2.7548 -0.2595 3.2205, 2.5 -0.3817 3.2205, 2.5725 -0.3736 3.2205, 2.6413 -0.3496 3.2205, 2.1506 -0.2565 3.1417, 2.1838 -0.3088 3.1417, 2.1858 -0.3071 3.1621, 2.6045 -0.4453 3.1417, 2.6754 -0.4206 3.1417, 2.6742 -0.4181 3.1621, 2.1582 -0.1533 3.215, 2.1476 -0.1533 3.2095, 2.1707 -0.2151 3.2099, 2.1089 -0.1596 3.1417, 2.1353 -0.2323 3.1417, 2.1377 -0.2312 3.1621, 2.8127 -0.1533 3.2205, 2.8122 -0.2068 3.2178, 2.8327 -0.1533 3.2179, 2.8293 -0.2151 3.2099, 2.8415 -0.1533 3.2151, 2.8329 -0.1533 3.2178, 2.8693 -0.1533 3.1971, 2.8662 -0.1533 3.2005, 2.8439 -0.2222 3.1974, 2.8588 -0.1533 3.2062, 2.8524 -0.1533 3.2095, 2.8788 -0.1533 3.1868, 2.8552 -0.2277 3.1811, 2.8836 -0.1533 3.1793, 2.8906 -0.1533 3.1624, 2.8623 -0.2312 3.1621, 2.8906 -0.1533 3.1621, 2.8647 -0.2323 3.1417, 2.8911 -0.1596 3.1417, 2.8924 -0.1533 3.1542, 2.8934 -0.1533 3.1417, 2.1448 -0.2277 3.1811, 2.11 -0.1533 3.1644, 2.1095 -0.1533 3.1621, 2.107 -0.1533 3.1498, 2.1066 -0.1533 3.1417, 2.135 -0.1533 3.2015, 2.1308 -0.1533 3.1971, 2.1561 -0.2222 3.1974, 2.122 -0.1533 3.1878, 2.1175 -0.1533 3.1812, 2.1409 -0.1533 3.206, 2.1652 -0.1533 3.2173, 2.1878 -0.2068 3.2178, 2.1671 -0.1533 3.2176, 2.185 -0.1533 3.2204, 2.7707 -0.2722 3.2178, 2.7855 -0.2841 3.2099, 2.7983 -0.2943 3.1974, 2.808 -0.3022 3.1811, 2.8142 -0.3071 3.1621, 2.423 -0.3934 3.2178, 2.3499 -0.3679 3.2178, 2.4188 -0.412 3.2099, 2.3417 -0.3851 3.2099, 2.4152 -0.4279 3.1974, 2.3346 -0.3998 3.1974, 2.4124 -0.4401 3.1811, 2.3292 -0.4111 3.1811, 2.4107 -0.4477 3.1621, 2.3258 -0.4181 3.1621, 2.7016 -0.4042 3.1417, 2.7521 -0.3726 3.1417, 2.7504 -0.3705 3.1621, 2.7455 -0.3643 3.1811, 2.7377 -0.3545 3.1974, 2.7276 -0.3417 3.2099, 2.7158 -0.3269 3.2178, 2.785 -0.3399 3.1417, 2.8162 -0.3088 3.1417, 2.8494 -0.2565 3.1417, 2.6708 -0.4111 3.1811, 2.6654 -0.3998 3.1974, 2.6583 -0.3851 3.2099, 2.6501 -0.3679 3.2178, 2.5899 -0.4504 3.1417, 2.5893 -0.4477 3.1621, 2.5876 -0.4401 3.1811, 2.5848 -0.4279 3.1974, 2.5812 -0.412 3.2099, 2.577 -0.3934 3.2178, 2.5 -0.4021 3.2178, 2.5 -0.4211 3.2099, 2.5 -0.4374 3.1974, 2.5 -0.4499 3.1811, 2.5 -0.4578 3.1621, 2.5 -0.4604 3.1417, 2.4101 -0.4504 3.1417, 2.215 -0.3399 3.1417, 2.2479 -0.3726 3.1417, 2.2496 -0.3705 3.1621, 2.2545 -0.3643 3.1811, 2.2623 -0.3545 3.1974, 2.2724 -0.3417 3.2099, 2.2842 -0.3269 3.2178, 2.2984 -0.4042 3.1417, 2.3246 -0.4206 3.1417, 2.3955 -0.4453 3.1417, 2.192 -0.3022 3.1811, 2.2017 -0.2943 3.1974, 2.2145 -0.2841 3.2099, 2.2293 -0.2722 3.2178, 2.7352 -0.0549 2.6435, 2.7272 0.006 1.8392, 2.7272 0.006 2.6435, 2.7037 0.0627 1.8392, 2.7037 0.0627 2.6435, 2.6663 0.1114 1.8392, 2.6663 0.1114 2.6435, 2.6176 0.1488 1.8392, 2.6176 0.1488 2.6435, 2.5609 0.1723 1.8392, 2.5609 0.1723 2.6435, 2.5 0.1803 1.8392, 2.5 0.1803 2.6435, 2.4391 0.1723 1.8392, 2.4391 0.1723 2.6435, 2.3824 0.1488 1.8392, 2.3824 0.1488 2.6435, 2.3337 0.1114 1.8392, 2.3337 0.1114 2.6435, 2.2963 0.0627 1.8392, 2.2963 0.0627 2.6435, 2.2728 0.006 1.8392, 2.2728 0.006 2.6435, 2.2648 -0.0549 1.8392, 2.2648 -0.0549 2.6435, 2.2728 -0.1158 1.8392, 2.2728 -0.1158 2.6435, 2.2963 -0.1725 1.8392, 2.2963 -0.1725 2.6435, 2.3337 -0.2212 1.8392, 2.3337 -0.2212 2.6435, 2.3824 -0.2586 1.8392, 2.3824 -0.2586 2.6435, 2.4391 -0.2821 1.8392, 2.4391 -0.2821 2.6435, 2.5 -0.2901 1.8392, 2.5 -0.2901 2.6435, 2.5609 -0.2821 1.8392, 2.5609 -0.2821 2.6435, 2.6176 -0.2586 1.8392, 2.6176 -0.2586 2.6435, 2.6663 -0.2212 1.8392, 2.6663 -0.2212 2.6435, 2.7037 -0.1725 1.8392, 2.7037 -0.1725 2.6435, 2.7272 -0.1158 1.8392, 2.7272 -0.1158 2.6435, 2.7352 -0.0549 1.8392
            ]
        }
        coordIndex [
            0,1,2,-1,3,4,5,-1,0,2,5,-1,5,2,6,-1,5,6,3,-1,7,8,4,-1,4,8,9,-1,4,9,5,-1,7,10,8,-1,8,10,11,-1,8,11,12,-1,13,14,15,-1,16,17,18,-1,19,20,21,-1,22,23,24,-1,0,5,25,-1,25,5,26,-1,25,26,27,-1,28,29,26,-1,26,29,30,-1,26,30,27,-1,31,32,33,-1,33,32,34,-1,33,34,28,-1,28,34,35,-1,28,35,29,-1,31,33,36,-1,36,33,37,-1,36,37,38,-1,38,37,39,-1,39,37,40,-1,39,40,41,-1,40,42,41,-1,41,42,43,-1,41,43,44,-1,44,43,45,-1,46,47,24,-1,24,47,48,-1,24,48,22,-1,22,48,49,-1,22,49,50,-1,51,52,53,-1,53,52,54,-1,53,54,46,-1,46,54,55,-1,46,55,47,-1,21,20,53,-1,53,20,56,-1,53,56,51,-1,19,21,57,-1,57,21,58,-1,57,58,59,-1,59,58,60,-1,60,58,2,-1,60,2,1,-1,5,9,26,-1,26,9,61,-1,26,61,28,-1,28,61,62,-1,28,62,33,-1,33,62,63,-1,33,63,37,-1,37,63,64,-1,37,64,40,-1,40,64,65,-1,7,4,66,-1,66,4,67,-1,66,67,68,-1,68,67,69,-1,68,69,70,-1,70,69,71,-1,70,71,72,-1,72,71,73,-1,72,73,74,-1,74,73,75,-1,76,77,78,-1,78,77,65,-1,78,65,79,-1,79,65,64,-1,79,64,80,-1,80,64,63,-1,80,63,81,-1,81,63,62,-1,81,62,82,-1,82,62,61,-1,82,61,8,-1,8,61,9,-1,77,83,65,-1,65,83,84,-1,65,84,40,-1,40,84,85,-1,40,85,42,-1,17,76,18,-1,18,76,78,-1,18,78,86,-1,86,78,79,-1,86,79,87,-1,87,79,80,-1,87,80,88,-1,88,80,81,-1,88,81,89,-1,89,81,82,-1,89,82,12,-1,12,82,8,-1,90,16,91,-1,91,16,18,-1,91,18,92,-1,92,18,86,-1,92,86,93,-1,93,86,87,-1,93,87,94,-1,94,87,88,-1,94,88,95,-1,95,88,89,-1,95,89,11,-1,11,89,12,-1,11,10,95,-1,95,10,96,-1,95,96,94,-1,94,96,97,-1,94,97,93,-1,93,97,98,-1,93,98,92,-1,92,98,99,-1,92,99,91,-1,91,99,100,-1,91,100,90,-1,90,100,101,-1,10,7,96,-1,96,7,66,-1,96,66,97,-1,97,66,68,-1,97,68,98,-1,98,68,70,-1,98,70,99,-1,99,70,72,-1,99,72,100,-1,100,72,74,-1,100,74,101,-1,101,74,102,-1,103,104,105,-1,105,104,75,-1,105,75,106,-1,106,75,73,-1,106,73,107,-1,107,73,71,-1,107,71,108,-1,108,71,69,-1,108,69,109,-1,109,69,67,-1,109,67,3,-1,3,67,4,-1,104,110,75,-1,75,110,111,-1,75,111,74,-1,74,111,112,-1,74,112,102,-1,14,103,15,-1,15,103,105,-1,15,105,113,-1,113,105,106,-1,113,106,114,-1,114,106,107,-1,114,107,115,-1,115,107,108,-1,115,108,116,-1,116,108,109,-1,116,109,6,-1,6,109,3,-1,23,13,24,-1,24,13,15,-1,24,15,46,-1,46,15,113,-1,46,113,53,-1,53,113,114,-1,53,114,21,-1,21,114,115,-1,21,115,58,-1,58,115,116,-1,58,116,2,-1,2,116,6,-1,117,118,119,-1,119,118,120,-1,119,120,121,-1,121,120,122,-1,121,122,123,-1,123,122,124,-1,123,124,125,-1,125,124,126,-1,125,126,127,-1,127,126,128,-1,127,128,129,-1,129,128,130,-1,129,130,131,-1,131,130,132,-1,131,132,133,-1,133,132,134,-1,133,134,135,-1,135,134,136,-1,135,136,137,-1,137,136,138,-1,137,138,139,-1,139,138,140,-1,139,140,141,-1,141,140,142,-1,141,142,143,-1,143,142,144,-1,143,144,145,-1,145,144,146,-1,145,146,147,-1,147,146,148,-1,147,148,149,-1,149,148,150,-1,149,150,151,-1,151,150,152,-1,151,152,153,-1,153,152,154,-1,153,154,155,-1,155,154,156,-1,155,156,157,-1,157,156,158,-1,157,158,159,-1,159,158,160,-1,159,160,161,-1,161,160,162,-1,161,162,163,-1,163,162,164,-1,163,164,117,-1,117,164,118,-1,
        ]
    }
}
Shape{
    appearance Appearance {
        material  Material 	{
            diffuseColor 0.27450980392156865 0.49411764705882355 0.27450980392156865
            specularColor 0.0196078431372549 0.03529411764705882 0.0196078431372549
            ambientIntensity 0.5763
            transparency 0.0
            shininess 0.5
        }
    }
    geometry IndexedFaceSet {
        ccw TRUE
        solid FALSE
        coord DEF co Coordinate {
            point [
                2.8937 -0.8354 0.5543, 2.8937 -0.9093 0.0, 2.7362 -0.8354 0.5543, 2.5071 -0.9093 0.0, 2.2638 -0.8354 0.5543, 2.4017 -0.9093 0.0, 2.3027 -0.9093 0.0, 2.1063 -0.9093 0.0, 2.1063 -0.8354 0.5543, 2.117 -0.9093 0.0, 2.2017 -0.9093 0.0, 2.2638 -0.8354 1.3035, 2.1063 -0.8354 1.5292, 2.7362 -0.8354 1.3035, 2.8937 -0.8354 1.5292, 2.1063 -0.6872 1.5292, 2.8937 -0.6872 1.5292, 2.1063 -0.6872 2.6435, 2.8937 -0.6872 2.6435, 2.2728 -0.1158 2.6435, 2.2648 -0.0549 2.6435, 2.1063 0.6045 2.6435, 2.2728 0.006 2.6435, 2.2963 -0.1725 2.6435, 2.3337 -0.2212 2.6435, 2.3824 -0.2586 2.6435, 2.5609 -0.2821 2.6435, 2.5 -0.2901 2.6435, 2.4391 -0.2821 2.6435, 2.6176 -0.2586 2.6435, 2.6663 -0.2212 2.6435, 2.7037 -0.1725 2.6435, 2.7272 0.006 2.6435, 2.8937 0.6045 2.6435, 2.7352 -0.0549 2.6435, 2.7272 -0.1158 2.6435, 2.3824 0.1488 2.6435, 2.3337 0.1114 2.6435, 2.2963 0.0627 2.6435, 2.7037 0.0627 2.6435, 2.6663 0.1114 2.6435, 2.6176 0.1488 2.6435, 2.5609 0.1723 2.6435, 2.5 0.1803 2.6435, 2.4391 0.1723 2.6435, 2.1063 0.6045 2.4779, 2.8937 0.6045 2.4779, 2.1063 0.7633 1.9241, 2.8937 0.7633 1.9241, 2.5984 0.7633 1.5222, 2.8937 0.7633 1.5222, 2.5984 0.7633 1.5433, 2.4016 0.7633 1.5433, 2.4016 0.7633 1.5222, 2.1063 0.7633 1.5222, 2.5984 0.8198 1.5222, 2.8937 0.9842 1.5222, 2.1063 0.9842 1.5222, 2.2638 0.9842 1.5222, 2.4016 0.8198 1.5222, 2.7362 0.9842 1.5222, 2.2638 0.9842 0.7874, 2.1063 0.9842 0.0, 2.7362 0.9842 0.7874, 2.117 0.9842 0.0, 2.2017 0.9842 0.0, 2.3027 0.9842 0.0, 2.4017 0.9842 0.0, 2.5071 0.9842 0.0, 2.8937 0.9842 0.0, 2.5 -0.2901 2.6818, 2.5 -0.3745 2.6818, 2.5609 -0.2821 2.6818, 2.5827 -0.3636 2.6818, 2.6176 -0.2586 2.6818, 2.6598 -0.3317 2.6818, 2.6663 -0.2212 2.6818, 2.726 -0.2809 2.6818, 2.7037 -0.1725 2.6818, 2.7768 -0.2147 2.6818, 2.7272 -0.1158 2.6818, 2.8087 -0.1376 2.6818, 2.7352 -0.0549 2.6818, 2.8196 -0.0549 2.6818, 2.7272 0.006 2.6818, 2.8087 0.0278 2.6818, 2.7037 0.0627 2.6818, 2.7768 0.1049 2.6818, 2.6663 0.1114 2.6818, 2.726 0.1711 2.6818, 2.6176 0.1488 2.6818, 2.6598 0.2219 2.6818, 2.5609 0.1723 2.6818, 2.5827 0.2538 2.6818, 2.5 0.1803 2.6818, 2.5 0.2647 2.6818, 2.4391 0.1723 2.6818, 2.4173 0.2538 2.6818, 2.3824 0.1488 2.6818, 2.3402 0.2219 2.6818, 2.3337 0.1114 2.6818, 2.274 0.1711 2.6818, 2.2963 0.0627 2.6818, 2.2232 0.1049 2.6818, 2.2728 0.006 2.6818, 2.1913 0.0278 2.6818, 2.2648 -0.0549 2.6818, 2.1804 -0.0549 2.6818, 2.2728 -0.1158 2.6818, 2.1913 -0.1376 2.6818, 2.2963 -0.1725 2.6818, 2.2232 -0.2147 2.6818, 2.3337 -0.2212 2.6818, 2.274 -0.2809 2.6818, 2.3824 -0.2586 2.6818, 2.3402 -0.3317 2.6818, 2.4391 -0.2821 2.6818, 2.4173 -0.3636 2.6818, 2.8196 -0.0549 2.7983, 2.8087 0.0278 2.7983, 2.7768 0.1049 2.7983, 2.726 0.1711 2.7983, 2.6598 0.2219 2.7983, 2.5827 0.2538 2.7983, 2.5 0.2647 2.7983, 2.4173 0.2538 2.7983, 2.3402 0.2219 2.7983, 2.274 0.1711 2.7983, 2.2232 0.1049 2.7983, 2.1913 0.0278 2.7983, 2.1804 -0.0549 2.7983, 2.1913 -0.1376 2.7983, 2.2232 -0.2147 2.7983, 2.274 -0.2809 2.7983, 2.3402 -0.3317 2.7983, 2.4173 -0.3636 2.7983, 2.5 -0.3745 2.7983, 2.5827 -0.3636 2.7983, 2.6598 -0.3317 2.7983, 2.726 -0.2809 2.7983, 2.7768 -0.2147 2.7983, 2.8087 -0.1376 2.7983, 2.7225 0.3304 2.7983, 2.6152 0.3748 2.7983, 2.5 0.39 2.7983, 2.3848 0.3748 2.7983, 2.2775 0.3304 2.7983, 2.1854 0.2597 2.7983, 2.1147 0.1676 2.7983, 2.0702 0.0602 2.7983, 2.0551 -0.0549 2.7983, 2.0702 -0.1701 2.7983, 2.1147 -0.2774 2.7983, 2.1854 -0.3695 2.7983, 2.2775 -0.4402 2.7983, 2.3848 -0.4847 2.7983, 2.5 -0.4998 2.7983, 2.6152 -0.4847 2.7983, 2.7225 -0.4402 2.7983, 2.8146 -0.3695 2.7983, 2.8853 -0.2774 2.7983, 2.9298 -0.1701 2.7983, 2.9449 -0.0549 2.7983, 2.9298 0.0602 2.7983, 2.8853 0.1676 2.7983, 2.8146 0.2597 2.7983, 2.9449 -0.0549 3.4646, 2.9298 0.0602 3.4646, 2.8853 0.1676 3.4646, 2.8146 0.2597 3.4646, 2.7225 0.3304 3.4646, 2.6152 0.3748 3.4646, 2.5 0.39 3.4646, 2.3848 0.3748 3.4646, 2.2775 0.3304 3.4646, 2.1854 0.2597 3.4646, 2.1147 0.1676 3.4646, 2.0702 0.0602 3.4646, 2.0551 -0.0549 3.4646, 2.0702 -0.1701 3.4646, 2.1147 -0.2774 3.4646, 2.1854 -0.3695 3.4646, 2.2775 -0.4402 3.4646, 2.3848 -0.4847 3.4646, 2.5 -0.4998 3.4646, 2.6152 -0.4847 3.4646, 2.7225 -0.4402 3.4646, 2.8146 -0.3695 3.4646, 2.8853 -0.2774 3.4646, 2.9298 -0.1701 3.4646
            ]
        }
        coordIndex [
            0,1,2,-1,2,1,3,-1,2,3,4,-1,4,3,5,-1,4,5,6,-1,7,8,9,-1,9,8,4,-1,9,4,10,-1,10,4,6,-1,4,8,11,-1,11,8,12,-1,11,12,13,-1,13,12,14,-1,13,14,2,-1,2,14,0,-1,12,15,14,-1,14,15,16,-1,15,17,16,-1,16,17,18,-1,19,17,20,-1,20,17,21,-1,20,21,22,-1,19,23,17,-1,17,23,24,-1,17,24,25,-1,26,18,27,-1,27,18,17,-1,27,17,28,-1,28,17,25,-1,26,29,18,-1,18,29,30,-1,18,30,31,-1,32,33,34,-1,34,33,18,-1,34,18,35,-1,35,18,31,-1,36,37,21,-1,21,37,38,-1,21,38,22,-1,32,39,33,-1,33,39,40,-1,33,40,41,-1,41,42,33,-1,33,42,43,-1,33,43,21,-1,21,43,44,-1,21,44,36,-1,21,45,33,-1,33,45,46,-1,45,47,46,-1,46,47,48,-1,49,50,51,-1,51,50,48,-1,51,48,52,-1,52,48,47,-1,52,47,53,-1,53,47,54,-1,50,49,55,-1,50,55,56,-1,54,57,58,-1,53,54,59,-1,59,54,58,-1,59,58,55,-1,55,58,60,-1,55,60,56,-1,58,57,61,-1,61,57,62,-1,56,60,63,-1,62,64,61,-1,61,64,65,-1,61,65,66,-1,66,67,61,-1,61,67,68,-1,61,68,63,-1,63,68,69,-1,63,69,56,-1,62,57,7,-1,7,57,54,-1,45,21,17,-1,15,12,8,-1,45,17,47,-1,47,17,15,-1,47,15,54,-1,54,15,8,-1,54,8,7,-1,56,69,50,-1,50,69,1,-1,0,14,16,-1,1,0,50,-1,50,0,16,-1,50,16,48,-1,48,16,18,-1,48,18,46,-1,46,18,33,-1,70,71,72,-1,72,71,73,-1,72,73,74,-1,74,73,75,-1,74,75,76,-1,76,75,77,-1,76,77,78,-1,78,77,79,-1,78,79,80,-1,80,79,81,-1,80,81,82,-1,82,81,83,-1,82,83,84,-1,84,83,85,-1,84,85,86,-1,86,85,87,-1,86,87,88,-1,88,87,89,-1,88,89,90,-1,90,89,91,-1,90,91,92,-1,92,91,93,-1,92,93,94,-1,94,93,95,-1,94,95,96,-1,96,95,97,-1,96,97,98,-1,98,97,99,-1,98,99,100,-1,100,99,101,-1,100,101,102,-1,102,101,103,-1,102,103,104,-1,104,103,105,-1,104,105,106,-1,106,105,107,-1,106,107,108,-1,108,107,109,-1,108,109,110,-1,110,109,111,-1,110,111,112,-1,112,111,113,-1,112,113,114,-1,114,113,115,-1,114,115,116,-1,116,115,117,-1,116,117,70,-1,70,117,71,-1,83,118,85,-1,85,118,119,-1,85,119,87,-1,87,119,120,-1,87,120,89,-1,89,120,121,-1,89,121,91,-1,91,121,122,-1,91,122,93,-1,93,122,123,-1,93,123,95,-1,95,123,124,-1,95,124,97,-1,97,124,125,-1,97,125,99,-1,99,125,126,-1,99,126,101,-1,101,126,127,-1,101,127,103,-1,103,127,128,-1,103,128,105,-1,105,128,129,-1,105,129,107,-1,107,129,130,-1,107,130,109,-1,109,130,131,-1,109,131,111,-1,111,131,132,-1,111,132,113,-1,113,132,133,-1,113,133,115,-1,115,133,134,-1,115,134,117,-1,117,134,135,-1,117,135,71,-1,71,135,136,-1,71,136,73,-1,73,136,137,-1,73,137,75,-1,75,137,138,-1,75,138,77,-1,77,138,139,-1,77,139,79,-1,79,139,140,-1,79,140,81,-1,81,140,141,-1,81,141,83,-1,83,141,118,-1,122,142,123,-1,123,142,143,-1,123,143,124,-1,124,143,144,-1,124,144,125,-1,125,144,145,-1,125,145,126,-1,126,145,146,-1,126,146,127,-1,127,146,147,-1,127,147,128,-1,128,147,148,-1,128,148,129,-1,129,148,149,-1,129,149,130,-1,130,149,150,-1,130,150,131,-1,131,150,151,-1,131,151,132,-1,132,151,152,-1,132,152,133,-1,133,152,153,-1,133,153,134,-1,134,153,154,-1,134,154,135,-1,135,154,155,-1,135,155,136,-1,136,155,156,-1,136,156,137,-1,137,156,157,-1,137,157,138,-1,138,157,158,-1,138,158,139,-1,139,158,159,-1,139,159,140,-1,140,159,160,-1,140,160,141,-1,141,160,161,-1,141,161,118,-1,118,161,162,-1,118,162,119,-1,119,162,163,-1,119,163,120,-1,120,163,164,-1,120,164,121,-1,121,164,165,-1,121,165,122,-1,122,165,142,-1,162,166,163,-1,163,166,167,-1,163,167,164,-1,164,167,168,-1,164,168,165,-1,165,168,169,-1,165,169,142,-1,142,169,170,-1,142,170,143,-1,143,170,171,-1,143,171,144,-1,144,171,172,-1,144,172,145,-1,145,172,173,-1,145,173,146,-1,146,173,174,-1,146,174,147,-1,147,174,175,-1,147,175,148,-1,148,175,176,-1,148,176,149,-1,149,176,177,-1,149,177,150,-1,150,177,178,-1,150,178,151,-1,151,178,179,-1,151,179,152,-1,152,179,180,-1,152,180,153,-1,153,180,181,-1,153,181,154,-1,154,181,182,-1,154,182,155,-1,155,182,183,-1,155,183,156,-1,156,183,184,-1,156,184,157,-1,157,184,185,-1,157,185,158,-1,158,185,186,-1,158,186,159,-1,159,186,187,-1,159,187,160,-1,160,187,188,-1,160,188,161,-1,161,188,189,-1,161,189,162,-1,162,189,166,-1,
        ]
    }
}
Shape{
    appearance Appearance {
        material  Material 	{
            diffuseColor 0.6470588235294118 0.6196078431372549 0.5882352941176471
            specularColor 0.45098039215686275 0.43529411764705883 0.4117647058823529
            ambientIntensity 0.6242
            transparency 0.0
            shininess 0.5
        }
    }
    geometry IndexedFaceSet {
        ccw TRUE
        solid FALSE
        coord DEF co Coordinate {
            point [
                2.3587 0.2398 3.2205, 2.2969 0.2011 3.2205, 2.7939 0.0881 3.2205, 2.1884 0.0435 3.2205, 2.8116 0.0435 3.2205, 2.2061 0.0881 3.2205, 2.2452 0.1497 3.2205, 2.4275 0.2638 3.2205, 2.7548 0.1497 3.2205, 2.7031 0.2011 3.2205, 2.6413 0.2398 3.2205, 2.5725 0.2638 3.2205, 2.5 0.2719 3.2205, 2.1066 0.0435 3.0236, 2.1066 0.0435 3.1417, 2.1089 0.0498 3.1417, 2.8934 -0.1533 3.0236, 2.8934 -0.1533 3.1417, 2.8911 -0.1596 3.1417, 2.8917 -0.1599 2.908, 2.9055 -0.0549 3.0236, 2.9055 -0.0549 2.908, 2.8934 0.0435 3.0236, 2.8917 0.0501 2.908, 2.1083 0.0501 2.908, 2.0945 -0.0549 3.0236, 2.0945 -0.0549 2.908, 2.1066 -0.1533 3.0236, 2.1083 -0.1599 2.908, 2.8647 -0.2323 3.1417, 2.8512 -0.2577 2.908, 2.8494 -0.2565 3.1417, 2.8162 -0.3088 3.1417, 2.7868 -0.3417 2.908, 2.785 -0.3399 3.1417, 2.7521 -0.3726 3.1417, 2.7028 -0.4061 2.908, 2.7016 -0.4042 3.1417, 2.6754 -0.4206 3.1417, 2.605 -0.4466 2.908, 2.6045 -0.4453 3.1417, 2.5899 -0.4504 3.1417, 2.5 -0.4604 2.908, 2.5 -0.4604 3.1417, 2.4101 -0.4504 3.1417, 2.395 -0.4466 2.908, 2.3955 -0.4453 3.1417, 2.3246 -0.4206 3.1417, 2.2972 -0.4061 2.908, 2.2984 -0.4042 3.1417, 2.2479 -0.3726 3.1417, 2.2132 -0.3417 2.908, 2.215 -0.3399 3.1417, 2.1838 -0.3088 3.1417, 2.1488 -0.2577 2.908, 2.1066 -0.1533 3.1417, 2.1089 -0.1596 3.1417, 2.1353 -0.2323 3.1417, 2.1506 -0.2565 3.1417, 2.1353 0.1225 3.1417, 2.1488 0.1479 2.908, 2.1506 0.1467 3.1417, 2.1838 0.199 3.1417, 2.2132 0.2319 2.908, 2.215 0.2301 3.1417, 2.2479 0.2628 3.1417, 2.2972 0.2963 2.908, 2.2984 0.2944 3.1417, 2.3246 0.3108 3.1417, 2.395 0.3368 2.908, 2.3955 0.3355 3.1417, 2.4101 0.3405 3.1417, 2.5 0.3506 2.908, 2.5 0.3506 3.1417, 2.5899 0.3405 3.1417, 2.605 0.3368 2.908, 2.6045 0.3355 3.1417, 2.6754 0.3108 3.1417, 2.7028 0.2963 2.908, 2.7016 0.2944 3.1417, 2.7521 0.2628 3.1417, 2.7868 0.2319 2.908, 2.785 0.2301 3.1417, 2.8162 0.199 3.1417, 2.8512 0.1479 2.908, 2.8934 0.0435 3.1417, 2.8911 0.0498 3.1417, 2.8647 0.1225 3.1417, 2.8494 0.1467 3.1417, 2.5609 -0.2821 2.908, 2.5 -0.2901 2.908, 2.4391 -0.2821 2.908, 2.3824 -0.2586 2.908, 2.3337 -0.2212 2.908, 2.2963 -0.1725 2.908, 2.2728 -0.1158 2.908, 2.2648 -0.0549 2.908, 2.2728 0.006 2.908, 2.2963 0.0627 2.908, 2.3337 0.1114 2.908, 2.3824 0.1488 2.908, 2.4391 0.1723 2.908, 2.5 0.1803 2.908, 2.5609 0.1723 2.908, 2.6176 0.1488 2.908, 2.6663 0.1114 2.908, 2.7037 0.0627 2.908, 2.7272 0.006 2.908, 2.7352 -0.0549 2.908, 2.7272 -0.1158 2.908, 2.7037 -0.1725 2.908, 2.6663 -0.2212 2.908, 2.6176 -0.2586 2.908, 2.7272 0.006 2.6818, 2.7037 0.0627 2.6818, 2.6663 0.1114 2.6818, 2.6176 0.1488 2.6818, 2.5609 0.1723 2.6818, 2.5 0.1803 2.6818, 2.4391 0.1723 2.6818, 2.3824 0.1488 2.6818, 2.3337 0.1114 2.6818, 2.2963 0.0627 2.6818, 2.2728 0.006 2.6818, 2.2648 -0.0549 2.6818, 2.2728 -0.1158 2.6818, 2.2963 -0.1725 2.6818, 2.3337 -0.2212 2.6818, 2.3824 -0.2586 2.6818, 2.4391 -0.2821 2.6818, 2.5 -0.2901 2.6818, 2.5609 -0.2821 2.6818, 2.6176 -0.2586 2.6818, 2.6663 -0.2212 2.6818, 2.7037 -0.1725 2.6818, 2.7272 -0.1158 2.6818, 2.7352 -0.0549 2.6818
            ]
        }
        coordIndex [
            0,1,2,-1,3,4,5,-1,5,4,2,-1,5,2,6,-1,6,2,1,-1,0,2,7,-1,7,2,8,-1,7,8,9,-1,9,10,7,-1,7,10,11,-1,7,11,12,-1,13,14,15,-1,16,17,18,-1,16,19,20,-1,20,19,21,-1,20,21,22,-1,22,21,23,-1,13,24,25,-1,25,24,26,-1,25,26,27,-1,27,26,28,-1,16,18,19,-1,19,18,29,-1,19,29,30,-1,29,31,30,-1,30,31,32,-1,30,32,33,-1,32,34,33,-1,33,34,35,-1,33,35,36,-1,35,37,36,-1,36,37,38,-1,36,38,39,-1,38,40,39,-1,39,40,41,-1,39,41,42,-1,41,43,42,-1,42,43,44,-1,42,44,45,-1,44,46,45,-1,45,46,47,-1,45,47,48,-1,47,49,48,-1,48,49,50,-1,48,50,51,-1,50,52,51,-1,51,52,53,-1,51,53,54,-1,55,27,56,-1,56,27,28,-1,56,28,57,-1,57,28,54,-1,57,54,58,-1,58,54,53,-1,13,15,24,-1,24,15,59,-1,24,59,60,-1,59,61,60,-1,60,61,62,-1,60,62,63,-1,62,64,63,-1,63,64,65,-1,63,65,66,-1,65,67,66,-1,66,67,68,-1,66,68,69,-1,68,70,69,-1,69,70,71,-1,69,71,72,-1,71,73,72,-1,72,73,74,-1,72,74,75,-1,74,76,75,-1,75,76,77,-1,75,77,78,-1,77,79,78,-1,78,79,80,-1,78,80,81,-1,80,82,81,-1,81,82,83,-1,81,83,84,-1,85,22,86,-1,86,22,23,-1,86,23,87,-1,87,23,84,-1,87,84,88,-1,88,84,83,-1,89,39,90,-1,90,39,42,-1,90,42,91,-1,91,42,45,-1,91,45,92,-1,92,45,48,-1,92,48,93,-1,93,48,51,-1,93,51,94,-1,94,51,54,-1,94,54,95,-1,95,54,28,-1,95,28,96,-1,96,28,26,-1,96,26,97,-1,97,26,24,-1,97,24,98,-1,98,24,60,-1,98,60,99,-1,99,60,63,-1,99,63,100,-1,100,63,66,-1,100,66,101,-1,101,66,69,-1,101,69,102,-1,102,69,72,-1,102,72,103,-1,103,72,75,-1,103,75,104,-1,104,75,78,-1,104,78,105,-1,105,78,81,-1,105,81,106,-1,106,81,84,-1,106,84,107,-1,107,84,23,-1,107,23,108,-1,108,23,21,-1,108,21,109,-1,109,21,19,-1,109,19,110,-1,110,19,30,-1,110,30,111,-1,111,30,33,-1,111,33,112,-1,112,33,36,-1,112,36,89,-1,89,36,39,-1,108,113,107,-1,107,113,114,-1,107,114,106,-1,106,114,115,-1,106,115,105,-1,105,115,116,-1,105,116,104,-1,104,116,117,-1,104,117,103,-1,103,117,118,-1,103,118,102,-1,102,118,119,-1,102,119,101,-1,101,119,120,-1,101,120,100,-1,100,120,121,-1,100,121,99,-1,99,121,122,-1,99,122,98,-1,98,122,123,-1,98,123,97,-1,97,123,124,-1,97,124,96,-1,96,124,125,-1,96,125,95,-1,95,125,126,-1,95,126,94,-1,94,126,127,-1,94,127,93,-1,93,127,128,-1,93,128,92,-1,92,128,129,-1,92,129,91,-1,91,129,130,-1,91,130,90,-1,90,130,131,-1,90,131,89,-1,89,131,132,-1,89,132,112,-1,112,132,133,-1,112,133,111,-1,111,133,134,-1,111,134,110,-1,110,134,135,-1,110,135,109,-1,109,135,136,-1,109,136,108,-1,108,136,113,-1,
        ]
    }
}
Shape{
    appearance Appearance {
        material  Material 	{
            diffuseColor 0.27450980392156865 0.49411764705882355 0.27450980392156865
            specularColor 0.0196078431372549 0.03529411764705882 0.0196078431372549
            ambientIntensity 0.5763
            transparency 0.0
            shininess 0.5
        }
    }
    geometry IndexedFaceSet {
        ccw TRUE
        solid FALSE
        coord DEF co Coordinate {
            point [
                2.2638 -1.1024 1.8475, 2.2638 -1.0821 1.8475, 2.7362 -1.1024 1.8475, 2.7362 -1.0821 1.8475, 2.2638 -0.9942 1.3035, 2.7362 -0.9942 1.3035, 2.2638 -0.8354 1.3035, 2.7362 -0.8354 1.3035, 2.2638 -0.8354 0.5543, 2.2638 -0.9997 0.5543, 2.7362 -0.8354 0.5543, 2.7362 -0.9997 0.5543, 2.0669 -1.2992 0.2356, 2.9331 -1.2992 0.2356, 2.7362 -1.1024 0.445, 2.2638 -1.1024 0.445
            ]
        }
        coordIndex [
            0,1,2,-1,2,1,3,-1,1,4,3,-1,3,4,5,-1,4,6,5,-1,5,6,7,-1,8,9,10,-1,10,9,11,-1,12,13,14,-1,11,9,14,-1,14,9,15,-1,14,15,12,-1,4,1,0,-1,8,6,9,-1,9,6,4,-1,9,4,15,-1,15,4,0,-1,14,2,5,-1,5,2,3,-1,7,10,5,-1,5,10,11,-1,5,11,14,-1,
        ]
    }
}
Shape{
    appearance Appearance {
        material  Material 	{
            diffuseColor 0.6470588235294118 0.6196078431372549 0.5882352941176471
            specularColor 0.45098039215686275 0.43529411764705883 0.4117647058823529
            ambientIntensity 0.6242
            transparency 0.0
            shininess 0.5
        }
    }
    geometry IndexedFaceSet {
        ccw TRUE
        solid FALSE
        coord DEF co Coordinate {
            point [
                2.7037 0.0627 1.8392, 2.7272 0.006 1.8392, 2.8543 0.5848 1.8392, 2.7352 -0.0549 1.8392, 2.8543 -0.6375 1.8392, 2.2963 -0.1725 1.8392, 2.2728 -0.1158 1.8392, 2.1457 -0.6375 1.8392, 2.2648 -0.0549 1.8392, 2.1457 0.5848 1.8392, 2.7272 -0.1158 1.8392, 2.7037 -0.1725 1.8392, 2.6663 -0.2212 1.8392, 2.4391 -0.2821 1.8392, 2.3824 -0.2586 1.8392, 2.3337 -0.2212 1.8392, 2.2728 0.006 1.8392, 2.2963 0.0627 1.8392, 2.3337 0.1114 1.8392, 2.3824 0.1488 1.8392, 2.4391 0.1723 1.8392, 2.5 0.1803 1.8392, 2.5609 0.1723 1.8392, 2.6176 0.1488 1.8392, 2.6663 0.1114 1.8392, 2.6176 -0.2586 1.8392, 2.5609 -0.2821 1.8392, 2.5 -0.2901 1.8392, 2.6969 -0.6375 0.6985, 2.8543 -0.6375 0.4087, 2.6969 -0.6375 1.5748, 2.3031 -0.6375 1.5748, 2.3031 -0.6375 0.6985, 2.1457 -0.6375 0.4087, 2.8543 0.5848 0.4087, 2.1457 0.5848 0.4087, 2.6969 0.5848 1.5748, 2.6969 0.5848 0.6985, 2.3031 0.5848 0.6985, 2.3031 0.5848 1.5748, 2.4016 0.7633 1.5433, 2.4016 0.6956 1.5517, 2.5984 0.7633 1.5433, 2.5984 0.6956 1.5517, 2.5984 0.9712 1.2761, 2.4016 0.9712 1.2761, 2.4016 0.9645 1.3365, 2.5984 0.9645 1.3365, 2.4016 0.9448 1.3938, 2.5984 0.9448 1.3938, 2.4016 0.913 1.4455, 2.5984 0.913 1.4455, 2.4016 0.8706 1.489, 2.5984 0.8706 1.489, 2.4016 0.8198 1.5222, 2.5984 0.8198 1.5222, 2.5984 -0.3824 1.5517, 2.5984 -0.3824 1.3549, 2.5984 0.6956 1.3549, 2.5984 0.7638 1.3155, 2.5984 0.7512 1.3318, 2.5984 0.7349 1.3443, 2.5984 0.7159 1.3522, 2.5984 0.7633 1.5222, 2.5984 -0.0984 -0.9842, 2.5984 0.0984 -0.9842, 2.5984 -0.0984 0.0478, 2.5984 0.0984 0.0478, 2.5984 -0.089 0.1191, 2.5984 0.1011 0.0682, 2.5984 -0.0615 0.1856, 2.5984 0.109 0.0872, 2.5984 -0.0177 0.2427, 2.5984 0.1215 0.1035, 2.5984 0.0394 0.2865, 2.5984 0.1378 0.116, 2.5984 0.1058 0.314, 2.5984 0.1568 0.1239, 2.5984 0.1772 0.3234, 2.5984 0.1772 0.1265, 2.5984 0.6956 0.3234, 2.5984 0.6956 0.1265, 2.5984 0.7159 0.3261, 2.5984 0.7669 0.1359, 2.5984 0.7349 0.3339, 2.5984 0.8334 0.1635, 2.5984 0.7512 0.3464, 2.5984 0.8904 0.2073, 2.5984 0.7638 0.3628, 2.5984 0.9342 0.2643, 2.5984 0.7716 0.3817, 2.5984 0.9618 0.3308, 2.5984 0.7743 0.4021, 2.5984 0.9712 0.4021, 2.5984 0.7743 1.2761, 2.5984 0.7716 1.2965, 2.4016 0.6956 1.3549, 2.4016 -0.3824 1.3549, 2.4016 -0.3824 1.5517, 2.4016 0.7633 1.5222, 2.4016 0.7743 1.2761, 2.4016 0.7716 1.2965, 2.4016 0.7638 1.3155, 2.4016 0.7512 1.3318, 2.4016 0.7349 1.3443, 2.4016 0.7159 1.3522, 2.4016 0.0984 -0.9842, 2.4016 -0.0984 -0.9842, 2.4016 0.0984 0.0478, 2.4016 -0.0984 0.0478, 2.4016 0.1011 0.0682, 2.4016 -0.089 0.1191, 2.4016 0.109 0.0872, 2.4016 -0.0615 0.1856, 2.4016 0.1215 0.1035, 2.4016 -0.0177 0.2427, 2.4016 0.1378 0.116, 2.4016 0.0394 0.2865, 2.4016 0.1568 0.1239, 2.4016 0.1058 0.314, 2.4016 0.1772 0.1265, 2.4016 0.1772 0.3234, 2.4016 0.6956 0.1265, 2.4016 0.6956 0.3234, 2.4016 0.7669 0.1359, 2.4016 0.7159 0.3261, 2.4016 0.8334 0.1635, 2.4016 0.7349 0.3339, 2.4016 0.8904 0.2073, 2.4016 0.7512 0.3464, 2.4016 0.9342 0.2643, 2.4016 0.7638 0.3628, 2.4016 0.9618 0.3308, 2.4016 0.7716 0.3817, 2.4016 0.9712 0.4021, 2.4016 0.7743 0.4021, 2.4409 -0.0591 -1.378, 2.4409 0.0591 -1.378, 2.5591 -0.0591 -1.378, 2.5591 0.0591 -1.378
            ]
        }
        coordIndex [
            0,1,2,-1,2,1,3,-1,2,3,4,-1,5,6,7,-1,7,6,8,-1,7,8,9,-1,3,10,4,-1,4,10,11,-1,4,11,12,-1,13,14,7,-1,7,14,15,-1,7,15,5,-1,8,16,9,-1,9,16,17,-1,9,17,18,-1,18,19,9,-1,9,19,20,-1,9,20,2,-1,2,20,21,-1,2,21,22,-1,22,23,2,-1,2,23,24,-1,2,24,0,-1,12,25,4,-1,4,25,26,-1,4,26,7,-1,7,26,27,-1,7,27,13,-1,28,29,30,-1,30,29,4,-1,30,4,31,-1,31,4,7,-1,31,7,32,-1,32,7,33,-1,32,33,28,-1,28,33,29,-1,34,29,35,-1,35,29,33,-1,36,2,37,-1,37,2,34,-1,37,34,38,-1,38,34,35,-1,38,35,39,-1,39,35,9,-1,39,9,36,-1,36,9,2,-1,29,34,4,-1,4,34,2,-1,35,33,9,-1,9,33,7,-1,31,39,30,-1,30,39,36,-1,38,32,37,-1,37,32,28,-1,32,38,31,-1,31,38,39,-1,37,28,36,-1,36,28,30,-1,40,41,42,-1,42,41,43,-1,44,45,46,-1,44,46,47,-1,47,46,48,-1,47,48,49,-1,49,48,50,-1,49,50,51,-1,51,50,52,-1,51,52,53,-1,53,52,54,-1,53,54,55,-1,56,57,43,-1,43,57,58,-1,59,51,60,-1,60,51,53,-1,60,53,61,-1,61,53,55,-1,61,55,62,-1,62,55,63,-1,62,63,58,-1,58,63,42,-1,58,42,43,-1,64,65,66,-1,66,65,67,-1,66,67,68,-1,68,67,69,-1,68,69,70,-1,70,69,71,-1,70,71,72,-1,72,71,73,-1,72,73,74,-1,74,73,75,-1,74,75,76,-1,76,75,77,-1,76,77,78,-1,78,77,79,-1,78,79,80,-1,80,79,81,-1,80,81,82,-1,82,81,83,-1,82,83,84,-1,84,83,85,-1,84,85,86,-1,86,85,87,-1,86,87,88,-1,88,87,89,-1,88,89,90,-1,90,89,91,-1,90,91,92,-1,92,91,93,-1,92,93,94,-1,94,93,44,-1,94,44,95,-1,95,44,47,-1,95,47,59,-1,59,47,49,-1,59,49,51,-1,96,97,98,-1,99,100,101,-1,101,102,99,-1,99,102,103,-1,99,103,104,-1,41,40,99,-1,98,41,96,-1,96,41,99,-1,96,99,105,-1,105,99,104,-1,106,107,108,-1,108,107,109,-1,108,109,110,-1,110,109,111,-1,110,111,112,-1,112,111,113,-1,112,113,114,-1,114,113,115,-1,114,115,116,-1,116,115,117,-1,116,117,118,-1,118,117,119,-1,118,119,120,-1,120,119,121,-1,120,121,122,-1,122,121,123,-1,122,123,124,-1,124,123,125,-1,124,125,126,-1,126,125,127,-1,126,127,128,-1,128,127,129,-1,128,129,130,-1,130,129,131,-1,130,131,132,-1,132,131,133,-1,132,133,134,-1,134,133,135,-1,134,135,45,-1,45,135,100,-1,99,54,100,-1,100,54,52,-1,100,52,50,-1,50,48,100,-1,100,48,46,-1,100,46,45,-1,56,43,98,-1,98,43,41,-1,57,56,97,-1,97,56,98,-1,58,57,96,-1,96,57,97,-1,58,96,62,-1,62,96,105,-1,62,105,61,-1,61,105,104,-1,61,104,60,-1,60,104,103,-1,60,103,59,-1,59,103,102,-1,59,102,95,-1,95,102,101,-1,95,101,94,-1,94,101,100,-1,92,94,135,-1,135,94,100,-1,92,135,90,-1,90,135,133,-1,90,133,88,-1,88,133,131,-1,88,131,86,-1,86,131,129,-1,86,129,84,-1,84,129,127,-1,84,127,82,-1,82,127,125,-1,82,125,80,-1,80,125,123,-1,78,80,121,-1,121,80,123,-1,78,121,119,-1,78,119,76,-1,76,119,117,-1,76,117,74,-1,74,117,115,-1,74,115,72,-1,72,115,113,-1,72,113,70,-1,70,113,111,-1,70,111,68,-1,68,111,109,-1,68,109,66,-1,64,66,107,-1,107,66,109,-1,136,137,138,-1,138,137,139,-1,106,108,65,-1,65,108,67,-1,67,108,69,-1,69,108,110,-1,69,110,71,-1,71,110,112,-1,71,112,73,-1,73,112,114,-1,73,114,75,-1,75,114,116,-1,75,116,77,-1,77,116,118,-1,77,118,79,-1,79,118,120,-1,81,79,122,-1,122,79,120,-1,81,122,124,-1,81,124,83,-1,83,124,126,-1,83,126,85,-1,85,126,128,-1,85,128,87,-1,87,128,130,-1,87,130,89,-1,89,130,132,-1,89,132,91,-1,91,132,134,-1,91,134,93,-1,44,93,45,-1,45,93,134,-1,
        ]
    }
}
Shape{
    appearance Appearance {
        material  Material 	{
            diffuseColor 0.27450980392156865 0.49411764705882355 0.27450980392156865
            specularColor 0.0196078431372549 0.03529411764705882 0.0196078431372549
            ambientIntensity 0.5763
            transparency 0.0
            shininess 0.5
        }
    }
    geometry IndexedFaceSet {
        ccw TRUE
        solid FALSE
        coord DEF co Coordinate {
            point [
                2.2638 -1.1024 1.8475, 2.0779 -1.2882 2.0334, 2.0736 -1.2925 2.0195, 2.0669 -1.2992 0.2356, 2.2638 -1.1024 0.445, 2.0669 -1.2992 1.9685, 2.0686 -1.2975 1.9942, 2.7362 -1.1024 1.8475, 2.9221 -1.2882 2.0334, 2.7362 -1.1024 0.445, 2.9331 -1.2992 0.2356, 2.9331 -1.2992 1.9685, 2.9314 -1.2975 1.9942, 2.9264 -1.2925 2.0195
            ]
        }
        coordIndex [
            0,1,2,-1,3,4,5,-1,5,4,0,-1,5,0,6,-1,6,0,2,-1,7,8,0,-1,0,8,1,-1,9,10,7,-1,7,10,11,-1,11,12,7,-1,7,12,13,-1,7,13,8,-1,
        ]
    }
}
Shape{
    appearance Appearance {
        material  Material 	{
            diffuseColor 0.6470588235294118 0.6196078431372549 0.5882352941176471
            specularColor 0.45098039215686275 0.43529411764705883 0.4117647058823529
            ambientIntensity 0.6242
            transparency 0.0
            shininess 0.5
        }
    }
    geometry IndexedFaceSet {
        ccw TRUE
        solid FALSE
        coord DEF co Coordinate {
            point [
                2.5984 0.0984 -0.9842, 2.5591 0.0591 -1.378, 2.4016 0.0984 -0.9842, 2.4409 0.0591 -1.378, 2.5984 -0.0984 -0.9842, 2.5591 -0.0591 -1.378, 2.4409 -0.0591 -1.378, 2.4016 -0.0984 -0.9842, 2.8494 0.1467 3.1417, 2.8162 0.199 3.1417, 2.8142 0.1973 3.1621, 2.3955 0.3355 3.1417, 2.3246 0.3108 3.1417, 2.3258 0.3083 3.1621, 2.8433 0.0435 3.2144, 2.8524 0.0435 3.2094, 2.8293 0.1053 3.2099, 2.8911 0.0498 3.1417, 2.8647 0.1225 3.1417, 2.8623 0.1214 3.1621, 2.8552 0.1179 3.1811, 2.8902 0.0435 3.1637, 2.8906 0.0435 3.1621, 2.8913 0.0435 3.1596, 2.8934 0.0435 3.1417, 2.8661 0.0435 3.2006, 2.8693 0.0435 3.1971, 2.8439 0.1124 3.1974, 2.8789 0.0435 3.1867, 2.8829 0.0435 3.1805, 2.8604 0.0435 3.205, 2.8364 0.0435 3.2168, 2.8122 0.097 3.2178, 2.8329 0.0435 3.2174, 2.8166 0.0435 3.2203, 2.7939 0.0881 3.2205, 2.8116 0.0435 3.2205, 2.1884 0.0435 3.2205, 2.2061 0.0881 3.2205, 2.1879 0.0435 3.2205, 2.1878 0.097 3.2178, 2.1678 0.0435 3.218, 2.1707 0.1053 3.2099, 2.159 0.0435 3.2153, 2.1671 0.0435 3.2178, 2.1307 0.0435 3.1971, 2.1343 0.0435 3.2009, 2.1561 0.1124 3.1974, 2.1417 0.0435 3.2065, 2.1476 0.0435 3.2095, 2.1215 0.0435 3.1872, 2.1448 0.1179 3.1811, 2.1167 0.0435 3.1797, 2.11 0.0435 3.1644, 2.1377 0.1214 3.1621, 2.1096 0.0435 3.1621, 2.1353 0.1225 3.1417, 2.1089 0.0498 3.1417, 2.1067 0.0435 3.1467, 2.1066 0.0435 3.1417, 2.2452 0.1497 3.2205, 2.2293 0.1624 3.2178, 2.2145 0.1743 3.2099, 2.2017 0.1845 3.1974, 2.192 0.1924 3.1811, 2.1858 0.1973 3.1621, 2.5725 0.2638 3.2205, 2.6413 0.2398 3.2205, 2.577 0.2836 3.2178, 2.6501 0.2581 3.2178, 2.5812 0.3022 3.2099, 2.6583 0.2753 3.2099, 2.5848 0.3181 3.1974, 2.6654 0.29 3.1974, 2.5876 0.3303 3.1811, 2.6708 0.3012 3.1811, 2.5893 0.3379 3.1621, 2.6742 0.3083 3.1621, 2.2984 0.2944 3.1417, 2.2479 0.2628 3.1417, 2.2496 0.2607 3.1621, 2.2545 0.2545 3.1811, 2.2623 0.2447 3.1974, 2.2724 0.2319 3.2099, 2.2842 0.2171 3.2178, 2.2969 0.2011 3.2205, 2.215 0.2301 3.1417, 2.1838 0.199 3.1417, 2.1506 0.1467 3.1417, 2.3292 0.3012 3.1811, 2.3346 0.29 3.1974, 2.3417 0.2753 3.2099, 2.3499 0.2581 3.2178, 2.3587 0.2398 3.2205, 2.4101 0.3405 3.1417, 2.4107 0.3379 3.1621, 2.4124 0.3303 3.1811, 2.4152 0.3181 3.1974, 2.4188 0.3022 3.2099, 2.423 0.2836 3.2178, 2.4275 0.2638 3.2205, 2.5 0.2719 3.2205, 2.5 0.2923 3.2178, 2.5 0.3113 3.2099, 2.5 0.3276 3.1974, 2.5 0.3401 3.1811, 2.5 0.348 3.1621, 2.5 0.3506 3.1417, 2.5899 0.3405 3.1417, 2.785 0.2301 3.1417, 2.7521 0.2628 3.1417, 2.7504 0.2607 3.1621, 2.7455 0.2545 3.1811, 2.7377 0.2447 3.1974, 2.7276 0.2319 3.2099, 2.7158 0.2171 3.2178, 2.7031 0.2011 3.2205, 2.7016 0.2944 3.1417, 2.6754 0.3108 3.1417, 2.6045 0.3355 3.1417, 2.808 0.1924 3.1811, 2.7983 0.1845 3.1974, 2.7855 0.1743 3.2099, 2.7707 0.1624 3.2178, 2.7548 0.1497 3.2205, 2.8934 -0.1533 3.0236, 2.1066 -0.1533 3.0236, 2.1066 -0.1533 3.1417, 2.8906 -0.1533 3.1624, 2.8906 -0.1533 3.1621, 2.8524 -0.1533 3.2095, 2.107 -0.1533 3.1498, 2.1095 -0.1533 3.1621, 2.8934 -0.1533 3.1417, 2.8415 -0.1533 3.2151, 2.11 -0.1533 3.1644, 2.8924 -0.1533 3.1542, 2.1175 -0.1533 3.1812, 2.122 -0.1533 3.1878, 2.1308 -0.1533 3.1971, 2.8693 -0.1533 3.1971, 2.8662 -0.1533 3.2005, 2.8588 -0.1533 3.2062, 2.1409 -0.1533 3.206, 2.1476 -0.1533 3.2095, 2.135 -0.1533 3.2015, 2.1582 -0.1533 3.215, 2.1652 -0.1533 3.2173, 2.1671 -0.1533 3.2176, 2.185 -0.1533 3.2204, 2.1884 -0.1533 3.2205, 2.8116 -0.1533 3.2205, 2.8127 -0.1533 3.2205, 2.8327 -0.1533 3.2179, 2.8329 -0.1533 3.2178, 2.8788 -0.1533 3.1868, 2.8836 -0.1533 3.1793, 2.1066 0.0435 3.0236, 2.8934 0.0435 3.0236, 2.9055 -0.0549 3.0236, 2.0945 -0.0549 3.0236
            ]
        }
        coordIndex [
            0,1,2,-1,2,1,3,-1,4,5,0,-1,0,5,1,-1,6,7,3,-1,3,7,2,-1,7,6,4,-1,4,6,5,-1,8,9,10,-1,11,12,13,-1,14,15,16,-1,17,18,19,-1,20,21,19,-1,19,21,22,-1,19,22,17,-1,17,22,23,-1,17,23,24,-1,25,26,27,-1,27,26,28,-1,27,28,20,-1,20,28,29,-1,20,29,21,-1,16,15,27,-1,27,15,30,-1,27,30,25,-1,14,16,31,-1,31,16,32,-1,31,32,33,-1,33,32,34,-1,34,32,35,-1,34,35,36,-1,37,38,39,-1,39,38,40,-1,39,40,41,-1,42,43,40,-1,40,43,44,-1,40,44,41,-1,45,46,47,-1,47,46,48,-1,47,48,42,-1,42,48,49,-1,42,49,43,-1,45,47,50,-1,50,47,51,-1,50,51,52,-1,52,51,53,-1,53,51,54,-1,53,54,55,-1,54,56,55,-1,55,56,57,-1,55,57,58,-1,58,57,59,-1,38,60,40,-1,40,60,61,-1,40,61,42,-1,42,61,62,-1,42,62,47,-1,47,62,63,-1,47,63,51,-1,51,63,64,-1,51,64,54,-1,54,64,65,-1,66,67,68,-1,68,67,69,-1,68,69,70,-1,70,69,71,-1,70,71,72,-1,72,71,73,-1,72,73,74,-1,74,73,75,-1,74,75,76,-1,76,75,77,-1,78,79,80,-1,80,79,65,-1,80,65,81,-1,81,65,64,-1,81,64,82,-1,82,64,63,-1,82,63,83,-1,83,63,62,-1,83,62,84,-1,84,62,61,-1,84,61,85,-1,85,61,60,-1,79,86,65,-1,65,86,87,-1,65,87,54,-1,54,87,88,-1,54,88,56,-1,12,78,13,-1,13,78,80,-1,13,80,89,-1,89,80,81,-1,89,81,90,-1,90,81,82,-1,90,82,91,-1,91,82,83,-1,91,83,92,-1,92,83,84,-1,92,84,93,-1,93,84,85,-1,94,11,95,-1,95,11,13,-1,95,13,96,-1,96,13,89,-1,96,89,97,-1,97,89,90,-1,97,90,98,-1,98,90,91,-1,98,91,99,-1,99,91,92,-1,99,92,100,-1,100,92,93,-1,100,101,99,-1,99,101,102,-1,99,102,98,-1,98,102,103,-1,98,103,97,-1,97,103,104,-1,97,104,96,-1,96,104,105,-1,96,105,95,-1,95,105,106,-1,95,106,94,-1,94,106,107,-1,101,66,102,-1,102,66,68,-1,102,68,103,-1,103,68,70,-1,103,70,104,-1,104,70,72,-1,104,72,105,-1,105,72,74,-1,105,74,106,-1,106,74,76,-1,106,76,107,-1,107,76,108,-1,109,110,111,-1,111,110,77,-1,111,77,112,-1,112,77,75,-1,112,75,113,-1,113,75,73,-1,113,73,114,-1,114,73,71,-1,114,71,115,-1,115,71,69,-1,115,69,116,-1,116,69,67,-1,110,117,77,-1,77,117,118,-1,77,118,76,-1,76,118,119,-1,76,119,108,-1,9,109,10,-1,10,109,111,-1,10,111,120,-1,120,111,112,-1,120,112,121,-1,121,112,113,-1,121,113,122,-1,122,113,114,-1,122,114,123,-1,123,114,115,-1,123,115,124,-1,124,115,116,-1,18,8,19,-1,19,8,10,-1,19,10,20,-1,20,10,120,-1,20,120,27,-1,27,120,121,-1,27,121,16,-1,16,121,122,-1,16,122,32,-1,32,122,123,-1,32,123,35,-1,35,123,124,-1,125,126,127,-1,128,129,130,-1,127,131,125,-1,125,131,132,-1,125,132,133,-1,130,129,134,-1,135,129,132,-1,132,129,136,-1,132,136,133,-1,135,137,129,-1,129,137,138,-1,129,138,139,-1,140,130,141,-1,141,130,142,-1,143,144,145,-1,145,144,139,-1,146,147,144,-1,144,147,148,-1,144,148,139,-1,148,149,139,-1,139,149,150,-1,139,150,129,-1,129,150,151,-1,129,151,152,-1,152,153,129,-1,129,153,154,-1,129,154,134,-1,140,155,130,-1,130,155,156,-1,130,156,128,-1,59,157,158,-1,59,158,58,-1,43,158,44,-1,44,158,24,-1,25,30,15,-1,24,23,44,-1,44,23,22,-1,44,22,21,-1,43,49,158,-1,158,49,48,-1,158,48,46,-1,46,45,158,-1,158,45,50,-1,158,50,52,-1,52,53,158,-1,158,53,55,-1,158,55,58,-1,21,29,44,-1,44,29,28,-1,44,28,26,-1,31,33,14,-1,14,33,15,-1,25,15,26,-1,26,15,33,-1,26,33,34,-1,34,36,26,-1,26,36,37,-1,26,37,44,-1,44,37,39,-1,44,39,41,-1,158,157,159,-1,159,157,160,-1,159,160,125,-1,125,160,126,-1,
        ]
    }
}
Shape{
    appearance Appearance {
        material  Material 	{
            diffuseColor 1.0 0.9490196078431372 0.8980392156862745
            specularColor 0.011764705882352941 0.00784313725490196 0.00784313725490196
            ambientIntensity 0.9585
            transparency 0.0
            shininess 0.5
        }
    }
    geometry IndexedFaceSet {
        ccw TRUE
        solid FALSE
        coord DEF co Coordinate {
            point [
                2.5283 -1.0242 0.0039, 2.5283 -1.0242 0.0, 2.5374 -1.0664 0.0039, 2.5374 -1.0664 0.0, 2.5241 -1.0027 0.0039, 2.5241 -1.0027 0.0, 2.5224 -0.9959 0.0039, 2.5224 -0.9959 0.0, 2.5233 -0.9997 0.0, 2.522 -0.9949 0.0039, 2.522 -0.9949 0.0, 2.5217 -0.9942 0.0039, 2.5217 -0.9942 0.0, 2.5214 -0.9938 0.0039, 2.5214 -0.9938 0.0, 2.5211 -0.9935 0.0039, 2.5211 -0.9935 0.0, 2.5209 -0.9933 0.0039, 2.5209 -0.9933 0.0, 2.5206 -0.9932 0.0039, 2.5206 -0.9932 0.0, 2.5204 -0.9932 0.0039, 2.5204 -0.9932 0.0, 2.5202 -0.9932 0.0039, 2.5202 -0.9932 0.0, 2.52 -0.9932 0.0039, 2.52 -0.9932 0.0, 2.5198 -0.9934 0.0039, 2.5198 -0.9934 0.0, 2.5196 -0.9936 0.0039, 2.5196 -0.9936 0.0, 2.5195 -0.9938 0.0039, 2.5195 -0.9938 0.0, 2.5193 -0.9946 0.0039, 2.5193 -0.9946 0.0, 2.5188 -0.9981 0.0039, 2.5188 -0.9981 0.0, 2.5186 -0.9997 0.0, 2.5184 -1.0015 0.0039, 2.5184 -1.0015 0.0, 2.517 -1.0134 0.0039, 2.517 -1.0134 0.0, 2.5166 -1.0189 0.0039, 2.5166 -1.0189 0.0, 2.5167 -1.0215 0.0039, 2.5167 -1.0215 0.0, 2.5173 -1.0231 0.0039, 2.5173 -1.0231 0.0, 2.5179 -1.0242 0.0039, 2.5179 -1.0242 0.0, 2.5193 -1.0267 0.0039, 2.5193 -1.0267 0.0, 2.523 -1.0391 0.0039, 2.523 -1.0391 0.0, 2.5261 -1.0517 0.0039, 2.5261 -1.0517 0.0, 2.5546 -1.1839 0.0, 2.5552 -1.1867 0.0039, 2.5552 -1.1867 0.0, 2.5592 -1.1867 0.0039, 2.5592 -1.1867 0.0, 2.5866 -1.0653 0.0039, 2.5866 -1.0653 0.0, 2.5598 -1.1839 0.0, 2.59 -1.0511 0.0039, 2.59 -1.0511 0.0, 2.5915 -1.0444 0.0039, 2.5915 -1.0444 0.0, 2.5934 -1.0378 0.0039, 2.5934 -1.0378 0.0, 2.5954 -1.0324 0.0039, 2.5954 -1.0324 0.0, 2.5972 -1.0274 0.0039, 2.5972 -1.0274 0.0, 2.5984 -1.0256 0.0039, 2.5984 -1.0256 0.0, 2.5993 -1.0245 0.0039, 2.5993 -1.0245 0.0, 2.5996 -1.0241 0.0039, 2.5996 -1.0241 0.0, 2.5998 -1.0238 0.0039, 2.5998 -1.0238 0.0, 2.5998 -1.0235 0.0039, 2.5998 -1.0235 0.0, 2.5998 -1.0224 0.0039, 2.5998 -1.0224 0.0, 2.5994 -1.0158 0.0039, 2.5994 -1.0158 0.0, 2.5994 -1.0157 0.0039, 2.5994 -1.0157 0.0, 2.5983 -1.003 0.0039, 2.5983 -1.003 0.0, 2.5979 -0.9997 0.0, 2.5977 -0.9981 0.0039, 2.5977 -0.9981 0.0, 2.5976 -0.9967 0.0039, 2.5976 -0.9967 0.0, 2.5974 -0.9956 0.0039, 2.5974 -0.9956 0.0, 2.5973 -0.9949 0.0039, 2.5973 -0.9949 0.0, 2.5971 -0.9944 0.0039, 2.5971 -0.9944 0.0, 2.597 -0.9941 0.0039, 2.597 -0.9941 0.0, 2.5969 -0.9939 0.0039, 2.5969 -0.9939 0.0, 2.5967 -0.9937 0.0039, 2.5967 -0.9937 0.0, 2.5965 -0.9936 0.0039, 2.5965 -0.9936 0.0, 2.5963 -0.9936 0.0039, 2.5963 -0.9936 0.0, 2.596 -0.9936 0.0039, 2.596 -0.9936 0.0, 2.5958 -0.9936 0.0039, 2.5958 -0.9936 0.0, 2.5955 -0.9938 0.0039, 2.5955 -0.9938 0.0, 2.5952 -0.994 0.0039, 2.5952 -0.994 0.0, 2.595 -0.9943 0.0039, 2.595 -0.9943 0.0, 2.5948 -0.9948 0.0039, 2.5948 -0.9948 0.0, 2.5946 -0.9956 0.0039, 2.5946 -0.9956 0.0, 2.5926 -1.0069 0.0039, 2.5926 -1.0069 0.0, 2.5938 -0.9997 0.0, 2.5759 -1.0757 0.0039, 2.5759 -1.0757 0.0, 2.5572 -1.1595 0.0039, 2.5388 -1.0763 0.0039, 2.5753 -1.08 0.0039, 2.5677 -1.0873 0.0039, 2.5606 -1.0825 0.0039, 2.5582 -1.0812 0.0039, 2.5499 -1.0786 0.0039, 2.5388 -1.0763 0.0, 2.5572 -1.1595 0.0, 2.5499 -1.0786 0.0, 2.5582 -1.0812 0.0, 2.5606 -1.0825 0.0, 2.5677 -1.0873 0.0, 2.5753 -1.08 0.0, 2.4147 -1.1689 0.0039, 2.4147 -1.1689 0.0, 2.4198 -1.1646 0.0039, 2.4198 -1.1646 0.0, 2.4135 -1.1699 0.0039, 2.4135 -1.1699 0.0, 2.4127 -1.1708 0.0039, 2.4127 -1.1708 0.0, 2.4122 -1.1719 0.0039, 2.4122 -1.1719 0.0, 2.4121 -1.1725 0.0039, 2.4121 -1.1725 0.0, 2.4121 -1.1732 0.0039, 2.4121 -1.1732 0.0, 2.4123 -1.1739 0.0039, 2.4123 -1.1739 0.0, 2.4125 -1.1744 0.0039, 2.4125 -1.1744 0.0, 2.4129 -1.1748 0.0039, 2.4129 -1.1748 0.0, 2.4133 -1.1751 0.0039, 2.4133 -1.1751 0.0, 2.4184 -1.1742 0.0039, 2.4184 -1.1742 0.0, 2.4243 -1.1742 0.0039, 2.4243 -1.1742 0.0, 2.4267 -1.1747 0.0039, 2.4267 -1.1747 0.0, 2.4291 -1.1751 0.0039, 2.4291 -1.1751 0.0, 2.4351 -1.1757 0.0039, 2.4351 -1.1757 0.0, 2.4458 -1.1788 0.0039, 2.4458 -1.1788 0.0, 2.452 -1.18 0.0039, 2.452 -1.18 0.0, 2.4583 -1.1805 0.0039, 2.4583 -1.1805 0.0, 2.4671 -1.1799 0.0039, 2.4671 -1.1799 0.0, 2.4734 -1.1784 0.0039, 2.4734 -1.1784 0.0, 2.4787 -1.1757 0.0039, 2.4787 -1.1757 0.0, 2.4833 -1.1715 0.0039, 2.4833 -1.1715 0.0, 2.4879 -1.165 0.0039, 2.4879 -1.165 0.0, 2.4922 -1.1534 0.0039, 2.4922 -1.1534 0.0, 2.4964 -1.1217 0.0039, 2.4964 -1.1217 0.0, 2.4977 -1.0825 0.0039, 2.4977 -1.0825 0.0, 2.4948 -1.0491 0.0039, 2.4948 -1.0491 0.0, 2.4894 -1.0304 0.0039, 2.4894 -1.0304 0.0, 2.4835 -1.0199 0.0039, 2.4835 -1.0199 0.0, 2.4786 -1.014 0.0039, 2.4786 -1.014 0.0, 2.4731 -1.0099 0.0039, 2.4731 -1.0099 0.0, 2.4678 -1.0078 0.0039, 2.4678 -1.0078 0.0, 2.4473 -1.0046 0.0039, 2.4473 -1.0046 0.0, 2.4348 -1.0032 0.0039, 2.4348 -1.0032 0.0, 2.4302 -1.002 0.0039, 2.4302 -1.002 0.0, 2.4272 -1.0002 0.0039, 2.4272 -1.0002 0.0, 2.4264 -0.9997 0.0, 2.4263 -0.9996 0.0039, 2.4263 -0.9996 0.0, 2.426 -0.9996 0.0039, 2.426 -0.9996 0.0, 2.4253 -0.9996 0.0, 2.4253 -0.9996 0.0039, 2.425 -0.9997 0.0, 2.4247 -0.9998 0.0039, 2.4247 -0.9998 0.0, 2.4229 -1.0012 0.0039, 2.4229 -1.0012 0.0, 2.4188 -1.0049 0.0039, 2.4188 -1.0049 0.0, 2.4175 -1.0064 0.0039, 2.4175 -1.0064 0.0, 2.4141 -1.01 0.0039, 2.4141 -1.01 0.0, 2.4134 -1.0108 0.0039, 2.4134 -1.0108 0.0, 2.4129 -1.0114 0.0039, 2.4129 -1.0114 0.0, 2.4126 -1.0119 0.0039, 2.4126 -1.0119 0.0, 2.4124 -1.0122 0.0039, 2.4124 -1.0122 0.0, 2.4123 -1.0125 0.0039, 2.4123 -1.0125 0.0, 2.4123 -1.0128 0.0039, 2.4123 -1.0128 0.0, 2.4124 -1.0132 0.0039, 2.4124 -1.0132 0.0, 2.4126 -1.0138 0.0039, 2.4126 -1.0138 0.0, 2.4127 -1.014 0.0039, 2.4127 -1.014 0.0, 2.4129 -1.0141 0.0039, 2.4129 -1.0141 0.0, 2.413 -1.0142 0.0039, 2.413 -1.0142 0.0, 2.4133 -1.0143 0.0039, 2.4133 -1.0143 0.0, 2.414 -1.0144 0.0039, 2.414 -1.0144 0.0, 2.415 -1.0143 0.0039, 2.415 -1.0143 0.0, 2.4189 -1.0143 0.0039, 2.4189 -1.0143 0.0, 2.4235 -1.0143 0.0039, 2.4235 -1.0143 0.0, 2.4235 -1.1627 0.0039, 2.4235 -1.1627 0.0, 2.4216 -1.1635 0.0039, 2.4216 -1.1635 0.0, 2.4314 -1.1646 0.0039, 2.4314 -1.0148 0.0039, 2.4677 -1.019 0.0039, 2.4614 -1.0174 0.0039, 2.4526 -1.0163 0.0039, 2.4402 -1.0148 0.0039, 2.4723 -1.021 0.0039, 2.4358 -1.0147 0.0039, 2.4368 -1.1669 0.0039, 2.4488 -1.1697 0.0039, 2.4611 -1.1706 0.0039, 2.4686 -1.1691 0.0039, 2.4891 -1.0657 0.0039, 2.4846 -1.0406 0.0039, 2.479 -1.028 0.0039, 2.4757 -1.0237 0.0039, 2.4741 -1.167 0.0039, 2.4774 -1.1646 0.0039, 2.4808 -1.1605 0.0039, 2.484 -1.1544 0.0039, 2.4864 -1.1459 0.0039, 2.4897 -1.1074 0.0039, 2.4526 -1.0163 0.0, 2.4402 -1.0148 0.0, 2.4614 -1.0174 0.0, 2.4677 -1.019 0.0, 2.4723 -1.021 0.0, 2.4757 -1.0237 0.0, 2.479 -1.028 0.0, 2.4846 -1.0406 0.0, 2.4891 -1.0657 0.0, 2.4897 -1.1074 0.0, 2.4864 -1.1459 0.0, 2.484 -1.1544 0.0, 2.4808 -1.1605 0.0, 2.4774 -1.1646 0.0, 2.4741 -1.167 0.0, 2.4686 -1.1691 0.0, 2.4611 -1.1706 0.0, 2.4488 -1.1697 0.0, 2.4368 -1.1669 0.0, 2.4314 -1.1646 0.0, 2.4314 -1.0148 0.0, 2.4358 -1.0147 0.0, 2.3535 -1.104 0.0039, 2.3535 -1.104 0.0, 2.3297 -1.1009 0.0039, 2.3297 -1.1009 0.0, 2.3633 -1.106 0.0039, 2.3633 -1.106 0.0, 2.3696 -1.1082 0.0039, 2.3696 -1.1082 0.0, 2.3724 -1.11 0.0039, 2.3724 -1.11 0.0, 2.375 -1.1114 0.0039, 2.375 -1.1114 0.0, 2.3832 -1.1032 0.0039, 2.3832 -1.1032 0.0, 2.3838 -1.1024 0.0039, 2.3838 -1.1024 0.0, 2.3842 -1.1018 0.0039, 2.3842 -1.1018 0.0, 2.3844 -1.1012 0.0039, 2.3844 -1.1012 0.0, 2.3845 -1.1007 0.0039, 2.3845 -1.1007 0.0, 2.3844 -1.1003 0.0039, 2.3844 -1.1003 0.0, 2.3843 -1.0998 0.0039, 2.3843 -1.0998 0.0, 2.3839 -1.0992 0.0039, 2.3839 -1.0992 0.0, 2.3835 -1.0989 0.0039, 2.3835 -1.0989 0.0, 2.383 -1.0986 0.0039, 2.383 -1.0986 0.0, 2.3825 -1.0984 0.0039, 2.3825 -1.0984 0.0, 2.3818 -1.0983 0.0039, 2.3818 -1.0983 0.0, 2.3297 -1.091 0.0039, 2.3297 -1.091 0.0, 2.3297 -1.0143 0.0039, 2.3297 -1.0143 0.0, 2.3719 -1.0202 0.0039, 2.3719 -1.0202 0.0, 2.376 -1.0213 0.0039, 2.376 -1.0213 0.0, 2.3798 -1.0231 0.0039, 2.3798 -1.0231 0.0, 2.3823 -1.0245 0.0039, 2.3823 -1.0245 0.0, 2.3903 -1.0157 0.0039, 2.3903 -1.0157 0.0, 2.3911 -1.0145 0.0039, 2.3911 -1.0145 0.0, 2.3914 -1.0138 0.0039, 2.3914 -1.0138 0.0, 2.3914 -1.0134 0.0039, 2.3914 -1.0134 0.0, 2.3914 -1.013 0.0039, 2.3914 -1.013 0.0, 2.3913 -1.0125 0.0039, 2.3913 -1.0125 0.0, 2.391 -1.012 0.0039, 2.391 -1.012 0.0, 2.3908 -1.0117 0.0039, 2.3908 -1.0117 0.0, 2.3906 -1.0115 0.0039, 2.3906 -1.0115 0.0, 2.3903 -1.0114 0.0039, 2.3903 -1.0114 0.0, 2.3902 -1.0113 0.0039, 2.3902 -1.0113 0.0, 2.3895 -1.0112 0.0039, 2.3895 -1.0112 0.0, 2.3886 -1.0111 0.0039, 2.3886 -1.0111 0.0, 2.3843 -1.0109 0.0039, 2.3843 -1.0109 0.0, 2.3629 -1.0083 0.0039, 2.3629 -1.0083 0.0, 2.3416 -1.0049 0.0039, 2.3416 -1.0049 0.0, 2.3286 -1.0027 0.0039, 2.3286 -1.0027 0.0, 2.3254 -1.0015 0.0039, 2.3254 -1.0015 0.0, 2.3234 -1.001 0.0039, 2.3234 -1.001 0.0, 2.322 -1.001 0.0039, 2.322 -1.001 0.0, 2.3212 -1.0011 0.0039, 2.3212 -1.0011 0.0, 2.3206 -1.0014 0.0039, 2.3206 -1.0014 0.0, 2.3198 -1.0019 0.0039, 2.3198 -1.0019 0.0, 2.3193 -1.0027 0.0039, 2.3193 -1.0027 0.0, 2.319 -1.0033 0.0039, 2.319 -1.0033 0.0, 2.3188 -1.0044 0.0039, 2.3188 -1.0044 0.0, 2.3188 -1.006 0.0039, 2.3188 -1.006 0.0, 2.3189 -1.0066 0.0039, 2.3189 -1.0066 0.0, 2.3207 -1.0138 0.0039, 2.3207 -1.0138 0.0, 2.3215 -1.0211 0.0039, 2.3215 -1.0211 0.0, 2.3215 -1.0265 0.0039, 2.3215 -1.0265 0.0, 2.3216 -1.03 0.0039, 2.3216 -1.03 0.0, 2.3218 -1.0335 0.0039, 2.3218 -1.0335 0.0, 2.3215 -1.1632 0.0039, 2.3215 -1.1632 0.0, 2.3183 -1.167 0.0039, 2.3183 -1.167 0.0, 2.3163 -1.1693 0.0039, 2.3163 -1.1693 0.0, 2.3152 -1.171 0.0039, 2.3152 -1.171 0.0, 2.3148 -1.1719 0.0039, 2.3148 -1.1719 0.0, 2.3145 -1.1733 0.0039, 2.3145 -1.1733 0.0, 2.3145 -1.1742 0.0039, 2.3145 -1.1742 0.0, 2.3145 -1.1748 0.0039, 2.3145 -1.1748 0.0, 2.3145 -1.175 0.0039, 2.3145 -1.175 0.0, 2.3146 -1.1753 0.0039, 2.3146 -1.1753 0.0, 2.3147 -1.1754 0.0039, 2.3147 -1.1754 0.0, 2.3148 -1.1755 0.0039, 2.3148 -1.1755 0.0, 2.315 -1.1756 0.0039, 2.315 -1.1756 0.0, 2.3154 -1.1757 0.0039, 2.3154 -1.1757 0.0, 2.3161 -1.1757 0.0039, 2.3161 -1.1757 0.0, 2.3169 -1.1757 0.0039, 2.3169 -1.1757 0.0, 2.3223 -1.1748 0.0039, 2.3223 -1.1748 0.0, 2.3271 -1.1742 0.0039, 2.3271 -1.1742 0.0, 2.3319 -1.1742 0.0039, 2.3319 -1.1742 0.0, 2.3328 -1.1742 0.0039, 2.3328 -1.1742 0.0, 2.3383 -1.1744 0.0039, 2.3383 -1.1744 0.0, 2.3438 -1.1751 0.0039, 2.3438 -1.1751 0.0, 2.3549 -1.1771 0.0039, 2.3549 -1.1771 0.0, 2.3646 -1.179 0.0039, 2.3646 -1.179 0.0, 2.3723 -1.1818 0.0039, 2.3723 -1.1818 0.0, 2.3739 -1.1827 0.0039, 2.3739 -1.1827 0.0, 2.3756 -1.1839 0.0, 2.3764 -1.1844 0.0039, 2.3764 -1.1844 0.0, 2.3769 -1.1839 0.0, 2.3846 -1.1759 0.0039, 2.3846 -1.1759 0.0, 2.3851 -1.175 0.0039, 2.3851 -1.175 0.0, 2.3855 -1.1743 0.0039, 2.3855 -1.1743 0.0, 2.3857 -1.1738 0.0039, 2.3857 -1.1738 0.0, 2.3857 -1.1734 0.0039, 2.3857 -1.1734 0.0, 2.3857 -1.173 0.0039, 2.3857 -1.173 0.0, 2.3856 -1.1726 0.0039, 2.3856 -1.1726 0.0, 2.3853 -1.1723 0.0039, 2.3853 -1.1723 0.0, 2.3849 -1.1719 0.0039, 2.3849 -1.1719 0.0, 2.3844 -1.1716 0.0039, 2.3844 -1.1716 0.0, 2.3839 -1.1715 0.0039, 2.3839 -1.1715 0.0, 2.3832 -1.1714 0.0039, 2.3832 -1.1714 0.0, 2.3787 -1.1708 0.0039, 2.3787 -1.1708 0.0, 2.372 -1.1699 0.0039, 2.372 -1.1699 0.0, 2.3653 -1.1692 0.0039, 2.3653 -1.1692 0.0, 2.3297 -1.1632 0.0039, 2.3297 -1.1632 0.0, 2.2866 -1.1802 0.0039, 2.2866 -1.1802 0.0, 2.2823 -1.1802 0.0039, 2.2823 -1.1802 0.0, 2.2866 -1.1046 0.0039, 2.2866 -1.1046 0.0, 2.2812 -1.1046 0.0039, 2.2812 -1.1046 0.0, 2.2788 -1.1445 0.0039, 2.2788 -1.1445 0.0, 2.2753 -1.1573 0.0039, 2.2753 -1.1573 0.0, 2.2718 -1.1643 0.0039, 2.2718 -1.1643 0.0, 2.2683 -1.1684 0.0039, 2.2683 -1.1684 0.0, 2.2646 -1.1713 0.0039, 2.2646 -1.1713 0.0, 2.2606 -1.173 0.0039, 2.2606 -1.173 0.0, 2.2563 -1.174 0.0039, 2.2563 -1.174 0.0, 2.2504 -1.1736 0.0039, 2.2504 -1.1736 0.0, 2.2453 -1.1719 0.0039, 2.2453 -1.1719 0.0, 2.2405 -1.1689 0.0039, 2.2405 -1.1689 0.0, 2.236 -1.1645 0.0039, 2.236 -1.1645 0.0, 2.2311 -1.1568 0.0039, 2.2311 -1.1568 0.0, 2.2245 -1.1378 0.0039, 2.2245 -1.1378 0.0, 2.2219 -1.123 0.0039, 2.2219 -1.123 0.0, 2.2209 -1.078 0.0039, 2.2209 -1.078 0.0, 2.2279 -1.0375 0.0039, 2.2279 -1.0375 0.0, 2.2322 -1.026 0.0039, 2.2322 -1.026 0.0, 2.2386 -1.0169 0.0039, 2.2386 -1.0169 0.0, 2.2427 -1.0131 0.0039, 2.2427 -1.0131 0.0, 2.2463 -1.011 0.0039, 2.2463 -1.011 0.0, 2.2501 -1.0098 0.0039, 2.2501 -1.0098 0.0, 2.254 -1.0095 0.0039, 2.254 -1.0095 0.0, 2.2604 -1.0099 0.0039, 2.2604 -1.0099 0.0, 2.2666 -1.0123 0.0039, 2.2666 -1.0123 0.0, 2.2717 -1.0158 0.0039, 2.2717 -1.0158 0.0, 2.2759 -1.0206 0.0039, 2.2759 -1.0206 0.0, 2.2795 -1.028 0.0039, 2.2795 -1.028 0.0, 2.2836 -1.0467 0.0039, 2.2836 -1.0467 0.0, 2.2848 -1.0551 0.0039, 2.2848 -1.0551 0.0, 2.2863 -1.07 0.0039, 2.2863 -1.07 0.0, 2.2908 -1.0698 0.0039, 2.2908 -1.0698 0.0, 2.2887 -1.036 0.0039, 2.2887 -1.036 0.0, 2.2854 -1.0233 0.0039, 2.2854 -1.0233 0.0, 2.2806 -1.0135 0.0039, 2.2806 -1.0135 0.0, 2.2769 -1.0088 0.0039, 2.2769 -1.0088 0.0, 2.2715 -1.0044 0.0039, 2.2715 -1.0044 0.0, 2.2646 -1.0013 0.0039, 2.2646 -1.0013 0.0, 2.258 -1.0001 0.0039, 2.258 -1.0001 0.0, 2.2507 -1.0004 0.0039, 2.2507 -1.0004 0.0, 2.2432 -1.0027 0.0039, 2.2432 -1.0027 0.0, 2.2367 -1.0065 0.0039, 2.2367 -1.0065 0.0, 2.2319 -1.0113 0.0039, 2.2319 -1.0113 0.0, 2.2255 -1.0219 0.0039, 2.2255 -1.0219 0.0, 2.2176 -1.0456 0.0039, 2.2176 -1.0456 0.0, 2.2145 -1.0648 0.0039, 2.2145 -1.0648 0.0, 2.2144 -1.1219 0.0039, 2.2144 -1.1219 0.0, 2.2212 -1.1526 0.0039, 2.2212 -1.1526 0.0, 2.2272 -1.1661 0.0039, 2.2272 -1.1661 0.0, 2.233 -1.1736 0.0039, 2.233 -1.1736 0.0, 2.2418 -1.1804 0.0039, 2.2418 -1.1804 0.0, 2.246 -1.1824 0.0039, 2.246 -1.1824 0.0, 2.25 -1.1832 0.0039, 2.25 -1.1832 0.0, 2.254 -1.1833 0.0039, 2.254 -1.1833 0.0, 2.2623 -1.1811 0.0039, 2.2623 -1.1811 0.0, 2.2689 -1.1775 0.0039, 2.2689 -1.1775 0.0, 2.2745 -1.1724 0.0039, 2.2745 -1.1724 0.0, 2.2778 -1.168 0.0039, 2.2778 -1.168 0.0, 2.2803 -1.1635 0.0039, 2.2803 -1.1635 0.0, 2.1422 -1.1751 0.0039, 2.1422 -1.1751 0.0, 2.1297 -1.1907 0.0039, 2.1352 -1.1839 0.0, 2.1297 -1.1907 0.0, 2.1393 -1.1689 0.0039, 2.1393 -1.1689 0.0, 2.138 -1.1609 0.0039, 2.138 -1.1609 0.0, 2.138 -1.1572 0.0039, 2.138 -1.1572 0.0, 2.138 -1.0129 0.0039, 2.138 -1.0129 0.0, 2.1597 -1.0147 0.0039, 2.1597 -1.0147 0.0, 2.1701 -1.0163 0.0039, 2.1701 -1.0163 0.0, 2.1736 -1.0171 0.0039, 2.1736 -1.0171 0.0, 2.1757 -1.0181 0.0039, 2.1757 -1.0181 0.0, 2.1783 -1.0203 0.0039, 2.1783 -1.0203 0.0, 2.1792 -1.0209 0.0039, 2.1792 -1.0209 0.0, 2.1801 -1.0213 0.0039, 2.1801 -1.0213 0.0, 2.1867 -1.0155 0.0039, 2.1867 -1.0155 0.0, 2.1898 -1.0127 0.0039, 2.1898 -1.0127 0.0, 2.1909 -1.0115 0.0039, 2.1909 -1.0115 0.0, 2.1914 -1.0106 0.0039, 2.1914 -1.0106 0.0, 2.1916 -1.0097 0.0039, 2.1916 -1.0097 0.0, 2.1917 -1.0086 0.0039, 2.1917 -1.0086 0.0, 2.1914 -1.008 0.0039, 2.1914 -1.008 0.0, 2.1912 -1.0077 0.0039, 2.1912 -1.0077 0.0, 2.1908 -1.0075 0.0039, 2.1908 -1.0075 0.0, 2.1901 -1.0072 0.0039, 2.1901 -1.0072 0.0, 2.189 -1.0071 0.0039, 2.189 -1.0071 0.0, 2.1841 -1.007 0.0039, 2.1841 -1.007 0.0, 2.1769 -1.0059 0.0039, 2.1769 -1.0059 0.0, 2.1582 -1.004 0.0039, 2.1582 -1.004 0.0, 2.1521 -1.0035 0.0039, 2.1521 -1.0035 0.0, 2.1402 -1.0024 0.0039, 2.1402 -1.0024 0.0, 2.1337 -1.0018 0.0039, 2.1337 -1.0018 0.0, 2.1322 -1.0014 0.0039, 2.1322 -1.0014 0.0, 2.1314 -1.0013 0.0039, 2.1314 -1.0013 0.0, 2.1309 -1.0014 0.0039, 2.1309 -1.0014 0.0, 2.1304 -1.0016 0.0039, 2.1304 -1.0016 0.0, 2.1301 -1.0018 0.0039, 2.1301 -1.0018 0.0, 2.1297 -1.0023 0.0039, 2.1297 -1.0023 0.0, 2.1293 -1.0031 0.0039, 2.1293 -1.0031 0.0, 2.1291 -1.0038 0.0039, 2.1291 -1.0038 0.0, 2.1291 -1.0054 0.0039, 2.1291 -1.0054 0.0, 2.1299 -1.0123 0.0039, 2.1299 -1.0123 0.0, 2.13 -1.014 0.0039, 2.13 -1.014 0.0, 2.1306 -1.0307 0.0039, 2.1306 -1.0307 0.0, 2.1306 -1.1581 0.0039, 2.1306 -1.1581 0.0, 2.1304 -1.1719 0.0, 2.1304 -1.1719 0.0039, 2.1286 -1.1839 0.0, 2.1283 -1.1856 0.0039, 2.1283 -1.1856 0.0, 2.1278 -1.1884 0.0039, 2.1278 -1.1884 0.0
            ]
        }
        coordIndex [
            0,1,2,-1,2,1,3,-1,4,5,0,-1,0,5,1,-1,6,7,4,-1,4,7,8,-1,4,8,5,-1,7,6,9,-1,7,9,10,-1,10,9,11,-1,10,11,12,-1,12,11,13,-1,12,13,14,-1,14,13,15,-1,14,15,16,-1,16,15,17,-1,16,17,18,-1,18,17,19,-1,18,19,20,-1,20,19,21,-1,20,21,22,-1,22,21,23,-1,22,23,24,-1,24,23,25,-1,24,25,26,-1,26,25,27,-1,26,27,28,-1,28,27,29,-1,28,29,30,-1,30,29,31,-1,30,31,32,-1,32,31,33,-1,32,33,34,-1,34,33,35,-1,34,35,36,-1,36,35,37,-1,37,35,38,-1,37,38,39,-1,40,41,38,-1,38,41,39,-1,41,40,42,-1,41,42,43,-1,43,42,44,-1,43,44,45,-1,45,44,46,-1,45,46,47,-1,47,46,48,-1,47,48,49,-1,50,51,48,-1,48,51,49,-1,51,50,52,-1,51,52,53,-1,53,52,54,-1,53,54,55,-1,55,54,56,-1,56,54,57,-1,56,57,58,-1,59,60,57,-1,57,60,58,-1,61,62,59,-1,59,62,63,-1,59,63,60,-1,64,65,61,-1,61,65,62,-1,65,64,66,-1,65,66,67,-1,67,66,68,-1,67,68,69,-1,70,71,68,-1,68,71,69,-1,71,70,72,-1,71,72,73,-1,73,72,74,-1,73,74,75,-1,75,74,76,-1,75,76,77,-1,77,76,78,-1,77,78,79,-1,79,78,80,-1,79,80,81,-1,81,80,82,-1,81,82,83,-1,83,82,84,-1,83,84,85,-1,85,84,86,-1,85,86,87,-1,87,86,88,-1,87,88,89,-1,90,91,88,-1,88,91,89,-1,91,90,92,-1,92,90,93,-1,92,93,94,-1,94,93,95,-1,94,95,96,-1,96,95,97,-1,96,97,98,-1,98,97,99,-1,98,99,100,-1,100,99,101,-1,100,101,102,-1,102,101,103,-1,102,103,104,-1,104,103,105,-1,104,105,106,-1,106,105,107,-1,106,107,108,-1,108,107,109,-1,108,109,110,-1,110,109,111,-1,110,111,112,-1,112,111,113,-1,112,113,114,-1,114,113,115,-1,114,115,116,-1,116,115,117,-1,116,117,118,-1,118,117,119,-1,118,119,120,-1,120,119,121,-1,120,121,122,-1,122,121,123,-1,122,123,124,-1,124,123,125,-1,124,125,126,-1,127,128,125,-1,125,128,129,-1,125,129,126,-1,130,131,127,-1,127,131,128,-1,130,2,131,-1,131,2,3,-1,132,57,133,-1,133,57,54,-1,6,4,35,-1,130,134,135,-1,74,72,127,-1,127,72,70,-1,135,136,130,-1,130,136,137,-1,130,137,2,-1,2,137,138,-1,52,0,54,-1,54,0,2,-1,54,2,133,-1,133,2,138,-1,70,68,127,-1,127,68,66,-1,127,66,130,-1,130,66,64,-1,130,64,134,-1,134,64,61,-1,134,61,132,-1,132,61,59,-1,132,59,57,-1,0,40,4,-1,4,40,38,-1,4,38,35,-1,97,95,125,-1,125,95,93,-1,125,93,127,-1,127,93,90,-1,90,88,127,-1,127,88,86,-1,127,86,74,-1,74,86,84,-1,74,84,76,-1,52,50,0,-1,0,50,48,-1,0,48,46,-1,33,11,35,-1,35,11,9,-1,35,9,6,-1,46,44,0,-1,0,44,42,-1,0,42,40,-1,82,80,84,-1,84,80,78,-1,84,78,76,-1,121,103,123,-1,123,103,101,-1,123,101,125,-1,125,101,99,-1,125,99,97,-1,121,119,103,-1,103,119,117,-1,103,117,105,-1,31,15,33,-1,33,15,13,-1,33,13,11,-1,31,29,15,-1,15,29,27,-1,15,27,25,-1,19,17,21,-1,21,17,15,-1,21,15,23,-1,23,15,25,-1,113,111,115,-1,115,111,109,-1,115,109,117,-1,117,109,107,-1,117,107,105,-1,133,139,132,-1,132,139,140,-1,139,133,138,-1,139,138,141,-1,141,138,137,-1,141,137,142,-1,142,137,136,-1,142,136,143,-1,135,144,136,-1,136,144,143,-1,134,145,135,-1,135,145,144,-1,140,145,132,-1,132,145,134,-1,146,147,148,-1,148,147,149,-1,147,146,150,-1,147,150,151,-1,151,150,152,-1,151,152,153,-1,153,152,154,-1,153,154,155,-1,155,154,156,-1,155,156,157,-1,157,156,158,-1,157,158,159,-1,159,158,160,-1,159,160,161,-1,161,160,162,-1,161,162,163,-1,163,162,164,-1,163,164,165,-1,165,164,166,-1,165,166,167,-1,168,169,166,-1,166,169,167,-1,170,171,168,-1,168,171,169,-1,171,170,172,-1,171,172,173,-1,173,172,174,-1,173,174,175,-1,176,177,174,-1,174,177,175,-1,178,179,176,-1,176,179,177,-1,179,178,180,-1,179,180,181,-1,181,180,182,-1,181,182,183,-1,183,182,184,-1,183,184,185,-1,185,184,186,-1,185,186,187,-1,187,186,188,-1,187,188,189,-1,189,188,190,-1,189,190,191,-1,191,190,192,-1,191,192,193,-1,193,192,194,-1,193,194,195,-1,195,194,196,-1,195,196,197,-1,197,196,198,-1,197,198,199,-1,199,198,200,-1,199,200,201,-1,201,200,202,-1,201,202,203,-1,203,202,204,-1,203,204,205,-1,205,204,206,-1,205,206,207,-1,207,206,208,-1,207,208,209,-1,209,208,210,-1,209,210,211,-1,211,210,212,-1,211,212,213,-1,214,215,212,-1,212,215,213,-1,215,214,216,-1,215,216,217,-1,217,216,218,-1,217,218,219,-1,219,218,220,-1,220,218,221,-1,220,221,222,-1,222,221,223,-1,222,223,224,-1,225,224,226,-1,226,224,223,-1,225,226,227,-1,227,226,228,-1,227,228,229,-1,229,228,230,-1,229,230,231,-1,231,230,232,-1,231,232,233,-1,233,232,234,-1,233,234,235,-1,236,237,234,-1,234,237,235,-1,237,236,238,-1,237,238,239,-1,239,238,240,-1,239,240,241,-1,241,240,242,-1,241,242,243,-1,243,242,244,-1,243,244,245,-1,245,244,246,-1,245,246,247,-1,247,246,248,-1,247,248,249,-1,249,248,250,-1,249,250,251,-1,251,250,252,-1,251,252,253,-1,253,252,254,-1,253,254,255,-1,255,254,256,-1,255,256,257,-1,257,256,258,-1,257,258,259,-1,259,258,260,-1,259,260,261,-1,261,260,262,-1,261,262,263,-1,263,262,264,-1,263,264,265,-1,266,267,264,-1,264,267,265,-1,268,269,266,-1,266,269,267,-1,270,271,268,-1,268,271,269,-1,271,270,272,-1,271,272,273,-1,273,272,148,-1,273,148,149,-1,242,240,264,-1,170,168,274,-1,168,166,146,-1,146,166,164,-1,146,164,150,-1,146,148,168,-1,168,148,272,-1,168,272,274,-1,274,272,270,-1,274,270,275,-1,276,277,232,-1,232,277,278,-1,232,278,279,-1,240,238,264,-1,264,238,236,-1,264,236,266,-1,266,236,234,-1,266,234,268,-1,268,234,232,-1,232,230,276,-1,276,230,216,-1,276,216,280,-1,270,268,275,-1,275,268,232,-1,275,232,281,-1,281,232,279,-1,282,283,178,-1,178,283,180,-1,180,283,284,-1,180,284,182,-1,258,256,254,-1,178,176,282,-1,282,176,174,-1,282,174,274,-1,274,174,172,-1,274,172,170,-1,182,284,184,-1,184,284,285,-1,184,285,186,-1,264,250,248,-1,162,154,164,-1,164,154,152,-1,164,152,150,-1,162,160,154,-1,154,160,158,-1,154,158,156,-1,286,287,202,-1,250,264,252,-1,252,264,262,-1,252,262,254,-1,254,262,260,-1,254,260,258,-1,248,246,264,-1,264,246,244,-1,264,244,242,-1,226,223,228,-1,228,223,221,-1,228,221,230,-1,230,221,218,-1,230,218,216,-1,202,287,204,-1,216,214,280,-1,280,214,212,-1,280,212,210,-1,287,288,204,-1,204,288,289,-1,204,289,206,-1,206,289,280,-1,206,280,208,-1,208,280,210,-1,186,285,188,-1,188,285,290,-1,188,290,190,-1,190,290,291,-1,190,291,192,-1,192,291,292,-1,192,292,194,-1,292,293,194,-1,194,293,294,-1,194,294,196,-1,196,294,295,-1,196,295,198,-1,198,295,286,-1,198,286,200,-1,200,286,202,-1,278,296,279,-1,279,296,297,-1,296,278,277,-1,296,277,298,-1,298,277,276,-1,298,276,299,-1,299,276,280,-1,299,280,300,-1,300,280,289,-1,300,289,301,-1,301,289,288,-1,301,288,302,-1,302,288,287,-1,302,287,303,-1,303,287,286,-1,303,286,304,-1,304,286,295,-1,304,295,305,-1,305,295,294,-1,305,294,306,-1,306,294,293,-1,306,293,307,-1,307,293,292,-1,307,292,308,-1,308,292,291,-1,308,291,309,-1,309,291,290,-1,309,290,310,-1,310,290,285,-1,310,285,311,-1,311,285,284,-1,311,284,312,-1,312,284,283,-1,312,283,313,-1,313,283,282,-1,313,282,314,-1,274,315,282,-1,282,315,314,-1,275,316,274,-1,274,316,315,-1,316,275,281,-1,316,281,317,-1,317,281,279,-1,317,279,297,-1,318,319,320,-1,320,319,321,-1,319,318,322,-1,319,322,323,-1,323,322,324,-1,323,324,325,-1,325,324,326,-1,325,326,327,-1,328,329,326,-1,326,329,327,-1,330,331,328,-1,328,331,329,-1,331,330,332,-1,331,332,333,-1,333,332,334,-1,333,334,335,-1,335,334,336,-1,335,336,337,-1,337,336,338,-1,337,338,339,-1,339,338,340,-1,339,340,341,-1,341,340,342,-1,341,342,343,-1,343,342,344,-1,343,344,345,-1,345,344,346,-1,345,346,347,-1,347,346,348,-1,347,348,349,-1,349,348,350,-1,349,350,351,-1,351,350,352,-1,351,352,353,-1,354,355,352,-1,352,355,353,-1,356,357,354,-1,354,357,355,-1,358,359,356,-1,356,359,357,-1,359,358,360,-1,359,360,361,-1,361,360,362,-1,361,362,363,-1,364,365,362,-1,362,365,363,-1,366,367,364,-1,364,367,365,-1,367,366,368,-1,367,368,369,-1,369,368,370,-1,369,370,371,-1,371,370,372,-1,371,372,373,-1,373,372,374,-1,373,374,375,-1,375,374,376,-1,375,376,377,-1,377,376,378,-1,377,378,379,-1,379,378,380,-1,379,380,381,-1,381,380,382,-1,381,382,383,-1,383,382,384,-1,383,384,385,-1,385,384,386,-1,385,386,387,-1,387,386,388,-1,387,388,389,-1,389,388,390,-1,389,390,391,-1,392,393,390,-1,390,393,391,-1,393,392,394,-1,393,394,395,-1,395,394,396,-1,395,396,397,-1,398,399,396,-1,396,399,397,-1,399,398,400,-1,399,400,401,-1,401,400,402,-1,401,402,403,-1,403,402,404,-1,403,404,405,-1,405,404,406,-1,405,406,407,-1,407,406,408,-1,407,408,409,-1,409,408,410,-1,409,410,411,-1,411,410,412,-1,411,412,413,-1,413,412,414,-1,413,414,415,-1,415,414,416,-1,415,416,417,-1,417,416,418,-1,417,418,419,-1,419,418,420,-1,419,420,421,-1,421,420,422,-1,421,422,423,-1,423,422,424,-1,423,424,425,-1,426,427,424,-1,424,427,425,-1,427,426,428,-1,427,428,429,-1,429,428,430,-1,429,430,431,-1,432,433,430,-1,430,433,431,-1,433,432,434,-1,433,434,435,-1,435,434,436,-1,435,436,437,-1,437,436,438,-1,437,438,439,-1,439,438,440,-1,439,440,441,-1,441,440,442,-1,441,442,443,-1,443,442,444,-1,443,444,445,-1,445,444,446,-1,445,446,447,-1,447,446,448,-1,447,448,449,-1,449,448,450,-1,449,450,451,-1,451,450,452,-1,451,452,453,-1,453,452,454,-1,453,454,455,-1,455,454,456,-1,455,456,457,-1,457,456,458,-1,457,458,459,-1,459,458,460,-1,459,460,461,-1,461,460,462,-1,461,462,463,-1,464,465,462,-1,462,465,463,-1,465,464,466,-1,465,466,467,-1,467,466,468,-1,467,468,469,-1,470,471,468,-1,468,471,469,-1,471,470,472,-1,471,472,473,-1,473,472,474,-1,473,474,475,-1,476,477,474,-1,474,477,475,-1,477,476,478,-1,477,478,479,-1,479,478,480,-1,479,480,481,-1,481,480,482,-1,481,482,483,-1,483,482,484,-1,484,482,485,-1,484,485,486,-1,486,485,487,-1,487,485,488,-1,487,488,489,-1,489,488,490,-1,489,490,491,-1,491,490,492,-1,491,492,493,-1,493,492,494,-1,493,494,495,-1,495,494,496,-1,495,496,497,-1,497,496,498,-1,497,498,499,-1,499,498,500,-1,499,500,501,-1,501,500,502,-1,501,502,503,-1,503,502,504,-1,503,504,505,-1,505,504,506,-1,505,506,507,-1,507,506,508,-1,507,508,509,-1,509,508,510,-1,509,510,511,-1,512,513,510,-1,510,513,511,-1,513,512,514,-1,513,514,515,-1,515,514,516,-1,515,516,517,-1,518,519,516,-1,516,519,517,-1,518,320,519,-1,519,320,321,-1,402,400,356,-1,362,360,392,-1,392,360,358,-1,326,324,352,-1,400,398,356,-1,356,398,396,-1,356,396,358,-1,358,396,394,-1,358,394,392,-1,430,428,356,-1,428,426,356,-1,356,426,424,-1,356,424,422,-1,422,420,356,-1,356,420,418,-1,356,418,416,-1,320,354,318,-1,318,354,352,-1,318,352,322,-1,322,352,324,-1,362,392,364,-1,364,392,390,-1,364,390,366,-1,366,390,388,-1,366,388,386,-1,356,410,408,-1,436,434,518,-1,518,434,432,-1,518,432,320,-1,320,432,430,-1,320,430,354,-1,354,430,356,-1,416,414,356,-1,356,414,412,-1,356,412,410,-1,336,334,350,-1,350,334,352,-1,328,326,330,-1,330,326,352,-1,330,352,332,-1,332,352,334,-1,448,446,518,-1,518,446,444,-1,518,444,442,-1,386,384,366,-1,366,384,382,-1,366,382,380,-1,408,406,356,-1,356,406,404,-1,356,404,402,-1,496,494,508,-1,508,494,492,-1,508,492,510,-1,510,492,490,-1,510,490,488,-1,472,470,518,-1,518,470,468,-1,518,468,466,-1,466,464,518,-1,518,464,462,-1,518,462,460,-1,370,376,372,-1,372,376,374,-1,380,378,366,-1,366,378,376,-1,366,376,368,-1,368,376,370,-1,454,452,518,-1,518,452,450,-1,518,450,448,-1,442,440,518,-1,518,440,438,-1,518,438,436,-1,488,485,510,-1,510,485,482,-1,510,482,512,-1,512,482,480,-1,512,480,514,-1,514,480,478,-1,514,478,516,-1,516,478,476,-1,516,476,518,-1,518,476,474,-1,518,474,472,-1,460,458,518,-1,518,458,456,-1,518,456,454,-1,342,340,350,-1,350,340,338,-1,350,338,336,-1,502,508,504,-1,504,508,506,-1,502,500,508,-1,508,500,498,-1,508,498,496,-1,348,346,350,-1,350,346,344,-1,350,344,342,-1,520,521,522,-1,522,521,523,-1,524,525,520,-1,520,525,521,-1,526,527,524,-1,524,527,525,-1,527,526,528,-1,527,528,529,-1,529,528,530,-1,529,530,531,-1,531,530,532,-1,531,532,533,-1,533,532,534,-1,533,534,535,-1,535,534,536,-1,535,536,537,-1,537,536,538,-1,537,538,539,-1,539,538,540,-1,539,540,541,-1,541,540,542,-1,541,542,543,-1,543,542,544,-1,543,544,545,-1,545,544,546,-1,545,546,547,-1,547,546,548,-1,547,548,549,-1,549,548,550,-1,549,550,551,-1,551,550,552,-1,551,552,553,-1,553,552,554,-1,553,554,555,-1,555,554,556,-1,555,556,557,-1,557,556,558,-1,557,558,559,-1,559,558,560,-1,559,560,561,-1,561,560,562,-1,561,562,563,-1,563,562,564,-1,563,564,565,-1,565,564,566,-1,565,566,567,-1,567,566,568,-1,567,568,569,-1,569,568,570,-1,569,570,571,-1,571,570,572,-1,571,572,573,-1,573,572,574,-1,573,574,575,-1,575,574,576,-1,575,576,577,-1,577,576,578,-1,577,578,579,-1,579,578,580,-1,579,580,581,-1,581,580,582,-1,581,582,583,-1,583,582,584,-1,583,584,585,-1,586,587,584,-1,584,587,585,-1,588,589,586,-1,586,589,587,-1,589,588,590,-1,589,590,591,-1,591,590,592,-1,591,592,593,-1,593,592,594,-1,593,594,595,-1,595,594,596,-1,595,596,597,-1,597,596,598,-1,597,598,599,-1,599,598,600,-1,599,600,601,-1,601,600,602,-1,601,602,603,-1,603,602,604,-1,603,604,605,-1,605,604,606,-1,605,606,607,-1,607,606,608,-1,607,608,609,-1,609,608,610,-1,609,610,611,-1,611,610,612,-1,611,612,613,-1,613,612,614,-1,613,614,615,-1,615,614,616,-1,615,616,617,-1,617,616,618,-1,617,618,619,-1,619,618,620,-1,619,620,621,-1,621,620,622,-1,621,622,623,-1,623,622,624,-1,623,624,625,-1,625,624,626,-1,625,626,627,-1,627,626,628,-1,627,628,629,-1,629,628,630,-1,629,630,631,-1,631,630,632,-1,631,632,633,-1,633,632,634,-1,633,634,635,-1,635,634,636,-1,635,636,637,-1,637,636,638,-1,637,638,639,-1,639,638,640,-1,639,640,641,-1,642,643,640,-1,640,643,641,-1,642,522,643,-1,643,522,523,-1,524,520,642,-1,642,520,522,-1,640,536,642,-1,642,536,534,-1,642,534,532,-1,526,524,528,-1,528,524,642,-1,528,642,530,-1,530,642,532,-1,640,638,536,-1,536,638,636,-1,536,636,538,-1,538,636,634,-1,538,634,540,-1,540,634,632,-1,540,632,542,-1,632,630,542,-1,542,630,628,-1,542,628,544,-1,544,628,626,-1,544,626,546,-1,546,626,624,-1,546,624,548,-1,548,624,622,-1,548,622,550,-1,550,622,552,-1,552,622,620,-1,552,620,554,-1,554,620,618,-1,554,618,556,-1,556,618,616,-1,556,616,558,-1,558,616,614,-1,558,614,560,-1,560,614,612,-1,560,612,562,-1,562,612,610,-1,562,610,564,-1,564,610,608,-1,564,608,566,-1,566,608,606,-1,566,606,568,-1,568,606,604,-1,568,604,570,-1,570,604,602,-1,570,602,572,-1,572,602,600,-1,572,600,574,-1,574,600,598,-1,574,598,576,-1,576,598,596,-1,576,596,578,-1,578,596,594,-1,578,594,580,-1,580,594,592,-1,580,592,582,-1,582,592,590,-1,582,590,584,-1,584,590,588,-1,584,588,586,-1,644,645,646,-1,646,645,647,-1,646,647,648,-1,645,644,649,-1,645,649,650,-1,650,649,651,-1,650,651,652,-1,652,651,653,-1,652,653,654,-1,655,656,653,-1,653,656,654,-1,656,655,657,-1,656,657,658,-1,658,657,659,-1,658,659,660,-1,660,659,661,-1,660,661,662,-1,662,661,663,-1,662,663,664,-1,664,663,665,-1,664,665,666,-1,666,665,667,-1,666,667,668,-1,668,667,669,-1,668,669,670,-1,670,669,671,-1,670,671,672,-1,672,671,673,-1,672,673,674,-1,674,673,675,-1,674,675,676,-1,676,675,677,-1,676,677,678,-1,678,677,679,-1,678,679,680,-1,680,679,681,-1,680,681,682,-1,682,681,683,-1,682,683,684,-1,684,683,685,-1,684,685,686,-1,686,685,687,-1,686,687,688,-1,688,687,689,-1,688,689,690,-1,690,689,691,-1,690,691,692,-1,692,691,693,-1,692,693,694,-1,694,693,695,-1,694,695,696,-1,696,695,697,-1,696,697,698,-1,698,697,699,-1,698,699,700,-1,701,702,699,-1,699,702,700,-1,703,704,701,-1,701,704,702,-1,704,703,705,-1,704,705,706,-1,706,705,707,-1,706,707,708,-1,708,707,709,-1,708,709,710,-1,710,709,711,-1,710,711,712,-1,712,711,713,-1,712,713,714,-1,714,713,715,-1,714,715,716,-1,716,715,717,-1,716,717,718,-1,718,717,719,-1,718,719,720,-1,720,719,721,-1,720,721,722,-1,722,721,723,-1,722,723,724,-1,724,723,725,-1,724,725,726,-1,727,728,725,-1,725,728,726,-1,729,730,727,-1,727,730,728,-1,731,730,732,-1,732,730,729,-1,731,732,733,-1,733,732,734,-1,733,734,735,-1,736,737,734,-1,734,737,735,-1,736,646,737,-1,737,646,648,-1,667,665,693,-1,693,665,663,-1,693,663,695,-1,669,667,671,-1,671,667,693,-1,671,693,673,-1,673,693,691,-1,673,691,675,-1,729,727,655,-1,655,727,725,-1,655,725,723,-1,663,661,695,-1,695,661,659,-1,695,659,697,-1,697,659,657,-1,646,736,644,-1,644,736,734,-1,644,734,649,-1,649,734,732,-1,649,732,651,-1,651,732,729,-1,651,729,653,-1,653,729,655,-1,723,721,655,-1,655,721,719,-1,655,719,717,-1,679,689,687,-1,689,679,691,-1,691,679,677,-1,691,677,675,-1,717,715,655,-1,655,715,713,-1,655,713,711,-1,711,709,655,-1,655,709,707,-1,655,707,705,-1,705,703,655,-1,655,703,701,-1,655,701,657,-1,657,701,699,-1,657,699,697,-1,687,685,679,-1,679,685,683,-1,679,683,681,-1,
        ]
    }
}
Shape{
    appearance Appearance {
        material  Material 	{
            diffuseColor 0.27450980392156865 0.49411764705882355 0.27450980392156865
            specularColor 0.0196078431372549 0.03529411764705882 0.0196078431372549
            ambientIntensity 0.5763
            transparency 0.0
            shininess 0.5
        }
    }
    geometry IndexedFaceSet {
        ccw TRUE
        solid FALSE
        coord DEF co Coordinate {
            point [
                2.5677 -1.0873 0.0, 2.5753 -1.08 0.0, 2.5572 -1.1595 0.0, 2.5388 -1.0763 0.0, 2.5499 -1.0786 0.0, 2.5582 -1.0812 0.0, 2.5606 -1.0825 0.0, 2.4314 -1.1646 0.0, 2.4314 -1.0148 0.0, 2.4368 -1.1669 0.0, 2.4358 -1.0147 0.0, 2.4402 -1.0148 0.0, 2.4526 -1.0163 0.0, 2.4614 -1.0174 0.0, 2.4611 -1.1706 0.0, 2.4488 -1.1697 0.0, 2.4897 -1.1074 0.0, 2.4891 -1.0657 0.0, 2.4686 -1.1691 0.0, 2.4864 -1.1459 0.0, 2.484 -1.1544 0.0, 2.4677 -1.019 0.0, 2.4723 -1.021 0.0, 2.4757 -1.0237 0.0, 2.4808 -1.1605 0.0, 2.4774 -1.1646 0.0, 2.4741 -1.167 0.0, 2.479 -1.028 0.0, 2.4846 -1.0406 0.0, 2.2638 0.9842 1.5222, 2.2638 0.9842 1.8676, 2.7362 0.9842 1.5222, 2.7362 0.9842 1.8676, 2.2638 0.9842 0.7874, 2.2638 1.1811 0.7874, 2.2638 1.1811 1.1811, 2.7362 1.1811 0.7874, 2.7362 0.9842 0.7874, 2.7362 1.1811 1.1811
            ]
        }
        coordIndex [
            0,1,2,-1,2,3,4,-1,4,5,2,-1,2,5,6,-1,2,6,0,-1,7,8,9,-1,9,8,10,-1,10,11,9,-1,9,11,12,-1,9,12,13,-1,14,15,16,-1,16,15,9,-1,16,9,17,-1,14,16,18,-1,18,16,19,-1,18,19,20,-1,13,21,9,-1,9,21,22,-1,9,22,23,-1,20,24,18,-1,18,24,25,-1,18,25,26,-1,23,27,9,-1,9,27,28,-1,9,28,17,-1,29,30,31,-1,31,30,32,-1,33,34,29,-1,29,34,35,-1,29,35,30,-1,36,37,38,-1,38,37,31,-1,38,31,32,-1,37,36,33,-1,33,36,34,-1,
        ]
    }
}
Shape{
    appearance Appearance {
        material  Material 	{
            diffuseColor 0.6470588235294118 0.6196078431372549 0.5882352941176471
            specularColor 0.45098039215686275 0.43529411764705883 0.4117647058823529
            ambientIntensity 0.6242
            transparency 0.0
            shininess 0.5
        }
    }
    geometry IndexedFaceSet {
        ccw TRUE
        solid FALSE
        coord DEF co Coordinate {
            point [
                1.7939 -0.1979 3.2205, 1.8116 -0.1533 3.2205, 1.2061 -0.1979 3.2205, 1.1884 -0.1533 3.2205, 1.2452 -0.2595 3.2205, 1.2969 -0.3109 3.2205, 1.3587 -0.3496 3.2205, 1.4275 -0.3736 3.2205, 1.7031 -0.3109 3.2205, 1.7548 -0.2595 3.2205, 1.5 -0.3817 3.2205, 1.5725 -0.3736 3.2205, 1.6413 -0.3496 3.2205, 1.1506 -0.2565 3.1417, 1.1838 -0.3088 3.1417, 1.1858 -0.3071 3.1621, 1.6045 -0.4453 3.1417, 1.6754 -0.4206 3.1417, 1.6742 -0.4181 3.1621, 1.1582 -0.1533 3.215, 1.1476 -0.1533 3.2095, 1.1707 -0.2151 3.2099, 1.1089 -0.1596 3.1417, 1.1353 -0.2323 3.1417, 1.1377 -0.2312 3.1621, 1.8127 -0.1533 3.2205, 1.8122 -0.2068 3.2178, 1.8327 -0.1533 3.2179, 1.8293 -0.2151 3.2099, 1.8415 -0.1533 3.2151, 1.8329 -0.1533 3.2178, 1.8693 -0.1533 3.1971, 1.8662 -0.1533 3.2005, 1.8439 -0.2222 3.1974, 1.8588 -0.1533 3.2062, 1.8524 -0.1533 3.2095, 1.8788 -0.1533 3.1868, 1.8552 -0.2277 3.1811, 1.8836 -0.1533 3.1793, 1.8906 -0.1533 3.1624, 1.8623 -0.2312 3.1621, 1.8906 -0.1533 3.1621, 1.8647 -0.2323 3.1417, 1.8911 -0.1596 3.1417, 1.8924 -0.1533 3.1542, 1.8934 -0.1533 3.1417, 1.1448 -0.2277 3.1811, 1.11 -0.1533 3.1644, 1.1095 -0.1533 3.1621, 1.107 -0.1533 3.1498, 1.1066 -0.1533 3.1417, 1.135 -0.1533 3.2015, 1.1308 -0.1533 3.1971, 1.1561 -0.2222 3.1974, 1.122 -0.1533 3.1878, 1.1175 -0.1533 3.1812, 1.1409 -0.1533 3.206, 1.1652 -0.1533 3.2173, 1.1878 -0.2068 3.2178, 1.1671 -0.1533 3.2176, 1.185 -0.1533 3.2204, 1.7707 -0.2722 3.2178, 1.7855 -0.2841 3.2099, 1.7983 -0.2943 3.1974, 1.808 -0.3022 3.1811, 1.8142 -0.3071 3.1621, 1.423 -0.3934 3.2178, 1.3499 -0.3679 3.2178, 1.4188 -0.412 3.2099, 1.3417 -0.3851 3.2099, 1.4152 -0.4279 3.1974, 1.3346 -0.3998 3.1974, 1.4124 -0.4401 3.1811, 1.3292 -0.4111 3.1811, 1.4107 -0.4477 3.1621, 1.3258 -0.4181 3.1621, 1.7016 -0.4042 3.1417, 1.7521 -0.3726 3.1417, 1.7504 -0.3705 3.1621, 1.7455 -0.3643 3.1811, 1.7377 -0.3545 3.1974, 1.7276 -0.3417 3.2099, 1.7158 -0.3269 3.2178, 1.785 -0.3399 3.1417, 1.8162 -0.3088 3.1417, 1.8494 -0.2565 3.1417, 1.6708 -0.4111 3.1811, 1.6654 -0.3998 3.1974, 1.6583 -0.3851 3.2099, 1.6501 -0.3679 3.2178, 1.5899 -0.4504 3.1417, 1.5893 -0.4477 3.1621, 1.5876 -0.4401 3.1811, 1.5848 -0.4279 3.1974, 1.5812 -0.412 3.2099, 1.577 -0.3934 3.2178, 1.5 -0.4021 3.2178, 1.5 -0.4211 3.2099, 1.5 -0.4374 3.1974, 1.5 -0.4499 3.1811, 1.5 -0.4578 3.1621, 1.5 -0.4604 3.1417, 1.4101 -0.4504 3.1417, 1.215 -0.3399 3.1417, 1.2479 -0.3726 3.1417, 1.2496 -0.3705 3.1621, 1.2545 -0.3643 3.1811, 1.2623 -0.3545 3.1974, 1.2724 -0.3417 3.2099, 1.2842 -0.3269 3.2178, 1.2984 -0.4042 3.1417, 1.3246 -0.4206 3.1417, 1.3955 -0.4453 3.1417, 1.192 -0.3022 3.1811, 1.2017 -0.2943 3.1974, 1.2145 -0.2841 3.2099, 1.2293 -0.2722 3.2178, 1.7352 -0.0549 2.6435, 1.7272 0.006 1.8392, 1.7272 0.006 2.6435, 1.7037 0.0627 1.8392, 1.7037 0.0627 2.6435, 1.6663 0.1114 1.8392, 1.6663 0.1114 2.6435, 1.6176 0.1488 1.8392, 1.6176 0.1488 2.6435, 1.5609 0.1723 1.8392, 1.5609 0.1723 2.6435, 1.5 0.1803 1.8392, 1.5 0.1803 2.6435, 1.4391 0.1723 1.8392, 1.4391 0.1723 2.6435, 1.3824 0.1488 1.8392, 1.3824 0.1488 2.6435, 1.3337 0.1114 1.8392, 1.3337 0.1114 2.6435, 1.2963 0.0627 1.8392, 1.2963 0.0627 2.6435, 1.2728 0.006 1.8392, 1.2728 0.006 2.6435, 1.2648 -0.0549 1.8392, 1.2648 -0.0549 2.6435, 1.2728 -0.1158 1.8392, 1.2728 -0.1158 2.6435, 1.2963 -0.1725 1.8392, 1.2963 -0.1725 2.6435, 1.3337 -0.2212 1.8392, 1.3337 -0.2212 2.6435, 1.3824 -0.2586 1.8392, 1.3824 -0.2586 2.6435, 1.4391 -0.2821 1.8392, 1.4391 -0.2821 2.6435, 1.5 -0.2901 1.8392, 1.5 -0.2901 2.6435, 1.5609 -0.2821 1.8392, 1.5609 -0.2821 2.6435, 1.6176 -0.2586 1.8392, 1.6176 -0.2586 2.6435, 1.6663 -0.2212 1.8392, 1.6663 -0.2212 2.6435, 1.7037 -0.1725 1.8392, 1.7037 -0.1725 2.6435, 1.7272 -0.1158 1.8392, 1.7272 -0.1158 2.6435, 1.7352 -0.0549 1.8392
            ]
        }
        coordIndex [
            0,1,2,-1,2,1,3,-1,2,4,0,-1,0,4,5,-1,0,5,6,-1,7,8,6,-1,6,8,9,-1,6,9,0,-1,7,10,8,-1,8,10,11,-1,8,11,12,-1,13,14,15,-1,16,17,18,-1,19,20,21,-1,22,23,24,-1,1,0,25,-1,25,0,26,-1,25,26,27,-1,28,29,26,-1,26,29,30,-1,26,30,27,-1,31,32,33,-1,33,32,34,-1,33,34,28,-1,28,34,35,-1,28,35,29,-1,31,33,36,-1,36,33,37,-1,36,37,38,-1,38,37,39,-1,39,37,40,-1,39,40,41,-1,40,42,41,-1,41,42,43,-1,41,43,44,-1,44,43,45,-1,46,47,24,-1,24,47,48,-1,24,48,22,-1,22,48,49,-1,22,49,50,-1,51,52,53,-1,53,52,54,-1,53,54,46,-1,46,54,55,-1,46,55,47,-1,21,20,53,-1,53,20,56,-1,53,56,51,-1,19,21,57,-1,57,21,58,-1,57,58,59,-1,59,58,60,-1,60,58,2,-1,60,2,3,-1,0,9,26,-1,26,9,61,-1,26,61,28,-1,28,61,62,-1,28,62,33,-1,33,62,63,-1,33,63,37,-1,37,63,64,-1,37,64,40,-1,40,64,65,-1,7,6,66,-1,66,6,67,-1,66,67,68,-1,68,67,69,-1,68,69,70,-1,70,69,71,-1,70,71,72,-1,72,71,73,-1,72,73,74,-1,74,73,75,-1,76,77,78,-1,78,77,65,-1,78,65,79,-1,79,65,64,-1,79,64,80,-1,80,64,63,-1,80,63,81,-1,81,63,62,-1,81,62,82,-1,82,62,61,-1,82,61,8,-1,8,61,9,-1,77,83,65,-1,65,83,84,-1,65,84,40,-1,40,84,85,-1,40,85,42,-1,17,76,18,-1,18,76,78,-1,18,78,86,-1,86,78,79,-1,86,79,87,-1,87,79,80,-1,87,80,88,-1,88,80,81,-1,88,81,89,-1,89,81,82,-1,89,82,12,-1,12,82,8,-1,90,16,91,-1,91,16,18,-1,91,18,92,-1,92,18,86,-1,92,86,93,-1,93,86,87,-1,93,87,94,-1,94,87,88,-1,94,88,95,-1,95,88,89,-1,95,89,11,-1,11,89,12,-1,11,10,95,-1,95,10,96,-1,95,96,94,-1,94,96,97,-1,94,97,93,-1,93,97,98,-1,93,98,92,-1,92,98,99,-1,92,99,91,-1,91,99,100,-1,91,100,90,-1,90,100,101,-1,10,7,96,-1,96,7,66,-1,96,66,97,-1,97,66,68,-1,97,68,98,-1,98,68,70,-1,98,70,99,-1,99,70,72,-1,99,72,100,-1,100,72,74,-1,100,74,101,-1,101,74,102,-1,103,104,105,-1,105,104,75,-1,105,75,106,-1,106,75,73,-1,106,73,107,-1,107,73,71,-1,107,71,108,-1,108,71,69,-1,108,69,109,-1,109,69,67,-1,109,67,5,-1,5,67,6,-1,104,110,75,-1,75,110,111,-1,75,111,74,-1,74,111,112,-1,74,112,102,-1,14,103,15,-1,15,103,105,-1,15,105,113,-1,113,105,106,-1,113,106,114,-1,114,106,107,-1,114,107,115,-1,115,107,108,-1,115,108,116,-1,116,108,109,-1,116,109,4,-1,4,109,5,-1,23,13,24,-1,24,13,15,-1,24,15,46,-1,46,15,113,-1,46,113,53,-1,53,113,114,-1,53,114,21,-1,21,114,115,-1,21,115,58,-1,58,115,116,-1,58,116,2,-1,2,116,4,-1,117,118,119,-1,119,118,120,-1,119,120,121,-1,121,120,122,-1,121,122,123,-1,123,122,124,-1,123,124,125,-1,125,124,126,-1,125,126,127,-1,127,126,128,-1,127,128,129,-1,129,128,130,-1,129,130,131,-1,131,130,132,-1,131,132,133,-1,133,132,134,-1,133,134,135,-1,135,134,136,-1,135,136,137,-1,137,136,138,-1,137,138,139,-1,139,138,140,-1,139,140,141,-1,141,140,142,-1,141,142,143,-1,143,142,144,-1,143,144,145,-1,145,144,146,-1,145,146,147,-1,147,146,148,-1,147,148,149,-1,149,148,150,-1,149,150,151,-1,151,150,152,-1,151,152,153,-1,153,152,154,-1,153,154,155,-1,155,154,156,-1,155,156,157,-1,157,156,158,-1,157,158,159,-1,159,158,160,-1,159,160,161,-1,161,160,162,-1,161,162,163,-1,163,162,164,-1,163,164,117,-1,117,164,118,-1,
        ]
    }
}
Shape{
    appearance Appearance {
        material  Material 	{
            diffuseColor 0.27450980392156865 0.49411764705882355 0.27450980392156865
            specularColor 0.0196078431372549 0.03529411764705882 0.0196078431372549
            ambientIntensity 0.5763
            transparency 0.0
            shininess 0.5
        }
    }
    geometry IndexedFaceSet {
        ccw TRUE
        solid FALSE
        coord DEF co Coordinate {
            point [
                1.8937 -0.8354 0.5543, 1.8937 -0.9093 0.0, 1.7362 -0.8354 0.5543, 1.4017 -0.9093 0.0, 1.2638 -0.8354 0.5543, 1.3027 -0.9093 0.0, 1.1063 -0.9093 0.0, 1.1063 -0.8354 0.5543, 1.117 -0.9093 0.0, 1.2017 -0.9093 0.0, 1.2638 -0.8354 1.3035, 1.1063 -0.8354 1.5292, 1.7362 -0.8354 1.3035, 1.8937 -0.8354 1.5292, 1.1063 -0.6872 1.5292, 1.8937 -0.6872 1.5292, 1.1063 -0.6872 2.6435, 1.8937 -0.6872 2.6435, 1.2728 -0.1158 2.6435, 1.2648 -0.0549 2.6435, 1.1063 0.6045 2.6435, 1.2728 0.006 2.6435, 1.2963 -0.1725 2.6435, 1.3337 -0.2212 2.6435, 1.3824 -0.2586 2.6435, 1.7272 0.006 2.6435, 1.8937 0.6045 2.6435, 1.7352 -0.0549 2.6435, 1.7272 -0.1158 2.6435, 1.7037 0.0627 2.6435, 1.6663 0.1114 2.6435, 1.6176 0.1488 2.6435, 1.4391 -0.2821 2.6435, 1.5 -0.2901 2.6435, 1.5609 -0.2821 2.6435, 1.6176 -0.2586 2.6435, 1.6663 -0.2212 2.6435, 1.7037 -0.1725 2.6435, 1.3824 0.1488 2.6435, 1.3337 0.1114 2.6435, 1.2963 0.0627 2.6435, 1.5609 0.1723 2.6435, 1.5 0.1803 2.6435, 1.4391 0.1723 2.6435, 1.1063 0.6045 2.4779, 1.8937 0.6045 2.4779, 1.1063 0.7633 1.9241, 1.8937 0.7633 1.9241, 1.5984 0.7633 1.5222, 1.8937 0.7633 1.5222, 1.5984 0.7633 1.5433, 1.4016 0.7633 1.5433, 1.4016 0.7633 1.5222, 1.1063 0.7633 1.5222, 1.5984 0.8198 1.5222, 1.8937 0.9842 1.5222, 1.1063 0.9842 1.5222, 1.2638 0.9842 1.5222, 1.4016 0.8198 1.5222, 1.7362 0.9842 1.5222, 1.2638 0.9842 0.7874, 1.7362 0.9842 0.7874, 1.1063 0.9842 0.0, 1.117 0.9842 0.0, 1.2017 0.9842 0.0, 1.3027 0.9842 0.0, 1.4017 0.9842 0.0, 1.8937 0.9842 0.0, 1.4391 -0.2821 2.6818, 1.4173 -0.3636 2.6818, 1.5 -0.2901 2.6818, 1.5 -0.3745 2.6818, 1.5609 -0.2821 2.6818, 1.5827 -0.3636 2.6818, 1.6176 -0.2586 2.6818, 1.6598 -0.3317 2.6818, 1.6663 -0.2212 2.6818, 1.726 -0.2809 2.6818, 1.7037 -0.1725 2.6818, 1.7768 -0.2147 2.6818, 1.7272 -0.1158 2.6818, 1.8087 -0.1376 2.6818, 1.7352 -0.0549 2.6818, 1.8196 -0.0549 2.6818, 1.7272 0.006 2.6818, 1.8087 0.0278 2.6818, 1.7037 0.0627 2.6818, 1.7768 0.1049 2.6818, 1.6663 0.1114 2.6818, 1.726 0.1711 2.6818, 1.6176 0.1488 2.6818, 1.6598 0.2219 2.6818, 1.5609 0.1723 2.6818, 1.5827 0.2538 2.6818, 1.5 0.1803 2.6818, 1.5 0.2647 2.6818, 1.4391 0.1723 2.6818, 1.4173 0.2538 2.6818, 1.3824 0.1488 2.6818, 1.3402 0.2219 2.6818, 1.3337 0.1114 2.6818, 1.274 0.1711 2.6818, 1.2963 0.0627 2.6818, 1.2232 0.1049 2.6818, 1.2728 0.006 2.6818, 1.1913 0.0278 2.6818, 1.2648 -0.0549 2.6818, 1.1804 -0.0549 2.6818, 1.2728 -0.1158 2.6818, 1.1913 -0.1376 2.6818, 1.2963 -0.1725 2.6818, 1.2232 -0.2147 2.6818, 1.3337 -0.2212 2.6818, 1.274 -0.2809 2.6818, 1.3824 -0.2586 2.6818, 1.3402 -0.3317 2.6818, 1.8196 -0.0549 2.7983, 1.8087 0.0278 2.7983, 1.7768 0.1049 2.7983, 1.726 0.1711 2.7983, 1.6598 0.2219 2.7983, 1.5827 0.2538 2.7983, 1.5 0.2647 2.7983, 1.4173 0.2538 2.7983, 1.3402 0.2219 2.7983, 1.274 0.1711 2.7983, 1.2232 0.1049 2.7983, 1.1913 0.0278 2.7983, 1.1804 -0.0549 2.7983, 1.1913 -0.1376 2.7983, 1.2232 -0.2147 2.7983, 1.274 -0.2809 2.7983, 1.3402 -0.3317 2.7983, 1.4173 -0.3636 2.7983, 1.5 -0.3745 2.7983, 1.5827 -0.3636 2.7983, 1.6598 -0.3317 2.7983, 1.726 -0.2809 2.7983, 1.7768 -0.2147 2.7983, 1.8087 -0.1376 2.7983, 1.7225 0.3304 2.7983, 1.6152 0.3748 2.7983, 1.5 0.39 2.7983, 1.3848 0.3748 2.7983, 1.2775 0.3304 2.7983, 1.1854 0.2597 2.7983, 1.1147 0.1676 2.7983, 1.0702 0.0602 2.7983, 1.0551 -0.0549 2.7983, 1.0702 -0.1701 2.7983, 1.1147 -0.2774 2.7983, 1.1854 -0.3695 2.7983, 1.2775 -0.4402 2.7983, 1.3848 -0.4847 2.7983, 1.5 -0.4998 2.7983, 1.6152 -0.4847 2.7983, 1.7225 -0.4402 2.7983, 1.8146 -0.3695 2.7983, 1.8853 -0.2774 2.7983, 1.9298 -0.1701 2.7983, 1.9449 -0.0549 2.7983, 1.9298 0.0602 2.7983, 1.8853 0.1676 2.7983, 1.8146 0.2597 2.7983, 1.9449 -0.0549 3.4646, 1.9298 0.0602 3.4646, 1.8853 0.1676 3.4646, 1.8146 0.2597 3.4646, 1.7225 0.3304 3.4646, 1.6152 0.3748 3.4646, 1.5 0.39 3.4646, 1.3848 0.3748 3.4646, 1.2775 0.3304 3.4646, 1.1854 0.2597 3.4646, 1.1147 0.1676 3.4646, 1.0702 0.0602 3.4646, 1.0551 -0.0549 3.4646, 1.0702 -0.1701 3.4646, 1.1147 -0.2774 3.4646, 1.1854 -0.3695 3.4646, 1.2775 -0.4402 3.4646, 1.3848 -0.4847 3.4646, 1.5 -0.4998 3.4646, 1.6152 -0.4847 3.4646, 1.7225 -0.4402 3.4646, 1.8146 -0.3695 3.4646, 1.8853 -0.2774 3.4646, 1.9298 -0.1701 3.4646
            ]
        }
        coordIndex [
            0,1,2,-1,2,1,3,-1,2,3,4,-1,4,3,5,-1,6,7,8,-1,8,7,4,-1,8,4,9,-1,9,4,5,-1,4,7,10,-1,10,7,11,-1,10,11,12,-1,12,11,13,-1,12,13,2,-1,2,13,0,-1,11,14,13,-1,13,14,15,-1,14,16,15,-1,15,16,17,-1,18,16,19,-1,19,16,20,-1,19,20,21,-1,18,22,16,-1,16,22,23,-1,16,23,24,-1,25,26,27,-1,27,26,17,-1,27,17,28,-1,25,29,26,-1,26,29,30,-1,26,30,31,-1,24,32,16,-1,16,32,33,-1,16,33,17,-1,17,33,34,-1,17,34,35,-1,35,36,17,-1,17,36,37,-1,17,37,28,-1,38,39,20,-1,20,39,40,-1,20,40,21,-1,31,41,26,-1,26,41,42,-1,26,42,20,-1,20,42,43,-1,20,43,38,-1,20,44,26,-1,26,44,45,-1,44,46,45,-1,45,46,47,-1,48,49,50,-1,50,49,47,-1,50,47,51,-1,51,47,46,-1,51,46,52,-1,52,46,53,-1,49,48,54,-1,49,54,55,-1,53,56,57,-1,52,53,58,-1,58,53,57,-1,58,57,54,-1,54,57,59,-1,54,59,55,-1,60,57,56,-1,55,59,61,-1,56,62,60,-1,60,62,63,-1,60,63,64,-1,64,65,60,-1,60,65,66,-1,60,66,61,-1,61,66,67,-1,61,67,55,-1,62,56,6,-1,6,56,53,-1,44,20,16,-1,14,11,7,-1,44,16,46,-1,46,16,14,-1,46,14,53,-1,53,14,7,-1,53,7,6,-1,55,67,49,-1,49,67,1,-1,0,13,15,-1,1,0,49,-1,49,0,15,-1,49,15,47,-1,47,15,17,-1,47,17,45,-1,45,17,26,-1,68,69,70,-1,70,69,71,-1,70,71,72,-1,72,71,73,-1,72,73,74,-1,74,73,75,-1,74,75,76,-1,76,75,77,-1,76,77,78,-1,78,77,79,-1,78,79,80,-1,80,79,81,-1,80,81,82,-1,82,81,83,-1,82,83,84,-1,84,83,85,-1,84,85,86,-1,86,85,87,-1,86,87,88,-1,88,87,89,-1,88,89,90,-1,90,89,91,-1,90,91,92,-1,92,91,93,-1,92,93,94,-1,94,93,95,-1,94,95,96,-1,96,95,97,-1,96,97,98,-1,98,97,99,-1,98,99,100,-1,100,99,101,-1,100,101,102,-1,102,101,103,-1,102,103,104,-1,104,103,105,-1,104,105,106,-1,106,105,107,-1,106,107,108,-1,108,107,109,-1,108,109,110,-1,110,109,111,-1,110,111,112,-1,112,111,113,-1,112,113,114,-1,114,113,115,-1,114,115,68,-1,68,115,69,-1,83,116,85,-1,85,116,117,-1,85,117,87,-1,87,117,118,-1,87,118,89,-1,89,118,119,-1,89,119,91,-1,91,119,120,-1,91,120,93,-1,93,120,121,-1,93,121,95,-1,95,121,122,-1,95,122,97,-1,97,122,123,-1,97,123,99,-1,99,123,124,-1,99,124,101,-1,101,124,125,-1,101,125,103,-1,103,125,126,-1,103,126,105,-1,105,126,127,-1,105,127,107,-1,107,127,128,-1,107,128,109,-1,109,128,129,-1,109,129,111,-1,111,129,130,-1,111,130,113,-1,113,130,131,-1,113,131,115,-1,115,131,132,-1,115,132,69,-1,69,132,133,-1,69,133,71,-1,71,133,134,-1,71,134,73,-1,73,134,135,-1,73,135,75,-1,75,135,136,-1,75,136,77,-1,77,136,137,-1,77,137,79,-1,79,137,138,-1,79,138,81,-1,81,138,139,-1,81,139,83,-1,83,139,116,-1,120,140,121,-1,121,140,141,-1,121,141,122,-1,122,141,142,-1,122,142,123,-1,123,142,143,-1,123,143,124,-1,124,143,144,-1,124,144,125,-1,125,144,145,-1,125,145,126,-1,126,145,146,-1,126,146,127,-1,127,146,147,-1,127,147,128,-1,128,147,148,-1,128,148,129,-1,129,148,149,-1,129,149,130,-1,130,149,150,-1,130,150,131,-1,131,150,151,-1,131,151,132,-1,132,151,152,-1,132,152,133,-1,133,152,153,-1,133,153,134,-1,134,153,154,-1,134,154,135,-1,135,154,155,-1,135,155,136,-1,136,155,156,-1,136,156,137,-1,137,156,157,-1,137,157,138,-1,138,157,158,-1,138,158,139,-1,139,158,159,-1,139,159,116,-1,116,159,160,-1,116,160,117,-1,117,160,161,-1,117,161,118,-1,118,161,162,-1,118,162,119,-1,119,162,163,-1,119,163,120,-1,120,163,140,-1,160,164,161,-1,161,164,165,-1,161,165,162,-1,162,165,166,-1,162,166,163,-1,163,166,167,-1,163,167,140,-1,140,167,168,-1,140,168,141,-1,141,168,169,-1,141,169,142,-1,142,169,170,-1,142,170,143,-1,143,170,171,-1,143,171,144,-1,144,171,172,-1,144,172,145,-1,145,172,173,-1,145,173,146,-1,146,173,174,-1,146,174,147,-1,147,174,175,-1,147,175,148,-1,148,175,176,-1,148,176,149,-1,149,176,177,-1,149,177,150,-1,150,177,178,-1,150,178,151,-1,151,178,179,-1,151,179,152,-1,152,179,180,-1,152,180,153,-1,153,180,181,-1,153,181,154,-1,154,181,182,-1,154,182,155,-1,155,182,183,-1,155,183,156,-1,156,183,184,-1,156,184,157,-1,157,184,185,-1,157,185,158,-1,158,185,186,-1,158,186,159,-1,159,186,187,-1,159,187,160,-1,160,187,164,-1,
        ]
    }
}
Shape{
    appearance Appearance {
        material  Material 	{
            diffuseColor 0.6470588235294118 0.6196078431372549 0.5882352941176471
            specularColor 0.45098039215686275 0.43529411764705883 0.4117647058823529
            ambientIntensity 0.6242
            transparency 0.0
            shininess 0.5
        }
    }
    geometry IndexedFaceSet {
        ccw TRUE
        solid FALSE
        coord DEF co Coordinate {
            point [
                1.1884 0.0435 3.2205, 1.8116 0.0435 3.2205, 1.2061 0.0881 3.2205, 1.7939 0.0881 3.2205, 1.7548 0.1497 3.2205, 1.7031 0.2011 3.2205, 1.6413 0.2398 3.2205, 1.4275 0.2638 3.2205, 1.3587 0.2398 3.2205, 1.2969 0.2011 3.2205, 1.2452 0.1497 3.2205, 1.5725 0.2638 3.2205, 1.5 0.2719 3.2205, 1.1066 0.0435 3.0236, 1.1066 0.0435 3.1417, 1.1089 0.0498 3.1417, 1.8934 -0.1533 3.0236, 1.8934 -0.1533 3.1417, 1.8911 -0.1596 3.1417, 1.8917 -0.1599 2.908, 1.9055 -0.0549 3.0236, 1.9055 -0.0549 2.908, 1.8934 0.0435 3.0236, 1.8917 0.0501 2.908, 1.1083 0.0501 2.908, 1.0945 -0.0549 3.0236, 1.0945 -0.0549 2.908, 1.1066 -0.1533 3.0236, 1.1083 -0.1599 2.908, 1.8647 -0.2323 3.1417, 1.8512 -0.2577 2.908, 1.8494 -0.2565 3.1417, 1.8162 -0.3088 3.1417, 1.7868 -0.3417 2.908, 1.785 -0.3399 3.1417, 1.7521 -0.3726 3.1417, 1.7028 -0.4061 2.908, 1.7016 -0.4042 3.1417, 1.6754 -0.4206 3.1417, 1.605 -0.4466 2.908, 1.6045 -0.4453 3.1417, 1.5899 -0.4504 3.1417, 1.5 -0.4604 2.908, 1.5 -0.4604 3.1417, 1.4101 -0.4504 3.1417, 1.395 -0.4466 2.908, 1.3955 -0.4453 3.1417, 1.3246 -0.4206 3.1417, 1.2972 -0.4061 2.908, 1.2984 -0.4042 3.1417, 1.2479 -0.3726 3.1417, 1.2132 -0.3417 2.908, 1.215 -0.3399 3.1417, 1.1838 -0.3088 3.1417, 1.1488 -0.2577 2.908, 1.1066 -0.1533 3.1417, 1.1089 -0.1596 3.1417, 1.1353 -0.2323 3.1417, 1.1506 -0.2565 3.1417, 1.1353 0.1225 3.1417, 1.1488 0.1479 2.908, 1.1506 0.1467 3.1417, 1.1838 0.199 3.1417, 1.2132 0.2319 2.908, 1.215 0.2301 3.1417, 1.2479 0.2628 3.1417, 1.2972 0.2963 2.908, 1.2984 0.2944 3.1417, 1.3246 0.3108 3.1417, 1.395 0.3368 2.908, 1.3955 0.3355 3.1417, 1.4101 0.3405 3.1417, 1.5 0.3506 2.908, 1.5 0.3506 3.1417, 1.5899 0.3405 3.1417, 1.605 0.3368 2.908, 1.6045 0.3355 3.1417, 1.6754 0.3108 3.1417, 1.7028 0.2963 2.908, 1.7016 0.2944 3.1417, 1.7521 0.2628 3.1417, 1.7868 0.2319 2.908, 1.785 0.2301 3.1417, 1.8162 0.199 3.1417, 1.8512 0.1479 2.908, 1.8934 0.0435 3.1417, 1.8911 0.0498 3.1417, 1.8647 0.1225 3.1417, 1.8494 0.1467 3.1417, 1.6663 -0.2212 2.908, 1.6176 -0.2586 2.908, 1.5609 -0.2821 2.908, 1.5 -0.2901 2.908, 1.4391 -0.2821 2.908, 1.3824 -0.2586 2.908, 1.3337 -0.2212 2.908, 1.2963 -0.1725 2.908, 1.2728 -0.1158 2.908, 1.2648 -0.0549 2.908, 1.2728 0.006 2.908, 1.2963 0.0627 2.908, 1.3337 0.1114 2.908, 1.3824 0.1488 2.908, 1.4391 0.1723 2.908, 1.5 0.1803 2.908, 1.5609 0.1723 2.908, 1.6176 0.1488 2.908, 1.6663 0.1114 2.908, 1.7037 0.0627 2.908, 1.7272 0.006 2.908, 1.7352 -0.0549 2.908, 1.7272 -0.1158 2.908, 1.7037 -0.1725 2.908, 1.7272 0.006 2.6818, 1.7037 0.0627 2.6818, 1.6663 0.1114 2.6818, 1.6176 0.1488 2.6818, 1.5609 0.1723 2.6818, 1.5 0.1803 2.6818, 1.4391 0.1723 2.6818, 1.3824 0.1488 2.6818, 1.3337 0.1114 2.6818, 1.2963 0.0627 2.6818, 1.2728 0.006 2.6818, 1.2648 -0.0549 2.6818, 1.2728 -0.1158 2.6818, 1.2963 -0.1725 2.6818, 1.3337 -0.2212 2.6818, 1.3824 -0.2586 2.6818, 1.4391 -0.2821 2.6818, 1.5 -0.2901 2.6818, 1.5609 -0.2821 2.6818, 1.6176 -0.2586 2.6818, 1.6663 -0.2212 2.6818, 1.7037 -0.1725 2.6818, 1.7272 -0.1158 2.6818, 1.7352 -0.0549 2.6818
            ]
        }
        coordIndex [
            0,1,2,-1,2,1,3,-1,3,4,2,-1,2,4,5,-1,2,5,6,-1,7,8,2,-1,2,8,9,-1,2,9,10,-1,6,11,2,-1,2,11,12,-1,2,12,7,-1,13,14,15,-1,16,17,18,-1,16,19,20,-1,20,19,21,-1,20,21,22,-1,22,21,23,-1,13,24,25,-1,25,24,26,-1,25,26,27,-1,27,26,28,-1,16,18,19,-1,19,18,29,-1,19,29,30,-1,29,31,30,-1,30,31,32,-1,30,32,33,-1,32,34,33,-1,33,34,35,-1,33,35,36,-1,35,37,36,-1,36,37,38,-1,36,38,39,-1,38,40,39,-1,39,40,41,-1,39,41,42,-1,41,43,42,-1,42,43,44,-1,42,44,45,-1,44,46,45,-1,45,46,47,-1,45,47,48,-1,47,49,48,-1,48,49,50,-1,48,50,51,-1,50,52,51,-1,51,52,53,-1,51,53,54,-1,55,27,56,-1,56,27,28,-1,56,28,57,-1,57,28,54,-1,57,54,58,-1,58,54,53,-1,13,15,24,-1,24,15,59,-1,24,59,60,-1,59,61,60,-1,60,61,62,-1,60,62,63,-1,62,64,63,-1,63,64,65,-1,63,65,66,-1,65,67,66,-1,66,67,68,-1,66,68,69,-1,68,70,69,-1,69,70,71,-1,69,71,72,-1,71,73,72,-1,72,73,74,-1,72,74,75,-1,74,76,75,-1,75,76,77,-1,75,77,78,-1,77,79,78,-1,78,79,80,-1,78,80,81,-1,80,82,81,-1,81,82,83,-1,81,83,84,-1,85,22,86,-1,86,22,23,-1,86,23,87,-1,87,23,84,-1,87,84,88,-1,88,84,83,-1,89,33,90,-1,90,33,36,-1,90,36,91,-1,91,36,39,-1,91,39,92,-1,92,39,42,-1,92,42,93,-1,93,42,45,-1,93,45,94,-1,94,45,48,-1,94,48,95,-1,95,48,51,-1,95,51,96,-1,96,51,54,-1,96,54,97,-1,97,54,28,-1,97,28,98,-1,98,28,26,-1,98,26,99,-1,99,26,24,-1,99,24,100,-1,100,24,60,-1,100,60,101,-1,101,60,63,-1,101,63,102,-1,102,63,66,-1,102,66,103,-1,103,66,69,-1,103,69,104,-1,104,69,72,-1,104,72,105,-1,105,72,75,-1,105,75,106,-1,106,75,78,-1,106,78,107,-1,107,78,81,-1,107,81,108,-1,108,81,84,-1,108,84,109,-1,109,84,23,-1,109,23,110,-1,110,23,21,-1,110,21,111,-1,111,21,19,-1,111,19,112,-1,112,19,30,-1,112,30,89,-1,89,30,33,-1,110,113,109,-1,109,113,114,-1,109,114,108,-1,108,114,115,-1,108,115,107,-1,107,115,116,-1,107,116,106,-1,106,116,117,-1,106,117,105,-1,105,117,118,-1,105,118,104,-1,104,118,119,-1,104,119,103,-1,103,119,120,-1,103,120,102,-1,102,120,121,-1,102,121,101,-1,101,121,122,-1,101,122,100,-1,100,122,123,-1,100,123,99,-1,99,123,124,-1,99,124,98,-1,98,124,125,-1,98,125,97,-1,97,125,126,-1,97,126,96,-1,96,126,127,-1,96,127,95,-1,95,127,128,-1,95,128,94,-1,94,128,129,-1,94,129,93,-1,93,129,130,-1,93,130,92,-1,92,130,131,-1,92,131,91,-1,91,131,132,-1,91,132,90,-1,90,132,133,-1,90,133,89,-1,89,133,134,-1,89,134,112,-1,112,134,135,-1,112,135,111,-1,111,135,136,-1,111,136,110,-1,110,136,113,-1,
        ]
    }
}
Shape{
    appearance Appearance {
        material  Material 	{
            diffuseColor 0.27450980392156865 0.49411764705882355 0.27450980392156865
            specularColor 0.0196078431372549 0.03529411764705882 0.0196078431372549
            ambientIntensity 0.5763
            transparency 0.0
            shininess 0.5
        }
    }
    geometry IndexedFaceSet {
        ccw TRUE
        solid FALSE
        coord DEF co Coordinate {
            point [
                1.2638 -1.1024 1.8475, 1.2638 -1.0821 1.8475, 1.7362 -1.1024 1.8475, 1.7362 -1.0821 1.8475, 1.2638 -0.9942 1.3035, 1.7362 -0.9942 1.3035, 1.2638 -0.8354 1.3035, 1.7362 -0.8354 1.3035, 1.2638 -0.8354 0.5543, 1.2638 -0.9997 0.5543, 1.7362 -0.8354 0.5543, 1.7362 -0.9997 0.5543, 1.0669 -1.2992 0.2356, 1.9331 -1.2992 0.2356, 1.7362 -1.1024 0.445, 1.2638 -1.1024 0.445
            ]
        }
        coordIndex [
            0,1,2,-1,2,1,3,-1,1,4,3,-1,3,4,5,-1,4,6,5,-1,5,6,7,-1,8,9,10,-1,10,9,11,-1,12,13,14,-1,11,9,14,-1,14,9,15,-1,14,15,12,-1,4,1,0,-1,8,6,9,-1,9,6,4,-1,9,4,15,-1,15,4,0,-1,14,2,5,-1,5,2,3,-1,7,10,5,-1,5,10,11,-1,5,11,14,-1,
        ]
    }
}
Shape{
    appearance Appearance {
        material  Material 	{
            diffuseColor 0.6470588235294118 0.6196078431372549 0.5882352941176471
            specularColor 0.45098039215686275 0.43529411764705883 0.4117647058823529
            ambientIntensity 0.6242
            transparency 0.0
            shininess 0.5
        }
    }
    geometry IndexedFaceSet {
        ccw TRUE
        solid FALSE
        coord DEF co Coordinate {
            point [
                1.7352 -0.0549 1.8392, 1.8543 -0.6375 1.8392, 1.8543 0.5848 1.8392, 1.6176 0.1488 1.8392, 1.6663 0.1114 1.8392, 1.3824 0.1488 1.8392, 1.1457 0.5848 1.8392, 1.3337 0.1114 1.8392, 1.2963 0.0627 1.8392, 1.7037 0.0627 1.8392, 1.7272 0.006 1.8392, 1.4391 0.1723 1.8392, 1.5 0.1803 1.8392, 1.5609 0.1723 1.8392, 1.7272 -0.1158 1.8392, 1.7037 -0.1725 1.8392, 1.6663 -0.2212 1.8392, 1.4391 -0.2821 1.8392, 1.3824 -0.2586 1.8392, 1.1457 -0.6375 1.8392, 1.3337 -0.2212 1.8392, 1.2963 -0.1725 1.8392, 1.2728 -0.1158 1.8392, 1.2648 -0.0549 1.8392, 1.2728 0.006 1.8392, 1.6176 -0.2586 1.8392, 1.5609 -0.2821 1.8392, 1.5 -0.2901 1.8392, 1.6969 -0.6375 0.6985, 1.8543 -0.6375 0.4087, 1.6969 -0.6375 1.5748, 1.3031 -0.6375 1.5748, 1.3031 -0.6375 0.6985, 1.1457 -0.6375 0.4087, 1.8543 0.5848 0.4087, 1.1457 0.5848 0.4087, 1.6969 0.5848 1.5748, 1.6969 0.5848 0.6985, 1.3031 0.5848 0.6985, 1.3031 0.5848 1.5748, 1.4016 0.7633 1.5433, 1.4016 0.6956 1.5517, 1.5984 0.7633 1.5433, 1.5984 0.6956 1.5517, 1.5984 0.9712 1.2761, 1.4016 0.9712 1.2761, 1.4016 0.9645 1.3365, 1.5984 0.9645 1.3365, 1.4016 0.9448 1.3938, 1.5984 0.9448 1.3938, 1.4016 0.913 1.4455, 1.5984 0.913 1.4455, 1.4016 0.8706 1.489, 1.5984 0.8706 1.489, 1.4016 0.8198 1.5222, 1.5984 0.8198 1.5222, 1.5984 -0.3824 1.5517, 1.5984 -0.3824 1.3549, 1.5984 0.6956 1.3549, 1.5984 0.7638 1.3155, 1.5984 0.7512 1.3318, 1.5984 0.7349 1.3443, 1.5984 0.7159 1.3522, 1.5984 0.7633 1.5222, 1.5984 -0.0984 -0.9842, 1.5984 0.0984 -0.9842, 1.5984 -0.0984 0.0478, 1.5984 0.0984 0.0478, 1.5984 -0.089 0.1191, 1.5984 0.1011 0.0682, 1.5984 -0.0615 0.1856, 1.5984 0.109 0.0872, 1.5984 -0.0177 0.2427, 1.5984 0.1215 0.1035, 1.5984 0.0394 0.2865, 1.5984 0.1378 0.116, 1.5984 0.1058 0.314, 1.5984 0.1568 0.1239, 1.5984 0.1772 0.3234, 1.5984 0.1772 0.1265, 1.5984 0.6956 0.3234, 1.5984 0.6956 0.1265, 1.5984 0.7159 0.3261, 1.5984 0.7669 0.1359, 1.5984 0.7349 0.3339, 1.5984 0.8334 0.1635, 1.5984 0.7512 0.3464, 1.5984 0.8904 0.2073, 1.5984 0.7638 0.3628, 1.5984 0.9342 0.2643, 1.5984 0.7716 0.3817, 1.5984 0.9618 0.3308, 1.5984 0.7743 0.4021, 1.5984 0.9712 0.4021, 1.5984 0.7743 1.2761, 1.5984 0.7716 1.2965, 1.4016 0.6956 1.3549, 1.4016 -0.3824 1.3549, 1.4016 -0.3824 1.5517, 1.4016 0.7633 1.5222, 1.4016 0.7743 1.2761, 1.4016 0.7716 1.2965, 1.4016 0.7638 1.3155, 1.4016 0.7512 1.3318, 1.4016 0.7349 1.3443, 1.4016 0.7159 1.3522, 1.4016 0.0984 -0.9842, 1.4016 -0.0984 -0.9842, 1.4016 0.0984 0.0478, 1.4016 -0.0984 0.0478, 1.4016 0.1011 0.0682, 1.4016 -0.089 0.1191, 1.4016 0.109 0.0872, 1.4016 -0.0615 0.1856, 1.4016 0.1215 0.1035, 1.4016 -0.0177 0.2427, 1.4016 0.1378 0.116, 1.4016 0.0394 0.2865, 1.4016 0.1568 0.1239, 1.4016 0.1058 0.314, 1.4016 0.1772 0.1265, 1.4016 0.1772 0.3234, 1.4016 0.6956 0.1265, 1.4016 0.6956 0.3234, 1.4016 0.7669 0.1359, 1.4016 0.7159 0.3261, 1.4016 0.8334 0.1635, 1.4016 0.7349 0.3339, 1.4016 0.8904 0.2073, 1.4016 0.7512 0.3464, 1.4016 0.9342 0.2643, 1.4016 0.7638 0.3628, 1.4016 0.9618 0.3308, 1.4016 0.7716 0.3817, 1.4016 0.9712 0.4021, 1.4016 0.7743 0.4021, 1.4409 -0.0591 -1.378, 1.4409 0.0591 -1.378, 1.5591 -0.0591 -1.378, 1.5591 0.0591 -1.378
            ]
        }
        coordIndex [
            0,1,2,-1,3,4,2,-1,5,6,7,-1,7,6,8,-1,4,9,2,-1,2,9,10,-1,2,10,0,-1,5,11,6,-1,6,11,12,-1,6,12,2,-1,2,12,13,-1,2,13,3,-1,0,14,1,-1,1,14,15,-1,1,15,16,-1,17,18,19,-1,19,18,20,-1,19,20,21,-1,21,22,19,-1,19,22,23,-1,19,23,6,-1,6,23,24,-1,6,24,8,-1,16,25,1,-1,1,25,26,-1,1,26,19,-1,19,26,27,-1,19,27,17,-1,28,29,30,-1,30,29,1,-1,30,1,31,-1,31,1,19,-1,31,19,32,-1,32,19,33,-1,32,33,28,-1,28,33,29,-1,34,29,35,-1,35,29,33,-1,36,2,37,-1,37,2,34,-1,37,34,38,-1,38,34,35,-1,38,35,39,-1,39,35,6,-1,39,6,36,-1,36,6,2,-1,29,34,1,-1,1,34,2,-1,35,33,6,-1,6,33,19,-1,31,39,30,-1,30,39,36,-1,38,32,37,-1,37,32,28,-1,32,38,31,-1,31,38,39,-1,37,28,36,-1,36,28,30,-1,40,41,42,-1,42,41,43,-1,44,45,46,-1,44,46,47,-1,47,46,48,-1,47,48,49,-1,49,48,50,-1,49,50,51,-1,51,50,52,-1,51,52,53,-1,53,52,54,-1,53,54,55,-1,56,57,43,-1,43,57,58,-1,59,51,60,-1,60,51,53,-1,60,53,61,-1,61,53,55,-1,61,55,62,-1,62,55,63,-1,62,63,58,-1,58,63,42,-1,58,42,43,-1,64,65,66,-1,66,65,67,-1,66,67,68,-1,68,67,69,-1,68,69,70,-1,70,69,71,-1,70,71,72,-1,72,71,73,-1,72,73,74,-1,74,73,75,-1,74,75,76,-1,76,75,77,-1,76,77,78,-1,78,77,79,-1,78,79,80,-1,80,79,81,-1,80,81,82,-1,82,81,83,-1,82,83,84,-1,84,83,85,-1,84,85,86,-1,86,85,87,-1,86,87,88,-1,88,87,89,-1,88,89,90,-1,90,89,91,-1,90,91,92,-1,92,91,93,-1,92,93,94,-1,94,93,44,-1,94,44,95,-1,95,44,47,-1,95,47,59,-1,59,47,49,-1,59,49,51,-1,96,97,98,-1,99,100,101,-1,101,102,99,-1,99,102,103,-1,99,103,104,-1,41,40,99,-1,98,41,96,-1,96,41,99,-1,96,99,105,-1,105,99,104,-1,106,107,108,-1,108,107,109,-1,108,109,110,-1,110,109,111,-1,110,111,112,-1,112,111,113,-1,112,113,114,-1,114,113,115,-1,114,115,116,-1,116,115,117,-1,116,117,118,-1,118,117,119,-1,118,119,120,-1,120,119,121,-1,120,121,122,-1,122,121,123,-1,122,123,124,-1,124,123,125,-1,124,125,126,-1,126,125,127,-1,126,127,128,-1,128,127,129,-1,128,129,130,-1,130,129,131,-1,130,131,132,-1,132,131,133,-1,132,133,134,-1,134,133,135,-1,134,135,45,-1,45,135,100,-1,99,54,100,-1,100,54,52,-1,100,52,50,-1,50,48,100,-1,100,48,46,-1,100,46,45,-1,56,43,98,-1,98,43,41,-1,57,56,97,-1,97,56,98,-1,58,57,96,-1,96,57,97,-1,58,96,62,-1,62,96,105,-1,62,105,61,-1,61,105,104,-1,61,104,60,-1,60,104,103,-1,60,103,59,-1,59,103,102,-1,59,102,95,-1,95,102,101,-1,95,101,94,-1,94,101,100,-1,92,94,135,-1,135,94,100,-1,92,135,90,-1,90,135,133,-1,90,133,88,-1,88,133,131,-1,88,131,86,-1,86,131,129,-1,86,129,84,-1,84,129,127,-1,84,127,82,-1,82,127,125,-1,82,125,80,-1,80,125,123,-1,78,80,121,-1,121,80,123,-1,78,121,119,-1,78,119,76,-1,76,119,117,-1,76,117,74,-1,74,117,115,-1,74,115,72,-1,72,115,113,-1,72,113,70,-1,70,113,111,-1,70,111,68,-1,68,111,109,-1,68,109,66,-1,64,66,107,-1,107,66,109,-1,136,137,138,-1,138,137,139,-1,106,108,65,-1,65,108,67,-1,67,108,69,-1,69,108,110,-1,69,110,71,-1,71,110,112,-1,71,112,73,-1,73,112,114,-1,73,114,75,-1,75,114,116,-1,75,116,77,-1,77,116,118,-1,77,118,79,-1,79,118,120,-1,81,79,122,-1,122,79,120,-1,81,122,124,-1,81,124,83,-1,83,124,126,-1,83,126,85,-1,85,126,128,-1,85,128,87,-1,87,128,130,-1,87,130,89,-1,89,130,132,-1,89,132,91,-1,91,132,134,-1,91,134,93,-1,44,93,45,-1,45,93,134,-1,
        ]
    }
}
Shape{
    appearance Appearance {
        material  Material 	{
            diffuseColor 0.27450980392156865 0.49411764705882355 0.27450980392156865
            specularColor 0.0196078431372549 0.03529411764705882 0.0196078431372549
            ambientIntensity 0.5763
            transparency 0.0
            shininess 0.5
        }
    }
    geometry IndexedFaceSet {
        ccw TRUE
        solid FALSE
        coord DEF co Coordinate {
            point [
                1.2638 -1.1024 1.8475, 1.0779 -1.2882 2.0334, 1.0736 -1.2925 2.0195, 1.0669 -1.2992 0.2356, 1.2638 -1.1024 0.445, 1.0669 -1.2992 1.9685, 1.0686 -1.2975 1.9942, 1.7362 -1.1024 1.8475, 1.9221 -1.2882 2.0334, 1.7362 -1.1024 0.445, 1.9331 -1.2992 0.2356, 1.9331 -1.2992 1.9685, 1.9314 -1.2975 1.9942, 1.9264 -1.2925 2.0195
            ]
        }
        coordIndex [
            0,1,2,-1,3,4,5,-1,5,4,0,-1,5,0,6,-1,6,0,2,-1,7,8,0,-1,0,8,1,-1,9,10,7,-1,7,10,11,-1,11,12,7,-1,7,12,13,-1,7,13,8,-1,
        ]
    }
}
Shape{
    appearance Appearance {
        material  Material 	{
            diffuseColor 0.6470588235294118 0.6196078431372549 0.5882352941176471
            specularColor 0.45098039215686275 0.43529411764705883 0.4117647058823529
            ambientIntensity 0.6242
            transparency 0.0
            shininess 0.5
        }
    }
    geometry IndexedFaceSet {
        ccw TRUE
        solid FALSE
        coord DEF co Coordinate {
            point [
                1.5984 0.0984 -0.9842, 1.5591 0.0591 -1.378, 1.4016 0.0984 -0.9842, 1.4409 0.0591 -1.378, 1.5984 -0.0984 -0.9842, 1.5591 -0.0591 -1.378, 1.4409 -0.0591 -1.378, 1.4016 -0.0984 -0.9842, 1.8494 0.1467 3.1417, 1.8162 0.199 3.1417, 1.8142 0.1973 3.1621, 1.3955 0.3355 3.1417, 1.3246 0.3108 3.1417, 1.3258 0.3083 3.1621, 1.8433 0.0435 3.2144, 1.8524 0.0435 3.2094, 1.8293 0.1053 3.2099, 1.8911 0.0498 3.1417, 1.8647 0.1225 3.1417, 1.8623 0.1214 3.1621, 1.8552 0.1179 3.1811, 1.8902 0.0435 3.1637, 1.8906 0.0435 3.1621, 1.8913 0.0435 3.1596, 1.8934 0.0435 3.1417, 1.8661 0.0435 3.2006, 1.8693 0.0435 3.1971, 1.8439 0.1124 3.1974, 1.8789 0.0435 3.1867, 1.8829 0.0435 3.1805, 1.8604 0.0435 3.205, 1.8364 0.0435 3.2168, 1.8122 0.097 3.2178, 1.8329 0.0435 3.2174, 1.8166 0.0435 3.2203, 1.7939 0.0881 3.2205, 1.8116 0.0435 3.2205, 1.1884 0.0435 3.2205, 1.2061 0.0881 3.2205, 1.1879 0.0435 3.2205, 1.1878 0.097 3.2178, 1.1678 0.0435 3.218, 1.1707 0.1053 3.2099, 1.159 0.0435 3.2153, 1.1671 0.0435 3.2178, 1.1307 0.0435 3.1971, 1.1343 0.0435 3.2009, 1.1561 0.1124 3.1974, 1.1417 0.0435 3.2065, 1.1476 0.0435 3.2095, 1.1215 0.0435 3.1872, 1.1448 0.1179 3.1811, 1.1167 0.0435 3.1797, 1.11 0.0435 3.1644, 1.1377 0.1214 3.1621, 1.1096 0.0435 3.1621, 1.1353 0.1225 3.1417, 1.1089 0.0498 3.1417, 1.1067 0.0435 3.1467, 1.1066 0.0435 3.1417, 1.2452 0.1497 3.2205, 1.2293 0.1624 3.2178, 1.2145 0.1743 3.2099, 1.2017 0.1845 3.1974, 1.192 0.1924 3.1811, 1.1858 0.1973 3.1621, 1.5725 0.2638 3.2205, 1.6413 0.2398 3.2205, 1.577 0.2836 3.2178, 1.6501 0.2581 3.2178, 1.5812 0.3022 3.2099, 1.6583 0.2753 3.2099, 1.5848 0.3181 3.1974, 1.6654 0.29 3.1974, 1.5876 0.3303 3.1811, 1.6708 0.3012 3.1811, 1.5893 0.3379 3.1621, 1.6742 0.3083 3.1621, 1.2984 0.2944 3.1417, 1.2479 0.2628 3.1417, 1.2496 0.2607 3.1621, 1.2545 0.2545 3.1811, 1.2623 0.2447 3.1974, 1.2724 0.2319 3.2099, 1.2842 0.2171 3.2178, 1.2969 0.2011 3.2205, 1.215 0.2301 3.1417, 1.1838 0.199 3.1417, 1.1506 0.1467 3.1417, 1.3292 0.3012 3.1811, 1.3346 0.29 3.1974, 1.3417 0.2753 3.2099, 1.3499 0.2581 3.2178, 1.3587 0.2398 3.2205, 1.4101 0.3405 3.1417, 1.4107 0.3379 3.1621, 1.4124 0.3303 3.1811, 1.4152 0.3181 3.1974, 1.4188 0.3022 3.2099, 1.423 0.2836 3.2178, 1.4275 0.2638 3.2205, 1.5 0.2719 3.2205, 1.5 0.2923 3.2178, 1.5 0.3113 3.2099, 1.5 0.3276 3.1974, 1.5 0.3401 3.1811, 1.5 0.348 3.1621, 1.5 0.3506 3.1417, 1.5899 0.3405 3.1417, 1.785 0.2301 3.1417, 1.7521 0.2628 3.1417, 1.7504 0.2607 3.1621, 1.7455 0.2545 3.1811, 1.7377 0.2447 3.1974, 1.7276 0.2319 3.2099, 1.7158 0.2171 3.2178, 1.7031 0.2011 3.2205, 1.7016 0.2944 3.1417, 1.6754 0.3108 3.1417, 1.6045 0.3355 3.1417, 1.808 0.1924 3.1811, 1.7983 0.1845 3.1974, 1.7855 0.1743 3.2099, 1.7707 0.1624 3.2178, 1.7548 0.1497 3.2205, 1.8934 -0.1533 3.0236, 1.1066 -0.1533 3.0236, 1.1066 -0.1533 3.1417, 1.8906 -0.1533 3.1624, 1.8906 -0.1533 3.1621, 1.8524 -0.1533 3.2095, 1.107 -0.1533 3.1498, 1.1095 -0.1533 3.1621, 1.8934 -0.1533 3.1417, 1.8415 -0.1533 3.2151, 1.11 -0.1533 3.1644, 1.8924 -0.1533 3.1542, 1.1175 -0.1533 3.1812, 1.122 -0.1533 3.1878, 1.1308 -0.1533 3.1971, 1.8693 -0.1533 3.1971, 1.8662 -0.1533 3.2005, 1.8588 -0.1533 3.2062, 1.1409 -0.1533 3.206, 1.1476 -0.1533 3.2095, 1.135 -0.1533 3.2015, 1.1582 -0.1533 3.215, 1.1652 -0.1533 3.2173, 1.1671 -0.1533 3.2176, 1.185 -0.1533 3.2204, 1.1884 -0.1533 3.2205, 1.8116 -0.1533 3.2205, 1.8127 -0.1533 3.2205, 1.8327 -0.1533 3.2179, 1.8329 -0.1533 3.2178, 1.8788 -0.1533 3.1868, 1.8836 -0.1533 3.1793, 1.1066 0.0435 3.0236, 1.8934 0.0435 3.0236, 1.9055 -0.0549 3.0236, 1.0945 -0.0549 3.0236
            ]
        }
        coordIndex [
            0,1,2,-1,2,1,3,-1,4,5,0,-1,0,5,1,-1,6,7,3,-1,3,7,2,-1,7,6,4,-1,4,6,5,-1,8,9,10,-1,11,12,13,-1,14,15,16,-1,17,18,19,-1,20,21,19,-1,19,21,22,-1,19,22,17,-1,17,22,23,-1,17,23,24,-1,25,26,27,-1,27,26,28,-1,27,28,20,-1,20,28,29,-1,20,29,21,-1,16,15,27,-1,27,15,30,-1,27,30,25,-1,14,16,31,-1,31,16,32,-1,31,32,33,-1,33,32,34,-1,34,32,35,-1,34,35,36,-1,37,38,39,-1,39,38,40,-1,39,40,41,-1,42,43,40,-1,40,43,44,-1,40,44,41,-1,45,46,47,-1,47,46,48,-1,47,48,42,-1,42,48,49,-1,42,49,43,-1,45,47,50,-1,50,47,51,-1,50,51,52,-1,52,51,53,-1,53,51,54,-1,53,54,55,-1,54,56,55,-1,55,56,57,-1,55,57,58,-1,58,57,59,-1,38,60,40,-1,40,60,61,-1,40,61,42,-1,42,61,62,-1,42,62,47,-1,47,62,63,-1,47,63,51,-1,51,63,64,-1,51,64,54,-1,54,64,65,-1,66,67,68,-1,68,67,69,-1,68,69,70,-1,70,69,71,-1,70,71,72,-1,72,71,73,-1,72,73,74,-1,74,73,75,-1,74,75,76,-1,76,75,77,-1,78,79,80,-1,80,79,65,-1,80,65,81,-1,81,65,64,-1,81,64,82,-1,82,64,63,-1,82,63,83,-1,83,63,62,-1,83,62,84,-1,84,62,61,-1,84,61,85,-1,85,61,60,-1,79,86,65,-1,65,86,87,-1,65,87,54,-1,54,87,88,-1,54,88,56,-1,12,78,13,-1,13,78,80,-1,13,80,89,-1,89,80,81,-1,89,81,90,-1,90,81,82,-1,90,82,91,-1,91,82,83,-1,91,83,92,-1,92,83,84,-1,92,84,93,-1,93,84,85,-1,94,11,95,-1,95,11,13,-1,95,13,96,-1,96,13,89,-1,96,89,97,-1,97,89,90,-1,97,90,98,-1,98,90,91,-1,98,91,99,-1,99,91,92,-1,99,92,100,-1,100,92,93,-1,100,101,99,-1,99,101,102,-1,99,102,98,-1,98,102,103,-1,98,103,97,-1,97,103,104,-1,97,104,96,-1,96,104,105,-1,96,105,95,-1,95,105,106,-1,95,106,94,-1,94,106,107,-1,101,66,102,-1,102,66,68,-1,102,68,103,-1,103,68,70,-1,103,70,104,-1,104,70,72,-1,104,72,105,-1,105,72,74,-1,105,74,106,-1,106,74,76,-1,106,76,107,-1,107,76,108,-1,109,110,111,-1,111,110,77,-1,111,77,112,-1,112,77,75,-1,112,75,113,-1,113,75,73,-1,113,73,114,-1,114,73,71,-1,114,71,115,-1,115,71,69,-1,115,69,116,-1,116,69,67,-1,110,117,77,-1,77,117,118,-1,77,118,76,-1,76,118,119,-1,76,119,108,-1,9,109,10,-1,10,109,111,-1,10,111,120,-1,120,111,112,-1,120,112,121,-1,121,112,113,-1,121,113,122,-1,122,113,114,-1,122,114,123,-1,123,114,115,-1,123,115,124,-1,124,115,116,-1,18,8,19,-1,19,8,10,-1,19,10,20,-1,20,10,120,-1,20,120,27,-1,27,120,121,-1,27,121,16,-1,16,121,122,-1,16,122,32,-1,32,122,123,-1,32,123,35,-1,35,123,124,-1,125,126,127,-1,128,129,130,-1,127,131,125,-1,125,131,132,-1,125,132,133,-1,130,129,134,-1,135,129,132,-1,132,129,136,-1,132,136,133,-1,135,137,129,-1,129,137,138,-1,129,138,139,-1,140,130,141,-1,141,130,142,-1,143,144,145,-1,145,144,139,-1,146,147,144,-1,144,147,148,-1,144,148,139,-1,148,149,139,-1,139,149,150,-1,139,150,129,-1,129,150,151,-1,129,151,152,-1,152,153,129,-1,129,153,154,-1,129,154,134,-1,140,155,130,-1,130,155,156,-1,130,156,128,-1,59,157,158,-1,59,158,58,-1,43,158,44,-1,44,158,24,-1,25,30,15,-1,24,23,44,-1,44,23,22,-1,44,22,21,-1,43,49,158,-1,158,49,48,-1,158,48,46,-1,46,45,158,-1,158,45,50,-1,158,50,52,-1,52,53,158,-1,158,53,55,-1,158,55,58,-1,21,29,44,-1,44,29,28,-1,44,28,26,-1,31,33,14,-1,14,33,15,-1,25,15,26,-1,26,15,33,-1,26,33,34,-1,34,36,26,-1,26,36,37,-1,26,37,44,-1,44,37,39,-1,44,39,41,-1,158,157,159,-1,159,157,160,-1,159,160,125,-1,125,160,126,-1,
        ]
    }
}
Shape{
    appearance Appearance {
        material  Material 	{
            diffuseColor 1.0 0.9490196078431372 0.8980392156862745
            specularColor 0.011764705882352941 0.00784313725490196 0.00784313725490196
            ambientIntensity 0.9585
            transparency 0.0
            shininess 0.5
        }
    }
    geometry IndexedFaceSet {
        ccw TRUE
        solid FALSE
        coord DEF co Coordinate {
            point [
                1.5283 -1.0242 0.0039, 1.5283 -1.0242 0.0, 1.5374 -1.0664 0.0039, 1.5374 -1.0664 0.0, 1.5241 -1.0027 0.0039, 1.5241 -1.0027 0.0, 1.5224 -0.9959 0.0039, 1.5224 -0.9959 0.0, 1.5233 -0.9997 0.0, 1.522 -0.9949 0.0039, 1.522 -0.9949 0.0, 1.5217 -0.9942 0.0039, 1.5217 -0.9942 0.0, 1.5214 -0.9938 0.0039, 1.5214 -0.9938 0.0, 1.5211 -0.9935 0.0039, 1.5211 -0.9935 0.0, 1.5209 -0.9933 0.0039, 1.5209 -0.9933 0.0, 1.5206 -0.9932 0.0039, 1.5206 -0.9932 0.0, 1.5204 -0.9932 0.0039, 1.5204 -0.9932 0.0, 1.5202 -0.9932 0.0039, 1.5202 -0.9932 0.0, 1.52 -0.9932 0.0039, 1.52 -0.9932 0.0, 1.5198 -0.9934 0.0039, 1.5198 -0.9934 0.0, 1.5196 -0.9936 0.0039, 1.5196 -0.9936 0.0, 1.5195 -0.9938 0.0039, 1.5195 -0.9938 0.0, 1.5193 -0.9946 0.0039, 1.5193 -0.9946 0.0, 1.5188 -0.9981 0.0039, 1.5188 -0.9981 0.0, 1.5186 -0.9997 0.0, 1.5184 -1.0015 0.0039, 1.5184 -1.0015 0.0, 1.517 -1.0134 0.0039, 1.517 -1.0134 0.0, 1.5166 -1.0189 0.0039, 1.5166 -1.0189 0.0, 1.5167 -1.0215 0.0039, 1.5167 -1.0215 0.0, 1.5173 -1.0231 0.0039, 1.5173 -1.0231 0.0, 1.5179 -1.0242 0.0039, 1.5179 -1.0242 0.0, 1.5193 -1.0267 0.0039, 1.5193 -1.0267 0.0, 1.523 -1.0391 0.0039, 1.523 -1.0391 0.0, 1.5261 -1.0517 0.0039, 1.5261 -1.0517 0.0, 1.5546 -1.1839 0.0, 1.5552 -1.1867 0.0039, 1.5552 -1.1867 0.0, 1.5592 -1.1867 0.0039, 1.5592 -1.1867 0.0, 1.5866 -1.0653 0.0039, 1.5866 -1.0653 0.0, 1.5598 -1.1839 0.0, 1.59 -1.0511 0.0039, 1.59 -1.0511 0.0, 1.5915 -1.0444 0.0039, 1.5915 -1.0444 0.0, 1.5934 -1.0378 0.0039, 1.5934 -1.0378 0.0, 1.5954 -1.0324 0.0039, 1.5954 -1.0324 0.0, 1.5972 -1.0274 0.0039, 1.5972 -1.0274 0.0, 1.5984 -1.0256 0.0039, 1.5984 -1.0256 0.0, 1.5993 -1.0245 0.0039, 1.5993 -1.0245 0.0, 1.5996 -1.0241 0.0039, 1.5996 -1.0241 0.0, 1.5998 -1.0238 0.0039, 1.5998 -1.0238 0.0, 1.5998 -1.0235 0.0039, 1.5998 -1.0235 0.0, 1.5998 -1.0224 0.0039, 1.5998 -1.0224 0.0, 1.5994 -1.0158 0.0039, 1.5994 -1.0158 0.0, 1.5994 -1.0157 0.0039, 1.5994 -1.0157 0.0, 1.5983 -1.003 0.0039, 1.5983 -1.003 0.0, 1.5979 -0.9997 0.0, 1.5977 -0.9981 0.0039, 1.5977 -0.9981 0.0, 1.5976 -0.9967 0.0039, 1.5976 -0.9967 0.0, 1.5974 -0.9956 0.0039, 1.5974 -0.9956 0.0, 1.5973 -0.9949 0.0039, 1.5973 -0.9949 0.0, 1.5971 -0.9944 0.0039, 1.5971 -0.9944 0.0, 1.597 -0.9941 0.0039, 1.597 -0.9941 0.0, 1.5969 -0.9939 0.0039, 1.5969 -0.9939 0.0, 1.5967 -0.9937 0.0039, 1.5967 -0.9937 0.0, 1.5965 -0.9936 0.0039, 1.5965 -0.9936 0.0, 1.5963 -0.9936 0.0039, 1.5963 -0.9936 0.0, 1.596 -0.9936 0.0039, 1.596 -0.9936 0.0, 1.5958 -0.9936 0.0039, 1.5958 -0.9936 0.0, 1.5955 -0.9938 0.0039, 1.5955 -0.9938 0.0, 1.5952 -0.994 0.0039, 1.5952 -0.994 0.0, 1.595 -0.9943 0.0039, 1.595 -0.9943 0.0, 1.5948 -0.9948 0.0039, 1.5948 -0.9948 0.0, 1.5946 -0.9956 0.0039, 1.5946 -0.9956 0.0, 1.5926 -1.0069 0.0039, 1.5926 -1.0069 0.0, 1.5938 -0.9997 0.0, 1.5759 -1.0757 0.0039, 1.5759 -1.0757 0.0, 1.5572 -1.1595 0.0039, 1.5388 -1.0763 0.0039, 1.5753 -1.08 0.0039, 1.5677 -1.0873 0.0039, 1.5606 -1.0825 0.0039, 1.5582 -1.0812 0.0039, 1.5499 -1.0786 0.0039, 1.5388 -1.0763 0.0, 1.5572 -1.1595 0.0, 1.5499 -1.0786 0.0, 1.5582 -1.0812 0.0, 1.5606 -1.0825 0.0, 1.5677 -1.0873 0.0, 1.5753 -1.08 0.0, 1.4147 -1.1689 0.0039, 1.4147 -1.1689 0.0, 1.4198 -1.1646 0.0039, 1.4198 -1.1646 0.0, 1.4135 -1.1699 0.0039, 1.4135 -1.1699 0.0, 1.4127 -1.1708 0.0039, 1.4127 -1.1708 0.0, 1.4122 -1.1719 0.0039, 1.4122 -1.1719 0.0, 1.4121 -1.1725 0.0039, 1.4121 -1.1725 0.0, 1.4121 -1.1732 0.0039, 1.4121 -1.1732 0.0, 1.4123 -1.1739 0.0039, 1.4123 -1.1739 0.0, 1.4125 -1.1744 0.0039, 1.4125 -1.1744 0.0, 1.4129 -1.1748 0.0039, 1.4129 -1.1748 0.0, 1.4133 -1.1751 0.0039, 1.4133 -1.1751 0.0, 1.4184 -1.1742 0.0039, 1.4184 -1.1742 0.0, 1.4243 -1.1742 0.0039, 1.4243 -1.1742 0.0, 1.4267 -1.1747 0.0039, 1.4267 -1.1747 0.0, 1.4291 -1.1751 0.0039, 1.4291 -1.1751 0.0, 1.4351 -1.1757 0.0039, 1.4351 -1.1757 0.0, 1.4458 -1.1788 0.0039, 1.4458 -1.1788 0.0, 1.452 -1.18 0.0039, 1.452 -1.18 0.0, 1.4583 -1.1805 0.0039, 1.4583 -1.1805 0.0, 1.4671 -1.1799 0.0039, 1.4671 -1.1799 0.0, 1.4734 -1.1784 0.0039, 1.4734 -1.1784 0.0, 1.4787 -1.1757 0.0039, 1.4787 -1.1757 0.0, 1.4833 -1.1715 0.0039, 1.4833 -1.1715 0.0, 1.4879 -1.165 0.0039, 1.4879 -1.165 0.0, 1.4922 -1.1534 0.0039, 1.4922 -1.1534 0.0, 1.4964 -1.1217 0.0039, 1.4964 -1.1217 0.0, 1.4977 -1.0825 0.0039, 1.4977 -1.0825 0.0, 1.4948 -1.0491 0.0039, 1.4948 -1.0491 0.0, 1.4894 -1.0304 0.0039, 1.4894 -1.0304 0.0, 1.4835 -1.0199 0.0039, 1.4835 -1.0199 0.0, 1.4786 -1.014 0.0039, 1.4786 -1.014 0.0, 1.4731 -1.0099 0.0039, 1.4731 -1.0099 0.0, 1.4678 -1.0078 0.0039, 1.4678 -1.0078 0.0, 1.4473 -1.0046 0.0039, 1.4473 -1.0046 0.0, 1.4348 -1.0032 0.0039, 1.4348 -1.0032 0.0, 1.4302 -1.002 0.0039, 1.4302 -1.002 0.0, 1.4272 -1.0002 0.0039, 1.4272 -1.0002 0.0, 1.4264 -0.9997 0.0, 1.4263 -0.9996 0.0039, 1.4263 -0.9996 0.0, 1.426 -0.9996 0.0039, 1.426 -0.9996 0.0, 1.4253 -0.9996 0.0, 1.4253 -0.9996 0.0039, 1.425 -0.9997 0.0, 1.4247 -0.9998 0.0039, 1.4247 -0.9998 0.0, 1.4229 -1.0012 0.0039, 1.4229 -1.0012 0.0, 1.4188 -1.0049 0.0039, 1.4188 -1.0049 0.0, 1.4175 -1.0064 0.0039, 1.4175 -1.0064 0.0, 1.4141 -1.01 0.0039, 1.4141 -1.01 0.0, 1.4134 -1.0108 0.0039, 1.4134 -1.0108 0.0, 1.4129 -1.0114 0.0039, 1.4129 -1.0114 0.0, 1.4126 -1.0119 0.0039, 1.4126 -1.0119 0.0, 1.4124 -1.0122 0.0039, 1.4124 -1.0122 0.0, 1.4123 -1.0125 0.0039, 1.4123 -1.0125 0.0, 1.4123 -1.0128 0.0039, 1.4123 -1.0128 0.0, 1.4124 -1.0132 0.0039, 1.4124 -1.0132 0.0, 1.4126 -1.0138 0.0039, 1.4126 -1.0138 0.0, 1.4127 -1.014 0.0039, 1.4127 -1.014 0.0, 1.4129 -1.0141 0.0039, 1.4129 -1.0141 0.0, 1.413 -1.0142 0.0039, 1.413 -1.0142 0.0, 1.4133 -1.0143 0.0039, 1.4133 -1.0143 0.0, 1.414 -1.0144 0.0039, 1.414 -1.0144 0.0, 1.415 -1.0143 0.0039, 1.415 -1.0143 0.0, 1.4189 -1.0143 0.0039, 1.4189 -1.0143 0.0, 1.4235 -1.0143 0.0039, 1.4235 -1.0143 0.0, 1.4235 -1.1627 0.0039, 1.4235 -1.1627 0.0, 1.4216 -1.1635 0.0039, 1.4216 -1.1635 0.0, 1.4314 -1.1646 0.0039, 1.4314 -1.0148 0.0039, 1.4677 -1.019 0.0039, 1.4614 -1.0174 0.0039, 1.4526 -1.0163 0.0039, 1.4402 -1.0148 0.0039, 1.4723 -1.021 0.0039, 1.4358 -1.0147 0.0039, 1.4368 -1.1669 0.0039, 1.4488 -1.1697 0.0039, 1.4611 -1.1706 0.0039, 1.4686 -1.1691 0.0039, 1.4891 -1.0657 0.0039, 1.4846 -1.0406 0.0039, 1.479 -1.028 0.0039, 1.4757 -1.0237 0.0039, 1.4741 -1.167 0.0039, 1.4774 -1.1646 0.0039, 1.4808 -1.1605 0.0039, 1.484 -1.1544 0.0039, 1.4864 -1.1459 0.0039, 1.4897 -1.1074 0.0039, 1.4526 -1.0163 0.0, 1.4402 -1.0148 0.0, 1.4614 -1.0174 0.0, 1.4677 -1.019 0.0, 1.4723 -1.021 0.0, 1.4757 -1.0237 0.0, 1.479 -1.028 0.0, 1.4846 -1.0406 0.0, 1.4891 -1.0657 0.0, 1.4897 -1.1074 0.0, 1.4864 -1.1459 0.0, 1.484 -1.1544 0.0, 1.4808 -1.1605 0.0, 1.4774 -1.1646 0.0, 1.4741 -1.167 0.0, 1.4686 -1.1691 0.0, 1.4611 -1.1706 0.0, 1.4488 -1.1697 0.0, 1.4368 -1.1669 0.0, 1.4314 -1.1646 0.0, 1.4314 -1.0148 0.0, 1.4358 -1.0147 0.0, 1.3535 -1.104 0.0039, 1.3535 -1.104 0.0, 1.3297 -1.1009 0.0039, 1.3297 -1.1009 0.0, 1.3633 -1.106 0.0039, 1.3633 -1.106 0.0, 1.3696 -1.1082 0.0039, 1.3696 -1.1082 0.0, 1.3724 -1.11 0.0039, 1.3724 -1.11 0.0, 1.375 -1.1114 0.0039, 1.375 -1.1114 0.0, 1.3832 -1.1032 0.0039, 1.3832 -1.1032 0.0, 1.3838 -1.1024 0.0039, 1.3838 -1.1024 0.0, 1.3842 -1.1018 0.0039, 1.3842 -1.1018 0.0, 1.3844 -1.1012 0.0039, 1.3844 -1.1012 0.0, 1.3845 -1.1007 0.0039, 1.3845 -1.1007 0.0, 1.3844 -1.1003 0.0039, 1.3844 -1.1003 0.0, 1.3843 -1.0998 0.0039, 1.3843 -1.0998 0.0, 1.3839 -1.0992 0.0039, 1.3839 -1.0992 0.0, 1.3835 -1.0989 0.0039, 1.3835 -1.0989 0.0, 1.383 -1.0986 0.0039, 1.383 -1.0986 0.0, 1.3825 -1.0984 0.0039, 1.3825 -1.0984 0.0, 1.3818 -1.0983 0.0039, 1.3818 -1.0983 0.0, 1.3297 -1.091 0.0039, 1.3297 -1.091 0.0, 1.3297 -1.0143 0.0039, 1.3297 -1.0143 0.0, 1.3719 -1.0202 0.0039, 1.3719 -1.0202 0.0, 1.376 -1.0213 0.0039, 1.376 -1.0213 0.0, 1.3798 -1.0231 0.0039, 1.3798 -1.0231 0.0, 1.3823 -1.0245 0.0039, 1.3823 -1.0245 0.0, 1.3903 -1.0157 0.0039, 1.3903 -1.0157 0.0, 1.3911 -1.0145 0.0039, 1.3911 -1.0145 0.0, 1.3914 -1.0138 0.0039, 1.3914 -1.0138 0.0, 1.3914 -1.0134 0.0039, 1.3914 -1.0134 0.0, 1.3914 -1.013 0.0039, 1.3914 -1.013 0.0, 1.3913 -1.0125 0.0039, 1.3913 -1.0125 0.0, 1.391 -1.012 0.0039, 1.391 -1.012 0.0, 1.3908 -1.0117 0.0039, 1.3908 -1.0117 0.0, 1.3906 -1.0115 0.0039, 1.3906 -1.0115 0.0, 1.3903 -1.0114 0.0039, 1.3903 -1.0114 0.0, 1.3902 -1.0113 0.0039, 1.3902 -1.0113 0.0, 1.3895 -1.0112 0.0039, 1.3895 -1.0112 0.0, 1.3886 -1.0111 0.0039, 1.3886 -1.0111 0.0, 1.3843 -1.0109 0.0039, 1.3843 -1.0109 0.0, 1.3629 -1.0083 0.0039, 1.3629 -1.0083 0.0, 1.3416 -1.0049 0.0039, 1.3416 -1.0049 0.0, 1.3286 -1.0027 0.0039, 1.3286 -1.0027 0.0, 1.3254 -1.0015 0.0039, 1.3254 -1.0015 0.0, 1.3234 -1.001 0.0039, 1.3234 -1.001 0.0, 1.322 -1.001 0.0039, 1.322 -1.001 0.0, 1.3212 -1.0011 0.0039, 1.3212 -1.0011 0.0, 1.3206 -1.0014 0.0039, 1.3206 -1.0014 0.0, 1.3198 -1.0019 0.0039, 1.3198 -1.0019 0.0, 1.3193 -1.0027 0.0039, 1.3193 -1.0027 0.0, 1.319 -1.0033 0.0039, 1.319 -1.0033 0.0, 1.3188 -1.0044 0.0039, 1.3188 -1.0044 0.0, 1.3188 -1.006 0.0039, 1.3188 -1.006 0.0, 1.3189 -1.0066 0.0039, 1.3189 -1.0066 0.0, 1.3207 -1.0138 0.0039, 1.3207 -1.0138 0.0, 1.3215 -1.0211 0.0039, 1.3215 -1.0211 0.0, 1.3215 -1.0265 0.0039, 1.3215 -1.0265 0.0, 1.3216 -1.03 0.0039, 1.3216 -1.03 0.0, 1.3218 -1.0335 0.0039, 1.3218 -1.0335 0.0, 1.3215 -1.1632 0.0039, 1.3215 -1.1632 0.0, 1.3183 -1.167 0.0039, 1.3183 -1.167 0.0, 1.3163 -1.1693 0.0039, 1.3163 -1.1693 0.0, 1.3152 -1.171 0.0039, 1.3152 -1.171 0.0, 1.3148 -1.1719 0.0039, 1.3148 -1.1719 0.0, 1.3145 -1.1733 0.0039, 1.3145 -1.1733 0.0, 1.3145 -1.1742 0.0039, 1.3145 -1.1742 0.0, 1.3145 -1.1748 0.0039, 1.3145 -1.1748 0.0, 1.3145 -1.175 0.0039, 1.3145 -1.175 0.0, 1.3146 -1.1753 0.0039, 1.3146 -1.1753 0.0, 1.3147 -1.1754 0.0039, 1.3147 -1.1754 0.0, 1.3148 -1.1755 0.0039, 1.3148 -1.1755 0.0, 1.315 -1.1756 0.0039, 1.315 -1.1756 0.0, 1.3154 -1.1757 0.0039, 1.3154 -1.1757 0.0, 1.3161 -1.1757 0.0039, 1.3161 -1.1757 0.0, 1.3169 -1.1757 0.0039, 1.3169 -1.1757 0.0, 1.3223 -1.1748 0.0039, 1.3223 -1.1748 0.0, 1.3271 -1.1742 0.0039, 1.3271 -1.1742 0.0, 1.3319 -1.1742 0.0039, 1.3319 -1.1742 0.0, 1.3328 -1.1742 0.0039, 1.3328 -1.1742 0.0, 1.3383 -1.1744 0.0039, 1.3383 -1.1744 0.0, 1.3438 -1.1751 0.0039, 1.3438 -1.1751 0.0, 1.3549 -1.1771 0.0039, 1.3549 -1.1771 0.0, 1.3646 -1.179 0.0039, 1.3646 -1.179 0.0, 1.3723 -1.1818 0.0039, 1.3723 -1.1818 0.0, 1.3739 -1.1827 0.0039, 1.3739 -1.1827 0.0, 1.3756 -1.1839 0.0, 1.3764 -1.1844 0.0039, 1.3764 -1.1844 0.0, 1.3769 -1.1839 0.0, 1.3846 -1.1759 0.0039, 1.3846 -1.1759 0.0, 1.3851 -1.175 0.0039, 1.3851 -1.175 0.0, 1.3855 -1.1743 0.0039, 1.3855 -1.1743 0.0, 1.3857 -1.1738 0.0039, 1.3857 -1.1738 0.0, 1.3857 -1.1734 0.0039, 1.3857 -1.1734 0.0, 1.3857 -1.173 0.0039, 1.3857 -1.173 0.0, 1.3856 -1.1726 0.0039, 1.3856 -1.1726 0.0, 1.3853 -1.1723 0.0039, 1.3853 -1.1723 0.0, 1.3849 -1.1719 0.0039, 1.3849 -1.1719 0.0, 1.3844 -1.1716 0.0039, 1.3844 -1.1716 0.0, 1.3839 -1.1715 0.0039, 1.3839 -1.1715 0.0, 1.3832 -1.1714 0.0039, 1.3832 -1.1714 0.0, 1.3787 -1.1708 0.0039, 1.3787 -1.1708 0.0, 1.372 -1.1699 0.0039, 1.372 -1.1699 0.0, 1.3653 -1.1692 0.0039, 1.3653 -1.1692 0.0, 1.3297 -1.1632 0.0039, 1.3297 -1.1632 0.0, 1.2866 -1.1802 0.0039, 1.2866 -1.1802 0.0, 1.2823 -1.1802 0.0039, 1.2823 -1.1802 0.0, 1.2866 -1.1046 0.0039, 1.2866 -1.1046 0.0, 1.2812 -1.1046 0.0039, 1.2812 -1.1046 0.0, 1.2788 -1.1445 0.0039, 1.2788 -1.1445 0.0, 1.2753 -1.1573 0.0039, 1.2753 -1.1573 0.0, 1.2718 -1.1643 0.0039, 1.2718 -1.1643 0.0, 1.2683 -1.1684 0.0039, 1.2683 -1.1684 0.0, 1.2646 -1.1713 0.0039, 1.2646 -1.1713 0.0, 1.2606 -1.173 0.0039, 1.2606 -1.173 0.0, 1.2563 -1.174 0.0039, 1.2563 -1.174 0.0, 1.2504 -1.1736 0.0039, 1.2504 -1.1736 0.0, 1.2453 -1.1719 0.0039, 1.2453 -1.1719 0.0, 1.2405 -1.1689 0.0039, 1.2405 -1.1689 0.0, 1.236 -1.1645 0.0039, 1.236 -1.1645 0.0, 1.2311 -1.1568 0.0039, 1.2311 -1.1568 0.0, 1.2245 -1.1378 0.0039, 1.2245 -1.1378 0.0, 1.2219 -1.123 0.0039, 1.2219 -1.123 0.0, 1.2209 -1.078 0.0039, 1.2209 -1.078 0.0, 1.2279 -1.0375 0.0039, 1.2279 -1.0375 0.0, 1.2322 -1.026 0.0039, 1.2322 -1.026 0.0, 1.2386 -1.0169 0.0039, 1.2386 -1.0169 0.0, 1.2427 -1.0131 0.0039, 1.2427 -1.0131 0.0, 1.2463 -1.011 0.0039, 1.2463 -1.011 0.0, 1.2501 -1.0098 0.0039, 1.2501 -1.0098 0.0, 1.254 -1.0095 0.0039, 1.254 -1.0095 0.0, 1.2604 -1.0099 0.0039, 1.2604 -1.0099 0.0, 1.2666 -1.0123 0.0039, 1.2666 -1.0123 0.0, 1.2717 -1.0158 0.0039, 1.2717 -1.0158 0.0, 1.2758 -1.0206 0.0039, 1.2758 -1.0206 0.0, 1.2795 -1.028 0.0039, 1.2795 -1.028 0.0, 1.2836 -1.0467 0.0039, 1.2836 -1.0467 0.0, 1.2848 -1.0551 0.0039, 1.2848 -1.0551 0.0, 1.2863 -1.07 0.0039, 1.2863 -1.07 0.0, 1.2908 -1.0698 0.0039, 1.2908 -1.0698 0.0, 1.2887 -1.036 0.0039, 1.2887 -1.036 0.0, 1.2854 -1.0233 0.0039, 1.2854 -1.0233 0.0, 1.2806 -1.0135 0.0039, 1.2806 -1.0135 0.0, 1.2769 -1.0088 0.0039, 1.2769 -1.0088 0.0, 1.2715 -1.0044 0.0039, 1.2715 -1.0044 0.0, 1.2646 -1.0013 0.0039, 1.2646 -1.0013 0.0, 1.258 -1.0001 0.0039, 1.258 -1.0001 0.0, 1.2507 -1.0004 0.0039, 1.2507 -1.0004 0.0, 1.2432 -1.0027 0.0039, 1.2432 -1.0027 0.0, 1.2367 -1.0065 0.0039, 1.2367 -1.0065 0.0, 1.2319 -1.0113 0.0039, 1.2319 -1.0113 0.0, 1.2255 -1.0219 0.0039, 1.2255 -1.0219 0.0, 1.2176 -1.0456 0.0039, 1.2176 -1.0456 0.0, 1.2145 -1.0648 0.0039, 1.2145 -1.0648 0.0, 1.2144 -1.1219 0.0039, 1.2144 -1.1219 0.0, 1.2212 -1.1526 0.0039, 1.2212 -1.1526 0.0, 1.2272 -1.1661 0.0039, 1.2272 -1.1661 0.0, 1.233 -1.1736 0.0039, 1.233 -1.1736 0.0, 1.2418 -1.1804 0.0039, 1.2418 -1.1804 0.0, 1.246 -1.1824 0.0039, 1.246 -1.1824 0.0, 1.25 -1.1832 0.0039, 1.25 -1.1832 0.0, 1.254 -1.1833 0.0039, 1.254 -1.1833 0.0, 1.2623 -1.1811 0.0039, 1.2623 -1.1811 0.0, 1.2689 -1.1775 0.0039, 1.2689 -1.1775 0.0, 1.2745 -1.1724 0.0039, 1.2745 -1.1724 0.0, 1.2778 -1.168 0.0039, 1.2778 -1.168 0.0, 1.2803 -1.1635 0.0039, 1.2803 -1.1635 0.0, 1.1422 -1.1751 0.0039, 1.1422 -1.1751 0.0, 1.1297 -1.1907 0.0039, 1.1352 -1.1839 0.0, 1.1297 -1.1907 0.0, 1.1393 -1.1689 0.0039, 1.1393 -1.1689 0.0, 1.138 -1.1609 0.0039, 1.138 -1.1609 0.0, 1.138 -1.1572 0.0039, 1.138 -1.1572 0.0, 1.138 -1.0129 0.0039, 1.138 -1.0129 0.0, 1.1597 -1.0147 0.0039, 1.1597 -1.0147 0.0, 1.1701 -1.0163 0.0039, 1.1701 -1.0163 0.0, 1.1736 -1.0171 0.0039, 1.1736 -1.0171 0.0, 1.1757 -1.0181 0.0039, 1.1757 -1.0181 0.0, 1.1783 -1.0203 0.0039, 1.1783 -1.0203 0.0, 1.1792 -1.0209 0.0039, 1.1792 -1.0209 0.0, 1.1801 -1.0213 0.0039, 1.1801 -1.0213 0.0, 1.1867 -1.0155 0.0039, 1.1867 -1.0155 0.0, 1.1898 -1.0127 0.0039, 1.1898 -1.0127 0.0, 1.1909 -1.0115 0.0039, 1.1909 -1.0115 0.0, 1.1914 -1.0106 0.0039, 1.1914 -1.0106 0.0, 1.1916 -1.0097 0.0039, 1.1916 -1.0097 0.0, 1.1917 -1.0086 0.0039, 1.1917 -1.0086 0.0, 1.1914 -1.008 0.0039, 1.1914 -1.008 0.0, 1.1912 -1.0077 0.0039, 1.1912 -1.0077 0.0, 1.1908 -1.0075 0.0039, 1.1908 -1.0075 0.0, 1.1901 -1.0072 0.0039, 1.1901 -1.0072 0.0, 1.189 -1.0071 0.0039, 1.189 -1.0071 0.0, 1.184 -1.007 0.0039, 1.184 -1.007 0.0, 1.1769 -1.0059 0.0039, 1.1769 -1.0059 0.0, 1.1582 -1.004 0.0039, 1.1582 -1.004 0.0, 1.1521 -1.0035 0.0039, 1.1521 -1.0035 0.0, 1.1402 -1.0024 0.0039, 1.1402 -1.0024 0.0, 1.1337 -1.0018 0.0039, 1.1337 -1.0018 0.0, 1.1322 -1.0014 0.0039, 1.1322 -1.0014 0.0, 1.1314 -1.0013 0.0039, 1.1314 -1.0013 0.0, 1.1309 -1.0014 0.0039, 1.1309 -1.0014 0.0, 1.1304 -1.0016 0.0039, 1.1304 -1.0016 0.0, 1.1301 -1.0018 0.0039, 1.1301 -1.0018 0.0, 1.1297 -1.0023 0.0039, 1.1297 -1.0023 0.0, 1.1293 -1.0031 0.0039, 1.1293 -1.0031 0.0, 1.1291 -1.0038 0.0039, 1.1291 -1.0038 0.0, 1.1291 -1.0054 0.0039, 1.1291 -1.0054 0.0, 1.1299 -1.0123 0.0039, 1.1299 -1.0123 0.0, 1.13 -1.014 0.0039, 1.13 -1.014 0.0, 1.1306 -1.0307 0.0039, 1.1306 -1.0307 0.0, 1.1306 -1.1581 0.0039, 1.1306 -1.1581 0.0, 1.1304 -1.1719 0.0, 1.1304 -1.1719 0.0039, 1.1286 -1.1839 0.0, 1.1283 -1.1856 0.0039, 1.1283 -1.1856 0.0, 1.1278 -1.1884 0.0039, 1.1278 -1.1884 0.0
            ]
        }
        coordIndex [
            0,1,2,-1,2,1,3,-1,4,5,0,-1,0,5,1,-1,6,7,4,-1,4,7,8,-1,4,8,5,-1,7,6,9,-1,7,9,10,-1,10,9,11,-1,10,11,12,-1,12,11,13,-1,12,13,14,-1,14,13,15,-1,14,15,16,-1,16,15,17,-1,16,17,18,-1,18,17,19,-1,18,19,20,-1,20,19,21,-1,20,21,22,-1,22,21,23,-1,22,23,24,-1,24,23,25,-1,24,25,26,-1,26,25,27,-1,26,27,28,-1,28,27,29,-1,28,29,30,-1,30,29,31,-1,30,31,32,-1,32,31,33,-1,32,33,34,-1,34,33,35,-1,34,35,36,-1,36,35,37,-1,37,35,38,-1,37,38,39,-1,40,41,38,-1,38,41,39,-1,41,40,42,-1,41,42,43,-1,43,42,44,-1,43,44,45,-1,45,44,46,-1,45,46,47,-1,47,46,48,-1,47,48,49,-1,50,51,48,-1,48,51,49,-1,51,50,52,-1,51,52,53,-1,53,52,54,-1,53,54,55,-1,55,54,56,-1,56,54,57,-1,56,57,58,-1,59,60,57,-1,57,60,58,-1,61,62,59,-1,59,62,63,-1,59,63,60,-1,64,65,61,-1,61,65,62,-1,65,64,66,-1,65,66,67,-1,67,66,68,-1,67,68,69,-1,70,71,68,-1,68,71,69,-1,71,70,72,-1,71,72,73,-1,73,72,74,-1,73,74,75,-1,75,74,76,-1,75,76,77,-1,77,76,78,-1,77,78,79,-1,79,78,80,-1,79,80,81,-1,81,80,82,-1,81,82,83,-1,83,82,84,-1,83,84,85,-1,85,84,86,-1,85,86,87,-1,87,86,88,-1,87,88,89,-1,90,91,88,-1,88,91,89,-1,91,90,92,-1,92,90,93,-1,92,93,94,-1,94,93,95,-1,94,95,96,-1,96,95,97,-1,96,97,98,-1,98,97,99,-1,98,99,100,-1,100,99,101,-1,100,101,102,-1,102,101,103,-1,102,103,104,-1,104,103,105,-1,104,105,106,-1,106,105,107,-1,106,107,108,-1,108,107,109,-1,108,109,110,-1,110,109,111,-1,110,111,112,-1,112,111,113,-1,112,113,114,-1,114,113,115,-1,114,115,116,-1,116,115,117,-1,116,117,118,-1,118,117,119,-1,118,119,120,-1,120,119,121,-1,120,121,122,-1,122,121,123,-1,122,123,124,-1,124,123,125,-1,124,125,126,-1,127,128,125,-1,125,128,129,-1,125,129,126,-1,130,131,127,-1,127,131,128,-1,130,2,131,-1,131,2,3,-1,132,57,133,-1,133,57,54,-1,6,4,35,-1,130,134,135,-1,74,72,127,-1,127,72,70,-1,135,136,130,-1,130,136,137,-1,130,137,2,-1,2,137,138,-1,52,0,54,-1,54,0,2,-1,54,2,133,-1,133,2,138,-1,70,68,127,-1,127,68,66,-1,127,66,130,-1,130,66,64,-1,130,64,134,-1,134,64,61,-1,134,61,132,-1,132,61,59,-1,132,59,57,-1,0,40,4,-1,4,40,38,-1,4,38,35,-1,97,95,125,-1,125,95,93,-1,125,93,127,-1,127,93,90,-1,90,88,127,-1,127,88,86,-1,127,86,74,-1,74,86,84,-1,74,84,76,-1,52,50,0,-1,0,50,48,-1,0,48,46,-1,33,11,35,-1,35,11,9,-1,35,9,6,-1,46,44,0,-1,0,44,42,-1,0,42,40,-1,82,80,84,-1,84,80,78,-1,84,78,76,-1,121,103,123,-1,123,103,101,-1,123,101,125,-1,125,101,99,-1,125,99,97,-1,121,119,103,-1,103,119,117,-1,103,117,105,-1,31,15,33,-1,33,15,13,-1,33,13,11,-1,31,29,15,-1,15,29,27,-1,15,27,25,-1,19,17,21,-1,21,17,15,-1,21,15,23,-1,23,15,25,-1,113,111,115,-1,115,111,109,-1,115,109,117,-1,117,109,107,-1,117,107,105,-1,133,139,132,-1,132,139,140,-1,139,133,138,-1,139,138,141,-1,141,138,137,-1,141,137,142,-1,142,137,136,-1,142,136,143,-1,135,144,136,-1,136,144,143,-1,134,145,135,-1,135,145,144,-1,140,145,132,-1,132,145,134,-1,146,147,148,-1,148,147,149,-1,147,146,150,-1,147,150,151,-1,151,150,152,-1,151,152,153,-1,153,152,154,-1,153,154,155,-1,155,154,156,-1,155,156,157,-1,157,156,158,-1,157,158,159,-1,159,158,160,-1,159,160,161,-1,161,160,162,-1,161,162,163,-1,163,162,164,-1,163,164,165,-1,165,164,166,-1,165,166,167,-1,168,169,166,-1,166,169,167,-1,170,171,168,-1,168,171,169,-1,171,170,172,-1,171,172,173,-1,173,172,174,-1,173,174,175,-1,176,177,174,-1,174,177,175,-1,178,179,176,-1,176,179,177,-1,179,178,180,-1,179,180,181,-1,181,180,182,-1,181,182,183,-1,183,182,184,-1,183,184,185,-1,185,184,186,-1,185,186,187,-1,187,186,188,-1,187,188,189,-1,189,188,190,-1,189,190,191,-1,191,190,192,-1,191,192,193,-1,193,192,194,-1,193,194,195,-1,195,194,196,-1,195,196,197,-1,197,196,198,-1,197,198,199,-1,199,198,200,-1,199,200,201,-1,201,200,202,-1,201,202,203,-1,203,202,204,-1,203,204,205,-1,205,204,206,-1,205,206,207,-1,207,206,208,-1,207,208,209,-1,209,208,210,-1,209,210,211,-1,211,210,212,-1,211,212,213,-1,214,215,212,-1,212,215,213,-1,215,214,216,-1,215,216,217,-1,217,216,218,-1,217,218,219,-1,219,218,220,-1,220,218,221,-1,220,221,222,-1,222,221,223,-1,222,223,224,-1,225,224,226,-1,226,224,223,-1,225,226,227,-1,227,226,228,-1,227,228,229,-1,229,228,230,-1,229,230,231,-1,231,230,232,-1,231,232,233,-1,233,232,234,-1,233,234,235,-1,236,237,234,-1,234,237,235,-1,237,236,238,-1,237,238,239,-1,239,238,240,-1,239,240,241,-1,241,240,242,-1,241,242,243,-1,243,242,244,-1,243,244,245,-1,245,244,246,-1,245,246,247,-1,247,246,248,-1,247,248,249,-1,249,248,250,-1,249,250,251,-1,251,250,252,-1,251,252,253,-1,253,252,254,-1,253,254,255,-1,255,254,256,-1,255,256,257,-1,257,256,258,-1,257,258,259,-1,259,258,260,-1,259,260,261,-1,261,260,262,-1,261,262,263,-1,263,262,264,-1,263,264,265,-1,266,267,264,-1,264,267,265,-1,268,269,266,-1,266,269,267,-1,270,271,268,-1,268,271,269,-1,271,270,272,-1,271,272,273,-1,273,272,148,-1,273,148,149,-1,242,240,264,-1,170,168,274,-1,168,166,146,-1,146,166,164,-1,146,164,150,-1,146,148,168,-1,168,148,272,-1,168,272,274,-1,274,272,270,-1,274,270,275,-1,276,277,232,-1,232,277,278,-1,232,278,279,-1,240,238,264,-1,264,238,236,-1,264,236,266,-1,266,236,234,-1,266,234,268,-1,268,234,232,-1,232,230,276,-1,276,230,216,-1,276,216,280,-1,270,268,275,-1,275,268,232,-1,275,232,281,-1,281,232,279,-1,282,283,178,-1,178,283,180,-1,180,283,284,-1,180,284,182,-1,258,256,254,-1,178,176,282,-1,282,176,174,-1,282,174,274,-1,274,174,172,-1,274,172,170,-1,182,284,184,-1,184,284,285,-1,184,285,186,-1,264,250,248,-1,162,154,164,-1,164,154,152,-1,164,152,150,-1,162,160,154,-1,154,160,158,-1,154,158,156,-1,286,287,202,-1,250,264,252,-1,252,264,262,-1,252,262,254,-1,254,262,260,-1,254,260,258,-1,248,246,264,-1,264,246,244,-1,264,244,242,-1,226,223,228,-1,228,223,221,-1,228,221,230,-1,230,221,218,-1,230,218,216,-1,202,287,204,-1,216,214,280,-1,280,214,212,-1,280,212,210,-1,287,288,204,-1,204,288,289,-1,204,289,206,-1,206,289,280,-1,206,280,208,-1,208,280,210,-1,186,285,188,-1,188,285,290,-1,188,290,190,-1,190,290,291,-1,190,291,192,-1,192,291,292,-1,192,292,194,-1,292,293,194,-1,194,293,294,-1,194,294,196,-1,196,294,295,-1,196,295,198,-1,198,295,286,-1,198,286,200,-1,200,286,202,-1,278,296,279,-1,279,296,297,-1,296,278,277,-1,296,277,298,-1,298,277,276,-1,298,276,299,-1,299,276,280,-1,299,280,300,-1,300,280,289,-1,300,289,301,-1,301,289,288,-1,301,288,302,-1,302,288,287,-1,302,287,303,-1,303,287,286,-1,303,286,304,-1,304,286,295,-1,304,295,305,-1,305,295,294,-1,305,294,306,-1,306,294,293,-1,306,293,307,-1,307,293,292,-1,307,292,308,-1,308,292,291,-1,308,291,309,-1,309,291,290,-1,309,290,310,-1,310,290,285,-1,310,285,311,-1,311,285,284,-1,311,284,312,-1,312,284,283,-1,312,283,313,-1,313,283,282,-1,313,282,314,-1,274,315,282,-1,282,315,314,-1,275,316,274,-1,274,316,315,-1,316,275,281,-1,316,281,317,-1,317,281,279,-1,317,279,297,-1,318,319,320,-1,320,319,321,-1,319,318,322,-1,319,322,323,-1,323,322,324,-1,323,324,325,-1,325,324,326,-1,325,326,327,-1,328,329,326,-1,326,329,327,-1,330,331,328,-1,328,331,329,-1,331,330,332,-1,331,332,333,-1,333,332,334,-1,333,334,335,-1,335,334,336,-1,335,336,337,-1,337,336,338,-1,337,338,339,-1,339,338,340,-1,339,340,341,-1,341,340,342,-1,341,342,343,-1,343,342,344,-1,343,344,345,-1,345,344,346,-1,345,346,347,-1,347,346,348,-1,347,348,349,-1,349,348,350,-1,349,350,351,-1,351,350,352,-1,351,352,353,-1,354,355,352,-1,352,355,353,-1,356,357,354,-1,354,357,355,-1,358,359,356,-1,356,359,357,-1,359,358,360,-1,359,360,361,-1,361,360,362,-1,361,362,363,-1,364,365,362,-1,362,365,363,-1,366,367,364,-1,364,367,365,-1,367,366,368,-1,367,368,369,-1,369,368,370,-1,369,370,371,-1,371,370,372,-1,371,372,373,-1,373,372,374,-1,373,374,375,-1,375,374,376,-1,375,376,377,-1,377,376,378,-1,377,378,379,-1,379,378,380,-1,379,380,381,-1,381,380,382,-1,381,382,383,-1,383,382,384,-1,383,384,385,-1,385,384,386,-1,385,386,387,-1,387,386,388,-1,387,388,389,-1,389,388,390,-1,389,390,391,-1,392,393,390,-1,390,393,391,-1,393,392,394,-1,393,394,395,-1,395,394,396,-1,395,396,397,-1,398,399,396,-1,396,399,397,-1,399,398,400,-1,399,400,401,-1,401,400,402,-1,401,402,403,-1,403,402,404,-1,403,404,405,-1,405,404,406,-1,405,406,407,-1,407,406,408,-1,407,408,409,-1,409,408,410,-1,409,410,411,-1,411,410,412,-1,411,412,413,-1,413,412,414,-1,413,414,415,-1,415,414,416,-1,415,416,417,-1,417,416,418,-1,417,418,419,-1,419,418,420,-1,419,420,421,-1,421,420,422,-1,421,422,423,-1,423,422,424,-1,423,424,425,-1,426,427,424,-1,424,427,425,-1,427,426,428,-1,427,428,429,-1,429,428,430,-1,429,430,431,-1,432,433,430,-1,430,433,431,-1,433,432,434,-1,433,434,435,-1,435,434,436,-1,435,436,437,-1,437,436,438,-1,437,438,439,-1,439,438,440,-1,439,440,441,-1,441,440,442,-1,441,442,443,-1,443,442,444,-1,443,444,445,-1,445,444,446,-1,445,446,447,-1,447,446,448,-1,447,448,449,-1,449,448,450,-1,449,450,451,-1,451,450,452,-1,451,452,453,-1,453,452,454,-1,453,454,455,-1,455,454,456,-1,455,456,457,-1,457,456,458,-1,457,458,459,-1,459,458,460,-1,459,460,461,-1,461,460,462,-1,461,462,463,-1,464,465,462,-1,462,465,463,-1,465,464,466,-1,465,466,467,-1,467,466,468,-1,467,468,469,-1,470,471,468,-1,468,471,469,-1,471,470,472,-1,471,472,473,-1,473,472,474,-1,473,474,475,-1,476,477,474,-1,474,477,475,-1,477,476,478,-1,477,478,479,-1,479,478,480,-1,479,480,481,-1,481,480,482,-1,481,482,483,-1,483,482,484,-1,484,482,485,-1,484,485,486,-1,486,485,487,-1,487,485,488,-1,487,488,489,-1,489,488,490,-1,489,490,491,-1,491,490,492,-1,491,492,493,-1,493,492,494,-1,493,494,495,-1,495,494,496,-1,495,496,497,-1,497,496,498,-1,497,498,499,-1,499,498,500,-1,499,500,501,-1,501,500,502,-1,501,502,503,-1,503,502,504,-1,503,504,505,-1,505,504,506,-1,505,506,507,-1,507,506,508,-1,507,508,509,-1,509,508,510,-1,509,510,511,-1,512,513,510,-1,510,513,511,-1,513,512,514,-1,513,514,515,-1,515,514,516,-1,515,516,517,-1,518,519,516,-1,516,519,517,-1,518,320,519,-1,519,320,321,-1,402,400,356,-1,362,360,392,-1,392,360,358,-1,326,324,352,-1,400,398,356,-1,356,398,396,-1,356,396,358,-1,358,396,394,-1,358,394,392,-1,430,428,356,-1,428,426,356,-1,356,426,424,-1,356,424,422,-1,422,420,356,-1,356,420,418,-1,356,418,416,-1,320,354,318,-1,318,354,352,-1,318,352,322,-1,322,352,324,-1,362,392,364,-1,364,392,390,-1,364,390,366,-1,366,390,388,-1,366,388,386,-1,356,410,408,-1,436,434,518,-1,518,434,432,-1,518,432,320,-1,320,432,430,-1,320,430,354,-1,354,430,356,-1,416,414,356,-1,356,414,412,-1,356,412,410,-1,336,334,350,-1,350,334,352,-1,328,326,330,-1,330,326,352,-1,330,352,332,-1,332,352,334,-1,448,446,518,-1,518,446,444,-1,518,444,442,-1,386,384,366,-1,366,384,382,-1,366,382,380,-1,408,406,356,-1,356,406,404,-1,356,404,402,-1,496,494,508,-1,508,494,492,-1,508,492,510,-1,510,492,490,-1,510,490,488,-1,472,470,518,-1,518,470,468,-1,518,468,466,-1,466,464,518,-1,518,464,462,-1,518,462,460,-1,370,376,372,-1,372,376,374,-1,380,378,366,-1,366,378,376,-1,366,376,368,-1,368,376,370,-1,454,452,518,-1,518,452,450,-1,518,450,448,-1,442,440,518,-1,518,440,438,-1,518,438,436,-1,488,485,510,-1,510,485,482,-1,510,482,512,-1,512,482,480,-1,512,480,514,-1,514,480,478,-1,514,478,516,-1,516,478,476,-1,516,476,518,-1,518,476,474,-1,518,474,472,-1,460,458,518,-1,518,458,456,-1,518,456,454,-1,342,340,350,-1,350,340,338,-1,350,338,336,-1,502,508,504,-1,504,508,506,-1,502,500,508,-1,508,500,498,-1,508,498,496,-1,348,346,350,-1,350,346,344,-1,350,344,342,-1,520,521,522,-1,522,521,523,-1,524,525,520,-1,520,525,521,-1,526,527,524,-1,524,527,525,-1,527,526,528,-1,527,528,529,-1,529,528,530,-1,529,530,531,-1,531,530,532,-1,531,532,533,-1,533,532,534,-1,533,534,535,-1,535,534,536,-1,535,536,537,-1,537,536,538,-1,537,538,539,-1,539,538,540,-1,539,540,541,-1,541,540,542,-1,541,542,543,-1,543,542,544,-1,543,544,545,-1,545,544,546,-1,545,546,547,-1,547,546,548,-1,547,548,549,-1,549,548,550,-1,549,550,551,-1,551,550,552,-1,551,552,553,-1,553,552,554,-1,553,554,555,-1,555,554,556,-1,555,556,557,-1,557,556,558,-1,557,558,559,-1,559,558,560,-1,559,560,561,-1,561,560,562,-1,561,562,563,-1,563,562,564,-1,563,564,565,-1,565,564,566,-1,565,566,567,-1,567,566,568,-1,567,568,569,-1,569,568,570,-1,569,570,571,-1,571,570,572,-1,571,572,573,-1,573,572,574,-1,573,574,575,-1,575,574,576,-1,575,576,577,-1,577,576,578,-1,577,578,579,-1,579,578,580,-1,579,580,581,-1,581,580,582,-1,581,582,583,-1,583,582,584,-1,583,584,585,-1,586,587,584,-1,584,587,585,-1,588,589,586,-1,586,589,587,-1,589,588,590,-1,589,590,591,-1,591,590,592,-1,591,592,593,-1,593,592,594,-1,593,594,595,-1,595,594,596,-1,595,596,597,-1,597,596,598,-1,597,598,599,-1,599,598,600,-1,599,600,601,-1,601,600,602,-1,601,602,603,-1,603,602,604,-1,603,604,605,-1,605,604,606,-1,605,606,607,-1,607,606,608,-1,607,608,609,-1,609,608,610,-1,609,610,611,-1,611,610,612,-1,611,612,613,-1,613,612,614,-1,613,614,615,-1,615,614,616,-1,615,616,617,-1,617,616,618,-1,617,618,619,-1,619,618,620,-1,619,620,621,-1,621,620,622,-1,621,622,623,-1,623,622,624,-1,623,624,625,-1,625,624,626,-1,625,626,627,-1,627,626,628,-1,627,628,629,-1,629,628,630,-1,629,630,631,-1,631,630,632,-1,631,632,633,-1,633,632,634,-1,633,634,635,-1,635,634,636,-1,635,636,637,-1,637,636,638,-1,637,638,639,-1,639,638,640,-1,639,640,641,-1,642,643,640,-1,640,643,641,-1,642,522,643,-1,643,522,523,-1,524,520,642,-1,642,520,522,-1,640,536,642,-1,642,536,534,-1,642,534,532,-1,526,524,528,-1,528,524,642,-1,528,642,530,-1,530,642,532,-1,640,638,536,-1,536,638,636,-1,536,636,538,-1,538,636,634,-1,538,634,540,-1,540,634,632,-1,540,632,542,-1,632,630,542,-1,542,630,628,-1,542,628,544,-1,544,628,626,-1,544,626,546,-1,546,626,624,-1,546,624,548,-1,548,624,622,-1,548,622,550,-1,550,622,552,-1,552,622,620,-1,552,620,554,-1,554,620,618,-1,554,618,556,-1,556,618,616,-1,556,616,558,-1,558,616,614,-1,558,614,560,-1,560,614,612,-1,560,612,562,-1,562,612,610,-1,562,610,564,-1,564,610,608,-1,564,608,566,-1,566,608,606,-1,566,606,568,-1,568,606,604,-1,568,604,570,-1,570,604,602,-1,570,602,572,-1,572,602,600,-1,572,600,574,-1,574,600,598,-1,574,598,576,-1,576,598,596,-1,576,596,578,-1,578,596,594,-1,578,594,580,-1,580,594,592,-1,580,592,582,-1,582,592,590,-1,582,590,584,-1,584,590,588,-1,584,588,586,-1,644,645,646,-1,646,645,647,-1,646,647,648,-1,645,644,649,-1,645,649,650,-1,650,649,651,-1,650,651,652,-1,652,651,653,-1,652,653,654,-1,655,656,653,-1,653,656,654,-1,656,655,657,-1,656,657,658,-1,658,657,659,-1,658,659,660,-1,660,659,661,-1,660,661,662,-1,662,661,663,-1,662,663,664,-1,664,663,665,-1,664,665,666,-1,666,665,667,-1,666,667,668,-1,668,667,669,-1,668,669,670,-1,670,669,671,-1,670,671,672,-1,672,671,673,-1,672,673,674,-1,674,673,675,-1,674,675,676,-1,676,675,677,-1,676,677,678,-1,678,677,679,-1,678,679,680,-1,680,679,681,-1,680,681,682,-1,682,681,683,-1,682,683,684,-1,684,683,685,-1,684,685,686,-1,686,685,687,-1,686,687,688,-1,688,687,689,-1,688,689,690,-1,690,689,691,-1,690,691,692,-1,692,691,693,-1,692,693,694,-1,694,693,695,-1,694,695,696,-1,696,695,697,-1,696,697,698,-1,698,697,699,-1,698,699,700,-1,701,702,699,-1,699,702,700,-1,703,704,701,-1,701,704,702,-1,704,703,705,-1,704,705,706,-1,706,705,707,-1,706,707,708,-1,708,707,709,-1,708,709,710,-1,710,709,711,-1,710,711,712,-1,712,711,713,-1,712,713,714,-1,714,713,715,-1,714,715,716,-1,716,715,717,-1,716,717,718,-1,718,717,719,-1,718,719,720,-1,720,719,721,-1,720,721,722,-1,722,721,723,-1,722,723,724,-1,724,723,725,-1,724,725,726,-1,727,728,725,-1,725,728,726,-1,729,730,727,-1,727,730,728,-1,731,730,732,-1,732,730,729,-1,731,732,733,-1,733,732,734,-1,733,734,735,-1,736,737,734,-1,734,737,735,-1,736,646,737,-1,737,646,648,-1,667,665,693,-1,693,665,663,-1,693,663,695,-1,669,667,671,-1,671,667,693,-1,671,693,673,-1,673,693,691,-1,673,691,675,-1,729,727,655,-1,655,727,725,-1,655,725,723,-1,663,661,695,-1,695,661,659,-1,695,659,697,-1,697,659,657,-1,646,736,644,-1,644,736,734,-1,644,734,649,-1,649,734,732,-1,649,732,651,-1,651,732,729,-1,651,729,653,-1,653,729,655,-1,723,721,655,-1,655,721,719,-1,655,719,717,-1,679,689,687,-1,689,679,691,-1,691,679,677,-1,691,677,675,-1,717,715,655,-1,655,715,713,-1,655,713,711,-1,711,709,655,-1,655,709,707,-1,655,707,705,-1,705,703,655,-1,655,703,701,-1,655,701,657,-1,657,701,699,-1,657,699,697,-1,687,685,679,-1,679,685,683,-1,679,683,681,-1,
        ]
    }
}
Shape{
    appearance Appearance {
        material  Material 	{
            diffuseColor 0.27450980392156865 0.49411764705882355 0.27450980392156865
            specularColor 0.0196078431372549 0.03529411764705882 0.0196078431372549
            ambientIntensity 0.5763
            transparency 0.0
            shininess 0.5
        }
    }
    geometry IndexedFaceSet {
        ccw TRUE
        solid FALSE
        coord DEF co Coordinate {
            point [
                1.5677 -1.0873 0.0, 1.5753 -1.08 0.0, 1.5572 -1.1595 0.0, 1.5388 -1.0763 0.0, 1.5499 -1.0786 0.0, 1.5582 -1.0812 0.0, 1.5606 -1.0825 0.0, 1.4314 -1.1646 0.0, 1.4314 -1.0148 0.0, 1.4368 -1.1669 0.0, 1.4358 -1.0147 0.0, 1.4402 -1.0148 0.0, 1.4526 -1.0163 0.0, 1.4614 -1.0174 0.0, 1.4611 -1.1706 0.0, 1.4488 -1.1697 0.0, 1.4897 -1.1074 0.0, 1.4891 -1.0657 0.0, 1.4686 -1.1691 0.0, 1.4864 -1.1459 0.0, 1.484 -1.1544 0.0, 1.4677 -1.019 0.0, 1.4723 -1.021 0.0, 1.4757 -1.0237 0.0, 1.4808 -1.1605 0.0, 1.4774 -1.1646 0.0, 1.4741 -1.167 0.0, 1.479 -1.028 0.0, 1.4846 -1.0406 0.0, 1.2638 0.9842 1.5222, 1.2638 0.9842 1.8676, 1.7362 0.9842 1.5222, 1.7362 0.9842 1.8676, 1.2638 0.9842 0.7874, 1.2638 1.1811 0.7874, 1.2638 1.1811 1.1811, 1.7362 1.1811 0.7874, 1.7362 0.9842 0.7874, 1.7362 1.1811 1.1811
            ]
        }
        coordIndex [
            0,1,2,-1,2,3,4,-1,4,5,2,-1,2,5,6,-1,2,6,0,-1,7,8,9,-1,9,8,10,-1,10,11,9,-1,9,11,12,-1,9,12,13,-1,14,15,16,-1,16,15,9,-1,16,9,17,-1,14,16,18,-1,18,16,19,-1,18,19,20,-1,13,21,9,-1,9,21,22,-1,9,22,23,-1,20,24,18,-1,18,24,25,-1,18,25,26,-1,23,27,9,-1,9,27,28,-1,9,28,17,-1,29,30,31,-1,31,30,32,-1,33,34,29,-1,29,34,35,-1,29,35,30,-1,36,37,38,-1,38,37,31,-1,38,31,32,-1,37,36,33,-1,33,36,34,-1,
        ]
    }
}
Shape{
    appearance Appearance {
        material  Material 	{
            diffuseColor 0.6470588235294118 0.6196078431372549 0.5882352941176471
            specularColor 0.45098039215686275 0.43529411764705883 0.4117647058823529
            ambientIntensity 0.6242
            transparency 0.0
            shininess 0.5
        }
    }
    geometry IndexedFaceSet {
        ccw TRUE
        solid FALSE
        coord DEF co Coordinate {
            point [
                0.7939 -0.1979 3.2205, 0.8116 -0.1533 3.2205, 0.2061 -0.1979 3.2205, 0.1884 -0.1533 3.2205, 0.2452 -0.2595 3.2205, 0.2969 -0.3109 3.2205, 0.3587 -0.3496 3.2205, 0.4275 -0.3736 3.2205, 0.5 -0.3817 3.2205, 0.5725 -0.3736 3.2205, 0.6413 -0.3496 3.2205, 0.7031 -0.3109 3.2205, 0.7548 -0.2595 3.2205, 0.1506 -0.2565 3.1417, 0.1838 -0.3088 3.1417, 0.1858 -0.3071 3.1621, 0.6045 -0.4453 3.1417, 0.6754 -0.4206 3.1417, 0.6742 -0.4181 3.1621, 0.1582 -0.1533 3.215, 0.1476 -0.1533 3.2095, 0.1707 -0.2151 3.2099, 0.1089 -0.1596 3.1417, 0.1353 -0.2323 3.1417, 0.1377 -0.2312 3.1621, 0.8127 -0.1533 3.2205, 0.8122 -0.2068 3.2178, 0.8327 -0.1533 3.2179, 0.8293 -0.2151 3.2099, 0.8415 -0.1533 3.2151, 0.8329 -0.1533 3.2178, 0.8693 -0.1533 3.1971, 0.8662 -0.1533 3.2005, 0.8439 -0.2222 3.1974, 0.8588 -0.1533 3.2062, 0.8524 -0.1533 3.2095, 0.8788 -0.1533 3.1868, 0.8552 -0.2277 3.1811, 0.8836 -0.1533 3.1793, 0.8906 -0.1533 3.1624, 0.8623 -0.2312 3.1621, 0.8906 -0.1533 3.1621, 0.8647 -0.2323 3.1417, 0.8911 -0.1596 3.1417, 0.8924 -0.1533 3.1542, 0.8934 -0.1533 3.1417, 0.1448 -0.2277 3.1811, 0.11 -0.1533 3.1644, 0.1095 -0.1533 3.1621, 0.107 -0.1533 3.1498, 0.1066 -0.1533 3.1417, 0.135 -0.1533 3.2015, 0.1308 -0.1533 3.1971, 0.1561 -0.2222 3.1974, 0.122 -0.1533 3.1878, 0.1175 -0.1533 3.1812, 0.1409 -0.1533 3.206, 0.1652 -0.1533 3.2173, 0.1878 -0.2068 3.2178, 0.1671 -0.1533 3.2176, 0.185 -0.1533 3.2204, 0.7707 -0.2722 3.2178, 0.7855 -0.2841 3.2099, 0.7983 -0.2943 3.1974, 0.808 -0.3022 3.1811, 0.8142 -0.3071 3.1621, 0.423 -0.3934 3.2178, 0.3499 -0.3679 3.2178, 0.4188 -0.412 3.2099, 0.3417 -0.3851 3.2099, 0.4152 -0.4279 3.1974, 0.3346 -0.3998 3.1974, 0.4124 -0.4401 3.1811, 0.3292 -0.4111 3.1811, 0.4107 -0.4477 3.1621, 0.3258 -0.4181 3.1621, 0.7016 -0.4042 3.1417, 0.7521 -0.3726 3.1417, 0.7504 -0.3705 3.1621, 0.7455 -0.3643 3.1811, 0.7377 -0.3545 3.1974, 0.7276 -0.3417 3.2099, 0.7158 -0.3269 3.2178, 0.785 -0.3399 3.1417, 0.8162 -0.3088 3.1417, 0.8494 -0.2565 3.1417, 0.6708 -0.4111 3.1811, 0.6654 -0.3998 3.1974, 0.6583 -0.3851 3.2099, 0.6501 -0.3679 3.2178, 0.5899 -0.4504 3.1417, 0.5893 -0.4477 3.1621, 0.5876 -0.4401 3.1811, 0.5848 -0.4279 3.1974, 0.5812 -0.412 3.2099, 0.577 -0.3934 3.2178, 0.5 -0.4021 3.2178, 0.5 -0.4211 3.2099, 0.5 -0.4374 3.1974, 0.5 -0.4499 3.1811, 0.5 -0.4578 3.1621, 0.5 -0.4604 3.1417, 0.4101 -0.4504 3.1417, 0.215 -0.3399 3.1417, 0.2479 -0.3726 3.1417, 0.2496 -0.3705 3.1621, 0.2545 -0.3643 3.1811, 0.2623 -0.3545 3.1974, 0.2724 -0.3417 3.2099, 0.2842 -0.3269 3.2178, 0.2984 -0.4042 3.1417, 0.3246 -0.4206 3.1417, 0.3955 -0.4453 3.1417, 0.192 -0.3022 3.1811, 0.2017 -0.2943 3.1974, 0.2145 -0.2841 3.2099, 0.2293 -0.2722 3.2178, 0.7352 -0.0549 2.6435, 0.7272 0.006 1.8392, 0.7272 0.006 2.6435, 0.7037 0.0627 1.8392, 0.7037 0.0627 2.6435, 0.6663 0.1114 1.8392, 0.6663 0.1114 2.6435, 0.6176 0.1488 1.8392, 0.6176 0.1488 2.6435, 0.5609 0.1723 1.8392, 0.5609 0.1723 2.6435, 0.5 0.1803 1.8392, 0.5 0.1803 2.6435, 0.4391 0.1723 1.8392, 0.4391 0.1723 2.6435, 0.3824 0.1488 1.8392, 0.3824 0.1488 2.6435, 0.3337 0.1114 1.8392, 0.3337 0.1114 2.6435, 0.2963 0.0627 1.8392, 0.2963 0.0627 2.6435, 0.2728 0.006 1.8392, 0.2728 0.006 2.6435, 0.2648 -0.0549 1.8392, 0.2648 -0.0549 2.6435, 0.2728 -0.1158 1.8392, 0.2728 -0.1158 2.6435, 0.2963 -0.1725 1.8392, 0.2963 -0.1725 2.6435, 0.3337 -0.2212 1.8392, 0.3337 -0.2212 2.6435, 0.3824 -0.2586 1.8392, 0.3824 -0.2586 2.6435, 0.4391 -0.2821 1.8392, 0.4391 -0.2821 2.6435, 0.5 -0.2901 1.8392, 0.5 -0.2901 2.6435, 0.5609 -0.2821 1.8392, 0.5609 -0.2821 2.6435, 0.6176 -0.2586 1.8392, 0.6176 -0.2586 2.6435, 0.6663 -0.2212 1.8392, 0.6663 -0.2212 2.6435, 0.7037 -0.1725 1.8392, 0.7037 -0.1725 2.6435, 0.7272 -0.1158 1.8392, 0.7272 -0.1158 2.6435, 0.7352 -0.0549 1.8392
            ]
        }
        coordIndex [
            0,1,2,-1,2,1,3,-1,2,4,0,-1,0,4,5,-1,0,5,6,-1,6,7,0,-1,0,7,8,-1,0,8,9,-1,9,10,0,-1,0,10,11,-1,0,11,12,-1,13,14,15,-1,16,17,18,-1,19,20,21,-1,22,23,24,-1,1,0,25,-1,25,0,26,-1,25,26,27,-1,28,29,26,-1,26,29,30,-1,26,30,27,-1,31,32,33,-1,33,32,34,-1,33,34,28,-1,28,34,35,-1,28,35,29,-1,31,33,36,-1,36,33,37,-1,36,37,38,-1,38,37,39,-1,39,37,40,-1,39,40,41,-1,40,42,41,-1,41,42,43,-1,41,43,44,-1,44,43,45,-1,46,47,24,-1,24,47,48,-1,24,48,22,-1,22,48,49,-1,22,49,50,-1,51,52,53,-1,53,52,54,-1,53,54,46,-1,46,54,55,-1,46,55,47,-1,21,20,53,-1,53,20,56,-1,53,56,51,-1,19,21,57,-1,57,21,58,-1,57,58,59,-1,59,58,60,-1,60,58,2,-1,60,2,3,-1,0,12,26,-1,26,12,61,-1,26,61,28,-1,28,61,62,-1,28,62,33,-1,33,62,63,-1,33,63,37,-1,37,63,64,-1,37,64,40,-1,40,64,65,-1,7,6,66,-1,66,6,67,-1,66,67,68,-1,68,67,69,-1,68,69,70,-1,70,69,71,-1,70,71,72,-1,72,71,73,-1,72,73,74,-1,74,73,75,-1,76,77,78,-1,78,77,65,-1,78,65,79,-1,79,65,64,-1,79,64,80,-1,80,64,63,-1,80,63,81,-1,81,63,62,-1,81,62,82,-1,82,62,61,-1,82,61,11,-1,11,61,12,-1,77,83,65,-1,65,83,84,-1,65,84,40,-1,40,84,85,-1,40,85,42,-1,17,76,18,-1,18,76,78,-1,18,78,86,-1,86,78,79,-1,86,79,87,-1,87,79,80,-1,87,80,88,-1,88,80,81,-1,88,81,89,-1,89,81,82,-1,89,82,10,-1,10,82,11,-1,90,16,91,-1,91,16,18,-1,91,18,92,-1,92,18,86,-1,92,86,93,-1,93,86,87,-1,93,87,94,-1,94,87,88,-1,94,88,95,-1,95,88,89,-1,95,89,9,-1,9,89,10,-1,9,8,95,-1,95,8,96,-1,95,96,94,-1,94,96,97,-1,94,97,93,-1,93,97,98,-1,93,98,92,-1,92,98,99,-1,92,99,91,-1,91,99,100,-1,91,100,90,-1,90,100,101,-1,8,7,96,-1,96,7,66,-1,96,66,97,-1,97,66,68,-1,97,68,98,-1,98,68,70,-1,98,70,99,-1,99,70,72,-1,99,72,100,-1,100,72,74,-1,100,74,101,-1,101,74,102,-1,103,104,105,-1,105,104,75,-1,105,75,106,-1,106,75,73,-1,106,73,107,-1,107,73,71,-1,107,71,108,-1,108,71,69,-1,108,69,109,-1,109,69,67,-1,109,67,5,-1,5,67,6,-1,104,110,75,-1,75,110,111,-1,75,111,74,-1,74,111,112,-1,74,112,102,-1,14,103,15,-1,15,103,105,-1,15,105,113,-1,113,105,106,-1,113,106,114,-1,114,106,107,-1,114,107,115,-1,115,107,108,-1,115,108,116,-1,116,108,109,-1,116,109,4,-1,4,109,5,-1,23,13,24,-1,24,13,15,-1,24,15,46,-1,46,15,113,-1,46,113,53,-1,53,113,114,-1,53,114,21,-1,21,114,115,-1,21,115,58,-1,58,115,116,-1,58,116,2,-1,2,116,4,-1,117,118,119,-1,119,118,120,-1,119,120,121,-1,121,120,122,-1,121,122,123,-1,123,122,124,-1,123,124,125,-1,125,124,126,-1,125,126,127,-1,127,126,128,-1,127,128,129,-1,129,128,130,-1,129,130,131,-1,131,130,132,-1,131,132,133,-1,133,132,134,-1,133,134,135,-1,135,134,136,-1,135,136,137,-1,137,136,138,-1,137,138,139,-1,139,138,140,-1,139,140,141,-1,141,140,142,-1,141,142,143,-1,143,142,144,-1,143,144,145,-1,145,144,146,-1,145,146,147,-1,147,146,148,-1,147,148,149,-1,149,148,150,-1,149,150,151,-1,151,150,152,-1,151,152,153,-1,153,152,154,-1,153,154,155,-1,155,154,156,-1,155,156,157,-1,157,156,158,-1,157,158,159,-1,159,158,160,-1,159,160,161,-1,161,160,162,-1,161,162,163,-1,163,162,164,-1,163,164,117,-1,117,164,118,-1,
        ]
    }
}
Shape{
    appearance Appearance {
        material  Material 	{
            diffuseColor 0.27450980392156865 0.49411764705882355 0.27450980392156865
            specularColor 0.0196078431372549 0.03529411764705882 0.0196078431372549
            ambientIntensity 0.5763
            transparency 0.0
            shininess 0.5
        }
    }
    geometry IndexedFaceSet {
        ccw TRUE
        solid FALSE
        coord DEF co Coordinate {
            point [
                0.8937 -0.8354 0.5543, 0.8937 -0.9093 0.0, 0.7362 -0.8354 0.5543, 0.5071 -0.9093 0.0, 0.2638 -0.8354 0.5543, 0.4017 -0.9093 0.0, 0.3027 -0.9093 0.0, 0.1063 -0.9093 0.0, 0.1063 -0.8354 0.5543, 0.117 -0.9093 0.0, 0.2017 -0.9093 0.0, 0.2638 -0.8354 1.3035, 0.1063 -0.8354 1.5292, 0.7362 -0.8354 1.3035, 0.8937 -0.8354 1.5292, 0.1063 -0.6872 1.5292, 0.8937 -0.6872 1.5292, 0.1063 -0.6872 2.6435, 0.8937 -0.6872 2.6435, 0.5609 -0.2821 2.6435, 0.5 -0.2901 2.6435, 0.2963 0.0627 2.6435, 0.1063 0.6045 2.6435, 0.3337 0.1114 2.6435, 0.3824 0.1488 2.6435, 0.2963 -0.1725 2.6435, 0.3337 -0.2212 2.6435, 0.6176 -0.2586 2.6435, 0.6663 -0.2212 2.6435, 0.7037 -0.1725 2.6435, 0.2728 0.006 2.6435, 0.2648 -0.0549 2.6435, 0.2728 -0.1158 2.6435, 0.3824 -0.2586 2.6435, 0.4391 -0.2821 2.6435, 0.7272 0.006 2.6435, 0.8937 0.6045 2.6435, 0.7352 -0.0549 2.6435, 0.7272 -0.1158 2.6435, 0.7037 0.0627 2.6435, 0.6663 0.1114 2.6435, 0.6176 0.1488 2.6435, 0.5609 0.1723 2.6435, 0.5 0.1803 2.6435, 0.4391 0.1723 2.6435, 0.1063 0.6045 2.4779, 0.8937 0.6045 2.4779, 0.1063 0.7633 1.9241, 0.8937 0.7633 1.9241, 0.5984 0.7633 1.5222, 0.8937 0.7633 1.5222, 0.5984 0.7633 1.5433, 0.4016 0.7633 1.5433, 0.4016 0.7633 1.5222, 0.1063 0.7633 1.5222, 0.5984 0.8198 1.5222, 0.8937 0.9842 1.5222, 0.1063 0.9842 1.5222, 0.2638 0.9842 1.5222, 0.4016 0.8198 1.5222, 0.7362 0.9842 1.5222, 0.2638 0.9842 0.7874, 0.1063 0.9842 0.0, 0.7362 0.9842 0.7874, 0.117 0.9842 0.0, 0.2017 0.9842 0.0, 0.3027 0.9842 0.0, 0.4017 0.9842 0.0, 0.5071 0.9842 0.0, 0.8937 0.9842 0.0, 0.6176 0.1488 2.6818, 0.6598 0.2219 2.6818, 0.5609 0.1723 2.6818, 0.5827 0.2538 2.6818, 0.5 0.1803 2.6818, 0.5 0.2647 2.6818, 0.4391 0.1723 2.6818, 0.4173 0.2538 2.6818, 0.3824 0.1488 2.6818, 0.3402 0.2219 2.6818, 0.3337 0.1114 2.6818, 0.274 0.1711 2.6818, 0.2963 0.0627 2.6818, 0.2232 0.1049 2.6818, 0.2728 0.006 2.6818, 0.1913 0.0278 2.6818, 0.2648 -0.0549 2.6818, 0.1804 -0.0549 2.6818, 0.2728 -0.1158 2.6818, 0.1913 -0.1376 2.6818, 0.2963 -0.1725 2.6818, 0.2232 -0.2147 2.6818, 0.3337 -0.2212 2.6818, 0.274 -0.2809 2.6818, 0.3824 -0.2586 2.6818, 0.3402 -0.3317 2.6818, 0.4391 -0.2821 2.6818, 0.4173 -0.3636 2.6818, 0.5 -0.2901 2.6818, 0.5 -0.3745 2.6818, 0.5609 -0.2821 2.6818, 0.5827 -0.3636 2.6818, 0.6176 -0.2586 2.6818, 0.6598 -0.3317 2.6818, 0.6663 -0.2212 2.6818, 0.726 -0.2809 2.6818, 0.7037 -0.1725 2.6818, 0.7768 -0.2147 2.6818, 0.7272 -0.1158 2.6818, 0.8087 -0.1376 2.6818, 0.7352 -0.0549 2.6818, 0.8196 -0.0549 2.6818, 0.7272 0.006 2.6818, 0.8087 0.0278 2.6818, 0.7037 0.0627 2.6818, 0.7768 0.1049 2.6818, 0.6663 0.1114 2.6818, 0.726 0.1711 2.6818, 0.8196 -0.0549 2.7983, 0.8087 0.0278 2.7983, 0.7768 0.1049 2.7983, 0.726 0.1711 2.7983, 0.6598 0.2219 2.7983, 0.5827 0.2538 2.7983, 0.5 0.2647 2.7983, 0.4173 0.2538 2.7983, 0.3402 0.2219 2.7983, 0.274 0.1711 2.7983, 0.2232 0.1049 2.7983, 0.1913 0.0278 2.7983, 0.1804 -0.0549 2.7983, 0.1913 -0.1376 2.7983, 0.2232 -0.2147 2.7983, 0.274 -0.2809 2.7983, 0.3402 -0.3317 2.7983, 0.4173 -0.3636 2.7983, 0.5 -0.3745 2.7983, 0.5827 -0.3636 2.7983, 0.6598 -0.3317 2.7983, 0.726 -0.2809 2.7983, 0.7768 -0.2147 2.7983, 0.8087 -0.1376 2.7983, 0.8853 0.1676 2.7983, 0.8146 0.2597 2.7983, 0.7225 0.3304 2.7983, 0.6152 0.3748 2.7983, 0.5 0.39 2.7983, 0.3848 0.3748 2.7983, 0.2775 0.3304 2.7983, 0.1854 0.2597 2.7983, 0.1147 0.1676 2.7983, 0.0702 0.0602 2.7983, 0.0551 -0.0549 2.7983, 0.0702 -0.1701 2.7983, 0.1147 -0.2774 2.7983, 0.1854 -0.3695 2.7983, 0.2775 -0.4402 2.7983, 0.3848 -0.4847 2.7983, 0.5 -0.4998 2.7983, 0.6152 -0.4847 2.7983, 0.7225 -0.4402 2.7983, 0.8146 -0.3695 2.7983, 0.8853 -0.2774 2.7983, 0.9298 -0.1701 2.7983, 0.9449 -0.0549 2.7983, 0.9298 0.0602 2.7983, 0.9449 -0.0549 3.4646, 0.9298 0.0602 3.4646, 0.8853 0.1676 3.4646, 0.8146 0.2597 3.4646, 0.7225 0.3304 3.4646, 0.6152 0.3748 3.4646, 0.5 0.39 3.4646, 0.3848 0.3748 3.4646, 0.2775 0.3304 3.4646, 0.1854 0.2597 3.4646, 0.1147 0.1676 3.4646, 0.0702 0.0602 3.4646, 0.0551 -0.0549 3.4646, 0.0702 -0.1701 3.4646, 0.1147 -0.2774 3.4646, 0.1854 -0.3695 3.4646, 0.2775 -0.4402 3.4646, 0.3848 -0.4847 3.4646, 0.5 -0.4998 3.4646, 0.6152 -0.4847 3.4646, 0.7225 -0.4402 3.4646, 0.8146 -0.3695 3.4646, 0.8853 -0.2774 3.4646, 0.9298 -0.1701 3.4646
            ]
        }
        coordIndex [
            0,1,2,-1,2,1,3,-1,2,3,4,-1,4,3,5,-1,4,5,6,-1,7,8,9,-1,9,8,4,-1,9,4,10,-1,10,4,6,-1,4,8,11,-1,11,8,12,-1,11,12,13,-1,13,12,14,-1,13,14,2,-1,2,14,0,-1,12,15,14,-1,14,15,16,-1,15,17,16,-1,16,17,18,-1,19,18,20,-1,20,18,17,-1,21,22,23,-1,23,22,24,-1,17,25,26,-1,19,27,18,-1,18,27,28,-1,18,28,29,-1,21,30,22,-1,22,30,31,-1,22,31,17,-1,17,31,32,-1,17,32,25,-1,26,33,17,-1,17,33,34,-1,17,34,20,-1,35,36,37,-1,37,36,18,-1,37,18,38,-1,38,18,29,-1,35,39,36,-1,36,39,40,-1,36,40,41,-1,41,42,36,-1,36,42,43,-1,36,43,22,-1,22,43,44,-1,22,44,24,-1,22,45,36,-1,36,45,46,-1,45,47,46,-1,46,47,48,-1,49,50,51,-1,51,50,48,-1,51,48,52,-1,52,48,47,-1,52,47,53,-1,53,47,54,-1,50,49,55,-1,50,55,56,-1,54,57,58,-1,53,54,59,-1,59,54,58,-1,59,58,55,-1,55,58,60,-1,55,60,56,-1,58,57,61,-1,61,57,62,-1,56,60,63,-1,62,64,61,-1,61,64,65,-1,61,65,66,-1,66,67,61,-1,61,67,68,-1,61,68,63,-1,63,68,69,-1,63,69,56,-1,62,57,7,-1,7,57,54,-1,45,22,17,-1,15,12,8,-1,45,17,47,-1,47,17,15,-1,47,15,54,-1,54,15,8,-1,54,8,7,-1,56,69,50,-1,50,69,1,-1,0,14,16,-1,1,0,50,-1,50,0,16,-1,50,16,48,-1,48,16,18,-1,48,18,46,-1,46,18,36,-1,70,71,72,-1,72,71,73,-1,72,73,74,-1,74,73,75,-1,74,75,76,-1,76,75,77,-1,76,77,78,-1,78,77,79,-1,78,79,80,-1,80,79,81,-1,80,81,82,-1,82,81,83,-1,82,83,84,-1,84,83,85,-1,84,85,86,-1,86,85,87,-1,86,87,88,-1,88,87,89,-1,88,89,90,-1,90,89,91,-1,90,91,92,-1,92,91,93,-1,92,93,94,-1,94,93,95,-1,94,95,96,-1,96,95,97,-1,96,97,98,-1,98,97,99,-1,98,99,100,-1,100,99,101,-1,100,101,102,-1,102,101,103,-1,102,103,104,-1,104,103,105,-1,104,105,106,-1,106,105,107,-1,106,107,108,-1,108,107,109,-1,108,109,110,-1,110,109,111,-1,110,111,112,-1,112,111,113,-1,112,113,114,-1,114,113,115,-1,114,115,116,-1,116,115,117,-1,116,117,70,-1,70,117,71,-1,111,118,113,-1,113,118,119,-1,113,119,115,-1,115,119,120,-1,115,120,117,-1,117,120,121,-1,117,121,71,-1,71,121,122,-1,71,122,73,-1,73,122,123,-1,73,123,75,-1,75,123,124,-1,75,124,77,-1,77,124,125,-1,77,125,79,-1,79,125,126,-1,79,126,81,-1,81,126,127,-1,81,127,83,-1,83,127,128,-1,83,128,85,-1,85,128,129,-1,85,129,87,-1,87,129,130,-1,87,130,89,-1,89,130,131,-1,89,131,91,-1,91,131,132,-1,91,132,93,-1,93,132,133,-1,93,133,95,-1,95,133,134,-1,95,134,97,-1,97,134,135,-1,97,135,99,-1,99,135,136,-1,99,136,101,-1,101,136,137,-1,101,137,103,-1,103,137,138,-1,103,138,105,-1,105,138,139,-1,105,139,107,-1,107,139,140,-1,107,140,109,-1,109,140,141,-1,109,141,111,-1,111,141,118,-1,120,142,121,-1,121,142,143,-1,121,143,122,-1,122,143,144,-1,122,144,123,-1,123,144,145,-1,123,145,124,-1,124,145,146,-1,124,146,125,-1,125,146,147,-1,125,147,126,-1,126,147,148,-1,126,148,127,-1,127,148,149,-1,127,149,128,-1,128,149,150,-1,128,150,129,-1,129,150,151,-1,129,151,130,-1,130,151,152,-1,130,152,131,-1,131,152,153,-1,131,153,132,-1,132,153,154,-1,132,154,133,-1,133,154,155,-1,133,155,134,-1,134,155,156,-1,134,156,135,-1,135,156,157,-1,135,157,136,-1,136,157,158,-1,136,158,137,-1,137,158,159,-1,137,159,138,-1,138,159,160,-1,138,160,139,-1,139,160,161,-1,139,161,140,-1,140,161,162,-1,140,162,141,-1,141,162,163,-1,141,163,118,-1,118,163,164,-1,118,164,119,-1,119,164,165,-1,119,165,120,-1,120,165,142,-1,164,166,165,-1,165,166,167,-1,165,167,142,-1,142,167,168,-1,142,168,143,-1,143,168,169,-1,143,169,144,-1,144,169,170,-1,144,170,145,-1,145,170,171,-1,145,171,146,-1,146,171,172,-1,146,172,147,-1,147,172,173,-1,147,173,148,-1,148,173,174,-1,148,174,149,-1,149,174,175,-1,149,175,150,-1,150,175,176,-1,150,176,151,-1,151,176,177,-1,151,177,152,-1,152,177,178,-1,152,178,153,-1,153,178,179,-1,153,179,154,-1,154,179,180,-1,154,180,155,-1,155,180,181,-1,155,181,156,-1,156,181,182,-1,156,182,157,-1,157,182,183,-1,157,183,158,-1,158,183,184,-1,158,184,159,-1,159,184,185,-1,159,185,160,-1,160,185,186,-1,160,186,161,-1,161,186,187,-1,161,187,162,-1,162,187,188,-1,162,188,163,-1,163,188,189,-1,163,189,164,-1,164,189,166,-1,
        ]
    }
}
Shape{
    appearance Appearance {
        material  Material 	{
            diffuseColor 0.6470588235294118 0.6196078431372549 0.5882352941176471
            specularColor 0.45098039215686275 0.43529411764705883 0.4117647058823529
            ambientIntensity 0.6242
            transparency 0.0
            shininess 0.5
        }
    }
    geometry IndexedFaceSet {
        ccw TRUE
        solid FALSE
        coord DEF co Coordinate {
            point [
                0.1884 0.0435 3.2205, 0.8116 0.0435 3.2205, 0.2061 0.0881 3.2205, 0.7939 0.0881 3.2205, 0.7548 0.1497 3.2205, 0.7031 0.2011 3.2205, 0.6413 0.2398 3.2205, 0.5725 0.2638 3.2205, 0.5 0.2719 3.2205, 0.4275 0.2638 3.2205, 0.3587 0.2398 3.2205, 0.2969 0.2011 3.2205, 0.2452 0.1497 3.2205, 0.1066 0.0435 3.0236, 0.1066 0.0435 3.1417, 0.1089 0.0498 3.1417, 0.8934 -0.1533 3.0236, 0.8934 -0.1533 3.1417, 0.8911 -0.1596 3.1417, 0.8917 -0.1599 2.908, 0.9055 -0.0549 3.0236, 0.9055 -0.0549 2.908, 0.8934 0.0435 3.0236, 0.8917 0.0501 2.908, 0.1083 0.0501 2.908, 0.0945 -0.0549 3.0236, 0.0945 -0.0549 2.908, 0.1066 -0.1533 3.0236, 0.1083 -0.1599 2.908, 0.8647 -0.2323 3.1417, 0.8512 -0.2577 2.908, 0.8494 -0.2565 3.1417, 0.8162 -0.3088 3.1417, 0.7868 -0.3417 2.908, 0.785 -0.3399 3.1417, 0.7521 -0.3726 3.1417, 0.7028 -0.4061 2.908, 0.7016 -0.4042 3.1417, 0.6754 -0.4206 3.1417, 0.605 -0.4466 2.908, 0.6045 -0.4453 3.1417, 0.5899 -0.4504 3.1417, 0.5 -0.4604 2.908, 0.5 -0.4604 3.1417, 0.4101 -0.4504 3.1417, 0.395 -0.4466 2.908, 0.3955 -0.4453 3.1417, 0.3246 -0.4206 3.1417, 0.2972 -0.4061 2.908, 0.2984 -0.4042 3.1417, 0.2479 -0.3726 3.1417, 0.2132 -0.3417 2.908, 0.215 -0.3399 3.1417, 0.1838 -0.3088 3.1417, 0.1488 -0.2577 2.908, 0.1066 -0.1533 3.1417, 0.1089 -0.1596 3.1417, 0.1353 -0.2323 3.1417, 0.1506 -0.2565 3.1417, 0.1353 0.1225 3.1417, 0.1488 0.1479 2.908, 0.1506 0.1467 3.1417, 0.1838 0.199 3.1417, 0.2132 0.2319 2.908, 0.215 0.2301 3.1417, 0.2479 0.2628 3.1417, 0.2972 0.2963 2.908, 0.2984 0.2944 3.1417, 0.3246 0.3108 3.1417, 0.395 0.3368 2.908, 0.3955 0.3355 3.1417, 0.4101 0.3405 3.1417, 0.5 0.3506 2.908, 0.5 0.3506 3.1417, 0.5899 0.3405 3.1417, 0.605 0.3368 2.908, 0.6045 0.3355 3.1417, 0.6754 0.3108 3.1417, 0.7028 0.2963 2.908, 0.7016 0.2944 3.1417, 0.7521 0.2628 3.1417, 0.7868 0.2319 2.908, 0.785 0.2301 3.1417, 0.8162 0.199 3.1417, 0.8512 0.1479 2.908, 0.8934 0.0435 3.1417, 0.8911 0.0498 3.1417, 0.8647 0.1225 3.1417, 0.8494 0.1467 3.1417, 0.5 0.1803 2.908, 0.5609 0.1723 2.908, 0.6176 0.1488 2.908, 0.6663 0.1114 2.908, 0.7037 0.0627 2.908, 0.7272 0.006 2.908, 0.7352 -0.0549 2.908, 0.7272 -0.1158 2.908, 0.7037 -0.1725 2.908, 0.6663 -0.2212 2.908, 0.6176 -0.2586 2.908, 0.5609 -0.2821 2.908, 0.5 -0.2901 2.908, 0.4391 -0.2821 2.908, 0.3824 -0.2586 2.908, 0.3337 -0.2212 2.908, 0.2963 -0.1725 2.908, 0.2728 -0.1158 2.908, 0.2648 -0.0549 2.908, 0.2728 0.006 2.908, 0.2963 0.0627 2.908, 0.3337 0.1114 2.908, 0.3824 0.1488 2.908, 0.4391 0.1723 2.908, 0.7272 0.006 2.6818, 0.7037 0.0627 2.6818, 0.6663 0.1114 2.6818, 0.6176 0.1488 2.6818, 0.5609 0.1723 2.6818, 0.5 0.1803 2.6818, 0.4391 0.1723 2.6818, 0.3824 0.1488 2.6818, 0.3337 0.1114 2.6818, 0.2963 0.0627 2.6818, 0.2728 0.006 2.6818, 0.2648 -0.0549 2.6818, 0.2728 -0.1158 2.6818, 0.2963 -0.1725 2.6818, 0.3337 -0.2212 2.6818, 0.3824 -0.2586 2.6818, 0.4391 -0.2821 2.6818, 0.5 -0.2901 2.6818, 0.5609 -0.2821 2.6818, 0.6176 -0.2586 2.6818, 0.6663 -0.2212 2.6818, 0.7037 -0.1725 2.6818, 0.7272 -0.1158 2.6818, 0.7352 -0.0549 2.6818
            ]
        }
        coordIndex [
            0,1,2,-1,2,1,3,-1,3,4,2,-1,2,4,5,-1,2,5,6,-1,6,7,2,-1,2,7,8,-1,2,8,9,-1,9,10,2,-1,2,10,11,-1,2,11,12,-1,13,14,15,-1,16,17,18,-1,16,19,20,-1,20,19,21,-1,20,21,22,-1,22,21,23,-1,13,24,25,-1,25,24,26,-1,25,26,27,-1,27,26,28,-1,16,18,19,-1,19,18,29,-1,19,29,30,-1,29,31,30,-1,30,31,32,-1,30,32,33,-1,32,34,33,-1,33,34,35,-1,33,35,36,-1,35,37,36,-1,36,37,38,-1,36,38,39,-1,38,40,39,-1,39,40,41,-1,39,41,42,-1,41,43,42,-1,42,43,44,-1,42,44,45,-1,44,46,45,-1,45,46,47,-1,45,47,48,-1,47,49,48,-1,48,49,50,-1,48,50,51,-1,50,52,51,-1,51,52,53,-1,51,53,54,-1,55,27,56,-1,56,27,28,-1,56,28,57,-1,57,28,54,-1,57,54,58,-1,58,54,53,-1,13,15,24,-1,24,15,59,-1,24,59,60,-1,59,61,60,-1,60,61,62,-1,60,62,63,-1,62,64,63,-1,63,64,65,-1,63,65,66,-1,65,67,66,-1,66,67,68,-1,66,68,69,-1,68,70,69,-1,69,70,71,-1,69,71,72,-1,71,73,72,-1,72,73,74,-1,72,74,75,-1,74,76,75,-1,75,76,77,-1,75,77,78,-1,77,79,78,-1,78,79,80,-1,78,80,81,-1,80,82,81,-1,81,82,83,-1,81,83,84,-1,85,22,86,-1,86,22,23,-1,86,23,87,-1,87,23,84,-1,87,84,88,-1,88,84,83,-1,89,72,90,-1,90,72,75,-1,90,75,91,-1,91,75,78,-1,91,78,92,-1,92,78,81,-1,92,81,93,-1,93,81,84,-1,93,84,94,-1,94,84,23,-1,94,23,95,-1,95,23,21,-1,95,21,96,-1,96,21,19,-1,96,19,97,-1,97,19,30,-1,97,30,98,-1,98,30,33,-1,98,33,99,-1,99,33,36,-1,99,36,100,-1,100,36,39,-1,100,39,101,-1,101,39,42,-1,101,42,102,-1,102,42,45,-1,102,45,103,-1,103,45,48,-1,103,48,104,-1,104,48,51,-1,104,51,105,-1,105,51,54,-1,105,54,106,-1,106,54,28,-1,106,28,107,-1,107,28,26,-1,107,26,108,-1,108,26,24,-1,108,24,109,-1,109,24,60,-1,109,60,110,-1,110,60,63,-1,110,63,111,-1,111,63,66,-1,111,66,112,-1,112,66,69,-1,112,69,89,-1,89,69,72,-1,95,113,94,-1,94,113,114,-1,94,114,93,-1,93,114,115,-1,93,115,92,-1,92,115,116,-1,92,116,91,-1,91,116,117,-1,91,117,90,-1,90,117,118,-1,90,118,89,-1,89,118,119,-1,89,119,112,-1,112,119,120,-1,112,120,111,-1,111,120,121,-1,111,121,110,-1,110,121,122,-1,110,122,109,-1,109,122,123,-1,109,123,108,-1,108,123,124,-1,108,124,107,-1,107,124,125,-1,107,125,106,-1,106,125,126,-1,106,126,105,-1,105,126,127,-1,105,127,104,-1,104,127,128,-1,104,128,103,-1,103,128,129,-1,103,129,102,-1,102,129,130,-1,102,130,101,-1,101,130,131,-1,101,131,100,-1,100,131,132,-1,100,132,99,-1,99,132,133,-1,99,133,98,-1,98,133,134,-1,98,134,97,-1,97,134,135,-1,97,135,96,-1,96,135,136,-1,96,136,95,-1,95,136,113,-1,
        ]
    }
}
Shape{
    appearance Appearance {
        material  Material 	{
            diffuseColor 0.27450980392156865 0.49411764705882355 0.27450980392156865
            specularColor 0.0196078431372549 0.03529411764705882 0.0196078431372549
            ambientIntensity 0.5763
            transparency 0.0
            shininess 0.5
        }
    }
    geometry IndexedFaceSet {
        ccw TRUE
        solid FALSE
        coord DEF co Coordinate {
            point [
                0.2638 -1.1024 1.8475, 0.2638 -1.0821 1.8475, 0.7362 -1.1024 1.8475, 0.7362 -1.0821 1.8475, 0.2638 -0.9942 1.3035, 0.7362 -0.9942 1.3035, 0.2638 -0.8354 1.3035, 0.7362 -0.8354 1.3035, 0.2638 -0.8354 0.5543, 0.2638 -0.9997 0.5543, 0.7362 -0.8354 0.5543, 0.7362 -0.9997 0.5543, 0.0669 -1.2992 0.2356, 0.9331 -1.2992 0.2356, 0.7362 -1.1024 0.445, 0.2638 -1.1024 0.445
            ]
        }
        coordIndex [
            0,1,2,-1,2,1,3,-1,1,4,3,-1,3,4,5,-1,4,6,5,-1,5,6,7,-1,8,9,10,-1,10,9,11,-1,12,13,14,-1,11,9,14,-1,14,9,15,-1,14,15,12,-1,4,1,0,-1,8,6,9,-1,9,6,4,-1,9,4,15,-1,15,4,0,-1,14,2,5,-1,5,2,3,-1,7,10,5,-1,5,10,11,-1,5,11,14,-1,
        ]
    }
}
Shape{
    appearance Appearance {
        material  Material 	{
            diffuseColor 0.6470588235294118 0.6196078431372549 0.5882352941176471
            specularColor 0.45098039215686275 0.43529411764705883 0.4117647058823529
            ambientIntensity 0.6242
            transparency 0.0
            shininess 0.5
        }
    }
    geometry IndexedFaceSet {
        ccw TRUE
        solid FALSE
        coord DEF co Coordinate {
            point [
                0.7352 -0.0549 1.8392, 0.8543 -0.6375 1.8392, 0.8543 0.5848 1.8392, 0.2963 0.0627 1.8392, 0.3337 0.1114 1.8392, 0.1457 0.5848 1.8392, 0.7272 -0.1158 1.8392, 0.7037 -0.1725 1.8392, 0.6663 -0.2212 1.8392, 0.4391 -0.2821 1.8392, 0.3824 -0.2586 1.8392, 0.1457 -0.6375 1.8392, 0.3337 -0.2212 1.8392, 0.2963 -0.1725 1.8392, 0.3824 0.1488 1.8392, 0.4391 0.1723 1.8392, 0.5 0.1803 1.8392, 0.5609 0.1723 1.8392, 0.6176 0.1488 1.8392, 0.6663 0.1114 1.8392, 0.7037 0.0627 1.8392, 0.7272 0.006 1.8392, 0.6176 -0.2586 1.8392, 0.5609 -0.2821 1.8392, 0.5 -0.2901 1.8392, 0.2728 -0.1158 1.8392, 0.2648 -0.0549 1.8392, 0.2728 0.006 1.8392, 0.6969 -0.6375 0.6985, 0.8543 -0.6375 0.4087, 0.6969 -0.6375 1.5748, 0.3031 -0.6375 1.5748, 0.3031 -0.6375 0.6985, 0.1457 -0.6375 0.4087, 0.8543 0.5848 0.4087, 0.1457 0.5848 0.4087, 0.6969 0.5848 1.5748, 0.6969 0.5848 0.6985, 0.3031 0.5848 0.6985, 0.3031 0.5848 1.5748, 0.4016 0.7633 1.5433, 0.4016 0.6956 1.5517, 0.5984 0.7633 1.5433, 0.5984 0.6956 1.5517, 0.5984 0.9712 1.2761, 0.4016 0.9712 1.2761, 0.4016 0.9645 1.3365, 0.5984 0.9645 1.3365, 0.4016 0.9448 1.3938, 0.5984 0.9448 1.3938, 0.4016 0.913 1.4455, 0.5984 0.913 1.4455, 0.4016 0.8706 1.489, 0.5984 0.8706 1.489, 0.4016 0.8198 1.5222, 0.5984 0.8198 1.5222, 0.5984 -0.3824 1.5517, 0.5984 -0.3824 1.3549, 0.5984 0.6956 1.3549, 0.5984 0.7638 1.3155, 0.5984 0.7512 1.3318, 0.5984 0.7349 1.3443, 0.5984 0.7159 1.3522, 0.5984 0.7633 1.5222, 0.5984 -0.0984 -0.9842, 0.5984 0.0984 -0.9842, 0.5984 -0.0984 0.0478, 0.5984 0.0984 0.0478, 0.5984 -0.089 0.1191, 0.5984 0.1011 0.0682, 0.5984 -0.0615 0.1856, 0.5984 0.109 0.0872, 0.5984 -0.0177 0.2427, 0.5984 0.1215 0.1035, 0.5984 0.0394 0.2865, 0.5984 0.1378 0.116, 0.5984 0.1058 0.314, 0.5984 0.1568 0.1239, 0.5984 0.1772 0.3234, 0.5984 0.1772 0.1265, 0.5984 0.6956 0.3234, 0.5984 0.6956 0.1265, 0.5984 0.7159 0.3261, 0.5984 0.7669 0.1359, 0.5984 0.7349 0.3339, 0.5984 0.8334 0.1635, 0.5984 0.7512 0.3464, 0.5984 0.8904 0.2073, 0.5984 0.7638 0.3628, 0.5984 0.9342 0.2643, 0.5984 0.7716 0.3817, 0.5984 0.9618 0.3308, 0.5984 0.7743 0.4021, 0.5984 0.9712 0.4021, 0.5984 0.7743 1.2761, 0.5984 0.7716 1.2965, 0.4016 0.6956 1.3549, 0.4016 -0.3824 1.3549, 0.4016 -0.3824 1.5517, 0.4016 0.7633 1.5222, 0.4016 0.7743 1.2761, 0.4016 0.7716 1.2965, 0.4016 0.7638 1.3155, 0.4016 0.7512 1.3318, 0.4016 0.7349 1.3443, 0.4016 0.7159 1.3522, 0.4016 0.0984 -0.9842, 0.4016 -0.0984 -0.9842, 0.4016 0.0984 0.0478, 0.4016 -0.0984 0.0478, 0.4016 0.1011 0.0682, 0.4016 -0.089 0.1191, 0.4016 0.109 0.0872, 0.4016 -0.0615 0.1856, 0.4016 0.1215 0.1035, 0.4016 -0.0177 0.2427, 0.4016 0.1378 0.116, 0.4016 0.0394 0.2865, 0.4016 0.1568 0.1239, 0.4016 0.1058 0.314, 0.4016 0.1772 0.1265, 0.4016 0.1772 0.3234, 0.4016 0.6956 0.1265, 0.4016 0.6956 0.3234, 0.4016 0.7669 0.1359, 0.4016 0.7159 0.3261, 0.4016 0.8334 0.1635, 0.4016 0.7349 0.3339, 0.4016 0.8904 0.2073, 0.4016 0.7512 0.3464, 0.4016 0.9342 0.2643, 0.4016 0.7638 0.3628, 0.4016 0.9618 0.3308, 0.4016 0.7716 0.3817, 0.4016 0.9712 0.4021, 0.4016 0.7743 0.4021, 0.4409 -0.0591 -1.378, 0.4409 0.0591 -1.378, 0.5591 -0.0591 -1.378, 0.5591 0.0591 -1.378
            ]
        }
        coordIndex [
            0,1,2,-1,3,4,5,-1,0,6,1,-1,1,6,7,-1,1,7,8,-1,9,10,11,-1,11,10,12,-1,11,12,13,-1,4,14,5,-1,5,14,15,-1,5,15,2,-1,2,15,16,-1,16,17,2,-1,2,17,18,-1,2,18,19,-1,19,20,2,-1,2,20,21,-1,2,21,0,-1,8,22,1,-1,1,22,23,-1,1,23,11,-1,11,23,24,-1,11,24,9,-1,13,25,11,-1,11,25,26,-1,11,26,5,-1,5,26,27,-1,5,27,3,-1,28,29,30,-1,30,29,1,-1,30,1,31,-1,31,1,11,-1,31,11,32,-1,32,11,33,-1,32,33,28,-1,28,33,29,-1,34,29,35,-1,35,29,33,-1,36,2,37,-1,37,2,34,-1,37,34,38,-1,38,34,35,-1,38,35,39,-1,39,35,5,-1,39,5,36,-1,36,5,2,-1,29,34,1,-1,1,34,2,-1,35,33,5,-1,5,33,11,-1,31,39,30,-1,30,39,36,-1,38,32,37,-1,37,32,28,-1,32,38,31,-1,31,38,39,-1,37,28,36,-1,36,28,30,-1,40,41,42,-1,42,41,43,-1,44,45,46,-1,44,46,47,-1,47,46,48,-1,47,48,49,-1,49,48,50,-1,49,50,51,-1,51,50,52,-1,51,52,53,-1,53,52,54,-1,53,54,55,-1,56,57,43,-1,43,57,58,-1,59,51,60,-1,60,51,53,-1,60,53,61,-1,61,53,55,-1,61,55,62,-1,62,55,63,-1,62,63,58,-1,58,63,42,-1,58,42,43,-1,64,65,66,-1,66,65,67,-1,66,67,68,-1,68,67,69,-1,68,69,70,-1,70,69,71,-1,70,71,72,-1,72,71,73,-1,72,73,74,-1,74,73,75,-1,74,75,76,-1,76,75,77,-1,76,77,78,-1,78,77,79,-1,78,79,80,-1,80,79,81,-1,80,81,82,-1,82,81,83,-1,82,83,84,-1,84,83,85,-1,84,85,86,-1,86,85,87,-1,86,87,88,-1,88,87,89,-1,88,89,90,-1,90,89,91,-1,90,91,92,-1,92,91,93,-1,92,93,94,-1,94,93,44,-1,94,44,95,-1,95,44,47,-1,95,47,59,-1,59,47,49,-1,59,49,51,-1,96,97,98,-1,99,100,101,-1,101,102,99,-1,99,102,103,-1,99,103,104,-1,41,40,99,-1,98,41,96,-1,96,41,99,-1,96,99,105,-1,105,99,104,-1,106,107,108,-1,108,107,109,-1,108,109,110,-1,110,109,111,-1,110,111,112,-1,112,111,113,-1,112,113,114,-1,114,113,115,-1,114,115,116,-1,116,115,117,-1,116,117,118,-1,118,117,119,-1,118,119,120,-1,120,119,121,-1,120,121,122,-1,122,121,123,-1,122,123,124,-1,124,123,125,-1,124,125,126,-1,126,125,127,-1,126,127,128,-1,128,127,129,-1,128,129,130,-1,130,129,131,-1,130,131,132,-1,132,131,133,-1,132,133,134,-1,134,133,135,-1,134,135,45,-1,45,135,100,-1,99,54,100,-1,100,54,52,-1,100,52,50,-1,50,48,100,-1,100,48,46,-1,100,46,45,-1,56,43,98,-1,98,43,41,-1,57,56,97,-1,97,56,98,-1,58,57,96,-1,96,57,97,-1,58,96,62,-1,62,96,105,-1,62,105,61,-1,61,105,104,-1,61,104,60,-1,60,104,103,-1,60,103,59,-1,59,103,102,-1,59,102,95,-1,95,102,101,-1,95,101,94,-1,94,101,100,-1,92,94,135,-1,135,94,100,-1,92,135,90,-1,90,135,133,-1,90,133,88,-1,88,133,131,-1,88,131,86,-1,86,131,129,-1,86,129,84,-1,84,129,127,-1,84,127,82,-1,82,127,125,-1,82,125,80,-1,80,125,123,-1,78,80,121,-1,121,80,123,-1,78,121,119,-1,78,119,76,-1,76,119,117,-1,76,117,74,-1,74,117,115,-1,74,115,72,-1,72,115,113,-1,72,113,70,-1,70,113,111,-1,70,111,68,-1,68,111,109,-1,68,109,66,-1,64,66,107,-1,107,66,109,-1,136,137,138,-1,138,137,139,-1,106,108,65,-1,65,108,67,-1,67,108,69,-1,69,108,110,-1,69,110,71,-1,71,110,112,-1,71,112,73,-1,73,112,114,-1,73,114,75,-1,75,114,116,-1,75,116,77,-1,77,116,118,-1,77,118,79,-1,79,118,120,-1,81,79,122,-1,122,79,120,-1,81,122,124,-1,81,124,83,-1,83,124,126,-1,83,126,85,-1,85,126,128,-1,85,128,87,-1,87,128,130,-1,87,130,89,-1,89,130,132,-1,89,132,91,-1,91,132,134,-1,91,134,93,-1,44,93,45,-1,45,93,134,-1,
        ]
    }
}
Shape{
    appearance Appearance {
        material  Material 	{
            diffuseColor 0.27450980392156865 0.49411764705882355 0.27450980392156865
            specularColor 0.0196078431372549 0.03529411764705882 0.0196078431372549
            ambientIntensity 0.5763
            transparency 0.0
            shininess 0.5
        }
    }
    geometry IndexedFaceSet {
        ccw TRUE
        solid FALSE
        coord DEF co Coordinate {
            point [
                0.2638 -1.1024 1.8475, 0.0779 -1.2882 2.0334, 0.0736 -1.2925 2.0195, 0.0669 -1.2992 0.2356, 0.2638 -1.1024 0.445, 0.0669 -1.2992 1.9685, 0.0686 -1.2975 1.9942, 0.7362 -1.1024 1.8475, 0.9221 -1.2882 2.0334, 0.7362 -1.1024 0.445, 0.9331 -1.2992 0.2356, 0.9331 -1.2992 1.9685, 0.9314 -1.2975 1.9942, 0.9264 -1.2925 2.0195
            ]
        }
        coordIndex [
            0,1,2,-1,3,4,5,-1,5,4,0,-1,5,0,6,-1,6,0,2,-1,7,8,0,-1,0,8,1,-1,9,10,7,-1,7,10,11,-1,11,12,7,-1,7,12,13,-1,7,13,8,-1,
        ]
    }
}
Shape{
    appearance Appearance {
        material  Material 	{
            diffuseColor 0.6470588235294118 0.6196078431372549 0.5882352941176471
            specularColor 0.45098039215686275 0.43529411764705883 0.4117647058823529
            ambientIntensity 0.6242
            transparency 0.0
            shininess 0.5
        }
    }
    geometry IndexedFaceSet {
        ccw TRUE
        solid FALSE
        coord DEF co Coordinate {
            point [
                0.5984 0.0984 -0.9842, 0.5591 0.0591 -1.378, 0.4016 0.0984 -0.9842, 0.4409 0.0591 -1.378, 0.5984 -0.0984 -0.9842, 0.5591 -0.0591 -1.378, 0.4409 -0.0591 -1.378, 0.4016 -0.0984 -0.9842, 0.8494 0.1467 3.1417, 0.8162 0.199 3.1417, 0.8142 0.1973 3.1621, 0.3955 0.3355 3.1417, 0.3246 0.3108 3.1417, 0.3258 0.3083 3.1621, 0.8433 0.0435 3.2144, 0.8524 0.0435 3.2094, 0.8293 0.1053 3.2099, 0.8911 0.0498 3.1417, 0.8647 0.1225 3.1417, 0.8623 0.1214 3.1621, 0.8552 0.1179 3.1811, 0.8902 0.0435 3.1637, 0.8906 0.0435 3.1621, 0.8913 0.0435 3.1596, 0.8934 0.0435 3.1417, 0.8661 0.0435 3.2006, 0.8693 0.0435 3.1971, 0.8439 0.1124 3.1974, 0.8789 0.0435 3.1867, 0.8829 0.0435 3.1805, 0.8604 0.0435 3.205, 0.8364 0.0435 3.2168, 0.8122 0.097 3.2178, 0.8329 0.0435 3.2174, 0.8166 0.0435 3.2203, 0.7939 0.0881 3.2205, 0.8116 0.0435 3.2205, 0.1884 0.0435 3.2205, 0.2061 0.0881 3.2205, 0.1879 0.0435 3.2205, 0.1878 0.097 3.2178, 0.1678 0.0435 3.218, 0.1707 0.1053 3.2099, 0.159 0.0435 3.2153, 0.1671 0.0435 3.2178, 0.1307 0.0435 3.1971, 0.1343 0.0435 3.2009, 0.1561 0.1124 3.1974, 0.1417 0.0435 3.2065, 0.1476 0.0435 3.2095, 0.1215 0.0435 3.1872, 0.1448 0.1179 3.1811, 0.1167 0.0435 3.1797, 0.11 0.0435 3.1644, 0.1377 0.1214 3.1621, 0.1096 0.0435 3.1621, 0.1353 0.1225 3.1417, 0.1089 0.0498 3.1417, 0.1067 0.0435 3.1467, 0.1066 0.0435 3.1417, 0.2452 0.1497 3.2205, 0.2293 0.1624 3.2178, 0.2145 0.1743 3.2099, 0.2017 0.1845 3.1974, 0.192 0.1924 3.1811, 0.1858 0.1973 3.1621, 0.5725 0.2638 3.2205, 0.6413 0.2398 3.2205, 0.577 0.2836 3.2178, 0.6501 0.2581 3.2178, 0.5812 0.3022 3.2099, 0.6583 0.2753 3.2099, 0.5848 0.3181 3.1974, 0.6654 0.29 3.1974, 0.5876 0.3303 3.1811, 0.6708 0.3012 3.1811, 0.5893 0.3379 3.1621, 0.6742 0.3083 3.1621, 0.2984 0.2944 3.1417, 0.2479 0.2628 3.1417, 0.2496 0.2607 3.1621, 0.2545 0.2545 3.1811, 0.2623 0.2447 3.1974, 0.2724 0.2319 3.2099, 0.2842 0.2171 3.2178, 0.2969 0.2011 3.2205, 0.215 0.2301 3.1417, 0.1838 0.199 3.1417, 0.1506 0.1467 3.1417, 0.3292 0.3012 3.1811, 0.3346 0.29 3.1974, 0.3417 0.2753 3.2099, 0.3499 0.2581 3.2178, 0.3587 0.2398 3.2205, 0.4101 0.3405 3.1417, 0.4107 0.3379 3.1621, 0.4124 0.3303 3.1811, 0.4152 0.3181 3.1974, 0.4188 0.3022 3.2099, 0.423 0.2836 3.2178, 0.4275 0.2638 3.2205, 0.5 0.2719 3.2205, 0.5 0.2923 3.2178, 0.5 0.3113 3.2099, 0.5 0.3276 3.1974, 0.5 0.3401 3.1811, 0.5 0.348 3.1621, 0.5 0.3506 3.1417, 0.5899 0.3405 3.1417, 0.785 0.2301 3.1417, 0.7521 0.2628 3.1417, 0.7504 0.2607 3.1621, 0.7455 0.2545 3.1811, 0.7377 0.2447 3.1974, 0.7276 0.2319 3.2099, 0.7158 0.2171 3.2178, 0.7031 0.2011 3.2205, 0.7016 0.2944 3.1417, 0.6754 0.3108 3.1417, 0.6045 0.3355 3.1417, 0.808 0.1924 3.1811, 0.7983 0.1845 3.1974, 0.7855 0.1743 3.2099, 0.7707 0.1624 3.2178, 0.7548 0.1497 3.2205, 0.8934 -0.1533 3.0236, 0.1066 -0.1533 3.0236, 0.1066 -0.1533 3.1417, 0.8906 -0.1533 3.1624, 0.8906 -0.1533 3.1621, 0.8524 -0.1533 3.2095, 0.107 -0.1533 3.1498, 0.1095 -0.1533 3.1621, 0.8934 -0.1533 3.1417, 0.8415 -0.1533 3.2151, 0.11 -0.1533 3.1644, 0.8924 -0.1533 3.1542, 0.1175 -0.1533 3.1812, 0.122 -0.1533 3.1878, 0.1308 -0.1533 3.1971, 0.8693 -0.1533 3.1971, 0.8662 -0.1533 3.2005, 0.8588 -0.1533 3.2062, 0.1409 -0.1533 3.206, 0.1476 -0.1533 3.2095, 0.135 -0.1533 3.2015, 0.1582 -0.1533 3.215, 0.1652 -0.1533 3.2173, 0.1671 -0.1533 3.2176, 0.185 -0.1533 3.2204, 0.1884 -0.1533 3.2205, 0.8116 -0.1533 3.2205, 0.8127 -0.1533 3.2205, 0.8327 -0.1533 3.2179, 0.8329 -0.1533 3.2178, 0.8788 -0.1533 3.1868, 0.8836 -0.1533 3.1793, 0.1066 0.0435 3.0236, 0.8934 0.0435 3.0236, 0.9055 -0.0549 3.0236, 0.0945 -0.0549 3.0236
            ]
        }
        coordIndex [
            0,1,2,-1,2,1,3,-1,4,5,0,-1,0,5,1,-1,6,7,3,-1,3,7,2,-1,7,6,4,-1,4,6,5,-1,8,9,10,-1,11,12,13,-1,14,15,16,-1,17,18,19,-1,20,21,19,-1,19,21,22,-1,19,22,17,-1,17,22,23,-1,17,23,24,-1,25,26,27,-1,27,26,28,-1,27,28,20,-1,20,28,29,-1,20,29,21,-1,16,15,27,-1,27,15,30,-1,27,30,25,-1,14,16,31,-1,31,16,32,-1,31,32,33,-1,33,32,34,-1,34,32,35,-1,34,35,36,-1,37,38,39,-1,39,38,40,-1,39,40,41,-1,42,43,40,-1,40,43,44,-1,40,44,41,-1,45,46,47,-1,47,46,48,-1,47,48,42,-1,42,48,49,-1,42,49,43,-1,45,47,50,-1,50,47,51,-1,50,51,52,-1,52,51,53,-1,53,51,54,-1,53,54,55,-1,54,56,55,-1,55,56,57,-1,55,57,58,-1,58,57,59,-1,38,60,40,-1,40,60,61,-1,40,61,42,-1,42,61,62,-1,42,62,47,-1,47,62,63,-1,47,63,51,-1,51,63,64,-1,51,64,54,-1,54,64,65,-1,66,67,68,-1,68,67,69,-1,68,69,70,-1,70,69,71,-1,70,71,72,-1,72,71,73,-1,72,73,74,-1,74,73,75,-1,74,75,76,-1,76,75,77,-1,78,79,80,-1,80,79,65,-1,80,65,81,-1,81,65,64,-1,81,64,82,-1,82,64,63,-1,82,63,83,-1,83,63,62,-1,83,62,84,-1,84,62,61,-1,84,61,85,-1,85,61,60,-1,79,86,65,-1,65,86,87,-1,65,87,54,-1,54,87,88,-1,54,88,56,-1,12,78,13,-1,13,78,80,-1,13,80,89,-1,89,80,81,-1,89,81,90,-1,90,81,82,-1,90,82,91,-1,91,82,83,-1,91,83,92,-1,92,83,84,-1,92,84,93,-1,93,84,85,-1,94,11,95,-1,95,11,13,-1,95,13,96,-1,96,13,89,-1,96,89,97,-1,97,89,90,-1,97,90,98,-1,98,90,91,-1,98,91,99,-1,99,91,92,-1,99,92,100,-1,100,92,93,-1,100,101,99,-1,99,101,102,-1,99,102,98,-1,98,102,103,-1,98,103,97,-1,97,103,104,-1,97,104,96,-1,96,104,105,-1,96,105,95,-1,95,105,106,-1,95,106,94,-1,94,106,107,-1,101,66,102,-1,102,66,68,-1,102,68,103,-1,103,68,70,-1,103,70,104,-1,104,70,72,-1,104,72,105,-1,105,72,74,-1,105,74,106,-1,106,74,76,-1,106,76,107,-1,107,76,108,-1,109,110,111,-1,111,110,77,-1,111,77,112,-1,112,77,75,-1,112,75,113,-1,113,75,73,-1,113,73,114,-1,114,73,71,-1,114,71,115,-1,115,71,69,-1,115,69,116,-1,116,69,67,-1,110,117,77,-1,77,117,118,-1,77,118,76,-1,76,118,119,-1,76,119,108,-1,9,109,10,-1,10,109,111,-1,10,111,120,-1,120,111,112,-1,120,112,121,-1,121,112,113,-1,121,113,122,-1,122,113,114,-1,122,114,123,-1,123,114,115,-1,123,115,124,-1,124,115,116,-1,18,8,19,-1,19,8,10,-1,19,10,20,-1,20,10,120,-1,20,120,27,-1,27,120,121,-1,27,121,16,-1,16,121,122,-1,16,122,32,-1,32,122,123,-1,32,123,35,-1,35,123,124,-1,125,126,127,-1,128,129,130,-1,127,131,125,-1,125,131,132,-1,125,132,133,-1,130,129,134,-1,135,129,132,-1,132,129,136,-1,132,136,133,-1,135,137,129,-1,129,137,138,-1,129,138,139,-1,140,130,141,-1,141,130,142,-1,143,144,145,-1,145,144,139,-1,146,147,144,-1,144,147,148,-1,144,148,139,-1,148,149,139,-1,139,149,150,-1,139,150,129,-1,129,150,151,-1,129,151,152,-1,152,153,129,-1,129,153,154,-1,129,154,134,-1,140,155,130,-1,130,155,156,-1,130,156,128,-1,59,157,158,-1,59,158,58,-1,24,44,158,-1,158,44,43,-1,24,23,44,-1,44,23,22,-1,44,22,21,-1,25,30,15,-1,43,49,158,-1,158,49,48,-1,158,48,46,-1,46,45,158,-1,158,45,50,-1,158,50,52,-1,52,53,158,-1,158,53,55,-1,158,55,58,-1,21,29,44,-1,44,29,28,-1,44,28,26,-1,31,33,14,-1,14,33,15,-1,25,15,26,-1,26,15,33,-1,26,33,34,-1,34,36,26,-1,26,36,37,-1,26,37,44,-1,44,37,39,-1,44,39,41,-1,158,157,159,-1,159,157,160,-1,159,160,125,-1,125,160,126,-1,
        ]
    }
}
Shape{
    appearance Appearance {
        material  Material 	{
            diffuseColor 1.0 0.9490196078431372 0.8980392156862745
            specularColor 0.011764705882352941 0.00784313725490196 0.00784313725490196
            ambientIntensity 0.9585
            transparency 0.0
            shininess 0.5
        }
    }
    geometry IndexedFaceSet {
        ccw TRUE
        solid FALSE
        coord DEF co Coordinate {
            point [
                0.5283 -1.0242 0.0039, 0.5283 -1.0242 0.0, 0.5374 -1.0664 0.0039, 0.5374 -1.0664 0.0, 0.5241 -1.0027 0.0039, 0.5241 -1.0027 0.0, 0.5224 -0.9959 0.0039, 0.5224 -0.9959 0.0, 0.5233 -0.9997 0.0, 0.522 -0.9949 0.0039, 0.522 -0.9949 0.0, 0.5217 -0.9942 0.0039, 0.5217 -0.9942 0.0, 0.5214 -0.9938 0.0039, 0.5214 -0.9938 0.0, 0.5211 -0.9935 0.0039, 0.5211 -0.9935 0.0, 0.5209 -0.9933 0.0039, 0.5209 -0.9933 0.0, 0.5206 -0.9932 0.0039, 0.5206 -0.9932 0.0, 0.5204 -0.9932 0.0039, 0.5204 -0.9932 0.0, 0.5202 -0.9932 0.0039, 0.5202 -0.9932 0.0, 0.52 -0.9932 0.0039, 0.52 -0.9932 0.0, 0.5198 -0.9934 0.0039, 0.5198 -0.9934 0.0, 0.5196 -0.9936 0.0039, 0.5196 -0.9936 0.0, 0.5195 -0.9938 0.0039, 0.5195 -0.9938 0.0, 0.5193 -0.9946 0.0039, 0.5193 -0.9946 0.0, 0.5188 -0.9981 0.0039, 0.5188 -0.9981 0.0, 0.5186 -0.9997 0.0, 0.5184 -1.0015 0.0039, 0.5184 -1.0015 0.0, 0.517 -1.0134 0.0039, 0.517 -1.0134 0.0, 0.5166 -1.0189 0.0039, 0.5166 -1.0189 0.0, 0.5167 -1.0215 0.0039, 0.5167 -1.0215 0.0, 0.5173 -1.0231 0.0039, 0.5173 -1.0231 0.0, 0.5179 -1.0242 0.0039, 0.5179 -1.0242 0.0, 0.5193 -1.0267 0.0039, 0.5193 -1.0267 0.0, 0.523 -1.0391 0.0039, 0.523 -1.0391 0.0, 0.5261 -1.0517 0.0039, 0.5261 -1.0517 0.0, 0.5546 -1.1839 0.0, 0.5552 -1.1867 0.0039, 0.5552 -1.1867 0.0, 0.5592 -1.1867 0.0039, 0.5592 -1.1867 0.0, 0.5866 -1.0653 0.0039, 0.5866 -1.0653 0.0, 0.5598 -1.1839 0.0, 0.59 -1.0511 0.0039, 0.59 -1.0511 0.0, 0.5915 -1.0444 0.0039, 0.5915 -1.0444 0.0, 0.5934 -1.0378 0.0039, 0.5934 -1.0378 0.0, 0.5954 -1.0324 0.0039, 0.5954 -1.0324 0.0, 0.5972 -1.0274 0.0039, 0.5972 -1.0274 0.0, 0.5984 -1.0256 0.0039, 0.5984 -1.0256 0.0, 0.5993 -1.0245 0.0039, 0.5993 -1.0245 0.0, 0.5996 -1.0241 0.0039, 0.5996 -1.0241 0.0, 0.5998 -1.0238 0.0039, 0.5998 -1.0238 0.0, 0.5998 -1.0235 0.0039, 0.5998 -1.0235 0.0, 0.5998 -1.0224 0.0039, 0.5998 -1.0224 0.0, 0.5994 -1.0158 0.0039, 0.5994 -1.0158 0.0, 0.5994 -1.0157 0.0039, 0.5994 -1.0157 0.0, 0.5983 -1.003 0.0039, 0.5983 -1.003 0.0, 0.5979 -0.9997 0.0, 0.5977 -0.9981 0.0039, 0.5977 -0.9981 0.0, 0.5976 -0.9967 0.0039, 0.5976 -0.9967 0.0, 0.5974 -0.9956 0.0039, 0.5974 -0.9956 0.0, 0.5973 -0.9949 0.0039, 0.5973 -0.9949 0.0, 0.5971 -0.9944 0.0039, 0.5971 -0.9944 0.0, 0.597 -0.9941 0.0039, 0.597 -0.9941 0.0, 0.5969 -0.9939 0.0039, 0.5969 -0.9939 0.0, 0.5967 -0.9937 0.0039, 0.5967 -0.9937 0.0, 0.5965 -0.9936 0.0039, 0.5965 -0.9936 0.0, 0.5963 -0.9936 0.0039, 0.5963 -0.9936 0.0, 0.596 -0.9936 0.0039, 0.596 -0.9936 0.0, 0.5958 -0.9936 0.0039, 0.5958 -0.9936 0.0, 0.5955 -0.9938 0.0039, 0.5955 -0.9938 0.0, 0.5952 -0.994 0.0039, 0.5952 -0.994 0.0, 0.595 -0.9943 0.0039, 0.595 -0.9943 0.0, 0.5948 -0.9948 0.0039, 0.5948 -0.9948 0.0, 0.5946 -0.9956 0.0039, 0.5946 -0.9956 0.0, 0.5926 -1.0069 0.0039, 0.5926 -1.0069 0.0, 0.5938 -0.9997 0.0, 0.5759 -1.0757 0.0039, 0.5759 -1.0757 0.0, 0.5572 -1.1595 0.0039, 0.5388 -1.0763 0.0039, 0.5753 -1.08 0.0039, 0.5677 -1.0873 0.0039, 0.5606 -1.0825 0.0039, 0.5582 -1.0812 0.0039, 0.5499 -1.0786 0.0039, 0.5388 -1.0763 0.0, 0.5572 -1.1595 0.0, 0.5499 -1.0786 0.0, 0.5582 -1.0812 0.0, 0.5606 -1.0825 0.0, 0.5677 -1.0873 0.0, 0.5753 -1.08 0.0, 0.4147 -1.1689 0.0039, 0.4147 -1.1689 0.0, 0.4198 -1.1646 0.0039, 0.4198 -1.1646 0.0, 0.4135 -1.1699 0.0039, 0.4135 -1.1699 0.0, 0.4127 -1.1708 0.0039, 0.4127 -1.1708 0.0, 0.4122 -1.1719 0.0039, 0.4122 -1.1719 0.0, 0.4121 -1.1725 0.0039, 0.4121 -1.1725 0.0, 0.4121 -1.1732 0.0039, 0.4121 -1.1732 0.0, 0.4123 -1.1739 0.0039, 0.4123 -1.1739 0.0, 0.4125 -1.1744 0.0039, 0.4125 -1.1744 0.0, 0.4129 -1.1748 0.0039, 0.4129 -1.1748 0.0, 0.4133 -1.1751 0.0039, 0.4133 -1.1751 0.0, 0.4184 -1.1742 0.0039, 0.4184 -1.1742 0.0, 0.4243 -1.1742 0.0039, 0.4243 -1.1742 0.0, 0.4267 -1.1747 0.0039, 0.4267 -1.1747 0.0, 0.4291 -1.1751 0.0039, 0.4291 -1.1751 0.0, 0.4351 -1.1757 0.0039, 0.4351 -1.1757 0.0, 0.4458 -1.1788 0.0039, 0.4458 -1.1788 0.0, 0.452 -1.18 0.0039, 0.452 -1.18 0.0, 0.4583 -1.1805 0.0039, 0.4583 -1.1805 0.0, 0.4671 -1.1799 0.0039, 0.4671 -1.1799 0.0, 0.4735 -1.1784 0.0039, 0.4735 -1.1784 0.0, 0.4787 -1.1757 0.0039, 0.4787 -1.1757 0.0, 0.4833 -1.1715 0.0039, 0.4833 -1.1715 0.0, 0.4879 -1.165 0.0039, 0.4879 -1.165 0.0, 0.4922 -1.1534 0.0039, 0.4922 -1.1534 0.0, 0.4964 -1.1217 0.0039, 0.4964 -1.1217 0.0, 0.4977 -1.0825 0.0039, 0.4977 -1.0825 0.0, 0.4948 -1.0491 0.0039, 0.4948 -1.0491 0.0, 0.4894 -1.0304 0.0039, 0.4894 -1.0304 0.0, 0.4835 -1.0199 0.0039, 0.4835 -1.0199 0.0, 0.4786 -1.014 0.0039, 0.4786 -1.014 0.0, 0.4731 -1.0099 0.0039, 0.4731 -1.0099 0.0, 0.4678 -1.0078 0.0039, 0.4678 -1.0078 0.0, 0.4473 -1.0046 0.0039, 0.4473 -1.0046 0.0, 0.4348 -1.0032 0.0039, 0.4348 -1.0032 0.0, 0.4302 -1.002 0.0039, 0.4302 -1.002 0.0, 0.4272 -1.0002 0.0039, 0.4272 -1.0002 0.0, 0.4264 -0.9997 0.0, 0.4263 -0.9996 0.0039, 0.4263 -0.9996 0.0, 0.426 -0.9996 0.0039, 0.426 -0.9996 0.0, 0.4253 -0.9996 0.0, 0.4253 -0.9996 0.0039, 0.425 -0.9997 0.0, 0.4247 -0.9998 0.0039, 0.4247 -0.9998 0.0, 0.4229 -1.0012 0.0039, 0.4229 -1.0012 0.0, 0.4188 -1.0049 0.0039, 0.4188 -1.0049 0.0, 0.4175 -1.0064 0.0039, 0.4175 -1.0064 0.0, 0.4141 -1.01 0.0039, 0.4141 -1.01 0.0, 0.4134 -1.0108 0.0039, 0.4134 -1.0108 0.0, 0.4129 -1.0114 0.0039, 0.4129 -1.0114 0.0, 0.4126 -1.0119 0.0039, 0.4126 -1.0119 0.0, 0.4124 -1.0122 0.0039, 0.4124 -1.0122 0.0, 0.4123 -1.0125 0.0039, 0.4123 -1.0125 0.0, 0.4123 -1.0128 0.0039, 0.4123 -1.0128 0.0, 0.4124 -1.0132 0.0039, 0.4124 -1.0132 0.0, 0.4126 -1.0138 0.0039, 0.4126 -1.0138 0.0, 0.4127 -1.014 0.0039, 0.4127 -1.014 0.0, 0.4129 -1.0141 0.0039, 0.4129 -1.0141 0.0, 0.413 -1.0142 0.0039, 0.413 -1.0142 0.0, 0.4133 -1.0143 0.0039, 0.4133 -1.0143 0.0, 0.414 -1.0144 0.0039, 0.414 -1.0144 0.0, 0.415 -1.0143 0.0039, 0.415 -1.0143 0.0, 0.4189 -1.0143 0.0039, 0.4189 -1.0143 0.0, 0.4235 -1.0143 0.0039, 0.4235 -1.0143 0.0, 0.4235 -1.1627 0.0039, 0.4235 -1.1627 0.0, 0.4216 -1.1635 0.0039, 0.4216 -1.1635 0.0, 0.4314 -1.1646 0.0039, 0.4314 -1.0148 0.0039, 0.4677 -1.019 0.0039, 0.4614 -1.0174 0.0039, 0.4526 -1.0163 0.0039, 0.4402 -1.0148 0.0039, 0.4723 -1.021 0.0039, 0.4358 -1.0147 0.0039, 0.4368 -1.1669 0.0039, 0.4488 -1.1697 0.0039, 0.4611 -1.1706 0.0039, 0.4686 -1.1691 0.0039, 0.4891 -1.0657 0.0039, 0.4846 -1.0406 0.0039, 0.479 -1.028 0.0039, 0.4757 -1.0237 0.0039, 0.4741 -1.167 0.0039, 0.4774 -1.1646 0.0039, 0.4808 -1.1605 0.0039, 0.484 -1.1544 0.0039, 0.4864 -1.1459 0.0039, 0.4897 -1.1074 0.0039, 0.4526 -1.0163 0.0, 0.4402 -1.0148 0.0, 0.4614 -1.0174 0.0, 0.4677 -1.019 0.0, 0.4723 -1.021 0.0, 0.4757 -1.0237 0.0, 0.479 -1.028 0.0, 0.4846 -1.0406 0.0, 0.4891 -1.0657 0.0, 0.4897 -1.1074 0.0, 0.4864 -1.1459 0.0, 0.484 -1.1544 0.0, 0.4808 -1.1605 0.0, 0.4774 -1.1646 0.0, 0.4741 -1.167 0.0, 0.4686 -1.1691 0.0, 0.4611 -1.1706 0.0, 0.4488 -1.1697 0.0, 0.4368 -1.1669 0.0, 0.4314 -1.1646 0.0, 0.4314 -1.0148 0.0, 0.4358 -1.0147 0.0, 0.3535 -1.104 0.0039, 0.3535 -1.104 0.0, 0.3297 -1.1009 0.0039, 0.3297 -1.1009 0.0, 0.3633 -1.106 0.0039, 0.3633 -1.106 0.0, 0.3696 -1.1082 0.0039, 0.3696 -1.1082 0.0, 0.3724 -1.11 0.0039, 0.3724 -1.11 0.0, 0.375 -1.1114 0.0039, 0.375 -1.1114 0.0, 0.3832 -1.1032 0.0039, 0.3832 -1.1032 0.0, 0.3838 -1.1024 0.0039, 0.3838 -1.1024 0.0, 0.3842 -1.1018 0.0039, 0.3842 -1.1018 0.0, 0.3844 -1.1012 0.0039, 0.3844 -1.1012 0.0, 0.3845 -1.1007 0.0039, 0.3845 -1.1007 0.0, 0.3844 -1.1003 0.0039, 0.3844 -1.1003 0.0, 0.3843 -1.0998 0.0039, 0.3843 -1.0998 0.0, 0.3839 -1.0992 0.0039, 0.3839 -1.0992 0.0, 0.3835 -1.0989 0.0039, 0.3835 -1.0989 0.0, 0.383 -1.0986 0.0039, 0.383 -1.0986 0.0, 0.3825 -1.0984 0.0039, 0.3825 -1.0984 0.0, 0.3818 -1.0983 0.0039, 0.3818 -1.0983 0.0, 0.3297 -1.091 0.0039, 0.3297 -1.091 0.0, 0.3297 -1.0143 0.0039, 0.3297 -1.0143 0.0, 0.3719 -1.0202 0.0039, 0.3719 -1.0202 0.0, 0.376 -1.0213 0.0039, 0.376 -1.0213 0.0, 0.3798 -1.0231 0.0039, 0.3798 -1.0231 0.0, 0.3823 -1.0245 0.0039, 0.3823 -1.0245 0.0, 0.3903 -1.0157 0.0039, 0.3903 -1.0157 0.0, 0.3911 -1.0145 0.0039, 0.3911 -1.0145 0.0, 0.3914 -1.0138 0.0039, 0.3914 -1.0138 0.0, 0.3914 -1.0134 0.0039, 0.3914 -1.0134 0.0, 0.3914 -1.013 0.0039, 0.3914 -1.013 0.0, 0.3913 -1.0125 0.0039, 0.3913 -1.0125 0.0, 0.391 -1.012 0.0039, 0.391 -1.012 0.0, 0.3908 -1.0117 0.0039, 0.3908 -1.0117 0.0, 0.3906 -1.0115 0.0039, 0.3906 -1.0115 0.0, 0.3903 -1.0114 0.0039, 0.3903 -1.0114 0.0, 0.3902 -1.0113 0.0039, 0.3902 -1.0113 0.0, 0.3895 -1.0112 0.0039, 0.3895 -1.0112 0.0, 0.3886 -1.0111 0.0039, 0.3886 -1.0111 0.0, 0.3843 -1.0109 0.0039, 0.3843 -1.0109 0.0, 0.3629 -1.0083 0.0039, 0.3629 -1.0083 0.0, 0.3416 -1.0049 0.0039, 0.3416 -1.0049 0.0, 0.3286 -1.0027 0.0039, 0.3286 -1.0027 0.0, 0.3254 -1.0015 0.0039, 0.3254 -1.0015 0.0, 0.3234 -1.001 0.0039, 0.3234 -1.001 0.0, 0.322 -1.001 0.0039, 0.322 -1.001 0.0, 0.3212 -1.0011 0.0039, 0.3212 -1.0011 0.0, 0.3206 -1.0014 0.0039, 0.3206 -1.0014 0.0, 0.3198 -1.0019 0.0039, 0.3198 -1.0019 0.0, 0.3193 -1.0027 0.0039, 0.3193 -1.0027 0.0, 0.319 -1.0033 0.0039, 0.319 -1.0033 0.0, 0.3188 -1.0044 0.0039, 0.3188 -1.0044 0.0, 0.3188 -1.006 0.0039, 0.3188 -1.006 0.0, 0.3189 -1.0066 0.0039, 0.3189 -1.0066 0.0, 0.3207 -1.0138 0.0039, 0.3207 -1.0138 0.0, 0.3215 -1.0211 0.0039, 0.3215 -1.0211 0.0, 0.3215 -1.0265 0.0039, 0.3215 -1.0265 0.0, 0.3216 -1.03 0.0039, 0.3216 -1.03 0.0, 0.3218 -1.0335 0.0039, 0.3218 -1.0335 0.0, 0.3215 -1.1632 0.0039, 0.3215 -1.1632 0.0, 0.3183 -1.167 0.0039, 0.3183 -1.167 0.0, 0.3163 -1.1693 0.0039, 0.3163 -1.1693 0.0, 0.3152 -1.171 0.0039, 0.3152 -1.171 0.0, 0.3148 -1.1719 0.0039, 0.3148 -1.1719 0.0, 0.3145 -1.1733 0.0039, 0.3145 -1.1733 0.0, 0.3145 -1.1742 0.0039, 0.3145 -1.1742 0.0, 0.3145 -1.1748 0.0039, 0.3145 -1.1748 0.0, 0.3145 -1.175 0.0039, 0.3145 -1.175 0.0, 0.3146 -1.1753 0.0039, 0.3146 -1.1753 0.0, 0.3147 -1.1754 0.0039, 0.3147 -1.1754 0.0, 0.3148 -1.1755 0.0039, 0.3148 -1.1755 0.0, 0.315 -1.1756 0.0039, 0.315 -1.1756 0.0, 0.3154 -1.1757 0.0039, 0.3154 -1.1757 0.0, 0.3161 -1.1757 0.0039, 0.3161 -1.1757 0.0, 0.3169 -1.1757 0.0039, 0.3169 -1.1757 0.0, 0.3223 -1.1748 0.0039, 0.3223 -1.1748 0.0, 0.3271 -1.1742 0.0039, 0.3271 -1.1742 0.0, 0.3319 -1.1742 0.0039, 0.3319 -1.1742 0.0, 0.3328 -1.1742 0.0039, 0.3328 -1.1742 0.0, 0.3383 -1.1744 0.0039, 0.3383 -1.1744 0.0, 0.3438 -1.1751 0.0039, 0.3438 -1.1751 0.0, 0.3549 -1.1771 0.0039, 0.3549 -1.1771 0.0, 0.3646 -1.179 0.0039, 0.3646 -1.179 0.0, 0.3723 -1.1818 0.0039, 0.3723 -1.1818 0.0, 0.3739 -1.1827 0.0039, 0.3739 -1.1827 0.0, 0.3756 -1.1839 0.0, 0.3764 -1.1844 0.0039, 0.3764 -1.1844 0.0, 0.3769 -1.1839 0.0, 0.3846 -1.1759 0.0039, 0.3846 -1.1759 0.0, 0.3851 -1.175 0.0039, 0.3851 -1.175 0.0, 0.3855 -1.1743 0.0039, 0.3855 -1.1743 0.0, 0.3857 -1.1738 0.0039, 0.3857 -1.1738 0.0, 0.3857 -1.1734 0.0039, 0.3857 -1.1734 0.0, 0.3857 -1.173 0.0039, 0.3857 -1.173 0.0, 0.3856 -1.1726 0.0039, 0.3856 -1.1726 0.0, 0.3853 -1.1723 0.0039, 0.3853 -1.1723 0.0, 0.3849 -1.1719 0.0039, 0.3849 -1.1719 0.0, 0.3844 -1.1716 0.0039, 0.3844 -1.1716 0.0, 0.3839 -1.1715 0.0039, 0.3839 -1.1715 0.0, 0.3832 -1.1714 0.0039, 0.3832 -1.1714 0.0, 0.3787 -1.1708 0.0039, 0.3787 -1.1708 0.0, 0.372 -1.1699 0.0039, 0.372 -1.1699 0.0, 0.3653 -1.1692 0.0039, 0.3653 -1.1692 0.0, 0.3297 -1.1632 0.0039, 0.3297 -1.1632 0.0, 0.2866 -1.1802 0.0039, 0.2866 -1.1802 0.0, 0.2823 -1.1802 0.0039, 0.2823 -1.1802 0.0, 0.2866 -1.1046 0.0039, 0.2866 -1.1046 0.0, 0.2812 -1.1046 0.0039, 0.2812 -1.1046 0.0, 0.2788 -1.1445 0.0039, 0.2788 -1.1445 0.0, 0.2753 -1.1573 0.0039, 0.2753 -1.1573 0.0, 0.2718 -1.1643 0.0039, 0.2718 -1.1643 0.0, 0.2683 -1.1684 0.0039, 0.2683 -1.1684 0.0, 0.2646 -1.1713 0.0039, 0.2646 -1.1713 0.0, 0.2606 -1.173 0.0039, 0.2606 -1.173 0.0, 0.2563 -1.174 0.0039, 0.2563 -1.174 0.0, 0.2504 -1.1736 0.0039, 0.2504 -1.1736 0.0, 0.2453 -1.1719 0.0039, 0.2453 -1.1719 0.0, 0.2405 -1.1689 0.0039, 0.2405 -1.1689 0.0, 0.236 -1.1645 0.0039, 0.236 -1.1645 0.0, 0.2311 -1.1568 0.0039, 0.2311 -1.1568 0.0, 0.2245 -1.1378 0.0039, 0.2245 -1.1378 0.0, 0.2219 -1.123 0.0039, 0.2219 -1.123 0.0, 0.2209 -1.078 0.0039, 0.2209 -1.078 0.0, 0.2279 -1.0375 0.0039, 0.2279 -1.0375 0.0, 0.2322 -1.026 0.0039, 0.2322 -1.026 0.0, 0.2386 -1.0169 0.0039, 0.2386 -1.0169 0.0, 0.2427 -1.0131 0.0039, 0.2427 -1.0131 0.0, 0.2463 -1.011 0.0039, 0.2463 -1.011 0.0, 0.2501 -1.0098 0.0039, 0.2501 -1.0098 0.0, 0.254 -1.0095 0.0039, 0.254 -1.0095 0.0, 0.2604 -1.0099 0.0039, 0.2604 -1.0099 0.0, 0.2666 -1.0123 0.0039, 0.2666 -1.0123 0.0, 0.2717 -1.0158 0.0039, 0.2717 -1.0158 0.0, 0.2758 -1.0206 0.0039, 0.2758 -1.0206 0.0, 0.2795 -1.028 0.0039, 0.2795 -1.028 0.0, 0.2836 -1.0467 0.0039, 0.2836 -1.0467 0.0, 0.2848 -1.0551 0.0039, 0.2848 -1.0551 0.0, 0.2863 -1.07 0.0039, 0.2863 -1.07 0.0, 0.2908 -1.0698 0.0039, 0.2908 -1.0698 0.0, 0.2887 -1.036 0.0039, 0.2887 -1.036 0.0, 0.2854 -1.0233 0.0039, 0.2854 -1.0233 0.0, 0.2806 -1.0135 0.0039, 0.2806 -1.0135 0.0, 0.2769 -1.0088 0.0039, 0.2769 -1.0088 0.0, 0.2715 -1.0044 0.0039, 0.2715 -1.0044 0.0, 0.2646 -1.0013 0.0039, 0.2646 -1.0013 0.0, 0.258 -1.0001 0.0039, 0.258 -1.0001 0.0, 0.2507 -1.0004 0.0039, 0.2507 -1.0004 0.0, 0.2432 -1.0027 0.0039, 0.2432 -1.0027 0.0, 0.2367 -1.0065 0.0039, 0.2367 -1.0065 0.0, 0.2319 -1.0113 0.0039, 0.2319 -1.0113 0.0, 0.2255 -1.0219 0.0039, 0.2255 -1.0219 0.0, 0.2176 -1.0456 0.0039, 0.2176 -1.0456 0.0, 0.2145 -1.0648 0.0039, 0.2145 -1.0648 0.0, 0.2144 -1.1219 0.0039, 0.2144 -1.1219 0.0, 0.2212 -1.1526 0.0039, 0.2212 -1.1526 0.0, 0.2272 -1.1661 0.0039, 0.2272 -1.1661 0.0, 0.233 -1.1736 0.0039, 0.233 -1.1736 0.0, 0.2418 -1.1804 0.0039, 0.2418 -1.1804 0.0, 0.246 -1.1824 0.0039, 0.246 -1.1824 0.0, 0.25 -1.1832 0.0039, 0.25 -1.1832 0.0, 0.254 -1.1833 0.0039, 0.254 -1.1833 0.0, 0.2623 -1.1811 0.0039, 0.2623 -1.1811 0.0, 0.2689 -1.1775 0.0039, 0.2689 -1.1775 0.0, 0.2745 -1.1724 0.0039, 0.2745 -1.1724 0.0, 0.2778 -1.168 0.0039, 0.2778 -1.168 0.0, 0.2803 -1.1635 0.0039, 0.2803 -1.1635 0.0, 0.1422 -1.1751 0.0039, 0.1422 -1.1751 0.0, 0.1297 -1.1907 0.0039, 0.1352 -1.1839 0.0, 0.1297 -1.1907 0.0, 0.1393 -1.1689 0.0039, 0.1393 -1.1689 0.0, 0.138 -1.1609 0.0039, 0.138 -1.1609 0.0, 0.138 -1.1572 0.0039, 0.138 -1.1572 0.0, 0.138 -1.0129 0.0039, 0.138 -1.0129 0.0, 0.1597 -1.0147 0.0039, 0.1597 -1.0147 0.0, 0.1701 -1.0163 0.0039, 0.1701 -1.0163 0.0, 0.1736 -1.0171 0.0039, 0.1736 -1.0171 0.0, 0.1757 -1.0181 0.0039, 0.1757 -1.0181 0.0, 0.1783 -1.0203 0.0039, 0.1783 -1.0203 0.0, 0.1792 -1.0209 0.0039, 0.1792 -1.0209 0.0, 0.1801 -1.0213 0.0039, 0.1801 -1.0213 0.0, 0.1867 -1.0155 0.0039, 0.1867 -1.0155 0.0, 0.1898 -1.0127 0.0039, 0.1898 -1.0127 0.0, 0.1909 -1.0115 0.0039, 0.1909 -1.0115 0.0, 0.1914 -1.0106 0.0039, 0.1914 -1.0106 0.0, 0.1916 -1.0097 0.0039, 0.1916 -1.0097 0.0, 0.1917 -1.0086 0.0039, 0.1917 -1.0086 0.0, 0.1914 -1.008 0.0039, 0.1914 -1.008 0.0, 0.1912 -1.0077 0.0039, 0.1912 -1.0077 0.0, 0.1908 -1.0075 0.0039, 0.1908 -1.0075 0.0, 0.1901 -1.0072 0.0039, 0.1901 -1.0072 0.0, 0.189 -1.0071 0.0039, 0.189 -1.0071 0.0, 0.184 -1.007 0.0039, 0.184 -1.007 0.0, 0.1769 -1.0059 0.0039, 0.1769 -1.0059 0.0, 0.1582 -1.004 0.0039, 0.1582 -1.004 0.0, 0.1521 -1.0035 0.0039, 0.1521 -1.0035 0.0, 0.1402 -1.0024 0.0039, 0.1402 -1.0024 0.0, 0.1337 -1.0018 0.0039, 0.1337 -1.0018 0.0, 0.1322 -1.0014 0.0039, 0.1322 -1.0014 0.0, 0.1314 -1.0013 0.0039, 0.1314 -1.0013 0.0, 0.1309 -1.0014 0.0039, 0.1309 -1.0014 0.0, 0.1304 -1.0016 0.0039, 0.1304 -1.0016 0.0, 0.1301 -1.0018 0.0039, 0.1301 -1.0018 0.0, 0.1297 -1.0023 0.0039, 0.1297 -1.0023 0.0, 0.1293 -1.0031 0.0039, 0.1293 -1.0031 0.0, 0.1291 -1.0038 0.0039, 0.1291 -1.0038 0.0, 0.1291 -1.0054 0.0039, 0.1291 -1.0054 0.0, 0.1299 -1.0123 0.0039, 0.1299 -1.0123 0.0, 0.13 -1.014 0.0039, 0.13 -1.014 0.0, 0.1306 -1.0307 0.0039, 0.1306 -1.0307 0.0, 0.1306 -1.1581 0.0039, 0.1306 -1.1581 0.0, 0.1304 -1.1719 0.0, 0.1304 -1.1719 0.0039, 0.1286 -1.1839 0.0, 0.1283 -1.1856 0.0039, 0.1283 -1.1856 0.0, 0.1278 -1.1884 0.0039, 0.1278 -1.1884 0.0
            ]
        }
        coordIndex [
            0,1,2,-1,2,1,3,-1,4,5,0,-1,0,5,1,-1,6,7,4,-1,4,7,8,-1,4,8,5,-1,7,6,9,-1,7,9,10,-1,10,9,11,-1,10,11,12,-1,12,11,13,-1,12,13,14,-1,14,13,15,-1,14,15,16,-1,16,15,17,-1,16,17,18,-1,18,17,19,-1,18,19,20,-1,20,19,21,-1,20,21,22,-1,22,21,23,-1,22,23,24,-1,24,23,25,-1,24,25,26,-1,26,25,27,-1,26,27,28,-1,28,27,29,-1,28,29,30,-1,30,29,31,-1,30,31,32,-1,32,31,33,-1,32,33,34,-1,34,33,35,-1,34,35,36,-1,36,35,37,-1,37,35,38,-1,37,38,39,-1,40,41,38,-1,38,41,39,-1,41,40,42,-1,41,42,43,-1,43,42,44,-1,43,44,45,-1,45,44,46,-1,45,46,47,-1,47,46,48,-1,47,48,49,-1,50,51,48,-1,48,51,49,-1,51,50,52,-1,51,52,53,-1,53,52,54,-1,53,54,55,-1,55,54,56,-1,56,54,57,-1,56,57,58,-1,59,60,57,-1,57,60,58,-1,61,62,59,-1,59,62,63,-1,59,63,60,-1,64,65,61,-1,61,65,62,-1,65,64,66,-1,65,66,67,-1,67,66,68,-1,67,68,69,-1,70,71,68,-1,68,71,69,-1,71,70,72,-1,71,72,73,-1,73,72,74,-1,73,74,75,-1,75,74,76,-1,75,76,77,-1,77,76,78,-1,77,78,79,-1,79,78,80,-1,79,80,81,-1,81,80,82,-1,81,82,83,-1,83,82,84,-1,83,84,85,-1,85,84,86,-1,85,86,87,-1,87,86,88,-1,87,88,89,-1,90,91,88,-1,88,91,89,-1,91,90,92,-1,92,90,93,-1,92,93,94,-1,94,93,95,-1,94,95,96,-1,96,95,97,-1,96,97,98,-1,98,97,99,-1,98,99,100,-1,100,99,101,-1,100,101,102,-1,102,101,103,-1,102,103,104,-1,104,103,105,-1,104,105,106,-1,106,105,107,-1,106,107,108,-1,108,107,109,-1,108,109,110,-1,110,109,111,-1,110,111,112,-1,112,111,113,-1,112,113,114,-1,114,113,115,-1,114,115,116,-1,116,115,117,-1,116,117,118,-1,118,117,119,-1,118,119,120,-1,120,119,121,-1,120,121,122,-1,122,121,123,-1,122,123,124,-1,124,123,125,-1,124,125,126,-1,127,128,125,-1,125,128,129,-1,125,129,126,-1,130,131,127,-1,127,131,128,-1,130,2,131,-1,131,2,3,-1,132,57,133,-1,133,57,54,-1,6,4,35,-1,130,134,135,-1,74,72,127,-1,127,72,70,-1,135,136,130,-1,130,136,137,-1,130,137,2,-1,2,137,138,-1,52,0,54,-1,54,0,2,-1,54,2,133,-1,133,2,138,-1,70,68,127,-1,127,68,66,-1,127,66,130,-1,130,66,64,-1,130,64,134,-1,134,64,61,-1,134,61,132,-1,132,61,59,-1,132,59,57,-1,0,40,4,-1,4,40,38,-1,4,38,35,-1,97,95,125,-1,125,95,93,-1,125,93,127,-1,127,93,90,-1,90,88,127,-1,127,88,86,-1,127,86,74,-1,74,86,84,-1,74,84,76,-1,52,50,0,-1,0,50,48,-1,0,48,46,-1,33,11,35,-1,35,11,9,-1,35,9,6,-1,46,44,0,-1,0,44,42,-1,0,42,40,-1,82,80,84,-1,84,80,78,-1,84,78,76,-1,121,103,123,-1,123,103,101,-1,123,101,125,-1,125,101,99,-1,125,99,97,-1,121,119,103,-1,103,119,117,-1,103,117,105,-1,31,15,33,-1,33,15,13,-1,33,13,11,-1,31,29,15,-1,15,29,27,-1,15,27,25,-1,19,17,21,-1,21,17,15,-1,21,15,23,-1,23,15,25,-1,113,111,115,-1,115,111,109,-1,115,109,117,-1,117,109,107,-1,117,107,105,-1,133,139,132,-1,132,139,140,-1,139,133,138,-1,139,138,141,-1,141,138,137,-1,141,137,142,-1,142,137,136,-1,142,136,143,-1,135,144,136,-1,136,144,143,-1,134,145,135,-1,135,145,144,-1,140,145,132,-1,132,145,134,-1,146,147,148,-1,148,147,149,-1,147,146,150,-1,147,150,151,-1,151,150,152,-1,151,152,153,-1,153,152,154,-1,153,154,155,-1,155,154,156,-1,155,156,157,-1,157,156,158,-1,157,158,159,-1,159,158,160,-1,159,160,161,-1,161,160,162,-1,161,162,163,-1,163,162,164,-1,163,164,165,-1,165,164,166,-1,165,166,167,-1,168,169,166,-1,166,169,167,-1,170,171,168,-1,168,171,169,-1,171,170,172,-1,171,172,173,-1,173,172,174,-1,173,174,175,-1,176,177,174,-1,174,177,175,-1,178,179,176,-1,176,179,177,-1,179,178,180,-1,179,180,181,-1,181,180,182,-1,181,182,183,-1,183,182,184,-1,183,184,185,-1,185,184,186,-1,185,186,187,-1,187,186,188,-1,187,188,189,-1,189,188,190,-1,189,190,191,-1,191,190,192,-1,191,192,193,-1,193,192,194,-1,193,194,195,-1,195,194,196,-1,195,196,197,-1,197,196,198,-1,197,198,199,-1,199,198,200,-1,199,200,201,-1,201,200,202,-1,201,202,203,-1,203,202,204,-1,203,204,205,-1,205,204,206,-1,205,206,207,-1,207,206,208,-1,207,208,209,-1,209,208,210,-1,209,210,211,-1,211,210,212,-1,211,212,213,-1,214,215,212,-1,212,215,213,-1,215,214,216,-1,215,216,217,-1,217,216,218,-1,217,218,219,-1,219,218,220,-1,220,218,221,-1,220,221,222,-1,222,221,223,-1,222,223,224,-1,225,224,226,-1,226,224,223,-1,225,226,227,-1,227,226,228,-1,227,228,229,-1,229,228,230,-1,229,230,231,-1,231,230,232,-1,231,232,233,-1,233,232,234,-1,233,234,235,-1,236,237,234,-1,234,237,235,-1,237,236,238,-1,237,238,239,-1,239,238,240,-1,239,240,241,-1,241,240,242,-1,241,242,243,-1,243,242,244,-1,243,244,245,-1,245,244,246,-1,245,246,247,-1,247,246,248,-1,247,248,249,-1,249,248,250,-1,249,250,251,-1,251,250,252,-1,251,252,253,-1,253,252,254,-1,253,254,255,-1,255,254,256,-1,255,256,257,-1,257,256,258,-1,257,258,259,-1,259,258,260,-1,259,260,261,-1,261,260,262,-1,261,262,263,-1,263,262,264,-1,263,264,265,-1,266,267,264,-1,264,267,265,-1,268,269,266,-1,266,269,267,-1,270,271,268,-1,268,271,269,-1,271,270,272,-1,271,272,273,-1,273,272,148,-1,273,148,149,-1,242,240,264,-1,170,168,274,-1,168,166,146,-1,146,166,164,-1,146,164,150,-1,146,148,168,-1,168,148,272,-1,168,272,274,-1,274,272,270,-1,274,270,275,-1,276,277,232,-1,232,277,278,-1,232,278,279,-1,240,238,264,-1,264,238,236,-1,264,236,266,-1,266,236,234,-1,266,234,268,-1,268,234,232,-1,232,230,276,-1,276,230,216,-1,276,216,280,-1,270,268,275,-1,275,268,232,-1,275,232,281,-1,281,232,279,-1,282,283,178,-1,178,283,180,-1,180,283,284,-1,180,284,182,-1,258,256,254,-1,178,176,282,-1,282,176,174,-1,282,174,274,-1,274,174,172,-1,274,172,170,-1,182,284,184,-1,184,284,285,-1,184,285,186,-1,264,250,248,-1,162,154,164,-1,164,154,152,-1,164,152,150,-1,162,160,154,-1,154,160,158,-1,154,158,156,-1,286,287,202,-1,250,264,252,-1,252,264,262,-1,252,262,254,-1,254,262,260,-1,254,260,258,-1,248,246,264,-1,264,246,244,-1,264,244,242,-1,226,223,228,-1,228,223,221,-1,228,221,230,-1,230,221,218,-1,230,218,216,-1,202,287,204,-1,216,214,280,-1,280,214,212,-1,280,212,210,-1,287,288,204,-1,204,288,289,-1,204,289,206,-1,206,289,280,-1,206,280,208,-1,208,280,210,-1,186,285,188,-1,188,285,290,-1,188,290,190,-1,190,290,291,-1,190,291,192,-1,192,291,292,-1,192,292,194,-1,292,293,194,-1,194,293,294,-1,194,294,196,-1,196,294,295,-1,196,295,198,-1,198,295,286,-1,198,286,200,-1,200,286,202,-1,278,296,279,-1,279,296,297,-1,296,278,277,-1,296,277,298,-1,298,277,276,-1,298,276,299,-1,299,276,280,-1,299,280,300,-1,300,280,289,-1,300,289,301,-1,301,289,288,-1,301,288,302,-1,302,288,287,-1,302,287,303,-1,303,287,286,-1,303,286,304,-1,304,286,295,-1,304,295,305,-1,305,295,294,-1,305,294,306,-1,306,294,293,-1,306,293,307,-1,307,293,292,-1,307,292,308,-1,308,292,291,-1,308,291,309,-1,309,291,290,-1,309,290,310,-1,310,290,285,-1,310,285,311,-1,311,285,284,-1,311,284,312,-1,312,284,283,-1,312,283,313,-1,313,283,282,-1,313,282,314,-1,274,315,282,-1,282,315,314,-1,275,316,274,-1,274,316,315,-1,316,275,281,-1,316,281,317,-1,317,281,279,-1,317,279,297,-1,318,319,320,-1,320,319,321,-1,319,318,322,-1,319,322,323,-1,323,322,324,-1,323,324,325,-1,325,324,326,-1,325,326,327,-1,328,329,326,-1,326,329,327,-1,330,331,328,-1,328,331,329,-1,331,330,332,-1,331,332,333,-1,333,332,334,-1,333,334,335,-1,335,334,336,-1,335,336,337,-1,337,336,338,-1,337,338,339,-1,339,338,340,-1,339,340,341,-1,341,340,342,-1,341,342,343,-1,343,342,344,-1,343,344,345,-1,345,344,346,-1,345,346,347,-1,347,346,348,-1,347,348,349,-1,349,348,350,-1,349,350,351,-1,351,350,352,-1,351,352,353,-1,354,355,352,-1,352,355,353,-1,356,357,354,-1,354,357,355,-1,358,359,356,-1,356,359,357,-1,359,358,360,-1,359,360,361,-1,361,360,362,-1,361,362,363,-1,364,365,362,-1,362,365,363,-1,366,367,364,-1,364,367,365,-1,367,366,368,-1,367,368,369,-1,369,368,370,-1,369,370,371,-1,371,370,372,-1,371,372,373,-1,373,372,374,-1,373,374,375,-1,375,374,376,-1,375,376,377,-1,377,376,378,-1,377,378,379,-1,379,378,380,-1,379,380,381,-1,381,380,382,-1,381,382,383,-1,383,382,384,-1,383,384,385,-1,385,384,386,-1,385,386,387,-1,387,386,388,-1,387,388,389,-1,389,388,390,-1,389,390,391,-1,392,393,390,-1,390,393,391,-1,393,392,394,-1,393,394,395,-1,395,394,396,-1,395,396,397,-1,398,399,396,-1,396,399,397,-1,399,398,400,-1,399,400,401,-1,401,400,402,-1,401,402,403,-1,403,402,404,-1,403,404,405,-1,405,404,406,-1,405,406,407,-1,407,406,408,-1,407,408,409,-1,409,408,410,-1,409,410,411,-1,411,410,412,-1,411,412,413,-1,413,412,414,-1,413,414,415,-1,415,414,416,-1,415,416,417,-1,417,416,418,-1,417,418,419,-1,419,418,420,-1,419,420,421,-1,421,420,422,-1,421,422,423,-1,423,422,424,-1,423,424,425,-1,426,427,424,-1,424,427,425,-1,427,426,428,-1,427,428,429,-1,429,428,430,-1,429,430,431,-1,432,433,430,-1,430,433,431,-1,433,432,434,-1,433,434,435,-1,435,434,436,-1,435,436,437,-1,437,436,438,-1,437,438,439,-1,439,438,440,-1,439,440,441,-1,441,440,442,-1,441,442,443,-1,443,442,444,-1,443,444,445,-1,445,444,446,-1,445,446,447,-1,447,446,448,-1,447,448,449,-1,449,448,450,-1,449,450,451,-1,451,450,452,-1,451,452,453,-1,453,452,454,-1,453,454,455,-1,455,454,456,-1,455,456,457,-1,457,456,458,-1,457,458,459,-1,459,458,460,-1,459,460,461,-1,461,460,462,-1,461,462,463,-1,464,465,462,-1,462,465,463,-1,465,464,466,-1,465,466,467,-1,467,466,468,-1,467,468,469,-1,470,471,468,-1,468,471,469,-1,471,470,472,-1,471,472,473,-1,473,472,474,-1,473,474,475,-1,476,477,474,-1,474,477,475,-1,477,476,478,-1,477,478,479,-1,479,478,480,-1,479,480,481,-1,481,480,482,-1,481,482,483,-1,483,482,484,-1,484,482,485,-1,484,485,486,-1,486,485,487,-1,487,485,488,-1,487,488,489,-1,489,488,490,-1,489,490,491,-1,491,490,492,-1,491,492,493,-1,493,492,494,-1,493,494,495,-1,495,494,496,-1,495,496,497,-1,497,496,498,-1,497,498,499,-1,499,498,500,-1,499,500,501,-1,501,500,502,-1,501,502,503,-1,503,502,504,-1,503,504,505,-1,505,504,506,-1,505,506,507,-1,507,506,508,-1,507,508,509,-1,509,508,510,-1,509,510,511,-1,512,513,510,-1,510,513,511,-1,513,512,514,-1,513,514,515,-1,515,514,516,-1,515,516,517,-1,518,519,516,-1,516,519,517,-1,518,320,519,-1,519,320,321,-1,402,400,356,-1,362,360,392,-1,392,360,358,-1,326,324,352,-1,400,398,356,-1,356,398,396,-1,356,396,358,-1,358,396,394,-1,358,394,392,-1,430,428,356,-1,428,426,356,-1,356,426,424,-1,356,424,422,-1,422,420,356,-1,356,420,418,-1,356,418,416,-1,320,354,318,-1,318,354,352,-1,318,352,322,-1,322,352,324,-1,362,392,364,-1,364,392,390,-1,364,390,366,-1,366,390,388,-1,366,388,386,-1,356,410,408,-1,436,434,518,-1,518,434,432,-1,518,432,320,-1,320,432,430,-1,320,430,354,-1,354,430,356,-1,416,414,356,-1,356,414,412,-1,356,412,410,-1,336,334,350,-1,350,334,352,-1,328,326,330,-1,330,326,352,-1,330,352,332,-1,332,352,334,-1,448,446,518,-1,518,446,444,-1,518,444,442,-1,386,384,366,-1,366,384,382,-1,366,382,380,-1,408,406,356,-1,356,406,404,-1,356,404,402,-1,496,494,508,-1,508,494,492,-1,508,492,510,-1,510,492,490,-1,510,490,488,-1,472,470,518,-1,518,470,468,-1,518,468,466,-1,466,464,518,-1,518,464,462,-1,518,462,460,-1,370,376,372,-1,372,376,374,-1,380,378,366,-1,366,378,376,-1,366,376,368,-1,368,376,370,-1,454,452,518,-1,518,452,450,-1,518,450,448,-1,442,440,518,-1,518,440,438,-1,518,438,436,-1,488,485,510,-1,510,485,482,-1,510,482,512,-1,512,482,480,-1,512,480,514,-1,514,480,478,-1,514,478,516,-1,516,478,476,-1,516,476,518,-1,518,476,474,-1,518,474,472,-1,460,458,518,-1,518,458,456,-1,518,456,454,-1,342,340,350,-1,350,340,338,-1,350,338,336,-1,502,508,504,-1,504,508,506,-1,502,500,508,-1,508,500,498,-1,508,498,496,-1,348,346,350,-1,350,346,344,-1,350,344,342,-1,520,521,522,-1,522,521,523,-1,524,525,520,-1,520,525,521,-1,526,527,524,-1,524,527,525,-1,527,526,528,-1,527,528,529,-1,529,528,530,-1,529,530,531,-1,531,530,532,-1,531,532,533,-1,533,532,534,-1,533,534,535,-1,535,534,536,-1,535,536,537,-1,537,536,538,-1,537,538,539,-1,539,538,540,-1,539,540,541,-1,541,540,542,-1,541,542,543,-1,543,542,544,-1,543,544,545,-1,545,544,546,-1,545,546,547,-1,547,546,548,-1,547,548,549,-1,549,548,550,-1,549,550,551,-1,551,550,552,-1,551,552,553,-1,553,552,554,-1,553,554,555,-1,555,554,556,-1,555,556,557,-1,557,556,558,-1,557,558,559,-1,559,558,560,-1,559,560,561,-1,561,560,562,-1,561,562,563,-1,563,562,564,-1,563,564,565,-1,565,564,566,-1,565,566,567,-1,567,566,568,-1,567,568,569,-1,569,568,570,-1,569,570,571,-1,571,570,572,-1,571,572,573,-1,573,572,574,-1,573,574,575,-1,575,574,576,-1,575,576,577,-1,577,576,578,-1,577,578,579,-1,579,578,580,-1,579,580,581,-1,581,580,582,-1,581,582,583,-1,583,582,584,-1,583,584,585,-1,586,587,584,-1,584,587,585,-1,588,589,586,-1,586,589,587,-1,589,588,590,-1,589,590,591,-1,591,590,592,-1,591,592,593,-1,593,592,594,-1,593,594,595,-1,595,594,596,-1,595,596,597,-1,597,596,598,-1,597,598,599,-1,599,598,600,-1,599,600,601,-1,601,600,602,-1,601,602,603,-1,603,602,604,-1,603,604,605,-1,605,604,606,-1,605,606,607,-1,607,606,608,-1,607,608,609,-1,609,608,610,-1,609,610,611,-1,611,610,612,-1,611,612,613,-1,613,612,614,-1,613,614,615,-1,615,614,616,-1,615,616,617,-1,617,616,618,-1,617,618,619,-1,619,618,620,-1,619,620,621,-1,621,620,622,-1,621,622,623,-1,623,622,624,-1,623,624,625,-1,625,624,626,-1,625,626,627,-1,627,626,628,-1,627,628,629,-1,629,628,630,-1,629,630,631,-1,631,630,632,-1,631,632,633,-1,633,632,634,-1,633,634,635,-1,635,634,636,-1,635,636,637,-1,637,636,638,-1,637,638,639,-1,639,638,640,-1,639,640,641,-1,642,643,640,-1,640,643,641,-1,642,522,643,-1,643,522,523,-1,524,520,642,-1,642,520,522,-1,640,536,642,-1,642,536,534,-1,642,534,532,-1,526,524,528,-1,528,524,642,-1,528,642,530,-1,530,642,532,-1,640,638,536,-1,536,638,636,-1,536,636,538,-1,538,636,634,-1,538,634,540,-1,540,634,632,-1,540,632,542,-1,632,630,542,-1,542,630,628,-1,542,628,544,-1,544,628,626,-1,544,626,546,-1,546,626,624,-1,546,624,548,-1,548,624,622,-1,548,622,550,-1,550,622,552,-1,552,622,620,-1,552,620,554,-1,554,620,618,-1,554,618,556,-1,556,618,616,-1,556,616,558,-1,558,616,614,-1,558,614,560,-1,560,614,612,-1,560,612,562,-1,562,612,610,-1,562,610,564,-1,564,610,608,-1,564,608,566,-1,566,608,606,-1,566,606,568,-1,568,606,604,-1,568,604,570,-1,570,604,602,-1,570,602,572,-1,572,602,600,-1,572,600,574,-1,574,600,598,-1,574,598,576,-1,576,598,596,-1,576,596,578,-1,578,596,594,-1,578,594,580,-1,580,594,592,-1,580,592,582,-1,582,592,590,-1,582,590,584,-1,584,590,588,-1,584,588,586,-1,644,645,646,-1,646,645,647,-1,646,647,648,-1,645,644,649,-1,645,649,650,-1,650,649,651,-1,650,651,652,-1,652,651,653,-1,652,653,654,-1,655,656,653,-1,653,656,654,-1,656,655,657,-1,656,657,658,-1,658,657,659,-1,658,659,660,-1,660,659,661,-1,660,661,662,-1,662,661,663,-1,662,663,664,-1,664,663,665,-1,664,665,666,-1,666,665,667,-1,666,667,668,-1,668,667,669,-1,668,669,670,-1,670,669,671,-1,670,671,672,-1,672,671,673,-1,672,673,674,-1,674,673,675,-1,674,675,676,-1,676,675,677,-1,676,677,678,-1,678,677,679,-1,678,679,680,-1,680,679,681,-1,680,681,682,-1,682,681,683,-1,682,683,684,-1,684,683,685,-1,684,685,686,-1,686,685,687,-1,686,687,688,-1,688,687,689,-1,688,689,690,-1,690,689,691,-1,690,691,692,-1,692,691,693,-1,692,693,694,-1,694,693,695,-1,694,695,696,-1,696,695,697,-1,696,697,698,-1,698,697,699,-1,698,699,700,-1,701,702,699,-1,699,702,700,-1,703,704,701,-1,701,704,702,-1,704,703,705,-1,704,705,706,-1,706,705,707,-1,706,707,708,-1,708,707,709,-1,708,709,710,-1,710,709,711,-1,710,711,712,-1,712,711,713,-1,712,713,714,-1,714,713,715,-1,714,715,716,-1,716,715,717,-1,716,717,718,-1,718,717,719,-1,718,719,720,-1,720,719,721,-1,720,721,722,-1,722,721,723,-1,722,723,724,-1,724,723,725,-1,724,725,726,-1,727,728,725,-1,725,728,726,-1,729,730,727,-1,727,730,728,-1,731,730,732,-1,732,730,729,-1,731,732,733,-1,733,732,734,-1,733,734,735,-1,736,737,734,-1,734,737,735,-1,736,646,737,-1,737,646,648,-1,667,665,693,-1,693,665,663,-1,693,663,695,-1,669,667,671,-1,671,667,693,-1,671,693,673,-1,673,693,691,-1,673,691,675,-1,729,727,655,-1,655,727,725,-1,655,725,723,-1,663,661,695,-1,695,661,659,-1,695,659,697,-1,697,659,657,-1,646,736,644,-1,644,736,734,-1,644,734,649,-1,649,734,732,-1,649,732,651,-1,651,732,729,-1,651,729,653,-1,653,729,655,-1,723,721,655,-1,655,721,719,-1,655,719,717,-1,679,689,687,-1,689,679,691,-1,691,679,677,-1,691,677,675,-1,717,715,655,-1,655,715,713,-1,655,713,711,-1,711,709,655,-1,655,709,707,-1,655,707,705,-1,705,703,655,-1,655,703,701,-1,655,701,657,-1,657,701,699,-1,657,699,697,-1,687,685,679,-1,679,685,683,-1,679,683,681,-1,
        ]
    }
}
Shape{
    appearance Appearance {
        material  Material 	{
            diffuseColor 0.27450980392156865 0.49411764705882355 0.27450980392156865
            specularColor 0.0196078431372549 0.03529411764705882 0.0196078431372549
            ambientIntensity 0.5763
            transparency 0.0
            shininess 0.5
        }
    }
    geometry IndexedFaceSet {
        ccw TRUE
        solid FALSE
        coord DEF co Coordinate {
            point [
                0.5677 -1.0873 0.0, 0.5753 -1.08 0.0, 0.5572 -1.1595 0.0, 0.5388 -1.0763 0.0, 0.5499 -1.0786 0.0, 0.5582 -1.0812 0.0, 0.5606 -1.0825 0.0, 0.4314 -1.1646 0.0, 0.4314 -1.0148 0.0, 0.4368 -1.1669 0.0, 0.4358 -1.0147 0.0, 0.4402 -1.0148 0.0, 0.4526 -1.0163 0.0, 0.4614 -1.0174 0.0, 0.4611 -1.1706 0.0, 0.4488 -1.1697 0.0, 0.4897 -1.1074 0.0, 0.4891 -1.0657 0.0, 0.4686 -1.1691 0.0, 0.4864 -1.1459 0.0, 0.484 -1.1544 0.0, 0.4677 -1.019 0.0, 0.4723 -1.021 0.0, 0.4757 -1.0237 0.0, 0.4808 -1.1605 0.0, 0.4774 -1.1646 0.0, 0.4741 -1.167 0.0, 0.479 -1.028 0.0, 0.4846 -1.0406 0.0, 0.2638 0.9842 1.5222, 0.2638 0.9842 1.8676, 0.7362 0.9842 1.5222, 0.7362 0.9842 1.8676, 0.2638 0.9842 0.7874, 0.2638 1.1811 0.7874, 0.2638 1.1811 1.1811, 0.7362 1.1811 0.7874, 0.7362 0.9842 0.7874, 0.7362 1.1811 1.1811
            ]
        }
        coordIndex [
            0,1,2,-1,2,3,4,-1,4,5,2,-1,2,5,6,-1,2,6,0,-1,7,8,9,-1,9,8,10,-1,10,11,9,-1,9,11,12,-1,9,12,13,-1,14,15,16,-1,16,15,9,-1,16,9,17,-1,14,16,18,-1,18,16,19,-1,18,19,20,-1,13,21,9,-1,9,21,22,-1,9,22,23,-1,20,24,18,-1,18,24,25,-1,18,25,26,-1,23,27,9,-1,9,27,28,-1,9,28,17,-1,29,30,31,-1,31,30,32,-1,33,34,29,-1,29,34,35,-1,29,35,30,-1,36,37,38,-1,38,37,31,-1,38,31,32,-1,37,36,33,-1,33,36,34,-1,
        ]
    }
}
Shape{
    appearance Appearance {
        material  Material 	{
            diffuseColor 0.6470588235294118 0.6196078431372549 0.5882352941176471
            specularColor 0.45098039215686275 0.43529411764705883 0.4117647058823529
            ambientIntensity 0.6242
            transparency 0.0
            shininess 0.5
        }
    }
    geometry IndexedFaceSet {
        ccw TRUE
        solid FALSE
        coord DEF co Coordinate {
            point [
                -0.2061 -0.1979 3.2205, -0.1884 -0.1533 3.2205, -0.7939 -0.1979 3.2205, -0.8116 -0.1533 3.2205, -0.5725 -0.3736 3.2205, -0.5 -0.3817 3.2205, -0.2452 -0.2595 3.2205, -0.7548 -0.2595 3.2205, -0.7031 -0.3109 3.2205, -0.6413 -0.3496 3.2205, -0.4275 -0.3736 3.2205, -0.3587 -0.3496 3.2205, -0.2969 -0.3109 3.2205, -0.8494 -0.2565 3.1417, -0.8162 -0.3088 3.1417, -0.8142 -0.3071 3.1621, -0.3955 -0.4453 3.1417, -0.3246 -0.4206 3.1417, -0.3258 -0.4181 3.1621, -0.8418 -0.1533 3.215, -0.8524 -0.1533 3.2095, -0.8293 -0.2151 3.2099, -0.8911 -0.1596 3.1417, -0.8647 -0.2323 3.1417, -0.8623 -0.2312 3.1621, -0.1873 -0.1533 3.2205, -0.1878 -0.2068 3.2178, -0.1673 -0.1533 3.2179, -0.1707 -0.2151 3.2099, -0.1585 -0.1533 3.2151, -0.1671 -0.1533 3.2178, -0.1307 -0.1533 3.1971, -0.1338 -0.1533 3.2005, -0.1561 -0.2222 3.1974, -0.1412 -0.1533 3.2062, -0.1476 -0.1533 3.2095, -0.1212 -0.1533 3.1868, -0.1448 -0.2277 3.1811, -0.1164 -0.1533 3.1793, -0.1094 -0.1533 3.1624, -0.1377 -0.2312 3.1621, -0.1094 -0.1533 3.1621, -0.1353 -0.2323 3.1417, -0.1089 -0.1596 3.1417, -0.1076 -0.1533 3.1542, -0.1066 -0.1533 3.1417, -0.8552 -0.2277 3.1811, -0.89 -0.1533 3.1644, -0.8905 -0.1533 3.1621, -0.893 -0.1533 3.1498, -0.8934 -0.1533 3.1417, -0.865 -0.1533 3.2015, -0.8692 -0.1533 3.1971, -0.8439 -0.2222 3.1974, -0.878 -0.1533 3.1878, -0.8825 -0.1533 3.1812, -0.8591 -0.1533 3.206, -0.8348 -0.1533 3.2173, -0.8122 -0.2068 3.2178, -0.8329 -0.1533 3.2176, -0.815 -0.1533 3.2204, -0.2293 -0.2722 3.2178, -0.2145 -0.2841 3.2099, -0.2017 -0.2943 3.1974, -0.192 -0.3022 3.1811, -0.1858 -0.3071 3.1621, -0.577 -0.3934 3.2178, -0.6501 -0.3679 3.2178, -0.5812 -0.412 3.2099, -0.6583 -0.3851 3.2099, -0.5848 -0.4279 3.1974, -0.6654 -0.3998 3.1974, -0.5876 -0.4401 3.1811, -0.6708 -0.4111 3.1811, -0.5893 -0.4477 3.1621, -0.6742 -0.4181 3.1621, -0.2984 -0.4042 3.1417, -0.2479 -0.3726 3.1417, -0.2496 -0.3705 3.1621, -0.2545 -0.3643 3.1811, -0.2623 -0.3545 3.1974, -0.2724 -0.3417 3.2099, -0.2842 -0.3269 3.2178, -0.215 -0.3399 3.1417, -0.1838 -0.3088 3.1417, -0.1506 -0.2565 3.1417, -0.3292 -0.4111 3.1811, -0.3346 -0.3998 3.1974, -0.3417 -0.3851 3.2099, -0.3499 -0.3679 3.2178, -0.4101 -0.4504 3.1417, -0.4107 -0.4477 3.1621, -0.4124 -0.4401 3.1811, -0.4152 -0.4279 3.1974, -0.4188 -0.412 3.2099, -0.423 -0.3934 3.2178, -0.5 -0.4021 3.2178, -0.5 -0.4211 3.2099, -0.5 -0.4374 3.1974, -0.5 -0.4499 3.1811, -0.5 -0.4578 3.1621, -0.5 -0.4604 3.1417, -0.5899 -0.4504 3.1417, -0.785 -0.3399 3.1417, -0.7521 -0.3726 3.1417, -0.7504 -0.3705 3.1621, -0.7455 -0.3643 3.1811, -0.7377 -0.3545 3.1974, -0.7276 -0.3417 3.2099, -0.7158 -0.3269 3.2178, -0.7016 -0.4042 3.1417, -0.6754 -0.4206 3.1417, -0.6045 -0.4453 3.1417, -0.808 -0.3022 3.1811, -0.7983 -0.2943 3.1974, -0.7855 -0.2841 3.2099, -0.7707 -0.2722 3.2178, -0.2648 -0.0549 2.6435, -0.2728 0.006 1.8392, -0.2728 0.006 2.6435, -0.2963 0.0627 1.8392, -0.2963 0.0627 2.6435, -0.3337 0.1114 1.8392, -0.3337 0.1114 2.6435, -0.3824 0.1488 1.8392, -0.3824 0.1488 2.6435, -0.4391 0.1723 1.8392, -0.4391 0.1723 2.6435, -0.5 0.1803 1.8392, -0.5 0.1803 2.6435, -0.5609 0.1723 1.8392, -0.5609 0.1723 2.6435, -0.6176 0.1488 1.8392, -0.6176 0.1488 2.6435, -0.6663 0.1114 1.8392, -0.6663 0.1114 2.6435, -0.7037 0.0627 1.8392, -0.7037 0.0627 2.6435, -0.7272 0.006 1.8392, -0.7272 0.006 2.6435, -0.7352 -0.0549 1.8392, -0.7352 -0.0549 2.6435, -0.7272 -0.1158 1.8392, -0.7272 -0.1158 2.6435, -0.7037 -0.1725 1.8392, -0.7037 -0.1725 2.6435, -0.6663 -0.2212 1.8392, -0.6663 -0.2212 2.6435, -0.6176 -0.2586 1.8392, -0.6176 -0.2586 2.6435, -0.5609 -0.2821 1.8392, -0.5609 -0.2821 2.6435, -0.5 -0.2901 1.8392, -0.5 -0.2901 2.6435, -0.4391 -0.2821 1.8392, -0.4391 -0.2821 2.6435, -0.3824 -0.2586 1.8392, -0.3824 -0.2586 2.6435, -0.3337 -0.2212 1.8392, -0.3337 -0.2212 2.6435, -0.2963 -0.1725 1.8392, -0.2963 -0.1725 2.6435, -0.2728 -0.1158 1.8392, -0.2728 -0.1158 2.6435, -0.2648 -0.0549 1.8392
            ]
        }
        coordIndex [
            0,1,2,-1,2,1,3,-1,4,5,6,-1,2,7,0,-1,0,7,8,-1,0,8,6,-1,6,8,9,-1,6,9,4,-1,5,10,6,-1,6,10,11,-1,6,11,12,-1,13,14,15,-1,16,17,18,-1,19,20,21,-1,22,23,24,-1,1,0,25,-1,25,0,26,-1,25,26,27,-1,28,29,26,-1,26,29,30,-1,26,30,27,-1,31,32,33,-1,33,32,34,-1,33,34,28,-1,28,34,35,-1,28,35,29,-1,31,33,36,-1,36,33,37,-1,36,37,38,-1,38,37,39,-1,39,37,40,-1,39,40,41,-1,40,42,41,-1,41,42,43,-1,41,43,44,-1,44,43,45,-1,46,47,24,-1,24,47,48,-1,24,48,22,-1,22,48,49,-1,22,49,50,-1,51,52,53,-1,53,52,54,-1,53,54,46,-1,46,54,55,-1,46,55,47,-1,21,20,53,-1,53,20,56,-1,53,56,51,-1,19,21,57,-1,57,21,58,-1,57,58,59,-1,59,58,60,-1,60,58,2,-1,60,2,3,-1,0,6,26,-1,26,6,61,-1,26,61,28,-1,28,61,62,-1,28,62,33,-1,33,62,63,-1,33,63,37,-1,37,63,64,-1,37,64,40,-1,40,64,65,-1,4,9,66,-1,66,9,67,-1,66,67,68,-1,68,67,69,-1,68,69,70,-1,70,69,71,-1,70,71,72,-1,72,71,73,-1,72,73,74,-1,74,73,75,-1,76,77,78,-1,78,77,65,-1,78,65,79,-1,79,65,64,-1,79,64,80,-1,80,64,63,-1,80,63,81,-1,81,63,62,-1,81,62,82,-1,82,62,61,-1,82,61,12,-1,12,61,6,-1,77,83,65,-1,65,83,84,-1,65,84,40,-1,40,84,85,-1,40,85,42,-1,17,76,18,-1,18,76,78,-1,18,78,86,-1,86,78,79,-1,86,79,87,-1,87,79,80,-1,87,80,88,-1,88,80,81,-1,88,81,89,-1,89,81,82,-1,89,82,11,-1,11,82,12,-1,90,16,91,-1,91,16,18,-1,91,18,92,-1,92,18,86,-1,92,86,93,-1,93,86,87,-1,93,87,94,-1,94,87,88,-1,94,88,95,-1,95,88,89,-1,95,89,10,-1,10,89,11,-1,10,5,95,-1,95,5,96,-1,95,96,94,-1,94,96,97,-1,94,97,93,-1,93,97,98,-1,93,98,92,-1,92,98,99,-1,92,99,91,-1,91,99,100,-1,91,100,90,-1,90,100,101,-1,5,4,96,-1,96,4,66,-1,96,66,97,-1,97,66,68,-1,97,68,98,-1,98,68,70,-1,98,70,99,-1,99,70,72,-1,99,72,100,-1,100,72,74,-1,100,74,101,-1,101,74,102,-1,103,104,105,-1,105,104,75,-1,105,75,106,-1,106,75,73,-1,106,73,107,-1,107,73,71,-1,107,71,108,-1,108,71,69,-1,108,69,109,-1,109,69,67,-1,109,67,8,-1,8,67,9,-1,104,110,75,-1,75,110,111,-1,75,111,74,-1,74,111,112,-1,74,112,102,-1,14,103,15,-1,15,103,105,-1,15,105,113,-1,113,105,106,-1,113,106,114,-1,114,106,107,-1,114,107,115,-1,115,107,108,-1,115,108,116,-1,116,108,109,-1,116,109,7,-1,7,109,8,-1,23,13,24,-1,24,13,15,-1,24,15,46,-1,46,15,113,-1,46,113,53,-1,53,113,114,-1,53,114,21,-1,21,114,115,-1,21,115,58,-1,58,115,116,-1,58,116,2,-1,2,116,7,-1,117,118,119,-1,119,118,120,-1,119,120,121,-1,121,120,122,-1,121,122,123,-1,123,122,124,-1,123,124,125,-1,125,124,126,-1,125,126,127,-1,127,126,128,-1,127,128,129,-1,129,128,130,-1,129,130,131,-1,131,130,132,-1,131,132,133,-1,133,132,134,-1,133,134,135,-1,135,134,136,-1,135,136,137,-1,137,136,138,-1,137,138,139,-1,139,138,140,-1,139,140,141,-1,141,140,142,-1,141,142,143,-1,143,142,144,-1,143,144,145,-1,145,144,146,-1,145,146,147,-1,147,146,148,-1,147,148,149,-1,149,148,150,-1,149,150,151,-1,151,150,152,-1,151,152,153,-1,153,152,154,-1,153,154,155,-1,155,154,156,-1,155,156,157,-1,157,156,158,-1,157,158,159,-1,159,158,160,-1,159,160,161,-1,161,160,162,-1,161,162,163,-1,163,162,164,-1,163,164,117,-1,117,164,118,-1,
        ]
    }
}
Shape{
    appearance Appearance {
        material  Material 	{
            diffuseColor 0.27450980392156865 0.49411764705882355 0.27450980392156865
            specularColor 0.0196078431372549 0.03529411764705882 0.0196078431372549
            ambientIntensity 0.5763
            transparency 0.0
            shininess 0.5
        }
    }
    geometry IndexedFaceSet {
        ccw TRUE
        solid FALSE
        coord DEF co Coordinate {
            point [
                -0.1063 -0.8354 0.5543, -0.1063 -0.9093 0.0, -0.2638 -0.8354 0.5543, -0.5983 -0.9093 0.0, -0.7362 -0.8354 0.5543, -0.6973 -0.9093 0.0, -0.8937 -0.9093 0.0, -0.8937 -0.8354 0.5543, -0.883 -0.9093 0.0, -0.7983 -0.9093 0.0, -0.7362 -0.8354 1.3035, -0.8937 -0.8354 1.5292, -0.2638 -0.8354 1.3035, -0.1063 -0.8354 1.5292, -0.8937 -0.6872 1.5292, -0.1063 -0.6872 1.5292, -0.8937 -0.6872 2.6435, -0.1063 -0.6872 2.6435, -0.7272 -0.1158 2.6435, -0.7037 -0.1725 2.6435, -0.4391 -0.2821 2.6435, -0.5 -0.2901 2.6435, -0.5609 -0.2821 2.6435, -0.3824 -0.2586 2.6435, -0.3337 -0.2212 2.6435, -0.2963 -0.1725 2.6435, -0.6663 -0.2212 2.6435, -0.6176 -0.2586 2.6435, -0.7352 -0.0549 2.6435, -0.8937 0.6045 2.6435, -0.7272 0.006 2.6435, -0.2728 0.006 2.6435, -0.1063 0.6045 2.6435, -0.2648 -0.0549 2.6435, -0.2728 -0.1158 2.6435, -0.2963 0.0627 2.6435, -0.3337 0.1114 2.6435, -0.3824 0.1488 2.6435, -0.6176 0.1488 2.6435, -0.6663 0.1114 2.6435, -0.7037 0.0627 2.6435, -0.4391 0.1723 2.6435, -0.5 0.1803 2.6435, -0.5609 0.1723 2.6435, -0.8937 0.6045 2.4779, -0.1063 0.6045 2.4779, -0.8937 0.7633 1.9241, -0.1063 0.7633 1.9241, -0.4016 0.7633 1.5222, -0.1063 0.7633 1.5222, -0.4016 0.7633 1.5433, -0.5984 0.7633 1.5433, -0.5984 0.7633 1.5222, -0.8937 0.7633 1.5222, -0.4016 0.8198 1.5222, -0.1063 0.9842 1.5222, -0.8937 0.9842 1.5222, -0.7362 0.9842 1.5222, -0.5984 0.8198 1.5222, -0.2638 0.9842 1.5222, -0.7362 0.9842 0.7874, -0.2638 0.9842 0.7874, -0.8937 0.9842 0.0, -0.883 0.9842 0.0, -0.7983 0.9842 0.0, -0.6973 0.9842 0.0, -0.5983 0.9842 0.0, -0.1063 0.9842 0.0, -0.3824 0.1488 2.6818, -0.3402 0.2219 2.6818, -0.4391 0.1723 2.6818, -0.4173 0.2538 2.6818, -0.5 0.1803 2.6818, -0.5 0.2647 2.6818, -0.5609 0.1723 2.6818, -0.5827 0.2538 2.6818, -0.6176 0.1488 2.6818, -0.6598 0.2219 2.6818, -0.6663 0.1114 2.6818, -0.726 0.1711 2.6818, -0.7037 0.0627 2.6818, -0.7768 0.1049 2.6818, -0.7272 0.006 2.6818, -0.8087 0.0278 2.6818, -0.7352 -0.0549 2.6818, -0.8196 -0.0549 2.6818, -0.7272 -0.1158 2.6818, -0.8087 -0.1376 2.6818, -0.7037 -0.1725 2.6818, -0.7768 -0.2147 2.6818, -0.6663 -0.2212 2.6818, -0.726 -0.2809 2.6818, -0.6176 -0.2586 2.6818, -0.6598 -0.3317 2.6818, -0.5609 -0.2821 2.6818, -0.5827 -0.3636 2.6818, -0.5 -0.2901 2.6818, -0.5 -0.3745 2.6818, -0.4391 -0.2821 2.6818, -0.4173 -0.3636 2.6818, -0.3824 -0.2586 2.6818, -0.3402 -0.3317 2.6818, -0.3337 -0.2212 2.6818, -0.274 -0.2809 2.6818, -0.2963 -0.1725 2.6818, -0.2232 -0.2147 2.6818, -0.2728 -0.1158 2.6818, -0.1913 -0.1376 2.6818, -0.2648 -0.0549 2.6818, -0.1804 -0.0549 2.6818, -0.2728 0.006 2.6818, -0.1913 0.0278 2.6818, -0.2963 0.0627 2.6818, -0.2232 0.1049 2.6818, -0.3337 0.1114 2.6818, -0.274 0.1711 2.6818, -0.1804 -0.0549 2.7983, -0.1913 0.0278 2.7983, -0.2232 0.1049 2.7983, -0.274 0.1711 2.7983, -0.3402 0.2219 2.7983, -0.4173 0.2538 2.7983, -0.5 0.2647 2.7983, -0.5827 0.2538 2.7983, -0.6598 0.2219 2.7983, -0.726 0.1711 2.7983, -0.7768 0.1049 2.7983, -0.8087 0.0278 2.7983, -0.8196 -0.0549 2.7983, -0.8087 -0.1376 2.7983, -0.7768 -0.2147 2.7983, -0.726 -0.2809 2.7983, -0.6598 -0.3317 2.7983, -0.5827 -0.3636 2.7983, -0.5 -0.3745 2.7983, -0.4173 -0.3636 2.7983, -0.3402 -0.3317 2.7983, -0.274 -0.2809 2.7983, -0.2232 -0.2147 2.7983, -0.1913 -0.1376 2.7983, -0.1147 0.1676 2.7983, -0.1854 0.2597 2.7983, -0.2775 0.3304 2.7983, -0.3848 0.3748 2.7983, -0.5 0.39 2.7983, -0.6152 0.3748 2.7983, -0.7225 0.3304 2.7983, -0.8146 0.2597 2.7983, -0.8853 0.1676 2.7983, -0.9298 0.0602 2.7983, -0.9449 -0.0549 2.7983, -0.9298 -0.1701 2.7983, -0.8853 -0.2774 2.7983, -0.8146 -0.3695 2.7983, -0.7225 -0.4402 2.7983, -0.6152 -0.4847 2.7983, -0.5 -0.4998 2.7983, -0.3848 -0.4847 2.7983, -0.2775 -0.4402 2.7983, -0.1854 -0.3695 2.7983, -0.1147 -0.2774 2.7983, -0.0702 -0.1701 2.7983, -0.0551 -0.0549 2.7983, -0.0702 0.0602 2.7983, -0.0551 -0.0549 3.4646, -0.0702 0.0602 3.4646, -0.1147 0.1676 3.4646, -0.1854 0.2597 3.4646, -0.2775 0.3304 3.4646, -0.3848 0.3748 3.4646, -0.5 0.39 3.4646, -0.6152 0.3748 3.4646, -0.7225 0.3304 3.4646, -0.8146 0.2597 3.4646, -0.8853 0.1676 3.4646, -0.9298 0.0602 3.4646, -0.9449 -0.0549 3.4646, -0.9298 -0.1701 3.4646, -0.8853 -0.2774 3.4646, -0.8146 -0.3695 3.4646, -0.7225 -0.4402 3.4646, -0.6152 -0.4847 3.4646, -0.5 -0.4998 3.4646, -0.3848 -0.4847 3.4646, -0.2775 -0.4402 3.4646, -0.1854 -0.3695 3.4646, -0.1147 -0.2774 3.4646, -0.0702 -0.1701 3.4646
            ]
        }
        coordIndex [
            0,1,2,-1,2,1,3,-1,2,3,4,-1,4,3,5,-1,6,7,8,-1,8,7,4,-1,8,4,9,-1,9,4,5,-1,4,7,10,-1,10,7,11,-1,10,11,12,-1,12,11,13,-1,12,13,2,-1,2,13,0,-1,11,14,13,-1,13,14,15,-1,14,16,15,-1,15,16,17,-1,18,19,16,-1,20,17,21,-1,21,17,16,-1,21,16,22,-1,20,23,17,-1,17,23,24,-1,17,24,25,-1,19,26,16,-1,16,26,27,-1,16,27,22,-1,18,16,28,-1,28,16,29,-1,28,29,30,-1,31,32,33,-1,33,32,17,-1,33,17,34,-1,34,17,25,-1,31,35,32,-1,32,35,36,-1,32,36,37,-1,38,39,29,-1,29,39,40,-1,29,40,30,-1,37,41,32,-1,32,41,42,-1,32,42,29,-1,29,42,43,-1,29,43,38,-1,29,44,32,-1,32,44,45,-1,44,46,45,-1,45,46,47,-1,48,49,50,-1,50,49,47,-1,50,47,51,-1,51,47,46,-1,51,46,52,-1,52,46,53,-1,49,48,54,-1,49,54,55,-1,53,56,57,-1,52,53,58,-1,58,53,57,-1,58,57,54,-1,54,57,59,-1,54,59,55,-1,60,57,56,-1,55,59,61,-1,56,62,60,-1,60,62,63,-1,60,63,64,-1,64,65,60,-1,60,65,66,-1,60,66,61,-1,61,66,67,-1,61,67,55,-1,62,56,6,-1,6,56,53,-1,44,29,16,-1,14,11,7,-1,44,16,46,-1,46,16,14,-1,46,14,53,-1,53,14,7,-1,53,7,6,-1,55,67,49,-1,49,67,1,-1,0,13,15,-1,1,0,49,-1,49,0,15,-1,49,15,47,-1,47,15,17,-1,47,17,45,-1,45,17,32,-1,68,69,70,-1,70,69,71,-1,70,71,72,-1,72,71,73,-1,72,73,74,-1,74,73,75,-1,74,75,76,-1,76,75,77,-1,76,77,78,-1,78,77,79,-1,78,79,80,-1,80,79,81,-1,80,81,82,-1,82,81,83,-1,82,83,84,-1,84,83,85,-1,84,85,86,-1,86,85,87,-1,86,87,88,-1,88,87,89,-1,88,89,90,-1,90,89,91,-1,90,91,92,-1,92,91,93,-1,92,93,94,-1,94,93,95,-1,94,95,96,-1,96,95,97,-1,96,97,98,-1,98,97,99,-1,98,99,100,-1,100,99,101,-1,100,101,102,-1,102,101,103,-1,102,103,104,-1,104,103,105,-1,104,105,106,-1,106,105,107,-1,106,107,108,-1,108,107,109,-1,108,109,110,-1,110,109,111,-1,110,111,112,-1,112,111,113,-1,112,113,114,-1,114,113,115,-1,114,115,68,-1,68,115,69,-1,109,116,111,-1,111,116,117,-1,111,117,113,-1,113,117,118,-1,113,118,115,-1,115,118,119,-1,115,119,69,-1,69,119,120,-1,69,120,71,-1,71,120,121,-1,71,121,73,-1,73,121,122,-1,73,122,75,-1,75,122,123,-1,75,123,77,-1,77,123,124,-1,77,124,79,-1,79,124,125,-1,79,125,81,-1,81,125,126,-1,81,126,83,-1,83,126,127,-1,83,127,85,-1,85,127,128,-1,85,128,87,-1,87,128,129,-1,87,129,89,-1,89,129,130,-1,89,130,91,-1,91,130,131,-1,91,131,93,-1,93,131,132,-1,93,132,95,-1,95,132,133,-1,95,133,97,-1,97,133,134,-1,97,134,99,-1,99,134,135,-1,99,135,101,-1,101,135,136,-1,101,136,103,-1,103,136,137,-1,103,137,105,-1,105,137,138,-1,105,138,107,-1,107,138,139,-1,107,139,109,-1,109,139,116,-1,118,140,119,-1,119,140,141,-1,119,141,120,-1,120,141,142,-1,120,142,121,-1,121,142,143,-1,121,143,122,-1,122,143,144,-1,122,144,123,-1,123,144,145,-1,123,145,124,-1,124,145,146,-1,124,146,125,-1,125,146,147,-1,125,147,126,-1,126,147,148,-1,126,148,127,-1,127,148,149,-1,127,149,128,-1,128,149,150,-1,128,150,129,-1,129,150,151,-1,129,151,130,-1,130,151,152,-1,130,152,131,-1,131,152,153,-1,131,153,132,-1,132,153,154,-1,132,154,133,-1,133,154,155,-1,133,155,134,-1,134,155,156,-1,134,156,135,-1,135,156,157,-1,135,157,136,-1,136,157,158,-1,136,158,137,-1,137,158,159,-1,137,159,138,-1,138,159,160,-1,138,160,139,-1,139,160,161,-1,139,161,116,-1,116,161,162,-1,116,162,117,-1,117,162,163,-1,117,163,118,-1,118,163,140,-1,162,164,163,-1,163,164,165,-1,163,165,140,-1,140,165,166,-1,140,166,141,-1,141,166,167,-1,141,167,142,-1,142,167,168,-1,142,168,143,-1,143,168,169,-1,143,169,144,-1,144,169,170,-1,144,170,145,-1,145,170,171,-1,145,171,146,-1,146,171,172,-1,146,172,147,-1,147,172,173,-1,147,173,148,-1,148,173,174,-1,148,174,149,-1,149,174,175,-1,149,175,150,-1,150,175,176,-1,150,176,151,-1,151,176,177,-1,151,177,152,-1,152,177,178,-1,152,178,153,-1,153,178,179,-1,153,179,154,-1,154,179,180,-1,154,180,155,-1,155,180,181,-1,155,181,156,-1,156,181,182,-1,156,182,157,-1,157,182,183,-1,157,183,158,-1,158,183,184,-1,158,184,159,-1,159,184,185,-1,159,185,160,-1,160,185,186,-1,160,186,161,-1,161,186,187,-1,161,187,162,-1,162,187,164,-1,
        ]
    }
}
Shape{
    appearance Appearance {
        material  Material 	{
            diffuseColor 0.6470588235294118 0.6196078431372549 0.5882352941176471
            specularColor 0.45098039215686275 0.43529411764705883 0.4117647058823529
            ambientIntensity 0.6242
            transparency 0.0
            shininess 0.5
        }
    }
    geometry IndexedFaceSet {
        ccw TRUE
        solid FALSE
        coord DEF co Coordinate {
            point [
                -0.8116 0.0435 3.2205, -0.1884 0.0435 3.2205, -0.7939 0.0881 3.2205, -0.2061 0.0881 3.2205, -0.2452 0.1497 3.2205, -0.2969 0.2011 3.2205, -0.3587 0.2398 3.2205, -0.4275 0.2638 3.2205, -0.5 0.2719 3.2205, -0.5725 0.2638 3.2205, -0.6413 0.2398 3.2205, -0.7031 0.2011 3.2205, -0.7548 0.1497 3.2205, -0.8934 0.0435 3.0236, -0.8934 0.0435 3.1417, -0.8911 0.0498 3.1417, -0.1066 -0.1533 3.0236, -0.1066 -0.1533 3.1417, -0.1089 -0.1596 3.1417, -0.1083 -0.1599 2.908, -0.0945 -0.0549 3.0236, -0.0945 -0.0549 2.908, -0.1066 0.0435 3.0236, -0.1083 0.0501 2.908, -0.8917 0.0501 2.908, -0.9055 -0.0549 3.0236, -0.9055 -0.0549 2.908, -0.8934 -0.1533 3.0236, -0.8917 -0.1599 2.908, -0.1353 -0.2323 3.1417, -0.1488 -0.2577 2.908, -0.1506 -0.2565 3.1417, -0.1838 -0.3088 3.1417, -0.2132 -0.3417 2.908, -0.215 -0.3399 3.1417, -0.2479 -0.3726 3.1417, -0.2972 -0.4061 2.908, -0.2984 -0.4042 3.1417, -0.3246 -0.4206 3.1417, -0.395 -0.4466 2.908, -0.3955 -0.4453 3.1417, -0.4101 -0.4504 3.1417, -0.5 -0.4604 2.908, -0.5 -0.4604 3.1417, -0.5899 -0.4504 3.1417, -0.605 -0.4466 2.908, -0.6045 -0.4453 3.1417, -0.6754 -0.4206 3.1417, -0.7028 -0.4061 2.908, -0.7016 -0.4042 3.1417, -0.7521 -0.3726 3.1417, -0.7868 -0.3417 2.908, -0.785 -0.3399 3.1417, -0.8162 -0.3088 3.1417, -0.8512 -0.2577 2.908, -0.8934 -0.1533 3.1417, -0.8911 -0.1596 3.1417, -0.8647 -0.2323 3.1417, -0.8494 -0.2565 3.1417, -0.8647 0.1225 3.1417, -0.8512 0.1479 2.908, -0.8494 0.1467 3.1417, -0.8162 0.199 3.1417, -0.7868 0.2319 2.908, -0.785 0.2301 3.1417, -0.7521 0.2628 3.1417, -0.7028 0.2963 2.908, -0.7016 0.2944 3.1417, -0.6754 0.3108 3.1417, -0.605 0.3368 2.908, -0.6045 0.3355 3.1417, -0.5899 0.3405 3.1417, -0.5 0.3506 2.908, -0.5 0.3506 3.1417, -0.4101 0.3405 3.1417, -0.395 0.3368 2.908, -0.3955 0.3355 3.1417, -0.3246 0.3108 3.1417, -0.2972 0.2963 2.908, -0.2984 0.2944 3.1417, -0.2479 0.2628 3.1417, -0.2132 0.2319 2.908, -0.215 0.2301 3.1417, -0.1838 0.199 3.1417, -0.1488 0.1479 2.908, -0.1066 0.0435 3.1417, -0.1089 0.0498 3.1417, -0.1353 0.1225 3.1417, -0.1506 0.1467 3.1417, -0.2963 0.0627 2.908, -0.2728 0.006 2.908, -0.2648 -0.0549 2.908, -0.2728 -0.1158 2.908, -0.2963 -0.1725 2.908, -0.3337 -0.2212 2.908, -0.3824 -0.2586 2.908, -0.4391 -0.2821 2.908, -0.5 -0.2901 2.908, -0.5609 -0.2821 2.908, -0.6176 -0.2586 2.908, -0.6663 -0.2212 2.908, -0.7037 -0.1725 2.908, -0.7272 -0.1158 2.908, -0.7352 -0.0549 2.908, -0.7272 0.006 2.908, -0.7037 0.0627 2.908, -0.6663 0.1114 2.908, -0.6176 0.1488 2.908, -0.5609 0.1723 2.908, -0.5 0.1803 2.908, -0.4391 0.1723 2.908, -0.3824 0.1488 2.908, -0.3337 0.1114 2.908, -0.2728 0.006 2.6818, -0.2963 0.0627 2.6818, -0.3337 0.1114 2.6818, -0.3824 0.1488 2.6818, -0.4391 0.1723 2.6818, -0.5 0.1803 2.6818, -0.5609 0.1723 2.6818, -0.6176 0.1488 2.6818, -0.6663 0.1114 2.6818, -0.7037 0.0627 2.6818, -0.7272 0.006 2.6818, -0.7352 -0.0549 2.6818, -0.7272 -0.1158 2.6818, -0.7037 -0.1725 2.6818, -0.6663 -0.2212 2.6818, -0.6176 -0.2586 2.6818, -0.5609 -0.2821 2.6818, -0.5 -0.2901 2.6818, -0.4391 -0.2821 2.6818, -0.3824 -0.2586 2.6818, -0.3337 -0.2212 2.6818, -0.2963 -0.1725 2.6818, -0.2728 -0.1158 2.6818, -0.2648 -0.0549 2.6818
            ]
        }
        coordIndex [
            0,1,2,-1,2,1,3,-1,3,4,2,-1,2,4,5,-1,2,5,6,-1,6,7,2,-1,2,7,8,-1,2,8,9,-1,9,10,2,-1,2,10,11,-1,2,11,12,-1,13,14,15,-1,16,17,18,-1,16,19,20,-1,20,19,21,-1,20,21,22,-1,22,21,23,-1,13,24,25,-1,25,24,26,-1,25,26,27,-1,27,26,28,-1,16,18,19,-1,19,18,29,-1,19,29,30,-1,29,31,30,-1,30,31,32,-1,30,32,33,-1,32,34,33,-1,33,34,35,-1,33,35,36,-1,35,37,36,-1,36,37,38,-1,36,38,39,-1,38,40,39,-1,39,40,41,-1,39,41,42,-1,41,43,42,-1,42,43,44,-1,42,44,45,-1,44,46,45,-1,45,46,47,-1,45,47,48,-1,47,49,48,-1,48,49,50,-1,48,50,51,-1,50,52,51,-1,51,52,53,-1,51,53,54,-1,55,27,56,-1,56,27,28,-1,56,28,57,-1,57,28,54,-1,57,54,58,-1,58,54,53,-1,13,15,24,-1,24,15,59,-1,24,59,60,-1,59,61,60,-1,60,61,62,-1,60,62,63,-1,62,64,63,-1,63,64,65,-1,63,65,66,-1,65,67,66,-1,66,67,68,-1,66,68,69,-1,68,70,69,-1,69,70,71,-1,69,71,72,-1,71,73,72,-1,72,73,74,-1,72,74,75,-1,74,76,75,-1,75,76,77,-1,75,77,78,-1,77,79,78,-1,78,79,80,-1,78,80,81,-1,80,82,81,-1,81,82,83,-1,81,83,84,-1,85,22,86,-1,86,22,23,-1,86,23,87,-1,87,23,84,-1,87,84,88,-1,88,84,83,-1,89,84,90,-1,90,84,23,-1,90,23,91,-1,91,23,21,-1,91,21,92,-1,92,21,19,-1,92,19,93,-1,93,19,30,-1,93,30,94,-1,94,30,33,-1,94,33,95,-1,95,33,36,-1,95,36,96,-1,96,36,39,-1,96,39,97,-1,97,39,42,-1,97,42,98,-1,98,42,45,-1,98,45,99,-1,99,45,48,-1,99,48,100,-1,100,48,51,-1,100,51,101,-1,101,51,54,-1,101,54,102,-1,102,54,28,-1,102,28,103,-1,103,28,26,-1,103,26,104,-1,104,26,24,-1,104,24,105,-1,105,24,60,-1,105,60,106,-1,106,60,63,-1,106,63,107,-1,107,63,66,-1,107,66,108,-1,108,66,69,-1,108,69,109,-1,109,69,72,-1,109,72,110,-1,110,72,75,-1,110,75,111,-1,111,75,78,-1,111,78,112,-1,112,78,81,-1,112,81,89,-1,89,81,84,-1,91,113,90,-1,90,113,114,-1,90,114,89,-1,89,114,115,-1,89,115,112,-1,112,115,116,-1,112,116,111,-1,111,116,117,-1,111,117,110,-1,110,117,118,-1,110,118,109,-1,109,118,119,-1,109,119,108,-1,108,119,120,-1,108,120,107,-1,107,120,121,-1,107,121,106,-1,106,121,122,-1,106,122,105,-1,105,122,123,-1,105,123,104,-1,104,123,124,-1,104,124,103,-1,103,124,125,-1,103,125,102,-1,102,125,126,-1,102,126,101,-1,101,126,127,-1,101,127,100,-1,100,127,128,-1,100,128,99,-1,99,128,129,-1,99,129,98,-1,98,129,130,-1,98,130,97,-1,97,130,131,-1,97,131,96,-1,96,131,132,-1,96,132,95,-1,95,132,133,-1,95,133,94,-1,94,133,134,-1,94,134,93,-1,93,134,135,-1,93,135,92,-1,92,135,136,-1,92,136,91,-1,91,136,113,-1,
        ]
    }
}
Shape{
    appearance Appearance {
        material  Material 	{
            diffuseColor 0.27450980392156865 0.49411764705882355 0.27450980392156865
            specularColor 0.0196078431372549 0.03529411764705882 0.0196078431372549
            ambientIntensity 0.5763
            transparency 0.0
            shininess 0.5
        }
    }
    geometry IndexedFaceSet {
        ccw TRUE
        solid FALSE
        coord DEF co Coordinate {
            point [
                -0.7362 -1.1024 1.8475, -0.7362 -1.0821 1.8475, -0.2638 -1.1024 1.8475, -0.2638 -1.0821 1.8475, -0.7362 -0.9942 1.3035, -0.2638 -0.9942 1.3035, -0.7362 -0.8354 1.3035, -0.2638 -0.8354 1.3035, -0.7362 -0.8354 0.5543, -0.7362 -0.9997 0.5543, -0.2638 -0.8354 0.5543, -0.2638 -0.9997 0.5543, -0.9331 -1.2992 0.2356, -0.0669 -1.2992 0.2356, -0.2638 -1.1024 0.445, -0.7362 -1.1024 0.445
            ]
        }
        coordIndex [
            0,1,2,-1,2,1,3,-1,1,4,3,-1,3,4,5,-1,4,6,5,-1,5,6,7,-1,8,9,10,-1,10,9,11,-1,12,13,14,-1,11,9,14,-1,14,9,15,-1,14,15,12,-1,4,1,0,-1,8,6,9,-1,9,6,4,-1,9,4,15,-1,15,4,0,-1,14,2,5,-1,5,2,3,-1,7,10,5,-1,5,10,11,-1,5,11,14,-1,
        ]
    }
}
Shape{
    appearance Appearance {
        material  Material 	{
            diffuseColor 0.6470588235294118 0.6196078431372549 0.5882352941176471
            specularColor 0.45098039215686275 0.43529411764705883 0.4117647058823529
            ambientIntensity 0.6242
            transparency 0.0
            shininess 0.5
        }
    }
    geometry IndexedFaceSet {
        ccw TRUE
        solid FALSE
        coord DEF co Coordinate {
            point [
                -0.2963 -0.1725 1.8392, -0.3337 -0.2212 1.8392, -0.1457 -0.6375 1.8392, -0.5609 -0.2821 1.8392, -0.6176 -0.2586 1.8392, -0.8543 -0.6375 1.8392, -0.6663 -0.2212 1.8392, -0.7037 -0.1725 1.8392, -0.2963 0.0627 1.8392, -0.2728 0.006 1.8392, -0.1457 0.5848 1.8392, -0.2648 -0.0549 1.8392, -0.2728 -0.1158 1.8392, -0.7272 -0.1158 1.8392, -0.7352 -0.0549 1.8392, -0.8543 0.5848 1.8392, -0.7272 0.006 1.8392, -0.7037 0.0627 1.8392, -0.6663 0.1114 1.8392, -0.4391 0.1723 1.8392, -0.3824 0.1488 1.8392, -0.3337 0.1114 1.8392, -0.3824 -0.2586 1.8392, -0.4391 -0.2821 1.8392, -0.5 -0.2901 1.8392, -0.6176 0.1488 1.8392, -0.5609 0.1723 1.8392, -0.5 0.1803 1.8392, -0.3031 -0.6375 0.6985, -0.1457 -0.6375 0.4087, -0.3031 -0.6375 1.5748, -0.6969 -0.6375 1.5748, -0.6969 -0.6375 0.6985, -0.8543 -0.6375 0.4087, -0.1457 0.5848 0.4087, -0.8543 0.5848 0.4087, -0.3031 0.5848 1.5748, -0.3031 0.5848 0.6985, -0.6969 0.5848 0.6985, -0.6969 0.5848 1.5748, -0.5984 0.7633 1.5433, -0.5984 0.6956 1.5517, -0.4016 0.7633 1.5433, -0.4016 0.6956 1.5517, -0.4016 0.9712 1.2761, -0.5984 0.9712 1.2761, -0.5984 0.9645 1.3365, -0.4016 0.9645 1.3365, -0.5984 0.9448 1.3938, -0.4016 0.9448 1.3938, -0.5984 0.913 1.4455, -0.4016 0.913 1.4455, -0.5984 0.8706 1.489, -0.4016 0.8706 1.489, -0.5984 0.8198 1.5222, -0.4016 0.8198 1.5222, -0.4016 -0.3824 1.5517, -0.4016 -0.3824 1.3549, -0.4016 0.6956 1.3549, -0.4016 0.7638 1.3155, -0.4016 0.7512 1.3318, -0.4016 0.7349 1.3443, -0.4016 0.7159 1.3522, -0.4016 0.7633 1.5222, -0.4016 -0.0984 -0.9842, -0.4016 0.0984 -0.9842, -0.4016 -0.0984 0.0478, -0.4016 0.0984 0.0478, -0.4016 -0.089 0.1191, -0.4016 0.1011 0.0682, -0.4016 -0.0615 0.1856, -0.4016 0.109 0.0872, -0.4016 -0.0177 0.2427, -0.4016 0.1215 0.1035, -0.4016 0.0394 0.2865, -0.4016 0.1378 0.116, -0.4016 0.1058 0.314, -0.4016 0.1568 0.1239, -0.4016 0.1772 0.3234, -0.4016 0.1772 0.1265, -0.4016 0.6956 0.3234, -0.4016 0.6956 0.1265, -0.4016 0.7159 0.3261, -0.4016 0.7669 0.1359, -0.4016 0.7349 0.3339, -0.4016 0.8334 0.1635, -0.4016 0.7512 0.3464, -0.4016 0.8904 0.2073, -0.4016 0.7638 0.3628, -0.4016 0.9342 0.2643, -0.4016 0.7716 0.3817, -0.4016 0.9618 0.3308, -0.4016 0.7743 0.4021, -0.4016 0.9712 0.4021, -0.4016 0.7743 1.2761, -0.4016 0.7716 1.2965, -0.5984 0.6956 1.3549, -0.5984 -0.3824 1.3549, -0.5984 -0.3824 1.5517, -0.5984 0.7633 1.5222, -0.5984 0.7743 1.2761, -0.5984 0.7716 1.2965, -0.5984 0.7638 1.3155, -0.5984 0.7512 1.3318, -0.5984 0.7349 1.3443, -0.5984 0.7159 1.3522, -0.5984 0.0984 -0.9842, -0.5984 -0.0984 -0.9842, -0.5984 0.0984 0.0478, -0.5984 -0.0984 0.0478, -0.5984 0.1011 0.0682, -0.5984 -0.089 0.1191, -0.5984 0.109 0.0872, -0.5984 -0.0615 0.1856, -0.5984 0.1215 0.1035, -0.5984 -0.0177 0.2427, -0.5984 0.1378 0.116, -0.5984 0.0394 0.2865, -0.5984 0.1568 0.1239, -0.5984 0.1058 0.314, -0.5984 0.1772 0.1265, -0.5984 0.1772 0.3234, -0.5984 0.6956 0.1265, -0.5984 0.6956 0.3234, -0.5984 0.7669 0.1359, -0.5984 0.7159 0.3261, -0.5984 0.8334 0.1635, -0.5984 0.7349 0.3339, -0.5984 0.8904 0.2073, -0.5984 0.7512 0.3464, -0.5984 0.9342 0.2643, -0.5984 0.7638 0.3628, -0.5984 0.9618 0.3308, -0.5984 0.7716 0.3817, -0.5984 0.9712 0.4021, -0.5984 0.7743 0.4021, -0.5591 -0.0591 -1.378, -0.5591 0.0591 -1.378, -0.4409 -0.0591 -1.378, -0.4409 0.0591 -1.378
            ]
        }
        coordIndex [
            0,1,2,-1,3,4,5,-1,5,4,6,-1,5,6,7,-1,8,9,10,-1,10,9,11,-1,10,11,2,-1,2,11,12,-1,2,12,0,-1,7,13,5,-1,5,13,14,-1,5,14,15,-1,14,16,15,-1,15,16,17,-1,15,17,18,-1,19,20,10,-1,10,20,21,-1,10,21,8,-1,1,22,2,-1,2,22,23,-1,2,23,5,-1,5,23,24,-1,5,24,3,-1,18,25,15,-1,15,25,26,-1,15,26,10,-1,10,26,27,-1,10,27,19,-1,28,29,30,-1,30,29,2,-1,30,2,31,-1,31,2,5,-1,31,5,32,-1,32,5,33,-1,32,33,28,-1,28,33,29,-1,34,29,35,-1,35,29,33,-1,36,10,37,-1,37,10,34,-1,37,34,38,-1,38,34,35,-1,38,35,39,-1,39,35,15,-1,39,15,36,-1,36,15,10,-1,29,34,2,-1,2,34,10,-1,35,33,15,-1,15,33,5,-1,31,39,30,-1,30,39,36,-1,38,32,37,-1,37,32,28,-1,32,38,31,-1,31,38,39,-1,37,28,36,-1,36,28,30,-1,40,41,42,-1,42,41,43,-1,44,45,46,-1,44,46,47,-1,47,46,48,-1,47,48,49,-1,49,48,50,-1,49,50,51,-1,51,50,52,-1,51,52,53,-1,53,52,54,-1,53,54,55,-1,56,57,43,-1,43,57,58,-1,59,51,60,-1,60,51,53,-1,60,53,61,-1,61,53,55,-1,61,55,62,-1,62,55,63,-1,62,63,58,-1,58,63,42,-1,58,42,43,-1,64,65,66,-1,66,65,67,-1,66,67,68,-1,68,67,69,-1,68,69,70,-1,70,69,71,-1,70,71,72,-1,72,71,73,-1,72,73,74,-1,74,73,75,-1,74,75,76,-1,76,75,77,-1,76,77,78,-1,78,77,79,-1,78,79,80,-1,80,79,81,-1,80,81,82,-1,82,81,83,-1,82,83,84,-1,84,83,85,-1,84,85,86,-1,86,85,87,-1,86,87,88,-1,88,87,89,-1,88,89,90,-1,90,89,91,-1,90,91,92,-1,92,91,93,-1,92,93,94,-1,94,93,44,-1,94,44,95,-1,95,44,47,-1,95,47,59,-1,59,47,49,-1,59,49,51,-1,96,97,98,-1,99,100,101,-1,101,102,99,-1,99,102,103,-1,99,103,104,-1,41,40,99,-1,98,41,96,-1,96,41,99,-1,96,99,105,-1,105,99,104,-1,106,107,108,-1,108,107,109,-1,108,109,110,-1,110,109,111,-1,110,111,112,-1,112,111,113,-1,112,113,114,-1,114,113,115,-1,114,115,116,-1,116,115,117,-1,116,117,118,-1,118,117,119,-1,118,119,120,-1,120,119,121,-1,120,121,122,-1,122,121,123,-1,122,123,124,-1,124,123,125,-1,124,125,126,-1,126,125,127,-1,126,127,128,-1,128,127,129,-1,128,129,130,-1,130,129,131,-1,130,131,132,-1,132,131,133,-1,132,133,134,-1,134,133,135,-1,134,135,45,-1,45,135,100,-1,99,54,100,-1,100,54,52,-1,100,52,50,-1,50,48,100,-1,100,48,46,-1,100,46,45,-1,56,43,98,-1,98,43,41,-1,57,56,97,-1,97,56,98,-1,58,57,96,-1,96,57,97,-1,58,96,62,-1,62,96,105,-1,62,105,61,-1,61,105,104,-1,61,104,60,-1,60,104,103,-1,60,103,59,-1,59,103,102,-1,59,102,95,-1,95,102,101,-1,95,101,94,-1,94,101,100,-1,92,94,135,-1,135,94,100,-1,92,135,90,-1,90,135,133,-1,90,133,88,-1,88,133,131,-1,88,131,86,-1,86,131,129,-1,86,129,84,-1,84,129,127,-1,84,127,82,-1,82,127,125,-1,82,125,80,-1,80,125,123,-1,78,80,121,-1,121,80,123,-1,78,121,119,-1,78,119,76,-1,76,119,117,-1,76,117,74,-1,74,117,115,-1,74,115,72,-1,72,115,113,-1,72,113,70,-1,70,113,111,-1,70,111,68,-1,68,111,109,-1,68,109,66,-1,64,66,107,-1,107,66,109,-1,136,137,138,-1,138,137,139,-1,106,108,65,-1,65,108,67,-1,67,108,69,-1,69,108,110,-1,69,110,71,-1,71,110,112,-1,71,112,73,-1,73,112,114,-1,73,114,75,-1,75,114,116,-1,75,116,77,-1,77,116,118,-1,77,118,79,-1,79,118,120,-1,81,79,122,-1,122,79,120,-1,81,122,124,-1,81,124,83,-1,83,124,126,-1,83,126,85,-1,85,126,128,-1,85,128,87,-1,87,128,130,-1,87,130,89,-1,89,130,132,-1,89,132,91,-1,91,132,134,-1,91,134,93,-1,44,93,45,-1,45,93,134,-1,
        ]
    }
}
Shape{
    appearance Appearance {
        material  Material 	{
            diffuseColor 0.27450980392156865 0.49411764705882355 0.27450980392156865
            specularColor 0.0196078431372549 0.03529411764705882 0.0196078431372549
            ambientIntensity 0.5763
            transparency 0.0
            shininess 0.5
        }
    }
    geometry IndexedFaceSet {
        ccw TRUE
        solid FALSE
        coord DEF co Coordinate {
            point [
                -0.7362 -1.1024 1.8475, -0.9221 -1.2882 2.0334, -0.9264 -1.2925 2.0195, -0.9331 -1.2992 0.2356, -0.7362 -1.1024 0.445, -0.9331 -1.2992 1.9685, -0.9314 -1.2975 1.9942, -0.2638 -1.1024 1.8475, -0.0779 -1.2882 2.0334, -0.2638 -1.1024 0.445, -0.0669 -1.2992 0.2356, -0.0669 -1.2992 1.9685, -0.0686 -1.2975 1.9942, -0.0736 -1.2925 2.0195
            ]
        }
        coordIndex [
            0,1,2,-1,3,4,5,-1,5,4,0,-1,5,0,6,-1,6,0,2,-1,7,8,0,-1,0,8,1,-1,9,10,7,-1,7,10,11,-1,11,12,7,-1,7,12,13,-1,7,13,8,-1,
        ]
    }
}
Shape{
    appearance Appearance {
        material  Material 	{
            diffuseColor 0.6470588235294118 0.6196078431372549 0.5882352941176471
            specularColor 0.45098039215686275 0.43529411764705883 0.4117647058823529
            ambientIntensity 0.6242
            transparency 0.0
            shininess 0.5
        }
    }
    geometry IndexedFaceSet {
        ccw TRUE
        solid FALSE
        coord DEF co Coordinate {
            point [
                -0.4016 0.0984 -0.9842, -0.4409 0.0591 -1.378, -0.5984 0.0984 -0.9842, -0.5591 0.0591 -1.378, -0.4016 -0.0984 -0.9842, -0.4409 -0.0591 -1.378, -0.5591 -0.0591 -1.378, -0.5984 -0.0984 -0.9842, -0.1506 0.1467 3.1417, -0.1838 0.199 3.1417, -0.1858 0.1973 3.1621, -0.6045 0.3355 3.1417, -0.6754 0.3108 3.1417, -0.6742 0.3083 3.1621, -0.1567 0.0435 3.2144, -0.1476 0.0435 3.2094, -0.1707 0.1053 3.2099, -0.1089 0.0498 3.1417, -0.1353 0.1225 3.1417, -0.1377 0.1214 3.1621, -0.1448 0.1179 3.1811, -0.1098 0.0435 3.1637, -0.1094 0.0435 3.1621, -0.1087 0.0435 3.1596, -0.1066 0.0435 3.1417, -0.1339 0.0435 3.2006, -0.1307 0.0435 3.1971, -0.1561 0.1124 3.1974, -0.1211 0.0435 3.1867, -0.1171 0.0435 3.1805, -0.1396 0.0435 3.205, -0.1636 0.0435 3.2168, -0.1878 0.097 3.2178, -0.1671 0.0435 3.2174, -0.1834 0.0435 3.2203, -0.2061 0.0881 3.2205, -0.1884 0.0435 3.2205, -0.8116 0.0435 3.2205, -0.7939 0.0881 3.2205, -0.8121 0.0435 3.2205, -0.8122 0.097 3.2178, -0.8322 0.0435 3.218, -0.8293 0.1053 3.2099, -0.841 0.0435 3.2153, -0.8329 0.0435 3.2178, -0.8693 0.0435 3.1971, -0.8657 0.0435 3.2009, -0.8439 0.1124 3.1974, -0.8583 0.0435 3.2065, -0.8524 0.0435 3.2095, -0.8785 0.0435 3.1872, -0.8552 0.1179 3.1811, -0.8833 0.0435 3.1797, -0.89 0.0435 3.1644, -0.8623 0.1214 3.1621, -0.8904 0.0435 3.1621, -0.8647 0.1225 3.1417, -0.8911 0.0498 3.1417, -0.8933 0.0435 3.1467, -0.8934 0.0435 3.1417, -0.7548 0.1497 3.2205, -0.7707 0.1624 3.2178, -0.7855 0.1743 3.2099, -0.7983 0.1845 3.1974, -0.808 0.1924 3.1811, -0.8142 0.1973 3.1621, -0.4275 0.2638 3.2205, -0.3587 0.2398 3.2205, -0.423 0.2836 3.2178, -0.3499 0.2581 3.2178, -0.4188 0.3022 3.2099, -0.3417 0.2753 3.2099, -0.4152 0.3181 3.1974, -0.3346 0.29 3.1974, -0.4124 0.3303 3.1811, -0.3292 0.3012 3.1811, -0.4107 0.3379 3.1621, -0.3258 0.3083 3.1621, -0.7016 0.2944 3.1417, -0.7521 0.2628 3.1417, -0.7504 0.2607 3.1621, -0.7455 0.2545 3.1811, -0.7377 0.2447 3.1974, -0.7276 0.2319 3.2099, -0.7158 0.2171 3.2178, -0.7031 0.2011 3.2205, -0.785 0.2301 3.1417, -0.8162 0.199 3.1417, -0.8494 0.1467 3.1417, -0.6708 0.3012 3.1811, -0.6654 0.29 3.1974, -0.6583 0.2753 3.2099, -0.6501 0.2581 3.2178, -0.6413 0.2398 3.2205, -0.5899 0.3405 3.1417, -0.5893 0.3379 3.1621, -0.5876 0.3303 3.1811, -0.5848 0.3181 3.1974, -0.5812 0.3022 3.2099, -0.577 0.2836 3.2178, -0.5725 0.2638 3.2205, -0.5 0.2719 3.2205, -0.5 0.2923 3.2178, -0.5 0.3113 3.2099, -0.5 0.3276 3.1974, -0.5 0.3401 3.1811, -0.5 0.348 3.1621, -0.5 0.3506 3.1417, -0.4101 0.3405 3.1417, -0.215 0.2301 3.1417, -0.2479 0.2628 3.1417, -0.2496 0.2607 3.1621, -0.2545 0.2545 3.1811, -0.2623 0.2447 3.1974, -0.2724 0.2319 3.2099, -0.2842 0.2171 3.2178, -0.2969 0.2011 3.2205, -0.2984 0.2944 3.1417, -0.3246 0.3108 3.1417, -0.3955 0.3355 3.1417, -0.192 0.1924 3.1811, -0.2017 0.1845 3.1974, -0.2145 0.1743 3.2099, -0.2293 0.1624 3.2178, -0.2452 0.1497 3.2205, -0.1066 -0.1533 3.0236, -0.8934 -0.1533 3.0236, -0.8934 -0.1533 3.1417, -0.1094 -0.1533 3.1624, -0.1094 -0.1533 3.1621, -0.1476 -0.1533 3.2095, -0.893 -0.1533 3.1498, -0.8905 -0.1533 3.1621, -0.1066 -0.1533 3.1417, -0.1585 -0.1533 3.2151, -0.89 -0.1533 3.1644, -0.1076 -0.1533 3.1542, -0.8825 -0.1533 3.1812, -0.878 -0.1533 3.1878, -0.8692 -0.1533 3.1971, -0.1307 -0.1533 3.1971, -0.1338 -0.1533 3.2005, -0.1412 -0.1533 3.2062, -0.8591 -0.1533 3.206, -0.8524 -0.1533 3.2095, -0.865 -0.1533 3.2015, -0.8418 -0.1533 3.215, -0.8348 -0.1533 3.2173, -0.8329 -0.1533 3.2176, -0.815 -0.1533 3.2204, -0.8116 -0.1533 3.2205, -0.1884 -0.1533 3.2205, -0.1873 -0.1533 3.2205, -0.1673 -0.1533 3.2179, -0.1671 -0.1533 3.2178, -0.1212 -0.1533 3.1868, -0.1164 -0.1533 3.1793, -0.8934 0.0435 3.0236, -0.1066 0.0435 3.0236, -0.0945 -0.0549 3.0236, -0.9055 -0.0549 3.0236
            ]
        }
        coordIndex [
            0,1,2,-1,2,1,3,-1,4,5,0,-1,0,5,1,-1,6,7,3,-1,3,7,2,-1,7,6,4,-1,4,6,5,-1,8,9,10,-1,11,12,13,-1,14,15,16,-1,17,18,19,-1,20,21,19,-1,19,21,22,-1,19,22,17,-1,17,22,23,-1,17,23,24,-1,25,26,27,-1,27,26,28,-1,27,28,20,-1,20,28,29,-1,20,29,21,-1,16,15,27,-1,27,15,30,-1,27,30,25,-1,14,16,31,-1,31,16,32,-1,31,32,33,-1,33,32,34,-1,34,32,35,-1,34,35,36,-1,37,38,39,-1,39,38,40,-1,39,40,41,-1,42,43,40,-1,40,43,44,-1,40,44,41,-1,45,46,47,-1,47,46,48,-1,47,48,42,-1,42,48,49,-1,42,49,43,-1,45,47,50,-1,50,47,51,-1,50,51,52,-1,52,51,53,-1,53,51,54,-1,53,54,55,-1,54,56,55,-1,55,56,57,-1,55,57,58,-1,58,57,59,-1,38,60,40,-1,40,60,61,-1,40,61,42,-1,42,61,62,-1,42,62,47,-1,47,62,63,-1,47,63,51,-1,51,63,64,-1,51,64,54,-1,54,64,65,-1,66,67,68,-1,68,67,69,-1,68,69,70,-1,70,69,71,-1,70,71,72,-1,72,71,73,-1,72,73,74,-1,74,73,75,-1,74,75,76,-1,76,75,77,-1,78,79,80,-1,80,79,65,-1,80,65,81,-1,81,65,64,-1,81,64,82,-1,82,64,63,-1,82,63,83,-1,83,63,62,-1,83,62,84,-1,84,62,61,-1,84,61,85,-1,85,61,60,-1,79,86,65,-1,65,86,87,-1,65,87,54,-1,54,87,88,-1,54,88,56,-1,12,78,13,-1,13,78,80,-1,13,80,89,-1,89,80,81,-1,89,81,90,-1,90,81,82,-1,90,82,91,-1,91,82,83,-1,91,83,92,-1,92,83,84,-1,92,84,93,-1,93,84,85,-1,94,11,95,-1,95,11,13,-1,95,13,96,-1,96,13,89,-1,96,89,97,-1,97,89,90,-1,97,90,98,-1,98,90,91,-1,98,91,99,-1,99,91,92,-1,99,92,100,-1,100,92,93,-1,100,101,99,-1,99,101,102,-1,99,102,98,-1,98,102,103,-1,98,103,97,-1,97,103,104,-1,97,104,96,-1,96,104,105,-1,96,105,95,-1,95,105,106,-1,95,106,94,-1,94,106,107,-1,101,66,102,-1,102,66,68,-1,102,68,103,-1,103,68,70,-1,103,70,104,-1,104,70,72,-1,104,72,105,-1,105,72,74,-1,105,74,106,-1,106,74,76,-1,106,76,107,-1,107,76,108,-1,109,110,111,-1,111,110,77,-1,111,77,112,-1,112,77,75,-1,112,75,113,-1,113,75,73,-1,113,73,114,-1,114,73,71,-1,114,71,115,-1,115,71,69,-1,115,69,116,-1,116,69,67,-1,110,117,77,-1,77,117,118,-1,77,118,76,-1,76,118,119,-1,76,119,108,-1,9,109,10,-1,10,109,111,-1,10,111,120,-1,120,111,112,-1,120,112,121,-1,121,112,113,-1,121,113,122,-1,122,113,114,-1,122,114,123,-1,123,114,115,-1,123,115,124,-1,124,115,116,-1,18,8,19,-1,19,8,10,-1,19,10,20,-1,20,10,120,-1,20,120,27,-1,27,120,121,-1,27,121,16,-1,16,121,122,-1,16,122,32,-1,32,122,123,-1,32,123,35,-1,35,123,124,-1,125,126,127,-1,128,129,130,-1,127,131,125,-1,125,131,132,-1,125,132,133,-1,130,129,134,-1,135,129,132,-1,132,129,136,-1,132,136,133,-1,135,137,129,-1,129,137,138,-1,129,138,139,-1,140,130,141,-1,141,130,142,-1,143,144,145,-1,145,144,139,-1,146,147,144,-1,144,147,148,-1,144,148,139,-1,148,149,139,-1,139,149,150,-1,139,150,129,-1,129,150,151,-1,129,151,152,-1,152,153,129,-1,129,153,154,-1,129,154,134,-1,140,155,130,-1,130,155,156,-1,130,156,128,-1,59,157,158,-1,59,158,58,-1,24,44,158,-1,158,44,43,-1,24,23,44,-1,44,23,22,-1,44,22,21,-1,25,30,15,-1,43,49,158,-1,158,49,48,-1,158,48,46,-1,46,45,158,-1,158,45,50,-1,158,50,52,-1,52,53,158,-1,158,53,55,-1,158,55,58,-1,21,29,44,-1,44,29,28,-1,44,28,26,-1,31,33,14,-1,14,33,15,-1,25,15,26,-1,26,15,33,-1,26,33,34,-1,34,36,26,-1,26,36,37,-1,26,37,44,-1,44,37,39,-1,44,39,41,-1,158,157,159,-1,159,157,160,-1,159,160,125,-1,125,160,126,-1,
        ]
    }
}
Shape{
    appearance Appearance {
        material  Material 	{
            diffuseColor 1.0 0.9490196078431372 0.8980392156862745
            specularColor 0.011764705882352941 0.00784313725490196 0.00784313725490196
            ambientIntensity 0.9585
            transparency 0.0
            shininess 0.5
        }
    }
    geometry IndexedFaceSet {
        ccw TRUE
        solid FALSE
        coord DEF co Coordinate {
            point [
                -0.4717 -1.0242 0.0039, -0.4717 -1.0242 0.0, -0.4626 -1.0664 0.0039, -0.4626 -1.0664 0.0, -0.4759 -1.0027 0.0039, -0.4759 -1.0027 0.0, -0.4776 -0.9959 0.0039, -0.4776 -0.9959 0.0, -0.4767 -0.9997 0.0, -0.478 -0.9949 0.0039, -0.478 -0.9949 0.0, -0.4783 -0.9942 0.0039, -0.4783 -0.9942 0.0, -0.4786 -0.9938 0.0039, -0.4786 -0.9938 0.0, -0.4789 -0.9935 0.0039, -0.4789 -0.9935 0.0, -0.4791 -0.9933 0.0039, -0.4791 -0.9933 0.0, -0.4794 -0.9932 0.0039, -0.4794 -0.9932 0.0, -0.4796 -0.9932 0.0039, -0.4796 -0.9932 0.0, -0.4798 -0.9932 0.0039, -0.4798 -0.9932 0.0, -0.48 -0.9932 0.0039, -0.48 -0.9932 0.0, -0.4802 -0.9934 0.0039, -0.4802 -0.9934 0.0, -0.4804 -0.9936 0.0039, -0.4804 -0.9936 0.0, -0.4805 -0.9938 0.0039, -0.4805 -0.9938 0.0, -0.4807 -0.9946 0.0039, -0.4807 -0.9946 0.0, -0.4812 -0.9981 0.0039, -0.4812 -0.9981 0.0, -0.4814 -0.9997 0.0, -0.4816 -1.0015 0.0039, -0.4816 -1.0015 0.0, -0.483 -1.0134 0.0039, -0.483 -1.0134 0.0, -0.4834 -1.0189 0.0039, -0.4834 -1.0189 0.0, -0.4833 -1.0215 0.0039, -0.4833 -1.0215 0.0, -0.4827 -1.0231 0.0039, -0.4827 -1.0231 0.0, -0.4821 -1.0242 0.0039, -0.4821 -1.0242 0.0, -0.4807 -1.0267 0.0039, -0.4807 -1.0267 0.0, -0.477 -1.0391 0.0039, -0.477 -1.0391 0.0, -0.4739 -1.0517 0.0039, -0.4739 -1.0517 0.0, -0.4454 -1.1839 0.0, -0.4448 -1.1867 0.0039, -0.4448 -1.1867 0.0, -0.4408 -1.1867 0.0039, -0.4408 -1.1867 0.0, -0.4134 -1.0653 0.0039, -0.4134 -1.0653 0.0, -0.4402 -1.1839 0.0, -0.41 -1.0511 0.0039, -0.41 -1.0511 0.0, -0.4085 -1.0444 0.0039, -0.4085 -1.0444 0.0, -0.4066 -1.0378 0.0039, -0.4066 -1.0378 0.0, -0.4046 -1.0324 0.0039, -0.4046 -1.0324 0.0, -0.4028 -1.0274 0.0039, -0.4028 -1.0274 0.0, -0.4016 -1.0256 0.0039, -0.4016 -1.0256 0.0, -0.4007 -1.0245 0.0039, -0.4007 -1.0245 0.0, -0.4004 -1.0241 0.0039, -0.4004 -1.0241 0.0, -0.4002 -1.0238 0.0039, -0.4002 -1.0238 0.0, -0.4002 -1.0235 0.0039, -0.4002 -1.0235 0.0, -0.4002 -1.0224 0.0039, -0.4002 -1.0224 0.0, -0.4006 -1.0158 0.0039, -0.4006 -1.0158 0.0, -0.4006 -1.0157 0.0039, -0.4006 -1.0157 0.0, -0.4017 -1.003 0.0039, -0.4017 -1.003 0.0, -0.4021 -0.9997 0.0, -0.4023 -0.9981 0.0039, -0.4023 -0.9981 0.0, -0.4024 -0.9967 0.0039, -0.4024 -0.9967 0.0, -0.4026 -0.9956 0.0039, -0.4026 -0.9956 0.0, -0.4027 -0.9949 0.0039, -0.4027 -0.9949 0.0, -0.4029 -0.9944 0.0039, -0.4029 -0.9944 0.0, -0.403 -0.9941 0.0039, -0.403 -0.9941 0.0, -0.4031 -0.9939 0.0039, -0.4031 -0.9939 0.0, -0.4033 -0.9937 0.0039, -0.4033 -0.9937 0.0, -0.4035 -0.9936 0.0039, -0.4035 -0.9936 0.0, -0.4037 -0.9936 0.0039, -0.4037 -0.9936 0.0, -0.4039 -0.9936 0.0039, -0.4039 -0.9936 0.0, -0.4042 -0.9936 0.0039, -0.4042 -0.9936 0.0, -0.4045 -0.9938 0.0039, -0.4045 -0.9938 0.0, -0.4048 -0.994 0.0039, -0.4048 -0.994 0.0, -0.405 -0.9943 0.0039, -0.405 -0.9943 0.0, -0.4052 -0.9948 0.0039, -0.4052 -0.9948 0.0, -0.4054 -0.9956 0.0039, -0.4054 -0.9956 0.0, -0.4074 -1.0069 0.0039, -0.4074 -1.0069 0.0, -0.4062 -0.9997 0.0, -0.4241 -1.0757 0.0039, -0.4241 -1.0757 0.0, -0.4428 -1.1595 0.0039, -0.4612 -1.0763 0.0039, -0.4247 -1.08 0.0039, -0.4323 -1.0873 0.0039, -0.4394 -1.0825 0.0039, -0.4418 -1.0812 0.0039, -0.4501 -1.0786 0.0039, -0.4612 -1.0763 0.0, -0.4428 -1.1595 0.0, -0.4501 -1.0786 0.0, -0.4418 -1.0812 0.0, -0.4394 -1.0825 0.0, -0.4323 -1.0873 0.0, -0.4247 -1.08 0.0, -0.5853 -1.1689 0.0039, -0.5853 -1.1689 0.0, -0.5802 -1.1646 0.0039, -0.5802 -1.1646 0.0, -0.5865 -1.1699 0.0039, -0.5865 -1.1699 0.0, -0.5873 -1.1708 0.0039, -0.5873 -1.1708 0.0, -0.5878 -1.1719 0.0039, -0.5878 -1.1719 0.0, -0.5879 -1.1725 0.0039, -0.5879 -1.1725 0.0, -0.5879 -1.1732 0.0039, -0.5879 -1.1732 0.0, -0.5877 -1.1739 0.0039, -0.5877 -1.1739 0.0, -0.5875 -1.1744 0.0039, -0.5875 -1.1744 0.0, -0.5871 -1.1748 0.0039, -0.5871 -1.1748 0.0, -0.5867 -1.1751 0.0039, -0.5867 -1.1751 0.0, -0.5816 -1.1742 0.0039, -0.5816 -1.1742 0.0, -0.5757 -1.1742 0.0039, -0.5757 -1.1742 0.0, -0.5733 -1.1747 0.0039, -0.5733 -1.1747 0.0, -0.5709 -1.1751 0.0039, -0.5709 -1.1751 0.0, -0.5649 -1.1757 0.0039, -0.5649 -1.1757 0.0, -0.5542 -1.1788 0.0039, -0.5542 -1.1788 0.0, -0.548 -1.18 0.0039, -0.548 -1.18 0.0, -0.5417 -1.1805 0.0039, -0.5417 -1.1805 0.0, -0.5329 -1.1799 0.0039, -0.5329 -1.1799 0.0, -0.5265 -1.1784 0.0039, -0.5265 -1.1784 0.0, -0.5213 -1.1757 0.0039, -0.5213 -1.1757 0.0, -0.5167 -1.1715 0.0039, -0.5167 -1.1715 0.0, -0.5121 -1.165 0.0039, -0.5121 -1.165 0.0, -0.5078 -1.1534 0.0039, -0.5078 -1.1534 0.0, -0.5036 -1.1217 0.0039, -0.5036 -1.1217 0.0, -0.5023 -1.0825 0.0039, -0.5023 -1.0825 0.0, -0.5052 -1.0491 0.0039, -0.5052 -1.0491 0.0, -0.5106 -1.0304 0.0039, -0.5106 -1.0304 0.0, -0.5165 -1.0199 0.0039, -0.5165 -1.0199 0.0, -0.5214 -1.014 0.0039, -0.5214 -1.014 0.0, -0.5269 -1.0099 0.0039, -0.5269 -1.0099 0.0, -0.5322 -1.0078 0.0039, -0.5322 -1.0078 0.0, -0.5527 -1.0046 0.0039, -0.5527 -1.0046 0.0, -0.5652 -1.0032 0.0039, -0.5652 -1.0032 0.0, -0.5698 -1.002 0.0039, -0.5698 -1.002 0.0, -0.5728 -1.0002 0.0039, -0.5728 -1.0002 0.0, -0.5736 -0.9997 0.0, -0.5737 -0.9996 0.0039, -0.5737 -0.9996 0.0, -0.574 -0.9996 0.0039, -0.574 -0.9996 0.0, -0.5747 -0.9996 0.0, -0.5747 -0.9996 0.0039, -0.575 -0.9997 0.0, -0.5753 -0.9998 0.0039, -0.5753 -0.9998 0.0, -0.5771 -1.0012 0.0039, -0.5771 -1.0012 0.0, -0.5812 -1.0049 0.0039, -0.5812 -1.0049 0.0, -0.5825 -1.0064 0.0039, -0.5825 -1.0064 0.0, -0.5859 -1.01 0.0039, -0.5859 -1.01 0.0, -0.5866 -1.0108 0.0039, -0.5866 -1.0108 0.0, -0.5871 -1.0114 0.0039, -0.5871 -1.0114 0.0, -0.5874 -1.0119 0.0039, -0.5874 -1.0119 0.0, -0.5876 -1.0122 0.0039, -0.5876 -1.0122 0.0, -0.5877 -1.0125 0.0039, -0.5877 -1.0125 0.0, -0.5877 -1.0128 0.0039, -0.5877 -1.0128 0.0, -0.5876 -1.0132 0.0039, -0.5876 -1.0132 0.0, -0.5874 -1.0138 0.0039, -0.5874 -1.0138 0.0, -0.5873 -1.014 0.0039, -0.5873 -1.014 0.0, -0.5871 -1.0141 0.0039, -0.5871 -1.0141 0.0, -0.587 -1.0142 0.0039, -0.587 -1.0142 0.0, -0.5867 -1.0143 0.0039, -0.5867 -1.0143 0.0, -0.586 -1.0144 0.0039, -0.586 -1.0144 0.0, -0.585 -1.0143 0.0039, -0.585 -1.0143 0.0, -0.5811 -1.0143 0.0039, -0.5811 -1.0143 0.0, -0.5765 -1.0143 0.0039, -0.5765 -1.0143 0.0, -0.5765 -1.1627 0.0039, -0.5765 -1.1627 0.0, -0.5784 -1.1635 0.0039, -0.5784 -1.1635 0.0, -0.5686 -1.1646 0.0039, -0.5686 -1.0148 0.0039, -0.5323 -1.019 0.0039, -0.5386 -1.0174 0.0039, -0.5474 -1.0163 0.0039, -0.5598 -1.0148 0.0039, -0.5277 -1.021 0.0039, -0.5642 -1.0147 0.0039, -0.5632 -1.1669 0.0039, -0.5512 -1.1697 0.0039, -0.5389 -1.1706 0.0039, -0.5314 -1.1691 0.0039, -0.5109 -1.0657 0.0039, -0.5154 -1.0406 0.0039, -0.521 -1.028 0.0039, -0.5243 -1.0237 0.0039, -0.5259 -1.167 0.0039, -0.5226 -1.1646 0.0039, -0.5192 -1.1605 0.0039, -0.516 -1.1544 0.0039, -0.5136 -1.1459 0.0039, -0.5103 -1.1074 0.0039, -0.5474 -1.0163 0.0, -0.5598 -1.0148 0.0, -0.5386 -1.0174 0.0, -0.5323 -1.019 0.0, -0.5277 -1.021 0.0, -0.5243 -1.0237 0.0, -0.521 -1.028 0.0, -0.5154 -1.0406 0.0, -0.5109 -1.0657 0.0, -0.5103 -1.1074 0.0, -0.5136 -1.1459 0.0, -0.516 -1.1544 0.0, -0.5192 -1.1605 0.0, -0.5226 -1.1646 0.0, -0.5259 -1.167 0.0, -0.5314 -1.1691 0.0, -0.5389 -1.1706 0.0, -0.5512 -1.1697 0.0, -0.5632 -1.1669 0.0, -0.5686 -1.1646 0.0, -0.5686 -1.0148 0.0, -0.5642 -1.0147 0.0, -0.6465 -1.104 0.0039, -0.6465 -1.104 0.0, -0.6703 -1.1009 0.0039, -0.6703 -1.1009 0.0, -0.6367 -1.106 0.0039, -0.6367 -1.106 0.0, -0.6304 -1.1082 0.0039, -0.6304 -1.1082 0.0, -0.6276 -1.11 0.0039, -0.6276 -1.11 0.0, -0.625 -1.1114 0.0039, -0.625 -1.1114 0.0, -0.6168 -1.1032 0.0039, -0.6168 -1.1032 0.0, -0.6162 -1.1024 0.0039, -0.6162 -1.1024 0.0, -0.6158 -1.1018 0.0039, -0.6158 -1.1018 0.0, -0.6156 -1.1012 0.0039, -0.6156 -1.1012 0.0, -0.6155 -1.1007 0.0039, -0.6155 -1.1007 0.0, -0.6156 -1.1003 0.0039, -0.6156 -1.1003 0.0, -0.6157 -1.0998 0.0039, -0.6157 -1.0998 0.0, -0.6161 -1.0992 0.0039, -0.6161 -1.0992 0.0, -0.6165 -1.0989 0.0039, -0.6165 -1.0989 0.0, -0.617 -1.0986 0.0039, -0.617 -1.0986 0.0, -0.6175 -1.0984 0.0039, -0.6175 -1.0984 0.0, -0.6182 -1.0983 0.0039, -0.6182 -1.0983 0.0, -0.6703 -1.091 0.0039, -0.6703 -1.091 0.0, -0.6703 -1.0143 0.0039, -0.6703 -1.0143 0.0, -0.6281 -1.0202 0.0039, -0.6281 -1.0202 0.0, -0.624 -1.0213 0.0039, -0.624 -1.0213 0.0, -0.6202 -1.0231 0.0039, -0.6202 -1.0231 0.0, -0.6177 -1.0245 0.0039, -0.6177 -1.0245 0.0, -0.6097 -1.0157 0.0039, -0.6097 -1.0157 0.0, -0.6089 -1.0145 0.0039, -0.6089 -1.0145 0.0, -0.6086 -1.0138 0.0039, -0.6086 -1.0138 0.0, -0.6086 -1.0134 0.0039, -0.6086 -1.0134 0.0, -0.6086 -1.013 0.0039, -0.6086 -1.013 0.0, -0.6087 -1.0125 0.0039, -0.6087 -1.0125 0.0, -0.609 -1.012 0.0039, -0.609 -1.012 0.0, -0.6092 -1.0117 0.0039, -0.6092 -1.0117 0.0, -0.6094 -1.0115 0.0039, -0.6094 -1.0115 0.0, -0.6097 -1.0114 0.0039, -0.6097 -1.0114 0.0, -0.6098 -1.0113 0.0039, -0.6098 -1.0113 0.0, -0.6105 -1.0112 0.0039, -0.6105 -1.0112 0.0, -0.6114 -1.0111 0.0039, -0.6114 -1.0111 0.0, -0.6157 -1.0109 0.0039, -0.6157 -1.0109 0.0, -0.6371 -1.0083 0.0039, -0.6371 -1.0083 0.0, -0.6584 -1.0049 0.0039, -0.6584 -1.0049 0.0, -0.6714 -1.0027 0.0039, -0.6714 -1.0027 0.0, -0.6746 -1.0015 0.0039, -0.6746 -1.0015 0.0, -0.6766 -1.001 0.0039, -0.6766 -1.001 0.0, -0.678 -1.001 0.0039, -0.678 -1.001 0.0, -0.6788 -1.0011 0.0039, -0.6788 -1.0011 0.0, -0.6794 -1.0014 0.0039, -0.6794 -1.0014 0.0, -0.6802 -1.0019 0.0039, -0.6802 -1.0019 0.0, -0.6807 -1.0027 0.0039, -0.6807 -1.0027 0.0, -0.681 -1.0033 0.0039, -0.681 -1.0033 0.0, -0.6812 -1.0044 0.0039, -0.6812 -1.0044 0.0, -0.6812 -1.006 0.0039, -0.6812 -1.006 0.0, -0.6811 -1.0066 0.0039, -0.6811 -1.0066 0.0, -0.6793 -1.0138 0.0039, -0.6793 -1.0138 0.0, -0.6785 -1.0211 0.0039, -0.6785 -1.0211 0.0, -0.6785 -1.0265 0.0039, -0.6785 -1.0265 0.0, -0.6784 -1.03 0.0039, -0.6784 -1.03 0.0, -0.6782 -1.0335 0.0039, -0.6782 -1.0335 0.0, -0.6785 -1.1632 0.0039, -0.6785 -1.1632 0.0, -0.6817 -1.167 0.0039, -0.6817 -1.167 0.0, -0.6837 -1.1693 0.0039, -0.6837 -1.1693 0.0, -0.6848 -1.171 0.0039, -0.6848 -1.171 0.0, -0.6852 -1.1719 0.0039, -0.6852 -1.1719 0.0, -0.6855 -1.1733 0.0039, -0.6855 -1.1733 0.0, -0.6855 -1.1742 0.0039, -0.6855 -1.1742 0.0, -0.6855 -1.1748 0.0039, -0.6855 -1.1748 0.0, -0.6855 -1.175 0.0039, -0.6855 -1.175 0.0, -0.6854 -1.1753 0.0039, -0.6854 -1.1753 0.0, -0.6853 -1.1754 0.0039, -0.6853 -1.1754 0.0, -0.6852 -1.1755 0.0039, -0.6852 -1.1755 0.0, -0.685 -1.1756 0.0039, -0.685 -1.1756 0.0, -0.6846 -1.1757 0.0039, -0.6846 -1.1757 0.0, -0.6839 -1.1757 0.0039, -0.6839 -1.1757 0.0, -0.6831 -1.1757 0.0039, -0.6831 -1.1757 0.0, -0.6777 -1.1748 0.0039, -0.6777 -1.1748 0.0, -0.6729 -1.1742 0.0039, -0.6729 -1.1742 0.0, -0.6681 -1.1742 0.0039, -0.6681 -1.1742 0.0, -0.6672 -1.1742 0.0039, -0.6672 -1.1742 0.0, -0.6617 -1.1744 0.0039, -0.6617 -1.1744 0.0, -0.6562 -1.1751 0.0039, -0.6562 -1.1751 0.0, -0.6451 -1.1771 0.0039, -0.6451 -1.1771 0.0, -0.6354 -1.179 0.0039, -0.6354 -1.179 0.0, -0.6277 -1.1818 0.0039, -0.6277 -1.1818 0.0, -0.6261 -1.1827 0.0039, -0.6261 -1.1827 0.0, -0.6244 -1.1839 0.0, -0.6236 -1.1844 0.0039, -0.6236 -1.1844 0.0, -0.6231 -1.1839 0.0, -0.6154 -1.1759 0.0039, -0.6154 -1.1759 0.0, -0.6149 -1.175 0.0039, -0.6149 -1.175 0.0, -0.6145 -1.1743 0.0039, -0.6145 -1.1743 0.0, -0.6143 -1.1738 0.0039, -0.6143 -1.1738 0.0, -0.6143 -1.1734 0.0039, -0.6143 -1.1734 0.0, -0.6143 -1.173 0.0039, -0.6143 -1.173 0.0, -0.6144 -1.1726 0.0039, -0.6144 -1.1726 0.0, -0.6147 -1.1723 0.0039, -0.6147 -1.1723 0.0, -0.6151 -1.1719 0.0039, -0.6151 -1.1719 0.0, -0.6156 -1.1716 0.0039, -0.6156 -1.1716 0.0, -0.6161 -1.1715 0.0039, -0.6161 -1.1715 0.0, -0.6168 -1.1714 0.0039, -0.6168 -1.1714 0.0, -0.6213 -1.1708 0.0039, -0.6213 -1.1708 0.0, -0.628 -1.1699 0.0039, -0.628 -1.1699 0.0, -0.6347 -1.1692 0.0039, -0.6347 -1.1692 0.0, -0.6703 -1.1632 0.0039, -0.6703 -1.1632 0.0, -0.7134 -1.1802 0.0039, -0.7134 -1.1802 0.0, -0.7177 -1.1802 0.0039, -0.7177 -1.1802 0.0, -0.7134 -1.1046 0.0039, -0.7134 -1.1046 0.0, -0.7188 -1.1046 0.0039, -0.7188 -1.1046 0.0, -0.7212 -1.1445 0.0039, -0.7212 -1.1445 0.0, -0.7247 -1.1573 0.0039, -0.7247 -1.1573 0.0, -0.7282 -1.1643 0.0039, -0.7282 -1.1643 0.0, -0.7317 -1.1684 0.0039, -0.7317 -1.1684 0.0, -0.7354 -1.1713 0.0039, -0.7354 -1.1713 0.0, -0.7394 -1.173 0.0039, -0.7394 -1.173 0.0, -0.7437 -1.174 0.0039, -0.7437 -1.174 0.0, -0.7496 -1.1736 0.0039, -0.7496 -1.1736 0.0, -0.7547 -1.1719 0.0039, -0.7547 -1.1719 0.0, -0.7595 -1.1689 0.0039, -0.7595 -1.1689 0.0, -0.764 -1.1645 0.0039, -0.764 -1.1645 0.0, -0.7689 -1.1568 0.0039, -0.7689 -1.1568 0.0, -0.7755 -1.1378 0.0039, -0.7755 -1.1378 0.0, -0.7781 -1.123 0.0039, -0.7781 -1.123 0.0, -0.7791 -1.078 0.0039, -0.7791 -1.078 0.0, -0.7721 -1.0375 0.0039, -0.7721 -1.0375 0.0, -0.7678 -1.026 0.0039, -0.7678 -1.026 0.0, -0.7614 -1.0169 0.0039, -0.7614 -1.0169 0.0, -0.7573 -1.0131 0.0039, -0.7573 -1.0131 0.0, -0.7537 -1.011 0.0039, -0.7537 -1.011 0.0, -0.7499 -1.0098 0.0039, -0.7499 -1.0098 0.0, -0.746 -1.0095 0.0039, -0.746 -1.0095 0.0, -0.7396 -1.0099 0.0039, -0.7396 -1.0099 0.0, -0.7334 -1.0123 0.0039, -0.7334 -1.0123 0.0, -0.7283 -1.0158 0.0039, -0.7283 -1.0158 0.0, -0.7241 -1.0206 0.0039, -0.7241 -1.0206 0.0, -0.7205 -1.028 0.0039, -0.7205 -1.028 0.0, -0.7164 -1.0467 0.0039, -0.7164 -1.0467 0.0, -0.7152 -1.0551 0.0039, -0.7152 -1.0551 0.0, -0.7137 -1.07 0.0039, -0.7137 -1.07 0.0, -0.7092 -1.0698 0.0039, -0.7092 -1.0698 0.0, -0.7113 -1.036 0.0039, -0.7113 -1.036 0.0, -0.7146 -1.0233 0.0039, -0.7146 -1.0233 0.0, -0.7194 -1.0135 0.0039, -0.7194 -1.0135 0.0, -0.7231 -1.0088 0.0039, -0.7231 -1.0088 0.0, -0.7285 -1.0044 0.0039, -0.7285 -1.0044 0.0, -0.7354 -1.0013 0.0039, -0.7354 -1.0013 0.0, -0.742 -1.0001 0.0039, -0.742 -1.0001 0.0, -0.7493 -1.0004 0.0039, -0.7493 -1.0004 0.0, -0.7568 -1.0027 0.0039, -0.7568 -1.0027 0.0, -0.7633 -1.0065 0.0039, -0.7633 -1.0065 0.0, -0.7681 -1.0113 0.0039, -0.7681 -1.0113 0.0, -0.7745 -1.0219 0.0039, -0.7745 -1.0219 0.0, -0.7824 -1.0456 0.0039, -0.7824 -1.0456 0.0, -0.7855 -1.0648 0.0039, -0.7855 -1.0648 0.0, -0.7856 -1.1219 0.0039, -0.7856 -1.1219 0.0, -0.7788 -1.1526 0.0039, -0.7788 -1.1526 0.0, -0.7728 -1.1661 0.0039, -0.7728 -1.1661 0.0, -0.767 -1.1736 0.0039, -0.767 -1.1736 0.0, -0.7582 -1.1804 0.0039, -0.7582 -1.1804 0.0, -0.754 -1.1824 0.0039, -0.754 -1.1824 0.0, -0.75 -1.1832 0.0039, -0.75 -1.1832 0.0, -0.746 -1.1833 0.0039, -0.746 -1.1833 0.0, -0.7377 -1.1811 0.0039, -0.7377 -1.1811 0.0, -0.7311 -1.1775 0.0039, -0.7311 -1.1775 0.0, -0.7255 -1.1724 0.0039, -0.7255 -1.1724 0.0, -0.7222 -1.168 0.0039, -0.7222 -1.168 0.0, -0.7197 -1.1635 0.0039, -0.7197 -1.1635 0.0, -0.8578 -1.1751 0.0039, -0.8578 -1.1751 0.0, -0.8703 -1.1907 0.0039, -0.8648 -1.1839 0.0, -0.8703 -1.1907 0.0, -0.8607 -1.1689 0.0039, -0.8607 -1.1689 0.0, -0.862 -1.1609 0.0039, -0.862 -1.1609 0.0, -0.862 -1.1572 0.0039, -0.862 -1.1572 0.0, -0.862 -1.0129 0.0039, -0.862 -1.0129 0.0, -0.8403 -1.0147 0.0039, -0.8403 -1.0147 0.0, -0.8299 -1.0163 0.0039, -0.8299 -1.0163 0.0, -0.8264 -1.0171 0.0039, -0.8264 -1.0171 0.0, -0.8243 -1.0181 0.0039, -0.8243 -1.0181 0.0, -0.8217 -1.0203 0.0039, -0.8217 -1.0203 0.0, -0.8208 -1.0209 0.0039, -0.8208 -1.0209 0.0, -0.8199 -1.0213 0.0039, -0.8199 -1.0213 0.0, -0.8133 -1.0155 0.0039, -0.8133 -1.0155 0.0, -0.8102 -1.0127 0.0039, -0.8102 -1.0127 0.0, -0.8091 -1.0115 0.0039, -0.8091 -1.0115 0.0, -0.8086 -1.0106 0.0039, -0.8086 -1.0106 0.0, -0.8084 -1.0097 0.0039, -0.8084 -1.0097 0.0, -0.8083 -1.0086 0.0039, -0.8083 -1.0086 0.0, -0.8086 -1.008 0.0039, -0.8086 -1.008 0.0, -0.8088 -1.0077 0.0039, -0.8088 -1.0077 0.0, -0.8092 -1.0075 0.0039, -0.8092 -1.0075 0.0, -0.8099 -1.0072 0.0039, -0.8099 -1.0072 0.0, -0.811 -1.0071 0.0039, -0.811 -1.0071 0.0, -0.8159 -1.007 0.0039, -0.8159 -1.007 0.0, -0.8231 -1.0059 0.0039, -0.8231 -1.0059 0.0, -0.8418 -1.004 0.0039, -0.8418 -1.004 0.0, -0.8479 -1.0035 0.0039, -0.8479 -1.0035 0.0, -0.8598 -1.0024 0.0039, -0.8598 -1.0024 0.0, -0.8663 -1.0018 0.0039, -0.8663 -1.0018 0.0, -0.8678 -1.0014 0.0039, -0.8678 -1.0014 0.0, -0.8686 -1.0013 0.0039, -0.8686 -1.0013 0.0, -0.8691 -1.0014 0.0039, -0.8691 -1.0014 0.0, -0.8696 -1.0016 0.0039, -0.8696 -1.0016 0.0, -0.8699 -1.0018 0.0039, -0.8699 -1.0018 0.0, -0.8703 -1.0023 0.0039, -0.8703 -1.0023 0.0, -0.8707 -1.0031 0.0039, -0.8707 -1.0031 0.0, -0.8709 -1.0038 0.0039, -0.8709 -1.0038 0.0, -0.8709 -1.0054 0.0039, -0.8709 -1.0054 0.0, -0.8701 -1.0123 0.0039, -0.8701 -1.0123 0.0, -0.87 -1.014 0.0039, -0.87 -1.014 0.0, -0.8694 -1.0307 0.0039, -0.8694 -1.0307 0.0, -0.8694 -1.1581 0.0039, -0.8694 -1.1581 0.0, -0.8696 -1.1719 0.0, -0.8696 -1.1719 0.0039, -0.8714 -1.1839 0.0, -0.8717 -1.1856 0.0039, -0.8717 -1.1856 0.0, -0.8722 -1.1884 0.0039, -0.8722 -1.1884 0.0
            ]
        }
        coordIndex [
            0,1,2,-1,2,1,3,-1,4,5,0,-1,0,5,1,-1,6,7,4,-1,4,7,8,-1,4,8,5,-1,7,6,9,-1,7,9,10,-1,10,9,11,-1,10,11,12,-1,12,11,13,-1,12,13,14,-1,14,13,15,-1,14,15,16,-1,16,15,17,-1,16,17,18,-1,18,17,19,-1,18,19,20,-1,20,19,21,-1,20,21,22,-1,22,21,23,-1,22,23,24,-1,24,23,25,-1,24,25,26,-1,26,25,27,-1,26,27,28,-1,28,27,29,-1,28,29,30,-1,30,29,31,-1,30,31,32,-1,32,31,33,-1,32,33,34,-1,34,33,35,-1,34,35,36,-1,36,35,37,-1,37,35,38,-1,37,38,39,-1,40,41,38,-1,38,41,39,-1,41,40,42,-1,41,42,43,-1,43,42,44,-1,43,44,45,-1,45,44,46,-1,45,46,47,-1,47,46,48,-1,47,48,49,-1,50,51,48,-1,48,51,49,-1,51,50,52,-1,51,52,53,-1,53,52,54,-1,53,54,55,-1,55,54,56,-1,56,54,57,-1,56,57,58,-1,59,60,57,-1,57,60,58,-1,61,62,59,-1,59,62,63,-1,59,63,60,-1,64,65,61,-1,61,65,62,-1,65,64,66,-1,65,66,67,-1,67,66,68,-1,67,68,69,-1,70,71,68,-1,68,71,69,-1,71,70,72,-1,71,72,73,-1,73,72,74,-1,73,74,75,-1,75,74,76,-1,75,76,77,-1,77,76,78,-1,77,78,79,-1,79,78,80,-1,79,80,81,-1,81,80,82,-1,81,82,83,-1,83,82,84,-1,83,84,85,-1,85,84,86,-1,85,86,87,-1,87,86,88,-1,87,88,89,-1,90,91,88,-1,88,91,89,-1,91,90,92,-1,92,90,93,-1,92,93,94,-1,94,93,95,-1,94,95,96,-1,96,95,97,-1,96,97,98,-1,98,97,99,-1,98,99,100,-1,100,99,101,-1,100,101,102,-1,102,101,103,-1,102,103,104,-1,104,103,105,-1,104,105,106,-1,106,105,107,-1,106,107,108,-1,108,107,109,-1,108,109,110,-1,110,109,111,-1,110,111,112,-1,112,111,113,-1,112,113,114,-1,114,113,115,-1,114,115,116,-1,116,115,117,-1,116,117,118,-1,118,117,119,-1,118,119,120,-1,120,119,121,-1,120,121,122,-1,122,121,123,-1,122,123,124,-1,124,123,125,-1,124,125,126,-1,127,128,125,-1,125,128,129,-1,125,129,126,-1,130,131,127,-1,127,131,128,-1,130,2,131,-1,131,2,3,-1,132,57,133,-1,133,57,54,-1,6,4,35,-1,130,134,135,-1,74,72,127,-1,127,72,70,-1,135,136,130,-1,130,136,137,-1,130,137,2,-1,2,137,138,-1,52,0,54,-1,54,0,2,-1,54,2,133,-1,133,2,138,-1,70,68,127,-1,127,68,66,-1,127,66,130,-1,130,66,64,-1,130,64,134,-1,134,64,61,-1,134,61,132,-1,132,61,59,-1,132,59,57,-1,0,40,4,-1,4,40,38,-1,4,38,35,-1,97,95,125,-1,125,95,93,-1,125,93,127,-1,127,93,90,-1,90,88,127,-1,127,88,86,-1,127,86,74,-1,74,86,84,-1,74,84,76,-1,52,50,0,-1,0,50,48,-1,0,48,46,-1,33,11,35,-1,35,11,9,-1,35,9,6,-1,46,44,0,-1,0,44,42,-1,0,42,40,-1,82,80,84,-1,84,80,78,-1,84,78,76,-1,121,103,123,-1,123,103,101,-1,123,101,125,-1,125,101,99,-1,125,99,97,-1,121,119,103,-1,103,119,117,-1,103,117,105,-1,31,15,33,-1,33,15,13,-1,33,13,11,-1,31,29,15,-1,15,29,27,-1,15,27,25,-1,19,17,21,-1,21,17,15,-1,21,15,23,-1,23,15,25,-1,113,111,115,-1,115,111,109,-1,115,109,117,-1,117,109,107,-1,117,107,105,-1,133,139,132,-1,132,139,140,-1,139,133,138,-1,139,138,141,-1,141,138,137,-1,141,137,142,-1,142,137,136,-1,142,136,143,-1,135,144,136,-1,136,144,143,-1,134,145,135,-1,135,145,144,-1,140,145,132,-1,132,145,134,-1,146,147,148,-1,148,147,149,-1,147,146,150,-1,147,150,151,-1,151,150,152,-1,151,152,153,-1,153,152,154,-1,153,154,155,-1,155,154,156,-1,155,156,157,-1,157,156,158,-1,157,158,159,-1,159,158,160,-1,159,160,161,-1,161,160,162,-1,161,162,163,-1,163,162,164,-1,163,164,165,-1,165,164,166,-1,165,166,167,-1,168,169,166,-1,166,169,167,-1,170,171,168,-1,168,171,169,-1,171,170,172,-1,171,172,173,-1,173,172,174,-1,173,174,175,-1,176,177,174,-1,174,177,175,-1,178,179,176,-1,176,179,177,-1,179,178,180,-1,179,180,181,-1,181,180,182,-1,181,182,183,-1,183,182,184,-1,183,184,185,-1,185,184,186,-1,185,186,187,-1,187,186,188,-1,187,188,189,-1,189,188,190,-1,189,190,191,-1,191,190,192,-1,191,192,193,-1,193,192,194,-1,193,194,195,-1,195,194,196,-1,195,196,197,-1,197,196,198,-1,197,198,199,-1,199,198,200,-1,199,200,201,-1,201,200,202,-1,201,202,203,-1,203,202,204,-1,203,204,205,-1,205,204,206,-1,205,206,207,-1,207,206,208,-1,207,208,209,-1,209,208,210,-1,209,210,211,-1,211,210,212,-1,211,212,213,-1,214,215,212,-1,212,215,213,-1,215,214,216,-1,215,216,217,-1,217,216,218,-1,217,218,219,-1,219,218,220,-1,220,218,221,-1,220,221,222,-1,222,221,223,-1,222,223,224,-1,225,224,226,-1,226,224,223,-1,225,226,227,-1,227,226,228,-1,227,228,229,-1,229,228,230,-1,229,230,231,-1,231,230,232,-1,231,232,233,-1,233,232,234,-1,233,234,235,-1,236,237,234,-1,234,237,235,-1,237,236,238,-1,237,238,239,-1,239,238,240,-1,239,240,241,-1,241,240,242,-1,241,242,243,-1,243,242,244,-1,243,244,245,-1,245,244,246,-1,245,246,247,-1,247,246,248,-1,247,248,249,-1,249,248,250,-1,249,250,251,-1,251,250,252,-1,251,252,253,-1,253,252,254,-1,253,254,255,-1,255,254,256,-1,255,256,257,-1,257,256,258,-1,257,258,259,-1,259,258,260,-1,259,260,261,-1,261,260,262,-1,261,262,263,-1,263,262,264,-1,263,264,265,-1,266,267,264,-1,264,267,265,-1,268,269,266,-1,266,269,267,-1,270,271,268,-1,268,271,269,-1,271,270,272,-1,271,272,273,-1,273,272,148,-1,273,148,149,-1,242,240,264,-1,170,168,274,-1,168,166,146,-1,146,166,164,-1,146,164,150,-1,146,148,168,-1,168,148,272,-1,168,272,274,-1,274,272,270,-1,274,270,275,-1,276,277,232,-1,232,277,278,-1,232,278,279,-1,240,238,264,-1,264,238,236,-1,264,236,266,-1,266,236,234,-1,266,234,268,-1,268,234,232,-1,232,230,276,-1,276,230,216,-1,276,216,280,-1,270,268,275,-1,275,268,232,-1,275,232,281,-1,281,232,279,-1,282,283,178,-1,178,283,180,-1,180,283,284,-1,180,284,182,-1,258,256,254,-1,178,176,282,-1,282,176,174,-1,282,174,274,-1,274,174,172,-1,274,172,170,-1,182,284,184,-1,184,284,285,-1,184,285,186,-1,264,250,248,-1,162,154,164,-1,164,154,152,-1,164,152,150,-1,162,160,154,-1,154,160,158,-1,154,158,156,-1,286,287,202,-1,250,264,252,-1,252,264,262,-1,252,262,254,-1,254,262,260,-1,254,260,258,-1,248,246,264,-1,264,246,244,-1,264,244,242,-1,226,223,228,-1,228,223,221,-1,228,221,230,-1,230,221,218,-1,230,218,216,-1,202,287,204,-1,216,214,280,-1,280,214,212,-1,280,212,210,-1,287,288,204,-1,204,288,289,-1,204,289,206,-1,206,289,280,-1,206,280,208,-1,208,280,210,-1,186,285,188,-1,188,285,290,-1,188,290,190,-1,190,290,291,-1,190,291,192,-1,192,291,292,-1,192,292,194,-1,292,293,194,-1,194,293,294,-1,194,294,196,-1,196,294,295,-1,196,295,198,-1,198,295,286,-1,198,286,200,-1,200,286,202,-1,278,296,279,-1,279,296,297,-1,296,278,277,-1,296,277,298,-1,298,277,276,-1,298,276,299,-1,299,276,280,-1,299,280,300,-1,300,280,289,-1,300,289,301,-1,301,289,288,-1,301,288,302,-1,302,288,287,-1,302,287,303,-1,303,287,286,-1,303,286,304,-1,304,286,295,-1,304,295,305,-1,305,295,294,-1,305,294,306,-1,306,294,293,-1,306,293,307,-1,307,293,292,-1,307,292,308,-1,308,292,291,-1,308,291,309,-1,309,291,290,-1,309,290,310,-1,310,290,285,-1,310,285,311,-1,311,285,284,-1,311,284,312,-1,312,284,283,-1,312,283,313,-1,313,283,282,-1,313,282,314,-1,274,315,282,-1,282,315,314,-1,275,316,274,-1,274,316,315,-1,316,275,281,-1,316,281,317,-1,317,281,279,-1,317,279,297,-1,318,319,320,-1,320,319,321,-1,319,318,322,-1,319,322,323,-1,323,322,324,-1,323,324,325,-1,325,324,326,-1,325,326,327,-1,328,329,326,-1,326,329,327,-1,330,331,328,-1,328,331,329,-1,331,330,332,-1,331,332,333,-1,333,332,334,-1,333,334,335,-1,335,334,336,-1,335,336,337,-1,337,336,338,-1,337,338,339,-1,339,338,340,-1,339,340,341,-1,341,340,342,-1,341,342,343,-1,343,342,344,-1,343,344,345,-1,345,344,346,-1,345,346,347,-1,347,346,348,-1,347,348,349,-1,349,348,350,-1,349,350,351,-1,351,350,352,-1,351,352,353,-1,354,355,352,-1,352,355,353,-1,356,357,354,-1,354,357,355,-1,358,359,356,-1,356,359,357,-1,359,358,360,-1,359,360,361,-1,361,360,362,-1,361,362,363,-1,364,365,362,-1,362,365,363,-1,366,367,364,-1,364,367,365,-1,367,366,368,-1,367,368,369,-1,369,368,370,-1,369,370,371,-1,371,370,372,-1,371,372,373,-1,373,372,374,-1,373,374,375,-1,375,374,376,-1,375,376,377,-1,377,376,378,-1,377,378,379,-1,379,378,380,-1,379,380,381,-1,381,380,382,-1,381,382,383,-1,383,382,384,-1,383,384,385,-1,385,384,386,-1,385,386,387,-1,387,386,388,-1,387,388,389,-1,389,388,390,-1,389,390,391,-1,392,393,390,-1,390,393,391,-1,393,392,394,-1,393,394,395,-1,395,394,396,-1,395,396,397,-1,398,399,396,-1,396,399,397,-1,399,398,400,-1,399,400,401,-1,401,400,402,-1,401,402,403,-1,403,402,404,-1,403,404,405,-1,405,404,406,-1,405,406,407,-1,407,406,408,-1,407,408,409,-1,409,408,410,-1,409,410,411,-1,411,410,412,-1,411,412,413,-1,413,412,414,-1,413,414,415,-1,415,414,416,-1,415,416,417,-1,417,416,418,-1,417,418,419,-1,419,418,420,-1,419,420,421,-1,421,420,422,-1,421,422,423,-1,423,422,424,-1,423,424,425,-1,426,427,424,-1,424,427,425,-1,427,426,428,-1,427,428,429,-1,429,428,430,-1,429,430,431,-1,432,433,430,-1,430,433,431,-1,433,432,434,-1,433,434,435,-1,435,434,436,-1,435,436,437,-1,437,436,438,-1,437,438,439,-1,439,438,440,-1,439,440,441,-1,441,440,442,-1,441,442,443,-1,443,442,444,-1,443,444,445,-1,445,444,446,-1,445,446,447,-1,447,446,448,-1,447,448,449,-1,449,448,450,-1,449,450,451,-1,451,450,452,-1,451,452,453,-1,453,452,454,-1,453,454,455,-1,455,454,456,-1,455,456,457,-1,457,456,458,-1,457,458,459,-1,459,458,460,-1,459,460,461,-1,461,460,462,-1,461,462,463,-1,464,465,462,-1,462,465,463,-1,465,464,466,-1,465,466,467,-1,467,466,468,-1,467,468,469,-1,470,471,468,-1,468,471,469,-1,471,470,472,-1,471,472,473,-1,473,472,474,-1,473,474,475,-1,476,477,474,-1,474,477,475,-1,477,476,478,-1,477,478,479,-1,479,478,480,-1,479,480,481,-1,481,480,482,-1,481,482,483,-1,483,482,484,-1,484,482,485,-1,484,485,486,-1,486,485,487,-1,487,485,488,-1,487,488,489,-1,489,488,490,-1,489,490,491,-1,491,490,492,-1,491,492,493,-1,493,492,494,-1,493,494,495,-1,495,494,496,-1,495,496,497,-1,497,496,498,-1,497,498,499,-1,499,498,500,-1,499,500,501,-1,501,500,502,-1,501,502,503,-1,503,502,504,-1,503,504,505,-1,505,504,506,-1,505,506,507,-1,507,506,508,-1,507,508,509,-1,509,508,510,-1,509,510,511,-1,512,513,510,-1,510,513,511,-1,513,512,514,-1,513,514,515,-1,515,514,516,-1,515,516,517,-1,518,519,516,-1,516,519,517,-1,518,320,519,-1,519,320,321,-1,402,400,356,-1,362,360,392,-1,392,360,358,-1,326,324,352,-1,400,398,356,-1,356,398,396,-1,356,396,358,-1,358,396,394,-1,358,394,392,-1,430,428,356,-1,428,426,356,-1,356,426,424,-1,356,424,422,-1,422,420,356,-1,356,420,418,-1,356,418,416,-1,320,354,318,-1,318,354,352,-1,318,352,322,-1,322,352,324,-1,362,392,364,-1,364,392,390,-1,364,390,366,-1,366,390,388,-1,366,388,386,-1,356,410,408,-1,436,434,518,-1,518,434,432,-1,518,432,320,-1,320,432,430,-1,320,430,354,-1,354,430,356,-1,416,414,356,-1,356,414,412,-1,356,412,410,-1,336,334,350,-1,350,334,352,-1,328,326,330,-1,330,326,352,-1,330,352,332,-1,332,352,334,-1,448,446,518,-1,518,446,444,-1,518,444,442,-1,386,384,366,-1,366,384,382,-1,366,382,380,-1,408,406,356,-1,356,406,404,-1,356,404,402,-1,496,494,508,-1,508,494,492,-1,508,492,510,-1,510,492,490,-1,510,490,488,-1,472,470,518,-1,518,470,468,-1,518,468,466,-1,466,464,518,-1,518,464,462,-1,518,462,460,-1,370,376,372,-1,372,376,374,-1,380,378,366,-1,366,378,376,-1,366,376,368,-1,368,376,370,-1,454,452,518,-1,518,452,450,-1,518,450,448,-1,442,440,518,-1,518,440,438,-1,518,438,436,-1,488,485,510,-1,510,485,482,-1,510,482,512,-1,512,482,480,-1,512,480,514,-1,514,480,478,-1,514,478,516,-1,516,478,476,-1,516,476,518,-1,518,476,474,-1,518,474,472,-1,460,458,518,-1,518,458,456,-1,518,456,454,-1,342,340,350,-1,350,340,338,-1,350,338,336,-1,502,508,504,-1,504,508,506,-1,502,500,508,-1,508,500,498,-1,508,498,496,-1,348,346,350,-1,350,346,344,-1,350,344,342,-1,520,521,522,-1,522,521,523,-1,524,525,520,-1,520,525,521,-1,526,527,524,-1,524,527,525,-1,527,526,528,-1,527,528,529,-1,529,528,530,-1,529,530,531,-1,531,530,532,-1,531,532,533,-1,533,532,534,-1,533,534,535,-1,535,534,536,-1,535,536,537,-1,537,536,538,-1,537,538,539,-1,539,538,540,-1,539,540,541,-1,541,540,542,-1,541,542,543,-1,543,542,544,-1,543,544,545,-1,545,544,546,-1,545,546,547,-1,547,546,548,-1,547,548,549,-1,549,548,550,-1,549,550,551,-1,551,550,552,-1,551,552,553,-1,553,552,554,-1,553,554,555,-1,555,554,556,-1,555,556,557,-1,557,556,558,-1,557,558,559,-1,559,558,560,-1,559,560,561,-1,561,560,562,-1,561,562,563,-1,563,562,564,-1,563,564,565,-1,565,564,566,-1,565,566,567,-1,567,566,568,-1,567,568,569,-1,569,568,570,-1,569,570,571,-1,571,570,572,-1,571,572,573,-1,573,572,574,-1,573,574,575,-1,575,574,576,-1,575,576,577,-1,577,576,578,-1,577,578,579,-1,579,578,580,-1,579,580,581,-1,581,580,582,-1,581,582,583,-1,583,582,584,-1,583,584,585,-1,586,587,584,-1,584,587,585,-1,588,589,586,-1,586,589,587,-1,589,588,590,-1,589,590,591,-1,591,590,592,-1,591,592,593,-1,593,592,594,-1,593,594,595,-1,595,594,596,-1,595,596,597,-1,597,596,598,-1,597,598,599,-1,599,598,600,-1,599,600,601,-1,601,600,602,-1,601,602,603,-1,603,602,604,-1,603,604,605,-1,605,604,606,-1,605,606,607,-1,607,606,608,-1,607,608,609,-1,609,608,610,-1,609,610,611,-1,611,610,612,-1,611,612,613,-1,613,612,614,-1,613,614,615,-1,615,614,616,-1,615,616,617,-1,617,616,618,-1,617,618,619,-1,619,618,620,-1,619,620,621,-1,621,620,622,-1,621,622,623,-1,623,622,624,-1,623,624,625,-1,625,624,626,-1,625,626,627,-1,627,626,628,-1,627,628,629,-1,629,628,630,-1,629,630,631,-1,631,630,632,-1,631,632,633,-1,633,632,634,-1,633,634,635,-1,635,634,636,-1,635,636,637,-1,637,636,638,-1,637,638,639,-1,639,638,640,-1,639,640,641,-1,642,643,640,-1,640,643,641,-1,642,522,643,-1,643,522,523,-1,524,520,642,-1,642,520,522,-1,640,536,642,-1,642,536,534,-1,642,534,532,-1,526,524,528,-1,528,524,642,-1,528,642,530,-1,530,642,532,-1,640,638,536,-1,536,638,636,-1,536,636,538,-1,538,636,634,-1,538,634,540,-1,540,634,632,-1,540,632,542,-1,632,630,542,-1,542,630,628,-1,542,628,544,-1,544,628,626,-1,544,626,546,-1,546,626,624,-1,546,624,548,-1,548,624,622,-1,548,622,550,-1,550,622,552,-1,552,622,620,-1,552,620,554,-1,554,620,618,-1,554,618,556,-1,556,618,616,-1,556,616,558,-1,558,616,614,-1,558,614,560,-1,560,614,612,-1,560,612,562,-1,562,612,610,-1,562,610,564,-1,564,610,608,-1,564,608,566,-1,566,608,606,-1,566,606,568,-1,568,606,604,-1,568,604,570,-1,570,604,602,-1,570,602,572,-1,572,602,600,-1,572,600,574,-1,574,600,598,-1,574,598,576,-1,576,598,596,-1,576,596,578,-1,578,596,594,-1,578,594,580,-1,580,594,592,-1,580,592,582,-1,582,592,590,-1,582,590,584,-1,584,590,588,-1,584,588,586,-1,644,645,646,-1,646,645,647,-1,646,647,648,-1,645,644,649,-1,645,649,650,-1,650,649,651,-1,650,651,652,-1,652,651,653,-1,652,653,654,-1,655,656,653,-1,653,656,654,-1,656,655,657,-1,656,657,658,-1,658,657,659,-1,658,659,660,-1,660,659,661,-1,660,661,662,-1,662,661,663,-1,662,663,664,-1,664,663,665,-1,664,665,666,-1,666,665,667,-1,666,667,668,-1,668,667,669,-1,668,669,670,-1,670,669,671,-1,670,671,672,-1,672,671,673,-1,672,673,674,-1,674,673,675,-1,674,675,676,-1,676,675,677,-1,676,677,678,-1,678,677,679,-1,678,679,680,-1,680,679,681,-1,680,681,682,-1,682,681,683,-1,682,683,684,-1,684,683,685,-1,684,685,686,-1,686,685,687,-1,686,687,688,-1,688,687,689,-1,688,689,690,-1,690,689,691,-1,690,691,692,-1,692,691,693,-1,692,693,694,-1,694,693,695,-1,694,695,696,-1,696,695,697,-1,696,697,698,-1,698,697,699,-1,698,699,700,-1,701,702,699,-1,699,702,700,-1,703,704,701,-1,701,704,702,-1,704,703,705,-1,704,705,706,-1,706,705,707,-1,706,707,708,-1,708,707,709,-1,708,709,710,-1,710,709,711,-1,710,711,712,-1,712,711,713,-1,712,713,714,-1,714,713,715,-1,714,715,716,-1,716,715,717,-1,716,717,718,-1,718,717,719,-1,718,719,720,-1,720,719,721,-1,720,721,722,-1,722,721,723,-1,722,723,724,-1,724,723,725,-1,724,725,726,-1,727,728,725,-1,725,728,726,-1,729,730,727,-1,727,730,728,-1,731,730,732,-1,732,730,729,-1,731,732,733,-1,733,732,734,-1,733,734,735,-1,736,737,734,-1,734,737,735,-1,736,646,737,-1,737,646,648,-1,667,665,693,-1,693,665,663,-1,693,663,695,-1,669,667,671,-1,671,667,693,-1,671,693,673,-1,673,693,691,-1,673,691,675,-1,729,727,655,-1,655,727,725,-1,655,725,723,-1,663,661,695,-1,695,661,659,-1,695,659,697,-1,697,659,657,-1,646,736,644,-1,644,736,734,-1,644,734,649,-1,649,734,732,-1,649,732,651,-1,651,732,729,-1,651,729,653,-1,653,729,655,-1,723,721,655,-1,655,721,719,-1,655,719,717,-1,679,689,687,-1,689,679,691,-1,691,679,677,-1,691,677,675,-1,717,715,655,-1,655,715,713,-1,655,713,711,-1,711,709,655,-1,655,709,707,-1,655,707,705,-1,705,703,655,-1,655,703,701,-1,655,701,657,-1,657,701,699,-1,657,699,697,-1,687,685,679,-1,679,685,683,-1,679,683,681,-1,
        ]
    }
}
Shape{
    appearance Appearance {
        material  Material 	{
            diffuseColor 0.27450980392156865 0.49411764705882355 0.27450980392156865
            specularColor 0.0196078431372549 0.03529411764705882 0.0196078431372549
            ambientIntensity 0.5763
            transparency 0.0
            shininess 0.5
        }
    }
    geometry IndexedFaceSet {
        ccw TRUE
        solid FALSE
        coord DEF co Coordinate {
            point [
                -0.4323 -1.0873 0.0, -0.4247 -1.08 0.0, -0.4428 -1.1595 0.0, -0.4612 -1.0763 0.0, -0.4501 -1.0786 0.0, -0.4418 -1.0812 0.0, -0.4394 -1.0825 0.0, -0.5686 -1.1646 0.0, -0.5686 -1.0148 0.0, -0.5632 -1.1669 0.0, -0.5642 -1.0147 0.0, -0.5598 -1.0148 0.0, -0.5474 -1.0163 0.0, -0.5386 -1.0174 0.0, -0.5389 -1.1706 0.0, -0.5512 -1.1697 0.0, -0.5103 -1.1074 0.0, -0.5109 -1.0657 0.0, -0.5314 -1.1691 0.0, -0.5136 -1.1459 0.0, -0.516 -1.1544 0.0, -0.5323 -1.019 0.0, -0.5277 -1.021 0.0, -0.5243 -1.0237 0.0, -0.5192 -1.1605 0.0, -0.5226 -1.1646 0.0, -0.5259 -1.167 0.0, -0.521 -1.028 0.0, -0.5154 -1.0406 0.0, -0.7362 0.9842 1.5222, -0.7362 0.9842 1.8676, -0.2638 0.9842 1.5222, -0.2638 0.9842 1.8676, -0.7362 0.9842 0.7874, -0.7362 1.1811 0.7874, -0.7362 1.1811 1.1811, -0.2638 1.1811 0.7874, -0.2638 0.9842 0.7874, -0.2638 1.1811 1.1811
            ]
        }
        coordIndex [
            0,1,2,-1,2,3,4,-1,4,5,2,-1,2,5,6,-1,2,6,0,-1,7,8,9,-1,9,8,10,-1,10,11,9,-1,9,11,12,-1,9,12,13,-1,14,15,16,-1,16,15,9,-1,16,9,17,-1,14,16,18,-1,18,16,19,-1,18,19,20,-1,13,21,9,-1,9,21,22,-1,9,22,23,-1,20,24,18,-1,18,24,25,-1,18,25,26,-1,23,27,9,-1,9,27,28,-1,9,28,17,-1,29,30,31,-1,31,30,32,-1,33,34,29,-1,29,34,35,-1,29,35,30,-1,36,37,38,-1,38,37,31,-1,38,31,32,-1,37,36,33,-1,33,36,34,-1,
        ]
    }
}
Shape{
    appearance Appearance {
        material  Material 	{
            diffuseColor 0.6470588235294118 0.6196078431372549 0.5882352941176471
            specularColor 0.45098039215686275 0.43529411764705883 0.4117647058823529
            ambientIntensity 0.6242
            transparency 0.0
            shininess 0.5
        }
    }
    geometry IndexedFaceSet {
        ccw TRUE
        solid FALSE
        coord DEF co Coordinate {
            point [
                -1.1884 -0.1533 3.2205, -1.8116 -0.1533 3.2205, -1.7939 -0.1979 3.2205, -1.7031 -0.3109 3.2205, -1.6413 -0.3496 3.2205, -1.2061 -0.1979 3.2205, -1.7548 -0.2595 3.2205, -1.5725 -0.3736 3.2205, -1.2969 -0.3109 3.2205, -1.2452 -0.2595 3.2205, -1.5 -0.3817 3.2205, -1.4275 -0.3736 3.2205, -1.3587 -0.3496 3.2205, -1.8494 -0.2565 3.1417, -1.8162 -0.3088 3.1417, -1.8142 -0.3071 3.1621, -1.3955 -0.4453 3.1417, -1.3246 -0.4206 3.1417, -1.3258 -0.4181 3.1621, -1.8418 -0.1533 3.215, -1.8524 -0.1533 3.2095, -1.8293 -0.2151 3.2099, -1.8911 -0.1596 3.1417, -1.8647 -0.2323 3.1417, -1.8623 -0.2312 3.1621, -1.1873 -0.1533 3.2205, -1.1878 -0.2068 3.2178, -1.1673 -0.1533 3.2179, -1.1707 -0.2151 3.2099, -1.1585 -0.1533 3.2151, -1.1671 -0.1533 3.2178, -1.1307 -0.1533 3.1971, -1.1338 -0.1533 3.2005, -1.1561 -0.2222 3.1974, -1.1412 -0.1533 3.2062, -1.1476 -0.1533 3.2095, -1.1212 -0.1533 3.1868, -1.1448 -0.2277 3.1811, -1.1164 -0.1533 3.1793, -1.1094 -0.1533 3.1624, -1.1377 -0.2312 3.1621, -1.1094 -0.1533 3.1621, -1.1353 -0.2323 3.1417, -1.1089 -0.1596 3.1417, -1.1076 -0.1533 3.1542, -1.1066 -0.1533 3.1417, -1.8552 -0.2277 3.1811, -1.89 -0.1533 3.1644, -1.8905 -0.1533 3.1621, -1.893 -0.1533 3.1498, -1.8934 -0.1533 3.1417, -1.865 -0.1533 3.2015, -1.8692 -0.1533 3.1971, -1.8439 -0.2222 3.1974, -1.878 -0.1533 3.1878, -1.8825 -0.1533 3.1812, -1.8591 -0.1533 3.206, -1.8348 -0.1533 3.2173, -1.8122 -0.2068 3.2178, -1.8329 -0.1533 3.2176, -1.815 -0.1533 3.2204, -1.2293 -0.2722 3.2178, -1.2145 -0.2841 3.2099, -1.2017 -0.2943 3.1974, -1.192 -0.3022 3.1811, -1.1858 -0.3071 3.1621, -1.577 -0.3934 3.2178, -1.6501 -0.3679 3.2178, -1.5812 -0.412 3.2099, -1.6583 -0.3851 3.2099, -1.5848 -0.4279 3.1974, -1.6654 -0.3998 3.1974, -1.5876 -0.4401 3.1811, -1.6708 -0.4111 3.1811, -1.5893 -0.4477 3.1621, -1.6742 -0.4181 3.1621, -1.2984 -0.4042 3.1417, -1.2479 -0.3726 3.1417, -1.2496 -0.3705 3.1621, -1.2545 -0.3643 3.1811, -1.2623 -0.3545 3.1974, -1.2724 -0.3417 3.2099, -1.2842 -0.3269 3.2178, -1.215 -0.3399 3.1417, -1.1838 -0.3088 3.1417, -1.1506 -0.2565 3.1417, -1.3292 -0.4111 3.1811, -1.3346 -0.3998 3.1974, -1.3417 -0.3851 3.2099, -1.3499 -0.3679 3.2178, -1.4101 -0.4504 3.1417, -1.4107 -0.4477 3.1621, -1.4124 -0.4401 3.1811, -1.4152 -0.4279 3.1974, -1.4188 -0.412 3.2099, -1.423 -0.3934 3.2178, -1.5 -0.4021 3.2178, -1.5 -0.4211 3.2099, -1.5 -0.4374 3.1974, -1.5 -0.4499 3.1811, -1.5 -0.4578 3.1621, -1.5 -0.4604 3.1417, -1.5899 -0.4504 3.1417, -1.785 -0.3399 3.1417, -1.7521 -0.3726 3.1417, -1.7504 -0.3705 3.1621, -1.7455 -0.3643 3.1811, -1.7377 -0.3545 3.1974, -1.7276 -0.3417 3.2099, -1.7158 -0.3269 3.2178, -1.7016 -0.4042 3.1417, -1.6754 -0.4206 3.1417, -1.6045 -0.4453 3.1417, -1.808 -0.3022 3.1811, -1.7983 -0.2943 3.1974, -1.7855 -0.2841 3.2099, -1.7707 -0.2722 3.2178, -1.2648 -0.0549 2.6435, -1.2728 0.006 1.8392, -1.2728 0.006 2.6435, -1.2963 0.0627 1.8392, -1.2963 0.0627 2.6435, -1.3337 0.1114 1.8392, -1.3337 0.1114 2.6435, -1.3824 0.1488 1.8392, -1.3824 0.1488 2.6435, -1.4391 0.1723 1.8392, -1.4391 0.1723 2.6435, -1.5 0.1803 1.8392, -1.5 0.1803 2.6435, -1.5609 0.1723 1.8392, -1.5609 0.1723 2.6435, -1.6176 0.1488 1.8392, -1.6176 0.1488 2.6435, -1.6663 0.1114 1.8392, -1.6663 0.1114 2.6435, -1.7037 0.0627 1.8392, -1.7037 0.0627 2.6435, -1.7272 0.006 1.8392, -1.7272 0.006 2.6435, -1.7352 -0.0549 1.8392, -1.7352 -0.0549 2.6435, -1.7272 -0.1158 1.8392, -1.7272 -0.1158 2.6435, -1.7037 -0.1725 1.8392, -1.7037 -0.1725 2.6435, -1.6663 -0.2212 1.8392, -1.6663 -0.2212 2.6435, -1.6176 -0.2586 1.8392, -1.6176 -0.2586 2.6435, -1.5609 -0.2821 1.8392, -1.5609 -0.2821 2.6435, -1.5 -0.2901 1.8392, -1.5 -0.2901 2.6435, -1.4391 -0.2821 1.8392, -1.4391 -0.2821 2.6435, -1.3824 -0.2586 1.8392, -1.3824 -0.2586 2.6435, -1.3337 -0.2212 1.8392, -1.3337 -0.2212 2.6435, -1.2963 -0.1725 1.8392, -1.2963 -0.1725 2.6435, -1.2728 -0.1158 1.8392, -1.2728 -0.1158 2.6435, -1.2648 -0.0549 1.8392
            ]
        }
        coordIndex [
            0,1,2,-1,3,4,5,-1,0,2,5,-1,5,2,6,-1,5,6,3,-1,7,8,4,-1,4,8,9,-1,4,9,5,-1,7,10,8,-1,8,10,11,-1,8,11,12,-1,13,14,15,-1,16,17,18,-1,19,20,21,-1,22,23,24,-1,0,5,25,-1,25,5,26,-1,25,26,27,-1,28,29,26,-1,26,29,30,-1,26,30,27,-1,31,32,33,-1,33,32,34,-1,33,34,28,-1,28,34,35,-1,28,35,29,-1,31,33,36,-1,36,33,37,-1,36,37,38,-1,38,37,39,-1,39,37,40,-1,39,40,41,-1,40,42,41,-1,41,42,43,-1,41,43,44,-1,44,43,45,-1,46,47,24,-1,24,47,48,-1,24,48,22,-1,22,48,49,-1,22,49,50,-1,51,52,53,-1,53,52,54,-1,53,54,46,-1,46,54,55,-1,46,55,47,-1,21,20,53,-1,53,20,56,-1,53,56,51,-1,19,21,57,-1,57,21,58,-1,57,58,59,-1,59,58,60,-1,60,58,2,-1,60,2,1,-1,5,9,26,-1,26,9,61,-1,26,61,28,-1,28,61,62,-1,28,62,33,-1,33,62,63,-1,33,63,37,-1,37,63,64,-1,37,64,40,-1,40,64,65,-1,7,4,66,-1,66,4,67,-1,66,67,68,-1,68,67,69,-1,68,69,70,-1,70,69,71,-1,70,71,72,-1,72,71,73,-1,72,73,74,-1,74,73,75,-1,76,77,78,-1,78,77,65,-1,78,65,79,-1,79,65,64,-1,79,64,80,-1,80,64,63,-1,80,63,81,-1,81,63,62,-1,81,62,82,-1,82,62,61,-1,82,61,8,-1,8,61,9,-1,77,83,65,-1,65,83,84,-1,65,84,40,-1,40,84,85,-1,40,85,42,-1,17,76,18,-1,18,76,78,-1,18,78,86,-1,86,78,79,-1,86,79,87,-1,87,79,80,-1,87,80,88,-1,88,80,81,-1,88,81,89,-1,89,81,82,-1,89,82,12,-1,12,82,8,-1,90,16,91,-1,91,16,18,-1,91,18,92,-1,92,18,86,-1,92,86,93,-1,93,86,87,-1,93,87,94,-1,94,87,88,-1,94,88,95,-1,95,88,89,-1,95,89,11,-1,11,89,12,-1,11,10,95,-1,95,10,96,-1,95,96,94,-1,94,96,97,-1,94,97,93,-1,93,97,98,-1,93,98,92,-1,92,98,99,-1,92,99,91,-1,91,99,100,-1,91,100,90,-1,90,100,101,-1,10,7,96,-1,96,7,66,-1,96,66,97,-1,97,66,68,-1,97,68,98,-1,98,68,70,-1,98,70,99,-1,99,70,72,-1,99,72,100,-1,100,72,74,-1,100,74,101,-1,101,74,102,-1,103,104,105,-1,105,104,75,-1,105,75,106,-1,106,75,73,-1,106,73,107,-1,107,73,71,-1,107,71,108,-1,108,71,69,-1,108,69,109,-1,109,69,67,-1,109,67,3,-1,3,67,4,-1,104,110,75,-1,75,110,111,-1,75,111,74,-1,74,111,112,-1,74,112,102,-1,14,103,15,-1,15,103,105,-1,15,105,113,-1,113,105,106,-1,113,106,114,-1,114,106,107,-1,114,107,115,-1,115,107,108,-1,115,108,116,-1,116,108,109,-1,116,109,6,-1,6,109,3,-1,23,13,24,-1,24,13,15,-1,24,15,46,-1,46,15,113,-1,46,113,53,-1,53,113,114,-1,53,114,21,-1,21,114,115,-1,21,115,58,-1,58,115,116,-1,58,116,2,-1,2,116,6,-1,117,118,119,-1,119,118,120,-1,119,120,121,-1,121,120,122,-1,121,122,123,-1,123,122,124,-1,123,124,125,-1,125,124,126,-1,125,126,127,-1,127,126,128,-1,127,128,129,-1,129,128,130,-1,129,130,131,-1,131,130,132,-1,131,132,133,-1,133,132,134,-1,133,134,135,-1,135,134,136,-1,135,136,137,-1,137,136,138,-1,137,138,139,-1,139,138,140,-1,139,140,141,-1,141,140,142,-1,141,142,143,-1,143,142,144,-1,143,144,145,-1,145,144,146,-1,145,146,147,-1,147,146,148,-1,147,148,149,-1,149,148,150,-1,149,150,151,-1,151,150,152,-1,151,152,153,-1,153,152,154,-1,153,154,155,-1,155,154,156,-1,155,156,157,-1,157,156,158,-1,157,158,159,-1,159,158,160,-1,159,160,161,-1,161,160,162,-1,161,162,163,-1,163,162,164,-1,163,164,117,-1,117,164,118,-1,
        ]
    }
}
Shape{
    appearance Appearance {
        material  Material 	{
            diffuseColor 0.27450980392156865 0.49411764705882355 0.27450980392156865
            specularColor 0.0196078431372549 0.03529411764705882 0.0196078431372549
            ambientIntensity 0.5763
            transparency 0.0
            shininess 0.5
        }
    }
    geometry IndexedFaceSet {
        ccw TRUE
        solid FALSE
        coord DEF co Coordinate {
            point [
                -1.1063 -0.8354 0.5543, -1.1063 -0.9093 0.0, -1.2638 -0.8354 0.5543, -1.4929 -0.9093 0.0, -1.7362 -0.8354 0.5543, -1.5983 -0.9093 0.0, -1.6973 -0.9093 0.0, -1.8937 -0.9093 0.0, -1.8937 -0.8354 0.5543, -1.883 -0.9093 0.0, -1.7983 -0.9093 0.0, -1.7362 -0.8354 1.3035, -1.8937 -0.8354 1.5292, -1.2638 -0.8354 1.3035, -1.1063 -0.8354 1.5292, -1.8937 -0.6872 1.5292, -1.1063 -0.6872 1.5292, -1.8937 -0.6872 2.6435, -1.1063 -0.6872 2.6435, -1.3337 -0.2212 2.6435, -1.2963 -0.1725 2.6435, -1.7037 -0.1725 2.6435, -1.6663 -0.2212 2.6435, -1.6176 -0.2586 2.6435, -1.3824 -0.2586 2.6435, -1.5609 -0.2821 2.6435, -1.5 -0.2901 2.6435, -1.4391 -0.2821 2.6435, -1.2728 0.006 2.6435, -1.1063 0.6045 2.6435, -1.2648 -0.0549 2.6435, -1.2728 -0.1158 2.6435, -1.2963 0.0627 2.6435, -1.3337 0.1114 2.6435, -1.3824 0.1488 2.6435, -1.7037 0.0627 2.6435, -1.8937 0.6045 2.6435, -1.6663 0.1114 2.6435, -1.6176 0.1488 2.6435, -1.7272 0.006 2.6435, -1.7352 -0.0549 2.6435, -1.7272 -0.1158 2.6435, -1.4391 0.1723 2.6435, -1.5 0.1803 2.6435, -1.5609 0.1723 2.6435, -1.8937 0.6045 2.4779, -1.1063 0.6045 2.4779, -1.8937 0.7633 1.9241, -1.1063 0.7633 1.9241, -1.4016 0.7633 1.5222, -1.1063 0.7633 1.5222, -1.4016 0.7633 1.5433, -1.5984 0.7633 1.5433, -1.5984 0.7633 1.5222, -1.8937 0.7633 1.5222, -1.4016 0.8198 1.5222, -1.1063 0.9842 1.5222, -1.8937 0.9842 1.5222, -1.7362 0.9842 1.5222, -1.5984 0.8198 1.5222, -1.2638 0.9842 1.5222, -1.7362 0.9842 0.7874, -1.8937 0.9842 0.0, -1.2638 0.9842 0.7874, -1.883 0.9842 0.0, -1.7983 0.9842 0.0, -1.6973 0.9842 0.0, -1.5983 0.9842 0.0, -1.4929 0.9842 0.0, -1.1063 0.9842 0.0, -1.2963 0.0627 2.6818, -1.2232 0.1049 2.6818, -1.3337 0.1114 2.6818, -1.274 0.1711 2.6818, -1.3824 0.1488 2.6818, -1.3402 0.2219 2.6818, -1.4391 0.1723 2.6818, -1.4173 0.2538 2.6818, -1.5 0.1803 2.6818, -1.5 0.2647 2.6818, -1.5609 0.1723 2.6818, -1.5827 0.2538 2.6818, -1.6176 0.1488 2.6818, -1.6598 0.2219 2.6818, -1.6663 0.1114 2.6818, -1.726 0.1711 2.6818, -1.7037 0.0627 2.6818, -1.7768 0.1049 2.6818, -1.7272 0.006 2.6818, -1.8087 0.0278 2.6818, -1.7352 -0.0549 2.6818, -1.8196 -0.0549 2.6818, -1.7272 -0.1158 2.6818, -1.8087 -0.1376 2.6818, -1.7037 -0.1725 2.6818, -1.7768 -0.2147 2.6818, -1.6663 -0.2212 2.6818, -1.726 -0.2809 2.6818, -1.6176 -0.2586 2.6818, -1.6598 -0.3317 2.6818, -1.5609 -0.2821 2.6818, -1.5827 -0.3636 2.6818, -1.5 -0.2901 2.6818, -1.5 -0.3745 2.6818, -1.4391 -0.2821 2.6818, -1.4173 -0.3636 2.6818, -1.3824 -0.2586 2.6818, -1.3402 -0.3317 2.6818, -1.3337 -0.2212 2.6818, -1.274 -0.2809 2.6818, -1.2963 -0.1725 2.6818, -1.2232 -0.2147 2.6818, -1.2728 -0.1158 2.6818, -1.1913 -0.1376 2.6818, -1.2648 -0.0549 2.6818, -1.1804 -0.0549 2.6818, -1.2728 0.006 2.6818, -1.1913 0.0278 2.6818, -1.1804 -0.0549 2.7983, -1.1913 0.0278 2.7983, -1.2232 0.1049 2.7983, -1.274 0.1711 2.7983, -1.3402 0.2219 2.7983, -1.4173 0.2538 2.7983, -1.5 0.2647 2.7983, -1.5827 0.2538 2.7983, -1.6598 0.2219 2.7983, -1.726 0.1711 2.7983, -1.7768 0.1049 2.7983, -1.8087 0.0278 2.7983, -1.8196 -0.0549 2.7983, -1.8087 -0.1376 2.7983, -1.7768 -0.2147 2.7983, -1.726 -0.2809 2.7983, -1.6598 -0.3317 2.7983, -1.5827 -0.3636 2.7983, -1.5 -0.3745 2.7983, -1.4173 -0.3636 2.7983, -1.3402 -0.3317 2.7983, -1.274 -0.2809 2.7983, -1.2232 -0.2147 2.7983, -1.1913 -0.1376 2.7983, -1.5 -0.4998 2.7983, -1.3848 -0.4847 2.7983, -1.2775 -0.4402 2.7983, -1.1854 -0.3695 2.7983, -1.1147 -0.2774 2.7983, -1.0702 -0.1701 2.7983, -1.0551 -0.0549 2.7983, -1.0702 0.0602 2.7983, -1.1147 0.1676 2.7983, -1.1854 0.2597 2.7983, -1.2775 0.3304 2.7983, -1.3848 0.3748 2.7983, -1.5 0.39 2.7983, -1.6152 0.3748 2.7983, -1.7225 0.3304 2.7983, -1.8146 0.2597 2.7983, -1.8853 0.1676 2.7983, -1.9298 0.0602 2.7983, -1.9449 -0.0549 2.7983, -1.9298 -0.1701 2.7983, -1.8853 -0.2774 2.7983, -1.8146 -0.3695 2.7983, -1.7225 -0.4402 2.7983, -1.6152 -0.4847 2.7983, -1.0551 -0.0549 3.4646, -1.0702 0.0602 3.4646, -1.1147 0.1676 3.4646, -1.1854 0.2597 3.4646, -1.2775 0.3304 3.4646, -1.3848 0.3748 3.4646, -1.5 0.39 3.4646, -1.6152 0.3748 3.4646, -1.7225 0.3304 3.4646, -1.8146 0.2597 3.4646, -1.8853 0.1676 3.4646, -1.9298 0.0602 3.4646, -1.9449 -0.0549 3.4646, -1.9298 -0.1701 3.4646, -1.8853 -0.2774 3.4646, -1.8146 -0.3695 3.4646, -1.7225 -0.4402 3.4646, -1.6152 -0.4847 3.4646, -1.5 -0.4998 3.4646, -1.3848 -0.4847 3.4646, -1.2775 -0.4402 3.4646, -1.1854 -0.3695 3.4646, -1.1147 -0.2774 3.4646, -1.0702 -0.1701 3.4646
            ]
        }
        coordIndex [
            0,1,2,-1,2,1,3,-1,2,3,4,-1,4,3,5,-1,4,5,6,-1,7,8,9,-1,9,8,4,-1,9,4,10,-1,10,4,6,-1,4,8,11,-1,11,8,12,-1,11,12,13,-1,13,12,14,-1,13,14,2,-1,2,14,0,-1,12,15,14,-1,14,15,16,-1,15,17,16,-1,16,17,18,-1,19,20,18,-1,21,22,17,-1,17,22,23,-1,19,18,24,-1,23,25,17,-1,17,25,26,-1,17,26,18,-1,18,26,27,-1,18,27,24,-1,28,29,30,-1,30,29,18,-1,30,18,31,-1,31,18,20,-1,28,32,29,-1,29,32,33,-1,29,33,34,-1,35,36,37,-1,37,36,38,-1,35,39,36,-1,36,39,40,-1,36,40,17,-1,17,40,41,-1,17,41,21,-1,34,42,29,-1,29,42,43,-1,29,43,36,-1,36,43,44,-1,36,44,38,-1,36,45,29,-1,29,45,46,-1,45,47,46,-1,46,47,48,-1,49,50,51,-1,51,50,48,-1,51,48,52,-1,52,48,47,-1,52,47,53,-1,53,47,54,-1,50,49,55,-1,50,55,56,-1,54,57,58,-1,53,54,59,-1,59,54,58,-1,59,58,55,-1,55,58,60,-1,55,60,56,-1,58,57,61,-1,61,57,62,-1,56,60,63,-1,62,64,61,-1,61,64,65,-1,61,65,66,-1,66,67,61,-1,61,67,68,-1,61,68,63,-1,63,68,69,-1,63,69,56,-1,62,57,7,-1,7,57,54,-1,45,36,17,-1,15,12,8,-1,45,17,47,-1,47,17,15,-1,47,15,54,-1,54,15,8,-1,54,8,7,-1,56,69,50,-1,50,69,1,-1,0,14,16,-1,1,0,50,-1,50,0,16,-1,50,16,48,-1,48,16,18,-1,48,18,46,-1,46,18,29,-1,70,71,72,-1,72,71,73,-1,72,73,74,-1,74,73,75,-1,74,75,76,-1,76,75,77,-1,76,77,78,-1,78,77,79,-1,78,79,80,-1,80,79,81,-1,80,81,82,-1,82,81,83,-1,82,83,84,-1,84,83,85,-1,84,85,86,-1,86,85,87,-1,86,87,88,-1,88,87,89,-1,88,89,90,-1,90,89,91,-1,90,91,92,-1,92,91,93,-1,92,93,94,-1,94,93,95,-1,94,95,96,-1,96,95,97,-1,96,97,98,-1,98,97,99,-1,98,99,100,-1,100,99,101,-1,100,101,102,-1,102,101,103,-1,102,103,104,-1,104,103,105,-1,104,105,106,-1,106,105,107,-1,106,107,108,-1,108,107,109,-1,108,109,110,-1,110,109,111,-1,110,111,112,-1,112,111,113,-1,112,113,114,-1,114,113,115,-1,114,115,116,-1,116,115,117,-1,116,117,70,-1,70,117,71,-1,115,118,117,-1,117,118,119,-1,117,119,71,-1,71,119,120,-1,71,120,73,-1,73,120,121,-1,73,121,75,-1,75,121,122,-1,75,122,77,-1,77,122,123,-1,77,123,79,-1,79,123,124,-1,79,124,81,-1,81,124,125,-1,81,125,83,-1,83,125,126,-1,83,126,85,-1,85,126,127,-1,85,127,87,-1,87,127,128,-1,87,128,89,-1,89,128,129,-1,89,129,91,-1,91,129,130,-1,91,130,93,-1,93,130,131,-1,93,131,95,-1,95,131,132,-1,95,132,97,-1,97,132,133,-1,97,133,99,-1,99,133,134,-1,99,134,101,-1,101,134,135,-1,101,135,103,-1,103,135,136,-1,103,136,105,-1,105,136,137,-1,105,137,107,-1,107,137,138,-1,107,138,109,-1,109,138,139,-1,109,139,111,-1,111,139,140,-1,111,140,113,-1,113,140,141,-1,113,141,115,-1,115,141,118,-1,136,142,137,-1,137,142,143,-1,137,143,138,-1,138,143,144,-1,138,144,139,-1,139,144,145,-1,139,145,140,-1,140,145,146,-1,140,146,141,-1,141,146,147,-1,141,147,118,-1,118,147,148,-1,118,148,119,-1,119,148,149,-1,119,149,120,-1,120,149,150,-1,120,150,121,-1,121,150,151,-1,121,151,122,-1,122,151,152,-1,122,152,123,-1,123,152,153,-1,123,153,124,-1,124,153,154,-1,124,154,125,-1,125,154,155,-1,125,155,126,-1,126,155,156,-1,126,156,127,-1,127,156,157,-1,127,157,128,-1,128,157,158,-1,128,158,129,-1,129,158,159,-1,129,159,130,-1,130,159,160,-1,130,160,131,-1,131,160,161,-1,131,161,132,-1,132,161,162,-1,132,162,133,-1,133,162,163,-1,133,163,134,-1,134,163,164,-1,134,164,135,-1,135,164,165,-1,135,165,136,-1,136,165,142,-1,148,166,149,-1,149,166,167,-1,149,167,150,-1,150,167,168,-1,150,168,151,-1,151,168,169,-1,151,169,152,-1,152,169,170,-1,152,170,153,-1,153,170,171,-1,153,171,154,-1,154,171,172,-1,154,172,155,-1,155,172,173,-1,155,173,156,-1,156,173,174,-1,156,174,157,-1,157,174,175,-1,157,175,158,-1,158,175,176,-1,158,176,159,-1,159,176,177,-1,159,177,160,-1,160,177,178,-1,160,178,161,-1,161,178,179,-1,161,179,162,-1,162,179,180,-1,162,180,163,-1,163,180,181,-1,163,181,164,-1,164,181,182,-1,164,182,165,-1,165,182,183,-1,165,183,142,-1,142,183,184,-1,142,184,143,-1,143,184,185,-1,143,185,144,-1,144,185,186,-1,144,186,145,-1,145,186,187,-1,145,187,146,-1,146,187,188,-1,146,188,147,-1,147,188,189,-1,147,189,148,-1,148,189,166,-1,
        ]
    }
}
Shape{
    appearance Appearance {
        material  Material 	{
            diffuseColor 0.6470588235294118 0.6196078431372549 0.5882352941176471
            specularColor 0.45098039215686275 0.43529411764705883 0.4117647058823529
            ambientIntensity 0.6242
            transparency 0.0
            shininess 0.5
        }
    }
    geometry IndexedFaceSet {
        ccw TRUE
        solid FALSE
        coord DEF co Coordinate {
            point [
                -1.6413 0.2398 3.2205, -1.7031 0.2011 3.2205, -1.2061 0.0881 3.2205, -1.8116 0.0435 3.2205, -1.1884 0.0435 3.2205, -1.7939 0.0881 3.2205, -1.7548 0.1497 3.2205, -1.5725 0.2638 3.2205, -1.2452 0.1497 3.2205, -1.2969 0.2011 3.2205, -1.3587 0.2398 3.2205, -1.4275 0.2638 3.2205, -1.5 0.2719 3.2205, -1.8934 0.0435 3.0236, -1.8934 0.0435 3.1417, -1.8911 0.0498 3.1417, -1.1066 -0.1533 3.0236, -1.1066 -0.1533 3.1417, -1.1089 -0.1596 3.1417, -1.1083 -0.1599 2.908, -1.0945 -0.0549 3.0236, -1.0945 -0.0549 2.908, -1.1066 0.0435 3.0236, -1.1083 0.0501 2.908, -1.8917 0.0501 2.908, -1.9055 -0.0549 3.0236, -1.9055 -0.0549 2.908, -1.8934 -0.1533 3.0236, -1.8917 -0.1599 2.908, -1.1353 -0.2323 3.1417, -1.1488 -0.2577 2.908, -1.1506 -0.2565 3.1417, -1.1838 -0.3088 3.1417, -1.2132 -0.3417 2.908, -1.215 -0.3399 3.1417, -1.2479 -0.3726 3.1417, -1.2972 -0.4061 2.908, -1.2984 -0.4042 3.1417, -1.3246 -0.4206 3.1417, -1.395 -0.4466 2.908, -1.3955 -0.4453 3.1417, -1.4101 -0.4504 3.1417, -1.5 -0.4604 2.908, -1.5 -0.4604 3.1417, -1.5899 -0.4504 3.1417, -1.605 -0.4466 2.908, -1.6045 -0.4453 3.1417, -1.6754 -0.4206 3.1417, -1.7028 -0.4061 2.908, -1.7016 -0.4042 3.1417, -1.7521 -0.3726 3.1417, -1.7868 -0.3417 2.908, -1.785 -0.3399 3.1417, -1.8162 -0.3088 3.1417, -1.8512 -0.2577 2.908, -1.8934 -0.1533 3.1417, -1.8911 -0.1596 3.1417, -1.8647 -0.2323 3.1417, -1.8494 -0.2565 3.1417, -1.8647 0.1225 3.1417, -1.8512 0.1479 2.908, -1.8494 0.1467 3.1417, -1.8162 0.199 3.1417, -1.7868 0.2319 2.908, -1.785 0.2301 3.1417, -1.7521 0.2628 3.1417, -1.7028 0.2963 2.908, -1.7016 0.2944 3.1417, -1.6754 0.3108 3.1417, -1.605 0.3368 2.908, -1.6045 0.3355 3.1417, -1.5899 0.3405 3.1417, -1.5 0.3506 2.908, -1.5 0.3506 3.1417, -1.4101 0.3405 3.1417, -1.395 0.3368 2.908, -1.3955 0.3355 3.1417, -1.3246 0.3108 3.1417, -1.2972 0.2963 2.908, -1.2984 0.2944 3.1417, -1.2479 0.2628 3.1417, -1.2132 0.2319 2.908, -1.215 0.2301 3.1417, -1.1838 0.199 3.1417, -1.1488 0.1479 2.908, -1.1066 0.0435 3.1417, -1.1089 0.0498 3.1417, -1.1353 0.1225 3.1417, -1.1506 0.1467 3.1417, -1.2728 -0.1158 2.908, -1.2963 -0.1725 2.908, -1.3337 -0.2212 2.908, -1.3824 -0.2586 2.908, -1.4391 -0.2821 2.908, -1.5 -0.2901 2.908, -1.5609 -0.2821 2.908, -1.6176 -0.2586 2.908, -1.6663 -0.2212 2.908, -1.7037 -0.1725 2.908, -1.7272 -0.1158 2.908, -1.7352 -0.0549 2.908, -1.7272 0.006 2.908, -1.7037 0.0627 2.908, -1.6663 0.1114 2.908, -1.6176 0.1488 2.908, -1.5609 0.1723 2.908, -1.5 0.1803 2.908, -1.4391 0.1723 2.908, -1.3824 0.1488 2.908, -1.3337 0.1114 2.908, -1.2963 0.0627 2.908, -1.2728 0.006 2.908, -1.2648 -0.0549 2.908, -1.2728 0.006 2.6818, -1.2963 0.0627 2.6818, -1.3337 0.1114 2.6818, -1.3824 0.1488 2.6818, -1.4391 0.1723 2.6818, -1.5 0.1803 2.6818, -1.5609 0.1723 2.6818, -1.6176 0.1488 2.6818, -1.6663 0.1114 2.6818, -1.7037 0.0627 2.6818, -1.7272 0.006 2.6818, -1.7352 -0.0549 2.6818, -1.7272 -0.1158 2.6818, -1.7037 -0.1725 2.6818, -1.6663 -0.2212 2.6818, -1.6176 -0.2586 2.6818, -1.5609 -0.2821 2.6818, -1.5 -0.2901 2.6818, -1.4391 -0.2821 2.6818, -1.3824 -0.2586 2.6818, -1.3337 -0.2212 2.6818, -1.2963 -0.1725 2.6818, -1.2728 -0.1158 2.6818, -1.2648 -0.0549 2.6818
            ]
        }
        coordIndex [
            0,1,2,-1,3,4,5,-1,5,4,2,-1,5,2,6,-1,6,2,1,-1,0,2,7,-1,7,2,8,-1,7,8,9,-1,9,10,7,-1,7,10,11,-1,7,11,12,-1,13,14,15,-1,16,17,18,-1,16,19,20,-1,20,19,21,-1,20,21,22,-1,22,21,23,-1,13,24,25,-1,25,24,26,-1,25,26,27,-1,27,26,28,-1,16,18,19,-1,19,18,29,-1,19,29,30,-1,29,31,30,-1,30,31,32,-1,30,32,33,-1,32,34,33,-1,33,34,35,-1,33,35,36,-1,35,37,36,-1,36,37,38,-1,36,38,39,-1,38,40,39,-1,39,40,41,-1,39,41,42,-1,41,43,42,-1,42,43,44,-1,42,44,45,-1,44,46,45,-1,45,46,47,-1,45,47,48,-1,47,49,48,-1,48,49,50,-1,48,50,51,-1,50,52,51,-1,51,52,53,-1,51,53,54,-1,55,27,56,-1,56,27,28,-1,56,28,57,-1,57,28,54,-1,57,54,58,-1,58,54,53,-1,13,15,24,-1,24,15,59,-1,24,59,60,-1,59,61,60,-1,60,61,62,-1,60,62,63,-1,62,64,63,-1,63,64,65,-1,63,65,66,-1,65,67,66,-1,66,67,68,-1,66,68,69,-1,68,70,69,-1,69,70,71,-1,69,71,72,-1,71,73,72,-1,72,73,74,-1,72,74,75,-1,74,76,75,-1,75,76,77,-1,75,77,78,-1,77,79,78,-1,78,79,80,-1,78,80,81,-1,80,82,81,-1,81,82,83,-1,81,83,84,-1,85,22,86,-1,86,22,23,-1,86,23,87,-1,87,23,84,-1,87,84,88,-1,88,84,83,-1,89,19,90,-1,90,19,30,-1,90,30,91,-1,91,30,33,-1,91,33,92,-1,92,33,36,-1,92,36,93,-1,93,36,39,-1,93,39,94,-1,94,39,42,-1,94,42,95,-1,95,42,45,-1,95,45,96,-1,96,45,48,-1,96,48,97,-1,97,48,51,-1,97,51,98,-1,98,51,54,-1,98,54,99,-1,99,54,28,-1,99,28,100,-1,100,28,26,-1,100,26,101,-1,101,26,24,-1,101,24,102,-1,102,24,60,-1,102,60,103,-1,103,60,63,-1,103,63,104,-1,104,63,66,-1,104,66,105,-1,105,66,69,-1,105,69,106,-1,106,69,72,-1,106,72,107,-1,107,72,75,-1,107,75,108,-1,108,75,78,-1,108,78,109,-1,109,78,81,-1,109,81,110,-1,110,81,84,-1,110,84,111,-1,111,84,23,-1,111,23,112,-1,112,23,21,-1,112,21,89,-1,89,21,19,-1,112,113,111,-1,111,113,114,-1,111,114,110,-1,110,114,115,-1,110,115,109,-1,109,115,116,-1,109,116,108,-1,108,116,117,-1,108,117,107,-1,107,117,118,-1,107,118,106,-1,106,118,119,-1,106,119,105,-1,105,119,120,-1,105,120,104,-1,104,120,121,-1,104,121,103,-1,103,121,122,-1,103,122,102,-1,102,122,123,-1,102,123,101,-1,101,123,124,-1,101,124,100,-1,100,124,125,-1,100,125,99,-1,99,125,126,-1,99,126,98,-1,98,126,127,-1,98,127,97,-1,97,127,128,-1,97,128,96,-1,96,128,129,-1,96,129,95,-1,95,129,130,-1,95,130,94,-1,94,130,131,-1,94,131,93,-1,93,131,132,-1,93,132,92,-1,92,132,133,-1,92,133,91,-1,91,133,134,-1,91,134,90,-1,90,134,135,-1,90,135,89,-1,89,135,136,-1,89,136,112,-1,112,136,113,-1,
        ]
    }
}
Shape{
    appearance Appearance {
        material  Material 	{
            diffuseColor 0.27450980392156865 0.49411764705882355 0.27450980392156865
            specularColor 0.0196078431372549 0.03529411764705882 0.0196078431372549
            ambientIntensity 0.5763
            transparency 0.0
            shininess 0.5
        }
    }
    geometry IndexedFaceSet {
        ccw TRUE
        solid FALSE
        coord DEF co Coordinate {
            point [
                -1.7362 -1.1024 1.8475, -1.7362 -1.0821 1.8475, -1.2638 -1.1024 1.8475, -1.2638 -1.0821 1.8475, -1.7362 -0.9942 1.3035, -1.2638 -0.9942 1.3035, -1.7362 -0.8354 1.3035, -1.2638 -0.8354 1.3035, -1.7362 -0.8354 0.5543, -1.7362 -0.9997 0.5543, -1.2638 -0.8354 0.5543, -1.2638 -0.9997 0.5543, -1.9331 -1.2992 0.2356, -1.0669 -1.2992 0.2356, -1.2638 -1.1024 0.445, -1.7362 -1.1024 0.445
            ]
        }
        coordIndex [
            0,1,2,-1,2,1,3,-1,1,4,3,-1,3,4,5,-1,4,6,5,-1,5,6,7,-1,8,9,10,-1,10,9,11,-1,12,13,14,-1,11,9,14,-1,14,9,15,-1,14,15,12,-1,4,1,0,-1,8,6,9,-1,9,6,4,-1,9,4,15,-1,15,4,0,-1,14,2,5,-1,5,2,3,-1,7,10,5,-1,5,10,11,-1,5,11,14,-1,
        ]
    }
}
Shape{
    appearance Appearance {
        material  Material 	{
            diffuseColor 0.6470588235294118 0.6196078431372549 0.5882352941176471
            specularColor 0.45098039215686275 0.43529411764705883 0.4117647058823529
            ambientIntensity 0.6242
            transparency 0.0
            shininess 0.5
        }
    }
    geometry IndexedFaceSet {
        ccw TRUE
        solid FALSE
        coord DEF co Coordinate {
            point [
                -1.2648 -0.0549 1.8392, -1.1457 -0.6375 1.8392, -1.1457 0.5848 1.8392, -1.2728 -0.1158 1.8392, -1.2963 -0.1725 1.8392, -1.3337 -0.2212 1.8392, -1.8543 0.5848 1.8392, -1.7037 0.0627 1.8392, -1.6663 0.1114 1.8392, -1.4391 0.1723 1.8392, -1.3824 0.1488 1.8392, -1.3337 0.1114 1.8392, -1.3824 -0.2586 1.8392, -1.4391 -0.2821 1.8392, -1.8543 -0.6375 1.8392, -1.5 -0.2901 1.8392, -1.5609 -0.2821 1.8392, -1.6176 -0.2586 1.8392, -1.6663 -0.2212 1.8392, -1.7037 -0.1725 1.8392, -1.7272 -0.1158 1.8392, -1.7352 -0.0549 1.8392, -1.7272 0.006 1.8392, -1.2963 0.0627 1.8392, -1.2728 0.006 1.8392, -1.6176 0.1488 1.8392, -1.5609 0.1723 1.8392, -1.5 0.1803 1.8392, -1.3031 -0.6375 0.6985, -1.1457 -0.6375 0.4087, -1.3031 -0.6375 1.5748, -1.6969 -0.6375 1.5748, -1.6969 -0.6375 0.6985, -1.8543 -0.6375 0.4087, -1.1457 0.5848 0.4087, -1.8543 0.5848 0.4087, -1.3031 0.5848 1.5748, -1.3031 0.5848 0.6985, -1.6969 0.5848 0.6985, -1.6969 0.5848 1.5748, -1.5984 0.7633 1.5433, -1.5984 0.6956 1.5517, -1.4016 0.7633 1.5433, -1.4016 0.6956 1.5517, -1.4016 0.9712 1.2761, -1.5984 0.9712 1.2761, -1.5984 0.9645 1.3365, -1.4016 0.9645 1.3365, -1.5984 0.9448 1.3938, -1.4016 0.9448 1.3938, -1.5984 0.913 1.4455, -1.4016 0.913 1.4455, -1.5984 0.8706 1.489, -1.4016 0.8706 1.489, -1.5984 0.8198 1.5222, -1.4016 0.8198 1.5222, -1.4016 -0.3824 1.5517, -1.4016 -0.3824 1.3549, -1.4016 0.6956 1.3549, -1.4016 0.7638 1.3155, -1.4016 0.7512 1.3318, -1.4016 0.7349 1.3443, -1.4016 0.7159 1.3522, -1.4016 0.7633 1.5222, -1.4016 -0.0984 -0.9842, -1.4016 0.0984 -0.9842, -1.4016 -0.0984 0.0478, -1.4016 0.0984 0.0478, -1.4016 -0.089 0.1191, -1.4016 0.1011 0.0682, -1.4016 -0.0615 0.1856, -1.4016 0.109 0.0872, -1.4016 -0.0177 0.2427, -1.4016 0.1215 0.1035, -1.4016 0.0394 0.2865, -1.4016 0.1378 0.116, -1.4016 0.1058 0.314, -1.4016 0.1568 0.1239, -1.4016 0.1772 0.3234, -1.4016 0.1772 0.1265, -1.4016 0.6956 0.3234, -1.4016 0.6956 0.1265, -1.4016 0.7159 0.3261, -1.4016 0.7669 0.1359, -1.4016 0.7349 0.3339, -1.4016 0.8334 0.1635, -1.4016 0.7512 0.3464, -1.4016 0.8904 0.2073, -1.4016 0.7638 0.3628, -1.4016 0.9342 0.2643, -1.4016 0.7716 0.3817, -1.4016 0.9618 0.3308, -1.4016 0.7743 0.4021, -1.4016 0.9712 0.4021, -1.4016 0.7743 1.2761, -1.4016 0.7716 1.2965, -1.5984 0.6956 1.3549, -1.5984 -0.3824 1.3549, -1.5984 -0.3824 1.5517, -1.5984 0.7633 1.5222, -1.5984 0.7743 1.2761, -1.5984 0.7716 1.2965, -1.5984 0.7638 1.3155, -1.5984 0.7512 1.3318, -1.5984 0.7349 1.3443, -1.5984 0.7159 1.3522, -1.5984 0.0984 -0.9842, -1.5984 -0.0984 -0.9842, -1.5984 0.0984 0.0478, -1.5984 -0.0984 0.0478, -1.5984 0.1011 0.0682, -1.5984 -0.089 0.1191, -1.5984 0.109 0.0872, -1.5984 -0.0615 0.1856, -1.5984 0.1215 0.1035, -1.5984 -0.0177 0.2427, -1.5984 0.1378 0.116, -1.5984 0.0394 0.2865, -1.5984 0.1568 0.1239, -1.5984 0.1058 0.314, -1.5984 0.1772 0.1265, -1.5984 0.1772 0.3234, -1.5984 0.6956 0.1265, -1.5984 0.6956 0.3234, -1.5984 0.7669 0.1359, -1.5984 0.7159 0.3261, -1.5984 0.8334 0.1635, -1.5984 0.7349 0.3339, -1.5984 0.8904 0.2073, -1.5984 0.7512 0.3464, -1.5984 0.9342 0.2643, -1.5984 0.7638 0.3628, -1.5984 0.9618 0.3308, -1.5984 0.7716 0.3817, -1.5984 0.9712 0.4021, -1.5984 0.7743 0.4021, -1.5591 -0.0591 -1.378, -1.5591 0.0591 -1.378, -1.4409 -0.0591 -1.378, -1.4409 0.0591 -1.378
            ]
        }
        coordIndex [
            0,1,2,-1,0,3,1,-1,1,3,4,-1,1,4,5,-1,6,7,8,-1,9,10,2,-1,2,10,11,-1,5,12,1,-1,1,12,13,-1,1,13,14,-1,14,13,15,-1,14,15,16,-1,16,17,14,-1,14,17,18,-1,14,18,19,-1,19,20,14,-1,14,20,21,-1,14,21,6,-1,6,21,22,-1,6,22,7,-1,11,23,2,-1,2,23,24,-1,2,24,0,-1,8,25,6,-1,6,25,26,-1,6,26,2,-1,2,26,27,-1,2,27,9,-1,28,29,30,-1,30,29,1,-1,30,1,31,-1,31,1,14,-1,31,14,32,-1,32,14,33,-1,32,33,28,-1,28,33,29,-1,34,29,35,-1,35,29,33,-1,36,2,37,-1,37,2,34,-1,37,34,38,-1,38,34,35,-1,38,35,39,-1,39,35,6,-1,39,6,36,-1,36,6,2,-1,29,34,1,-1,1,34,2,-1,35,33,6,-1,6,33,14,-1,31,39,30,-1,30,39,36,-1,38,32,37,-1,37,32,28,-1,32,38,31,-1,31,38,39,-1,37,28,36,-1,36,28,30,-1,40,41,42,-1,42,41,43,-1,44,45,46,-1,44,46,47,-1,47,46,48,-1,47,48,49,-1,49,48,50,-1,49,50,51,-1,51,50,52,-1,51,52,53,-1,53,52,54,-1,53,54,55,-1,56,57,43,-1,43,57,58,-1,59,51,60,-1,60,51,53,-1,60,53,61,-1,61,53,55,-1,61,55,62,-1,62,55,63,-1,62,63,58,-1,58,63,42,-1,58,42,43,-1,64,65,66,-1,66,65,67,-1,66,67,68,-1,68,67,69,-1,68,69,70,-1,70,69,71,-1,70,71,72,-1,72,71,73,-1,72,73,74,-1,74,73,75,-1,74,75,76,-1,76,75,77,-1,76,77,78,-1,78,77,79,-1,78,79,80,-1,80,79,81,-1,80,81,82,-1,82,81,83,-1,82,83,84,-1,84,83,85,-1,84,85,86,-1,86,85,87,-1,86,87,88,-1,88,87,89,-1,88,89,90,-1,90,89,91,-1,90,91,92,-1,92,91,93,-1,92,93,94,-1,94,93,44,-1,94,44,95,-1,95,44,47,-1,95,47,59,-1,59,47,49,-1,59,49,51,-1,96,97,98,-1,99,100,101,-1,101,102,99,-1,99,102,103,-1,99,103,104,-1,41,40,99,-1,98,41,96,-1,96,41,99,-1,96,99,105,-1,105,99,104,-1,106,107,108,-1,108,107,109,-1,108,109,110,-1,110,109,111,-1,110,111,112,-1,112,111,113,-1,112,113,114,-1,114,113,115,-1,114,115,116,-1,116,115,117,-1,116,117,118,-1,118,117,119,-1,118,119,120,-1,120,119,121,-1,120,121,122,-1,122,121,123,-1,122,123,124,-1,124,123,125,-1,124,125,126,-1,126,125,127,-1,126,127,128,-1,128,127,129,-1,128,129,130,-1,130,129,131,-1,130,131,132,-1,132,131,133,-1,132,133,134,-1,134,133,135,-1,134,135,45,-1,45,135,100,-1,99,54,100,-1,100,54,52,-1,100,52,50,-1,50,48,100,-1,100,48,46,-1,100,46,45,-1,56,43,98,-1,98,43,41,-1,57,56,97,-1,97,56,98,-1,58,57,96,-1,96,57,97,-1,58,96,62,-1,62,96,105,-1,62,105,61,-1,61,105,104,-1,61,104,60,-1,60,104,103,-1,60,103,59,-1,59,103,102,-1,59,102,95,-1,95,102,101,-1,95,101,94,-1,94,101,100,-1,92,94,135,-1,135,94,100,-1,92,135,90,-1,90,135,133,-1,90,133,88,-1,88,133,131,-1,88,131,86,-1,86,131,129,-1,86,129,84,-1,84,129,127,-1,84,127,82,-1,82,127,125,-1,82,125,80,-1,80,125,123,-1,78,80,121,-1,121,80,123,-1,78,121,119,-1,78,119,76,-1,76,119,117,-1,76,117,74,-1,74,117,115,-1,74,115,72,-1,72,115,113,-1,72,113,70,-1,70,113,111,-1,70,111,68,-1,68,111,109,-1,68,109,66,-1,64,66,107,-1,107,66,109,-1,136,137,138,-1,138,137,139,-1,106,108,65,-1,65,108,67,-1,67,108,69,-1,69,108,110,-1,69,110,71,-1,71,110,112,-1,71,112,73,-1,73,112,114,-1,73,114,75,-1,75,114,116,-1,75,116,77,-1,77,116,118,-1,77,118,79,-1,79,118,120,-1,81,79,122,-1,122,79,120,-1,81,122,124,-1,81,124,83,-1,83,124,126,-1,83,126,85,-1,85,126,128,-1,85,128,87,-1,87,128,130,-1,87,130,89,-1,89,130,132,-1,89,132,91,-1,91,132,134,-1,91,134,93,-1,44,93,45,-1,45,93,134,-1,
        ]
    }
}
Shape{
    appearance Appearance {
        material  Material 	{
            diffuseColor 0.27450980392156865 0.49411764705882355 0.27450980392156865
            specularColor 0.0196078431372549 0.03529411764705882 0.0196078431372549
            ambientIntensity 0.5763
            transparency 0.0
            shininess 0.5
        }
    }
    geometry IndexedFaceSet {
        ccw TRUE
        solid FALSE
        coord DEF co Coordinate {
            point [
                -1.7362 -1.1024 1.8475, -1.9221 -1.2882 2.0334, -1.9264 -1.2925 2.0195, -1.9331 -1.2992 0.2356, -1.7362 -1.1024 0.445, -1.9331 -1.2992 1.9685, -1.9314 -1.2975 1.9942, -1.2638 -1.1024 1.8475, -1.0779 -1.2882 2.0334, -1.2638 -1.1024 0.445, -1.0669 -1.2992 0.2356, -1.0669 -1.2992 1.9685, -1.0686 -1.2975 1.9942, -1.0736 -1.2925 2.0195
            ]
        }
        coordIndex [
            0,1,2,-1,3,4,5,-1,5,4,0,-1,5,0,6,-1,6,0,2,-1,7,8,0,-1,0,8,1,-1,9,10,7,-1,7,10,11,-1,11,12,7,-1,7,12,13,-1,7,13,8,-1,
        ]
    }
}
Shape{
    appearance Appearance {
        material  Material 	{
            diffuseColor 0.6470588235294118 0.6196078431372549 0.5882352941176471
            specularColor 0.45098039215686275 0.43529411764705883 0.4117647058823529
            ambientIntensity 0.6242
            transparency 0.0
            shininess 0.5
        }
    }
    geometry IndexedFaceSet {
        ccw TRUE
        solid FALSE
        coord DEF co Coordinate {
            point [
                -1.4016 0.0984 -0.9842, -1.4409 0.0591 -1.378, -1.5984 0.0984 -0.9842, -1.5591 0.0591 -1.378, -1.4016 -0.0984 -0.9842, -1.4409 -0.0591 -1.378, -1.5591 -0.0591 -1.378, -1.5984 -0.0984 -0.9842, -1.1506 0.1467 3.1417, -1.1838 0.199 3.1417, -1.1858 0.1973 3.1621, -1.6045 0.3355 3.1417, -1.6754 0.3108 3.1417, -1.6742 0.3083 3.1621, -1.1567 0.0435 3.2144, -1.1476 0.0435 3.2094, -1.1707 0.1053 3.2099, -1.1089 0.0498 3.1417, -1.1353 0.1225 3.1417, -1.1377 0.1214 3.1621, -1.1448 0.1179 3.1811, -1.1098 0.0435 3.1637, -1.1094 0.0435 3.1621, -1.1087 0.0435 3.1596, -1.1066 0.0435 3.1417, -1.1339 0.0435 3.2006, -1.1307 0.0435 3.1971, -1.1561 0.1124 3.1974, -1.1211 0.0435 3.1867, -1.1171 0.0435 3.1805, -1.1396 0.0435 3.205, -1.1636 0.0435 3.2168, -1.1878 0.097 3.2178, -1.1671 0.0435 3.2174, -1.1834 0.0435 3.2203, -1.2061 0.0881 3.2205, -1.1884 0.0435 3.2205, -1.8116 0.0435 3.2205, -1.7939 0.0881 3.2205, -1.8121 0.0435 3.2205, -1.8122 0.097 3.2178, -1.8322 0.0435 3.218, -1.8293 0.1053 3.2099, -1.841 0.0435 3.2153, -1.8329 0.0435 3.2178, -1.8693 0.0435 3.1971, -1.8657 0.0435 3.2009, -1.8439 0.1124 3.1974, -1.8583 0.0435 3.2065, -1.8524 0.0435 3.2095, -1.8785 0.0435 3.1872, -1.8552 0.1179 3.1811, -1.8833 0.0435 3.1797, -1.89 0.0435 3.1644, -1.8623 0.1214 3.1621, -1.8904 0.0435 3.1621, -1.8647 0.1225 3.1417, -1.8911 0.0498 3.1417, -1.8933 0.0435 3.1467, -1.8934 0.0435 3.1417, -1.7548 0.1497 3.2205, -1.7707 0.1624 3.2178, -1.7855 0.1743 3.2099, -1.7983 0.1845 3.1974, -1.808 0.1924 3.1811, -1.8142 0.1973 3.1621, -1.4275 0.2638 3.2205, -1.3587 0.2398 3.2205, -1.423 0.2836 3.2178, -1.3499 0.2581 3.2178, -1.4188 0.3022 3.2099, -1.3417 0.2753 3.2099, -1.4152 0.3181 3.1974, -1.3346 0.29 3.1974, -1.4124 0.3303 3.1811, -1.3292 0.3012 3.1811, -1.4107 0.3379 3.1621, -1.3258 0.3083 3.1621, -1.7016 0.2944 3.1417, -1.7521 0.2628 3.1417, -1.7504 0.2607 3.1621, -1.7455 0.2545 3.1811, -1.7377 0.2447 3.1974, -1.7276 0.2319 3.2099, -1.7158 0.2171 3.2178, -1.7031 0.2011 3.2205, -1.785 0.2301 3.1417, -1.8162 0.199 3.1417, -1.8494 0.1467 3.1417, -1.6708 0.3012 3.1811, -1.6654 0.29 3.1974, -1.6583 0.2753 3.2099, -1.6501 0.2581 3.2178, -1.6413 0.2398 3.2205, -1.5899 0.3405 3.1417, -1.5893 0.3379 3.1621, -1.5876 0.3303 3.1811, -1.5848 0.3181 3.1974, -1.5812 0.3022 3.2099, -1.577 0.2836 3.2178, -1.5725 0.2638 3.2205, -1.5 0.2719 3.2205, -1.5 0.2923 3.2178, -1.5 0.3113 3.2099, -1.5 0.3276 3.1974, -1.5 0.3401 3.1811, -1.5 0.348 3.1621, -1.5 0.3506 3.1417, -1.4101 0.3405 3.1417, -1.215 0.2301 3.1417, -1.2479 0.2628 3.1417, -1.2496 0.2607 3.1621, -1.2545 0.2545 3.1811, -1.2623 0.2447 3.1974, -1.2724 0.2319 3.2099, -1.2842 0.2171 3.2178, -1.2969 0.2011 3.2205, -1.2984 0.2944 3.1417, -1.3246 0.3108 3.1417, -1.3955 0.3355 3.1417, -1.192 0.1924 3.1811, -1.2017 0.1845 3.1974, -1.2145 0.1743 3.2099, -1.2293 0.1624 3.2178, -1.2452 0.1497 3.2205, -1.1066 -0.1533 3.0236, -1.8934 -0.1533 3.0236, -1.8934 -0.1533 3.1417, -1.1094 -0.1533 3.1624, -1.1094 -0.1533 3.1621, -1.1476 -0.1533 3.2095, -1.893 -0.1533 3.1498, -1.8905 -0.1533 3.1621, -1.1066 -0.1533 3.1417, -1.1585 -0.1533 3.2151, -1.89 -0.1533 3.1644, -1.1076 -0.1533 3.1542, -1.8825 -0.1533 3.1812, -1.878 -0.1533 3.1878, -1.8692 -0.1533 3.1971, -1.1307 -0.1533 3.1971, -1.1338 -0.1533 3.2005, -1.1412 -0.1533 3.2062, -1.8591 -0.1533 3.206, -1.8524 -0.1533 3.2095, -1.865 -0.1533 3.2015, -1.8418 -0.1533 3.215, -1.8348 -0.1533 3.2173, -1.8329 -0.1533 3.2176, -1.815 -0.1533 3.2204, -1.8116 -0.1533 3.2205, -1.1884 -0.1533 3.2205, -1.1873 -0.1533 3.2205, -1.1673 -0.1533 3.2179, -1.1671 -0.1533 3.2178, -1.1212 -0.1533 3.1868, -1.1164 -0.1533 3.1793, -1.8934 0.0435 3.0236, -1.1066 0.0435 3.0236, -1.0945 -0.0549 3.0236, -1.9055 -0.0549 3.0236
            ]
        }
        coordIndex [
            0,1,2,-1,2,1,3,-1,4,5,0,-1,0,5,1,-1,6,7,3,-1,3,7,2,-1,7,6,4,-1,4,6,5,-1,8,9,10,-1,11,12,13,-1,14,15,16,-1,17,18,19,-1,20,21,19,-1,19,21,22,-1,19,22,17,-1,17,22,23,-1,17,23,24,-1,25,26,27,-1,27,26,28,-1,27,28,20,-1,20,28,29,-1,20,29,21,-1,16,15,27,-1,27,15,30,-1,27,30,25,-1,14,16,31,-1,31,16,32,-1,31,32,33,-1,33,32,34,-1,34,32,35,-1,34,35,36,-1,37,38,39,-1,39,38,40,-1,39,40,41,-1,42,43,40,-1,40,43,44,-1,40,44,41,-1,45,46,47,-1,47,46,48,-1,47,48,42,-1,42,48,49,-1,42,49,43,-1,45,47,50,-1,50,47,51,-1,50,51,52,-1,52,51,53,-1,53,51,54,-1,53,54,55,-1,54,56,55,-1,55,56,57,-1,55,57,58,-1,58,57,59,-1,38,60,40,-1,40,60,61,-1,40,61,42,-1,42,61,62,-1,42,62,47,-1,47,62,63,-1,47,63,51,-1,51,63,64,-1,51,64,54,-1,54,64,65,-1,66,67,68,-1,68,67,69,-1,68,69,70,-1,70,69,71,-1,70,71,72,-1,72,71,73,-1,72,73,74,-1,74,73,75,-1,74,75,76,-1,76,75,77,-1,78,79,80,-1,80,79,65,-1,80,65,81,-1,81,65,64,-1,81,64,82,-1,82,64,63,-1,82,63,83,-1,83,63,62,-1,83,62,84,-1,84,62,61,-1,84,61,85,-1,85,61,60,-1,79,86,65,-1,65,86,87,-1,65,87,54,-1,54,87,88,-1,54,88,56,-1,12,78,13,-1,13,78,80,-1,13,80,89,-1,89,80,81,-1,89,81,90,-1,90,81,82,-1,90,82,91,-1,91,82,83,-1,91,83,92,-1,92,83,84,-1,92,84,93,-1,93,84,85,-1,94,11,95,-1,95,11,13,-1,95,13,96,-1,96,13,89,-1,96,89,97,-1,97,89,90,-1,97,90,98,-1,98,90,91,-1,98,91,99,-1,99,91,92,-1,99,92,100,-1,100,92,93,-1,100,101,99,-1,99,101,102,-1,99,102,98,-1,98,102,103,-1,98,103,97,-1,97,103,104,-1,97,104,96,-1,96,104,105,-1,96,105,95,-1,95,105,106,-1,95,106,94,-1,94,106,107,-1,101,66,102,-1,102,66,68,-1,102,68,103,-1,103,68,70,-1,103,70,104,-1,104,70,72,-1,104,72,105,-1,105,72,74,-1,105,74,106,-1,106,74,76,-1,106,76,107,-1,107,76,108,-1,109,110,111,-1,111,110,77,-1,111,77,112,-1,112,77,75,-1,112,75,113,-1,113,75,73,-1,113,73,114,-1,114,73,71,-1,114,71,115,-1,115,71,69,-1,115,69,116,-1,116,69,67,-1,110,117,77,-1,77,117,118,-1,77,118,76,-1,76,118,119,-1,76,119,108,-1,9,109,10,-1,10,109,111,-1,10,111,120,-1,120,111,112,-1,120,112,121,-1,121,112,113,-1,121,113,122,-1,122,113,114,-1,122,114,123,-1,123,114,115,-1,123,115,124,-1,124,115,116,-1,18,8,19,-1,19,8,10,-1,19,10,20,-1,20,10,120,-1,20,120,27,-1,27,120,121,-1,27,121,16,-1,16,121,122,-1,16,122,32,-1,32,122,123,-1,32,123,35,-1,35,123,124,-1,125,126,127,-1,128,129,130,-1,127,131,125,-1,125,131,132,-1,125,132,133,-1,130,129,134,-1,135,129,132,-1,132,129,136,-1,132,136,133,-1,135,137,129,-1,129,137,138,-1,129,138,139,-1,140,130,141,-1,141,130,142,-1,143,144,145,-1,145,144,139,-1,146,147,144,-1,144,147,148,-1,144,148,139,-1,148,149,139,-1,139,149,150,-1,139,150,129,-1,129,150,151,-1,129,151,152,-1,152,153,129,-1,129,153,154,-1,129,154,134,-1,140,155,130,-1,130,155,156,-1,130,156,128,-1,59,157,158,-1,59,158,58,-1,24,44,158,-1,158,44,43,-1,24,23,44,-1,44,23,22,-1,44,22,21,-1,25,30,15,-1,43,49,158,-1,158,49,48,-1,158,48,46,-1,46,45,158,-1,158,45,50,-1,158,50,52,-1,52,53,158,-1,158,53,55,-1,158,55,58,-1,21,29,44,-1,44,29,28,-1,44,28,26,-1,31,33,14,-1,14,33,15,-1,25,15,26,-1,26,15,33,-1,26,33,34,-1,34,36,26,-1,26,36,37,-1,26,37,44,-1,44,37,39,-1,44,39,41,-1,158,157,159,-1,159,157,160,-1,159,160,125,-1,125,160,126,-1,
        ]
    }
}
Shape{
    appearance Appearance {
        material  Material 	{
            diffuseColor 1.0 0.9490196078431372 0.8980392156862745
            specularColor 0.011764705882352941 0.00784313725490196 0.00784313725490196
            ambientIntensity 0.9585
            transparency 0.0
            shininess 0.5
        }
    }
    geometry IndexedFaceSet {
        ccw TRUE
        solid FALSE
        coord DEF co Coordinate {
            point [
                -1.4717 -1.0242 0.0039, -1.4717 -1.0242 0.0, -1.4626 -1.0664 0.0039, -1.4626 -1.0664 0.0, -1.4759 -1.0027 0.0039, -1.4759 -1.0027 0.0, -1.4776 -0.9959 0.0039, -1.4776 -0.9959 0.0, -1.4767 -0.9997 0.0, -1.478 -0.9949 0.0039, -1.478 -0.9949 0.0, -1.4783 -0.9942 0.0039, -1.4783 -0.9942 0.0, -1.4786 -0.9938 0.0039, -1.4786 -0.9938 0.0, -1.4789 -0.9935 0.0039, -1.4789 -0.9935 0.0, -1.4791 -0.9933 0.0039, -1.4791 -0.9933 0.0, -1.4794 -0.9932 0.0039, -1.4794 -0.9932 0.0, -1.4796 -0.9932 0.0039, -1.4796 -0.9932 0.0, -1.4798 -0.9932 0.0039, -1.4798 -0.9932 0.0, -1.48 -0.9932 0.0039, -1.48 -0.9932 0.0, -1.4802 -0.9934 0.0039, -1.4802 -0.9934 0.0, -1.4804 -0.9936 0.0039, -1.4804 -0.9936 0.0, -1.4805 -0.9938 0.0039, -1.4805 -0.9938 0.0, -1.4807 -0.9946 0.0039, -1.4807 -0.9946 0.0, -1.4812 -0.9981 0.0039, -1.4812 -0.9981 0.0, -1.4814 -0.9997 0.0, -1.4816 -1.0015 0.0039, -1.4816 -1.0015 0.0, -1.483 -1.0134 0.0039, -1.483 -1.0134 0.0, -1.4834 -1.0189 0.0039, -1.4834 -1.0189 0.0, -1.4833 -1.0215 0.0039, -1.4833 -1.0215 0.0, -1.4827 -1.0231 0.0039, -1.4827 -1.0231 0.0, -1.4821 -1.0242 0.0039, -1.4821 -1.0242 0.0, -1.4807 -1.0267 0.0039, -1.4807 -1.0267 0.0, -1.477 -1.0391 0.0039, -1.477 -1.0391 0.0, -1.4739 -1.0517 0.0039, -1.4739 -1.0517 0.0, -1.4454 -1.1839 0.0, -1.4448 -1.1867 0.0039, -1.4448 -1.1867 0.0, -1.4408 -1.1867 0.0039, -1.4408 -1.1867 0.0, -1.4134 -1.0653 0.0039, -1.4134 -1.0653 0.0, -1.4402 -1.1839 0.0, -1.41 -1.0511 0.0039, -1.41 -1.0511 0.0, -1.4085 -1.0444 0.0039, -1.4085 -1.0444 0.0, -1.4066 -1.0378 0.0039, -1.4066 -1.0378 0.0, -1.4046 -1.0324 0.0039, -1.4046 -1.0324 0.0, -1.4028 -1.0274 0.0039, -1.4028 -1.0274 0.0, -1.4016 -1.0256 0.0039, -1.4016 -1.0256 0.0, -1.4007 -1.0245 0.0039, -1.4007 -1.0245 0.0, -1.4004 -1.0241 0.0039, -1.4004 -1.0241 0.0, -1.4002 -1.0238 0.0039, -1.4002 -1.0238 0.0, -1.4002 -1.0235 0.0039, -1.4002 -1.0235 0.0, -1.4002 -1.0224 0.0039, -1.4002 -1.0224 0.0, -1.4006 -1.0158 0.0039, -1.4006 -1.0158 0.0, -1.4006 -1.0157 0.0039, -1.4006 -1.0157 0.0, -1.4017 -1.003 0.0039, -1.4017 -1.003 0.0, -1.4021 -0.9997 0.0, -1.4023 -0.9981 0.0039, -1.4023 -0.9981 0.0, -1.4024 -0.9967 0.0039, -1.4024 -0.9967 0.0, -1.4026 -0.9956 0.0039, -1.4026 -0.9956 0.0, -1.4027 -0.9949 0.0039, -1.4027 -0.9949 0.0, -1.4029 -0.9944 0.0039, -1.4029 -0.9944 0.0, -1.403 -0.9941 0.0039, -1.403 -0.9941 0.0, -1.4031 -0.9939 0.0039, -1.4031 -0.9939 0.0, -1.4033 -0.9937 0.0039, -1.4033 -0.9937 0.0, -1.4035 -0.9936 0.0039, -1.4035 -0.9936 0.0, -1.4037 -0.9936 0.0039, -1.4037 -0.9936 0.0, -1.404 -0.9936 0.0039, -1.404 -0.9936 0.0, -1.4042 -0.9936 0.0039, -1.4042 -0.9936 0.0, -1.4045 -0.9938 0.0039, -1.4045 -0.9938 0.0, -1.4048 -0.994 0.0039, -1.4048 -0.994 0.0, -1.405 -0.9943 0.0039, -1.405 -0.9943 0.0, -1.4052 -0.9948 0.0039, -1.4052 -0.9948 0.0, -1.4054 -0.9956 0.0039, -1.4054 -0.9956 0.0, -1.4074 -1.0069 0.0039, -1.4074 -1.0069 0.0, -1.4062 -0.9997 0.0, -1.4241 -1.0757 0.0039, -1.4241 -1.0757 0.0, -1.4428 -1.1595 0.0039, -1.4612 -1.0763 0.0039, -1.4247 -1.08 0.0039, -1.4323 -1.0873 0.0039, -1.4394 -1.0825 0.0039, -1.4418 -1.0812 0.0039, -1.4501 -1.0786 0.0039, -1.4612 -1.0763 0.0, -1.4428 -1.1595 0.0, -1.4501 -1.0786 0.0, -1.4418 -1.0812 0.0, -1.4394 -1.0825 0.0, -1.4323 -1.0873 0.0, -1.4247 -1.08 0.0, -1.5853 -1.1689 0.0039, -1.5853 -1.1689 0.0, -1.5802 -1.1646 0.0039, -1.5802 -1.1646 0.0, -1.5865 -1.1699 0.0039, -1.5865 -1.1699 0.0, -1.5873 -1.1708 0.0039, -1.5873 -1.1708 0.0, -1.5878 -1.1719 0.0039, -1.5878 -1.1719 0.0, -1.5879 -1.1725 0.0039, -1.5879 -1.1725 0.0, -1.5879 -1.1732 0.0039, -1.5879 -1.1732 0.0, -1.5877 -1.1739 0.0039, -1.5877 -1.1739 0.0, -1.5875 -1.1744 0.0039, -1.5875 -1.1744 0.0, -1.5871 -1.1748 0.0039, -1.5871 -1.1748 0.0, -1.5867 -1.1751 0.0039, -1.5867 -1.1751 0.0, -1.5816 -1.1742 0.0039, -1.5816 -1.1742 0.0, -1.5757 -1.1742 0.0039, -1.5757 -1.1742 0.0, -1.5733 -1.1747 0.0039, -1.5733 -1.1747 0.0, -1.5709 -1.1751 0.0039, -1.5709 -1.1751 0.0, -1.5649 -1.1757 0.0039, -1.5649 -1.1757 0.0, -1.5542 -1.1788 0.0039, -1.5542 -1.1788 0.0, -1.548 -1.18 0.0039, -1.548 -1.18 0.0, -1.5417 -1.1805 0.0039, -1.5417 -1.1805 0.0, -1.5329 -1.1799 0.0039, -1.5329 -1.1799 0.0, -1.5266 -1.1784 0.0039, -1.5266 -1.1784 0.0, -1.5213 -1.1757 0.0039, -1.5213 -1.1757 0.0, -1.5167 -1.1715 0.0039, -1.5167 -1.1715 0.0, -1.5121 -1.165 0.0039, -1.5121 -1.165 0.0, -1.5078 -1.1534 0.0039, -1.5078 -1.1534 0.0, -1.5036 -1.1217 0.0039, -1.5036 -1.1217 0.0, -1.5023 -1.0825 0.0039, -1.5023 -1.0825 0.0, -1.5052 -1.0491 0.0039, -1.5052 -1.0491 0.0, -1.5106 -1.0304 0.0039, -1.5106 -1.0304 0.0, -1.5165 -1.0199 0.0039, -1.5165 -1.0199 0.0, -1.5214 -1.014 0.0039, -1.5214 -1.014 0.0, -1.5269 -1.0099 0.0039, -1.5269 -1.0099 0.0, -1.5322 -1.0078 0.0039, -1.5322 -1.0078 0.0, -1.5527 -1.0046 0.0039, -1.5527 -1.0046 0.0, -1.5652 -1.0032 0.0039, -1.5652 -1.0032 0.0, -1.5698 -1.002 0.0039, -1.5698 -1.002 0.0, -1.5728 -1.0002 0.0039, -1.5728 -1.0002 0.0, -1.5736 -0.9997 0.0, -1.5737 -0.9996 0.0039, -1.5737 -0.9996 0.0, -1.574 -0.9996 0.0039, -1.574 -0.9996 0.0, -1.5747 -0.9996 0.0, -1.5747 -0.9996 0.0039, -1.575 -0.9997 0.0, -1.5753 -0.9998 0.0039, -1.5753 -0.9998 0.0, -1.5771 -1.0012 0.0039, -1.5771 -1.0012 0.0, -1.5812 -1.0049 0.0039, -1.5812 -1.0049 0.0, -1.5825 -1.0064 0.0039, -1.5825 -1.0064 0.0, -1.5859 -1.01 0.0039, -1.5859 -1.01 0.0, -1.5866 -1.0108 0.0039, -1.5866 -1.0108 0.0, -1.5871 -1.0114 0.0039, -1.5871 -1.0114 0.0, -1.5874 -1.0119 0.0039, -1.5874 -1.0119 0.0, -1.5876 -1.0122 0.0039, -1.5876 -1.0122 0.0, -1.5877 -1.0125 0.0039, -1.5877 -1.0125 0.0, -1.5877 -1.0128 0.0039, -1.5877 -1.0128 0.0, -1.5876 -1.0132 0.0039, -1.5876 -1.0132 0.0, -1.5874 -1.0138 0.0039, -1.5874 -1.0138 0.0, -1.5873 -1.014 0.0039, -1.5873 -1.014 0.0, -1.5871 -1.0141 0.0039, -1.5871 -1.0141 0.0, -1.587 -1.0142 0.0039, -1.587 -1.0142 0.0, -1.5867 -1.0143 0.0039, -1.5867 -1.0143 0.0, -1.586 -1.0144 0.0039, -1.586 -1.0144 0.0, -1.585 -1.0143 0.0039, -1.585 -1.0143 0.0, -1.5811 -1.0143 0.0039, -1.5811 -1.0143 0.0, -1.5765 -1.0143 0.0039, -1.5765 -1.0143 0.0, -1.5765 -1.1627 0.0039, -1.5765 -1.1627 0.0, -1.5784 -1.1635 0.0039, -1.5784 -1.1635 0.0, -1.5686 -1.1646 0.0039, -1.5686 -1.0148 0.0039, -1.5323 -1.019 0.0039, -1.5386 -1.0174 0.0039, -1.5474 -1.0163 0.0039, -1.5598 -1.0148 0.0039, -1.5277 -1.021 0.0039, -1.5642 -1.0147 0.0039, -1.5632 -1.1669 0.0039, -1.5512 -1.1697 0.0039, -1.5389 -1.1706 0.0039, -1.5314 -1.1691 0.0039, -1.5109 -1.0657 0.0039, -1.5154 -1.0406 0.0039, -1.521 -1.028 0.0039, -1.5243 -1.0237 0.0039, -1.5259 -1.167 0.0039, -1.5226 -1.1646 0.0039, -1.5192 -1.1605 0.0039, -1.516 -1.1544 0.0039, -1.5136 -1.1459 0.0039, -1.5103 -1.1074 0.0039, -1.5474 -1.0163 0.0, -1.5598 -1.0148 0.0, -1.5386 -1.0174 0.0, -1.5323 -1.019 0.0, -1.5277 -1.021 0.0, -1.5243 -1.0237 0.0, -1.521 -1.028 0.0, -1.5154 -1.0406 0.0, -1.5109 -1.0657 0.0, -1.5103 -1.1074 0.0, -1.5136 -1.1459 0.0, -1.516 -1.1544 0.0, -1.5192 -1.1605 0.0, -1.5226 -1.1646 0.0, -1.5259 -1.167 0.0, -1.5314 -1.1691 0.0, -1.5389 -1.1706 0.0, -1.5512 -1.1697 0.0, -1.5632 -1.1669 0.0, -1.5686 -1.1646 0.0, -1.5686 -1.0148 0.0, -1.5642 -1.0147 0.0, -1.6465 -1.104 0.0039, -1.6465 -1.104 0.0, -1.6703 -1.1009 0.0039, -1.6703 -1.1009 0.0, -1.6367 -1.106 0.0039, -1.6367 -1.106 0.0, -1.6304 -1.1082 0.0039, -1.6304 -1.1082 0.0, -1.6276 -1.11 0.0039, -1.6276 -1.11 0.0, -1.625 -1.1114 0.0039, -1.625 -1.1114 0.0, -1.6168 -1.1032 0.0039, -1.6168 -1.1032 0.0, -1.6162 -1.1024 0.0039, -1.6162 -1.1024 0.0, -1.6158 -1.1018 0.0039, -1.6158 -1.1018 0.0, -1.6156 -1.1012 0.0039, -1.6156 -1.1012 0.0, -1.6155 -1.1007 0.0039, -1.6155 -1.1007 0.0, -1.6156 -1.1003 0.0039, -1.6156 -1.1003 0.0, -1.6157 -1.0998 0.0039, -1.6157 -1.0998 0.0, -1.6161 -1.0992 0.0039, -1.6161 -1.0992 0.0, -1.6165 -1.0989 0.0039, -1.6165 -1.0989 0.0, -1.617 -1.0986 0.0039, -1.617 -1.0986 0.0, -1.6175 -1.0984 0.0039, -1.6175 -1.0984 0.0, -1.6182 -1.0983 0.0039, -1.6182 -1.0983 0.0, -1.6703 -1.091 0.0039, -1.6703 -1.091 0.0, -1.6703 -1.0143 0.0039, -1.6703 -1.0143 0.0, -1.6281 -1.0202 0.0039, -1.6281 -1.0202 0.0, -1.624 -1.0213 0.0039, -1.624 -1.0213 0.0, -1.6202 -1.0231 0.0039, -1.6202 -1.0231 0.0, -1.6177 -1.0245 0.0039, -1.6177 -1.0245 0.0, -1.6097 -1.0157 0.0039, -1.6097 -1.0157 0.0, -1.6089 -1.0145 0.0039, -1.6089 -1.0145 0.0, -1.6086 -1.0138 0.0039, -1.6086 -1.0138 0.0, -1.6086 -1.0134 0.0039, -1.6086 -1.0134 0.0, -1.6086 -1.013 0.0039, -1.6086 -1.013 0.0, -1.6087 -1.0125 0.0039, -1.6087 -1.0125 0.0, -1.609 -1.012 0.0039, -1.609 -1.012 0.0, -1.6092 -1.0117 0.0039, -1.6092 -1.0117 0.0, -1.6094 -1.0115 0.0039, -1.6094 -1.0115 0.0, -1.6097 -1.0114 0.0039, -1.6097 -1.0114 0.0, -1.6098 -1.0113 0.0039, -1.6098 -1.0113 0.0, -1.6105 -1.0112 0.0039, -1.6105 -1.0112 0.0, -1.6114 -1.0111 0.0039, -1.6114 -1.0111 0.0, -1.6157 -1.0109 0.0039, -1.6157 -1.0109 0.0, -1.6371 -1.0083 0.0039, -1.6371 -1.0083 0.0, -1.6584 -1.0049 0.0039, -1.6584 -1.0049 0.0, -1.6714 -1.0027 0.0039, -1.6714 -1.0027 0.0, -1.6746 -1.0015 0.0039, -1.6746 -1.0015 0.0, -1.6766 -1.001 0.0039, -1.6766 -1.001 0.0, -1.678 -1.001 0.0039, -1.678 -1.001 0.0, -1.6788 -1.0011 0.0039, -1.6788 -1.0011 0.0, -1.6794 -1.0014 0.0039, -1.6794 -1.0014 0.0, -1.6802 -1.0019 0.0039, -1.6802 -1.0019 0.0, -1.6807 -1.0027 0.0039, -1.6807 -1.0027 0.0, -1.681 -1.0033 0.0039, -1.681 -1.0033 0.0, -1.6812 -1.0044 0.0039, -1.6812 -1.0044 0.0, -1.6812 -1.006 0.0039, -1.6812 -1.006 0.0, -1.6811 -1.0066 0.0039, -1.6811 -1.0066 0.0, -1.6793 -1.0138 0.0039, -1.6793 -1.0138 0.0, -1.6785 -1.0211 0.0039, -1.6785 -1.0211 0.0, -1.6785 -1.0265 0.0039, -1.6785 -1.0265 0.0, -1.6784 -1.03 0.0039, -1.6784 -1.03 0.0, -1.6782 -1.0335 0.0039, -1.6782 -1.0335 0.0, -1.6785 -1.1632 0.0039, -1.6785 -1.1632 0.0, -1.6817 -1.167 0.0039, -1.6817 -1.167 0.0, -1.6837 -1.1693 0.0039, -1.6837 -1.1693 0.0, -1.6848 -1.171 0.0039, -1.6848 -1.171 0.0, -1.6852 -1.1719 0.0039, -1.6852 -1.1719 0.0, -1.6855 -1.1733 0.0039, -1.6855 -1.1733 0.0, -1.6855 -1.1742 0.0039, -1.6855 -1.1742 0.0, -1.6855 -1.1748 0.0039, -1.6855 -1.1748 0.0, -1.6855 -1.175 0.0039, -1.6855 -1.175 0.0, -1.6854 -1.1753 0.0039, -1.6854 -1.1753 0.0, -1.6853 -1.1754 0.0039, -1.6853 -1.1754 0.0, -1.6852 -1.1755 0.0039, -1.6852 -1.1755 0.0, -1.685 -1.1756 0.0039, -1.685 -1.1756 0.0, -1.6846 -1.1757 0.0039, -1.6846 -1.1757 0.0, -1.6839 -1.1757 0.0039, -1.6839 -1.1757 0.0, -1.6831 -1.1757 0.0039, -1.6831 -1.1757 0.0, -1.6777 -1.1748 0.0039, -1.6777 -1.1748 0.0, -1.6729 -1.1742 0.0039, -1.6729 -1.1742 0.0, -1.6681 -1.1742 0.0039, -1.6681 -1.1742 0.0, -1.6672 -1.1742 0.0039, -1.6672 -1.1742 0.0, -1.6617 -1.1744 0.0039, -1.6617 -1.1744 0.0, -1.6562 -1.1751 0.0039, -1.6562 -1.1751 0.0, -1.6451 -1.1771 0.0039, -1.6451 -1.1771 0.0, -1.6354 -1.179 0.0039, -1.6354 -1.179 0.0, -1.6277 -1.1818 0.0039, -1.6277 -1.1818 0.0, -1.6261 -1.1827 0.0039, -1.6261 -1.1827 0.0, -1.6244 -1.1839 0.0, -1.6236 -1.1844 0.0039, -1.6236 -1.1844 0.0, -1.6231 -1.1839 0.0, -1.6154 -1.1759 0.0039, -1.6154 -1.1759 0.0, -1.6149 -1.175 0.0039, -1.6149 -1.175 0.0, -1.6145 -1.1743 0.0039, -1.6145 -1.1743 0.0, -1.6143 -1.1738 0.0039, -1.6143 -1.1738 0.0, -1.6143 -1.1734 0.0039, -1.6143 -1.1734 0.0, -1.6143 -1.173 0.0039, -1.6143 -1.173 0.0, -1.6144 -1.1726 0.0039, -1.6144 -1.1726 0.0, -1.6147 -1.1723 0.0039, -1.6147 -1.1723 0.0, -1.6151 -1.1719 0.0039, -1.6151 -1.1719 0.0, -1.6156 -1.1716 0.0039, -1.6156 -1.1716 0.0, -1.6161 -1.1715 0.0039, -1.6161 -1.1715 0.0, -1.6168 -1.1714 0.0039, -1.6168 -1.1714 0.0, -1.6213 -1.1708 0.0039, -1.6213 -1.1708 0.0, -1.628 -1.1699 0.0039, -1.628 -1.1699 0.0, -1.6347 -1.1692 0.0039, -1.6347 -1.1692 0.0, -1.6703 -1.1632 0.0039, -1.6703 -1.1632 0.0, -1.7134 -1.1802 0.0039, -1.7134 -1.1802 0.0, -1.7177 -1.1802 0.0039, -1.7177 -1.1802 0.0, -1.7134 -1.1046 0.0039, -1.7134 -1.1046 0.0, -1.7188 -1.1046 0.0039, -1.7188 -1.1046 0.0, -1.7212 -1.1445 0.0039, -1.7212 -1.1445 0.0, -1.7247 -1.1573 0.0039, -1.7247 -1.1573 0.0, -1.7282 -1.1643 0.0039, -1.7282 -1.1643 0.0, -1.7317 -1.1684 0.0039, -1.7317 -1.1684 0.0, -1.7354 -1.1713 0.0039, -1.7354 -1.1713 0.0, -1.7394 -1.173 0.0039, -1.7394 -1.173 0.0, -1.7437 -1.174 0.0039, -1.7437 -1.174 0.0, -1.7496 -1.1736 0.0039, -1.7496 -1.1736 0.0, -1.7547 -1.1719 0.0039, -1.7547 -1.1719 0.0, -1.7595 -1.1689 0.0039, -1.7595 -1.1689 0.0, -1.764 -1.1645 0.0039, -1.764 -1.1645 0.0, -1.7689 -1.1568 0.0039, -1.7689 -1.1568 0.0, -1.7755 -1.1378 0.0039, -1.7755 -1.1378 0.0, -1.7781 -1.123 0.0039, -1.7781 -1.123 0.0, -1.7791 -1.078 0.0039, -1.7791 -1.078 0.0, -1.7721 -1.0375 0.0039, -1.7721 -1.0375 0.0, -1.7678 -1.026 0.0039, -1.7678 -1.026 0.0, -1.7614 -1.0169 0.0039, -1.7614 -1.0169 0.0, -1.7573 -1.0131 0.0039, -1.7573 -1.0131 0.0, -1.7537 -1.011 0.0039, -1.7537 -1.011 0.0, -1.7499 -1.0098 0.0039, -1.7499 -1.0098 0.0, -1.746 -1.0095 0.0039, -1.746 -1.0095 0.0, -1.7396 -1.0099 0.0039, -1.7396 -1.0099 0.0, -1.7334 -1.0123 0.0039, -1.7334 -1.0123 0.0, -1.7283 -1.0158 0.0039, -1.7283 -1.0158 0.0, -1.7242 -1.0206 0.0039, -1.7242 -1.0206 0.0, -1.7205 -1.028 0.0039, -1.7205 -1.028 0.0, -1.7164 -1.0467 0.0039, -1.7164 -1.0467 0.0, -1.7152 -1.0551 0.0039, -1.7152 -1.0551 0.0, -1.7137 -1.07 0.0039, -1.7137 -1.07 0.0, -1.7092 -1.0698 0.0039, -1.7092 -1.0698 0.0, -1.7113 -1.036 0.0039, -1.7113 -1.036 0.0, -1.7146 -1.0233 0.0039, -1.7146 -1.0233 0.0, -1.7194 -1.0135 0.0039, -1.7194 -1.0135 0.0, -1.7231 -1.0088 0.0039, -1.7231 -1.0088 0.0, -1.7285 -1.0044 0.0039, -1.7285 -1.0044 0.0, -1.7354 -1.0013 0.0039, -1.7354 -1.0013 0.0, -1.742 -1.0001 0.0039, -1.742 -1.0001 0.0, -1.7493 -1.0004 0.0039, -1.7493 -1.0004 0.0, -1.7568 -1.0027 0.0039, -1.7568 -1.0027 0.0, -1.7633 -1.0065 0.0039, -1.7633 -1.0065 0.0, -1.7681 -1.0113 0.0039, -1.7681 -1.0113 0.0, -1.7745 -1.0219 0.0039, -1.7745 -1.0219 0.0, -1.7824 -1.0456 0.0039, -1.7824 -1.0456 0.0, -1.7855 -1.0648 0.0039, -1.7855 -1.0648 0.0, -1.7856 -1.1219 0.0039, -1.7856 -1.1219 0.0, -1.7788 -1.1526 0.0039, -1.7788 -1.1526 0.0, -1.7728 -1.1661 0.0039, -1.7728 -1.1661 0.0, -1.767 -1.1736 0.0039, -1.767 -1.1736 0.0, -1.7582 -1.1804 0.0039, -1.7582 -1.1804 0.0, -1.754 -1.1824 0.0039, -1.754 -1.1824 0.0, -1.75 -1.1832 0.0039, -1.75 -1.1832 0.0, -1.746 -1.1833 0.0039, -1.746 -1.1833 0.0, -1.7377 -1.1811 0.0039, -1.7377 -1.1811 0.0, -1.7311 -1.1775 0.0039, -1.7311 -1.1775 0.0, -1.7255 -1.1724 0.0039, -1.7255 -1.1724 0.0, -1.7222 -1.168 0.0039, -1.7222 -1.168 0.0, -1.7197 -1.1635 0.0039, -1.7197 -1.1635 0.0, -1.8578 -1.1751 0.0039, -1.8578 -1.1751 0.0, -1.8703 -1.1907 0.0039, -1.8648 -1.1839 0.0, -1.8703 -1.1907 0.0, -1.8607 -1.1689 0.0039, -1.8607 -1.1689 0.0, -1.862 -1.1609 0.0039, -1.862 -1.1609 0.0, -1.862 -1.1572 0.0039, -1.862 -1.1572 0.0, -1.862 -1.0129 0.0039, -1.862 -1.0129 0.0, -1.8403 -1.0147 0.0039, -1.8403 -1.0147 0.0, -1.8299 -1.0163 0.0039, -1.8299 -1.0163 0.0, -1.8264 -1.0171 0.0039, -1.8264 -1.0171 0.0, -1.8243 -1.0181 0.0039, -1.8243 -1.0181 0.0, -1.8217 -1.0203 0.0039, -1.8217 -1.0203 0.0, -1.8208 -1.0209 0.0039, -1.8208 -1.0209 0.0, -1.8199 -1.0213 0.0039, -1.8199 -1.0213 0.0, -1.8133 -1.0155 0.0039, -1.8133 -1.0155 0.0, -1.8102 -1.0127 0.0039, -1.8102 -1.0127 0.0, -1.8091 -1.0115 0.0039, -1.8091 -1.0115 0.0, -1.8086 -1.0106 0.0039, -1.8086 -1.0106 0.0, -1.8084 -1.0097 0.0039, -1.8084 -1.0097 0.0, -1.8083 -1.0086 0.0039, -1.8083 -1.0086 0.0, -1.8086 -1.008 0.0039, -1.8086 -1.008 0.0, -1.8088 -1.0077 0.0039, -1.8088 -1.0077 0.0, -1.8092 -1.0075 0.0039, -1.8092 -1.0075 0.0, -1.8099 -1.0072 0.0039, -1.8099 -1.0072 0.0, -1.811 -1.0071 0.0039, -1.811 -1.0071 0.0, -1.8159 -1.007 0.0039, -1.8159 -1.007 0.0, -1.8231 -1.0059 0.0039, -1.8231 -1.0059 0.0, -1.8418 -1.004 0.0039, -1.8418 -1.004 0.0, -1.8479 -1.0035 0.0039, -1.8479 -1.0035 0.0, -1.8598 -1.0024 0.0039, -1.8598 -1.0024 0.0, -1.8663 -1.0018 0.0039, -1.8663 -1.0018 0.0, -1.8678 -1.0014 0.0039, -1.8678 -1.0014 0.0, -1.8686 -1.0013 0.0039, -1.8686 -1.0013 0.0, -1.8691 -1.0014 0.0039, -1.8691 -1.0014 0.0, -1.8696 -1.0016 0.0039, -1.8696 -1.0016 0.0, -1.8699 -1.0018 0.0039, -1.8699 -1.0018 0.0, -1.8703 -1.0023 0.0039, -1.8703 -1.0023 0.0, -1.8707 -1.0031 0.0039, -1.8707 -1.0031 0.0, -1.8709 -1.0038 0.0039, -1.8709 -1.0038 0.0, -1.8709 -1.0054 0.0039, -1.8709 -1.0054 0.0, -1.8701 -1.0123 0.0039, -1.8701 -1.0123 0.0, -1.87 -1.014 0.0039, -1.87 -1.014 0.0, -1.8694 -1.0307 0.0039, -1.8694 -1.0307 0.0, -1.8694 -1.1581 0.0039, -1.8694 -1.1581 0.0, -1.8696 -1.1719 0.0, -1.8696 -1.1719 0.0039, -1.8714 -1.1839 0.0, -1.8717 -1.1856 0.0039, -1.8717 -1.1856 0.0, -1.8722 -1.1884 0.0039, -1.8722 -1.1884 0.0
            ]
        }
        coordIndex [
            0,1,2,-1,2,1,3,-1,4,5,0,-1,0,5,1,-1,6,7,4,-1,4,7,8,-1,4,8,5,-1,7,6,9,-1,7,9,10,-1,10,9,11,-1,10,11,12,-1,12,11,13,-1,12,13,14,-1,14,13,15,-1,14,15,16,-1,16,15,17,-1,16,17,18,-1,18,17,19,-1,18,19,20,-1,20,19,21,-1,20,21,22,-1,22,21,23,-1,22,23,24,-1,24,23,25,-1,24,25,26,-1,26,25,27,-1,26,27,28,-1,28,27,29,-1,28,29,30,-1,30,29,31,-1,30,31,32,-1,32,31,33,-1,32,33,34,-1,34,33,35,-1,34,35,36,-1,36,35,37,-1,37,35,38,-1,37,38,39,-1,40,41,38,-1,38,41,39,-1,41,40,42,-1,41,42,43,-1,43,42,44,-1,43,44,45,-1,45,44,46,-1,45,46,47,-1,47,46,48,-1,47,48,49,-1,50,51,48,-1,48,51,49,-1,51,50,52,-1,51,52,53,-1,53,52,54,-1,53,54,55,-1,55,54,56,-1,56,54,57,-1,56,57,58,-1,59,60,57,-1,57,60,58,-1,61,62,59,-1,59,62,63,-1,59,63,60,-1,64,65,61,-1,61,65,62,-1,65,64,66,-1,65,66,67,-1,67,66,68,-1,67,68,69,-1,70,71,68,-1,68,71,69,-1,71,70,72,-1,71,72,73,-1,73,72,74,-1,73,74,75,-1,75,74,76,-1,75,76,77,-1,77,76,78,-1,77,78,79,-1,79,78,80,-1,79,80,81,-1,81,80,82,-1,81,82,83,-1,83,82,84,-1,83,84,85,-1,85,84,86,-1,85,86,87,-1,87,86,88,-1,87,88,89,-1,90,91,88,-1,88,91,89,-1,91,90,92,-1,92,90,93,-1,92,93,94,-1,94,93,95,-1,94,95,96,-1,96,95,97,-1,96,97,98,-1,98,97,99,-1,98,99,100,-1,100,99,101,-1,100,101,102,-1,102,101,103,-1,102,103,104,-1,104,103,105,-1,104,105,106,-1,106,105,107,-1,106,107,108,-1,108,107,109,-1,108,109,110,-1,110,109,111,-1,110,111,112,-1,112,111,113,-1,112,113,114,-1,114,113,115,-1,114,115,116,-1,116,115,117,-1,116,117,118,-1,118,117,119,-1,118,119,120,-1,120,119,121,-1,120,121,122,-1,122,121,123,-1,122,123,124,-1,124,123,125,-1,124,125,126,-1,127,128,125,-1,125,128,129,-1,125,129,126,-1,130,131,127,-1,127,131,128,-1,130,2,131,-1,131,2,3,-1,132,57,133,-1,133,57,54,-1,6,4,35,-1,130,134,135,-1,74,72,127,-1,127,72,70,-1,135,136,130,-1,130,136,137,-1,130,137,2,-1,2,137,138,-1,52,0,54,-1,54,0,2,-1,54,2,133,-1,133,2,138,-1,70,68,127,-1,127,68,66,-1,127,66,130,-1,130,66,64,-1,130,64,134,-1,134,64,61,-1,134,61,132,-1,132,61,59,-1,132,59,57,-1,0,40,4,-1,4,40,38,-1,4,38,35,-1,97,95,125,-1,125,95,93,-1,125,93,127,-1,127,93,90,-1,90,88,127,-1,127,88,86,-1,127,86,74,-1,74,86,84,-1,74,84,76,-1,52,50,0,-1,0,50,48,-1,0,48,46,-1,33,11,35,-1,35,11,9,-1,35,9,6,-1,46,44,0,-1,0,44,42,-1,0,42,40,-1,82,80,84,-1,84,80,78,-1,84,78,76,-1,121,103,123,-1,123,103,101,-1,123,101,125,-1,125,101,99,-1,125,99,97,-1,121,119,103,-1,103,119,117,-1,103,117,105,-1,31,15,33,-1,33,15,13,-1,33,13,11,-1,31,29,15,-1,15,29,27,-1,15,27,25,-1,19,17,21,-1,21,17,15,-1,21,15,23,-1,23,15,25,-1,113,111,115,-1,115,111,109,-1,115,109,117,-1,117,109,107,-1,117,107,105,-1,133,139,132,-1,132,139,140,-1,139,133,138,-1,139,138,141,-1,141,138,137,-1,141,137,142,-1,142,137,136,-1,142,136,143,-1,135,144,136,-1,136,144,143,-1,134,145,135,-1,135,145,144,-1,140,145,132,-1,132,145,134,-1,146,147,148,-1,148,147,149,-1,147,146,150,-1,147,150,151,-1,151,150,152,-1,151,152,153,-1,153,152,154,-1,153,154,155,-1,155,154,156,-1,155,156,157,-1,157,156,158,-1,157,158,159,-1,159,158,160,-1,159,160,161,-1,161,160,162,-1,161,162,163,-1,163,162,164,-1,163,164,165,-1,165,164,166,-1,165,166,167,-1,168,169,166,-1,166,169,167,-1,170,171,168,-1,168,171,169,-1,171,170,172,-1,171,172,173,-1,173,172,174,-1,173,174,175,-1,176,177,174,-1,174,177,175,-1,178,179,176,-1,176,179,177,-1,179,178,180,-1,179,180,181,-1,181,180,182,-1,181,182,183,-1,183,182,184,-1,183,184,185,-1,185,184,186,-1,185,186,187,-1,187,186,188,-1,187,188,189,-1,189,188,190,-1,189,190,191,-1,191,190,192,-1,191,192,193,-1,193,192,194,-1,193,194,195,-1,195,194,196,-1,195,196,197,-1,197,196,198,-1,197,198,199,-1,199,198,200,-1,199,200,201,-1,201,200,202,-1,201,202,203,-1,203,202,204,-1,203,204,205,-1,205,204,206,-1,205,206,207,-1,207,206,208,-1,207,208,209,-1,209,208,210,-1,209,210,211,-1,211,210,212,-1,211,212,213,-1,214,215,212,-1,212,215,213,-1,215,214,216,-1,215,216,217,-1,217,216,218,-1,217,218,219,-1,219,218,220,-1,220,218,221,-1,220,221,222,-1,222,221,223,-1,222,223,224,-1,225,224,226,-1,226,224,223,-1,225,226,227,-1,227,226,228,-1,227,228,229,-1,229,228,230,-1,229,230,231,-1,231,230,232,-1,231,232,233,-1,233,232,234,-1,233,234,235,-1,236,237,234,-1,234,237,235,-1,237,236,238,-1,237,238,239,-1,239,238,240,-1,239,240,241,-1,241,240,242,-1,241,242,243,-1,243,242,244,-1,243,244,245,-1,245,244,246,-1,245,246,247,-1,247,246,248,-1,247,248,249,-1,249,248,250,-1,249,250,251,-1,251,250,252,-1,251,252,253,-1,253,252,254,-1,253,254,255,-1,255,254,256,-1,255,256,257,-1,257,256,258,-1,257,258,259,-1,259,258,260,-1,259,260,261,-1,261,260,262,-1,261,262,263,-1,263,262,264,-1,263,264,265,-1,266,267,264,-1,264,267,265,-1,268,269,266,-1,266,269,267,-1,270,271,268,-1,268,271,269,-1,271,270,272,-1,271,272,273,-1,273,272,148,-1,273,148,149,-1,242,240,264,-1,170,168,274,-1,168,166,146,-1,146,166,164,-1,146,164,150,-1,146,148,168,-1,168,148,272,-1,168,272,274,-1,274,272,270,-1,274,270,275,-1,276,277,232,-1,232,277,278,-1,232,278,279,-1,240,238,264,-1,264,238,236,-1,264,236,266,-1,266,236,234,-1,266,234,268,-1,268,234,232,-1,232,230,276,-1,276,230,216,-1,276,216,280,-1,270,268,275,-1,275,268,232,-1,275,232,281,-1,281,232,279,-1,282,283,178,-1,178,283,180,-1,180,283,284,-1,180,284,182,-1,258,256,254,-1,178,176,282,-1,282,176,174,-1,282,174,274,-1,274,174,172,-1,274,172,170,-1,182,284,184,-1,184,284,285,-1,184,285,186,-1,264,250,248,-1,162,154,164,-1,164,154,152,-1,164,152,150,-1,162,160,154,-1,154,160,158,-1,154,158,156,-1,286,287,202,-1,250,264,252,-1,252,264,262,-1,252,262,254,-1,254,262,260,-1,254,260,258,-1,248,246,264,-1,264,246,244,-1,264,244,242,-1,226,223,228,-1,228,223,221,-1,228,221,230,-1,230,221,218,-1,230,218,216,-1,202,287,204,-1,216,214,280,-1,280,214,212,-1,280,212,210,-1,287,288,204,-1,204,288,289,-1,204,289,206,-1,206,289,280,-1,206,280,208,-1,208,280,210,-1,186,285,188,-1,188,285,290,-1,188,290,190,-1,190,290,291,-1,190,291,192,-1,192,291,292,-1,192,292,194,-1,292,293,194,-1,194,293,294,-1,194,294,196,-1,196,294,295,-1,196,295,198,-1,198,295,286,-1,198,286,200,-1,200,286,202,-1,278,296,279,-1,279,296,297,-1,296,278,277,-1,296,277,298,-1,298,277,276,-1,298,276,299,-1,299,276,280,-1,299,280,300,-1,300,280,289,-1,300,289,301,-1,301,289,288,-1,301,288,302,-1,302,288,287,-1,302,287,303,-1,303,287,286,-1,303,286,304,-1,304,286,295,-1,304,295,305,-1,305,295,294,-1,305,294,306,-1,306,294,293,-1,306,293,307,-1,307,293,292,-1,307,292,308,-1,308,292,291,-1,308,291,309,-1,309,291,290,-1,309,290,310,-1,310,290,285,-1,310,285,311,-1,311,285,284,-1,311,284,312,-1,312,284,283,-1,312,283,313,-1,313,283,282,-1,313,282,314,-1,274,315,282,-1,282,315,314,-1,275,316,274,-1,274,316,315,-1,316,275,281,-1,316,281,317,-1,317,281,279,-1,317,279,297,-1,318,319,320,-1,320,319,321,-1,319,318,322,-1,319,322,323,-1,323,322,324,-1,323,324,325,-1,325,324,326,-1,325,326,327,-1,328,329,326,-1,326,329,327,-1,330,331,328,-1,328,331,329,-1,331,330,332,-1,331,332,333,-1,333,332,334,-1,333,334,335,-1,335,334,336,-1,335,336,337,-1,337,336,338,-1,337,338,339,-1,339,338,340,-1,339,340,341,-1,341,340,342,-1,341,342,343,-1,343,342,344,-1,343,344,345,-1,345,344,346,-1,345,346,347,-1,347,346,348,-1,347,348,349,-1,349,348,350,-1,349,350,351,-1,351,350,352,-1,351,352,353,-1,354,355,352,-1,352,355,353,-1,356,357,354,-1,354,357,355,-1,358,359,356,-1,356,359,357,-1,359,358,360,-1,359,360,361,-1,361,360,362,-1,361,362,363,-1,364,365,362,-1,362,365,363,-1,366,367,364,-1,364,367,365,-1,367,366,368,-1,367,368,369,-1,369,368,370,-1,369,370,371,-1,371,370,372,-1,371,372,373,-1,373,372,374,-1,373,374,375,-1,375,374,376,-1,375,376,377,-1,377,376,378,-1,377,378,379,-1,379,378,380,-1,379,380,381,-1,381,380,382,-1,381,382,383,-1,383,382,384,-1,383,384,385,-1,385,384,386,-1,385,386,387,-1,387,386,388,-1,387,388,389,-1,389,388,390,-1,389,390,391,-1,392,393,390,-1,390,393,391,-1,393,392,394,-1,393,394,395,-1,395,394,396,-1,395,396,397,-1,398,399,396,-1,396,399,397,-1,399,398,400,-1,399,400,401,-1,401,400,402,-1,401,402,403,-1,403,402,404,-1,403,404,405,-1,405,404,406,-1,405,406,407,-1,407,406,408,-1,407,408,409,-1,409,408,410,-1,409,410,411,-1,411,410,412,-1,411,412,413,-1,413,412,414,-1,413,414,415,-1,415,414,416,-1,415,416,417,-1,417,416,418,-1,417,418,419,-1,419,418,420,-1,419,420,421,-1,421,420,422,-1,421,422,423,-1,423,422,424,-1,423,424,425,-1,426,427,424,-1,424,427,425,-1,427,426,428,-1,427,428,429,-1,429,428,430,-1,429,430,431,-1,432,433,430,-1,430,433,431,-1,433,432,434,-1,433,434,435,-1,435,434,436,-1,435,436,437,-1,437,436,438,-1,437,438,439,-1,439,438,440,-1,439,440,441,-1,441,440,442,-1,441,442,443,-1,443,442,444,-1,443,444,445,-1,445,444,446,-1,445,446,447,-1,447,446,448,-1,447,448,449,-1,449,448,450,-1,449,450,451,-1,451,450,452,-1,451,452,453,-1,453,452,454,-1,453,454,455,-1,455,454,456,-1,455,456,457,-1,457,456,458,-1,457,458,459,-1,459,458,460,-1,459,460,461,-1,461,460,462,-1,461,462,463,-1,464,465,462,-1,462,465,463,-1,465,464,466,-1,465,466,467,-1,467,466,468,-1,467,468,469,-1,470,471,468,-1,468,471,469,-1,471,470,472,-1,471,472,473,-1,473,472,474,-1,473,474,475,-1,476,477,474,-1,474,477,475,-1,477,476,478,-1,477,478,479,-1,479,478,480,-1,479,480,481,-1,481,480,482,-1,481,482,483,-1,483,482,484,-1,484,482,485,-1,484,485,486,-1,486,485,487,-1,487,485,488,-1,487,488,489,-1,489,488,490,-1,489,490,491,-1,491,490,492,-1,491,492,493,-1,493,492,494,-1,493,494,495,-1,495,494,496,-1,495,496,497,-1,497,496,498,-1,497,498,499,-1,499,498,500,-1,499,500,501,-1,501,500,502,-1,501,502,503,-1,503,502,504,-1,503,504,505,-1,505,504,506,-1,505,506,507,-1,507,506,508,-1,507,508,509,-1,509,508,510,-1,509,510,511,-1,512,513,510,-1,510,513,511,-1,513,512,514,-1,513,514,515,-1,515,514,516,-1,515,516,517,-1,518,519,516,-1,516,519,517,-1,518,320,519,-1,519,320,321,-1,402,400,356,-1,362,360,392,-1,392,360,358,-1,326,324,352,-1,400,398,356,-1,356,398,396,-1,356,396,358,-1,358,396,394,-1,358,394,392,-1,430,428,356,-1,428,426,356,-1,356,426,424,-1,356,424,422,-1,422,420,356,-1,356,420,418,-1,356,418,416,-1,320,354,318,-1,318,354,352,-1,318,352,322,-1,322,352,324,-1,362,392,364,-1,364,392,390,-1,364,390,366,-1,366,390,388,-1,366,388,386,-1,356,410,408,-1,436,434,518,-1,518,434,432,-1,518,432,320,-1,320,432,430,-1,320,430,354,-1,354,430,356,-1,416,414,356,-1,356,414,412,-1,356,412,410,-1,336,334,350,-1,350,334,352,-1,328,326,330,-1,330,326,352,-1,330,352,332,-1,332,352,334,-1,448,446,518,-1,518,446,444,-1,518,444,442,-1,386,384,366,-1,366,384,382,-1,366,382,380,-1,408,406,356,-1,356,406,404,-1,356,404,402,-1,496,494,508,-1,508,494,492,-1,508,492,510,-1,510,492,490,-1,510,490,488,-1,472,470,518,-1,518,470,468,-1,518,468,466,-1,466,464,518,-1,518,464,462,-1,518,462,460,-1,370,376,372,-1,372,376,374,-1,380,378,366,-1,366,378,376,-1,366,376,368,-1,368,376,370,-1,454,452,518,-1,518,452,450,-1,518,450,448,-1,442,440,518,-1,518,440,438,-1,518,438,436,-1,488,485,510,-1,510,485,482,-1,510,482,512,-1,512,482,480,-1,512,480,514,-1,514,480,478,-1,514,478,516,-1,516,478,476,-1,516,476,518,-1,518,476,474,-1,518,474,472,-1,460,458,518,-1,518,458,456,-1,518,456,454,-1,342,340,350,-1,350,340,338,-1,350,338,336,-1,502,508,504,-1,504,508,506,-1,502,500,508,-1,508,500,498,-1,508,498,496,-1,348,346,350,-1,350,346,344,-1,350,344,342,-1,520,521,522,-1,522,521,523,-1,524,525,520,-1,520,525,521,-1,526,527,524,-1,524,527,525,-1,527,526,528,-1,527,528,529,-1,529,528,530,-1,529,530,531,-1,531,530,532,-1,531,532,533,-1,533,532,534,-1,533,534,535,-1,535,534,536,-1,535,536,537,-1,537,536,538,-1,537,538,539,-1,539,538,540,-1,539,540,541,-1,541,540,542,-1,541,542,543,-1,543,542,544,-1,543,544,545,-1,545,544,546,-1,545,546,547,-1,547,546,548,-1,547,548,549,-1,549,548,550,-1,549,550,551,-1,551,550,552,-1,551,552,553,-1,553,552,554,-1,553,554,555,-1,555,554,556,-1,555,556,557,-1,557,556,558,-1,557,558,559,-1,559,558,560,-1,559,560,561,-1,561,560,562,-1,561,562,563,-1,563,562,564,-1,563,564,565,-1,565,564,566,-1,565,566,567,-1,567,566,568,-1,567,568,569,-1,569,568,570,-1,569,570,571,-1,571,570,572,-1,571,572,573,-1,573,572,574,-1,573,574,575,-1,575,574,576,-1,575,576,577,-1,577,576,578,-1,577,578,579,-1,579,578,580,-1,579,580,581,-1,581,580,582,-1,581,582,583,-1,583,582,584,-1,583,584,585,-1,586,587,584,-1,584,587,585,-1,588,589,586,-1,586,589,587,-1,589,588,590,-1,589,590,591,-1,591,590,592,-1,591,592,593,-1,593,592,594,-1,593,594,595,-1,595,594,596,-1,595,596,597,-1,597,596,598,-1,597,598,599,-1,599,598,600,-1,599,600,601,-1,601,600,602,-1,601,602,603,-1,603,602,604,-1,603,604,605,-1,605,604,606,-1,605,606,607,-1,607,606,608,-1,607,608,609,-1,609,608,610,-1,609,610,611,-1,611,610,612,-1,611,612,613,-1,613,612,614,-1,613,614,615,-1,615,614,616,-1,615,616,617,-1,617,616,618,-1,617,618,619,-1,619,618,620,-1,619,620,621,-1,621,620,622,-1,621,622,623,-1,623,622,624,-1,623,624,625,-1,625,624,626,-1,625,626,627,-1,627,626,628,-1,627,628,629,-1,629,628,630,-1,629,630,631,-1,631,630,632,-1,631,632,633,-1,633,632,634,-1,633,634,635,-1,635,634,636,-1,635,636,637,-1,637,636,638,-1,637,638,639,-1,639,638,640,-1,639,640,641,-1,642,643,640,-1,640,643,641,-1,642,522,643,-1,643,522,523,-1,524,520,642,-1,642,520,522,-1,640,536,642,-1,642,536,534,-1,642,534,532,-1,526,524,528,-1,528,524,642,-1,528,642,530,-1,530,642,532,-1,640,638,536,-1,536,638,636,-1,536,636,538,-1,538,636,634,-1,538,634,540,-1,540,634,632,-1,540,632,542,-1,632,630,542,-1,542,630,628,-1,542,628,544,-1,544,628,626,-1,544,626,546,-1,546,626,624,-1,546,624,548,-1,548,624,622,-1,548,622,550,-1,550,622,552,-1,552,622,620,-1,552,620,554,-1,554,620,618,-1,554,618,556,-1,556,618,616,-1,556,616,558,-1,558,616,614,-1,558,614,560,-1,560,614,612,-1,560,612,562,-1,562,612,610,-1,562,610,564,-1,564,610,608,-1,564,608,566,-1,566,608,606,-1,566,606,568,-1,568,606,604,-1,568,604,570,-1,570,604,602,-1,570,602,572,-1,572,602,600,-1,572,600,574,-1,574,600,598,-1,574,598,576,-1,576,598,596,-1,576,596,578,-1,578,596,594,-1,578,594,580,-1,580,594,592,-1,580,592,582,-1,582,592,590,-1,582,590,584,-1,584,590,588,-1,584,588,586,-1,644,645,646,-1,646,645,647,-1,646,647,648,-1,645,644,649,-1,645,649,650,-1,650,649,651,-1,650,651,652,-1,652,651,653,-1,652,653,654,-1,655,656,653,-1,653,656,654,-1,656,655,657,-1,656,657,658,-1,658,657,659,-1,658,659,660,-1,660,659,661,-1,660,661,662,-1,662,661,663,-1,662,663,664,-1,664,663,665,-1,664,665,666,-1,666,665,667,-1,666,667,668,-1,668,667,669,-1,668,669,670,-1,670,669,671,-1,670,671,672,-1,672,671,673,-1,672,673,674,-1,674,673,675,-1,674,675,676,-1,676,675,677,-1,676,677,678,-1,678,677,679,-1,678,679,680,-1,680,679,681,-1,680,681,682,-1,682,681,683,-1,682,683,684,-1,684,683,685,-1,684,685,686,-1,686,685,687,-1,686,687,688,-1,688,687,689,-1,688,689,690,-1,690,689,691,-1,690,691,692,-1,692,691,693,-1,692,693,694,-1,694,693,695,-1,694,695,696,-1,696,695,697,-1,696,697,698,-1,698,697,699,-1,698,699,700,-1,701,702,699,-1,699,702,700,-1,703,704,701,-1,701,704,702,-1,704,703,705,-1,704,705,706,-1,706,705,707,-1,706,707,708,-1,708,707,709,-1,708,709,710,-1,710,709,711,-1,710,711,712,-1,712,711,713,-1,712,713,714,-1,714,713,715,-1,714,715,716,-1,716,715,717,-1,716,717,718,-1,718,717,719,-1,718,719,720,-1,720,719,721,-1,720,721,722,-1,722,721,723,-1,722,723,724,-1,724,723,725,-1,724,725,726,-1,727,728,725,-1,725,728,726,-1,729,730,727,-1,727,730,728,-1,731,730,732,-1,732,730,729,-1,731,732,733,-1,733,732,734,-1,733,734,735,-1,736,737,734,-1,734,737,735,-1,736,646,737,-1,737,646,648,-1,667,665,693,-1,693,665,663,-1,693,663,695,-1,669,667,671,-1,671,667,693,-1,671,693,673,-1,673,693,691,-1,673,691,675,-1,729,727,655,-1,655,727,725,-1,655,725,723,-1,663,661,695,-1,695,661,659,-1,695,659,697,-1,697,659,657,-1,646,736,644,-1,644,736,734,-1,644,734,649,-1,649,734,732,-1,649,732,651,-1,651,732,729,-1,651,729,653,-1,653,729,655,-1,723,721,655,-1,655,721,719,-1,655,719,717,-1,679,689,687,-1,689,679,691,-1,691,679,677,-1,691,677,675,-1,717,715,655,-1,655,715,713,-1,655,713,711,-1,711,709,655,-1,655,709,707,-1,655,707,705,-1,705,703,655,-1,655,703,701,-1,655,701,657,-1,657,701,699,-1,657,699,697,-1,687,685,679,-1,679,685,683,-1,679,683,681,-1,
        ]
    }
}
Shape{
    appearance Appearance {
        material  Material 	{
            diffuseColor 0.27450980392156865 0.49411764705882355 0.27450980392156865
            specularColor 0.0196078431372549 0.03529411764705882 0.0196078431372549
            ambientIntensity 0.5763
            transparency 0.0
            shininess 0.5
        }
    }
    geometry IndexedFaceSet {
        ccw TRUE
        solid FALSE
        coord DEF co Coordinate {
            point [
                -1.4323 -1.0873 0.0, -1.4247 -1.08 0.0, -1.4428 -1.1595 0.0, -1.4612 -1.0763 0.0, -1.4501 -1.0786 0.0, -1.4418 -1.0812 0.0, -1.4394 -1.0825 0.0, -1.5686 -1.1646 0.0, -1.5686 -1.0148 0.0, -1.5632 -1.1669 0.0, -1.5642 -1.0147 0.0, -1.5598 -1.0148 0.0, -1.5474 -1.0163 0.0, -1.5386 -1.0174 0.0, -1.5389 -1.1706 0.0, -1.5512 -1.1697 0.0, -1.5103 -1.1074 0.0, -1.5109 -1.0657 0.0, -1.5314 -1.1691 0.0, -1.5136 -1.1459 0.0, -1.516 -1.1544 0.0, -1.5323 -1.019 0.0, -1.5277 -1.021 0.0, -1.5243 -1.0237 0.0, -1.5192 -1.1605 0.0, -1.5226 -1.1646 0.0, -1.5259 -1.167 0.0, -1.521 -1.028 0.0, -1.5154 -1.0406 0.0, -1.7362 0.9842 1.5222, -1.7362 0.9842 1.8676, -1.2638 0.9842 1.5222, -1.2638 0.9842 1.8676, -1.7362 0.9842 0.7874, -1.7362 1.1811 0.7874, -1.7362 1.1811 1.1811, -1.2638 1.1811 0.7874, -1.2638 0.9842 0.7874, -1.2638 1.1811 1.1811
            ]
        }
        coordIndex [
            0,1,2,-1,2,3,4,-1,4,5,2,-1,2,5,6,-1,2,6,0,-1,7,8,9,-1,9,8,10,-1,10,11,9,-1,9,11,12,-1,9,12,13,-1,14,15,16,-1,16,15,9,-1,16,9,17,-1,14,16,18,-1,18,16,19,-1,18,19,20,-1,13,21,9,-1,9,21,22,-1,9,22,23,-1,20,24,18,-1,18,24,25,-1,18,25,26,-1,23,27,9,-1,9,27,28,-1,9,28,17,-1,29,30,31,-1,31,30,32,-1,33,34,29,-1,29,34,35,-1,29,35,30,-1,36,37,38,-1,38,37,31,-1,38,31,32,-1,37,36,33,-1,33,36,34,-1,
        ]
    }
}