#VRML V2.0 utf8
# 3D model generated by easyeda2kicad.py (https://github.com/uPesy/easyeda2kicad.py)

Shape{
    appearance Appearance {
        material  Material 	{
            diffuseColor 1.0 1.0 1.0
            specularColor 0.5019607843137255 0.5019607843137255 0.5019607843137255
            ambientIntensity 1.0
            transparency 0.0
            shininess 0.5
        }
    }
    geometry IndexedFaceSet {
        ccw TRUE
        solid FALSE
        coord DEF co Coordinate {
            point [
                -2.8524 0.205 1.0891, -2.8524 0.205 0.9709, -2.8524 0.1518 0.9709, -2.8524 -0.1474 0.8774, -2.8524 -0.1896 0.8774, -2.8524 -0.1896 0.9154, -2.8524 -0.0057 0.7435, -2.8524 -0.0002 0.7428, -2.8524 -0.0335 0.7428, -2.8524 -1.7717 0.2362, -2.8524 -1.9291 0.2362, -2.8524 -1.9291 0.69, -2.8524 -0.2943 0.9557, -2.8524 -0.2807 0.9922, -2.8524 -0.2318 0.9922, -2.8524 0.5123 1.1005, -2.8524 0.4976 1.0902, -2.8524 0.2768 1.0902, -2.8524 0.4767 1.0756, -2.8524 0.4431 1.0359, -2.8524 0.3391 0.9154, -2.8524 0.2768 0.9154, -2.8524 0.3474 0.9363, -2.8524 0.3668 0.9632, -2.8524 0.3925 0.985, -2.8524 0.4254 1.0006, -2.8524 0.4207 0.999, -2.8524 0.6057 1.1249, -2.8524 0.5592 1.1191, -2.8524 0.2768 2.4325, -2.8524 0.6471 1.1204, -2.8524 1.4723 2.4325, -2.8524 0.6912 1.1049, -2.8524 0.7157 1.0902, -2.8524 1.4723 1.0902, -2.8524 0.7196 1.0879, -2.8524 0.9149 0.9736, -2.8524 0.8922 1.0025, -2.8524 0.82 1.0436, -2.8524 0.7831 1.0481, -2.8524 0.7419 1.0688, -2.8524 0.7722 1.0475, -2.8524 0.7613 1.0462, -2.8524 0.8854 1.009, -2.8524 0.8552 1.0301, -2.8524 0.8682 0.7662, -2.8524 0.897 0.7909, -2.8524 1.4723 0.7428, -2.8524 0.834 0.7493, -2.8524 0.9189 0.8223, -2.8524 0.9324 0.8577, -2.8524 1.4723 0.9154, -2.8524 0.9368 0.8944, -2.8524 0.9365 0.9038, -2.8524 0.9344 0.9154, -2.8524 0.9301 0.9394, -2.8524 1.4723 0.69, -2.8524 0.7702 0.69, -2.8524 0.7789 0.6936, -2.8524 0.8211 0.7454, -2.8524 0.8199 0.7428, -2.8524 0.8116 0.725, -2.8524 0.7975 0.7076, -2.8524 0.7087 0.2362, -2.8524 0.2768 0.69, -2.8524 0.6917 0.69, -2.8524 0.7087 -0.6088, -2.8524 0.2768 -0.9385, -2.8524 0.7075 -0.6225, -2.8524 0.708 0.6837, -2.8524 0.7309 0.6809, -2.8524 0.7346 0.6809, -2.8524 0.757 0.6844, -2.8524 1.4723 0.2362, -2.8524 2.0079 0.2362, -2.8524 0.5495 -0.9055, -2.8524 0.4813 -0.9449, -2.8524 0.6981 -0.6482, -2.8524 0.306 -0.9449, -2.8524 0.7039 -0.6358, -2.8524 0.2857 -0.9422, -2.8524 0.537 -0.9218, -2.8524 0.5207 -0.9343, -2.8524 0.5017 -0.9422, -2.8524 0.2768 0.7428, -2.8524 0.642 0.7428, -2.8524 0.6421 0.7425, -2.8524 0.6533 0.7214, -2.8524 0.6679 0.705, -2.8524 0.6868 0.6918, -2.8524 0.5209 0.7988, -2.8524 0.5144 0.8014, -2.8524 0.5032 0.8555, -2.8524 0.3666 0.7862, -2.8524 0.3924 0.7643, -2.8524 0.6598 0.8393, -2.8524 0.5326 0.9057, -2.8524 0.6764 0.8544, -2.8524 0.6965 0.8652, -2.8524 0.5267 0.7947, -2.8524 0.3478 0.8124, -2.8524 0.3908 0.8837, -2.8524 0.3952 0.9019, -2.8524 0.4025 0.9154, -2.8524 0.8747 0.9154, -2.8524 0.3358 0.9073, -2.8524 0.3315 0.8763, -2.8524 0.3359 0.8424, -2.8524 0.507 0.8023, -2.8524 0.5061 0.8023, -2.8524 0.5033 0.8016, -2.8524 0.8691 0.8585, -2.8524 0.8578 0.8392, -2.8524 0.8096 0.8294, -2.8524 0.8408 0.8217, -2.8524 0.8201 0.809, -2.8524 0.7745 0.8608, -2.8524 0.7939 0.8473, -2.8524 0.8771 0.8963, -2.8524 0.8759 0.8817, -2.8524 0.7536 0.8688, -2.8524 0.7309 0.8716, -2.8524 0.7194 0.8709, -2.8524 0.5364 0.7729, -2.8524 0.5362 0.7767, -2.8524 0.6361 0.7852, -2.8524 0.5343 0.7839, -2.8524 0.5306 0.7903, -2.8524 0.4096 0.8252, -2.8524 0.3991 0.84, -2.8524 0.3926 0.8569, -2.8524 0.3903 0.8754, -2.8524 0.5143 0.7444, -2.8524 0.5205 0.7468, -2.8524 0.5267 0.7512, -2.8524 0.5289 0.7534, -2.8524 0.533 0.7594, -2.8524 0.5355 0.7658, -2.8524 0.6366 0.7659, -2.8524 0.6361 0.7758, -2.8524 0.4214 0.7502, -2.8524 0.4529 0.7435, -2.8524 0.5089 0.7435, -2.8524 0.5013 0.8014, -2.8524 0.4586 0.8014, -2.8524 0.4416 0.8046, -2.8524 0.4249 0.8124, -2.8524 0.4109 0.8238, -2.8524 0.4923 1.0063, -2.8524 0.5137 1.0319, -2.8524 0.7319 0.9769, -2.8524 0.5162 1.0341, -2.8524 0.5428 1.0526, -2.8524 0.7174 1.0069, -2.8524 0.7387 0.9806, -2.8524 0.76 0.9884, -2.8524 0.404 0.9183, -2.8524 0.415 0.9305, -2.8524 0.4643 0.9494, -2.8524 0.4297 0.9408, -2.8524 0.4463 0.9472, -2.8524 0.4719 0.9494, -2.8524 0.4777 0.9758, -2.8524 0.8154 0.9851, -2.8524 0.8366 0.9739, -2.8524 0.792 0.9906, -2.8524 0.853 0.9593, -2.8524 0.8661 0.9404, -2.8524 0.6961 1.0323, -2.8524 0.5726 1.064, -2.8524 0.6707 1.0509, -2.8524 0.6047 1.068, -2.8524 0.6397 1.0635, -2.8524 0.7822 0.9911, -2.8524 0.8742 0.9192, -2.8524 -0.3134 0.9557, -2.8524 -0.2318 0.9154, -2.8524 -1.9291 0.9154, -2.8524 -1.9291 1.0902, -2.8524 -0.2625 1.0891, -2.8524 -0.2318 1.0902, -2.8524 -0.2441 1.0891, -2.8524 -0.2318 1.0566, -2.8524 -0.2123 0.9557, -2.8524 -0.1933 0.9557, -2.8524 -0.2252 0.9922, -2.8524 -0.052 0.9709, -2.8524 -0.052 0.9557, -2.8524 -0.0646 0.9154, -2.8524 -0.049 1.0738, -2.8524 -0.0646 1.0902, -2.8524 -0.049 1.0891, -2.8524 -0.0335 1.0902, -2.8524 -0.0335 1.0891, -2.8524 0.0025 1.0158, -2.8524 0.0025 0.9709, -2.8524 -0.0335 1.0158, -2.8524 -0.0335 0.9709, -2.8524 -0.0452 1.0158, -2.8524 -0.0452 1.0311, -2.8524 0.0025 1.0738, -2.8524 0.0025 1.0311, -2.8524 -0.0335 1.0738, -2.8524 -0.0335 1.0311, -2.8524 -0.0335 0.9154, -2.8524 -0.0335 0.9557, -2.8524 0.0275 0.9154, -2.8524 0.0197 1.0891, -2.8524 0.0275 1.0902, -2.8524 0.0197 0.9557, -2.8524 0.0464 1.0859, -2.8524 0.0606 1.09, -2.8524 0.0637 1.0902, -2.8524 0.0464 1.0679, -2.8524 0.0479 1.0687, -2.8524 0.0464 0.9777, -2.8524 0.0615 1.0738, -2.8524 0.0779 1.0758, -2.8524 0.0846 1.0755, -2.8524 0.096 1.0729, -2.8524 0.1064 1.0677, -2.8524 0.1143 1.061, -2.8524 0.1151 1.06, -2.8524 0.1216 1.0508, -2.8524 0.0464 0.9612, -2.8524 0.0487 0.9601, -2.8524 0.1059 0.9568, -2.8524 0.1185 0.9627, -2.8524 0.1404 0.9154, -2.8524 0.1292 0.9716, -2.8524 0.1303 0.9728, -2.8524 0.1261 1.0393, -2.8524 0.1283 1.0209, -2.8524 0.128 1.0144, -2.8524 0.1256 1.0014, -2.8524 0.0747 0.969, -2.8524 0.0596 0.9718, -2.8524 0.1038 0.974, -2.8524 0.0943 0.9704, -2.8524 0.0809 0.9688, -2.8524 0.0631 0.9554, -2.8524 0.0834 0.9534, -2.8524 0.0915 0.9538, -2.8524 0.1211 0.9908, -2.8524 0.1152 0.9828, -2.8524 0.1125 0.9802, -2.8524 0.1404 1.0902, -2.8524 0.1368 1.0591, -2.8524 0.1271 1.0717, -2.8524 0.1238 1.0748, -2.8524 0.1113 1.0836, -2.8524 0.0974 1.089, -2.8524 0.1383 0.9842, -2.8524 0.1404 0.9896, -2.8524 0.1484 0.9154, -2.8524 0.1484 1.0902, -2.8524 0.1431 1.0443, -2.8524 0.1404 1.0506, -2.8524 0.1437 0.9981, -2.8524 0.1464 1.0199, -2.8524 0.1461 1.0268, -2.8524 -1.1417 0.2362, -2.8524 -1.1417 -0.6088, -2.8524 -1.7717 -0.6088, -2.8524 -1.1429 -0.6225, -2.8524 -1.1465 -0.6358, -2.8524 -1.1523 -0.6482, -2.8524 -1.7705 -0.6225, -2.8524 -1.7669 -0.6358, -2.8524 -1.3009 -0.9055, -2.8524 -1.3134 -0.9218, -2.8524 -1.3297 -0.9343, -2.8524 -1.369 -0.9449, -2.8524 -1.5444 -0.9449, -2.8524 -1.7611 -0.6482, -2.8524 -1.3487 -0.9422, -2.8524 -1.5647 -0.9422, -2.8524 -1.5837 -0.9343, -2.8524 -1.6 -0.9218, -2.8524 -1.6126 -0.9055, -2.8524 -0.2318 0.2362, -2.8524 -0.2318 0.69, -2.8524 -0.1896 0.2362, -2.8524 -0.1896 0.69, -2.8524 -0.1384 0.2362, -2.8524 -0.1384 0.69, -2.8524 -0.0646 0.2362, -2.8524 -0.0646 0.69, -2.8524 -0.0335 0.2362, -2.8524 -0.0335 0.69, -2.8524 0.0275 0.2362, -2.8524 0.0275 0.69, -2.8524 0.0814 -0.6292, -2.8524 0.0787 -0.6088, -2.8524 0.0893 -0.6482, -2.8524 0.1404 -0.7367, -2.8524 0.2378 -0.9055, -2.8524 0.1484 -0.7506, -2.8524 0.1484 0.69, -2.8524 0.2504 -0.9218, -2.8524 0.2667 -0.9343, -2.8524 -1.9291 1.7396, -2.8524 -1.9291 2.4325, -2.8524 -1.0878 1.7396, -2.8524 -0.2318 2.4325, -2.8524 -1.0878 1.2537, -2.8524 -0.1855 1.0156, -2.8524 -0.1823 1.0, -2.8524 -0.1757 0.9862, -2.8524 -0.1658 0.9744, -2.8524 -0.1384 1.0902, -2.8524 -0.1384 1.0859, -2.8524 -0.1896 1.0902, -2.8524 -0.1518 1.081, -2.8524 -0.1787 1.0552, -2.8524 -0.1837 1.0425, -2.8524 -0.1859 1.0241, -2.8524 -0.1658 1.0714, -2.8524 -0.1705 1.0669, -2.8524 -0.1518 0.9644, -2.8524 -0.1384 0.9591, -2.8524 -0.1384 0.9154, -2.8524 -0.1366 0.9584, -2.8524 -0.1139 0.9557, -2.8524 -0.0772 0.9557, -2.8524 -0.0772 1.0891, -2.8524 -0.1153 1.0891, -2.8524 -0.1357 1.0869, -2.8524 0.0883 0.7454, -2.8524 0.0949 0.7428, -2.8524 0.0746 0.744, -2.8524 0.0882 0.8273, -2.8524 0.0939 0.8279, -2.8524 0.1028 0.8006, -2.8524 0.0842 0.748, -2.8524 0.1404 0.7428, -2.8524 0.1316 0.7562, -2.8524 0.1336 0.7618, -2.8524 0.1282 0.7888, -2.8524 0.1233 0.7933, -2.8524 0.1251 0.8163, -2.8524 0.1165 0.797, -2.8524 0.1136 0.8236, -2.8524 0.1031 0.827, -2.8524 0.1206 0.7453, -2.8524 0.1262 0.7492, -2.8524 0.1281 0.7511, -2.8524 0.1344 0.7695, -2.8524 0.1337 0.7773, -2.8524 0.0746 0.7587, -2.8524 0.075 0.7587, -2.8524 0.0788 0.7533, -2.8524 0.1217 0.8346, -2.8524 0.1251 0.8326, -2.8524 0.1316 0.7834, -2.8524 0.0303 0.7985, -2.8524 0.0325 0.802, -2.8524 0.0578 0.8053, -2.8524 0.0344 0.8071, -2.8524 0.0595 0.8193, -2.8524 0.0351 0.8136, -2.8524 0.0746 0.8045, -2.8524 0.0751 0.8119, -2.8524 0.0769 0.8179, -2.8524 0.0788 0.8213, -2.8524 0.0742 0.838, -2.8524 0.0689 0.8347, -2.8524 0.0293 0.8294, -2.8524 0.0276 0.7956, -2.8524 0.0352 0.7646, -2.8524 0.0275 0.7955, -2.8524 0.0282 0.7603, -2.8524 0.0275 0.76, -2.8524 0.1092 0.8394, -2.8524 0.0923 0.8415, -2.8524 0.081 0.8403, -2.8524 0.0344 0.8195, -2.8524 0.0324 0.8249, -2.8524 0.0622 0.8264, -2.8524 0.0657 0.8316, -2.8524 0.0814 0.824, -2.8524 0.0843 0.8259, -2.8524 0.095 0.7428, -2.8524 0.1404 0.69, -2.8524 0.0787 0.2362, -2.8524 0.1042 0.7417, -2.8524 0.1139 0.7428, -2.8524 0.1142 0.7429, -2.8524 0.0352 0.7473, -2.8524 0.0578 0.744, -2.8524 0.0275 0.7444, -2.8524 0.0275 0.7428, -2.8524 0.0254 0.7436, -2.8524 0.0187 0.7428, -2.8524 0.0093 0.7417, -2.8524 -0.0246 0.8372, -2.8524 -0.0246 0.821, -2.8524 0.0244 0.8339, -2.8524 0.0202 0.8364, -2.8524 0.0275 0.8311, -2.8524 -0.0284 0.7632, -2.8524 -0.0263 0.7579, -2.8524 -0.0232 0.7535, -2.8524 0.0113 0.8399, -2.8524 -0.002 0.8415, -2.8524 -0.0138 0.8404, -2.8524 -0.0236 0.7856, -2.8524 -0.0267 0.781, -2.8524 -0.0285 0.7761, -2.8524 -0.0292 0.7699, -2.8524 -0.0184 0.7493, -2.8524 -0.0145 0.7469, -2.8524 -0.0004 0.8279, -2.8524 0.0046 0.8275, -2.8524 0.0179 0.8151, -2.8524 0.009 0.8263, -2.8524 0.0128 0.8243, -2.8524 0.0177 0.8128, -2.8524 0.017 0.8102, -2.8524 0.0158 0.808, -2.8524 0.0142 0.8062, -2.8524 0.0083 0.8025, -2.8524 -0.0107 0.8268, -2.8524 -0.002 0.798, -2.8524 -0.0202 0.8235, -2.8524 -0.0085 0.7954, -2.8524 -0.0196 0.7892, -2.8524 0.0153 0.8221, -2.8524 0.0167 0.82, -2.8524 0.0176 0.8177, -2.8524 0.0177 0.7565, -2.8524 0.0098 0.7859, -2.8524 0.0197 0.7904, -2.8524 0.0077 0.7554, -2.8524 0.007 0.7554, -2.8524 -0.0012 0.7813, -2.8524 -0.0016 0.7563, -2.8524 -0.012 0.7682, -2.8524 -0.0119 0.7703, -2.8524 -0.0059 0.7579, -2.8524 -0.0074 0.7588, -2.8524 -0.0094 0.7605, -2.8524 -0.0108 0.7627, -2.8524 -0.0117 0.7651, -2.8524 -0.0111 0.7729, -2.8524 -0.0098 0.7752, -2.8524 -0.0077 0.7773, -2.8524 -0.112 0.8393, -2.8524 -0.1294 0.8393, -2.8524 -0.1384 0.7428, -2.8524 -0.0815 0.7676, -2.8524 -0.0835 0.7598, -2.8524 -0.084 0.7598, -2.8524 -0.0646 0.8161, -2.8524 -0.086 0.7675, -2.8524 -0.0847 0.7631, -2.8524 -0.0646 0.7428, -2.8524 -0.0646 0.7712, -2.8524 -0.0379 0.8393, -2.8524 -0.0566 0.8393, -2.8524 -0.0753 0.7442, -2.8524 -0.0747 0.7428, -2.8524 -0.0679 0.7268, -2.8524 -0.0413 0.7004, -2.8524 -0.0413 0.7153, -2.8524 -0.0615 0.7173, -2.8524 -0.0646 0.7207, -2.8524 -0.0646 0.7208, -2.8524 -0.0447 0.7142, -2.8524 -0.0508 0.7134, -2.8524 -0.0646 0.702, -2.8524 -0.0589 0.6998, -2.8524 -0.0521 0.6991, -2.8524 -0.0484 0.6992, -2.8524 -0.0551 0.7139, -2.8524 -0.0587 0.7154, -2.8524 -0.0861 0.7296, -2.8524 -0.0785 0.7148, -2.8524 -0.0913 0.7428, -2.8524 -0.0724 0.7075, -2.8524 -0.0713 0.7064, -2.8524 -0.0655 0.7024, -2.8524 -0.2161 0.8774, -2.8524 -0.2161 0.8621, -2.8524 -0.2192 0.7592, -2.8524 -0.2318 0.7428, -2.8524 -0.2192 0.744, -2.8524 -0.1896 0.7428, -2.8524 -0.1646 0.8041, -2.8524 -0.1646 0.7592, -2.8524 -0.1896 0.8041, -2.8524 -0.1896 0.7592, -2.8524 -0.2123 0.8041, -2.8524 -0.2123 0.8193, -2.8524 -0.1896 0.8193, -2.8524 -0.1896 0.8621, -2.8524 -0.1646 0.8193, -2.8524 -0.1646 0.8621, -2.8524 -0.1896 0.744, -2.8524 -0.1474 0.744, -2.8524 -0.3794 0.744, -2.8524 -0.3604 0.744, -2.8524 -0.4615 0.744, -2.8524 -0.4478 0.7805, -2.8524 -0.3923 0.7805, -2.8524 -0.4805 0.744, -2.8524 -1.9291 0.7428, -2.8524 -0.4297 0.8774, -2.8524 -0.3494 0.7883, -2.8524 -0.3526 0.8039, -2.8524 -0.4112 0.8774, -2.8524 -0.353 0.8124, -2.8524 -0.3508 0.8308, -2.8524 -0.3428 0.7745, -2.8524 -0.3329 0.7627, -2.8524 -0.319 0.7527, -2.8524 -0.2444 0.8774, -2.8524 -0.2444 0.744, -2.8524 -0.2811 0.744, -2.8524 -0.3038 0.7467, -2.8524 -0.3329 0.8597, -2.8524 -0.3376 0.8551, -2.8524 -0.3458 0.8435, -2.8524 -0.2824 0.8774, -2.8524 -0.3028 0.8752, -2.8524 -0.3189 0.8693, -2.8524 0.0873 1.0902, -2.8524 0.0781 1.0914, -2.8524 0.1404 2.4325, -2.8524 0.0275 2.4325, -2.8524 -0.0335 2.4325, -2.8524 -0.0646 2.4325, -2.8524 -0.1384 2.4325, -2.8524 -0.1896 2.4325, -2.8524 -1.9291 1.2537, -2.8524 0.1484 0.7428, -2.8524 0.1504 0.7592, -2.8524 0.1504 0.744, -2.8524 0.2222 0.744, -2.8524 0.1535 0.8621, -2.8524 0.2222 0.8774, -2.8524 0.1535 0.8774, -2.8524 0.205 0.8041, -2.8524 0.205 0.7592, -2.8524 0.1572 0.8041, -2.8524 0.1572 0.8193, -2.8524 0.205 0.8193, -2.8524 0.205 0.8621, -2.8524 0.2222 0.9557, -2.8524 0.2222 1.0891, -2.8524 0.1518 0.9557, -2.8524 0.1484 2.4325, -2.8524 2.0079 0.69, -2.8524 2.0079 0.7428, -2.8524 2.0079 0.9154, -2.8524 2.0079 1.0902, -2.8524 2.0079 2.4325, -2.8524 -1.9291 3.7402, -2.8524 -0.2318 3.7402, -2.8524 -0.1896 3.7402, -2.8524 -0.1384 3.7402, -2.8524 -0.0646 3.7402, -2.8524 -0.0335 3.7402, -2.8524 0.0275 3.7402, -2.8524 0.1404 3.7402, -2.8524 0.1484 3.7402, -2.8524 0.2768 3.7402, -2.8524 1.4723 3.7402, -2.8524 2.0079 3.7402
            ]
        }
        coordIndex [
            0,1,2,-1,3,4,5,-1,6,7,8,-1,9,10,11,-1,12,13,14,-1,15,16,17,-1,17,16,18,-1,17,18,19,-1,20,21,22,-1,22,21,17,-1,22,17,23,-1,23,17,24,-1,19,25,17,-1,17,25,26,-1,17,26,24,-1,27,28,29,-1,27,29,30,-1,30,29,31,-1,30,31,32,-1,32,31,33,-1,33,31,34,-1,33,34,35,-1,34,36,37,-1,34,38,35,-1,35,38,39,-1,35,39,40,-1,40,39,41,-1,40,41,42,-1,37,43,34,-1,34,43,44,-1,34,44,38,-1,45,46,47,-1,45,47,48,-1,46,49,47,-1,47,49,50,-1,47,50,51,-1,51,50,52,-1,52,53,51,-1,51,53,54,-1,51,54,34,-1,34,54,55,-1,34,55,36,-1,56,57,58,-1,59,48,60,-1,60,48,47,-1,60,47,61,-1,61,47,56,-1,61,56,62,-1,62,56,58,-1,63,64,65,-1,63,66,67,-1,67,66,68,-1,65,69,63,-1,63,69,70,-1,63,70,71,-1,71,72,63,-1,63,72,57,-1,63,57,73,-1,73,57,56,-1,73,56,74,-1,75,76,77,-1,77,76,78,-1,68,79,67,-1,67,79,77,-1,67,77,80,-1,80,77,78,-1,75,81,76,-1,76,81,82,-1,76,82,83,-1,84,85,64,-1,64,85,86,-1,64,86,87,-1,87,88,64,-1,64,88,89,-1,64,89,65,-1,90,91,92,-1,93,94,84,-1,95,96,97,-1,97,96,98,-1,90,92,99,-1,93,84,100,-1,101,102,96,-1,96,102,103,-1,96,103,104,-1,20,105,21,-1,21,105,106,-1,21,106,84,-1,84,106,107,-1,84,107,100,-1,91,108,92,-1,92,108,109,-1,92,109,110,-1,111,112,113,-1,113,112,114,-1,113,114,115,-1,116,104,117,-1,117,104,118,-1,117,118,113,-1,113,118,119,-1,113,119,111,-1,116,120,104,-1,104,120,121,-1,104,121,96,-1,96,121,122,-1,96,122,98,-1,123,124,125,-1,125,124,126,-1,125,126,92,-1,92,126,127,-1,92,127,99,-1,128,129,92,-1,92,129,130,-1,92,130,96,-1,96,130,131,-1,96,131,101,-1,132,133,85,-1,85,133,134,-1,85,134,135,-1,135,136,85,-1,85,136,137,-1,85,137,138,-1,138,137,123,-1,138,123,139,-1,139,123,125,-1,94,140,84,-1,84,140,141,-1,84,141,85,-1,85,141,142,-1,85,142,132,-1,110,143,92,-1,92,143,144,-1,92,144,145,-1,145,146,92,-1,92,146,147,-1,92,147,128,-1,148,149,150,-1,149,151,150,-1,150,151,152,-1,150,152,153,-1,103,150,104,-1,104,150,154,-1,104,154,155,-1,156,157,158,-1,158,157,159,-1,158,159,160,-1,156,158,103,-1,103,158,161,-1,103,161,150,-1,150,161,162,-1,150,162,148,-1,163,164,165,-1,165,164,166,-1,165,166,167,-1,153,152,168,-1,168,152,169,-1,168,169,170,-1,170,169,171,-1,170,171,172,-1,155,173,104,-1,104,173,165,-1,104,165,174,-1,174,165,167,-1,175,12,176,-1,177,178,179,-1,179,178,180,-1,179,180,181,-1,181,180,182,-1,183,184,5,-1,12,14,176,-1,176,14,185,-1,176,185,183,-1,186,187,188,-1,189,190,191,-1,191,190,192,-1,191,192,193,-1,194,195,196,-1,196,195,197,-1,196,197,198,-1,198,197,186,-1,198,186,199,-1,200,201,202,-1,202,201,203,-1,202,203,189,-1,188,187,204,-1,204,187,205,-1,204,205,206,-1,193,192,207,-1,207,192,208,-1,207,208,209,-1,210,208,211,-1,211,208,212,-1,205,209,206,-1,206,209,208,-1,206,208,213,-1,213,208,210,-1,213,214,215,-1,215,214,216,-1,215,216,217,-1,217,218,215,-1,215,218,219,-1,215,219,220,-1,220,221,215,-1,215,221,222,-1,215,222,223,-1,213,215,206,-1,206,215,224,-1,206,224,225,-1,226,227,228,-1,228,227,229,-1,228,229,230,-1,223,231,215,-1,215,231,232,-1,215,232,233,-1,234,235,233,-1,233,235,236,-1,233,236,215,-1,237,238,239,-1,225,240,206,-1,206,240,241,-1,206,241,228,-1,228,241,242,-1,228,242,226,-1,234,243,235,-1,235,243,244,-1,235,244,239,-1,239,244,245,-1,239,245,237,-1,246,247,248,-1,248,249,246,-1,246,249,250,-1,246,250,251,-1,230,252,228,-1,228,252,253,-1,228,253,254,-1,255,256,246,-1,246,256,257,-1,246,257,247,-1,253,258,254,-1,254,258,259,-1,254,259,255,-1,255,259,260,-1,255,260,256,-1,261,262,263,-1,263,262,264,-1,264,265,263,-1,263,265,266,-1,263,266,267,-1,267,266,268,-1,269,270,271,-1,272,273,274,-1,271,275,269,-1,269,275,272,-1,269,272,266,-1,266,272,274,-1,266,274,268,-1,273,276,277,-1,277,278,273,-1,273,278,279,-1,273,279,274,-1,263,9,261,-1,261,9,11,-1,261,11,280,-1,280,11,281,-1,280,281,282,-1,282,281,283,-1,282,283,284,-1,284,283,285,-1,284,285,286,-1,286,285,287,-1,286,287,288,-1,288,287,289,-1,288,289,290,-1,290,289,291,-1,292,293,294,-1,294,293,295,-1,296,297,298,-1,298,297,295,-1,299,296,64,-1,63,67,64,-1,64,67,300,-1,64,300,299,-1,301,302,303,-1,303,302,304,-1,303,304,305,-1,306,307,5,-1,5,307,308,-1,5,308,309,-1,310,311,312,-1,312,311,313,-1,314,315,312,-1,312,315,316,-1,313,317,312,-1,312,317,318,-1,312,318,314,-1,182,180,184,-1,184,180,312,-1,184,312,5,-1,5,312,316,-1,5,316,306,-1,319,320,321,-1,321,320,322,-1,323,324,188,-1,188,324,190,-1,188,190,186,-1,186,190,189,-1,186,189,199,-1,199,189,203,-1,324,325,190,-1,190,325,326,-1,190,326,310,-1,310,326,327,-1,310,327,311,-1,328,329,330,-1,331,332,333,-1,328,330,334,-1,335,336,337,-1,338,339,340,-1,340,339,341,-1,340,341,342,-1,342,341,333,-1,342,333,343,-1,343,333,332,-1,344,345,335,-1,335,345,346,-1,335,346,336,-1,347,348,228,-1,349,350,330,-1,330,350,351,-1,330,351,334,-1,352,228,353,-1,353,228,348,-1,353,348,340,-1,340,348,354,-1,340,354,338,-1,355,356,357,-1,357,356,358,-1,357,358,359,-1,359,358,360,-1,361,362,333,-1,333,362,363,-1,333,363,364,-1,365,366,367,-1,368,369,370,-1,370,369,371,-1,370,371,372,-1,352,373,228,-1,228,373,374,-1,228,374,375,-1,360,376,359,-1,359,376,377,-1,359,377,378,-1,378,377,367,-1,378,367,379,-1,379,367,366,-1,364,380,333,-1,333,380,381,-1,333,381,331,-1,329,382,291,-1,382,383,291,-1,291,383,384,-1,291,384,290,-1,382,385,383,-1,383,385,386,-1,383,386,335,-1,335,386,387,-1,335,387,344,-1,368,355,369,-1,369,355,357,-1,369,357,388,-1,388,357,389,-1,388,389,390,-1,390,389,391,-1,390,391,392,-1,392,391,393,-1,394,393,291,-1,291,393,391,-1,291,391,329,-1,329,391,389,-1,329,389,330,-1,395,396,8,-1,397,398,206,-1,375,365,228,-1,228,365,367,-1,228,367,206,-1,206,367,399,-1,206,399,397,-1,400,401,8,-1,8,401,402,-1,398,403,206,-1,206,403,404,-1,206,404,204,-1,204,404,405,-1,204,405,395,-1,406,407,396,-1,396,407,408,-1,396,408,8,-1,8,408,409,-1,8,409,400,-1,402,410,8,-1,8,410,411,-1,8,411,6,-1,412,413,414,-1,414,413,415,-1,414,415,416,-1,414,417,412,-1,412,417,418,-1,412,418,419,-1,419,420,412,-1,412,420,421,-1,412,421,422,-1,422,421,423,-1,422,423,424,-1,424,423,425,-1,424,425,396,-1,396,425,426,-1,396,426,406,-1,427,428,416,-1,416,428,429,-1,416,429,414,-1,430,431,372,-1,372,431,432,-1,372,432,370,-1,430,433,431,-1,431,433,434,-1,431,434,435,-1,435,434,436,-1,435,437,438,-1,436,439,435,-1,435,439,440,-1,435,440,441,-1,441,442,435,-1,435,442,443,-1,435,443,437,-1,438,444,435,-1,435,444,445,-1,435,445,446,-1,447,448,321,-1,321,448,449,-1,450,451,452,-1,322,323,321,-1,321,323,188,-1,321,188,447,-1,447,188,453,-1,447,453,454,-1,454,453,450,-1,454,450,455,-1,455,450,452,-1,456,457,8,-1,8,457,458,-1,395,8,204,-1,204,8,458,-1,204,458,188,-1,188,458,459,-1,188,459,453,-1,460,457,461,-1,461,457,456,-1,461,456,462,-1,289,463,464,-1,465,466,456,-1,456,466,467,-1,456,467,462,-1,394,291,7,-1,7,291,289,-1,7,289,8,-1,8,289,464,-1,8,464,456,-1,456,464,468,-1,456,468,469,-1,470,471,287,-1,287,471,472,-1,287,472,289,-1,289,472,473,-1,289,473,463,-1,469,474,456,-1,456,474,475,-1,456,475,465,-1,476,477,285,-1,476,285,478,-1,477,479,285,-1,285,479,480,-1,285,480,287,-1,287,480,481,-1,287,481,470,-1,183,5,176,-1,176,5,4,-1,176,4,482,-1,482,483,176,-1,176,483,484,-1,176,484,485,-1,485,484,486,-1,485,486,487,-1,488,489,490,-1,490,489,491,-1,490,491,492,-1,492,491,484,-1,492,484,493,-1,493,484,483,-1,493,483,494,-1,494,483,495,-1,494,495,496,-1,496,495,497,-1,486,498,487,-1,487,498,499,-1,487,499,449,-1,449,499,3,-1,449,3,321,-1,321,3,5,-1,321,5,319,-1,319,5,309,-1,500,501,485,-1,502,503,504,-1,504,500,502,-1,502,500,485,-1,502,485,505,-1,505,485,506,-1,505,506,507,-1,507,506,177,-1,508,501,509,-1,509,501,510,-1,509,510,511,-1,511,510,512,-1,508,513,501,-1,501,513,514,-1,501,514,515,-1,516,176,517,-1,517,176,485,-1,517,485,518,-1,518,485,501,-1,518,501,519,-1,519,501,515,-1,179,175,177,-1,177,175,176,-1,177,176,507,-1,507,176,510,-1,520,521,510,-1,510,521,522,-1,510,522,512,-1,516,523,176,-1,176,523,524,-1,176,524,510,-1,510,524,525,-1,510,525,520,-1,11,506,281,-1,281,506,485,-1,281,485,283,-1,283,485,487,-1,283,487,285,-1,285,487,449,-1,285,449,478,-1,478,449,448,-1,526,527,528,-1,528,527,212,-1,528,212,529,-1,529,212,208,-1,529,208,530,-1,530,208,192,-1,530,192,531,-1,531,192,190,-1,531,190,532,-1,532,190,310,-1,532,310,533,-1,533,310,312,-1,533,312,304,-1,304,312,180,-1,304,180,305,-1,305,180,178,-1,305,178,534,-1,293,384,295,-1,295,384,383,-1,295,383,298,-1,298,383,335,-1,298,335,535,-1,536,537,535,-1,535,537,538,-1,337,347,335,-1,335,347,228,-1,335,228,535,-1,535,228,254,-1,535,254,536,-1,536,254,539,-1,296,298,64,-1,64,298,535,-1,64,535,84,-1,84,535,538,-1,84,538,21,-1,21,538,540,-1,21,540,254,-1,254,540,541,-1,254,541,539,-1,542,543,544,-1,544,543,536,-1,544,536,545,-1,545,536,539,-1,545,539,546,-1,546,539,547,-1,548,549,17,-1,17,549,0,-1,17,0,255,-1,255,0,2,-1,255,2,254,-1,254,2,550,-1,254,550,21,-1,21,550,548,-1,21,548,17,-1,251,526,246,-1,246,526,528,-1,246,528,255,-1,255,528,551,-1,255,551,17,-1,17,551,29,-1,17,29,15,-1,15,29,28,-1,74,56,552,-1,552,56,47,-1,552,47,553,-1,553,47,51,-1,553,51,554,-1,554,51,34,-1,554,34,555,-1,555,34,31,-1,555,31,556,-1,302,557,304,-1,304,557,558,-1,304,558,533,-1,533,558,559,-1,533,559,532,-1,532,559,560,-1,532,560,531,-1,531,560,561,-1,531,561,530,-1,530,561,562,-1,530,562,529,-1,529,562,563,-1,529,563,528,-1,528,563,564,-1,528,564,551,-1,551,564,565,-1,551,565,29,-1,29,565,566,-1,29,566,31,-1,31,566,567,-1,31,567,556,-1,556,567,568,-1,
        ]
    }
}
Shape{
    appearance Appearance {
        material  Material 	{
            diffuseColor 0.2235294117647059 0.2235294117647059 0.2235294117647059
            specularColor 0.11372549019607843 0.11372549019607843 0.11372549019607843
            ambientIntensity 0.2235
            transparency 0.0
            shininess 0.5
        }
    }
    geometry IndexedFaceSet {
        ccw TRUE
        solid FALSE
        coord DEF co Coordinate {
            point [
                0.9272 -1.0878 1.5599, 0.9272 -1.0878 1.0304, 1.0059 -1.0878 1.244, 1.0059 -1.0878 1.0304
            ]
        }
        coordIndex [
            0,1,2,-1,2,1,3,-1,
        ]
    }
}
Shape{
    appearance Appearance {
        material  Material 	{
            diffuseColor 1.0 1.0 1.0
            specularColor 0.5019607843137255 0.5019607843137255 0.5019607843137255
            ambientIntensity 1.0
            transparency 0.0
            shininess 0.5
        }
    }
    geometry IndexedFaceSet {
        ccw TRUE
        solid FALSE
        coord DEF co Coordinate {
            point [
                1.0059 -1.9291 1.0304, 0.9272 -1.9291 1.0304, 0.9272 -1.9291 0.2362, 1.0847 -1.9291 1.2537, 0.993 -1.9291 1.6215, 0.9166 -1.9291 1.6025, 1.0059 -1.9291 1.244, 1.0847 -1.9291 0.2362
            ]
        }
        coordIndex [
            0,1,2,-1,3,4,5,-1,5,6,3,-1,3,6,0,-1,3,0,7,-1,7,0,2,-1,
        ]
    }
}
Shape{
    appearance Appearance {
        material  Material 	{
            diffuseColor 0.2235294117647059 0.2235294117647059 0.2235294117647059
            specularColor 0.11372549019607843 0.11372549019607843 0.11372549019607843
            ambientIntensity 0.2235
            transparency 0.0
            shininess 0.5
        }
    }
    geometry IndexedFaceSet {
        ccw TRUE
        solid FALSE
        coord DEF co Coordinate {
            point [
                -2.7736 -1.0878 1.0304, -2.6949 -1.0878 1.0304, -2.7736 -1.0878 1.244, -2.6949 -1.0878 1.5599, -2.6949 -1.9291 1.0304, -2.7736 -1.9291 1.0304
            ]
        }
        coordIndex [
            0,1,2,-1,2,1,3,-1,4,1,5,-1,5,1,0,-1,
        ]
    }
}
Shape{
    appearance Appearance {
        material  Material 	{
            diffuseColor 1.0 1.0 1.0
            specularColor 0.5019607843137255 0.5019607843137255 0.5019607843137255
            ambientIntensity 1.0
            transparency 0.0
            shininess 0.5
        }
    }
    geometry IndexedFaceSet {
        ccw TRUE
        solid FALSE
        coord DEF co Coordinate {
            point [
                -2.8524 -1.9291 1.7396, -2.6949 -1.9291 1.7396, -2.8524 -1.9291 2.4325, -2.6949 -1.9291 3.7402, 0.9272 -1.9291 1.7396, 1.0847 -1.9291 1.7396, 0.9272 -1.9291 3.8189, 1.0847 -1.9291 3.8189, 0.9231 -1.9291 3.8495, 1.0753 -1.9291 3.8902, 0.9113 -1.9291 3.878, 1.0477 -1.9291 3.9567, 0.8926 -1.9291 3.9024, 1.0039 -1.9291 4.0138, 0.8681 -1.9291 3.9212, 0.9469 -1.9291 4.0576, 0.8396 -1.9291 3.933, 0.8804 -1.9291 4.0851, 0.8091 -1.9291 3.937, 0.8091 -1.9291 4.0945, -2.498 -1.9291 3.937, -2.498 -1.9291 4.0945, -2.549 -1.9291 3.9303, -2.5897 -1.9291 4.0824, -2.5964 -1.9291 3.9106, -2.6752 -1.9291 4.047, -2.6372 -1.9291 3.8794, -2.7486 -1.9291 3.9907, -2.6685 -1.9291 3.8386, -2.8049 -1.9291 3.9173, -2.6882 -1.9291 3.7911, -2.8403 -1.9291 3.8319, -2.8524 -1.9291 3.7402, 0.9272 -1.1417 0.2362, 0.9272 0.0787 0.2362, 1.0847 -1.1417 0.2362, 1.0847 0.0787 0.2362, 1.0847 -1.7717 0.2362, 1.0847 -1.9291 0.2362, 0.9272 -1.7717 0.2362, 0.9272 -1.9291 0.2362, 0.9272 0.7087 0.2362, 0.9272 2.0079 0.2362, 1.0847 0.7087 0.2362, 1.0847 2.0079 0.2362, -2.8524 -0.0646 0.2362, -2.8524 -0.0335 0.2362, -2.6949 0.0787 0.2362, -2.8524 0.0275 0.2362, -2.8524 0.0787 0.2362, -2.6949 -1.1417 0.2362, -2.8524 -1.1417 0.2362, -2.8524 -0.2318 0.2362, -2.8524 -0.1896 0.2362, -2.8524 -0.1384 0.2362, -2.6949 -1.9291 0.2362, -2.8524 -1.9291 0.2362, -2.6949 -1.7717 0.2362, -2.8524 -1.7717 0.2362, -2.6949 -1.0878 1.0304, -2.6949 -1.9291 1.0304, -2.6949 2.0079 3.7402, -2.6949 -1.0878 1.7396, -2.6949 -1.0878 1.6051, -2.6949 -1.7669 -0.6358, -2.6949 -1.7611 -0.6482, -2.6949 -1.1523 -0.6482, -2.6949 -1.0878 1.5599, -2.6949 0.0787 -0.6088, -2.6949 0.6981 -0.6482, -2.6949 0.7039 -0.6358, -2.6949 -1.1465 -0.6358, -2.6949 -1.1429 -0.6225, -2.6949 -1.7717 -0.6088, -2.6949 -1.1417 -0.6088, -2.6949 -1.7705 -0.6225, -2.6949 -1.5444 -0.9449, -2.6949 -1.6126 -0.9055, -2.6949 2.0079 0.2362, -2.6949 0.7087 0.2362, -2.6949 0.7087 -0.6088, -2.6949 0.7075 -0.6225, -2.6949 -1.3297 -0.9343, -2.6949 -1.3134 -0.9218, -2.6949 -1.3009 -0.9055, -2.6949 0.0893 -0.6482, -2.6949 0.2378 -0.9055, -2.6949 0.306 -0.9449, -2.6949 -1.6 -0.9218, -2.6949 -1.5837 -0.9343, -2.6949 -1.5647 -0.9422, -2.6949 0.0814 -0.6292, -2.6949 0.4813 -0.9449, -2.6949 0.5495 -0.9055, -2.6949 -1.369 -0.9449, -2.6949 -1.3487 -0.9422, -2.6949 0.2504 -0.9218, -2.6949 0.2667 -0.9343, -2.6949 0.2857 -0.9422, -2.6949 0.5017 -0.9422, -2.6949 0.5207 -0.9343, -2.6949 0.537 -0.9218, -2.8524 2.0079 0.2362, -2.8524 1.4723 0.2362, -2.8524 0.7087 0.2362, -2.8524 2.0079 3.7402, -2.8524 1.4723 3.7402, -2.8403 2.0079 3.8319, -2.8524 0.2768 3.7402, -2.8524 0.1484 3.7402, -2.8524 0.0275 3.7402, -2.8524 0.1404 3.7402, -2.8524 -0.0335 3.7402, -2.8524 -0.0646 3.7402, -2.8524 -0.1384 3.7402, -2.8524 -0.1896 3.7402, -2.8524 -0.2318 3.7402, -2.8049 2.0079 3.9173, -2.7486 2.0079 3.9907, -2.6752 2.0079 4.047, -2.5897 2.0079 4.0824, -2.498 2.0079 4.0945, 0.8091 2.0079 4.0945, 0.8804 2.0079 4.0851, 0.9469 2.0079 4.0576, 1.0039 2.0079 4.0138, 1.0477 2.0079 3.9567, 1.0753 2.0079 3.8902, 1.0847 2.0079 3.8189, 1.0847 -1.0878 1.2537, 1.0847 -1.9291 1.2537, 1.0847 0.6981 -0.6482, 1.0847 0.706 -0.6292, 1.0847 0.7087 -0.6088, 1.0847 -1.0878 1.7396, 1.0847 -1.7669 -0.6358, 1.0847 -1.7611 -0.6482, 1.0847 -1.1523 -0.6482, 1.0847 -1.1465 -0.6358, 1.0847 -1.7717 -0.6088, 1.0847 -1.7705 -0.6225, 1.0847 -1.1429 -0.6225, 1.0847 -1.1417 -0.6088, 1.0847 0.0787 -0.6088, 1.0847 0.0799 -0.6225, 1.0847 0.0835 -0.6358, 1.0847 -1.6126 -0.9055, 1.0847 -1.6 -0.9218, 1.0847 -1.5444 -0.9449, 1.0847 -1.5837 -0.9343, 1.0847 -1.5647 -0.9422, 1.0847 0.5495 -0.9055, 1.0847 0.4813 -0.9449, 1.0847 0.306 -0.9449, 1.0847 -1.3297 -0.9343, 1.0847 -1.3134 -0.9218, 1.0847 -1.3487 -0.9422, 1.0847 -1.3009 -0.9055, 1.0847 -1.369 -0.9449, 1.0847 0.0893 -0.6482, 1.0847 0.2378 -0.9055, 1.0847 0.2504 -0.9218, 1.0847 0.537 -0.9218, 1.0847 0.5017 -0.9422, 1.0847 0.5207 -0.9343, 1.0847 0.2667 -0.9343, 1.0847 0.2857 -0.9422, 0.9272 -1.9291 1.0304, 0.9272 -1.0878 1.7396, 0.9272 2.0079 3.8189, 0.9272 -1.6126 -0.9055, 0.9272 -1.7611 -0.6482, 0.9272 -1.5444 -0.9449, 0.9272 -1.7717 -0.6088, 0.9272 -1.1417 -0.6088, 0.9272 -1.1429 -0.6225, 0.9272 -1.369 -0.9449, 0.9272 -1.1523 -0.6482, 0.9272 -1.7669 -0.6358, 0.9272 -1.1465 -0.6358, 0.9272 -1.7705 -0.6225, 0.9272 -1.0878 1.0304, 0.9272 -1.0878 1.5599, 0.9272 -1.0878 1.6051, 0.9272 0.2378 -0.9055, 0.9272 0.0893 -0.6482, 0.9272 0.7087 -0.6088, 0.9272 0.0835 -0.6358, 0.9272 -1.5647 -0.9422, 0.9272 -1.5837 -0.9343, 0.9272 -1.6 -0.9218, 0.9272 0.706 -0.6292, 0.9272 0.6981 -0.6482, 0.9272 0.0787 -0.6088, 0.9272 0.0799 -0.6225, 0.9272 -1.3009 -0.9055, 0.9272 -1.3487 -0.9422, 0.9272 -1.3134 -0.9218, 0.9272 -1.3297 -0.9343, 0.9272 0.5495 -0.9055, 0.9272 0.4813 -0.9449, 0.9272 0.306 -0.9449, 0.9272 0.2857 -0.9422, 0.9272 0.537 -0.9218, 0.9272 0.5207 -0.9343, 0.9272 0.5017 -0.9422, 0.9272 0.2667 -0.9343, 0.9272 0.2504 -0.9218, 0.9231 2.0079 3.8495, 0.9113 2.0079 3.878, 0.8926 2.0079 3.9024, 0.8681 2.0079 3.9212, 0.8396 2.0079 3.933, 0.8091 2.0079 3.937, -2.498 2.0079 3.937, -2.549 2.0079 3.9303, -2.5964 2.0079 3.9106, -2.6372 2.0079 3.8794, -2.6685 2.0079 3.8386, -2.6882 2.0079 3.7911, -2.8524 2.0079 0.69, -2.8524 2.0079 0.7428, -2.8524 2.0079 0.9154, -2.8524 2.0079 1.0902, -2.8524 2.0079 2.4325, -2.7736 -1.9291 1.0304, -2.8524 -1.9291 0.9154, -2.8524 -1.9291 0.69, -2.8524 -1.9291 0.7428, -2.6843 -1.9291 1.6025, -2.7607 -1.9291 1.6215, -2.7736 -1.9291 1.244, -2.8524 -1.9291 1.2537, -2.8524 -1.9291 1.0902, -2.8524 0.0787 -0.6088, -2.8524 0.0814 -0.6292, -2.8524 0.0893 -0.6482, -2.8524 0.2378 -0.9055, -2.8524 0.1484 -0.7506, -2.8524 0.1404 -0.7367, -2.8524 0.2504 -0.9218, -2.8524 0.2667 -0.9343, -2.8524 0.2768 -0.9385, -2.8524 0.2857 -0.9422, -2.8524 0.306 -0.9449, -2.8524 0.4813 -0.9449, -2.8524 0.5017 -0.9422, -2.8524 0.5207 -0.9343, -2.8524 0.537 -0.9218, -2.8524 0.5495 -0.9055, -2.8524 0.6981 -0.6482, -2.8524 0.7039 -0.6358, -2.8524 0.7075 -0.6225, -2.8524 0.7087 -0.6088, -2.8524 -1.1417 -0.6088, -2.8524 -1.7717 -0.6088, -2.8524 -1.7705 -0.6225, -2.8524 -1.7669 -0.6358, -2.8524 -1.7611 -0.6482, -2.8524 -1.6126 -0.9055, -2.8524 -1.6 -0.9218, -2.8524 -1.5837 -0.9343, -2.8524 -1.5647 -0.9422, -2.8524 -1.5444 -0.9449, -2.8524 -1.369 -0.9449, -2.8524 -1.3487 -0.9422, -2.8524 -1.3297 -0.9343, -2.8524 -1.3134 -0.9218, -2.8524 -1.3009 -0.9055, -2.8524 -1.1523 -0.6482, -2.8524 -1.1465 -0.6358, -2.8524 -1.1429 -0.6225
            ]
        }
        coordIndex [
            0,1,2,-1,2,1,3,-1,4,5,6,-1,6,5,7,-1,6,7,8,-1,8,7,9,-1,8,9,10,-1,10,9,11,-1,10,11,12,-1,12,11,13,-1,12,13,14,-1,14,13,15,-1,14,15,16,-1,16,15,17,-1,16,17,18,-1,18,17,19,-1,18,19,20,-1,20,19,21,-1,20,21,22,-1,22,21,23,-1,22,23,24,-1,24,23,25,-1,24,25,26,-1,26,25,27,-1,26,27,28,-1,28,27,29,-1,28,29,30,-1,30,29,31,-1,30,31,3,-1,3,31,32,-1,3,32,2,-1,33,34,35,-1,35,34,36,-1,37,38,39,-1,39,38,40,-1,41,42,43,-1,43,42,44,-1,45,46,47,-1,47,46,48,-1,47,48,49,-1,50,51,47,-1,47,51,52,-1,52,53,47,-1,47,53,54,-1,47,54,45,-1,55,56,57,-1,57,56,58,-1,59,60,55,-1,3,1,61,-1,61,1,62,-1,61,62,63,-1,64,65,66,-1,55,57,59,-1,59,57,61,-1,59,61,67,-1,67,61,63,-1,68,69,70,-1,71,72,73,-1,73,72,74,-1,73,74,57,-1,57,74,50,-1,57,50,61,-1,61,50,47,-1,71,73,66,-1,66,73,75,-1,66,75,64,-1,76,65,77,-1,78,61,79,-1,79,61,47,-1,79,47,80,-1,80,47,68,-1,80,68,81,-1,81,68,70,-1,82,83,84,-1,85,86,87,-1,77,88,76,-1,76,88,89,-1,76,89,90,-1,91,85,68,-1,68,85,87,-1,68,87,69,-1,69,87,92,-1,69,92,93,-1,65,76,66,-1,66,76,94,-1,66,94,84,-1,84,94,95,-1,84,95,82,-1,86,96,87,-1,87,96,97,-1,87,97,98,-1,99,100,92,-1,92,100,101,-1,92,101,93,-1,102,78,103,-1,103,78,79,-1,103,79,104,-1,105,106,107,-1,107,106,108,-1,107,108,109,-1,110,31,111,-1,111,31,109,-1,110,112,31,-1,31,112,113,-1,31,113,114,-1,114,115,31,-1,31,115,116,-1,31,116,32,-1,109,31,107,-1,107,31,29,-1,107,29,117,-1,117,29,27,-1,117,27,118,-1,118,27,25,-1,118,25,119,-1,119,25,23,-1,119,23,120,-1,120,23,21,-1,120,21,121,-1,122,121,19,-1,19,121,21,-1,122,19,17,-1,122,17,123,-1,123,17,15,-1,123,15,124,-1,124,15,13,-1,124,13,125,-1,125,13,11,-1,125,11,126,-1,126,11,9,-1,126,9,127,-1,127,9,7,-1,127,7,128,-1,43,44,128,-1,129,130,38,-1,128,7,5,-1,131,132,133,-1,5,134,128,-1,128,134,129,-1,128,129,37,-1,37,129,38,-1,135,136,137,-1,138,139,137,-1,137,139,140,-1,137,140,135,-1,138,141,139,-1,139,141,142,-1,139,142,37,-1,37,142,35,-1,37,35,128,-1,128,35,36,-1,128,36,43,-1,43,36,133,-1,36,143,133,-1,133,143,144,-1,133,144,145,-1,146,147,148,-1,148,147,149,-1,148,149,150,-1,151,131,152,-1,152,131,133,-1,152,133,153,-1,154,155,156,-1,156,155,157,-1,156,157,158,-1,158,157,137,-1,158,137,148,-1,148,137,136,-1,148,136,146,-1,145,159,133,-1,133,159,160,-1,133,160,161,-1,151,152,162,-1,162,152,163,-1,162,163,164,-1,161,165,133,-1,133,165,166,-1,133,166,153,-1,34,33,167,-1,4,6,168,-1,168,6,169,-1,170,171,172,-1,40,167,39,-1,39,167,33,-1,39,33,173,-1,173,33,174,-1,173,174,175,-1,172,171,176,-1,177,171,178,-1,175,179,173,-1,173,179,177,-1,173,177,180,-1,180,177,178,-1,181,182,41,-1,169,42,168,-1,168,42,41,-1,168,41,183,-1,183,41,182,-1,184,185,186,-1,186,185,187,-1,188,189,172,-1,172,189,190,-1,172,190,170,-1,186,191,192,-1,167,181,34,-1,34,181,41,-1,34,41,193,-1,193,41,186,-1,193,186,194,-1,194,186,187,-1,171,177,176,-1,176,177,195,-1,176,195,196,-1,196,195,197,-1,196,197,198,-1,192,199,200,-1,192,200,186,-1,186,200,201,-1,186,201,202,-1,199,203,200,-1,200,203,204,-1,200,204,205,-1,202,206,186,-1,186,206,207,-1,186,207,184,-1,169,6,208,-1,208,6,8,-1,208,8,209,-1,209,8,10,-1,209,10,210,-1,210,10,12,-1,210,12,211,-1,211,12,14,-1,211,14,212,-1,212,14,16,-1,212,16,213,-1,213,16,18,-1,214,213,20,-1,20,213,18,-1,214,20,215,-1,215,20,22,-1,215,22,216,-1,216,22,24,-1,216,24,217,-1,217,24,26,-1,217,26,218,-1,218,26,28,-1,218,28,219,-1,219,28,30,-1,219,30,61,-1,61,30,3,-1,102,220,78,-1,78,220,221,-1,78,221,222,-1,222,223,78,-1,78,223,224,-1,78,224,61,-1,61,224,105,-1,61,105,219,-1,219,105,107,-1,219,107,218,-1,218,107,117,-1,218,117,217,-1,217,117,118,-1,217,118,216,-1,216,118,119,-1,216,119,215,-1,215,119,120,-1,215,120,214,-1,214,120,121,-1,214,121,213,-1,213,121,122,-1,213,122,212,-1,212,122,123,-1,212,123,211,-1,211,123,124,-1,211,124,210,-1,210,124,125,-1,210,125,209,-1,209,125,126,-1,209,126,208,-1,208,126,127,-1,208,127,169,-1,169,127,128,-1,169,128,42,-1,42,128,44,-1,60,225,226,-1,56,55,227,-1,227,55,60,-1,227,60,228,-1,228,60,226,-1,229,230,231,-1,231,230,232,-1,231,232,225,-1,225,232,233,-1,225,233,226,-1,68,47,234,-1,234,47,49,-1,68,234,235,-1,68,235,91,-1,91,235,236,-1,91,236,85,-1,237,86,238,-1,238,86,85,-1,238,85,239,-1,239,85,236,-1,86,237,240,-1,86,240,96,-1,96,240,241,-1,96,241,97,-1,97,241,242,-1,97,242,98,-1,242,243,98,-1,98,243,244,-1,98,244,87,-1,92,87,245,-1,245,87,244,-1,92,245,246,-1,92,246,99,-1,99,246,247,-1,99,247,100,-1,100,247,248,-1,100,248,101,-1,101,248,249,-1,101,249,93,-1,69,93,250,-1,250,93,249,-1,69,250,251,-1,69,251,70,-1,70,251,252,-1,70,252,81,-1,81,252,253,-1,81,253,80,-1,79,80,104,-1,104,80,253,-1,50,74,51,-1,51,74,254,-1,73,57,255,-1,255,57,58,-1,73,255,256,-1,73,256,75,-1,75,256,257,-1,75,257,64,-1,64,257,258,-1,64,258,65,-1,77,65,259,-1,259,65,258,-1,77,259,260,-1,77,260,88,-1,88,260,261,-1,88,261,89,-1,89,261,262,-1,89,262,90,-1,90,262,263,-1,90,263,76,-1,94,76,264,-1,264,76,263,-1,94,264,265,-1,94,265,95,-1,95,265,266,-1,95,266,82,-1,82,266,267,-1,82,267,83,-1,83,267,268,-1,83,268,84,-1,66,84,269,-1,269,84,268,-1,66,269,270,-1,66,270,71,-1,71,270,271,-1,71,271,72,-1,72,271,254,-1,72,254,74,-1,186,41,133,-1,133,41,43,-1,186,133,132,-1,186,132,191,-1,191,132,131,-1,191,131,192,-1,199,192,151,-1,151,192,131,-1,199,151,162,-1,199,162,203,-1,203,162,164,-1,203,164,204,-1,204,164,163,-1,204,163,205,-1,205,163,152,-1,205,152,200,-1,201,200,153,-1,153,200,152,-1,201,153,166,-1,201,166,202,-1,202,166,165,-1,202,165,206,-1,206,165,161,-1,206,161,207,-1,207,161,160,-1,207,160,184,-1,185,184,159,-1,159,184,160,-1,185,159,145,-1,185,145,187,-1,187,145,144,-1,187,144,194,-1,194,144,143,-1,194,143,193,-1,34,193,36,-1,36,193,143,-1,174,33,142,-1,142,33,35,-1,174,142,141,-1,174,141,175,-1,175,141,138,-1,175,138,179,-1,179,138,137,-1,179,137,177,-1,195,177,157,-1,157,177,137,-1,195,157,155,-1,195,155,197,-1,197,155,154,-1,197,154,198,-1,198,154,156,-1,198,156,196,-1,196,156,158,-1,196,158,176,-1,172,176,148,-1,148,176,158,-1,172,148,150,-1,172,150,188,-1,188,150,149,-1,188,149,189,-1,189,149,147,-1,189,147,190,-1,190,147,146,-1,190,146,170,-1,171,170,136,-1,136,170,146,-1,171,136,135,-1,171,135,178,-1,178,135,140,-1,178,140,180,-1,180,140,139,-1,180,139,173,-1,39,173,37,-1,37,173,139,-1,
        ]
    }
}
Shape{
    appearance Appearance {
        material  Material 	{
            diffuseColor 0.2235294117647059 0.2235294117647059 0.2235294117647059
            specularColor 0.11372549019607843 0.11372549019607843 0.11372549019607843
            ambientIntensity 0.2235
            transparency 0.0
            shininess 0.5
        }
    }
    geometry IndexedFaceSet {
        ccw TRUE
        solid FALSE
        coord DEF co Coordinate {
            point [
                -2.6949 -1.0878 1.6051, -2.6949 -1.0878 1.7396, -2.7607 -1.0878 1.6215, -2.8524 -1.0878 1.7396, -2.8524 -1.0878 1.2537, -2.8524 -1.9291 1.7396, -2.6949 -1.9291 1.7396
            ]
        }
        coordIndex [
            0,1,2,-1,2,1,3,-1,2,3,4,-1,3,1,5,-1,5,1,6,-1,
        ]
    }
}
Shape{
    appearance Appearance {
        material  Material 	{
            diffuseColor 1.0 1.0 1.0
            specularColor 0.5019607843137255 0.5019607843137255 0.5019607843137255
            ambientIntensity 1.0
            transparency 0.0
            shininess 0.5
        }
    }
    geometry IndexedFaceSet {
        ccw TRUE
        solid FALSE
        coord DEF co Coordinate {
            point [
                -2.6949 -1.0878 1.6051, -2.6843 -1.0878 1.6025, -2.6949 -1.0878 1.5599, -2.7736 -1.9291 1.0304, -2.7736 -1.0878 1.0304, -2.7736 -1.9291 1.244, -2.7736 -1.0878 1.244, -2.7607 -1.0878 1.6215, -2.8524 -1.0878 1.2537, -2.7607 -1.9291 1.6215, -2.8524 -1.9291 1.2537, -2.6843 -1.9291 1.6025
            ]
        }
        coordIndex [
            0,1,2,-1,3,4,5,-1,5,4,6,-1,7,8,9,-1,9,8,10,-1,7,9,0,-1,0,9,11,-1,0,11,1,-1,1,11,2,-1,2,11,5,-1,2,5,6,-1,
        ]
    }
}
Shape{
    appearance Appearance {
        material  Material 	{
            diffuseColor 0.2235294117647059 0.2235294117647059 0.2235294117647059
            specularColor 0.11372549019607843 0.11372549019607843 0.11372549019607843
            ambientIntensity 0.2235
            transparency 0.0
            shininess 0.5
        }
    }
    geometry IndexedFaceSet {
        ccw TRUE
        solid FALSE
        coord DEF co Coordinate {
            point [
                0.9272 -1.0878 1.7396, 0.9272 -1.0878 1.6051, 1.0847 -1.0878 1.7396, 0.993 -1.0878 1.6215, 1.0847 -1.0878 1.2537, 1.0059 -1.0878 1.0304, 0.9272 -1.0878 1.0304, 1.0059 -1.9291 1.0304, 0.9272 -1.9291 1.0304, 1.0847 -1.9291 1.7396, 0.9272 -1.9291 1.7396
            ]
        }
        coordIndex [
            0,1,2,-1,2,1,3,-1,2,3,4,-1,5,6,7,-1,7,6,8,-1,9,10,2,-1,2,10,0,-1,
        ]
    }
}
Shape{
    appearance Appearance {
        material  Material 	{
            diffuseColor 1.0 1.0 1.0
            specularColor 0.5019607843137255 0.5019607843137255 0.5019607843137255
            ambientIntensity 1.0
            transparency 0.0
            shininess 0.5
        }
    }
    geometry IndexedFaceSet {
        ccw TRUE
        solid FALSE
        coord DEF co Coordinate {
            point [
                0.9272 -1.0878 1.5599, 0.9166 -1.0878 1.6025, 0.9272 -1.0878 1.6051, 1.0059 -1.0878 1.244, 1.0059 -1.0878 1.0304, 1.0059 -1.9291 1.244, 1.0059 -1.9291 1.0304, 0.9166 -1.9291 1.6025, 0.993 -1.9291 1.6215, 0.993 -1.0878 1.6215, 1.0847 -1.9291 1.2537, 1.0847 -1.0878 1.2537
            ]
        }
        coordIndex [
            0,1,2,-1,3,4,5,-1,5,4,6,-1,3,5,0,-1,0,5,7,-1,0,7,1,-1,1,7,2,-1,2,7,8,-1,2,8,9,-1,10,11,8,-1,8,11,9,-1,
        ]
    }
}
Shape{
    appearance Appearance {
        material  Material 	{
            diffuseColor 0.0 0.0 0.0
            specularColor 0.0 0.0 0.0
            ambientIntensity 0.0
            transparency 0.0
            shininess 0.5
        }
    }
    geometry IndexedFaceSet {
        ccw TRUE
        solid FALSE
        coord DEF co Coordinate {
            point [
                -2.8563 0.1518 0.9709, -2.8563 0.1518 0.9557, -2.8524 0.1518 0.9709, -2.8524 0.1518 0.9557, -2.8563 0.205 0.9709, -2.8524 0.205 0.9709, -2.8563 0.205 1.0891, -2.8524 0.205 1.0891, -2.8563 0.2222 1.0891, -2.8524 0.2222 1.0891, -2.8563 0.2222 0.9557, -2.8524 0.2222 0.9557, -2.8563 0.0834 0.9534, -2.8524 0.0834 0.9534, -2.8524 0.0631 0.9554, -2.8563 0.0631 0.9554, -2.8524 0.0487 0.9601, -2.8563 0.0487 0.9601, -2.8524 0.0464 0.9612, -2.8563 0.0464 0.9612, -2.8563 0.0464 0.9777, -2.8524 0.0464 0.9777, -2.8524 0.0596 0.9718, -2.8563 0.0596 0.9718, -2.8524 0.0747 0.969, -2.8563 0.0747 0.969, -2.8524 0.0809 0.9688, -2.8563 0.0809 0.9688, -2.8524 0.0943 0.9704, -2.8563 0.0943 0.9704, -2.8524 0.1038 0.974, -2.8563 0.1038 0.974, -2.8524 0.1125 0.9802, -2.8563 0.1125 0.9802, -2.8524 0.1152 0.9828, -2.8563 0.1152 0.9828, -2.8524 0.1211 0.9908, -2.8563 0.1211 0.9908, -2.8524 0.1256 1.0014, -2.8563 0.1256 1.0014, -2.8524 0.128 1.0144, -2.8563 0.128 1.0144, -2.8524 0.1283 1.0209, -2.8563 0.1283 1.0209, -2.8524 0.1261 1.0393, -2.8563 0.1261 1.0393, -2.8524 0.1216 1.0508, -2.8563 0.1216 1.0508, -2.8524 0.1151 1.06, -2.8563 0.1151 1.06, -2.8524 0.1143 1.061, -2.8563 0.1143 1.061, -2.8524 0.1064 1.0677, -2.8563 0.1064 1.0677, -2.8524 0.096 1.0729, -2.8563 0.096 1.0729, -2.8524 0.0846 1.0755, -2.8563 0.0846 1.0755, -2.8524 0.0779 1.0758, -2.8563 0.0779 1.0758, -2.8524 0.0615 1.0738, -2.8563 0.0615 1.0738, -2.8524 0.0479 1.0687, -2.8563 0.0479 1.0687, -2.8524 0.0464 1.0679, -2.8563 0.0464 1.0679, -2.8563 0.0464 1.0859, -2.8524 0.0464 1.0859, -2.8524 0.0781 1.0914, -2.8563 0.0781 1.0914, -2.8524 0.0637 1.0902, -2.8563 0.0606 1.09, -2.8524 0.0606 1.09, -2.8524 0.0873 1.0902, -2.8563 0.0974 1.089, -2.8524 0.0974 1.089, -2.8524 0.1113 1.0836, -2.8563 0.1113 1.0836, -2.8524 0.1238 1.0748, -2.8563 0.1238 1.0748, -2.8524 0.1271 1.0717, -2.8563 0.1271 1.0717, -2.8524 0.1368 1.0591, -2.8524 0.1404 1.0506, -2.8563 0.1431 1.0443, -2.8563 0.1368 1.0591, -2.8524 0.1431 1.0443, -2.8524 0.1461 1.0268, -2.8563 0.1461 1.0268, -2.8524 0.1464 1.0199, -2.8563 0.1464 1.0199, -2.8524 0.1437 0.9981, -2.8524 0.1404 0.9896, -2.8563 0.1383 0.9842, -2.8563 0.1437 0.9981, -2.8524 0.1383 0.9842, -2.8524 0.1303 0.9728, -2.8563 0.1303 0.9728, -2.8524 0.1292 0.9716, -2.8563 0.1292 0.9716, -2.8524 0.1185 0.9627, -2.8563 0.1185 0.9627, -2.8524 0.1059 0.9568, -2.8563 0.1059 0.9568, -2.8524 0.0915 0.9538, -2.8563 0.0915 0.9538, -2.8563 -0.052 0.9709, -2.8563 -0.052 0.9557, -2.8524 -0.052 0.9709, -2.8524 -0.052 0.9557, -2.8524 0.0025 0.9709, -2.8563 0.0025 0.9709, -2.8524 -0.0335 0.9709, -2.8563 0.0025 1.0158, -2.8524 0.0025 1.0158, -2.8563 -0.0452 1.0158, -2.8524 -0.0335 1.0158, -2.8524 -0.0452 1.0158, -2.8563 -0.0452 1.0311, -2.8524 -0.0452 1.0311, -2.8524 0.0025 1.0311, -2.8563 0.0025 1.0311, -2.8524 -0.0335 1.0311, -2.8563 0.0025 1.0738, -2.8524 0.0025 1.0738, -2.8524 -0.049 1.0738, -2.8563 -0.049 1.0738, -2.8524 -0.0335 1.0738, -2.8563 -0.049 1.0891, -2.8524 -0.049 1.0891, -2.8524 0.0197 1.0891, -2.8563 0.0197 1.0891, -2.8524 -0.0335 1.0891, -2.8563 0.0197 0.9557, -2.8524 0.0197 0.9557, -2.8524 -0.0335 0.9557, -2.8563 -0.1658 0.9744, -2.8563 -0.152 0.9834, -2.8563 -0.1518 0.9644, -2.8563 -0.1434 0.9774, -2.8563 -0.1366 0.9584, -2.8563 -0.1324 0.9731, -2.8563 -0.1139 0.9557, -2.8563 -0.1138 0.9709, -2.8563 -0.0772 0.9557, -2.8563 -0.0945 0.9709, -2.8563 -0.0772 1.0891, -2.8563 -0.0945 1.0738, -2.8563 -0.1153 1.0891, -2.8563 -0.1146 1.0738, -2.8563 -0.1165 1.0737, -2.8563 -0.1357 1.0869, -2.8563 -0.1334 1.0715, -2.8563 -0.1518 1.081, -2.8563 -0.1447 1.067, -2.8563 -0.1658 1.0714, -2.8563 -0.1531 1.0612, -2.8563 -0.1705 1.0669, -2.8563 -0.1568 1.0576, -2.8563 -0.1787 1.0552, -2.8563 -0.162 1.0501, -2.8563 -0.1837 1.0425, -2.8563 -0.1658 1.0403, -2.8563 -0.1859 1.0241, -2.8563 -0.1678 1.0236, -2.8563 -0.1855 1.0156, -2.8563 -0.1672 1.014, -2.8563 -0.1823 1.0, -2.8563 -0.1644 1.002, -2.8563 -0.1757 0.9862, -2.8563 -0.1597 0.9923, -2.8563 -0.1535 0.9848, -2.8524 -0.1139 0.9557, -2.8524 -0.0772 0.9557, -2.8524 -0.1658 0.9744, -2.8524 -0.1366 0.9584, -2.8524 -0.1384 0.9591, -2.8524 -0.1518 0.9644, -2.8524 -0.1757 0.9862, -2.8524 -0.1823 1.0, -2.8524 -0.1855 1.0156, -2.8524 -0.1859 1.0241, -2.8524 -0.1837 1.0425, -2.8524 -0.1787 1.0552, -2.8524 -0.1705 1.0669, -2.8524 -0.1658 1.0714, -2.8524 -0.1518 1.081, -2.8524 -0.1384 1.0859, -2.8524 -0.1357 1.0869, -2.8524 -0.1153 1.0891, -2.8524 -0.0772 1.0891, -2.8524 -0.1146 1.0738, -2.8524 -0.0945 1.0738, -2.8524 -0.0945 0.9709, -2.8524 -0.1138 0.9709, -2.8524 -0.1535 0.9848, -2.8524 -0.152 0.9834, -2.8524 -0.1434 0.9774, -2.8524 -0.1324 0.9731, -2.8524 -0.1678 1.0236, -2.8524 -0.1672 1.014, -2.8524 -0.1644 1.002, -2.8524 -0.1597 0.9923, -2.8524 -0.1531 1.0612, -2.8524 -0.1568 1.0576, -2.8524 -0.162 1.0501, -2.8524 -0.1658 1.0403, -2.8524 -0.1165 1.0737, -2.8524 -0.1334 1.0715, -2.8524 -0.1447 1.067
            ]
        }
        coordIndex [
            0,1,2,-1,2,1,3,-1,4,0,5,-1,5,0,2,-1,6,4,7,-1,7,4,5,-1,8,6,9,-1,9,6,7,-1,10,8,11,-1,11,8,9,-1,1,10,3,-1,3,10,11,-1,6,8,4,-1,4,8,10,-1,4,10,0,-1,0,10,1,-1,12,13,14,-1,12,14,15,-1,15,14,16,-1,15,16,17,-1,17,16,18,-1,17,18,19,-1,20,19,21,-1,21,19,18,-1,20,21,22,-1,20,22,23,-1,23,22,24,-1,23,24,25,-1,25,24,26,-1,25,26,27,-1,27,26,28,-1,27,28,29,-1,29,28,30,-1,29,30,31,-1,31,30,32,-1,31,32,33,-1,33,32,34,-1,33,34,35,-1,35,34,36,-1,35,36,37,-1,37,36,38,-1,37,38,39,-1,39,38,40,-1,39,40,41,-1,41,40,42,-1,41,42,43,-1,43,42,44,-1,43,44,45,-1,45,44,46,-1,45,46,47,-1,47,46,48,-1,47,48,49,-1,49,48,50,-1,49,50,51,-1,51,50,52,-1,51,52,53,-1,53,52,54,-1,53,54,55,-1,55,54,56,-1,55,56,57,-1,57,56,58,-1,57,58,59,-1,59,58,60,-1,59,60,61,-1,61,60,62,-1,61,62,63,-1,63,62,64,-1,63,64,65,-1,66,65,67,-1,67,65,64,-1,68,69,70,-1,70,69,71,-1,70,71,72,-1,72,71,66,-1,72,66,67,-1,69,68,73,-1,69,73,74,-1,73,75,74,-1,74,75,76,-1,74,76,77,-1,77,76,78,-1,77,78,79,-1,79,78,80,-1,79,80,81,-1,81,80,82,-1,83,84,82,-1,82,84,85,-1,82,85,81,-1,83,86,84,-1,84,86,87,-1,84,87,88,-1,88,87,89,-1,88,89,90,-1,90,89,91,-1,92,93,91,-1,91,93,94,-1,91,94,90,-1,92,95,93,-1,93,95,96,-1,93,96,97,-1,97,96,98,-1,97,98,99,-1,99,98,100,-1,99,100,101,-1,101,100,102,-1,101,102,103,-1,103,102,104,-1,103,104,105,-1,105,104,13,-1,105,13,12,-1,53,55,74,-1,45,47,85,-1,85,47,81,-1,74,55,69,-1,55,57,69,-1,69,57,59,-1,69,59,71,-1,71,59,61,-1,71,61,66,-1,66,61,63,-1,66,63,65,-1,19,20,17,-1,17,20,23,-1,17,23,15,-1,15,23,25,-1,15,25,12,-1,12,25,27,-1,12,27,105,-1,105,27,29,-1,105,29,103,-1,103,29,31,-1,103,31,101,-1,101,31,33,-1,101,33,99,-1,99,33,35,-1,99,35,97,-1,97,35,37,-1,97,37,93,-1,90,43,88,-1,88,43,45,-1,88,45,84,-1,84,45,85,-1,47,49,81,-1,81,49,51,-1,81,51,79,-1,79,51,53,-1,79,53,77,-1,77,53,74,-1,93,37,94,-1,94,37,39,-1,94,39,90,-1,90,39,41,-1,90,41,43,-1,106,107,108,-1,108,107,109,-1,110,111,112,-1,112,111,106,-1,112,106,108,-1,113,111,114,-1,114,111,110,-1,113,114,115,-1,115,114,116,-1,115,116,117,-1,118,115,119,-1,119,115,117,-1,120,121,122,-1,122,121,118,-1,122,118,119,-1,123,121,124,-1,124,121,120,-1,125,126,127,-1,127,126,123,-1,127,123,124,-1,128,126,129,-1,129,126,125,-1,130,131,132,-1,132,131,128,-1,132,128,129,-1,133,131,134,-1,134,131,130,-1,109,107,135,-1,135,107,133,-1,135,133,134,-1,133,107,106,-1,106,111,133,-1,133,111,113,-1,133,113,131,-1,126,128,123,-1,123,128,131,-1,123,131,121,-1,121,131,113,-1,121,113,118,-1,118,113,115,-1,136,137,138,-1,138,137,139,-1,138,139,140,-1,140,139,141,-1,140,141,142,-1,142,141,143,-1,142,143,144,-1,144,143,145,-1,144,145,146,-1,146,145,147,-1,146,147,148,-1,147,149,148,-1,148,149,150,-1,148,150,151,-1,151,150,152,-1,151,152,153,-1,153,152,154,-1,153,154,155,-1,155,154,156,-1,155,156,157,-1,157,156,158,-1,157,158,159,-1,159,158,160,-1,159,160,161,-1,161,160,162,-1,161,162,163,-1,163,162,164,-1,163,164,165,-1,165,164,166,-1,165,166,167,-1,167,166,168,-1,167,168,169,-1,169,168,170,-1,169,170,136,-1,136,170,171,-1,136,171,137,-1,142,144,172,-1,172,144,173,-1,174,136,138,-1,142,172,175,-1,142,175,140,-1,140,175,176,-1,140,176,138,-1,138,176,177,-1,138,177,174,-1,136,174,178,-1,136,178,169,-1,169,178,179,-1,169,179,167,-1,167,179,180,-1,167,180,165,-1,165,180,181,-1,165,181,163,-1,163,181,182,-1,163,182,161,-1,161,182,183,-1,161,183,159,-1,159,183,184,-1,159,184,157,-1,157,184,185,-1,157,185,155,-1,155,185,186,-1,187,151,186,-1,186,151,153,-1,186,153,155,-1,187,188,151,-1,151,188,189,-1,151,189,148,-1,146,148,190,-1,190,148,189,-1,144,146,173,-1,173,146,190,-1,149,147,191,-1,191,147,192,-1,147,145,192,-1,192,145,193,-1,145,143,193,-1,193,143,194,-1,171,195,196,-1,171,196,137,-1,137,196,197,-1,137,197,139,-1,139,197,198,-1,139,198,141,-1,141,198,194,-1,141,194,143,-1,164,199,200,-1,164,200,166,-1,166,200,201,-1,166,201,168,-1,168,201,202,-1,168,202,170,-1,170,202,195,-1,170,195,171,-1,156,203,204,-1,156,204,158,-1,158,204,205,-1,158,205,160,-1,160,205,206,-1,160,206,162,-1,162,206,199,-1,162,199,164,-1,149,191,207,-1,149,207,150,-1,150,207,208,-1,150,208,152,-1,152,208,209,-1,152,209,154,-1,154,209,203,-1,154,203,156,-1,
        ]
    }
}
Shape{
    appearance Appearance {
        material  Material 	{
            diffuseColor 1.0 1.0 1.0
            specularColor 0.5019607843137255 0.5019607843137255 0.5019607843137255
            ambientIntensity 1.0
            transparency 0.0
            shininess 0.5
        }
    }
    geometry IndexedFaceSet {
        ccw TRUE
        solid FALSE
        coord DEF co Coordinate {
            point [
                -2.8524 -0.0945 1.0738, -2.8524 -0.0945 0.9709, -2.8524 -0.1146 1.0738, -2.8524 -0.1138 0.9709, -2.8524 -0.1165 1.0737, -2.8524 -0.1324 0.9731, -2.8524 -0.1434 0.9774, -2.8524 -0.152 0.9834, -2.8524 -0.1535 0.9848, -2.8524 -0.1597 0.9923, -2.8524 -0.1678 1.0236, -2.8524 -0.1531 1.0612, -2.8524 -0.1672 1.014, -2.8524 -0.1447 1.067, -2.8524 -0.1644 1.002, -2.8524 -0.1334 1.0715, -2.8524 -0.1658 1.0403, -2.8524 -0.162 1.0501, -2.8524 -0.1568 1.0576
            ]
        }
        coordIndex [
            0,1,2,-1,2,1,3,-1,2,3,4,-1,4,3,5,-1,4,5,6,-1,6,7,4,-1,4,7,8,-1,4,8,9,-1,10,11,12,-1,12,11,13,-1,9,14,4,-1,4,14,12,-1,4,12,15,-1,15,12,13,-1,16,17,10,-1,10,17,18,-1,10,18,11,-1,
        ]
    }
}
Shape{
    appearance Appearance {
        material  Material 	{
            diffuseColor 0.0 0.0 0.0
            specularColor 0.0 0.0 0.0
            ambientIntensity 0.0
            transparency 0.0
            shininess 0.5
        }
    }
    geometry IndexedFaceSet {
        ccw TRUE
        solid FALSE
        coord DEF co Coordinate {
            point [
                -2.8563 -0.2306 1.0072, -2.8563 -0.2252 0.9922, -2.8563 -0.2754 1.0072, -2.8563 -0.2807 0.9922, -2.8563 -0.2506 1.0627, -2.8563 -0.2441 1.0891, -2.8563 -0.1933 0.9557, -2.8563 -0.2123 0.9557, -2.8563 -0.2517 1.0667, -2.8563 -0.2528 1.0721, -2.8563 -0.2625 1.0891, -2.8563 -0.2532 1.0721, -2.8563 -0.2542 1.0664, -2.8563 -0.2552 1.0627, -2.8563 -0.3134 0.9557, -2.8563 -0.2943 0.9557, -2.8524 -0.2625 1.0891, -2.8524 -0.3134 0.9557, -2.8524 -0.2441 1.0891, -2.8524 -0.1933 0.9557, -2.8524 -0.2318 1.0566, -2.8524 -0.2123 0.9557, -2.8524 -0.2252 0.9922, -2.8524 -0.2807 0.9922, -2.8524 -0.2318 0.9922, -2.8524 -0.2943 0.9557, -2.8524 -0.2306 1.0072, -2.8524 -0.2754 1.0072, -2.8524 -0.2552 1.0627, -2.8524 -0.2532 1.0721, -2.8524 -0.2542 1.0664, -2.8524 -0.2528 1.0721, -2.8524 -0.2506 1.0627, -2.8524 -0.2517 1.0667
            ]
        }
        coordIndex [
            0,1,2,-1,2,1,3,-1,4,5,0,-1,0,5,6,-1,0,6,1,-1,1,6,7,-1,4,8,5,-1,5,8,9,-1,5,9,10,-1,10,9,11,-1,10,11,12,-1,12,13,10,-1,10,13,2,-1,10,2,14,-1,14,2,3,-1,14,3,15,-1,10,14,16,-1,16,14,17,-1,5,10,18,-1,18,10,16,-1,19,6,20,-1,20,6,5,-1,20,5,18,-1,7,6,21,-1,21,6,19,-1,1,7,22,-1,22,7,21,-1,23,3,24,-1,24,3,1,-1,24,1,22,-1,15,3,25,-1,25,3,23,-1,14,15,17,-1,17,15,25,-1,0,2,26,-1,26,2,27,-1,2,13,27,-1,27,13,28,-1,11,29,30,-1,11,30,12,-1,12,30,28,-1,12,28,13,-1,11,9,29,-1,29,9,31,-1,4,32,33,-1,4,33,8,-1,8,33,31,-1,8,31,9,-1,4,0,32,-1,32,0,26,-1,
        ]
    }
}
Shape{
    appearance Appearance {
        material  Material 	{
            diffuseColor 1.0 1.0 1.0
            specularColor 0.5019607843137255 0.5019607843137255 0.5019607843137255
            ambientIntensity 1.0
            transparency 0.0
            shininess 0.5
        }
    }
    geometry IndexedFaceSet {
        ccw TRUE
        solid FALSE
        coord DEF co Coordinate {
            point [
                -2.8524 -0.2532 1.0721, -2.8524 -0.2528 1.0721, -2.8524 -0.2542 1.0664, -2.8524 -0.2517 1.0667, -2.8524 -0.2552 1.0627, -2.8524 -0.2506 1.0627, -2.8524 -0.2754 1.0072, -2.8524 -0.2306 1.0072
            ]
        }
        coordIndex [
            0,1,2,-1,2,1,3,-1,2,3,4,-1,4,3,5,-1,4,5,6,-1,6,5,7,-1,
        ]
    }
}
Shape{
    appearance Appearance {
        material  Material 	{
            diffuseColor 0.0 0.0 0.0
            specularColor 0.0 0.0 0.0
            ambientIntensity 0.0
            transparency 0.0
            shininess 0.5
        }
    }
    geometry IndexedFaceSet {
        ccw TRUE
        solid FALSE
        coord DEF co Coordinate {
            point [
                -2.8563 0.1504 0.7592, -2.8563 0.1504 0.744, -2.8524 0.1504 0.7592, -2.8524 0.1504 0.744, -2.8563 0.205 0.7592, -2.8524 0.205 0.7592, -2.8563 0.205 0.8041, -2.8524 0.205 0.8041, -2.8563 0.1572 0.8041, -2.8524 0.1572 0.8041, -2.8563 0.1572 0.8193, -2.8524 0.1572 0.8193, -2.8563 0.205 0.8193, -2.8524 0.205 0.8193, -2.8563 0.205 0.8621, -2.8524 0.205 0.8621, -2.8563 0.1535 0.8621, -2.8524 0.1535 0.8621, -2.8563 0.1535 0.8774, -2.8524 0.1535 0.8774, -2.8563 0.2222 0.8774, -2.8524 0.2222 0.8774, -2.8563 0.2222 0.744, -2.8524 0.2222 0.744, -2.8563 0.0746 0.744, -2.8563 0.0578 0.744, -2.8563 0.0746 0.7587, -2.8563 0.0578 0.8053, -2.8563 0.1079 0.7861, -2.8563 0.0969 0.7888, -2.8563 0.0746 0.7918, -2.8563 0.0746 0.7826, -2.8563 0.075 0.7587, -2.8563 0.0838 0.7612, -2.8563 0.0788 0.7533, -2.8563 0.0885 0.758, -2.8563 0.0746 0.7815, -2.8563 0.0757 0.7741, -2.8563 0.0781 0.7681, -2.8563 0.0817 0.7632, -2.8563 0.081 0.8403, -2.8563 0.0843 0.8259, -2.8563 0.0742 0.838, -2.8563 0.0814 0.824, -2.8563 0.1115 0.7842, -2.8563 0.0746 0.8045, -2.8563 0.0751 0.8119, -2.8563 0.0595 0.8193, -2.8563 0.0769 0.8179, -2.8563 0.0622 0.8264, -2.8563 0.0788 0.8213, -2.8563 0.0657 0.8316, -2.8563 0.0689 0.8347, -2.8563 0.1251 0.8326, -2.8563 0.1251 0.8163, -2.8563 0.1217 0.8346, -2.8563 0.1136 0.8236, -2.8563 0.1092 0.8394, -2.8563 0.1031 0.827, -2.8563 0.0923 0.8415, -2.8563 0.0939 0.8279, -2.8563 0.0882 0.8273, -2.8563 0.114 0.7611, -2.8563 0.1262 0.7492, -2.8563 0.1126 0.7597, -2.8563 0.1206 0.7453, -2.8563 0.1093 0.7574, -2.8563 0.1142 0.7429, -2.8563 0.1055 0.7561, -2.8563 0.1042 0.7417, -2.8563 0.0999 0.7554, -2.8563 0.095 0.7428, -2.8563 0.0936 0.7561, -2.8563 0.0883 0.7454, -2.8563 0.0842 0.748, -2.8563 0.1028 0.8006, -2.8563 0.1165 0.797, -2.8563 0.113 0.7829, -2.8563 0.1233 0.7933, -2.8563 0.115 0.7804, -2.8563 0.1282 0.7888, -2.8563 0.1165 0.7773, -2.8563 0.1316 0.7834, -2.8563 0.1173 0.7735, -2.8563 0.1337 0.7773, -2.8563 0.1175 0.7708, -2.8563 0.1344 0.7695, -2.8563 0.117 0.767, -2.8563 0.1336 0.7618, -2.8563 0.1159 0.764, -2.8563 0.1316 0.7562, -2.8563 0.1281 0.7511, -2.8524 0.0923 0.8415, -2.8524 0.1092 0.8394, -2.8524 0.1217 0.8346, -2.8524 0.1251 0.8326, -2.8524 0.1251 0.8163, -2.8524 0.1136 0.8236, -2.8524 0.1031 0.827, -2.8524 0.0939 0.8279, -2.8524 0.0882 0.8273, -2.8524 0.0843 0.8259, -2.8524 0.0814 0.824, -2.8524 0.0788 0.8213, -2.8524 0.0769 0.8179, -2.8524 0.0751 0.8119, -2.8524 0.0746 0.8045, -2.8524 0.1028 0.8006, -2.8524 0.1165 0.797, -2.8524 0.1233 0.7933, -2.8524 0.1282 0.7888, -2.8524 0.1316 0.7834, -2.8524 0.1337 0.7773, -2.8524 0.1344 0.7695, -2.8524 0.1336 0.7618, -2.8524 0.1316 0.7562, -2.8524 0.1281 0.7511, -2.8524 0.1262 0.7492, -2.8524 0.1042 0.7417, -2.8524 0.1139 0.7428, -2.8524 0.1142 0.7429, -2.8524 0.1206 0.7453, -2.8524 0.095 0.7428, -2.8524 0.0949 0.7428, -2.8524 0.0883 0.7454, -2.8524 0.0842 0.748, -2.8524 0.0788 0.7533, -2.8524 0.075 0.7587, -2.8524 0.0746 0.7587, -2.8524 0.0746 0.744, -2.8524 0.0578 0.744, -2.8524 0.0578 0.8053, -2.8524 0.0595 0.8193, -2.8524 0.0622 0.8264, -2.8524 0.0657 0.8316, -2.8524 0.0689 0.8347, -2.8524 0.0742 0.838, -2.8524 0.081 0.8403, -2.8524 0.113 0.7829, -2.8524 0.1115 0.7842, -2.8524 0.1079 0.7861, -2.8524 0.0969 0.7888, -2.8524 0.1175 0.7708, -2.8524 0.1173 0.7735, -2.8524 0.1165 0.7773, -2.8524 0.115 0.7804, -2.8524 0.1126 0.7597, -2.8524 0.114 0.7611, -2.8524 0.1159 0.764, -2.8524 0.117 0.767, -2.8524 0.0999 0.7554, -2.8524 0.1055 0.7561, -2.8524 0.1093 0.7574, -2.8524 0.0817 0.7632, -2.8524 0.0838 0.7612, -2.8524 0.0885 0.758, -2.8524 0.0936 0.7561, -2.8524 0.0746 0.7826, -2.8524 0.0746 0.7815, -2.8524 0.0757 0.7741, -2.8524 0.0781 0.7681, -2.8524 0.0746 0.7918
            ]
        }
        coordIndex [
            0,1,2,-1,2,1,3,-1,4,0,5,-1,5,0,2,-1,6,4,7,-1,7,4,5,-1,8,6,9,-1,9,6,7,-1,10,8,11,-1,11,8,9,-1,12,10,13,-1,13,10,11,-1,14,12,15,-1,15,12,13,-1,16,14,17,-1,17,14,15,-1,18,16,19,-1,19,16,17,-1,20,18,21,-1,21,18,19,-1,22,20,23,-1,23,20,21,-1,1,22,3,-1,3,22,23,-1,22,1,0,-1,0,4,22,-1,22,4,6,-1,22,6,20,-1,16,18,14,-1,14,18,20,-1,14,20,12,-1,12,20,6,-1,12,6,10,-1,10,6,8,-1,24,25,26,-1,26,25,27,-1,28,29,27,-1,27,29,30,-1,27,30,31,-1,32,33,34,-1,34,33,35,-1,31,36,27,-1,27,36,37,-1,27,37,26,-1,26,37,38,-1,26,38,32,-1,32,38,39,-1,32,39,33,-1,40,41,42,-1,42,41,43,-1,44,28,45,-1,45,28,27,-1,45,27,46,-1,46,27,47,-1,46,47,48,-1,48,47,49,-1,48,49,50,-1,50,49,51,-1,50,51,43,-1,43,51,52,-1,43,52,42,-1,53,54,55,-1,55,54,56,-1,55,56,57,-1,57,56,58,-1,57,58,59,-1,59,58,60,-1,59,60,40,-1,40,60,61,-1,40,61,41,-1,62,63,64,-1,64,63,65,-1,64,65,66,-1,66,65,67,-1,66,67,68,-1,68,67,69,-1,68,69,70,-1,70,69,71,-1,70,71,72,-1,72,71,73,-1,72,73,35,-1,35,73,74,-1,35,74,34,-1,45,75,44,-1,44,75,76,-1,44,76,77,-1,77,76,78,-1,77,78,79,-1,79,78,80,-1,79,80,81,-1,81,80,82,-1,81,82,83,-1,83,82,84,-1,83,84,85,-1,85,84,86,-1,85,86,87,-1,87,86,88,-1,87,88,89,-1,89,88,90,-1,89,90,62,-1,62,90,91,-1,62,91,63,-1,59,92,93,-1,59,93,57,-1,57,93,94,-1,57,94,55,-1,55,94,95,-1,55,95,53,-1,54,53,96,-1,96,53,95,-1,54,96,97,-1,54,97,56,-1,56,97,98,-1,56,98,58,-1,58,98,99,-1,58,99,60,-1,60,99,100,-1,60,100,61,-1,61,100,101,-1,61,101,41,-1,41,101,102,-1,41,102,43,-1,43,102,103,-1,43,103,50,-1,50,103,104,-1,50,104,48,-1,48,104,105,-1,48,105,46,-1,46,105,106,-1,46,106,45,-1,75,45,107,-1,107,45,106,-1,75,107,108,-1,75,108,76,-1,76,108,109,-1,76,109,78,-1,78,109,110,-1,78,110,80,-1,80,110,111,-1,80,111,82,-1,82,111,112,-1,82,112,84,-1,84,112,113,-1,84,113,86,-1,86,113,114,-1,86,114,88,-1,88,114,115,-1,88,115,90,-1,90,115,116,-1,90,116,91,-1,91,116,117,-1,91,117,63,-1,118,69,119,-1,119,69,67,-1,119,67,120,-1,120,67,65,-1,120,65,121,-1,121,65,63,-1,121,63,117,-1,69,118,122,-1,69,122,71,-1,71,122,123,-1,71,123,73,-1,123,124,73,-1,73,124,125,-1,73,125,74,-1,74,125,126,-1,74,126,34,-1,34,126,127,-1,34,127,32,-1,26,32,128,-1,128,32,127,-1,24,26,129,-1,129,26,128,-1,25,24,130,-1,130,24,129,-1,27,25,131,-1,131,25,130,-1,27,131,132,-1,27,132,47,-1,47,132,133,-1,47,133,49,-1,49,133,134,-1,49,134,51,-1,51,134,135,-1,51,135,52,-1,52,135,136,-1,52,136,42,-1,42,136,137,-1,42,137,40,-1,40,137,92,-1,40,92,59,-1,77,138,139,-1,77,139,44,-1,44,139,140,-1,44,140,28,-1,28,140,141,-1,28,141,29,-1,85,142,143,-1,85,143,83,-1,83,143,144,-1,83,144,81,-1,81,144,145,-1,81,145,79,-1,79,145,138,-1,79,138,77,-1,64,146,147,-1,64,147,62,-1,62,147,148,-1,62,148,89,-1,89,148,149,-1,89,149,87,-1,87,149,142,-1,87,142,85,-1,70,150,151,-1,70,151,68,-1,68,151,152,-1,68,152,66,-1,66,152,146,-1,66,146,64,-1,39,153,154,-1,39,154,33,-1,33,154,155,-1,33,155,35,-1,35,155,156,-1,35,156,72,-1,72,156,150,-1,72,150,70,-1,31,157,158,-1,31,158,36,-1,36,158,159,-1,36,159,37,-1,37,159,160,-1,37,160,38,-1,38,160,153,-1,38,153,39,-1,31,30,157,-1,157,30,161,-1,30,29,161,-1,161,29,141,-1,
        ]
    }
}
Shape{
    appearance Appearance {
        material  Material 	{
            diffuseColor 1.0 1.0 1.0
            specularColor 0.5019607843137255 0.5019607843137255 0.5019607843137255
            ambientIntensity 1.0
            transparency 0.0
            shininess 0.5
        }
    }
    geometry IndexedFaceSet {
        ccw TRUE
        solid FALSE
        coord DEF co Coordinate {
            point [
                -2.8524 0.0746 0.7815, -2.8524 0.0746 0.7826, -2.8524 0.113 0.7829, -2.8524 0.0746 0.7918, -2.8524 0.0969 0.7888, -2.8524 0.1079 0.7861, -2.8524 0.1115 0.7842, -2.8524 0.0757 0.7741, -2.8524 0.115 0.7804, -2.8524 0.0781 0.7681, -2.8524 0.114 0.7611, -2.8524 0.1126 0.7597, -2.8524 0.0838 0.7612, -2.8524 0.1159 0.764, -2.8524 0.0885 0.758, -2.8524 0.0936 0.7561, -2.8524 0.0999 0.7554, -2.8524 0.1165 0.7773, -2.8524 0.1173 0.7735, -2.8524 0.0817 0.7632, -2.8524 0.1175 0.7708, -2.8524 0.117 0.767, -2.8524 0.1093 0.7574, -2.8524 0.1055 0.7561
            ]
        }
        coordIndex [
            0,1,2,-1,1,3,4,-1,4,5,1,-1,1,5,6,-1,1,6,2,-1,0,2,7,-1,7,2,8,-1,7,8,9,-1,10,11,12,-1,10,12,13,-1,14,12,15,-1,15,12,16,-1,8,17,9,-1,9,17,18,-1,9,18,19,-1,19,18,20,-1,19,20,12,-1,12,20,21,-1,12,21,13,-1,11,22,12,-1,12,22,23,-1,12,23,16,-1,
        ]
    }
}
Shape{
    appearance Appearance {
        material  Material 	{
            diffuseColor 0.0 0.0 0.0
            specularColor 0.0 0.0 0.0
            ambientIntensity 0.0
            transparency 0.0
            shininess 0.5
        }
    }
    geometry IndexedFaceSet {
        ccw TRUE
        solid FALSE
        coord DEF co Coordinate {
            point [
                -2.8524 0.0352 0.7646, -2.8563 0.0352 0.7646, -2.8563 0.0282 0.7603, -2.8563 0.0077 0.7554, -2.8524 0.0077 0.7554, -2.8524 0.0177 0.7565, -2.8563 0.0177 0.7565, -2.8524 0.0275 0.76, -2.8524 0.0282 0.7603, -2.8563 0.0352 0.7473, -2.8524 0.0352 0.7473, -2.8524 0.0275 0.7444, -2.8563 0.0254 0.7436, -2.8524 0.0093 0.7417, -2.8563 0.0093 0.7417, -2.8524 0.0187 0.7428, -2.8524 0.0254 0.7436, -2.8563 -0.0057 0.7435, -2.8524 -0.0002 0.7428, -2.8524 -0.0057 0.7435, -2.8524 -0.0145 0.7469, -2.8563 -0.0145 0.7469, -2.8524 -0.0184 0.7493, -2.8563 -0.0184 0.7493, -2.8524 -0.0232 0.7535, -2.8563 -0.0232 0.7535, -2.8524 -0.0263 0.7579, -2.8563 -0.0263 0.7579, -2.8524 -0.0284 0.7632, -2.8563 -0.0284 0.7632, -2.8524 -0.0292 0.7699, -2.8563 -0.0292 0.7699, -2.8524 -0.0285 0.7761, -2.8563 -0.0285 0.7761, -2.8524 -0.0267 0.781, -2.8563 -0.0267 0.781, -2.8524 -0.0236 0.7856, -2.8563 -0.0236 0.7856, -2.8524 -0.0196 0.7892, -2.8563 -0.0196 0.7892, -2.8524 -0.0085 0.7954, -2.8563 -0.0085 0.7954, -2.8524 -0.002 0.798, -2.8563 -0.002 0.798, -2.8524 0.0083 0.8025, -2.8563 0.0083 0.8025, -2.8524 0.0142 0.8062, -2.8563 0.0142 0.8062, -2.8524 0.0158 0.808, -2.8563 0.0158 0.808, -2.8524 0.017 0.8102, -2.8563 0.017 0.8102, -2.8524 0.0177 0.8128, -2.8563 0.0177 0.8128, -2.8524 0.0179 0.8151, -2.8563 0.0179 0.8151, -2.8524 0.0176 0.8177, -2.8563 0.0176 0.8177, -2.8524 0.0167 0.82, -2.8563 0.0167 0.82, -2.8524 0.0153 0.8221, -2.8563 0.0153 0.8221, -2.8524 0.0128 0.8243, -2.8563 0.0128 0.8243, -2.8524 0.009 0.8263, -2.8563 0.009 0.8263, -2.8524 0.0046 0.8275, -2.8563 0.0046 0.8275, -2.8524 -0.0004 0.8279, -2.8563 -0.0004 0.8279, -2.8524 -0.0107 0.8268, -2.8563 -0.0107 0.8268, -2.8524 -0.0202 0.8235, -2.8563 -0.0202 0.8235, -2.8524 -0.0246 0.821, -2.8563 -0.0246 0.821, -2.8563 -0.0246 0.8372, -2.8524 -0.0246 0.8372, -2.8524 -0.0138 0.8404, -2.8563 -0.0138 0.8404, -2.8524 -0.002 0.8415, -2.8563 -0.002 0.8415, -2.8524 0.0113 0.8399, -2.8563 0.0113 0.8399, -2.8524 0.0202 0.8364, -2.8563 0.0202 0.8364, -2.8524 0.0244 0.8339, -2.8563 0.0244 0.8339, -2.8563 0.0293 0.8294, -2.8524 0.0275 0.8311, -2.8524 0.0293 0.8294, -2.8524 0.0324 0.8249, -2.8563 0.0324 0.8249, -2.8524 0.0344 0.8195, -2.8563 0.0344 0.8195, -2.8524 0.0351 0.8136, -2.8563 0.0351 0.8136, -2.8524 0.0344 0.8071, -2.8563 0.0344 0.8071, -2.8524 0.0325 0.802, -2.8563 0.0325 0.802, -2.8524 0.0303 0.7985, -2.8563 0.0303 0.7985, -2.8524 0.0098 0.7859, -2.8563 0.0098 0.7859, -2.8563 0.0197 0.7904, -2.8524 0.0276 0.7956, -2.8563 0.0276 0.7956, -2.8524 0.0275 0.7955, -2.8524 0.0197 0.7904, -2.8524 -0.0012 0.7813, -2.8563 -0.0012 0.7813, -2.8524 -0.0077 0.7773, -2.8563 -0.0077 0.7773, -2.8524 -0.0098 0.7752, -2.8563 -0.0098 0.7752, -2.8524 -0.0111 0.7729, -2.8563 -0.0111 0.7729, -2.8524 -0.0119 0.7703, -2.8563 -0.0119 0.7703, -2.8524 -0.012 0.7682, -2.8563 -0.012 0.7682, -2.8524 -0.0117 0.7651, -2.8563 -0.0117 0.7651, -2.8524 -0.0108 0.7627, -2.8563 -0.0108 0.7627, -2.8524 -0.0094 0.7605, -2.8563 -0.0094 0.7605, -2.8524 -0.0074 0.7588, -2.8563 -0.0074 0.7588, -2.8524 -0.0059 0.7579, -2.8563 -0.0059 0.7579, -2.8524 -0.0016 0.7563, -2.8563 -0.0016 0.7563, -2.8524 0.007 0.7554, -2.8563 0.007 0.7554, -2.8563 -0.112 0.8393, -2.8563 -0.1294 0.8393, -2.8524 -0.112 0.8393, -2.8524 -0.1294 0.8393, -2.8563 -0.086 0.7675, -2.8524 -0.086 0.7675, -2.8524 -0.0847 0.7631, -2.8563 -0.0847 0.7631, -2.8524 -0.084 0.7598, -2.8563 -0.084 0.7598, -2.8563 -0.0835 0.7598, -2.8524 -0.0835 0.7598, -2.8563 -0.0815 0.7676, -2.8524 -0.0815 0.7676, -2.8524 -0.0566 0.8393, -2.8563 -0.0566 0.8393, -2.8524 -0.0646 0.8161, -2.8563 -0.0379 0.8393, -2.8524 -0.0379 0.8393, -2.8524 -0.0753 0.7442, -2.8563 -0.0753 0.7442, -2.8524 -0.0646 0.7712, -2.8524 -0.0679 0.7268, -2.8563 -0.0679 0.7268, -2.8524 -0.0747 0.7428, -2.8524 -0.0646 0.7208, -2.8563 -0.0646 0.7207, -2.8524 -0.0646 0.7207, -2.8524 -0.0615 0.7173, -2.8563 -0.0615 0.7173, -2.8524 -0.0587 0.7154, -2.8563 -0.0587 0.7154, -2.8524 -0.0551 0.7139, -2.8563 -0.0551 0.7139, -2.8524 -0.0508 0.7134, -2.8563 -0.0508 0.7134, -2.8524 -0.0447 0.7142, -2.8563 -0.0447 0.7142, -2.8524 -0.0413 0.7153, -2.8563 -0.0413 0.7153, -2.8563 -0.0413 0.7004, -2.8524 -0.0413 0.7004, -2.8524 -0.0484 0.6992, -2.8563 -0.0484 0.6992, -2.8524 -0.0521 0.6991, -2.8563 -0.0521 0.6991, -2.8524 -0.0589 0.6998, -2.8563 -0.0589 0.6998, -2.8524 -0.0646 0.702, -2.8563 -0.0655 0.7024, -2.8524 -0.0655 0.7024, -2.8524 -0.0713 0.7064, -2.8563 -0.0713 0.7064, -2.8524 -0.0724 0.7075, -2.8563 -0.0724 0.7075, -2.8524 -0.0785 0.7148, -2.8563 -0.0785 0.7148, -2.8524 -0.0861 0.7296, -2.8563 -0.0861 0.7296, -2.8524 -0.0913 0.7428, -2.8563 -0.2192 0.7592, -2.8563 -0.2192 0.744, -2.8524 -0.2192 0.7592, -2.8524 -0.2192 0.744, -2.8524 -0.1646 0.7592, -2.8563 -0.1646 0.7592, -2.8524 -0.1896 0.7592, -2.8563 -0.1646 0.8041, -2.8524 -0.1646 0.8041, -2.8524 -0.2123 0.8041, -2.8563 -0.2123 0.8041, -2.8524 -0.1896 0.8041, -2.8563 -0.2123 0.8193, -2.8524 -0.2123 0.8193, -2.8524 -0.1646 0.8193, -2.8563 -0.1646 0.8193, -2.8524 -0.1896 0.8193, -2.8563 -0.1646 0.8621, -2.8524 -0.1646 0.8621, -2.8524 -0.2161 0.8621, -2.8563 -0.2161 0.8621, -2.8524 -0.1896 0.8621, -2.8563 -0.2161 0.8774, -2.8524 -0.2161 0.8774, -2.8524 -0.1474 0.8774, -2.8563 -0.1474 0.8774, -2.8524 -0.1896 0.8774, -2.8563 -0.1474 0.744, -2.8524 -0.1474 0.744, -2.8524 -0.1896 0.744, -2.8563 -0.3329 0.7627, -2.8563 -0.3191 0.7717, -2.8563 -0.319 0.7527, -2.8563 -0.3105 0.7657, -2.8563 -0.3038 0.7467, -2.8563 -0.2995 0.7614, -2.8563 -0.2811 0.744, -2.8563 -0.281 0.7592, -2.8563 -0.2444 0.744, -2.8563 -0.2616 0.7592, -2.8563 -0.2444 0.8774, -2.8563 -0.2616 0.8621, -2.8563 -0.2824 0.8774, -2.8563 -0.2817 0.8621, -2.8563 -0.2837 0.862, -2.8563 -0.3028 0.8752, -2.8563 -0.3006 0.8597, -2.8563 -0.3189 0.8693, -2.8563 -0.3119 0.8553, -2.8563 -0.3329 0.8597, -2.8563 -0.3203 0.8495, -2.8563 -0.3376 0.8551, -2.8563 -0.324 0.8459, -2.8563 -0.3458 0.8435, -2.8563 -0.3291 0.8384, -2.8563 -0.3508 0.8308, -2.8563 -0.3329 0.8286, -2.8563 -0.353 0.8124, -2.8563 -0.3349 0.8119, -2.8563 -0.3526 0.8039, -2.8563 -0.3343 0.8023, -2.8563 -0.3494 0.7883, -2.8563 -0.3316 0.7903, -2.8563 -0.3428 0.7745, -2.8563 -0.3268 0.7806, -2.8563 -0.3206 0.7731, -2.8524 -0.2811 0.744, -2.8524 -0.2444 0.744, -2.8524 -0.3038 0.7467, -2.8524 -0.319 0.7527, -2.8524 -0.3329 0.7627, -2.8524 -0.3428 0.7745, -2.8524 -0.3494 0.7883, -2.8524 -0.3526 0.8039, -2.8524 -0.353 0.8124, -2.8524 -0.3508 0.8308, -2.8524 -0.3458 0.8435, -2.8524 -0.3376 0.8551, -2.8524 -0.3329 0.8597, -2.8524 -0.3189 0.8693, -2.8524 -0.3028 0.8752, -2.8524 -0.2824 0.8774, -2.8524 -0.2444 0.8774, -2.8524 -0.2817 0.8621, -2.8524 -0.2616 0.8621, -2.8524 -0.2616 0.7592, -2.8524 -0.281 0.7592, -2.8524 -0.3206 0.7731, -2.8524 -0.3191 0.7717, -2.8524 -0.3105 0.7657, -2.8524 -0.2995 0.7614, -2.8524 -0.3349 0.8119, -2.8524 -0.3343 0.8023, -2.8524 -0.3316 0.7903, -2.8524 -0.3268 0.7806, -2.8524 -0.3203 0.8495, -2.8524 -0.324 0.8459, -2.8524 -0.3291 0.8384, -2.8524 -0.3329 0.8286, -2.8524 -0.2837 0.862, -2.8524 -0.3006 0.8597, -2.8524 -0.3119 0.8553
            ]
        }
        coordIndex [
            0,1,2,-1,3,4,5,-1,3,5,6,-1,6,5,7,-1,6,7,2,-1,2,7,8,-1,2,8,0,-1,9,1,10,-1,10,1,0,-1,10,11,9,-1,9,11,12,-1,13,14,15,-1,15,14,12,-1,15,12,16,-1,16,12,11,-1,14,13,17,-1,17,13,18,-1,18,19,17,-1,17,19,20,-1,17,20,21,-1,21,20,22,-1,21,22,23,-1,23,22,24,-1,23,24,25,-1,25,24,26,-1,25,26,27,-1,27,26,28,-1,27,28,29,-1,29,28,30,-1,29,30,31,-1,31,30,32,-1,31,32,33,-1,33,32,34,-1,33,34,35,-1,35,34,36,-1,35,36,37,-1,37,36,38,-1,37,38,39,-1,39,38,40,-1,39,40,41,-1,41,40,42,-1,41,42,43,-1,43,42,44,-1,43,44,45,-1,45,44,46,-1,45,46,47,-1,47,46,48,-1,47,48,49,-1,49,48,50,-1,49,50,51,-1,51,50,52,-1,51,52,53,-1,53,52,54,-1,53,54,55,-1,55,54,56,-1,55,56,57,-1,57,56,58,-1,57,58,59,-1,59,58,60,-1,59,60,61,-1,61,60,62,-1,61,62,63,-1,63,62,64,-1,63,64,65,-1,65,64,66,-1,65,66,67,-1,67,66,68,-1,67,68,69,-1,69,68,70,-1,69,70,71,-1,71,70,72,-1,71,72,73,-1,73,72,74,-1,73,74,75,-1,76,75,77,-1,77,75,74,-1,76,77,78,-1,76,78,79,-1,79,78,80,-1,79,80,81,-1,81,80,82,-1,81,82,83,-1,83,82,84,-1,83,84,85,-1,85,84,86,-1,85,86,87,-1,87,86,88,-1,88,86,89,-1,89,90,88,-1,88,90,91,-1,88,91,92,-1,92,91,93,-1,92,93,94,-1,94,93,95,-1,94,95,96,-1,96,95,97,-1,96,97,98,-1,98,97,99,-1,98,99,100,-1,100,99,101,-1,100,101,102,-1,103,104,105,-1,102,101,106,-1,102,106,107,-1,107,106,108,-1,107,108,105,-1,105,108,109,-1,105,109,103,-1,104,103,110,-1,104,110,111,-1,111,110,112,-1,111,112,113,-1,113,112,114,-1,113,114,115,-1,115,114,116,-1,115,116,117,-1,117,116,118,-1,117,118,119,-1,119,118,120,-1,119,120,121,-1,121,120,122,-1,121,122,123,-1,123,122,124,-1,123,124,125,-1,125,124,126,-1,125,126,127,-1,127,126,128,-1,127,128,129,-1,129,128,130,-1,129,130,131,-1,131,130,132,-1,131,132,133,-1,133,132,134,-1,133,134,135,-1,135,134,4,-1,135,4,3,-1,61,63,85,-1,85,63,83,-1,111,43,104,-1,104,43,45,-1,21,23,127,-1,127,23,25,-1,127,25,125,-1,125,25,27,-1,125,27,123,-1,123,27,29,-1,123,29,121,-1,121,29,31,-1,121,31,119,-1,119,31,33,-1,119,33,117,-1,117,33,35,-1,117,35,115,-1,115,35,37,-1,115,37,113,-1,113,37,39,-1,113,39,111,-1,111,39,41,-1,111,41,43,-1,14,3,12,-1,12,3,6,-1,12,6,9,-1,9,6,2,-1,9,2,1,-1,63,65,83,-1,83,65,67,-1,83,67,81,-1,81,67,69,-1,81,69,79,-1,79,69,71,-1,79,71,76,-1,76,71,73,-1,76,73,75,-1,127,129,21,-1,21,129,131,-1,21,131,17,-1,17,131,133,-1,17,133,14,-1,14,133,135,-1,14,135,3,-1,85,87,61,-1,61,87,88,-1,61,88,59,-1,59,88,92,-1,59,92,57,-1,57,92,94,-1,57,94,55,-1,55,94,96,-1,55,96,53,-1,53,96,98,-1,53,98,51,-1,51,98,100,-1,51,100,49,-1,49,100,102,-1,49,102,47,-1,47,102,107,-1,47,107,45,-1,45,107,105,-1,45,105,104,-1,136,137,138,-1,138,137,139,-1,140,136,141,-1,141,136,138,-1,140,141,142,-1,140,142,143,-1,143,142,144,-1,143,144,145,-1,146,145,147,-1,147,145,144,-1,148,146,149,-1,149,146,147,-1,150,151,152,-1,152,151,148,-1,152,148,149,-1,153,151,154,-1,154,151,150,-1,155,156,157,-1,157,156,153,-1,157,153,154,-1,158,159,160,-1,160,159,156,-1,160,156,155,-1,158,161,159,-1,159,161,162,-1,161,163,162,-1,162,163,164,-1,162,164,165,-1,165,164,166,-1,165,166,167,-1,167,166,168,-1,167,168,169,-1,169,168,170,-1,169,170,171,-1,171,170,172,-1,171,172,173,-1,173,172,174,-1,173,174,175,-1,176,175,177,-1,177,175,174,-1,176,177,178,-1,176,178,179,-1,179,178,180,-1,179,180,181,-1,181,180,182,-1,181,182,183,-1,183,182,184,-1,183,184,185,-1,184,186,185,-1,185,186,187,-1,185,187,188,-1,188,187,189,-1,188,189,190,-1,190,189,191,-1,190,191,192,-1,192,191,193,-1,192,193,194,-1,139,137,195,-1,195,137,194,-1,195,194,193,-1,143,145,194,-1,137,136,194,-1,194,136,140,-1,194,140,143,-1,151,153,148,-1,148,153,156,-1,148,156,146,-1,175,176,173,-1,173,176,179,-1,173,179,171,-1,171,179,181,-1,171,181,169,-1,169,181,183,-1,169,183,167,-1,167,183,185,-1,167,185,165,-1,145,146,194,-1,194,146,156,-1,194,156,192,-1,156,159,192,-1,192,159,162,-1,192,162,190,-1,190,162,165,-1,190,165,188,-1,188,165,185,-1,196,197,198,-1,198,197,199,-1,200,201,202,-1,202,201,196,-1,202,196,198,-1,203,201,204,-1,204,201,200,-1,205,206,207,-1,207,206,203,-1,207,203,204,-1,208,206,209,-1,209,206,205,-1,210,211,212,-1,212,211,208,-1,212,208,209,-1,213,211,214,-1,214,211,210,-1,215,216,217,-1,217,216,213,-1,217,213,214,-1,218,216,219,-1,219,216,215,-1,220,221,222,-1,222,221,218,-1,222,218,219,-1,223,221,224,-1,224,221,220,-1,199,197,225,-1,225,197,223,-1,225,223,224,-1,197,196,223,-1,223,196,201,-1,206,208,203,-1,203,208,211,-1,216,218,213,-1,213,218,221,-1,213,221,211,-1,211,221,223,-1,211,223,203,-1,203,223,201,-1,226,227,228,-1,228,227,229,-1,228,229,230,-1,230,229,231,-1,230,231,232,-1,232,231,233,-1,232,233,234,-1,234,233,235,-1,234,235,236,-1,236,235,237,-1,236,237,238,-1,237,239,238,-1,238,239,240,-1,238,240,241,-1,241,240,242,-1,241,242,243,-1,243,242,244,-1,243,244,245,-1,245,244,246,-1,245,246,247,-1,247,246,248,-1,247,248,249,-1,249,248,250,-1,249,250,251,-1,251,250,252,-1,251,252,253,-1,253,252,254,-1,253,254,255,-1,255,254,256,-1,255,256,257,-1,257,256,258,-1,257,258,259,-1,259,258,260,-1,259,260,226,-1,226,260,261,-1,226,261,227,-1,232,234,262,-1,262,234,263,-1,232,262,264,-1,232,264,230,-1,230,264,265,-1,230,265,228,-1,228,265,266,-1,228,266,226,-1,226,266,267,-1,226,267,259,-1,259,267,268,-1,259,268,257,-1,257,268,269,-1,257,269,255,-1,255,269,270,-1,255,270,253,-1,253,270,271,-1,253,271,251,-1,251,271,272,-1,251,272,249,-1,249,272,273,-1,249,273,247,-1,247,273,274,-1,247,274,245,-1,245,274,275,-1,245,275,243,-1,243,275,276,-1,243,276,241,-1,241,276,277,-1,241,277,238,-1,236,238,278,-1,278,238,277,-1,234,236,263,-1,263,236,278,-1,239,237,279,-1,279,237,280,-1,237,235,280,-1,280,235,281,-1,235,233,281,-1,281,233,282,-1,261,283,284,-1,261,284,227,-1,227,284,285,-1,227,285,229,-1,229,285,286,-1,229,286,231,-1,231,286,282,-1,231,282,233,-1,254,287,288,-1,254,288,256,-1,256,288,289,-1,256,289,258,-1,258,289,290,-1,258,290,260,-1,260,290,283,-1,260,283,261,-1,246,291,292,-1,246,292,248,-1,248,292,293,-1,248,293,250,-1,250,293,294,-1,250,294,252,-1,252,294,287,-1,252,287,254,-1,239,279,295,-1,239,295,240,-1,240,295,296,-1,240,296,242,-1,242,296,297,-1,242,297,244,-1,244,297,291,-1,244,291,246,-1,
        ]
    }
}
Shape{
    appearance Appearance {
        material  Material 	{
            diffuseColor 1.0 1.0 1.0
            specularColor 0.5019607843137255 0.5019607843137255 0.5019607843137255
            ambientIntensity 1.0
            transparency 0.0
            shininess 0.5
        }
    }
    geometry IndexedFaceSet {
        ccw TRUE
        solid FALSE
        coord DEF co Coordinate {
            point [
                -2.8524 -0.2616 0.8621, -2.8524 -0.2616 0.7592, -2.8524 -0.2817 0.8621, -2.8524 -0.281 0.7592, -2.8524 -0.2837 0.862, -2.8524 -0.2995 0.7614, -2.8524 -0.3105 0.7657, -2.8524 -0.3191 0.7717, -2.8524 -0.3206 0.7731, -2.8524 -0.3268 0.7806, -2.8524 -0.3349 0.8119, -2.8524 -0.3203 0.8495, -2.8524 -0.3343 0.8023, -2.8524 -0.3119 0.8553, -2.8524 -0.3316 0.7903, -2.8524 -0.3006 0.8597, -2.8524 -0.3329 0.8286, -2.8524 -0.3291 0.8384, -2.8524 -0.324 0.8459
            ]
        }
        coordIndex [
            0,1,2,-1,2,1,3,-1,2,3,4,-1,4,3,5,-1,4,5,6,-1,6,7,4,-1,4,7,8,-1,4,8,9,-1,10,11,12,-1,12,11,13,-1,9,14,4,-1,4,14,12,-1,4,12,15,-1,15,12,13,-1,16,17,10,-1,10,17,18,-1,10,18,11,-1,
        ]
    }
}
Shape{
    appearance Appearance {
        material  Material 	{
            diffuseColor 0.0 0.0 0.0
            specularColor 0.0 0.0 0.0
            ambientIntensity 0.0
            transparency 0.0
            shininess 0.5
        }
    }
    geometry IndexedFaceSet {
        ccw TRUE
        solid FALSE
        coord DEF co Coordinate {
            point [
                -2.8563 -0.3977 0.7955, -2.8563 -0.3923 0.7805, -2.8563 -0.4425 0.7955, -2.8563 -0.4478 0.7805, -2.8563 -0.4177 0.851, -2.8563 -0.4112 0.8774, -2.8563 -0.3604 0.744, -2.8563 -0.3794 0.744, -2.8563 -0.4188 0.855, -2.8563 -0.4199 0.8604, -2.8563 -0.4297 0.8774, -2.8563 -0.4203 0.8604, -2.8563 -0.4214 0.8547, -2.8563 -0.4224 0.851, -2.8563 -0.4805 0.744, -2.8563 -0.4615 0.744, -2.8524 -0.4297 0.8774, -2.8524 -0.4805 0.744, -2.8524 -0.4112 0.8774, -2.8524 -0.3604 0.744, -2.8524 -0.3794 0.744, -2.8524 -0.3923 0.7805, -2.8524 -0.4478 0.7805, -2.8524 -0.4615 0.744, -2.8524 -0.3977 0.7955, -2.8524 -0.4425 0.7955, -2.8524 -0.4224 0.851, -2.8524 -0.4203 0.8604, -2.8524 -0.4214 0.8547, -2.8524 -0.4199 0.8604, -2.8524 -0.4177 0.851, -2.8524 -0.4188 0.855
            ]
        }
        coordIndex [
            0,1,2,-1,2,1,3,-1,4,5,0,-1,0,5,6,-1,0,6,1,-1,1,6,7,-1,4,8,5,-1,5,8,9,-1,5,9,10,-1,10,9,11,-1,10,11,12,-1,12,13,10,-1,10,13,2,-1,10,2,14,-1,14,2,3,-1,14,3,15,-1,10,14,16,-1,16,14,17,-1,5,10,18,-1,18,10,16,-1,6,5,19,-1,19,5,18,-1,7,6,20,-1,20,6,19,-1,1,7,21,-1,21,7,20,-1,3,1,22,-1,22,1,21,-1,15,3,23,-1,23,3,22,-1,14,15,17,-1,17,15,23,-1,0,2,24,-1,24,2,25,-1,2,13,25,-1,25,13,26,-1,11,27,28,-1,11,28,12,-1,12,28,26,-1,12,26,13,-1,11,9,27,-1,27,9,29,-1,4,30,31,-1,4,31,8,-1,8,31,29,-1,8,29,9,-1,4,0,30,-1,30,0,24,-1,
        ]
    }
}
Shape{
    appearance Appearance {
        material  Material 	{
            diffuseColor 1.0 1.0 1.0
            specularColor 0.5019607843137255 0.5019607843137255 0.5019607843137255
            ambientIntensity 1.0
            transparency 0.0
            shininess 0.5
        }
    }
    geometry IndexedFaceSet {
        ccw TRUE
        solid FALSE
        coord DEF co Coordinate {
            point [
                -2.8524 -0.4203 0.8604, -2.8524 -0.4199 0.8604, -2.8524 -0.4214 0.8547, -2.8524 -0.4188 0.855, -2.8524 -0.4224 0.851, -2.8524 -0.4177 0.851, -2.8524 -0.4425 0.7955, -2.8524 -0.3977 0.7955
            ]
        }
        coordIndex [
            0,1,2,-1,2,1,3,-1,2,3,4,-1,4,3,5,-1,4,5,6,-1,6,5,7,-1,
        ]
    }
}
Shape{
    appearance Appearance {
        material  Material 	{
            diffuseColor 0.0 0.0 0.0
            specularColor 0.0 0.0 0.0
            ambientIntensity 0.0
            transparency 0.0
            shininess 0.5
        }
    }
    geometry IndexedFaceSet {
        ccw TRUE
        solid FALSE
        coord DEF co Coordinate {
            point [
                -2.8563 0.8116 0.725, -2.8563 0.7975 0.7076, -2.8563 0.8201 0.809, -2.8563 0.8366 0.9739, -2.8563 0.8154 0.9851, -2.8563 0.82 1.0436, -2.8563 0.7613 1.0462, -2.8563 0.7319 0.9769, -2.8563 0.7174 1.0069, -2.8563 0.6361 0.7758, -2.8563 0.6361 0.7852, -2.8563 0.7163 0.8083, -2.8563 0.7252 0.8112, -2.8563 0.8408 0.8217, -2.8563 0.834 0.7493, -2.8563 0.8211 0.7454, -2.8563 0.7831 1.0481, -2.8563 0.7021 0.7968, -2.8563 0.6978 0.7891, -2.8563 0.6366 0.7659, -2.8563 0.5032 0.8555, -2.8563 0.5326 0.9057, -2.8563 0.6598 0.8393, -2.8563 0.7319 0.8118, -2.8563 0.7406 0.8108, -2.8563 0.7536 0.8688, -2.8563 0.7489 0.8076, -2.8563 0.7745 0.8608, -2.8563 0.7564 0.8025, -2.8563 0.7939 0.8473, -2.8563 0.7617 0.7967, -2.8563 0.8096 0.8294, -2.8563 0.7663 0.7885, -2.8563 0.7686 0.7795, -2.8563 0.6965 0.8652, -2.8563 0.7194 0.8709, -2.8563 0.7309 0.8716, -2.8563 0.7084 0.8034, -2.8563 0.7562 0.7469, -2.8563 0.7485 0.7418, -2.8563 0.7789 0.6936, -2.8563 0.7397 0.7386, -2.8563 0.4719 0.9494, -2.8563 0.4643 0.9494, -2.8563 0.4254 1.0006, -2.8563 0.4463 0.9472, -2.8563 0.4207 0.999, -2.8563 0.4297 0.9408, -2.8563 0.3925 0.985, -2.8563 0.3668 0.9632, -2.8563 0.7419 1.0688, -2.8563 0.6961 1.0323, -2.8563 0.7196 1.0879, -2.8563 0.6707 1.0509, -2.8563 0.6912 1.1049, -2.8563 0.792 0.9906, -2.8563 0.7822 0.9911, -2.8563 0.7722 1.0475, -2.8563 0.76 0.9884, -2.8563 0.7387 0.9806, -2.8563 0.6764 0.8544, -2.8563 0.3666 0.7862, -2.8563 0.4109 0.8238, -2.8563 0.3924 0.7643, -2.8563 0.4249 0.8124, -2.8563 0.4214 0.7502, -2.8563 0.4416 0.8046, -2.8563 0.4529 0.7435, -2.8563 0.4586 0.8014, -2.8563 0.5089 0.7435, -2.8563 0.5013 0.8014, -2.8563 0.5143 0.7444, -2.8563 0.7623 0.7537, -2.8563 0.7664 0.7615, -2.8563 0.7686 0.7702, -2.8563 0.415 0.9305, -2.8563 0.404 0.9183, -2.8563 0.3474 0.9363, -2.8563 0.3952 0.9019, -2.8563 0.3358 0.9073, -2.8563 0.3908 0.8837, -2.8563 0.3315 0.8763, -2.8563 0.3903 0.8754, -2.8563 0.3359 0.8424, -2.8563 0.3926 0.8569, -2.8563 0.3478 0.8124, -2.8563 0.3991 0.84, -2.8563 0.4096 0.8252, -2.8563 0.4767 1.0756, -2.8563 0.5137 1.0319, -2.8563 0.4431 1.0359, -2.8563 0.4923 1.0063, -2.8563 0.4777 0.9758, -2.8563 0.8742 0.9192, -2.8563 0.9365 0.9038, -2.8563 0.8771 0.8963, -2.8563 0.9368 0.8944, -2.8563 0.8759 0.8817, -2.8563 0.9324 0.8577, -2.8563 0.8691 0.8585, -2.8563 0.9189 0.8223, -2.8563 0.8578 0.8392, -2.8563 0.897 0.7909, -2.8563 0.8682 0.7662, -2.8563 0.6471 1.1204, -2.8563 0.6397 1.0635, -2.8563 0.6057 1.1249, -2.8563 0.6047 1.068, -2.8563 0.5592 1.1191, -2.8563 0.5726 1.064, -2.8563 0.5123 1.1005, -2.8563 0.5428 1.0526, -2.8563 0.5162 1.0341, -2.8563 0.8552 1.0301, -2.8563 0.8854 1.009, -2.8563 0.853 0.9593, -2.8563 0.8922 1.0025, -2.8563 0.8661 0.9404, -2.8563 0.9149 0.9736, -2.8563 0.9301 0.9394, -2.8563 0.5061 0.8023, -2.8563 0.5289 0.7534, -2.8563 0.5267 0.7512, -2.8563 0.6953 0.7805, -2.8563 0.6951 0.7713, -2.8563 0.6421 0.7425, -2.8563 0.6971 0.7621, -2.8563 0.6533 0.7214, -2.8563 0.7014 0.7539, -2.8563 0.6679 0.705, -2.8563 0.7075 0.747, -2.8563 0.6868 0.6918, -2.8563 0.7148 0.742, -2.8563 0.708 0.6837, -2.8563 0.7231 0.7388, -2.8563 0.7309 0.6809, -2.8563 0.7319 0.7378, -2.8563 0.7346 0.6809, -2.8563 0.757 0.6844, -2.8563 0.5033 0.8016, -2.8563 0.5205 0.7468, -2.8563 0.5364 0.7729, -2.8563 0.5355 0.7658, -2.8563 0.533 0.7594, -2.8563 0.5144 0.8014, -2.8563 0.5209 0.7988, -2.8563 0.5362 0.7767, -2.8563 0.5267 0.7947, -2.8563 0.5306 0.7903, -2.8563 0.5343 0.7839, -2.8563 0.507 0.8023, -2.8524 0.3315 0.8763, -2.8524 0.3358 0.9073, -2.8524 0.3391 0.9154, -2.8524 0.3474 0.9363, -2.8524 0.3668 0.9632, -2.8524 0.3925 0.985, -2.8524 0.4207 0.999, -2.8524 0.4254 1.0006, -2.8524 0.4431 1.0359, -2.8524 0.4767 1.0756, -2.8524 0.4976 1.0902, -2.8524 0.5123 1.1005, -2.8524 0.5592 1.1191, -2.8524 0.6057 1.1249, -2.8524 0.6471 1.1204, -2.8524 0.6912 1.1049, -2.8524 0.7157 1.0902, -2.8524 0.7196 1.0879, -2.8524 0.7419 1.0688, -2.8524 0.7613 1.0462, -2.8524 0.7722 1.0475, -2.8524 0.7831 1.0481, -2.8524 0.82 1.0436, -2.8524 0.8552 1.0301, -2.8524 0.8854 1.009, -2.8524 0.8922 1.0025, -2.8524 0.9301 0.9394, -2.8524 0.9149 0.9736, -2.8524 0.9344 0.9154, -2.8524 0.9365 0.9038, -2.8524 0.9368 0.8944, -2.8524 0.9324 0.8577, -2.8524 0.9189 0.8223, -2.8524 0.897 0.7909, -2.8524 0.8682 0.7662, -2.8524 0.834 0.7493, -2.8524 0.8211 0.7454, -2.8524 0.8199 0.7428, -2.8524 0.8116 0.725, -2.8524 0.7975 0.7076, -2.8524 0.7789 0.6936, -2.8524 0.7702 0.69, -2.8524 0.757 0.6844, -2.8524 0.7346 0.6809, -2.8524 0.7309 0.6809, -2.8524 0.6361 0.7758, -2.8524 0.708 0.6837, -2.8524 0.6917 0.69, -2.8524 0.6868 0.6918, -2.8524 0.6679 0.705, -2.8524 0.6533 0.7214, -2.8524 0.6421 0.7425, -2.8524 0.642 0.7428, -2.8524 0.6366 0.7659, -2.8524 0.6361 0.7852, -2.8524 0.5032 0.8555, -2.8524 0.5326 0.9057, -2.8524 0.6598 0.8393, -2.8524 0.6764 0.8544, -2.8524 0.6965 0.8652, -2.8524 0.7194 0.8709, -2.8524 0.7309 0.8716, -2.8524 0.7536 0.8688, -2.8524 0.7745 0.8608, -2.8524 0.7939 0.8473, -2.8524 0.8096 0.8294, -2.8524 0.8201 0.809, -2.8524 0.8408 0.8217, -2.8524 0.8578 0.8392, -2.8524 0.8691 0.8585, -2.8524 0.8759 0.8817, -2.8524 0.8771 0.8963, -2.8524 0.8747 0.9154, -2.8524 0.8742 0.9192, -2.8524 0.8661 0.9404, -2.8524 0.853 0.9593, -2.8524 0.8366 0.9739, -2.8524 0.8154 0.9851, -2.8524 0.792 0.9906, -2.8524 0.7822 0.9911, -2.8524 0.76 0.9884, -2.8524 0.7387 0.9806, -2.8524 0.7319 0.9769, -2.8524 0.7174 1.0069, -2.8524 0.6961 1.0323, -2.8524 0.6707 1.0509, -2.8524 0.6397 1.0635, -2.8524 0.6047 1.068, -2.8524 0.5726 1.064, -2.8524 0.5428 1.0526, -2.8524 0.5162 1.0341, -2.8524 0.5137 1.0319, -2.8524 0.4923 1.0063, -2.8524 0.4777 0.9758, -2.8524 0.4719 0.9494, -2.8524 0.4643 0.9494, -2.8524 0.4463 0.9472, -2.8524 0.4297 0.9408, -2.8524 0.415 0.9305, -2.8524 0.404 0.9183, -2.8524 0.4025 0.9154, -2.8524 0.3952 0.9019, -2.8524 0.3908 0.8837, -2.8524 0.3903 0.8754, -2.8524 0.3926 0.8569, -2.8524 0.3991 0.84, -2.8524 0.4096 0.8252, -2.8524 0.4109 0.8238, -2.8524 0.4249 0.8124, -2.8524 0.4416 0.8046, -2.8524 0.4586 0.8014, -2.8524 0.5013 0.8014, -2.8524 0.5033 0.8016, -2.8524 0.5061 0.8023, -2.8524 0.507 0.8023, -2.8524 0.5144 0.8014, -2.8524 0.5209 0.7988, -2.8524 0.5267 0.7947, -2.8524 0.5306 0.7903, -2.8524 0.5343 0.7839, -2.8524 0.5362 0.7767, -2.8524 0.5364 0.7729, -2.8524 0.5355 0.7658, -2.8524 0.533 0.7594, -2.8524 0.5289 0.7534, -2.8524 0.5267 0.7512, -2.8524 0.5205 0.7468, -2.8524 0.5143 0.7444, -2.8524 0.5089 0.7435, -2.8524 0.4529 0.7435, -2.8524 0.4214 0.7502, -2.8524 0.3924 0.7643, -2.8524 0.3666 0.7862, -2.8524 0.3478 0.8124, -2.8524 0.3359 0.8424, -2.8524 0.7319 0.8118, -2.8524 0.7252 0.8112, -2.8524 0.7163 0.8083, -2.8524 0.7084 0.8034, -2.8524 0.7021 0.7968, -2.8524 0.6978 0.7891, -2.8524 0.6953 0.7805, -2.8524 0.6951 0.7713, -2.8524 0.6971 0.7621, -2.8524 0.7014 0.7539, -2.8524 0.7075 0.747, -2.8524 0.7148 0.742, -2.8524 0.7231 0.7388, -2.8524 0.7319 0.7378, -2.8524 0.7397 0.7386, -2.8524 0.7485 0.7418, -2.8524 0.7562 0.7469, -2.8524 0.7623 0.7537, -2.8524 0.7664 0.7615, -2.8524 0.7686 0.7702, -2.8524 0.7686 0.7795, -2.8524 0.7663 0.7885, -2.8524 0.7617 0.7967, -2.8524 0.7564 0.8025, -2.8524 0.7489 0.8076, -2.8524 0.7406 0.8108
            ]
        }
        coordIndex [
            0,1,2,-1,3,4,5,-1,6,7,8,-1,9,10,11,-1,11,10,12,-1,13,14,2,-1,2,14,15,-1,2,15,0,-1,5,4,16,-1,17,18,19,-1,20,21,10,-1,10,21,22,-1,10,22,12,-1,12,22,23,-1,24,25,26,-1,26,25,27,-1,26,27,28,-1,28,27,29,-1,28,29,30,-1,30,29,31,-1,30,31,32,-1,32,31,2,-1,32,2,33,-1,34,35,24,-1,24,35,36,-1,24,36,25,-1,9,11,19,-1,19,11,37,-1,19,37,17,-1,38,1,39,-1,39,1,40,-1,39,40,41,-1,42,43,44,-1,44,43,45,-1,44,45,46,-1,46,45,47,-1,46,47,48,-1,48,47,49,-1,6,8,50,-1,50,8,51,-1,50,51,52,-1,52,51,53,-1,52,53,54,-1,4,55,16,-1,16,55,56,-1,16,56,57,-1,57,56,58,-1,57,58,6,-1,6,58,59,-1,6,59,7,-1,23,22,24,-1,24,22,60,-1,24,60,34,-1,61,62,63,-1,63,62,64,-1,63,64,65,-1,65,64,66,-1,65,66,67,-1,67,66,68,-1,67,68,69,-1,69,68,70,-1,69,70,71,-1,38,72,1,-1,1,72,73,-1,1,73,2,-1,2,73,74,-1,2,74,33,-1,47,75,49,-1,49,75,76,-1,49,76,77,-1,77,76,78,-1,77,78,79,-1,79,78,80,-1,79,80,81,-1,81,80,82,-1,81,82,83,-1,83,82,84,-1,83,84,85,-1,85,84,86,-1,85,86,61,-1,61,86,87,-1,61,87,62,-1,88,89,90,-1,90,89,91,-1,90,91,44,-1,44,91,92,-1,44,92,42,-1,93,94,95,-1,95,94,96,-1,95,96,97,-1,97,96,98,-1,97,98,99,-1,99,98,100,-1,99,100,101,-1,101,100,102,-1,101,102,13,-1,13,102,103,-1,13,103,14,-1,54,53,104,-1,104,53,105,-1,104,105,106,-1,106,105,107,-1,106,107,108,-1,108,107,109,-1,108,109,110,-1,110,109,111,-1,110,111,88,-1,88,111,112,-1,88,112,89,-1,5,113,3,-1,3,113,114,-1,3,114,115,-1,115,114,116,-1,115,116,117,-1,117,116,118,-1,117,118,93,-1,93,118,119,-1,93,119,94,-1,120,121,122,-1,18,123,19,-1,19,123,124,-1,19,124,125,-1,125,124,126,-1,125,126,127,-1,127,126,128,-1,127,128,129,-1,129,128,130,-1,129,130,131,-1,131,130,132,-1,131,132,133,-1,133,132,134,-1,133,134,135,-1,135,134,136,-1,135,136,137,-1,137,136,41,-1,137,41,138,-1,138,41,40,-1,70,139,71,-1,71,139,120,-1,71,120,140,-1,140,120,122,-1,141,142,120,-1,120,142,143,-1,120,143,121,-1,144,145,146,-1,145,147,146,-1,146,147,148,-1,146,148,149,-1,141,120,146,-1,146,120,150,-1,146,150,144,-1,81,151,152,-1,81,152,79,-1,79,152,153,-1,79,153,77,-1,153,154,77,-1,77,154,155,-1,77,155,49,-1,49,155,156,-1,49,156,48,-1,48,156,157,-1,48,157,46,-1,46,157,158,-1,46,158,44,-1,44,158,159,-1,44,159,90,-1,90,159,160,-1,90,160,88,-1,110,88,161,-1,161,88,160,-1,161,162,110,-1,110,162,163,-1,110,163,108,-1,108,163,164,-1,108,164,106,-1,106,164,165,-1,106,165,104,-1,104,165,166,-1,104,166,54,-1,54,166,52,-1,52,166,167,-1,52,167,168,-1,52,168,169,-1,52,169,50,-1,50,169,170,-1,50,170,6,-1,6,170,171,-1,6,171,57,-1,57,171,172,-1,57,172,16,-1,16,172,173,-1,16,173,5,-1,5,173,174,-1,5,174,113,-1,113,174,175,-1,113,175,114,-1,114,175,176,-1,114,176,116,-1,177,118,178,-1,178,118,116,-1,178,116,176,-1,179,94,177,-1,177,94,119,-1,177,119,118,-1,179,180,94,-1,94,180,181,-1,94,181,96,-1,96,181,182,-1,96,182,98,-1,98,182,183,-1,98,183,100,-1,100,183,184,-1,100,184,102,-1,102,184,185,-1,102,185,103,-1,103,185,186,-1,103,186,14,-1,14,186,187,-1,14,187,15,-1,15,187,188,-1,15,188,0,-1,188,189,0,-1,0,189,190,-1,0,190,1,-1,1,190,191,-1,1,191,40,-1,40,191,192,-1,40,192,138,-1,192,193,138,-1,138,193,194,-1,138,194,137,-1,137,194,195,-1,137,195,135,-1,196,9,19,-1,135,195,197,-1,198,131,197,-1,197,131,133,-1,197,133,135,-1,198,199,131,-1,131,199,200,-1,131,200,129,-1,129,200,201,-1,129,201,127,-1,127,201,202,-1,127,202,125,-1,125,202,203,-1,125,203,19,-1,19,203,204,-1,19,204,196,-1,10,9,205,-1,205,9,196,-1,20,10,206,-1,206,10,205,-1,21,20,207,-1,207,20,206,-1,22,21,208,-1,208,21,207,-1,22,208,209,-1,22,209,60,-1,60,209,210,-1,60,210,34,-1,34,210,211,-1,34,211,35,-1,35,211,212,-1,35,212,36,-1,36,212,213,-1,36,213,25,-1,25,213,214,-1,25,214,27,-1,27,214,215,-1,27,215,29,-1,29,215,216,-1,29,216,31,-1,31,216,217,-1,31,217,2,-1,2,217,218,-1,2,218,13,-1,13,218,219,-1,13,219,101,-1,101,219,220,-1,101,220,99,-1,99,220,221,-1,99,221,97,-1,97,221,222,-1,97,222,95,-1,95,222,93,-1,93,222,223,-1,223,224,93,-1,93,224,225,-1,93,225,117,-1,117,225,226,-1,117,226,115,-1,115,226,227,-1,115,227,3,-1,3,227,228,-1,3,228,4,-1,4,228,229,-1,4,229,55,-1,55,229,230,-1,55,230,56,-1,56,230,231,-1,56,231,58,-1,58,231,232,-1,58,232,59,-1,59,232,233,-1,59,233,7,-1,7,233,234,-1,7,234,8,-1,8,234,235,-1,8,235,51,-1,51,235,236,-1,51,236,53,-1,53,236,237,-1,53,237,105,-1,105,237,238,-1,105,238,107,-1,107,238,239,-1,107,239,109,-1,109,239,240,-1,109,240,111,-1,111,240,241,-1,111,241,112,-1,112,241,242,-1,112,242,89,-1,89,242,243,-1,89,243,91,-1,91,243,244,-1,91,244,92,-1,92,244,245,-1,92,245,42,-1,43,42,246,-1,246,42,245,-1,43,246,247,-1,43,247,45,-1,45,247,248,-1,45,248,47,-1,47,248,249,-1,47,249,75,-1,75,249,250,-1,75,250,76,-1,76,250,251,-1,76,251,78,-1,251,252,78,-1,78,252,253,-1,78,253,80,-1,80,253,254,-1,80,254,82,-1,82,254,255,-1,82,255,84,-1,84,255,256,-1,84,256,86,-1,86,256,257,-1,86,257,87,-1,87,257,258,-1,87,258,62,-1,62,258,259,-1,62,259,64,-1,64,259,260,-1,64,260,66,-1,66,260,261,-1,66,261,68,-1,70,68,262,-1,262,68,261,-1,70,262,263,-1,70,263,139,-1,139,263,264,-1,139,264,120,-1,120,264,265,-1,120,265,150,-1,150,265,266,-1,150,266,144,-1,144,266,267,-1,144,267,145,-1,145,267,268,-1,145,268,147,-1,147,268,269,-1,147,269,148,-1,148,269,270,-1,148,270,149,-1,149,270,271,-1,149,271,146,-1,146,271,272,-1,146,272,141,-1,141,272,273,-1,141,273,142,-1,142,273,274,-1,142,274,143,-1,143,274,275,-1,143,275,121,-1,121,275,276,-1,121,276,122,-1,122,276,277,-1,122,277,140,-1,140,277,278,-1,140,278,71,-1,71,278,279,-1,71,279,69,-1,67,69,280,-1,280,69,279,-1,67,280,281,-1,67,281,65,-1,65,281,282,-1,65,282,63,-1,63,282,283,-1,63,283,61,-1,61,283,284,-1,61,284,85,-1,85,284,285,-1,85,285,83,-1,83,285,151,-1,83,151,81,-1,23,286,287,-1,23,287,12,-1,12,287,288,-1,12,288,11,-1,11,288,289,-1,11,289,37,-1,37,289,290,-1,37,290,17,-1,17,290,291,-1,17,291,18,-1,18,291,292,-1,18,292,123,-1,123,292,293,-1,123,293,124,-1,124,293,294,-1,124,294,126,-1,126,294,295,-1,126,295,128,-1,128,295,296,-1,128,296,130,-1,130,296,297,-1,130,297,132,-1,132,297,298,-1,132,298,134,-1,134,298,299,-1,134,299,136,-1,136,299,300,-1,136,300,41,-1,41,300,301,-1,41,301,39,-1,39,301,302,-1,39,302,38,-1,38,302,303,-1,38,303,72,-1,72,303,304,-1,72,304,73,-1,73,304,305,-1,73,305,74,-1,74,305,306,-1,74,306,33,-1,33,306,307,-1,33,307,32,-1,32,307,308,-1,32,308,30,-1,30,308,309,-1,30,309,28,-1,28,309,310,-1,28,310,26,-1,26,310,311,-1,26,311,24,-1,24,311,286,-1,24,286,23,-1,
        ]
    }
}
Shape{
    appearance Appearance {
        material  Material 	{
            diffuseColor 1.0 1.0 1.0
            specularColor 0.5019607843137255 0.5019607843137255 0.5019607843137255
            ambientIntensity 1.0
            transparency 0.0
            shininess 0.5
        }
    }
    geometry IndexedFaceSet {
        ccw TRUE
        solid FALSE
        coord DEF co Coordinate {
            point [
                -2.8524 0.7231 0.7388, -2.8524 0.7252 0.8112, -2.8524 0.7319 0.7378, -2.8524 0.7319 0.8118, -2.8524 0.7406 0.8108, -2.8524 0.7489 0.8076, -2.8524 0.7564 0.8025, -2.8524 0.7617 0.7967, -2.8524 0.7664 0.7615, -2.8524 0.7623 0.7537, -2.8524 0.7562 0.7469, -2.8524 0.7075 0.747, -2.8524 0.7021 0.7968, -2.8524 0.7084 0.8034, -2.8524 0.7485 0.7418, -2.8524 0.7397 0.7386, -2.8524 0.7148 0.742, -2.8524 0.7163 0.8083, -2.8524 0.7663 0.7885, -2.8524 0.7686 0.7795, -2.8524 0.7686 0.7702, -2.8524 0.6971 0.7621, -2.8524 0.6951 0.7713, -2.8524 0.7014 0.7539, -2.8524 0.6953 0.7805, -2.8524 0.6978 0.7891
            ]
        }
        coordIndex [
            0,1,2,-1,2,1,3,-1,2,3,4,-1,4,5,2,-1,2,5,6,-1,2,6,7,-1,8,9,7,-1,7,9,10,-1,11,12,13,-1,10,14,7,-1,7,14,15,-1,7,15,2,-1,0,16,1,-1,1,16,11,-1,1,11,17,-1,17,11,13,-1,18,19,7,-1,7,19,20,-1,7,20,8,-1,21,22,23,-1,23,22,24,-1,23,24,11,-1,11,24,25,-1,11,25,12,-1,
        ]
    }
}
Shape{
    appearance Appearance {
        material  Material 	{
            diffuseColor 0.2235294117647059 0.2235294117647059 0.2235294117647059
            specularColor 0.11372549019607843 0.11372549019607843 0.11372549019607843
            ambientIntensity 0.2235
            transparency 0.0
            shininess 0.5
        }
    }
    geometry IndexedFaceSet {
        ccw TRUE
        solid FALSE
        coord DEF co Coordinate {
            point [
                -0.6181 1.857 0.0394, -0.6959 1.6643 0.0394, -0.751 1.7065 0.0394, -2.3587 1.857 0.0394, -2.6161 2.0866 0.0394, -1.1496 1.857 0.0394, -2.6161 2.4803 0.0394, 0.8484 2.4803 0.0394, 0.591 1.857 0.0394, 0.8484 2.0866 0.0394, 0.9272 2.0866 0.0394, 0.9272 0.9796 0.0394, 0.7971 0.9796 0.0394, 0.7971 -0.0626 0.0394, 0.591 -2.5591 0.0394, -0.6181 1.4764 0.0394, -0.6272 1.5451 0.0394, -0.6537 1.6092 0.0394, -1.0167 1.7065 0.0394, -1.0718 1.6643 0.0394, -2.3587 -2.5591 0.0394, -2.5648 -0.9681 0.0394, -2.5648 -1.9482 0.0394, 0.9272 -1.9291 0.0394, 1.0847 -1.9291 0.0394, 0.9272 -1.9482 0.0394, 1.0847 -2.5591 0.0394, 0.7971 -1.9482 0.0394, 0.7971 -0.9681 0.0394, 0.9272 -0.9681 0.0394, 0.9272 -0.0626 0.0394, -0.8151 1.7331 0.0394, -0.8839 1.7421 0.0394, -0.9526 1.7331 0.0394, -1.114 1.6092 0.0394, -1.1405 1.5451 0.0394, -1.1496 1.4764 0.0394, -2.8524 -1.9291 0.0394, -2.6949 -1.9291 0.0394, -2.6949 -1.9482 0.0394, -2.8524 -2.5591 0.0394, -2.6949 -0.9681 0.0394, -2.6949 -0.0626 0.0394, -2.5648 -0.0626 0.0394, -2.5648 0.9796 0.0394, -2.6949 0.9796 0.0394, -2.6949 2.0866 0.0394, 0.591 -2.5591 0.1181, 0.568 -2.5591 1.7602, 1.0847 -2.5591 1.7602, 1.0847 -2.5591 3.8976, -0.5295 -2.5591 0.748, -0.5295 -2.5591 0.1181, 0.2973 -2.5591 0.748, -2.8524 -2.5591 1.2112, -2.3587 -2.5591 0.1181, -2.3357 -2.5591 1.2112, -2.065 -2.5591 0.748, -1.2382 -2.5591 0.748, -1.2382 -2.5591 0.1181, 1.0847 -2.5591 1.2112, 0.568 -2.5591 1.2112, 0.2973 -2.5591 2.7165, -0.1358 -2.5591 4.0945, -1.6319 -2.5591 4.0945, -0.1358 -2.5591 3.937, -1.6319 -2.5591 3.937, -2.8524 -2.5591 3.8976, -2.8524 -2.5591 1.7602, -2.3357 -2.5591 1.7602, -2.065 -2.5591 2.7165, -2.8484 -2.5591 3.937, 1.0807 -2.5591 3.937, -1.2382 0.5118 0.1181, -1.2382 0.5118 0.748, -1.2382 -1.8504 0.748, -0.5295 0.5118 0.748, -0.5295 0.5118 0.1181, -0.5295 -1.8504 0.748, -1.1791 0.1378 0.748, -0.5886 0.1378 0.748, -0.5886 0.2559 0.748, -1.1791 0.2559 0.748
            ]
        }
        coordIndex [
            0,1,2,-1,3,4,5,-1,5,4,6,-1,5,6,0,-1,0,6,7,-1,0,7,8,-1,8,7,9,-1,10,11,9,-1,9,11,12,-1,9,12,8,-1,8,12,13,-1,8,13,14,-1,15,16,0,-1,0,16,17,-1,0,17,1,-1,18,19,5,-1,3,20,21,-1,21,20,22,-1,23,24,25,-1,25,24,26,-1,25,26,27,-1,27,26,14,-1,27,14,28,-1,28,14,13,-1,28,13,29,-1,29,13,30,-1,2,31,0,-1,0,31,32,-1,0,32,5,-1,5,32,33,-1,5,33,18,-1,19,34,5,-1,5,34,35,-1,5,35,36,-1,37,38,39,-1,22,20,39,-1,39,20,40,-1,39,40,37,-1,41,42,21,-1,21,42,43,-1,21,43,3,-1,3,43,44,-1,3,44,4,-1,4,44,45,-1,4,45,46,-1,47,14,26,-1,48,49,50,-1,51,52,53,-1,53,52,47,-1,40,20,54,-1,54,20,55,-1,56,54,57,-1,57,54,55,-1,57,55,58,-1,58,55,59,-1,26,60,47,-1,47,60,61,-1,47,61,53,-1,53,61,48,-1,53,48,62,-1,62,48,50,-1,63,64,65,-1,65,64,66,-1,67,68,69,-1,56,57,69,-1,69,57,70,-1,69,70,67,-1,71,67,66,-1,66,67,70,-1,66,70,65,-1,65,70,62,-1,65,62,72,-1,72,62,50,-1,73,74,59,-1,59,74,75,-1,59,75,58,-1,76,77,78,-1,78,77,52,-1,78,52,51,-1,76,74,77,-1,77,74,73,-1,79,75,74,-1,75,79,78,-1,78,79,80,-1,78,80,76,-1,76,80,81,-1,76,81,74,-1,74,81,82,-1,74,82,79,-1,
        ]
    }
}
Shape{
    appearance Appearance {
        material  Material 	{
            diffuseColor 0.5019607843137255 0.5019607843137255 0.5019607843137255
            specularColor 0.25098039215686274 0.25098039215686274 0.25098039215686274
            ambientIntensity 0.502
            transparency 0.0
            shininess 0.5
        }
    }
    geometry IndexedFaceSet {
        ccw TRUE
        solid FALSE
        coord DEF co Coordinate {
            point [
                1.0807 -2.5591 3.937, 1.0847 -2.5591 3.8976, 1.0807 -1.9291 3.937, 1.0847 -1.9291 3.8976
            ]
        }
        coordIndex [
            0,1,2,-1,2,1,3,-1,
        ]
    }
}
Shape{
    appearance Appearance {
        material  Material 	{
            diffuseColor 0.2235294117647059 0.2235294117647059 0.2235294117647059
            specularColor 0.11372549019607843 0.11372549019607843 0.11372549019607843
            ambientIntensity 0.2235
            transparency 0.0
            shininess 0.5
        }
    }
    geometry IndexedFaceSet {
        ccw TRUE
        solid FALSE
        coord DEF co Coordinate {
            point [
                -2.6161 2.0866 3.937, -2.6161 2.4803 3.937, -2.6161 2.0866 3.8976, -2.6161 2.4803 0.0394, -2.6161 2.0866 0.0394, -0.1358 2.0866 4.0945, -1.6319 2.0866 4.0945, -0.1358 2.0866 3.937, -1.6319 2.0866 3.937, -2.5964 2.0866 3.9106, -2.549 2.0866 3.9303, -2.498 2.0866 3.937, -0.1358 -1.9291 4.0945, -0.1358 -1.9291 3.937, -1.6319 -1.9291 4.0945, -1.6319 -1.9291 3.937, 1.0847 -1.9291 0.0394, 0.9272 -1.9291 0.0394, 0.9272 -1.9291 0.3543, 0.691 -1.9291 1.0304, 0.691 -1.9291 1.7396, 0.9272 -1.9291 1.0304, 0.9272 -1.9291 1.7396, 0.8926 -1.9291 3.9024, 0.8681 -1.9291 3.9212, 1.0807 -1.9291 3.937, 0.8396 -1.9291 3.933, 0.8091 -1.9291 3.937, 1.0847 -1.9291 3.8976, 0.9231 -1.9291 3.8495, 0.9113 -1.9291 3.878, 0.9272 -1.9291 3.8189, -2.8524 -2.2441 1.7602, -2.8524 -2.5591 1.7602, -2.8524 -2.5591 3.8976, -2.8524 -1.9291 0.0394, -2.8524 -2.5591 0.0394, -2.8524 -2.5591 1.2112, -2.8524 -2.2441 1.2112, -2.8524 -1.9291 3.8976, 1.0847 -2.5591 1.2112, 1.0847 -2.5591 0.0394, 1.0847 -2.2441 1.2112, 1.0847 -2.2441 1.7602, 1.0847 -2.5591 1.7602, 1.0847 -2.5591 3.8976
            ]
        }
        coordIndex [
            0,1,2,-1,2,1,3,-1,2,3,4,-1,5,6,7,-1,7,6,8,-1,2,9,0,-1,0,9,10,-1,0,10,11,-1,12,13,14,-1,14,13,15,-1,16,17,18,-1,19,20,21,-1,21,20,22,-1,23,24,25,-1,25,24,26,-1,25,26,27,-1,28,29,25,-1,25,29,30,-1,25,30,23,-1,18,21,16,-1,16,21,22,-1,16,22,28,-1,28,22,31,-1,28,31,29,-1,32,33,34,-1,35,36,37,-1,37,38,35,-1,35,38,32,-1,35,32,39,-1,39,32,34,-1,40,41,42,-1,42,41,16,-1,42,16,43,-1,43,16,28,-1,43,28,44,-1,44,28,45,-1,
        ]
    }
}
Shape{
    appearance Appearance {
        material  Material 	{
            diffuseColor 0.5019607843137255 0.5019607843137255 0.5019607843137255
            specularColor 0.25098039215686274 0.25098039215686274 0.25098039215686274
            ambientIntensity 0.502
            transparency 0.0
            shininess 0.5
        }
    }
    geometry IndexedFaceSet {
        ccw TRUE
        solid FALSE
        coord DEF co Coordinate {
            point [
                -2.8484 -1.9291 3.937, -2.8524 -1.9291 3.8976, -2.8484 -2.5591 3.937, -2.8524 -2.5591 3.8976
            ]
        }
        coordIndex [
            0,1,2,-1,2,1,3,-1,
        ]
    }
}
Shape{
    appearance Appearance {
        material  Material 	{
            diffuseColor 0.2235294117647059 0.2235294117647059 0.2235294117647059
            specularColor 0.11372549019607843 0.11372549019607843 0.11372549019607843
            ambientIntensity 0.2235
            transparency 0.0
            shininess 0.5
        }
    }
    geometry IndexedFaceSet {
        ccw TRUE
        solid FALSE
        coord DEF co Coordinate {
            point [
                -0.1358 -2.5591 4.0945, -0.1358 -1.9291 4.0945, -1.6319 -2.5591 4.0945, -1.6319 -1.9291 4.0945, -2.6161 2.0866 0.0394, -2.6949 2.0866 0.0394, -2.6161 2.0866 3.8976, -2.6949 2.0866 3.7402, -2.6372 2.0866 3.8794, -2.6882 2.0866 3.7911, -2.6685 2.0866 3.8386, -1.6319 2.4803 4.0945, -1.6319 2.0866 4.0945, -0.1358 2.4803 4.0945, -0.1358 2.0866 4.0945, -1.6319 2.4803 3.937, -0.1358 2.4803 3.937, -2.0543 2.4803 1.8493, -2.0071 2.4803 1.6429, -2.6161 2.4803 0.0394, -1.9239 2.4803 1.4482, -2.0638 2.4803 2.0609, -2.6161 2.4803 3.937, -2.0353 2.4803 2.2707, -1.8073 2.4803 1.2715, -1.6609 2.4803 1.1184, -1.4896 2.4803 0.994, -1.7375 2.4803 2.8241, -1.8696 2.4803 2.6585, -1.9699 2.4803 2.4721, -0.1896 2.4803 2.9634, -0.0302 2.4803 2.8241, 0.1019 2.4803 2.6585, -0.3714 2.4803 3.072, -0.5696 2.4803 3.1464, -0.778 2.4803 3.1842, -0.9897 2.4803 3.1842, -1.2989 2.4803 0.9021, -1.0947 2.4803 0.8458, 0.8484 2.4803 0.0394, -0.8839 2.4803 0.8268, -0.673 2.4803 0.8458, -0.4688 2.4803 0.9021, -0.2781 2.4803 0.994, -0.1068 2.4803 1.1184, 0.0396 2.4803 1.2715, 0.1562 2.4803 1.4482, 0.2394 2.4803 1.6429, -1.1981 2.4803 3.1464, -1.3963 2.4803 3.072, -1.5781 2.4803 2.9634, 0.2866 2.4803 1.8493, 0.2961 2.4803 2.0609, 0.8484 2.4803 3.937, 0.2676 2.4803 2.2707, 0.2022 2.4803 2.4721, 0.8484 2.0866 0.0394, 0.8484 2.0866 3.9303, 0.8484 2.0866 3.937, 0.9272 2.0866 0.0394, 0.9272 2.0866 3.8189, 0.8681 2.0866 3.9212, 0.8926 2.0866 3.9024, 0.9113 2.0866 3.878, 0.9231 2.0866 3.8495, 0.8396 2.0866 3.933, 0.8091 2.0866 3.937, 0.9272 -1.9291 3.8189, 0.9231 -1.9291 3.8495, 0.9113 -1.9291 3.878, 0.8926 -1.9291 3.9024, 0.8681 -1.9291 3.9212, 0.8396 -1.9291 3.933, 0.8091 -1.9291 3.937, 0.9272 -0.9681 0.3543, 0.9272 -0.9681 0.0394, 0.9272 -0.0626 0.0394, 0.9272 -1.9291 1.7396, 0.9272 -1.0878 1.7396, 0.9272 -1.0878 1.0304, 0.9272 -1.9291 1.0304, 0.9272 -1.9291 0.3543, 0.9272 -0.0626 0.3543, 0.9272 0.9796 0.3543, 0.9272 0.9796 0.0394, -2.6949 -0.0626 0.3543, -2.6949 -0.0626 0.0394, -2.6949 -0.9681 0.0394, -2.6949 0.9796 0.0394, -2.6949 0.9796 0.3543, -2.6949 -0.9681 0.3543, -2.6949 -1.9291 1.7396, -2.6949 -1.9291 3.7402, -2.6949 -1.0878 1.7396, -2.6949 -1.0878 1.0304, -2.6949 -1.9291 1.0304, -2.6949 -1.9291 0.3543, -2.498 -1.9291 3.937, -2.498 2.0866 3.937, -2.549 2.0866 3.9303, -2.549 -1.9291 3.9303, -2.5964 2.0866 3.9106, -2.5964 -1.9291 3.9106, -2.6372 -1.9291 3.8794, -2.6685 -1.9291 3.8386, -2.6882 -1.9291 3.7911, -0.1358 2.0866 3.937, -2.8484 -1.9291 3.937, -2.8484 -2.5591 3.937, -2.6161 2.0866 3.937, -1.6319 2.0866 3.937, 1.0807 -2.5591 3.937, 1.0807 -1.9291 3.937, -1.6319 -2.5591 3.937, -1.6319 -1.9291 3.937, -0.1358 -1.9291 3.937, -0.1358 -2.5591 3.937, -2.6161 -1.9291 1.7396, -2.6161 -1.9291 1.0304, -2.8524 -1.9291 3.8976, -2.8524 -1.9291 0.0394, -2.6949 -1.9291 0.0394
            ]
        }
        coordIndex [
            0,1,2,-1,2,1,3,-1,4,5,6,-1,6,5,7,-1,6,7,8,-1,8,7,9,-1,8,9,10,-1,11,12,13,-1,13,12,14,-1,11,13,15,-1,15,13,16,-1,17,18,19,-1,19,18,20,-1,17,19,21,-1,21,19,22,-1,21,22,23,-1,20,24,19,-1,19,24,25,-1,19,25,26,-1,27,28,22,-1,22,28,29,-1,22,29,23,-1,30,16,31,-1,31,16,32,-1,30,33,16,-1,16,33,34,-1,16,34,15,-1,15,34,35,-1,15,35,36,-1,26,37,19,-1,19,37,38,-1,19,38,39,-1,39,38,40,-1,39,40,41,-1,41,42,39,-1,39,42,43,-1,39,43,44,-1,44,45,39,-1,39,45,46,-1,39,46,47,-1,36,48,15,-1,15,48,49,-1,15,49,22,-1,22,49,50,-1,22,50,27,-1,47,51,39,-1,39,51,52,-1,39,52,53,-1,53,52,54,-1,53,54,16,-1,16,54,55,-1,16,55,32,-1,56,39,57,-1,57,39,53,-1,57,53,58,-1,59,56,60,-1,60,56,57,-1,60,57,61,-1,62,63,61,-1,61,63,64,-1,61,64,60,-1,57,58,65,-1,65,58,66,-1,67,60,64,-1,67,64,68,-1,68,64,63,-1,68,63,69,-1,69,63,62,-1,69,62,70,-1,70,62,61,-1,70,61,71,-1,71,61,57,-1,71,57,72,-1,57,65,72,-1,72,65,66,-1,72,66,73,-1,74,75,76,-1,67,77,60,-1,60,77,78,-1,79,80,81,-1,81,74,79,-1,79,74,76,-1,79,76,78,-1,78,76,82,-1,78,82,60,-1,60,82,83,-1,60,83,59,-1,59,83,84,-1,85,86,87,-1,7,5,88,-1,88,89,7,-1,7,89,85,-1,7,85,90,-1,90,85,87,-1,91,92,93,-1,93,92,7,-1,93,7,94,-1,94,7,90,-1,94,90,95,-1,95,90,96,-1,97,98,99,-1,97,99,100,-1,100,99,101,-1,100,101,102,-1,102,101,6,-1,102,6,103,-1,6,8,103,-1,103,8,10,-1,103,10,104,-1,104,10,9,-1,104,9,105,-1,105,9,7,-1,105,7,92,-1,66,58,53,-1,53,16,66,-1,66,16,106,-1,66,106,73,-1,97,107,108,-1,22,109,15,-1,15,109,98,-1,15,98,110,-1,110,98,97,-1,111,112,73,-1,108,113,97,-1,97,113,114,-1,97,114,110,-1,110,114,115,-1,110,115,106,-1,106,115,73,-1,73,115,116,-1,73,116,111,-1,117,118,91,-1,91,118,95,-1,92,91,119,-1,119,91,95,-1,119,95,120,-1,120,95,96,-1,120,96,121,-1,102,107,100,-1,100,107,97,-1,102,103,107,-1,107,103,104,-1,107,104,119,-1,119,104,105,-1,119,105,92,-1,
        ]
    }
}
Shape{
    appearance Appearance {
        material  Material 	{
            diffuseColor 0.5019607843137255 0.5019607843137255 0.5019607843137255
            specularColor 0.25098039215686274 0.25098039215686274 0.25098039215686274
            ambientIntensity 0.502
            transparency 0.0
            shininess 0.5
        }
    }
    geometry IndexedFaceSet {
        ccw TRUE
        solid FALSE
        coord DEF co Coordinate {
            point [
                -0.1358 -2.5591 3.937, -0.1358 -1.9291 3.937, -0.1358 -2.5591 4.0945, -0.1358 -1.9291 4.0945, -1.6319 -1.9291 3.937, -1.6319 -2.5591 3.937, -1.6319 -1.9291 4.0945, -1.6319 -2.5591 4.0945, -1.6319 2.4803 3.937, -1.6319 2.0866 3.937, -1.6319 2.4803 4.0945, -1.6319 2.0866 4.0945, -0.1358 2.0866 3.937, -0.1358 2.4803 3.937, -0.1358 2.0866 4.0945, -0.1358 2.4803 4.0945
            ]
        }
        coordIndex [
            0,1,2,-1,2,1,3,-1,4,5,6,-1,6,5,7,-1,8,9,10,-1,10,9,11,-1,12,13,14,-1,14,13,15,-1,
        ]
    }
}
Shape{
    appearance Appearance {
        material  Material 	{
            diffuseColor 0.2235294117647059 0.2235294117647059 0.2235294117647059
            specularColor 0.11372549019607843 0.11372549019607843 0.11372549019607843
            ambientIntensity 0.2235
            transparency 0.0
            shininess 0.5
        }
    }
    geometry IndexedFaceSet {
        ccw TRUE
        solid FALSE
        coord DEF co Coordinate {
            point [
                -0.8839 0.1968 0.8268, -0.8839 2.4803 0.8268, -1.0947 0.1968 0.8458, -1.0947 2.4803 0.8458, -1.2989 0.1968 0.9021, -1.2989 2.4803 0.9021, -1.4896 0.1968 0.994, -1.4896 2.4803 0.994, -1.6609 0.1968 1.1184, -1.6609 2.4803 1.1184, -1.8073 0.1968 1.2715, -1.8073 2.4803 1.2715, -1.9239 0.1968 1.4482, -1.9239 2.4803 1.4482, -2.0071 0.1968 1.6429, -2.0071 2.4803 1.6429, -2.0543 0.1968 1.8493, -2.0543 2.4803 1.8493, -2.0638 0.1968 2.0609, -2.0638 2.4803 2.0609, -2.0353 0.1968 2.2707, -2.0353 2.4803 2.2707, -1.9699 0.1968 2.4721, -1.9699 2.4803 2.4721, -1.8696 0.1968 2.6585, -1.8696 2.4803 2.6585, -1.7375 0.1968 2.8241, -1.7375 2.4803 2.8241, -1.5781 0.1968 2.9634, -1.5781 2.4803 2.9634, -1.3963 0.1968 3.072, -1.3963 2.4803 3.072, -1.1981 0.1968 3.1464, -1.1981 2.4803 3.1464, -0.9897 0.1968 3.1842, -0.9897 2.4803 3.1842, -0.778 0.1968 3.1842, -0.778 2.4803 3.1842, -0.5696 0.1968 3.1464, -0.5696 2.4803 3.1464, -0.3714 0.1968 3.072, -0.3714 2.4803 3.072, -0.1896 0.1968 2.9634, -0.1896 2.4803 2.9634, -0.0302 0.1968 2.8241, -0.0302 2.4803 2.8241, 0.1019 0.1968 2.6585, 0.1019 2.4803 2.6585, 0.2022 0.1968 2.4721, 0.2022 2.4803 2.4721, 0.2676 0.1968 2.2707, 0.2676 2.4803 2.2707, 0.2961 0.1968 2.0609, 0.2961 2.4803 2.0609, 0.2866 0.1968 1.8493, 0.2866 2.4803 1.8493, 0.2394 0.1968 1.6429, 0.2394 2.4803 1.6429, 0.1562 0.1968 1.4482, 0.1562 2.4803 1.4482, 0.0396 0.1968 1.2715, 0.0396 2.4803 1.2715, -0.1068 0.1968 1.1184, -0.1068 2.4803 1.1184, -0.2781 0.1968 0.994, -0.2781 2.4803 0.994, -0.4688 0.1968 0.9021, -0.4688 2.4803 0.9021, -0.673 0.1968 0.8458, -0.673 2.4803 0.8458, -1.2641 0.1968 2.1688, -1.2248 0.1968 2.2638, -1.1622 0.1968 2.3453, -1.2248 0.1968 1.8701, -1.2641 0.1968 1.965, -1.2776 0.1968 2.0669, -1.0807 0.1968 1.726, -1.1622 0.1968 1.7885, -0.6055 0.1968 1.7885, -0.687 0.1968 1.726, -0.782 0.1968 1.6866, -1.0807 0.1968 2.4079, -0.9857 0.1968 2.4472, -0.8839 0.1968 1.6732, -0.9857 0.1968 1.6866, -0.5036 0.1968 1.965, -0.5429 0.1968 1.8701, -0.5429 0.1968 2.2638, -0.5036 0.1968 2.1688, -0.4902 0.1968 2.0669, -0.687 0.1968 2.4079, -0.6055 0.1968 2.3453, -0.8839 0.1968 2.4606, -0.782 0.1968 2.4472, -2.6161 -1.0878 1.7396, -2.6949 -1.0878 1.7396, -2.6161 -1.0878 1.0304, -2.6949 -1.0878 1.0304, -2.6161 -1.9291 1.7396, -2.6949 -1.9291 1.7396, -2.6161 -1.9291 1.0304, -2.6949 -1.9291 1.0304, 0.691 -1.0878 1.0304, 0.9272 -1.0878 1.0304, 0.691 -1.0878 1.7396, 0.9272 -1.0878 1.7396, 0.691 -1.9291 1.0304, 0.9272 -1.9291 1.0304, 0.691 -1.9291 1.7396, 0.9272 -1.9291 1.7396
            ]
        }
        coordIndex [
            0,1,2,-1,2,1,3,-1,2,3,4,-1,4,3,5,-1,4,5,6,-1,6,5,7,-1,6,7,8,-1,8,7,9,-1,8,9,10,-1,10,9,11,-1,10,11,12,-1,12,11,13,-1,12,13,14,-1,14,13,15,-1,14,15,16,-1,16,15,17,-1,16,17,18,-1,18,17,19,-1,18,19,20,-1,20,19,21,-1,20,21,22,-1,22,21,23,-1,22,23,24,-1,24,23,25,-1,24,25,26,-1,26,25,27,-1,26,27,28,-1,28,27,29,-1,28,29,30,-1,30,29,31,-1,30,31,32,-1,32,31,33,-1,32,33,34,-1,34,33,35,-1,34,35,36,-1,36,35,37,-1,36,37,38,-1,38,37,39,-1,38,39,40,-1,40,39,41,-1,40,41,42,-1,42,41,43,-1,42,43,44,-1,44,43,45,-1,44,45,46,-1,46,45,47,-1,46,47,48,-1,48,47,49,-1,48,49,50,-1,50,49,51,-1,50,51,52,-1,52,51,53,-1,52,53,54,-1,54,53,55,-1,54,55,56,-1,56,55,57,-1,56,57,58,-1,58,57,59,-1,58,59,60,-1,60,59,61,-1,60,61,62,-1,62,61,63,-1,62,63,64,-1,64,63,65,-1,64,65,66,-1,66,65,67,-1,66,67,68,-1,68,67,69,-1,68,69,0,-1,0,69,1,-1,70,22,71,-1,71,22,24,-1,71,24,72,-1,73,14,74,-1,74,14,16,-1,74,16,75,-1,75,16,18,-1,75,18,70,-1,70,18,20,-1,70,20,22,-1,76,8,77,-1,77,8,10,-1,77,10,73,-1,73,10,12,-1,73,12,14,-1,78,62,79,-1,79,62,64,-1,79,64,80,-1,24,26,72,-1,72,26,28,-1,72,28,81,-1,81,28,30,-1,81,30,82,-1,83,2,84,-1,84,2,4,-1,84,4,76,-1,76,4,6,-1,76,6,8,-1,64,66,80,-1,80,66,68,-1,80,68,83,-1,83,68,0,-1,83,0,2,-1,85,56,86,-1,86,56,58,-1,86,58,78,-1,78,58,60,-1,78,60,62,-1,87,48,88,-1,88,48,50,-1,88,50,89,-1,89,50,52,-1,89,52,85,-1,85,52,54,-1,85,54,56,-1,90,42,91,-1,91,42,44,-1,91,44,87,-1,87,44,46,-1,87,46,48,-1,30,32,82,-1,82,32,34,-1,82,34,92,-1,92,34,36,-1,92,36,93,-1,93,36,38,-1,93,38,90,-1,90,38,40,-1,90,40,42,-1,94,95,96,-1,96,95,97,-1,98,99,94,-1,94,99,95,-1,96,97,100,-1,100,97,101,-1,96,100,94,-1,94,100,98,-1,102,103,104,-1,104,103,105,-1,106,107,102,-1,102,107,103,-1,104,105,108,-1,108,105,109,-1,108,106,104,-1,104,106,102,-1,
        ]
    }
}
Shape{
    appearance Appearance {
        material  Material 	{
            diffuseColor 1.0 1.0 1.0
            specularColor 0.5019607843137255 0.5019607843137255 0.5019607843137255
            ambientIntensity 1.0
            transparency 0.0
            shininess 0.5
        }
    }
    geometry IndexedFaceSet {
        ccw TRUE
        solid FALSE
        coord DEF co Coordinate {
            point [
                -1.0525 0.1378 -0.8268, -0.7152 0.1378 -0.8268, -1.1791 0.1378 -0.3543, -0.5886 0.1378 -0.3543, -1.1791 0.1378 0.748, -0.5886 0.1378 0.748, -0.5886 0.2559 -0.3543, -0.5886 0.2559 0.748, -1.1791 0.2559 0.748, -1.1791 0.2559 -0.3543, -1.0525 0.2559 -0.8268, -0.7152 0.2559 -0.8268
            ]
        }
        coordIndex [
            0,1,2,-1,2,1,3,-1,2,3,4,-1,4,3,5,-1,6,7,3,-1,3,7,5,-1,8,7,9,-1,9,7,6,-1,9,6,10,-1,10,6,11,-1,2,4,9,-1,9,4,8,-1,10,11,0,-1,0,11,1,-1,
        ]
    }
}
Shape{
    appearance Appearance {
        material  Material 	{
            diffuseColor 0.2235294117647059 0.2235294117647059 0.2235294117647059
            specularColor 0.11372549019607843 0.11372549019607843 0.11372549019607843
            ambientIntensity 0.2235
            transparency 0.0
            shininess 0.5
        }
    }
    geometry IndexedFaceSet {
        ccw TRUE
        solid FALSE
        coord DEF co Coordinate {
            point [
                -0.6181 1.4764 0.0394, -0.6181 1.4764 0.1181, -0.6272 1.4076 0.1181, -1.1405 1.4076 0.1181, -1.1496 1.4764 0.1181, -1.1496 1.4764 0.0394, -1.1405 1.4076 -0.3937, -1.1496 1.4764 -0.3937, -1.1405 1.5451 0.0394, -1.1405 1.5451 -0.3937, -1.114 1.6092 0.0394, -1.114 1.6092 -0.3937, -1.0718 1.6643 0.0394, -1.0718 1.6643 -0.3937, -1.0167 1.7065 0.0394, -1.0167 1.7065 -0.3937, -0.9526 1.7331 0.0394, -0.9526 1.7331 -0.3937, -0.8839 1.7421 0.0394, -0.8839 1.7421 -0.3937, -0.8151 1.7331 0.0394, -0.8151 1.7331 -0.3937, -0.751 1.7065 0.0394, -0.751 1.7065 -0.3937, -0.6959 1.6643 0.0394, -0.6959 1.6643 -0.3937, -0.6537 1.6092 0.0394, -0.6537 1.6092 -0.3937, -0.6272 1.5451 0.0394, -0.6272 1.5451 -0.3937, -0.6181 1.4764 -0.3937, -0.6272 1.4076 -0.3937, -0.6537 1.3435 0.1181, -0.6537 1.3435 -0.3937, -0.6959 1.2885 0.1181, -0.6959 1.2885 -0.3937, -0.751 1.2462 0.1181, -0.751 1.2462 -0.3937, -0.8151 1.2197 0.1181, -0.8151 1.2197 -0.3937, -0.8839 1.2106 0.1181, -0.8839 1.2106 -0.3937, -0.9526 1.2197 0.1181, -0.9526 1.2197 -0.3937, -1.0167 1.2462 0.1181, -1.0167 1.2462 -0.3937, -1.0718 1.2885 0.1181, -1.0718 1.2885 -0.3937, -1.114 1.3435 0.1181, -1.114 1.3435 -0.3937, -0.7521 1.5524 -0.5905, -0.7369 1.5157 -0.5905, -0.8839 1.4764 -0.5905, -0.7318 1.4764 -0.5905, -0.7369 1.437 -0.5905, -0.8445 1.6233 -0.5905, -0.8078 1.6081 -0.5905, -0.7763 1.5839 -0.5905, -0.9599 1.6081 -0.5905, -0.9232 1.6233 -0.5905, -0.8839 1.6285 -0.5905, -1.0308 1.5157 -0.5905, -1.0156 1.5524 -0.5905, -0.9914 1.5839 -0.5905, -1.0156 1.4003 -0.5905, -1.0308 1.437 -0.5905, -1.0359 1.4764 -0.5905, -0.9232 1.3295 -0.5905, -0.9599 1.3446 -0.5905, -0.9914 1.3688 -0.5905, -0.8078 1.3446 -0.5905, -0.8445 1.3295 -0.5905, -0.8839 1.3243 -0.5905, -0.7521 1.4003 -0.5905, -0.7763 1.3688 -0.5905, -2.065 -2.5591 0.748, -1.2382 -2.5591 0.748, -2.065 -1.8504 0.748, -1.2382 -1.8504 0.748, 0.2973 -1.8504 0.748, -0.5295 -1.8504 0.748, 0.2973 -2.5591 0.748, -0.5295 -2.5591 0.748, 0.2973 -1.8504 1.1417, 0.2973 -2.5591 2.7165, 0.2973 -1.6142 1.1417, 0.2973 -1.6142 2.7165, -2.065 -1.6142 1.1417, -2.065 -1.6142 2.7165, -2.065 -1.8504 1.1417, -2.065 -2.5591 2.7165, 1.0847 -2.2441 1.2112, 0.568 -2.2441 1.2112, 1.0847 -2.5591 1.2112, 0.568 -2.5591 1.2112, 0.568 -2.2441 1.7602, 0.568 -2.5591 1.7602, 1.0847 -2.2441 1.7602, 1.0847 -2.5591 1.7602, -2.8524 -2.2441 1.7602, -2.3357 -2.2441 1.7602, -2.8524 -2.5591 1.7602, -2.3357 -2.5591 1.7602, -2.3357 -2.2441 1.2112, -2.3357 -2.5591 1.2112, -2.8524 -2.2441 1.2112, -2.8524 -2.5591 1.2112, -2.5648 -0.9681 0.3543, -2.6949 -0.9681 0.3543, -2.5648 -0.9681 0.0394, -2.6949 -0.9681 0.0394, -2.6949 -1.9482 0.3543, -2.6949 -1.9482 0.0394, -2.6949 -1.9291 0.3543, -2.6949 -1.9291 0.0394, -2.5648 -1.9482 0.3543, -2.5648 -1.9482 0.0394, -2.5648 0.9796 0.3543, -2.6949 0.9796 0.3543, -2.5648 0.9796 0.0394, -2.6949 0.9796 0.0394, -2.6949 -0.0626 0.3543, -2.5648 -0.0626 0.3543, -2.6949 -0.0626 0.0394, -2.5648 -0.0626 0.0394, 0.9272 -1.9482 0.0394, 0.9272 -1.9482 0.3543, 0.9272 -1.9291 0.0394, 0.9272 -1.9291 0.3543, 0.9272 -0.9681 0.3543, 0.7971 -0.9681 0.3543, 0.9272 -0.9681 0.0394, 0.7971 -0.9681 0.0394, 0.7971 -1.9482 0.3543, 0.7971 -1.9482 0.0394, 0.9272 0.9796 0.3543, 0.7971 0.9796 0.3543, 0.9272 0.9796 0.0394, 0.7971 0.9796 0.0394, 0.7971 -0.0626 0.3543, 0.7971 -0.0626 0.0394, 0.9272 -0.0626 0.3543, 0.9272 -0.0626 0.0394, -1.1496 1.857 0.1181, -2.3587 1.857 0.1181, -1.1496 1.857 0.0394, -2.3587 1.857 0.0394, -2.3587 -2.5591 0.1181, -2.3587 -2.5591 0.0394, 0.591 -2.5591 0.1181, 0.591 1.857 0.1181, 0.591 -2.5591 0.0394, 0.591 1.857 0.0394, -0.6181 1.857 0.1181, -0.6181 1.857 0.0394, -0.5295 -2.5591 0.1181, -0.5295 0.5118 0.1181, -1.2382 -2.5591 0.1181, -1.2382 0.5118 0.1181
            ]
        }
        coordIndex [
            0,1,2,-1,3,4,5,-1,6,5,7,-1,7,5,8,-1,7,8,9,-1,9,8,10,-1,9,10,11,-1,11,10,12,-1,11,12,13,-1,13,12,14,-1,13,14,15,-1,15,14,16,-1,15,16,17,-1,17,16,18,-1,17,18,19,-1,19,18,20,-1,19,20,21,-1,21,20,22,-1,21,22,23,-1,23,22,24,-1,23,24,25,-1,25,24,26,-1,25,26,27,-1,27,26,28,-1,27,28,29,-1,29,28,0,-1,29,0,30,-1,30,0,2,-1,30,2,31,-1,31,2,32,-1,31,32,33,-1,33,32,34,-1,33,34,35,-1,35,34,36,-1,35,36,37,-1,37,36,38,-1,37,38,39,-1,39,38,40,-1,39,40,41,-1,41,40,42,-1,41,42,43,-1,43,42,44,-1,43,44,45,-1,45,44,46,-1,45,46,47,-1,47,46,48,-1,47,48,49,-1,49,48,3,-1,49,3,6,-1,6,3,5,-1,50,51,52,-1,52,51,53,-1,52,53,54,-1,55,56,52,-1,52,56,57,-1,52,57,50,-1,58,59,52,-1,52,59,60,-1,52,60,55,-1,61,62,52,-1,52,62,63,-1,52,63,58,-1,64,65,52,-1,52,65,66,-1,52,66,61,-1,67,68,52,-1,52,68,69,-1,52,69,64,-1,70,71,52,-1,52,71,72,-1,52,72,67,-1,54,73,52,-1,52,73,74,-1,52,74,70,-1,7,65,6,-1,6,65,64,-1,6,64,49,-1,49,64,69,-1,49,69,47,-1,47,69,68,-1,47,68,45,-1,45,68,67,-1,45,67,43,-1,43,67,72,-1,43,72,41,-1,41,72,71,-1,41,71,39,-1,39,71,70,-1,39,70,37,-1,37,70,74,-1,37,74,35,-1,35,74,73,-1,35,73,33,-1,33,73,54,-1,33,54,31,-1,31,54,53,-1,31,53,30,-1,30,53,51,-1,30,51,29,-1,29,51,50,-1,29,50,27,-1,27,50,57,-1,27,57,25,-1,25,57,56,-1,25,56,23,-1,23,56,55,-1,23,55,21,-1,21,55,60,-1,21,60,19,-1,19,60,59,-1,19,59,17,-1,17,59,58,-1,17,58,15,-1,15,58,63,-1,15,63,13,-1,13,63,62,-1,13,62,11,-1,11,62,61,-1,11,61,9,-1,9,61,66,-1,9,66,7,-1,7,66,65,-1,75,76,77,-1,77,76,78,-1,79,80,81,-1,81,80,82,-1,79,81,83,-1,83,81,84,-1,83,84,85,-1,85,84,86,-1,87,88,89,-1,89,88,90,-1,89,90,77,-1,77,90,75,-1,80,79,83,-1,80,83,78,-1,78,83,89,-1,78,89,77,-1,85,87,83,-1,83,87,89,-1,88,86,90,-1,90,86,84,-1,86,88,85,-1,85,88,87,-1,91,92,93,-1,93,92,94,-1,92,95,94,-1,94,95,96,-1,95,97,96,-1,96,97,98,-1,95,92,97,-1,97,92,91,-1,99,100,101,-1,101,100,102,-1,100,103,102,-1,102,103,104,-1,103,105,104,-1,104,105,106,-1,103,100,105,-1,105,100,99,-1,107,108,109,-1,109,108,110,-1,111,112,113,-1,113,112,114,-1,111,115,112,-1,112,115,116,-1,115,107,116,-1,116,107,109,-1,108,107,113,-1,113,107,115,-1,113,115,111,-1,117,118,119,-1,119,118,120,-1,121,122,123,-1,123,122,124,-1,122,117,124,-1,124,117,119,-1,122,121,117,-1,117,121,118,-1,125,126,127,-1,127,126,128,-1,129,130,131,-1,131,130,132,-1,130,133,132,-1,132,133,134,-1,133,126,134,-1,134,126,125,-1,126,133,128,-1,128,133,130,-1,128,130,129,-1,135,136,137,-1,137,136,138,-1,136,139,138,-1,138,139,140,-1,139,141,140,-1,140,141,142,-1,139,136,141,-1,141,136,135,-1,143,144,145,-1,145,144,146,-1,144,147,146,-1,146,147,148,-1,149,150,151,-1,151,150,152,-1,150,153,152,-1,152,153,154,-1,153,1,154,-1,154,1,0,-1,4,143,5,-1,5,143,145,-1,149,155,150,-1,150,155,156,-1,1,153,150,-1,157,147,158,-1,158,147,144,-1,158,46,44,-1,44,42,158,-1,158,42,40,-1,158,40,156,-1,156,40,38,-1,156,38,36,-1,143,4,144,-1,144,4,3,-1,144,3,158,-1,158,3,48,-1,158,48,46,-1,36,34,156,-1,156,34,32,-1,156,32,150,-1,150,32,2,-1,150,2,1,-1,
        ]
    }
}
Shape{
    appearance Appearance {
        material  Material 	{
            diffuseColor 1.0 1.0 1.0
            specularColor 0.5019607843137255 0.5019607843137255 0.5019607843137255
            ambientIntensity 1.0
            transparency 0.0
            shininess 0.5
        }
    }
    geometry IndexedFaceSet {
        ccw TRUE
        solid FALSE
        coord DEF co Coordinate {
            point [
                -0.8839 0.1968 2.4606, -0.782 0.1968 2.4472, -0.7962 1.7323 2.4508, -0.687 0.1968 2.4079, -0.713 1.7323 2.4216, -0.7824 1.7323 2.4459, -0.6055 0.1968 2.3453, -0.6384 1.7323 2.3747, -0.6882 1.7323 2.406, -0.5429 0.1968 2.2638, -0.576 1.7323 2.3124, -0.6072 1.7323 2.3436, -0.5036 0.1968 2.1688, -0.5291 1.7323 2.2378, -0.5448 1.7323 2.2626, -0.4902 0.1968 2.0669, -0.5 1.7323 2.1545, -0.5049 1.7323 2.1684, -0.5036 0.1968 1.965, -0.5 1.7323 1.9793, -0.4902 1.7323 2.0669, -0.5429 0.1968 1.8701, -0.5291 1.7323 1.8961, -0.5049 1.7323 1.9655, -0.6055 0.1968 1.7885, -0.576 1.7323 1.8215, -0.5448 1.7323 1.8713, -0.687 0.1968 1.726, -0.6384 1.7323 1.7591, -0.6072 1.7323 1.7903, -0.782 0.1968 1.6866, -0.713 1.7323 1.7122, -0.6882 1.7323 1.7278, -0.8839 0.1968 1.6732, -0.7962 1.7323 1.6831, -0.7824 1.7323 1.6879, -0.9857 0.1968 1.6866, -0.9715 1.7323 1.6831, -0.8839 1.7323 1.6732, -1.0807 0.1968 1.726, -1.0547 1.7323 1.7122, -0.9853 1.7323 1.6879, -1.1622 0.1968 1.7885, -1.1293 1.7323 1.7591, -1.0795 1.7323 1.7278, -1.2248 0.1968 1.8701, -1.1917 1.7323 1.8215, -1.1605 1.7323 1.7903, -1.2641 0.1968 1.965, -1.2386 1.7323 1.8961, -1.2229 1.7323 1.8713, -1.2776 0.1968 2.0669, -1.2677 1.7323 1.9793, -1.2628 1.7323 1.9655, -1.2641 0.1968 2.1688, -1.2677 1.7323 2.1545, -1.2776 1.7323 2.0669, -1.2248 0.1968 2.2638, -1.2386 1.7323 2.2378, -1.2628 1.7323 2.1684, -1.1622 0.1968 2.3453, -1.1917 1.7323 2.3124, -1.2229 1.7323 2.2626, -1.0807 0.1968 2.4079, -1.1293 1.7323 2.3747, -1.1605 1.7323 2.3436, -0.9857 0.1968 2.4472, -1.0547 1.7323 2.4216, -1.0795 1.7323 2.406, -0.8839 1.7323 2.4606, -0.9715 1.7323 2.4508, -0.9853 1.7323 2.4459, -0.8839 1.9685 1.9095, -0.9189 1.9685 1.9134, -0.8839 1.9685 2.0669, -0.7857 1.9685 1.9438, -0.8155 1.9685 1.925, -0.8488 1.9685 1.9134, -0.7303 1.9685 2.0319, -0.742 1.9685 1.9986, -0.7607 1.9685 1.9687, -0.742 1.9685 2.1353, -0.7303 1.9685 2.102, -0.7264 1.9685 2.0669, -0.8155 1.9685 2.2088, -0.7857 1.9685 2.1901, -0.7607 1.9685 2.1651, -0.9189 1.9685 2.2205, -0.8839 1.9685 2.2244, -0.8488 1.9685 2.2205, -1.007 1.9685 2.1651, -0.982 1.9685 2.1901, -0.9522 1.9685 2.2088, -1.0413 1.9685 2.0669, -1.0374 1.9685 2.102, -1.0257 1.9685 2.1353, -1.007 1.9685 1.9687, -1.0257 1.9685 1.9986, -1.0374 1.9685 2.0319, -0.9522 1.9685 1.925, -0.982 1.9685 1.9438, -1.0512 1.7934 1.7195, -1.1243 1.7934 1.7654, -1.2313 1.7934 1.8996, -1.2598 1.7934 1.9811, -1.2313 1.7934 2.2343, -1.1854 1.7934 2.3074, -1.0512 1.7934 2.4144, -0.9697 1.7934 2.4429, -0.7165 1.7934 2.4144, -0.6434 1.7934 2.3684, -0.5364 1.7934 2.2343, -0.5079 1.7934 2.1527, -0.5364 1.7934 1.8996, -0.5823 1.7934 1.8265, -0.7165 1.7934 1.7195, -0.798 1.7934 1.6909, -0.7475 1.9604 1.896, -0.7129 1.9604 1.9306, -0.712 1.9368 1.8515, -0.6684 1.9368 1.8951, -0.6815 1.8993 1.8132, -0.6301 1.8993 1.8646, -0.6581 1.8504 1.7839, -0.6008 1.8504 1.8412, -0.6434 1.7934 1.7654, -0.7129 1.9604 2.2032, -0.7475 1.9604 2.2379, -0.6684 1.9368 2.2388, -0.712 1.9368 2.2824, -0.6301 1.8993 2.2693, -0.6815 1.8993 2.3206, -0.6008 1.8504 2.2927, -0.6581 1.8504 2.35, -0.5823 1.7934 2.3074, -1.0202 1.9604 2.2379, -1.0548 1.9604 2.2032, -1.0557 1.9368 2.2824, -1.0993 1.9368 2.2388, -1.0862 1.8993 2.3206, -1.1376 1.8993 2.2693, -1.1096 1.8504 2.35, -1.1669 1.8504 2.2927, -1.1243 1.7934 2.3684, -1.0548 1.9604 1.9306, -1.0202 1.9604 1.896, -1.0993 1.9368 1.8951, -1.0557 1.9368 1.8515, -1.1376 1.8993 1.8646, -1.0862 1.8993 1.8132, -1.1669 1.8504 1.8412, -1.1096 1.8504 1.7839, -1.1854 1.7934 1.8265, -0.8839 1.9604 1.8483, -0.8352 1.9604 1.8538, -0.8839 1.9368 1.7913, -0.8225 1.9368 1.7982, -0.8839 1.8993 1.7424, -0.8116 1.8993 1.7506, -0.8839 1.8504 1.7049, -0.8033 1.8504 1.714, -0.8839 1.7934 1.6813, -0.7268 1.8504 1.7407, -0.7431 1.8993 1.7746, -0.7643 1.9368 1.8186, -0.789 1.9604 1.87, -0.5577 1.8504 1.9098, -0.5915 1.8993 1.9261, -0.6356 1.9368 1.9474, -0.6869 1.9604 1.9721, -0.5079 1.7934 1.9811, -0.5309 1.8504 1.9864, -0.5675 1.8993 1.9947, -0.6152 1.9368 2.0056, -0.6707 1.9604 2.0183, -0.6652 1.9604 2.0669, -0.6083 1.9368 2.0669, -0.5593 1.8993 2.0669, -0.5218 1.8504 2.0669, -0.4982 1.7934 2.0669, -0.6707 1.9604 2.1156, -0.6152 1.9368 2.1283, -0.5675 1.8993 2.1391, -0.5309 1.8504 2.1475, -0.5577 1.8504 2.224, -0.5915 1.8993 2.2077, -0.6356 1.9368 2.1865, -0.6869 1.9604 2.1618, -0.7268 1.8504 2.3931, -0.7431 1.8993 2.3593, -0.7643 1.9368 2.3152, -0.789 1.9604 2.2639, -0.798 1.7934 2.4429, -0.8033 1.8504 2.4199, -0.8116 1.8993 2.3833, -0.8225 1.9368 2.3356, -0.8352 1.9604 2.2801, -0.8839 1.9604 2.2855, -0.8839 1.9368 2.3425, -0.8839 1.8993 2.3914, -0.8839 1.8504 2.429, -0.8839 1.7934 2.4526, -0.9325 1.9604 2.2801, -0.9452 1.9368 2.3356, -0.9561 1.8993 2.3833, -0.9644 1.8504 2.4199, -1.0409 1.8504 2.3931, -1.0247 1.8993 2.3593, -1.0034 1.9368 2.3152, -0.9787 1.9604 2.2639, -1.2101 1.8504 2.224, -1.1762 1.8993 2.2077, -1.1321 1.9368 2.1865, -1.0808 1.9604 2.1618, -1.2598 1.7934 2.1527, -1.2368 1.8504 2.1475, -1.2002 1.8993 2.1391, -1.1525 1.9368 2.1283, -1.097 1.9604 2.1156, -1.1025 1.9604 2.0669, -1.1594 1.9368 2.0669, -1.2084 1.8993 2.0669, -1.2459 1.8504 2.0669, -1.2695 1.7934 2.0669, -1.097 1.9604 2.0183, -1.1525 1.9368 2.0056, -1.2002 1.8993 1.9947, -1.2368 1.8504 1.9864, -1.2101 1.8504 1.9098, -1.1762 1.8993 1.9261, -1.1321 1.9368 1.9474, -1.0808 1.9604 1.9721, -1.0409 1.8504 1.7407, -1.0247 1.8993 1.7746, -1.0034 1.9368 1.8186, -0.9787 1.9604 1.87, -0.9697 1.7934 1.6909, -0.9644 1.8504 1.714, -0.9561 1.8993 1.7506, -0.9452 1.9368 1.7982, -0.9325 1.9604 1.8538, -1.0525 0.1378 -0.8268, -1.1791 0.1378 -0.3543, -1.0525 0.2559 -0.8268, -1.1791 0.2559 -0.3543, -0.7152 0.2559 -0.8268, -0.5886 0.2559 -0.3543, -0.7152 0.1378 -0.8268, -0.5886 0.1378 -0.3543, -0.8839 -1.6142 1.6732, -0.9657 -1.6929 1.6818, -0.9657 -1.6142 1.6818, -1.044 -1.6929 1.7073, -1.044 -1.6142 1.7073, -1.1153 -1.6929 1.7484, -1.1153 -1.6142 1.7484, -1.1764 -1.6929 1.8035, -1.1764 -1.6142 1.8035, -1.2248 -1.6929 1.8701, -1.2248 -1.6142 1.8701, -1.2583 -1.6929 1.9453, -1.2583 -1.6142 1.9453, -1.2754 -1.6929 2.0258, -1.2754 -1.6142 2.0258, -1.2754 -1.6929 2.1081, -1.2754 -1.6142 2.1081, -1.2583 -1.6929 2.1886, -1.2583 -1.6142 2.1886, -1.2248 -1.6929 2.2638, -1.2248 -1.6142 2.2638, -1.1764 -1.6929 2.3304, -1.1764 -1.6142 2.3304, -1.1153 -1.6929 2.3854, -1.1153 -1.6142 2.3854, -1.044 -1.6929 2.4266, -1.044 -1.6142 2.4266, -0.9657 -1.6929 2.452, -0.9657 -1.6142 2.452, -0.8839 -1.6929 2.4606, -0.8839 -1.6142 2.4606, -0.802 -1.6929 2.452, -0.802 -1.6142 2.452, -0.7237 -1.6929 2.4266, -0.7237 -1.6142 2.4266, -0.6524 -1.6929 2.3854, -0.6524 -1.6142 2.3854, -0.5913 -1.6929 2.3304, -0.5913 -1.6142 2.3304, -0.5429 -1.6929 2.2638, -0.5429 -1.6142 2.2638, -0.5094 -1.6929 2.1886, -0.5094 -1.6142 2.1886, -0.4923 -1.6929 2.1081, -0.4923 -1.6142 2.1081, -0.4923 -1.6929 2.0258, -0.4923 -1.6142 2.0258, -0.5094 -1.6929 1.9453, -0.5094 -1.6142 1.9453, -0.5429 -1.6929 1.8701, -0.5429 -1.6142 1.8701, -0.5913 -1.6929 1.8035, -0.5913 -1.6142 1.8035, -0.6524 -1.6929 1.7484, -0.6524 -1.6142 1.7484, -0.7237 -1.6929 1.7073, -0.7237 -1.6142 1.7073, -0.802 -1.6929 1.6818, -0.802 -1.6142 1.6818, -0.8839 -1.6929 1.6732, -0.7657 -1.6929 1.8624, -0.7168 -1.6929 1.8999, -0.6793 -1.6929 1.9488, -0.6557 -1.6929 2.0058, -0.6476 -1.6929 2.0669, -1.002 -1.6929 1.8624, -0.945 -1.6929 1.8388, -0.8839 -1.6929 1.8307, -0.8227 -1.6929 1.8388, -0.7657 -1.6929 2.2715, -0.8227 -1.6929 2.2951, -0.8839 -1.6929 2.3032, -0.945 -1.6929 2.2951, -1.002 -1.6929 2.2715, -1.0509 -1.6929 2.234, -1.0884 -1.6929 2.185, -1.112 -1.6929 2.1281, -1.1201 -1.6929 2.0669, -0.6557 -1.6929 2.1281, -0.6793 -1.6929 2.185, -0.7168 -1.6929 2.234, -1.112 -1.6929 2.0058, -1.0884 -1.6929 1.9488, -1.0509 -1.6929 1.8999, -0.8839 -1.6142 2.0669, -0.9788 -2.2202 -0.9449, -0.9897 -2.1937 -0.9449, -0.8839 -2.1654 -0.9449, -0.9935 -2.1654 -0.9449, -0.9897 -2.137 -0.9449, -0.9122 -2.2713 -0.9449, -0.9387 -2.2603 -0.9449, -0.9614 -2.2429 -0.9449, -0.829 -2.2603 -0.9449, -0.8555 -2.2713 -0.9449, -0.8839 -2.275 -0.9449, -0.778 -2.1937 -0.9449, -0.7889 -2.2202 -0.9449, -0.8063 -2.2429 -0.9449, -0.7889 -2.1105 -0.9449, -0.778 -2.137 -0.9449, -0.7742 -2.1654 -0.9449, -0.8555 -2.0595 -0.9449, -0.829 -2.0704 -0.9449, -0.8063 -2.0878 -0.9449, -0.9387 -2.0704 -0.9449, -0.9122 -2.0595 -0.9449, -0.8839 -2.0557 -0.9449, -0.9788 -2.1105 -0.9449, -0.9614 -2.0878 -0.9449, -0.8614 -1.7717 2.3021, -0.7756 -1.7717 2.2769, -0.8173 -1.7717 2.2936, -0.8228 -1.7717 2.2946, -0.7662 -1.7717 2.2708, -0.7378 -1.7717 2.2526, -0.7175 -1.7717 2.2332, -0.7053 -1.7717 2.2216, -0.6793 -1.7717 2.185, -0.6606 -1.7717 2.1442, -0.6484 -1.7717 2.0669, -0.65 -1.7717 2.1005, -0.6567 -1.7717 2.1278, -0.6479 -1.7717 2.0557, -0.6543 -1.7717 2.0112, -0.6561 -1.7717 2.0059, -0.669 -1.7717 1.9688, -0.7172 -1.7717 1.9002, -0.6914 -1.7717 1.9299, -0.6802 -1.7717 1.9494, -0.7208 -1.7717 1.896, -0.7561 -1.7717 1.8682, -0.7661 -1.7717 1.8631, -0.7961 -1.7717 1.8476, -0.823 -1.7717 1.8397, -0.8391 -1.7717 1.835, -0.8839 -1.7717 1.8307, -0.9286 -1.7717 1.835, -1.0016 -1.7717 1.8631, -0.9716 -1.7717 1.8476, -0.9447 -1.7717 1.8397, -1.0116 -1.7717 1.8682, -1.0469 -1.7717 1.896, -1.0505 -1.7717 1.9002, -1.0763 -1.7717 1.9299, -1.1116 -1.7717 2.0059, -1.0987 -1.7717 1.9688, -1.0875 -1.7717 1.9494, -1.1134 -1.7717 2.0112, -1.1198 -1.7717 2.0557, -1.1201 -1.7717 2.0669, -1.1177 -1.7717 2.1005, -1.111 -1.7717 2.1278, -1.1071 -1.7717 2.1442, -1.0884 -1.7717 2.185, -1.0624 -1.7717 2.2216, -1.0502 -1.7717 2.2332, -1.0299 -1.7717 2.2526, -0.9504 -1.7717 2.2936, -0.9921 -1.7717 2.2769, -1.0015 -1.7717 2.2708, -0.9449 -1.7717 2.2946, -0.9063 -1.7717 2.3021, -0.8839 -1.7717 2.3021, -0.9286 -1.7898 1.834, -0.8391 -1.7898 1.834, -0.8839 -1.7893 1.8297, -0.8839 -1.9291 1.6732, -0.8839 -1.9282 1.6909, -0.8391 -1.9334 1.6732, -0.8391 -1.9324 1.6913, -0.7961 -1.7912 1.8465, -0.7561 -1.9654 1.6951, -0.7661 -1.9615 1.6732, -0.7961 -1.945 1.6928, -0.7961 -1.9461 1.6732, -0.823 -1.9382 1.6732, -0.7561 -1.7935 1.867, -0.7208 -1.7966 1.8946, -0.6914 -2.0267 1.702, -0.7172 -1.9986 1.6732, -0.7208 -1.993 1.6982, -0.7208 -1.9944 1.6732, -0.7561 -1.9666 1.6732, -0.669 -2.0654 1.7063, -0.6802 -2.0478 1.6732, -0.6914 -2.0283 1.6732, -0.6914 -1.8004 1.9283, -0.669 -1.8048 1.9669, -0.6543 -2.1075 1.7111, -0.6561 -2.1044 1.6732, -0.669 -2.0672 1.6732, -0.6543 -1.8095 2.0091, -0.6479 -1.8145 2.0533, -0.65 -2.1963 1.7211, -0.6484 -2.1653 1.6732, -0.6479 -2.1517 1.7161, -0.6479 -2.1541 1.6732, -0.6543 -2.1097 1.6732, -0.65 -1.8195 2.0979, -0.6606 -2.2397 1.726, -0.6567 -2.2263 1.6732, -0.65 -2.199 1.6732, -0.6606 -1.8244 2.1412, -0.6793 -1.829 2.1818, -0.7053 -1.8331 2.2182, -0.7378 -2.3474 1.7381, -0.7175 -2.3317 1.6732, -0.7053 -2.3166 1.7346, -0.7053 -2.3201 1.6732, -0.6793 -2.2803 1.7305, -0.6793 -2.2835 1.6732, -0.6606 -2.2426 1.6732, -0.7378 -1.8365 2.249, -0.7756 -2.3715 1.7408, -0.7662 -2.3693 1.6732, -0.7378 -2.351 1.6732, -0.7756 -1.8393 2.2731, -0.8173 -1.8411 2.2897, -0.8614 -2.3966 1.7436, -0.8228 -2.3931 1.6732, -0.8173 -2.3881 1.7427, -0.8173 -2.392 1.6732, -0.7756 -2.3753 1.6732, -0.8614 -1.8421 2.2981, -0.9063 -2.3966 1.7436, -0.8839 -2.4005 1.6732, -0.8614 -2.4005 1.6732, -0.9063 -1.8421 2.2981, -0.9504 -2.3881 1.7427, -0.9449 -2.3931 1.6732, -0.9063 -2.4005 1.6732, -0.9504 -1.8411 2.2897, -0.9921 -1.8393 2.2731, -1.0299 -2.3474 1.7381, -1.0015 -2.3693 1.6732, -0.9921 -2.3715 1.7408, -0.9921 -2.3753 1.6732, -0.9504 -2.392 1.6732, -1.0299 -1.8365 2.249, -1.0624 -2.3166 1.7346, -1.0502 -2.3317 1.6732, -1.0299 -2.351 1.6732, -1.0624 -1.8331 2.2182, -1.0884 -1.829 2.1818, -1.1071 -1.8244 2.1412, -1.1177 -2.1963 1.7211, -1.111 -2.2263 1.6732, -1.1071 -2.2397 1.726, -1.1071 -2.2426 1.6732, -1.0884 -2.2803 1.7305, -1.0884 -2.2835 1.6732, -1.0624 -2.3201 1.6732, -1.1177 -1.8195 2.0979, -1.1198 -2.1517 1.7161, -1.1201 -2.1654 1.6732, -1.1177 -2.199 1.6732, -1.1198 -1.8145 2.0533, -1.1134 -1.8095 2.0091, -1.0875 -2.0478 1.6732, -1.0987 -2.0672 1.6732, -1.0987 -2.0654 1.7063, -1.1116 -2.1044 1.6732, -1.1134 -2.1075 1.7111, -1.1134 -2.1097 1.6732, -1.1198 -2.1541 1.6732, -1.0987 -1.8048 1.9669, -1.0763 -1.8004 1.9283, -1.0763 -2.0283 1.6732, -1.0763 -2.0267 1.702, -1.0505 -1.9986 1.6732, -1.0469 -1.993 1.6982, -1.0469 -1.9944 1.6732, -1.0116 -1.9666 1.6732, -1.0116 -1.9654 1.6951, -1.0016 -1.9615 1.6732, -0.8839 -1.9252 1.7083, -0.8391 -1.9294 1.7092, -0.7961 -1.9417 1.712, -0.7561 -1.9618 1.7166, -0.7208 -1.9888 1.7228, -0.6914 -2.0219 1.7303, -0.669 -2.0598 1.739, -0.6543 -2.1012 1.7484, -0.6479 -2.1445 1.7583, -0.65 -2.1883 1.7683, -0.6606 -2.2308 1.778, -0.6793 -2.2706 1.7871, -0.7053 -2.3063 1.7953, -0.7378 -2.3365 1.8022, -0.7756 -2.3602 1.8076, -0.8173 -2.3765 1.8113, -0.8614 -2.3847 1.8132, -0.9063 -2.3847 1.8132, -0.9504 -2.3765 1.8113, -0.9921 -2.3602 1.8076, -1.0299 -2.3365 1.8022, -1.0624 -2.3063 1.7953, -1.0884 -2.2706 1.7871, -1.1071 -2.2308 1.778, -1.1177 -2.1883 1.7683, -1.1198 -2.1445 1.7583, -1.1134 -2.1012 1.7484, -1.0987 -2.0598 1.739, -1.0763 -2.0219 1.7303, -1.0469 -1.9888 1.7228, -1.0116 -1.9618 1.7166, -0.8839 -1.9203 1.7252, -0.8391 -1.9243 1.7267, -0.7961 -1.9363 1.7308, -0.7561 -1.9557 1.7376, -0.7208 -1.9819 1.7468, -0.6914 -2.0139 1.758, -0.669 -2.0506 1.7709, -0.6543 -2.0907 1.7849, -0.6479 -2.1327 1.7995, -0.65 -2.175 1.8144, -0.6606 -2.2162 1.8288, -0.6793 -2.2548 1.8423, -0.7053 -2.2893 1.8544, -0.7378 -2.3185 1.8646, -0.7756 -2.3415 1.8726, -0.8173 -2.3572 1.8781, -0.8614 -2.3652 1.8809, -0.9063 -2.3652 1.8809, -0.9504 -2.3572 1.8781, -0.9921 -2.3415 1.8726, -1.0299 -2.3185 1.8646, -1.0624 -2.2893 1.8544, -1.0884 -2.2548 1.8423, -1.1071 -2.2162 1.8288, -1.1177 -2.175 1.8144, -1.1198 -2.1327 1.7995, -1.1134 -2.0907 1.7849, -1.0987 -2.0506 1.7709, -1.0763 -2.0139 1.758, -1.0469 -1.9819 1.7468, -1.0116 -1.9557 1.7376, -0.8839 -1.9135 1.7416, -0.8391 -1.9174 1.7434, -0.7961 -1.9288 1.7489, -0.7561 -1.9473 1.7578, -0.7208 -1.9723 1.7699, -0.6914 -2.0029 1.7846, -0.669 -2.038 1.8015, -0.6543 -2.0762 1.8199, -0.6479 -2.1162 1.8392, -0.65 -2.1567 1.8586, -0.6606 -2.196 1.8776, -0.6793 -2.2328 1.8953, -0.7053 -2.2657 1.9112, -0.7378 -2.2937 1.9246, -0.7756 -2.3155 1.9351, -0.8173 -2.3306 1.9424, -0.8614 -2.3382 1.9461, -0.9063 -2.3382 1.9461, -0.9504 -2.3306 1.9424, -0.9921 -2.3155 1.9351, -1.0299 -2.2937 1.9246, -1.0624 -2.2657 1.9112, -1.0884 -2.2328 1.8953, -1.1071 -2.196 1.8776, -1.1177 -2.1567 1.8586, -1.1198 -2.1162 1.8392, -1.1134 -2.0762 1.8199, -1.0987 -2.038 1.8015, -1.0763 -2.0029 1.7846, -1.0469 -1.9723 1.7699, -1.0116 -1.9473 1.7578, -0.8839 -1.905 1.757, -0.8391 -1.9086 1.7593, -0.7961 -1.9193 1.766, -0.7561 -1.9368 1.777, -0.7208 -1.9603 1.7917, -0.6914 -1.989 1.8098, -0.669 -2.0219 1.8305, -0.6543 -2.0579 1.8531, -0.6479 -2.0955 1.8767, -0.65 -2.1335 1.9006, -0.6606 -2.1704 1.9238, -0.6793 -2.205 1.9455, -0.7053 -2.236 1.965, -0.7378 -2.2622 1.9815, -0.7756 -2.2828 1.9944, -0.8173 -2.2969 2.0033, -0.8614 -2.3041 2.0078, -0.9063 -2.3041 2.0078, -0.9504 -2.2969 2.0033, -0.9921 -2.2828 1.9944, -1.0299 -2.2622 1.9815, -1.0624 -2.236 1.965, -1.0884 -2.205 1.9455, -1.1071 -2.1704 1.9238, -1.1177 -2.1335 1.9006, -1.1198 -2.0955 1.8767, -1.1134 -2.0579 1.8531, -1.0987 -2.0219 1.8305, -1.0763 -1.989 1.8098, -1.0469 -1.9603 1.7917, -1.0116 -1.9368 1.777, -0.8839 -1.8948 1.7714, -0.8391 -1.8981 1.7741, -0.7961 -1.908 1.782, -0.7561 -1.9241 1.7948, -0.7208 -1.9458 1.8121, -0.6914 -1.9723 1.8333, -0.669 -2.0028 1.8575, -0.6543 -2.0359 1.884, -0.6479 -2.0707 1.9117, -0.65 -2.1058 1.9397, -0.6606 -2.1399 1.9669, -0.6793 -2.1718 1.9923, -0.7053 -2.2004 2.0151, -0.7378 -2.2246 2.0345, -0.7756 -2.2436 2.0496, -0.8173 -2.2567 2.06, -0.8614 -2.2633 2.0653, -0.9063 -2.2633 2.0653, -0.9504 -2.2567 2.06, -0.9921 -2.2436 2.0496, -1.0299 -2.2246 2.0345, -1.0624 -2.2004 2.0151, -1.0884 -2.1718 1.9923, -1.1071 -2.1399 1.9669, -1.1177 -2.1058 1.9397, -1.1198 -2.0707 1.9117, -1.1134 -2.0359 1.884, -1.0987 -2.0028 1.8575, -1.0763 -1.9723 1.8333, -1.0469 -1.9458 1.8121, -1.0116 -1.9241 1.7948, -0.8839 -1.883 1.7846, -0.8391 -1.886 1.7876, -0.7961 -1.895 1.7966, -0.7561 -1.9095 1.8111, -0.7208 -1.9292 1.8307, -0.6914 -1.9532 1.8547, -0.669 -1.9807 1.8822, -0.6543 -2.0107 1.9122, -0.6479 -2.0421 1.9437, -0.65 -2.0738 1.9754, -0.6606 -2.1047 2.0062, -0.6793 -2.1336 2.0351, -0.7053 -2.1594 2.061, -0.7378 -2.1813 2.0829, -0.7756 -2.1985 2.1001, -0.8173 -2.2103 2.1119, -0.8614 -2.2163 2.1179, -0.9063 -2.2163 2.1179, -0.9504 -2.2103 2.1119, -0.9921 -2.1985 2.1001, -1.0299 -2.1813 2.0829, -1.0624 -2.1594 2.061, -1.0884 -2.1336 2.0351, -1.1071 -2.1047 2.0062, -1.1177 -2.0738 1.9754, -1.1198 -2.0421 1.9437, -1.1134 -2.0107 1.9122, -1.0987 -1.9807 1.8822, -1.0763 -1.9532 1.8547, -1.0469 -1.9292 1.8307, -1.0116 -1.9095 1.8111, -0.8839 -1.8699 1.7964, -0.8391 -1.8725 1.7997, -0.7961 -1.8804 1.8096, -0.7561 -1.8932 1.8257, -0.7208 -1.9105 1.8474, -0.6914 -1.9317 1.8739, -0.669 -1.9559 1.9043, -0.6543 -1.9824 1.9375, -0.6479 -2.0101 1.9723, -0.65 -2.0381 2.0073, -0.6606 -2.0653 2.0414, -0.6793 -2.0908 2.0734, -0.7053 -2.1136 2.102, -0.7378 -2.1329 2.1262, -0.7756 -2.148 2.1452, -0.8173 -2.1584 2.1582, -0.8614 -2.1637 2.1649, -0.9063 -2.1637 2.1649, -0.9504 -2.1584 2.1582, -0.9921 -2.148 2.1452, -1.0299 -2.1329 2.1262, -1.0624 -2.1136 2.102, -1.0884 -2.0908 2.0734, -1.1071 -2.0653 2.0414, -1.1177 -2.0381 2.0073, -1.1198 -2.0101 1.9723, -1.1134 -1.9824 1.9375, -1.0987 -1.9559 1.9043, -1.0763 -1.9317 1.8739, -1.0469 -1.9105 1.8474, -1.0116 -1.8932 1.8257, -0.8839 -1.8554 1.8066, -0.8391 -1.8577 1.8102, -0.7961 -1.8645 1.8209, -0.7561 -1.8754 1.8383, -0.7208 -1.8902 1.8618, -0.6914 -1.9082 1.8906, -0.669 -1.9289 1.9235, -0.6543 -1.9515 1.9594, -0.6479 -1.9751 1.9971, -0.65 -1.999 2.0351, -0.6606 -2.0222 2.072, -0.6793 -2.044 2.1066, -0.7053 -2.0634 2.1376, -0.7378 -2.0799 2.1638, -0.7756 -2.0928 2.1844, -0.8173 -2.1017 2.1985, -0.8614 -2.1062 2.2057, -0.9063 -2.1062 2.2057, -0.9504 -2.1017 2.1985, -0.9921 -2.0928 2.1844, -1.0299 -2.0799 2.1638, -1.0624 -2.0634 2.1376, -1.0884 -2.044 2.1066, -1.1071 -2.0222 2.072, -1.1177 -1.999 2.0351, -1.1198 -1.9751 1.9971, -1.1134 -1.9515 1.9594, -1.0987 -1.9289 1.9235, -1.0763 -1.9082 1.8906, -1.0469 -1.8902 1.8618, -1.0116 -1.8754 1.8383, -0.8839 -1.84 1.8151, -0.8391 -1.8418 1.819, -0.7961 -1.8473 1.8304, -0.7561 -1.8563 1.8489, -0.7208 -1.8683 1.8739, -0.6914 -1.883 1.9045, -0.669 -1.8999 1.9395, -0.6543 -1.9183 1.9778, -0.6479 -1.9376 2.0178, -0.65 -1.9571 2.0582, -0.6606 -1.976 2.0976, -0.6793 -1.9937 2.1344, -0.7053 -2.0096 2.1673, -0.7378 -2.023 2.1952, -0.7756 -2.0336 2.2171, -0.8173 -2.0408 2.2321, -0.8614 -2.0445 2.2398, -0.9063 -2.0445 2.2398, -0.9504 -2.0408 2.2321, -0.9921 -2.0336 2.2171, -1.0299 -2.023 2.1952, -1.0624 -2.0096 2.1673, -1.0884 -1.9937 2.1344, -1.1071 -1.976 2.0976, -1.1177 -1.9571 2.0582, -1.1198 -1.9376 2.0178, -1.1134 -1.9183 1.9778, -1.0987 -1.8999 1.9395, -1.0763 -1.883 1.9045, -1.0469 -1.8683 1.8739, -1.0116 -1.8563 1.8489, -0.8839 -1.8237 1.8219, -0.8391 -1.8251 1.8259, -0.7961 -1.8293 1.8378, -0.7561 -1.8361 1.8573, -0.7208 -1.8452 1.8835, -0.6914 -1.8564 1.9155, -0.669 -1.8693 1.9522, -0.6543 -1.8833 1.9923, -0.6479 -1.898 2.0342, -0.65 -1.9128 2.0766, -0.6606 -1.9272 2.1178, -0.6793 -1.9407 2.1563, -0.7053 -1.9528 2.1908, -0.7378 -1.963 2.2201, -0.7756 -1.971 2.243, -0.8173 -1.9766 2.2588, -0.8614 -1.9794 2.2668, -0.9063 -1.9794 2.2668, -0.9504 -1.9766 2.2588, -0.9921 -1.971 2.243, -1.0299 -1.963 2.2201, -1.0624 -1.9528 2.1908, -1.0884 -1.9407 2.1563, -1.1071 -1.9272 2.1178, -1.1177 -1.9128 2.0766, -1.1198 -1.898 2.0342, -1.1134 -1.8833 1.9923, -1.0987 -1.8693 1.9522, -1.0763 -1.8564 1.9155, -1.0469 -1.8452 1.8835, -1.0116 -1.8361 1.8573, -0.8839 -1.8067 1.8268, -0.8391 -1.8077 1.8309, -0.7961 -1.8105 1.8433, -0.7561 -1.8151 1.8633, -0.7208 -1.8212 1.8904, -0.6914 -1.8288 1.9235, -0.669 -1.8374 1.9614, -0.6543 -1.8469 2.0028, -0.6479 -1.8568 2.0461, -0.65 -1.8668 2.0898, -0.6606 -1.8765 2.1324, -0.6793 -1.8856 2.1722, -0.7053 -1.8937 2.2079, -0.7378 -1.9006 2.2381, -0.7756 -1.906 2.2618, -0.8173 -1.9097 2.278, -0.8614 -1.9116 2.2863, -0.9063 -1.9116 2.2863, -0.9504 -1.9097 2.278, -0.9921 -1.906 2.2618, -1.0299 -1.9006 2.2381, -1.0624 -1.8937 2.2079, -1.0884 -1.8856 2.1722, -1.1071 -1.8765 2.1324, -1.1177 -1.8668 2.0898, -1.1198 -1.8568 2.0461, -1.1134 -1.8469 2.0028, -1.0987 -1.8374 1.9614, -1.0763 -1.8288 1.9235, -1.0469 -1.8212 1.8904, -1.0116 -1.8151 1.8633, -1.0469 -1.7966 1.8946, -1.0116 -1.7935 1.867, -0.9447 -1.9382 1.6732, -0.9716 -1.9461 1.6732, -0.9716 -1.945 1.6928, -0.9716 -1.9417 1.712, -0.9716 -1.9363 1.7308, -0.9716 -1.9288 1.7489, -0.9716 -1.9193 1.766, -0.9716 -1.908 1.782, -0.9716 -1.895 1.7966, -0.9716 -1.8804 1.8096, -0.9716 -1.8645 1.8209, -0.9716 -1.8473 1.8304, -0.9716 -1.8293 1.8378, -0.9716 -1.8105 1.8433, -0.9716 -1.7912 1.8465, -0.9286 -1.9334 1.6732, -0.9286 -1.9324 1.6913, -0.9286 -1.9294 1.7092, -0.9286 -1.9243 1.7267, -0.9286 -1.9174 1.7434, -0.9286 -1.9086 1.7593, -0.9286 -1.8981 1.7741, -0.9286 -1.886 1.7876, -0.9286 -1.8725 1.7997, -0.9286 -1.8577 1.8102, -0.9286 -1.8418 1.819, -0.9286 -1.8251 1.8259, -0.9286 -1.8077 1.8309, -0.6476 -2.1654 -0.4724, -0.6557 -2.1042 -0.4724, -0.6793 -2.0473 -0.4724, -0.7168 -1.9983 -0.4724, -0.7657 -1.9608 -0.4724, -0.8227 -1.9372 -0.4724, -0.8839 -1.9291 -0.4724, -0.945 -1.9372 -0.4724, -1.002 -1.9608 -0.4724, -1.0509 -1.9983 -0.4724, -1.0884 -2.0473 -0.4724, -1.112 -2.1042 -0.4724, -1.1201 -2.1654 -0.4724, -1.112 -2.2265 -0.4724, -1.0884 -2.2835 -0.4724, -1.0509 -2.3324 -0.4724, -1.002 -2.3699 -0.4724, -0.945 -2.3935 -0.4724, -0.8839 -2.4016 -0.4724, -0.8227 -2.3935 -0.4724, -0.7657 -2.3699 -0.4724, -0.7168 -2.3324 -0.4724, -0.6793 -2.2835 -0.4724, -0.6557 -2.2265 -0.4724
            ]
        }
        coordIndex [
            0,1,2,-1,3,4,1,-1,1,4,5,-1,1,5,2,-1,6,7,3,-1,3,7,8,-1,3,8,4,-1,9,10,6,-1,6,10,11,-1,6,11,7,-1,12,13,9,-1,9,13,14,-1,9,14,10,-1,15,16,12,-1,12,16,17,-1,12,17,13,-1,18,19,15,-1,15,19,20,-1,15,20,16,-1,21,22,18,-1,18,22,23,-1,18,23,19,-1,24,25,21,-1,21,25,26,-1,21,26,22,-1,27,28,24,-1,24,28,29,-1,24,29,25,-1,30,31,27,-1,27,31,32,-1,27,32,28,-1,33,34,30,-1,30,34,35,-1,30,35,31,-1,36,37,33,-1,33,37,38,-1,33,38,34,-1,39,40,36,-1,36,40,41,-1,36,41,37,-1,42,43,39,-1,39,43,44,-1,39,44,40,-1,45,46,42,-1,42,46,47,-1,42,47,43,-1,48,49,45,-1,45,49,50,-1,45,50,46,-1,51,52,48,-1,48,52,53,-1,48,53,49,-1,54,55,51,-1,51,55,56,-1,51,56,52,-1,57,58,54,-1,54,58,59,-1,54,59,55,-1,60,61,57,-1,57,61,62,-1,57,62,58,-1,63,64,60,-1,60,64,65,-1,60,65,61,-1,66,67,63,-1,63,67,68,-1,63,68,64,-1,2,69,0,-1,0,69,70,-1,0,70,66,-1,66,70,71,-1,66,71,67,-1,72,73,74,-1,75,76,74,-1,74,76,77,-1,74,77,72,-1,78,79,74,-1,74,79,80,-1,74,80,75,-1,81,82,74,-1,74,82,83,-1,74,83,78,-1,84,85,74,-1,74,85,86,-1,74,86,81,-1,87,88,74,-1,74,88,89,-1,74,89,84,-1,90,91,74,-1,74,91,92,-1,74,92,87,-1,93,94,74,-1,74,94,95,-1,74,95,90,-1,96,97,74,-1,74,97,98,-1,74,98,93,-1,73,99,74,-1,74,99,100,-1,74,100,96,-1,41,40,101,-1,44,43,102,-1,50,49,103,-1,53,52,104,-1,59,58,105,-1,62,61,106,-1,68,67,107,-1,71,70,108,-1,5,4,109,-1,8,7,110,-1,14,13,111,-1,17,16,112,-1,23,22,113,-1,26,25,114,-1,32,31,115,-1,35,34,116,-1,75,80,117,-1,117,80,118,-1,117,118,119,-1,119,118,120,-1,119,120,121,-1,121,120,122,-1,121,122,123,-1,123,122,124,-1,123,124,125,-1,125,124,114,-1,86,85,126,-1,126,85,127,-1,126,127,128,-1,128,127,129,-1,128,129,130,-1,130,129,131,-1,130,131,132,-1,132,131,133,-1,132,133,134,-1,134,133,110,-1,91,90,135,-1,135,90,136,-1,135,136,137,-1,137,136,138,-1,137,138,139,-1,139,138,140,-1,139,140,141,-1,141,140,142,-1,141,142,143,-1,143,142,106,-1,96,100,144,-1,144,100,145,-1,144,145,146,-1,146,145,147,-1,146,147,148,-1,148,147,149,-1,148,149,150,-1,150,149,151,-1,150,151,152,-1,152,151,102,-1,72,77,153,-1,153,77,154,-1,153,154,155,-1,155,154,156,-1,155,156,157,-1,157,156,158,-1,157,158,159,-1,159,158,160,-1,159,160,161,-1,161,160,116,-1,161,116,38,-1,38,116,34,-1,31,35,115,-1,115,35,116,-1,115,116,162,-1,162,116,160,-1,162,160,163,-1,163,160,158,-1,163,158,164,-1,164,158,156,-1,164,156,165,-1,165,156,154,-1,165,154,76,-1,76,154,77,-1,28,32,125,-1,125,32,115,-1,125,115,123,-1,123,115,162,-1,123,162,121,-1,121,162,163,-1,121,163,119,-1,119,163,164,-1,119,164,117,-1,117,164,165,-1,117,165,75,-1,75,165,76,-1,114,25,125,-1,125,25,29,-1,125,29,28,-1,22,26,113,-1,113,26,114,-1,113,114,166,-1,166,114,124,-1,166,124,167,-1,167,124,122,-1,167,122,168,-1,168,122,120,-1,168,120,169,-1,169,120,118,-1,169,118,79,-1,79,118,80,-1,19,23,170,-1,170,23,113,-1,170,113,171,-1,171,113,166,-1,171,166,172,-1,172,166,167,-1,172,167,173,-1,173,167,168,-1,173,168,174,-1,174,168,169,-1,174,169,78,-1,78,169,79,-1,78,83,174,-1,174,83,175,-1,174,175,173,-1,173,175,176,-1,173,176,172,-1,172,176,177,-1,172,177,171,-1,171,177,178,-1,171,178,170,-1,170,178,179,-1,170,179,19,-1,19,179,20,-1,83,82,175,-1,175,82,180,-1,175,180,176,-1,176,180,181,-1,176,181,177,-1,177,181,182,-1,177,182,178,-1,178,182,183,-1,178,183,179,-1,179,183,112,-1,179,112,20,-1,20,112,16,-1,13,17,111,-1,111,17,112,-1,111,112,184,-1,184,112,183,-1,184,183,185,-1,185,183,182,-1,185,182,186,-1,186,182,181,-1,186,181,187,-1,187,181,180,-1,187,180,81,-1,81,180,82,-1,10,14,134,-1,134,14,111,-1,134,111,132,-1,132,111,184,-1,132,184,130,-1,130,184,185,-1,130,185,128,-1,128,185,186,-1,128,186,126,-1,126,186,187,-1,126,187,86,-1,86,187,81,-1,110,7,134,-1,134,7,11,-1,134,11,10,-1,4,8,109,-1,109,8,110,-1,109,110,188,-1,188,110,133,-1,188,133,189,-1,189,133,131,-1,189,131,190,-1,190,131,129,-1,190,129,191,-1,191,129,127,-1,191,127,84,-1,84,127,85,-1,2,5,192,-1,192,5,109,-1,192,109,193,-1,193,109,188,-1,193,188,194,-1,194,188,189,-1,194,189,195,-1,195,189,190,-1,195,190,196,-1,196,190,191,-1,196,191,89,-1,89,191,84,-1,89,88,196,-1,196,88,197,-1,196,197,195,-1,195,197,198,-1,195,198,194,-1,194,198,199,-1,194,199,193,-1,193,199,200,-1,193,200,192,-1,192,200,201,-1,192,201,2,-1,2,201,69,-1,88,87,197,-1,197,87,202,-1,197,202,198,-1,198,202,203,-1,198,203,199,-1,199,203,204,-1,199,204,200,-1,200,204,205,-1,200,205,201,-1,201,205,108,-1,201,108,69,-1,69,108,70,-1,67,71,107,-1,107,71,108,-1,107,108,206,-1,206,108,205,-1,206,205,207,-1,207,205,204,-1,207,204,208,-1,208,204,203,-1,208,203,209,-1,209,203,202,-1,209,202,92,-1,92,202,87,-1,64,68,143,-1,143,68,107,-1,143,107,141,-1,141,107,206,-1,141,206,139,-1,139,206,207,-1,139,207,137,-1,137,207,208,-1,137,208,135,-1,135,208,209,-1,135,209,91,-1,91,209,92,-1,106,61,143,-1,143,61,65,-1,143,65,64,-1,58,62,105,-1,105,62,106,-1,105,106,210,-1,210,106,142,-1,210,142,211,-1,211,142,140,-1,211,140,212,-1,212,140,138,-1,212,138,213,-1,213,138,136,-1,213,136,95,-1,95,136,90,-1,55,59,214,-1,214,59,105,-1,214,105,215,-1,215,105,210,-1,215,210,216,-1,216,210,211,-1,216,211,217,-1,217,211,212,-1,217,212,218,-1,218,212,213,-1,218,213,94,-1,94,213,95,-1,94,93,218,-1,218,93,219,-1,218,219,217,-1,217,219,220,-1,217,220,216,-1,216,220,221,-1,216,221,215,-1,215,221,222,-1,215,222,214,-1,214,222,223,-1,214,223,55,-1,55,223,56,-1,93,98,219,-1,219,98,224,-1,219,224,220,-1,220,224,225,-1,220,225,221,-1,221,225,226,-1,221,226,222,-1,222,226,227,-1,222,227,223,-1,223,227,104,-1,223,104,56,-1,56,104,52,-1,49,53,103,-1,103,53,104,-1,103,104,228,-1,228,104,227,-1,228,227,229,-1,229,227,226,-1,229,226,230,-1,230,226,225,-1,230,225,231,-1,231,225,224,-1,231,224,97,-1,97,224,98,-1,46,50,152,-1,152,50,103,-1,152,103,150,-1,150,103,228,-1,150,228,148,-1,148,228,229,-1,148,229,146,-1,146,229,230,-1,146,230,144,-1,144,230,231,-1,144,231,96,-1,96,231,97,-1,102,43,152,-1,152,43,47,-1,152,47,46,-1,40,44,101,-1,101,44,102,-1,101,102,232,-1,232,102,151,-1,232,151,233,-1,233,151,149,-1,233,149,234,-1,234,149,147,-1,234,147,235,-1,235,147,145,-1,235,145,99,-1,99,145,100,-1,37,41,236,-1,236,41,101,-1,236,101,237,-1,237,101,232,-1,237,232,238,-1,238,232,233,-1,238,233,239,-1,239,233,234,-1,239,234,240,-1,240,234,235,-1,240,235,73,-1,73,235,99,-1,73,72,240,-1,240,72,153,-1,240,153,239,-1,239,153,155,-1,239,155,238,-1,238,155,157,-1,238,157,237,-1,237,157,159,-1,237,159,236,-1,236,159,161,-1,236,161,37,-1,37,161,38,-1,241,242,243,-1,243,242,244,-1,245,246,247,-1,247,246,248,-1,249,250,251,-1,251,250,252,-1,251,252,253,-1,253,252,254,-1,253,254,255,-1,255,254,256,-1,255,256,257,-1,257,256,258,-1,257,258,259,-1,259,258,260,-1,259,260,261,-1,261,260,262,-1,261,262,263,-1,263,262,264,-1,263,264,265,-1,265,264,266,-1,265,266,267,-1,267,266,268,-1,267,268,269,-1,269,268,270,-1,269,270,271,-1,271,270,272,-1,271,272,273,-1,273,272,274,-1,273,274,275,-1,275,274,276,-1,275,276,277,-1,277,276,278,-1,277,278,279,-1,279,278,280,-1,279,280,281,-1,281,280,282,-1,281,282,283,-1,283,282,284,-1,283,284,285,-1,285,284,286,-1,285,286,287,-1,287,286,288,-1,287,288,289,-1,289,288,290,-1,289,290,291,-1,291,290,292,-1,291,292,293,-1,293,292,294,-1,293,294,295,-1,295,294,296,-1,295,296,297,-1,297,296,298,-1,297,298,299,-1,299,298,300,-1,299,300,301,-1,301,300,302,-1,301,302,303,-1,303,302,304,-1,303,304,305,-1,305,304,306,-1,305,306,307,-1,307,306,308,-1,307,308,249,-1,249,308,250,-1,309,302,310,-1,310,302,300,-1,310,300,311,-1,311,300,298,-1,311,298,312,-1,312,298,296,-1,312,296,313,-1,314,252,315,-1,315,252,250,-1,315,250,316,-1,316,250,308,-1,316,308,317,-1,317,308,306,-1,317,306,309,-1,309,306,304,-1,309,304,302,-1,318,282,319,-1,319,282,280,-1,319,280,320,-1,320,280,278,-1,320,278,321,-1,321,278,276,-1,321,276,322,-1,276,274,322,-1,322,274,272,-1,322,272,323,-1,323,272,270,-1,323,270,324,-1,324,270,268,-1,324,268,325,-1,325,268,266,-1,325,266,326,-1,296,294,313,-1,313,294,292,-1,313,292,327,-1,327,292,290,-1,327,290,328,-1,328,290,288,-1,328,288,329,-1,329,288,286,-1,329,286,318,-1,318,286,284,-1,318,284,282,-1,266,264,326,-1,326,264,262,-1,326,262,330,-1,330,262,260,-1,330,260,331,-1,331,260,258,-1,331,258,332,-1,332,258,256,-1,332,256,314,-1,314,256,254,-1,314,254,252,-1,275,277,333,-1,333,277,279,-1,333,279,281,-1,269,271,333,-1,333,271,273,-1,333,273,275,-1,263,265,333,-1,333,265,267,-1,333,267,269,-1,257,259,333,-1,333,259,261,-1,333,261,263,-1,251,253,333,-1,333,253,255,-1,333,255,257,-1,305,307,333,-1,333,307,249,-1,333,249,251,-1,299,301,333,-1,333,301,303,-1,333,303,305,-1,293,295,333,-1,333,295,297,-1,333,297,299,-1,287,289,333,-1,333,289,291,-1,333,291,293,-1,281,283,333,-1,333,283,285,-1,333,285,287,-1,334,335,336,-1,336,335,337,-1,336,337,338,-1,339,340,336,-1,336,340,341,-1,336,341,334,-1,342,343,336,-1,336,343,344,-1,336,344,339,-1,345,346,336,-1,336,346,347,-1,336,347,342,-1,348,349,336,-1,336,349,350,-1,336,350,345,-1,351,352,336,-1,336,352,353,-1,336,353,348,-1,354,355,336,-1,336,355,356,-1,336,356,351,-1,338,357,336,-1,336,357,358,-1,336,358,354,-1,319,320,359,-1,360,318,361,-1,361,318,319,-1,361,319,362,-1,362,319,359,-1,360,363,318,-1,318,363,364,-1,318,364,329,-1,364,365,329,-1,329,365,366,-1,329,366,328,-1,366,367,328,-1,328,367,368,-1,328,368,327,-1,369,313,370,-1,370,313,327,-1,370,327,371,-1,371,327,368,-1,369,372,313,-1,313,372,373,-1,313,373,312,-1,373,374,312,-1,312,374,375,-1,312,375,311,-1,376,310,377,-1,377,310,311,-1,377,311,378,-1,378,311,375,-1,376,379,310,-1,310,379,380,-1,310,380,309,-1,380,381,309,-1,309,381,382,-1,309,382,317,-1,382,383,317,-1,317,383,384,-1,317,384,316,-1,384,385,316,-1,316,385,386,-1,316,386,315,-1,387,314,388,-1,388,314,315,-1,388,315,389,-1,389,315,386,-1,387,390,314,-1,314,390,391,-1,314,391,332,-1,391,392,332,-1,332,392,393,-1,332,393,331,-1,394,330,395,-1,395,330,331,-1,395,331,396,-1,396,331,393,-1,394,397,330,-1,330,397,398,-1,330,398,326,-1,398,399,326,-1,326,399,400,-1,326,400,325,-1,400,401,325,-1,325,401,402,-1,325,402,324,-1,402,403,324,-1,324,403,404,-1,324,404,323,-1,404,405,323,-1,323,405,406,-1,323,406,322,-1,407,321,408,-1,408,321,322,-1,408,322,409,-1,409,322,406,-1,407,410,321,-1,321,410,411,-1,321,411,320,-1,320,411,412,-1,320,412,359,-1,389,386,413,-1,414,415,385,-1,416,417,418,-1,418,417,419,-1,385,384,414,-1,414,384,383,-1,414,383,420,-1,421,422,423,-1,423,422,424,-1,423,424,419,-1,419,424,425,-1,419,425,418,-1,383,382,420,-1,420,382,381,-1,420,381,426,-1,426,381,380,-1,426,380,427,-1,428,429,430,-1,430,429,431,-1,430,431,421,-1,421,431,432,-1,421,432,422,-1,433,434,428,-1,428,434,435,-1,428,435,429,-1,380,379,427,-1,427,379,376,-1,427,376,436,-1,436,376,377,-1,436,377,437,-1,437,377,378,-1,438,439,433,-1,433,439,440,-1,433,440,434,-1,378,375,437,-1,437,375,374,-1,437,374,441,-1,441,374,373,-1,441,373,442,-1,443,444,445,-1,445,444,446,-1,445,446,438,-1,438,446,447,-1,438,447,439,-1,373,372,442,-1,442,372,369,-1,442,369,448,-1,449,450,443,-1,443,450,451,-1,443,451,444,-1,369,370,448,-1,448,370,371,-1,448,371,452,-1,452,371,368,-1,452,368,453,-1,453,368,367,-1,453,367,454,-1,455,456,457,-1,457,456,458,-1,457,458,459,-1,459,458,460,-1,459,460,449,-1,449,460,461,-1,449,461,450,-1,367,366,454,-1,454,366,365,-1,454,365,462,-1,463,464,455,-1,455,464,465,-1,455,465,456,-1,365,364,462,-1,462,364,363,-1,462,363,466,-1,466,363,360,-1,466,360,467,-1,468,469,470,-1,470,469,471,-1,470,471,463,-1,463,471,472,-1,463,472,464,-1,360,361,467,-1,467,361,362,-1,467,362,473,-1,474,475,468,-1,468,475,476,-1,468,476,469,-1,362,359,473,-1,473,359,412,-1,473,412,477,-1,478,479,474,-1,474,479,480,-1,474,480,475,-1,412,411,477,-1,477,411,410,-1,477,410,481,-1,481,410,407,-1,481,407,482,-1,483,484,485,-1,485,484,486,-1,485,486,478,-1,478,486,487,-1,478,487,479,-1,407,408,482,-1,482,408,409,-1,482,409,488,-1,489,490,483,-1,483,490,491,-1,483,491,484,-1,409,406,488,-1,488,406,405,-1,488,405,492,-1,492,405,404,-1,492,404,493,-1,493,404,403,-1,493,403,494,-1,495,496,497,-1,497,496,498,-1,497,498,499,-1,499,498,500,-1,499,500,489,-1,489,500,501,-1,489,501,490,-1,403,402,494,-1,494,402,401,-1,494,401,502,-1,503,504,495,-1,495,504,505,-1,495,505,496,-1,401,400,502,-1,502,400,399,-1,502,399,506,-1,506,399,398,-1,506,398,507,-1,508,509,510,-1,510,509,511,-1,510,511,512,-1,512,511,513,-1,512,513,503,-1,503,513,514,-1,503,514,504,-1,398,397,507,-1,507,397,394,-1,507,394,515,-1,394,395,515,-1,515,395,396,-1,515,396,516,-1,508,510,517,-1,517,510,518,-1,517,518,519,-1,519,518,520,-1,519,520,521,-1,521,520,522,-1,522,520,523,-1,522,523,524,-1,417,525,419,-1,419,525,526,-1,419,526,423,-1,423,526,527,-1,423,527,421,-1,421,527,528,-1,421,528,430,-1,430,528,529,-1,430,529,428,-1,428,529,530,-1,428,530,433,-1,433,530,531,-1,433,531,438,-1,438,531,532,-1,438,532,445,-1,445,532,533,-1,445,533,443,-1,443,533,534,-1,443,534,449,-1,449,534,535,-1,449,535,459,-1,459,535,536,-1,459,536,457,-1,457,536,537,-1,457,537,455,-1,455,537,538,-1,455,538,463,-1,463,538,539,-1,463,539,470,-1,470,539,540,-1,470,540,468,-1,468,540,541,-1,468,541,474,-1,474,541,542,-1,474,542,478,-1,478,542,543,-1,478,543,485,-1,485,543,544,-1,485,544,483,-1,483,544,545,-1,483,545,489,-1,489,545,546,-1,489,546,499,-1,499,546,547,-1,499,547,497,-1,497,547,548,-1,497,548,495,-1,495,548,549,-1,495,549,503,-1,503,549,550,-1,503,550,512,-1,512,550,551,-1,512,551,510,-1,510,551,552,-1,510,552,518,-1,518,552,553,-1,518,553,520,-1,520,553,554,-1,520,554,523,-1,523,554,555,-1,525,556,526,-1,526,556,557,-1,526,557,527,-1,527,557,558,-1,527,558,528,-1,528,558,559,-1,528,559,529,-1,529,559,560,-1,529,560,530,-1,530,560,561,-1,530,561,531,-1,531,561,562,-1,531,562,532,-1,532,562,563,-1,532,563,533,-1,533,563,564,-1,533,564,534,-1,534,564,565,-1,534,565,535,-1,535,565,566,-1,535,566,536,-1,536,566,567,-1,536,567,537,-1,537,567,568,-1,537,568,538,-1,538,568,569,-1,538,569,539,-1,539,569,570,-1,539,570,540,-1,540,570,571,-1,540,571,541,-1,541,571,572,-1,541,572,542,-1,542,572,573,-1,542,573,543,-1,543,573,574,-1,543,574,544,-1,544,574,575,-1,544,575,545,-1,545,575,576,-1,545,576,546,-1,546,576,577,-1,546,577,547,-1,547,577,578,-1,547,578,548,-1,548,578,579,-1,548,579,549,-1,549,579,580,-1,549,580,550,-1,550,580,581,-1,550,581,551,-1,551,581,582,-1,551,582,552,-1,552,582,583,-1,552,583,553,-1,553,583,584,-1,553,584,554,-1,554,584,585,-1,554,585,555,-1,555,585,586,-1,556,587,557,-1,557,587,588,-1,557,588,558,-1,558,588,589,-1,558,589,559,-1,559,589,590,-1,559,590,560,-1,560,590,591,-1,560,591,561,-1,561,591,592,-1,561,592,562,-1,562,592,593,-1,562,593,563,-1,563,593,594,-1,563,594,564,-1,564,594,595,-1,564,595,565,-1,565,595,596,-1,565,596,566,-1,566,596,597,-1,566,597,567,-1,567,597,598,-1,567,598,568,-1,568,598,599,-1,568,599,569,-1,569,599,600,-1,569,600,570,-1,570,600,601,-1,570,601,571,-1,571,601,602,-1,571,602,572,-1,572,602,603,-1,572,603,573,-1,573,603,604,-1,573,604,574,-1,574,604,605,-1,574,605,575,-1,575,605,606,-1,575,606,576,-1,576,606,607,-1,576,607,577,-1,577,607,608,-1,577,608,578,-1,578,608,609,-1,578,609,579,-1,579,609,610,-1,579,610,580,-1,580,610,611,-1,580,611,581,-1,581,611,612,-1,581,612,582,-1,582,612,613,-1,582,613,583,-1,583,613,614,-1,583,614,584,-1,584,614,615,-1,584,615,585,-1,585,615,616,-1,585,616,586,-1,586,616,617,-1,587,618,588,-1,588,618,619,-1,588,619,589,-1,589,619,620,-1,589,620,590,-1,590,620,621,-1,590,621,591,-1,591,621,622,-1,591,622,592,-1,592,622,623,-1,592,623,593,-1,593,623,624,-1,593,624,594,-1,594,624,625,-1,594,625,595,-1,595,625,626,-1,595,626,596,-1,596,626,627,-1,596,627,597,-1,597,627,628,-1,597,628,598,-1,598,628,629,-1,598,629,599,-1,599,629,630,-1,599,630,600,-1,600,630,631,-1,600,631,601,-1,601,631,632,-1,601,632,602,-1,602,632,633,-1,602,633,603,-1,603,633,634,-1,603,634,604,-1,604,634,635,-1,604,635,605,-1,605,635,636,-1,605,636,606,-1,606,636,637,-1,606,637,607,-1,607,637,638,-1,607,638,608,-1,608,638,639,-1,608,639,609,-1,609,639,640,-1,609,640,610,-1,610,640,641,-1,610,641,611,-1,611,641,642,-1,611,642,612,-1,612,642,643,-1,612,643,613,-1,613,643,644,-1,613,644,614,-1,614,644,645,-1,614,645,615,-1,615,645,646,-1,615,646,616,-1,616,646,647,-1,616,647,617,-1,617,647,648,-1,618,649,619,-1,619,649,650,-1,619,650,620,-1,620,650,651,-1,620,651,621,-1,621,651,652,-1,621,652,622,-1,622,652,653,-1,622,653,623,-1,623,653,654,-1,623,654,624,-1,624,654,655,-1,624,655,625,-1,625,655,656,-1,625,656,626,-1,626,656,657,-1,626,657,627,-1,627,657,658,-1,627,658,628,-1,628,658,659,-1,628,659,629,-1,629,659,660,-1,629,660,630,-1,630,660,661,-1,630,661,631,-1,631,661,662,-1,631,662,632,-1,632,662,663,-1,632,663,633,-1,633,663,664,-1,633,664,634,-1,634,664,665,-1,634,665,635,-1,635,665,666,-1,635,666,636,-1,636,666,667,-1,636,667,637,-1,637,667,668,-1,637,668,638,-1,638,668,669,-1,638,669,639,-1,639,669,670,-1,639,670,640,-1,640,670,671,-1,640,671,641,-1,641,671,672,-1,641,672,642,-1,642,672,673,-1,642,673,643,-1,643,673,674,-1,643,674,644,-1,644,674,675,-1,644,675,645,-1,645,675,676,-1,645,676,646,-1,646,676,677,-1,646,677,647,-1,647,677,678,-1,647,678,648,-1,648,678,679,-1,649,680,650,-1,650,680,681,-1,650,681,651,-1,651,681,682,-1,651,682,652,-1,652,682,683,-1,652,683,653,-1,653,683,684,-1,653,684,654,-1,654,684,685,-1,654,685,655,-1,655,685,686,-1,655,686,656,-1,656,686,687,-1,656,687,657,-1,657,687,688,-1,657,688,658,-1,658,688,689,-1,658,689,659,-1,659,689,690,-1,659,690,660,-1,660,690,691,-1,660,691,661,-1,661,691,692,-1,661,692,662,-1,662,692,693,-1,662,693,663,-1,663,693,694,-1,663,694,664,-1,664,694,695,-1,664,695,665,-1,665,695,696,-1,665,696,666,-1,666,696,697,-1,666,697,667,-1,667,697,698,-1,667,698,668,-1,668,698,699,-1,668,699,669,-1,669,699,700,-1,669,700,670,-1,670,700,701,-1,670,701,671,-1,671,701,702,-1,671,702,672,-1,672,702,703,-1,672,703,673,-1,673,703,704,-1,673,704,674,-1,674,704,705,-1,674,705,675,-1,675,705,706,-1,675,706,676,-1,676,706,707,-1,676,707,677,-1,677,707,708,-1,677,708,678,-1,678,708,709,-1,678,709,679,-1,679,709,710,-1,680,711,681,-1,681,711,712,-1,681,712,682,-1,682,712,713,-1,682,713,683,-1,683,713,714,-1,683,714,684,-1,684,714,715,-1,684,715,685,-1,685,715,716,-1,685,716,686,-1,686,716,717,-1,686,717,687,-1,687,717,718,-1,687,718,688,-1,688,718,719,-1,688,719,689,-1,689,719,720,-1,689,720,690,-1,690,720,721,-1,690,721,691,-1,691,721,722,-1,691,722,692,-1,692,722,723,-1,692,723,693,-1,693,723,724,-1,693,724,694,-1,694,724,725,-1,694,725,695,-1,695,725,726,-1,695,726,696,-1,696,726,727,-1,696,727,697,-1,697,727,728,-1,697,728,698,-1,698,728,729,-1,698,729,699,-1,699,729,730,-1,699,730,700,-1,700,730,731,-1,700,731,701,-1,701,731,732,-1,701,732,702,-1,702,732,733,-1,702,733,703,-1,703,733,734,-1,703,734,704,-1,704,734,735,-1,704,735,705,-1,705,735,736,-1,705,736,706,-1,706,736,737,-1,706,737,707,-1,707,737,738,-1,707,738,708,-1,708,738,739,-1,708,739,709,-1,709,739,740,-1,709,740,710,-1,710,740,741,-1,711,742,712,-1,712,742,743,-1,712,743,713,-1,713,743,744,-1,713,744,714,-1,714,744,745,-1,714,745,715,-1,715,745,746,-1,715,746,716,-1,716,746,747,-1,716,747,717,-1,717,747,748,-1,717,748,718,-1,718,748,749,-1,718,749,719,-1,719,749,750,-1,719,750,720,-1,720,750,751,-1,720,751,721,-1,721,751,752,-1,721,752,722,-1,722,752,753,-1,722,753,723,-1,723,753,754,-1,723,754,724,-1,724,754,755,-1,724,755,725,-1,725,755,756,-1,725,756,726,-1,726,756,757,-1,726,757,727,-1,727,757,758,-1,727,758,728,-1,728,758,759,-1,728,759,729,-1,729,759,760,-1,729,760,730,-1,730,760,761,-1,730,761,731,-1,731,761,762,-1,731,762,732,-1,732,762,763,-1,732,763,733,-1,733,763,764,-1,733,764,734,-1,734,764,765,-1,734,765,735,-1,735,765,766,-1,735,766,736,-1,736,766,767,-1,736,767,737,-1,737,767,768,-1,737,768,738,-1,738,768,769,-1,738,769,739,-1,739,769,770,-1,739,770,740,-1,740,770,771,-1,740,771,741,-1,741,771,772,-1,742,773,743,-1,743,773,774,-1,743,774,744,-1,744,774,775,-1,744,775,745,-1,745,775,776,-1,745,776,746,-1,746,776,777,-1,746,777,747,-1,747,777,778,-1,747,778,748,-1,748,778,779,-1,748,779,749,-1,749,779,780,-1,749,780,750,-1,750,780,781,-1,750,781,751,-1,751,781,782,-1,751,782,752,-1,752,782,783,-1,752,783,753,-1,753,783,784,-1,753,784,754,-1,754,784,785,-1,754,785,755,-1,755,785,786,-1,755,786,756,-1,756,786,787,-1,756,787,757,-1,757,787,788,-1,757,788,758,-1,758,788,789,-1,758,789,759,-1,759,789,790,-1,759,790,760,-1,760,790,791,-1,760,791,761,-1,761,791,792,-1,761,792,762,-1,762,792,793,-1,762,793,763,-1,763,793,794,-1,763,794,764,-1,764,794,795,-1,764,795,765,-1,765,795,796,-1,765,796,766,-1,766,796,797,-1,766,797,767,-1,767,797,798,-1,767,798,768,-1,768,798,799,-1,768,799,769,-1,769,799,800,-1,769,800,770,-1,770,800,801,-1,770,801,771,-1,771,801,802,-1,771,802,772,-1,772,802,803,-1,773,804,774,-1,774,804,805,-1,774,805,775,-1,775,805,806,-1,775,806,776,-1,776,806,807,-1,776,807,777,-1,777,807,808,-1,777,808,778,-1,778,808,809,-1,778,809,779,-1,779,809,810,-1,779,810,780,-1,780,810,811,-1,780,811,781,-1,781,811,812,-1,781,812,782,-1,782,812,813,-1,782,813,783,-1,783,813,814,-1,783,814,784,-1,784,814,815,-1,784,815,785,-1,785,815,816,-1,785,816,786,-1,786,816,817,-1,786,817,787,-1,787,817,818,-1,787,818,788,-1,788,818,819,-1,788,819,789,-1,789,819,820,-1,789,820,790,-1,790,820,821,-1,790,821,791,-1,791,821,822,-1,791,822,792,-1,792,822,823,-1,792,823,793,-1,793,823,824,-1,793,824,794,-1,794,824,825,-1,794,825,795,-1,795,825,826,-1,795,826,796,-1,796,826,827,-1,796,827,797,-1,797,827,828,-1,797,828,798,-1,798,828,829,-1,798,829,799,-1,799,829,830,-1,799,830,800,-1,800,830,831,-1,800,831,801,-1,801,831,832,-1,801,832,802,-1,802,832,833,-1,802,833,803,-1,803,833,834,-1,804,835,805,-1,805,835,836,-1,805,836,806,-1,806,836,837,-1,806,837,807,-1,807,837,838,-1,807,838,808,-1,808,838,839,-1,808,839,809,-1,809,839,840,-1,809,840,810,-1,810,840,841,-1,810,841,811,-1,811,841,842,-1,811,842,812,-1,812,842,843,-1,812,843,813,-1,813,843,844,-1,813,844,814,-1,814,844,845,-1,814,845,815,-1,815,845,846,-1,815,846,816,-1,816,846,847,-1,816,847,817,-1,817,847,848,-1,817,848,818,-1,818,848,849,-1,818,849,819,-1,819,849,850,-1,819,850,820,-1,820,850,851,-1,820,851,821,-1,821,851,852,-1,821,852,822,-1,822,852,853,-1,822,853,823,-1,823,853,854,-1,823,854,824,-1,824,854,855,-1,824,855,825,-1,825,855,856,-1,825,856,826,-1,826,856,857,-1,826,857,827,-1,827,857,858,-1,827,858,828,-1,828,858,859,-1,828,859,829,-1,829,859,860,-1,829,860,830,-1,830,860,861,-1,830,861,831,-1,831,861,862,-1,831,862,832,-1,832,862,863,-1,832,863,833,-1,833,863,864,-1,833,864,834,-1,834,864,865,-1,835,415,836,-1,836,415,414,-1,836,414,837,-1,837,414,420,-1,837,420,838,-1,838,420,426,-1,838,426,839,-1,839,426,427,-1,839,427,840,-1,840,427,436,-1,840,436,841,-1,841,436,437,-1,841,437,842,-1,842,437,441,-1,842,441,843,-1,843,441,442,-1,843,442,844,-1,844,442,448,-1,844,448,845,-1,845,448,452,-1,845,452,846,-1,846,452,453,-1,846,453,847,-1,847,453,454,-1,847,454,848,-1,848,454,462,-1,848,462,849,-1,849,462,466,-1,849,466,850,-1,850,466,467,-1,850,467,851,-1,851,467,473,-1,851,473,852,-1,852,473,477,-1,852,477,853,-1,853,477,481,-1,853,481,854,-1,854,481,482,-1,854,482,855,-1,855,482,488,-1,855,488,856,-1,856,488,492,-1,856,492,857,-1,857,492,493,-1,857,493,858,-1,858,493,494,-1,858,494,859,-1,859,494,502,-1,859,502,860,-1,860,502,506,-1,860,506,861,-1,861,506,507,-1,861,507,862,-1,862,507,515,-1,862,515,863,-1,863,515,516,-1,863,516,864,-1,864,516,866,-1,864,866,865,-1,865,866,867,-1,868,869,870,-1,870,869,524,-1,396,393,516,-1,516,393,392,-1,516,392,866,-1,866,392,391,-1,866,391,867,-1,867,391,390,-1,867,390,387,-1,524,523,870,-1,870,523,555,-1,870,555,871,-1,871,555,586,-1,871,586,872,-1,872,586,617,-1,872,617,873,-1,873,617,648,-1,873,648,874,-1,874,648,679,-1,874,679,875,-1,875,679,710,-1,875,710,876,-1,876,710,741,-1,876,741,877,-1,877,741,772,-1,877,772,878,-1,878,772,803,-1,878,803,879,-1,879,803,834,-1,879,834,880,-1,880,834,865,-1,880,865,881,-1,881,865,867,-1,881,867,882,-1,882,867,387,-1,882,387,388,-1,416,883,884,-1,884,883,868,-1,868,870,884,-1,884,870,871,-1,884,871,885,-1,885,871,872,-1,885,872,886,-1,886,872,873,-1,886,873,887,-1,887,873,874,-1,887,874,888,-1,888,874,875,-1,888,875,889,-1,889,875,876,-1,889,876,890,-1,890,876,877,-1,890,877,891,-1,891,877,878,-1,891,878,892,-1,892,878,879,-1,892,879,893,-1,893,879,880,-1,893,880,894,-1,894,880,881,-1,894,881,895,-1,895,881,882,-1,895,882,413,-1,413,882,388,-1,413,388,389,-1,416,884,417,-1,417,884,885,-1,417,885,525,-1,525,885,886,-1,525,886,556,-1,556,886,887,-1,556,887,587,-1,587,887,888,-1,587,888,618,-1,618,888,889,-1,618,889,649,-1,649,889,890,-1,649,890,680,-1,680,890,891,-1,680,891,711,-1,711,891,892,-1,711,892,742,-1,742,892,893,-1,742,893,773,-1,773,893,894,-1,773,894,804,-1,804,894,895,-1,804,895,835,-1,835,895,413,-1,835,413,415,-1,415,413,386,-1,415,386,385,-1,896,447,446,-1,447,896,439,-1,439,896,897,-1,439,897,440,-1,440,897,898,-1,440,898,434,-1,434,898,435,-1,435,898,899,-1,435,899,429,-1,429,899,431,-1,431,899,900,-1,431,900,432,-1,901,424,900,-1,900,424,422,-1,900,422,432,-1,902,418,901,-1,901,418,425,-1,901,425,424,-1,903,883,902,-1,902,883,416,-1,902,416,418,-1,904,869,903,-1,903,869,868,-1,903,868,883,-1,521,522,904,-1,904,522,524,-1,904,524,869,-1,521,904,519,-1,519,904,905,-1,519,905,517,-1,517,905,906,-1,517,906,508,-1,508,906,509,-1,509,906,907,-1,509,907,511,-1,511,907,513,-1,513,907,908,-1,513,908,514,-1,909,505,908,-1,908,505,504,-1,908,504,514,-1,910,498,909,-1,909,498,496,-1,909,496,505,-1,911,501,910,-1,910,501,500,-1,910,500,498,-1,912,491,911,-1,911,491,490,-1,911,490,501,-1,487,486,912,-1,912,486,484,-1,912,484,491,-1,487,912,479,-1,479,912,913,-1,479,913,480,-1,480,913,914,-1,480,914,475,-1,475,914,476,-1,476,914,915,-1,476,915,469,-1,469,915,471,-1,471,915,916,-1,471,916,472,-1,917,465,916,-1,916,465,464,-1,916,464,472,-1,918,458,917,-1,917,458,456,-1,917,456,465,-1,919,461,918,-1,918,461,460,-1,918,460,458,-1,446,444,896,-1,896,444,451,-1,896,451,919,-1,919,451,450,-1,919,450,461,-1,908,335,909,-1,909,335,334,-1,909,334,910,-1,910,334,341,-1,910,341,911,-1,911,341,340,-1,911,340,912,-1,912,340,339,-1,912,339,913,-1,913,339,344,-1,913,344,914,-1,914,344,343,-1,914,343,915,-1,915,343,342,-1,915,342,916,-1,916,342,347,-1,916,347,917,-1,917,347,346,-1,917,346,918,-1,918,346,345,-1,918,345,919,-1,919,345,350,-1,919,350,896,-1,896,350,349,-1,896,349,897,-1,897,349,348,-1,897,348,898,-1,898,348,353,-1,898,353,899,-1,899,353,352,-1,899,352,900,-1,900,352,351,-1,900,351,901,-1,901,351,356,-1,901,356,902,-1,902,356,355,-1,902,355,903,-1,903,355,354,-1,903,354,904,-1,904,354,358,-1,904,358,905,-1,905,358,357,-1,905,357,906,-1,906,357,338,-1,906,338,907,-1,907,338,337,-1,907,337,908,-1,908,337,335,-1,
        ]
    }
}
Shape{
    appearance Appearance {
        material  Material 	{
            diffuseColor 0.2235294117647059 0.2235294117647059 0.2235294117647059
            specularColor 0.11372549019607843 0.11372549019607843 0.11372549019607843
            ambientIntensity 0.2235
            transparency 0.0
            shininess 0.5
        }
    }
    geometry IndexedFaceSet {
        ccw TRUE
        solid FALSE
        coord DEF co Coordinate {
            point [
                -0.0487 2.4803 2.843, -0.0487 2.559 2.843, 0.0532 2.4803 2.7269, 0.0532 2.559 2.7269, 0.139 2.4803 2.5984, 0.139 2.559 2.5984, 0.2073 2.4803 2.4599, 0.2073 2.559 2.4599, 0.257 2.4803 2.3136, 0.257 2.559 2.3136, -1.1895 2.4803 3.1487, -1.1895 2.559 3.1487, -1.038 2.4803 3.1789, -1.038 2.559 3.1789, -0.8839 2.4803 3.189, -0.8839 2.559 3.189, -0.7297 2.4803 3.1789, -0.7297 2.559 3.1789, -0.5782 2.4803 3.1487, -0.5782 2.559 3.1487, -2.0247 2.4803 2.3136, -2.0247 2.559 2.3136, -1.975 2.4803 2.4599, -1.975 2.559 2.4599, -1.9067 2.4803 2.5984, -1.9067 2.559 2.5984, -1.8209 2.4803 2.7269, -1.8209 2.559 2.7269, -1.719 2.4803 2.843, -1.719 2.559 2.843, -1.719 2.4803 1.1727, -1.719 2.559 1.1727, -1.8209 2.4803 1.2889, -1.8209 2.559 1.2889, -1.9067 2.4803 1.4173, -1.9067 2.559 1.4173, -1.975 2.4803 1.5559, -1.975 2.559 1.5559, -2.0247 2.4803 1.7022, -2.0247 2.559 1.7022, -0.5782 2.4803 0.867, -0.5782 2.559 0.867, -0.7297 2.4803 0.8369, -0.7297 2.559 0.8369, -0.8839 2.4803 0.8268, -0.8839 2.559 0.8268, -1.038 2.4803 0.8369, -1.038 2.559 0.8369, -1.1895 2.4803 0.867, -1.1895 2.559 0.867
            ]
        }
        coordIndex [
            0,1,2,-1,2,1,3,-1,2,3,4,-1,4,3,5,-1,4,5,6,-1,6,5,7,-1,6,7,8,-1,8,7,9,-1,10,11,12,-1,12,11,13,-1,12,13,14,-1,14,13,15,-1,14,15,16,-1,16,15,17,-1,16,17,18,-1,18,17,19,-1,20,21,22,-1,22,21,23,-1,22,23,24,-1,24,23,25,-1,24,25,26,-1,26,25,27,-1,26,27,28,-1,28,27,29,-1,30,31,32,-1,32,31,33,-1,32,33,34,-1,34,33,35,-1,34,35,36,-1,36,35,37,-1,36,37,38,-1,38,37,39,-1,40,41,42,-1,42,41,43,-1,42,43,44,-1,44,43,45,-1,44,45,46,-1,46,45,47,-1,46,47,48,-1,48,47,49,-1,
        ]
    }
}
Shape{
    appearance Appearance {
        material  Material 	{
            diffuseColor 1.0 1.0 1.0
            specularColor 0.5019607843137255 0.5019607843137255 0.5019607843137255
            ambientIntensity 1.0
            transparency 0.0
            shininess 0.5
        }
    }
    geometry IndexedFaceSet {
        ccw TRUE
        solid FALSE
        coord DEF co Coordinate {
            point [
                0.8484 2.559 0.4331, 0.8484 2.4803 0.4331, -2.6161 2.559 0.4331, -2.6161 2.4803 0.4331, 0.8484 2.4803 3.8976, 0.8484 2.559 3.8976, -2.6161 2.4803 3.8976, -2.6161 2.559 3.8976, -1.038 2.559 3.1789, -0.8839 2.559 3.189, -0.7297 2.559 3.1789, -2.0247 2.559 1.7022, -1.975 2.559 1.5559, -2.047 2.559 1.8028, -1.9067 2.559 1.4173, -1.8209 2.559 1.2889, -1.719 2.559 1.1727, -1.1895 2.559 0.867, -1.038 2.559 0.8369, -0.8839 2.559 0.8268, -1.643 2.559 2.9127, -1.719 2.559 2.843, -1.8209 2.559 2.7269, -1.9067 2.559 2.5984, -1.975 2.559 2.4599, -2.0247 2.559 2.3136, -2.047 2.559 2.213, -2.0605 2.559 2.1108, -2.065 2.559 2.0079, -2.0605 2.559 1.9049, -1.643 2.559 1.1031, -1.5613 2.559 1.0404, -1.4744 2.559 0.985, -1.383 2.559 0.9374, -1.2878 2.559 0.898, 0.2793 2.559 2.213, 0.257 2.559 2.3136, 0.2073 2.559 2.4599, 0.139 2.559 2.5984, 0.0532 2.559 1.2889, 0.139 2.559 1.4173, 0.0532 2.559 2.7269, -0.0487 2.559 2.843, -0.1247 2.559 2.9127, -1.1895 2.559 3.1487, -1.2878 2.559 3.1177, -1.383 2.559 3.0783, -1.4744 2.559 3.0307, -1.5613 2.559 2.9754, 0.2073 2.559 1.5559, 0.257 2.559 1.7022, 0.2793 2.559 1.8028, -0.3847 2.559 3.0783, -0.4799 2.559 3.1177, -0.5782 2.559 3.1487, -0.7297 2.559 0.8369, -0.5782 2.559 0.867, -0.4799 2.559 0.898, -0.2064 2.559 2.9754, -0.2933 2.559 3.0307, -0.3847 2.559 0.9374, -0.2933 2.559 0.985, -0.2064 2.559 1.0404, -0.1247 2.559 1.1031, -0.0487 2.559 1.1727, 0.2928 2.559 1.9049, 0.2973 2.559 2.0079, 0.2928 2.559 2.1108, -0.4319 2.4803 0.9167, -0.5782 2.4803 0.867, -1.6029 2.4803 2.9449, -1.4744 2.4803 3.0307, -1.038 2.4803 3.1789, -0.8839 2.4803 3.189, -0.7297 2.4803 3.1789, -1.3358 2.4803 3.0991, -1.1895 2.4803 3.1487, -1.038 2.4803 0.8369, -0.8839 2.4803 0.8268, -0.7297 2.4803 0.8369, -0.5782 2.4803 3.1487, -0.4319 2.4803 3.0991, -0.2933 2.4803 3.0307, -0.0487 2.4803 1.1727, -0.1648 2.4803 1.0708, -0.2933 2.4803 0.985, -1.1895 2.4803 0.867, -1.3358 2.4803 0.9167, -1.4744 2.4803 0.985, -1.6029 2.4803 1.0708, -1.719 2.4803 1.1727, -1.8209 2.4803 1.2889, -1.9067 2.4803 1.4173, -1.975 2.4803 1.5559, -2.0247 2.4803 1.7022, -1.9067 2.4803 2.5984, -1.975 2.4803 2.4599, -2.0247 2.4803 2.3136, -1.8209 2.4803 2.7269, -1.719 2.4803 2.843, -0.1648 2.4803 2.9449, -0.0487 2.4803 2.843, 0.0532 2.4803 2.7269, 0.257 2.4803 1.7022, 0.2073 2.4803 1.5559, 0.139 2.4803 2.5984, 0.2073 2.4803 2.4599, 0.257 2.4803 2.3136, 0.2871 2.4803 2.162, 0.2973 2.4803 2.0079, 0.2871 2.4803 1.8537, 0.139 2.4803 1.4173, 0.0532 2.4803 1.2889, -2.0548 2.4803 1.8537, -2.065 2.4803 2.0079, -2.0548 2.4803 2.162, 0.9272 2.4803 3.8976, 0.9245 2.5007 3.8976, 0.9166 2.5197 3.8976, 0.9041 2.536 3.8976, 0.8878 2.5485 3.8976, 0.8688 2.5564 3.8976, 0.9272 2.4803 0.4331, 0.9245 2.5007 0.4331, 0.9166 2.5197 0.4331, 0.9041 2.536 0.4331, 0.8878 2.5485 0.4331, 0.8688 2.5564 0.4331, 0.9272 2.0866 3.8976, 0.8484 2.0866 3.8976, 0.9272 2.0866 0.4331, 0.8484 2.0866 0.4331, -2.6949 2.4803 0.4331, -2.6929 2.4978 0.4331, -2.6871 2.5145 0.4331, -2.6777 2.5294 0.4331, -2.6652 2.5419 0.4331, -2.6503 2.5512 0.4331, -2.6337 2.5571 0.4331, -2.6949 2.4803 3.8976, -2.6929 2.4978 3.8976, -2.6871 2.5145 3.8976, -2.6777 2.5294 3.8976, -2.6652 2.5419 3.8976, -2.6503 2.5512 3.8976, -2.6337 2.5571 3.8976, -2.6949 2.0866 0.4331, -2.6161 2.0866 0.4331, -2.6949 2.0866 3.8976, -2.6161 2.0866 3.8976
            ]
        }
        coordIndex [
            0,1,2,-1,2,1,3,-1,4,5,6,-1,6,5,7,-1,8,7,9,-1,9,7,5,-1,9,5,10,-1,11,12,2,-1,11,2,13,-1,12,14,2,-1,2,14,15,-1,2,15,16,-1,17,18,2,-1,2,18,19,-1,2,19,0,-1,20,21,7,-1,7,21,22,-1,7,22,23,-1,23,24,7,-1,7,24,25,-1,7,25,26,-1,26,27,7,-1,7,27,28,-1,7,28,2,-1,2,28,29,-1,2,29,13,-1,16,30,2,-1,2,30,31,-1,2,31,32,-1,32,33,2,-1,2,33,34,-1,2,34,17,-1,35,36,5,-1,5,36,37,-1,5,37,38,-1,0,39,40,-1,38,41,5,-1,5,41,42,-1,5,42,43,-1,8,44,7,-1,7,44,45,-1,7,45,46,-1,46,47,7,-1,7,47,48,-1,7,48,20,-1,40,49,0,-1,0,49,50,-1,0,50,51,-1,52,53,5,-1,5,53,54,-1,5,54,10,-1,19,55,0,-1,0,55,56,-1,0,56,57,-1,43,58,5,-1,5,58,59,-1,5,59,52,-1,57,60,0,-1,0,60,61,-1,0,61,62,-1,62,63,0,-1,0,63,64,-1,0,64,39,-1,51,65,0,-1,0,65,66,-1,0,66,5,-1,5,66,67,-1,5,67,35,-1,68,69,1,-1,70,71,6,-1,6,72,4,-1,4,72,73,-1,4,73,74,-1,71,75,6,-1,6,75,76,-1,6,76,72,-1,77,3,78,-1,78,3,1,-1,78,1,79,-1,79,1,69,-1,74,80,4,-1,4,80,81,-1,4,81,82,-1,83,84,1,-1,1,84,85,-1,1,85,68,-1,77,86,3,-1,3,86,87,-1,3,87,88,-1,88,89,3,-1,3,89,90,-1,3,90,91,-1,91,92,3,-1,3,92,93,-1,3,93,94,-1,95,6,96,-1,96,6,97,-1,95,98,6,-1,6,98,99,-1,6,99,70,-1,82,100,4,-1,4,100,101,-1,4,101,102,-1,1,103,104,-1,102,105,4,-1,4,105,106,-1,4,106,107,-1,107,108,4,-1,4,108,109,-1,4,109,1,-1,1,109,110,-1,1,110,103,-1,104,111,1,-1,1,111,112,-1,1,112,83,-1,94,113,3,-1,3,113,114,-1,3,114,6,-1,6,114,115,-1,6,115,97,-1,116,117,4,-1,4,117,118,-1,4,118,119,-1,119,120,4,-1,4,120,121,-1,4,121,5,-1,116,122,123,-1,116,123,117,-1,117,123,124,-1,117,124,118,-1,118,124,125,-1,118,125,119,-1,119,125,126,-1,119,126,120,-1,120,126,127,-1,120,127,121,-1,121,127,0,-1,121,0,5,-1,123,122,1,-1,126,1,127,-1,127,1,0,-1,126,125,1,-1,1,125,124,-1,1,124,123,-1,128,116,129,-1,129,116,4,-1,130,128,131,-1,131,128,129,-1,122,130,1,-1,1,130,131,-1,130,122,128,-1,128,122,116,-1,1,131,4,-1,4,131,129,-1,3,132,133,-1,133,134,3,-1,3,134,135,-1,3,135,136,-1,136,137,3,-1,3,137,138,-1,3,138,2,-1,132,139,140,-1,132,140,133,-1,133,140,141,-1,133,141,134,-1,134,141,142,-1,134,142,135,-1,135,142,143,-1,135,143,136,-1,136,143,144,-1,136,144,137,-1,137,144,145,-1,137,145,138,-1,138,145,7,-1,138,7,2,-1,140,139,6,-1,143,142,6,-1,6,142,141,-1,6,141,140,-1,7,145,6,-1,6,145,144,-1,6,144,143,-1,146,132,147,-1,147,132,3,-1,148,146,149,-1,149,146,147,-1,139,148,6,-1,6,148,149,-1,148,139,146,-1,146,139,132,-1,6,149,3,-1,3,149,147,-1,
        ]
    }
}
Shape{
    appearance Appearance {
        material  Material 	{
            diffuseColor 0.2235294117647059 0.2235294117647059 0.2235294117647059
            specularColor 0.11372549019607843 0.11372549019607843 0.11372549019607843
            ambientIntensity 0.2235
            transparency 0.0
            shininess 0.5
        }
    }
    geometry IndexedFaceSet {
        ccw TRUE
        solid FALSE
        coord DEF co Coordinate {
            point [
                0.257 2.4803 1.7022, 0.257 2.559 1.7022, 0.2073 2.4803 1.5559, 0.2073 2.559 1.5559, 0.139 2.4803 1.4173, 0.139 2.559 1.4173, 0.0532 2.4803 1.2889, 0.0532 2.559 1.2889, -0.0487 2.4803 1.1727, -0.0487 2.559 1.1727
            ]
        }
        coordIndex [
            0,1,2,-1,2,1,3,-1,2,3,4,-1,4,3,5,-1,4,5,6,-1,6,5,7,-1,6,7,8,-1,8,7,9,-1,
        ]
    }
}
Shape{
    appearance Appearance {
        material  Material 	{
            diffuseColor 1.0 1.0 1.0
            specularColor 0.5019607843137255 0.5019607843137255 0.5019607843137255
            ambientIntensity 1.0
            transparency 0.0
            shininess 0.5
        }
    }
    geometry IndexedFaceSet {
        ccw TRUE
        solid FALSE
        coord DEF co Coordinate {
            point [
                -0.5042 2.0693 0.8895, -0.539 2.0454 0.8782, -0.5528 2.0669 0.8741, -0.5637 2.09 0.871, -0.5717 2.1144 0.8688, -0.5765 2.1397 0.8675, -0.4625 1.9835 0.9045, -0.4842 1.9949 0.8965, -0.5044 2.0091 0.8894, -0.5228 2.0262 0.8833, -0.5782 2.1653 0.867, -0.5782 2.4803 0.867, -0.4319 2.4803 0.9167, -0.2933 2.4803 0.985, -0.3923 1.9685 0.9339, -0.4319 1.9732 0.9167, -0.4396 1.9752 0.9135, -0.1648 2.4803 1.0708, -0.1996 1.9685 1.0452, -0.2933 1.9685 0.985, -0.0487 2.4803 1.1727, -0.0487 2.1653 1.1727, -0.0779 2.0455 1.1445, -0.0905 2.0262 1.1329, -0.102 2.0705 1.1226, -0.1049 2.0092 1.1201, -0.1212 1.9949 1.106, -0.1391 1.9835 1.0912, -0.1584 1.9757 1.0759, -0.1648 1.9732 1.0708, -0.0534 2.1144 1.168, -0.0594 2.0899 1.1622, -0.0675 2.0669 1.1543, -0.0499 2.1396 1.1715, -0.1044 2.1653 1.2284, -0.1044 2.4803 1.2284, -0.0487 2.559 1.1727, -0.0631 2.5564 1.1871, -0.0765 2.5485 1.2005, -0.0881 2.536 1.2121, -0.0969 2.5197 1.2209, -0.1025 2.5007 1.2265, -0.1056 2.1397 1.2272, -0.14 2.0801 1.1943, -0.1091 2.1144 1.2237, -0.115 2.09 1.2179, -0.1462 2.0262 1.1887, -0.1337 2.0454 1.2001, -0.1232 2.0669 1.21, -0.1753 2.4803 1.1634, -0.2561 1.9685 1.1017, -0.2348 1.9702 1.1168, -0.3327 2.4803 1.0532, -0.2144 1.9753 1.1321, -0.2516 2.4803 1.1049, -0.2128 1.9758 1.1333, -0.2134 2.4803 1.1341, -0.1942 1.9839 1.1479, -0.1771 1.9949 1.1619, -0.1608 2.0091 1.1758, -0.418 2.4803 1.0088, -0.413 1.9685 1.0111, -0.3327 1.9685 1.0532, -0.4624 2.4803 0.9904, -0.4601 1.9752 0.9902, -0.4366 1.9702 1.0003, -0.5068 2.4803 0.972, -0.5985 2.4803 0.9431, -0.5985 2.1653 0.9431, -0.5595 2.0455 0.9543, -0.5432 2.0262 0.9595, -0.5512 2.0801 0.9569, -0.5249 2.0092 0.9656, -0.5046 1.9949 0.9728, -0.4838 1.9839 0.9807, -0.462 1.9759 0.9894, -0.5921 2.1144 0.9448, -0.5841 2.0899 0.9471, -0.5731 2.0669 0.9502, -0.5969 2.1396 0.9435, -0.5978 2.5007 0.9405, -0.5958 2.5197 0.9329, -0.5926 2.536 0.9208, -0.5883 2.5485 0.905, -0.5834 2.5564 0.8867, -0.5782 2.559 0.867, -0.1735 2.5007 1.1614, -0.4168 2.5007 1.0064, -0.5059 2.5007 0.9695, -0.5032 2.5197 0.9621, -0.4989 2.536 0.9503, -0.4934 2.5485 0.935, -0.4869 2.5564 0.9172, -0.4799 2.559 0.898, -0.3847 2.559 0.9374, -0.3933 2.5564 0.9559, -0.4013 2.5485 0.9731, -0.4082 2.536 0.9879, -0.4135 2.5197 0.9992, -0.3313 2.5007 1.0509, -0.3274 2.5197 1.0441, -0.3211 2.536 1.0332, -0.313 2.5485 1.0191, -0.3035 2.5564 1.0027, -0.2933 2.559 0.985, -0.25 2.5007 1.1027, -0.2455 2.5197 1.0962, -0.2383 2.536 1.086, -0.229 2.5485 1.0726, -0.2181 2.5564 1.0571, -0.2064 2.559 1.0404, -0.1685 2.5197 1.1553, -0.1604 2.536 1.1458, -0.15 2.5485 1.1333, -0.1378 2.5564 1.1187, -0.1247 2.559 1.1031, -1.6626 2.0693 1.1199, -1.6897 2.0454 1.1444, -1.7002 2.0669 1.1543, -1.7084 2.09 1.1622, -1.7143 2.1144 1.168, -1.7178 2.1397 1.1715, -1.6287 1.9835 1.0913, -1.6465 1.9949 1.106, -1.6628 2.0091 1.12, -1.6773 2.0262 1.1329, -1.719 2.1653 1.1727, -1.719 2.4803 1.1727, -1.6029 2.4803 1.0708, -1.4744 2.4803 0.985, -1.5681 1.9685 1.0452, -1.6029 1.9732 1.0708, -1.6095 1.9752 1.0759, -1.3358 2.4803 0.9167, -1.3754 1.9685 0.9339, -1.4744 1.9685 0.985, -1.1895 2.4803 0.867, -1.1895 2.1653 0.867, -1.2286 2.0455 0.8782, -1.2449 2.0262 0.8833, -1.2596 2.0705 0.8882, -1.2632 2.0092 0.8894, -1.2836 1.9949 0.8965, -1.3053 1.9835 0.9045, -1.3283 1.9757 0.9137, -1.3358 1.9732 0.9167, -1.196 2.1144 0.8688, -1.204 2.0899 0.871, -1.2149 2.0669 0.8741, -1.1912 2.1396 0.8675, -1.1692 2.1653 0.9431, -1.1692 2.4803 0.9431, -1.1895 2.559 0.867, -1.1843 2.5564 0.8867, -1.1794 2.5485 0.905, -1.1751 2.536 0.9208, -1.1719 2.5197 0.9329, -1.1699 2.5007 0.9405, -1.1708 2.1397 0.9435, -1.2165 2.0801 0.9569, -1.1756 2.1144 0.9448, -1.1836 2.09 0.9471, -1.2245 2.0262 0.9595, -1.2083 2.0454 0.9543, -1.1946 2.0669 0.9502, -1.2609 2.4803 0.972, -1.3547 1.9685 1.0111, -1.331 1.9702 1.0003, -1.435 2.4803 1.0532, -1.3076 1.9753 0.9902, -1.3497 2.4803 1.0088, -1.3057 1.9758 0.9894, -1.3053 2.4803 0.9904, -1.2838 1.9839 0.9806, -1.2631 1.9949 0.9728, -1.2429 2.0091 0.9656, -1.5161 2.4803 1.1049, -1.5116 1.9685 1.1017, -1.435 1.9685 1.0532, -1.5543 2.4803 1.1341, -1.5533 1.9752 1.1321, -1.5328 1.9702 1.1168, -1.5924 2.4803 1.1634, -1.6633 2.4803 1.2284, -1.6633 2.1653 1.2284, -1.6341 2.0455 1.2002, -1.6215 2.0262 1.1887, -1.6277 2.0801 1.1943, -1.607 2.0092 1.1759, -1.5906 1.9949 1.1619, -1.5734 1.9839 1.1478, -1.5549 1.9759 1.1333, -1.6586 2.1144 1.2237, -1.6526 2.0899 1.2178, -1.6445 2.0669 1.21, -1.6621 2.1396 1.2272, -1.7046 2.5564 1.1871, -1.719 2.559 1.1727, -1.6652 2.5007 1.2265, -1.6708 2.5197 1.2209, -1.6796 2.536 1.2121, -1.6912 2.5485 1.2005, -2.0423 2.0693 2.2383, -2.0346 2.0454 2.274, -2.0313 2.0669 2.288, -2.0285 2.09 2.2991, -2.0264 2.1144 2.3071, -2.0251 2.1397 2.3119, -2.0501 1.9835 2.1946, -2.0462 1.9949 2.2174, -2.0422 2.0091 2.2385, -2.0383 2.0262 2.2575, -2.0247 2.1653 2.3136, -2.0247 2.4803 2.3136, -2.0548 2.4803 2.162, -2.065 2.4803 2.0079, -2.0597 1.9685 2.1191, -2.0548 1.9732 2.162, -2.0537 1.9752 2.1703, -2.0548 2.4803 1.8537, -2.0597 1.9685 1.8966, -2.065 1.9685 2.0079, -2.0247 2.4803 1.7022, -2.0247 2.1653 1.7022, -2.0346 2.0455 1.7416, -2.0383 2.0262 1.7582, -2.0415 2.0705 1.7735, -2.0422 2.0092 1.7772, -2.0462 1.9949 1.7983, -2.0501 1.9835 1.8212, -2.0537 1.9757 1.8456, -2.0548 1.9732 1.8537, -2.0264 2.1144 1.7087, -2.0285 2.0899 1.7167, -2.0313 2.0669 1.7277, -2.0251 2.1396 1.7038, -1.9487 2.1653 1.7226, -1.9487 2.4803 1.7226, -1.9506 2.4978 1.7221, -2.0247 2.559 1.7022, -2.0078 2.5571 1.7067, -1.9917 2.5512 1.711, -1.9773 2.5419 1.7149, -1.9652 2.5294 1.7181, -1.9562 2.5145 1.7205, -1.9491 2.1397 1.7242, -1.9603 2.0801 1.7704, -1.9504 2.1144 1.729, -1.9524 2.09 1.7371, -1.9621 2.0262 1.7786, -1.9585 2.0454 1.7621, -1.9552 2.0669 1.7481, -1.9695 2.4803 1.8165, -1.9825 1.9685 1.9173, -1.98 1.9702 1.8913, -1.9862 2.4803 2.0079, -1.977 1.9753 1.866, -1.982 2.4803 1.9118, -1.9768 1.9758 1.864, -1.9757 2.4803 1.8641, -1.9735 1.9839 1.8407, -1.9699 1.9949 1.8188, -1.966 2.0091 1.7977, -1.982 2.4803 2.104, -1.9825 1.9685 2.0985, -1.9862 1.9685 2.0079, -1.9757 2.4803 2.1516, -1.977 1.9752 2.1497, -1.98 1.9702 2.1243, -1.9695 2.4803 2.1993, -1.9487 2.4803 2.2932, -1.9487 2.1653 2.2932, -1.9584 2.0455 2.2537, -1.9621 2.0262 2.2371, -1.9603 2.0801 2.2453, -1.966 2.0092 2.2182, -1.9699 1.9949 2.197, -1.9735 1.9839 2.175, -1.9768 1.9759 2.1518, -1.9504 2.1144 2.2867, -1.9524 2.0899 2.2787, -1.9552 2.0669 2.2676, -1.9491 2.1396 2.2916, -1.9506 2.4978 2.2937, -1.9562 2.5145 2.2952, -1.9652 2.5294 2.2976, -1.9773 2.5419 2.3009, -1.9917 2.5512 2.3047, -2.0078 2.5571 2.309, -2.0247 2.559 2.3136, -1.2635 2.0693 3.1263, -1.2287 2.0454 3.1375, -1.2149 2.0669 3.1416, -1.204 2.09 3.1448, -1.196 2.1144 3.147, -1.1912 2.1397 3.1483, -1.3052 1.9835 3.1113, -1.2836 1.9949 3.1193, -1.2633 2.0091 3.1264, -1.2449 2.0262 3.1325, -1.1895 2.1653 3.1487, -1.1895 2.4803 3.1487, -1.3358 2.4803 3.0991, -1.4744 2.4803 3.0307, -1.3754 1.9685 3.0818, -1.3358 1.9732 3.0991, -1.3281 1.9752 3.1022, -1.6029 2.4803 2.9449, -1.5681 1.9685 2.9706, -1.4744 1.9685 3.0307, -1.719 2.4803 2.843, -1.719 2.1653 2.843, -1.6898 2.0455 2.8713, -1.6773 2.0262 2.8828, -1.6657 2.0705 2.8932, -1.6628 2.0092 2.8957, -1.6465 1.9949 2.9097, -1.6286 1.9835 2.9246, -1.6093 1.9757 2.9399, -1.6029 1.9732 2.9449, -1.7143 2.1144 2.8478, -1.7083 2.0899 2.8536, -1.7002 2.0669 2.8615, -1.7178 2.1396 2.8442, -1.6949 2.5512 2.8189, -1.7066 2.5571 2.8307, -1.719 2.559 2.843, -1.6843 2.5419 2.8083, -1.6755 2.5294 2.7995, -1.6689 2.5145 2.7929, -1.6633 2.1653 2.7874, -1.6633 2.4803 2.7874, -1.6647 2.4978 2.7888, -1.6621 2.1397 2.7886, -1.6277 2.0801 2.8214, -1.6586 2.1144 2.7921, -1.6527 2.09 2.7979, -1.6215 2.0262 2.8271, -1.634 2.0454 2.8156, -1.6445 2.0669 2.8058, -1.5924 2.4803 2.8523, -1.5116 1.9685 2.914, -1.5329 1.9702 2.8989, -1.435 2.4803 2.9625, -1.5533 1.9753 2.8837, -1.5161 2.4803 2.9109, -1.5549 1.9758 2.8824, -1.5543 2.4803 2.8816, -1.5735 1.9839 2.8679, -1.5906 1.9949 2.8538, -1.6069 2.0091 2.8399, -1.3497 2.4803 3.007, -1.3547 1.9685 3.0046, -1.435 1.9685 2.9625, -1.3053 2.4803 3.0254, -1.3076 1.9752 3.0255, -1.3311 1.9702 3.0154, -1.2609 2.4803 3.0438, -1.1692 2.4803 3.0727, -1.1692 2.1653 3.0727, -1.2082 2.0455 3.0614, -1.2245 2.0262 3.0563, -1.2165 2.0801 3.0589, -1.2428 2.0092 3.0502, -1.2631 1.9949 3.0429, -1.2839 1.9839 3.0351, -1.3057 1.9759 3.0263, -1.1756 2.1144 3.0709, -1.1836 2.0899 3.0687, -1.1946 2.0669 3.0655, -1.1708 2.1396 3.0722, -1.185 2.5571 3.1318, -1.1895 2.559 3.1487, -1.1697 2.4978 3.0746, -1.1712 2.5145 3.0802, -1.1736 2.5294 3.0893, -1.1768 2.5419 3.1013, -1.1807 2.5512 3.1157, -0.1051 2.0693 2.8959, -0.078 2.0454 2.8714, -0.0675 2.0669 2.8615, -0.0594 2.09 2.8536, -0.0534 2.1144 2.8478, -0.0499 2.1397 2.8442, -0.139 1.9835 2.9245, -0.1212 1.9949 2.9097, -0.105 2.0091 2.8957, -0.0905 2.0262 2.8828, -0.0487 2.1653 2.843, -0.0487 2.4803 2.843, -0.1648 2.4803 2.9449, -0.2933 2.4803 3.0307, -0.1996 1.9685 2.9706, -0.1648 1.9732 2.9449, -0.1583 1.9752 2.9398, -0.4319 2.4803 3.0991, -0.3923 1.9685 3.0818, -0.2933 1.9685 3.0307, -0.5782 2.4803 3.1487, -0.5782 2.1653 3.1487, -0.5391 2.0455 3.1375, -0.5228 2.0262 3.1325, -0.5081 2.0705 3.1276, -0.5045 2.0092 3.1264, -0.4842 1.9949 3.1193, -0.4624 1.9835 3.1112, -0.4394 1.9757 3.1021, -0.4319 1.9732 3.0991, -0.5717 2.1144 3.147, -0.5637 2.0899 3.1448, -0.5528 2.0669 3.1416, -0.5765 2.1396 3.1483, -0.5985 2.1653 3.0727, -0.5985 2.4803 3.0727, -0.5978 2.5007 3.0753, -0.5883 2.5485 3.1107, -0.5834 2.5564 3.129, -0.5782 2.559 3.1487, -0.5926 2.536 3.095, -0.5958 2.5197 3.0829, -0.5969 2.1397 3.0722, -0.5512 2.0801 3.0589, -0.5921 2.1144 3.0709, -0.5841 2.09 3.0687, -0.5432 2.0262 3.0563, -0.5594 2.0454 3.0614, -0.5731 2.0669 3.0655, -0.5068 2.4803 3.0438, -0.413 1.9685 3.0046, -0.4367 1.9702 3.0155, -0.3327 2.4803 2.9625, -0.4601 1.9753 3.0255, -0.418 2.4803 3.007, -0.462 1.9758 3.0263, -0.4624 2.4803 3.0254, -0.4839 1.9839 3.0351, -0.5046 1.9949 3.0429, -0.5248 2.0091 3.0501, -0.2516 2.4803 2.9109, -0.2561 1.9685 2.914, -0.3327 1.9685 2.9625, -0.2134 2.4803 2.8816, -0.2144 1.9752 2.8837, -0.2349 1.9702 2.899, -0.1753 2.4803 2.8523, -0.1044 2.4803 2.7874, -0.1044 2.1653 2.7874, -0.1336 2.0455 2.8156, -0.1462 2.0262 2.8271, -0.14 2.0801 2.8214, -0.1607 2.0092 2.8399, -0.1771 1.9949 2.8538, -0.1943 1.9839 2.868, -0.2128 1.9759 2.8824, -0.1091 2.1144 2.7921, -0.1151 2.0899 2.7979, -0.1232 2.0669 2.8058, -0.1056 2.1396 2.7886, -0.1025 2.5007 2.7893, -0.0969 2.5197 2.7948, -0.0881 2.536 2.8037, -0.0765 2.5485 2.8152, -0.0631 2.5564 2.8286, -0.0487 2.559 2.843, 0.2746 2.0693 1.7775, 0.2669 2.0454 1.7417, 0.2635 2.0669 1.7277, 0.2608 2.09 1.7167, 0.2587 2.1144 1.7087, 0.2574 2.1397 1.7038, 0.2824 1.9835 1.8211, 0.2785 1.9949 1.7983, 0.2745 2.0091 1.7773, 0.2706 2.0262 1.7582, 0.257 2.1653 1.7022, 0.257 2.4803 1.7022, 0.2871 2.4803 1.8537, 0.2973 2.4803 2.0079, 0.292 1.9685 1.8966, 0.2871 1.9732 1.8537, 0.286 1.9752 1.8455, 0.2871 2.4803 2.162, 0.292 1.9685 2.1191, 0.2973 1.9685 2.0079, 0.257 2.4803 2.3136, 0.257 2.1653 2.3136, 0.2669 2.0455 2.2741, 0.2706 2.0262 2.2575, 0.2738 2.0705 2.2423, 0.2745 2.0092 2.2386, 0.2785 1.9949 2.2174, 0.2824 1.9835 2.1945, 0.286 1.9757 2.1701, 0.2871 1.9732 2.162, 0.2587 2.1144 2.3071, 0.2608 2.0899 2.299, 0.2635 2.0669 2.288, 0.2574 2.1396 2.3119, 0.1809 2.1653 2.2932, 0.1809 2.4803 2.2932, 0.1835 2.5007 2.2939, 0.1911 2.5197 2.2959, 0.257 2.559 2.3136, 0.2373 2.5564 2.3083, 0.219 2.5485 2.3034, 0.2032 2.536 2.2992, 0.1814 2.1397 2.2916, 0.1926 2.0801 2.2453, 0.1827 2.1144 2.2867, 0.1847 2.09 2.2787, 0.1944 2.0262 2.2371, 0.1908 2.0454 2.2536, 0.1875 2.0669 2.2676, 0.2018 2.4803 2.1993, 0.2148 1.9685 2.0985, 0.2123 1.9702 2.1244, 0.2185 2.4803 2.0079, 0.2093 1.9753 2.1497, 0.2143 2.4803 2.104, 0.2091 1.9758 2.1518, 0.208 2.4803 2.1516, 0.2058 1.9839 2.1751, 0.2022 1.9949 2.197, 0.1983 2.0091 2.2181, 0.2143 2.4803 1.9118, 0.2148 1.9685 1.9173, 0.2185 1.9685 2.0079, 0.208 2.4803 1.8641, 0.2093 1.9752 1.866, 0.2123 1.9702 1.8914, 0.2018 2.4803 1.8165, 0.1809 2.4803 1.7226, 0.1809 2.1653 1.7226, 0.1907 2.0455 1.762, 0.1944 2.0262 1.7786, 0.1926 2.0801 1.7704, 0.1983 2.0092 1.7976, 0.2022 1.9949 1.8188, 0.2058 1.9839 1.8408, 0.2091 1.9759 1.864, 0.1827 2.1144 1.729, 0.1847 2.0899 1.7371, 0.1875 2.0669 1.7481, 0.1814 2.1396 1.7242, 0.1835 2.5007 1.7219, 0.1911 2.5197 1.7198, 0.2032 2.536 1.7166, 0.219 2.5485 1.7124, 0.2373 2.5564 1.7075, 0.257 2.559 1.7022, -1.2618 2.5007 0.9695, -1.5177 2.5007 1.1027, -1.5942 2.5007 1.1614, -1.5992 2.5197 1.1553, -1.6073 2.536 1.1458, -1.6177 2.5485 1.1333, -1.6299 2.5564 1.1187, -1.643 2.559 1.1031, -1.5613 2.559 1.0404, -1.5496 2.5564 1.0571, -1.5387 2.5485 1.0726, -1.5294 2.536 1.086, -1.5222 2.5197 1.0962, -1.4364 2.5007 1.0509, -1.4403 2.5197 1.0441, -1.4466 2.536 1.0332, -1.4547 2.5485 1.0191, -1.4642 2.5564 1.0027, -1.4744 2.559 0.985, -1.3509 2.5007 1.0064, -1.3542 2.5197 0.9992, -1.3595 2.536 0.9879, -1.3664 2.5485 0.9731, -1.3744 2.5564 0.9559, -1.383 2.559 0.9374, -1.2645 2.5197 0.9621, -1.2688 2.536 0.9503, -1.2743 2.5485 0.935, -1.2808 2.5564 0.9172, -1.2878 2.559 0.898, -1.9714 2.4978 1.8161, -1.984 2.4978 2.1041, -1.9714 2.4978 2.1996, -1.9771 2.5145 2.2007, -1.9864 2.5294 2.2023, -1.9987 2.5419 2.2044, -2.0134 2.5512 2.207, -2.0298 2.5571 2.2099, -2.047 2.559 2.213, -2.0605 2.559 2.1108, -2.043 2.5571 2.1093, -2.0264 2.5512 2.1078, -2.0116 2.5419 2.1065, -1.9991 2.5294 2.1055, -1.9898 2.5145 2.1046, -1.9882 2.4978 2.0079, -1.994 2.5145 2.0079, -2.0034 2.5294 2.0079, -2.0159 2.5419 2.0079, -2.0308 2.5512 2.0079, -2.0474 2.5571 2.0079, -2.065 2.559 2.0079, -1.984 2.4978 1.9116, -1.9898 2.5145 1.9111, -1.9991 2.5294 1.9103, -2.0116 2.5419 1.9092, -2.0264 2.5512 1.9079, -2.043 2.5571 1.9065, -2.0605 2.559 1.9049, -1.9771 2.5145 1.8151, -1.9864 2.5294 1.8135, -1.9987 2.5419 1.8113, -2.0134 2.5512 1.8087, -2.0298 2.5571 1.8058, -2.047 2.559 1.8028, -1.5937 2.4978 2.8538, -1.2616 2.4978 3.0456, -1.2635 2.5145 3.0511, -1.2668 2.5294 3.0599, -1.271 2.5419 3.0716, -1.2761 2.5512 3.0856, -1.2818 2.5571 3.1013, -1.2878 2.559 3.1177, -1.3506 2.4978 3.0087, -1.353 2.5145 3.014, -1.357 2.5294 3.0225, -1.3623 2.5419 3.0338, -1.3686 2.5512 3.0474, -1.3756 2.5571 3.0624, -1.383 2.559 3.0783, -1.436 2.4978 2.9643, -1.4389 2.5145 2.9693, -1.4436 2.5294 2.9774, -1.4499 2.5419 2.9882, -1.4573 2.5512 3.0012, -1.4656 2.5571 3.0156, -1.4744 2.559 3.0307, -1.5173 2.4978 2.9125, -1.5206 2.5145 2.9173, -1.526 2.5294 2.9249, -1.5331 2.5419 2.9352, -1.5417 2.5512 2.9474, -1.5513 2.5571 2.961, -1.5613 2.559 2.9754, -1.5974 2.5145 2.8583, -1.6035 2.5294 2.8655, -1.6115 2.5419 2.875, -1.6211 2.5512 2.8865, -1.6318 2.5571 2.8992, -1.643 2.559 2.9127, -0.5059 2.5007 3.0463, -0.25 2.5007 2.9131, -0.1735 2.5007 2.8544, -0.1685 2.5197 2.8604, -0.1604 2.536 2.87, -0.15 2.5485 2.8825, -0.1378 2.5564 2.897, -0.1247 2.559 2.9127, -0.2064 2.559 2.9754, -0.2181 2.5564 2.9587, -0.229 2.5485 2.9431, -0.2383 2.536 2.9298, -0.2455 2.5197 2.9195, -0.3313 2.5007 2.9649, -0.3274 2.5197 2.9717, -0.3211 2.536 2.9825, -0.313 2.5485 2.9966, -0.3035 2.5564 3.0131, -0.2933 2.559 3.0307, -0.4168 2.5007 3.0094, -0.4135 2.5197 3.0165, -0.4082 2.536 3.0279, -0.4013 2.5485 3.0426, -0.3933 2.5564 3.0598, -0.3847 2.559 3.0783, -0.5032 2.5197 3.0537, -0.4989 2.536 3.0654, -0.4934 2.5485 3.0808, -0.4869 2.5564 3.0986, -0.4799 2.559 3.1177, 0.2044 2.5007 2.1998, 0.217 2.5007 1.9116, 0.2044 2.5007 1.816, 0.2122 2.5197 1.8146, 0.2245 2.536 1.8124, 0.2405 2.5485 1.8096, 0.2592 2.5564 1.8063, 0.2793 2.559 1.8028, 0.2928 2.559 1.9049, 0.2725 2.5564 1.9067, 0.2535 2.5485 1.9084, 0.2373 2.536 1.9098, 0.2248 2.5197 1.9109, 0.2212 2.5007 2.0079, 0.2291 2.5197 2.0079, 0.2416 2.536 2.0079, 0.2579 2.5485 2.0079, 0.2769 2.5564 2.0079, 0.2973 2.559 2.0079, 0.217 2.5007 2.1042, 0.2248 2.5197 2.1049, 0.2373 2.536 2.106, 0.2535 2.5485 2.1074, 0.2725 2.5564 2.109, 0.2928 2.559 2.1108, 0.2122 2.5197 2.2011, 0.2245 2.536 2.2033, 0.2405 2.5485 2.2061, 0.2592 2.5564 2.2094, 0.2793 2.559 2.213
            ]
        }
        coordIndex [
            0,1,2,-1,2,3,0,-1,0,3,4,-1,0,4,5,-1,6,7,0,-1,7,8,0,-1,0,8,9,-1,0,9,1,-1,5,10,0,-1,0,10,11,-1,0,11,12,-1,13,14,12,-1,12,14,15,-1,12,15,0,-1,0,15,16,-1,0,16,6,-1,17,18,13,-1,13,18,19,-1,13,19,14,-1,17,20,21,-1,22,23,24,-1,24,23,25,-1,24,25,26,-1,26,27,24,-1,24,27,28,-1,24,28,17,-1,17,28,29,-1,17,29,18,-1,30,31,24,-1,24,31,32,-1,24,32,22,-1,17,21,24,-1,24,21,33,-1,24,33,30,-1,34,21,35,-1,35,21,20,-1,36,37,20,-1,20,37,38,-1,20,38,39,-1,39,40,20,-1,20,40,41,-1,20,41,35,-1,42,43,44,-1,44,43,45,-1,46,47,43,-1,43,47,48,-1,43,48,45,-1,42,34,43,-1,43,34,35,-1,43,35,49,-1,50,51,52,-1,52,51,53,-1,52,53,54,-1,54,53,55,-1,54,55,56,-1,56,55,57,-1,56,57,49,-1,49,57,58,-1,49,58,43,-1,43,58,59,-1,43,59,46,-1,60,61,52,-1,52,61,62,-1,52,62,50,-1,63,64,60,-1,60,64,65,-1,60,65,61,-1,66,67,68,-1,69,70,71,-1,70,72,71,-1,71,72,73,-1,71,73,66,-1,66,73,74,-1,66,74,63,-1,63,74,75,-1,63,75,64,-1,76,77,71,-1,71,77,78,-1,71,78,69,-1,66,68,71,-1,71,68,79,-1,71,79,76,-1,10,68,11,-1,11,68,67,-1,67,80,11,-1,11,80,81,-1,11,81,82,-1,82,83,11,-1,11,83,84,-1,11,84,85,-1,61,14,62,-1,62,14,19,-1,62,19,50,-1,50,19,18,-1,21,34,33,-1,33,34,42,-1,33,42,30,-1,30,42,44,-1,30,44,31,-1,31,44,45,-1,31,45,32,-1,32,45,48,-1,32,48,22,-1,22,48,47,-1,22,47,23,-1,23,47,46,-1,23,46,25,-1,25,46,59,-1,25,59,26,-1,26,59,58,-1,26,58,27,-1,27,58,57,-1,27,57,28,-1,57,55,28,-1,28,55,53,-1,28,53,29,-1,29,53,51,-1,29,51,18,-1,18,51,50,-1,68,10,79,-1,79,10,5,-1,79,5,76,-1,76,5,4,-1,76,4,77,-1,77,4,3,-1,77,3,78,-1,78,3,2,-1,78,2,69,-1,69,2,1,-1,69,1,70,-1,70,1,9,-1,70,9,72,-1,72,9,8,-1,72,8,73,-1,73,8,7,-1,73,7,74,-1,74,7,6,-1,74,6,75,-1,75,6,16,-1,75,16,64,-1,64,16,15,-1,64,15,65,-1,65,15,14,-1,65,14,61,-1,56,49,86,-1,66,63,87,-1,56,86,54,-1,80,88,81,-1,81,88,89,-1,81,89,82,-1,82,89,90,-1,82,90,83,-1,83,90,91,-1,83,91,84,-1,84,91,92,-1,84,92,85,-1,85,92,93,-1,94,93,95,-1,95,93,92,-1,95,92,96,-1,96,92,91,-1,96,91,97,-1,97,91,90,-1,97,90,98,-1,98,90,89,-1,98,89,87,-1,87,89,88,-1,87,88,66,-1,66,88,80,-1,66,80,67,-1,87,99,98,-1,98,99,100,-1,98,100,97,-1,97,100,101,-1,97,101,96,-1,96,101,102,-1,96,102,95,-1,95,102,103,-1,95,103,94,-1,94,103,104,-1,99,105,100,-1,100,105,106,-1,100,106,101,-1,101,106,107,-1,101,107,102,-1,102,107,108,-1,102,108,103,-1,103,108,109,-1,103,109,104,-1,104,109,110,-1,63,60,87,-1,87,60,52,-1,87,52,99,-1,99,52,54,-1,99,54,105,-1,105,54,86,-1,105,86,106,-1,106,86,111,-1,106,111,107,-1,107,111,112,-1,107,112,108,-1,108,112,113,-1,108,113,109,-1,109,113,114,-1,109,114,110,-1,110,114,115,-1,49,35,86,-1,86,35,41,-1,86,41,111,-1,111,41,40,-1,111,40,112,-1,112,40,39,-1,112,39,113,-1,113,39,38,-1,113,38,114,-1,114,38,37,-1,114,37,115,-1,115,37,36,-1,116,117,118,-1,118,119,116,-1,116,119,120,-1,116,120,121,-1,122,123,116,-1,123,124,116,-1,116,124,125,-1,116,125,117,-1,121,126,116,-1,116,126,127,-1,116,127,128,-1,129,130,128,-1,128,130,131,-1,128,131,116,-1,116,131,132,-1,116,132,122,-1,133,134,129,-1,129,134,135,-1,129,135,130,-1,133,136,137,-1,138,139,140,-1,140,139,141,-1,140,141,142,-1,142,143,140,-1,140,143,144,-1,140,144,133,-1,133,144,145,-1,133,145,134,-1,146,147,140,-1,140,147,148,-1,140,148,138,-1,133,137,140,-1,140,137,149,-1,140,149,146,-1,150,137,151,-1,151,137,136,-1,152,153,136,-1,136,153,154,-1,136,154,155,-1,155,156,136,-1,136,156,157,-1,136,157,151,-1,158,159,160,-1,160,159,161,-1,162,163,159,-1,159,163,164,-1,159,164,161,-1,158,150,159,-1,159,150,151,-1,159,151,165,-1,166,167,168,-1,168,167,169,-1,168,169,170,-1,170,169,171,-1,170,171,172,-1,172,171,173,-1,172,173,165,-1,165,173,174,-1,165,174,159,-1,159,174,175,-1,159,175,162,-1,176,177,168,-1,168,177,178,-1,168,178,166,-1,179,180,176,-1,176,180,181,-1,176,181,177,-1,182,183,184,-1,185,186,187,-1,186,188,187,-1,187,188,189,-1,187,189,182,-1,182,189,190,-1,182,190,179,-1,179,190,191,-1,179,191,180,-1,192,193,187,-1,187,193,194,-1,187,194,185,-1,182,184,187,-1,187,184,195,-1,187,195,192,-1,127,126,184,-1,196,197,127,-1,184,183,127,-1,127,183,198,-1,127,198,199,-1,199,200,127,-1,127,200,201,-1,127,201,196,-1,177,130,178,-1,178,130,135,-1,178,135,166,-1,166,135,134,-1,202,203,204,-1,204,205,202,-1,202,205,206,-1,202,206,207,-1,208,209,202,-1,209,210,202,-1,202,210,211,-1,202,211,203,-1,207,212,202,-1,202,212,213,-1,202,213,214,-1,215,216,214,-1,214,216,217,-1,214,217,202,-1,202,217,218,-1,202,218,208,-1,219,220,215,-1,215,220,221,-1,215,221,216,-1,219,222,223,-1,224,225,226,-1,226,225,227,-1,226,227,228,-1,228,229,226,-1,226,229,230,-1,226,230,219,-1,219,230,231,-1,219,231,220,-1,232,233,226,-1,226,233,234,-1,226,234,224,-1,219,223,226,-1,226,223,235,-1,226,235,232,-1,236,223,237,-1,237,223,222,-1,237,222,238,-1,239,240,222,-1,222,240,241,-1,222,241,242,-1,242,243,222,-1,222,243,244,-1,222,244,238,-1,245,246,247,-1,247,246,248,-1,249,250,246,-1,246,250,251,-1,246,251,248,-1,245,236,246,-1,246,236,237,-1,246,237,252,-1,253,254,255,-1,255,254,256,-1,255,256,257,-1,257,256,258,-1,257,258,259,-1,259,258,260,-1,259,260,252,-1,252,260,261,-1,252,261,246,-1,246,261,262,-1,246,262,249,-1,263,264,255,-1,255,264,265,-1,255,265,253,-1,266,267,263,-1,263,267,268,-1,263,268,264,-1,269,270,271,-1,272,273,274,-1,273,275,274,-1,274,275,276,-1,274,276,269,-1,269,276,277,-1,269,277,266,-1,266,277,278,-1,266,278,267,-1,279,280,274,-1,274,280,281,-1,274,281,272,-1,269,271,274,-1,274,271,282,-1,274,282,279,-1,212,271,213,-1,213,271,270,-1,213,270,283,-1,283,284,213,-1,213,284,285,-1,213,285,286,-1,286,287,213,-1,213,287,288,-1,213,288,289,-1,264,216,265,-1,265,216,221,-1,265,221,253,-1,253,221,220,-1,290,291,292,-1,292,293,290,-1,290,293,294,-1,290,294,295,-1,296,297,290,-1,297,298,290,-1,290,298,299,-1,290,299,291,-1,295,300,290,-1,290,300,301,-1,290,301,302,-1,303,304,302,-1,302,304,305,-1,302,305,290,-1,290,305,306,-1,290,306,296,-1,307,308,303,-1,303,308,309,-1,303,309,304,-1,307,310,311,-1,312,313,314,-1,314,313,315,-1,314,315,316,-1,316,317,314,-1,314,317,318,-1,314,318,307,-1,307,318,319,-1,307,319,308,-1,320,321,314,-1,314,321,322,-1,314,322,312,-1,307,311,314,-1,314,311,323,-1,314,323,320,-1,324,310,325,-1,325,310,326,-1,324,327,310,-1,310,327,328,-1,310,328,329,-1,330,311,331,-1,331,311,310,-1,331,310,332,-1,332,310,329,-1,333,334,335,-1,335,334,336,-1,337,338,334,-1,334,338,339,-1,334,339,336,-1,333,330,334,-1,334,330,331,-1,334,331,340,-1,341,342,343,-1,343,342,344,-1,343,344,345,-1,345,344,346,-1,345,346,347,-1,347,346,348,-1,347,348,340,-1,340,348,349,-1,340,349,334,-1,334,349,350,-1,334,350,337,-1,351,352,343,-1,343,352,353,-1,343,353,341,-1,354,355,351,-1,351,355,356,-1,351,356,352,-1,357,358,359,-1,360,361,362,-1,361,363,362,-1,362,363,364,-1,362,364,357,-1,357,364,365,-1,357,365,354,-1,354,365,366,-1,354,366,355,-1,367,368,362,-1,362,368,369,-1,362,369,360,-1,357,359,362,-1,362,359,370,-1,362,370,367,-1,371,372,301,-1,300,359,301,-1,301,359,358,-1,358,373,301,-1,301,373,374,-1,301,374,375,-1,375,376,301,-1,301,376,377,-1,301,377,371,-1,352,304,353,-1,353,304,309,-1,353,309,341,-1,341,309,308,-1,378,379,380,-1,380,381,378,-1,378,381,382,-1,378,382,383,-1,384,385,378,-1,385,386,378,-1,378,386,387,-1,378,387,379,-1,383,388,378,-1,378,388,389,-1,378,389,390,-1,391,392,390,-1,390,392,393,-1,390,393,378,-1,378,393,394,-1,378,394,384,-1,395,396,391,-1,391,396,397,-1,391,397,392,-1,395,398,399,-1,400,401,402,-1,402,401,403,-1,402,403,404,-1,404,405,402,-1,402,405,406,-1,402,406,395,-1,395,406,407,-1,395,407,396,-1,408,409,402,-1,402,409,410,-1,402,410,400,-1,395,399,402,-1,402,399,411,-1,402,411,408,-1,412,399,413,-1,413,399,398,-1,413,398,414,-1,415,398,416,-1,416,398,417,-1,415,418,398,-1,398,418,419,-1,398,419,414,-1,420,421,422,-1,422,421,423,-1,424,425,421,-1,421,425,426,-1,421,426,423,-1,420,412,421,-1,421,412,413,-1,421,413,427,-1,428,429,430,-1,430,429,431,-1,430,431,432,-1,432,431,433,-1,432,433,434,-1,434,433,435,-1,434,435,427,-1,427,435,436,-1,427,436,421,-1,421,436,437,-1,421,437,424,-1,438,439,430,-1,430,439,440,-1,430,440,428,-1,441,442,438,-1,438,442,443,-1,438,443,439,-1,444,445,446,-1,447,448,449,-1,448,450,449,-1,449,450,451,-1,449,451,444,-1,444,451,452,-1,444,452,441,-1,441,452,453,-1,441,453,442,-1,454,455,449,-1,449,455,456,-1,449,456,447,-1,444,446,449,-1,449,446,457,-1,449,457,454,-1,388,446,389,-1,389,446,445,-1,445,458,389,-1,389,458,459,-1,389,459,460,-1,460,461,389,-1,389,461,462,-1,389,462,463,-1,439,392,440,-1,440,392,397,-1,440,397,428,-1,428,397,396,-1,464,465,466,-1,466,467,464,-1,464,467,468,-1,464,468,469,-1,470,471,464,-1,471,472,464,-1,464,472,473,-1,464,473,465,-1,469,474,464,-1,464,474,475,-1,464,475,476,-1,477,478,476,-1,476,478,479,-1,476,479,464,-1,464,479,480,-1,464,480,470,-1,481,482,477,-1,477,482,483,-1,477,483,478,-1,481,484,485,-1,486,487,488,-1,488,487,489,-1,488,489,490,-1,490,491,488,-1,488,491,492,-1,488,492,481,-1,481,492,493,-1,481,493,482,-1,494,495,488,-1,488,495,496,-1,488,496,486,-1,481,485,488,-1,488,485,497,-1,488,497,494,-1,498,485,499,-1,499,485,484,-1,499,484,500,-1,500,484,501,-1,484,502,503,-1,503,504,484,-1,484,504,505,-1,484,505,501,-1,506,507,508,-1,508,507,509,-1,510,511,507,-1,507,511,512,-1,507,512,509,-1,506,498,507,-1,507,498,499,-1,507,499,513,-1,514,515,516,-1,516,515,517,-1,516,517,518,-1,518,517,519,-1,518,519,520,-1,520,519,521,-1,520,521,513,-1,513,521,522,-1,513,522,507,-1,507,522,523,-1,507,523,510,-1,524,525,516,-1,516,525,526,-1,516,526,514,-1,527,528,524,-1,524,528,529,-1,524,529,525,-1,530,531,532,-1,533,534,535,-1,534,536,535,-1,535,536,537,-1,535,537,530,-1,530,537,538,-1,530,538,527,-1,527,538,539,-1,527,539,528,-1,540,541,535,-1,535,541,542,-1,535,542,533,-1,530,532,535,-1,535,532,543,-1,535,543,540,-1,474,532,475,-1,475,532,531,-1,531,544,475,-1,475,544,545,-1,475,545,546,-1,546,547,475,-1,475,547,548,-1,475,548,549,-1,525,478,526,-1,526,478,483,-1,526,483,514,-1,514,483,482,-1,137,150,149,-1,149,150,158,-1,149,158,146,-1,146,158,160,-1,146,160,147,-1,147,160,161,-1,147,161,148,-1,148,161,164,-1,148,164,138,-1,138,164,163,-1,138,163,139,-1,139,163,162,-1,139,162,141,-1,141,162,175,-1,141,175,142,-1,142,175,174,-1,142,174,143,-1,143,174,173,-1,143,173,144,-1,173,171,144,-1,144,171,169,-1,144,169,145,-1,145,169,167,-1,145,167,134,-1,134,167,166,-1,184,126,195,-1,195,126,121,-1,195,121,192,-1,192,121,120,-1,192,120,193,-1,193,120,119,-1,193,119,194,-1,194,119,118,-1,194,118,185,-1,185,118,117,-1,185,117,186,-1,186,117,125,-1,186,125,188,-1,188,125,124,-1,188,124,189,-1,189,124,123,-1,189,123,190,-1,190,123,122,-1,190,122,191,-1,191,122,132,-1,191,132,180,-1,180,132,131,-1,180,131,181,-1,181,131,130,-1,181,130,177,-1,223,236,235,-1,235,236,245,-1,235,245,232,-1,232,245,247,-1,232,247,233,-1,233,247,248,-1,233,248,234,-1,234,248,251,-1,234,251,224,-1,224,251,250,-1,224,250,225,-1,225,250,249,-1,225,249,227,-1,227,249,262,-1,227,262,228,-1,228,262,261,-1,228,261,229,-1,229,261,260,-1,229,260,230,-1,260,258,230,-1,230,258,256,-1,230,256,231,-1,231,256,254,-1,231,254,220,-1,220,254,253,-1,271,212,282,-1,282,212,207,-1,282,207,279,-1,279,207,206,-1,279,206,280,-1,280,206,205,-1,280,205,281,-1,281,205,204,-1,281,204,272,-1,272,204,203,-1,272,203,273,-1,273,203,211,-1,273,211,275,-1,275,211,210,-1,275,210,276,-1,276,210,209,-1,276,209,277,-1,277,209,208,-1,277,208,278,-1,278,208,218,-1,278,218,267,-1,267,218,217,-1,267,217,268,-1,268,217,216,-1,268,216,264,-1,311,330,323,-1,323,330,333,-1,323,333,320,-1,320,333,335,-1,320,335,321,-1,321,335,336,-1,321,336,322,-1,322,336,339,-1,322,339,312,-1,312,339,338,-1,312,338,313,-1,313,338,337,-1,313,337,315,-1,315,337,350,-1,315,350,316,-1,316,350,349,-1,316,349,317,-1,317,349,348,-1,317,348,318,-1,348,346,318,-1,318,346,344,-1,318,344,319,-1,319,344,342,-1,319,342,308,-1,308,342,341,-1,359,300,370,-1,370,300,295,-1,370,295,367,-1,367,295,294,-1,367,294,368,-1,368,294,293,-1,368,293,369,-1,369,293,292,-1,369,292,360,-1,360,292,291,-1,360,291,361,-1,361,291,299,-1,361,299,363,-1,363,299,298,-1,363,298,364,-1,364,298,297,-1,364,297,365,-1,365,297,296,-1,365,296,366,-1,366,296,306,-1,366,306,355,-1,355,306,305,-1,355,305,356,-1,356,305,304,-1,356,304,352,-1,399,412,411,-1,411,412,420,-1,411,420,408,-1,408,420,422,-1,408,422,409,-1,409,422,423,-1,409,423,410,-1,410,423,426,-1,410,426,400,-1,400,426,425,-1,400,425,401,-1,401,425,424,-1,401,424,403,-1,403,424,437,-1,403,437,404,-1,404,437,436,-1,404,436,405,-1,405,436,435,-1,405,435,406,-1,435,433,406,-1,406,433,431,-1,406,431,407,-1,407,431,429,-1,407,429,396,-1,396,429,428,-1,446,388,457,-1,457,388,383,-1,457,383,454,-1,454,383,382,-1,454,382,455,-1,455,382,381,-1,455,381,456,-1,456,381,380,-1,456,380,447,-1,447,380,379,-1,447,379,448,-1,448,379,387,-1,448,387,450,-1,450,387,386,-1,450,386,451,-1,451,386,385,-1,451,385,452,-1,452,385,384,-1,452,384,453,-1,453,384,394,-1,453,394,442,-1,442,394,393,-1,442,393,443,-1,443,393,392,-1,443,392,439,-1,485,498,497,-1,497,498,506,-1,497,506,494,-1,494,506,508,-1,494,508,495,-1,495,508,509,-1,495,509,496,-1,496,509,512,-1,496,512,486,-1,486,512,511,-1,486,511,487,-1,487,511,510,-1,487,510,489,-1,489,510,523,-1,489,523,490,-1,490,523,522,-1,490,522,491,-1,491,522,521,-1,491,521,492,-1,521,519,492,-1,492,519,517,-1,492,517,493,-1,493,517,515,-1,493,515,482,-1,482,515,514,-1,532,474,543,-1,543,474,469,-1,543,469,540,-1,540,469,468,-1,540,468,541,-1,541,468,467,-1,541,467,542,-1,542,467,466,-1,542,466,533,-1,533,466,465,-1,533,465,534,-1,534,465,473,-1,534,473,536,-1,536,473,472,-1,536,472,537,-1,537,472,471,-1,537,471,538,-1,538,471,470,-1,538,470,539,-1,539,470,480,-1,539,480,528,-1,528,480,479,-1,528,479,529,-1,529,479,478,-1,529,478,525,-1,172,165,550,-1,182,179,551,-1,172,550,170,-1,198,552,199,-1,199,552,553,-1,199,553,200,-1,200,553,554,-1,200,554,201,-1,201,554,555,-1,201,555,196,-1,196,555,556,-1,196,556,197,-1,197,556,557,-1,558,557,559,-1,559,557,556,-1,559,556,560,-1,560,556,555,-1,560,555,561,-1,561,555,554,-1,561,554,562,-1,562,554,553,-1,562,553,551,-1,551,553,552,-1,551,552,182,-1,182,552,198,-1,182,198,183,-1,551,563,562,-1,562,563,564,-1,562,564,561,-1,561,564,565,-1,561,565,560,-1,560,565,566,-1,560,566,559,-1,559,566,567,-1,559,567,558,-1,558,567,568,-1,563,569,564,-1,564,569,570,-1,564,570,565,-1,565,570,571,-1,565,571,566,-1,566,571,572,-1,566,572,567,-1,567,572,573,-1,567,573,568,-1,568,573,574,-1,179,176,551,-1,551,176,168,-1,551,168,563,-1,563,168,170,-1,563,170,569,-1,569,170,550,-1,569,550,570,-1,570,550,575,-1,570,575,571,-1,571,575,576,-1,571,576,572,-1,572,576,577,-1,572,577,573,-1,573,577,578,-1,573,578,574,-1,574,578,579,-1,165,151,550,-1,550,151,157,-1,550,157,575,-1,575,157,156,-1,575,156,576,-1,576,156,155,-1,576,155,577,-1,577,155,154,-1,577,154,578,-1,578,154,153,-1,578,153,579,-1,579,153,152,-1,259,252,580,-1,269,266,581,-1,259,580,257,-1,283,582,284,-1,284,582,583,-1,284,583,285,-1,285,583,584,-1,285,584,286,-1,286,584,585,-1,286,585,287,-1,287,585,586,-1,287,586,288,-1,288,586,587,-1,288,587,289,-1,289,587,588,-1,589,588,590,-1,590,588,587,-1,590,587,591,-1,591,587,586,-1,591,586,592,-1,592,586,585,-1,592,585,593,-1,593,585,584,-1,593,584,594,-1,594,584,583,-1,594,583,581,-1,581,583,582,-1,581,582,269,-1,269,582,283,-1,269,283,270,-1,581,595,594,-1,594,595,596,-1,594,596,593,-1,593,596,597,-1,593,597,592,-1,592,597,598,-1,592,598,591,-1,591,598,599,-1,591,599,590,-1,590,599,600,-1,590,600,589,-1,589,600,601,-1,595,602,596,-1,596,602,603,-1,596,603,597,-1,597,603,604,-1,597,604,598,-1,598,604,605,-1,598,605,599,-1,599,605,606,-1,599,606,600,-1,600,606,607,-1,600,607,601,-1,601,607,608,-1,266,263,581,-1,581,263,255,-1,581,255,595,-1,595,255,257,-1,595,257,602,-1,602,257,580,-1,602,580,603,-1,603,580,609,-1,603,609,604,-1,604,609,610,-1,604,610,605,-1,605,610,611,-1,605,611,606,-1,606,611,612,-1,606,612,607,-1,607,612,613,-1,607,613,608,-1,608,613,614,-1,252,237,580,-1,580,237,238,-1,580,238,609,-1,609,238,244,-1,609,244,610,-1,610,244,243,-1,610,243,611,-1,611,243,242,-1,611,242,612,-1,612,242,241,-1,612,241,613,-1,613,241,240,-1,613,240,614,-1,614,240,239,-1,347,340,615,-1,347,615,345,-1,358,357,373,-1,373,357,616,-1,373,616,374,-1,374,616,617,-1,374,617,375,-1,375,617,618,-1,375,618,376,-1,376,618,619,-1,376,619,377,-1,377,619,620,-1,377,620,371,-1,371,620,621,-1,371,621,372,-1,372,621,622,-1,357,354,616,-1,616,354,623,-1,616,623,617,-1,617,623,624,-1,617,624,618,-1,618,624,625,-1,618,625,619,-1,619,625,626,-1,619,626,620,-1,620,626,627,-1,620,627,621,-1,621,627,628,-1,621,628,622,-1,622,628,629,-1,623,630,624,-1,624,630,631,-1,624,631,625,-1,625,631,632,-1,625,632,626,-1,626,632,633,-1,626,633,627,-1,627,633,634,-1,627,634,628,-1,628,634,635,-1,628,635,629,-1,629,635,636,-1,630,637,631,-1,631,637,638,-1,631,638,632,-1,632,638,639,-1,632,639,633,-1,633,639,640,-1,633,640,634,-1,634,640,641,-1,634,641,635,-1,635,641,642,-1,635,642,636,-1,636,642,643,-1,354,351,623,-1,623,351,343,-1,623,343,630,-1,630,343,345,-1,630,345,637,-1,637,345,615,-1,637,615,638,-1,638,615,644,-1,638,644,639,-1,639,644,645,-1,639,645,640,-1,640,645,646,-1,640,646,641,-1,641,646,647,-1,641,647,642,-1,642,647,648,-1,642,648,643,-1,643,648,649,-1,340,331,615,-1,615,331,332,-1,615,332,644,-1,644,332,329,-1,644,329,645,-1,645,329,328,-1,645,328,646,-1,646,328,327,-1,646,327,647,-1,647,327,324,-1,647,324,648,-1,648,324,325,-1,648,325,649,-1,649,325,326,-1,434,427,650,-1,444,441,651,-1,434,650,432,-1,458,652,459,-1,459,652,653,-1,459,653,460,-1,460,653,654,-1,460,654,461,-1,461,654,655,-1,461,655,462,-1,462,655,656,-1,462,656,463,-1,463,656,657,-1,658,657,659,-1,659,657,656,-1,659,656,660,-1,660,656,655,-1,660,655,661,-1,661,655,654,-1,661,654,662,-1,662,654,653,-1,662,653,651,-1,651,653,652,-1,651,652,444,-1,444,652,458,-1,444,458,445,-1,651,663,662,-1,662,663,664,-1,662,664,661,-1,661,664,665,-1,661,665,660,-1,660,665,666,-1,660,666,659,-1,659,666,667,-1,659,667,658,-1,658,667,668,-1,663,669,664,-1,664,669,670,-1,664,670,665,-1,665,670,671,-1,665,671,666,-1,666,671,672,-1,666,672,667,-1,667,672,673,-1,667,673,668,-1,668,673,674,-1,441,438,651,-1,651,438,430,-1,651,430,663,-1,663,430,432,-1,663,432,669,-1,669,432,650,-1,669,650,670,-1,670,650,675,-1,670,675,671,-1,671,675,676,-1,671,676,672,-1,672,676,677,-1,672,677,673,-1,673,677,678,-1,673,678,674,-1,674,678,679,-1,427,413,650,-1,650,413,414,-1,650,414,675,-1,675,414,419,-1,675,419,676,-1,676,419,418,-1,676,418,677,-1,677,418,415,-1,677,415,678,-1,678,415,416,-1,678,416,679,-1,679,416,417,-1,520,513,680,-1,530,527,681,-1,520,680,518,-1,544,682,545,-1,545,682,683,-1,545,683,546,-1,546,683,684,-1,546,684,547,-1,547,684,685,-1,547,685,548,-1,548,685,686,-1,548,686,549,-1,549,686,687,-1,688,687,689,-1,689,687,686,-1,689,686,690,-1,690,686,685,-1,690,685,691,-1,691,685,684,-1,691,684,692,-1,692,684,683,-1,692,683,681,-1,681,683,682,-1,681,682,530,-1,530,682,544,-1,530,544,531,-1,681,693,692,-1,692,693,694,-1,692,694,691,-1,691,694,695,-1,691,695,690,-1,690,695,696,-1,690,696,689,-1,689,696,697,-1,689,697,688,-1,688,697,698,-1,693,699,694,-1,694,699,700,-1,694,700,695,-1,695,700,701,-1,695,701,696,-1,696,701,702,-1,696,702,697,-1,697,702,703,-1,697,703,698,-1,698,703,704,-1,527,524,681,-1,681,524,516,-1,681,516,693,-1,693,516,518,-1,693,518,699,-1,699,518,680,-1,699,680,700,-1,700,680,705,-1,700,705,701,-1,701,705,706,-1,701,706,702,-1,702,706,707,-1,702,707,703,-1,703,707,708,-1,703,708,704,-1,704,708,709,-1,513,499,680,-1,680,499,500,-1,680,500,705,-1,705,500,501,-1,705,501,706,-1,706,501,505,-1,706,505,707,-1,707,505,504,-1,707,504,708,-1,708,504,503,-1,708,503,709,-1,709,503,502,-1,
        ]
    }
}