#VRML V2.0 utf8
# 3D model generated by easyeda2kicad.py (https://github.com/uPesy/easyeda2kicad.py)

Shape{
    appearance Appearance {
        material  Material 	{
            diffuseColor 0.35294117647058826 0.35294117647058826 0.35294117647058826
            specularColor 0.10196078431372549 0.10196078431372549 0.10196078431372549
            ambientIntensity 0.502
            transparency 0.0
            shininess 0.5
        }
    }
    geometry IndexedFaceSet {
        ccw TRUE
        solid FALSE
        coord DEF co Coordinate {
            point [
                1.8268 0.183 0.5833, 1.8268 0.1999 0.5833, 1.8268 0.1999 0.5985, 1.8268 0.1969 0.0591, 1.8268 0.1969 0.0, 1.8268 0.1999 0.0, 1.8268 0.2418 0.6146, 1.8268 0.2363 0.6292, 1.8268 0.2167 0.6292, 1.8268 -0.0836 0.6739, 1.8268 -0.0754 0.6684, 1.8268 0.0133 0.6684, 1.8268 -0.0666 0.6626, 1.8268 -0.0541 0.648, 1.8268 -0.0116 0.5985, 1.8268 0.0133 0.5985, 1.8268 -0.015 0.6069, 1.8268 -0.0227 0.6177, 1.8268 -0.033 0.6264, 1.8268 -0.0461 0.6326, 1.8268 -0.0443 0.632, 1.8268 -0.1545 0.6732, 1.8268 -0.137 0.68, 1.8268 -0.3124 1.1679, 1.8268 0.0133 1.1679, 1.8268 -0.1183 0.6823, 1.8268 -0.1026 0.6806, 1.8268 -0.1623 0.6684, 1.8268 -0.3124 0.6684, 1.8268 -0.1638 0.6675, 1.8268 -0.2506 0.5937, 1.8268 -0.2497 0.5985, 1.8268 -0.3124 0.5985, 1.8268 -0.2481 0.6079, 1.8268 -0.242 0.6216, 1.8268 -0.2329 0.6333, 1.8268 -0.2042 0.6497, 1.8268 -0.1892 0.6515, 1.8268 -0.1727 0.6599, 1.8268 -0.1849 0.6513, 1.8268 -0.1805 0.6508, 1.8268 -0.2303 0.6357, 1.8268 -0.2182 0.6442, 1.8268 -0.2044 0.5305, 1.8268 -0.2092 0.5319, 1.8268 -0.3124 0.5295, 1.8268 -0.2229 0.5386, 1.8268 -0.2348 0.5487, 1.8268 -0.2434 0.561, 1.8268 -0.2489 0.5752, 1.8268 -0.2507 0.5901, 1.8268 -0.1875 0.5098, 1.8268 -0.1949 0.5153, 1.8268 -0.3124 0.5083, 1.8268 -0.2006 0.5223, 1.8268 -0.2039 0.5295, 1.8268 -0.1969 0.0, 1.8268 -0.1969 0.0591, 1.8268 -0.3124 0.0, 1.8268 -0.374 0.0, 1.8268 0.0133 0.5083, 1.8268 -0.1526 0.5083, 1.8268 0.0133 0.0591, 1.8268 -0.1591 0.5058, 1.8268 -0.1684 0.5047, 1.8268 -0.1698 0.5047, 1.8268 -0.1787 0.5061, 1.8268 -0.184 0.5083, 1.8268 0.0133 0.5295, 1.8268 -0.1328 0.5295, 1.8268 -0.1329 0.5292, 1.8268 -0.1374 0.5208, 1.8268 -0.1431 0.5143, 1.8268 -0.1507 0.5091, 1.8268 -0.0843 0.5518, 1.8268 -0.0817 0.5529, 1.8268 -0.0773 0.5745, 1.8268 -0.0226 0.5468, 1.8268 -0.0329 0.5381, 1.8268 -0.1399 0.5681, 1.8268 -0.089 0.5946, 1.8268 -0.1465 0.5741, 1.8268 -0.1546 0.5784, 1.8268 -0.0867 0.5502, 1.8268 -0.0151 0.5573, 1.8268 -0.0323 0.5861, 1.8268 -0.0342 0.5933, 1.8268 -0.037 0.5985, 1.8268 -0.2259 0.5985, 1.8268 -0.0103 0.5953, 1.8268 -0.0086 0.5829, 1.8268 -0.0103 0.5693, 1.8268 -0.0788 0.5533, 1.8268 -0.0784 0.5532, 1.8268 -0.0773 0.553, 1.8268 -0.2236 0.5756, 1.8268 -0.2191 0.568, 1.8268 -0.1998 0.564, 1.8268 -0.2123 0.561, 1.8268 -0.204 0.5559, 1.8268 -0.1858 0.5766, 1.8268 -0.1936 0.5712, 1.8268 -0.2268 0.5908, 1.8268 -0.2263 0.5849, 1.8268 -0.1774 0.5798, 1.8268 -0.1684 0.581, 1.8268 -0.1638 0.5807, 1.8268 -0.0765 0.5529, 1.8268 -0.0594 0.5529, 1.8268 -0.0561 0.5533, 1.8268 -0.0905 0.5415, 1.8268 -0.0905 0.543, 1.8268 -0.1304 0.5464, 1.8268 -0.0897 0.5459, 1.8268 -0.0882 0.5485, 1.8268 -0.0817 0.5301, 1.8268 -0.0842 0.5311, 1.8268 -0.0867 0.5328, 1.8268 -0.0875 0.5337, 1.8268 -0.0892 0.5361, 1.8268 -0.0902 0.5387, 1.8268 -0.1306 0.5386, 1.8268 -0.1304 0.5426, 1.8268 -0.0391 0.5633, 1.8268 -0.0351 0.5693, 1.8268 -0.0328 0.5762, 1.8268 -0.0321 0.5825, 1.8268 -0.0445 0.5324, 1.8268 -0.0572 0.5297, 1.8268 -0.0795 0.5297, 1.8268 -0.049 0.5556, 1.8268 -0.0428 0.5595, 1.8268 -0.073 0.635, 1.8268 -0.0815 0.6452, 1.8268 -0.1687 0.6231, 1.8268 -0.0824 0.646, 1.8268 -0.0931 0.6534, 1.8268 -0.1629 0.6351, 1.8268 -0.1713 0.6245, 1.8268 -0.1799 0.6277, 1.8268 -0.0555 0.6114, 1.8268 -0.0617 0.6121, 1.8268 -0.0647 0.6121, 1.8268 -0.0671 0.6227, 1.8268 -0.0378 0.5999, 1.8268 -0.0428 0.6052, 1.8268 -0.0488 0.6091, 1.8268 -0.2022 0.6263, 1.8268 -0.2107 0.6218, 1.8268 -0.1929 0.6286, 1.8268 -0.2171 0.6161, 1.8268 -0.2224 0.6085, 1.8268 -0.1544 0.6453, 1.8268 -0.105 0.6579, 1.8268 -0.1443 0.6527, 1.8268 -0.1179 0.6595, 1.8268 -0.1319 0.6577, 1.8268 -0.1888 0.6288, 1.8268 -0.2257 0.6, 1.8268 0.2494 0.6146, 1.8268 0.2167 0.5985, 1.8268 0.229 0.668, 1.8268 0.374 0.5985, 1.8268 0.374 0.6684, 1.8268 0.2167 0.6684, 1.8268 0.2217 0.668, 1.8268 0.2167 0.655, 1.8268 0.209 0.6146, 1.8268 0.2013 0.6146, 1.8268 0.2141 0.6292, 1.8268 0.1436 0.6618, 1.8268 0.1499 0.6684, 1.8268 0.1436 0.668, 1.8268 0.1374 0.6684, 1.8268 0.1374 0.668, 1.8268 0.123 0.6386, 1.8268 0.123 0.6207, 1.8268 0.1374 0.6386, 1.8268 0.1374 0.6207, 1.8268 0.1421 0.6386, 1.8268 0.1448 0.6207, 1.8268 0.1421 0.6447, 1.8268 0.123 0.6618, 1.8268 0.123 0.6447, 1.8268 0.1374 0.6618, 1.8268 0.1374 0.6447, 1.8268 0.1161 0.6146, 1.8268 0.113 0.5985, 1.8268 0.1374 0.6146, 1.8268 0.1374 0.5985, 1.8268 0.1448 0.6146, 1.8268 0.1499 0.5985, 1.8268 0.1161 0.668, 1.8268 0.113 0.6684, 1.8268 0.0983 0.6684, 1.8268 0.1002 0.6682, 1.8268 0.1054 0.6667, 1.8268 0.1054 0.6595, 1.8268 0.0944 0.6199, 1.8268 0.1004 0.6211, 1.8268 0.0727 0.6402, 1.8268 0.1054 0.6234, 1.8268 0.0727 0.6407, 1.8268 0.0775 0.6558, 1.8268 0.0751 0.652, 1.8268 0.0734 0.6472, 1.8268 0.0736 0.6336, 1.8268 0.0752 0.6293, 1.8268 0.0779 0.6255, 1.8268 0.1054 0.6168, 1.8268 0.1045 0.6163, 1.8268 0.0816 0.6151, 1.8268 0.0766 0.6174, 1.8268 0.0679 0.5985, 1.8268 0.0723 0.621, 1.8268 0.0718 0.6215, 1.8268 0.1045 0.66, 1.8268 0.099 0.662, 1.8268 0.0789 0.6245, 1.8268 0.0824 0.622, 1.8268 0.0929 0.6626, 1.8268 0.0905 0.6625, 1.8268 0.0859 0.6616, 1.8268 0.0862 0.6205, 1.8268 0.0917 0.6198, 1.8268 0.0988 0.6145, 1.8268 0.0907 0.6137, 1.8268 0.0874 0.6138, 1.8268 0.0817 0.6596, 1.8268 0.0783 0.6567, 1.8268 0.0933 0.6689, 1.8268 0.113 1.1679, 1.8268 0.0928 0.6689, 1.8268 0.0679 1.1679, 1.8268 0.0884 0.6684, 1.8268 0.0679 0.6684, 1.8268 0.0804 0.6662, 1.8268 0.0862 0.6682, 1.8268 0.0696 0.6564, 1.8268 0.0732 0.661, 1.8268 0.0751 0.6628, 1.8268 0.0686 0.6261, 1.8268 0.0679 0.6281, 1.8268 0.0647 0.5985, 1.8268 0.0647 0.6684, 1.8268 0.0669 0.6505, 1.8268 0.0679 0.6526, 1.8268 0.0665 0.6317, 1.8268 0.0655 0.6403, 1.8268 0.0656 0.6436, 1.8268 0.1999 0.5083, 1.8268 0.1794 0.5083, 1.8268 0.1794 0.0591, 1.8268 0.1499 0.0591, 1.8268 0.1499 0.5083, 1.8268 0.1374 0.0591, 1.8268 0.1374 0.5083, 1.8268 0.113 0.0591, 1.8268 0.113 0.5083, 1.8268 0.0679 0.5083, 1.8268 0.0679 0.0591, 1.8268 0.0647 0.0591, 1.8268 0.0647 0.5083, 1.8268 0.1999 0.6684, 1.8268 0.1794 0.6684, 1.8268 0.1794 0.6667, 1.8268 0.1982 0.6382, 1.8268 0.1968 0.632, 1.8268 0.1853 0.6644, 1.8268 0.1903 0.6609, 1.8268 0.1927 0.6585, 1.8268 0.1941 0.6265, 1.8268 0.1903 0.6221, 1.8268 0.1898 0.6216, 1.8268 0.1959 0.6537, 1.8268 0.1977 0.6484, 1.8268 0.1984 0.642, 1.8268 0.1847 0.618, 1.8268 0.1794 0.616, 1.8268 0.1794 0.5985, 1.8268 0.1785 0.6157, 1.8268 0.1696 0.6146, 1.8268 0.1549 0.6146, 1.8268 0.1549 0.668, 1.8268 0.1701 0.668, 1.8268 0.179 0.6669, 1.8268 0.0716 0.5462, 1.8268 0.0729 0.5481, 1.8268 0.074 0.5589, 1.8268 0.0885 0.5304, 1.8268 0.086 0.5295, 1.8268 0.0942 0.5299, 1.8268 0.0909 0.5319, 1.8268 0.0939 0.5677, 1.8268 0.111 0.5623, 1.8268 0.1123 0.5641, 1.8268 0.0887 0.5632, 1.8268 0.0865 0.5635, 1.8268 0.0829 0.5526, 1.8268 0.0758 0.5304, 1.8268 0.0679 0.5295, 1.8268 0.0783 0.5295, 1.8268 0.0785 0.5295, 1.8268 0.0714 0.5348, 1.8268 0.0706 0.5371, 1.8268 0.0703 0.5401, 1.8268 0.075 0.5498, 1.8268 0.0778 0.5513, 1.8268 0.0786 0.5618, 1.8268 0.0828 0.5631, 1.8268 0.0735 0.532, 1.8268 0.0728 0.5328, 1.8268 0.0961 0.5664, 1.8268 0.0979 0.5648, 1.8268 0.1103 0.5601, 1.8268 0.0993 0.5626, 1.8268 0.1004 0.5596, 1.8268 0.0942 0.5358, 1.8268 0.094 0.5358, 1.8268 0.093 0.5342, 1.8268 0.0703 0.5409, 1.8268 0.0707 0.5438, 1.8268 0.0911 0.5686, 1.8268 0.0871 0.5689, 1.8268 0.0809 0.5682, 1.8268 0.074 0.5654, 1.8268 0.0759 0.5664, 1.8268 0.113 0.5506, 1.8268 0.1099 0.5381, 1.8268 0.113 0.5505, 1.8268 0.1126 0.5365, 1.8268 0.113 0.5364, 1.8268 0.1119 0.5517, 1.8268 0.111 0.5531, 1.8268 0.1009 0.5544, 1.8268 0.1103 0.5551, 1.8268 0.11 0.5577, 1.8268 0.0942 0.5541, 1.8268 0.094 0.5571, 1.8268 0.0933 0.5595, 1.8268 0.0925 0.5609, 1.8268 0.0915 0.5619, 1.8268 0.0903 0.5627, 1.8268 0.0823 0.529, 1.8268 0.0858 0.5294, 1.8268 0.1099 0.5312, 1.8268 0.1009 0.5299, 1.8268 0.113 0.5302, 1.8268 0.113 0.5295, 1.8268 0.1147 0.5296, 1.8268 0.1159 0.5295, 1.8268 0.1242 0.5295, 1.8268 0.1203 0.529, 1.8268 0.1374 0.5295, 1.8268 0.1262 0.5297, 1.8268 0.1339 0.5672, 1.8268 0.1339 0.5607, 1.8268 0.1143 0.5659, 1.8268 0.1158 0.5668, 1.8268 0.113 0.5648, 1.8268 0.1354 0.5376, 1.8268 0.1346 0.5355, 1.8268 0.1333 0.5337, 1.8268 0.1194 0.5682, 1.8268 0.1248 0.5689, 1.8268 0.1287 0.5686, 1.8268 0.1335 0.5466, 1.8268 0.1347 0.5447, 1.8268 0.1354 0.5428, 1.8268 0.1357 0.5403, 1.8268 0.1314 0.532, 1.8268 0.1297 0.531, 1.8268 0.1242 0.5635, 1.8268 0.1222 0.5633, 1.8268 0.1169 0.5583, 1.8268 0.1204 0.5629, 1.8268 0.1189 0.5621, 1.8268 0.1169 0.5575, 1.8268 0.1172 0.5564, 1.8268 0.1177 0.5555, 1.8268 0.1183 0.5548, 1.8268 0.1207 0.5533, 1.8268 0.1286 0.563, 1.8268 0.1248 0.5515, 1.8268 0.1323 0.5616, 1.8268 0.1274 0.5505, 1.8268 0.1319 0.548, 1.8268 0.1179 0.5612, 1.8268 0.1173 0.5603, 1.8268 0.117 0.5594, 1.8268 0.1168 0.535, 1.8268 0.1201 0.5467, 1.8268 0.1161 0.5485, 1.8268 0.1209 0.5345, 1.8268 0.1212 0.5345, 1.8268 0.1245 0.5448, 1.8268 0.1247 0.5349, 1.8268 0.1288 0.5396, 1.8268 0.1288 0.5405, 1.8268 0.1264 0.5355, 1.8268 0.127 0.5359, 1.8268 0.1278 0.5365, 1.8268 0.1284 0.5374, 1.8268 0.1287 0.5383, 1.8268 0.1285 0.5415, 1.8268 0.1279 0.5424, 1.8268 0.1271 0.5433, 1.8268 0.1688 0.568, 1.8268 0.1758 0.568, 1.8268 0.1794 0.5295, 1.8268 0.1566 0.5394, 1.8268 0.1574 0.5362, 1.8268 0.1576 0.5362, 1.8268 0.1499 0.5587, 1.8268 0.1584 0.5393, 1.8268 0.1579 0.5375, 1.8268 0.1499 0.5408, 1.8268 0.1392 0.568, 1.8268 0.1467 0.568, 1.8268 0.1539 0.5295, 1.8268 0.1541 0.53, 1.8268 0.1499 0.5206, 1.8268 0.1499 0.5207, 1.8268 0.1499 0.5295, 1.8268 0.1512 0.5231, 1.8268 0.1406 0.5184, 1.8268 0.1406 0.5125, 1.8268 0.1419 0.518, 1.8268 0.1443 0.5177, 1.8268 0.146 0.5179, 1.8268 0.1499 0.5131, 1.8268 0.1476 0.5123, 1.8268 0.1449 0.512, 1.8268 0.1434 0.512, 1.8268 0.1474 0.5184, 1.8268 0.1486 0.5193, 1.8268 0.1585 0.5241, 1.8268 0.1554 0.5183, 1.8268 0.1606 0.5295, 1.8268 0.153 0.5153, 1.8268 0.1525 0.5149, 1.8268 0.1502 0.5133, 1.8268 0.2105 0.5833, 1.8268 0.2105 0.5771, 1.8268 0.2117 0.536, 1.8268 0.2167 0.5295, 1.8268 0.2117 0.5299, 1.8268 0.1999 0.5295, 1.8268 0.1899 0.5539, 1.8268 0.1899 0.536, 1.8268 0.1999 0.5539, 1.8268 0.1999 0.536, 1.8268 0.209 0.5539, 1.8268 0.209 0.5601, 1.8268 0.1999 0.5601, 1.8268 0.1999 0.5771, 1.8268 0.1899 0.5601, 1.8268 0.1899 0.5771, 1.8268 0.1999 0.5299, 1.8268 0.183 0.5299, 1.8268 0.2885 0.5833, 1.8268 0.2959 0.5833, 1.8268 0.2637 0.5473, 1.8268 0.261 0.5418, 1.8268 0.2682 0.5299, 1.8268 0.2572 0.5374, 1.8268 0.2566 0.5369, 1.8268 0.2595 0.5738, 1.8268 0.2627 0.569, 1.8268 0.237 0.5833, 1.8268 0.2458 0.5822, 1.8268 0.2572 0.5762, 1.8268 0.2645 0.5638, 1.8268 0.2652 0.5573, 1.8268 0.265 0.5535, 1.8268 0.2515 0.5333, 1.8268 0.2454 0.531, 1.8268 0.2365 0.5299, 1.8268 0.2522 0.5797, 1.8268 0.3032 0.5445, 1.8268 0.2809 0.5445, 1.8268 0.3086 0.5299, 1.8268 0.2758 0.5299, 1.8268 0.374 0.5295, 1.8268 0.3162 0.5299, 1.8268 0.2218 0.5299, 1.8268 0.2218 0.5833, 1.8268 0.374 0.0, 1.8268 0.374 0.5083, 1.8268 0.2167 0.0, 1.8268 0.2167 0.5083, 1.8268 0.374 1.1679, 1.8268 0.2167 1.1679, 1.8268 0.1999 1.1679, 1.8268 0.1794 1.1679, 1.8268 0.1499 1.1679, 1.8268 0.1374 1.1679, 1.8268 0.0647 0.5295, 1.8268 0.0639 0.536, 1.8268 0.0639 0.5299, 1.8268 0.0351 0.5299, 1.8268 0.0626 0.5771, 1.8268 0.0351 0.5833, 1.8268 0.0626 0.5833, 1.8268 0.042 0.5539, 1.8268 0.042 0.536, 1.8268 0.0611 0.5539, 1.8268 0.0611 0.5601, 1.8268 0.042 0.5601, 1.8268 0.042 0.5771, 1.8268 0.042 0.668, 1.8268 0.042 0.6207, 1.8268 0.0633 0.6207, 1.8268 0.0351 0.6146, 1.8268 0.0351 0.668, 1.8268 0.0633 0.6146, 1.8268 0.0647 1.1679, 1.8268 -0.374 0.5083, 1.8268 -0.374 0.5295, 1.8268 -0.374 0.5985, 1.8268 -0.374 0.6684, 1.8268 -0.374 1.1679, 1.8268 0.374 1.6535, 1.8268 0.2167 1.6535, 1.8268 0.1999 1.6535, 1.8268 0.1794 1.6535, 1.8268 0.1499 1.6535, 1.8268 0.1374 1.6535, 1.8268 0.113 1.6535, 1.8268 0.0679 1.6535, 1.8268 0.0647 1.6535, 1.8268 0.0133 1.6535, 1.8268 -0.3124 1.6535, 1.8268 -0.374 1.6535
            ]
        }
        coordIndex [
            0,1,2,-1,3,4,5,-1,6,7,8,-1,9,10,11,-1,11,10,12,-1,11,12,13,-1,14,15,16,-1,16,15,11,-1,16,11,17,-1,17,11,18,-1,13,19,11,-1,11,19,20,-1,11,20,18,-1,21,22,23,-1,23,22,24,-1,24,22,25,-1,24,25,26,-1,21,23,27,-1,27,23,28,-1,27,28,29,-1,30,31,32,-1,32,31,33,-1,32,33,28,-1,28,33,34,-1,28,34,35,-1,28,36,29,-1,29,36,37,-1,29,37,38,-1,38,37,39,-1,38,39,40,-1,35,41,28,-1,28,41,42,-1,28,42,36,-1,43,44,45,-1,45,44,46,-1,45,46,47,-1,47,48,45,-1,45,48,49,-1,45,49,32,-1,32,49,50,-1,32,50,30,-1,51,52,53,-1,53,52,54,-1,53,54,45,-1,45,54,55,-1,45,55,43,-1,56,57,58,-1,58,57,53,-1,58,53,59,-1,60,61,62,-1,62,61,63,-1,62,63,57,-1,57,63,64,-1,64,65,57,-1,57,65,66,-1,57,66,53,-1,53,66,67,-1,53,67,51,-1,68,69,60,-1,60,69,70,-1,60,70,71,-1,71,72,60,-1,60,72,73,-1,60,73,61,-1,74,75,76,-1,77,78,68,-1,79,80,81,-1,81,80,82,-1,74,76,83,-1,77,68,84,-1,85,86,80,-1,80,86,87,-1,80,87,88,-1,14,89,15,-1,15,89,90,-1,15,90,68,-1,68,90,91,-1,68,91,84,-1,75,92,76,-1,76,92,93,-1,76,93,94,-1,95,96,97,-1,97,96,98,-1,97,98,99,-1,100,88,101,-1,101,88,102,-1,101,102,97,-1,97,102,103,-1,97,103,95,-1,100,104,88,-1,88,104,105,-1,88,105,80,-1,80,105,106,-1,80,106,82,-1,94,107,76,-1,76,107,108,-1,76,108,109,-1,110,111,112,-1,112,111,113,-1,112,113,76,-1,76,113,114,-1,76,114,83,-1,115,116,69,-1,69,116,117,-1,69,117,118,-1,118,119,69,-1,69,119,120,-1,69,120,121,-1,121,120,110,-1,121,110,122,-1,122,110,112,-1,123,124,76,-1,76,124,125,-1,76,125,80,-1,80,125,126,-1,80,126,85,-1,78,127,68,-1,68,127,128,-1,68,128,69,-1,69,128,129,-1,69,129,115,-1,109,130,76,-1,76,130,131,-1,76,131,123,-1,132,133,134,-1,133,135,134,-1,134,135,136,-1,134,136,137,-1,87,134,88,-1,88,134,138,-1,88,138,139,-1,140,141,87,-1,87,141,142,-1,87,142,134,-1,134,142,143,-1,134,143,132,-1,144,145,87,-1,87,145,146,-1,87,146,140,-1,147,148,149,-1,149,148,150,-1,149,150,151,-1,137,136,152,-1,152,136,153,-1,152,153,154,-1,154,153,155,-1,154,155,156,-1,139,157,88,-1,88,157,149,-1,88,149,158,-1,158,149,151,-1,159,6,160,-1,161,159,162,-1,162,163,161,-1,161,163,164,-1,161,164,165,-1,165,164,166,-1,167,168,2,-1,6,8,160,-1,160,8,169,-1,160,169,167,-1,170,171,172,-1,172,171,173,-1,172,173,174,-1,175,176,177,-1,177,176,178,-1,177,178,179,-1,179,178,180,-1,179,180,181,-1,182,183,184,-1,184,183,185,-1,184,185,170,-1,186,187,188,-1,188,187,189,-1,188,189,190,-1,190,189,191,-1,190,191,180,-1,174,173,192,-1,192,173,193,-1,192,193,186,-1,194,195,193,-1,193,195,196,-1,193,196,197,-1,198,199,200,-1,200,199,201,-1,200,201,202,-1,203,204,201,-1,201,204,205,-1,201,205,202,-1,206,207,208,-1,201,209,187,-1,187,209,210,-1,211,212,213,-1,213,212,214,-1,213,214,215,-1,186,193,187,-1,187,193,197,-1,187,197,201,-1,201,197,216,-1,201,216,217,-1,206,208,200,-1,200,208,218,-1,200,218,219,-1,217,220,201,-1,201,220,221,-1,201,221,222,-1,219,223,200,-1,200,223,224,-1,200,224,198,-1,210,225,187,-1,187,225,226,-1,187,226,213,-1,213,226,227,-1,213,227,211,-1,222,228,201,-1,201,228,229,-1,201,229,203,-1,230,231,232,-1,232,231,233,-1,232,233,234,-1,235,236,237,-1,238,239,235,-1,235,239,240,-1,235,240,236,-1,215,241,213,-1,213,241,242,-1,213,242,243,-1,244,245,235,-1,235,245,246,-1,235,246,238,-1,242,247,243,-1,243,247,248,-1,243,248,244,-1,244,248,249,-1,244,249,245,-1,250,251,252,-1,252,251,253,-1,253,251,254,-1,253,254,255,-1,255,254,256,-1,255,256,257,-1,258,259,260,-1,260,259,261,-1,261,259,262,-1,261,262,62,-1,263,264,265,-1,266,267,2,-1,265,268,263,-1,263,268,269,-1,263,269,270,-1,267,271,2,-1,2,271,272,-1,2,272,273,-1,270,274,263,-1,263,274,275,-1,263,275,276,-1,166,164,168,-1,168,164,263,-1,168,263,2,-1,2,263,276,-1,2,276,266,-1,277,278,279,-1,279,278,280,-1,281,282,191,-1,191,282,171,-1,191,171,180,-1,180,171,170,-1,180,170,181,-1,181,170,185,-1,282,283,171,-1,171,283,284,-1,171,284,264,-1,264,284,285,-1,264,285,265,-1,286,287,288,-1,289,290,291,-1,289,291,292,-1,293,294,295,-1,296,297,298,-1,299,300,301,-1,301,300,302,-1,303,304,300,-1,300,304,305,-1,287,306,288,-1,288,306,307,-1,288,307,308,-1,308,307,298,-1,308,298,309,-1,309,298,297,-1,299,310,300,-1,300,310,311,-1,300,311,303,-1,293,312,294,-1,294,312,313,-1,294,313,314,-1,314,313,315,-1,314,315,316,-1,317,318,291,-1,291,318,319,-1,291,319,292,-1,213,320,321,-1,322,213,323,-1,323,213,324,-1,286,288,321,-1,321,288,325,-1,321,325,213,-1,213,325,326,-1,213,326,324,-1,327,328,329,-1,329,328,330,-1,329,330,331,-1,332,333,334,-1,334,333,335,-1,334,335,316,-1,316,335,336,-1,316,336,314,-1,337,338,298,-1,298,338,339,-1,298,339,340,-1,340,341,298,-1,298,341,342,-1,298,342,296,-1,343,259,344,-1,344,259,258,-1,344,258,290,-1,327,332,328,-1,328,332,334,-1,328,334,345,-1,345,334,346,-1,345,346,347,-1,347,346,348,-1,347,348,349,-1,349,348,350,-1,351,352,258,-1,352,350,258,-1,258,350,348,-1,258,348,290,-1,290,348,346,-1,290,346,291,-1,260,257,258,-1,258,257,256,-1,258,256,351,-1,351,256,353,-1,351,353,354,-1,355,356,353,-1,357,358,187,-1,322,293,213,-1,213,293,295,-1,213,295,187,-1,187,295,359,-1,187,359,357,-1,360,361,353,-1,353,361,362,-1,358,363,187,-1,187,363,364,-1,187,364,189,-1,189,364,365,-1,189,365,355,-1,366,367,356,-1,356,367,368,-1,356,368,353,-1,353,368,369,-1,353,369,360,-1,362,370,353,-1,353,370,371,-1,353,371,354,-1,372,373,374,-1,374,373,375,-1,374,375,376,-1,374,377,372,-1,372,377,378,-1,372,378,379,-1,379,380,372,-1,372,380,381,-1,372,381,382,-1,382,381,383,-1,382,383,384,-1,384,383,385,-1,384,385,356,-1,356,385,386,-1,356,386,366,-1,387,388,376,-1,376,388,389,-1,376,389,374,-1,390,391,331,-1,331,391,392,-1,331,392,329,-1,390,393,391,-1,391,393,394,-1,391,394,395,-1,395,394,396,-1,395,397,398,-1,396,399,395,-1,395,399,400,-1,395,400,401,-1,401,402,395,-1,395,402,403,-1,395,403,397,-1,398,404,395,-1,395,404,405,-1,395,405,406,-1,407,408,279,-1,279,408,409,-1,410,411,412,-1,280,281,279,-1,279,281,191,-1,279,191,407,-1,407,191,413,-1,407,413,414,-1,414,413,410,-1,414,410,415,-1,415,410,412,-1,416,417,353,-1,355,353,189,-1,189,353,417,-1,189,417,191,-1,191,417,418,-1,191,418,413,-1,419,420,416,-1,421,422,423,-1,423,422,424,-1,423,424,419,-1,419,416,423,-1,423,416,353,-1,423,353,425,-1,425,353,256,-1,425,256,426,-1,425,427,423,-1,423,427,428,-1,423,428,429,-1,430,431,254,-1,254,431,432,-1,254,432,256,-1,256,432,433,-1,256,433,426,-1,429,434,423,-1,423,434,435,-1,423,435,421,-1,436,437,251,-1,436,251,438,-1,437,439,251,-1,251,439,440,-1,251,440,254,-1,254,440,441,-1,254,441,430,-1,167,2,160,-1,160,2,1,-1,160,1,442,-1,442,443,160,-1,160,443,444,-1,160,444,445,-1,445,444,446,-1,445,446,447,-1,448,449,450,-1,450,449,451,-1,450,451,452,-1,452,451,444,-1,452,444,453,-1,453,444,443,-1,453,443,454,-1,454,443,455,-1,454,455,456,-1,456,455,457,-1,446,458,447,-1,447,458,459,-1,447,459,409,-1,409,459,0,-1,409,0,279,-1,279,0,2,-1,279,2,277,-1,277,2,273,-1,160,460,461,-1,462,463,464,-1,464,463,465,-1,464,465,466,-1,467,468,460,-1,160,469,470,-1,467,460,471,-1,468,472,460,-1,460,472,473,-1,460,473,464,-1,464,473,474,-1,464,474,462,-1,466,475,464,-1,464,475,476,-1,464,476,477,-1,160,470,460,-1,460,470,478,-1,460,478,471,-1,479,480,481,-1,481,480,482,-1,481,482,483,-1,159,160,162,-1,162,160,461,-1,162,461,483,-1,483,461,484,-1,483,484,481,-1,482,464,483,-1,483,464,477,-1,483,477,445,-1,445,477,485,-1,445,485,160,-1,160,485,486,-1,160,486,469,-1,487,488,489,-1,489,488,490,-1,489,490,5,-1,5,490,250,-1,5,250,3,-1,3,250,252,-1,488,483,490,-1,490,483,445,-1,490,445,250,-1,250,445,447,-1,250,447,251,-1,251,447,409,-1,251,409,438,-1,438,409,408,-1,163,491,164,-1,164,491,492,-1,164,492,263,-1,263,492,493,-1,263,493,264,-1,264,493,494,-1,264,494,171,-1,171,494,495,-1,171,495,173,-1,173,495,496,-1,173,496,193,-1,193,496,231,-1,193,231,194,-1,194,231,230,-1,343,302,259,-1,259,302,300,-1,259,300,262,-1,262,300,497,-1,498,499,497,-1,497,499,500,-1,305,320,300,-1,300,320,213,-1,300,213,497,-1,497,213,243,-1,497,243,498,-1,498,243,501,-1,62,262,60,-1,60,262,497,-1,60,497,68,-1,68,497,500,-1,68,500,15,-1,15,500,502,-1,15,502,243,-1,243,502,503,-1,243,503,501,-1,504,505,506,-1,506,505,498,-1,506,498,507,-1,507,498,501,-1,507,501,508,-1,508,501,509,-1,510,511,512,-1,513,514,11,-1,11,514,510,-1,11,510,244,-1,244,510,512,-1,244,512,243,-1,243,512,515,-1,243,515,15,-1,15,515,513,-1,15,513,11,-1,237,234,235,-1,235,234,233,-1,235,233,244,-1,244,233,516,-1,244,516,11,-1,11,516,24,-1,11,24,9,-1,9,24,26,-1,59,53,517,-1,517,53,45,-1,517,45,518,-1,518,45,32,-1,518,32,519,-1,519,32,28,-1,519,28,520,-1,520,28,23,-1,520,23,521,-1,491,522,492,-1,492,522,523,-1,492,523,493,-1,493,523,524,-1,493,524,494,-1,494,524,525,-1,494,525,495,-1,495,525,526,-1,495,526,496,-1,496,526,527,-1,496,527,231,-1,231,527,528,-1,231,528,233,-1,233,528,529,-1,233,529,516,-1,516,529,530,-1,516,530,24,-1,24,530,531,-1,24,531,23,-1,23,531,532,-1,23,532,521,-1,521,532,533,-1,
        ]
    }
}
Shape{
    appearance Appearance {
        material  Material 	{
            diffuseColor 0.8 0.8 0.8
            specularColor 1.0 1.0 1.0
            ambientIntensity 1.0
            transparency 0.0
            shininess 0.5
        }
    }
    geometry IndexedFaceSet {
        ccw TRUE
        solid FALSE
        coord DEF co Coordinate {
            point [
                1.5768 0.0256 0.1181, 1.5571 -0.0 0.1181, 1.4193 0.0256 0.1181, 1.439 -0.0 0.1181, 1.439 -0.0906 0.1181, 1.5571 -0.0906 0.1181, 1.5965 -0.0906 0.1181, 1.5965 0.0984 0.1181, 1.5768 0.0846 0.1181, 1.3996 0.0984 0.1181, 1.4193 0.0846 0.1181, 1.3996 -0.0906 0.1181, 1.0768 0.0256 0.1181, 1.0571 -0.0 0.1181, 0.9193 0.0256 0.1181, 0.939 -0.0 0.1181, 0.939 -0.0906 0.1181, 1.0571 -0.0906 0.1181, 1.0965 -0.0906 0.1181, 1.0965 0.0984 0.1181, 1.0768 0.0846 0.1181, 0.8996 0.0984 0.1181, 0.9193 0.0846 0.1181, 0.8996 -0.0906 0.1181, 0.5768 0.0256 0.1181, 0.5571 -0.0 0.1181, 0.4193 0.0256 0.1181, 0.439 -0.0 0.1181, 0.439 -0.0906 0.1181, 0.5571 -0.0906 0.1181, 0.5965 -0.0906 0.1181, 0.5965 0.0984 0.1181, 0.5768 0.0846 0.1181, 0.3996 0.0984 0.1181, 0.4193 0.0846 0.1181, 0.3996 -0.0906 0.1181, 0.0768 0.0256 0.1181, 0.0571 -0.0 0.1181, -0.0807 0.0256 0.1181, -0.061 -0.0 0.1181, -0.061 -0.0906 0.1181, 0.0571 -0.0906 0.1181, 0.0965 -0.0906 0.1181, 0.0965 0.0984 0.1181, 0.0768 0.0846 0.1181, -0.1004 0.0984 0.1181, -0.0807 0.0846 0.1181, -0.1004 -0.0906 0.1181, -0.4232 0.0256 0.1181, -0.4429 -0.0 0.1181, -0.5807 0.0256 0.1181, -0.561 -0.0 0.1181, -0.561 -0.0906 0.1181, -0.4429 -0.0906 0.1181, -0.4035 -0.0906 0.1181, -0.4035 0.0984 0.1181, -0.4232 0.0846 0.1181, -0.6004 0.0984 0.1181, -0.5807 0.0846 0.1181, -0.6004 -0.0906 0.1181
            ]
        }
        coordIndex [
            0,1,2,-1,2,1,3,-1,2,3,4,-1,5,1,6,-1,6,1,0,-1,6,0,7,-1,7,0,8,-1,7,8,9,-1,8,10,9,-1,9,10,2,-1,9,2,11,-1,11,2,4,-1,12,13,14,-1,14,13,15,-1,14,15,16,-1,17,13,18,-1,18,13,12,-1,18,12,19,-1,19,12,20,-1,19,20,21,-1,20,22,21,-1,21,22,14,-1,21,14,23,-1,23,14,16,-1,24,25,26,-1,26,25,27,-1,26,27,28,-1,29,25,30,-1,30,25,24,-1,30,24,31,-1,31,24,32,-1,31,32,33,-1,32,34,33,-1,33,34,26,-1,33,26,35,-1,35,26,28,-1,36,37,38,-1,38,37,39,-1,38,39,40,-1,41,37,42,-1,42,37,36,-1,42,36,43,-1,43,36,44,-1,43,44,45,-1,44,46,45,-1,45,46,38,-1,45,38,47,-1,47,38,40,-1,48,49,50,-1,50,49,51,-1,50,51,52,-1,53,49,54,-1,54,49,48,-1,54,48,55,-1,55,48,56,-1,55,56,57,-1,56,58,57,-1,57,58,50,-1,57,50,59,-1,59,50,52,-1,
        ]
    }
}
Shape{
    appearance Appearance {
        material  Material 	{
            diffuseColor 0.35294117647058826 0.35294117647058826 0.35294117647058826
            specularColor 0.10196078431372549 0.10196078431372549 0.10196078431372549
            ambientIntensity 0.502
            transparency 0.0
            shininess 0.5
        }
    }
    geometry IndexedFaceSet {
        ccw TRUE
        solid FALSE
        coord DEF co Coordinate {
            point [
                1.5965 0.0984 0.1181, 1.5965 0.0984 0.0591, 1.5965 -0.0906 0.1181, 1.5965 -0.0984 0.0591, 1.5965 -0.0906 1.2992, 1.5965 -0.0984 1.6535, 1.5965 0.0984 1.2992, 1.5965 0.0984 1.6535, 1.3996 -0.0906 1.2992, 1.3996 0.0984 1.2992, 1.3996 0.0984 1.6535, 1.3996 -0.0984 0.0591, 1.3996 0.0984 0.0591, 1.3996 0.0984 0.1181, 1.3996 -0.0906 0.1181, 1.3996 -0.0984 1.6535, 1.0965 0.0984 0.1181, 1.0965 0.0984 0.0591, 1.0965 -0.0906 0.1181, 1.0965 -0.0984 0.0591, 1.0965 -0.0906 1.2992, 1.0965 -0.0984 1.6535, 1.0965 0.0984 1.2992, 1.0965 0.0984 1.6535, 0.8996 -0.0906 1.2992, 0.8996 0.0984 1.2992, 0.8996 0.0984 1.6535, 0.8996 -0.0984 0.0591, 0.8996 0.0984 0.0591, 0.8996 0.0984 0.1181, 0.8996 -0.0906 0.1181, 0.8996 -0.0984 1.6535, 0.5965 0.0984 0.1181, 0.5965 0.0984 0.0591, 0.5965 -0.0906 0.1181, 0.5965 -0.0984 0.0591, 0.5965 -0.0906 1.2992, 0.5965 -0.0984 1.6535, 0.5965 0.0984 1.2992, 0.5965 0.0984 1.6535, 0.3996 -0.0906 1.2992, 0.3996 0.0984 1.2992, 0.3996 0.0984 1.6535, 0.3996 -0.0984 0.0591, 0.3996 0.0984 0.0591, 0.3996 0.0984 0.1181, 0.3996 -0.0906 0.1181, 0.3996 -0.0984 1.6535, 0.0965 0.0984 0.1181, 0.0965 0.0984 0.0591, 0.0965 -0.0906 0.1181, 0.0965 -0.0984 0.0591, 0.0965 -0.0906 1.2992, 0.0965 -0.0984 1.6535, 0.0965 0.0984 1.2992, 0.0965 0.0984 1.6535, -0.1004 -0.0906 1.2992, -0.1004 0.0984 1.2992, -0.1004 0.0984 1.6535, -0.1004 -0.0984 0.0591, -0.1004 0.0984 0.0591, -0.1004 0.0984 0.1181, -0.1004 -0.0906 0.1181, -0.1004 -0.0984 1.6535, -0.4035 0.0984 0.1181, -0.4035 0.0984 0.0591, -0.4035 -0.0906 0.1181, -0.4035 -0.0984 0.0591, -0.4035 -0.0906 1.2992, -0.4035 -0.0984 1.6535, -0.4035 0.0984 1.2992, -0.4035 0.0984 1.6535, -0.6004 -0.0906 1.2992, -0.6004 0.0984 1.2992, -0.6004 0.0984 1.6535, -0.6004 -0.0984 0.0591, -0.6004 0.0984 0.0591, -0.6004 0.0984 0.1181, -0.6004 -0.0906 0.1181, -0.6004 -0.0984 1.6535
            ]
        }
        coordIndex [
            0,1,2,-1,2,1,3,-1,2,3,4,-1,4,3,5,-1,4,5,6,-1,6,5,7,-1,8,9,10,-1,11,12,13,-1,13,14,11,-1,11,14,8,-1,11,8,15,-1,15,8,10,-1,12,1,13,-1,13,1,0,-1,16,17,18,-1,18,17,19,-1,18,19,20,-1,20,19,21,-1,20,21,22,-1,22,21,23,-1,24,25,26,-1,27,28,29,-1,29,30,27,-1,27,30,24,-1,27,24,31,-1,31,24,26,-1,28,17,29,-1,29,17,16,-1,32,33,34,-1,34,33,35,-1,34,35,36,-1,36,35,37,-1,36,37,38,-1,38,37,39,-1,40,41,42,-1,43,44,45,-1,45,46,43,-1,43,46,40,-1,43,40,47,-1,47,40,42,-1,44,33,45,-1,45,33,32,-1,48,49,50,-1,50,49,51,-1,50,51,52,-1,52,51,53,-1,52,53,54,-1,54,53,55,-1,56,57,58,-1,59,60,61,-1,61,62,59,-1,59,62,56,-1,59,56,63,-1,63,56,58,-1,60,49,61,-1,61,49,48,-1,64,65,66,-1,66,65,67,-1,66,67,68,-1,68,67,69,-1,68,69,70,-1,70,69,71,-1,72,73,74,-1,75,76,77,-1,77,78,75,-1,75,78,72,-1,75,72,79,-1,79,72,74,-1,76,65,77,-1,77,65,64,-1,
        ]
    }
}
Shape{
    appearance Appearance {
        material  Material 	{
            diffuseColor 0.8 0.8 0.8
            specularColor 1.0 1.0 1.0
            ambientIntensity 1.0
            transparency 0.0
            shininess 0.5
        }
    }
    geometry IndexedFaceSet {
        ccw TRUE
        solid FALSE
        coord DEF co Coordinate {
            point [
                -0.9232 0.0256 0.1181, -0.9429 -0.0 0.1181, -1.0807 0.0256 0.1181, -1.061 -0.0 0.1181, -1.061 -0.0906 0.1181, -0.9429 -0.0906 0.1181, -0.9035 -0.0906 0.1181, -0.9035 0.0984 0.1181, -0.9232 0.0846 0.1181, -1.1004 0.0984 0.1181, -1.0807 0.0846 0.1181, -1.1004 -0.0906 0.1181, -0.9429 -0.0906 1.2992, -0.9035 -0.0906 1.2992, -0.9429 -0.0 1.2992, -1.061 -0.0 1.2992, -1.061 -0.0906 1.2992, -1.1004 -0.0906 1.2992, -0.9035 0.0984 1.2992, -1.1004 0.0984 1.2992, -0.9232 0.0846 0.0678, -1.0807 0.0846 0.0678, -1.0807 0.0256 0.0784, -0.9232 0.0256 0.0784, -0.9232 -0.0295 -0.8858, -0.9232 0.0295 -0.8858, -0.9232 -0.0295 -0.0709, -0.9232 0.0295 -0.0814, -1.0807 -0.0295 -0.0709, -1.0807 0.0295 -0.0814, -1.0807 -0.0295 -0.8858, -1.0807 0.0295 -0.8858, -1.0369 -0.0295 -0.9429, -1.0217 -0.0295 -0.9449, -1.0728 -0.0295 -0.9154, -1.0634 -0.0295 -0.9276, -1.0512 -0.0295 -0.937, -0.9823 -0.0295 -0.9449, -0.967 -0.0295 -0.9429, -0.9528 -0.0295 -0.937, -0.9405 -0.0295 -0.9276, -0.9311 -0.0295 -0.9154, -0.9252 -0.0295 -0.9011, -1.0787 -0.0295 -0.9011, -0.9823 0.0295 -0.9449, -1.0217 0.0295 -0.9449, -0.967 0.0295 -0.9429, -0.9311 0.0295 -0.9154, -0.9405 0.0295 -0.9276, -0.9528 0.0295 -0.937, -0.9252 0.0295 -0.9011, -1.0369 0.0295 -0.9429, -1.0512 0.0295 -0.937, -1.0634 0.0295 -0.9276, -1.0728 0.0295 -0.9154, -1.0787 0.0295 -0.9011
            ]
        }
        coordIndex [
            0,1,2,-1,2,1,3,-1,2,3,4,-1,5,1,6,-1,6,1,0,-1,6,0,7,-1,7,0,8,-1,7,8,9,-1,8,10,9,-1,9,10,2,-1,9,2,11,-1,11,2,4,-1,5,6,12,-1,12,6,13,-1,1,5,14,-1,14,5,12,-1,3,1,15,-1,15,1,14,-1,4,3,16,-1,16,3,15,-1,11,4,17,-1,17,4,16,-1,12,13,14,-1,14,13,18,-1,14,18,15,-1,15,18,19,-1,15,19,16,-1,16,19,17,-1,20,21,8,-1,8,21,10,-1,2,22,0,-1,0,22,23,-1,24,25,26,-1,26,25,27,-1,26,27,23,-1,23,27,20,-1,23,20,0,-1,0,20,8,-1,2,10,22,-1,22,10,21,-1,22,21,28,-1,28,21,29,-1,28,29,30,-1,30,29,31,-1,24,26,28,-1,32,33,30,-1,34,35,36,-1,30,33,28,-1,28,33,37,-1,28,37,24,-1,24,37,38,-1,24,38,39,-1,40,41,39,-1,39,41,42,-1,39,42,24,-1,32,30,36,-1,36,30,43,-1,36,43,34,-1,37,33,44,-1,44,33,45,-1,46,44,25,-1,25,44,27,-1,47,48,49,-1,46,25,49,-1,49,25,50,-1,49,50,47,-1,27,44,29,-1,29,44,45,-1,29,45,31,-1,31,45,51,-1,31,51,52,-1,53,54,52,-1,52,54,55,-1,52,55,31,-1,20,27,21,-1,21,27,29,-1,26,23,28,-1,28,23,22,-1,
        ]
    }
}
Shape{
    appearance Appearance {
        material  Material 	{
            diffuseColor 0.35294117647058826 0.35294117647058826 0.35294117647058826
            specularColor 0.10196078431372549 0.10196078431372549 0.10196078431372549
            ambientIntensity 0.502
            transparency 0.0
            shininess 0.5
        }
    }
    geometry IndexedFaceSet {
        ccw TRUE
        solid FALSE
        coord DEF co Coordinate {
            point [
                -0.9035 0.0984 0.1181, -0.9035 0.0984 0.0591, -0.9035 -0.0906 0.1181, -0.9035 -0.0984 0.0591, -0.9035 -0.0906 1.2992, -0.9035 -0.0984 1.6535, -0.9035 0.0984 1.2992, -0.9035 0.0984 1.6535, -1.1004 -0.0906 1.2992, -1.1004 0.0984 1.2992, -1.1004 0.0984 1.6535, -1.1004 -0.0984 0.0591, -1.1004 0.0984 0.0591, -1.1004 0.0984 0.1181, -1.1004 -0.0906 0.1181, -1.1004 -0.0984 1.6535
            ]
        }
        coordIndex [
            0,1,2,-1,2,1,3,-1,2,3,4,-1,4,3,5,-1,4,5,6,-1,6,5,7,-1,8,9,10,-1,11,12,13,-1,13,14,11,-1,11,14,8,-1,11,8,15,-1,15,8,10,-1,13,12,0,-1,0,12,1,-1,
        ]
    }
}
Shape{
    appearance Appearance {
        material  Material 	{
            diffuseColor 0.8 0.8 0.8
            specularColor 1.0 1.0 1.0
            ambientIntensity 1.0
            transparency 0.0
            shininess 0.5
        }
    }
    geometry IndexedFaceSet {
        ccw TRUE
        solid FALSE
        coord DEF co Coordinate {
            point [
                -1.4232 0.0256 0.1181, -1.4429 -0.0 0.1181, -1.5807 0.0256 0.1181, -1.561 -0.0 0.1181, -1.561 -0.0906 0.1181, -1.4429 -0.0906 0.1181, -1.4035 -0.0906 0.1181, -1.4035 0.0984 0.1181, -1.4232 0.0846 0.1181, -1.6004 0.0984 0.1181, -1.5807 0.0846 0.1181, -1.6004 -0.0906 0.1181, -1.4429 -0.0906 1.2992, -1.4035 -0.0906 1.2992, -1.4429 -0.0 1.2992, -1.561 -0.0 1.2992, -1.561 -0.0906 1.2992, -1.6004 -0.0906 1.2992, -1.4035 0.0984 1.2992, -1.6004 0.0984 1.2992, -1.4232 0.0846 0.0678, -1.5807 0.0846 0.0678, -1.5807 0.0256 0.0784, -1.4232 0.0256 0.0784, -1.4232 -0.0295 -0.8858, -1.4232 0.0295 -0.8858, -1.4232 -0.0295 -0.0709, -1.4232 0.0295 -0.0814, -1.5807 -0.0295 -0.0709, -1.5807 0.0295 -0.0814, -1.5807 -0.0295 -0.8858, -1.5807 0.0295 -0.8858, -1.5217 -0.0295 -0.9449, -1.4823 -0.0295 -0.9449, -1.467 -0.0295 -0.9429, -1.4528 -0.0295 -0.937, -1.5728 -0.0295 -0.9154, -1.5634 -0.0295 -0.9276, -1.5512 -0.0295 -0.937, -1.4405 -0.0295 -0.9276, -1.4311 -0.0295 -0.9154, -1.4252 -0.0295 -0.9011, -1.5787 -0.0295 -0.9011, -1.5369 -0.0295 -0.9429, -1.4823 0.0295 -0.9449, -1.5217 0.0295 -0.9449, -1.467 0.0295 -0.9429, -1.4311 0.0295 -0.9154, -1.4405 0.0295 -0.9276, -1.4528 0.0295 -0.937, -1.5787 0.0295 -0.9011, -1.5512 0.0295 -0.937, -1.5634 0.0295 -0.9276, -1.5728 0.0295 -0.9154, -1.4252 0.0295 -0.9011, -1.5369 0.0295 -0.9429
            ]
        }
        coordIndex [
            0,1,2,-1,2,1,3,-1,2,3,4,-1,5,1,6,-1,6,1,0,-1,6,0,7,-1,7,0,8,-1,7,8,9,-1,8,10,9,-1,9,10,2,-1,9,2,11,-1,11,2,4,-1,5,6,12,-1,12,6,13,-1,1,5,14,-1,14,5,12,-1,3,1,15,-1,15,1,14,-1,4,3,16,-1,16,3,15,-1,11,4,17,-1,17,4,16,-1,12,13,14,-1,14,13,18,-1,14,18,15,-1,15,18,19,-1,15,19,16,-1,16,19,17,-1,20,21,8,-1,8,21,10,-1,2,22,0,-1,0,22,23,-1,24,25,26,-1,26,25,27,-1,26,27,23,-1,23,27,20,-1,23,20,0,-1,0,20,8,-1,2,10,22,-1,22,10,21,-1,22,21,28,-1,28,21,29,-1,28,29,30,-1,30,29,31,-1,24,26,28,-1,32,33,30,-1,30,33,28,-1,28,33,24,-1,24,33,34,-1,24,34,35,-1,36,37,38,-1,39,40,35,-1,35,40,41,-1,35,41,24,-1,30,42,32,-1,32,42,36,-1,32,36,43,-1,43,36,38,-1,33,32,44,-1,44,32,45,-1,46,44,25,-1,47,48,49,-1,50,31,45,-1,45,31,29,-1,45,29,44,-1,44,29,27,-1,44,27,25,-1,51,52,53,-1,46,25,49,-1,49,25,54,-1,49,54,47,-1,50,45,53,-1,53,45,55,-1,53,55,51,-1,20,27,21,-1,21,27,29,-1,26,23,28,-1,28,23,22,-1,
        ]
    }
}
Shape{
    appearance Appearance {
        material  Material 	{
            diffuseColor 0.35294117647058826 0.35294117647058826 0.35294117647058826
            specularColor 0.10196078431372549 0.10196078431372549 0.10196078431372549
            ambientIntensity 0.502
            transparency 0.0
            shininess 0.5
        }
    }
    geometry IndexedFaceSet {
        ccw TRUE
        solid FALSE
        coord DEF co Coordinate {
            point [
                -1.4035 0.0984 0.1181, -1.4035 0.0984 0.0591, -1.4035 -0.0906 0.1181, -1.4035 -0.0984 0.0591, -1.4035 -0.0906 1.2992, -1.4035 -0.0984 1.6535, -1.4035 0.0984 1.2992, -1.4035 0.0984 1.6535, -1.6004 -0.0906 1.2992, -1.6004 0.0984 1.2992, -1.6004 0.0984 1.6535, -1.6004 -0.0984 0.0591, -1.6004 0.0984 0.0591, -1.6004 0.0984 0.1181, -1.6004 -0.0906 0.1181, -1.6004 -0.0984 1.6535, 1.8268 0.1969 0.0, -1.8307 0.1969 0.0, 1.8268 0.1999 0.0, 1.8268 0.2167 0.0, -1.8307 0.374 0.0, -1.7913 0.4134 0.0, 1.7874 0.4134 0.0, -1.8192 0.4019 0.0, -1.8254 0.3937 0.0, -1.8294 0.3842 0.0, -1.811 0.4081 0.0, -1.8015 0.412 0.0, 1.7976 0.412 0.0, 1.8254 0.3842 0.0, 1.8268 0.374 0.0, 1.8071 0.4081 0.0, 1.8152 0.4019 0.0, 1.8215 0.3937 0.0, 1.7874 -0.4134 1.6535, -1.7913 -0.4134 1.6535, 1.7874 -0.4134 0.0, -1.7913 -0.4134 0.0, -1.8307 0.1969 0.0591, -1.8307 -0.1969 0.0, -1.8307 -0.374 0.0, -1.8307 -0.1969 0.0591, -1.8307 -0.374 1.6535, -1.8307 0.374 1.6535, 1.7874 0.4134 1.6535, -1.7913 0.4134 1.6535, 1.8268 -0.1969 0.0, 1.8268 -0.3124 0.0, -1.8015 -0.412 0.0, -1.811 -0.4081 0.0, 1.8071 -0.4081 0.0, 1.8254 -0.3842 0.0, 1.8152 -0.4019 0.0, 1.8215 -0.3937 0.0, 1.8268 -0.374 0.0, 1.7976 -0.412 0.0, -1.8192 -0.4019 0.0, -1.8254 -0.3937 0.0, -1.8294 -0.3842 0.0, 1.6358 0.1378 1.6929, 1.6358 -0.1378 1.6929, 1.7116 -0.2559 1.6929, 1.7874 -0.374 1.6929, 1.7874 -0.2559 1.6929, 1.7116 -0.374 1.6929, 1.248 -0.374 1.6929, 1.248 -0.2559 1.6929, 0.748 -0.374 1.6929, 0.748 -0.2559 1.6929, 0.248 -0.374 1.6929, 0.248 -0.2559 1.6929, -0.252 -0.374 1.6929, -0.252 -0.2559 1.6929, -0.752 -0.374 1.6929, -0.752 -0.2559 1.6929, -1.252 -0.374 1.6929, -1.252 -0.2559 1.6929, -1.7913 -0.374 1.6929, -1.7913 -0.2559 1.6929, -1.3642 0.1378 1.6929, -1.252 0.374 1.6929, -1.6398 0.1378 1.6929, -1.7913 0.374 1.6929, -1.6398 -0.1378 1.6929, -1.3642 -0.1378 1.6929, -0.8642 0.1378 1.6929, -0.752 0.374 1.6929, -1.1398 0.1378 1.6929, -1.1398 -0.1378 1.6929, -0.8642 -0.1378 1.6929, -0.3642 0.1378 1.6929, -0.252 0.374 1.6929, -0.6398 0.1378 1.6929, -0.6398 -0.1378 1.6929, -0.3642 -0.1378 1.6929, 0.1358 0.1378 1.6929, 0.248 0.374 1.6929, -0.1398 0.1378 1.6929, -0.1398 -0.1378 1.6929, 0.1358 -0.1378 1.6929, 0.6358 0.1378 1.6929, 0.748 0.374 1.6929, 0.3602 0.1378 1.6929, 0.3602 -0.1378 1.6929, 0.6358 -0.1378 1.6929, 1.1358 0.1378 1.6929, 1.248 0.374 1.6929, 0.8602 0.1378 1.6929, 0.8602 -0.1378 1.6929, 1.1358 -0.1378 1.6929, 1.3602 -0.1378 1.6929, 1.3602 0.1378 1.6929, 1.7116 0.374 1.6929, 1.7874 0.374 1.6929, -1.1004 -0.0984 0.0591, -1.1004 -0.0984 1.6535, -0.9035 -0.0984 0.0591, -0.9035 -0.0984 1.6535, -0.9035 0.0984 1.6535, -1.1004 0.0984 1.6535, -0.9035 0.0984 1.2992, -1.1004 0.0984 1.2992, -0.6004 -0.0984 0.0591, -0.6004 -0.0984 1.6535, -0.4035 -0.0984 0.0591, -0.4035 -0.0984 1.6535, -0.4035 0.0984 1.2992, -0.4035 0.0984 1.6535, -0.6004 0.0984 1.2992, -0.6004 0.0984 1.6535, -0.1004 -0.0984 0.0591, -0.1004 -0.0984 1.6535, 0.0965 -0.0984 0.0591, 0.0965 -0.0984 1.6535, 0.0965 0.0984 1.2992, 0.0965 0.0984 1.6535, -0.1004 0.0984 1.2992, -0.1004 0.0984 1.6535, 0.3996 -0.0984 0.0591, 0.3996 -0.0984 1.6535, 0.5965 -0.0984 0.0591, 0.5965 -0.0984 1.6535, 0.5965 0.0984 1.2992, 0.5965 0.0984 1.6535, 0.3996 0.0984 1.2992, 0.3996 0.0984 1.6535, 0.8996 -0.0984 0.0591, 0.8996 -0.0984 1.6535, 1.0965 -0.0984 0.0591, 1.0965 -0.0984 1.6535, 1.0965 0.0984 1.2992, 1.0965 0.0984 1.6535, 0.8996 0.0984 1.2992, 0.8996 0.0984 1.6535, 1.3996 -0.0984 0.0591, 1.3996 -0.0984 1.6535, 1.5965 -0.0984 0.0591, 1.5965 -0.0984 1.6535, 1.5965 0.0984 1.2992, 1.5965 0.0984 1.6535, 1.3996 0.0984 1.2992, 1.3996 0.0984 1.6535, -1.8153 0.4053 1.6617, -1.8192 0.4019 1.6651, -1.811 0.4081 1.6588, 1.8152 0.4019 1.6651, 1.8114 0.4053 1.6617, -1.7965 0.413 1.6539, -1.8015 0.412 1.6549, -1.8064 0.4104 1.6565, 1.8071 0.4081 1.6588, 1.8025 0.4104 1.6565, 1.7976 0.412 1.6549, 1.7925 0.413 1.6539, -1.8226 -0.398 1.6617, -1.8192 -0.4019 1.6651, -1.8254 -0.3937 1.6588, -1.8226 0.398 1.6617, -1.8304 -0.3792 1.6539, -1.8294 -0.3842 1.6549, -1.8277 -0.3891 1.6565, -1.8254 0.3937 1.6588, -1.8277 0.3891 1.6565, -1.8294 0.3842 1.6549, -1.8304 0.3792 1.6539, 1.8152 -0.4019 1.6651, 1.8186 -0.398 1.6617, 1.8268 -0.3124 1.6535, 1.8268 0.0133 1.6535, 1.8186 0.398 1.6617, 1.8268 0.0647 1.6535, 1.8268 0.0679 1.6535, 1.8268 0.374 1.6535, 1.8264 0.3792 1.6539, 1.8254 0.3842 1.6549, 1.8215 -0.3937 1.6588, 1.8238 -0.3891 1.6565, 1.8254 -0.3842 1.6549, 1.8215 0.3937 1.6588, 1.8268 0.113 1.6535, 1.8264 -0.3792 1.6539, 1.8268 -0.374 1.6535, 1.8238 0.3891 1.6565, 1.8268 0.1374 1.6535, 1.8268 0.1499 1.6535, 1.8268 0.1794 1.6535, 1.8268 0.1999 1.6535, 1.8268 0.2167 1.6535, 1.8114 -0.4053 1.6617, 1.8071 -0.4081 1.6588, -1.8153 -0.4053 1.6617, 1.7925 -0.413 1.6539, 1.7976 -0.412 1.6549, 1.8025 -0.4104 1.6565, -1.811 -0.4081 1.6588, -1.8064 -0.4104 1.6565, -1.8015 -0.412 1.6549, -1.7965 -0.413 1.6539, 1.5965 0.0984 0.0591, 1.3996 0.0984 0.0591, 1.248 0.1969 0.0591, -1.252 -0.1969 0.0591, -1.252 -0.1476 0.0591, -0.752 -0.1969 0.0591, -0.752 -0.1476 0.0591, -0.252 -0.1969 0.0591, -0.252 -0.1476 0.0591, 0.248 -0.1969 0.0591, 0.248 -0.1476 0.0591, 0.748 -0.1969 0.0591, 0.748 -0.1476 0.0591, 1.248 -0.1969 0.0591, 1.248 -0.1476 0.0591, -1.8307 -0.1476 0.0591, -1.7156 -0.1969 0.0591, -1.7156 -0.1476 0.0591, 1.8268 0.1969 0.0591, 1.8268 0.1794 0.0591, 1.8268 0.1499 0.0591, 1.8268 0.1374 0.0591, 1.8268 0.113 0.0591, 1.8268 0.0679 0.0591, 1.8268 0.0647 0.0591, 1.8268 0.0133 0.0591, 1.8268 -0.1476 0.0591, 1.8268 -0.1969 0.0591, 0.8996 0.0984 0.0591, 0.748 0.1969 0.0591, 1.0965 0.0984 0.0591, 0.3996 0.0984 0.0591, 0.248 0.1969 0.0591, 0.5965 0.0984 0.0591, -0.1004 0.0984 0.0591, -0.252 0.1969 0.0591, 0.0965 0.0984 0.0591, -0.6004 0.0984 0.0591, -0.752 0.1969 0.0591, -0.4035 0.0984 0.0591, -1.1004 0.0984 0.0591, -1.252 0.1969 0.0591, -0.9035 0.0984 0.0591, -1.7156 0.1969 0.0591
            ]
        }
        coordIndex [
            0,1,2,-1,2,1,3,-1,2,3,4,-1,4,3,5,-1,4,5,6,-1,6,5,7,-1,8,9,10,-1,11,12,13,-1,13,14,11,-1,11,14,8,-1,11,8,15,-1,15,8,10,-1,13,12,0,-1,0,12,1,-1,16,17,18,-1,18,17,19,-1,17,20,19,-1,19,20,21,-1,19,21,22,-1,23,20,24,-1,24,20,25,-1,23,26,20,-1,20,26,27,-1,20,27,21,-1,28,29,22,-1,22,29,30,-1,22,30,19,-1,28,31,29,-1,29,31,32,-1,29,32,33,-1,34,35,36,-1,36,35,37,-1,20,17,38,-1,39,40,41,-1,41,40,42,-1,41,42,38,-1,38,42,43,-1,38,43,20,-1,22,21,44,-1,44,21,45,-1,39,46,40,-1,40,46,47,-1,40,47,36,-1,36,37,40,-1,40,37,48,-1,40,48,49,-1,50,51,52,-1,52,51,53,-1,47,54,36,-1,36,54,51,-1,36,51,55,-1,55,51,50,-1,49,56,40,-1,40,56,57,-1,40,57,58,-1,59,60,61,-1,62,63,64,-1,64,63,61,-1,64,61,65,-1,65,61,66,-1,65,66,67,-1,67,66,68,-1,67,68,69,-1,69,68,70,-1,69,70,71,-1,71,70,72,-1,71,72,73,-1,73,72,74,-1,73,74,75,-1,75,74,76,-1,75,76,77,-1,77,76,78,-1,79,80,81,-1,81,80,82,-1,81,82,83,-1,83,82,78,-1,83,78,84,-1,84,78,76,-1,84,76,79,-1,79,76,80,-1,85,86,87,-1,87,86,80,-1,87,80,88,-1,88,80,76,-1,88,76,89,-1,89,76,74,-1,89,74,85,-1,85,74,86,-1,90,91,92,-1,92,91,86,-1,92,86,93,-1,93,86,74,-1,93,74,94,-1,94,74,72,-1,94,72,90,-1,90,72,91,-1,95,96,97,-1,97,96,91,-1,97,91,98,-1,98,91,72,-1,98,72,99,-1,99,72,70,-1,99,70,95,-1,95,70,96,-1,100,101,102,-1,102,101,96,-1,102,96,103,-1,103,96,70,-1,103,70,104,-1,104,70,68,-1,104,68,100,-1,100,68,101,-1,105,106,107,-1,107,106,101,-1,107,101,108,-1,108,101,68,-1,108,68,109,-1,109,68,66,-1,109,66,105,-1,105,66,106,-1,61,60,66,-1,66,60,110,-1,66,110,106,-1,106,110,111,-1,106,111,112,-1,63,113,61,-1,61,113,112,-1,61,112,59,-1,59,112,111,-1,11,15,3,-1,3,15,5,-1,7,10,6,-1,6,10,9,-1,114,115,116,-1,116,115,117,-1,118,119,120,-1,120,119,121,-1,122,123,124,-1,124,123,125,-1,126,127,128,-1,128,127,129,-1,130,131,132,-1,132,131,133,-1,134,135,136,-1,136,135,137,-1,138,139,140,-1,140,139,141,-1,142,143,144,-1,144,143,145,-1,146,147,148,-1,148,147,149,-1,150,151,152,-1,152,151,153,-1,154,155,156,-1,156,155,157,-1,158,159,160,-1,160,159,161,-1,162,163,82,-1,162,82,164,-1,113,165,166,-1,167,168,82,-1,82,168,169,-1,82,169,164,-1,166,170,113,-1,113,170,171,-1,113,171,172,-1,172,173,113,-1,113,173,44,-1,113,44,82,-1,82,44,45,-1,82,45,167,-1,174,175,77,-1,174,77,176,-1,82,163,177,-1,178,179,77,-1,77,179,180,-1,77,180,176,-1,177,181,82,-1,82,181,182,-1,82,182,183,-1,183,184,82,-1,82,184,43,-1,82,43,77,-1,77,43,42,-1,77,42,178,-1,62,185,186,-1,62,187,188,-1,189,165,113,-1,62,188,113,-1,113,188,190,-1,113,190,191,-1,192,193,194,-1,186,195,62,-1,62,195,196,-1,62,196,197,-1,189,113,198,-1,194,191,199,-1,197,200,62,-1,62,200,201,-1,62,201,187,-1,191,194,113,-1,113,194,202,-1,113,202,198,-1,199,203,194,-1,194,203,204,-1,194,204,205,-1,205,206,194,-1,194,206,207,-1,194,207,192,-1,208,185,62,-1,208,62,209,-1,77,175,210,-1,211,212,62,-1,62,212,213,-1,62,213,209,-1,210,214,77,-1,77,214,215,-1,77,215,216,-1,216,217,77,-1,77,217,35,-1,77,35,62,-1,62,35,34,-1,62,34,211,-1,79,7,84,-1,84,7,5,-1,81,10,79,-1,79,10,7,-1,15,83,5,-1,5,83,84,-1,83,15,81,-1,81,15,10,-1,85,118,89,-1,89,118,117,-1,87,119,85,-1,85,119,118,-1,115,88,117,-1,117,88,89,-1,88,115,87,-1,87,115,119,-1,90,127,94,-1,94,127,125,-1,92,129,90,-1,90,129,127,-1,123,93,125,-1,125,93,94,-1,93,123,92,-1,92,123,129,-1,95,135,99,-1,99,135,133,-1,97,137,95,-1,95,137,135,-1,131,98,133,-1,133,98,99,-1,98,131,97,-1,97,131,137,-1,100,143,104,-1,104,143,141,-1,102,145,100,-1,100,145,143,-1,139,103,141,-1,141,103,104,-1,103,139,102,-1,102,139,145,-1,105,151,109,-1,109,151,149,-1,107,153,105,-1,105,153,151,-1,147,108,149,-1,149,108,109,-1,108,147,107,-1,107,147,153,-1,59,159,60,-1,60,159,157,-1,111,161,59,-1,59,161,159,-1,155,110,157,-1,157,110,60,-1,110,155,111,-1,111,155,161,-1,218,219,220,-1,221,222,223,-1,223,222,224,-1,223,224,225,-1,225,224,226,-1,225,226,227,-1,227,226,228,-1,227,228,229,-1,229,228,230,-1,229,230,231,-1,231,230,232,-1,41,233,234,-1,234,233,235,-1,220,219,232,-1,232,219,154,-1,232,154,156,-1,220,236,218,-1,218,236,237,-1,218,237,238,-1,238,239,218,-1,218,239,240,-1,218,240,241,-1,241,242,218,-1,218,242,243,-1,218,243,156,-1,156,243,244,-1,156,244,232,-1,232,244,245,-1,232,245,231,-1,148,232,146,-1,146,232,230,-1,146,230,246,-1,246,230,247,-1,246,247,248,-1,248,247,220,-1,248,220,148,-1,148,220,232,-1,140,230,138,-1,138,230,228,-1,138,228,249,-1,249,228,250,-1,249,250,251,-1,251,250,247,-1,251,247,140,-1,140,247,230,-1,132,228,130,-1,130,228,226,-1,130,226,252,-1,252,226,253,-1,252,253,254,-1,254,253,250,-1,254,250,132,-1,132,250,228,-1,124,226,122,-1,122,226,224,-1,122,224,255,-1,255,224,256,-1,255,256,257,-1,257,256,253,-1,257,253,124,-1,124,253,226,-1,116,224,114,-1,114,224,222,-1,114,222,258,-1,258,222,259,-1,258,259,260,-1,260,259,256,-1,260,256,116,-1,116,256,224,-1,261,259,1,-1,12,11,235,-1,235,11,3,-1,1,259,3,-1,3,259,222,-1,3,222,235,-1,235,222,221,-1,235,221,234,-1,233,38,235,-1,235,38,261,-1,235,261,12,-1,12,261,1,-1,16,236,220,-1,220,247,16,-1,16,247,250,-1,16,250,17,-1,17,250,253,-1,17,253,256,-1,256,259,17,-1,17,259,261,-1,17,261,38,-1,41,234,39,-1,39,234,221,-1,227,46,225,-1,225,46,39,-1,225,39,223,-1,223,39,221,-1,227,229,46,-1,46,229,231,-1,46,231,245,-1,
        ]
    }
}
Shape{
    appearance Appearance {
        material  Material 	{
            diffuseColor 1.0 1.0 1.0
            specularColor 0.8784313725490196 0.8784313725490196 0.8784313725490196
            ambientIntensity 1.0
            transparency 0.0
            shininess 0.5
        }
    }
    geometry IndexedFaceSet {
        ccw TRUE
        solid FALSE
        coord DEF co Coordinate {
            point [
                -1.4823 -0.0295 -0.9449, -1.4823 0.0295 -0.9449, -1.467 0.0295 -0.9429, -1.467 -0.0295 -0.9429, -1.4528 0.0295 -0.937, -1.4528 -0.0295 -0.937, -1.4405 0.0295 -0.9276, -1.4405 -0.0295 -0.9276, -1.4311 0.0295 -0.9154, -1.4311 -0.0295 -0.9154, -1.4252 0.0295 -0.9011, -1.4252 -0.0295 -0.9011, -1.4232 0.0295 -0.8858, -1.4232 -0.0295 -0.8858, -1.5217 0.0295 -0.9449, -1.5217 -0.0295 -0.9449, -1.5369 -0.0295 -0.9429, -1.5369 0.0295 -0.9429, -1.5512 -0.0295 -0.937, -1.5512 0.0295 -0.937, -1.5634 -0.0295 -0.9276, -1.5634 0.0295 -0.9276, -1.5728 -0.0295 -0.9154, -1.5728 0.0295 -0.9154, -1.5787 -0.0295 -0.9011, -1.5787 0.0295 -0.9011, -1.5807 -0.0295 -0.8858, -1.5807 0.0295 -0.8858
            ]
        }
        coordIndex [
            0,1,2,-1,0,2,3,-1,3,2,4,-1,3,4,5,-1,5,4,6,-1,5,6,7,-1,7,6,8,-1,7,8,9,-1,9,8,10,-1,9,10,11,-1,11,10,12,-1,11,12,13,-1,14,15,16,-1,14,16,17,-1,17,16,18,-1,17,18,19,-1,19,18,20,-1,19,20,21,-1,21,20,22,-1,21,22,23,-1,23,22,24,-1,23,24,25,-1,25,24,26,-1,25,26,27,-1,
        ]
    }
}
Shape{
    appearance Appearance {
        material  Material 	{
            diffuseColor 0.8 0.8 0.8
            specularColor 1.0 1.0 1.0
            ambientIntensity 1.0
            transparency 0.0
            shininess 0.5
        }
    }
    geometry IndexedFaceSet {
        ccw TRUE
        solid FALSE
        coord DEF co Coordinate {
            point [
                -0.4429 -0.0906 0.1181, -0.4035 -0.0906 0.1181, -0.4429 -0.0906 1.2992, -0.4035 -0.0906 1.2992, -0.4429 -0.0 0.1181, -0.4429 -0.0 1.2992, -0.561 -0.0 0.1181, -0.561 -0.0 1.2992, -0.561 -0.0906 0.1181, -0.561 -0.0906 1.2992, -0.6004 -0.0906 0.1181, -0.6004 -0.0906 1.2992, -0.4035 0.0984 1.2992, -0.6004 0.0984 1.2992, 0.0571 -0.0906 0.1181, 0.0965 -0.0906 0.1181, 0.0571 -0.0906 1.2992, 0.0965 -0.0906 1.2992, 0.0571 -0.0 0.1181, 0.0571 -0.0 1.2992, -0.061 -0.0 0.1181, -0.061 -0.0 1.2992, -0.061 -0.0906 0.1181, -0.061 -0.0906 1.2992, -0.1004 -0.0906 0.1181, -0.1004 -0.0906 1.2992, 0.0965 0.0984 1.2992, -0.1004 0.0984 1.2992, 0.5571 -0.0906 0.1181, 0.5965 -0.0906 0.1181, 0.5571 -0.0906 1.2992, 0.5965 -0.0906 1.2992, 0.5571 -0.0 0.1181, 0.5571 -0.0 1.2992, 0.439 -0.0 0.1181, 0.439 -0.0 1.2992, 0.439 -0.0906 0.1181, 0.439 -0.0906 1.2992, 0.3996 -0.0906 0.1181, 0.3996 -0.0906 1.2992, 0.5965 0.0984 1.2992, 0.3996 0.0984 1.2992, 1.0571 -0.0906 0.1181, 1.0965 -0.0906 0.1181, 1.0571 -0.0906 1.2992, 1.0965 -0.0906 1.2992, 1.0571 -0.0 0.1181, 1.0571 -0.0 1.2992, 0.939 -0.0 0.1181, 0.939 -0.0 1.2992, 0.939 -0.0906 0.1181, 0.939 -0.0906 1.2992, 0.8996 -0.0906 0.1181, 0.8996 -0.0906 1.2992, 1.0965 0.0984 1.2992, 0.8996 0.0984 1.2992, 1.5571 -0.0906 0.1181, 1.5965 -0.0906 0.1181, 1.5571 -0.0906 1.2992, 1.5965 -0.0906 1.2992, 1.5571 -0.0 0.1181, 1.5571 -0.0 1.2992, 1.439 -0.0 0.1181, 1.439 -0.0 1.2992, 1.439 -0.0906 0.1181, 1.439 -0.0906 1.2992, 1.3996 -0.0906 0.1181, 1.3996 -0.0906 1.2992, 1.5965 0.0984 1.2992, 1.3996 0.0984 1.2992, -0.4232 0.0846 0.0678, -0.5807 0.0846 0.0678, -0.4232 0.0846 0.1181, -0.5807 0.0846 0.1181, -0.5807 0.0256 0.1181, -0.5807 0.0256 0.0784, -0.4232 0.0256 0.1181, -0.4232 0.0256 0.0784, -0.4232 -0.0295 -0.8858, -0.4232 0.0295 -0.8858, -0.4232 -0.0295 -0.0709, -0.4232 0.0295 -0.0814, -0.5807 -0.0295 -0.0709, -0.5807 0.0295 -0.0814, -0.5807 -0.0295 -0.8858, -0.5807 0.0295 -0.8858, -0.5369 -0.0295 -0.9429, -0.5217 -0.0295 -0.9449, -0.4823 -0.0295 -0.9449, -0.467 -0.0295 -0.9429, -0.4528 -0.0295 -0.937, -0.5787 -0.0295 -0.9011, -0.5728 -0.0295 -0.9154, -0.4405 -0.0295 -0.9276, -0.4311 -0.0295 -0.9154, -0.4252 -0.0295 -0.9011, -0.5634 -0.0295 -0.9276, -0.5512 -0.0295 -0.937, -0.4823 0.0295 -0.9449, -0.5217 0.0295 -0.9449, -0.467 0.0295 -0.9429, -0.4252 0.0295 -0.9011, -0.4311 0.0295 -0.9154, -0.4405 0.0295 -0.9276, -0.4528 0.0295 -0.937, -0.5369 0.0295 -0.9429, -0.5512 0.0295 -0.937, -0.5634 0.0295 -0.9276, -0.5728 0.0295 -0.9154, -0.5787 0.0295 -0.9011, 0.0768 0.0846 0.0678, -0.0807 0.0846 0.0678, 0.0768 0.0846 0.1181, -0.0807 0.0846 0.1181, -0.0807 0.0256 0.1181, -0.0807 0.0256 0.0784, 0.0768 0.0256 0.1181, 0.0768 0.0256 0.0784, 0.0768 -0.0295 -0.8858, 0.0768 0.0295 -0.8858, 0.0768 -0.0295 -0.0709, 0.0768 0.0295 -0.0814, -0.0807 -0.0295 -0.0709, -0.0807 0.0295 -0.0814, -0.0807 -0.0295 -0.8858, -0.0807 0.0295 -0.8858, -0.0369 -0.0295 -0.9429, -0.0217 -0.0295 -0.9449, 0.0177 -0.0295 -0.9449, 0.0472 -0.0295 -0.937, 0.0595 -0.0295 -0.9276, 0.0689 -0.0295 -0.9154, -0.0787 -0.0295 -0.9011, -0.0728 -0.0295 -0.9154, 0.033 -0.0295 -0.9429, 0.0748 -0.0295 -0.9011, -0.0634 -0.0295 -0.9276, -0.0512 -0.0295 -0.937, 0.0177 0.0295 -0.9449, -0.0217 0.0295 -0.9449, 0.033 0.0295 -0.9429, 0.0689 0.0295 -0.9154, 0.0595 0.0295 -0.9276, 0.0472 0.0295 -0.937, 0.0748 0.0295 -0.9011, -0.0369 0.0295 -0.9429, -0.0512 0.0295 -0.937, -0.0634 0.0295 -0.9276, -0.0728 0.0295 -0.9154, -0.0787 0.0295 -0.9011, 0.5768 0.0846 0.0678, 0.4193 0.0846 0.0678, 0.5768 0.0846 0.1181, 0.4193 0.0846 0.1181, 0.4193 0.0256 0.1181, 0.4193 0.0256 0.0784, 0.5768 0.0256 0.1181, 0.5768 0.0256 0.0784, 0.5768 -0.0295 -0.8858, 0.5768 0.0295 -0.8858, 0.5768 -0.0295 -0.0709, 0.5768 0.0295 -0.0814, 0.4193 -0.0295 -0.0709, 0.4193 0.0295 -0.0814, 0.4193 -0.0295 -0.8858, 0.4193 0.0295 -0.8858, 0.4631 -0.0295 -0.9429, 0.4783 -0.0295 -0.9449, 0.5177 -0.0295 -0.9449, 0.533 -0.0295 -0.9429, 0.5472 -0.0295 -0.937, 0.4213 -0.0295 -0.9011, 0.4272 -0.0295 -0.9154, 0.5595 -0.0295 -0.9276, 0.5689 -0.0295 -0.9154, 0.5748 -0.0295 -0.9011, 0.4366 -0.0295 -0.9276, 0.4488 -0.0295 -0.937, 0.5177 0.0295 -0.9449, 0.4783 0.0295 -0.9449, 0.533 0.0295 -0.9429, 0.5748 0.0295 -0.9011, 0.5689 0.0295 -0.9154, 0.5595 0.0295 -0.9276, 0.5472 0.0295 -0.937, 0.4631 0.0295 -0.9429, 0.4488 0.0295 -0.937, 0.4366 0.0295 -0.9276, 0.4272 0.0295 -0.9154, 0.4213 0.0295 -0.9011, 1.0768 0.0846 0.0678, 0.9193 0.0846 0.0678, 1.0768 0.0846 0.1181, 0.9193 0.0846 0.1181, 0.9193 0.0256 0.1181, 0.9193 0.0256 0.0784, 1.0768 0.0256 0.1181, 1.0768 0.0256 0.0784, 1.0768 -0.0295 -0.8858, 1.0768 0.0295 -0.8858, 1.0768 -0.0295 -0.0709, 1.0768 0.0295 -0.0814, 0.9193 -0.0295 -0.0709, 0.9193 0.0295 -0.0814, 0.9193 -0.0295 -0.8858, 0.9193 0.0295 -0.8858, 0.9631 -0.0295 -0.9429, 0.9783 -0.0295 -0.9449, 0.9272 -0.0295 -0.9154, 0.9366 -0.0295 -0.9276, 0.9488 -0.0295 -0.937, 1.0177 -0.0295 -0.9449, 1.033 -0.0295 -0.9429, 1.0472 -0.0295 -0.937, 1.0595 -0.0295 -0.9276, 1.0689 -0.0295 -0.9154, 1.0748 -0.0295 -0.9011, 0.9213 -0.0295 -0.9011, 1.0177 0.0295 -0.9449, 0.9783 0.0295 -0.9449, 1.033 0.0295 -0.9429, 1.0689 0.0295 -0.9154, 1.0595 0.0295 -0.9276, 1.0472 0.0295 -0.937, 1.0748 0.0295 -0.9011, 0.9631 0.0295 -0.9429, 0.9488 0.0295 -0.937, 0.9366 0.0295 -0.9276, 0.9272 0.0295 -0.9154, 0.9213 0.0295 -0.9011, 1.5768 0.0846 0.0678, 1.4193 0.0846 0.0678, 1.5768 0.0846 0.1181, 1.4193 0.0846 0.1181, 1.4193 0.0256 0.1181, 1.4193 0.0256 0.0784, 1.5768 0.0256 0.1181, 1.5768 0.0256 0.0784, 1.5768 -0.0295 -0.8858, 1.5768 0.0295 -0.8858, 1.5768 -0.0295 -0.0709, 1.5768 0.0295 -0.0814, 1.4193 -0.0295 -0.0709, 1.4193 0.0295 -0.0814, 1.4193 -0.0295 -0.8858, 1.4193 0.0295 -0.8858, 1.5472 -0.0295 -0.937, 1.5595 -0.0295 -0.9276, 1.5689 -0.0295 -0.9154, 1.5748 -0.0295 -0.9011, 1.5177 -0.0295 -0.9449, 1.4783 -0.0295 -0.9449, 1.4631 -0.0295 -0.9429, 1.4272 -0.0295 -0.9154, 1.4366 -0.0295 -0.9276, 1.4488 -0.0295 -0.937, 1.533 -0.0295 -0.9429, 1.4213 -0.0295 -0.9011, 1.5177 0.0295 -0.9449, 1.4783 0.0295 -0.9449, 1.5689 0.0295 -0.9154, 1.5595 0.0295 -0.9276, 1.5472 0.0295 -0.937, 1.4631 0.0295 -0.9429, 1.4488 0.0295 -0.937, 1.5748 0.0295 -0.9011, 1.533 0.0295 -0.9429, 1.4366 0.0295 -0.9276, 1.4272 0.0295 -0.9154, 1.4213 0.0295 -0.9011
            ]
        }
        coordIndex [
            0,1,2,-1,2,1,3,-1,4,0,5,-1,5,0,2,-1,6,4,7,-1,7,4,5,-1,8,6,9,-1,9,6,7,-1,10,8,11,-1,11,8,9,-1,2,3,5,-1,5,3,12,-1,5,12,7,-1,7,12,13,-1,7,13,9,-1,9,13,11,-1,14,15,16,-1,16,15,17,-1,18,14,19,-1,19,14,16,-1,20,18,21,-1,21,18,19,-1,22,20,23,-1,23,20,21,-1,24,22,25,-1,25,22,23,-1,16,17,19,-1,19,17,26,-1,19,26,21,-1,21,26,27,-1,21,27,23,-1,23,27,25,-1,28,29,30,-1,30,29,31,-1,32,28,33,-1,33,28,30,-1,34,32,35,-1,35,32,33,-1,36,34,37,-1,37,34,35,-1,38,36,39,-1,39,36,37,-1,30,31,33,-1,33,31,40,-1,33,40,35,-1,35,40,41,-1,35,41,37,-1,37,41,39,-1,42,43,44,-1,44,43,45,-1,46,42,47,-1,47,42,44,-1,48,46,49,-1,49,46,47,-1,50,48,51,-1,51,48,49,-1,52,50,53,-1,53,50,51,-1,44,45,47,-1,47,45,54,-1,47,54,49,-1,49,54,55,-1,49,55,51,-1,51,55,53,-1,56,57,58,-1,58,57,59,-1,60,56,61,-1,61,56,58,-1,62,60,63,-1,63,60,61,-1,64,62,65,-1,65,62,63,-1,66,64,67,-1,67,64,65,-1,58,59,61,-1,61,59,68,-1,61,68,63,-1,63,68,69,-1,63,69,65,-1,65,69,67,-1,70,71,72,-1,72,71,73,-1,74,75,76,-1,76,75,77,-1,78,79,80,-1,80,79,81,-1,80,81,77,-1,77,81,70,-1,77,70,76,-1,76,70,72,-1,74,73,75,-1,75,73,71,-1,75,71,82,-1,82,71,83,-1,82,83,84,-1,84,83,85,-1,78,80,82,-1,86,87,84,-1,84,87,82,-1,82,87,88,-1,82,88,78,-1,78,88,89,-1,78,89,90,-1,84,91,92,-1,90,93,78,-1,78,93,94,-1,78,94,95,-1,92,96,84,-1,84,96,97,-1,84,97,86,-1,88,87,98,-1,98,87,99,-1,100,98,79,-1,79,98,81,-1,79,101,102,-1,102,103,79,-1,79,103,104,-1,79,104,100,-1,81,98,83,-1,83,98,99,-1,83,99,85,-1,85,99,105,-1,85,105,106,-1,106,107,85,-1,85,107,108,-1,85,108,109,-1,70,81,71,-1,71,81,83,-1,80,77,82,-1,82,77,75,-1,110,111,112,-1,112,111,113,-1,114,115,116,-1,116,115,117,-1,118,119,120,-1,120,119,121,-1,120,121,117,-1,117,121,110,-1,117,110,116,-1,116,110,112,-1,114,113,115,-1,115,113,111,-1,115,111,122,-1,122,111,123,-1,122,123,124,-1,124,123,125,-1,118,120,122,-1,126,127,124,-1,124,127,122,-1,122,127,128,-1,122,128,118,-1,129,130,131,-1,124,132,133,-1,128,134,118,-1,118,134,129,-1,118,129,135,-1,135,129,131,-1,133,136,124,-1,124,136,137,-1,124,137,126,-1,128,127,138,-1,138,127,139,-1,140,138,119,-1,119,138,121,-1,141,142,143,-1,140,119,143,-1,143,119,144,-1,143,144,141,-1,121,138,123,-1,123,138,139,-1,123,139,125,-1,125,139,145,-1,125,145,146,-1,146,147,125,-1,125,147,148,-1,125,148,149,-1,110,121,111,-1,111,121,123,-1,120,117,122,-1,122,117,115,-1,150,151,152,-1,152,151,153,-1,154,155,156,-1,156,155,157,-1,158,159,160,-1,160,159,161,-1,160,161,157,-1,157,161,150,-1,157,150,156,-1,156,150,152,-1,154,153,155,-1,155,153,151,-1,155,151,162,-1,162,151,163,-1,162,163,164,-1,164,163,165,-1,158,160,162,-1,166,167,164,-1,164,167,162,-1,162,167,168,-1,162,168,158,-1,158,168,169,-1,158,169,170,-1,164,171,172,-1,170,173,158,-1,158,173,174,-1,158,174,175,-1,172,176,164,-1,164,176,177,-1,164,177,166,-1,168,167,178,-1,178,167,179,-1,180,178,159,-1,159,178,161,-1,159,181,182,-1,182,183,159,-1,159,183,184,-1,159,184,180,-1,161,178,163,-1,163,178,179,-1,163,179,165,-1,165,179,185,-1,165,185,186,-1,186,187,165,-1,165,187,188,-1,165,188,189,-1,150,161,151,-1,151,161,163,-1,160,157,162,-1,162,157,155,-1,190,191,192,-1,192,191,193,-1,194,195,196,-1,196,195,197,-1,198,199,200,-1,200,199,201,-1,200,201,197,-1,197,201,190,-1,197,190,196,-1,196,190,192,-1,194,193,195,-1,195,193,191,-1,195,191,202,-1,202,191,203,-1,202,203,204,-1,204,203,205,-1,198,200,202,-1,206,207,204,-1,208,209,210,-1,204,207,202,-1,202,207,211,-1,202,211,198,-1,198,211,212,-1,198,212,213,-1,214,215,213,-1,213,215,216,-1,213,216,198,-1,206,204,210,-1,210,204,217,-1,210,217,208,-1,211,207,218,-1,218,207,219,-1,220,218,199,-1,199,218,201,-1,221,222,223,-1,220,199,223,-1,223,199,224,-1,223,224,221,-1,201,218,203,-1,203,218,219,-1,203,219,205,-1,205,219,225,-1,205,225,226,-1,227,228,226,-1,226,228,229,-1,226,229,205,-1,190,201,191,-1,191,201,203,-1,200,197,202,-1,202,197,195,-1,230,231,232,-1,232,231,233,-1,234,235,236,-1,236,235,237,-1,238,239,240,-1,240,239,241,-1,240,241,237,-1,237,241,230,-1,237,230,236,-1,236,230,232,-1,234,233,235,-1,235,233,231,-1,235,231,242,-1,242,231,243,-1,242,243,244,-1,244,243,245,-1,238,240,242,-1,246,247,248,-1,249,238,250,-1,250,238,242,-1,250,242,251,-1,251,242,244,-1,251,244,252,-1,253,254,255,-1,249,250,248,-1,248,250,256,-1,248,256,246,-1,252,244,255,-1,255,244,257,-1,255,257,253,-1,250,251,258,-1,258,251,259,-1,243,241,245,-1,245,241,239,-1,260,261,262,-1,263,264,245,-1,239,265,258,-1,258,265,260,-1,258,260,266,-1,266,260,262,-1,239,258,245,-1,245,258,259,-1,245,259,263,-1,267,268,264,-1,264,268,269,-1,264,269,245,-1,230,241,231,-1,231,241,243,-1,240,237,242,-1,242,237,235,-1,
        ]
    }
}
Shape{
    appearance Appearance {
        material  Material 	{
            diffuseColor 1.0 1.0 1.0
            specularColor 0.8784313725490196 0.8784313725490196 0.8784313725490196
            ambientIntensity 1.0
            transparency 0.0
            shininess 0.5
        }
    }
    geometry IndexedFaceSet {
        ccw TRUE
        solid FALSE
        coord DEF co Coordinate {
            point [
                -0.9823 -0.0295 -0.9449, -0.9823 0.0295 -0.9449, -0.967 0.0295 -0.9429, -0.967 -0.0295 -0.9429, -0.9528 0.0295 -0.937, -0.9528 -0.0295 -0.937, -0.9405 0.0295 -0.9276, -0.9405 -0.0295 -0.9276, -0.9311 0.0295 -0.9154, -0.9311 -0.0295 -0.9154, -0.9252 0.0295 -0.9011, -0.9252 -0.0295 -0.9011, -0.9232 0.0295 -0.8858, -0.9232 -0.0295 -0.8858, -1.0217 0.0295 -0.9449, -1.0217 -0.0295 -0.9449, -1.0369 -0.0295 -0.9429, -1.0369 0.0295 -0.9429, -1.0512 -0.0295 -0.937, -1.0512 0.0295 -0.937, -1.0634 -0.0295 -0.9276, -1.0634 0.0295 -0.9276, -1.0728 -0.0295 -0.9154, -1.0728 0.0295 -0.9154, -1.0787 -0.0295 -0.9011, -1.0787 0.0295 -0.9011, -1.0807 -0.0295 -0.8858, -1.0807 0.0295 -0.8858, -0.4823 -0.0295 -0.9449, -0.4823 0.0295 -0.9449, -0.467 0.0295 -0.9429, -0.467 -0.0295 -0.9429, -0.4528 0.0295 -0.937, -0.4528 -0.0295 -0.937, -0.4405 0.0295 -0.9276, -0.4405 -0.0295 -0.9276, -0.4311 0.0295 -0.9154, -0.4311 -0.0295 -0.9154, -0.4252 0.0295 -0.9011, -0.4252 -0.0295 -0.9011, -0.4232 0.0295 -0.8858, -0.4232 -0.0295 -0.8858, -0.5217 0.0295 -0.9449, -0.5217 -0.0295 -0.9449, -0.5369 -0.0295 -0.9429, -0.5369 0.0295 -0.9429, -0.5512 -0.0295 -0.937, -0.5512 0.0295 -0.937, -0.5634 -0.0295 -0.9276, -0.5634 0.0295 -0.9276, -0.5728 -0.0295 -0.9154, -0.5728 0.0295 -0.9154, -0.5787 -0.0295 -0.9011, -0.5787 0.0295 -0.9011, -0.5807 -0.0295 -0.8858, -0.5807 0.0295 -0.8858, 0.0177 -0.0295 -0.9449, 0.0177 0.0295 -0.9449, 0.033 0.0295 -0.9429, 0.033 -0.0295 -0.9429, 0.0472 0.0295 -0.937, 0.0472 -0.0295 -0.937, 0.0595 0.0295 -0.9276, 0.0595 -0.0295 -0.9276, 0.0689 0.0295 -0.9154, 0.0689 -0.0295 -0.9154, 0.0748 0.0295 -0.9011, 0.0748 -0.0295 -0.9011, 0.0768 0.0295 -0.8858, 0.0768 -0.0295 -0.8858, -0.0217 0.0295 -0.9449, -0.0217 -0.0295 -0.9449, -0.0369 -0.0295 -0.9429, -0.0369 0.0295 -0.9429, -0.0512 -0.0295 -0.937, -0.0512 0.0295 -0.937, -0.0634 -0.0295 -0.9276, -0.0634 0.0295 -0.9276, -0.0728 -0.0295 -0.9154, -0.0728 0.0295 -0.9154, -0.0787 -0.0295 -0.9011, -0.0787 0.0295 -0.9011, -0.0807 -0.0295 -0.8858, -0.0807 0.0295 -0.8858, 0.5177 -0.0295 -0.9449, 0.5177 0.0295 -0.9449, 0.533 0.0295 -0.9429, 0.533 -0.0295 -0.9429, 0.5472 0.0295 -0.937, 0.5472 -0.0295 -0.937, 0.5595 0.0295 -0.9276, 0.5595 -0.0295 -0.9276, 0.5689 0.0295 -0.9154, 0.5689 -0.0295 -0.9154, 0.5748 0.0295 -0.9011, 0.5748 -0.0295 -0.9011, 0.5768 0.0295 -0.8858, 0.5768 -0.0295 -0.8858, 0.4783 0.0295 -0.9449, 0.4783 -0.0295 -0.9449, 0.4631 -0.0295 -0.9429, 0.4631 0.0295 -0.9429, 0.4488 -0.0295 -0.937, 0.4488 0.0295 -0.937, 0.4366 -0.0295 -0.9276, 0.4366 0.0295 -0.9276, 0.4272 -0.0295 -0.9154, 0.4272 0.0295 -0.9154, 0.4213 -0.0295 -0.9011, 0.4213 0.0295 -0.9011, 0.4193 -0.0295 -0.8858, 0.4193 0.0295 -0.8858, 1.0177 -0.0295 -0.9449, 1.0177 0.0295 -0.9449, 1.033 0.0295 -0.9429, 1.033 -0.0295 -0.9429, 1.0472 0.0295 -0.937, 1.0472 -0.0295 -0.937, 1.0595 0.0295 -0.9276, 1.0595 -0.0295 -0.9276, 1.0689 0.0295 -0.9154, 1.0689 -0.0295 -0.9154, 1.0748 0.0295 -0.9011, 1.0748 -0.0295 -0.9011, 1.0768 0.0295 -0.8858, 1.0768 -0.0295 -0.8858, 0.9783 0.0295 -0.9449, 0.9783 -0.0295 -0.9449, 0.9631 -0.0295 -0.9429, 0.9631 0.0295 -0.9429, 0.9488 -0.0295 -0.937, 0.9488 0.0295 -0.937, 0.9366 -0.0295 -0.9276, 0.9366 0.0295 -0.9276, 0.9272 -0.0295 -0.9154, 0.9272 0.0295 -0.9154, 0.9213 -0.0295 -0.9011, 0.9213 0.0295 -0.9011, 0.9193 -0.0295 -0.8858, 0.9193 0.0295 -0.8858, 1.5177 -0.0295 -0.9449, 1.5177 0.0295 -0.9449, 1.533 0.0295 -0.9429, 1.533 -0.0295 -0.9429, 1.5472 0.0295 -0.937, 1.5472 -0.0295 -0.937, 1.5595 0.0295 -0.9276, 1.5595 -0.0295 -0.9276, 1.5689 0.0295 -0.9154, 1.5689 -0.0295 -0.9154, 1.5748 0.0295 -0.9011, 1.5748 -0.0295 -0.9011, 1.5768 0.0295 -0.8858, 1.5768 -0.0295 -0.8858, 1.4783 0.0295 -0.9449, 1.4783 -0.0295 -0.9449, 1.4631 -0.0295 -0.9429, 1.4631 0.0295 -0.9429, 1.4488 -0.0295 -0.937, 1.4488 0.0295 -0.937, 1.4366 -0.0295 -0.9276, 1.4366 0.0295 -0.9276, 1.4272 -0.0295 -0.9154, 1.4272 0.0295 -0.9154, 1.4213 -0.0295 -0.9011, 1.4213 0.0295 -0.9011, 1.4193 -0.0295 -0.8858, 1.4193 0.0295 -0.8858
            ]
        }
        coordIndex [
            0,1,2,-1,0,2,3,-1,3,2,4,-1,3,4,5,-1,5,4,6,-1,5,6,7,-1,7,6,8,-1,7,8,9,-1,9,8,10,-1,9,10,11,-1,11,10,12,-1,11,12,13,-1,14,15,16,-1,14,16,17,-1,17,16,18,-1,17,18,19,-1,19,18,20,-1,19,20,21,-1,21,20,22,-1,21,22,23,-1,23,22,24,-1,23,24,25,-1,25,24,26,-1,25,26,27,-1,28,29,30,-1,28,30,31,-1,31,30,32,-1,31,32,33,-1,33,32,34,-1,33,34,35,-1,35,34,36,-1,35,36,37,-1,37,36,38,-1,37,38,39,-1,39,38,40,-1,39,40,41,-1,42,43,44,-1,42,44,45,-1,45,44,46,-1,45,46,47,-1,47,46,48,-1,47,48,49,-1,49,48,50,-1,49,50,51,-1,51,50,52,-1,51,52,53,-1,53,52,54,-1,53,54,55,-1,56,57,58,-1,56,58,59,-1,59,58,60,-1,59,60,61,-1,61,60,62,-1,61,62,63,-1,63,62,64,-1,63,64,65,-1,65,64,66,-1,65,66,67,-1,67,66,68,-1,67,68,69,-1,70,71,72,-1,70,72,73,-1,73,72,74,-1,73,74,75,-1,75,74,76,-1,75,76,77,-1,77,76,78,-1,77,78,79,-1,79,78,80,-1,79,80,81,-1,81,80,82,-1,81,82,83,-1,84,85,86,-1,84,86,87,-1,87,86,88,-1,87,88,89,-1,89,88,90,-1,89,90,91,-1,91,90,92,-1,91,92,93,-1,93,92,94,-1,93,94,95,-1,95,94,96,-1,95,96,97,-1,98,99,100,-1,98,100,101,-1,101,100,102,-1,101,102,103,-1,103,102,104,-1,103,104,105,-1,105,104,106,-1,105,106,107,-1,107,106,108,-1,107,108,109,-1,109,108,110,-1,109,110,111,-1,112,113,114,-1,112,114,115,-1,115,114,116,-1,115,116,117,-1,117,116,118,-1,117,118,119,-1,119,118,120,-1,119,120,121,-1,121,120,122,-1,121,122,123,-1,123,122,124,-1,123,124,125,-1,126,127,128,-1,126,128,129,-1,129,128,130,-1,129,130,131,-1,131,130,132,-1,131,132,133,-1,133,132,134,-1,133,134,135,-1,135,134,136,-1,135,136,137,-1,137,136,138,-1,137,138,139,-1,140,141,142,-1,140,142,143,-1,143,142,144,-1,143,144,145,-1,145,144,146,-1,145,146,147,-1,147,146,148,-1,147,148,149,-1,149,148,150,-1,149,150,151,-1,151,150,152,-1,151,152,153,-1,154,155,156,-1,154,156,157,-1,157,156,158,-1,157,158,159,-1,159,158,160,-1,159,160,161,-1,161,160,162,-1,161,162,163,-1,163,162,164,-1,163,164,165,-1,165,164,166,-1,165,166,167,-1,
        ]
    }
}
Shape{
    appearance Appearance {
        material  Material 	{
            diffuseColor 0.7529411764705882 0.7529411764705882 0.7529411764705882
            specularColor 0.3764705882352941 0.3764705882352941 0.3764705882352941
            ambientIntensity 0.7529
            transparency 0.0
            shininess 0.5
        }
    }
    geometry IndexedFaceSet {
        ccw TRUE
        solid FALSE
        coord DEF co Coordinate {
            point [
                1.8307 0.0633 0.6207, 1.8307 0.0633 0.6146, 1.8268 0.0633 0.6207, 1.8268 0.0633 0.6146, 1.8307 0.042 0.6207, 1.8268 0.042 0.6207, 1.8307 0.042 0.668, 1.8268 0.042 0.668, 1.8307 0.0351 0.668, 1.8268 0.0351 0.668, 1.8307 0.0351 0.6146, 1.8268 0.0351 0.6146, 1.8307 0.0907 0.6137, 1.8268 0.0907 0.6137, 1.8268 0.0988 0.6145, 1.8307 0.0988 0.6145, 1.8268 0.1045 0.6163, 1.8307 0.1045 0.6163, 1.8268 0.1054 0.6168, 1.8307 0.1054 0.6168, 1.8307 0.1054 0.6234, 1.8268 0.1054 0.6234, 1.8268 0.1004 0.6211, 1.8307 0.1004 0.6211, 1.8268 0.0944 0.6199, 1.8307 0.0944 0.6199, 1.8268 0.0917 0.6198, 1.8307 0.0917 0.6198, 1.8268 0.0862 0.6205, 1.8307 0.0862 0.6205, 1.8268 0.0824 0.622, 1.8307 0.0824 0.622, 1.8268 0.0789 0.6245, 1.8307 0.0789 0.6245, 1.8268 0.0779 0.6255, 1.8307 0.0779 0.6255, 1.8268 0.0752 0.6293, 1.8307 0.0752 0.6293, 1.8268 0.0736 0.6336, 1.8307 0.0736 0.6336, 1.8268 0.0727 0.6402, 1.8307 0.0727 0.6402, 1.8268 0.0727 0.6407, 1.8307 0.0727 0.6407, 1.8268 0.0734 0.6472, 1.8307 0.0734 0.6472, 1.8268 0.0751 0.652, 1.8307 0.0751 0.652, 1.8268 0.0775 0.6558, 1.8307 0.0775 0.6558, 1.8268 0.0783 0.6567, 1.8307 0.0783 0.6567, 1.8268 0.0817 0.6596, 1.8307 0.0817 0.6596, 1.8268 0.0859 0.6616, 1.8307 0.0859 0.6616, 1.8268 0.0905 0.6625, 1.8307 0.0905 0.6625, 1.8268 0.0929 0.6626, 1.8307 0.0929 0.6626, 1.8268 0.099 0.662, 1.8307 0.099 0.662, 1.8268 0.1045 0.66, 1.8307 0.1045 0.66, 1.8268 0.1054 0.6595, 1.8307 0.1054 0.6595, 1.8307 0.1054 0.6667, 1.8268 0.1054 0.6667, 1.8268 0.0928 0.6689, 1.8307 0.0928 0.6689, 1.8307 0.0933 0.6689, 1.8268 0.1002 0.6682, 1.8307 0.1002 0.6682, 1.8268 0.0983 0.6684, 1.8268 0.0933 0.6689, 1.8268 0.0884 0.6684, 1.8307 0.0862 0.6682, 1.8268 0.0862 0.6682, 1.8268 0.0804 0.6662, 1.8307 0.0804 0.6662, 1.8268 0.0751 0.6628, 1.8307 0.0751 0.6628, 1.8268 0.0732 0.661, 1.8307 0.0732 0.661, 1.8268 0.0696 0.6564, 1.8268 0.0679 0.6526, 1.8307 0.0669 0.6505, 1.8307 0.0696 0.6564, 1.8268 0.0669 0.6505, 1.8268 0.0656 0.6436, 1.8307 0.0656 0.6436, 1.8268 0.0655 0.6403, 1.8307 0.0655 0.6403, 1.8268 0.0665 0.6317, 1.8307 0.0665 0.6317, 1.8268 0.0679 0.6281, 1.8307 0.0686 0.6261, 1.8268 0.0686 0.6261, 1.8268 0.0718 0.6215, 1.8307 0.0718 0.6215, 1.8268 0.0723 0.621, 1.8307 0.0723 0.621, 1.8268 0.0766 0.6174, 1.8307 0.0766 0.6174, 1.8268 0.0816 0.6151, 1.8307 0.0816 0.6151, 1.8268 0.0874 0.6138, 1.8307 0.0874 0.6138, 1.8307 0.1448 0.6207, 1.8307 0.1448 0.6146, 1.8268 0.1448 0.6207, 1.8268 0.1448 0.6146, 1.8268 0.123 0.6207, 1.8307 0.123 0.6207, 1.8268 0.1374 0.6207, 1.8307 0.123 0.6386, 1.8268 0.123 0.6386, 1.8307 0.1421 0.6386, 1.8268 0.1374 0.6386, 1.8268 0.1421 0.6386, 1.8307 0.1421 0.6447, 1.8268 0.1421 0.6447, 1.8268 0.123 0.6447, 1.8307 0.123 0.6447, 1.8268 0.1374 0.6447, 1.8307 0.123 0.6618, 1.8268 0.123 0.6618, 1.8307 0.1436 0.6618, 1.8268 0.1374 0.6618, 1.8268 0.1436 0.6618, 1.8307 0.1436 0.668, 1.8268 0.1436 0.668, 1.8268 0.1161 0.668, 1.8307 0.1161 0.668, 1.8268 0.1374 0.668, 1.8307 0.1161 0.6146, 1.8268 0.1161 0.6146, 1.8268 0.1374 0.6146, 1.8307 0.191 0.6387, 1.8307 0.1982 0.6382, 1.8307 0.1911 0.6418, 1.8307 0.1984 0.642, 1.8307 0.1905 0.648, 1.8307 0.1977 0.6484, 1.8307 0.189 0.652, 1.8307 0.1959 0.6537, 1.8307 0.187 0.6551, 1.8307 0.1927 0.6585, 1.8307 0.1853 0.6568, 1.8307 0.1903 0.6609, 1.8307 0.1812 0.6595, 1.8307 0.1853 0.6644, 1.8307 0.1765 0.6611, 1.8307 0.179 0.6669, 1.8307 0.1699 0.6618, 1.8307 0.1701 0.668, 1.8307 0.1618 0.6618, 1.8307 0.1549 0.668, 1.8307 0.1618 0.6207, 1.8307 0.1549 0.6146, 1.8307 0.1696 0.6207, 1.8307 0.1696 0.6146, 1.8307 0.1761 0.6214, 1.8307 0.1785 0.6157, 1.8307 0.1808 0.623, 1.8307 0.1847 0.618, 1.8307 0.1843 0.6252, 1.8307 0.1898 0.6216, 1.8307 0.1854 0.6262, 1.8307 0.1903 0.6221, 1.8307 0.1882 0.6298, 1.8307 0.1941 0.6265, 1.8307 0.19 0.6338, 1.8307 0.1968 0.632, 1.8268 0.1696 0.6146, 1.8268 0.1549 0.6146, 1.8268 0.1785 0.6157, 1.8268 0.1794 0.616, 1.8268 0.1847 0.618, 1.8268 0.1898 0.6216, 1.8268 0.1903 0.6221, 1.8268 0.1941 0.6265, 1.8268 0.1968 0.632, 1.8268 0.1982 0.6382, 1.8268 0.1984 0.642, 1.8268 0.1977 0.6484, 1.8268 0.1959 0.6537, 1.8268 0.1927 0.6585, 1.8268 0.1903 0.6609, 1.8268 0.1701 0.668, 1.8268 0.1853 0.6644, 1.8268 0.1794 0.6667, 1.8268 0.179 0.6669, 1.8268 0.1549 0.668, 1.8268 0.1699 0.6618, 1.8268 0.1618 0.6618, 1.8268 0.1618 0.6207, 1.8268 0.1696 0.6207, 1.8268 0.1854 0.6262, 1.8268 0.1843 0.6252, 1.8268 0.1808 0.623, 1.8268 0.1761 0.6214, 1.8268 0.1911 0.6418, 1.8268 0.191 0.6387, 1.8268 0.19 0.6338, 1.8268 0.1882 0.6298, 1.8268 0.1853 0.6568, 1.8268 0.187 0.6551, 1.8268 0.189 0.652, 1.8268 0.1905 0.648, 1.8268 0.1765 0.6611, 1.8268 0.1812 0.6595
            ]
        }
        coordIndex [
            0,1,2,-1,2,1,3,-1,4,0,5,-1,5,0,2,-1,6,4,7,-1,7,4,5,-1,8,6,9,-1,9,6,7,-1,10,8,11,-1,11,8,9,-1,1,10,3,-1,3,10,11,-1,6,8,4,-1,4,8,10,-1,4,10,0,-1,0,10,1,-1,12,13,14,-1,12,14,15,-1,15,14,16,-1,15,16,17,-1,17,16,18,-1,17,18,19,-1,20,19,21,-1,21,19,18,-1,20,21,22,-1,20,22,23,-1,23,22,24,-1,23,24,25,-1,25,24,26,-1,25,26,27,-1,27,26,28,-1,27,28,29,-1,29,28,30,-1,29,30,31,-1,31,30,32,-1,31,32,33,-1,33,32,34,-1,33,34,35,-1,35,34,36,-1,35,36,37,-1,37,36,38,-1,37,38,39,-1,39,38,40,-1,39,40,41,-1,41,40,42,-1,41,42,43,-1,43,42,44,-1,43,44,45,-1,45,44,46,-1,45,46,47,-1,47,46,48,-1,47,48,49,-1,49,48,50,-1,49,50,51,-1,51,50,52,-1,51,52,53,-1,53,52,54,-1,53,54,55,-1,55,54,56,-1,55,56,57,-1,57,56,58,-1,57,58,59,-1,59,58,60,-1,59,60,61,-1,61,60,62,-1,61,62,63,-1,63,62,64,-1,63,64,65,-1,66,65,67,-1,67,65,64,-1,68,69,70,-1,66,67,71,-1,66,71,72,-1,72,71,73,-1,72,73,70,-1,70,73,74,-1,70,74,68,-1,68,75,69,-1,69,75,76,-1,75,77,76,-1,76,77,78,-1,76,78,79,-1,79,78,80,-1,79,80,81,-1,81,80,82,-1,81,82,83,-1,83,82,84,-1,85,86,84,-1,84,86,87,-1,84,87,83,-1,85,88,86,-1,86,88,89,-1,86,89,90,-1,90,89,91,-1,90,91,92,-1,92,91,93,-1,92,93,94,-1,94,93,95,-1,94,95,96,-1,95,97,96,-1,96,97,98,-1,96,98,99,-1,99,98,100,-1,99,100,101,-1,101,100,102,-1,101,102,103,-1,103,102,104,-1,103,104,105,-1,105,104,106,-1,105,106,107,-1,107,106,13,-1,107,13,12,-1,63,65,66,-1,45,47,87,-1,19,20,17,-1,17,20,23,-1,17,23,15,-1,15,23,25,-1,15,25,12,-1,12,25,27,-1,12,27,107,-1,107,27,29,-1,107,29,105,-1,105,29,31,-1,105,31,103,-1,103,31,33,-1,103,33,101,-1,101,33,35,-1,101,35,99,-1,99,35,37,-1,99,37,96,-1,96,37,94,-1,94,37,39,-1,94,39,92,-1,87,47,83,-1,63,66,61,-1,61,66,72,-1,61,72,59,-1,59,72,70,-1,59,70,57,-1,57,70,69,-1,57,69,55,-1,55,69,76,-1,55,76,53,-1,76,79,53,-1,53,79,81,-1,53,81,51,-1,51,81,83,-1,51,83,49,-1,49,83,47,-1,39,41,92,-1,92,41,43,-1,92,43,90,-1,90,43,45,-1,90,45,86,-1,86,45,87,-1,108,109,110,-1,110,109,111,-1,112,113,114,-1,114,113,108,-1,114,108,110,-1,115,113,116,-1,116,113,112,-1,115,116,117,-1,117,116,118,-1,117,118,119,-1,120,117,121,-1,121,117,119,-1,122,123,124,-1,124,123,120,-1,124,120,121,-1,125,123,126,-1,126,123,122,-1,125,126,127,-1,127,126,128,-1,127,128,129,-1,130,127,131,-1,131,127,129,-1,132,133,134,-1,134,133,130,-1,134,130,131,-1,135,133,136,-1,136,133,132,-1,135,136,109,-1,109,136,137,-1,109,137,111,-1,135,109,108,-1,108,113,135,-1,135,113,115,-1,135,115,133,-1,127,130,125,-1,125,130,133,-1,125,133,123,-1,123,133,115,-1,123,115,120,-1,120,115,117,-1,138,139,140,-1,140,139,141,-1,140,141,142,-1,142,141,143,-1,142,143,144,-1,144,143,145,-1,144,145,146,-1,146,145,147,-1,146,147,148,-1,148,147,149,-1,148,149,150,-1,150,149,151,-1,150,151,152,-1,152,151,153,-1,152,153,154,-1,154,153,155,-1,154,155,156,-1,156,155,157,-1,156,157,158,-1,158,157,159,-1,158,159,160,-1,160,159,161,-1,160,161,162,-1,162,161,163,-1,162,163,164,-1,164,163,165,-1,164,165,166,-1,166,165,167,-1,166,167,168,-1,168,167,169,-1,168,169,170,-1,170,169,171,-1,170,171,172,-1,172,171,173,-1,172,173,138,-1,138,173,139,-1,161,159,174,-1,174,159,175,-1,161,174,176,-1,161,176,163,-1,163,176,177,-1,163,177,165,-1,177,178,165,-1,165,178,179,-1,165,179,167,-1,167,179,180,-1,167,180,169,-1,169,180,181,-1,169,181,171,-1,171,181,182,-1,171,182,173,-1,173,182,183,-1,173,183,139,-1,139,183,184,-1,139,184,141,-1,141,184,185,-1,141,185,143,-1,143,185,186,-1,143,186,145,-1,145,186,187,-1,145,187,147,-1,147,187,188,-1,147,188,149,-1,189,155,153,-1,149,188,190,-1,149,190,151,-1,151,190,191,-1,151,191,153,-1,153,191,192,-1,153,192,189,-1,157,155,193,-1,193,155,189,-1,159,157,175,-1,175,157,193,-1,154,156,194,-1,194,156,195,-1,156,158,195,-1,195,158,196,-1,158,160,196,-1,196,160,197,-1,168,198,199,-1,168,199,166,-1,166,199,200,-1,166,200,164,-1,164,200,201,-1,164,201,162,-1,162,201,197,-1,162,197,160,-1,140,202,203,-1,140,203,138,-1,138,203,204,-1,138,204,172,-1,172,204,205,-1,172,205,170,-1,170,205,198,-1,170,198,168,-1,148,206,207,-1,148,207,146,-1,146,207,208,-1,146,208,144,-1,144,208,209,-1,144,209,142,-1,142,209,202,-1,142,202,140,-1,154,194,210,-1,154,210,152,-1,152,210,211,-1,152,211,150,-1,150,211,206,-1,150,206,148,-1,
        ]
    }
}
Shape{
    appearance Appearance {
        material  Material 	{
            diffuseColor 0.35294117647058826 0.35294117647058826 0.35294117647058826
            specularColor 0.10196078431372549 0.10196078431372549 0.10196078431372549
            ambientIntensity 0.502
            transparency 0.0
            shininess 0.5
        }
    }
    geometry IndexedFaceSet {
        ccw TRUE
        solid FALSE
        coord DEF co Coordinate {
            point [
                1.8268 0.1618 0.6618, 1.8268 0.1618 0.6207, 1.8268 0.1699 0.6618, 1.8268 0.1696 0.6207, 1.8268 0.1761 0.6214, 1.8268 0.1808 0.623, 1.8268 0.1843 0.6252, 1.8268 0.1854 0.6262, 1.8268 0.1882 0.6298, 1.8268 0.19 0.6338, 1.8268 0.191 0.6387, 1.8268 0.1911 0.6418, 1.8268 0.1905 0.648, 1.8268 0.189 0.652, 1.8268 0.187 0.6551, 1.8268 0.1853 0.6568, 1.8268 0.1765 0.6611, 1.8268 0.1812 0.6595
            ]
        }
        coordIndex [
            0,1,2,-1,2,1,3,-1,2,3,4,-1,4,5,2,-1,2,5,6,-1,2,6,7,-1,7,8,2,-1,2,8,9,-1,2,9,10,-1,10,11,2,-1,2,11,12,-1,2,12,13,-1,13,14,2,-1,2,14,15,-1,2,15,16,-1,16,15,17,-1,
        ]
    }
}
Shape{
    appearance Appearance {
        material  Material 	{
            diffuseColor 0.7529411764705882 0.7529411764705882 0.7529411764705882
            specularColor 0.3764705882352941 0.3764705882352941 0.3764705882352941
            ambientIntensity 0.7529
            transparency 0.0
            shininess 0.5
        }
    }
    geometry IndexedFaceSet {
        ccw TRUE
        solid FALSE
        coord DEF co Coordinate {
            point [
                1.8307 0.2163 0.6352, 1.8307 0.2141 0.6292, 1.8307 0.2342 0.6352, 1.8307 0.2363 0.6292, 1.8307 0.2243 0.6574, 1.8307 0.2217 0.668, 1.8307 0.2013 0.6146, 1.8307 0.209 0.6146, 1.8307 0.2247 0.659, 1.8307 0.2251 0.6611, 1.8307 0.229 0.668, 1.8307 0.2253 0.6611, 1.8307 0.2257 0.6589, 1.8307 0.2261 0.6574, 1.8307 0.2494 0.6146, 1.8307 0.2418 0.6146, 1.8268 0.229 0.668, 1.8268 0.2494 0.6146, 1.8268 0.2217 0.668, 1.8268 0.2013 0.6146, 1.8268 0.2167 0.655, 1.8268 0.209 0.6146, 1.8268 0.2141 0.6292, 1.8268 0.2363 0.6292, 1.8268 0.2167 0.6292, 1.8268 0.2418 0.6146, 1.8268 0.2163 0.6352, 1.8268 0.2342 0.6352, 1.8268 0.2261 0.6574, 1.8268 0.2253 0.6611, 1.8268 0.2257 0.6589, 1.8268 0.2251 0.6611, 1.8268 0.2243 0.6574, 1.8268 0.2247 0.659
            ]
        }
        coordIndex [
            0,1,2,-1,2,1,3,-1,4,5,0,-1,0,5,6,-1,0,6,1,-1,1,6,7,-1,4,8,5,-1,5,8,9,-1,5,9,10,-1,10,9,11,-1,10,11,12,-1,12,13,10,-1,10,13,2,-1,10,2,14,-1,14,2,3,-1,14,3,15,-1,10,14,16,-1,16,14,17,-1,5,10,18,-1,18,10,16,-1,19,6,20,-1,20,6,5,-1,20,5,18,-1,7,6,21,-1,21,6,19,-1,1,7,22,-1,22,7,21,-1,23,3,24,-1,24,3,1,-1,24,1,22,-1,15,3,25,-1,25,3,23,-1,14,15,17,-1,17,15,25,-1,0,2,26,-1,26,2,27,-1,2,13,27,-1,27,13,28,-1,11,29,30,-1,11,30,12,-1,12,30,28,-1,12,28,13,-1,11,9,29,-1,29,9,31,-1,4,32,33,-1,4,33,8,-1,8,33,31,-1,8,31,9,-1,4,0,32,-1,32,0,26,-1,
        ]
    }
}
Shape{
    appearance Appearance {
        material  Material 	{
            diffuseColor 0.35294117647058826 0.35294117647058826 0.35294117647058826
            specularColor 0.10196078431372549 0.10196078431372549 0.10196078431372549
            ambientIntensity 0.502
            transparency 0.0
            shininess 0.5
        }
    }
    geometry IndexedFaceSet {
        ccw TRUE
        solid FALSE
        coord DEF co Coordinate {
            point [
                1.8268 0.2253 0.6611, 1.8268 0.2251 0.6611, 1.8268 0.2257 0.6589, 1.8268 0.2247 0.659, 1.8268 0.2261 0.6574, 1.8268 0.2243 0.6574, 1.8268 0.2342 0.6352, 1.8268 0.2163 0.6352
            ]
        }
        coordIndex [
            0,1,2,-1,2,1,3,-1,2,3,4,-1,4,3,5,-1,4,5,6,-1,6,5,7,-1,
        ]
    }
}
Shape{
    appearance Appearance {
        material  Material 	{
            diffuseColor 0.7529411764705882 0.7529411764705882 0.7529411764705882
            specularColor 0.3764705882352941 0.3764705882352941 0.3764705882352941
            ambientIntensity 0.7529
            transparency 0.0
            shininess 0.5
        }
    }
    geometry IndexedFaceSet {
        ccw TRUE
        solid FALSE
        coord DEF co Coordinate {
            point [
                1.8307 0.0639 0.536, 1.8307 0.0639 0.5299, 1.8268 0.0639 0.536, 1.8268 0.0639 0.5299, 1.8307 0.042 0.536, 1.8268 0.042 0.536, 1.8307 0.042 0.5539, 1.8268 0.042 0.5539, 1.8307 0.0611 0.5539, 1.8268 0.0611 0.5539, 1.8307 0.0611 0.5601, 1.8268 0.0611 0.5601, 1.8307 0.042 0.5601, 1.8268 0.042 0.5601, 1.8307 0.042 0.5771, 1.8268 0.042 0.5771, 1.8307 0.0626 0.5771, 1.8268 0.0626 0.5771, 1.8307 0.0626 0.5833, 1.8268 0.0626 0.5833, 1.8307 0.0351 0.5833, 1.8268 0.0351 0.5833, 1.8307 0.0351 0.5299, 1.8268 0.0351 0.5299, 1.8307 0.094 0.5358, 1.8307 0.0942 0.5358, 1.8307 0.0938 0.542, 1.8307 0.0778 0.5513, 1.8307 0.075 0.5498, 1.8307 0.0788 0.5455, 1.8307 0.0942 0.5449, 1.8307 0.1009 0.5544, 1.8307 0.0942 0.5454, 1.8307 0.0942 0.549, 1.8307 0.0942 0.5299, 1.8307 0.1009 0.5299, 1.8307 0.0928 0.5396, 1.8307 0.0913 0.5376, 1.8307 0.093 0.5342, 1.8307 0.0905 0.5368, 1.8307 0.0909 0.5319, 1.8307 0.0886 0.5355, 1.8307 0.0885 0.5304, 1.8307 0.0866 0.5348, 1.8307 0.0858 0.5294, 1.8307 0.0841 0.5345, 1.8307 0.0823 0.529, 1.8307 0.0818 0.5347, 1.8307 0.0783 0.5295, 1.8307 0.0803 0.5353, 1.8307 0.0758 0.5304, 1.8307 0.079 0.5362, 1.8307 0.0735 0.532, 1.8307 0.0784 0.5368, 1.8307 0.078 0.5445, 1.8307 0.0729 0.5481, 1.8307 0.0774 0.5433, 1.8307 0.0716 0.5462, 1.8307 0.0771 0.5417, 1.8307 0.0798 0.5462, 1.8307 0.0814 0.547, 1.8307 0.0829 0.5526, 1.8307 0.0853 0.5478, 1.8307 0.0942 0.5541, 1.8307 0.074 0.5654, 1.8307 0.074 0.5589, 1.8307 0.0759 0.5664, 1.8307 0.0786 0.5618, 1.8307 0.0809 0.5682, 1.8307 0.0828 0.5631, 1.8307 0.0871 0.5689, 1.8307 0.0865 0.5635, 1.8307 0.0911 0.5686, 1.8307 0.0887 0.5632, 1.8307 0.0939 0.5677, 1.8307 0.0903 0.5627, 1.8307 0.0961 0.5664, 1.8307 0.0915 0.5619, 1.8307 0.0979 0.5648, 1.8307 0.0925 0.5609, 1.8307 0.0993 0.5626, 1.8307 0.0933 0.5595, 1.8307 0.1004 0.5596, 1.8307 0.094 0.5571, 1.8307 0.0707 0.5438, 1.8307 0.0703 0.5409, 1.8307 0.077 0.5407, 1.8307 0.0703 0.5401, 1.8307 0.0772 0.5391, 1.8307 0.0706 0.5371, 1.8307 0.0776 0.5379, 1.8307 0.0714 0.5348, 1.8307 0.0728 0.5328, 1.8268 0.0871 0.5689, 1.8268 0.0809 0.5682, 1.8268 0.0759 0.5664, 1.8268 0.074 0.5654, 1.8268 0.074 0.5589, 1.8268 0.0786 0.5618, 1.8268 0.0828 0.5631, 1.8268 0.0865 0.5635, 1.8268 0.0887 0.5632, 1.8268 0.0903 0.5627, 1.8268 0.0915 0.5619, 1.8268 0.0925 0.5609, 1.8268 0.0933 0.5595, 1.8268 0.094 0.5571, 1.8268 0.0942 0.5541, 1.8268 0.0829 0.5526, 1.8268 0.0778 0.5513, 1.8268 0.075 0.5498, 1.8268 0.0729 0.5481, 1.8268 0.0716 0.5462, 1.8268 0.0707 0.5438, 1.8268 0.0703 0.5409, 1.8268 0.0703 0.5401, 1.8268 0.0706 0.5371, 1.8268 0.0714 0.5348, 1.8268 0.0728 0.5328, 1.8268 0.0735 0.532, 1.8268 0.0823 0.529, 1.8268 0.0785 0.5295, 1.8268 0.0783 0.5295, 1.8268 0.0758 0.5304, 1.8268 0.0858 0.5294, 1.8268 0.086 0.5295, 1.8268 0.0885 0.5304, 1.8268 0.0909 0.5319, 1.8268 0.093 0.5342, 1.8268 0.094 0.5358, 1.8268 0.0942 0.5358, 1.8268 0.0942 0.5299, 1.8268 0.1009 0.5299, 1.8268 0.1009 0.5544, 1.8268 0.1004 0.5596, 1.8268 0.0993 0.5626, 1.8268 0.0979 0.5648, 1.8268 0.0961 0.5664, 1.8268 0.0939 0.5677, 1.8268 0.0911 0.5686, 1.8268 0.0788 0.5455, 1.8268 0.0798 0.5462, 1.8268 0.0814 0.547, 1.8268 0.0853 0.5478, 1.8268 0.077 0.5407, 1.8268 0.0771 0.5417, 1.8268 0.0774 0.5433, 1.8268 0.078 0.5445, 1.8268 0.079 0.5362, 1.8268 0.0784 0.5368, 1.8268 0.0776 0.5379, 1.8268 0.0772 0.5391, 1.8268 0.0841 0.5345, 1.8268 0.0818 0.5347, 1.8268 0.0803 0.5353, 1.8268 0.0913 0.5376, 1.8268 0.0905 0.5368, 1.8268 0.0886 0.5355, 1.8268 0.0866 0.5348, 1.8268 0.0942 0.5454, 1.8268 0.0942 0.5449, 1.8268 0.0938 0.542, 1.8268 0.0928 0.5396, 1.8268 0.0942 0.549
            ]
        }
        coordIndex [
            0,1,2,-1,2,1,3,-1,4,0,5,-1,5,0,2,-1,6,4,7,-1,7,4,5,-1,8,6,9,-1,9,6,7,-1,10,8,11,-1,11,8,9,-1,12,10,13,-1,13,10,11,-1,14,12,15,-1,15,12,13,-1,16,14,17,-1,17,14,15,-1,18,16,19,-1,19,16,17,-1,20,18,21,-1,21,18,19,-1,22,20,23,-1,23,20,21,-1,1,22,3,-1,3,22,23,-1,16,18,14,-1,14,18,20,-1,14,20,12,-1,1,0,22,-1,22,0,4,-1,22,4,6,-1,8,10,6,-1,6,10,12,-1,6,12,22,-1,22,12,20,-1,24,25,26,-1,27,28,29,-1,30,31,32,-1,32,31,33,-1,34,35,25,-1,25,35,31,-1,25,31,26,-1,26,31,30,-1,26,36,24,-1,24,36,37,-1,24,37,38,-1,38,37,39,-1,38,39,40,-1,40,39,41,-1,40,41,42,-1,42,41,43,-1,42,43,44,-1,44,43,45,-1,44,45,46,-1,46,45,47,-1,46,47,48,-1,48,47,49,-1,48,49,50,-1,50,49,51,-1,50,51,52,-1,52,51,53,-1,29,28,54,-1,54,28,55,-1,54,55,56,-1,56,55,57,-1,56,57,58,-1,29,59,27,-1,27,59,60,-1,27,60,61,-1,61,60,62,-1,61,62,63,-1,64,65,66,-1,66,65,67,-1,66,67,68,-1,68,67,69,-1,68,69,70,-1,70,69,71,-1,70,71,72,-1,72,71,73,-1,72,73,74,-1,74,73,75,-1,74,75,76,-1,76,75,77,-1,76,77,78,-1,78,77,79,-1,78,79,80,-1,80,79,81,-1,80,81,82,-1,82,81,83,-1,82,83,31,-1,31,83,63,-1,31,63,33,-1,33,63,62,-1,57,84,58,-1,58,84,85,-1,58,85,86,-1,86,85,87,-1,86,87,88,-1,88,87,89,-1,88,89,90,-1,90,89,91,-1,90,91,53,-1,53,91,92,-1,53,92,52,-1,70,93,94,-1,70,94,68,-1,68,94,95,-1,68,95,66,-1,66,95,96,-1,66,96,64,-1,65,64,97,-1,97,64,96,-1,65,97,98,-1,65,98,67,-1,67,98,99,-1,67,99,69,-1,69,99,100,-1,69,100,71,-1,71,100,101,-1,71,101,73,-1,73,101,102,-1,73,102,75,-1,75,102,103,-1,75,103,77,-1,77,103,104,-1,77,104,79,-1,79,104,105,-1,79,105,81,-1,81,105,106,-1,81,106,83,-1,83,106,107,-1,83,107,63,-1,61,63,108,-1,108,63,107,-1,61,108,109,-1,61,109,27,-1,27,109,110,-1,27,110,28,-1,28,110,111,-1,28,111,55,-1,55,111,112,-1,55,112,57,-1,57,112,113,-1,57,113,84,-1,84,113,114,-1,84,114,85,-1,85,114,115,-1,85,115,87,-1,87,115,116,-1,87,116,89,-1,89,116,117,-1,89,117,91,-1,91,117,118,-1,91,118,92,-1,92,118,119,-1,92,119,52,-1,120,46,121,-1,121,46,48,-1,121,48,122,-1,122,48,50,-1,122,50,123,-1,123,50,52,-1,123,52,119,-1,46,120,124,-1,46,124,44,-1,44,124,125,-1,44,125,42,-1,125,126,42,-1,42,126,127,-1,42,127,40,-1,40,127,128,-1,40,128,38,-1,38,128,129,-1,38,129,24,-1,25,24,130,-1,130,24,129,-1,34,25,131,-1,131,25,130,-1,35,34,132,-1,132,34,131,-1,31,35,133,-1,133,35,132,-1,31,133,134,-1,31,134,82,-1,82,134,135,-1,82,135,80,-1,80,135,136,-1,80,136,78,-1,78,136,137,-1,78,137,76,-1,76,137,138,-1,76,138,74,-1,74,138,139,-1,74,139,72,-1,72,139,93,-1,72,93,70,-1,29,140,141,-1,29,141,59,-1,59,141,142,-1,59,142,60,-1,60,142,143,-1,60,143,62,-1,86,144,145,-1,86,145,58,-1,58,145,146,-1,58,146,56,-1,56,146,147,-1,56,147,54,-1,54,147,140,-1,54,140,29,-1,51,148,149,-1,51,149,53,-1,53,149,150,-1,53,150,90,-1,90,150,151,-1,90,151,88,-1,88,151,144,-1,88,144,86,-1,45,152,153,-1,45,153,47,-1,47,153,154,-1,47,154,49,-1,49,154,148,-1,49,148,51,-1,37,155,156,-1,37,156,39,-1,39,156,157,-1,39,157,41,-1,41,157,158,-1,41,158,43,-1,43,158,152,-1,43,152,45,-1,32,159,160,-1,32,160,30,-1,30,160,161,-1,30,161,26,-1,26,161,162,-1,26,162,36,-1,36,162,155,-1,36,155,37,-1,32,33,159,-1,159,33,163,-1,33,62,163,-1,163,62,143,-1,
        ]
    }
}
Shape{
    appearance Appearance {
        material  Material 	{
            diffuseColor 0.35294117647058826 0.35294117647058826 0.35294117647058826
            specularColor 0.10196078431372549 0.10196078431372549 0.10196078431372549
            ambientIntensity 0.502
            transparency 0.0
            shininess 0.5
        }
    }
    geometry IndexedFaceSet {
        ccw TRUE
        solid FALSE
        coord DEF co Coordinate {
            point [
                1.8268 0.0942 0.549, 1.8268 0.0853 0.5478, 1.8268 0.0942 0.5454, 1.8268 0.0814 0.547, 1.8268 0.0798 0.5462, 1.8268 0.0788 0.5455, 1.8268 0.0942 0.5449, 1.8268 0.0938 0.542, 1.8268 0.078 0.5445, 1.8268 0.0928 0.5396, 1.8268 0.0784 0.5368, 1.8268 0.079 0.5362, 1.8268 0.0905 0.5368, 1.8268 0.0776 0.5379, 1.8268 0.0886 0.5355, 1.8268 0.0866 0.5348, 1.8268 0.0841 0.5345, 1.8268 0.0774 0.5433, 1.8268 0.0771 0.5417, 1.8268 0.0913 0.5376, 1.8268 0.077 0.5407, 1.8268 0.0772 0.5391, 1.8268 0.0803 0.5353, 1.8268 0.0818 0.5347
            ]
        }
        coordIndex [
            0,1,2,-1,2,1,3,-1,3,4,2,-1,2,4,5,-1,2,5,6,-1,6,5,7,-1,7,5,8,-1,7,8,9,-1,10,11,12,-1,10,12,13,-1,14,12,15,-1,15,12,16,-1,8,17,9,-1,9,17,18,-1,9,18,19,-1,19,18,20,-1,19,20,12,-1,12,20,21,-1,12,21,13,-1,11,22,12,-1,12,22,23,-1,12,23,16,-1,
        ]
    }
}
Shape{
    appearance Appearance {
        material  Material 	{
            diffuseColor 0.7529411764705882 0.7529411764705882 0.7529411764705882
            specularColor 0.3764705882352941 0.3764705882352941 0.3764705882352941
            ambientIntensity 0.7529
            transparency 0.0
            shininess 0.5
        }
    }
    geometry IndexedFaceSet {
        ccw TRUE
        solid FALSE
        coord DEF co Coordinate {
            point [
                1.8268 0.1099 0.5381, 1.8307 0.1099 0.5381, 1.8307 0.1126 0.5365, 1.8307 0.1209 0.5345, 1.8268 0.1209 0.5345, 1.8268 0.1168 0.535, 1.8307 0.1168 0.535, 1.8268 0.113 0.5364, 1.8268 0.1126 0.5365, 1.8307 0.1099 0.5312, 1.8268 0.1099 0.5312, 1.8268 0.113 0.5302, 1.8307 0.1147 0.5296, 1.8268 0.1203 0.529, 1.8307 0.1203 0.529, 1.8268 0.1159 0.5295, 1.8268 0.1147 0.5296, 1.8268 0.1242 0.5295, 1.8307 0.1262 0.5297, 1.8268 0.1262 0.5297, 1.8268 0.1297 0.531, 1.8307 0.1297 0.531, 1.8268 0.1314 0.532, 1.8307 0.1314 0.532, 1.8268 0.1333 0.5337, 1.8307 0.1333 0.5337, 1.8268 0.1346 0.5355, 1.8307 0.1346 0.5355, 1.8268 0.1354 0.5376, 1.8307 0.1354 0.5376, 1.8268 0.1357 0.5403, 1.8307 0.1357 0.5403, 1.8268 0.1354 0.5428, 1.8307 0.1354 0.5428, 1.8268 0.1347 0.5447, 1.8307 0.1347 0.5447, 1.8268 0.1335 0.5466, 1.8307 0.1335 0.5466, 1.8268 0.1319 0.548, 1.8307 0.1319 0.548, 1.8268 0.1274 0.5505, 1.8307 0.1274 0.5505, 1.8268 0.1248 0.5515, 1.8307 0.1248 0.5515, 1.8268 0.1207 0.5533, 1.8307 0.1207 0.5533, 1.8268 0.1183 0.5548, 1.8307 0.1183 0.5548, 1.8268 0.1177 0.5555, 1.8307 0.1177 0.5555, 1.8268 0.1172 0.5564, 1.8307 0.1172 0.5564, 1.8268 0.1169 0.5575, 1.8307 0.1169 0.5575, 1.8268 0.1169 0.5583, 1.8307 0.1169 0.5583, 1.8268 0.117 0.5594, 1.8307 0.117 0.5594, 1.8268 0.1173 0.5603, 1.8307 0.1173 0.5603, 1.8268 0.1179 0.5612, 1.8307 0.1179 0.5612, 1.8268 0.1189 0.5621, 1.8307 0.1189 0.5621, 1.8268 0.1204 0.5629, 1.8307 0.1204 0.5629, 1.8268 0.1222 0.5633, 1.8307 0.1222 0.5633, 1.8268 0.1242 0.5635, 1.8307 0.1242 0.5635, 1.8268 0.1286 0.563, 1.8307 0.1286 0.563, 1.8268 0.1323 0.5616, 1.8307 0.1323 0.5616, 1.8268 0.1339 0.5607, 1.8307 0.1339 0.5607, 1.8307 0.1339 0.5672, 1.8268 0.1339 0.5672, 1.8268 0.1287 0.5686, 1.8307 0.1287 0.5686, 1.8268 0.1248 0.5689, 1.8307 0.1248 0.5689, 1.8268 0.1194 0.5682, 1.8307 0.1194 0.5682, 1.8268 0.1158 0.5668, 1.8307 0.1158 0.5668, 1.8268 0.1143 0.5659, 1.8307 0.1143 0.5659, 1.8268 0.113 0.5648, 1.8307 0.1123 0.5641, 1.8268 0.1123 0.5641, 1.8268 0.111 0.5623, 1.8307 0.111 0.5623, 1.8268 0.1103 0.5601, 1.8307 0.1103 0.5601, 1.8268 0.11 0.5577, 1.8307 0.11 0.5577, 1.8268 0.1103 0.5551, 1.8307 0.1103 0.5551, 1.8268 0.111 0.5531, 1.8307 0.111 0.5531, 1.8268 0.1119 0.5517, 1.8307 0.1119 0.5517, 1.8268 0.1201 0.5467, 1.8307 0.1201 0.5467, 1.8307 0.1161 0.5485, 1.8268 0.113 0.5506, 1.8307 0.113 0.5506, 1.8268 0.113 0.5505, 1.8268 0.1161 0.5485, 1.8268 0.1245 0.5448, 1.8307 0.1245 0.5448, 1.8268 0.1271 0.5433, 1.8307 0.1271 0.5433, 1.8268 0.1279 0.5424, 1.8307 0.1279 0.5424, 1.8268 0.1285 0.5415, 1.8307 0.1285 0.5415, 1.8268 0.1288 0.5405, 1.8307 0.1288 0.5405, 1.8268 0.1288 0.5396, 1.8307 0.1288 0.5396, 1.8268 0.1287 0.5383, 1.8307 0.1287 0.5383, 1.8268 0.1284 0.5374, 1.8307 0.1284 0.5374, 1.8268 0.1278 0.5365, 1.8307 0.1278 0.5365, 1.8268 0.127 0.5359, 1.8307 0.127 0.5359, 1.8268 0.1264 0.5355, 1.8307 0.1264 0.5355, 1.8268 0.1247 0.5349, 1.8307 0.1247 0.5349, 1.8268 0.1212 0.5345, 1.8307 0.1212 0.5345, 1.8307 0.1688 0.568, 1.8307 0.1758 0.568, 1.8268 0.1688 0.568, 1.8268 0.1758 0.568, 1.8307 0.1584 0.5393, 1.8268 0.1584 0.5393, 1.8268 0.1579 0.5375, 1.8307 0.1579 0.5375, 1.8268 0.1576 0.5362, 1.8307 0.1576 0.5362, 1.8307 0.1574 0.5362, 1.8268 0.1574 0.5362, 1.8307 0.1566 0.5394, 1.8268 0.1566 0.5394, 1.8307 0.1467 0.568, 1.8268 0.1499 0.5587, 1.8268 0.1467 0.568, 1.8307 0.1392 0.568, 1.8268 0.1392 0.568, 1.8307 0.1541 0.53, 1.8268 0.1499 0.5408, 1.8268 0.1541 0.53, 1.8268 0.1512 0.5231, 1.8307 0.1512 0.5231, 1.8268 0.1539 0.5295, 1.8268 0.1499 0.5207, 1.8268 0.1499 0.5206, 1.8307 0.1486 0.5193, 1.8307 0.1499 0.5207, 1.8268 0.1486 0.5193, 1.8268 0.1474 0.5184, 1.8307 0.1474 0.5184, 1.8268 0.146 0.5179, 1.8307 0.146 0.5179, 1.8268 0.1443 0.5177, 1.8307 0.1443 0.5177, 1.8268 0.1419 0.518, 1.8307 0.1419 0.518, 1.8268 0.1406 0.5184, 1.8307 0.1406 0.5184, 1.8307 0.1406 0.5125, 1.8268 0.1406 0.5125, 1.8268 0.1434 0.512, 1.8307 0.1434 0.512, 1.8268 0.1449 0.512, 1.8307 0.1449 0.512, 1.8268 0.1476 0.5123, 1.8307 0.1476 0.5123, 1.8268 0.1499 0.5131, 1.8307 0.1502 0.5133, 1.8268 0.1502 0.5133, 1.8268 0.1525 0.5149, 1.8307 0.1525 0.5149, 1.8268 0.153 0.5153, 1.8307 0.153 0.5153, 1.8268 0.1554 0.5183, 1.8307 0.1554 0.5183, 1.8268 0.1585 0.5241, 1.8307 0.1585 0.5241, 1.8268 0.1606 0.5295, 1.8307 0.2117 0.536, 1.8307 0.2117 0.5299, 1.8268 0.2117 0.536, 1.8268 0.2117 0.5299, 1.8307 0.1899 0.536, 1.8268 0.1999 0.536, 1.8268 0.1899 0.536, 1.8307 0.1899 0.5539, 1.8268 0.1899 0.5539, 1.8307 0.209 0.5539, 1.8268 0.1999 0.5539, 1.8268 0.209 0.5539, 1.8307 0.209 0.5601, 1.8268 0.209 0.5601, 1.8268 0.1899 0.5601, 1.8307 0.1899 0.5601, 1.8268 0.1999 0.5601, 1.8307 0.1899 0.5771, 1.8268 0.1899 0.5771, 1.8268 0.2105 0.5771, 1.8307 0.2105 0.5771, 1.8268 0.1999 0.5771, 1.8307 0.2105 0.5833, 1.8268 0.2105 0.5833, 1.8268 0.183 0.5833, 1.8307 0.183 0.5833, 1.8268 0.1999 0.5833, 1.8307 0.183 0.5299, 1.8268 0.183 0.5299, 1.8268 0.1999 0.5299, 1.8307 0.2578 0.5541, 1.8307 0.265 0.5535, 1.8307 0.258 0.5571, 1.8307 0.2652 0.5573, 1.8307 0.2573 0.5633, 1.8307 0.2645 0.5638, 1.8307 0.2559 0.5673, 1.8307 0.2627 0.569, 1.8307 0.2538 0.5704, 1.8307 0.2595 0.5738, 1.8307 0.2521 0.5721, 1.8307 0.2572 0.5762, 1.8307 0.248 0.5748, 1.8307 0.2522 0.5797, 1.8307 0.2434 0.5764, 1.8307 0.2458 0.5822, 1.8307 0.2367 0.5771, 1.8307 0.237 0.5833, 1.8307 0.2287 0.5771, 1.8307 0.2218 0.5833, 1.8307 0.2287 0.536, 1.8307 0.2218 0.5299, 1.8307 0.2364 0.536, 1.8307 0.2365 0.5299, 1.8307 0.243 0.5367, 1.8307 0.2454 0.531, 1.8307 0.2476 0.5383, 1.8307 0.2515 0.5333, 1.8307 0.2512 0.5406, 1.8307 0.2566 0.5369, 1.8307 0.2523 0.5416, 1.8307 0.2572 0.5374, 1.8307 0.2551 0.5451, 1.8307 0.261 0.5418, 1.8307 0.2569 0.5491, 1.8307 0.2637 0.5473, 1.8268 0.2365 0.5299, 1.8268 0.2218 0.5299, 1.8268 0.2454 0.531, 1.8268 0.2515 0.5333, 1.8268 0.2566 0.5369, 1.8268 0.2572 0.5374, 1.8268 0.261 0.5418, 1.8268 0.2637 0.5473, 1.8268 0.265 0.5535, 1.8268 0.2652 0.5573, 1.8268 0.2645 0.5638, 1.8268 0.2627 0.569, 1.8268 0.2595 0.5738, 1.8268 0.2572 0.5762, 1.8268 0.2522 0.5797, 1.8268 0.2458 0.5822, 1.8268 0.237 0.5833, 1.8268 0.2218 0.5833, 1.8268 0.2367 0.5771, 1.8268 0.2287 0.5771, 1.8268 0.2287 0.536, 1.8268 0.2364 0.536, 1.8268 0.2523 0.5416, 1.8268 0.2512 0.5406, 1.8268 0.2476 0.5383, 1.8268 0.243 0.5367, 1.8268 0.258 0.5571, 1.8268 0.2578 0.5541, 1.8268 0.2569 0.5491, 1.8268 0.2551 0.5451, 1.8268 0.2521 0.5721, 1.8268 0.2538 0.5704, 1.8268 0.2559 0.5673, 1.8268 0.2573 0.5633, 1.8268 0.2434 0.5764, 1.8268 0.248 0.5748
            ]
        }
        coordIndex [
            0,1,2,-1,3,4,5,-1,3,5,6,-1,6,5,7,-1,6,7,2,-1,2,7,8,-1,2,8,0,-1,9,1,10,-1,10,1,0,-1,10,11,9,-1,9,11,12,-1,13,14,15,-1,15,14,12,-1,15,12,16,-1,16,12,11,-1,13,17,14,-1,14,17,18,-1,17,19,18,-1,18,19,20,-1,18,20,21,-1,21,20,22,-1,21,22,23,-1,23,22,24,-1,23,24,25,-1,25,24,26,-1,25,26,27,-1,27,26,28,-1,27,28,29,-1,29,28,30,-1,29,30,31,-1,31,30,32,-1,31,32,33,-1,33,32,34,-1,33,34,35,-1,35,34,36,-1,35,36,37,-1,37,36,38,-1,37,38,39,-1,39,38,40,-1,39,40,41,-1,41,40,42,-1,41,42,43,-1,43,42,44,-1,43,44,45,-1,45,44,46,-1,45,46,47,-1,47,46,48,-1,47,48,49,-1,49,48,50,-1,49,50,51,-1,51,50,52,-1,51,52,53,-1,53,52,54,-1,53,54,55,-1,55,54,56,-1,55,56,57,-1,57,56,58,-1,57,58,59,-1,59,58,60,-1,59,60,61,-1,61,60,62,-1,61,62,63,-1,63,62,64,-1,63,64,65,-1,65,64,66,-1,65,66,67,-1,67,66,68,-1,67,68,69,-1,69,68,70,-1,69,70,71,-1,71,70,72,-1,71,72,73,-1,73,72,74,-1,73,74,75,-1,76,75,77,-1,77,75,74,-1,76,77,78,-1,76,78,79,-1,79,78,80,-1,79,80,81,-1,81,80,82,-1,81,82,83,-1,83,82,84,-1,83,84,85,-1,85,84,86,-1,85,86,87,-1,86,88,87,-1,87,88,89,-1,88,90,89,-1,89,90,91,-1,89,91,92,-1,92,91,93,-1,92,93,94,-1,94,93,95,-1,94,95,96,-1,96,95,97,-1,96,97,98,-1,98,97,99,-1,98,99,100,-1,100,99,101,-1,100,101,102,-1,103,104,105,-1,102,101,106,-1,102,106,107,-1,107,106,108,-1,107,108,105,-1,105,108,109,-1,105,109,103,-1,104,103,110,-1,104,110,111,-1,111,110,112,-1,111,112,113,-1,113,112,114,-1,113,114,115,-1,115,114,116,-1,115,116,117,-1,117,116,118,-1,117,118,119,-1,119,118,120,-1,119,120,121,-1,121,120,122,-1,121,122,123,-1,123,122,124,-1,123,124,125,-1,125,124,126,-1,125,126,127,-1,127,126,128,-1,127,128,129,-1,129,128,130,-1,129,130,131,-1,131,130,132,-1,131,132,133,-1,133,132,134,-1,133,134,135,-1,135,134,4,-1,135,4,3,-1,61,63,85,-1,85,63,83,-1,111,43,104,-1,104,43,45,-1,21,23,127,-1,127,23,25,-1,127,25,125,-1,125,25,27,-1,125,27,123,-1,123,27,29,-1,123,29,121,-1,121,29,31,-1,121,31,119,-1,119,31,33,-1,119,33,117,-1,117,33,35,-1,117,35,115,-1,115,35,37,-1,115,37,113,-1,113,37,39,-1,113,39,111,-1,111,39,41,-1,111,41,43,-1,14,3,12,-1,12,3,6,-1,12,6,9,-1,9,6,2,-1,9,2,1,-1,63,65,83,-1,83,65,67,-1,83,67,81,-1,81,67,69,-1,81,69,79,-1,79,69,71,-1,79,71,76,-1,76,71,73,-1,76,73,75,-1,127,129,21,-1,21,129,131,-1,21,131,18,-1,18,131,133,-1,18,133,14,-1,14,133,135,-1,14,135,3,-1,85,87,61,-1,61,87,89,-1,61,89,59,-1,59,89,92,-1,59,92,57,-1,57,92,94,-1,57,94,55,-1,55,94,96,-1,55,96,53,-1,53,96,98,-1,53,98,51,-1,51,98,100,-1,51,100,49,-1,49,100,102,-1,49,102,47,-1,47,102,107,-1,47,107,45,-1,45,107,105,-1,45,105,104,-1,136,137,138,-1,138,137,139,-1,140,136,141,-1,141,136,138,-1,140,141,142,-1,140,142,143,-1,143,142,144,-1,143,144,145,-1,146,145,147,-1,147,145,144,-1,148,146,149,-1,149,146,147,-1,148,149,150,-1,150,149,151,-1,150,151,152,-1,153,150,154,-1,154,150,152,-1,153,154,155,-1,155,154,156,-1,155,156,157,-1,158,159,160,-1,160,159,155,-1,160,155,157,-1,159,158,161,-1,162,163,161,-1,161,163,164,-1,161,164,159,-1,162,165,163,-1,163,165,166,-1,163,166,167,-1,167,166,168,-1,167,168,169,-1,169,168,170,-1,169,170,171,-1,171,170,172,-1,171,172,173,-1,173,172,174,-1,173,174,175,-1,176,175,177,-1,177,175,174,-1,176,177,178,-1,176,178,179,-1,179,178,180,-1,179,180,181,-1,181,180,182,-1,181,182,183,-1,183,182,184,-1,183,184,185,-1,184,186,185,-1,185,186,187,-1,185,187,188,-1,188,187,189,-1,188,189,190,-1,190,189,191,-1,190,191,192,-1,192,191,193,-1,192,193,194,-1,139,137,195,-1,195,137,194,-1,195,194,193,-1,143,145,194,-1,137,136,194,-1,194,136,140,-1,194,140,143,-1,150,153,148,-1,148,153,155,-1,148,155,146,-1,192,164,190,-1,190,164,163,-1,175,176,173,-1,173,176,179,-1,173,179,171,-1,171,179,181,-1,171,181,169,-1,169,181,183,-1,169,183,167,-1,167,183,185,-1,167,185,163,-1,163,185,188,-1,163,188,190,-1,145,146,194,-1,194,146,155,-1,194,155,192,-1,192,155,159,-1,192,159,164,-1,196,197,198,-1,198,197,199,-1,196,198,200,-1,200,198,201,-1,200,201,202,-1,203,200,204,-1,204,200,202,-1,203,204,205,-1,205,204,206,-1,205,206,207,-1,208,205,209,-1,209,205,207,-1,210,211,212,-1,212,211,208,-1,212,208,209,-1,213,211,214,-1,214,211,210,-1,215,216,217,-1,217,216,213,-1,217,213,214,-1,218,216,219,-1,219,216,215,-1,220,221,222,-1,222,221,218,-1,222,218,219,-1,223,221,224,-1,224,221,220,-1,223,224,197,-1,197,224,225,-1,197,225,199,-1,223,197,196,-1,196,200,223,-1,223,200,203,-1,223,203,221,-1,216,218,213,-1,213,218,221,-1,213,221,211,-1,211,221,203,-1,211,203,208,-1,208,203,205,-1,226,227,228,-1,228,227,229,-1,228,229,230,-1,230,229,231,-1,230,231,232,-1,232,231,233,-1,232,233,234,-1,234,233,235,-1,234,235,236,-1,236,235,237,-1,236,237,238,-1,238,237,239,-1,238,239,240,-1,240,239,241,-1,240,241,242,-1,242,241,243,-1,242,243,244,-1,244,243,245,-1,244,245,246,-1,246,245,247,-1,246,247,248,-1,248,247,249,-1,248,249,250,-1,250,249,251,-1,250,251,252,-1,252,251,253,-1,252,253,254,-1,254,253,255,-1,254,255,256,-1,256,255,257,-1,256,257,258,-1,258,257,259,-1,258,259,260,-1,260,259,261,-1,260,261,226,-1,226,261,227,-1,249,247,262,-1,262,247,263,-1,249,262,264,-1,249,264,251,-1,251,264,265,-1,251,265,253,-1,253,265,266,-1,253,266,255,-1,255,266,267,-1,255,267,257,-1,257,267,268,-1,257,268,259,-1,259,268,269,-1,259,269,261,-1,261,269,270,-1,261,270,227,-1,227,270,271,-1,227,271,229,-1,229,271,272,-1,229,272,231,-1,231,272,273,-1,231,273,233,-1,233,273,274,-1,233,274,235,-1,235,274,275,-1,235,275,237,-1,237,275,276,-1,237,276,239,-1,239,276,277,-1,239,277,241,-1,241,277,278,-1,241,278,243,-1,245,243,279,-1,279,243,278,-1,247,245,263,-1,263,245,279,-1,242,244,280,-1,280,244,281,-1,244,246,281,-1,281,246,282,-1,246,248,282,-1,282,248,283,-1,256,284,285,-1,256,285,254,-1,254,285,286,-1,254,286,252,-1,252,286,287,-1,252,287,250,-1,250,287,283,-1,250,283,248,-1,228,288,289,-1,228,289,226,-1,226,289,290,-1,226,290,260,-1,260,290,291,-1,260,291,258,-1,258,291,284,-1,258,284,256,-1,236,292,293,-1,236,293,234,-1,234,293,294,-1,234,294,232,-1,232,294,295,-1,232,295,230,-1,230,295,288,-1,230,288,228,-1,242,280,296,-1,242,296,240,-1,240,296,297,-1,240,297,238,-1,238,297,292,-1,238,292,236,-1,
        ]
    }
}
Shape{
    appearance Appearance {
        material  Material 	{
            diffuseColor 0.35294117647058826 0.35294117647058826 0.35294117647058826
            specularColor 0.10196078431372549 0.10196078431372549 0.10196078431372549
            ambientIntensity 0.502
            transparency 0.0
            shininess 0.5
        }
    }
    geometry IndexedFaceSet {
        ccw TRUE
        solid FALSE
        coord DEF co Coordinate {
            point [
                1.8268 0.2287 0.5771, 1.8268 0.2287 0.536, 1.8268 0.2367 0.5771, 1.8268 0.2364 0.536, 1.8268 0.243 0.5367, 1.8268 0.2476 0.5383, 1.8268 0.2512 0.5406, 1.8268 0.2523 0.5416, 1.8268 0.2551 0.5451, 1.8268 0.2569 0.5491, 1.8268 0.2578 0.5541, 1.8268 0.258 0.5571, 1.8268 0.2573 0.5633, 1.8268 0.2559 0.5673, 1.8268 0.2538 0.5704, 1.8268 0.2521 0.5721, 1.8268 0.2434 0.5764, 1.8268 0.248 0.5748
            ]
        }
        coordIndex [
            0,1,2,-1,2,1,3,-1,2,3,4,-1,4,5,2,-1,2,5,6,-1,2,6,7,-1,7,8,2,-1,2,8,9,-1,2,9,10,-1,10,11,2,-1,2,11,12,-1,2,12,13,-1,13,14,2,-1,2,14,15,-1,2,15,16,-1,16,15,17,-1,
        ]
    }
}
Shape{
    appearance Appearance {
        material  Material 	{
            diffuseColor 0.7529411764705882 0.7529411764705882 0.7529411764705882
            specularColor 0.3764705882352941 0.3764705882352941 0.3764705882352941
            ambientIntensity 0.7529
            transparency 0.0
            shininess 0.5
        }
    }
    geometry IndexedFaceSet {
        ccw TRUE
        solid FALSE
        coord DEF co Coordinate {
            point [
                1.8307 0.2831 0.5505, 1.8307 0.2809 0.5445, 1.8307 0.301 0.5505, 1.8307 0.3032 0.5445, 1.8307 0.2911 0.5727, 1.8307 0.2885 0.5833, 1.8307 0.2682 0.5299, 1.8307 0.2758 0.5299, 1.8307 0.2916 0.5743, 1.8307 0.292 0.5765, 1.8307 0.2959 0.5833, 1.8307 0.2921 0.5765, 1.8307 0.2926 0.5742, 1.8307 0.293 0.5727, 1.8307 0.3162 0.5299, 1.8307 0.3086 0.5299, 1.8268 0.2959 0.5833, 1.8268 0.3162 0.5299, 1.8268 0.2885 0.5833, 1.8268 0.2682 0.5299, 1.8268 0.2758 0.5299, 1.8268 0.2809 0.5445, 1.8268 0.3032 0.5445, 1.8268 0.3086 0.5299, 1.8268 0.2831 0.5505, 1.8268 0.301 0.5505, 1.8268 0.293 0.5727, 1.8268 0.2921 0.5765, 1.8268 0.2926 0.5742, 1.8268 0.292 0.5765, 1.8268 0.2911 0.5727, 1.8268 0.2916 0.5743
            ]
        }
        coordIndex [
            0,1,2,-1,2,1,3,-1,4,5,0,-1,0,5,6,-1,0,6,1,-1,1,6,7,-1,4,8,5,-1,5,8,9,-1,5,9,10,-1,10,9,11,-1,10,11,12,-1,12,13,10,-1,10,13,2,-1,10,2,14,-1,14,2,3,-1,14,3,15,-1,10,14,16,-1,16,14,17,-1,5,10,18,-1,18,10,16,-1,6,5,19,-1,19,5,18,-1,7,6,20,-1,20,6,19,-1,1,7,21,-1,21,7,20,-1,3,1,22,-1,22,1,21,-1,15,3,23,-1,23,3,22,-1,14,15,17,-1,17,15,23,-1,0,2,24,-1,24,2,25,-1,2,13,25,-1,25,13,26,-1,11,27,28,-1,11,28,12,-1,12,28,26,-1,12,26,13,-1,11,9,27,-1,27,9,29,-1,4,30,31,-1,4,31,8,-1,8,31,29,-1,8,29,9,-1,4,0,30,-1,30,0,24,-1,
        ]
    }
}
Shape{
    appearance Appearance {
        material  Material 	{
            diffuseColor 0.35294117647058826 0.35294117647058826 0.35294117647058826
            specularColor 0.10196078431372549 0.10196078431372549 0.10196078431372549
            ambientIntensity 0.502
            transparency 0.0
            shininess 0.5
        }
    }
    geometry IndexedFaceSet {
        ccw TRUE
        solid FALSE
        coord DEF co Coordinate {
            point [
                1.8268 0.2921 0.5765, 1.8268 0.292 0.5765, 1.8268 0.2926 0.5742, 1.8268 0.2916 0.5743, 1.8268 0.293 0.5727, 1.8268 0.2911 0.5727, 1.8268 0.301 0.5505, 1.8268 0.2831 0.5505
            ]
        }
        coordIndex [
            0,1,2,-1,2,1,3,-1,2,3,4,-1,4,3,5,-1,4,5,6,-1,6,5,7,-1,
        ]
    }
}
Shape{
    appearance Appearance {
        material  Material 	{
            diffuseColor 0.7529411764705882 0.7529411764705882 0.7529411764705882
            specularColor 0.3764705882352941 0.3764705882352941 0.3764705882352941
            ambientIntensity 0.7529
            transparency 0.0
            shininess 0.5
        }
    }
    geometry IndexedFaceSet {
        ccw TRUE
        solid FALSE
        coord DEF co Coordinate {
            point [
                1.8307 -0.2107 0.6218, 1.8307 -0.2022 0.6263, 1.8307 -0.2042 0.6497, 1.8307 -0.1374 0.5208, 1.8307 -0.1329 0.5292, 1.8307 -0.1306 0.5386, 1.8307 -0.1805 0.6508, 1.8307 -0.1687 0.6231, 1.8307 -0.1629 0.6351, 1.8307 -0.1828 0.5376, 1.8307 -0.1835 0.5412, 1.8307 -0.204 0.5559, 1.8307 -0.2044 0.5305, 1.8307 -0.2092 0.5319, 1.8307 -0.2123 0.561, 1.8307 -0.1892 0.6515, 1.8307 -0.0773 0.5745, 1.8307 -0.089 0.5946, 1.8307 -0.1304 0.5464, 1.8307 -0.1399 0.5681, 1.8307 -0.1304 0.5426, 1.8307 -0.1507 0.5091, 1.8307 -0.1431 0.5143, 1.8307 -0.1813 0.5344, 1.8307 -0.1949 0.5153, 1.8307 -0.2006 0.5223, 1.8307 -0.1727 0.6599, 1.8307 -0.1544 0.6453, 1.8307 -0.1638 0.6675, 1.8307 -0.1443 0.6527, 1.8307 -0.1545 0.6732, 1.8307 -0.1929 0.6286, 1.8307 -0.1888 0.6288, 1.8307 -0.1849 0.6513, 1.8307 -0.1799 0.6277, 1.8307 -0.1713 0.6245, 1.8307 -0.1567 0.5336, 1.8307 -0.1588 0.5313, 1.8307 -0.1616 0.5292, 1.8307 -0.1591 0.5058, 1.8307 -0.1649 0.5279, 1.8307 -0.1684 0.5047, 1.8307 -0.1687 0.5274, 1.8307 -0.1698 0.5047, 1.8307 -0.1694 0.5275, 1.8307 -0.1787 0.5061, 1.8307 -0.1728 0.528, 1.8307 -0.1875 0.5098, 1.8307 -0.1762 0.5295, 1.8307 -0.1791 0.5317, 1.8307 -0.1549 0.5475, 1.8307 -0.154 0.544, 1.8307 -0.154 0.5405, 1.8307 -0.1549 0.5369, 1.8307 -0.0572 0.5297, 1.8307 -0.0594 0.5529, 1.8307 -0.0795 0.5297, 1.8307 -0.0765 0.5529, 1.8307 -0.0817 0.5301, 1.8307 -0.1833 0.5449, 1.8307 -0.1822 0.5484, 1.8307 -0.1998 0.564, 1.8307 -0.1802 0.5516, 1.8307 -0.1936 0.5712, 1.8307 -0.1787 0.5532, 1.8307 -0.1858 0.5766, 1.8307 -0.1758 0.5553, 1.8307 -0.1774 0.5798, 1.8307 -0.1724 0.5566, 1.8307 -0.1684 0.581, 1.8307 -0.1687 0.557, 1.8307 -0.1638 0.5807, 1.8307 -0.1656 0.5567, 1.8307 -0.1546 0.5784, 1.8307 -0.162 0.5554, 1.8307 -0.1465 0.5741, 1.8307 -0.159 0.5534, 1.8307 -0.1565 0.5507, 1.8307 -0.0647 0.6121, 1.8307 -0.0617 0.6121, 1.8307 -0.0461 0.6326, 1.8307 -0.0555 0.6114, 1.8307 -0.0443 0.632, 1.8307 -0.0488 0.6091, 1.8307 -0.033 0.6264, 1.8307 -0.0428 0.6052, 1.8307 -0.0227 0.6177, 1.8307 -0.0378 0.5999, 1.8307 -0.015 0.6069, 1.8307 -0.0342 0.5933, 1.8307 -0.0103 0.5953, 1.8307 -0.0323 0.5861, 1.8307 -0.0086 0.5829, 1.8307 -0.0321 0.5825, 1.8307 -0.0103 0.5693, 1.8307 -0.0328 0.5762, 1.8307 -0.0151 0.5573, 1.8307 -0.0351 0.5693, 1.8307 -0.0226 0.5468, 1.8307 -0.0391 0.5633, 1.8307 -0.0329 0.5381, 1.8307 -0.0428 0.5595, 1.8307 -0.0445 0.5324, 1.8307 -0.049 0.5556, 1.8307 -0.0561 0.5533, 1.8307 -0.0666 0.6626, 1.8307 -0.0815 0.6452, 1.8307 -0.0541 0.648, 1.8307 -0.073 0.635, 1.8307 -0.0671 0.6227, 1.8307 -0.2257 0.6, 1.8307 -0.2506 0.5937, 1.8307 -0.2268 0.5908, 1.8307 -0.2507 0.5901, 1.8307 -0.2263 0.5849, 1.8307 -0.2489 0.5752, 1.8307 -0.2236 0.5756, 1.8307 -0.2434 0.561, 1.8307 -0.2191 0.568, 1.8307 -0.2348 0.5487, 1.8307 -0.2229 0.5386, 1.8307 -0.0784 0.5532, 1.8307 -0.0875 0.5337, 1.8307 -0.0867 0.5328, 1.8307 -0.137 0.68, 1.8307 -0.1319 0.6577, 1.8307 -0.1183 0.6823, 1.8307 -0.1179 0.6595, 1.8307 -0.1026 0.6806, 1.8307 -0.105 0.6579, 1.8307 -0.0836 0.6739, 1.8307 -0.0931 0.6534, 1.8307 -0.0824 0.646, 1.8307 -0.2182 0.6442, 1.8307 -0.2303 0.6357, 1.8307 -0.2171 0.6161, 1.8307 -0.2329 0.6333, 1.8307 -0.2224 0.6085, 1.8307 -0.242 0.6216, 1.8307 -0.2481 0.6079, 1.8307 -0.0773 0.553, 1.8307 -0.0842 0.5311, 1.8307 -0.0905 0.5415, 1.8307 -0.0902 0.5387, 1.8307 -0.0892 0.5361, 1.8307 -0.0817 0.5529, 1.8307 -0.0843 0.5518, 1.8307 -0.0905 0.543, 1.8307 -0.0867 0.5502, 1.8307 -0.0882 0.5485, 1.8307 -0.0897 0.5459, 1.8307 -0.0788 0.5533, 1.8268 -0.0086 0.5829, 1.8268 -0.0103 0.5953, 1.8268 -0.0116 0.5985, 1.8268 -0.015 0.6069, 1.8268 -0.0227 0.6177, 1.8268 -0.033 0.6264, 1.8268 -0.0443 0.632, 1.8268 -0.0461 0.6326, 1.8268 -0.0541 0.648, 1.8268 -0.0666 0.6626, 1.8268 -0.0754 0.6684, 1.8268 -0.0836 0.6739, 1.8268 -0.1026 0.6806, 1.8268 -0.1183 0.6823, 1.8268 -0.1638 0.6675, 1.8268 -0.1623 0.6684, 1.8268 -0.1545 0.6732, 1.8268 -0.137 0.68, 1.8268 -0.1727 0.6599, 1.8268 -0.1805 0.6508, 1.8268 -0.1849 0.6513, 1.8268 -0.1892 0.6515, 1.8268 -0.2042 0.6497, 1.8268 -0.2182 0.6442, 1.8268 -0.2303 0.6357, 1.8268 -0.2329 0.6333, 1.8268 -0.2481 0.6079, 1.8268 -0.242 0.6216, 1.8268 -0.2497 0.5985, 1.8268 -0.2506 0.5937, 1.8268 -0.2507 0.5901, 1.8268 -0.2489 0.5752, 1.8268 -0.2434 0.561, 1.8268 -0.2348 0.5487, 1.8268 -0.2229 0.5386, 1.8268 -0.2092 0.5319, 1.8268 -0.2044 0.5305, 1.8268 -0.2039 0.5295, 1.8268 -0.2006 0.5223, 1.8268 -0.1949 0.5153, 1.8268 -0.1875 0.5098, 1.8268 -0.184 0.5083, 1.8268 -0.1787 0.5061, 1.8268 -0.1698 0.5047, 1.8268 -0.1684 0.5047, 1.8268 -0.1304 0.5426, 1.8268 -0.1591 0.5058, 1.8268 -0.1526 0.5083, 1.8268 -0.1507 0.5091, 1.8268 -0.1431 0.5143, 1.8268 -0.1374 0.5208, 1.8268 -0.1329 0.5292, 1.8268 -0.1328 0.5295, 1.8268 -0.1306 0.5386, 1.8268 -0.1304 0.5464, 1.8268 -0.0773 0.5745, 1.8268 -0.089 0.5946, 1.8268 -0.1399 0.5681, 1.8268 -0.1465 0.5741, 1.8268 -0.1546 0.5784, 1.8268 -0.1638 0.5807, 1.8268 -0.1684 0.581, 1.8268 -0.1774 0.5798, 1.8268 -0.1858 0.5766, 1.8268 -0.1936 0.5712, 1.8268 -0.1998 0.564, 1.8268 -0.204 0.5559, 1.8268 -0.2123 0.561, 1.8268 -0.2191 0.568, 1.8268 -0.2236 0.5756, 1.8268 -0.2263 0.5849, 1.8268 -0.2268 0.5908, 1.8268 -0.2259 0.5985, 1.8268 -0.2257 0.6, 1.8268 -0.2224 0.6085, 1.8268 -0.2171 0.6161, 1.8268 -0.2107 0.6218, 1.8268 -0.2022 0.6263, 1.8268 -0.1929 0.6286, 1.8268 -0.1888 0.6288, 1.8268 -0.1799 0.6277, 1.8268 -0.1713 0.6245, 1.8268 -0.1687 0.6231, 1.8268 -0.1629 0.6351, 1.8268 -0.1544 0.6453, 1.8268 -0.1443 0.6527, 1.8268 -0.1319 0.6577, 1.8268 -0.1179 0.6595, 1.8268 -0.105 0.6579, 1.8268 -0.0931 0.6534, 1.8268 -0.0824 0.646, 1.8268 -0.0815 0.6452, 1.8268 -0.073 0.635, 1.8268 -0.0671 0.6227, 1.8268 -0.0647 0.6121, 1.8268 -0.0617 0.6121, 1.8268 -0.0555 0.6114, 1.8268 -0.0488 0.6091, 1.8268 -0.0428 0.6052, 1.8268 -0.0378 0.5999, 1.8268 -0.037 0.5985, 1.8268 -0.0342 0.5933, 1.8268 -0.0323 0.5861, 1.8268 -0.0321 0.5825, 1.8268 -0.0328 0.5762, 1.8268 -0.0351 0.5693, 1.8268 -0.0391 0.5633, 1.8268 -0.0428 0.5595, 1.8268 -0.049 0.5556, 1.8268 -0.0561 0.5533, 1.8268 -0.0594 0.5529, 1.8268 -0.0765 0.5529, 1.8268 -0.0773 0.553, 1.8268 -0.0784 0.5532, 1.8268 -0.0788 0.5533, 1.8268 -0.0817 0.5529, 1.8268 -0.0843 0.5518, 1.8268 -0.0867 0.5502, 1.8268 -0.0882 0.5485, 1.8268 -0.0897 0.5459, 1.8268 -0.0905 0.543, 1.8268 -0.0905 0.5415, 1.8268 -0.0902 0.5387, 1.8268 -0.0892 0.5361, 1.8268 -0.0875 0.5337, 1.8268 -0.0867 0.5328, 1.8268 -0.0842 0.5311, 1.8268 -0.0817 0.5301, 1.8268 -0.0795 0.5297, 1.8268 -0.0572 0.5297, 1.8268 -0.0445 0.5324, 1.8268 -0.0329 0.5381, 1.8268 -0.0226 0.5468, 1.8268 -0.0151 0.5573, 1.8268 -0.0103 0.5693, 1.8268 -0.1687 0.557, 1.8268 -0.1656 0.5567, 1.8268 -0.162 0.5554, 1.8268 -0.159 0.5534, 1.8268 -0.1565 0.5507, 1.8268 -0.1549 0.5475, 1.8268 -0.154 0.544, 1.8268 -0.154 0.5405, 1.8268 -0.1549 0.5369, 1.8268 -0.1567 0.5336, 1.8268 -0.1588 0.5313, 1.8268 -0.1616 0.5292, 1.8268 -0.1649 0.5279, 1.8268 -0.1687 0.5274, 1.8268 -0.1694 0.5275, 1.8268 -0.1728 0.528, 1.8268 -0.1762 0.5295, 1.8268 -0.1791 0.5317, 1.8268 -0.1813 0.5344, 1.8268 -0.1828 0.5376, 1.8268 -0.1835 0.5412, 1.8268 -0.1833 0.5449, 1.8268 -0.1822 0.5484, 1.8268 -0.1802 0.5516, 1.8268 -0.1787 0.5532, 1.8268 -0.1758 0.5553, 1.8268 -0.1724 0.5566
            ]
        }
        coordIndex [
            0,1,2,-1,3,4,5,-1,6,7,8,-1,9,10,11,-1,12,11,13,-1,13,11,14,-1,2,1,15,-1,16,17,18,-1,18,17,19,-1,18,19,20,-1,20,19,21,-1,20,21,5,-1,5,21,22,-1,5,22,3,-1,23,9,24,-1,24,9,11,-1,24,11,25,-1,25,11,12,-1,6,8,26,-1,26,8,27,-1,26,27,28,-1,28,27,29,-1,28,29,30,-1,1,31,15,-1,15,31,32,-1,15,32,33,-1,33,32,34,-1,33,34,6,-1,6,34,35,-1,6,35,7,-1,36,37,21,-1,21,37,38,-1,21,38,39,-1,39,38,40,-1,39,40,41,-1,41,40,42,-1,41,42,43,-1,43,42,44,-1,43,44,45,-1,45,44,46,-1,45,46,47,-1,47,46,48,-1,47,48,24,-1,24,48,49,-1,24,49,23,-1,50,51,19,-1,19,51,52,-1,19,52,21,-1,21,52,53,-1,21,53,36,-1,54,55,56,-1,56,55,57,-1,56,57,58,-1,10,59,11,-1,11,59,60,-1,11,60,61,-1,61,60,62,-1,61,62,63,-1,63,62,64,-1,63,64,65,-1,65,64,66,-1,65,66,67,-1,67,66,68,-1,67,68,69,-1,69,68,70,-1,69,70,71,-1,71,70,72,-1,71,72,73,-1,73,72,74,-1,73,74,75,-1,75,74,76,-1,75,76,19,-1,19,76,77,-1,19,77,50,-1,78,79,80,-1,80,79,81,-1,80,81,82,-1,82,81,83,-1,82,83,84,-1,84,83,85,-1,84,85,86,-1,86,85,87,-1,86,87,88,-1,88,87,89,-1,88,89,90,-1,90,89,91,-1,90,91,92,-1,92,91,93,-1,92,93,94,-1,94,93,95,-1,94,95,96,-1,96,95,97,-1,96,97,98,-1,98,97,99,-1,98,99,100,-1,100,99,101,-1,100,101,102,-1,102,101,103,-1,102,103,54,-1,54,103,104,-1,54,104,55,-1,105,106,107,-1,107,106,108,-1,107,108,80,-1,80,108,109,-1,80,109,78,-1,110,111,112,-1,112,111,113,-1,112,113,114,-1,114,113,115,-1,114,115,116,-1,116,115,117,-1,116,117,118,-1,118,117,119,-1,118,119,14,-1,14,119,120,-1,14,120,13,-1,121,122,123,-1,30,29,124,-1,124,29,125,-1,124,125,126,-1,126,125,127,-1,126,127,128,-1,128,127,129,-1,128,129,130,-1,130,129,131,-1,130,131,105,-1,105,131,132,-1,105,132,106,-1,2,133,0,-1,0,133,134,-1,0,134,135,-1,135,134,136,-1,135,136,137,-1,137,136,138,-1,137,138,110,-1,110,138,139,-1,110,139,111,-1,57,140,58,-1,58,140,121,-1,58,121,141,-1,141,121,123,-1,142,143,121,-1,121,143,144,-1,121,144,122,-1,145,146,147,-1,146,148,147,-1,147,148,149,-1,147,149,150,-1,142,121,147,-1,147,121,151,-1,147,151,145,-1,92,152,153,-1,92,153,90,-1,90,153,154,-1,90,154,88,-1,154,155,88,-1,88,155,156,-1,88,156,86,-1,86,156,157,-1,86,157,84,-1,84,157,158,-1,84,158,82,-1,82,158,159,-1,82,159,80,-1,80,159,160,-1,80,160,107,-1,107,160,161,-1,107,161,105,-1,105,161,130,-1,130,161,162,-1,162,163,130,-1,130,163,164,-1,130,164,128,-1,128,164,165,-1,128,165,126,-1,166,28,167,-1,167,28,30,-1,167,30,168,-1,168,30,124,-1,168,124,169,-1,169,124,126,-1,169,126,165,-1,28,166,170,-1,28,170,26,-1,26,170,171,-1,26,171,6,-1,6,171,172,-1,6,172,33,-1,33,172,173,-1,33,173,15,-1,15,173,174,-1,15,174,2,-1,2,174,175,-1,2,175,133,-1,133,175,176,-1,133,176,134,-1,134,176,177,-1,134,177,136,-1,178,138,179,-1,179,138,136,-1,179,136,177,-1,180,111,178,-1,178,111,139,-1,178,139,138,-1,180,181,111,-1,111,181,182,-1,111,182,113,-1,113,182,183,-1,113,183,115,-1,115,183,184,-1,115,184,117,-1,117,184,185,-1,117,185,119,-1,119,185,186,-1,119,186,120,-1,120,186,187,-1,120,187,13,-1,13,187,188,-1,13,188,12,-1,12,188,189,-1,12,189,25,-1,189,190,25,-1,25,190,191,-1,25,191,24,-1,24,191,192,-1,24,192,47,-1,47,192,193,-1,47,193,45,-1,193,194,45,-1,45,194,195,-1,45,195,43,-1,43,195,196,-1,43,196,41,-1,197,20,5,-1,41,196,198,-1,41,198,39,-1,39,198,199,-1,39,199,21,-1,199,200,21,-1,21,200,201,-1,21,201,22,-1,22,201,202,-1,22,202,3,-1,3,202,203,-1,3,203,4,-1,4,203,204,-1,4,204,5,-1,5,204,205,-1,5,205,197,-1,18,20,206,-1,206,20,197,-1,16,18,207,-1,207,18,206,-1,17,16,208,-1,208,16,207,-1,19,17,209,-1,209,17,208,-1,19,209,210,-1,19,210,75,-1,75,210,211,-1,75,211,73,-1,73,211,212,-1,73,212,71,-1,71,212,213,-1,71,213,69,-1,69,213,214,-1,69,214,67,-1,67,214,215,-1,67,215,65,-1,65,215,216,-1,65,216,63,-1,63,216,217,-1,63,217,61,-1,61,217,218,-1,61,218,11,-1,11,218,219,-1,11,219,14,-1,14,219,220,-1,14,220,118,-1,118,220,221,-1,118,221,116,-1,116,221,222,-1,116,222,114,-1,114,222,223,-1,114,223,112,-1,223,224,112,-1,112,224,110,-1,224,225,110,-1,110,225,226,-1,110,226,137,-1,137,226,227,-1,137,227,135,-1,135,227,228,-1,135,228,0,-1,0,228,229,-1,0,229,1,-1,1,229,230,-1,1,230,31,-1,31,230,231,-1,31,231,32,-1,32,231,232,-1,32,232,34,-1,34,232,233,-1,34,233,35,-1,35,233,234,-1,35,234,7,-1,7,234,235,-1,7,235,8,-1,8,235,236,-1,8,236,27,-1,27,236,237,-1,27,237,29,-1,29,237,238,-1,29,238,125,-1,125,238,239,-1,125,239,127,-1,127,239,240,-1,127,240,129,-1,129,240,241,-1,129,241,131,-1,131,241,242,-1,131,242,132,-1,132,242,243,-1,132,243,106,-1,106,243,244,-1,106,244,108,-1,108,244,245,-1,108,245,109,-1,109,245,246,-1,109,246,78,-1,79,78,247,-1,247,78,246,-1,79,247,248,-1,79,248,81,-1,81,248,249,-1,81,249,83,-1,83,249,250,-1,83,250,85,-1,85,250,251,-1,85,251,87,-1,87,251,252,-1,87,252,89,-1,252,253,89,-1,89,253,254,-1,89,254,91,-1,91,254,255,-1,91,255,93,-1,93,255,256,-1,93,256,95,-1,95,256,257,-1,95,257,97,-1,97,257,258,-1,97,258,99,-1,99,258,259,-1,99,259,101,-1,101,259,260,-1,101,260,103,-1,103,260,261,-1,103,261,104,-1,104,261,262,-1,104,262,55,-1,57,55,263,-1,263,55,262,-1,57,263,264,-1,57,264,140,-1,140,264,265,-1,140,265,121,-1,121,265,266,-1,121,266,151,-1,151,266,267,-1,151,267,145,-1,145,267,268,-1,145,268,146,-1,146,268,269,-1,146,269,148,-1,148,269,270,-1,148,270,149,-1,149,270,271,-1,149,271,150,-1,150,271,272,-1,150,272,147,-1,147,272,273,-1,147,273,142,-1,142,273,274,-1,142,274,143,-1,143,274,275,-1,143,275,144,-1,144,275,276,-1,144,276,122,-1,122,276,277,-1,122,277,123,-1,123,277,278,-1,123,278,141,-1,141,278,279,-1,141,279,58,-1,58,279,280,-1,58,280,56,-1,54,56,281,-1,281,56,280,-1,54,281,282,-1,54,282,102,-1,102,282,283,-1,102,283,100,-1,100,283,284,-1,100,284,98,-1,98,284,285,-1,98,285,96,-1,96,285,286,-1,96,286,94,-1,94,286,152,-1,94,152,92,-1,70,287,288,-1,70,288,72,-1,72,288,289,-1,72,289,74,-1,74,289,290,-1,74,290,76,-1,76,290,291,-1,76,291,77,-1,77,291,292,-1,77,292,50,-1,50,292,293,-1,50,293,51,-1,51,293,294,-1,51,294,52,-1,52,294,295,-1,52,295,53,-1,53,295,296,-1,53,296,36,-1,36,296,297,-1,36,297,37,-1,37,297,298,-1,37,298,38,-1,38,298,299,-1,38,299,40,-1,40,299,300,-1,40,300,42,-1,42,300,301,-1,42,301,44,-1,44,301,302,-1,44,302,46,-1,46,302,303,-1,46,303,48,-1,48,303,304,-1,48,304,49,-1,49,304,305,-1,49,305,23,-1,23,305,306,-1,23,306,9,-1,9,306,307,-1,9,307,10,-1,10,307,308,-1,10,308,59,-1,59,308,309,-1,59,309,60,-1,60,309,310,-1,60,310,62,-1,62,310,311,-1,62,311,64,-1,64,311,312,-1,64,312,66,-1,66,312,313,-1,66,313,68,-1,68,313,287,-1,68,287,70,-1,
        ]
    }
}
Shape{
    appearance Appearance {
        material  Material 	{
            diffuseColor 0.35294117647058826 0.35294117647058826 0.35294117647058826
            specularColor 0.10196078431372549 0.10196078431372549 0.10196078431372549
            ambientIntensity 0.502
            transparency 0.0
            shininess 0.5
        }
    }
    geometry IndexedFaceSet {
        ccw TRUE
        solid FALSE
        coord DEF co Coordinate {
            point [
                1.8268 -0.1694 0.5275, 1.8268 -0.1787 0.5532, 1.8268 -0.1802 0.5516, 1.8268 -0.1649 0.5279, 1.8268 -0.1616 0.5292, 1.8268 -0.1656 0.5567, 1.8268 -0.1687 0.557, 1.8268 -0.1724 0.5566, 1.8268 -0.1758 0.5553, 1.8268 -0.1828 0.5376, 1.8268 -0.1813 0.5344, 1.8268 -0.1791 0.5317, 1.8268 -0.1687 0.5274, 1.8268 -0.1822 0.5484, 1.8268 -0.1833 0.5449, 1.8268 -0.1835 0.5412, 1.8268 -0.1762 0.5295, 1.8268 -0.1728 0.528, 1.8268 -0.1588 0.5313, 1.8268 -0.1567 0.5336, 1.8268 -0.1549 0.5369, 1.8268 -0.154 0.5405, 1.8268 -0.154 0.544, 1.8268 -0.1549 0.5475, 1.8268 -0.1565 0.5507, 1.8268 -0.159 0.5534, 1.8268 -0.162 0.5554, 1.8264 0.3792 1.6539, 1.8268 0.374 1.6535, 1.8268 0.374 1.1679, 1.8254 0.3842 1.6549, 1.8254 0.3842 0.0, 1.8268 0.374 0.6684, 1.8268 0.374 0.5985, 1.8268 0.374 0.5295, 1.8268 0.374 0.5083, 1.8268 0.374 0.0, 1.8215 0.3937 0.0, 1.8215 0.3937 1.6588, 1.8238 0.3891 1.6565, 1.8152 0.4019 0.0, 1.8071 0.4081 0.0, 1.8071 0.4081 1.6588, 1.8114 0.4053 1.6617, 1.8152 0.4019 1.6651, 1.8186 0.398 1.6617, 1.7976 0.412 0.0, 1.7874 0.4134 0.0, 1.7874 0.4134 1.6535, 1.7925 0.413 1.6539, 1.7976 0.412 1.6549, 1.8025 0.4104 1.6565, 1.8238 -0.3891 1.6565, 1.8215 -0.3937 1.6588, 1.8215 -0.3937 0.0, 1.7976 -0.412 0.0, 1.8071 -0.4081 0.0, 1.8071 -0.4081 1.6588, 1.8025 -0.4104 1.6565, 1.7976 -0.412 1.6549, 1.7874 -0.4134 0.0, 1.7925 -0.413 1.6539, 1.7874 -0.4134 1.6535, 1.8152 -0.4019 0.0, 1.8186 -0.398 1.6617, 1.8152 -0.4019 1.6651, 1.8114 -0.4053 1.6617, 1.8254 -0.3842 0.0, 1.8268 -0.374 0.0, 1.8268 -0.374 0.5083, 1.8268 -0.374 1.1679, 1.8268 -0.374 1.6535, 1.8264 -0.3792 1.6539, 1.8268 -0.374 0.5295, 1.8268 -0.374 0.5985, 1.8268 -0.374 0.6684, 1.8254 -0.3842 1.6549, -1.8294 -0.3842 0.0, -1.8254 -0.3937 0.0, -1.8254 -0.3937 1.6588, -1.8277 -0.3891 1.6565, -1.8294 -0.3842 1.6549, -1.8307 -0.374 0.0, -1.8304 -0.3792 1.6539, -1.8307 -0.374 1.6535, -1.8192 -0.4019 0.0, -1.811 -0.4081 0.0, -1.811 -0.4081 1.6588, -1.8153 -0.4053 1.6617, -1.8192 -0.4019 1.6651, -1.8226 -0.398 1.6617, -1.8015 -0.412 0.0, -1.7913 -0.4134 0.0, -1.7913 -0.4134 1.6535, -1.7965 -0.413 1.6539, -1.8015 -0.412 1.6549, -1.8064 -0.4104 1.6565, -1.8015 0.412 0.0, -1.811 0.4081 0.0, -1.811 0.4081 1.6588, -1.8064 0.4104 1.6565, -1.8015 0.412 1.6549, -1.7913 0.4134 0.0, -1.7965 0.413 1.6539, -1.7913 0.4134 1.6535, -1.8192 0.4019 0.0, -1.8254 0.3937 0.0, -1.8254 0.3937 1.6588, -1.8226 0.398 1.6617, -1.8192 0.4019 1.6651, -1.8153 0.4053 1.6617, -1.8294 0.3842 0.0, -1.8307 0.374 0.0, -1.8307 0.374 1.6535, -1.8304 0.3792 1.6539, -1.8294 0.3842 1.6549, -1.8277 0.3891 1.6565
            ]
        }
        coordIndex [
            0,1,2,-1,3,4,5,-1,6,7,0,-1,0,7,8,-1,0,8,1,-1,9,10,2,-1,2,10,11,-1,6,0,5,-1,5,0,12,-1,5,12,3,-1,13,14,2,-1,2,14,15,-1,2,15,9,-1,11,16,2,-1,2,16,17,-1,2,17,0,-1,4,18,5,-1,5,18,19,-1,5,19,20,-1,20,21,5,-1,5,21,22,-1,5,22,23,-1,23,24,5,-1,5,24,25,-1,5,25,26,-1,27,28,29,-1,27,29,30,-1,31,32,33,-1,33,34,31,-1,31,34,35,-1,31,35,36,-1,31,37,38,-1,29,32,30,-1,30,32,31,-1,30,31,39,-1,39,31,38,-1,40,41,42,-1,42,43,40,-1,40,43,44,-1,40,44,37,-1,37,44,45,-1,37,45,38,-1,46,47,48,-1,48,49,46,-1,46,49,50,-1,46,50,41,-1,41,50,51,-1,41,51,42,-1,52,53,54,-1,55,56,57,-1,57,58,55,-1,55,58,59,-1,55,59,60,-1,60,59,61,-1,60,61,62,-1,54,53,63,-1,53,64,63,-1,63,64,65,-1,63,65,56,-1,56,65,66,-1,56,66,57,-1,67,68,69,-1,70,71,72,-1,69,73,67,-1,67,73,74,-1,67,74,75,-1,52,54,76,-1,76,54,67,-1,76,67,72,-1,72,67,75,-1,72,75,70,-1,77,78,79,-1,79,80,77,-1,77,80,81,-1,77,81,82,-1,82,81,83,-1,82,83,84,-1,85,86,87,-1,87,88,85,-1,85,88,89,-1,85,89,78,-1,78,89,90,-1,78,90,79,-1,91,92,93,-1,93,94,91,-1,91,94,95,-1,91,95,86,-1,86,95,96,-1,86,96,87,-1,97,98,99,-1,99,100,97,-1,97,100,101,-1,97,101,102,-1,102,101,103,-1,102,103,104,-1,105,106,107,-1,107,108,105,-1,105,108,109,-1,105,109,98,-1,98,109,110,-1,98,110,99,-1,111,112,113,-1,113,114,111,-1,111,114,115,-1,111,115,106,-1,106,115,116,-1,106,116,107,-1,
        ]
    }
}