#VRML V2.0 utf8
# 3D model generated by easyeda2kicad.py (https://github.com/uPesy/easyeda2kicad.py)

Shape{
    appearance Appearance {
        material  Material 	{
            diffuseColor 0.25098039215686274 0.25098039215686274 0.25098039215686274
            specularColor 0.2196078431372549 0.2196078431372549 0.2196078431372549
            ambientIntensity 0.251
            transparency 0.0
            shininess 0.5
        }
    }
    geometry IndexedFaceSet {
        ccw TRUE
        solid FALSE
        coord DEF co Coordinate {
            point [
                3.895 0.3 -0.0055, 3.745 0.3 -0.0055, 3.895 0.5 -0.0055, 3.745 0.5 -0.0055, 3.895 0.5 0.0945, 3.895 0.3 0.0945, 3.745 0.3 0.0945, 3.745 0.5 0.0945, 3.255 0.3 -0.0055, 3.105 0.3 -0.0055, 3.255 0.5 -0.0055, 3.105 0.5 -0.0055, 3.255 0.5 0.0945, 3.255 0.3 0.0945, 3.105 0.3 0.0945, 3.105 0.5 0.0945, 2.895 0.3 -0.0055, 2.745 0.3 -0.0055, 2.895 0.5 -0.0055, 2.745 0.5 -0.0055, 2.895 0.5 0.0945, 2.895 0.3 0.0945, 2.745 0.3 0.0945, 2.745 0.5 0.0945, 2.255 0.3 -0.0055, 2.105 0.3 -0.0055, 2.255 0.5 -0.0055, 2.105 0.5 -0.0055, 2.255 0.5 0.0945, 2.255 0.3 0.0945, 2.105 0.3 0.0945, 2.105 0.5 0.0945, 1.895 0.3 -0.0055, 1.745 0.3 -0.0055, 1.895 0.5 -0.0055, 1.745 0.5 -0.0055, 1.895 0.5 0.0945, 1.895 0.3 0.0945, 1.745 0.3 0.0945, 1.745 0.5 0.0945, 1.255 0.3 -0.0055, 1.105 0.3 -0.0055, 1.255 0.5 -0.0055, 1.105 0.5 -0.0055, 1.255 0.5 0.0945, 1.255 0.3 0.0945, 1.105 0.3 0.0945, 1.105 0.5 0.0945, 0.895 0.3 -0.0055, 0.745 0.3 -0.0055, 0.895 0.5 -0.0055, 0.745 0.5 -0.0055, 0.895 0.5 0.0945, 0.895 0.3 0.0945, 0.745 0.3 0.0945, 0.745 0.5 0.0945, 0.255 0.3 -0.0055, 0.105 0.3 -0.0055, 0.255 0.5 -0.0055, 0.105 0.5 -0.0055, 0.255 0.5 0.0945, 0.255 0.3 0.0945, 0.105 0.3 0.0945, 0.105 0.5 0.0945, -0.105 0.3 -0.0055, -0.255 0.3 -0.0055, -0.105 0.5 -0.0055, -0.255 0.5 -0.0055, -0.105 0.5 0.0945, -0.105 0.3 0.0945, -0.255 0.3 0.0945, -0.255 0.5 0.0945, -0.745 0.3 -0.0055, -0.895 0.3 -0.0055, -0.745 0.5 -0.0055, -0.895 0.5 -0.0055, -0.745 0.5 0.0945, -0.745 0.3 0.0945, -0.895 0.3 0.0945, -0.895 0.5 0.0945, -1.105 0.3 -0.0055, -1.255 0.3 -0.0055, -1.105 0.5 -0.0055, -1.255 0.5 -0.0055, -1.105 0.5 0.0945, -1.105 0.3 0.0945, -1.255 0.3 0.0945, -1.255 0.5 0.0945, -1.745 0.3 -0.0055, -1.895 0.3 -0.0055, -1.745 0.5 -0.0055, -1.895 0.5 -0.0055, -1.745 0.5 0.0945, -1.745 0.3 0.0945, -1.895 0.3 0.0945, -1.895 0.5 0.0945, -2.105 0.3 -0.0055, -2.255 0.3 -0.0055, -2.105 0.5 -0.0055, -2.255 0.5 -0.0055, -2.105 0.5 0.0945, -2.105 0.3 0.0945, -2.255 0.3 0.0945, -2.255 0.5 0.0945, -2.745 0.3 -0.0055, -2.895 0.3 -0.0055, -2.745 0.5 -0.0055, -2.895 0.5 -0.0055, -2.745 0.5 0.0945, -2.745 0.3 0.0945, -2.895 0.3 0.0945, -2.895 0.5 0.0945, -3.105 0.3 -0.0055, -3.255 0.3 -0.0055, -3.105 0.5 -0.0055, -3.255 0.5 -0.0055, -3.105 0.5 0.0945, -3.105 0.3 0.0945, -3.255 0.3 0.0945, -3.255 0.5 0.0945, -3.745 0.3 -0.0055, -3.895 0.3 -0.0055, -3.745 0.5 -0.0055, -3.895 0.5 -0.0055, -3.745 0.5 0.0945, -3.745 0.3 0.0945, -3.895 0.3 0.0945, -3.895 0.5 0.0945, 3.895 -0.5 -0.0055, 3.745 -0.5 -0.0055, 3.895 -0.3 -0.0055, 3.745 -0.3 -0.0055, 3.895 -0.3 0.0945, 3.895 -0.5 0.0945, 3.745 -0.5 0.0945, 3.745 -0.3 0.0945, 3.255 -0.5 -0.0055, 3.105 -0.5 -0.0055, 3.255 -0.3 -0.0055, 3.105 -0.3 -0.0055, 3.255 -0.3 0.0945, 3.255 -0.5 0.0945, 3.105 -0.5 0.0945, 3.105 -0.3 0.0945, 2.895 -0.5 -0.0055, 2.745 -0.5 -0.0055, 2.895 -0.3 -0.0055, 2.745 -0.3 -0.0055, 2.895 -0.3 0.0945, 2.895 -0.5 0.0945, 2.745 -0.5 0.0945, 2.745 -0.3 0.0945, 2.255 -0.5 -0.0055, 2.105 -0.5 -0.0055, 2.255 -0.3 -0.0055, 2.105 -0.3 -0.0055, 2.255 -0.3 0.0945, 2.255 -0.5 0.0945, 2.105 -0.5 0.0945, 2.105 -0.3 0.0945, 1.895 -0.5 -0.0055, 1.745 -0.5 -0.0055, 1.895 -0.3 -0.0055, 1.745 -0.3 -0.0055, 1.895 -0.3 0.0945, 1.895 -0.5 0.0945, 1.745 -0.5 0.0945, 1.745 -0.3 0.0945, 1.255 -0.5 -0.0055, 1.105 -0.5 -0.0055, 1.255 -0.3 -0.0055, 1.105 -0.3 -0.0055, 1.255 -0.3 0.0945, 1.255 -0.5 0.0945, 1.105 -0.5 0.0945, 1.105 -0.3 0.0945, 0.895 -0.5 -0.0055, 0.745 -0.5 -0.0055, 0.895 -0.3 -0.0055, 0.745 -0.3 -0.0055, 0.895 -0.3 0.0945, 0.895 -0.5 0.0945, 0.745 -0.5 0.0945, 0.745 -0.3 0.0945, 0.255 -0.5 -0.0055, 0.105 -0.5 -0.0055, 0.255 -0.3 -0.0055, 0.105 -0.3 -0.0055, 0.255 -0.3 0.0945, 0.255 -0.5 0.0945, 0.105 -0.5 0.0945, 0.105 -0.3 0.0945, -0.105 -0.5 -0.0055, -0.255 -0.5 -0.0055, -0.105 -0.3 -0.0055, -0.255 -0.3 -0.0055, -0.105 -0.3 0.0945, -0.105 -0.5 0.0945, -0.255 -0.5 0.0945, -0.255 -0.3 0.0945, -0.745 -0.5 -0.0055, -0.895 -0.5 -0.0055, -0.745 -0.3 -0.0055, -0.895 -0.3 -0.0055, -0.745 -0.3 0.0945, -0.745 -0.5 0.0945, -0.895 -0.5 0.0945, -0.895 -0.3 0.0945, -1.105 -0.5 -0.0055, -1.255 -0.5 -0.0055, -1.105 -0.3 -0.0055, -1.255 -0.3 -0.0055, -1.105 -0.3 0.0945, -1.105 -0.5 0.0945, -1.255 -0.5 0.0945, -1.255 -0.3 0.0945, -1.745 -0.5 -0.0055, -1.895 -0.5 -0.0055, -1.745 -0.3 -0.0055, -1.895 -0.3 -0.0055, -1.745 -0.3 0.0945, -1.745 -0.5 0.0945, -1.895 -0.5 0.0945, -1.895 -0.3 0.0945, -2.105 -0.5 -0.0055, -2.255 -0.5 -0.0055, -2.105 -0.3 -0.0055, -2.255 -0.3 -0.0055, -2.105 -0.3 0.0945, -2.105 -0.5 0.0945, -2.255 -0.5 0.0945, -2.255 -0.3 0.0945, -2.745 -0.5 -0.0055, -2.895 -0.5 -0.0055, -2.745 -0.3 -0.0055, -2.895 -0.3 -0.0055, -2.745 -0.3 0.0945, -2.745 -0.5 0.0945, -2.895 -0.5 0.0945, -2.895 -0.3 0.0945, -3.105 -0.5 -0.0055, -3.255 -0.5 -0.0055, -3.105 -0.3 -0.0055, -3.255 -0.3 -0.0055, -3.105 -0.3 0.0945, -3.105 -0.5 0.0945, -3.255 -0.5 0.0945, -3.255 -0.3 0.0945, -3.745 -0.5 -0.0055, -3.895 -0.5 -0.0055, -3.745 -0.3 -0.0055, -3.895 -0.3 -0.0055, -3.745 -0.3 0.0945, -3.745 -0.5 0.0945, -3.895 -0.5 0.0945, -3.895 -0.3 0.0945, -4.0 -0.5 0.9945, 4.0 -0.5 0.9945, -4.0 0.5 0.9945, 4.0 0.5 0.9945, 4.0 0.5 0.0945, 4.0 -0.5 0.0945, -4.0 -0.5 0.0945, -4.0 0.5 0.0945
            ]
        }
        coordIndex [
            0,1,2,-1,2,1,3,-1,4,5,2,-1,2,5,0,-1,5,6,0,-1,0,6,1,-1,6,7,1,-1,1,7,3,-1,8,9,10,-1,10,9,11,-1,12,13,10,-1,10,13,8,-1,13,14,8,-1,8,14,9,-1,14,15,9,-1,9,15,11,-1,16,17,18,-1,18,17,19,-1,20,21,18,-1,18,21,16,-1,21,22,16,-1,16,22,17,-1,22,23,17,-1,17,23,19,-1,24,25,26,-1,26,25,27,-1,28,29,26,-1,26,29,24,-1,29,30,24,-1,24,30,25,-1,30,31,25,-1,25,31,27,-1,32,33,34,-1,34,33,35,-1,36,37,34,-1,34,37,32,-1,37,38,32,-1,32,38,33,-1,38,39,33,-1,33,39,35,-1,40,41,42,-1,42,41,43,-1,44,45,42,-1,42,45,40,-1,45,46,40,-1,40,46,41,-1,46,47,41,-1,41,47,43,-1,48,49,50,-1,50,49,51,-1,52,53,50,-1,50,53,48,-1,53,54,48,-1,48,54,49,-1,54,55,49,-1,49,55,51,-1,56,57,58,-1,58,57,59,-1,60,61,58,-1,58,61,56,-1,61,62,56,-1,56,62,57,-1,62,63,57,-1,57,63,59,-1,64,65,66,-1,66,65,67,-1,68,69,66,-1,66,69,64,-1,69,70,64,-1,64,70,65,-1,70,71,65,-1,65,71,67,-1,72,73,74,-1,74,73,75,-1,76,77,74,-1,74,77,72,-1,77,78,72,-1,72,78,73,-1,78,79,73,-1,73,79,75,-1,80,81,82,-1,82,81,83,-1,84,85,82,-1,82,85,80,-1,85,86,80,-1,80,86,81,-1,86,87,81,-1,81,87,83,-1,88,89,90,-1,90,89,91,-1,92,93,90,-1,90,93,88,-1,93,94,88,-1,88,94,89,-1,94,95,89,-1,89,95,91,-1,96,97,98,-1,98,97,99,-1,100,101,98,-1,98,101,96,-1,101,102,96,-1,96,102,97,-1,102,103,97,-1,97,103,99,-1,104,105,106,-1,106,105,107,-1,108,109,106,-1,106,109,104,-1,109,110,104,-1,104,110,105,-1,110,111,105,-1,105,111,107,-1,112,113,114,-1,114,113,115,-1,116,117,114,-1,114,117,112,-1,117,118,112,-1,112,118,113,-1,118,119,113,-1,113,119,115,-1,120,121,122,-1,122,121,123,-1,124,125,122,-1,122,125,120,-1,125,126,120,-1,120,126,121,-1,126,127,121,-1,121,127,123,-1,128,129,130,-1,130,129,131,-1,132,133,130,-1,130,133,128,-1,134,135,129,-1,129,135,131,-1,135,132,131,-1,131,132,130,-1,136,137,138,-1,138,137,139,-1,140,141,138,-1,138,141,136,-1,142,143,137,-1,137,143,139,-1,143,140,139,-1,139,140,138,-1,144,145,146,-1,146,145,147,-1,148,149,146,-1,146,149,144,-1,150,151,145,-1,145,151,147,-1,151,148,147,-1,147,148,146,-1,152,153,154,-1,154,153,155,-1,156,157,154,-1,154,157,152,-1,158,159,153,-1,153,159,155,-1,159,156,155,-1,155,156,154,-1,160,161,162,-1,162,161,163,-1,164,165,162,-1,162,165,160,-1,166,167,161,-1,161,167,163,-1,167,164,163,-1,163,164,162,-1,168,169,170,-1,170,169,171,-1,172,173,170,-1,170,173,168,-1,174,175,169,-1,169,175,171,-1,175,172,171,-1,171,172,170,-1,176,177,178,-1,178,177,179,-1,180,181,178,-1,178,181,176,-1,182,183,177,-1,177,183,179,-1,183,180,179,-1,179,180,178,-1,184,185,186,-1,186,185,187,-1,188,189,186,-1,186,189,184,-1,190,191,185,-1,185,191,187,-1,191,188,187,-1,187,188,186,-1,192,193,194,-1,194,193,195,-1,196,197,194,-1,194,197,192,-1,198,199,193,-1,193,199,195,-1,199,196,195,-1,195,196,194,-1,200,201,202,-1,202,201,203,-1,204,205,202,-1,202,205,200,-1,206,207,201,-1,201,207,203,-1,207,204,203,-1,203,204,202,-1,208,209,210,-1,210,209,211,-1,212,213,210,-1,210,213,208,-1,214,215,209,-1,209,215,211,-1,215,212,211,-1,211,212,210,-1,216,217,218,-1,218,217,219,-1,220,221,218,-1,218,221,216,-1,222,223,217,-1,217,223,219,-1,223,220,219,-1,219,220,218,-1,224,225,226,-1,226,225,227,-1,228,229,226,-1,226,229,224,-1,230,231,225,-1,225,231,227,-1,231,228,227,-1,227,228,226,-1,232,233,234,-1,234,233,235,-1,236,237,234,-1,234,237,232,-1,238,239,233,-1,233,239,235,-1,239,236,235,-1,235,236,234,-1,240,241,242,-1,242,241,243,-1,244,245,242,-1,242,245,240,-1,246,247,241,-1,241,247,243,-1,247,244,243,-1,243,244,242,-1,248,249,250,-1,250,249,251,-1,252,253,250,-1,250,253,248,-1,254,255,249,-1,249,255,251,-1,255,252,251,-1,251,252,250,-1,256,257,258,-1,258,257,259,-1,259,257,260,-1,260,257,261,-1,133,261,257,-1,257,256,254,-1,254,256,262,-1,246,241,240,-1,245,238,257,-1,240,245,246,-1,246,245,257,-1,246,257,253,-1,253,257,254,-1,253,254,248,-1,248,254,249,-1,230,225,224,-1,229,222,257,-1,224,229,230,-1,230,229,257,-1,230,257,237,-1,237,257,238,-1,237,238,232,-1,232,238,233,-1,214,209,208,-1,213,206,257,-1,208,213,214,-1,214,213,257,-1,214,257,221,-1,221,257,222,-1,221,222,216,-1,216,222,217,-1,198,193,192,-1,197,190,257,-1,192,197,198,-1,198,197,257,-1,198,257,205,-1,205,257,206,-1,205,206,200,-1,200,206,201,-1,182,177,176,-1,181,174,257,-1,176,181,182,-1,182,181,257,-1,182,257,189,-1,189,257,190,-1,189,190,184,-1,184,190,185,-1,166,161,160,-1,165,158,257,-1,160,165,166,-1,166,165,257,-1,166,257,173,-1,173,257,174,-1,173,174,168,-1,168,174,169,-1,150,145,144,-1,149,142,257,-1,144,149,150,-1,150,149,257,-1,150,257,157,-1,157,257,158,-1,157,158,152,-1,152,158,153,-1,134,129,128,-1,128,133,134,-1,134,133,257,-1,134,257,141,-1,141,257,142,-1,141,142,136,-1,136,142,137,-1,256,258,262,-1,262,258,263,-1,127,263,258,-1,258,259,4,-1,4,259,260,-1,12,10,11,-1,15,20,258,-1,11,15,12,-1,12,15,258,-1,12,258,7,-1,7,258,4,-1,7,4,3,-1,3,4,2,-1,28,26,27,-1,31,36,258,-1,27,31,28,-1,28,31,258,-1,28,258,23,-1,23,258,20,-1,23,20,19,-1,19,20,18,-1,44,42,43,-1,47,52,258,-1,43,47,44,-1,44,47,258,-1,44,258,39,-1,39,258,36,-1,39,36,35,-1,35,36,34,-1,60,58,59,-1,63,68,258,-1,59,63,60,-1,60,63,258,-1,60,258,55,-1,55,258,52,-1,55,52,51,-1,51,52,50,-1,76,74,75,-1,79,84,258,-1,75,79,76,-1,76,79,258,-1,76,258,71,-1,71,258,68,-1,71,68,67,-1,67,68,66,-1,92,90,91,-1,95,100,258,-1,91,95,92,-1,92,95,258,-1,92,258,87,-1,87,258,84,-1,87,84,83,-1,83,84,82,-1,108,106,107,-1,111,116,258,-1,107,111,108,-1,108,111,258,-1,108,258,103,-1,103,258,100,-1,103,100,99,-1,99,100,98,-1,124,122,123,-1,123,127,124,-1,124,127,258,-1,124,258,119,-1,119,258,116,-1,119,116,115,-1,115,116,114,-1,143,142,149,-1,148,7,6,-1,4,260,5,-1,5,260,261,-1,149,148,143,-1,143,148,6,-1,143,6,140,-1,29,28,23,-1,150,157,151,-1,151,157,156,-1,134,141,135,-1,135,141,140,-1,140,6,135,-1,135,6,5,-1,135,5,132,-1,132,5,261,-1,132,261,133,-1,158,165,159,-1,159,165,164,-1,36,31,37,-1,37,31,30,-1,166,173,167,-1,167,173,172,-1,148,22,21,-1,159,38,156,-1,156,38,37,-1,156,37,151,-1,151,37,30,-1,151,30,148,-1,148,30,29,-1,148,29,22,-1,22,29,23,-1,12,7,13,-1,13,7,148,-1,13,148,14,-1,14,148,21,-1,14,21,15,-1,15,21,20,-1,174,181,175,-1,175,181,180,-1,52,47,53,-1,53,47,46,-1,182,189,183,-1,183,189,188,-1,175,54,172,-1,172,54,53,-1,172,53,167,-1,167,53,46,-1,167,46,164,-1,164,46,45,-1,164,45,159,-1,159,45,44,-1,159,44,38,-1,38,44,39,-1,190,197,191,-1,191,197,196,-1,68,63,69,-1,69,63,62,-1,198,205,199,-1,199,205,204,-1,191,70,188,-1,188,70,69,-1,188,69,183,-1,183,69,62,-1,183,62,180,-1,180,62,61,-1,180,61,175,-1,175,61,60,-1,175,60,54,-1,54,60,55,-1,206,213,207,-1,207,213,212,-1,84,79,85,-1,85,79,78,-1,214,221,215,-1,215,221,220,-1,207,86,204,-1,204,86,85,-1,204,85,199,-1,199,85,78,-1,199,78,196,-1,196,78,77,-1,196,77,191,-1,191,77,76,-1,191,76,70,-1,70,76,71,-1,222,229,223,-1,223,229,228,-1,100,95,101,-1,101,95,94,-1,230,237,231,-1,231,237,236,-1,223,102,220,-1,220,102,101,-1,220,101,215,-1,215,101,94,-1,215,94,212,-1,212,94,93,-1,212,93,207,-1,207,93,92,-1,207,92,86,-1,86,92,87,-1,238,245,239,-1,239,245,244,-1,247,246,253,-1,116,111,117,-1,117,111,110,-1,252,255,126,-1,239,118,236,-1,236,118,117,-1,236,117,231,-1,231,117,110,-1,231,110,228,-1,228,110,109,-1,228,109,223,-1,223,109,108,-1,223,108,102,-1,102,108,103,-1,254,262,255,-1,255,262,263,-1,255,263,126,-1,126,263,127,-1,253,252,247,-1,247,252,126,-1,247,126,244,-1,244,126,125,-1,244,125,239,-1,239,125,124,-1,239,124,118,-1,118,124,119,-1,
        ]
    }
}
Shape{
    appearance Appearance {
        material  Material 	{
            diffuseColor 1.0 1.0 0.0
            specularColor 0.8784313725490196 0.8784313725490196 0.0
            ambientIntensity 0.886
            transparency 0.0
            shininess 0.5
        }
    }
    geometry IndexedFaceSet {
        ccw TRUE
        solid FALSE
        coord DEF co Coordinate {
            point [
                3.95 -0.425 1.2745, -3.95 -0.425 1.2745, 3.95 0.425 1.2745, -3.95 0.425 1.2745, 3.3 -0.05 1.6276, 3.435 -0.05 2.9411, 3.3 0.05 1.6276, 3.435 0.05 2.9411, 3.565 -0.05 2.9411, 3.7 -0.05 1.6276, 3.565 0.05 2.9411, 3.7 0.05 1.6276, 3.515 -0.05 2.8545, 3.515 0.05 2.8545, 3.5749 -0.05 1.5229, 3.5749 0.05 1.5229, 3.5735 -0.05 1.5043, 3.5735 0.05 1.5043, 3.5675 -0.05 1.4867, 3.5675 0.05 1.4867, 3.5573 -0.05 1.4711, 3.5573 0.05 1.4711, 3.5437 -0.05 1.4585, 3.5437 0.05 1.4585, 3.5273 -0.05 1.4496, 3.5273 0.05 1.4496, 3.5093 -0.05 1.4451, 3.5093 0.05 1.4451, 3.4907 -0.05 1.4451, 3.4907 0.05 1.4451, 3.4727 -0.05 1.4496, 3.4727 0.05 1.4496, 3.4563 -0.05 1.4585, 3.4563 0.05 1.4585, 3.4427 -0.05 1.4711, 3.4427 0.05 1.4711, 3.4325 -0.05 1.4867, 3.4325 0.05 1.4867, 3.4265 -0.05 1.5043, 3.4265 0.05 1.5043, 3.4251 -0.05 1.5229, 3.4251 0.05 1.5229, 3.485 -0.05 2.8545, 3.485 0.05 2.8545, 2.435 -0.05 2.9411, 2.485 -0.05 2.8545, 2.435 0.05 2.9411, 2.485 0.05 2.8545, 2.4251 -0.05 1.5229, 2.4251 0.05 1.5229, 2.5749 -0.05 1.5229, 2.5749 0.05 1.5229, 2.5735 -0.05 1.5043, 2.5735 0.05 1.5043, 2.5675 -0.05 1.4867, 2.5675 0.05 1.4867, 2.5573 -0.05 1.4711, 2.5573 0.05 1.4711, 2.5437 -0.05 1.4585, 2.5437 0.05 1.4585, 2.5273 -0.05 1.4496, 2.5273 0.05 1.4496, 2.5093 -0.05 1.4451, 2.5093 0.05 1.4451, 2.4907 -0.05 1.4451, 2.4907 0.05 1.4451, 2.4727 -0.05 1.4496, 2.4727 0.05 1.4496, 2.4563 -0.05 1.4585, 2.4563 0.05 1.4585, 2.4427 -0.05 1.4711, 2.4427 0.05 1.4711, 2.4325 -0.05 1.4867, 2.4325 0.05 1.4867, 2.4265 -0.05 1.5043, 2.4265 0.05 1.5043, 2.515 -0.05 2.8545, 2.515 0.05 2.8545, 2.565 -0.05 2.9411, 2.565 0.05 2.9411, 2.7 -0.05 1.6276, 2.7 0.05 1.6276, 2.3 -0.05 1.6276, 2.3 0.05 1.6276, 1.435 -0.05 2.9411, 1.485 -0.05 2.8545, 1.435 0.05 2.9411, 1.485 0.05 2.8545, 1.4251 -0.05 1.5229, 1.4251 0.05 1.5229, 1.5749 -0.05 1.5229, 1.5749 0.05 1.5229, 1.5735 -0.05 1.5043, 1.5735 0.05 1.5043, 1.5675 -0.05 1.4867, 1.5675 0.05 1.4867, 1.5573 -0.05 1.4711, 1.5573 0.05 1.4711, 1.5437 -0.05 1.4585, 1.5437 0.05 1.4585, 1.5273 -0.05 1.4496, 1.5273 0.05 1.4496, 1.5093 -0.05 1.4451, 1.5093 0.05 1.4451, 1.4907 -0.05 1.4451, 1.4907 0.05 1.4451, 1.4727 -0.05 1.4496, 1.4727 0.05 1.4496, 1.4563 -0.05 1.4585, 1.4563 0.05 1.4585, 1.4427 -0.05 1.4711, 1.4427 0.05 1.4711, 1.4325 -0.05 1.4867, 1.4325 0.05 1.4867, 1.4265 -0.05 1.5043, 1.4265 0.05 1.5043, 1.515 -0.05 2.8545, 1.515 0.05 2.8545, 1.565 -0.05 2.9411, 1.565 0.05 2.9411, 1.7 -0.05 1.6276, 1.7 0.05 1.6276, 1.3 -0.05 1.6276, 1.3 0.05 1.6276, 0.435 -0.05 2.9411, 0.485 -0.05 2.8545, 0.435 0.05 2.9411, 0.485 0.05 2.8545, 0.4251 -0.05 1.5229, 0.4251 0.05 1.5229, 0.5749 -0.05 1.5229, 0.5749 0.05 1.5229, 0.5735 -0.05 1.5043, 0.5735 0.05 1.5043, 0.5675 -0.05 1.4867, 0.5675 0.05 1.4867, 0.5573 -0.05 1.4711, 0.5573 0.05 1.4711, 0.5437 -0.05 1.4585, 0.5437 0.05 1.4585, 0.5273 -0.05 1.4496, 0.5273 0.05 1.4496, 0.5093 -0.05 1.4451, 0.5093 0.05 1.4451, 0.4907 -0.05 1.4451, 0.4907 0.05 1.4451, 0.4727 -0.05 1.4496, 0.4727 0.05 1.4496, 0.4563 -0.05 1.4585, 0.4563 0.05 1.4585, 0.4427 -0.05 1.4711, 0.4427 0.05 1.4711, 0.4325 -0.05 1.4867, 0.4325 0.05 1.4867, 0.4265 -0.05 1.5043, 0.4265 0.05 1.5043, 0.515 -0.05 2.8545, 0.515 0.05 2.8545, 0.565 -0.05 2.9411, 0.565 0.05 2.9411, 0.7 -0.05 1.6276, 0.7 0.05 1.6276, 0.3 -0.05 1.6276, 0.3 0.05 1.6276, -0.565 -0.05 2.9411, -0.515 -0.05 2.8545, -0.565 0.05 2.9411, -0.515 0.05 2.8545, -0.5749 -0.05 1.5229, -0.5749 0.05 1.5229, -0.4251 -0.05 1.5229, -0.4251 0.05 1.5229, -0.4265 -0.05 1.5043, -0.4265 0.05 1.5043, -0.4325 -0.05 1.4867, -0.4325 0.05 1.4867, -0.4427 -0.05 1.4711, -0.4427 0.05 1.4711, -0.4563 -0.05 1.4585, -0.4563 0.05 1.4585, -0.4727 -0.05 1.4496, -0.4727 0.05 1.4496, -0.4907 -0.05 1.4451, -0.4907 0.05 1.4451, -0.5093 -0.05 1.4451, -0.5093 0.05 1.4451, -0.5273 -0.05 1.4496, -0.5273 0.05 1.4496, -0.5437 -0.05 1.4585, -0.5437 0.05 1.4585, -0.5573 -0.05 1.4711, -0.5573 0.05 1.4711, -0.5675 -0.05 1.4867, -0.5675 0.05 1.4867, -0.5735 -0.05 1.5043, -0.5735 0.05 1.5043, -0.485 -0.05 2.8545, -0.485 0.05 2.8545, -0.435 -0.05 2.9411, -0.435 0.05 2.9411, -0.3 -0.05 1.6276, -0.3 0.05 1.6276, -0.7 -0.05 1.6276, -0.7 0.05 1.6276, -1.565 -0.05 2.9411, -1.515 -0.05 2.8545, -1.565 0.05 2.9411, -1.515 0.05 2.8545, -1.5749 -0.05 1.5229, -1.5749 0.05 1.5229, -1.4251 -0.05 1.5229, -1.4251 0.05 1.5229, -1.4265 -0.05 1.5043, -1.4265 0.05 1.5043, -1.4325 -0.05 1.4867, -1.4325 0.05 1.4867, -1.4427 -0.05 1.4711, -1.4427 0.05 1.4711, -1.4563 -0.05 1.4585, -1.4563 0.05 1.4585, -1.4727 -0.05 1.4496, -1.4727 0.05 1.4496, -1.4907 -0.05 1.4451, -1.4907 0.05 1.4451, -1.5093 -0.05 1.4451, -1.5093 0.05 1.4451, -1.5273 -0.05 1.4496, -1.5273 0.05 1.4496, -1.5437 -0.05 1.4585, -1.5437 0.05 1.4585, -1.5573 -0.05 1.4711, -1.5573 0.05 1.4711, -1.5675 -0.05 1.4867, -1.5675 0.05 1.4867, -1.5735 -0.05 1.5043, -1.5735 0.05 1.5043, -1.485 -0.05 2.8545, -1.485 0.05 2.8545, -1.435 -0.05 2.9411, -1.435 0.05 2.9411, -1.3 -0.05 1.6276, -1.3 0.05 1.6276, -1.7 -0.05 1.6276, -1.7 0.05 1.6276, -2.565 -0.05 2.9411, -2.515 -0.05 2.8545, -2.565 0.05 2.9411, -2.515 0.05 2.8545, -2.5749 -0.05 1.5229, -2.5749 0.05 1.5229, -2.4251 -0.05 1.5229, -2.4251 0.05 1.5229, -2.4265 -0.05 1.5043, -2.4265 0.05 1.5043, -2.4325 -0.05 1.4867, -2.4325 0.05 1.4867, -2.4427 -0.05 1.4711, -2.4427 0.05 1.4711, -2.4563 -0.05 1.4585, -2.4563 0.05 1.4585, -2.4727 -0.05 1.4496, -2.4727 0.05 1.4496, -2.4907 -0.05 1.4451, -2.4907 0.05 1.4451, -2.5093 -0.05 1.4451, -2.5093 0.05 1.4451, -2.5273 -0.05 1.4496, -2.5273 0.05 1.4496, -2.5437 -0.05 1.4585, -2.5437 0.05 1.4585, -2.5573 -0.05 1.4711, -2.5573 0.05 1.4711, -2.5675 -0.05 1.4867, -2.5675 0.05 1.4867, -2.5735 -0.05 1.5043, -2.5735 0.05 1.5043, -2.485 -0.05 2.8545, -2.485 0.05 2.8545, -2.435 -0.05 2.9411, -2.435 0.05 2.9411, -2.3 -0.05 1.6276, -2.3 0.05 1.6276, -2.7 -0.05 1.6276, -2.7 0.05 1.6276, -3.565 -0.05 2.9411, -3.515 -0.05 2.8545, -3.565 0.05 2.9411, -3.515 0.05 2.8545, -3.5749 -0.05 1.5229, -3.5749 0.05 1.5229, -3.4251 -0.05 1.5229, -3.4251 0.05 1.5229, -3.4265 -0.05 1.5043, -3.4265 0.05 1.5043, -3.4325 -0.05 1.4867, -3.4325 0.05 1.4867, -3.4427 -0.05 1.4711, -3.4427 0.05 1.4711, -3.4563 -0.05 1.4585, -3.4563 0.05 1.4585, -3.4727 -0.05 1.4496, -3.4727 0.05 1.4496, -3.4907 -0.05 1.4451, -3.4907 0.05 1.4451, -3.5093 -0.05 1.4451, -3.5093 0.05 1.4451, -3.5273 -0.05 1.4496, -3.5273 0.05 1.4496, -3.5437 -0.05 1.4585, -3.5437 0.05 1.4585, -3.5573 -0.05 1.4711, -3.5573 0.05 1.4711, -3.5675 -0.05 1.4867, -3.5675 0.05 1.4867, -3.5735 -0.05 1.5043, -3.5735 0.05 1.5043, -3.485 -0.05 2.8545, -3.485 0.05 2.8545, -3.435 -0.05 2.9411, -3.435 0.05 2.9411, -3.3 -0.05 1.6276, -3.3 0.05 1.6276, -3.7 -0.05 1.6276, -3.7 0.05 1.6276, 3.95 -0.425 1.2945, 3.95 -0.2375 1.2945, 3.0 -0.2375 1.2945, 3.7 0.05 1.2945, 3.95 0.425 1.2945, 3.3 0.05 1.2945, 3.0 0.425 1.2945, 3.3 -0.05 1.2945, 3.7 -0.05 1.2945, 2.7 0.05 1.2945, 2.3 0.05 1.2945, 2.0 0.425 1.2945, 2.3 -0.05 1.2945, 2.0 -0.2375 1.2945, 2.7 -0.05 1.2945, 1.7 0.05 1.2945, 1.3 0.05 1.2945, 1.0 0.425 1.2945, 1.3 -0.05 1.2945, 1.0 -0.2375 1.2945, 1.7 -0.05 1.2945, 0.7 0.05 1.2945, 0.3 0.05 1.2945, 0.0 0.425 1.2945, 0.3 -0.05 1.2945, 0.0 -0.2375 1.2945, 0.7 -0.05 1.2945, -0.3 0.05 1.2945, -0.7 0.05 1.2945, -1.0 0.425 1.2945, -0.7 -0.05 1.2945, -1.0 -0.2375 1.2945, -0.3 -0.05 1.2945, -1.3 0.05 1.2945, -1.7 0.05 1.2945, -2.0 0.425 1.2945, -1.7 -0.05 1.2945, -2.0 -0.2375 1.2945, -1.3 -0.05 1.2945, -2.3 0.05 1.2945, -2.7 0.05 1.2945, -3.0 0.425 1.2945, -2.7 -0.05 1.2945, -3.0 -0.2375 1.2945, -2.3 -0.05 1.2945, -3.7 -0.05 1.2945, -3.825 -0.2375 1.2945, -3.3 -0.05 1.2945, -3.3 0.05 1.2945, -3.7 0.05 1.2945, -3.825 0.425 1.2945, -3.95 0.425 1.2945, -3.95 -0.2375 1.2945, 3.0 -0.425 1.2945, 2.0 -0.425 1.2945, 1.0 -0.425 1.2945, 0.0 -0.425 1.2945, -1.0 -0.425 1.2945, -2.0 -0.425 1.2945, -3.0 -0.425 1.2945, -3.825 -0.425 1.2945, -3.95 -0.425 1.2945, -3.375 0.125 -0.8055, -3.375 -0.125 -0.8055, -3.4327 0.0673 -0.9055, -3.4327 -0.0673 -0.9055, -3.5673 0.0673 -0.9055, -3.5673 -0.0673 -0.9055, -3.625 0.125 -0.8055, -3.625 -0.125 -0.8055, 3.625 0.125 -0.8055, 3.625 -0.125 -0.8055, 3.5673 0.0673 -0.9055, 3.5673 -0.0673 -0.9055, 3.4327 0.0673 -0.9055, 3.4327 -0.0673 -0.9055, 3.375 0.125 -0.8055, 3.375 -0.125 -0.8055, 2.625 0.125 -0.8055, 2.625 -0.125 -0.8055, 2.5673 0.0673 -0.9055, 2.5673 -0.0673 -0.9055, 2.4327 0.0673 -0.9055, 2.4327 -0.0673 -0.9055, 2.375 0.125 -0.8055, 2.375 -0.125 -0.8055, 1.625 0.125 -0.8055, 1.625 -0.125 -0.8055, 1.5673 0.0673 -0.9055, 1.5673 -0.0673 -0.9055, 1.4327 0.0673 -0.9055, 1.4327 -0.0673 -0.9055, 1.375 0.125 -0.8055, 1.375 -0.125 -0.8055, 0.625 0.125 -0.8055, 0.625 -0.125 -0.8055, 0.5673 0.0673 -0.9055, 0.5673 -0.0673 -0.9055, 0.4327 0.0673 -0.9055, 0.4327 -0.0673 -0.9055, 0.375 0.125 -0.8055, 0.375 -0.125 -0.8055, -0.375 0.125 -0.8055, -0.375 -0.125 -0.8055, -0.4327 0.0673 -0.9055, -0.4327 -0.0673 -0.9055, -0.5673 0.0673 -0.9055, -0.5673 -0.0673 -0.9055, -0.625 0.125 -0.8055, -0.625 -0.125 -0.8055, -1.375 0.125 -0.8055, -1.375 -0.125 -0.8055, -1.4327 0.0673 -0.9055, -1.4327 -0.0673 -0.9055, -1.5673 0.0673 -0.9055, -1.5673 -0.0673 -0.9055, -1.625 0.125 -0.8055, -1.625 -0.125 -0.8055, -2.375 0.125 -0.8055, -2.375 -0.125 -0.8055, -2.4327 0.0673 -0.9055, -2.4327 -0.0673 -0.9055, -2.5673 0.0673 -0.9055, -2.5673 -0.0673 -0.9055, -2.625 0.125 -0.8055, -2.625 -0.125 -0.8055, -3.95 -0.425 1.2445, -3.95 -0.275 1.2445, -3.7875 -0.425 1.2445, -3.7875 -0.275 1.2445, -3.0 -0.425 1.2445, -3.0 -0.275 1.2445, -2.0 -0.425 1.2445, -2.0 -0.275 1.2445, -1.0 -0.425 1.2445, -1.0 -0.275 1.2445, 0.0 -0.425 1.2445, 0.0 -0.275 1.2445, 1.0 -0.425 1.2445, 1.0 -0.275 1.2445, 2.0 -0.425 1.2445, 2.0 -0.275 1.2445, 3.0 -0.425 1.2445, 3.0 -0.275 1.2445, 3.95 -0.425 1.2445, 3.95 -0.275 1.2445, 3.625 -0.125 1.2445, 3.375 -0.125 1.2445, 3.375 0.125 1.2445, 3.0 0.425 1.2445, 3.625 0.125 1.2445, 3.95 0.425 1.2445, 2.625 -0.125 1.2445, 2.375 -0.125 1.2445, 2.375 0.125 1.2445, 2.0 0.425 1.2445, 2.625 0.125 1.2445, 1.625 -0.125 1.2445, 1.375 -0.125 1.2445, 1.375 0.125 1.2445, 1.0 0.425 1.2445, 1.625 0.125 1.2445, 0.625 -0.125 1.2445, 0.375 -0.125 1.2445, 0.375 0.125 1.2445, 0.0 0.425 1.2445, 0.625 0.125 1.2445, -0.375 -0.125 1.2445, -0.625 -0.125 1.2445, -0.625 0.125 1.2445, -1.0 0.425 1.2445, -0.375 0.125 1.2445, -1.375 -0.125 1.2445, -1.625 -0.125 1.2445, -1.625 0.125 1.2445, -2.0 0.425 1.2445, -1.375 0.125 1.2445, -2.375 -0.125 1.2445, -2.625 -0.125 1.2445, -2.625 0.125 1.2445, -3.0 0.425 1.2445, -2.375 0.125 1.2445, -3.7875 0.425 1.2445, -3.375 0.125 1.2445, -3.375 -0.125 1.2445, -3.625 -0.125 1.2445, -3.625 0.125 1.2445, -3.95 0.425 1.2445
            ]
        }
        coordIndex [
            0,1,2,-1,2,1,3,-1,4,5,6,-1,6,5,7,-1,8,9,10,-1,10,9,11,-1,12,8,13,-1,13,8,10,-1,14,12,15,-1,15,12,13,-1,14,15,16,-1,16,15,17,-1,16,17,18,-1,18,17,19,-1,18,19,20,-1,20,19,21,-1,20,21,22,-1,22,21,23,-1,22,23,24,-1,24,23,25,-1,24,25,26,-1,26,25,27,-1,26,27,28,-1,28,27,29,-1,28,29,30,-1,30,29,31,-1,30,31,32,-1,32,31,33,-1,32,33,34,-1,34,33,35,-1,34,35,36,-1,36,35,37,-1,36,37,38,-1,38,37,39,-1,38,39,40,-1,40,39,41,-1,42,40,43,-1,43,40,41,-1,5,42,7,-1,7,42,43,-1,44,45,46,-1,46,45,47,-1,45,48,47,-1,47,48,49,-1,50,51,52,-1,52,51,53,-1,52,53,54,-1,54,53,55,-1,54,55,56,-1,56,55,57,-1,56,57,58,-1,58,57,59,-1,58,59,60,-1,60,59,61,-1,60,61,62,-1,62,61,63,-1,62,63,64,-1,64,63,65,-1,64,65,66,-1,66,65,67,-1,66,67,68,-1,68,67,69,-1,68,69,70,-1,70,69,71,-1,70,71,72,-1,72,71,73,-1,72,73,74,-1,74,73,75,-1,74,75,48,-1,48,75,49,-1,50,76,51,-1,51,76,77,-1,76,78,77,-1,77,78,79,-1,78,80,79,-1,79,80,81,-1,82,44,83,-1,83,44,46,-1,84,85,86,-1,86,85,87,-1,85,88,87,-1,87,88,89,-1,90,91,92,-1,92,91,93,-1,92,93,94,-1,94,93,95,-1,94,95,96,-1,96,95,97,-1,96,97,98,-1,98,97,99,-1,98,99,100,-1,100,99,101,-1,100,101,102,-1,102,101,103,-1,102,103,104,-1,104,103,105,-1,104,105,106,-1,106,105,107,-1,106,107,108,-1,108,107,109,-1,108,109,110,-1,110,109,111,-1,110,111,112,-1,112,111,113,-1,112,113,114,-1,114,113,115,-1,114,115,88,-1,88,115,89,-1,90,116,91,-1,91,116,117,-1,116,118,117,-1,117,118,119,-1,118,120,119,-1,119,120,121,-1,122,84,123,-1,123,84,86,-1,124,125,126,-1,126,125,127,-1,125,128,127,-1,127,128,129,-1,130,131,132,-1,132,131,133,-1,132,133,134,-1,134,133,135,-1,134,135,136,-1,136,135,137,-1,136,137,138,-1,138,137,139,-1,138,139,140,-1,140,139,141,-1,140,141,142,-1,142,141,143,-1,142,143,144,-1,144,143,145,-1,144,145,146,-1,146,145,147,-1,146,147,148,-1,148,147,149,-1,148,149,150,-1,150,149,151,-1,150,151,152,-1,152,151,153,-1,152,153,154,-1,154,153,155,-1,154,155,128,-1,128,155,129,-1,130,156,131,-1,131,156,157,-1,156,158,157,-1,157,158,159,-1,158,160,159,-1,159,160,161,-1,162,124,163,-1,163,124,126,-1,164,165,166,-1,166,165,167,-1,165,168,167,-1,167,168,169,-1,170,171,172,-1,172,171,173,-1,172,173,174,-1,174,173,175,-1,174,175,176,-1,176,175,177,-1,176,177,178,-1,178,177,179,-1,178,179,180,-1,180,179,181,-1,180,181,182,-1,182,181,183,-1,182,183,184,-1,184,183,185,-1,184,185,186,-1,186,185,187,-1,186,187,188,-1,188,187,189,-1,188,189,190,-1,190,189,191,-1,190,191,192,-1,192,191,193,-1,192,193,194,-1,194,193,195,-1,194,195,168,-1,168,195,169,-1,170,196,171,-1,171,196,197,-1,196,198,197,-1,197,198,199,-1,198,200,199,-1,199,200,201,-1,202,164,203,-1,203,164,166,-1,204,205,206,-1,206,205,207,-1,205,208,207,-1,207,208,209,-1,210,211,212,-1,212,211,213,-1,212,213,214,-1,214,213,215,-1,214,215,216,-1,216,215,217,-1,216,217,218,-1,218,217,219,-1,218,219,220,-1,220,219,221,-1,220,221,222,-1,222,221,223,-1,222,223,224,-1,224,223,225,-1,224,225,226,-1,226,225,227,-1,226,227,228,-1,228,227,229,-1,228,229,230,-1,230,229,231,-1,230,231,232,-1,232,231,233,-1,232,233,234,-1,234,233,235,-1,234,235,208,-1,208,235,209,-1,210,236,211,-1,211,236,237,-1,236,238,237,-1,237,238,239,-1,238,240,239,-1,239,240,241,-1,242,204,243,-1,243,204,206,-1,244,245,246,-1,246,245,247,-1,245,248,247,-1,247,248,249,-1,250,251,252,-1,252,251,253,-1,252,253,254,-1,254,253,255,-1,254,255,256,-1,256,255,257,-1,256,257,258,-1,258,257,259,-1,258,259,260,-1,260,259,261,-1,260,261,262,-1,262,261,263,-1,262,263,264,-1,264,263,265,-1,264,265,266,-1,266,265,267,-1,266,267,268,-1,268,267,269,-1,268,269,270,-1,270,269,271,-1,270,271,272,-1,272,271,273,-1,272,273,274,-1,274,273,275,-1,274,275,248,-1,248,275,249,-1,250,276,251,-1,251,276,277,-1,276,278,277,-1,277,278,279,-1,278,280,279,-1,279,280,281,-1,282,244,283,-1,283,244,246,-1,284,285,286,-1,286,285,287,-1,285,288,287,-1,287,288,289,-1,290,291,292,-1,292,291,293,-1,292,293,294,-1,294,293,295,-1,294,295,296,-1,296,295,297,-1,296,297,298,-1,298,297,299,-1,298,299,300,-1,300,299,301,-1,300,301,302,-1,302,301,303,-1,302,303,304,-1,304,303,305,-1,304,305,306,-1,306,305,307,-1,306,307,308,-1,308,307,309,-1,308,309,310,-1,310,309,311,-1,310,311,312,-1,312,311,313,-1,312,313,314,-1,314,313,315,-1,314,315,288,-1,288,315,289,-1,290,316,291,-1,291,316,317,-1,316,318,317,-1,317,318,319,-1,318,320,319,-1,319,320,321,-1,322,284,323,-1,323,284,286,-1,324,325,326,-1,327,328,329,-1,329,328,330,-1,329,330,331,-1,331,330,326,-1,331,326,332,-1,332,326,325,-1,332,325,327,-1,327,325,328,-1,333,330,334,-1,334,330,335,-1,334,335,336,-1,336,335,337,-1,336,337,338,-1,338,337,326,-1,338,326,333,-1,333,326,330,-1,339,335,340,-1,340,335,341,-1,340,341,342,-1,342,341,343,-1,342,343,344,-1,344,343,337,-1,344,337,339,-1,339,337,335,-1,345,341,346,-1,346,341,347,-1,346,347,348,-1,348,347,349,-1,348,349,350,-1,350,349,343,-1,350,343,345,-1,345,343,341,-1,351,347,352,-1,352,347,353,-1,352,353,354,-1,354,353,355,-1,354,355,356,-1,356,355,349,-1,356,349,351,-1,351,349,347,-1,357,353,358,-1,358,353,359,-1,358,359,360,-1,360,359,361,-1,360,361,362,-1,362,361,355,-1,362,355,357,-1,357,355,353,-1,363,359,364,-1,364,359,365,-1,364,365,366,-1,366,365,367,-1,366,367,368,-1,368,367,361,-1,368,361,363,-1,363,361,359,-1,369,370,371,-1,371,370,367,-1,371,367,372,-1,372,367,365,-1,372,365,373,-1,373,365,374,-1,373,374,369,-1,369,374,370,-1,370,374,375,-1,370,375,376,-1,324,326,377,-1,377,326,337,-1,377,337,378,-1,378,337,343,-1,378,343,379,-1,379,343,349,-1,379,349,380,-1,380,349,355,-1,380,355,381,-1,381,355,361,-1,381,361,382,-1,382,361,367,-1,382,367,383,-1,383,367,370,-1,383,370,384,-1,384,370,376,-1,384,376,385,-1,373,369,323,-1,323,369,322,-1,364,366,283,-1,283,366,282,-1,358,360,243,-1,243,360,242,-1,352,354,203,-1,203,354,202,-1,346,348,163,-1,163,348,162,-1,340,342,123,-1,123,342,122,-1,334,336,83,-1,83,336,82,-1,329,331,6,-1,6,331,4,-1,292,371,290,-1,290,371,320,-1,290,320,316,-1,316,320,318,-1,292,294,371,-1,371,294,296,-1,371,296,298,-1,306,308,369,-1,369,308,310,-1,285,284,288,-1,288,284,322,-1,288,322,314,-1,314,322,369,-1,314,369,312,-1,312,369,310,-1,298,300,371,-1,371,300,302,-1,371,302,369,-1,369,302,304,-1,369,304,306,-1,371,372,320,-1,320,372,321,-1,315,373,289,-1,289,373,323,-1,289,323,287,-1,287,323,286,-1,315,313,373,-1,373,313,311,-1,373,311,309,-1,301,299,372,-1,372,299,297,-1,317,319,291,-1,291,319,321,-1,291,321,293,-1,293,321,372,-1,293,372,295,-1,295,372,297,-1,309,307,373,-1,373,307,305,-1,373,305,372,-1,372,305,303,-1,372,303,301,-1,252,368,250,-1,250,368,280,-1,250,280,276,-1,276,280,278,-1,268,270,366,-1,252,254,368,-1,368,254,256,-1,368,256,258,-1,268,366,266,-1,245,244,248,-1,248,244,282,-1,248,282,274,-1,274,282,366,-1,274,366,272,-1,272,366,270,-1,258,260,368,-1,368,260,262,-1,368,262,366,-1,366,262,264,-1,366,264,266,-1,368,363,280,-1,280,363,281,-1,257,363,259,-1,259,363,261,-1,275,364,249,-1,249,364,283,-1,249,283,247,-1,247,283,246,-1,275,273,364,-1,364,273,271,-1,364,271,269,-1,277,279,251,-1,251,279,281,-1,251,281,253,-1,253,281,363,-1,253,363,255,-1,255,363,257,-1,269,267,364,-1,364,267,265,-1,364,265,363,-1,363,265,263,-1,363,263,261,-1,214,216,362,-1,362,216,218,-1,230,360,228,-1,228,360,226,-1,238,236,240,-1,240,236,210,-1,240,210,362,-1,362,210,212,-1,362,212,214,-1,218,220,362,-1,362,220,222,-1,362,222,360,-1,360,222,224,-1,360,224,226,-1,205,204,208,-1,208,204,242,-1,208,242,234,-1,234,242,360,-1,234,360,232,-1,232,360,230,-1,362,357,240,-1,240,357,241,-1,231,229,358,-1,237,239,211,-1,211,239,241,-1,211,241,213,-1,213,241,357,-1,221,219,357,-1,231,358,233,-1,229,227,358,-1,358,227,225,-1,358,225,357,-1,357,225,223,-1,357,223,221,-1,219,217,357,-1,357,217,215,-1,357,215,213,-1,206,207,243,-1,243,207,209,-1,243,209,358,-1,358,209,235,-1,358,235,233,-1,172,356,170,-1,170,356,200,-1,170,200,196,-1,196,200,198,-1,172,174,356,-1,356,174,176,-1,356,176,178,-1,190,354,188,-1,188,354,186,-1,178,180,356,-1,356,180,182,-1,356,182,354,-1,354,182,184,-1,354,184,186,-1,165,164,168,-1,168,164,202,-1,168,202,194,-1,194,202,354,-1,194,354,192,-1,192,354,190,-1,356,351,200,-1,200,351,201,-1,189,352,191,-1,191,352,193,-1,189,187,352,-1,352,187,185,-1,352,185,351,-1,351,185,183,-1,166,167,203,-1,203,167,169,-1,203,169,352,-1,352,169,195,-1,352,195,193,-1,183,181,351,-1,351,181,179,-1,351,179,177,-1,197,199,171,-1,171,199,201,-1,171,201,173,-1,173,201,351,-1,173,351,175,-1,175,351,177,-1,132,350,130,-1,130,350,160,-1,130,160,156,-1,156,160,158,-1,146,148,348,-1,348,148,150,-1,132,134,350,-1,350,134,136,-1,350,136,138,-1,138,140,350,-1,350,140,142,-1,350,142,348,-1,348,142,144,-1,348,144,146,-1,125,124,128,-1,128,124,162,-1,128,162,154,-1,154,162,348,-1,154,348,152,-1,152,348,150,-1,350,345,160,-1,160,345,161,-1,157,159,131,-1,131,159,161,-1,131,161,133,-1,133,161,345,-1,149,346,151,-1,151,346,153,-1,126,127,163,-1,163,127,129,-1,163,129,346,-1,346,129,155,-1,346,155,153,-1,141,139,345,-1,149,147,346,-1,346,147,145,-1,346,145,345,-1,345,145,143,-1,345,143,141,-1,139,137,345,-1,345,137,135,-1,345,135,133,-1,92,344,90,-1,90,344,120,-1,90,120,116,-1,116,120,118,-1,92,94,344,-1,344,94,96,-1,344,96,98,-1,110,342,108,-1,108,342,106,-1,85,84,88,-1,88,84,122,-1,88,122,114,-1,114,122,342,-1,114,342,112,-1,112,342,110,-1,98,100,344,-1,344,100,102,-1,344,102,342,-1,342,102,104,-1,342,104,106,-1,344,339,120,-1,120,339,121,-1,111,109,340,-1,111,340,113,-1,109,107,340,-1,340,107,105,-1,340,105,339,-1,339,105,103,-1,339,103,101,-1,117,119,91,-1,91,119,121,-1,91,121,93,-1,93,121,339,-1,93,339,95,-1,86,87,123,-1,123,87,89,-1,123,89,340,-1,340,89,115,-1,340,115,113,-1,101,99,339,-1,339,99,97,-1,339,97,95,-1,54,56,338,-1,338,56,58,-1,70,336,68,-1,68,336,66,-1,78,76,80,-1,80,76,50,-1,80,50,338,-1,338,50,52,-1,338,52,54,-1,58,60,338,-1,338,60,62,-1,338,62,336,-1,336,62,64,-1,336,64,66,-1,45,44,48,-1,48,44,82,-1,48,82,74,-1,74,82,336,-1,74,336,72,-1,72,336,70,-1,338,333,80,-1,80,333,81,-1,59,57,333,-1,59,333,61,-1,73,71,334,-1,334,71,69,-1,46,47,83,-1,83,47,49,-1,83,49,334,-1,334,49,75,-1,334,75,73,-1,77,79,51,-1,51,79,81,-1,51,81,53,-1,53,81,333,-1,53,333,55,-1,55,333,57,-1,69,67,334,-1,334,67,65,-1,334,65,333,-1,333,65,63,-1,333,63,61,-1,16,332,14,-1,14,332,9,-1,14,9,12,-1,12,9,8,-1,30,32,331,-1,331,32,34,-1,16,18,332,-1,332,18,20,-1,332,20,22,-1,42,5,40,-1,40,5,4,-1,40,4,38,-1,38,4,331,-1,38,331,36,-1,36,331,34,-1,22,24,332,-1,332,24,26,-1,332,26,331,-1,331,26,28,-1,331,28,30,-1,332,327,9,-1,9,327,11,-1,35,33,329,-1,35,329,37,-1,7,43,6,-1,6,43,41,-1,6,41,329,-1,329,41,39,-1,329,39,37,-1,27,327,29,-1,29,327,329,-1,29,329,31,-1,31,329,33,-1,27,25,327,-1,327,25,23,-1,327,23,21,-1,13,10,15,-1,15,10,11,-1,15,11,17,-1,17,11,327,-1,17,327,19,-1,19,327,21,-1,324,0,325,-1,325,0,2,-1,325,2,328,-1,324,377,0,-1,0,377,378,-1,378,379,0,-1,0,379,380,-1,0,380,1,-1,1,380,381,-1,1,381,382,-1,382,383,1,-1,1,383,384,-1,1,384,385,-1,375,3,376,-1,376,3,1,-1,376,1,385,-1,375,374,3,-1,3,374,365,-1,3,365,359,-1,330,328,2,-1,330,2,335,-1,359,353,3,-1,3,353,347,-1,3,347,2,-1,2,347,341,-1,2,341,335,-1,1,0,3,-1,3,0,2,-1,386,387,388,-1,388,387,389,-1,390,391,392,-1,392,391,393,-1,394,395,396,-1,396,395,397,-1,398,399,400,-1,400,399,401,-1,402,403,404,-1,404,403,405,-1,406,407,408,-1,408,407,409,-1,410,411,412,-1,412,411,413,-1,414,415,416,-1,416,415,417,-1,418,419,420,-1,420,419,421,-1,422,423,424,-1,424,423,425,-1,426,427,428,-1,428,427,429,-1,430,431,432,-1,432,431,433,-1,434,435,436,-1,436,435,437,-1,438,439,440,-1,440,439,441,-1,442,443,444,-1,444,443,445,-1,446,447,448,-1,448,447,449,-1,450,451,452,-1,452,451,453,-1,452,453,454,-1,454,453,455,-1,454,455,456,-1,456,455,457,-1,456,457,458,-1,458,457,459,-1,458,459,460,-1,460,459,461,-1,460,461,462,-1,462,461,463,-1,462,463,464,-1,464,463,465,-1,464,465,466,-1,466,465,467,-1,466,467,468,-1,468,467,469,-1,470,469,471,-1,471,469,467,-1,471,467,472,-1,472,467,473,-1,472,473,474,-1,474,473,475,-1,474,475,470,-1,470,475,469,-1,476,467,477,-1,477,467,465,-1,477,465,478,-1,478,465,479,-1,478,479,480,-1,480,479,473,-1,480,473,476,-1,476,473,467,-1,481,465,482,-1,482,465,463,-1,482,463,483,-1,483,463,484,-1,483,484,485,-1,485,484,479,-1,485,479,481,-1,481,479,465,-1,486,463,487,-1,487,463,461,-1,487,461,488,-1,488,461,489,-1,488,489,490,-1,490,489,484,-1,490,484,486,-1,486,484,463,-1,491,461,492,-1,492,461,459,-1,492,459,493,-1,493,459,494,-1,493,494,495,-1,495,494,489,-1,495,489,491,-1,491,489,461,-1,496,459,497,-1,497,459,457,-1,497,457,498,-1,498,457,499,-1,498,499,500,-1,500,499,494,-1,500,494,496,-1,496,494,459,-1,501,457,502,-1,502,457,455,-1,502,455,503,-1,503,455,504,-1,503,504,505,-1,505,504,499,-1,505,499,501,-1,501,499,457,-1,506,504,507,-1,507,504,508,-1,508,504,455,-1,508,455,509,-1,509,455,453,-1,509,453,510,-1,451,511,453,-1,453,511,506,-1,453,506,510,-1,510,506,507,-1,387,508,393,-1,393,508,509,-1,392,510,386,-1,386,510,507,-1,443,501,449,-1,449,501,502,-1,448,503,442,-1,442,503,505,-1,435,496,441,-1,441,496,497,-1,440,498,434,-1,434,498,500,-1,427,491,433,-1,433,491,492,-1,432,493,426,-1,426,493,495,-1,419,486,425,-1,425,486,487,-1,424,488,418,-1,418,488,490,-1,411,481,417,-1,417,481,482,-1,416,483,410,-1,410,483,485,-1,403,476,409,-1,409,476,477,-1,408,478,402,-1,402,478,480,-1,395,470,401,-1,401,470,471,-1,400,472,394,-1,394,472,474,-1,444,446,442,-1,442,446,448,-1,443,449,445,-1,445,449,447,-1,436,438,434,-1,434,438,440,-1,435,441,437,-1,437,441,439,-1,428,430,426,-1,426,430,432,-1,427,433,429,-1,429,433,431,-1,420,422,418,-1,418,422,424,-1,419,425,421,-1,421,425,423,-1,412,414,410,-1,410,414,416,-1,411,417,413,-1,413,417,415,-1,404,406,402,-1,402,406,408,-1,403,409,405,-1,405,409,407,-1,396,398,394,-1,394,398,400,-1,395,401,397,-1,397,401,399,-1,388,390,386,-1,386,390,392,-1,387,393,389,-1,389,393,391,-1,391,390,389,-1,389,390,388,-1,399,398,397,-1,397,398,396,-1,407,406,405,-1,405,406,404,-1,415,414,413,-1,413,414,412,-1,423,422,421,-1,421,422,420,-1,431,430,429,-1,429,430,428,-1,439,438,437,-1,437,438,436,-1,447,446,445,-1,445,446,444,-1,393,509,392,-1,392,509,510,-1,449,502,448,-1,448,502,503,-1,441,497,440,-1,440,497,498,-1,433,492,432,-1,432,492,493,-1,425,487,424,-1,424,487,488,-1,417,482,416,-1,416,482,483,-1,409,477,408,-1,408,477,478,-1,401,471,400,-1,400,471,472,-1,386,507,387,-1,387,507,508,-1,442,505,443,-1,443,505,501,-1,434,500,435,-1,435,500,496,-1,426,495,427,-1,427,495,491,-1,418,490,419,-1,419,490,486,-1,410,485,411,-1,411,485,481,-1,402,480,403,-1,403,480,476,-1,394,474,395,-1,395,474,470,-1,475,2,469,-1,469,2,0,-1,469,0,468,-1,450,452,1,-1,1,452,454,-1,1,454,456,-1,456,458,1,-1,1,458,460,-1,1,460,0,-1,0,460,462,-1,462,464,0,-1,0,464,466,-1,0,466,468,-1,450,1,451,-1,451,1,3,-1,451,3,511,-1,475,473,2,-1,2,473,479,-1,479,484,2,-1,2,484,489,-1,2,489,3,-1,3,489,494,-1,3,494,499,-1,499,504,3,-1,3,504,506,-1,3,506,511,-1,
        ]
    }
}
Shape{
    appearance Appearance {
        material  Material 	{
            diffuseColor 0.25098039215686274 0.25098039215686274 0.25098039215686274
            specularColor 0.2196078431372549 0.2196078431372549 0.2196078431372549
            ambientIntensity 0.251
            transparency 0.0
            shininess 0.5
        }
    }
    geometry IndexedFaceSet {
        ccw TRUE
        solid FALSE
        coord DEF co Coordinate {
            point [
                -2.5775 -0.475 3.8796, -2.6 -0.475 3.8768, -2.6493 -0.475 3.8366, 0.9333 -0.475 3.8366, 0.9333 -0.475 4.0114, -2.3573 -0.475 4.0114, 4.1 -0.475 4.1953, 4.1 -0.475 4.3445, 0.9333 -0.475 4.3445, -2.6524 -0.475 3.6385, -2.6493 -0.475 3.642, -2.6493 -0.475 3.664, -2.8113 -0.475 4.0102, -2.8013 -0.475 4.0114, -2.8544 -0.475 4.0114, -2.7101 -0.475 3.6642, -2.7121 -0.475 3.664, -2.6804 -0.475 3.664, -3.2 -0.475 1.0945, -3.2 -0.475 0.9945, -2.9908 -0.475 0.9945, -3.2296 -0.475 4.0235, -3.212 -0.475 4.0114, -2.9908 -0.475 4.0114, -3.1906 -0.475 3.9967, -3.1589 -0.475 3.96, -3.053 -0.475 3.8366, -2.9908 -0.475 3.8366, -3.0614 -0.475 3.8575, -3.0808 -0.475 3.8844, -3.1065 -0.475 3.9062, -3.1394 -0.475 3.9218, -3.1347 -0.475 3.9202, -3.4084 -0.475 4.0244, -3.3646 -0.475 4.0408, -4.1 -0.475 4.1953, -3.3197 -0.475 4.0461, -2.9908 -0.475 4.1953, -3.2769 -0.475 4.0412, -3.4297 -0.475 4.0114, -4.1 -0.475 4.0114, -3.4335 -0.475 4.0091, -3.629 -0.475 3.8944, -3.6062 -0.475 3.9237, -3.5345 -0.475 3.9646, -3.4971 -0.475 3.9692, -3.4558 -0.475 3.99, -3.4862 -0.475 3.9686, -3.4753 -0.475 3.9673, -3.5998 -0.475 3.9298, -3.5696 -0.475 3.951, -3.5813 -0.475 3.6868, -3.611 -0.475 3.7121, -4.1 -0.475 3.664, -3.547 -0.475 3.6701, -3.6326 -0.475 3.743, -3.6462 -0.475 3.7784, -4.1 -0.475 3.8366, -3.6508 -0.475 3.8155, -3.6505 -0.475 3.8246, -3.6484 -0.475 3.8366, -3.6442 -0.475 3.8603, -4.1 -0.475 3.6111, -3.4841 -0.475 3.6111, -3.4928 -0.475 3.6148, -3.535 -0.475 3.6666, -3.5339 -0.475 3.664, -3.5255 -0.475 3.6462, -3.5114 -0.475 3.6288, -4.1 -0.475 0.9945, -3.8 -0.475 0.9945, -3.8 -0.475 1.0945, -3.471 -0.475 3.6056, -3.4056 -0.475 3.6111, -3.4219 -0.475 3.6049, -3.4449 -0.475 3.602, -3.4485 -0.475 3.6021, -3.356 -0.475 3.664, -3.3561 -0.475 3.6636, -2.9908 -0.475 3.6111, -3.3673 -0.475 3.6424, -3.3819 -0.475 3.6262, -3.4008 -0.475 3.613, -3.2349 -0.475 3.72, -3.2283 -0.475 3.7225, -3.2172 -0.475 3.7766, -3.3738 -0.475 3.7605, -3.2466 -0.475 3.8269, -3.3903 -0.475 3.7756, -3.4105 -0.475 3.7864, -3.2407 -0.475 3.7158, -3.0617 -0.475 3.7336, -3.0806 -0.475 3.7074, -2.9908 -0.475 3.664, -3.1048 -0.475 3.8049, -3.1092 -0.475 3.8231, -3.1165 -0.475 3.8366, -3.5887 -0.475 3.8366, -3.0498 -0.475 3.8285, -3.0455 -0.475 3.7975, -3.0498 -0.475 3.7636, -3.221 -0.475 3.7235, -3.2201 -0.475 3.7234, -3.2172 -0.475 3.7228, -3.5831 -0.475 3.7795, -3.5718 -0.475 3.7604, -3.5236 -0.475 3.7505, -3.5548 -0.475 3.7429, -3.5341 -0.475 3.7301, -3.4885 -0.475 3.7819, -3.5079 -0.475 3.7685, -3.591 -0.475 3.8174, -3.5899 -0.475 3.8028, -3.4676 -0.475 3.79, -3.4449 -0.475 3.7928, -3.4334 -0.475 3.7921, -3.1064 -0.475 3.6855, -3.1353 -0.475 3.6713, -3.1669 -0.475 3.6647, -3.2504 -0.475 3.6941, -3.2502 -0.475 3.6978, -3.35 -0.475 3.7064, -3.2483 -0.475 3.705, -3.2446 -0.475 3.7115, -3.1236 -0.475 3.7464, -3.1131 -0.475 3.7612, -3.1066 -0.475 3.7781, -3.1043 -0.475 3.7965, -3.2229 -0.475 3.6647, -3.2282 -0.475 3.6655, -3.2345 -0.475 3.668, -3.2407 -0.475 3.6724, -3.2429 -0.475 3.6746, -3.247 -0.475 3.6806, -3.2495 -0.475 3.687, -3.3505 -0.475 3.687, -3.35 -0.475 3.6969, -3.2153 -0.475 3.7225, -3.1726 -0.475 3.7225, -3.1555 -0.475 3.7258, -3.1388 -0.475 3.7336, -3.1248 -0.475 3.745, -3.2064 -0.475 3.9276, -3.2278 -0.475 3.9531, -3.4459 -0.475 3.8981, -3.2301 -0.475 3.9553, -3.2568 -0.475 3.9738, -3.4314 -0.475 3.9281, -3.4526 -0.475 3.9017, -3.4739 -0.475 3.9095, -3.1181 -0.475 3.8395, -3.129 -0.475 3.8517, -3.1783 -0.475 3.8706, -3.1437 -0.475 3.8619, -3.1602 -0.475 3.8683, -3.1859 -0.475 3.8706, -3.1917 -0.475 3.897, -3.5295 -0.475 3.9062, -3.5506 -0.475 3.895, -3.5061 -0.475 3.9118, -3.5669 -0.475 3.8805, -3.5801 -0.475 3.8616, -3.4101 -0.475 3.9535, -3.2865 -0.475 3.9852, -3.3847 -0.475 3.9721, -3.3187 -0.475 3.9892, -3.3537 -0.475 3.9847, -3.4961 -0.475 3.9123, -3.5882 -0.475 3.8404, -2.4979 -0.475 3.7986, -2.4822 -0.475 3.8366, -2.5244 -0.475 3.7986, -2.5244 -0.475 3.8366, -2.5666 -0.475 3.7986, -2.4948 -0.475 3.6651, -2.4822 -0.475 3.664, -2.4948 -0.475 3.6803, -2.4979 -0.475 3.7832, -2.5244 -0.475 3.7405, -2.5016 -0.475 3.7405, -2.5016 -0.475 3.7252, -2.5244 -0.475 3.6803, -2.5244 -0.475 3.7252, -2.5494 -0.475 3.7252, -2.5494 -0.475 3.6803, -2.5244 -0.475 3.7832, -2.5494 -0.475 3.7832, -2.5494 -0.475 3.7405, -2.5244 -0.475 3.664, -2.5244 -0.475 3.6651, -2.5666 -0.475 3.6651, -2.6325 -0.475 3.6888, -2.6305 -0.475 3.681, -2.63 -0.475 3.681, -2.5846 -0.475 3.7604, -2.6019 -0.475 3.7604, -2.6493 -0.475 3.7372, -2.628 -0.475 3.6887, -2.6292 -0.475 3.6842, -2.7661 -0.475 3.8366, -2.7661 -0.475 3.664, -2.7492 -0.475 3.6857, -2.7492 -0.475 3.6685, -2.7429 -0.475 3.6818, -2.7414 -0.475 3.6813, -2.7414 -0.475 3.7167, -2.7443 -0.475 3.7196, -2.7465 -0.475 3.7231, -2.7483 -0.475 3.7282, -2.7491 -0.475 3.7347, -2.7484 -0.475 3.7407, -2.7416 -0.475 3.7168, -2.7414 -0.475 3.6657, -2.7414 -0.475 3.664, -2.7385 -0.475 3.6646, -2.7333 -0.475 3.664, -2.7233 -0.475 3.6629, -2.7414 -0.475 3.6111, -2.6894 -0.475 3.7584, -2.6894 -0.475 3.7422, -2.7384 -0.475 3.755, -2.7333 -0.475 3.758, -2.7414 -0.475 3.8366, -2.6856 -0.475 3.6843, -2.6876 -0.475 3.679, -2.6908 -0.475 3.6746, -2.7464 -0.475 3.7461, -2.7433 -0.475 3.7506, -2.7414 -0.475 3.7523, -2.7242 -0.475 3.7613, -2.7119 -0.475 3.7626, -2.6804 -0.475 3.8366, -2.7007 -0.475 3.7617, -2.6904 -0.475 3.7068, -2.6873 -0.475 3.7022, -2.6855 -0.475 3.6973, -2.6848 -0.475 3.691, -2.6955 -0.475 3.6704, -2.7009 -0.475 3.6673, -2.7136 -0.475 3.749, -2.7185 -0.475 3.7487, -2.7318 -0.475 3.7362, -2.723 -0.475 3.7475, -2.7268 -0.475 3.7455, -2.7317 -0.475 3.734, -2.731 -0.475 3.7314, -2.7298 -0.475 3.7291, -2.7282 -0.475 3.7273, -2.7223 -0.475 3.7237, -2.7024 -0.475 3.7477, -2.7119 -0.475 3.7192, -2.693 -0.475 3.7442, -2.7055 -0.475 3.7165, -2.6944 -0.475 3.7104, -2.7293 -0.475 3.7433, -2.7307 -0.475 3.7411, -2.7315 -0.475 3.7389, -2.7324 -0.475 3.6778, -2.7238 -0.475 3.707, -2.7337 -0.475 3.7116, -2.7217 -0.475 3.6765, -2.7209 -0.475 3.6765, -2.7128 -0.475 3.7024, -2.7124 -0.475 3.6775, -2.702 -0.475 3.6894, -2.7021 -0.475 3.6915, -2.708 -0.475 3.6791, -2.7065 -0.475 3.68, -2.7046 -0.475 3.6817, -2.7031 -0.475 3.6838, -2.7023 -0.475 3.6862, -2.7029 -0.475 3.6941, -2.7042 -0.475 3.6963, -2.7063 -0.475 3.6985, -2.4332 -0.475 3.9133, -2.4822 -0.475 3.9133, -2.4196 -0.475 3.8768, -2.4006 -0.475 3.8768, -2.3573 -0.475 3.8366, -2.4514 -0.475 4.0103, -2.5207 -0.475 3.8768, -2.5016 -0.475 3.8768, -2.4888 -0.475 3.9133, -2.6804 -0.475 4.0114, -2.665 -0.475 4.0103, -2.6493 -0.475 4.0114, -2.665 -0.475 3.9949, -2.6688 -0.475 3.9522, -2.6688 -0.475 3.9369, -2.6619 -0.475 3.892, -2.6804 -0.475 3.892, -2.6804 -0.475 3.9369, -2.7165 -0.475 3.9369, -2.7165 -0.475 3.892, -2.6804 -0.475 3.9949, -2.6804 -0.475 3.9522, -2.7165 -0.475 3.9949, -2.7165 -0.475 3.9522, -2.7337 -0.475 3.8768, -2.6804 -0.475 3.8768, -2.6619 -0.475 3.8768, -2.7414 -0.475 4.0114, -2.7337 -0.475 4.0103, -2.6804 -0.475 4.0103, 0.9333 -0.475 0.9945, 1.2 -0.475 0.9945, 1.2 -0.475 1.0945, 1.8 -0.475 1.0945, 1.8 -0.475 0.9945, 2.2 -0.475 0.9945, 2.2 -0.475 1.0945, 2.8 -0.475 1.0945, 4.1 -0.475 3.6111, 3.8 -0.475 0.9945, 4.1 -0.475 0.9945, 3.8 -0.475 1.0945, 3.2 -0.475 1.0945, 3.2 -0.475 0.9945, 2.8 -0.475 0.9945, -2.2 -0.475 1.0945, -2.2 -0.475 0.9945, -1.8 -0.475 0.9945, -1.8 -0.475 1.0945, -1.2 -0.475 1.0945, 0.9333 -0.475 3.6111, -0.2 -0.475 1.0945, -0.2 -0.475 0.9945, 0.2 -0.475 0.9945, 0.2 -0.475 1.0945, 0.8 -0.475 1.0945, -0.8 -0.475 1.0945, -0.8 -0.475 0.9945, -1.2 -0.475 0.9945, 0.8 -0.475 0.9945, -2.6804 -0.475 1.0945, -2.6804 -0.475 3.6111, -2.6493 -0.475 1.0945, -2.6493 -0.475 3.6111, -2.5244 -0.475 1.0945, -2.5244 -0.475 3.6111, -2.4822 -0.475 1.0945, -2.8 -0.475 1.0945, -2.7661 -0.475 1.0945, -2.7661 -0.475 3.6111, -2.7414 -0.475 1.0945, -2.7661 -0.475 3.8801, -2.7627 -0.475 3.8812, -2.7604 -0.475 3.8824, -2.7604 -0.475 3.8989, -2.7661 -0.475 3.9915, -2.7949 -0.475 3.8899, -2.7863 -0.475 3.8904, -2.8292 -0.475 3.9811, -2.8356 -0.475 3.9718, -2.8421 -0.475 3.9367, -2.8399 -0.475 3.9234, -2.7716 -0.475 3.8936, -2.7661 -0.475 3.8962, -2.7619 -0.475 3.9899, -2.7604 -0.475 3.9891, -2.7919 -0.475 3.997, -2.7976 -0.475 3.9967, -2.8282 -0.475 3.9822, -2.8092 -0.475 3.9944, -2.8196 -0.475 3.9894, -2.8401 -0.475 3.9603, -2.8423 -0.475 3.9421, -2.8355 -0.475 3.9127, -2.8292 -0.475 3.904, -2.8257 -0.475 3.9007, -2.7754 -0.475 3.995, -2.8168 -0.475 3.8947, -2.8071 -0.475 3.8912, -2.7777 -0.475 4.0114, -2.7746 -0.475 4.0112, -2.7661 -0.475 4.0114, -2.7661 -0.475 4.0087, -2.7604 -0.475 4.0071, -2.8507 -0.475 3.9802, -2.8411 -0.475 3.9929, -2.8381 -0.475 3.9957, -2.8252 -0.475 4.0048, -2.8523 -0.475 3.9055, -2.8544 -0.475 3.9107, -2.8544 -0.475 3.8366, -2.8624 -0.475 3.8366, -2.8544 -0.475 3.664, -2.8624 -0.475 4.0114, -2.8571 -0.475 3.9654, -2.8544 -0.475 3.9718, -2.8577 -0.475 3.9194, -2.8603 -0.475 3.941, -2.8601 -0.475 3.948, -2.8215 -0.475 3.8785, -2.8339 -0.475 3.8848, -2.777 -0.475 3.8765, -2.7974 -0.475 3.8746, -2.8074 -0.475 3.8752, -2.8432 -0.475 3.8928, -2.8444 -0.475 3.8941, -2.8416 -0.475 3.7106, -2.8391 -0.475 3.7375, -2.845 -0.475 3.7058, -2.8473 -0.475 3.6999, -2.8455 -0.475 3.6774, -2.8476 -0.475 3.683, -2.8346 -0.475 3.6664, -2.8282 -0.475 3.664, -2.8279 -0.475 3.664, -2.7963 -0.475 3.7617, -2.7892 -0.475 3.7596, -2.8365 -0.475 3.715, -2.8294 -0.475 3.7187, -2.8288 -0.475 3.7442, -2.8168 -0.475 3.7218, -2.8022 -0.475 3.7484, -2.8078 -0.475 3.749, -2.8183 -0.475 3.7479, -2.8402 -0.475 3.6704, -2.8421 -0.475 3.6723, -2.7837 -0.475 3.7564, -2.7792 -0.475 3.7522, -2.7758 -0.475 3.7468, -2.7885 -0.475 3.6799, -2.789 -0.475 3.6799, -2.7885 -0.475 3.6651, -2.7916 -0.475 3.6758, -2.7969 -0.475 3.6701, -2.8391 -0.475 3.7537, -2.8356 -0.475 3.7558, -2.8231 -0.475 3.7606, -2.8063 -0.475 3.7626, -2.8484 -0.475 3.6906, -2.8483 -0.475 3.6927, -2.7885 -0.475 3.7257, -2.7891 -0.475 3.7331, -2.7908 -0.475 3.7391, -2.7928 -0.475 3.7425, -2.7731 -0.475 3.7393, -2.7718 -0.475 3.7265, -2.7718 -0.475 3.6651, -2.7953 -0.475 3.7452, -2.7983 -0.475 3.7471, -2.8091 -0.475 3.664, -2.8095 -0.475 3.6638, -2.8544 -0.475 3.6111, -2.8182 -0.475 3.6629, -2.6493 -0.475 3.6924, -2.6761 -0.475 3.7604, -2.6574 -0.475 3.7604, -2.6387 -0.475 3.6653, -2.6393 -0.475 3.664, -2.646 -0.475 3.648, -2.6726 -0.475 3.6216, -2.6726 -0.475 3.6365, -2.6692 -0.475 3.6353, -2.6632 -0.475 3.6346, -2.6493 -0.475 3.6232, -2.6551 -0.475 3.621, -2.6619 -0.475 3.6202, -2.6656 -0.475 3.6204, -2.6591 -0.475 3.635, -2.6554 -0.475 3.6364, -2.6279 -0.475 3.6507, -2.6354 -0.475 3.636, -2.6226 -0.475 3.664, -2.6415 -0.475 3.6286, -2.6427 -0.475 3.6276, -2.6485 -0.475 3.6235, 4.1 -0.475 4.0114, 4.1 -0.475 3.8366, 4.1 -0.475 3.664, 0.9333 -0.475 3.664, -2.3573 -0.475 3.6111, -2.3573 -0.475 3.664, -2.3345 -0.475 3.6651, -2.3536 -0.475 3.6651, -2.2525 -0.475 3.6651, -2.2661 -0.475 3.7016, -2.3217 -0.475 3.7016, -2.3027 -0.475 3.7986, -2.2843 -0.475 3.7986, -2.2335 -0.475 3.6651, -2.4822 -0.475 4.0114, -2.4698 -0.475 4.0103, -2.4822 -0.475 3.9778, -2.3573 -0.475 1.0945, -2.4822 -0.475 3.6111, -2.3646 -0.475 3.7094, -2.3712 -0.475 3.6956, -2.3811 -0.475 3.6838, -2.3951 -0.475 3.6738, -2.4103 -0.475 3.6679, -2.4329 -0.475 3.6651, -2.4696 -0.475 3.6651, -2.4696 -0.475 3.7986, -2.4315 -0.475 3.7986, -2.4112 -0.475 3.7963, -2.3951 -0.475 3.7904, -2.3811 -0.475 3.7809, -2.3763 -0.475 3.7762, -2.3681 -0.475 3.7646, -2.3632 -0.475 3.7519, -2.361 -0.475 3.7336, -2.3614 -0.475 3.725, -2.6367 -0.475 3.8768, -2.5285 -0.475 3.9367, -2.5317 -0.475 3.9211, -2.5383 -0.475 3.9073, -2.5482 -0.475 3.8955, -2.5622 -0.475 3.8855, -2.5352 -0.475 3.9763, -2.5303 -0.475 3.9636, -2.5244 -0.475 4.0114, -2.5281 -0.475 3.9453, -2.6367 -0.475 4.0103, -2.5987 -0.475 4.0103, -2.5783 -0.475 4.008, -2.5622 -0.475 4.0021, -2.5482 -0.475 3.9926, -2.5435 -0.475 3.988, -2.8027 -0.475 3.6663, -2.7661 -0.475 4.1953, -2.7414 -0.475 4.1953, -2.6804 -0.475 4.1953, -2.6493 -0.475 4.1953, -2.5244 -0.475 4.1953, -2.4822 -0.475 4.1953, -2.3573 -0.475 4.1953, 0.9333 -0.475 4.1953, -2.8624 -0.475 3.6111, -2.8624 -0.475 0.9945, -2.8544 -0.475 0.9945, -2.8644 -0.475 3.6803, -2.8644 -0.475 3.6651, -2.8624 -0.475 3.664, -2.9362 -0.475 3.6651, -2.8674 -0.475 3.7832, -2.8 -0.475 0.9945, -2.9362 -0.475 3.7986, -2.8674 -0.475 3.7986, -2.9189 -0.475 3.7252, -2.9189 -0.475 3.6803, -2.8712 -0.475 3.7252, -2.8712 -0.475 3.7405, -2.9189 -0.475 3.7405, -2.9189 -0.475 3.7832, -2.9189 -0.475 4.0103, -2.9189 -0.475 3.892, -2.8658 -0.475 3.892, -2.9362 -0.475 3.8768, -2.9362 -0.475 4.0103, -2.8658 -0.475 3.8768, -2.8624 -0.475 4.1953, -2.8544 -0.475 4.1953, -2.792 -0.475 4.0125, -2.3573 -0.475 4.3445, -2.4822 -0.475 4.3445, -2.5244 -0.475 4.3445, -2.6493 -0.475 4.3445, -2.6804 -0.475 4.3445, -2.7414 -0.475 4.3445, -2.7661 -0.475 4.3445, -2.8544 -0.475 4.3445, -2.8624 -0.475 4.3445, -2.9908 -0.475 4.3445, -4.1 -0.475 4.3445, 3.2 -0.275 0.9945, 3.2 -0.275 1.0945, 3.8 -0.275 1.0945, 3.8 -0.275 0.9945, 2.8 -0.275 1.0945, 2.8 -0.275 0.9945, 2.2 -0.275 0.9945, 2.2 -0.275 1.0945, 1.8 -0.275 1.0945, 1.8 -0.275 0.9945, 1.2 -0.275 0.9945, 1.2 -0.275 1.0945, 0.8 -0.275 1.0945, 0.8 -0.275 0.9945, 0.2 -0.275 0.9945, 0.2 -0.275 1.0945, -0.2 -0.275 1.0945, -0.2 -0.275 0.9945, -0.8 -0.275 0.9945, -0.8 -0.275 1.0945, -1.2 -0.275 1.0945, -1.2 -0.275 0.9945, -1.8 -0.275 0.9945, -1.8 -0.275 1.0945, -2.2 -0.275 1.0945, -2.2 -0.275 0.9945, -2.8 -0.275 0.9945, -2.8 -0.275 1.0945, -3.2 -0.275 1.0945, -3.2 -0.275 0.9945, -3.8 -0.275 0.9945, -3.8 -0.275 1.0945, 3.8 0.475 0.9945, 3.8 0.275 0.9945, 3.8 0.475 1.0945, 3.8 0.275 1.0945, 3.2 0.475 1.0945, 3.2 0.275 1.0945, 3.2 0.475 0.9945, 3.2 0.275 0.9945, 2.8 0.475 0.9945, 2.8 0.275 0.9945, 2.8 0.475 1.0945, 2.8 0.275 1.0945, 2.2 0.475 1.0945, 2.2 0.275 1.0945, 2.2 0.475 0.9945, 2.2 0.275 0.9945, 1.8 0.475 0.9945, 1.8 0.275 0.9945, 1.8 0.475 1.0945, 1.8 0.275 1.0945, 1.2 0.475 1.0945, 1.2 0.275 1.0945, 1.2 0.475 0.9945, 1.2 0.275 0.9945, 0.8 0.475 0.9945, 0.8 0.275 0.9945, 0.8 0.475 1.0945, 0.8 0.275 1.0945, 0.2 0.475 1.0945, 0.2 0.275 1.0945, 0.2 0.475 0.9945, 0.2 0.275 0.9945, -0.2 0.475 0.9945, -0.2 0.275 0.9945, -0.2 0.475 1.0945, -0.2 0.275 1.0945, -0.8 0.475 1.0945, -0.8 0.275 1.0945, -0.8 0.475 0.9945, -0.8 0.275 0.9945, -1.2 0.475 0.9945, -1.2 0.275 0.9945, -1.2 0.475 1.0945, -1.2 0.275 1.0945, -1.8 0.475 1.0945, -1.8 0.275 1.0945, -1.8 0.475 0.9945, -1.8 0.275 0.9945, -2.2 0.475 0.9945, -2.2 0.275 0.9945, -2.2 0.475 1.0945, -2.2 0.275 1.0945, -2.8 0.475 1.0945, -2.8 0.275 1.0945, -2.8 0.475 0.9945, -2.8 0.275 0.9945, -3.2 0.475 0.9945, -3.2 0.275 0.9945, -3.2 0.475 1.0945, -3.2 0.275 1.0945, -3.8 0.475 1.0945, -3.8 0.275 1.0945, -3.8 0.475 0.9945, -3.8 0.275 0.9945, -4.1 -0.275 1.0945, -4.1 0.275 1.0945, 4.1 0.275 1.0945, 4.1 -0.275 1.0945, 3.35 0.15 1.4445, 3.35 -0.15 1.4445, 3.65 0.15 1.4445, 3.65 -0.15 1.4445, 2.35 0.15 1.4445, 2.35 -0.15 1.4445, 2.65 0.15 1.4445, 2.65 -0.15 1.4445, 1.35 0.15 1.4445, 1.35 -0.15 1.4445, 1.65 0.15 1.4445, 1.65 -0.15 1.4445, 0.35 0.15 1.4445, 0.35 -0.15 1.4445, 0.65 0.15 1.4445, 0.65 -0.15 1.4445, -0.65 0.15 1.4445, -0.65 -0.15 1.4445, -0.35 0.15 1.4445, -0.35 -0.15 1.4445, -1.65 0.15 1.4445, -1.65 -0.15 1.4445, -1.35 0.15 1.4445, -1.35 -0.15 1.4445, -2.65 0.15 1.4445, -2.65 -0.15 1.4445, -2.35 0.15 1.4445, -2.35 -0.15 1.4445, -3.65 0.15 1.4445, -3.65 -0.15 1.4445, -3.35 0.15 1.4445, -3.35 -0.15 1.4445, 4.1 -0.3125 4.3445, 3.0 -0.3125 4.3445, 3.65 0.15 4.3445, 4.1 0.475 4.3445, 3.35 0.15 4.3445, 3.0 0.475 4.3445, 3.35 -0.15 4.3445, 3.65 -0.15 4.3445, 2.65 0.15 4.3445, 2.35 0.15 4.3445, 2.0 0.475 4.3445, 2.35 -0.15 4.3445, 2.0 -0.3125 4.3445, 2.65 -0.15 4.3445, 1.65 0.15 4.3445, 1.35 0.15 4.3445, 1.0 0.475 4.3445, 1.35 -0.15 4.3445, 1.0 -0.3125 4.3445, 1.65 -0.15 4.3445, 0.65 0.15 4.3445, 0.35 0.15 4.3445, 0.0 0.475 4.3445, 0.35 -0.15 4.3445, 0.0 -0.3125 4.3445, 0.65 -0.15 4.3445, -0.35 0.15 4.3445, -0.65 0.15 4.3445, -1.0 0.475 4.3445, -0.65 -0.15 4.3445, -1.0 -0.3125 4.3445, -0.35 -0.15 4.3445, -1.35 0.15 4.3445, -1.65 0.15 4.3445, -2.0 0.475 4.3445, -1.65 -0.15 4.3445, -2.0 -0.3125 4.3445, -1.35 -0.15 4.3445, -2.35 0.15 4.3445, -2.65 0.15 4.3445, -3.0 0.475 4.3445, -2.65 -0.15 4.3445, -3.0 -0.3125 4.3445, -2.35 -0.15 4.3445, -3.65 -0.15 4.3445, -3.875 -0.3125 4.3445, -3.35 -0.15 4.3445, -3.35 0.15 4.3445, -3.65 0.15 4.3445, -3.875 0.475 4.3445, -4.1 0.475 4.3445, -4.1 -0.3125 4.3445, 3.0 -0.475 4.3445, 2.0 -0.475 4.3445, 1.0 -0.475 4.3445, 0.0 -0.475 4.3445, -1.0 -0.475 4.3445, -2.0 -0.475 4.3445, -3.0 -0.475 4.3445, -3.875 -0.475 4.3445, 4.1 0.275 0.9945, 4.1 0.475 0.9945, 4.1 -0.275 0.9945, -4.1 -0.275 0.9945, -4.1 0.475 0.9945, -4.1 0.275 0.9945
            ]
        }
        coordIndex [
            0,1,2,-1,3,4,5,-1,6,7,8,-1,9,10,11,-1,12,13,14,-1,15,16,17,-1,18,19,20,-1,21,22,23,-1,23,22,24,-1,23,24,25,-1,26,27,28,-1,28,27,23,-1,28,23,29,-1,29,23,30,-1,25,31,23,-1,23,31,32,-1,23,32,30,-1,33,34,35,-1,35,34,36,-1,35,36,37,-1,37,36,38,-1,37,38,21,-1,33,35,39,-1,39,35,40,-1,39,40,41,-1,40,42,43,-1,40,44,41,-1,41,44,45,-1,41,45,46,-1,46,45,47,-1,46,47,48,-1,43,49,40,-1,40,49,50,-1,40,50,44,-1,51,52,53,-1,51,53,54,-1,52,55,53,-1,53,55,56,-1,53,56,57,-1,57,56,58,-1,58,59,57,-1,57,59,60,-1,57,60,40,-1,40,60,61,-1,40,61,42,-1,62,63,64,-1,65,54,66,-1,66,54,53,-1,66,53,67,-1,67,53,62,-1,67,62,68,-1,68,62,64,-1,69,70,71,-1,69,71,62,-1,62,71,72,-1,62,72,63,-1,73,74,18,-1,18,74,75,-1,18,75,71,-1,71,75,76,-1,71,76,72,-1,77,78,79,-1,79,78,80,-1,80,81,79,-1,79,81,82,-1,79,82,73,-1,83,84,85,-1,86,87,88,-1,88,87,89,-1,83,85,90,-1,91,92,93,-1,94,95,87,-1,87,95,96,-1,87,96,97,-1,26,98,27,-1,27,98,99,-1,27,99,93,-1,93,99,100,-1,93,100,91,-1,84,101,85,-1,85,101,102,-1,85,102,103,-1,104,105,106,-1,106,105,107,-1,106,107,108,-1,109,97,110,-1,110,97,111,-1,110,111,106,-1,106,111,112,-1,106,112,104,-1,109,113,97,-1,97,113,114,-1,97,114,87,-1,87,114,115,-1,87,115,89,-1,92,116,93,-1,93,116,117,-1,93,117,118,-1,119,120,121,-1,121,120,122,-1,121,122,85,-1,85,122,123,-1,85,123,90,-1,124,125,85,-1,85,125,126,-1,85,126,87,-1,87,126,127,-1,87,127,94,-1,128,129,77,-1,129,130,77,-1,77,130,131,-1,77,131,132,-1,132,133,77,-1,77,133,134,-1,77,134,135,-1,135,134,119,-1,135,119,136,-1,136,119,121,-1,103,137,85,-1,85,137,138,-1,85,138,139,-1,139,140,85,-1,85,140,141,-1,85,141,124,-1,142,143,144,-1,143,145,144,-1,144,145,146,-1,144,146,147,-1,96,144,97,-1,97,144,148,-1,97,148,149,-1,150,151,152,-1,152,151,153,-1,152,153,154,-1,150,152,96,-1,96,152,155,-1,96,155,144,-1,144,155,156,-1,144,156,142,-1,157,158,159,-1,159,158,160,-1,159,160,161,-1,147,146,162,-1,162,146,163,-1,162,163,164,-1,164,163,165,-1,164,165,166,-1,149,167,97,-1,97,167,159,-1,97,159,168,-1,168,159,161,-1,169,170,171,-1,171,170,172,-1,171,172,173,-1,174,175,176,-1,176,175,170,-1,176,170,177,-1,177,170,169,-1,178,179,177,-1,177,179,176,-1,176,179,180,-1,176,180,181,-1,180,182,181,-1,181,182,183,-1,181,183,184,-1,177,185,178,-1,178,185,186,-1,178,186,187,-1,188,189,190,-1,191,192,193,-1,194,2,195,-1,195,2,196,-1,195,196,197,-1,197,196,191,-1,197,191,198,-1,198,191,193,-1,199,200,201,-1,201,200,202,-1,203,204,205,-1,206,207,201,-1,207,208,201,-1,201,208,209,-1,201,209,199,-1,199,209,210,-1,203,205,201,-1,201,205,211,-1,201,211,206,-1,212,213,214,-1,214,213,215,-1,216,215,217,-1,217,215,213,-1,217,213,200,-1,200,213,212,-1,200,212,202,-1,218,219,17,-1,220,221,222,-1,223,224,17,-1,17,224,225,-1,210,226,199,-1,199,226,227,-1,199,227,222,-1,222,227,228,-1,222,228,220,-1,221,229,222,-1,222,229,230,-1,222,230,231,-1,231,230,232,-1,231,232,218,-1,233,234,219,-1,219,234,235,-1,219,235,17,-1,17,235,236,-1,17,236,223,-1,225,237,17,-1,17,237,238,-1,17,238,15,-1,239,240,241,-1,241,240,242,-1,241,242,243,-1,241,244,239,-1,239,244,245,-1,239,245,246,-1,246,247,239,-1,239,247,248,-1,239,248,249,-1,249,248,250,-1,249,250,251,-1,251,250,252,-1,251,252,219,-1,219,252,253,-1,219,253,233,-1,254,255,243,-1,243,255,256,-1,243,256,241,-1,257,258,204,-1,204,258,259,-1,204,259,205,-1,257,260,258,-1,258,260,261,-1,258,261,262,-1,262,261,263,-1,262,264,265,-1,263,266,262,-1,262,266,267,-1,262,267,268,-1,268,269,262,-1,262,269,270,-1,262,270,264,-1,265,271,262,-1,262,271,272,-1,262,272,273,-1,274,275,276,-1,276,275,170,-1,276,170,277,-1,277,170,278,-1,277,278,279,-1,280,172,281,-1,281,172,170,-1,281,170,282,-1,282,170,275,-1,283,284,285,-1,285,284,286,-1,287,288,289,-1,289,288,290,-1,288,291,290,-1,290,291,292,-1,290,292,293,-1,286,294,295,-1,295,294,296,-1,295,296,297,-1,298,222,299,-1,299,222,231,-1,299,231,300,-1,300,231,2,-1,300,2,289,-1,301,302,283,-1,283,302,303,-1,283,303,284,-1,304,305,306,-1,307,308,309,-1,310,311,312,-1,313,314,315,-1,315,314,312,-1,315,312,316,-1,316,312,311,-1,316,311,317,-1,317,311,318,-1,319,320,321,-1,322,323,324,-1,325,326,327,-1,328,329,324,-1,327,328,325,-1,325,328,324,-1,325,324,330,-1,330,324,323,-1,330,323,331,-1,331,323,332,-1,309,310,307,-1,307,310,312,-1,307,312,306,-1,306,312,324,-1,306,324,304,-1,304,324,329,-1,304,329,333,-1,217,334,335,-1,335,334,336,-1,335,336,337,-1,337,336,338,-1,337,338,339,-1,339,338,340,-1,341,342,343,-1,343,342,344,-1,345,199,346,-1,346,199,222,-1,346,222,347,-1,347,222,348,-1,349,350,351,-1,349,352,353,-1,349,354,355,-1,351,356,349,-1,349,356,357,-1,349,357,358,-1,358,357,348,-1,358,348,359,-1,359,348,222,-1,359,222,301,-1,301,222,298,-1,301,298,302,-1,360,361,362,-1,362,361,363,-1,362,363,364,-1,353,365,349,-1,349,365,366,-1,349,366,354,-1,355,367,349,-1,349,367,368,-1,349,368,369,-1,352,349,362,-1,362,349,370,-1,362,370,360,-1,369,371,349,-1,349,371,372,-1,349,372,350,-1,373,374,375,-1,375,374,376,-1,375,376,301,-1,301,376,377,-1,301,377,359,-1,14,378,379,-1,379,380,14,-1,14,380,381,-1,14,381,12,-1,382,383,384,-1,384,383,385,-1,384,385,386,-1,387,388,14,-1,14,388,389,-1,14,389,378,-1,383,390,385,-1,385,390,391,-1,385,391,387,-1,387,391,392,-1,387,392,388,-1,384,393,394,-1,345,395,199,-1,199,395,396,-1,199,396,384,-1,384,396,397,-1,384,397,393,-1,394,398,384,-1,384,398,399,-1,384,399,382,-1,400,401,402,-1,402,401,403,-1,386,404,405,-1,406,386,407,-1,407,386,408,-1,409,410,199,-1,400,411,401,-1,401,411,412,-1,401,412,413,-1,413,412,414,-1,415,416,414,-1,414,416,417,-1,414,417,413,-1,406,418,386,-1,386,418,419,-1,386,419,404,-1,410,420,199,-1,199,420,421,-1,199,421,422,-1,423,424,425,-1,425,424,426,-1,425,426,427,-1,428,429,384,-1,384,429,430,-1,384,430,199,-1,199,430,431,-1,199,431,409,-1,405,432,386,-1,386,432,433,-1,386,433,384,-1,384,433,403,-1,384,403,428,-1,428,403,401,-1,434,435,414,-1,414,435,436,-1,414,436,437,-1,422,438,199,-1,199,438,439,-1,199,439,200,-1,200,439,440,-1,200,440,425,-1,437,441,414,-1,414,441,442,-1,414,442,415,-1,443,444,343,-1,341,343,445,-1,445,343,444,-1,445,444,446,-1,11,447,17,-1,17,447,448,-1,218,17,231,-1,231,17,448,-1,231,448,2,-1,2,448,449,-1,2,449,196,-1,450,447,451,-1,451,447,11,-1,451,11,452,-1,452,11,10,-1,335,453,454,-1,216,217,16,-1,16,217,335,-1,16,335,17,-1,17,335,454,-1,17,454,11,-1,11,454,455,-1,11,455,456,-1,457,458,337,-1,337,458,459,-1,337,459,335,-1,335,459,460,-1,335,460,453,-1,456,461,11,-1,11,461,462,-1,11,462,9,-1,463,464,339,-1,463,339,465,-1,464,466,339,-1,339,466,467,-1,339,467,337,-1,337,467,468,-1,337,468,457,-1,469,4,470,-1,470,4,3,-1,470,3,471,-1,471,3,472,-1,175,473,474,-1,474,473,324,-1,474,324,472,-1,472,324,312,-1,472,312,471,-1,475,476,474,-1,477,478,479,-1,474,476,278,-1,278,476,480,-1,278,480,481,-1,479,475,477,-1,477,475,474,-1,477,474,482,-1,482,474,472,-1,482,472,481,-1,481,472,3,-1,481,3,278,-1,278,3,5,-1,278,5,279,-1,279,5,483,-1,279,483,484,-1,484,483,485,-1,321,322,319,-1,319,322,324,-1,319,324,486,-1,486,324,473,-1,486,473,487,-1,487,473,175,-1,487,175,188,-1,188,175,174,-1,188,174,189,-1,488,489,474,-1,474,489,490,-1,474,490,491,-1,491,492,474,-1,474,492,493,-1,474,493,175,-1,175,493,494,-1,175,494,170,-1,494,495,170,-1,170,495,496,-1,170,496,278,-1,278,496,497,-1,278,497,498,-1,498,499,278,-1,278,499,500,-1,278,500,501,-1,501,502,278,-1,278,502,503,-1,278,503,474,-1,474,503,504,-1,474,504,488,-1,1,505,2,-1,2,505,285,-1,2,285,289,-1,289,285,286,-1,289,286,287,-1,287,286,295,-1,506,507,172,-1,507,508,172,-1,172,508,509,-1,172,509,510,-1,511,512,513,-1,513,512,514,-1,510,0,172,-1,172,0,2,-1,172,2,173,-1,173,2,194,-1,173,194,190,-1,190,194,465,-1,190,465,188,-1,188,465,339,-1,188,339,487,-1,487,339,340,-1,487,340,486,-1,505,515,285,-1,285,515,516,-1,285,516,513,-1,513,516,517,-1,513,517,518,-1,518,519,513,-1,513,519,520,-1,513,520,511,-1,485,483,280,-1,280,483,513,-1,280,513,172,-1,172,513,514,-1,172,514,506,-1,427,521,425,-1,425,521,443,-1,425,443,200,-1,200,443,343,-1,200,343,217,-1,217,343,344,-1,217,344,334,-1,373,375,522,-1,522,375,301,-1,522,301,523,-1,523,301,283,-1,523,283,524,-1,524,283,285,-1,524,285,525,-1,525,285,513,-1,525,513,526,-1,526,513,483,-1,526,483,527,-1,527,483,5,-1,527,5,528,-1,528,5,4,-1,528,4,529,-1,529,4,469,-1,529,469,6,-1,530,531,532,-1,73,18,79,-1,79,18,20,-1,79,20,531,-1,531,530,79,-1,79,530,93,-1,79,93,77,-1,77,93,118,-1,77,118,128,-1,533,534,535,-1,535,534,536,-1,446,408,445,-1,445,408,386,-1,445,386,535,-1,535,386,385,-1,535,385,533,-1,533,385,537,-1,538,341,532,-1,532,341,445,-1,532,445,530,-1,530,445,535,-1,530,535,93,-1,93,535,536,-1,93,536,27,-1,27,536,539,-1,27,539,385,-1,385,539,540,-1,385,540,537,-1,541,542,543,-1,543,542,533,-1,543,533,544,-1,544,533,537,-1,544,537,545,-1,545,537,546,-1,547,548,549,-1,550,551,23,-1,23,551,547,-1,23,547,387,-1,387,547,549,-1,387,549,385,-1,385,549,552,-1,385,552,27,-1,27,552,550,-1,27,550,23,-1,21,23,37,-1,37,23,387,-1,37,387,553,-1,553,387,14,-1,553,14,554,-1,554,14,13,-1,554,13,522,-1,522,13,555,-1,522,555,373,-1,6,8,529,-1,529,8,556,-1,529,556,528,-1,528,556,557,-1,528,557,527,-1,527,557,558,-1,527,558,526,-1,526,558,559,-1,526,559,525,-1,525,559,560,-1,525,560,524,-1,524,560,561,-1,524,561,523,-1,523,561,562,-1,523,562,522,-1,522,562,563,-1,522,563,554,-1,554,563,564,-1,554,564,553,-1,553,564,565,-1,553,565,37,-1,37,565,566,-1,37,566,35,-1,317,567,316,-1,316,567,568,-1,315,569,313,-1,313,569,570,-1,311,571,318,-1,318,571,572,-1,309,573,310,-1,310,573,574,-1,307,575,308,-1,308,575,576,-1,305,577,306,-1,306,577,578,-1,329,579,333,-1,333,579,580,-1,327,581,328,-1,328,581,582,-1,325,583,326,-1,326,583,584,-1,331,585,330,-1,330,585,586,-1,323,587,332,-1,332,587,588,-1,321,589,322,-1,322,589,590,-1,319,591,320,-1,320,591,592,-1,538,593,341,-1,341,593,594,-1,18,595,19,-1,19,595,596,-1,70,597,71,-1,71,597,598,-1,599,600,601,-1,601,600,602,-1,603,604,605,-1,605,604,606,-1,607,608,609,-1,609,608,610,-1,611,612,613,-1,613,612,614,-1,615,616,617,-1,617,616,618,-1,619,620,621,-1,621,620,622,-1,623,624,625,-1,625,624,626,-1,627,628,629,-1,629,628,630,-1,631,632,633,-1,633,632,634,-1,635,636,637,-1,637,636,638,-1,639,640,641,-1,641,640,642,-1,643,644,645,-1,645,644,646,-1,647,648,649,-1,649,648,650,-1,651,652,653,-1,653,652,654,-1,655,656,657,-1,657,656,658,-1,659,660,661,-1,661,660,662,-1,598,663,664,-1,659,657,660,-1,660,657,658,-1,319,341,591,-1,591,341,594,-1,651,649,652,-1,652,649,650,-1,18,71,595,-1,595,71,598,-1,664,660,598,-1,598,660,658,-1,598,658,595,-1,595,658,652,-1,323,322,587,-1,587,322,590,-1,643,641,644,-1,644,641,642,-1,325,330,583,-1,583,330,586,-1,635,633,636,-1,636,633,634,-1,329,328,579,-1,579,328,582,-1,627,625,628,-1,628,625,626,-1,307,306,575,-1,575,306,578,-1,619,617,620,-1,620,617,618,-1,311,310,571,-1,571,310,574,-1,611,609,612,-1,612,609,610,-1,315,316,569,-1,569,316,568,-1,603,601,604,-1,604,601,602,-1,665,666,602,-1,602,666,569,-1,602,569,604,-1,604,569,568,-1,604,568,610,-1,610,568,571,-1,610,571,612,-1,612,571,574,-1,612,574,618,-1,618,574,575,-1,618,575,620,-1,620,575,578,-1,620,578,626,-1,626,578,579,-1,626,579,628,-1,628,579,582,-1,628,582,634,-1,634,582,583,-1,634,583,636,-1,636,583,586,-1,636,586,642,-1,642,586,587,-1,642,587,644,-1,644,587,590,-1,644,590,650,-1,650,590,591,-1,650,591,652,-1,652,591,594,-1,652,594,595,-1,667,668,669,-1,669,668,670,-1,671,672,673,-1,673,672,674,-1,675,676,677,-1,677,676,678,-1,679,680,681,-1,681,680,682,-1,683,684,685,-1,685,684,686,-1,687,688,689,-1,689,688,690,-1,691,692,693,-1,693,692,694,-1,695,696,697,-1,697,696,698,-1,7,699,700,-1,701,702,703,-1,703,702,704,-1,703,704,705,-1,705,704,700,-1,705,700,706,-1,706,700,699,-1,706,699,701,-1,701,699,702,-1,707,704,708,-1,708,704,709,-1,708,709,710,-1,710,709,711,-1,710,711,712,-1,712,711,700,-1,712,700,707,-1,707,700,704,-1,713,709,714,-1,714,709,715,-1,714,715,716,-1,716,715,717,-1,716,717,718,-1,718,717,711,-1,718,711,713,-1,713,711,709,-1,719,715,720,-1,720,715,721,-1,720,721,722,-1,722,721,723,-1,722,723,724,-1,724,723,717,-1,724,717,719,-1,719,717,715,-1,725,721,726,-1,726,721,727,-1,726,727,728,-1,728,727,729,-1,728,729,730,-1,730,729,723,-1,730,723,725,-1,725,723,721,-1,731,727,732,-1,732,727,733,-1,732,733,734,-1,734,733,735,-1,734,735,736,-1,736,735,729,-1,736,729,731,-1,731,729,727,-1,737,733,738,-1,738,733,739,-1,738,739,740,-1,740,739,741,-1,740,741,742,-1,742,741,735,-1,742,735,737,-1,737,735,733,-1,743,744,745,-1,745,744,741,-1,745,741,746,-1,746,741,739,-1,746,739,747,-1,747,739,748,-1,747,748,743,-1,743,748,744,-1,744,748,749,-1,744,749,750,-1,7,700,751,-1,751,700,711,-1,751,711,752,-1,752,711,717,-1,752,717,753,-1,753,717,723,-1,753,723,754,-1,754,723,729,-1,754,729,755,-1,755,729,735,-1,755,735,756,-1,756,735,741,-1,756,741,757,-1,757,741,744,-1,757,744,758,-1,758,744,750,-1,758,750,566,-1,747,743,695,-1,695,743,696,-1,738,740,691,-1,691,740,692,-1,732,734,687,-1,687,734,688,-1,726,728,683,-1,683,728,684,-1,720,722,679,-1,679,722,680,-1,714,716,675,-1,675,716,676,-1,708,710,671,-1,671,710,672,-1,703,705,667,-1,667,705,668,-1,743,745,696,-1,696,745,698,-1,745,746,698,-1,698,746,697,-1,746,747,697,-1,697,747,695,-1,740,742,692,-1,692,742,694,-1,742,737,694,-1,694,737,693,-1,737,738,693,-1,693,738,691,-1,734,736,688,-1,688,736,690,-1,736,731,690,-1,690,731,689,-1,731,732,689,-1,689,732,687,-1,728,730,684,-1,684,730,686,-1,730,725,686,-1,686,725,685,-1,725,726,685,-1,685,726,683,-1,722,724,680,-1,680,724,682,-1,724,719,682,-1,682,719,681,-1,719,720,681,-1,681,720,679,-1,716,718,676,-1,676,718,678,-1,718,713,678,-1,678,713,677,-1,713,714,677,-1,677,714,675,-1,710,712,672,-1,672,712,674,-1,712,707,674,-1,674,707,673,-1,707,708,673,-1,673,708,671,-1,705,706,668,-1,668,706,670,-1,706,701,670,-1,670,701,669,-1,701,703,669,-1,669,703,667,-1,665,759,760,-1,314,761,666,-1,760,702,665,-1,665,702,699,-1,665,699,666,-1,666,699,7,-1,666,7,314,-1,663,762,69,-1,763,764,664,-1,69,566,663,-1,663,566,750,-1,663,750,664,-1,664,750,749,-1,664,749,763,-1,660,664,662,-1,662,664,764,-1,652,658,654,-1,654,658,656,-1,644,650,646,-1,646,650,648,-1,636,642,638,-1,638,642,640,-1,628,634,630,-1,630,634,632,-1,620,626,622,-1,622,626,624,-1,612,618,614,-1,614,618,616,-1,604,610,606,-1,606,610,608,-1,600,759,602,-1,602,759,665,-1,597,762,598,-1,598,762,663,-1,593,596,594,-1,594,596,595,-1,589,592,590,-1,590,592,591,-1,585,588,586,-1,586,588,587,-1,581,584,582,-1,582,584,583,-1,577,580,578,-1,578,580,579,-1,573,576,574,-1,574,576,575,-1,567,572,568,-1,568,572,571,-1,569,666,570,-1,570,666,761,-1,760,599,601,-1,605,607,603,-1,603,607,609,-1,715,709,603,-1,603,709,704,-1,603,704,601,-1,601,704,702,-1,601,702,760,-1,715,603,721,-1,721,603,609,-1,721,609,727,-1,613,615,611,-1,611,615,617,-1,619,733,617,-1,617,733,727,-1,617,727,611,-1,611,727,609,-1,621,623,619,-1,619,623,625,-1,619,625,733,-1,733,625,739,-1,629,631,627,-1,627,631,633,-1,625,627,739,-1,739,627,633,-1,739,633,748,-1,748,633,635,-1,748,635,749,-1,643,645,647,-1,649,651,749,-1,647,649,643,-1,643,649,749,-1,643,749,641,-1,641,749,635,-1,641,635,639,-1,639,635,637,-1,661,763,659,-1,659,763,749,-1,659,749,657,-1,657,749,651,-1,657,651,655,-1,655,651,653,-1,763,661,764,-1,764,661,662,-1,656,655,654,-1,654,655,653,-1,648,647,646,-1,646,647,645,-1,640,639,638,-1,638,639,637,-1,632,631,630,-1,630,631,629,-1,624,623,622,-1,622,623,621,-1,616,615,614,-1,614,615,613,-1,608,607,606,-1,606,607,605,-1,760,759,599,-1,599,759,600,-1,69,762,70,-1,70,762,597,-1,19,596,538,-1,538,596,593,-1,320,592,321,-1,321,592,589,-1,332,588,331,-1,331,588,585,-1,326,584,327,-1,327,584,581,-1,333,580,305,-1,305,580,577,-1,308,576,309,-1,309,576,573,-1,318,572,317,-1,317,572,567,-1,761,314,570,-1,570,314,313,-1,
        ]
    }
}
Shape{
    appearance Appearance {
        material  Material 	{
            diffuseColor 1.0 1.0 1.0
            specularColor 0.5019607843137255 0.5019607843137255 0.5019607843137255
            ambientIntensity 1.0
            transparency 0.0
            shininess 0.5
        }
    }
    geometry IndexedFaceSet {
        ccw TRUE
        solid FALSE
        coord DEF co Coordinate {
            point [
                -2.8658 -0.4789 3.892, -2.8658 -0.4789 3.8768, -2.8658 -0.475 3.892, -2.8658 -0.475 3.8768, -2.9189 -0.4789 3.892, -2.9189 -0.475 3.892, -2.9189 -0.4789 4.0103, -2.9189 -0.475 4.0103, -2.9362 -0.4789 4.0103, -2.9362 -0.475 4.0103, -2.9362 -0.4789 3.8768, -2.9362 -0.475 3.8768, -2.7974 -0.4789 3.8746, -2.7974 -0.475 3.8746, -2.777 -0.475 3.8765, -2.7661 -0.475 3.8801, -2.7627 -0.4789 3.8812, -2.777 -0.4789 3.8765, -2.7627 -0.475 3.8812, -2.7604 -0.475 3.8824, -2.7604 -0.4789 3.8824, -2.7604 -0.4789 3.8989, -2.7604 -0.475 3.8989, -2.7716 -0.4789 3.8936, -2.7661 -0.475 3.8962, -2.7716 -0.475 3.8936, -2.7863 -0.475 3.8904, -2.7863 -0.4789 3.8904, -2.7949 -0.475 3.8899, -2.7949 -0.4789 3.8899, -2.8071 -0.475 3.8912, -2.8071 -0.4789 3.8912, -2.8168 -0.475 3.8947, -2.8168 -0.4789 3.8947, -2.8257 -0.475 3.9007, -2.8257 -0.4789 3.9007, -2.8292 -0.475 3.904, -2.8292 -0.4789 3.904, -2.8355 -0.475 3.9127, -2.8355 -0.4789 3.9127, -2.8399 -0.475 3.9234, -2.8399 -0.4789 3.9234, -2.8421 -0.475 3.9367, -2.8421 -0.4789 3.9367, -2.8423 -0.475 3.9421, -2.8423 -0.4789 3.9421, -2.8401 -0.475 3.9603, -2.8401 -0.4789 3.9603, -2.8356 -0.475 3.9718, -2.8356 -0.4789 3.9718, -2.8292 -0.475 3.9811, -2.8292 -0.4789 3.9811, -2.8282 -0.475 3.9822, -2.8282 -0.4789 3.9822, -2.8196 -0.475 3.9894, -2.8196 -0.4789 3.9894, -2.8092 -0.475 3.9944, -2.8092 -0.4789 3.9944, -2.7976 -0.475 3.9967, -2.7976 -0.4789 3.9967, -2.7919 -0.475 3.997, -2.7919 -0.4789 3.997, -2.7754 -0.475 3.995, -2.7661 -0.475 3.9915, -2.7619 -0.4789 3.9899, -2.7754 -0.4789 3.995, -2.7619 -0.475 3.9899, -2.7604 -0.475 3.9891, -2.7604 -0.4789 3.9891, -2.7604 -0.4789 4.0071, -2.7604 -0.475 4.0071, -2.7661 -0.475 4.0087, -2.7746 -0.4789 4.0112, -2.792 -0.475 4.0125, -2.792 -0.4789 4.0125, -2.7777 -0.475 4.0114, -2.7746 -0.475 4.0112, -2.8013 -0.475 4.0114, -2.8113 -0.4789 4.0102, -2.8113 -0.475 4.0102, -2.8252 -0.475 4.0048, -2.8252 -0.4789 4.0048, -2.8381 -0.475 3.9957, -2.8381 -0.4789 3.9957, -2.8411 -0.475 3.9929, -2.8411 -0.4789 3.9929, -2.8507 -0.475 3.9802, -2.8544 -0.475 3.9718, -2.8571 -0.4789 3.9654, -2.8507 -0.4789 3.9802, -2.8571 -0.475 3.9654, -2.8601 -0.475 3.948, -2.8601 -0.4789 3.948, -2.8603 -0.475 3.941, -2.8603 -0.4789 3.941, -2.8577 -0.475 3.9194, -2.8544 -0.475 3.9107, -2.8523 -0.4789 3.9055, -2.8577 -0.4789 3.9194, -2.8523 -0.475 3.9055, -2.8444 -0.475 3.8941, -2.8444 -0.4789 3.8941, -2.8432 -0.475 3.8928, -2.8432 -0.4789 3.8928, -2.8339 -0.475 3.8848, -2.8339 -0.4789 3.8848, -2.8215 -0.475 3.8785, -2.8215 -0.4789 3.8785, -2.8074 -0.475 3.8752, -2.8074 -0.4789 3.8752, -2.6619 -0.4789 3.892, -2.6619 -0.4789 3.8768, -2.6619 -0.475 3.892, -2.6619 -0.475 3.8768, -2.7165 -0.475 3.892, -2.7165 -0.4789 3.892, -2.6804 -0.475 3.892, -2.7165 -0.4789 3.9369, -2.7165 -0.475 3.9369, -2.6688 -0.4789 3.9369, -2.6804 -0.475 3.9369, -2.6688 -0.475 3.9369, -2.6688 -0.4789 3.9522, -2.6688 -0.475 3.9522, -2.7165 -0.475 3.9522, -2.7165 -0.4789 3.9522, -2.6804 -0.475 3.9522, -2.7165 -0.4789 3.9949, -2.7165 -0.475 3.9949, -2.665 -0.475 3.9949, -2.665 -0.4789 3.9949, -2.6804 -0.475 3.9949, -2.665 -0.4789 4.0103, -2.665 -0.475 4.0103, -2.7337 -0.475 4.0103, -2.7337 -0.4789 4.0103, -2.6804 -0.475 4.0103, -2.7337 -0.4789 3.8768, -2.7337 -0.475 3.8768, -2.6804 -0.475 3.8768, -2.5538 -0.4789 3.9141, -2.5605 -0.4789 3.906, -2.5482 -0.4789 3.8955, -2.5621 -0.4789 3.9044, -2.5622 -0.4789 3.8855, -2.5707 -0.4789 3.8985, -2.5775 -0.4789 3.8796, -2.5818 -0.4789 3.8942, -2.6 -0.4789 3.8768, -2.6001 -0.4789 3.892, -2.6367 -0.4789 3.8768, -2.6195 -0.4789 3.892, -2.6367 -0.4789 4.0103, -2.6195 -0.4789 3.9949, -2.5987 -0.4789 4.0103, -2.5993 -0.4789 3.9949, -2.5783 -0.4789 4.008, -2.5815 -0.4789 3.9929, -2.5622 -0.4789 4.0021, -2.57 -0.4789 3.9886, -2.5482 -0.4789 3.9926, -2.5608 -0.4789 3.9824, -2.5435 -0.4789 3.988, -2.557 -0.4789 3.9786, -2.5352 -0.4789 3.9763, -2.5519 -0.4789 3.9711, -2.5303 -0.4789 3.9636, -2.5481 -0.4789 3.9614, -2.5281 -0.4789 3.9453, -2.5462 -0.4789 3.9448, -2.5285 -0.4789 3.9367, -2.5466 -0.4789 3.9363, -2.5317 -0.4789 3.9211, -2.5492 -0.4789 3.924, -2.5383 -0.4789 3.9073, -2.6 -0.475 3.8768, -2.6367 -0.475 3.8768, -2.5775 -0.475 3.8796, -2.5622 -0.475 3.8855, -2.5482 -0.475 3.8955, -2.5383 -0.475 3.9073, -2.5317 -0.475 3.9211, -2.5285 -0.475 3.9367, -2.5281 -0.475 3.9453, -2.5303 -0.475 3.9636, -2.5352 -0.475 3.9763, -2.5435 -0.475 3.988, -2.5482 -0.475 3.9926, -2.5622 -0.475 4.0021, -2.5783 -0.475 4.008, -2.5987 -0.475 4.0103, -2.6367 -0.475 4.0103, -2.5993 -0.475 3.9949, -2.6195 -0.475 3.9949, -2.6195 -0.475 3.892, -2.6001 -0.475 3.892, -2.5605 -0.475 3.906, -2.5621 -0.475 3.9044, -2.5707 -0.475 3.8985, -2.5818 -0.475 3.8942, -2.5462 -0.475 3.9448, -2.5466 -0.475 3.9363, -2.5492 -0.475 3.924, -2.5538 -0.475 3.9141, -2.5608 -0.475 3.9824, -2.557 -0.475 3.9786, -2.5519 -0.475 3.9711, -2.5481 -0.475 3.9614, -2.5815 -0.475 3.9929, -2.57 -0.475 3.9886
            ]
        }
        coordIndex [
            0,1,2,-1,2,1,3,-1,4,0,5,-1,5,0,2,-1,6,4,7,-1,7,4,5,-1,8,6,9,-1,9,6,7,-1,10,8,11,-1,11,8,9,-1,1,10,3,-1,3,10,11,-1,6,8,4,-1,4,8,10,-1,4,10,0,-1,0,10,1,-1,12,13,14,-1,15,16,14,-1,14,16,17,-1,14,17,12,-1,15,18,16,-1,16,18,19,-1,16,19,20,-1,21,20,22,-1,22,20,19,-1,21,22,23,-1,23,22,24,-1,24,25,23,-1,23,25,26,-1,23,26,27,-1,27,26,28,-1,27,28,29,-1,29,28,30,-1,29,30,31,-1,31,30,32,-1,31,32,33,-1,33,32,34,-1,33,34,35,-1,35,34,36,-1,35,36,37,-1,37,36,38,-1,37,38,39,-1,39,38,40,-1,39,40,41,-1,41,40,42,-1,41,42,43,-1,43,42,44,-1,43,44,45,-1,45,44,46,-1,45,46,47,-1,47,46,48,-1,47,48,49,-1,49,48,50,-1,49,50,51,-1,51,50,52,-1,51,52,53,-1,53,52,54,-1,53,54,55,-1,55,54,56,-1,55,56,57,-1,57,56,58,-1,57,58,59,-1,59,58,60,-1,59,60,61,-1,61,60,62,-1,63,64,62,-1,62,64,65,-1,62,65,61,-1,63,66,64,-1,64,66,67,-1,64,67,68,-1,69,68,70,-1,70,68,67,-1,69,70,71,-1,69,71,72,-1,73,74,75,-1,75,74,72,-1,75,72,76,-1,76,72,71,-1,74,73,77,-1,74,77,78,-1,77,79,78,-1,78,79,80,-1,78,80,81,-1,81,80,82,-1,81,82,83,-1,83,82,84,-1,83,84,85,-1,85,84,86,-1,87,88,86,-1,86,88,89,-1,86,89,85,-1,87,90,88,-1,88,90,91,-1,88,91,92,-1,92,91,93,-1,92,93,94,-1,94,93,95,-1,96,97,95,-1,95,97,98,-1,95,98,94,-1,96,99,97,-1,97,99,100,-1,97,100,101,-1,101,100,102,-1,101,102,103,-1,103,102,104,-1,103,104,105,-1,105,104,106,-1,105,106,107,-1,107,106,108,-1,107,108,109,-1,109,108,13,-1,109,13,12,-1,47,49,89,-1,55,57,78,-1,89,49,85,-1,78,57,74,-1,78,81,55,-1,55,81,83,-1,55,83,53,-1,53,83,85,-1,53,85,51,-1,51,85,49,-1,57,59,74,-1,74,59,61,-1,74,61,72,-1,72,61,65,-1,72,65,69,-1,69,65,64,-1,69,64,68,-1,94,45,92,-1,92,45,47,-1,92,47,88,-1,88,47,89,-1,20,21,16,-1,16,21,23,-1,16,23,17,-1,17,23,27,-1,17,27,12,-1,12,27,29,-1,12,29,109,-1,109,29,31,-1,109,31,107,-1,107,31,33,-1,107,33,105,-1,105,33,35,-1,105,35,103,-1,103,35,37,-1,103,37,101,-1,101,37,39,-1,101,39,97,-1,97,39,98,-1,98,39,41,-1,98,41,94,-1,94,41,43,-1,94,43,45,-1,110,111,112,-1,112,111,113,-1,114,115,116,-1,116,115,110,-1,116,110,112,-1,117,115,118,-1,118,115,114,-1,117,118,119,-1,119,118,120,-1,119,120,121,-1,122,119,123,-1,123,119,121,-1,124,125,126,-1,126,125,122,-1,126,122,123,-1,127,125,128,-1,128,125,124,-1,129,130,131,-1,131,130,127,-1,131,127,128,-1,132,130,133,-1,133,130,129,-1,134,135,136,-1,136,135,132,-1,136,132,133,-1,137,135,138,-1,138,135,134,-1,113,111,139,-1,139,111,137,-1,139,137,138,-1,137,111,110,-1,110,115,137,-1,137,115,117,-1,137,117,135,-1,130,132,127,-1,127,132,135,-1,127,135,125,-1,125,135,117,-1,125,117,122,-1,122,117,119,-1,140,141,142,-1,142,141,143,-1,142,143,144,-1,144,143,145,-1,144,145,146,-1,146,145,147,-1,146,147,148,-1,148,147,149,-1,148,149,150,-1,150,149,151,-1,150,151,152,-1,152,151,153,-1,152,153,154,-1,154,153,155,-1,154,155,156,-1,156,155,157,-1,156,157,158,-1,158,157,159,-1,158,159,160,-1,160,159,161,-1,160,161,162,-1,162,161,163,-1,162,163,164,-1,164,163,165,-1,164,165,166,-1,166,165,167,-1,166,167,168,-1,168,167,169,-1,168,169,170,-1,170,169,171,-1,170,171,172,-1,172,171,173,-1,172,173,174,-1,174,173,140,-1,174,140,142,-1,148,150,175,-1,175,150,176,-1,148,175,177,-1,148,177,146,-1,146,177,178,-1,146,178,144,-1,144,178,179,-1,144,179,142,-1,142,179,180,-1,142,180,174,-1,174,180,181,-1,174,181,172,-1,172,181,182,-1,172,182,170,-1,170,182,183,-1,170,183,168,-1,168,183,184,-1,168,184,166,-1,166,184,185,-1,166,185,164,-1,164,185,186,-1,164,186,162,-1,162,186,187,-1,162,187,160,-1,160,187,188,-1,160,188,158,-1,158,188,189,-1,158,189,156,-1,156,189,190,-1,156,190,154,-1,152,154,191,-1,191,154,190,-1,150,152,176,-1,176,152,191,-1,155,153,192,-1,192,153,193,-1,153,151,193,-1,193,151,194,-1,151,149,194,-1,194,149,195,-1,141,196,197,-1,141,197,143,-1,143,197,198,-1,143,198,145,-1,145,198,199,-1,145,199,147,-1,147,199,195,-1,147,195,149,-1,169,200,201,-1,169,201,171,-1,171,201,202,-1,171,202,173,-1,173,202,203,-1,173,203,140,-1,140,203,196,-1,140,196,141,-1,161,204,205,-1,161,205,163,-1,163,205,206,-1,163,206,165,-1,165,206,207,-1,165,207,167,-1,167,207,200,-1,167,200,169,-1,155,192,208,-1,155,208,157,-1,157,208,209,-1,157,209,159,-1,159,209,204,-1,159,204,161,-1,
        ]
    }
}
Shape{
    appearance Appearance {
        material  Material 	{
            diffuseColor 0.25098039215686274 0.25098039215686274 0.25098039215686274
            specularColor 0.2196078431372549 0.2196078431372549 0.2196078431372549
            ambientIntensity 0.251
            transparency 0.0
            shininess 0.5
        }
    }
    geometry IndexedFaceSet {
        ccw TRUE
        solid FALSE
        coord DEF co Coordinate {
            point [
                -2.6195 -0.475 3.9949, -2.6195 -0.475 3.892, -2.5993 -0.475 3.9949, -2.6001 -0.475 3.892, -2.5818 -0.475 3.8942, -2.5707 -0.475 3.8985, -2.5621 -0.475 3.9044, -2.5605 -0.475 3.906, -2.5538 -0.475 3.9141, -2.5492 -0.475 3.924, -2.5462 -0.475 3.9448, -2.5608 -0.475 3.9824, -2.57 -0.475 3.9886, -2.5481 -0.475 3.9614, -2.5519 -0.475 3.9711, -2.557 -0.475 3.9786, -2.5466 -0.475 3.9363, -2.5815 -0.475 3.9929
            ]
        }
        coordIndex [
            0,1,2,-1,2,1,3,-1,3,4,2,-1,2,4,5,-1,2,5,6,-1,6,7,2,-1,2,7,8,-1,2,8,9,-1,10,11,12,-1,13,14,10,-1,10,14,15,-1,10,15,11,-1,9,16,2,-1,2,16,10,-1,2,10,17,-1,17,10,12,-1,
        ]
    }
}
Shape{
    appearance Appearance {
        material  Material 	{
            diffuseColor 1.0 1.0 1.0
            specularColor 0.5019607843137255 0.5019607843137255 0.5019607843137255
            ambientIntensity 1.0
            transparency 0.0
            shininess 0.5
        }
    }
    geometry IndexedFaceSet {
        ccw TRUE
        solid FALSE
        coord DEF co Coordinate {
            point [
                -2.4834 -0.4789 3.9284, -2.4888 -0.4789 3.9133, -2.4386 -0.4789 3.9284, -2.4332 -0.4789 3.9133, -2.4634 -0.4789 3.9839, -2.4698 -0.4789 4.0103, -2.5207 -0.4789 3.8768, -2.5016 -0.4789 3.8768, -2.4622 -0.4789 3.9879, -2.4612 -0.4789 3.9932, -2.4514 -0.4789 4.0103, -2.4608 -0.4789 3.9932, -2.4597 -0.4789 3.9876, -2.4587 -0.4789 3.9839, -2.4006 -0.4789 3.8768, -2.4196 -0.4789 3.8768, -2.4514 -0.475 4.0103, -2.4006 -0.475 3.8768, -2.4698 -0.475 4.0103, -2.5207 -0.475 3.8768, -2.4822 -0.475 3.9778, -2.5016 -0.475 3.8768, -2.4888 -0.475 3.9133, -2.4332 -0.475 3.9133, -2.4822 -0.475 3.9133, -2.4196 -0.475 3.8768, -2.4834 -0.475 3.9284, -2.4386 -0.475 3.9284, -2.4587 -0.475 3.9839, -2.4608 -0.475 3.9932, -2.4597 -0.475 3.9876, -2.4612 -0.475 3.9932, -2.4634 -0.475 3.9839, -2.4622 -0.475 3.9879
            ]
        }
        coordIndex [
            0,1,2,-1,2,1,3,-1,4,5,0,-1,0,5,6,-1,0,6,1,-1,1,6,7,-1,4,8,5,-1,5,8,9,-1,5,9,10,-1,10,9,11,-1,10,11,12,-1,12,13,10,-1,10,13,2,-1,10,2,14,-1,14,2,3,-1,14,3,15,-1,10,14,16,-1,16,14,17,-1,5,10,18,-1,18,10,16,-1,19,6,20,-1,20,6,5,-1,20,5,18,-1,7,6,21,-1,21,6,19,-1,1,7,22,-1,22,7,21,-1,23,3,24,-1,24,3,1,-1,24,1,22,-1,15,3,25,-1,25,3,23,-1,14,15,17,-1,17,15,25,-1,0,2,26,-1,26,2,27,-1,2,13,27,-1,27,13,28,-1,11,29,30,-1,11,30,12,-1,12,30,28,-1,12,28,13,-1,11,9,29,-1,29,9,31,-1,4,32,33,-1,4,33,8,-1,8,33,31,-1,8,31,9,-1,4,0,32,-1,32,0,26,-1,
        ]
    }
}
Shape{
    appearance Appearance {
        material  Material 	{
            diffuseColor 0.25098039215686274 0.25098039215686274 0.25098039215686274
            specularColor 0.2196078431372549 0.2196078431372549 0.2196078431372549
            ambientIntensity 0.251
            transparency 0.0
            shininess 0.5
        }
    }
    geometry IndexedFaceSet {
        ccw TRUE
        solid FALSE
        coord DEF co Coordinate {
            point [
                -2.4608 -0.475 3.9932, -2.4612 -0.475 3.9932, -2.4597 -0.475 3.9876, -2.4622 -0.475 3.9879, -2.4587 -0.475 3.9839, -2.4634 -0.475 3.9839, -2.4386 -0.475 3.9284, -2.4834 -0.475 3.9284
            ]
        }
        coordIndex [
            0,1,2,-1,2,1,3,-1,2,3,4,-1,4,3,5,-1,4,5,6,-1,6,5,7,-1,
        ]
    }
}
Shape{
    appearance Appearance {
        material  Material 	{
            diffuseColor 1.0 1.0 1.0
            specularColor 0.5019607843137255 0.5019607843137255 0.5019607843137255
            ambientIntensity 1.0
            transparency 0.0
            shininess 0.5
        }
    }
    geometry IndexedFaceSet {
        ccw TRUE
        solid FALSE
        coord DEF co Coordinate {
            point [
                -2.8644 -0.4789 3.6803, -2.8644 -0.4789 3.6651, -2.8644 -0.475 3.6803, -2.8644 -0.475 3.6651, -2.9189 -0.4789 3.6803, -2.9189 -0.475 3.6803, -2.9189 -0.4789 3.7252, -2.9189 -0.475 3.7252, -2.8712 -0.4789 3.7252, -2.8712 -0.475 3.7252, -2.8712 -0.4789 3.7405, -2.8712 -0.475 3.7405, -2.9189 -0.4789 3.7405, -2.9189 -0.475 3.7405, -2.9189 -0.4789 3.7832, -2.9189 -0.475 3.7832, -2.8674 -0.4789 3.7832, -2.8674 -0.475 3.7832, -2.8674 -0.4789 3.7986, -2.8674 -0.475 3.7986, -2.9362 -0.4789 3.7986, -2.9362 -0.475 3.7986, -2.9362 -0.4789 3.6651, -2.9362 -0.475 3.6651, -2.789 -0.4789 3.6799, -2.7885 -0.4789 3.6799, -2.7896 -0.4789 3.6952, -2.7885 -0.4789 3.7027, -2.7718 -0.4789 3.7265, -2.7885 -0.4789 3.7038, -2.7885 -0.4789 3.7129, -2.7885 -0.4789 3.6651, -2.7718 -0.4789 3.6651, -2.8313 -0.4789 3.6947, -2.8305 -0.4789 3.6985, -2.845 -0.4789 3.7058, -2.7921 -0.4789 3.6893, -2.7957 -0.4789 3.6844, -2.7916 -0.4789 3.6758, -2.7978 -0.4789 3.6823, -2.7969 -0.4789 3.6701, -2.8025 -0.4789 3.6791, -2.8027 -0.4789 3.6663, -2.8076 -0.4789 3.6773, -2.8095 -0.4789 3.6638, -2.8138 -0.4789 3.6766, -2.8182 -0.4789 3.6629, -2.8195 -0.4789 3.6772, -2.8282 -0.4789 3.664, -2.8233 -0.4789 3.6786, -2.8346 -0.4789 3.6664, -2.8266 -0.4789 3.6809, -2.8402 -0.4789 3.6704, -2.828 -0.4789 3.6823, -2.8416 -0.4789 3.7106, -2.829 -0.4789 3.7016, -2.8365 -0.4789 3.715, -2.827 -0.4789 3.7041, -2.8294 -0.4789 3.7187, -2.8249 -0.4789 3.7057, -2.821 -0.4789 3.7076, -2.8168 -0.4789 3.7218, -2.8108 -0.4789 3.7099, -2.7885 -0.4789 3.7257, -2.8473 -0.4789 3.6999, -2.8483 -0.4789 3.6927, -2.8314 -0.4789 3.692, -2.8484 -0.4789 3.6906, -2.831 -0.4789 3.6882, -2.8476 -0.4789 3.683, -2.8299 -0.4789 3.6851, -2.8455 -0.4789 3.6774, -2.8421 -0.4789 3.6723, -2.8391 -0.4789 3.7537, -2.8391 -0.4789 3.7375, -2.8356 -0.4789 3.7558, -2.8288 -0.4789 3.7442, -2.8231 -0.4789 3.7606, -2.8183 -0.4789 3.7479, -2.8063 -0.4789 3.7626, -2.8078 -0.4789 3.749, -2.7963 -0.4789 3.7617, -2.8022 -0.4789 3.7484, -2.7892 -0.4789 3.7596, -2.7983 -0.4789 3.7471, -2.7837 -0.4789 3.7564, -2.7953 -0.4789 3.7452, -2.7792 -0.4789 3.7522, -2.7928 -0.4789 3.7425, -2.7758 -0.4789 3.7468, -2.7908 -0.4789 3.7391, -2.7731 -0.4789 3.7393, -2.7891 -0.4789 3.7331, -2.8063 -0.475 3.7626, -2.8231 -0.475 3.7606, -2.8356 -0.475 3.7558, -2.8391 -0.475 3.7537, -2.8391 -0.475 3.7375, -2.8288 -0.475 3.7442, -2.8183 -0.475 3.7479, -2.8078 -0.475 3.749, -2.8022 -0.475 3.7484, -2.7983 -0.475 3.7471, -2.7953 -0.475 3.7452, -2.7928 -0.475 3.7425, -2.7908 -0.475 3.7391, -2.7891 -0.475 3.7331, -2.7885 -0.475 3.7257, -2.8168 -0.475 3.7218, -2.8294 -0.475 3.7187, -2.8365 -0.475 3.715, -2.8416 -0.475 3.7106, -2.845 -0.475 3.7058, -2.8473 -0.475 3.6999, -2.8483 -0.475 3.6927, -2.8484 -0.475 3.6906, -2.8476 -0.475 3.683, -2.8455 -0.475 3.6774, -2.8421 -0.475 3.6723, -2.8402 -0.475 3.6704, -2.8182 -0.475 3.6629, -2.8279 -0.475 3.664, -2.8282 -0.475 3.664, -2.8346 -0.475 3.6664, -2.8095 -0.475 3.6638, -2.8091 -0.475 3.664, -2.8027 -0.475 3.6663, -2.7969 -0.475 3.6701, -2.7916 -0.475 3.6758, -2.789 -0.475 3.6799, -2.7885 -0.475 3.6799, -2.7885 -0.475 3.6651, -2.7718 -0.475 3.6651, -2.7718 -0.475 3.7265, -2.7731 -0.475 3.7393, -2.7758 -0.475 3.7468, -2.7792 -0.475 3.7522, -2.7837 -0.475 3.7564, -2.7892 -0.475 3.7596, -2.7963 -0.475 3.7617, -2.827 -0.475 3.7041, -2.8249 -0.475 3.7057, -2.821 -0.475 3.7076, -2.8108 -0.475 3.7099, -2.8314 -0.475 3.692, -2.8313 -0.475 3.6947, -2.8305 -0.475 3.6985, -2.829 -0.475 3.7016, -2.8266 -0.475 3.6809, -2.828 -0.475 3.6823, -2.8299 -0.475 3.6851, -2.831 -0.475 3.6882, -2.8138 -0.475 3.6766, -2.8195 -0.475 3.6772, -2.8233 -0.475 3.6786, -2.7957 -0.475 3.6844, -2.7978 -0.475 3.6823, -2.8025 -0.475 3.6791, -2.8076 -0.475 3.6773, -2.7885 -0.475 3.7038, -2.7885 -0.475 3.7027, -2.7896 -0.475 3.6952, -2.7921 -0.475 3.6893, -2.7885 -0.475 3.7129
            ]
        }
        coordIndex [
            0,1,2,-1,2,1,3,-1,4,0,5,-1,5,0,2,-1,6,4,7,-1,7,4,5,-1,8,6,9,-1,9,6,7,-1,10,8,11,-1,11,8,9,-1,12,10,13,-1,13,10,11,-1,14,12,15,-1,15,12,13,-1,16,14,17,-1,17,14,15,-1,18,16,19,-1,19,16,17,-1,20,18,21,-1,21,18,19,-1,22,20,23,-1,23,20,21,-1,1,22,3,-1,3,22,23,-1,22,1,0,-1,0,4,22,-1,22,4,6,-1,22,6,20,-1,16,18,14,-1,14,18,20,-1,14,20,12,-1,12,20,6,-1,12,6,10,-1,10,6,8,-1,24,25,26,-1,27,28,29,-1,29,28,30,-1,31,32,25,-1,25,32,28,-1,25,28,26,-1,26,28,27,-1,33,34,35,-1,26,36,24,-1,24,36,37,-1,24,37,38,-1,38,37,39,-1,38,39,40,-1,40,39,41,-1,40,41,42,-1,42,41,43,-1,42,43,44,-1,44,43,45,-1,44,45,46,-1,46,45,47,-1,46,47,48,-1,48,47,49,-1,48,49,50,-1,50,49,51,-1,50,51,52,-1,52,51,53,-1,35,34,54,-1,54,34,55,-1,54,55,56,-1,56,55,57,-1,56,57,58,-1,57,59,58,-1,58,59,60,-1,58,60,61,-1,61,60,62,-1,61,62,63,-1,35,64,33,-1,33,64,65,-1,33,65,66,-1,66,65,67,-1,66,67,68,-1,68,67,69,-1,68,69,70,-1,70,69,71,-1,70,71,53,-1,53,71,72,-1,53,72,52,-1,73,74,75,-1,75,74,76,-1,75,76,77,-1,77,76,78,-1,77,78,79,-1,79,78,80,-1,79,80,81,-1,81,80,82,-1,81,82,83,-1,83,82,84,-1,83,84,85,-1,85,84,86,-1,85,86,87,-1,87,86,88,-1,87,88,89,-1,89,88,90,-1,89,90,91,-1,91,90,92,-1,91,92,28,-1,28,92,63,-1,28,63,30,-1,30,63,62,-1,79,93,94,-1,79,94,77,-1,77,94,95,-1,77,95,75,-1,75,95,96,-1,75,96,73,-1,74,73,97,-1,97,73,96,-1,74,97,98,-1,74,98,76,-1,76,98,99,-1,76,99,78,-1,78,99,100,-1,78,100,80,-1,80,100,101,-1,80,101,82,-1,82,101,102,-1,82,102,84,-1,84,102,103,-1,84,103,86,-1,86,103,104,-1,86,104,88,-1,88,104,105,-1,88,105,90,-1,90,105,106,-1,90,106,92,-1,92,106,107,-1,92,107,63,-1,61,63,108,-1,108,63,107,-1,61,108,109,-1,61,109,58,-1,58,109,110,-1,58,110,56,-1,56,110,111,-1,56,111,54,-1,54,111,112,-1,54,112,35,-1,35,112,113,-1,35,113,64,-1,64,113,114,-1,64,114,65,-1,65,114,115,-1,65,115,67,-1,67,115,116,-1,67,116,69,-1,69,116,117,-1,69,117,71,-1,71,117,118,-1,71,118,72,-1,72,118,119,-1,72,119,52,-1,120,46,121,-1,121,46,48,-1,121,48,122,-1,122,48,50,-1,122,50,123,-1,123,50,52,-1,123,52,119,-1,46,120,124,-1,46,124,44,-1,44,124,125,-1,44,125,42,-1,125,126,42,-1,42,126,127,-1,42,127,40,-1,40,127,128,-1,40,128,38,-1,38,128,129,-1,38,129,24,-1,25,24,130,-1,130,24,129,-1,31,25,131,-1,131,25,130,-1,32,31,132,-1,132,31,131,-1,28,32,133,-1,133,32,132,-1,28,133,134,-1,28,134,91,-1,91,134,135,-1,91,135,89,-1,89,135,136,-1,89,136,87,-1,87,136,137,-1,87,137,85,-1,85,137,138,-1,85,138,83,-1,83,138,139,-1,83,139,81,-1,81,139,93,-1,81,93,79,-1,57,140,141,-1,57,141,59,-1,59,141,142,-1,59,142,60,-1,60,142,143,-1,60,143,62,-1,66,144,145,-1,66,145,33,-1,33,145,146,-1,33,146,34,-1,34,146,147,-1,34,147,55,-1,55,147,140,-1,55,140,57,-1,51,148,149,-1,51,149,53,-1,53,149,150,-1,53,150,70,-1,70,150,151,-1,70,151,68,-1,68,151,144,-1,68,144,66,-1,45,152,153,-1,45,153,47,-1,47,153,154,-1,47,154,49,-1,49,154,148,-1,49,148,51,-1,37,155,156,-1,37,156,39,-1,39,156,157,-1,39,157,41,-1,41,157,158,-1,41,158,43,-1,43,158,152,-1,43,152,45,-1,29,159,160,-1,29,160,27,-1,27,160,161,-1,27,161,26,-1,26,161,162,-1,26,162,36,-1,36,162,155,-1,36,155,37,-1,29,30,159,-1,159,30,163,-1,30,62,163,-1,163,62,143,-1,
        ]
    }
}
Shape{
    appearance Appearance {
        material  Material 	{
            diffuseColor 0.25098039215686274 0.25098039215686274 0.25098039215686274
            specularColor 0.2196078431372549 0.2196078431372549 0.2196078431372549
            ambientIntensity 0.251
            transparency 0.0
            shininess 0.5
        }
    }
    geometry IndexedFaceSet {
        ccw TRUE
        solid FALSE
        coord DEF co Coordinate {
            point [
                -2.7885 -0.475 3.7027, -2.7885 -0.475 3.7038, -2.827 -0.475 3.7041, -2.7885 -0.475 3.7129, -2.8108 -0.475 3.7099, -2.821 -0.475 3.7076, -2.8249 -0.475 3.7057, -2.7896 -0.475 3.6952, -2.829 -0.475 3.7016, -2.7921 -0.475 3.6893, -2.828 -0.475 3.6823, -2.8266 -0.475 3.6809, -2.7978 -0.475 3.6823, -2.8299 -0.475 3.6851, -2.8025 -0.475 3.6791, -2.8076 -0.475 3.6773, -2.8138 -0.475 3.6766, -2.8305 -0.475 3.6985, -2.8313 -0.475 3.6947, -2.7957 -0.475 3.6844, -2.8314 -0.475 3.692, -2.831 -0.475 3.6882, -2.8233 -0.475 3.6786, -2.8195 -0.475 3.6772
            ]
        }
        coordIndex [
            0,1,2,-1,1,3,4,-1,4,5,1,-1,1,5,6,-1,1,6,2,-1,0,2,7,-1,7,2,8,-1,7,8,9,-1,10,11,12,-1,10,12,13,-1,14,12,15,-1,15,12,16,-1,8,17,9,-1,9,17,18,-1,9,18,19,-1,19,18,20,-1,19,20,12,-1,12,20,21,-1,12,21,13,-1,11,22,12,-1,12,22,23,-1,12,23,16,-1,
        ]
    }
}
Shape{
    appearance Appearance {
        material  Material 	{
            diffuseColor 1.0 1.0 1.0
            specularColor 0.5019607843137255 0.5019607843137255 0.5019607843137255
            ambientIntensity 1.0
            transparency 0.0
            shininess 0.5
        }
    }
    geometry IndexedFaceSet {
        ccw TRUE
        solid FALSE
        coord DEF co Coordinate {
            point [
                -2.7492 -0.475 3.6857, -2.7492 -0.4789 3.6857, -2.7429 -0.4789 3.6818, -2.7217 -0.4789 3.6765, -2.7217 -0.475 3.6765, -2.7324 -0.475 3.6778, -2.7324 -0.4789 3.6778, -2.7414 -0.475 3.6813, -2.7429 -0.475 3.6818, -2.7492 -0.4789 3.6685, -2.7492 -0.475 3.6685, -2.7385 -0.4789 3.6646, -2.7414 -0.475 3.6657, -2.7233 -0.475 3.6629, -2.7233 -0.4789 3.6629, -2.7333 -0.475 3.664, -2.7385 -0.475 3.6646, -2.7121 -0.475 3.664, -2.7101 -0.4789 3.6642, -2.7101 -0.475 3.6642, -2.7009 -0.475 3.6673, -2.7009 -0.4789 3.6673, -2.6955 -0.475 3.6704, -2.6955 -0.4789 3.6704, -2.6908 -0.475 3.6746, -2.6908 -0.4789 3.6746, -2.6876 -0.475 3.679, -2.6876 -0.4789 3.679, -2.6856 -0.475 3.6843, -2.6856 -0.4789 3.6843, -2.6848 -0.475 3.691, -2.6848 -0.4789 3.691, -2.6855 -0.475 3.6973, -2.6855 -0.4789 3.6973, -2.6873 -0.475 3.7022, -2.6873 -0.4789 3.7022, -2.6904 -0.475 3.7068, -2.6904 -0.4789 3.7068, -2.6944 -0.475 3.7104, -2.6944 -0.4789 3.7104, -2.7055 -0.475 3.7165, -2.7055 -0.4789 3.7165, -2.7119 -0.475 3.7192, -2.7119 -0.4789 3.7192, -2.7223 -0.475 3.7237, -2.7223 -0.4789 3.7237, -2.7282 -0.475 3.7273, -2.7282 -0.4789 3.7273, -2.7298 -0.475 3.7291, -2.7298 -0.4789 3.7291, -2.731 -0.475 3.7314, -2.731 -0.4789 3.7314, -2.7317 -0.475 3.734, -2.7317 -0.4789 3.734, -2.7318 -0.475 3.7362, -2.7318 -0.4789 3.7362, -2.7315 -0.475 3.7389, -2.7315 -0.4789 3.7389, -2.7307 -0.475 3.7411, -2.7307 -0.4789 3.7411, -2.7293 -0.475 3.7433, -2.7293 -0.4789 3.7433, -2.7268 -0.475 3.7455, -2.7268 -0.4789 3.7455, -2.723 -0.475 3.7475, -2.723 -0.4789 3.7475, -2.7185 -0.475 3.7487, -2.7185 -0.4789 3.7487, -2.7136 -0.475 3.749, -2.7136 -0.4789 3.749, -2.7024 -0.475 3.7477, -2.7024 -0.4789 3.7477, -2.693 -0.475 3.7442, -2.693 -0.4789 3.7442, -2.6894 -0.475 3.7422, -2.6894 -0.4789 3.7422, -2.6894 -0.4789 3.7584, -2.6894 -0.475 3.7584, -2.7007 -0.475 3.7617, -2.7007 -0.4789 3.7617, -2.7119 -0.475 3.7626, -2.7119 -0.4789 3.7626, -2.7242 -0.475 3.7613, -2.7242 -0.4789 3.7613, -2.7333 -0.475 3.758, -2.7333 -0.4789 3.758, -2.7384 -0.475 3.755, -2.7384 -0.4789 3.755, -2.7433 -0.4789 3.7506, -2.7414 -0.475 3.7523, -2.7433 -0.475 3.7506, -2.7464 -0.475 3.7461, -2.7464 -0.4789 3.7461, -2.7484 -0.475 3.7407, -2.7484 -0.4789 3.7407, -2.7491 -0.475 3.7347, -2.7491 -0.4789 3.7347, -2.7483 -0.475 3.7282, -2.7483 -0.4789 3.7282, -2.7465 -0.475 3.7231, -2.7465 -0.4789 3.7231, -2.7443 -0.475 3.7196, -2.7443 -0.4789 3.7196, -2.7238 -0.475 3.707, -2.7238 -0.4789 3.707, -2.7337 -0.4789 3.7116, -2.7416 -0.475 3.7168, -2.7416 -0.4789 3.7168, -2.7414 -0.475 3.7167, -2.7337 -0.475 3.7116, -2.7128 -0.475 3.7024, -2.7128 -0.4789 3.7024, -2.7063 -0.475 3.6985, -2.7063 -0.4789 3.6985, -2.7042 -0.475 3.6963, -2.7042 -0.4789 3.6963, -2.7029 -0.475 3.6941, -2.7029 -0.4789 3.6941, -2.7021 -0.475 3.6915, -2.7021 -0.4789 3.6915, -2.702 -0.475 3.6894, -2.702 -0.4789 3.6894, -2.7023 -0.475 3.6862, -2.7023 -0.4789 3.6862, -2.7031 -0.475 3.6838, -2.7031 -0.4789 3.6838, -2.7046 -0.475 3.6817, -2.7046 -0.4789 3.6817, -2.7065 -0.475 3.68, -2.7065 -0.4789 3.68, -2.708 -0.475 3.6791, -2.708 -0.4789 3.6791, -2.7124 -0.475 3.6775, -2.7124 -0.4789 3.6775, -2.7209 -0.475 3.6765, -2.7209 -0.4789 3.6765, -2.6019 -0.4789 3.7604, -2.5846 -0.4789 3.7604, -2.6019 -0.475 3.7604, -2.5846 -0.475 3.7604, -2.628 -0.4789 3.6887, -2.628 -0.475 3.6887, -2.6292 -0.475 3.6842, -2.6292 -0.4789 3.6842, -2.63 -0.475 3.681, -2.63 -0.4789 3.681, -2.6305 -0.4789 3.681, -2.6305 -0.475 3.681, -2.6325 -0.4789 3.6888, -2.6325 -0.475 3.6888, -2.6574 -0.475 3.7604, -2.6574 -0.4789 3.7604, -2.6493 -0.475 3.7372, -2.6761 -0.4789 3.7604, -2.6761 -0.475 3.7604, -2.6387 -0.475 3.6653, -2.6387 -0.4789 3.6653, -2.6493 -0.475 3.6924, -2.646 -0.475 3.648, -2.646 -0.4789 3.648, -2.6393 -0.475 3.664, -2.6493 -0.475 3.642, -2.6493 -0.4789 3.642, -2.6524 -0.475 3.6385, -2.6524 -0.4789 3.6385, -2.6554 -0.475 3.6364, -2.6554 -0.4789 3.6364, -2.6591 -0.475 3.635, -2.6591 -0.4789 3.635, -2.6632 -0.475 3.6346, -2.6632 -0.4789 3.6346, -2.6692 -0.475 3.6353, -2.6692 -0.4789 3.6353, -2.6726 -0.475 3.6365, -2.6726 -0.4789 3.6365, -2.6726 -0.4789 3.6216, -2.6726 -0.475 3.6216, -2.6656 -0.475 3.6204, -2.6656 -0.4789 3.6204, -2.6619 -0.475 3.6202, -2.6619 -0.4789 3.6202, -2.6551 -0.475 3.621, -2.6551 -0.4789 3.621, -2.6493 -0.475 3.6232, -2.6485 -0.4789 3.6235, -2.6485 -0.475 3.6235, -2.6427 -0.475 3.6276, -2.6427 -0.4789 3.6276, -2.6415 -0.475 3.6286, -2.6415 -0.4789 3.6286, -2.6354 -0.475 3.636, -2.6354 -0.4789 3.636, -2.6279 -0.475 3.6507, -2.6279 -0.4789 3.6507, -2.6226 -0.475 3.664, -2.4948 -0.4789 3.6803, -2.4948 -0.4789 3.6651, -2.4948 -0.475 3.6803, -2.4948 -0.475 3.6651, -2.5494 -0.475 3.6803, -2.5494 -0.4789 3.6803, -2.5244 -0.475 3.6803, -2.5494 -0.4789 3.7252, -2.5494 -0.475 3.7252, -2.5016 -0.475 3.7252, -2.5016 -0.4789 3.7252, -2.5244 -0.475 3.7252, -2.5016 -0.4789 3.7405, -2.5016 -0.475 3.7405, -2.5494 -0.475 3.7405, -2.5494 -0.4789 3.7405, -2.5244 -0.475 3.7405, -2.5494 -0.4789 3.7832, -2.5494 -0.475 3.7832, -2.4979 -0.475 3.7832, -2.4979 -0.4789 3.7832, -2.5244 -0.475 3.7832, -2.4979 -0.4789 3.7986, -2.4979 -0.475 3.7986, -2.5666 -0.475 3.7986, -2.5666 -0.4789 3.7986, -2.5244 -0.475 3.7986, -2.5666 -0.4789 3.6651, -2.5666 -0.475 3.6651, -2.5244 -0.475 3.6651, -2.3867 -0.4789 3.7024, -2.3933 -0.4789 3.6943, -2.3811 -0.4789 3.6838, -2.395 -0.4789 3.6927, -2.3951 -0.4789 3.6738, -2.4036 -0.4789 3.6868, -2.4103 -0.4789 3.6679, -2.4146 -0.4789 3.6825, -2.4329 -0.4789 3.6651, -2.433 -0.4789 3.6803, -2.4696 -0.4789 3.6651, -2.4524 -0.4789 3.6803, -2.4696 -0.4789 3.7986, -2.4524 -0.4789 3.7832, -2.4315 -0.4789 3.7986, -2.4322 -0.4789 3.7832, -2.4112 -0.4789 3.7963, -2.4143 -0.4789 3.7812, -2.3951 -0.4789 3.7904, -2.4029 -0.4789 3.7769, -2.3811 -0.4789 3.7809, -2.3937 -0.4789 3.7707, -2.3763 -0.4789 3.7762, -2.3899 -0.4789 3.7669, -2.3681 -0.4789 3.7646, -2.3848 -0.4789 3.7594, -2.3632 -0.4789 3.7519, -2.381 -0.4789 3.7497, -2.361 -0.4789 3.7336, -2.3791 -0.4789 3.7331, -2.3614 -0.4789 3.725, -2.3795 -0.4789 3.7245, -2.3646 -0.4789 3.7094, -2.3821 -0.4789 3.7123, -2.3712 -0.4789 3.6956, -2.4329 -0.475 3.6651, -2.4696 -0.475 3.6651, -2.4103 -0.475 3.6679, -2.3951 -0.475 3.6738, -2.3811 -0.475 3.6838, -2.3712 -0.475 3.6956, -2.3646 -0.475 3.7094, -2.3614 -0.475 3.725, -2.361 -0.475 3.7336, -2.3632 -0.475 3.7519, -2.3681 -0.475 3.7646, -2.3763 -0.475 3.7762, -2.3811 -0.475 3.7809, -2.3951 -0.475 3.7904, -2.4112 -0.475 3.7963, -2.4315 -0.475 3.7986, -2.4696 -0.475 3.7986, -2.4322 -0.475 3.7832, -2.4524 -0.475 3.7832, -2.4524 -0.475 3.6803, -2.433 -0.475 3.6803, -2.3933 -0.475 3.6943, -2.395 -0.475 3.6927, -2.4036 -0.475 3.6868, -2.4146 -0.475 3.6825, -2.3791 -0.475 3.7331, -2.3795 -0.475 3.7245, -2.3821 -0.475 3.7123, -2.3867 -0.475 3.7024, -2.3937 -0.475 3.7707, -2.3899 -0.475 3.7669, -2.3848 -0.475 3.7594, -2.381 -0.475 3.7497, -2.4143 -0.475 3.7812, -2.4029 -0.475 3.7769
            ]
        }
        coordIndex [
            0,1,2,-1,3,4,5,-1,3,5,6,-1,6,5,7,-1,6,7,2,-1,2,7,8,-1,2,8,0,-1,9,1,10,-1,10,1,0,-1,9,10,11,-1,11,10,12,-1,13,14,15,-1,15,14,11,-1,15,11,16,-1,16,11,12,-1,13,17,14,-1,14,17,18,-1,17,19,18,-1,18,19,20,-1,18,20,21,-1,21,20,22,-1,21,22,23,-1,23,22,24,-1,23,24,25,-1,25,24,26,-1,25,26,27,-1,27,26,28,-1,27,28,29,-1,29,28,30,-1,29,30,31,-1,31,30,32,-1,31,32,33,-1,33,32,34,-1,33,34,35,-1,35,34,36,-1,35,36,37,-1,37,36,38,-1,37,38,39,-1,39,38,40,-1,39,40,41,-1,41,40,42,-1,41,42,43,-1,43,42,44,-1,43,44,45,-1,45,44,46,-1,45,46,47,-1,47,46,48,-1,47,48,49,-1,49,48,50,-1,49,50,51,-1,51,50,52,-1,51,52,53,-1,53,52,54,-1,53,54,55,-1,55,54,56,-1,55,56,57,-1,57,56,58,-1,57,58,59,-1,59,58,60,-1,59,60,61,-1,61,60,62,-1,61,62,63,-1,63,62,64,-1,63,64,65,-1,65,64,66,-1,65,66,67,-1,67,66,68,-1,67,68,69,-1,69,68,70,-1,69,70,71,-1,71,70,72,-1,71,72,73,-1,73,72,74,-1,73,74,75,-1,76,75,77,-1,77,75,74,-1,76,77,78,-1,76,78,79,-1,79,78,80,-1,79,80,81,-1,81,80,82,-1,81,82,83,-1,83,82,84,-1,83,84,85,-1,85,84,86,-1,85,86,87,-1,87,86,88,-1,88,86,89,-1,89,90,88,-1,88,90,91,-1,88,91,92,-1,92,91,93,-1,92,93,94,-1,94,93,95,-1,94,95,96,-1,96,95,97,-1,96,97,98,-1,98,97,99,-1,98,99,100,-1,100,99,101,-1,100,101,102,-1,103,104,105,-1,102,101,106,-1,102,106,107,-1,107,106,108,-1,107,108,105,-1,105,108,109,-1,105,109,103,-1,104,103,110,-1,104,110,111,-1,111,110,112,-1,111,112,113,-1,113,112,114,-1,113,114,115,-1,115,114,116,-1,115,116,117,-1,117,116,118,-1,117,118,119,-1,119,118,120,-1,119,120,121,-1,121,120,122,-1,121,122,123,-1,123,122,124,-1,123,124,125,-1,125,124,126,-1,125,126,127,-1,127,126,128,-1,127,128,129,-1,129,128,130,-1,129,130,131,-1,131,130,132,-1,131,132,133,-1,133,132,134,-1,133,134,135,-1,135,134,4,-1,135,4,3,-1,61,63,85,-1,85,63,83,-1,111,43,104,-1,104,43,45,-1,21,23,127,-1,127,23,25,-1,127,25,125,-1,125,25,27,-1,125,27,123,-1,123,27,29,-1,123,29,121,-1,121,29,31,-1,121,31,119,-1,119,31,33,-1,119,33,117,-1,117,33,35,-1,117,35,115,-1,115,35,37,-1,115,37,113,-1,113,37,39,-1,113,39,111,-1,111,39,41,-1,111,41,43,-1,14,3,11,-1,11,3,6,-1,11,6,9,-1,9,6,2,-1,9,2,1,-1,63,65,83,-1,83,65,67,-1,83,67,81,-1,81,67,69,-1,81,69,79,-1,79,69,71,-1,79,71,76,-1,76,71,73,-1,76,73,75,-1,127,129,21,-1,21,129,131,-1,21,131,18,-1,18,131,133,-1,18,133,14,-1,14,133,135,-1,14,135,3,-1,85,87,61,-1,61,87,88,-1,61,88,59,-1,59,88,92,-1,59,92,57,-1,57,92,94,-1,57,94,55,-1,55,94,96,-1,55,96,53,-1,53,96,98,-1,53,98,51,-1,51,98,100,-1,51,100,49,-1,49,100,102,-1,49,102,47,-1,47,102,107,-1,47,107,45,-1,45,107,105,-1,45,105,104,-1,136,137,138,-1,138,137,139,-1,140,136,141,-1,141,136,138,-1,140,141,142,-1,140,142,143,-1,143,142,144,-1,143,144,145,-1,146,145,147,-1,147,145,144,-1,148,146,149,-1,149,146,147,-1,150,151,152,-1,152,151,148,-1,152,148,149,-1,153,151,154,-1,154,151,150,-1,155,156,157,-1,157,156,153,-1,157,153,154,-1,158,159,160,-1,160,159,156,-1,160,156,155,-1,159,158,161,-1,159,161,162,-1,162,161,163,-1,162,163,164,-1,164,163,165,-1,164,165,166,-1,166,165,167,-1,166,167,168,-1,168,167,169,-1,168,169,170,-1,170,169,171,-1,170,171,172,-1,172,171,173,-1,172,173,174,-1,175,174,176,-1,176,174,173,-1,175,176,177,-1,175,177,178,-1,178,177,179,-1,178,179,180,-1,180,179,181,-1,180,181,182,-1,182,181,183,-1,182,183,184,-1,183,185,184,-1,184,185,186,-1,184,186,187,-1,187,186,188,-1,187,188,189,-1,189,188,190,-1,189,190,191,-1,191,190,192,-1,191,192,193,-1,139,137,194,-1,194,137,193,-1,194,193,192,-1,143,145,193,-1,137,136,193,-1,193,136,140,-1,193,140,143,-1,151,153,148,-1,148,153,156,-1,148,156,146,-1,174,175,172,-1,172,175,178,-1,172,178,170,-1,170,178,180,-1,170,180,168,-1,168,180,182,-1,168,182,166,-1,166,182,184,-1,166,184,164,-1,191,162,189,-1,189,162,164,-1,189,164,187,-1,187,164,184,-1,145,146,193,-1,193,146,156,-1,193,156,191,-1,191,156,159,-1,191,159,162,-1,195,196,197,-1,197,196,198,-1,199,200,201,-1,201,200,195,-1,201,195,197,-1,202,200,203,-1,203,200,199,-1,204,205,206,-1,206,205,202,-1,206,202,203,-1,207,205,208,-1,208,205,204,-1,209,210,211,-1,211,210,207,-1,211,207,208,-1,212,210,213,-1,213,210,209,-1,214,215,216,-1,216,215,212,-1,216,212,213,-1,217,215,218,-1,218,215,214,-1,219,220,221,-1,221,220,217,-1,221,217,218,-1,222,220,223,-1,223,220,219,-1,198,196,224,-1,224,196,222,-1,224,222,223,-1,222,196,195,-1,195,200,222,-1,222,200,202,-1,222,202,220,-1,215,217,212,-1,212,217,220,-1,212,220,210,-1,210,220,202,-1,210,202,207,-1,207,202,205,-1,225,226,227,-1,227,226,228,-1,227,228,229,-1,229,228,230,-1,229,230,231,-1,231,230,232,-1,231,232,233,-1,233,232,234,-1,233,234,235,-1,235,234,236,-1,235,236,237,-1,237,236,238,-1,237,238,239,-1,239,238,240,-1,239,240,241,-1,241,240,242,-1,241,242,243,-1,243,242,244,-1,243,244,245,-1,245,244,246,-1,245,246,247,-1,247,246,248,-1,247,248,249,-1,249,248,250,-1,249,250,251,-1,251,250,252,-1,251,252,253,-1,253,252,254,-1,253,254,255,-1,255,254,256,-1,255,256,257,-1,257,256,258,-1,257,258,259,-1,259,258,225,-1,259,225,227,-1,233,235,260,-1,260,235,261,-1,233,260,262,-1,233,262,231,-1,231,262,263,-1,231,263,229,-1,229,263,264,-1,229,264,227,-1,227,264,265,-1,227,265,259,-1,259,265,266,-1,259,266,257,-1,257,266,267,-1,257,267,255,-1,255,267,268,-1,255,268,253,-1,253,268,269,-1,253,269,251,-1,251,269,270,-1,251,270,249,-1,249,270,271,-1,249,271,247,-1,247,271,272,-1,247,272,245,-1,245,272,273,-1,245,273,243,-1,243,273,274,-1,243,274,241,-1,241,274,275,-1,241,275,239,-1,237,239,276,-1,276,239,275,-1,235,237,261,-1,261,237,276,-1,240,238,277,-1,277,238,278,-1,238,236,278,-1,278,236,279,-1,236,234,279,-1,279,234,280,-1,226,281,282,-1,226,282,228,-1,228,282,283,-1,228,283,230,-1,230,283,284,-1,230,284,232,-1,232,284,280,-1,232,280,234,-1,254,285,286,-1,254,286,256,-1,256,286,287,-1,256,287,258,-1,258,287,288,-1,258,288,225,-1,225,288,281,-1,225,281,226,-1,246,289,290,-1,246,290,248,-1,248,290,291,-1,248,291,250,-1,250,291,292,-1,250,292,252,-1,252,292,285,-1,252,285,254,-1,240,277,293,-1,240,293,242,-1,242,293,294,-1,242,294,244,-1,244,294,289,-1,244,289,246,-1,
        ]
    }
}
Shape{
    appearance Appearance {
        material  Material 	{
            diffuseColor 0.25098039215686274 0.25098039215686274 0.25098039215686274
            specularColor 0.2196078431372549 0.2196078431372549 0.2196078431372549
            ambientIntensity 0.251
            transparency 0.0
            shininess 0.5
        }
    }
    geometry IndexedFaceSet {
        ccw TRUE
        solid FALSE
        coord DEF co Coordinate {
            point [
                -2.4524 -0.475 3.7832, -2.4524 -0.475 3.6803, -2.4322 -0.475 3.7832, -2.433 -0.475 3.6803, -2.4146 -0.475 3.6825, -2.4036 -0.475 3.6868, -2.395 -0.475 3.6927, -2.3933 -0.475 3.6943, -2.3867 -0.475 3.7024, -2.3821 -0.475 3.7123, -2.3791 -0.475 3.7331, -2.3937 -0.475 3.7707, -2.4029 -0.475 3.7769, -2.381 -0.475 3.7497, -2.3848 -0.475 3.7594, -2.3899 -0.475 3.7669, -2.3795 -0.475 3.7245, -2.4143 -0.475 3.7812
            ]
        }
        coordIndex [
            0,1,2,-1,2,1,3,-1,3,4,2,-1,2,4,5,-1,2,5,6,-1,6,7,2,-1,2,7,8,-1,2,8,9,-1,10,11,12,-1,13,14,10,-1,10,14,15,-1,10,15,11,-1,9,16,2,-1,2,16,10,-1,2,10,17,-1,17,10,12,-1,
        ]
    }
}
Shape{
    appearance Appearance {
        material  Material 	{
            diffuseColor 1.0 1.0 1.0
            specularColor 0.5019607843137255 0.5019607843137255 0.5019607843137255
            ambientIntensity 1.0
            transparency 0.0
            shininess 0.5
        }
    }
    geometry IndexedFaceSet {
        ccw TRUE
        solid FALSE
        coord DEF co Coordinate {
            point [
                -2.3162 -0.4789 3.7167, -2.3217 -0.4789 3.7016, -2.2714 -0.4789 3.7167, -2.2661 -0.4789 3.7016, -2.2963 -0.4789 3.7722, -2.3027 -0.4789 3.7986, -2.3536 -0.4789 3.6651, -2.3345 -0.4789 3.6651, -2.2951 -0.4789 3.7762, -2.2941 -0.4789 3.7815, -2.2843 -0.4789 3.7986, -2.2937 -0.4789 3.7815, -2.2926 -0.4789 3.7759, -2.2916 -0.4789 3.7722, -2.2335 -0.4789 3.6651, -2.2525 -0.4789 3.6651, -2.2843 -0.475 3.7986, -2.2335 -0.475 3.6651, -2.3027 -0.475 3.7986, -2.3536 -0.475 3.6651, -2.3345 -0.475 3.6651, -2.3217 -0.475 3.7016, -2.2661 -0.475 3.7016, -2.2525 -0.475 3.6651, -2.3162 -0.475 3.7167, -2.2714 -0.475 3.7167, -2.2916 -0.475 3.7722, -2.2937 -0.475 3.7815, -2.2926 -0.475 3.7759, -2.2941 -0.475 3.7815, -2.2963 -0.475 3.7722, -2.2951 -0.475 3.7762
            ]
        }
        coordIndex [
            0,1,2,-1,2,1,3,-1,4,5,0,-1,0,5,6,-1,0,6,1,-1,1,6,7,-1,4,8,5,-1,5,8,9,-1,5,9,10,-1,10,9,11,-1,10,11,12,-1,12,13,10,-1,10,13,2,-1,10,2,14,-1,14,2,3,-1,14,3,15,-1,10,14,16,-1,16,14,17,-1,5,10,18,-1,18,10,16,-1,6,5,19,-1,19,5,18,-1,7,6,20,-1,20,6,19,-1,1,7,21,-1,21,7,20,-1,3,1,22,-1,22,1,21,-1,15,3,23,-1,23,3,22,-1,14,15,17,-1,17,15,23,-1,0,2,24,-1,24,2,25,-1,2,13,25,-1,25,13,26,-1,11,27,28,-1,11,28,12,-1,12,28,26,-1,12,26,13,-1,11,9,27,-1,27,9,29,-1,4,30,31,-1,4,31,8,-1,8,31,29,-1,8,29,9,-1,4,0,30,-1,30,0,24,-1,
        ]
    }
}
Shape{
    appearance Appearance {
        material  Material 	{
            diffuseColor 0.25098039215686274 0.25098039215686274 0.25098039215686274
            specularColor 0.2196078431372549 0.2196078431372549 0.2196078431372549
            ambientIntensity 0.251
            transparency 0.0
            shininess 0.5
        }
    }
    geometry IndexedFaceSet {
        ccw TRUE
        solid FALSE
        coord DEF co Coordinate {
            point [
                -2.2937 -0.475 3.7815, -2.2941 -0.475 3.7815, -2.2926 -0.475 3.7759, -2.2951 -0.475 3.7762, -2.2916 -0.475 3.7722, -2.2963 -0.475 3.7722, -2.2714 -0.475 3.7167, -2.3162 -0.475 3.7167
            ]
        }
        coordIndex [
            0,1,2,-1,2,1,3,-1,2,3,4,-1,4,3,5,-1,4,5,6,-1,6,5,7,-1,
        ]
    }
}
Shape{
    appearance Appearance {
        material  Material 	{
            diffuseColor 1.0 1.0 1.0
            specularColor 0.5019607843137255 0.5019607843137255 0.5019607843137255
            ambientIntensity 1.0
            transparency 0.0
            shininess 0.5
        }
    }
    geometry IndexedFaceSet {
        ccw TRUE
        solid FALSE
        coord DEF co Coordinate {
            point [
                -3.5506 -0.4789 3.895, -3.5295 -0.4789 3.9062, -3.5345 -0.4789 3.9646, -3.3673 -0.4789 3.6424, -3.3561 -0.4789 3.6636, -3.3505 -0.4789 3.687, -3.4753 -0.4789 3.9673, -3.4459 -0.4789 3.8981, -3.4314 -0.4789 3.9281, -3.481 -0.4789 3.6844, -3.4828 -0.4789 3.6932, -3.5341 -0.4789 3.7301, -3.535 -0.4789 3.6666, -3.547 -0.4789 3.6701, -3.5548 -0.4789 3.7429, -3.4971 -0.4789 3.9692, -3.2172 -0.4789 3.7766, -3.2466 -0.4789 3.8269, -3.35 -0.4789 3.7064, -3.3738 -0.4789 3.7605, -3.35 -0.4789 3.6969, -3.4008 -0.4789 3.613, -3.3819 -0.4789 3.6262, -3.4773 -0.4789 3.6764, -3.5114 -0.4789 3.6288, -3.5255 -0.4789 3.6462, -3.1859 -0.4789 3.8706, -3.1783 -0.4789 3.8706, -3.1394 -0.4789 3.9218, -3.1602 -0.4789 3.8683, -3.1347 -0.4789 3.9202, -3.1437 -0.4789 3.8619, -3.1065 -0.4789 3.9062, -3.0808 -0.4789 3.8844, -3.4558 -0.4789 3.99, -3.4101 -0.4789 3.9535, -3.4335 -0.4789 4.0091, -3.3847 -0.4789 3.9721, -3.4084 -0.4789 4.0244, -3.5061 -0.4789 3.9118, -3.4961 -0.4789 3.9123, -3.4862 -0.4789 3.9686, -3.4739 -0.4789 3.9095, -3.4526 -0.4789 3.9017, -3.4157 -0.4789 3.6745, -3.4209 -0.4789 3.6686, -3.4282 -0.4789 3.6635, -3.4219 -0.4789 3.6049, -3.4364 -0.4789 3.6602, -3.4449 -0.4789 3.602, -3.4459 -0.4789 3.659, -3.4485 -0.4789 3.6021, -3.4475 -0.4789 3.659, -3.471 -0.4789 3.6056, -3.456 -0.4789 3.6604, -3.4928 -0.4789 3.6148, -3.4646 -0.4789 3.6641, -3.4718 -0.4789 3.6696, -3.4113 -0.4789 3.7091, -3.4091 -0.4789 3.7003, -3.4091 -0.4789 3.6918, -3.4113 -0.4789 3.6827, -3.0806 -0.4789 3.7074, -3.1248 -0.4789 3.745, -3.1064 -0.4789 3.6855, -3.1388 -0.4789 3.7336, -3.1353 -0.4789 3.6713, -3.1555 -0.4789 3.7258, -3.1669 -0.4789 3.6647, -3.1726 -0.4789 3.7225, -3.2229 -0.4789 3.6647, -3.2153 -0.4789 3.7225, -3.2282 -0.4789 3.6655, -3.4823 -0.4789 3.7025, -3.4795 -0.4789 3.7114, -3.5236 -0.4789 3.7505, -3.4746 -0.4789 3.7193, -3.5079 -0.4789 3.7685, -3.4708 -0.4789 3.7232, -3.4885 -0.4789 3.7819, -3.4634 -0.4789 3.7285, -3.4676 -0.4789 3.79, -3.4551 -0.4789 3.7318, -3.4449 -0.4789 3.7928, -3.4459 -0.4789 3.733, -3.4334 -0.4789 3.7921, -3.4379 -0.4789 3.7321, -3.4105 -0.4789 3.7864, -3.4291 -0.4789 3.7289, -3.3903 -0.4789 3.7756, -3.4215 -0.4789 3.7238, -3.4154 -0.4789 3.7169, -3.129 -0.4789 3.8517, -3.1181 -0.4789 3.8395, -3.0614 -0.4789 3.8575, -3.1092 -0.4789 3.8231, -3.0498 -0.4789 3.8285, -3.1048 -0.4789 3.8049, -3.0455 -0.4789 3.7975, -3.1043 -0.4789 3.7965, -3.0498 -0.4789 3.7636, -3.1066 -0.4789 3.7781, -3.0617 -0.4789 3.7336, -3.1131 -0.4789 3.7612, -3.1236 -0.4789 3.7464, -3.1906 -0.4789 3.9967, -3.2278 -0.4789 3.9531, -3.1589 -0.4789 3.96, -3.2064 -0.4789 3.9276, -3.1917 -0.4789 3.897, -3.5882 -0.4789 3.8404, -3.6505 -0.4789 3.8246, -3.591 -0.4789 3.8174, -3.6508 -0.4789 3.8155, -3.5899 -0.4789 3.8028, -3.6462 -0.4789 3.7784, -3.5831 -0.4789 3.7795, -3.6326 -0.4789 3.743, -3.5718 -0.4789 3.7604, -3.611 -0.4789 3.7121, -3.5813 -0.4789 3.6868, -3.3646 -0.4789 4.0408, -3.3537 -0.4789 3.9847, -3.3197 -0.4789 4.0461, -3.3187 -0.4789 3.9892, -3.2769 -0.4789 4.0412, -3.2865 -0.4789 3.9852, -3.2296 -0.4789 4.0235, -3.2568 -0.4789 3.9738, -3.2301 -0.4789 3.9553, -3.5696 -0.4789 3.951, -3.5998 -0.4789 3.9298, -3.5669 -0.4789 3.8805, -3.6062 -0.4789 3.9237, -3.5801 -0.4789 3.8616, -3.629 -0.4789 3.8944, -3.6442 -0.4789 3.8603, -3.2201 -0.4789 3.7234, -3.2429 -0.4789 3.6746, -3.2407 -0.4789 3.6724, -3.2172 -0.4789 3.7228, -3.2345 -0.4789 3.668, -3.2504 -0.4789 3.6941, -3.2495 -0.4789 3.687, -3.247 -0.4789 3.6806, -3.2283 -0.4789 3.7225, -3.2349 -0.4789 3.72, -3.2502 -0.4789 3.6978, -3.2407 -0.4789 3.7158, -3.2446 -0.4789 3.7115, -3.2483 -0.4789 3.705, -3.221 -0.4789 3.7235, -3.0455 -0.475 3.7975, -3.0498 -0.475 3.8285, -3.053 -0.475 3.8366, -3.0614 -0.475 3.8575, -3.0808 -0.475 3.8844, -3.1065 -0.475 3.9062, -3.1347 -0.475 3.9202, -3.1394 -0.475 3.9218, -3.1589 -0.475 3.96, -3.1906 -0.475 3.9967, -3.212 -0.475 4.0114, -3.2296 -0.475 4.0235, -3.2769 -0.475 4.0412, -3.3197 -0.475 4.0461, -3.3646 -0.475 4.0408, -3.4084 -0.475 4.0244, -3.4297 -0.475 4.0114, -3.4335 -0.475 4.0091, -3.4558 -0.475 3.99, -3.4753 -0.475 3.9673, -3.4862 -0.475 3.9686, -3.4971 -0.475 3.9692, -3.5345 -0.475 3.9646, -3.5696 -0.475 3.951, -3.5998 -0.475 3.9298, -3.6062 -0.475 3.9237, -3.6508 -0.475 3.8155, -3.629 -0.475 3.8944, -3.6442 -0.475 3.8603, -3.6484 -0.475 3.8366, -3.6505 -0.475 3.8246, -3.6462 -0.475 3.7784, -3.6326 -0.475 3.743, -3.611 -0.475 3.7121, -3.5813 -0.475 3.6868, -3.547 -0.475 3.6701, -3.535 -0.475 3.6666, -3.5339 -0.475 3.664, -3.5255 -0.475 3.6462, -3.5114 -0.475 3.6288, -3.4928 -0.475 3.6148, -3.4841 -0.475 3.6111, -3.471 -0.475 3.6056, -3.4485 -0.475 3.6021, -3.4449 -0.475 3.602, -3.35 -0.475 3.6969, -3.4219 -0.475 3.6049, -3.4056 -0.475 3.6111, -3.4008 -0.475 3.613, -3.3819 -0.475 3.6262, -3.3673 -0.475 3.6424, -3.3561 -0.475 3.6636, -3.356 -0.475 3.664, -3.3505 -0.475 3.687, -3.35 -0.475 3.7064, -3.2172 -0.475 3.7766, -3.2466 -0.475 3.8269, -3.3738 -0.475 3.7605, -3.3903 -0.475 3.7756, -3.4105 -0.475 3.7864, -3.4334 -0.475 3.7921, -3.4449 -0.475 3.7928, -3.4676 -0.475 3.79, -3.4885 -0.475 3.7819, -3.5079 -0.475 3.7685, -3.5236 -0.475 3.7505, -3.5341 -0.475 3.7301, -3.5548 -0.475 3.7429, -3.5718 -0.475 3.7604, -3.5831 -0.475 3.7795, -3.5899 -0.475 3.8028, -3.591 -0.475 3.8174, -3.5887 -0.475 3.8366, -3.5882 -0.475 3.8404, -3.5801 -0.475 3.8616, -3.5669 -0.475 3.8805, -3.5506 -0.475 3.895, -3.5295 -0.475 3.9062, -3.5061 -0.475 3.9118, -3.4961 -0.475 3.9123, -3.4739 -0.475 3.9095, -3.4526 -0.475 3.9017, -3.4459 -0.475 3.8981, -3.4314 -0.475 3.9281, -3.4101 -0.475 3.9535, -3.3847 -0.475 3.9721, -3.3537 -0.475 3.9847, -3.3187 -0.475 3.9892, -3.2865 -0.475 3.9852, -3.2568 -0.475 3.9738, -3.2301 -0.475 3.9553, -3.2278 -0.475 3.9531, -3.2064 -0.475 3.9276, -3.1917 -0.475 3.897, -3.1859 -0.475 3.8706, -3.1783 -0.475 3.8706, -3.1602 -0.475 3.8683, -3.1437 -0.475 3.8619, -3.129 -0.475 3.8517, -3.1181 -0.475 3.8395, -3.1165 -0.475 3.8366, -3.1092 -0.475 3.8231, -3.1048 -0.475 3.8049, -3.1043 -0.475 3.7965, -3.1066 -0.475 3.7781, -3.1131 -0.475 3.7612, -3.1236 -0.475 3.7464, -3.1248 -0.475 3.745, -3.1388 -0.475 3.7336, -3.1555 -0.475 3.7258, -3.1726 -0.475 3.7225, -3.2153 -0.475 3.7225, -3.2172 -0.475 3.7228, -3.2201 -0.475 3.7234, -3.221 -0.475 3.7235, -3.2283 -0.475 3.7225, -3.2349 -0.475 3.72, -3.2407 -0.475 3.7158, -3.2446 -0.475 3.7115, -3.2483 -0.475 3.705, -3.2502 -0.475 3.6978, -3.2504 -0.475 3.6941, -3.2495 -0.475 3.687, -3.247 -0.475 3.6806, -3.2429 -0.475 3.6746, -3.2407 -0.475 3.6724, -3.2345 -0.475 3.668, -3.2282 -0.475 3.6655, -3.2229 -0.475 3.6647, -3.1669 -0.475 3.6647, -3.1353 -0.475 3.6713, -3.1064 -0.475 3.6855, -3.0806 -0.475 3.7074, -3.0617 -0.475 3.7336, -3.0498 -0.475 3.7636, -3.4459 -0.475 3.733, -3.4379 -0.475 3.7321, -3.4291 -0.475 3.7289, -3.4215 -0.475 3.7238, -3.4154 -0.475 3.7169, -3.4113 -0.475 3.7091, -3.4091 -0.475 3.7003, -3.4091 -0.475 3.6918, -3.4113 -0.475 3.6827, -3.4157 -0.475 3.6745, -3.4209 -0.475 3.6686, -3.4282 -0.475 3.6635, -3.4364 -0.475 3.6602, -3.4459 -0.475 3.659, -3.4475 -0.475 3.659, -3.456 -0.475 3.6604, -3.4646 -0.475 3.6641, -3.4718 -0.475 3.6696, -3.4773 -0.475 3.6764, -3.481 -0.475 3.6844, -3.4828 -0.475 3.6932, -3.4823 -0.475 3.7025, -3.4795 -0.475 3.7114, -3.4746 -0.475 3.7193, -3.4708 -0.475 3.7232, -3.4634 -0.475 3.7285, -3.4551 -0.475 3.7318
            ]
        }
        coordIndex [
            0,1,2,-1,3,4,5,-1,6,7,8,-1,9,10,11,-1,12,11,13,-1,13,11,14,-1,2,1,15,-1,16,17,18,-1,18,17,19,-1,18,19,20,-1,20,19,21,-1,20,21,5,-1,5,21,22,-1,5,22,3,-1,23,9,24,-1,24,9,11,-1,24,11,25,-1,25,11,12,-1,26,27,28,-1,28,27,29,-1,28,29,30,-1,30,29,31,-1,30,31,32,-1,32,31,33,-1,6,8,34,-1,34,8,35,-1,34,35,36,-1,36,35,37,-1,36,37,38,-1,1,39,15,-1,15,39,40,-1,15,40,41,-1,41,40,42,-1,41,42,6,-1,6,42,43,-1,6,43,7,-1,44,45,21,-1,21,45,46,-1,21,46,47,-1,47,46,48,-1,47,48,49,-1,49,48,50,-1,49,50,51,-1,51,50,52,-1,51,52,53,-1,53,52,54,-1,53,54,55,-1,55,54,56,-1,55,56,24,-1,24,56,57,-1,24,57,23,-1,58,59,19,-1,19,59,60,-1,19,60,21,-1,21,60,61,-1,21,61,44,-1,62,63,64,-1,64,63,65,-1,64,65,66,-1,66,65,67,-1,66,67,68,-1,68,67,69,-1,68,69,70,-1,70,69,71,-1,70,71,72,-1,10,73,11,-1,11,73,74,-1,11,74,75,-1,75,74,76,-1,75,76,77,-1,77,76,78,-1,77,78,79,-1,79,78,80,-1,79,80,81,-1,81,80,82,-1,81,82,83,-1,83,82,84,-1,83,84,85,-1,85,84,86,-1,85,86,87,-1,87,86,88,-1,87,88,89,-1,89,88,90,-1,89,90,19,-1,19,90,91,-1,19,91,58,-1,31,92,33,-1,33,92,93,-1,33,93,94,-1,94,93,95,-1,94,95,96,-1,96,95,97,-1,96,97,98,-1,98,97,99,-1,98,99,100,-1,100,99,101,-1,100,101,102,-1,102,101,103,-1,102,103,62,-1,62,103,104,-1,62,104,63,-1,105,106,107,-1,107,106,108,-1,107,108,28,-1,28,108,109,-1,28,109,26,-1,110,111,112,-1,112,111,113,-1,112,113,114,-1,114,113,115,-1,114,115,116,-1,116,115,117,-1,116,117,118,-1,118,117,119,-1,118,119,14,-1,14,119,120,-1,14,120,13,-1,38,37,121,-1,121,37,122,-1,121,122,123,-1,123,122,124,-1,123,124,125,-1,125,124,126,-1,125,126,127,-1,127,126,128,-1,127,128,105,-1,105,128,129,-1,105,129,106,-1,2,130,0,-1,0,130,131,-1,0,131,132,-1,132,131,133,-1,132,133,134,-1,134,133,135,-1,134,135,110,-1,110,135,136,-1,110,136,111,-1,137,138,139,-1,71,140,72,-1,72,140,137,-1,72,137,141,-1,141,137,139,-1,142,143,137,-1,137,143,144,-1,137,144,138,-1,145,146,147,-1,146,148,147,-1,147,148,149,-1,147,149,150,-1,142,137,147,-1,147,137,151,-1,147,151,145,-1,98,152,153,-1,98,153,96,-1,96,153,154,-1,96,154,94,-1,154,155,94,-1,94,155,156,-1,94,156,33,-1,33,156,157,-1,33,157,32,-1,32,157,158,-1,32,158,30,-1,30,158,159,-1,30,159,28,-1,28,159,160,-1,28,160,107,-1,107,160,161,-1,107,161,105,-1,127,105,162,-1,162,105,161,-1,162,163,127,-1,127,163,164,-1,127,164,125,-1,125,164,165,-1,125,165,123,-1,123,165,166,-1,123,166,121,-1,121,166,167,-1,121,167,38,-1,38,167,36,-1,36,167,168,-1,36,168,169,-1,36,169,170,-1,36,170,34,-1,34,170,171,-1,34,171,6,-1,6,171,172,-1,6,172,41,-1,41,172,173,-1,41,173,15,-1,15,173,174,-1,15,174,2,-1,2,174,175,-1,2,175,130,-1,130,175,176,-1,130,176,131,-1,131,176,177,-1,131,177,133,-1,178,113,111,-1,133,177,179,-1,133,179,135,-1,135,179,180,-1,135,180,136,-1,136,180,181,-1,136,181,111,-1,111,181,182,-1,111,182,178,-1,113,178,183,-1,113,183,115,-1,115,183,184,-1,115,184,117,-1,117,184,185,-1,117,185,119,-1,119,185,186,-1,119,186,120,-1,120,186,187,-1,120,187,13,-1,13,187,188,-1,13,188,12,-1,12,188,189,-1,12,189,25,-1,189,190,25,-1,25,190,191,-1,25,191,24,-1,24,191,192,-1,24,192,55,-1,55,192,193,-1,55,193,53,-1,193,194,53,-1,53,194,195,-1,53,195,51,-1,51,195,196,-1,51,196,49,-1,197,20,5,-1,49,196,198,-1,199,21,198,-1,198,21,47,-1,198,47,49,-1,199,200,21,-1,21,200,201,-1,21,201,22,-1,22,201,202,-1,22,202,3,-1,3,202,203,-1,3,203,4,-1,4,203,204,-1,4,204,5,-1,5,204,205,-1,5,205,197,-1,18,20,206,-1,206,20,197,-1,16,18,207,-1,207,18,206,-1,17,16,208,-1,208,16,207,-1,19,17,209,-1,209,17,208,-1,19,209,210,-1,19,210,89,-1,89,210,211,-1,89,211,87,-1,87,211,212,-1,87,212,85,-1,85,212,213,-1,85,213,83,-1,83,213,214,-1,83,214,81,-1,81,214,215,-1,81,215,79,-1,79,215,216,-1,79,216,77,-1,77,216,217,-1,77,217,75,-1,75,217,218,-1,75,218,11,-1,11,218,219,-1,11,219,14,-1,14,219,220,-1,14,220,118,-1,118,220,221,-1,118,221,116,-1,116,221,222,-1,116,222,114,-1,114,222,223,-1,114,223,112,-1,112,223,110,-1,110,223,224,-1,224,225,110,-1,110,225,226,-1,110,226,134,-1,134,226,227,-1,134,227,132,-1,132,227,228,-1,132,228,0,-1,0,228,229,-1,0,229,1,-1,1,229,230,-1,1,230,39,-1,39,230,231,-1,39,231,40,-1,40,231,232,-1,40,232,42,-1,42,232,233,-1,42,233,43,-1,43,233,234,-1,43,234,7,-1,7,234,235,-1,7,235,8,-1,8,235,236,-1,8,236,35,-1,35,236,237,-1,35,237,37,-1,37,237,238,-1,37,238,122,-1,122,238,239,-1,122,239,124,-1,124,239,240,-1,124,240,126,-1,126,240,241,-1,126,241,128,-1,128,241,242,-1,128,242,129,-1,129,242,243,-1,129,243,106,-1,106,243,244,-1,106,244,108,-1,108,244,245,-1,108,245,109,-1,109,245,246,-1,109,246,26,-1,27,26,247,-1,247,26,246,-1,27,247,248,-1,27,248,29,-1,29,248,249,-1,29,249,31,-1,31,249,250,-1,31,250,92,-1,92,250,251,-1,92,251,93,-1,93,251,252,-1,93,252,95,-1,252,253,95,-1,95,253,254,-1,95,254,97,-1,97,254,255,-1,97,255,99,-1,99,255,256,-1,99,256,101,-1,101,256,257,-1,101,257,103,-1,103,257,258,-1,103,258,104,-1,104,258,259,-1,104,259,63,-1,63,259,260,-1,63,260,65,-1,65,260,261,-1,65,261,67,-1,67,261,262,-1,67,262,69,-1,71,69,263,-1,263,69,262,-1,71,263,264,-1,71,264,140,-1,140,264,265,-1,140,265,137,-1,137,265,266,-1,137,266,151,-1,151,266,267,-1,151,267,145,-1,145,267,268,-1,145,268,146,-1,146,268,269,-1,146,269,148,-1,148,269,270,-1,148,270,149,-1,149,270,271,-1,149,271,150,-1,150,271,272,-1,150,272,147,-1,147,272,273,-1,147,273,142,-1,142,273,274,-1,142,274,143,-1,143,274,275,-1,143,275,144,-1,144,275,276,-1,144,276,138,-1,138,276,277,-1,138,277,139,-1,139,277,278,-1,139,278,141,-1,141,278,279,-1,141,279,72,-1,72,279,280,-1,72,280,70,-1,68,70,281,-1,281,70,280,-1,68,281,282,-1,68,282,66,-1,66,282,283,-1,66,283,64,-1,64,283,284,-1,64,284,62,-1,62,284,285,-1,62,285,102,-1,102,285,286,-1,102,286,100,-1,100,286,152,-1,100,152,98,-1,84,287,288,-1,84,288,86,-1,86,288,289,-1,86,289,88,-1,88,289,290,-1,88,290,90,-1,90,290,291,-1,90,291,91,-1,91,291,292,-1,91,292,58,-1,58,292,293,-1,58,293,59,-1,59,293,294,-1,59,294,60,-1,60,294,295,-1,60,295,61,-1,61,295,296,-1,61,296,44,-1,44,296,297,-1,44,297,45,-1,45,297,298,-1,45,298,46,-1,46,298,299,-1,46,299,48,-1,48,299,300,-1,48,300,50,-1,50,300,301,-1,50,301,52,-1,52,301,302,-1,52,302,54,-1,54,302,303,-1,54,303,56,-1,56,303,304,-1,56,304,57,-1,57,304,305,-1,57,305,23,-1,23,305,306,-1,23,306,9,-1,9,306,307,-1,9,307,10,-1,10,307,308,-1,10,308,73,-1,73,308,309,-1,73,309,74,-1,74,309,310,-1,74,310,76,-1,76,310,311,-1,76,311,78,-1,78,311,312,-1,78,312,80,-1,80,312,313,-1,80,313,82,-1,82,313,287,-1,82,287,84,-1,
        ]
    }
}
Shape{
    appearance Appearance {
        material  Material 	{
            diffuseColor 0.25098039215686274 0.25098039215686274 0.25098039215686274
            specularColor 0.2196078431372549 0.2196078431372549 0.2196078431372549
            ambientIntensity 0.251
            transparency 0.0
            shininess 0.5
        }
    }
    geometry IndexedFaceSet {
        ccw TRUE
        solid FALSE
        coord DEF co Coordinate {
            point [
                -3.4475 -0.475 3.659, -3.4708 -0.475 3.7232, -3.4746 -0.475 3.7193, -3.4364 -0.475 3.6602, -3.4282 -0.475 3.6635, -3.4379 -0.475 3.7321, -3.4459 -0.475 3.733, -3.4551 -0.475 3.7318, -3.4634 -0.475 3.7285, -3.481 -0.475 3.6844, -3.4773 -0.475 3.6764, -3.4718 -0.475 3.6696, -3.4459 -0.475 3.659, -3.4795 -0.475 3.7114, -3.4823 -0.475 3.7025, -3.4828 -0.475 3.6932, -3.4646 -0.475 3.6641, -3.456 -0.475 3.6604, -3.4209 -0.475 3.6686, -3.4157 -0.475 3.6745, -3.4113 -0.475 3.6827, -3.4091 -0.475 3.6918, -3.4091 -0.475 3.7003, -3.4113 -0.475 3.7091, -3.4154 -0.475 3.7169, -3.4215 -0.475 3.7238, -3.4291 -0.475 3.7289
            ]
        }
        coordIndex [
            0,1,2,-1,3,4,5,-1,6,7,0,-1,0,7,8,-1,0,8,1,-1,9,10,2,-1,2,10,11,-1,6,0,5,-1,5,0,12,-1,5,12,3,-1,13,14,2,-1,2,14,15,-1,2,15,9,-1,11,16,2,-1,2,16,17,-1,2,17,0,-1,4,18,5,-1,5,18,19,-1,5,19,20,-1,20,21,5,-1,5,21,22,-1,5,22,23,-1,23,24,5,-1,5,24,25,-1,5,25,26,-1,
        ]
    }
}