#VRML V2.0 utf8
# 3D model generated by easyeda2kicad.py (https://github.com/uPesy/easyeda2kicad.py)

Shape{
    appearance Appearance {
        material  Material 	{
            diffuseColor 0.7529411764705882 0.7529411764705882 0.7529411764705882
            specularColor 0.6627450980392157 0.6627450980392157 0.6627450980392157
            ambientIntensity 0.7529
            transparency 0.0
            shininess 0.5
        }
    }
    geometry IndexedFaceSet {
        ccw TRUE
        solid FALSE
        coord DEF co Coordinate {
            point [
                1.08 -1.15 0.185, 1.08 -1.15 0.025, 1.08 -0.66 0.185, 1.08 -0.4032 0.025, 1.08 -0.5559 0.285, 1.08 -0.3437 0.0322, 1.08 -0.2876 0.0534, 1.08 -0.17 0.185, 1.08 -0.17 0.285, 1.08 -0.1982 0.1321, 1.08 -0.2381 0.0873, 0.58 -1.15 0.185, 0.58 -1.15 0.025, 0.58 -0.66 0.185, 0.58 -0.4032 0.025, 0.58 -0.5559 0.285, 0.58 -0.3437 0.0322, 0.58 -0.2876 0.0534, 0.58 -0.17 0.185, 0.58 -0.17 0.285, 0.58 -0.1982 0.1321, 0.58 -0.2381 0.0873, 0.08 -1.15 0.185, 0.08 -1.15 0.025, 0.08 -0.66 0.185, 0.08 -0.4032 0.025, 0.08 -0.5559 0.285, 0.08 -0.3437 0.0322, 0.08 -0.2876 0.0534, 0.08 -0.17 0.185, 0.08 -0.17 0.285, 0.08 -0.1982 0.1321, 0.08 -0.2381 0.0873, -0.42 -1.15 0.185, -0.42 -1.15 0.025, -0.42 -0.66 0.185, -0.42 -0.4032 0.025, -0.42 -0.5559 0.285, -0.42 -0.3437 0.0322, -0.42 -0.2876 0.0534, -0.42 -0.17 0.185, -0.42 -0.17 0.285, -0.42 -0.1982 0.1321, -0.42 -0.2381 0.0873, -0.92 -1.15 0.185, -0.92 -1.15 0.025, -0.92 -0.66 0.185, -0.92 -0.4032 0.025, -0.92 -0.5559 0.285, -0.92 -0.3437 0.0322, -0.92 -0.2876 0.0534, -0.92 -0.17 0.185, -0.92 -0.17 0.285, -0.92 -0.1982 0.1321, -0.92 -0.2381 0.0873, 1.42 0.17 0.185, 1.42 0.17 0.285, 1.42 0.1982 0.1321, 1.42 0.5559 0.285, 1.42 0.2381 0.0873, 1.42 0.2876 0.0534, 1.42 1.15 0.185, 1.42 1.15 0.025, 1.42 0.66 0.185, 1.42 0.4032 0.025, 1.42 0.3437 0.0322, 1.42 -0.17 0.285, 1.42 -0.17 0.185, 1.42 -0.5559 0.285, 1.42 -0.1982 0.1321, 1.42 -0.2381 0.0873, 1.42 -1.15 0.025, 1.42 -1.15 0.185, 1.42 -0.4032 0.025, 1.42 -0.66 0.185, 1.42 -0.3437 0.0322, 1.42 -0.2876 0.0534, -0.92 0.17 0.285, -0.92 0.17 0.185, -0.92 0.5559 0.285, -0.92 0.1982 0.1321, -0.92 0.2381 0.0873, -0.92 1.15 0.025, -0.92 1.15 0.185, -0.92 0.4032 0.025, -0.92 0.66 0.185, -0.92 0.3437 0.0322, -0.92 0.2876 0.0534, -1.08 0.17 0.185, -1.08 0.17 0.285, -1.08 0.1982 0.1321, -1.08 0.5559 0.285, -1.08 0.2381 0.0873, -1.08 0.2876 0.0534, -1.08 1.15 0.185, -1.08 1.15 0.025, -1.08 0.66 0.185, -1.08 0.4032 0.025, -1.08 0.3437 0.0322, -0.42 0.17 0.285, -0.42 0.17 0.185, -0.42 0.5559 0.285, -0.42 0.1982 0.1321, -0.42 0.2381 0.0873, -0.42 1.15 0.025, -0.42 1.15 0.185, -0.42 0.4032 0.025, -0.42 0.66 0.185, -0.42 0.3437 0.0322, -0.42 0.2876 0.0534, -0.58 0.17 0.185, -0.58 0.17 0.285, -0.58 0.1982 0.1321, -0.58 0.5559 0.285, -0.58 0.2381 0.0873, -0.58 0.2876 0.0534, -0.58 1.15 0.185, -0.58 1.15 0.025, -0.58 0.66 0.185, -0.58 0.4032 0.025, -0.58 0.3437 0.0322, 0.08 0.17 0.285, 0.08 0.17 0.185, 0.08 0.5559 0.285, 0.08 0.1982 0.1321, 0.08 0.2381 0.0873, 0.08 1.15 0.025, 0.08 1.15 0.185, 0.08 0.4032 0.025, 0.08 0.66 0.185, 0.08 0.3437 0.0322, 0.08 0.2876 0.0534, -0.08 0.17 0.185, -0.08 0.17 0.285, -0.08 0.1982 0.1321, -0.08 0.5559 0.285, -0.08 0.2381 0.0873, -0.08 0.2876 0.0534, -0.08 1.15 0.185, -0.08 1.15 0.025, -0.08 0.66 0.185, -0.08 0.4032 0.025, -0.08 0.3437 0.0322, 0.58 0.17 0.285, 0.58 0.17 0.185, 0.58 0.5559 0.285, 0.58 0.1982 0.1321, 0.58 0.2381 0.0873, 0.58 1.15 0.025, 0.58 1.15 0.185, 0.58 0.4032 0.025, 0.58 0.66 0.185, 0.58 0.3437 0.0322, 0.58 0.2876 0.0534, 0.42 0.17 0.185, 0.42 0.17 0.285, 0.42 0.1982 0.1321, 0.42 0.5559 0.285, 0.42 0.2381 0.0873, 0.42 0.2876 0.0534, 0.42 1.15 0.185, 0.42 1.15 0.025, 0.42 0.66 0.185, 0.42 0.4032 0.025, 0.42 0.3437 0.0322, 1.08 0.17 0.285, 1.08 0.17 0.185, 1.08 0.5559 0.285, 1.08 0.1982 0.1321, 1.08 0.2381 0.0873, 1.08 1.15 0.025, 1.08 1.15 0.185, 1.08 0.4032 0.025, 1.08 0.66 0.185, 1.08 0.3437 0.0322, 1.08 0.2876 0.0534, 0.92 0.17 0.185, 0.92 0.17 0.285, 0.92 0.1982 0.1321, 0.92 0.5559 0.285, 0.92 0.2381 0.0873, 0.92 0.2876 0.0534, 0.92 1.15 0.185, 0.92 1.15 0.025, 0.92 0.66 0.185, 0.92 0.4032 0.025, 0.92 0.3437 0.0322, 0.92 -0.4032 0.025, 0.92 -1.15 0.025, 0.42 -0.4032 0.025, 0.42 -1.15 0.025, -0.08 -0.4032 0.025, -0.08 -1.15 0.025, -0.58 -0.4032 0.025, -0.58 -1.15 0.025, -1.08 -0.4032 0.025, -1.08 -1.15 0.025, -1.08 -1.15 0.185, -0.58 -1.15 0.185, -0.08 -1.15 0.185, 0.42 -1.15 0.185, 0.92 -1.15 0.185, 1.58 0.4032 0.025, 1.58 1.15 0.025, 1.58 -1.15 0.025, 1.58 -0.4032 0.025, 1.58 -1.15 0.185, 1.58 1.15 0.185, 0.92 -0.17 0.285, 0.92 -0.17 0.185, 0.92 -0.5559 0.285, 0.92 -0.1982 0.1321, 0.92 -0.2381 0.0873, 0.92 -0.66 0.185, 0.92 -0.3437 0.0322, 0.92 -0.2876 0.0534, 0.42 -0.17 0.285, 0.42 -0.17 0.185, 0.42 -0.5559 0.285, 0.42 -0.1982 0.1321, 0.42 -0.2381 0.0873, 0.42 -0.66 0.185, 0.42 -0.3437 0.0322, 0.42 -0.2876 0.0534, -0.08 -0.17 0.285, -0.08 -0.17 0.185, -0.08 -0.5559 0.285, -0.08 -0.1982 0.1321, -0.08 -0.2381 0.0873, -0.08 -0.66 0.185, -0.08 -0.3437 0.0322, -0.08 -0.2876 0.0534, -0.58 -0.17 0.285, -0.58 -0.17 0.185, -0.58 -0.5559 0.285, -0.58 -0.1982 0.1321, -0.58 -0.2381 0.0873, -0.58 -0.66 0.185, -0.58 -0.3437 0.0322, -0.58 -0.2876 0.0534, -1.08 -0.17 0.285, -1.08 -0.17 0.185, -1.08 -0.5559 0.285, -1.08 -0.1982 0.1321, -1.08 -0.2381 0.0873, -1.08 -0.66 0.185, -1.08 -0.3437 0.0322, -1.08 -0.2876 0.0534, -1.42 -1.15 0.185, -1.42 -1.15 0.025, -1.42 -0.66 0.185, -1.42 -0.4032 0.025, -1.42 -0.5559 0.285, -1.42 -0.3437 0.0322, -1.42 -0.2876 0.0534, -1.42 -0.17 0.185, -1.42 -0.17 0.285, -1.42 -0.1982 0.1321, -1.42 -0.2381 0.0873, 1.58 -0.66 0.185, 1.58 -0.1982 0.1321, 1.58 -0.17 0.185, 1.58 -0.17 0.285, 1.58 -0.2876 0.0534, 1.58 -0.2381 0.0873, 1.58 0.66 0.185, 1.58 0.1982 0.1321, 1.58 0.2381 0.0873, 1.58 -0.3437 0.0322, 1.58 -0.0 0.8192, 1.58 0.17 0.285, 1.58 0.17 0.185, 1.58 0.2876 0.0534, 1.58 0.3437 0.0322, -1.42 0.17 0.285, -1.42 0.17 0.185, -1.42 0.5559 0.285, -1.42 0.1982 0.1321, -1.42 0.2381 0.0873, -1.42 1.15 0.025, -1.42 1.15 0.185, -1.42 0.4032 0.025, -1.42 0.66 0.185, -1.42 0.3437 0.0322, -1.42 0.2876 0.0534, -1.58 -0.4032 0.025, -1.58 -0.3437 0.0322, -1.58 -0.2876 0.0534, -1.58 -0.2381 0.0873, -1.58 -0.1982 0.1321, -1.58 -0.17 0.185, -1.58 -1.15 0.025, -1.58 -1.15 0.185, -1.58 -0.66 0.185, -1.58 -0.0 0.8192, -1.58 0.66 0.185, -1.58 1.15 0.185, -1.58 1.15 0.025, -1.58 0.4032 0.025, -1.58 0.17 0.185, -1.58 0.1982 0.1321, -1.58 0.2381 0.0873, -1.58 0.2876 0.0534, -1.58 0.3437 0.0322, -1.58 0.17 0.285, -1.58 -0.17 0.285
            ]
        }
        coordIndex [
            0,1,2,-1,2,1,3,-1,2,3,4,-1,4,3,5,-1,4,5,6,-1,7,8,9,-1,9,8,4,-1,9,4,10,-1,10,4,6,-1,11,12,13,-1,13,12,14,-1,13,14,15,-1,15,14,16,-1,15,16,17,-1,18,19,20,-1,20,19,15,-1,20,15,21,-1,21,15,17,-1,22,23,24,-1,24,23,25,-1,24,25,26,-1,26,25,27,-1,26,27,28,-1,29,30,31,-1,31,30,26,-1,31,26,32,-1,32,26,28,-1,33,34,35,-1,35,34,36,-1,35,36,37,-1,37,36,38,-1,37,38,39,-1,40,41,42,-1,42,41,37,-1,42,37,43,-1,43,37,39,-1,44,45,46,-1,46,45,47,-1,46,47,48,-1,48,47,49,-1,48,49,50,-1,51,52,53,-1,53,52,48,-1,53,48,54,-1,54,48,50,-1,55,56,57,-1,57,56,58,-1,57,58,59,-1,59,58,60,-1,61,62,63,-1,63,62,64,-1,63,64,58,-1,58,64,65,-1,58,65,60,-1,66,67,68,-1,68,67,69,-1,68,69,70,-1,71,72,73,-1,73,72,74,-1,73,74,75,-1,75,74,68,-1,75,68,76,-1,76,68,70,-1,77,78,79,-1,79,78,80,-1,79,80,81,-1,82,83,84,-1,84,83,85,-1,84,85,86,-1,86,85,79,-1,86,79,87,-1,87,79,81,-1,88,89,90,-1,90,89,91,-1,90,91,92,-1,92,91,93,-1,94,95,96,-1,96,95,97,-1,96,97,91,-1,91,97,98,-1,91,98,93,-1,99,100,101,-1,101,100,102,-1,101,102,103,-1,104,105,106,-1,106,105,107,-1,106,107,108,-1,108,107,101,-1,108,101,109,-1,109,101,103,-1,110,111,112,-1,112,111,113,-1,112,113,114,-1,114,113,115,-1,116,117,118,-1,118,117,119,-1,118,119,113,-1,113,119,120,-1,113,120,115,-1,121,122,123,-1,123,122,124,-1,123,124,125,-1,126,127,128,-1,128,127,129,-1,128,129,130,-1,130,129,123,-1,130,123,131,-1,131,123,125,-1,132,133,134,-1,134,133,135,-1,134,135,136,-1,136,135,137,-1,138,139,140,-1,140,139,141,-1,140,141,135,-1,135,141,142,-1,135,142,137,-1,143,144,145,-1,145,144,146,-1,145,146,147,-1,148,149,150,-1,150,149,151,-1,150,151,152,-1,152,151,145,-1,152,145,153,-1,153,145,147,-1,154,155,156,-1,156,155,157,-1,156,157,158,-1,158,157,159,-1,160,161,162,-1,162,161,163,-1,162,163,157,-1,157,163,164,-1,157,164,159,-1,165,166,167,-1,167,166,168,-1,167,168,169,-1,170,171,172,-1,172,171,173,-1,172,173,174,-1,174,173,167,-1,174,167,175,-1,175,167,169,-1,176,177,178,-1,178,177,179,-1,178,179,180,-1,180,179,181,-1,182,183,184,-1,184,183,185,-1,184,185,179,-1,179,185,186,-1,179,186,181,-1,3,1,187,-1,187,1,188,-1,14,12,189,-1,189,12,190,-1,25,23,191,-1,191,23,192,-1,36,34,193,-1,193,34,194,-1,47,45,195,-1,195,45,196,-1,45,44,196,-1,196,44,197,-1,34,33,194,-1,194,33,198,-1,23,22,192,-1,192,22,199,-1,12,11,190,-1,190,11,200,-1,1,0,188,-1,188,0,201,-1,171,170,182,-1,182,170,183,-1,149,148,160,-1,160,148,161,-1,127,126,138,-1,138,126,139,-1,105,104,116,-1,116,104,117,-1,83,82,94,-1,94,82,95,-1,64,62,202,-1,202,62,203,-1,71,73,204,-1,204,73,205,-1,72,71,206,-1,206,71,204,-1,62,61,203,-1,203,61,207,-1,82,84,95,-1,95,84,97,-1,104,106,117,-1,117,106,119,-1,126,128,139,-1,139,128,141,-1,148,150,161,-1,161,150,163,-1,170,172,183,-1,183,172,185,-1,208,209,210,-1,210,209,211,-1,210,211,212,-1,188,201,187,-1,187,201,213,-1,187,213,214,-1,214,213,210,-1,214,210,215,-1,215,210,212,-1,216,217,218,-1,218,217,219,-1,218,219,220,-1,190,200,189,-1,189,200,221,-1,189,221,222,-1,222,221,218,-1,222,218,223,-1,223,218,220,-1,224,225,226,-1,226,225,227,-1,226,227,228,-1,192,199,191,-1,191,199,229,-1,191,229,230,-1,230,229,226,-1,230,226,231,-1,231,226,228,-1,232,233,234,-1,234,233,235,-1,234,235,236,-1,194,198,193,-1,193,198,237,-1,193,237,238,-1,238,237,234,-1,238,234,239,-1,239,234,236,-1,240,241,242,-1,242,241,243,-1,242,243,244,-1,196,197,195,-1,195,197,245,-1,195,245,246,-1,246,245,242,-1,246,242,247,-1,247,242,244,-1,248,249,250,-1,250,249,251,-1,250,251,252,-1,252,251,253,-1,252,253,254,-1,255,256,257,-1,257,256,252,-1,257,252,258,-1,258,252,254,-1,74,72,259,-1,259,72,206,-1,44,46,197,-1,197,46,245,-1,33,35,198,-1,198,35,237,-1,22,24,199,-1,199,24,229,-1,11,13,200,-1,200,13,221,-1,0,2,201,-1,201,2,213,-1,173,171,184,-1,184,171,182,-1,151,149,162,-1,162,149,160,-1,129,127,140,-1,140,127,138,-1,107,105,118,-1,118,105,116,-1,85,83,96,-1,96,83,94,-1,260,261,262,-1,262,204,205,-1,263,264,260,-1,203,207,202,-1,202,207,265,-1,266,267,265,-1,262,205,260,-1,260,205,268,-1,260,268,263,-1,206,204,259,-1,259,204,262,-1,259,262,269,-1,269,262,270,-1,269,270,265,-1,265,270,271,-1,265,271,266,-1,267,272,265,-1,265,272,273,-1,265,273,202,-1,61,63,207,-1,207,63,265,-1,274,275,276,-1,276,275,277,-1,276,277,278,-1,279,280,281,-1,281,280,282,-1,281,282,283,-1,283,282,276,-1,283,276,284,-1,284,276,278,-1,78,88,90,-1,78,90,80,-1,80,90,92,-1,80,92,81,-1,81,92,93,-1,81,93,87,-1,87,93,98,-1,87,98,86,-1,86,98,97,-1,86,97,84,-1,100,110,112,-1,100,112,102,-1,102,112,114,-1,102,114,103,-1,103,114,115,-1,103,115,109,-1,109,115,120,-1,109,120,108,-1,108,120,119,-1,108,119,106,-1,122,132,134,-1,122,134,124,-1,124,134,136,-1,124,136,125,-1,125,136,137,-1,125,137,131,-1,131,137,142,-1,131,142,130,-1,130,142,141,-1,130,141,128,-1,144,154,156,-1,144,156,146,-1,146,156,158,-1,146,158,147,-1,147,158,159,-1,147,159,153,-1,153,159,164,-1,153,164,152,-1,152,164,163,-1,152,163,150,-1,166,176,178,-1,166,178,168,-1,168,178,180,-1,168,180,169,-1,169,180,181,-1,169,181,175,-1,175,181,186,-1,175,186,174,-1,174,186,185,-1,174,185,172,-1,271,55,57,-1,271,57,266,-1,266,57,59,-1,266,59,267,-1,267,59,60,-1,267,60,272,-1,272,60,65,-1,272,65,273,-1,273,65,64,-1,273,64,202,-1,205,73,75,-1,205,75,268,-1,268,75,76,-1,268,76,263,-1,263,76,70,-1,263,70,264,-1,264,70,69,-1,264,69,260,-1,260,69,67,-1,260,67,261,-1,3,187,214,-1,3,214,5,-1,5,214,215,-1,5,215,6,-1,6,215,212,-1,6,212,10,-1,10,212,211,-1,10,211,9,-1,9,211,209,-1,9,209,7,-1,14,189,222,-1,14,222,16,-1,16,222,223,-1,16,223,17,-1,17,223,220,-1,17,220,21,-1,21,220,219,-1,21,219,20,-1,20,219,217,-1,20,217,18,-1,25,191,230,-1,25,230,27,-1,27,230,231,-1,27,231,28,-1,28,231,228,-1,28,228,32,-1,32,228,227,-1,32,227,31,-1,31,227,225,-1,31,225,29,-1,36,193,238,-1,36,238,38,-1,38,238,239,-1,38,239,39,-1,39,239,236,-1,39,236,43,-1,43,236,235,-1,43,235,42,-1,42,235,233,-1,42,233,40,-1,47,195,246,-1,47,246,49,-1,49,246,247,-1,49,247,50,-1,50,247,244,-1,50,244,54,-1,54,244,243,-1,54,243,53,-1,53,243,241,-1,53,241,51,-1,251,285,286,-1,251,286,253,-1,253,286,287,-1,253,287,254,-1,254,287,288,-1,254,288,258,-1,258,288,289,-1,258,289,257,-1,257,289,290,-1,257,290,255,-1,251,249,285,-1,285,249,291,-1,249,248,291,-1,291,248,292,-1,248,250,292,-1,292,250,293,-1,37,226,269,-1,234,237,35,-1,293,250,252,-1,293,252,294,-1,294,252,242,-1,294,242,269,-1,35,37,234,-1,234,37,269,-1,234,269,48,-1,48,269,242,-1,48,242,46,-1,46,242,245,-1,15,210,269,-1,218,221,13,-1,13,15,218,-1,218,15,269,-1,218,269,26,-1,26,269,226,-1,26,226,24,-1,24,226,229,-1,74,259,68,-1,68,259,269,-1,68,269,4,-1,4,269,210,-1,4,210,2,-1,2,210,213,-1,265,63,58,-1,265,58,269,-1,269,58,167,-1,269,167,294,-1,157,123,294,-1,145,151,162,-1,162,157,145,-1,145,157,294,-1,145,294,179,-1,179,294,167,-1,179,167,184,-1,184,167,173,-1,113,79,294,-1,101,107,118,-1,118,113,101,-1,101,113,294,-1,101,294,135,-1,135,294,123,-1,135,123,140,-1,140,123,129,-1,282,295,276,-1,276,295,294,-1,276,294,91,-1,91,294,79,-1,91,79,96,-1,96,79,85,-1,282,280,295,-1,295,280,296,-1,280,279,296,-1,296,279,297,-1,279,281,297,-1,297,281,298,-1,275,299,300,-1,275,300,277,-1,277,300,301,-1,277,301,278,-1,278,301,302,-1,278,302,284,-1,284,302,303,-1,284,303,283,-1,283,303,298,-1,283,298,281,-1,275,274,299,-1,299,274,304,-1,78,77,88,-1,88,77,89,-1,100,99,110,-1,110,99,111,-1,122,121,132,-1,132,121,133,-1,144,143,154,-1,154,143,155,-1,166,165,176,-1,176,165,177,-1,56,55,270,-1,270,55,271,-1,67,66,261,-1,261,66,262,-1,8,7,208,-1,208,7,209,-1,19,18,216,-1,216,18,217,-1,30,29,224,-1,224,29,225,-1,41,40,232,-1,232,40,233,-1,52,51,240,-1,240,51,241,-1,256,255,305,-1,305,255,290,-1,300,299,304,-1,297,298,304,-1,304,298,303,-1,291,292,285,-1,285,292,293,-1,303,302,304,-1,304,302,301,-1,304,301,300,-1,296,297,295,-1,295,297,304,-1,295,304,294,-1,294,304,305,-1,294,305,293,-1,305,290,293,-1,293,290,289,-1,293,289,288,-1,288,287,293,-1,293,287,286,-1,293,286,285,-1,252,256,242,-1,242,256,240,-1,56,270,262,-1,145,179,143,-1,143,179,177,-1,210,15,208,-1,208,15,19,-1,68,4,66,-1,66,4,8,-1,167,58,165,-1,165,58,56,-1,262,66,56,-1,56,66,8,-1,56,8,165,-1,165,8,208,-1,123,157,121,-1,121,157,155,-1,218,26,216,-1,216,26,30,-1,101,135,99,-1,99,135,133,-1,226,37,224,-1,224,37,41,-1,79,113,77,-1,77,113,111,-1,234,48,232,-1,232,48,52,-1,91,89,276,-1,276,89,274,-1,305,304,256,-1,256,304,274,-1,256,274,240,-1,240,274,89,-1,240,89,52,-1,52,89,77,-1,52,77,232,-1,232,77,111,-1,232,111,41,-1,41,111,99,-1,41,99,224,-1,224,99,133,-1,224,133,30,-1,30,133,121,-1,30,121,216,-1,216,121,155,-1,216,155,19,-1,19,155,143,-1,19,143,208,-1,208,143,177,-1,208,177,165,-1,
        ]
    }
}
Shape{
    appearance Appearance {
        material  Material 	{
            diffuseColor 1.0 1.0 0.0
            specularColor 0.8784313725490196 0.8784313725490196 0.0
            ambientIntensity 0.886
            transparency 0.0
            shininess 0.5
        }
    }
    geometry IndexedFaceSet {
        ccw TRUE
        solid FALSE
        coord DEF co Coordinate {
            point [
                -1.08 0.33 2.285, -1.08 0.17 2.285, -1.028 0.278 2.375, -1.028 0.222 2.375, -0.58 0.33 2.285, -0.58 0.17 2.285, -0.528 0.278 2.375, -0.528 0.222 2.375, -0.08 0.33 2.285, -0.08 0.17 2.285, -0.028 0.278 2.375, -0.028 0.222 2.375, 0.42 0.33 2.285, 0.42 0.17 2.285, 0.472 0.278 2.375, 0.472 0.222 2.375, 0.92 0.33 2.285, 0.92 0.17 2.285, 0.972 0.278 2.375, 0.972 0.222 2.375, 1.42 -0.17 2.285, 1.42 -0.33 2.285, 1.472 -0.222 2.375, 1.472 -0.278 2.375, 1.42 0.33 2.285, 1.42 0.17 2.285, 1.472 0.278 2.375, 1.472 0.222 2.375, -1.08 -0.17 2.285, -1.08 -0.33 2.285, -1.028 -0.222 2.375, -1.028 -0.278 2.375, -0.58 -0.17 2.285, -0.58 -0.33 2.285, -0.528 -0.222 2.375, -0.528 -0.278 2.375, -0.08 -0.17 2.285, -0.08 -0.33 2.285, -0.028 -0.222 2.375, -0.028 -0.278 2.375, 0.42 -0.17 2.285, 0.42 -0.33 2.285, 0.472 -0.222 2.375, 0.472 -0.278 2.375, 0.92 -0.17 2.285, 0.92 -0.33 2.285, 0.972 -0.222 2.375, 0.972 -0.278 2.375, -1.472 0.278 2.375, -1.472 0.222 2.375, -1.42 0.33 2.285, -1.42 0.17 2.285, -1.472 -0.222 2.375, -1.472 -0.278 2.375, -1.42 -0.17 2.285, -1.42 -0.33 2.285, -0.972 0.278 2.375, -0.972 0.222 2.375, -0.92 0.17 2.285, -1.08 0.17 1.075, -1.08 0.33 1.175, -1.08 0.2627 1.075, -0.92 0.33 2.285, -0.472 0.278 2.375, -0.472 0.222 2.375, -0.42 0.17 2.285, -0.58 0.17 1.075, -0.58 0.33 1.175, -0.58 0.2627 1.075, -0.42 0.33 2.285, 0.028 0.278 2.375, 0.028 0.222 2.375, 0.08 0.17 2.285, -0.08 0.17 1.075, -0.08 0.33 1.175, -0.08 0.2627 1.075, 0.08 0.33 2.285, 0.528 0.278 2.375, 0.528 0.222 2.375, 0.58 0.17 2.285, 0.42 0.17 1.075, 0.42 0.33 1.175, 0.42 0.2627 1.075, 0.58 0.33 2.285, 1.028 0.278 2.375, 1.028 0.222 2.375, 1.08 0.17 2.285, 0.92 0.17 1.075, 0.92 0.33 1.175, 0.92 0.2627 1.075, 1.08 0.33 2.285, 1.528 -0.222 2.375, 1.528 -0.278 2.375, 1.58 -0.17 2.285, 1.42 -0.33 1.175, 1.42 -0.17 1.075, 1.42 -0.2627 1.075, 1.58 -0.33 2.285, 1.528 0.278 2.375, 1.528 0.222 2.375, 1.58 0.33 2.285, 1.42 0.17 1.075, 1.42 0.33 1.175, 1.42 0.2627 1.075, 1.58 0.17 2.285, -0.972 -0.222 2.375, -0.972 -0.278 2.375, -0.92 -0.33 2.285, -1.08 -0.33 1.175, -1.08 -0.17 1.075, -1.08 -0.2627 1.075, -0.92 -0.17 2.285, -0.472 -0.222 2.375, -0.472 -0.278 2.375, -0.42 -0.33 2.285, -0.58 -0.33 1.175, -0.58 -0.17 1.075, -0.58 -0.2627 1.075, -0.42 -0.17 2.285, 0.028 -0.222 2.375, 0.028 -0.278 2.375, 0.08 -0.33 2.285, -0.08 -0.33 1.175, -0.08 -0.17 1.075, -0.08 -0.2627 1.075, 0.08 -0.17 2.285, 0.528 -0.222 2.375, 0.528 -0.278 2.375, 0.58 -0.33 2.285, 0.42 -0.33 1.175, 0.42 -0.17 1.075, 0.42 -0.2627 1.075, 0.58 -0.17 2.285, 1.028 -0.222 2.375, 1.028 -0.278 2.375, 1.08 -0.33 2.285, 0.92 -0.33 1.175, 0.92 -0.17 1.075, 0.92 -0.2627 1.075, 1.08 -0.17 2.285, -1.58 0.33 2.285, -1.528 0.278 2.375, -1.528 0.222 2.375, -1.42 0.33 1.175, -1.42 0.17 1.075, -1.42 0.2627 1.075, -1.58 0.17 2.285, -1.58 -0.17 2.285, -1.528 -0.222 2.375, -1.528 -0.278 2.375, -1.42 -0.17 1.075, -1.42 -0.33 1.175, -1.42 -0.2627 1.075, -1.58 -0.33 2.285, -0.92 0.17 1.075, -0.92 0.33 1.175, -0.42 0.17 1.075, -0.42 0.33 1.175, 0.08 0.17 1.075, 0.08 0.33 1.175, 0.58 0.17 1.075, 0.58 0.33 1.175, 1.08 0.17 1.075, 1.08 0.33 1.175, 1.58 -0.17 1.075, 1.58 -0.33 1.175, 1.58 0.33 1.175, 1.58 0.17 1.075, -0.92 -0.33 1.175, -0.92 -0.17 1.075, -0.42 -0.33 1.175, -0.42 -0.17 1.075, 0.08 -0.33 1.175, 0.08 -0.17 1.075, 0.58 -0.33 1.175, 0.58 -0.17 1.075, 1.08 -0.33 1.175, 1.08 -0.17 1.075, -1.58 0.33 1.175, -1.58 0.17 1.075, -1.58 -0.17 1.075, -1.58 -0.33 1.175, -0.92 0.2627 1.075, -0.42 0.2627 1.075, 0.08 0.2627 1.075, 0.58 0.2627 1.075, 1.08 0.2627 1.075, 1.58 -0.0 0.685, -0.92 -0.2627 1.075, -0.42 -0.2627 1.075, 0.08 -0.2627 1.075, 0.58 -0.2627 1.075, 1.08 -0.2627 1.075, -1.58 -0.0 0.685
            ]
        }
        coordIndex [
            0,1,2,-1,2,1,3,-1,4,5,6,-1,6,5,7,-1,8,9,10,-1,10,9,11,-1,12,13,14,-1,14,13,15,-1,16,17,18,-1,18,17,19,-1,20,21,22,-1,22,21,23,-1,24,25,26,-1,26,25,27,-1,28,29,30,-1,30,29,31,-1,32,33,34,-1,34,33,35,-1,36,37,38,-1,38,37,39,-1,40,41,42,-1,42,41,43,-1,44,45,46,-1,46,45,47,-1,48,49,50,-1,50,49,51,-1,52,53,54,-1,54,53,55,-1,2,3,56,-1,56,3,57,-1,3,1,57,-1,57,1,58,-1,1,0,59,-1,59,0,60,-1,59,60,61,-1,0,2,62,-1,62,2,56,-1,6,7,63,-1,63,7,64,-1,7,5,64,-1,64,5,65,-1,5,4,66,-1,66,4,67,-1,66,67,68,-1,4,6,69,-1,69,6,63,-1,10,11,70,-1,70,11,71,-1,11,9,71,-1,71,9,72,-1,9,8,73,-1,73,8,74,-1,73,74,75,-1,8,10,76,-1,76,10,70,-1,14,15,77,-1,77,15,78,-1,15,13,78,-1,78,13,79,-1,13,12,80,-1,80,12,81,-1,80,81,82,-1,12,14,83,-1,83,14,77,-1,18,19,84,-1,84,19,85,-1,19,17,85,-1,85,17,86,-1,17,16,87,-1,87,16,88,-1,87,88,89,-1,16,18,90,-1,90,18,84,-1,22,23,91,-1,91,23,92,-1,20,22,93,-1,93,22,91,-1,21,20,94,-1,94,20,95,-1,94,95,96,-1,23,21,92,-1,92,21,97,-1,26,27,98,-1,98,27,99,-1,24,26,100,-1,100,26,98,-1,25,24,101,-1,101,24,102,-1,101,102,103,-1,27,25,99,-1,99,25,104,-1,30,31,105,-1,105,31,106,-1,31,29,106,-1,106,29,107,-1,29,28,108,-1,108,28,109,-1,108,109,110,-1,28,30,111,-1,111,30,105,-1,34,35,112,-1,112,35,113,-1,35,33,113,-1,113,33,114,-1,33,32,115,-1,115,32,116,-1,115,116,117,-1,32,34,118,-1,118,34,112,-1,38,39,119,-1,119,39,120,-1,39,37,120,-1,120,37,121,-1,37,36,122,-1,122,36,123,-1,122,123,124,-1,36,38,125,-1,125,38,119,-1,42,43,126,-1,126,43,127,-1,43,41,127,-1,127,41,128,-1,41,40,129,-1,129,40,130,-1,129,130,131,-1,40,42,132,-1,132,42,126,-1,46,47,133,-1,133,47,134,-1,47,45,134,-1,134,45,135,-1,45,44,136,-1,136,44,137,-1,136,137,138,-1,44,46,139,-1,139,46,133,-1,140,141,50,-1,50,141,48,-1,141,142,48,-1,48,142,49,-1,50,51,143,-1,143,51,144,-1,143,144,145,-1,142,146,49,-1,49,146,51,-1,147,148,54,-1,54,148,52,-1,148,149,52,-1,52,149,53,-1,54,55,150,-1,150,55,151,-1,150,151,152,-1,149,153,53,-1,53,153,55,-1,1,59,58,-1,58,59,154,-1,56,57,62,-1,62,57,58,-1,60,0,155,-1,155,0,62,-1,5,66,65,-1,65,66,156,-1,63,64,69,-1,69,64,65,-1,67,4,157,-1,157,4,69,-1,9,73,72,-1,72,73,158,-1,70,71,76,-1,76,71,72,-1,74,8,159,-1,159,8,76,-1,13,80,79,-1,79,80,160,-1,77,78,83,-1,83,78,79,-1,81,12,161,-1,161,12,83,-1,17,87,86,-1,86,87,162,-1,84,85,90,-1,90,85,86,-1,88,16,163,-1,163,16,90,-1,95,20,164,-1,164,20,93,-1,91,92,93,-1,93,92,97,-1,21,94,97,-1,97,94,165,-1,102,24,166,-1,166,24,100,-1,98,99,100,-1,100,99,104,-1,25,101,104,-1,104,101,167,-1,29,108,107,-1,107,108,168,-1,105,106,111,-1,111,106,107,-1,109,28,169,-1,169,28,111,-1,33,115,114,-1,114,115,170,-1,112,113,118,-1,118,113,114,-1,116,32,171,-1,171,32,118,-1,37,122,121,-1,121,122,172,-1,119,120,125,-1,125,120,121,-1,123,36,173,-1,173,36,125,-1,41,129,128,-1,128,129,174,-1,126,127,132,-1,132,127,128,-1,130,40,175,-1,175,40,132,-1,45,136,135,-1,135,136,176,-1,133,134,139,-1,139,134,135,-1,137,44,177,-1,177,44,139,-1,50,143,140,-1,140,143,178,-1,140,146,141,-1,141,146,142,-1,144,51,179,-1,179,51,146,-1,54,150,147,-1,147,150,180,-1,147,153,148,-1,148,153,149,-1,151,55,181,-1,181,55,153,-1,62,58,155,-1,155,58,154,-1,155,154,182,-1,69,65,157,-1,157,65,156,-1,157,156,183,-1,76,72,159,-1,159,72,158,-1,159,158,184,-1,83,79,161,-1,161,79,160,-1,161,160,185,-1,90,86,163,-1,163,86,162,-1,163,162,186,-1,164,93,97,-1,100,104,166,-1,166,104,167,-1,166,167,187,-1,187,167,164,-1,187,164,165,-1,165,164,97,-1,111,107,169,-1,169,107,168,-1,169,168,188,-1,118,114,171,-1,171,114,170,-1,171,170,189,-1,125,121,173,-1,173,121,172,-1,173,172,190,-1,132,128,175,-1,175,128,174,-1,175,174,191,-1,139,135,177,-1,177,135,176,-1,177,176,192,-1,179,146,140,-1,153,147,181,-1,181,147,180,-1,181,180,193,-1,193,180,179,-1,193,179,178,-1,178,179,140,-1,193,178,143,-1,143,145,193,-1,193,145,61,-1,193,61,187,-1,68,67,157,-1,183,75,187,-1,157,183,68,-1,68,183,187,-1,68,187,182,-1,182,187,61,-1,182,61,155,-1,155,61,60,-1,82,81,161,-1,185,89,187,-1,161,185,82,-1,82,185,187,-1,82,187,184,-1,184,187,75,-1,184,75,159,-1,159,75,74,-1,102,166,103,-1,103,166,187,-1,103,187,186,-1,186,187,89,-1,186,89,163,-1,163,89,88,-1,103,186,101,-1,101,186,162,-1,145,144,61,-1,61,144,59,-1,179,180,144,-1,144,180,150,-1,144,150,59,-1,192,96,177,-1,177,96,95,-1,89,185,87,-1,87,185,160,-1,191,138,175,-1,175,138,137,-1,152,110,150,-1,150,110,109,-1,150,109,59,-1,59,109,169,-1,59,169,154,-1,82,184,80,-1,80,184,158,-1,190,131,173,-1,173,131,130,-1,75,183,73,-1,73,183,156,-1,156,66,116,-1,189,124,171,-1,171,124,123,-1,116,171,156,-1,156,171,123,-1,156,123,73,-1,73,123,173,-1,73,173,158,-1,158,173,130,-1,158,130,80,-1,80,130,175,-1,80,175,160,-1,160,175,137,-1,160,137,87,-1,87,137,177,-1,87,177,162,-1,162,177,95,-1,162,95,101,-1,101,95,164,-1,101,164,167,-1,68,182,66,-1,66,182,154,-1,66,154,116,-1,116,154,169,-1,116,169,117,-1,117,169,188,-1,188,168,108,-1,151,181,152,-1,152,181,193,-1,152,193,110,-1,110,193,187,-1,165,94,187,-1,187,94,96,-1,187,96,192,-1,176,136,192,-1,192,136,138,-1,192,138,187,-1,187,138,191,-1,174,129,191,-1,191,129,131,-1,191,131,187,-1,187,131,190,-1,172,122,190,-1,190,122,124,-1,190,124,187,-1,187,124,189,-1,170,115,189,-1,189,115,117,-1,189,117,187,-1,187,117,188,-1,187,188,110,-1,110,188,108,-1,
        ]
    }
}
Shape{
    appearance Appearance {
        material  Material 	{
            diffuseColor 0.25098039215686274 0.25098039215686274 0.25098039215686274
            specularColor 0.2196078431372549 0.2196078431372549 0.2196078431372549
            ambientIntensity 0.251
            transparency 0.0
            shininess 0.5
        }
    }
    geometry IndexedFaceSet {
        ccw TRUE
        solid FALSE
        coord DEF co Coordinate {
            point [
                -1.0 1.0 2.1018, -1.0 1.0 2.1331, -0.4171 1.0 2.1331, -0.2364 1.0 1.9643, -0.2317 1.0 1.9638, -0.2585 1.0 1.9638, -0.1537 1.0 2.2407, -0.1619 1.0 2.2417, -0.1194 1.0 2.2417, -0.1812 1.0 2.1338, -0.1744 1.0 2.1331, -0.2097 1.0 2.1331, -0.4671 1.0 2.134, -0.4563 1.0 2.1632, -0.4171 1.0 2.1632, 0.5175 1.0 2.0939, 0.5159 1.0 2.1018, 0.7589 1.0 2.1018, 0.0816 1.0 2.157, 0.0612 1.0 2.1395, -0.0102 1.0 2.2417, 0.1835 1.0 2.2527, 0.1671 1.0 2.2417, 0.1497 1.0 2.23, 0.1249 1.0 2.2014, 0.1087 1.0 2.17, 0.1041 1.0 2.1684, 0.2216 1.0 2.2661, -0.0102 1.0 2.435, 0.3256 1.0 2.2512, 0.2906 1.0 2.2648, 0.7589 1.0 2.435, 0.2529 1.0 2.2694, 0.4821 1.0 2.1715, 0.4753 1.0 2.1778, 0.7589 1.0 2.2417, 0.341 1.0 2.2417, 0.344 1.0 2.2398, 0.4498 1.0 2.1949, 0.4215 1.0 2.205, 0.3948 1.0 2.2079, 0.3618 1.0 2.2245, 0.3861 1.0 2.2075, 0.3774 1.0 2.2064, 0.7589 1.0 2.1331, 0.5115 1.0 2.1239, 0.5071 1.0 2.1331, 0.4987 1.0 2.1508, 0.4252 1.0 1.9658, 0.4383 1.0 1.9699, 0.7589 1.0 1.9638, 0.4653 1.0 1.9841, 0.4859 1.0 2.0022, 0.4888 1.0 2.0056, 0.5048 1.0 2.03, 0.5149 1.0 2.0584, 0.5178 1.0 2.085, 0.3915 1.0 1.9244, 0.4063 1.0 1.9356, 0.7589 1.0 1.9215, 0.4176 1.0 1.9496, 0.4242 1.0 1.9638, 0.7589 1.0 0.185, 0.374 1.0 1.9171, 0.3845 1.0 1.9215, 0.3216 1.0 1.9215, 0.3347 1.0 1.9164, -0.0102 1.0 0.185, 0.3531 1.0 1.9142, 0.356 1.0 1.9142, 0.2819 1.0 1.9638, 0.282 1.0 1.9636, -0.0102 1.0 1.9215, 0.2909 1.0 1.9466, 0.3027 1.0 1.9335, 0.3178 1.0 1.9229, 0.0616 1.0 1.9984, 0.0832 1.0 1.9804, -0.0102 1.0 1.9638, 0.0471 1.0 2.0184, 0.2962 1.0 2.041, 0.1944 1.0 2.0941, 0.3094 1.0 2.053, 0.3255 1.0 2.0617, 0.0809 1.0 2.0763, 0.0845 1.0 2.0909, 0.0903 1.0 2.1018, 0.4681 1.0 2.1018, 0.1795 1.0 2.0107, 0.1709 1.0 2.0539, 0.1848 1.0 2.0087, 0.1895 1.0 2.0054, 0.1792 1.0 1.9648, 0.1842 1.0 1.9667, 0.1892 1.0 1.9701, 0.1916 1.0 1.9724, 0.4637 1.0 2.0563, 0.4546 1.0 2.0408, 0.416 1.0 2.033, 0.4409 1.0 2.0268, 0.4244 1.0 2.0167, 0.3879 1.0 2.0581, 0.4035 1.0 2.0474, 0.47 1.0 2.0865, 0.4691 1.0 2.0749, 0.0368 1.0 2.0945, 0.0335 1.0 2.0706, -0.0102 1.0 2.1018, 0.0336 1.0 2.0672, 0.0373 1.0 2.0423, 0.1064 1.0 1.9693, 0.1307 1.0 1.9643, 0.1755 1.0 1.9643, 0.3712 1.0 2.0645, 0.3531 1.0 2.0668, 0.3438 1.0 2.0662, 0.1739 1.0 2.0114, 0.1732 1.0 2.0113, 0.1709 1.0 2.0108, 0.1975 1.0 1.9878, 0.1974 1.0 1.9899, 0.2772 1.0 1.9977, 0.1961 1.0 1.9957, 0.1934 1.0 2.001, 0.1948 1.0 1.9772, 0.1968 1.0 1.9823, 0.2776 1.0 1.9823, 0.2772 1.0 1.9901, 0.096 1.0 2.0297, 0.0876 1.0 2.0415, 0.0824 1.0 2.055, 0.0806 1.0 2.0698, 0.1694 1.0 2.0106, 0.1352 1.0 2.0106, 0.1217 1.0 2.0132, 0.1083 1.0 2.0194, 0.097 1.0 2.0285, 0.1459 1.0 2.129, 0.4612 1.0 2.1218, 0.4677 1.0 2.1048, 0.1398 1.0 2.129, 0.0915 1.0 2.104, 0.1004 1.0 2.1139, 0.1121 1.0 2.1221, 0.1254 1.0 2.1272, 0.4533 1.0 2.1331, 0.3538 1.0 2.151, 0.3594 1.0 2.1541, 0.1601 1.0 2.1712, 0.1765 1.0 2.1923, 0.1823 1.0 2.1977, 0.2037 1.0 2.2122, 0.2276 1.0 2.221, 0.3764 1.0 2.1602, 0.3941 1.0 2.1624, 0.4018 1.0 2.162, 0.1467 1.0 2.1331, 0.1493 1.0 2.1463, 0.2521 1.0 2.2239, 0.2552 1.0 2.2238, 0.3431 1.0 2.1737, 0.2805 1.0 2.2202, 0.3263 1.0 2.1943, 0.3053 1.0 2.21, 0.4206 1.0 2.1576, 0.4375 1.0 2.1486, 0.4507 1.0 2.1369, 0.0567 1.0 2.1331, -0.0102 1.0 2.1331, 0.0459 1.0 2.1178, 0.0396 1.0 2.1018, -0.4824 1.0 2.134, -0.4417 1.0 2.2408, -1.0 1.0 2.2417, -0.4171 1.0 2.2417, -0.4118 1.0 2.1632, -0.4015 1.0 2.134, -0.3833 1.0 2.1331, -0.3863 1.0 2.134, -0.3833 1.0 2.2417, -0.4171 1.0 2.2148, -0.427 1.0 2.2408, -0.2585 1.0 2.1821, -0.2297 1.0 2.1821, -0.2585 1.0 2.1462, -0.2297 1.0 2.1462, -0.2834 1.0 2.2417, -0.2585 1.0 2.2417, -0.2709 1.0 2.2408, -0.2585 1.0 2.2408, -0.2709 1.0 2.2285, -0.2733 1.0 2.1462, -0.2834 1.0 2.1331, -0.2733 1.0 2.134, -0.2585 1.0 2.1331, -0.2678 1.0 2.1821, -0.2678 1.0 2.1943, -0.2585 1.0 2.1943, -0.2585 1.0 2.2285, -0.2297 1.0 2.2285, -0.2297 1.0 2.1943, -0.2159 1.0 2.2408, -0.2097 1.0 2.2417, -0.2159 1.0 2.134, -0.1945 1.0 2.2382, -0.1833 1.0 2.2415, -0.1806 1.0 2.2417, -0.2585 1.0 2.134, -0.1945 1.0 2.2238, -0.1927 1.0 2.1375, -0.172 1.0 2.1447, -0.184 1.0 2.1469, -0.1945 1.0 2.1517, -0.1945 1.0 2.1384, -0.1825 1.0 2.2286, -0.1694 1.0 2.2301, -0.129 1.0 2.1862, -0.1343 1.0 2.163, -0.1395 1.0 2.1557, -0.1416 1.0 2.1537, -0.1486 1.0 2.1487, -0.1562 1.0 2.1458, -0.1669 1.0 2.1445, -0.1403 1.0 2.2183, -0.1344 1.0 2.2102, -0.1475 1.0 2.2243, -0.1559 1.0 2.2282, -0.1652 1.0 2.23, -0.1308 1.0 2.201, -0.1933 1.0 2.2244, -0.1292 1.0 2.1823, -0.1309 1.0 2.1716, -0.1194 1.0 2.435, -0.1692 1.0 2.2426, -0.2097 1.0 2.435, -0.1694 1.0 2.2426, -0.1223 1.0 2.2167, -0.13 1.0 2.2269, -0.1326 1.0 2.2293, -0.1425 1.0 2.2363, -0.113 1.0 2.2417, -0.1172 1.0 2.2049, -0.1194 1.0 2.21, -0.1194 1.0 2.1612, -0.1167 1.0 2.1678, -0.113 1.0 2.1331, -0.1146 1.0 2.1854, -0.1148 1.0 2.191, -0.1194 1.0 2.1018, -0.1556 1.0 2.1331, -0.1194 1.0 2.1331, -0.1469 1.0 2.1349, -0.1369 1.0 2.1397, -0.1283 1.0 2.1468, -0.1211 1.0 2.1567, -0.2097 1.0 2.1018, -0.165 1.0 2.1322, -0.1585 1.0 2.1325, -0.3775 1.0 2.1695, -0.3722 1.0 2.1584, -0.3424 1.0 2.2417, -0.3424 1.0 2.2382, -0.3531 1.0 2.2343, -0.3424 1.0 2.1368, -0.3424 1.0 2.1331, -0.3532 1.0 2.141, -0.3643 1.0 2.149, -0.3643 1.0 2.2266, -0.368 1.0 2.223, -0.3746 1.0 2.2137, -0.3786 1.0 2.2036, -0.3804 1.0 2.1888, -0.3801 1.0 2.182, -0.3239 1.0 2.2408, -0.3402 1.0 2.239, -0.3411 1.0 2.1363, -0.3228 1.0 2.134, -0.2935 1.0 2.134, -0.2935 1.0 2.2408, -0.1605 1.0 1.9655, -0.1555 1.0 1.9638, -0.172 1.0 1.9647, -0.1295 1.0 2.001, -0.1316 1.0 2.0226, -0.1268 1.0 1.9971, -0.125 1.0 1.9924, -0.1653 1.0 1.9687, -0.1403 1.0 1.9638, -0.1351 1.0 1.9657, -0.1194 1.0 1.9638, -0.1265 1.0 1.9743, -0.1248 1.0 1.9788, -0.1612 1.0 2.0313, -0.1566 1.0 2.0318, -0.1494 1.0 2.01, -0.1336 1.0 2.0045, -0.1393 1.0 2.0075, -0.1408 1.0 2.0284, -0.1492 1.0 2.0311, -0.1307 1.0 1.9689, -0.1293 1.0 1.9702, -0.2096 1.0 2.006, -0.2035 1.0 1.9811, -0.2097 1.0 2.0059, -0.2083 1.0 1.9781, -0.2097 1.0 1.9776, -0.1442 1.0 2.041, -0.1343 1.0 2.0371, -0.1316 1.0 2.0356, -0.172 1.0 1.9764, -0.1717 1.0 1.9764, -0.1696 1.0 1.9733, -0.1241 1.0 1.9851, -0.1242 1.0 1.9866, -0.172 1.0 2.0131, -0.1716 1.0 2.019, -0.1702 1.0 2.0238, -0.1686 1.0 2.0265, -0.1795 1.0 2.0344, -0.1822 1.0 2.0301, -0.2055 1.0 2.029, -0.1843 1.0 2.024, -0.204 1.0 2.0247, -0.1578 1.0 2.0427, -0.1657 1.0 2.042, -0.1714 1.0 2.0403, -0.1666 1.0 2.0287, -0.1643 1.0 2.0302, -0.2079 1.0 2.0326, -0.1759 1.0 2.0377, -0.2074 1.0 2.0083, -0.2059 1.0 2.0106, -0.1854 1.0 2.0137, -0.2043 1.0 2.0146, -0.2036 1.0 2.0203, -0.155 1.0 1.9636, -0.2097 1.0 1.9215, -0.1194 1.0 1.9215, -0.1483 1.0 1.9629, -0.1406 1.0 1.9638, -0.2035 1.0 1.9673, -0.1854 1.0 1.9647, -0.2097 1.0 1.9652, -0.2097 1.0 1.9638, -0.2129 1.0 1.964, -0.2156 1.0 1.9638, -0.2242 1.0 1.9629, -0.2514 1.0 2.0393, -0.2514 1.0 2.0263, -0.2097 1.0 2.0343, -0.2122 1.0 2.0366, -0.2154 1.0 2.0386, -0.2544 1.0 1.98, -0.2527 1.0 1.9758, -0.2503 1.0 1.9723, -0.2226 1.0 2.0414, -0.2333 1.0 2.0427, -0.2585 1.0 2.1018, -0.2427 1.0 2.0418, -0.2505 1.0 1.998, -0.253 1.0 1.9943, -0.2545 1.0 1.9904, -0.255 1.0 1.9854, -0.2464 1.0 1.9689, -0.2434 1.0 1.967, -0.232 1.0 2.0318, -0.228 1.0 2.0315, -0.2174 1.0 2.0215, -0.2244 1.0 2.0306, -0.2214 1.0 2.029, -0.2175 1.0 2.0198, -0.218 1.0 2.0177, -0.219 1.0 2.0159, -0.2203 1.0 2.0144, -0.225 1.0 2.0115, -0.2413 1.0 2.0307, -0.2333 1.0 2.0079, -0.2489 1.0 2.0277, -0.2385 1.0 2.0058, -0.2474 1.0 2.0009, -0.2194 1.0 2.0272, -0.2183 1.0 2.0255, -0.2176 1.0 2.0237, -0.2167 1.0 1.9749, -0.2238 1.0 1.9982, -0.2159 1.0 2.0018, -0.2255 1.0 1.9738, -0.2261 1.0 1.9738, -0.2326 1.0 1.9945, -0.233 1.0 1.9745, -0.2413 1.0 1.9841, -0.2412 1.0 1.9858, -0.2364 1.0 1.9758, -0.2376 1.0 1.9765, -0.2392 1.0 1.9779, -0.2403 1.0 1.9796, -0.241 1.0 1.9815, -0.2405 1.0 1.9878, -0.2395 1.0 1.9896, -0.2378 1.0 1.9913, -0.3213 1.0 2.0409, -0.3352 1.0 2.0409, -0.3424 1.0 2.1018, -0.2969 1.0 1.9836, -0.2985 1.0 1.9773, -0.2988 1.0 1.9773, -0.2834 1.0 2.1018, -0.2834 1.0 2.0223, -0.3005 1.0 1.9835, -0.2995 1.0 1.9799, -0.2834 1.0 1.9638, -0.2834 1.0 1.9864, -0.262 1.0 2.0409, -0.2769 1.0 2.0409, -0.2919 1.0 1.9648, -0.2914 1.0 1.9638, -0.286 1.0 1.951, -0.2585 1.0 1.9215, -0.2647 1.0 1.9298, -0.2647 1.0 1.9417, -0.2675 1.0 1.9408, -0.2723 1.0 1.9402, -0.2749 1.0 1.9404, -0.2778 1.0 1.9414, -0.2803 1.0 1.9429, -0.2834 1.0 1.9312, -0.2791 1.0 1.9295, -0.2834 1.0 1.9215, -0.2734 1.0 1.9287, -0.2704 1.0 1.9289, -0.283 1.0 1.9456, -0.2834 1.0 1.9463, -0.3424 1.0 1.9215, -0.2889 1.0 1.9348, -0.2844 1.0 1.9316, -0.3047 1.0 1.9638, -0.3006 1.0 1.9531, -0.2944 1.0 1.9412, -0.3833 1.0 2.0127, -0.3634 1.0 2.0127, -0.3833 1.0 1.9768, -0.3634 1.0 1.9768, -0.4046 1.0 2.0714, -0.4046 1.0 2.0591, -0.4171 1.0 2.1018, -0.407 1.0 1.9768, -0.4171 1.0 1.9638, -0.407 1.0 1.9647, -0.3833 1.0 1.9638, -0.4015 1.0 2.0127, -0.4015 1.0 2.025, -0.3833 1.0 2.025, -0.3833 1.0 2.0591, -0.3634 1.0 2.0591, -0.3634 1.0 2.025, -0.3833 1.0 1.9647, -0.3496 1.0 1.9647, -0.3424 1.0 1.9638, -0.3496 1.0 2.0714, -0.3833 1.0 2.0714, -0.3833 1.0 2.1018, -0.2585 1.0 2.435, -0.2834 1.0 2.435, -0.3424 1.0 2.435, -0.3833 1.0 2.435, -0.4171 1.0 2.435, -1.0 1.0 2.435, -0.113 1.0 2.435, -0.0677 1.0 2.2408, -0.0677 1.0 2.1462, -0.1102 1.0 2.1462, -0.1102 1.0 2.134, -0.0539 1.0 2.2408, -0.0539 1.0 2.134, -0.113 1.0 2.1018, -0.5352 1.0 1.9647, -0.52 1.0 1.9647, -0.6008 1.0 1.9647, -0.5899 1.0 1.9939, -0.5455 1.0 1.9939, -0.5607 1.0 2.0714, -0.5754 1.0 2.0714, -0.6161 1.0 1.9647, -1.0 1.0 1.9638, -0.5059 1.0 1.9891, -0.498 1.0 1.9796, -0.4869 1.0 1.9717, -0.4272 1.0 2.0714, -0.4272 1.0 1.9647, -0.4565 1.0 1.9647, -0.4748 1.0 1.9669, -0.498 1.0 2.0573, -0.5017 1.0 2.0537, -0.5083 1.0 2.0444, -0.5123 1.0 2.0342, -0.4576 1.0 2.0714, -0.4739 1.0 2.0696, -0.4868 1.0 2.0649, -0.5141 1.0 2.0194, -0.5138 1.0 2.0126, -0.5112 1.0 2.0001, -0.113 1.0 1.9638, -0.1089 1.0 2.0714, -0.1089 1.0 2.0591, -0.1113 1.0 1.9768, -0.1113 1.0 1.9647, -0.0539 1.0 1.9647, -0.0539 1.0 2.0714, -0.0677 1.0 2.0127, -0.0677 1.0 1.9768, -0.1059 1.0 2.0127, -0.1059 1.0 2.025, -0.0677 1.0 2.025, -0.0677 1.0 2.0591, -0.3833 1.0 1.9215, -0.4171 1.0 1.9215, -1.0 1.0 1.9215, -0.113 1.0 1.9215, -0.113 1.0 0.185, -0.1194 1.0 0.185, -0.2097 1.0 0.185, -0.2585 1.0 0.185, -0.2834 1.0 0.185, -0.3424 1.0 0.185, -0.3833 1.0 0.185, -0.4171 1.0 0.185, -1.0 1.0 0.185, 1.0 1.0 2.435, 1.0 1.0 2.2417, 1.0 1.0 2.1331, 1.0 1.0 2.1018, 1.0 1.0 1.9638, 1.0 1.0 1.9215, 1.0 1.0 0.185, -0.58 -0.175 1.175, -0.58 -0.175 0.235, -0.42 -0.175 1.175, -0.42 -0.175 0.235, -0.58 0.325 1.175, -0.58 0.325 0.235, -0.42 0.325 1.175, -0.42 0.325 0.235, -0.08 -0.175 1.175, -0.08 -0.175 0.235, 0.08 -0.175 1.175, 0.08 -0.175 0.235, -0.08 0.325 1.175, -0.08 0.325 0.235, 0.08 0.325 1.175, 0.08 0.325 0.235, 0.42 -0.175 1.175, 0.42 -0.175 0.235, 0.58 -0.175 1.175, 0.58 -0.175 0.235, 0.42 0.325 1.175, 0.42 0.325 0.235, 0.58 0.325 1.175, 0.58 0.325 0.235, -0.42 -0.335 1.175, -0.42 -0.335 0.235, -0.58 -0.335 0.235, -0.58 -0.335 1.175, -0.42 0.165 1.175, -0.42 0.165 0.235, -0.58 0.165 0.235, -0.58 0.165 1.175, 0.08 -0.335 1.175, 0.08 -0.335 0.235, -0.08 -0.335 0.235, -0.08 -0.335 1.175, 0.08 0.165 1.175, 0.08 0.165 0.235, -0.08 0.165 0.235, -0.08 0.165 1.175, 0.58 -0.335 1.175, 0.58 -0.335 0.235, 0.42 -0.335 0.235, 0.42 -0.335 1.175, 0.58 0.165 1.175, 0.58 0.165 0.235, 0.42 0.165 0.235, 0.42 0.165 1.175, -1.0 -0.675 0.93, -1.75 -0.675 0.93, -1.75 -0.575 0.93, 1.0 -0.675 0.93, 1.75 -0.575 0.93, 1.75 -0.675 0.93, 1.0 0.675 0.93, 1.75 0.675 0.93, 1.75 0.575 0.93, -1.0 0.675 0.93, -1.75 0.575 0.93, -1.75 0.675 0.93, 1.1875 0.1083 -0.315, 1.2176 0.1207 -0.315, 1.25 0.0 -0.315, 1.25 0.125 -0.315, 1.2824 0.1207 -0.315, 1.1293 0.0324 -0.315, 1.1417 0.0625 -0.315, 1.1616 0.0884 -0.315, 1.1417 -0.0625 -0.315, 1.1293 -0.0324 -0.315, 1.125 0.0 -0.315, 1.2176 -0.1207 -0.315, 1.1875 -0.1083 -0.315, 1.1616 -0.0884 -0.315, 1.3125 -0.1083 -0.315, 1.2824 -0.1207 -0.315, 1.25 -0.125 -0.315, 1.3707 -0.0324 -0.315, 1.3583 -0.0625 -0.315, 1.3384 -0.0884 -0.315, 1.3583 0.0625 -0.315, 1.3707 0.0324 -0.315, 1.375 0.0 -0.315, 1.3125 0.1083 -0.315, 1.3384 0.0884 -0.315, -1.3125 0.1083 -0.315, -1.2824 0.1207 -0.315, -1.25 0.0 -0.315, -1.25 0.125 -0.315, -1.2176 0.1207 -0.315, -1.3707 0.0324 -0.315, -1.3583 0.0625 -0.315, -1.3384 0.0884 -0.315, -1.3583 -0.0625 -0.315, -1.3707 -0.0324 -0.315, -1.375 0.0 -0.315, -1.2824 -0.1207 -0.315, -1.3125 -0.1083 -0.315, -1.3384 -0.0884 -0.315, -1.1875 -0.1083 -0.315, -1.2176 -0.1207 -0.315, -1.25 -0.125 -0.315, -1.1293 -0.0324 -0.315, -1.1417 -0.0625 -0.315, -1.1616 -0.0884 -0.315, -1.1417 0.0625 -0.315, -1.1293 0.0324 -0.315, -1.125 0.0 -0.315, -1.1875 0.1083 -0.315, -1.1616 0.0884 -0.315, -1.0 0.165 0.185, -1.08 0.165 0.185, -1.0 0.165 0.235, -1.08 0.165 1.175, -0.92 0.165 0.235, -0.92 0.165 1.175, -1.0 -0.335 0.185, -1.08 -0.335 0.185, -1.0 -0.335 0.235, -1.08 -0.335 1.175, -0.92 -0.335 0.235, -0.92 -0.335 1.175, 0.92 -0.335 0.235, 0.92 -0.335 1.175, 1.0 -0.335 0.235, 1.08 -0.335 1.175, 1.0 -0.335 0.185, 1.0375 -0.335 0.185, 1.08 -0.335 0.185, 0.92 0.165 0.235, 0.92 0.165 1.175, 1.0 0.165 0.235, 1.08 0.165 1.175, 1.0 0.165 0.185, 1.0375 0.165 0.185, 1.08 0.165 0.185, -1.0 0.675 0.43, 1.0 0.675 0.43, 1.75 0.575 0.43, -1.75 0.575 0.43, -1.0 -0.675 1.175, -1.0 -0.675 2.435, -0.75 -0.675 1.175, -0.525 -0.675 2.435, -0.425 -0.675 1.175, -0.425 -0.675 2.235, 0.425 -0.675 1.175, 0.425 -0.675 2.235, 0.75 -0.675 1.175, 0.525 -0.675 2.435, 1.0 -0.675 1.175, 1.0 -0.675 2.435, 1.75 -0.575 0.43, -1.75 -0.575 0.43, 1.0 -0.675 0.43, -1.0 -0.675 0.43, 1.58 -0.175 0.185, 1.58 -0.335 0.185, 1.58 -0.175 1.175, 1.58 -0.335 1.175, 1.58 0.325 0.185, 1.58 0.165 0.185, 1.58 0.325 1.175, 1.58 0.165 1.175, -1.42 0.325 0.185, -1.42 0.165 0.185, -1.42 0.325 1.175, -1.42 0.165 1.175, -1.25 -0.675 1.175, -1.665 -0.675 1.175, -1.75 -0.675 1.175, 1.75 -0.675 1.175, 1.25 -0.675 1.175, 1.75 0.675 1.175, 1.25 0.675 1.175, 1.0 0.675 1.175, 0.75 0.675 1.175, 1.0 0.675 2.435, -1.0 0.675 1.175, -0.75 0.675 1.175, -1.0 0.675 2.435, -0.25 0.675 1.175, 0.25 0.675 1.175, -1.75 0.675 1.175, -1.665 0.675 1.175, -1.25 0.675 1.175, -1.42 -0.175 0.185, -1.42 -0.335 0.185, -1.42 -0.175 1.175, -1.42 -0.335 1.175, 1.25 -0.175 -0.265, 1.2953 -0.169 -0.265, 1.3375 -0.1516 -0.265, 1.3737 -0.1237 -0.265, 1.4016 -0.0875 -0.265, 1.419 -0.0453 -0.265, 1.425 0.0 -0.265, 1.419 0.0453 -0.265, 1.4016 0.0875 -0.265, 1.3737 0.1237 -0.265, 1.3375 0.1516 -0.265, 1.2953 0.169 -0.265, 1.25 0.175 -0.265, 1.2047 0.169 -0.265, 1.1625 0.1516 -0.265, 1.1263 0.1237 -0.265, 1.0984 0.0875 -0.265, 1.081 0.0453 -0.265, 1.075 0.0 -0.265, 1.081 -0.0453 -0.265, 1.0984 -0.0875 -0.265, 1.1263 -0.1237 -0.265, 1.1625 -0.1516 -0.265, 1.2047 -0.169 -0.265, -1.25 -0.175 -0.265, -1.2047 -0.169 -0.265, -1.1625 -0.1516 -0.265, -1.1263 -0.1237 -0.265, -1.0984 -0.0875 -0.265, -1.081 -0.0453 -0.265, -1.075 0.0 -0.265, -1.081 0.0453 -0.265, -1.0984 0.0875 -0.265, -1.1263 0.1237 -0.265, -1.1625 0.1516 -0.265, -1.2047 0.169 -0.265, -1.25 0.175 -0.265, -1.2953 0.169 -0.265, -1.3375 0.1516 -0.265, -1.3737 0.1237 -0.265, -1.4016 0.0875 -0.265, -1.419 0.0453 -0.265, -1.425 0.0 -0.265, -1.419 -0.0453 -0.265, -1.4016 -0.0875 -0.265, -1.3737 -0.1237 -0.265, -1.3375 -0.1516 -0.265, -1.2953 -0.169 -0.265, -0.92 0.325 1.175, -0.92 0.325 0.235, -1.08 0.325 0.185, -1.08 0.325 1.175, -1.0 0.325 0.235, -0.92 -0.175 1.175, -0.92 -0.175 0.235, -1.08 -0.175 0.185, -1.08 -0.175 1.175, -1.0 -0.175 0.235, 1.08 -0.175 0.185, 1.08 -0.175 1.175, 0.92 -0.175 1.175, 0.92 -0.175 0.235, 1.0 -0.175 0.235, 1.08 0.325 0.185, 1.08 0.325 1.175, 0.92 0.325 1.175, 0.92 0.325 0.235, 1.0 0.325 0.235, -1.0 0.675 0.185, 1.0 0.675 0.185, 1.75 0.675 0.43, -1.75 0.675 0.43, -0.425 -1.0 1.175, -0.425 -1.0 2.235, -0.525 -1.0 2.435, -1.0 -1.0 2.435, -1.0 -0.675 0.185, -1.0 -1.0 0.185, 1.0 -1.0 0.185, 1.0 -0.675 0.185, 1.0 -1.0 2.435, 0.525 -1.0 2.435, 0.425 -1.0 2.235, 0.425 -1.0 1.175, 1.75 -0.675 0.43, -1.75 -0.675 0.43, 1.5025 -0.175 0.185, 1.42 -0.175 1.175, 1.42 -0.175 0.185, 1.42 -0.335 0.185, 1.42 -0.335 1.175, 1.5025 -0.335 0.185, 1.5025 0.325 0.185, 1.42 0.325 1.175, 1.42 0.325 0.185, 1.42 0.165 0.185, 1.42 0.165 1.175, 1.5025 0.165 0.185, -1.5025 0.325 0.185, -1.58 0.325 1.175, -1.58 0.325 0.185, -1.58 0.165 0.185, -1.58 0.165 1.175, -1.5025 0.165 0.185, -1.5025 -0.175 0.185, -1.58 -0.175 1.175, -1.58 -0.175 0.185, 1.25 0.5 1.175, 1.75 0.5 1.175, 1.25 -0.005 1.175, 1.75 -0.005 1.175, 0.25 -1.0 1.175, 0.25 -0.005 1.175, 0.75 -0.005 1.175, -0.25 -1.0 1.175, -0.25 -0.005 1.175, -0.75 -0.005 1.175, -1.25 -0.005 1.175, -1.58 -0.335 1.175, -1.665 -0.005 1.175, -1.75 -0.005 1.175, 0.75 0.5 1.175, 0.25 0.5 1.175, -0.25 0.5 1.175, -0.75 0.5 1.175, -1.25 0.5 1.175, -1.665 0.5 1.175, -1.75 0.5 1.175, -1.58 -0.335 0.185, -1.5025 -0.335 0.185, 1.4016 -0.0875 0.185, 1.3737 -0.1237 0.185, 1.3375 -0.1516 0.185, 1.2953 -0.169 0.185, 1.25 -0.175 0.185, 1.2047 -0.169 0.185, 1.1625 -0.1516 0.185, 1.1263 -0.1237 0.185, 1.0984 -0.0875 0.185, 1.081 -0.0453 0.185, 1.0757 -0.005 0.185, 1.075 -0.0 0.185, 1.081 0.0453 0.185, 1.0984 0.0875 0.185, 1.1263 0.1237 0.185, 1.1625 0.1516 0.185, 1.2047 0.169 0.185, 1.25 0.175 0.185, 1.2953 0.169 0.185, 1.3375 0.1516 0.185, 1.3737 0.1237 0.185, 1.4016 0.0875 0.185, 1.419 0.0453 0.185, 1.425 0.0 0.185, 1.4243 -0.005 0.185, 1.419 -0.0453 0.185, -1.0984 -0.0875 0.185, -1.1263 -0.1237 0.185, -1.1625 -0.1516 0.185, -1.2047 -0.169 0.185, -1.25 -0.175 0.185, -1.2953 -0.169 0.185, -1.3375 -0.1516 0.185, -1.3737 -0.1237 0.185, -1.4016 -0.0875 0.185, -1.419 -0.0453 0.185, -1.4243 -0.005 0.185, -1.425 -0.0 0.185, -1.419 0.0453 0.185, -1.4016 0.0875 0.185, -1.3737 0.1237 0.185, -1.3375 0.1516 0.185, -1.2953 0.169 0.185, -1.25 0.175 0.185, -1.2047 0.169 0.185, -1.1625 0.1516 0.185, -1.1263 0.1237 0.185, -1.0984 0.0875 0.185, -1.081 0.0453 0.185, -1.075 0.0 0.185, -1.0757 -0.005 0.185, -1.081 -0.0453 0.185, -1.0 0.325 0.185, -1.0 -0.175 0.185, 1.0 -0.175 0.185, 1.0375 -0.175 0.185, 1.0 0.325 0.185, 1.0375 0.325 0.185, 1.75 0.675 0.185, 1.75 -0.005 0.185, 1.75 -0.675 0.185, 1.0375 0.675 0.185, 1.5025 0.675 0.185, 1.25 0.675 0.185, -1.25 0.675 0.185, -1.5025 0.675 0.185, -1.75 0.675 0.185, -1.75 -0.675 0.185, -1.75 -0.005 0.185, -1.5025 -0.675 0.185, -1.25 -0.675 0.185, 0.0 -1.0 0.185, 1.0375 -0.675 0.185, 1.25 -0.675 0.185, 1.5025 -0.675 0.185, 1.0375 -0.005 0.185, 1.5025 -0.005 0.185, -1.5025 -0.005 0.185, 0.0 1.0 0.185, 0.0 -0.005 0.185
            ]
        }
        coordIndex [
            0,1,2,-1,3,4,5,-1,6,7,8,-1,9,10,11,-1,12,13,14,-1,15,16,17,-1,18,19,20,-1,21,22,20,-1,20,22,23,-1,20,23,24,-1,24,25,20,-1,20,25,26,-1,20,26,18,-1,27,21,28,-1,29,30,31,-1,31,30,28,-1,28,30,32,-1,28,32,27,-1,33,34,35,-1,29,31,36,-1,36,31,35,-1,36,35,37,-1,34,38,35,-1,35,38,39,-1,35,39,37,-1,37,39,40,-1,37,40,41,-1,41,40,42,-1,41,42,43,-1,17,16,44,-1,16,45,44,-1,44,45,46,-1,44,46,35,-1,35,46,47,-1,35,47,33,-1,48,49,50,-1,49,51,50,-1,50,51,52,-1,50,52,53,-1,53,54,50,-1,50,54,55,-1,50,55,17,-1,17,55,56,-1,17,56,15,-1,57,58,59,-1,59,58,60,-1,59,60,50,-1,50,60,61,-1,50,61,48,-1,62,63,59,-1,59,63,64,-1,59,64,57,-1,65,66,67,-1,67,66,68,-1,67,68,62,-1,62,68,69,-1,62,69,63,-1,70,71,72,-1,72,71,73,-1,73,74,72,-1,72,74,75,-1,72,75,65,-1,76,77,78,-1,76,78,79,-1,80,81,82,-1,82,81,83,-1,84,85,81,-1,81,85,86,-1,81,86,87,-1,88,89,90,-1,90,89,91,-1,92,93,70,-1,70,93,94,-1,70,94,95,-1,96,97,98,-1,98,97,99,-1,98,99,100,-1,101,87,102,-1,102,87,103,-1,102,103,98,-1,98,103,104,-1,98,104,96,-1,105,106,107,-1,107,106,108,-1,107,108,78,-1,78,108,109,-1,78,109,79,-1,77,110,78,-1,78,110,111,-1,78,111,70,-1,70,111,112,-1,70,112,92,-1,101,113,87,-1,87,113,114,-1,87,114,81,-1,81,114,115,-1,81,115,83,-1,88,116,89,-1,89,116,117,-1,89,117,118,-1,119,120,121,-1,121,120,122,-1,121,122,89,-1,89,122,123,-1,89,123,91,-1,95,124,70,-1,70,124,125,-1,70,125,126,-1,126,125,119,-1,126,119,127,-1,127,119,121,-1,128,129,89,-1,89,129,130,-1,89,130,81,-1,81,130,131,-1,81,131,84,-1,118,132,89,-1,89,132,133,-1,89,133,134,-1,134,135,89,-1,89,135,136,-1,89,136,128,-1,137,138,139,-1,139,87,137,-1,137,87,86,-1,137,86,140,-1,140,86,141,-1,141,142,140,-1,140,142,143,-1,140,143,144,-1,145,146,147,-1,148,149,146,-1,149,150,146,-1,146,150,151,-1,146,151,152,-1,147,153,145,-1,145,153,154,-1,145,154,155,-1,138,137,145,-1,145,137,156,-1,145,156,146,-1,146,156,157,-1,146,157,148,-1,152,158,146,-1,146,158,159,-1,146,159,160,-1,160,159,161,-1,160,161,162,-1,162,161,163,-1,164,165,155,-1,155,165,166,-1,155,166,145,-1,19,167,168,-1,168,167,169,-1,168,169,107,-1,107,169,170,-1,107,170,105,-1,12,2,171,-1,171,2,1,-1,171,1,172,-1,172,1,173,-1,172,173,174,-1,12,14,2,-1,2,14,175,-1,2,175,176,-1,177,178,179,-1,179,178,180,-1,179,180,174,-1,174,180,181,-1,174,181,172,-1,182,183,184,-1,184,183,185,-1,186,187,188,-1,188,187,189,-1,188,190,186,-1,186,190,191,-1,186,191,192,-1,192,191,193,-1,192,193,194,-1,182,184,195,-1,195,184,191,-1,195,191,196,-1,196,191,190,-1,196,190,197,-1,190,198,197,-1,197,198,199,-1,197,199,200,-1,189,187,201,-1,201,187,202,-1,201,202,203,-1,204,202,205,-1,205,202,206,-1,193,207,194,-1,194,207,203,-1,194,203,11,-1,11,203,202,-1,11,202,208,-1,208,202,204,-1,9,11,209,-1,210,211,208,-1,208,211,212,-1,208,212,11,-1,11,212,213,-1,11,213,209,-1,214,215,216,-1,217,218,208,-1,208,218,219,-1,208,219,220,-1,220,221,208,-1,208,221,222,-1,208,222,210,-1,223,224,225,-1,225,224,226,-1,215,227,216,-1,216,227,226,-1,216,226,228,-1,228,226,224,-1,214,216,229,-1,229,216,230,-1,229,230,208,-1,208,230,231,-1,208,231,217,-1,232,233,234,-1,234,233,235,-1,234,235,206,-1,8,236,237,-1,237,238,8,-1,8,238,239,-1,8,239,6,-1,240,241,8,-1,8,241,242,-1,8,242,236,-1,243,244,245,-1,245,244,246,-1,245,246,240,-1,240,246,247,-1,240,247,241,-1,248,249,250,-1,250,249,251,-1,251,252,250,-1,250,252,253,-1,250,253,254,-1,255,256,248,-1,248,256,257,-1,248,257,249,-1,258,259,177,-1,260,261,179,-1,179,261,262,-1,263,264,265,-1,265,264,177,-1,265,177,266,-1,266,177,259,-1,262,267,179,-1,179,267,268,-1,179,268,269,-1,269,270,179,-1,179,270,271,-1,179,271,177,-1,177,271,272,-1,177,272,258,-1,186,273,260,-1,260,273,274,-1,260,274,261,-1,263,275,264,-1,264,275,276,-1,264,276,192,-1,192,276,277,-1,192,277,186,-1,186,277,278,-1,186,278,273,-1,279,280,281,-1,282,283,284,-1,284,283,285,-1,279,281,286,-1,287,288,289,-1,289,290,291,-1,292,293,294,-1,282,295,283,-1,283,295,296,-1,283,296,297,-1,297,296,294,-1,297,294,298,-1,298,294,293,-1,288,299,289,-1,289,299,300,-1,289,300,290,-1,301,302,303,-1,303,302,304,-1,303,304,305,-1,306,248,307,-1,307,248,308,-1,309,310,281,-1,281,310,311,-1,281,311,286,-1,291,312,289,-1,289,312,313,-1,289,313,248,-1,248,313,285,-1,248,285,308,-1,308,285,283,-1,314,315,294,-1,294,315,316,-1,294,316,317,-1,318,319,320,-1,320,319,321,-1,320,321,322,-1,306,323,248,-1,248,323,324,-1,248,324,325,-1,317,326,294,-1,294,326,327,-1,294,327,292,-1,255,248,328,-1,328,248,325,-1,328,325,320,-1,320,325,329,-1,320,329,318,-1,330,331,332,-1,332,331,333,-1,332,333,321,-1,321,333,334,-1,321,334,322,-1,280,335,336,-1,336,335,337,-1,337,335,338,-1,337,338,339,-1,301,330,302,-1,302,330,332,-1,302,332,340,-1,340,332,341,-1,340,341,342,-1,342,341,343,-1,342,343,344,-1,344,343,345,-1,346,345,336,-1,336,345,343,-1,336,343,280,-1,280,343,341,-1,280,341,281,-1,347,348,5,-1,328,349,255,-1,255,349,350,-1,255,350,351,-1,352,353,5,-1,5,353,354,-1,351,355,255,-1,255,355,356,-1,255,356,357,-1,357,356,358,-1,357,358,347,-1,359,360,348,-1,348,360,361,-1,348,361,5,-1,5,361,362,-1,5,362,352,-1,354,363,5,-1,5,363,364,-1,5,364,3,-1,365,366,367,-1,367,366,368,-1,367,368,369,-1,367,370,365,-1,365,370,371,-1,365,371,372,-1,372,373,365,-1,365,373,374,-1,365,374,375,-1,375,374,376,-1,375,376,377,-1,377,376,378,-1,377,378,348,-1,348,378,379,-1,348,379,359,-1,380,381,369,-1,369,381,382,-1,369,382,367,-1,383,384,305,-1,305,384,385,-1,305,385,303,-1,383,386,384,-1,384,386,387,-1,384,387,388,-1,388,387,389,-1,388,390,391,-1,389,392,388,-1,388,392,393,-1,388,393,394,-1,394,395,388,-1,388,395,396,-1,388,396,390,-1,391,397,388,-1,388,397,398,-1,388,398,399,-1,400,401,402,-1,403,404,405,-1,402,406,400,-1,400,406,407,-1,400,407,408,-1,408,407,403,-1,408,403,409,-1,409,403,405,-1,410,411,5,-1,5,411,412,-1,347,5,357,-1,357,5,412,-1,357,412,406,-1,406,412,413,-1,406,413,407,-1,414,411,415,-1,415,411,410,-1,415,410,416,-1,417,418,419,-1,346,336,4,-1,4,336,417,-1,4,417,5,-1,5,417,419,-1,5,419,410,-1,410,419,420,-1,410,420,421,-1,421,422,410,-1,410,422,423,-1,410,423,424,-1,425,426,427,-1,427,426,428,-1,427,428,417,-1,417,428,429,-1,417,429,418,-1,424,430,410,-1,410,430,431,-1,410,431,416,-1,432,433,427,-1,427,433,434,-1,427,434,425,-1,435,436,432,-1,432,436,437,-1,432,437,433,-1,438,439,440,-1,440,439,441,-1,442,443,444,-1,444,443,445,-1,444,445,446,-1,446,445,447,-1,446,447,448,-1,438,440,449,-1,449,440,445,-1,449,445,450,-1,450,445,443,-1,450,443,451,-1,443,452,451,-1,451,452,453,-1,451,453,454,-1,447,455,448,-1,448,455,456,-1,448,456,457,-1,457,456,458,-1,442,444,459,-1,459,444,460,-1,459,460,458,-1,458,460,402,-1,458,402,457,-1,457,402,401,-1,457,401,435,-1,206,202,234,-1,234,202,187,-1,234,187,461,-1,461,187,186,-1,461,186,462,-1,462,186,260,-1,462,260,463,-1,463,260,179,-1,463,179,464,-1,464,179,174,-1,464,174,465,-1,465,174,173,-1,465,173,466,-1,21,20,28,-1,28,20,240,-1,28,240,467,-1,467,240,8,-1,467,8,232,-1,232,8,7,-1,232,7,233,-1,468,469,470,-1,471,245,470,-1,470,245,240,-1,470,240,468,-1,468,240,20,-1,468,20,472,-1,19,168,20,-1,20,168,473,-1,20,473,472,-1,444,177,460,-1,460,177,264,-1,460,264,402,-1,402,264,192,-1,402,192,406,-1,406,192,194,-1,406,194,357,-1,357,194,11,-1,357,11,255,-1,255,11,10,-1,255,10,256,-1,471,473,245,-1,245,473,168,-1,245,168,474,-1,474,168,107,-1,475,476,446,-1,477,478,479,-1,444,480,481,-1,479,475,477,-1,477,475,446,-1,477,446,482,-1,482,446,483,-1,482,483,481,-1,481,483,0,-1,481,0,444,-1,444,0,2,-1,444,2,177,-1,177,2,176,-1,177,176,178,-1,484,485,476,-1,476,485,486,-1,487,444,488,-1,488,444,446,-1,488,446,489,-1,489,446,476,-1,489,476,490,-1,490,476,486,-1,491,492,480,-1,480,492,493,-1,480,493,494,-1,487,495,444,-1,444,495,496,-1,444,496,480,-1,480,496,497,-1,480,497,491,-1,494,498,480,-1,480,498,499,-1,480,499,476,-1,476,499,500,-1,476,500,484,-1,254,243,250,-1,250,243,245,-1,250,245,248,-1,248,245,474,-1,248,474,289,-1,289,474,501,-1,502,503,474,-1,474,503,504,-1,474,504,501,-1,501,504,505,-1,501,505,506,-1,502,474,507,-1,507,474,107,-1,507,107,506,-1,506,107,78,-1,506,78,501,-1,508,509,510,-1,510,509,504,-1,510,504,511,-1,511,504,503,-1,511,503,512,-1,512,503,513,-1,435,432,457,-1,457,432,514,-1,457,514,448,-1,448,514,515,-1,448,515,446,-1,446,515,516,-1,446,516,483,-1,70,72,78,-1,78,72,517,-1,78,517,501,-1,501,517,337,-1,501,337,289,-1,289,337,339,-1,289,339,287,-1,65,67,72,-1,72,67,518,-1,72,518,517,-1,517,518,519,-1,517,519,337,-1,337,519,520,-1,337,520,336,-1,336,520,521,-1,336,521,417,-1,417,521,522,-1,417,522,427,-1,427,522,523,-1,427,523,432,-1,432,523,524,-1,432,524,514,-1,514,524,525,-1,514,525,515,-1,515,525,526,-1,515,526,516,-1,31,527,35,-1,35,527,528,-1,35,528,44,-1,44,528,529,-1,44,529,17,-1,17,529,530,-1,17,530,50,-1,50,530,531,-1,50,531,59,-1,59,531,532,-1,59,532,62,-1,62,532,533,-1,534,535,536,-1,536,535,537,-1,538,539,540,-1,540,539,541,-1,542,543,544,-1,544,543,545,-1,546,547,548,-1,548,547,549,-1,550,551,552,-1,552,551,553,-1,554,555,556,-1,556,555,557,-1,536,537,558,-1,558,537,559,-1,537,535,559,-1,559,535,560,-1,561,560,534,-1,534,560,535,-1,540,541,562,-1,562,541,563,-1,541,539,563,-1,563,539,564,-1,565,564,538,-1,538,564,539,-1,544,545,566,-1,566,545,567,-1,545,543,567,-1,567,543,568,-1,569,568,542,-1,542,568,543,-1,548,549,570,-1,570,549,571,-1,549,547,571,-1,571,547,572,-1,573,572,546,-1,546,572,547,-1,552,553,574,-1,574,553,575,-1,553,551,575,-1,575,551,576,-1,577,576,550,-1,550,576,551,-1,556,557,578,-1,578,557,579,-1,557,555,579,-1,579,555,580,-1,581,580,554,-1,554,580,555,-1,582,583,584,-1,582,584,585,-1,585,584,586,-1,585,586,587,-1,588,589,590,-1,588,590,591,-1,591,590,592,-1,591,592,593,-1,594,595,596,-1,596,595,597,-1,596,597,598,-1,599,600,596,-1,596,600,601,-1,596,601,594,-1,602,603,596,-1,596,603,604,-1,596,604,599,-1,605,606,596,-1,596,606,607,-1,596,607,602,-1,608,609,596,-1,596,609,610,-1,596,610,605,-1,611,612,596,-1,596,612,613,-1,596,613,608,-1,614,615,596,-1,596,615,616,-1,596,616,611,-1,598,617,596,-1,596,617,618,-1,596,618,614,-1,619,620,621,-1,621,620,622,-1,621,622,623,-1,624,625,621,-1,621,625,626,-1,621,626,619,-1,627,628,621,-1,621,628,629,-1,621,629,624,-1,630,631,621,-1,621,631,632,-1,621,632,627,-1,633,634,621,-1,621,634,635,-1,621,635,630,-1,636,637,621,-1,621,637,638,-1,621,638,633,-1,639,640,621,-1,621,640,641,-1,621,641,636,-1,623,642,621,-1,621,642,643,-1,621,643,639,-1,644,645,646,-1,646,645,647,-1,646,647,648,-1,648,647,649,-1,650,651,652,-1,652,651,653,-1,652,653,654,-1,654,653,655,-1,656,657,658,-1,658,657,659,-1,660,658,661,-1,661,658,659,-1,661,659,662,-1,663,664,665,-1,665,664,666,-1,667,665,668,-1,668,665,666,-1,668,666,669,-1,670,671,591,-1,591,671,588,-1,672,673,590,-1,590,673,592,-1,674,675,676,-1,676,675,677,-1,676,677,678,-1,678,677,679,-1,680,681,682,-1,682,681,683,-1,682,683,684,-1,684,683,685,-1,586,584,686,-1,686,584,687,-1,688,689,585,-1,585,689,582,-1,690,691,692,-1,692,691,693,-1,694,695,696,-1,696,695,697,-1,698,699,700,-1,700,699,701,-1,558,559,561,-1,561,559,560,-1,562,563,565,-1,565,563,564,-1,566,567,569,-1,569,567,568,-1,570,571,573,-1,573,571,572,-1,574,575,577,-1,577,575,576,-1,578,579,581,-1,581,579,580,-1,582,674,702,-1,582,702,583,-1,583,702,703,-1,583,703,704,-1,587,705,585,-1,585,705,706,-1,585,706,684,-1,707,589,708,-1,708,589,588,-1,708,588,709,-1,710,709,711,-1,712,713,714,-1,714,713,715,-1,714,715,711,-1,711,715,716,-1,711,716,710,-1,593,717,718,-1,593,718,591,-1,591,718,719,-1,591,719,712,-1,720,721,722,-1,722,721,723,-1,724,609,725,-1,725,609,608,-1,725,608,726,-1,726,608,613,-1,726,613,727,-1,727,613,612,-1,727,612,728,-1,728,612,611,-1,728,611,729,-1,729,611,616,-1,729,616,730,-1,730,616,615,-1,730,615,731,-1,731,615,614,-1,731,614,732,-1,732,614,618,-1,732,618,733,-1,733,618,617,-1,733,617,734,-1,734,617,598,-1,734,598,735,-1,735,598,597,-1,735,597,736,-1,736,597,595,-1,736,595,737,-1,737,595,594,-1,737,594,738,-1,738,594,601,-1,738,601,739,-1,739,601,600,-1,739,600,740,-1,740,600,599,-1,740,599,741,-1,741,599,604,-1,741,604,742,-1,742,604,603,-1,742,603,743,-1,743,603,602,-1,743,602,744,-1,744,602,607,-1,744,607,745,-1,745,607,606,-1,745,606,746,-1,746,606,605,-1,746,605,747,-1,747,605,610,-1,747,610,724,-1,724,610,609,-1,748,634,749,-1,749,634,633,-1,749,633,750,-1,750,633,638,-1,750,638,751,-1,751,638,637,-1,751,637,752,-1,752,637,636,-1,752,636,753,-1,753,636,641,-1,753,641,754,-1,754,641,640,-1,754,640,755,-1,755,640,639,-1,755,639,756,-1,756,639,643,-1,756,643,757,-1,757,643,642,-1,757,642,758,-1,758,642,623,-1,758,623,759,-1,759,623,622,-1,759,622,760,-1,760,622,620,-1,760,620,761,-1,761,620,619,-1,761,619,762,-1,762,619,626,-1,762,626,763,-1,763,626,625,-1,763,625,764,-1,764,625,624,-1,764,624,765,-1,765,624,629,-1,765,629,766,-1,766,629,628,-1,766,628,767,-1,767,628,627,-1,767,627,768,-1,768,627,632,-1,768,632,769,-1,769,632,631,-1,769,631,770,-1,770,631,630,-1,770,630,771,-1,771,630,635,-1,771,635,748,-1,748,635,634,-1,772,773,649,-1,649,773,648,-1,645,774,647,-1,647,774,775,-1,648,773,646,-1,646,773,776,-1,777,778,655,-1,655,778,654,-1,651,779,653,-1,653,779,780,-1,654,778,652,-1,652,778,781,-1,782,662,783,-1,783,662,659,-1,657,656,784,-1,784,656,785,-1,658,786,656,-1,656,786,785,-1,787,669,788,-1,788,669,666,-1,664,663,789,-1,789,663,790,-1,665,791,663,-1,663,791,790,-1,526,792,670,-1,714,466,712,-1,712,466,526,-1,712,526,591,-1,591,526,670,-1,466,714,527,-1,527,714,711,-1,793,533,671,-1,671,533,588,-1,527,711,533,-1,533,711,709,-1,533,709,588,-1,794,671,672,-1,672,671,670,-1,672,670,673,-1,673,670,795,-1,796,678,797,-1,797,678,679,-1,797,679,798,-1,798,679,677,-1,799,798,675,-1,675,798,677,-1,800,801,689,-1,689,801,582,-1,799,675,801,-1,801,675,674,-1,801,674,582,-1,802,803,688,-1,685,804,684,-1,684,804,802,-1,684,802,585,-1,585,802,688,-1,685,683,804,-1,804,683,805,-1,805,683,806,-1,806,683,681,-1,806,681,807,-1,807,681,680,-1,688,808,686,-1,688,686,689,-1,689,686,687,-1,689,687,809,-1,690,692,810,-1,810,692,811,-1,810,811,812,-1,813,814,815,-1,815,814,693,-1,815,693,691,-1,694,696,816,-1,816,696,817,-1,816,817,818,-1,819,820,821,-1,821,820,697,-1,821,697,695,-1,698,700,822,-1,822,700,823,-1,822,823,824,-1,825,826,827,-1,827,826,701,-1,827,701,699,-1,720,722,828,-1,828,722,829,-1,828,829,830,-1,831,832,707,-1,722,723,702,-1,552,574,682,-1,811,833,814,-1,814,833,706,-1,814,706,693,-1,693,706,705,-1,693,705,692,-1,692,705,834,-1,692,834,811,-1,811,834,833,-1,835,807,680,-1,682,574,680,-1,577,550,836,-1,836,550,837,-1,550,552,837,-1,837,552,682,-1,837,682,657,-1,657,682,684,-1,657,684,659,-1,659,684,706,-1,659,706,783,-1,783,706,833,-1,783,833,784,-1,784,833,837,-1,784,837,657,-1,558,838,839,-1,796,838,678,-1,678,838,558,-1,678,558,676,-1,676,558,561,-1,676,561,840,-1,840,561,534,-1,840,534,839,-1,839,534,536,-1,839,536,558,-1,653,780,841,-1,702,723,703,-1,841,780,840,-1,840,780,777,-1,840,777,676,-1,676,777,655,-1,676,655,674,-1,674,655,653,-1,674,653,702,-1,702,653,841,-1,702,841,722,-1,842,829,843,-1,723,842,703,-1,703,842,843,-1,703,843,704,-1,704,843,844,-1,817,831,820,-1,820,831,833,-1,820,833,697,-1,697,833,834,-1,697,834,696,-1,696,834,832,-1,696,832,817,-1,817,832,831,-1,789,845,664,-1,664,845,837,-1,664,837,666,-1,666,837,833,-1,666,833,788,-1,788,833,831,-1,788,831,789,-1,789,831,845,-1,554,846,581,-1,581,846,836,-1,581,836,578,-1,578,836,837,-1,578,837,556,-1,556,837,845,-1,556,845,554,-1,554,845,846,-1,574,577,680,-1,680,577,836,-1,680,836,835,-1,835,836,566,-1,835,566,838,-1,838,566,569,-1,838,569,839,-1,839,569,542,-1,839,542,836,-1,836,542,544,-1,836,544,566,-1,546,847,573,-1,573,847,839,-1,573,839,570,-1,570,839,836,-1,570,836,548,-1,548,836,846,-1,548,846,546,-1,546,846,847,-1,538,848,565,-1,565,848,840,-1,565,840,562,-1,562,840,839,-1,562,839,540,-1,540,839,847,-1,540,847,538,-1,538,847,848,-1,775,849,647,-1,647,849,841,-1,647,841,649,-1,649,841,840,-1,649,840,772,-1,772,840,848,-1,772,848,775,-1,775,848,849,-1,707,708,831,-1,831,708,709,-1,831,709,845,-1,845,709,710,-1,845,710,846,-1,846,710,716,-1,846,716,847,-1,847,716,715,-1,847,715,848,-1,848,715,713,-1,848,713,849,-1,701,843,841,-1,841,843,829,-1,841,829,722,-1,701,841,700,-1,700,841,849,-1,700,849,823,-1,823,849,850,-1,823,850,826,-1,701,826,843,-1,843,826,850,-1,843,850,844,-1,844,850,851,-1,713,712,849,-1,849,712,719,-1,849,719,850,-1,850,719,718,-1,850,718,851,-1,851,718,717,-1,852,842,853,-1,853,842,723,-1,853,723,721,-1,729,854,728,-1,728,854,855,-1,728,855,727,-1,727,855,856,-1,727,856,726,-1,726,856,857,-1,726,857,725,-1,725,857,858,-1,725,858,724,-1,724,858,859,-1,724,859,747,-1,747,859,860,-1,747,860,746,-1,746,860,861,-1,746,861,745,-1,745,861,862,-1,745,862,744,-1,744,862,863,-1,744,863,743,-1,743,863,864,-1,743,864,742,-1,864,865,742,-1,742,865,866,-1,742,866,741,-1,741,866,867,-1,741,867,740,-1,740,867,868,-1,740,868,739,-1,739,868,869,-1,739,869,738,-1,738,869,870,-1,738,870,737,-1,737,870,871,-1,737,871,736,-1,736,871,872,-1,736,872,735,-1,735,872,873,-1,735,873,734,-1,734,873,874,-1,734,874,733,-1,733,874,875,-1,733,875,732,-1,732,875,876,-1,732,876,731,-1,731,876,877,-1,731,877,730,-1,730,877,878,-1,730,878,729,-1,729,878,879,-1,729,879,854,-1,753,880,752,-1,752,880,881,-1,752,881,751,-1,751,881,882,-1,751,882,750,-1,750,882,883,-1,750,883,749,-1,749,883,884,-1,749,884,748,-1,748,884,885,-1,748,885,771,-1,771,885,886,-1,771,886,770,-1,770,886,887,-1,770,887,769,-1,769,887,888,-1,769,888,768,-1,768,888,889,-1,768,889,767,-1,767,889,890,-1,767,890,766,-1,890,891,766,-1,766,891,892,-1,766,892,765,-1,765,892,893,-1,765,893,764,-1,764,893,894,-1,764,894,763,-1,763,894,895,-1,763,895,762,-1,762,895,896,-1,762,896,761,-1,761,896,897,-1,761,897,760,-1,760,897,898,-1,760,898,759,-1,759,898,899,-1,759,899,758,-1,758,899,900,-1,758,900,757,-1,757,900,901,-1,757,901,756,-1,756,901,902,-1,756,902,755,-1,755,902,903,-1,755,903,754,-1,754,903,904,-1,754,904,753,-1,753,904,905,-1,753,905,880,-1,774,906,776,-1,773,772,776,-1,776,772,775,-1,776,775,774,-1,646,776,644,-1,644,776,906,-1,779,907,781,-1,778,777,781,-1,781,777,780,-1,781,780,779,-1,652,781,650,-1,650,781,907,-1,660,908,658,-1,658,908,786,-1,909,782,783,-1,908,909,786,-1,786,909,783,-1,786,783,785,-1,785,783,784,-1,667,910,665,-1,665,910,791,-1,911,787,788,-1,910,911,791,-1,791,911,788,-1,791,788,790,-1,790,788,789,-1,705,587,834,-1,834,587,586,-1,834,586,686,-1,912,794,913,-1,913,794,672,-1,913,672,590,-1,808,914,686,-1,686,914,913,-1,686,913,834,-1,834,913,590,-1,834,590,832,-1,832,590,589,-1,832,589,707,-1,915,793,671,-1,794,912,916,-1,794,916,671,-1,671,916,917,-1,671,917,915,-1,670,792,918,-1,670,918,795,-1,795,918,919,-1,795,919,920,-1,921,809,922,-1,922,809,687,-1,922,687,584,-1,717,593,851,-1,851,593,592,-1,851,592,844,-1,844,592,673,-1,795,920,673,-1,673,920,922,-1,673,922,844,-1,844,922,584,-1,844,584,704,-1,704,584,583,-1,809,921,923,-1,809,923,689,-1,689,923,924,-1,689,924,800,-1,925,802,807,-1,807,802,806,-1,806,802,804,-1,806,804,805,-1,807,835,925,-1,925,835,838,-1,925,838,801,-1,801,838,796,-1,801,796,799,-1,799,796,797,-1,799,797,798,-1,803,926,688,-1,688,926,927,-1,688,927,808,-1,808,927,928,-1,808,928,914,-1,813,812,814,-1,814,812,811,-1,819,818,820,-1,820,818,817,-1,825,824,826,-1,826,824,823,-1,852,830,842,-1,842,830,829,-1,859,858,927,-1,859,927,860,-1,864,863,909,-1,909,863,862,-1,909,862,782,-1,782,862,861,-1,782,861,662,-1,865,864,929,-1,865,929,866,-1,867,668,868,-1,868,668,669,-1,868,669,869,-1,869,669,787,-1,869,787,870,-1,872,871,917,-1,872,917,873,-1,877,876,821,-1,821,876,875,-1,821,875,819,-1,819,875,874,-1,819,874,818,-1,879,878,930,-1,810,812,855,-1,879,930,854,-1,855,812,856,-1,856,812,813,-1,856,813,857,-1,721,720,887,-1,887,720,888,-1,888,720,828,-1,888,828,889,-1,891,890,931,-1,891,931,892,-1,893,827,894,-1,894,827,699,-1,894,699,895,-1,895,699,698,-1,895,698,896,-1,644,906,932,-1,526,932,792,-1,792,932,906,-1,792,906,918,-1,918,906,774,-1,904,903,933,-1,933,903,902,-1,933,902,644,-1,644,902,901,-1,644,901,645,-1,645,901,900,-1,645,900,774,-1,774,900,899,-1,774,899,918,-1,918,899,898,-1,918,898,897,-1,650,907,933,-1,651,650,800,-1,800,650,925,-1,800,925,801,-1,886,885,924,-1,924,885,884,-1,924,884,800,-1,800,884,883,-1,800,883,651,-1,651,883,882,-1,651,882,779,-1,779,882,881,-1,779,881,907,-1,907,881,880,-1,907,880,933,-1,933,880,905,-1,933,905,904,-1,864,909,929,-1,929,909,908,-1,929,908,933,-1,650,933,925,-1,925,933,908,-1,925,908,660,-1,802,925,803,-1,803,925,660,-1,803,660,926,-1,926,660,661,-1,926,661,927,-1,927,661,662,-1,927,662,860,-1,860,662,861,-1,644,932,933,-1,933,932,533,-1,933,533,793,-1,867,866,668,-1,668,866,929,-1,668,929,667,-1,667,929,933,-1,667,933,910,-1,910,933,793,-1,910,793,911,-1,911,793,915,-1,911,915,787,-1,787,915,917,-1,787,917,870,-1,870,917,871,-1,855,854,810,-1,810,854,930,-1,810,930,690,-1,690,930,913,-1,690,913,691,-1,691,913,914,-1,691,914,815,-1,815,914,928,-1,815,928,813,-1,813,928,927,-1,813,927,857,-1,857,927,858,-1,874,873,818,-1,818,873,917,-1,818,917,816,-1,816,917,916,-1,816,916,694,-1,694,916,912,-1,694,912,695,-1,695,912,913,-1,695,913,821,-1,821,913,930,-1,821,930,877,-1,877,930,878,-1,893,892,827,-1,827,892,931,-1,827,931,825,-1,825,931,922,-1,825,922,824,-1,824,922,920,-1,824,920,822,-1,822,920,919,-1,822,919,698,-1,698,919,918,-1,698,918,896,-1,896,918,897,-1,887,886,721,-1,721,886,924,-1,721,924,853,-1,853,924,923,-1,853,923,852,-1,852,923,921,-1,852,921,830,-1,830,921,922,-1,830,922,828,-1,828,922,931,-1,828,931,889,-1,889,931,890,-1,
        ]
    }
}
Shape{
    appearance Appearance {
        material  Material 	{
            diffuseColor 1.0 1.0 1.0
            specularColor 0.5019607843137255 0.5019607843137255 0.5019607843137255
            ambientIntensity 1.0
            transparency 0.0
            shininess 0.5
        }
    }
    geometry IndexedFaceSet {
        ccw TRUE
        solid FALSE
        coord DEF co Coordinate {
            point [
                -0.1102 1.0039 2.1462, -0.1102 1.0039 2.134, -0.1102 1.0 2.1462, -0.1102 1.0 2.134, -0.0677 1.0039 2.1462, -0.0677 1.0 2.1462, -0.0677 1.0039 2.2408, -0.0677 1.0 2.2408, -0.0539 1.0039 2.2408, -0.0539 1.0 2.2408, -0.0539 1.0039 2.134, -0.0539 1.0 2.134, -0.165 1.0039 2.1322, -0.165 1.0 2.1322, -0.1812 1.0039 2.1338, -0.1744 1.0 2.1331, -0.1812 1.0 2.1338, -0.1927 1.0 2.1375, -0.1927 1.0039 2.1375, -0.1945 1.0 2.1384, -0.1945 1.0039 2.1384, -0.1945 1.0039 2.1517, -0.1945 1.0 2.1517, -0.184 1.0 2.1469, -0.184 1.0039 2.1469, -0.172 1.0 2.1447, -0.172 1.0039 2.1447, -0.1669 1.0 2.1445, -0.1669 1.0039 2.1445, -0.1562 1.0 2.1458, -0.1562 1.0039 2.1458, -0.1486 1.0 2.1487, -0.1486 1.0039 2.1487, -0.1416 1.0 2.1537, -0.1416 1.0039 2.1537, -0.1395 1.0 2.1557, -0.1395 1.0039 2.1557, -0.1343 1.0 2.163, -0.1343 1.0039 2.163, -0.1309 1.0 2.1716, -0.1309 1.0039 2.1716, -0.1292 1.0 2.1823, -0.1292 1.0039 2.1823, -0.129 1.0 2.1862, -0.129 1.0039 2.1862, -0.1308 1.0 2.201, -0.1308 1.0039 2.201, -0.1344 1.0 2.2102, -0.1344 1.0039 2.2102, -0.1403 1.0 2.2183, -0.1403 1.0039 2.2183, -0.1475 1.0 2.2243, -0.1475 1.0039 2.2243, -0.1559 1.0 2.2282, -0.1559 1.0039 2.2282, -0.1652 1.0 2.23, -0.1652 1.0039 2.23, -0.1694 1.0 2.2301, -0.1694 1.0039 2.2301, -0.1825 1.0 2.2286, -0.1825 1.0039 2.2286, -0.1933 1.0 2.2244, -0.1933 1.0039 2.2244, -0.1945 1.0 2.2238, -0.1945 1.0039 2.2238, -0.1945 1.0039 2.2382, -0.1945 1.0 2.2382, -0.1692 1.0 2.2426, -0.1692 1.0039 2.2426, -0.1694 1.0039 2.2426, -0.1833 1.0 2.2415, -0.1833 1.0039 2.2415, -0.1806 1.0 2.2417, -0.1694 1.0 2.2426, -0.1619 1.0 2.2417, -0.1537 1.0039 2.2407, -0.1537 1.0 2.2407, -0.1425 1.0 2.2363, -0.1425 1.0039 2.2363, -0.1326 1.0 2.2293, -0.1326 1.0039 2.2293, -0.13 1.0 2.2269, -0.13 1.0039 2.2269, -0.1223 1.0 2.2167, -0.1194 1.0 2.21, -0.1172 1.0039 2.2049, -0.1223 1.0039 2.2167, -0.1172 1.0 2.2049, -0.1148 1.0 2.191, -0.1148 1.0039 2.191, -0.1146 1.0 2.1854, -0.1146 1.0039 2.1854, -0.1167 1.0 2.1678, -0.1194 1.0 2.1612, -0.1211 1.0039 2.1567, -0.1167 1.0039 2.1678, -0.1211 1.0 2.1567, -0.1283 1.0 2.1468, -0.1283 1.0039 2.1468, -0.1469 1.0 2.1349, -0.1369 1.0039 2.1397, -0.1369 1.0 2.1397, -0.1556 1.0 2.1331, -0.1585 1.0039 2.1325, -0.1469 1.0039 2.1349, -0.1585 1.0 2.1325, -0.2733 1.0039 2.1462, -0.2733 1.0039 2.134, -0.2733 1.0 2.1462, -0.2733 1.0 2.134, -0.2297 1.0 2.1462, -0.2297 1.0039 2.1462, -0.2585 1.0 2.1462, -0.2297 1.0039 2.1821, -0.2297 1.0 2.1821, -0.2678 1.0039 2.1821, -0.2585 1.0 2.1821, -0.2678 1.0 2.1821, -0.2678 1.0039 2.1943, -0.2678 1.0 2.1943, -0.2297 1.0 2.1943, -0.2297 1.0039 2.1943, -0.2585 1.0 2.1943, -0.2297 1.0039 2.2285, -0.2297 1.0 2.2285, -0.2709 1.0 2.2285, -0.2709 1.0039 2.2285, -0.2585 1.0 2.2285, -0.2709 1.0039 2.2408, -0.2709 1.0 2.2408, -0.2159 1.0 2.2408, -0.2159 1.0039 2.2408, -0.2585 1.0 2.2408, -0.2159 1.0039 2.134, -0.2159 1.0 2.134, -0.2585 1.0 2.134, -0.3598 1.0039 2.1639, -0.3545 1.0039 2.1573, -0.3643 1.0039 2.149, -0.3525 1.0039 2.1555, -0.3532 1.0039 2.141, -0.3455 1.0039 2.1509, -0.3411 1.0039 2.1363, -0.3363 1.0039 2.1477, -0.3228 1.0039 2.134, -0.3227 1.0039 2.1462, -0.2935 1.0039 2.134, -0.3072 1.0039 2.1462, -0.2935 1.0039 2.2408, -0.3072 1.0039 2.2285, -0.3239 1.0039 2.2408, -0.3234 1.0039 2.2285, -0.3402 1.0039 2.239, -0.3371 1.0039 2.227, -0.3531 1.0039 2.2343, -0.3464 1.0039 2.2236, -0.3643 1.0039 2.2266, -0.3542 1.0039 2.2185, -0.368 1.0039 2.223, -0.3571 1.0039 2.2156, -0.3746 1.0039 2.2137, -0.3612 1.0039 2.2097, -0.3786 1.0039 2.2036, -0.3643 1.0039 2.2019, -0.3804 1.0039 2.1888, -0.3659 1.0039 2.1884, -0.3801 1.0039 2.182, -0.3655 1.0039 2.1816, -0.3775 1.0039 2.1695, -0.3635 1.0039 2.1719, -0.3722 1.0039 2.1584, -0.3228 1.0 2.134, -0.2935 1.0 2.134, -0.3643 1.0 2.149, -0.3411 1.0 2.1363, -0.3424 1.0 2.1368, -0.3532 1.0 2.141, -0.3722 1.0 2.1584, -0.3775 1.0 2.1695, -0.3801 1.0 2.182, -0.3804 1.0 2.1888, -0.3786 1.0 2.2036, -0.3746 1.0 2.2137, -0.368 1.0 2.223, -0.3643 1.0 2.2266, -0.3531 1.0 2.2343, -0.3424 1.0 2.2382, -0.3402 1.0 2.239, -0.3239 1.0 2.2408, -0.2935 1.0 2.2408, -0.3234 1.0 2.2285, -0.3072 1.0 2.2285, -0.3072 1.0 2.1462, -0.3227 1.0 2.1462, -0.3545 1.0 2.1573, -0.3525 1.0 2.1555, -0.3455 1.0 2.1509, -0.3363 1.0 2.1477, -0.3659 1.0 2.1884, -0.3655 1.0 2.1816, -0.3635 1.0 2.1719, -0.3598 1.0 2.1639, -0.3542 1.0 2.2185, -0.3571 1.0 2.2156, -0.3612 1.0 2.2097, -0.3643 1.0 2.2019, -0.3371 1.0 2.227, -0.3464 1.0 2.2236
            ]
        }
        coordIndex [
            0,1,2,-1,2,1,3,-1,4,0,5,-1,5,0,2,-1,6,4,7,-1,7,4,5,-1,8,6,9,-1,9,6,7,-1,10,8,11,-1,11,8,9,-1,1,10,3,-1,3,10,11,-1,6,8,4,-1,4,8,10,-1,4,10,0,-1,0,10,1,-1,12,13,14,-1,14,13,15,-1,15,16,14,-1,14,16,17,-1,14,17,18,-1,18,17,19,-1,18,19,20,-1,21,20,22,-1,22,20,19,-1,21,22,23,-1,21,23,24,-1,24,23,25,-1,24,25,26,-1,26,25,27,-1,26,27,28,-1,28,27,29,-1,28,29,30,-1,30,29,31,-1,30,31,32,-1,32,31,33,-1,32,33,34,-1,34,33,35,-1,34,35,36,-1,36,35,37,-1,36,37,38,-1,38,37,39,-1,38,39,40,-1,40,39,41,-1,40,41,42,-1,42,41,43,-1,42,43,44,-1,44,43,45,-1,44,45,46,-1,46,45,47,-1,46,47,48,-1,48,47,49,-1,48,49,50,-1,50,49,51,-1,50,51,52,-1,52,51,53,-1,52,53,54,-1,54,53,55,-1,54,55,56,-1,56,55,57,-1,56,57,58,-1,58,57,59,-1,58,59,60,-1,60,59,61,-1,60,61,62,-1,62,61,63,-1,62,63,64,-1,65,64,66,-1,66,64,63,-1,67,68,69,-1,65,66,70,-1,65,70,71,-1,71,70,72,-1,71,72,69,-1,69,72,73,-1,69,73,67,-1,68,67,74,-1,68,74,75,-1,74,76,75,-1,75,76,77,-1,75,77,78,-1,78,77,79,-1,78,79,80,-1,80,79,81,-1,80,81,82,-1,82,81,83,-1,84,85,83,-1,83,85,86,-1,83,86,82,-1,84,87,85,-1,85,87,88,-1,85,88,89,-1,89,88,90,-1,89,90,91,-1,91,90,92,-1,93,94,92,-1,92,94,95,-1,92,95,91,-1,93,96,94,-1,94,96,97,-1,94,97,98,-1,99,100,101,-1,101,100,98,-1,101,98,97,-1,102,103,99,-1,99,103,104,-1,99,104,100,-1,102,105,103,-1,103,105,13,-1,103,13,12,-1,62,64,65,-1,52,80,50,-1,50,80,82,-1,50,82,48,-1,48,82,86,-1,48,86,46,-1,62,65,60,-1,60,65,71,-1,60,71,58,-1,58,71,69,-1,58,69,56,-1,56,69,68,-1,56,68,54,-1,54,68,75,-1,54,75,52,-1,52,75,78,-1,52,78,80,-1,91,44,89,-1,89,44,46,-1,89,46,85,-1,85,46,86,-1,20,21,18,-1,18,21,24,-1,18,24,14,-1,14,24,26,-1,14,26,12,-1,12,26,28,-1,12,28,103,-1,103,28,30,-1,103,30,104,-1,104,30,32,-1,104,32,100,-1,100,32,34,-1,100,34,98,-1,98,34,36,-1,98,36,94,-1,94,36,38,-1,94,38,95,-1,95,38,40,-1,95,40,91,-1,91,40,42,-1,91,42,44,-1,106,107,108,-1,108,107,109,-1,110,111,112,-1,112,111,106,-1,112,106,108,-1,113,111,114,-1,114,111,110,-1,113,114,115,-1,115,114,116,-1,115,116,117,-1,118,115,119,-1,119,115,117,-1,120,121,122,-1,122,121,118,-1,122,118,119,-1,123,121,124,-1,124,121,120,-1,125,126,127,-1,127,126,123,-1,127,123,124,-1,128,126,129,-1,129,126,125,-1,130,131,132,-1,132,131,128,-1,132,128,129,-1,133,131,134,-1,134,131,130,-1,109,107,135,-1,135,107,133,-1,135,133,134,-1,126,128,123,-1,123,128,131,-1,123,131,121,-1,107,106,133,-1,133,106,111,-1,133,111,113,-1,115,118,113,-1,113,118,121,-1,113,121,133,-1,133,121,131,-1,136,137,138,-1,138,137,139,-1,138,139,140,-1,140,139,141,-1,140,141,142,-1,142,141,143,-1,142,143,144,-1,144,143,145,-1,144,145,146,-1,146,145,147,-1,146,147,148,-1,148,147,149,-1,148,149,150,-1,150,149,151,-1,150,151,152,-1,152,151,153,-1,152,153,154,-1,154,153,155,-1,154,155,156,-1,156,155,157,-1,156,157,158,-1,158,157,159,-1,158,159,160,-1,160,159,161,-1,160,161,162,-1,162,161,163,-1,162,163,164,-1,164,163,165,-1,164,165,166,-1,166,165,167,-1,166,167,168,-1,168,167,169,-1,168,169,170,-1,170,169,136,-1,170,136,138,-1,144,146,171,-1,171,146,172,-1,173,138,140,-1,144,171,174,-1,144,174,142,-1,142,174,175,-1,142,175,140,-1,140,175,176,-1,140,176,173,-1,138,173,177,-1,138,177,170,-1,170,177,178,-1,170,178,168,-1,168,178,179,-1,168,179,166,-1,166,179,180,-1,166,180,164,-1,164,180,181,-1,164,181,162,-1,162,181,182,-1,162,182,160,-1,160,182,183,-1,160,183,158,-1,158,183,184,-1,158,184,156,-1,156,184,185,-1,186,152,185,-1,185,152,154,-1,185,154,156,-1,186,187,152,-1,152,187,188,-1,152,188,150,-1,148,150,189,-1,189,150,188,-1,146,148,172,-1,172,148,189,-1,151,149,190,-1,190,149,191,-1,149,147,191,-1,191,147,192,-1,147,145,192,-1,192,145,193,-1,137,194,195,-1,137,195,139,-1,139,195,196,-1,139,196,141,-1,141,196,197,-1,141,197,143,-1,143,197,193,-1,143,193,145,-1,165,198,199,-1,165,199,167,-1,167,199,200,-1,167,200,169,-1,169,200,201,-1,169,201,136,-1,136,201,194,-1,136,194,137,-1,157,202,203,-1,157,203,159,-1,159,203,204,-1,159,204,161,-1,161,204,205,-1,161,205,163,-1,163,205,198,-1,163,198,165,-1,151,190,206,-1,151,206,153,-1,153,206,207,-1,153,207,155,-1,155,207,202,-1,155,202,157,-1,
        ]
    }
}
Shape{
    appearance Appearance {
        material  Material 	{
            diffuseColor 0.25098039215686274 0.25098039215686274 0.25098039215686274
            specularColor 0.2196078431372549 0.2196078431372549 0.2196078431372549
            ambientIntensity 0.251
            transparency 0.0
            shininess 0.5
        }
    }
    geometry IndexedFaceSet {
        ccw TRUE
        solid FALSE
        coord DEF co Coordinate {
            point [
                -0.3072 1.0 2.2285, -0.3072 1.0 2.1462, -0.3234 1.0 2.2285, -0.3227 1.0 2.1462, -0.3363 1.0 2.1477, -0.3455 1.0 2.1509, -0.3525 1.0 2.1555, -0.3545 1.0 2.1573, -0.3598 1.0 2.1639, -0.3635 1.0 2.1719, -0.3655 1.0 2.1816, -0.3659 1.0 2.1884, -0.3643 1.0 2.2019, -0.3612 1.0 2.2097, -0.3571 1.0 2.2156, -0.3542 1.0 2.2185, -0.3371 1.0 2.227, -0.3464 1.0 2.2236
            ]
        }
        coordIndex [
            0,1,2,-1,2,1,3,-1,2,3,4,-1,4,5,2,-1,2,5,6,-1,2,6,7,-1,7,8,2,-1,2,8,9,-1,2,9,10,-1,10,11,2,-1,2,11,12,-1,2,12,13,-1,13,14,2,-1,2,14,15,-1,2,15,16,-1,16,15,17,-1,
        ]
    }
}
Shape{
    appearance Appearance {
        material  Material 	{
            diffuseColor 1.0 1.0 1.0
            specularColor 0.5019607843137255 0.5019607843137255 0.5019607843137255
            ambientIntensity 1.0
            transparency 0.0
            shininess 0.5
        }
    }
    geometry IndexedFaceSet {
        ccw TRUE
        solid FALSE
        coord DEF co Coordinate {
            point [
                -0.4162 1.0039 2.1753, -0.4321 1.0039 2.2197, -0.427 1.0039 2.2408, -0.3863 1.0039 2.134, -0.4015 1.0039 2.134, -0.4118 1.0039 2.1632, -0.4331 1.0039 2.2228, -0.4339 1.0039 2.2271, -0.4417 1.0039 2.2408, -0.4342 1.0039 2.2271, -0.4351 1.0039 2.2226, -0.4359 1.0039 2.2197, -0.452 1.0039 2.1753, -0.4824 1.0039 2.134, -0.4671 1.0039 2.134, -0.4563 1.0039 2.1632, -0.4417 1.0 2.2408, -0.4824 1.0 2.134, -0.427 1.0 2.2408, -0.3863 1.0 2.134, -0.4171 1.0 2.2148, -0.4015 1.0 2.134, -0.4118 1.0 2.1632, -0.4563 1.0 2.1632, -0.4171 1.0 2.1632, -0.4671 1.0 2.134, -0.4162 1.0 2.1753, -0.452 1.0 2.1753, -0.4359 1.0 2.2197, -0.4342 1.0 2.2271, -0.4351 1.0 2.2226, -0.4339 1.0 2.2271, -0.4321 1.0 2.2197, -0.4331 1.0 2.2228
            ]
        }
        coordIndex [
            0,1,2,-1,3,4,5,-1,1,6,2,-1,2,6,7,-1,2,7,8,-1,8,7,9,-1,8,9,10,-1,10,11,8,-1,8,11,12,-1,8,12,13,-1,14,13,15,-1,15,13,12,-1,15,12,5,-1,5,12,0,-1,5,0,3,-1,3,0,2,-1,8,13,16,-1,16,13,17,-1,2,8,18,-1,18,8,16,-1,19,3,20,-1,20,3,2,-1,20,2,18,-1,4,3,21,-1,21,3,19,-1,5,4,22,-1,22,4,21,-1,23,15,24,-1,24,15,5,-1,24,5,22,-1,14,15,25,-1,25,15,23,-1,13,14,17,-1,17,14,25,-1,0,12,26,-1,26,12,27,-1,12,11,27,-1,27,11,28,-1,9,29,30,-1,9,30,10,-1,10,30,28,-1,10,28,11,-1,9,7,29,-1,29,7,31,-1,1,32,33,-1,1,33,6,-1,6,33,31,-1,6,31,7,-1,1,0,32,-1,32,0,26,-1,
        ]
    }
}
Shape{
    appearance Appearance {
        material  Material 	{
            diffuseColor 0.25098039215686274 0.25098039215686274 0.25098039215686274
            specularColor 0.2196078431372549 0.2196078431372549 0.2196078431372549
            ambientIntensity 0.251
            transparency 0.0
            shininess 0.5
        }
    }
    geometry IndexedFaceSet {
        ccw TRUE
        solid FALSE
        coord DEF co Coordinate {
            point [
                -0.4342 1.0 2.2271, -0.4339 1.0 2.2271, -0.4351 1.0 2.2226, -0.4331 1.0 2.2228, -0.4359 1.0 2.2197, -0.4321 1.0 2.2197, -0.452 1.0 2.1753, -0.4162 1.0 2.1753
            ]
        }
        coordIndex [
            0,1,2,-1,2,1,3,-1,2,3,4,-1,4,3,5,-1,4,5,6,-1,6,5,7,-1,
        ]
    }
}
Shape{
    appearance Appearance {
        material  Material 	{
            diffuseColor 1.0 1.0 1.0
            specularColor 0.5019607843137255 0.5019607843137255 0.5019607843137255
            ambientIntensity 1.0
            transparency 0.0
            shininess 0.5
        }
    }
    geometry IndexedFaceSet {
        ccw TRUE
        solid FALSE
        coord DEF co Coordinate {
            point [
                -0.1113 1.0039 1.9768, -0.1113 1.0039 1.9647, -0.1113 1.0 1.9768, -0.1113 1.0 1.9647, -0.0677 1.0039 1.9768, -0.0677 1.0 1.9768, -0.0677 1.0039 2.0127, -0.0677 1.0 2.0127, -0.1059 1.0039 2.0127, -0.1059 1.0 2.0127, -0.1059 1.0039 2.025, -0.1059 1.0 2.025, -0.0677 1.0039 2.025, -0.0677 1.0 2.025, -0.0677 1.0039 2.0591, -0.0677 1.0 2.0591, -0.1089 1.0039 2.0591, -0.1089 1.0 2.0591, -0.1089 1.0039 2.0714, -0.1089 1.0 2.0714, -0.0539 1.0039 2.0714, -0.0539 1.0 2.0714, -0.0539 1.0039 1.9647, -0.0539 1.0 1.9647, -0.172 1.0039 1.9647, -0.1854 1.0039 1.9647, -0.172 1.0039 1.9764, -0.1854 1.0039 2.0137, -0.172 1.0039 2.0131, -0.1429 1.0039 1.9971, -0.146 1.0039 1.9986, -0.1717 1.0039 1.9764, -0.1646 1.0039 1.9784, -0.1696 1.0039 1.9733, -0.1609 1.0039 1.9759, -0.1542 1.0039 2.0005, -0.172 1.0039 2.0029, -0.172 1.0039 1.9956, -0.172 1.0039 1.9947, -0.1712 1.0039 1.9888, -0.1692 1.0039 1.984, -0.1663 1.0039 1.9801, -0.1716 1.0039 2.019, -0.1843 1.0039 2.024, -0.1702 1.0039 2.0238, -0.1822 1.0039 2.0301, -0.1686 1.0039 2.0265, -0.1795 1.0039 2.0344, -0.1666 1.0039 2.0287, -0.1759 1.0039 2.0377, -0.1643 1.0039 2.0302, -0.1714 1.0039 2.0403, -0.1612 1.0039 2.0313, -0.1657 1.0039 2.042, -0.1566 1.0039 2.0318, -0.1578 1.0039 2.0427, -0.1492 1.0039 2.0311, -0.1442 1.0039 2.041, -0.1408 1.0039 2.0284, -0.1343 1.0039 2.0371, -0.1316 1.0039 2.0226, -0.1316 1.0039 2.0356, -0.1404 1.0039 1.9784, -0.1307 1.0039 1.9689, -0.1416 1.0039 1.9773, -0.1351 1.0039 1.9657, -0.1442 1.0039 1.9754, -0.1403 1.0039 1.9638, -0.1473 1.0039 1.9743, -0.1483 1.0039 1.9629, -0.1518 1.0039 1.9738, -0.155 1.0039 1.9636, -0.1568 1.0039 1.9744, -0.1605 1.0039 1.9655, -0.1653 1.0039 1.9687, -0.1378 1.0039 1.9883, -0.1242 1.0039 1.9866, -0.1377 1.0039 1.9862, -0.1241 1.0039 1.9851, -0.138 1.0039 1.9831, -0.1248 1.0039 1.9788, -0.1389 1.0039 1.9807, -0.1265 1.0039 1.9743, -0.1293 1.0039 1.9702, -0.1494 1.0039 2.01, -0.1393 1.0039 2.0075, -0.1412 1.0039 1.9958, -0.1336 1.0039 2.0045, -0.1396 1.0039 1.9938, -0.1295 1.0039 2.001, -0.1385 1.0039 1.9913, -0.1268 1.0039 1.9971, -0.125 1.0039 1.9924, -0.1578 1.0 2.0427, -0.1442 1.0 2.041, -0.1343 1.0 2.0371, -0.1316 1.0 2.0356, -0.1316 1.0 2.0226, -0.1408 1.0 2.0284, -0.1492 1.0 2.0311, -0.1566 1.0 2.0318, -0.1612 1.0 2.0313, -0.1643 1.0 2.0302, -0.1666 1.0 2.0287, -0.1686 1.0 2.0265, -0.1702 1.0 2.0238, -0.1716 1.0 2.019, -0.172 1.0 2.0131, -0.1494 1.0 2.01, -0.1393 1.0 2.0075, -0.1336 1.0 2.0045, -0.1295 1.0 2.001, -0.1268 1.0 1.9971, -0.125 1.0 1.9924, -0.1242 1.0 1.9866, -0.1241 1.0 1.9851, -0.1248 1.0 1.9788, -0.1265 1.0 1.9743, -0.1293 1.0 1.9702, -0.1307 1.0 1.9689, -0.1483 1.0 1.9629, -0.1406 1.0 1.9638, -0.1403 1.0 1.9638, -0.1351 1.0 1.9657, -0.155 1.0 1.9636, -0.1555 1.0 1.9638, -0.1605 1.0 1.9655, -0.1653 1.0 1.9687, -0.1696 1.0 1.9733, -0.1717 1.0 1.9764, -0.172 1.0 1.9764, -0.172 1.0 1.9647, -0.1854 1.0 1.9647, -0.1854 1.0 2.0137, -0.1843 1.0 2.024, -0.1822 1.0 2.0301, -0.1795 1.0 2.0344, -0.1759 1.0 2.0377, -0.1714 1.0 2.0403, -0.1657 1.0 2.042, -0.1412 1.0 1.9958, -0.1429 1.0 1.9971, -0.146 1.0 1.9986, -0.1542 1.0 2.0005, -0.1377 1.0 1.9862, -0.1378 1.0 1.9883, -0.1385 1.0 1.9913, -0.1396 1.0 1.9938, -0.1416 1.0 1.9773, -0.1404 1.0 1.9784, -0.1389 1.0 1.9807, -0.138 1.0 1.9831, -0.1518 1.0 1.9738, -0.1473 1.0 1.9743, -0.1442 1.0 1.9754, -0.1663 1.0 1.9801, -0.1646 1.0 1.9784, -0.1609 1.0 1.9759, -0.1568 1.0 1.9744, -0.172 1.0 1.9956, -0.172 1.0 1.9947, -0.1712 1.0 1.9888, -0.1692 1.0 1.984, -0.172 1.0 2.0029
            ]
        }
        coordIndex [
            0,1,2,-1,2,1,3,-1,4,0,5,-1,5,0,2,-1,6,4,7,-1,7,4,5,-1,8,6,9,-1,9,6,7,-1,10,8,11,-1,11,8,9,-1,12,10,13,-1,13,10,11,-1,14,12,15,-1,15,12,13,-1,16,14,17,-1,17,14,15,-1,18,16,19,-1,19,16,17,-1,20,18,21,-1,21,18,19,-1,22,20,23,-1,23,20,21,-1,1,22,3,-1,3,22,23,-1,22,1,0,-1,0,4,22,-1,22,4,6,-1,22,6,20,-1,16,18,14,-1,14,18,20,-1,14,20,12,-1,12,20,6,-1,12,6,10,-1,10,6,8,-1,24,25,26,-1,26,25,27,-1,28,29,30,-1,31,32,33,-1,33,32,34,-1,35,36,27,-1,27,36,37,-1,37,38,27,-1,27,38,39,-1,27,39,26,-1,26,39,40,-1,26,40,31,-1,31,40,41,-1,31,41,32,-1,30,35,28,-1,28,35,27,-1,28,27,42,-1,42,27,43,-1,42,43,44,-1,44,43,45,-1,44,45,46,-1,46,45,47,-1,46,47,48,-1,48,47,49,-1,48,49,50,-1,50,49,51,-1,50,51,52,-1,52,51,53,-1,52,53,54,-1,54,53,55,-1,54,55,56,-1,56,55,57,-1,56,57,58,-1,58,57,59,-1,58,59,60,-1,60,59,61,-1,62,63,64,-1,64,63,65,-1,64,65,66,-1,66,65,67,-1,66,67,68,-1,68,67,69,-1,68,69,70,-1,70,69,71,-1,70,71,72,-1,72,71,73,-1,72,73,34,-1,34,73,74,-1,34,74,33,-1,75,76,77,-1,77,76,78,-1,77,78,79,-1,79,78,80,-1,79,80,81,-1,81,80,82,-1,81,82,62,-1,62,82,83,-1,62,83,63,-1,28,84,29,-1,29,84,85,-1,29,85,86,-1,86,85,87,-1,86,87,88,-1,88,87,89,-1,88,89,90,-1,90,89,91,-1,90,91,75,-1,75,91,92,-1,75,92,76,-1,55,93,94,-1,55,94,57,-1,57,94,95,-1,57,95,59,-1,59,95,96,-1,59,96,61,-1,60,61,97,-1,97,61,96,-1,60,97,98,-1,60,98,58,-1,58,98,99,-1,58,99,56,-1,56,99,100,-1,56,100,54,-1,54,100,101,-1,54,101,52,-1,52,101,102,-1,52,102,50,-1,50,102,103,-1,50,103,48,-1,48,103,104,-1,48,104,46,-1,46,104,105,-1,46,105,44,-1,44,105,106,-1,44,106,42,-1,42,106,107,-1,42,107,28,-1,84,28,108,-1,108,28,107,-1,84,108,109,-1,84,109,85,-1,85,109,110,-1,85,110,87,-1,87,110,111,-1,87,111,89,-1,89,111,112,-1,89,112,91,-1,91,112,113,-1,91,113,92,-1,92,113,114,-1,92,114,76,-1,76,114,115,-1,76,115,78,-1,78,115,116,-1,78,116,80,-1,80,116,117,-1,80,117,82,-1,82,117,118,-1,82,118,83,-1,83,118,119,-1,83,119,63,-1,120,69,121,-1,121,69,67,-1,121,67,122,-1,122,67,65,-1,122,65,123,-1,123,65,63,-1,123,63,119,-1,69,120,124,-1,69,124,71,-1,71,124,125,-1,71,125,73,-1,125,126,73,-1,73,126,127,-1,73,127,74,-1,74,127,128,-1,74,128,33,-1,33,128,129,-1,33,129,31,-1,26,31,130,-1,130,31,129,-1,24,26,131,-1,131,26,130,-1,25,24,132,-1,132,24,131,-1,27,25,133,-1,133,25,132,-1,27,133,134,-1,27,134,43,-1,43,134,135,-1,43,135,45,-1,45,135,136,-1,45,136,47,-1,47,136,137,-1,47,137,49,-1,49,137,138,-1,49,138,51,-1,51,138,139,-1,51,139,53,-1,53,139,93,-1,53,93,55,-1,86,140,141,-1,86,141,29,-1,29,141,142,-1,29,142,30,-1,30,142,143,-1,30,143,35,-1,77,144,145,-1,77,145,75,-1,75,145,146,-1,75,146,90,-1,90,146,147,-1,90,147,88,-1,88,147,140,-1,88,140,86,-1,64,148,149,-1,64,149,62,-1,62,149,150,-1,62,150,81,-1,81,150,151,-1,81,151,79,-1,79,151,144,-1,79,144,77,-1,70,152,153,-1,70,153,68,-1,68,153,154,-1,68,154,66,-1,66,154,148,-1,66,148,64,-1,41,155,156,-1,41,156,32,-1,32,156,157,-1,32,157,34,-1,34,157,158,-1,34,158,72,-1,72,158,152,-1,72,152,70,-1,37,159,160,-1,37,160,38,-1,38,160,161,-1,38,161,39,-1,39,161,162,-1,39,162,40,-1,40,162,155,-1,40,155,41,-1,37,36,159,-1,159,36,163,-1,36,35,163,-1,163,35,143,-1,
        ]
    }
}
Shape{
    appearance Appearance {
        material  Material 	{
            diffuseColor 0.25098039215686274 0.25098039215686274 0.25098039215686274
            specularColor 0.2196078431372549 0.2196078431372549 0.2196078431372549
            ambientIntensity 0.251
            transparency 0.0
            shininess 0.5
        }
    }
    geometry IndexedFaceSet {
        ccw TRUE
        solid FALSE
        coord DEF co Coordinate {
            point [
                -0.172 1.0 1.9947, -0.172 1.0 1.9956, -0.1412 1.0 1.9958, -0.172 1.0 2.0029, -0.1542 1.0 2.0005, -0.146 1.0 1.9986, -0.1429 1.0 1.9971, -0.1712 1.0 1.9888, -0.1396 1.0 1.9938, -0.1692 1.0 1.984, -0.1404 1.0 1.9784, -0.1416 1.0 1.9773, -0.1646 1.0 1.9784, -0.1389 1.0 1.9807, -0.1609 1.0 1.9759, -0.1568 1.0 1.9744, -0.1518 1.0 1.9738, -0.1385 1.0 1.9913, -0.1378 1.0 1.9883, -0.1663 1.0 1.9801, -0.1377 1.0 1.9862, -0.138 1.0 1.9831, -0.1442 1.0 1.9754, -0.1473 1.0 1.9743
            ]
        }
        coordIndex [
            0,1,2,-1,1,3,4,-1,4,5,1,-1,1,5,6,-1,1,6,2,-1,0,2,7,-1,7,2,8,-1,7,8,9,-1,10,11,12,-1,10,12,13,-1,14,12,15,-1,15,12,16,-1,8,17,9,-1,9,17,18,-1,9,18,19,-1,19,18,20,-1,19,20,12,-1,12,20,21,-1,12,21,13,-1,11,22,12,-1,12,22,23,-1,12,23,16,-1,
        ]
    }
}
Shape{
    appearance Appearance {
        material  Material 	{
            diffuseColor 1.0 1.0 1.0
            specularColor 0.5019607843137255 0.5019607843137255 0.5019607843137255
            ambientIntensity 1.0
            transparency 0.0
            shininess 0.5
        }
    }
    geometry IndexedFaceSet {
        ccw TRUE
        solid FALSE
        coord DEF co Coordinate {
            point [
                -0.2035 1.0 1.9811, -0.2035 1.0039 1.9811, -0.2083 1.0039 1.9781, -0.2255 1.0039 1.9738, -0.2255 1.0 1.9738, -0.2167 1.0 1.9749, -0.2167 1.0039 1.9749, -0.2097 1.0 1.9776, -0.2083 1.0 1.9781, -0.2035 1.0039 1.9673, -0.2035 1.0 1.9673, -0.2129 1.0039 1.964, -0.2097 1.0 1.9652, -0.2242 1.0 1.9629, -0.2242 1.0039 1.9629, -0.2156 1.0 1.9638, -0.2129 1.0 1.964, -0.2364 1.0039 1.9643, -0.2317 1.0 1.9638, -0.2364 1.0 1.9643, -0.2434 1.0 1.967, -0.2434 1.0039 1.967, -0.2464 1.0 1.9689, -0.2464 1.0039 1.9689, -0.2503 1.0 1.9723, -0.2503 1.0039 1.9723, -0.2527 1.0 1.9758, -0.2527 1.0039 1.9758, -0.2544 1.0 1.98, -0.2544 1.0039 1.98, -0.255 1.0 1.9854, -0.255 1.0039 1.9854, -0.2545 1.0 1.9904, -0.2545 1.0039 1.9904, -0.253 1.0 1.9943, -0.253 1.0039 1.9943, -0.2505 1.0 1.998, -0.2505 1.0039 1.998, -0.2474 1.0 2.0009, -0.2474 1.0039 2.0009, -0.2385 1.0 2.0058, -0.2385 1.0039 2.0058, -0.2333 1.0 2.0079, -0.2333 1.0039 2.0079, -0.225 1.0 2.0115, -0.225 1.0039 2.0115, -0.2203 1.0 2.0144, -0.2203 1.0039 2.0144, -0.219 1.0 2.0159, -0.219 1.0039 2.0159, -0.218 1.0 2.0177, -0.218 1.0039 2.0177, -0.2175 1.0 2.0198, -0.2175 1.0039 2.0198, -0.2174 1.0 2.0215, -0.2174 1.0039 2.0215, -0.2176 1.0 2.0237, -0.2176 1.0039 2.0237, -0.2183 1.0 2.0255, -0.2183 1.0039 2.0255, -0.2194 1.0 2.0272, -0.2194 1.0039 2.0272, -0.2214 1.0 2.029, -0.2214 1.0039 2.029, -0.2244 1.0 2.0306, -0.2244 1.0039 2.0306, -0.228 1.0 2.0315, -0.228 1.0039 2.0315, -0.232 1.0 2.0318, -0.232 1.0039 2.0318, -0.2413 1.0 2.0307, -0.2413 1.0039 2.0307, -0.2489 1.0 2.0277, -0.2489 1.0039 2.0277, -0.2514 1.0 2.0263, -0.2514 1.0039 2.0263, -0.2514 1.0039 2.0393, -0.2514 1.0 2.0393, -0.2427 1.0 2.0418, -0.2427 1.0039 2.0418, -0.2333 1.0 2.0427, -0.2333 1.0039 2.0427, -0.2226 1.0 2.0414, -0.2226 1.0039 2.0414, -0.2154 1.0 2.0386, -0.2154 1.0039 2.0386, -0.2122 1.0 2.0366, -0.2122 1.0039 2.0366, -0.2079 1.0039 2.0326, -0.2097 1.0 2.0343, -0.2079 1.0 2.0326, -0.2055 1.0 2.029, -0.2055 1.0039 2.029, -0.204 1.0 2.0247, -0.204 1.0039 2.0247, -0.2036 1.0 2.0203, -0.2036 1.0039 2.0203, -0.2043 1.0 2.0146, -0.2043 1.0039 2.0146, -0.2059 1.0 2.0106, -0.2059 1.0039 2.0106, -0.2074 1.0 2.0083, -0.2074 1.0039 2.0083, -0.2238 1.0 1.9982, -0.2238 1.0039 1.9982, -0.2159 1.0039 2.0018, -0.2096 1.0 2.006, -0.2096 1.0039 2.006, -0.2097 1.0 2.0059, -0.2159 1.0 2.0018, -0.2326 1.0 1.9945, -0.2326 1.0039 1.9945, -0.2378 1.0 1.9913, -0.2378 1.0039 1.9913, -0.2395 1.0 1.9896, -0.2395 1.0039 1.9896, -0.2405 1.0 1.9878, -0.2405 1.0039 1.9878, -0.2412 1.0 1.9858, -0.2412 1.0039 1.9858, -0.2413 1.0 1.9841, -0.2413 1.0039 1.9841, -0.241 1.0 1.9815, -0.241 1.0039 1.9815, -0.2403 1.0 1.9796, -0.2403 1.0039 1.9796, -0.2392 1.0 1.9779, -0.2392 1.0039 1.9779, -0.2376 1.0 1.9765, -0.2376 1.0039 1.9765, -0.2364 1.0 1.9758, -0.2364 1.0039 1.9758, -0.233 1.0 1.9745, -0.233 1.0039 1.9745, -0.2261 1.0 1.9738, -0.2261 1.0039 1.9738, -0.3213 1.0039 2.0409, -0.3352 1.0039 2.0409, -0.3213 1.0 2.0409, -0.3352 1.0 2.0409, -0.3005 1.0039 1.9835, -0.3005 1.0 1.9835, -0.2995 1.0 1.9799, -0.2995 1.0039 1.9799, -0.2988 1.0 1.9773, -0.2988 1.0039 1.9773, -0.2985 1.0039 1.9773, -0.2985 1.0 1.9773, -0.2969 1.0039 1.9836, -0.2969 1.0 1.9836, -0.2769 1.0 2.0409, -0.2769 1.0039 2.0409, -0.2834 1.0 2.0223, -0.262 1.0039 2.0409, -0.262 1.0 2.0409, -0.2919 1.0 1.9648, -0.2919 1.0039 1.9648, -0.2834 1.0 1.9864, -0.286 1.0 1.951, -0.286 1.0039 1.951, -0.2914 1.0 1.9638, -0.2834 1.0 1.9463, -0.283 1.0039 1.9456, -0.283 1.0 1.9456, -0.2803 1.0 1.9429, -0.2803 1.0039 1.9429, -0.2778 1.0 1.9414, -0.2778 1.0039 1.9414, -0.2749 1.0 1.9404, -0.2749 1.0039 1.9404, -0.2723 1.0 1.9402, -0.2723 1.0039 1.9402, -0.2675 1.0 1.9408, -0.2675 1.0039 1.9408, -0.2647 1.0 1.9417, -0.2647 1.0039 1.9417, -0.2647 1.0039 1.9298, -0.2647 1.0 1.9298, -0.2704 1.0 1.9289, -0.2704 1.0039 1.9289, -0.2734 1.0 1.9287, -0.2734 1.0039 1.9287, -0.2791 1.0 1.9295, -0.2791 1.0039 1.9295, -0.2834 1.0 1.9312, -0.2844 1.0039 1.9316, -0.2844 1.0 1.9316, -0.2889 1.0 1.9348, -0.2889 1.0039 1.9348, -0.2944 1.0 1.9412, -0.2944 1.0039 1.9412, -0.3006 1.0 1.9531, -0.3006 1.0039 1.9531, -0.3047 1.0 1.9638, -0.407 1.0039 1.9768, -0.407 1.0039 1.9647, -0.407 1.0 1.9768, -0.407 1.0 1.9647, -0.3634 1.0 1.9768, -0.3634 1.0039 1.9768, -0.3833 1.0 1.9768, -0.3634 1.0039 2.0127, -0.3634 1.0 2.0127, -0.4015 1.0 2.0127, -0.4015 1.0039 2.0127, -0.3833 1.0 2.0127, -0.4015 1.0039 2.025, -0.4015 1.0 2.025, -0.3634 1.0 2.025, -0.3634 1.0039 2.025, -0.3833 1.0 2.025, -0.3634 1.0039 2.0591, -0.3634 1.0 2.0591, -0.4046 1.0 2.0591, -0.4046 1.0039 2.0591, -0.3833 1.0 2.0591, -0.4046 1.0039 2.0714, -0.4046 1.0 2.0714, -0.3496 1.0 2.0714, -0.3496 1.0039 2.0714, -0.3833 1.0 2.0714, -0.3496 1.0039 1.9647, -0.3496 1.0 1.9647, -0.3833 1.0 1.9647, -0.4935 1.0039 1.9946, -0.4882 1.0039 1.988, -0.498 1.0039 1.9796, -0.4862 1.0039 1.9862, -0.4869 1.0039 1.9717, -0.4792 1.0039 1.9816, -0.4748 1.0039 1.9669, -0.47 1.0039 1.9783, -0.4565 1.0039 1.9647, -0.4564 1.0039 1.9768, -0.4272 1.0039 1.9647, -0.4409 1.0039 1.9768, -0.4272 1.0039 2.0714, -0.4409 1.0039 2.0591, -0.4576 1.0039 2.0714, -0.4571 1.0039 2.0591, -0.4739 1.0039 2.0696, -0.4708 1.0039 2.0576, -0.4868 1.0039 2.0649, -0.4801 1.0039 2.0543, -0.498 1.0039 2.0573, -0.4879 1.0039 2.0491, -0.5017 1.0039 2.0537, -0.4908 1.0039 2.0463, -0.5083 1.0039 2.0444, -0.4949 1.0039 2.0403, -0.5123 1.0039 2.0342, -0.498 1.0039 2.0325, -0.5141 1.0039 2.0194, -0.4996 1.0039 2.019, -0.5138 1.0039 2.0126, -0.4992 1.0039 2.0123, -0.5112 1.0039 2.0001, -0.4972 1.0039 2.0025, -0.5059 1.0039 1.9891, -0.4565 1.0 1.9647, -0.4272 1.0 1.9647, -0.4748 1.0 1.9669, -0.4869 1.0 1.9717, -0.498 1.0 1.9796, -0.5059 1.0 1.9891, -0.5112 1.0 2.0001, -0.5138 1.0 2.0126, -0.5141 1.0 2.0194, -0.5123 1.0 2.0342, -0.5083 1.0 2.0444, -0.5017 1.0 2.0537, -0.498 1.0 2.0573, -0.4868 1.0 2.0649, -0.4739 1.0 2.0696, -0.4576 1.0 2.0714, -0.4272 1.0 2.0714, -0.4571 1.0 2.0591, -0.4409 1.0 2.0591, -0.4409 1.0 1.9768, -0.4564 1.0 1.9768, -0.4882 1.0 1.988, -0.4862 1.0 1.9862, -0.4792 1.0 1.9816, -0.47 1.0 1.9783, -0.4996 1.0 2.019, -0.4992 1.0 2.0123, -0.4972 1.0 2.0025, -0.4935 1.0 1.9946, -0.4879 1.0 2.0491, -0.4908 1.0 2.0463, -0.4949 1.0 2.0403, -0.498 1.0 2.0325, -0.4708 1.0 2.0576, -0.4801 1.0 2.0543
            ]
        }
        coordIndex [
            0,1,2,-1,3,4,5,-1,3,5,6,-1,6,5,7,-1,6,7,2,-1,2,7,8,-1,2,8,0,-1,9,1,10,-1,10,1,0,-1,9,10,11,-1,11,10,12,-1,13,14,15,-1,15,14,11,-1,15,11,16,-1,16,11,12,-1,14,13,17,-1,17,13,18,-1,18,19,17,-1,17,19,20,-1,17,20,21,-1,21,20,22,-1,21,22,23,-1,23,22,24,-1,23,24,25,-1,25,24,26,-1,25,26,27,-1,27,26,28,-1,27,28,29,-1,29,28,30,-1,29,30,31,-1,31,30,32,-1,31,32,33,-1,33,32,34,-1,33,34,35,-1,35,34,36,-1,35,36,37,-1,37,36,38,-1,37,38,39,-1,39,38,40,-1,39,40,41,-1,41,40,42,-1,41,42,43,-1,43,42,44,-1,43,44,45,-1,45,44,46,-1,45,46,47,-1,47,46,48,-1,47,48,49,-1,49,48,50,-1,49,50,51,-1,51,50,52,-1,51,52,53,-1,53,52,54,-1,53,54,55,-1,55,54,56,-1,55,56,57,-1,57,56,58,-1,57,58,59,-1,59,58,60,-1,59,60,61,-1,61,60,62,-1,61,62,63,-1,63,62,64,-1,63,64,65,-1,65,64,66,-1,65,66,67,-1,67,66,68,-1,67,68,69,-1,69,68,70,-1,69,70,71,-1,71,70,72,-1,71,72,73,-1,73,72,74,-1,73,74,75,-1,76,75,77,-1,77,75,74,-1,76,77,78,-1,76,78,79,-1,79,78,80,-1,79,80,81,-1,81,80,82,-1,81,82,83,-1,83,82,84,-1,83,84,85,-1,85,84,86,-1,85,86,87,-1,87,86,88,-1,88,86,89,-1,89,90,88,-1,88,90,91,-1,88,91,92,-1,92,91,93,-1,92,93,94,-1,94,93,95,-1,94,95,96,-1,96,95,97,-1,96,97,98,-1,98,97,99,-1,98,99,100,-1,100,99,101,-1,100,101,102,-1,103,104,105,-1,102,101,106,-1,102,106,107,-1,107,106,108,-1,107,108,105,-1,105,108,109,-1,105,109,103,-1,104,103,110,-1,104,110,111,-1,111,110,112,-1,111,112,113,-1,113,112,114,-1,113,114,115,-1,115,114,116,-1,115,116,117,-1,117,116,118,-1,117,118,119,-1,119,118,120,-1,119,120,121,-1,121,120,122,-1,121,122,123,-1,123,122,124,-1,123,124,125,-1,125,124,126,-1,125,126,127,-1,127,126,128,-1,127,128,129,-1,129,128,130,-1,129,130,131,-1,131,130,132,-1,131,132,133,-1,133,132,134,-1,133,134,135,-1,135,134,4,-1,135,4,3,-1,59,61,87,-1,87,61,85,-1,85,61,63,-1,85,63,83,-1,125,25,27,-1,111,43,104,-1,104,43,45,-1,96,98,51,-1,51,98,100,-1,51,100,49,-1,49,100,102,-1,49,102,47,-1,47,102,107,-1,47,107,45,-1,45,107,105,-1,45,105,104,-1,125,27,123,-1,123,27,29,-1,123,29,121,-1,121,29,31,-1,121,31,119,-1,119,31,33,-1,119,33,117,-1,117,33,35,-1,117,35,115,-1,115,35,37,-1,115,37,113,-1,113,37,39,-1,113,39,111,-1,111,39,41,-1,111,41,43,-1,25,125,23,-1,23,125,127,-1,23,127,21,-1,14,3,11,-1,11,3,6,-1,11,6,9,-1,9,6,2,-1,9,2,1,-1,63,65,83,-1,83,65,67,-1,83,67,81,-1,81,67,69,-1,81,69,79,-1,79,69,71,-1,79,71,76,-1,76,71,73,-1,76,73,75,-1,127,129,21,-1,21,129,131,-1,21,131,17,-1,17,131,133,-1,17,133,14,-1,14,133,135,-1,14,135,3,-1,87,88,59,-1,59,88,92,-1,59,92,57,-1,57,92,94,-1,57,94,55,-1,55,94,96,-1,55,96,53,-1,53,96,51,-1,136,137,138,-1,138,137,139,-1,140,136,141,-1,141,136,138,-1,140,141,142,-1,140,142,143,-1,143,142,144,-1,143,144,145,-1,146,145,147,-1,147,145,144,-1,148,146,149,-1,149,146,147,-1,150,151,152,-1,152,151,148,-1,152,148,149,-1,153,151,154,-1,154,151,150,-1,155,156,157,-1,157,156,153,-1,157,153,154,-1,158,159,160,-1,160,159,156,-1,160,156,155,-1,158,161,159,-1,159,161,162,-1,161,163,162,-1,162,163,164,-1,162,164,165,-1,165,164,166,-1,165,166,167,-1,167,166,168,-1,167,168,169,-1,169,168,170,-1,169,170,171,-1,171,170,172,-1,171,172,173,-1,173,172,174,-1,173,174,175,-1,176,175,177,-1,177,175,174,-1,176,177,178,-1,176,178,179,-1,179,178,180,-1,179,180,181,-1,181,180,182,-1,181,182,183,-1,183,182,184,-1,183,184,185,-1,184,186,185,-1,185,186,187,-1,185,187,188,-1,188,187,189,-1,188,189,190,-1,190,189,191,-1,190,191,192,-1,139,137,193,-1,193,137,192,-1,193,192,191,-1,143,145,192,-1,137,136,192,-1,192,136,140,-1,192,140,143,-1,151,153,148,-1,148,153,156,-1,148,156,146,-1,145,146,192,-1,192,146,156,-1,192,156,190,-1,156,159,190,-1,190,159,162,-1,190,162,188,-1,188,162,165,-1,188,165,185,-1,185,165,167,-1,185,167,183,-1,183,167,169,-1,183,169,181,-1,181,169,171,-1,181,171,179,-1,179,171,173,-1,179,173,176,-1,176,173,175,-1,194,195,196,-1,196,195,197,-1,198,199,200,-1,200,199,194,-1,200,194,196,-1,201,199,202,-1,202,199,198,-1,203,204,205,-1,205,204,201,-1,205,201,202,-1,206,204,207,-1,207,204,203,-1,208,209,210,-1,210,209,206,-1,210,206,207,-1,211,209,212,-1,212,209,208,-1,213,214,215,-1,215,214,211,-1,215,211,212,-1,216,214,217,-1,217,214,213,-1,218,219,220,-1,220,219,216,-1,220,216,217,-1,221,219,222,-1,222,219,218,-1,197,195,223,-1,223,195,221,-1,223,221,222,-1,221,195,194,-1,194,199,221,-1,221,199,201,-1,221,201,219,-1,214,216,211,-1,211,216,219,-1,211,219,209,-1,209,219,201,-1,209,201,206,-1,206,201,204,-1,224,225,226,-1,226,225,227,-1,226,227,228,-1,228,227,229,-1,228,229,230,-1,230,229,231,-1,230,231,232,-1,232,231,233,-1,232,233,234,-1,234,233,235,-1,234,235,236,-1,236,235,237,-1,236,237,238,-1,238,237,239,-1,238,239,240,-1,240,239,241,-1,240,241,242,-1,242,241,243,-1,242,243,244,-1,244,243,245,-1,244,245,246,-1,246,245,247,-1,246,247,248,-1,248,247,249,-1,248,249,250,-1,250,249,251,-1,250,251,252,-1,252,251,253,-1,252,253,254,-1,254,253,255,-1,254,255,256,-1,256,255,257,-1,256,257,258,-1,258,257,224,-1,258,224,226,-1,232,234,259,-1,259,234,260,-1,232,259,261,-1,232,261,230,-1,230,261,262,-1,230,262,228,-1,228,262,263,-1,228,263,226,-1,226,263,264,-1,226,264,258,-1,258,264,265,-1,258,265,256,-1,256,265,266,-1,256,266,254,-1,254,266,267,-1,254,267,252,-1,252,267,268,-1,252,268,250,-1,250,268,269,-1,250,269,248,-1,248,269,270,-1,248,270,246,-1,246,270,271,-1,246,271,244,-1,244,271,272,-1,244,272,242,-1,242,272,273,-1,242,273,240,-1,240,273,274,-1,240,274,238,-1,236,238,275,-1,275,238,274,-1,234,236,260,-1,260,236,275,-1,239,237,276,-1,276,237,277,-1,237,235,277,-1,277,235,278,-1,235,233,278,-1,278,233,279,-1,225,280,281,-1,225,281,227,-1,227,281,282,-1,227,282,229,-1,229,282,283,-1,229,283,231,-1,231,283,279,-1,231,279,233,-1,253,284,285,-1,253,285,255,-1,255,285,286,-1,255,286,257,-1,257,286,287,-1,257,287,224,-1,224,287,280,-1,224,280,225,-1,245,288,289,-1,245,289,247,-1,247,289,290,-1,247,290,249,-1,249,290,291,-1,249,291,251,-1,251,291,284,-1,251,284,253,-1,239,276,292,-1,239,292,241,-1,241,292,293,-1,241,293,243,-1,243,293,288,-1,243,288,245,-1,
        ]
    }
}
Shape{
    appearance Appearance {
        material  Material 	{
            diffuseColor 0.25098039215686274 0.25098039215686274 0.25098039215686274
            specularColor 0.2196078431372549 0.2196078431372549 0.2196078431372549
            ambientIntensity 0.251
            transparency 0.0
            shininess 0.5
        }
    }
    geometry IndexedFaceSet {
        ccw TRUE
        solid FALSE
        coord DEF co Coordinate {
            point [
                -0.4409 1.0 2.0591, -0.4409 1.0 1.9768, -0.4571 1.0 2.0591, -0.4564 1.0 1.9768, -0.47 1.0 1.9783, -0.4792 1.0 1.9816, -0.4862 1.0 1.9862, -0.4882 1.0 1.988, -0.4935 1.0 1.9946, -0.4972 1.0 2.0025, -0.4992 1.0 2.0123, -0.4996 1.0 2.019, -0.498 1.0 2.0325, -0.4949 1.0 2.0403, -0.4908 1.0 2.0463, -0.4879 1.0 2.0491, -0.4708 1.0 2.0576, -0.4801 1.0 2.0543
            ]
        }
        coordIndex [
            0,1,2,-1,2,1,3,-1,2,3,4,-1,4,5,2,-1,2,5,6,-1,2,6,7,-1,7,8,2,-1,2,8,9,-1,2,9,10,-1,10,11,2,-1,2,11,12,-1,2,12,13,-1,13,14,2,-1,2,14,15,-1,2,15,16,-1,16,15,17,-1,
        ]
    }
}
Shape{
    appearance Appearance {
        material  Material 	{
            diffuseColor 1.0 1.0 1.0
            specularColor 0.5019607843137255 0.5019607843137255 0.5019607843137255
            ambientIntensity 1.0
            transparency 0.0
            shininess 0.5
        }
    }
    geometry IndexedFaceSet {
        ccw TRUE
        solid FALSE
        coord DEF co Coordinate {
            point [
                -0.5499 1.0039 2.0059, -0.5658 1.0039 2.0503, -0.5607 1.0039 2.0714, -0.52 1.0039 1.9647, -0.5352 1.0039 1.9647, -0.5455 1.0039 1.9939, -0.5667 1.0039 2.0535, -0.5676 1.0039 2.0578, -0.5754 1.0039 2.0714, -0.5679 1.0039 2.0578, -0.5688 1.0039 2.0533, -0.5696 1.0039 2.0503, -0.5857 1.0039 2.0059, -0.6161 1.0039 1.9647, -0.6008 1.0039 1.9647, -0.5899 1.0039 1.9939, -0.5754 1.0 2.0714, -0.6161 1.0 1.9647, -0.5607 1.0 2.0714, -0.52 1.0 1.9647, -0.5352 1.0 1.9647, -0.5455 1.0 1.9939, -0.5899 1.0 1.9939, -0.6008 1.0 1.9647, -0.5499 1.0 2.0059, -0.5857 1.0 2.0059, -0.5696 1.0 2.0503, -0.5679 1.0 2.0578, -0.5688 1.0 2.0533, -0.5676 1.0 2.0578, -0.5658 1.0 2.0503, -0.5667 1.0 2.0535
            ]
        }
        coordIndex [
            0,1,2,-1,3,4,5,-1,1,6,2,-1,2,6,7,-1,2,7,8,-1,8,7,9,-1,8,9,10,-1,10,11,8,-1,8,11,12,-1,8,12,13,-1,14,13,15,-1,15,13,12,-1,15,12,5,-1,5,12,0,-1,5,0,3,-1,3,0,2,-1,8,13,16,-1,16,13,17,-1,2,8,18,-1,18,8,16,-1,3,2,19,-1,19,2,18,-1,4,3,20,-1,20,3,19,-1,5,4,21,-1,21,4,20,-1,15,5,22,-1,22,5,21,-1,14,15,23,-1,23,15,22,-1,13,14,17,-1,17,14,23,-1,0,12,24,-1,24,12,25,-1,12,11,25,-1,25,11,26,-1,9,27,28,-1,9,28,10,-1,10,28,26,-1,10,26,11,-1,9,7,27,-1,27,7,29,-1,1,30,31,-1,1,31,6,-1,6,31,29,-1,6,29,7,-1,1,0,30,-1,30,0,24,-1,
        ]
    }
}
Shape{
    appearance Appearance {
        material  Material 	{
            diffuseColor 0.25098039215686274 0.25098039215686274 0.25098039215686274
            specularColor 0.2196078431372549 0.2196078431372549 0.2196078431372549
            ambientIntensity 0.251
            transparency 0.0
            shininess 0.5
        }
    }
    geometry IndexedFaceSet {
        ccw TRUE
        solid FALSE
        coord DEF co Coordinate {
            point [
                -0.5679 1.0 2.0578, -0.5676 1.0 2.0578, -0.5688 1.0 2.0533, -0.5667 1.0 2.0535, -0.5696 1.0 2.0503, -0.5658 1.0 2.0503, -0.5857 1.0 2.0059, -0.5499 1.0 2.0059
            ]
        }
        coordIndex [
            0,1,2,-1,2,1,3,-1,2,3,4,-1,4,3,5,-1,4,5,6,-1,6,5,7,-1,
        ]
    }
}
Shape{
    appearance Appearance {
        material  Material 	{
            diffuseColor 1.0 1.0 1.0
            specularColor 0.5019607843137255 0.5019607843137255 0.5019607843137255
            ambientIntensity 1.0
            transparency 0.0
            shininess 0.5
        }
    }
    geometry IndexedFaceSet {
        ccw TRUE
        solid FALSE
        coord DEF co Coordinate {
            point [
                0.4176 1.0039 1.9496, 0.4063 1.0039 1.9356, 0.4244 1.0039 2.0167, 0.1709 1.0039 2.0539, 0.1944 1.0039 2.0941, 0.2962 1.0039 2.041, 0.3476 1.0039 2.0183, 0.3405 1.0039 2.0158, 0.0806 1.0039 2.0698, 0.0824 1.0039 2.055, 0.0373 1.0039 2.0423, 0.3344 1.0039 2.0117, 0.3295 1.0039 2.0062, 0.2772 1.0039 1.9977, 0.4409 1.0039 2.0268, 0.4383 1.0039 1.9699, 0.4252 1.0039 1.9658, 0.3262 1.0039 2.0, 0.3245 1.0039 1.993, 0.2772 1.0039 1.9901, 0.3244 1.0039 1.9859, 0.3735 1.0039 1.9673, 0.3675 1.0039 1.9631, 0.3915 1.0039 1.9244, 0.3605 1.0039 1.9605, 0.1459 1.0039 2.129, 0.1398 1.0039 2.129, 0.1087 1.0039 2.17, 0.1254 1.0039 2.1272, 0.1041 1.0039 2.1684, 0.1121 1.0039 2.1221, 0.0816 1.0039 2.157, 0.0612 1.0039 2.1395, 0.3594 1.0039 2.1541, 0.3538 1.0039 2.151, 0.3774 1.0039 2.2064, 0.3431 1.0039 2.1737, 0.3618 1.0039 2.2245, 0.3263 1.0039 2.1943, 0.344 1.0039 2.2398, 0.3053 1.0039 2.21, 0.3256 1.0039 2.2512, 0.3602 1.0039 2.0182, 0.3712 1.0039 2.0645, 0.3669 1.0039 2.0159, 0.3879 1.0039 2.0581, 0.373 1.0039 2.0119, 0.4035 1.0039 2.0474, 0.378 1.0039 2.0065, 0.416 1.0039 2.033, 0.3815 1.0039 1.9999, 0.3833 1.0039 1.9926, 0.0471 1.0039 2.0184, 0.0876 1.0039 2.0415, 0.0616 1.0039 1.9984, 0.2906 1.0039 2.2648, 0.2805 1.0039 2.2202, 0.2529 1.0039 2.2694, 0.1497 1.0039 2.23, 0.1765 1.0039 2.1923, 0.1249 1.0039 2.2014, 0.1601 1.0039 2.1712, 0.1493 1.0039 2.1463, 0.4546 1.0039 2.0408, 0.4859 1.0039 2.0022, 0.4653 1.0039 1.9841, 0.4677 1.0039 2.1048, 0.5175 1.0039 2.0939, 0.47 1.0039 2.0865, 0.5178 1.0039 2.085, 0.4691 1.0039 2.0749, 0.5149 1.0039 2.0584, 0.4637 1.0039 2.0563, 0.5048 1.0039 2.03, 0.4888 1.0039 2.0056, 0.3255 1.0039 2.0617, 0.3438 1.0039 2.0662, 0.3531 1.0039 2.0668, 0.1004 1.0039 2.1139, 0.0915 1.0039 2.104, 0.0459 1.0039 2.1178, 0.0845 1.0039 2.0909, 0.0368 1.0039 2.0945, 0.0809 1.0039 2.0763, 0.0335 1.0039 2.0706, 0.0336 1.0039 2.0672, 0.096 1.0039 2.0297, 0.097 1.0039 2.0285, 0.0832 1.0039 1.9804, 0.1083 1.0039 2.0194, 0.1064 1.0039 1.9693, 0.1217 1.0039 2.0132, 0.1307 1.0039 1.9643, 0.1352 1.0039 2.0106, 0.1755 1.0039 1.9643, 0.1694 1.0039 2.0106, 0.1792 1.0039 1.9648, 0.3764 1.0039 2.1602, 0.3861 1.0039 2.2075, 0.3941 1.0039 2.1624, 0.3948 1.0039 2.2079, 0.4018 1.0039 2.162, 0.4215 1.0039 2.205, 0.4206 1.0039 2.1576, 0.4498 1.0039 2.1949, 0.4375 1.0039 2.1486, 0.4753 1.0039 2.1778, 0.4507 1.0039 2.1369, 0.4821 1.0039 2.1715, 0.4612 1.0039 2.1218, 0.4987 1.0039 2.1508, 0.5115 1.0039 2.1239, 0.2552 1.0039 2.2238, 0.2521 1.0039 2.2239, 0.2216 1.0039 2.2661, 0.2276 1.0039 2.221, 0.1835 1.0039 2.2527, 0.2037 1.0039 2.2122, 0.1823 1.0039 2.1977, 0.3784 1.0039 1.9728, 0.3816 1.0039 1.979, 0.3833 1.0039 1.986, 0.3538 1.0039 2.0189, 0.3094 1.0039 2.053, 0.374 1.0039 1.9171, 0.356 1.0039 1.9142, 0.3538 1.0039 1.9597, 0.3531 1.0039 1.9142, 0.3474 1.0039 1.9604, 0.3347 1.0039 1.9164, 0.3408 1.0039 1.9628, 0.3178 1.0039 1.9229, 0.3348 1.0039 1.9667, 0.3027 1.0039 1.9335, 0.3298 1.0039 1.9721, 0.2909 1.0039 1.9466, 0.3263 1.0039 1.9786, 0.282 1.0039 1.9636, 0.2776 1.0039 1.9823, 0.1732 1.0039 2.0113, 0.1916 1.0039 1.9724, 0.1892 1.0039 1.9701, 0.1795 1.0039 2.0107, 0.1848 1.0039 2.0087, 0.1974 1.0039 1.9899, 0.1975 1.0039 1.9878, 0.1968 1.0039 1.9823, 0.1948 1.0039 1.9772, 0.1709 1.0039 2.0108, 0.1842 1.0039 1.9667, 0.1739 1.0039 2.0114, 0.1895 1.0039 2.0054, 0.1934 1.0039 2.001, 0.1961 1.0039 1.9957, 0.0567 1.0 2.1331, 0.0459 1.0 2.1178, 0.0396 1.0 2.1018, 0.0368 1.0 2.0945, 0.0335 1.0 2.0706, 0.0612 1.0 2.1395, 0.0816 1.0 2.157, 0.1041 1.0 2.1684, 0.1087 1.0 2.17, 0.1249 1.0 2.2014, 0.1497 1.0 2.23, 0.1671 1.0 2.2417, 0.1835 1.0 2.2527, 0.2216 1.0 2.2661, 0.2529 1.0 2.2694, 0.2906 1.0 2.2648, 0.3256 1.0 2.2512, 0.341 1.0 2.2417, 0.344 1.0 2.2398, 0.3618 1.0 2.2245, 0.3774 1.0 2.2064, 0.3861 1.0 2.2075, 0.3948 1.0 2.2079, 0.4215 1.0 2.205, 0.4498 1.0 2.1949, 0.4753 1.0 2.1778, 0.4821 1.0 2.1715, 0.4987 1.0 2.1508, 0.5071 1.0 2.1331, 0.5115 1.0 2.1239, 0.5159 1.0 2.1018, 0.5175 1.0 2.0939, 0.5178 1.0 2.085, 0.5149 1.0 2.0584, 0.5048 1.0 2.03, 0.4888 1.0 2.0056, 0.4859 1.0 2.0022, 0.4653 1.0 1.9841, 0.4383 1.0 1.9699, 0.4252 1.0 1.9658, 0.4242 1.0 1.9638, 0.4176 1.0 1.9496, 0.4063 1.0 1.9356, 0.3915 1.0 1.9244, 0.3845 1.0 1.9215, 0.374 1.0 1.9171, 0.356 1.0 1.9142, 0.3531 1.0 1.9142, 0.2772 1.0 1.9901, 0.3347 1.0 1.9164, 0.3216 1.0 1.9215, 0.3178 1.0 1.9229, 0.3027 1.0 1.9335, 0.2909 1.0 1.9466, 0.282 1.0 1.9636, 0.2819 1.0 1.9638, 0.2776 1.0 1.9823, 0.2772 1.0 1.9977, 0.1709 1.0 2.0539, 0.1944 1.0 2.0941, 0.2962 1.0 2.041, 0.3094 1.0 2.053, 0.3255 1.0 2.0617, 0.3438 1.0 2.0662, 0.3531 1.0 2.0668, 0.3712 1.0 2.0645, 0.3879 1.0 2.0581, 0.4035 1.0 2.0474, 0.416 1.0 2.033, 0.4244 1.0 2.0167, 0.4409 1.0 2.0268, 0.4546 1.0 2.0408, 0.4637 1.0 2.0563, 0.4691 1.0 2.0749, 0.47 1.0 2.0865, 0.4681 1.0 2.1018, 0.4677 1.0 2.1048, 0.4612 1.0 2.1218, 0.4533 1.0 2.1331, 0.4507 1.0 2.1369, 0.4375 1.0 2.1486, 0.4206 1.0 2.1576, 0.4018 1.0 2.162, 0.3941 1.0 2.1624, 0.3764 1.0 2.1602, 0.3594 1.0 2.1541, 0.3538 1.0 2.151, 0.3431 1.0 2.1737, 0.3263 1.0 2.1943, 0.3053 1.0 2.21, 0.2805 1.0 2.2202, 0.2552 1.0 2.2238, 0.2521 1.0 2.2239, 0.2276 1.0 2.221, 0.2037 1.0 2.2122, 0.1823 1.0 2.1977, 0.1765 1.0 2.1923, 0.1601 1.0 2.1712, 0.1493 1.0 2.1463, 0.1467 1.0 2.1331, 0.1459 1.0 2.129, 0.1398 1.0 2.129, 0.1254 1.0 2.1272, 0.1121 1.0 2.1221, 0.1004 1.0 2.1139, 0.0915 1.0 2.104, 0.0903 1.0 2.1018, 0.0845 1.0 2.0909, 0.0809 1.0 2.0763, 0.0806 1.0 2.0698, 0.0824 1.0 2.055, 0.0876 1.0 2.0415, 0.096 1.0 2.0297, 0.097 1.0 2.0285, 0.1083 1.0 2.0194, 0.1217 1.0 2.0132, 0.1352 1.0 2.0106, 0.1694 1.0 2.0106, 0.1709 1.0 2.0108, 0.1732 1.0 2.0113, 0.1739 1.0 2.0114, 0.1795 1.0 2.0107, 0.1848 1.0 2.0087, 0.1895 1.0 2.0054, 0.1934 1.0 2.001, 0.1961 1.0 1.9957, 0.1974 1.0 1.9899, 0.1975 1.0 1.9878, 0.1968 1.0 1.9823, 0.1948 1.0 1.9772, 0.1916 1.0 1.9724, 0.1892 1.0 1.9701, 0.1842 1.0 1.9667, 0.1792 1.0 1.9648, 0.1755 1.0 1.9643, 0.1307 1.0 1.9643, 0.1064 1.0 1.9693, 0.0832 1.0 1.9804, 0.0616 1.0 1.9984, 0.0471 1.0 2.0184, 0.0373 1.0 2.0423, 0.0336 1.0 2.0672, 0.3538 1.0 2.0189, 0.3476 1.0 2.0183, 0.3405 1.0 2.0158, 0.3344 1.0 2.0117, 0.3295 1.0 2.0062, 0.3262 1.0 2.0, 0.3245 1.0 1.993, 0.3244 1.0 1.9859, 0.3263 1.0 1.9786, 0.3298 1.0 1.9721, 0.3348 1.0 1.9667, 0.3408 1.0 1.9628, 0.3474 1.0 1.9604, 0.3538 1.0 1.9597, 0.3605 1.0 1.9605, 0.3675 1.0 1.9631, 0.3735 1.0 1.9673, 0.3784 1.0 1.9728, 0.3816 1.0 1.979, 0.3833 1.0 1.986, 0.3833 1.0 1.9926, 0.3815 1.0 1.9999, 0.378 1.0 2.0065, 0.373 1.0 2.0119, 0.3669 1.0 2.0159, 0.3602 1.0 2.0182
            ]
        }
        coordIndex [
            0,1,2,-1,3,4,5,-1,6,7,3,-1,8,9,10,-1,7,11,3,-1,3,11,12,-1,3,12,13,-1,14,15,2,-1,2,15,16,-1,2,16,0,-1,12,17,13,-1,13,17,18,-1,13,18,19,-1,19,18,20,-1,21,1,22,-1,22,1,23,-1,22,23,24,-1,25,26,27,-1,27,26,28,-1,27,28,29,-1,29,28,30,-1,29,30,31,-1,31,30,32,-1,33,34,35,-1,35,34,36,-1,35,36,37,-1,37,36,38,-1,37,38,39,-1,39,38,40,-1,39,40,41,-1,42,43,44,-1,44,43,45,-1,44,45,46,-1,46,45,47,-1,46,47,48,-1,48,47,49,-1,48,49,50,-1,50,49,2,-1,50,2,51,-1,10,9,52,-1,52,9,53,-1,52,53,54,-1,41,40,55,-1,55,40,56,-1,55,56,57,-1,58,59,60,-1,60,59,61,-1,60,61,27,-1,27,61,62,-1,27,62,25,-1,63,64,14,-1,14,64,65,-1,14,65,15,-1,66,67,68,-1,68,67,69,-1,68,69,70,-1,70,69,71,-1,70,71,72,-1,72,71,73,-1,72,73,63,-1,63,73,74,-1,63,74,64,-1,75,76,42,-1,42,76,77,-1,42,77,43,-1,30,78,32,-1,32,78,79,-1,32,79,80,-1,80,79,81,-1,80,81,82,-1,82,81,83,-1,82,83,84,-1,84,83,8,-1,84,8,85,-1,85,8,10,-1,53,86,54,-1,54,86,87,-1,54,87,88,-1,88,87,89,-1,88,89,90,-1,90,89,91,-1,90,91,92,-1,92,91,93,-1,92,93,94,-1,94,93,95,-1,94,95,96,-1,33,35,97,-1,97,35,98,-1,97,98,99,-1,99,98,100,-1,99,100,101,-1,101,100,102,-1,101,102,103,-1,103,102,104,-1,103,104,105,-1,105,104,106,-1,105,106,107,-1,107,106,108,-1,107,108,109,-1,109,108,110,-1,109,110,66,-1,66,110,111,-1,66,111,67,-1,56,112,57,-1,57,112,113,-1,57,113,114,-1,114,113,115,-1,114,115,116,-1,116,115,117,-1,116,117,58,-1,58,117,118,-1,58,118,59,-1,21,119,1,-1,1,119,120,-1,1,120,2,-1,2,120,121,-1,2,121,51,-1,6,3,122,-1,122,3,5,-1,122,5,42,-1,42,5,123,-1,42,123,75,-1,23,124,24,-1,24,124,125,-1,24,125,126,-1,126,125,127,-1,126,127,128,-1,128,127,129,-1,128,129,130,-1,130,129,131,-1,130,131,132,-1,132,131,133,-1,132,133,134,-1,134,133,135,-1,134,135,136,-1,136,135,137,-1,136,137,20,-1,20,137,138,-1,20,138,19,-1,139,140,141,-1,142,143,144,-1,145,146,139,-1,139,146,147,-1,139,147,140,-1,95,148,96,-1,96,148,139,-1,96,139,149,-1,149,139,141,-1,145,139,144,-1,144,139,150,-1,144,150,142,-1,143,151,144,-1,144,151,152,-1,144,152,153,-1,154,32,155,-1,155,32,80,-1,155,80,156,-1,156,80,82,-1,156,82,157,-1,157,82,84,-1,157,84,158,-1,154,159,32,-1,32,159,160,-1,32,160,31,-1,31,160,161,-1,31,161,29,-1,29,161,162,-1,29,162,27,-1,27,162,163,-1,27,163,60,-1,60,163,164,-1,60,164,58,-1,116,58,165,-1,165,58,164,-1,165,166,116,-1,116,166,167,-1,116,167,114,-1,114,167,168,-1,114,168,57,-1,57,168,169,-1,57,169,55,-1,55,169,170,-1,55,170,41,-1,41,170,39,-1,39,170,171,-1,39,171,172,-1,39,172,173,-1,39,173,37,-1,37,173,174,-1,37,174,35,-1,35,174,175,-1,35,175,98,-1,98,175,176,-1,98,176,100,-1,100,176,177,-1,100,177,102,-1,102,177,178,-1,102,178,104,-1,104,178,179,-1,104,179,106,-1,106,179,180,-1,106,180,108,-1,111,110,181,-1,181,110,108,-1,181,108,180,-1,181,182,111,-1,111,182,183,-1,111,183,67,-1,67,183,184,-1,184,185,67,-1,67,185,186,-1,67,186,69,-1,69,186,187,-1,69,187,71,-1,71,187,188,-1,71,188,73,-1,73,188,189,-1,73,189,74,-1,74,189,190,-1,74,190,64,-1,64,190,191,-1,64,191,65,-1,65,191,192,-1,65,192,15,-1,15,192,193,-1,15,193,16,-1,16,193,194,-1,16,194,0,-1,194,195,0,-1,0,195,196,-1,0,196,1,-1,1,196,197,-1,1,197,23,-1,23,197,198,-1,23,198,124,-1,198,199,124,-1,124,199,200,-1,124,200,125,-1,125,200,201,-1,125,201,127,-1,202,19,138,-1,127,201,203,-1,204,131,203,-1,203,131,129,-1,203,129,127,-1,204,205,131,-1,131,205,206,-1,131,206,133,-1,133,206,207,-1,133,207,135,-1,135,207,208,-1,135,208,137,-1,137,208,209,-1,137,209,138,-1,138,209,210,-1,138,210,202,-1,13,19,211,-1,211,19,202,-1,3,13,212,-1,212,13,211,-1,4,3,213,-1,213,3,212,-1,5,4,214,-1,214,4,213,-1,5,214,215,-1,5,215,123,-1,123,215,216,-1,123,216,75,-1,75,216,217,-1,75,217,76,-1,76,217,218,-1,76,218,77,-1,77,218,219,-1,77,219,43,-1,43,219,220,-1,43,220,45,-1,45,220,221,-1,45,221,47,-1,47,221,222,-1,47,222,49,-1,49,222,223,-1,49,223,2,-1,2,223,224,-1,2,224,14,-1,14,224,225,-1,14,225,63,-1,63,225,226,-1,63,226,72,-1,72,226,227,-1,72,227,70,-1,70,227,228,-1,70,228,68,-1,66,68,228,-1,228,229,66,-1,66,229,230,-1,66,230,231,-1,232,107,231,-1,231,107,109,-1,231,109,66,-1,232,233,107,-1,107,233,234,-1,107,234,105,-1,105,234,235,-1,105,235,103,-1,103,235,236,-1,103,236,101,-1,101,236,237,-1,101,237,99,-1,99,237,238,-1,99,238,97,-1,97,238,239,-1,97,239,33,-1,33,239,240,-1,33,240,34,-1,34,240,241,-1,34,241,36,-1,36,241,242,-1,36,242,38,-1,38,242,243,-1,38,243,40,-1,40,243,244,-1,40,244,56,-1,56,244,245,-1,56,245,112,-1,112,245,246,-1,112,246,113,-1,113,246,247,-1,113,247,115,-1,115,247,248,-1,115,248,117,-1,117,248,249,-1,117,249,118,-1,118,249,250,-1,118,250,59,-1,59,250,251,-1,59,251,61,-1,61,251,252,-1,61,252,62,-1,62,252,25,-1,25,252,253,-1,25,253,254,-1,26,25,255,-1,255,25,254,-1,26,255,256,-1,26,256,28,-1,28,256,257,-1,28,257,30,-1,30,257,258,-1,30,258,78,-1,78,258,259,-1,78,259,79,-1,79,259,260,-1,79,260,81,-1,260,261,81,-1,81,261,262,-1,81,262,83,-1,83,262,263,-1,83,263,8,-1,8,263,264,-1,8,264,9,-1,9,264,265,-1,9,265,53,-1,53,265,266,-1,53,266,86,-1,86,266,267,-1,86,267,87,-1,87,267,268,-1,87,268,89,-1,89,268,269,-1,89,269,91,-1,91,269,270,-1,91,270,93,-1,95,93,271,-1,271,93,270,-1,95,271,272,-1,95,272,148,-1,148,272,273,-1,148,273,139,-1,139,273,274,-1,139,274,150,-1,150,274,275,-1,150,275,142,-1,142,275,276,-1,142,276,143,-1,143,276,277,-1,143,277,151,-1,151,277,278,-1,151,278,152,-1,152,278,279,-1,152,279,153,-1,153,279,280,-1,153,280,144,-1,144,280,281,-1,144,281,145,-1,145,281,282,-1,145,282,146,-1,146,282,283,-1,146,283,147,-1,147,283,284,-1,147,284,140,-1,140,284,285,-1,140,285,141,-1,141,285,286,-1,141,286,149,-1,149,286,287,-1,149,287,96,-1,96,287,288,-1,96,288,94,-1,92,94,289,-1,289,94,288,-1,92,289,290,-1,92,290,90,-1,90,290,291,-1,90,291,88,-1,88,291,292,-1,88,292,54,-1,54,292,293,-1,54,293,52,-1,52,293,294,-1,52,294,10,-1,10,294,295,-1,10,295,85,-1,85,295,158,-1,85,158,84,-1,122,296,297,-1,122,297,6,-1,6,297,298,-1,6,298,7,-1,7,298,299,-1,7,299,11,-1,11,299,300,-1,11,300,12,-1,12,300,301,-1,12,301,17,-1,17,301,302,-1,17,302,18,-1,18,302,303,-1,18,303,20,-1,20,303,304,-1,20,304,136,-1,136,304,305,-1,136,305,134,-1,134,305,306,-1,134,306,132,-1,132,306,307,-1,132,307,130,-1,130,307,308,-1,130,308,128,-1,128,308,309,-1,128,309,126,-1,126,309,310,-1,126,310,24,-1,24,310,311,-1,24,311,22,-1,22,311,312,-1,22,312,21,-1,21,312,313,-1,21,313,119,-1,119,313,314,-1,119,314,120,-1,120,314,315,-1,120,315,121,-1,121,315,316,-1,121,316,51,-1,51,316,317,-1,51,317,50,-1,50,317,318,-1,50,318,48,-1,48,318,319,-1,48,319,46,-1,46,319,320,-1,46,320,44,-1,44,320,321,-1,44,321,42,-1,42,321,296,-1,42,296,122,-1,
        ]
    }
}
Shape{
    appearance Appearance {
        material  Material 	{
            diffuseColor 0.25098039215686274 0.25098039215686274 0.25098039215686274
            specularColor 0.2196078431372549 0.2196078431372549 0.2196078431372549
            ambientIntensity 0.251
            transparency 0.0
            shininess 0.5
        }
    }
    geometry IndexedFaceSet {
        ccw TRUE
        solid FALSE
        coord DEF co Coordinate {
            point [
                0.3833 1.0 1.986, 0.3602 1.0 2.0182, 0.3833 1.0 1.9926, 0.3669 1.0 2.0159, 0.3245 1.0 1.993, 0.3262 1.0 2.0, 0.3408 1.0 1.9628, 0.3295 1.0 2.0062, 0.3344 1.0 2.0117, 0.373 1.0 2.0119, 0.378 1.0 2.0065, 0.3815 1.0 1.9999, 0.3816 1.0 1.979, 0.3784 1.0 1.9728, 0.3735 1.0 1.9673, 0.3348 1.0 1.9667, 0.3298 1.0 1.9721, 0.3244 1.0 1.9859, 0.3263 1.0 1.9786, 0.3538 1.0 1.9597, 0.3538 1.0 2.0189, 0.3474 1.0 1.9604, 0.3476 1.0 2.0183, 0.3405 1.0 2.0158, 0.3675 1.0 1.9631, 0.3605 1.0 1.9605
            ]
        }
        coordIndex [
            0,1,2,-1,2,1,3,-1,4,5,6,-1,6,5,7,-1,6,7,8,-1,3,9,2,-1,2,9,10,-1,2,10,11,-1,0,12,1,-1,1,12,13,-1,1,13,14,-1,6,15,4,-1,4,15,16,-1,4,16,17,-1,17,16,18,-1,1,19,20,-1,20,19,21,-1,20,21,22,-1,22,21,6,-1,22,6,23,-1,23,6,8,-1,14,24,1,-1,1,24,25,-1,1,25,19,-1,
        ]
    }
}