ISO-10303-21;
HEADER;
FILE_DESCRIPTION (( 'STEP AP214' ),
    '1' );
FILE_NAME ('PWRM-TH_4P-L11.5-W6.0-P2.54_B1503S.STEP',
    '2022-12-12T12:00:28',
    ( '' ),
    ( '' ),
    'SwSTEP 2.0',
    'SolidWorks 2020',
    '' );
FILE_SCHEMA (( 'AUTOMOTIVE_DESIGN' ));
ENDSEC;

DATA;
#1 = CARTESIAN_POINT ( 'NONE',  ( 4.783365120864023545, -3.000000000000000000, 1.678818823713545738 ) ) ;
#2 = CARTESIAN_POINT ( 'NONE',  ( -5.549999999999999822, 2.799999999999999822, 10.00000000000000000 ) ) ;
#3 = ORIENTED_EDGE ( 'NONE', *, *, #2221, .T. ) ;
#4 = VERTEX_POINT ( 'NONE', #7203 ) ;
#5 = DIRECTION ( 'NONE',  ( 0.000000000000000000, -1.000000000000000000, 0.000000000000000000 ) ) ;
#6 = CARTESIAN_POINT ( 'NONE',  ( 2.031283406801365210, -3.000000000000000000, 2.319040237500154422 ) ) ;
#7 = EDGE_LOOP ( 'NONE', ( #6290, #1167, #5697, #6298 ) ) ;
#8 = CARTESIAN_POINT ( 'NONE',  ( 3.464428110479771394, -3.010000000000000231, 2.099634232365364284 ) ) ;
#9 = CARTESIAN_POINT ( 'NONE',  ( 4.435414637056361187, -3.010000000000000231, 2.342462734712048356 ) ) ;
#10 = CARTESIAN_POINT ( 'NONE',  ( 1.580408640940868192, -3.000000000000000000, 2.013902796016769692 ) ) ;
#11 = CARTESIAN_POINT ( 'NONE',  ( 4.055534579442018561, -3.010000000000000231, 2.346556269815353701 ) ) ;
#12 = ORIENTED_EDGE ( 'NONE', *, *, #3166, .T. ) ;
#13 = EDGE_CURVE ( 'NONE', #6368, #7795, #6424, .T. ) ;
#14 = VERTEX_POINT ( 'NONE', #6473 ) ;
#15 = DIRECTION ( 'NONE',  ( -1.000000000000000000, 0.000000000000000000, -0.000000000000000000 ) ) ;
#16 = ORIENTED_EDGE ( 'NONE', *, *, #1939, .F. ) ;
#17 = CARTESIAN_POINT ( 'NONE',  ( 3.744589652970312876, -3.010000000000000231, 1.722046554408605656 ) ) ;
#18 = ORIENTED_EDGE ( 'NONE', *, *, #9052, .F. ) ;
#19 = SURFACE_SIDE_STYLE ('',( #1557 ) ) ;
#20 = ORIENTED_EDGE ( 'NONE', *, *, #4914, .T. ) ;
#21 = CARTESIAN_POINT ( 'NONE',  ( 3.559999999999998277, -2.449999999999999289, -4.099999999999999645 ) ) ;
#22 = VERTEX_POINT ( 'NONE', #8709 ) ;
#23 = CARTESIAN_POINT ( 'NONE',  ( 1.858220344958817494, -3.010000000000000231, 1.558473852782332303 ) ) ;
#24 = ADVANCED_FACE ( 'NONE', ( #2045 ), #5015, .F. ) ;
#25 = EDGE_CURVE ( 'NONE', #9445, #412, #2432, .T. ) ;
#26 = EDGE_CURVE ( 'NONE', #9445, #5833, #8841, .T. ) ;
#27 = EDGE_CURVE ( 'NONE', #9127, #9483, #861, .T. ) ;
#28 = B_SPLINE_SURFACE_WITH_KNOTS ( 'NONE', 3, 1, ( 
 ( #6813, #3883 ),
 ( #5454, #2334 ),
 ( #1705, #1753 ),
 ( #7643, #5411 ) ),
 .UNSPECIFIED., .F., .F., .F.,
 ( 4, 4 ),
 ( 2, 2 ),
 ( 12.00000000000000000, 13.00000000000000000 ),
 ( 0.000000000000000000, 1.000000000000000000 ),
 .UNSPECIFIED. ) ;
#29 = DIRECTION ( 'NONE',  ( 0.000000000000000000, -0.000000000000000000, 1.000000000000000000 ) ) ;
#30 = ORIENTED_EDGE ( 'NONE', *, *, #4925, .T. ) ;
#31 = CARTESIAN_POINT ( 'NONE',  ( 3.950740080787856989, -3.010000000000000231, 1.481674173123481486 ) ) ;
#32 = FACE_OUTER_BOUND ( 'NONE', #6960, .T. ) ;
#33 = ORIENTED_EDGE ( 'NONE', *, *, #8763, .F. ) ;
#34 = FILL_AREA_STYLE ('',( #7427 ) ) ;
#35 =( LENGTH_UNIT ( ) NAMED_UNIT ( * ) SI_UNIT ( .MILLI., .METRE. ) );
#36 = CARTESIAN_POINT ( 'NONE',  ( 4.815785918882599326, -3.000000000000000000, 1.875308508687761222 ) ) ;
#37 = FACE_OUTER_BOUND ( 'NONE', #2840, .T. ) ;
#38 = FACE_OUTER_BOUND ( 'NONE', #8773, .T. ) ;
#39 = VECTOR ( 'NONE', #3115, 1000.000000000000000 ) ;
#40 = EDGE_CURVE ( 'NONE', #6678, #9127, #2898, .T. ) ;
#41 = ADVANCED_FACE ( 'NONE', ( #38 ), #2361, .F. ) ;
#42 = UNCERTAINTY_MEASURE_WITH_UNIT (LENGTH_MEASURE( 1.000000000000000082E-05 ), #35, 'distance_accuracy_value', 'NONE');
#43 = ORIENTED_EDGE ( 'NONE', *, *, #3211, .F. ) ;
#44 = CARTESIAN_POINT ( 'NONE',  ( 3.762028112511472955, -3.000000000000000000, 1.554211615159752924 ) ) ;
#45 = CARTESIAN_POINT ( 'NONE',  ( 3.887863381597113310, -3.010000000000000231, 1.778864821645272709 ) ) ;
#46 = LINE ( 'NONE', #4417, #7041 ) ;
#48 = CARTESIAN_POINT ( 'NONE',  ( 3.641841921869984677, -3.000000000000000000, 2.351468511938452188 ) ) ;
#47 = VECTOR ( 'NONE', #7628, 1000.000000000000000 ) ;
#49 = CARTESIAN_POINT ( 'NONE',  ( 2.728089744678212636, -3.000000000000000000, 1.692825364543246502 ) ) ;
#50 = VECTOR ( 'NONE', #341, 999.9999999999998863 ) ;
#51 = VECTOR ( 'NONE', #8497, 1000.000000000000000 ) ;
#52 = ORIENTED_EDGE ( 'NONE', *, *, #3105, .F. ) ;
#53 = ORIENTED_EDGE ( 'NONE', *, *, #2214, .T. ) ;
#54 = FACE_BOUND ( 'NONE', #6378, .T. ) ;
#55 = DIRECTION ( 'NONE',  ( -0.000000000000000000, 1.000000000000000000, -0.000000000000000000 ) ) ;
#56 = B_SPLINE_CURVE_WITH_KNOTS ( 'NONE', 3,
 ( #5522, #4591, #2497, #8484 ),
 .UNSPECIFIED., .F., .F.,
 ( 4, 4 ),
 ( 3.000000000000000000, 4.000000000000000000 ),
 .UNSPECIFIED. ) ;
#57 = CARTESIAN_POINT ( 'NONE',  ( 3.927980025612624271, -3.010000000000000231, 1.450563306336576375 ) ) ;
#58 = VERTEX_POINT ( 'NONE', #5876 ) ;
#59 = SURFACE_STYLE_FILL_AREA ( #6713 ) ;
#60 = CARTESIAN_POINT ( 'NONE',  ( 1.723868854915553195, -3.000000000000000000, 1.920539966459761771 ) ) ;
#61 = FILL_AREA_STYLE_COLOUR ( '', #3609 ) ;
#62 = VECTOR ( 'NONE', #5465, 1000.000000000000000 ) ;
#63 = MECHANICAL_DESIGN_GEOMETRIC_PRESENTATION_REPRESENTATION (  '', ( #2089 ), #5189 ) ;
#64 = VERTEX_POINT ( 'NONE', #1575 ) ;
#65 = B_SPLINE_CURVE_WITH_KNOTS ( 'NONE', 3,
 ( #6472, #9437, #2041, #1209 ),
 .UNSPECIFIED., .F., .F.,
 ( 4, 4 ),
 ( 3.000000000000000000, 4.000000000000000000 ),
 .UNSPECIFIED. ) ;
#66 = ORIENTED_EDGE ( 'NONE', *, *, #1825, .T. ) ;
#67 = ORIENTED_EDGE ( 'NONE', *, *, #618, .T. ) ;
#68 = CARTESIAN_POINT ( 'NONE',  ( 4.223860742902751042, -3.010000000000000231, 1.699286499232271597 ) ) ;
#69 = COLOUR_RGB ( '',0.6666666666666666297, 0.6666666666666666297, 0.6666666666666666297 ) ;
#70 = AXIS2_PLACEMENT_3D ( 'NONE', #243, #6949, #1881 ) ;
#71 = ORIENTED_EDGE ( 'NONE', *, *, #3348, .T. ) ;
#72 = LINE ( 'NONE', #8044, #2824 ) ;
#73 = ORIENTED_EDGE ( 'NONE', *, *, #8722, .T. ) ;
#74 = VERTEX_POINT ( 'NONE', #1633 ) ;
#75 =( NAMED_UNIT ( * ) SI_UNIT ( $, .STERADIAN. ) SOLID_ANGLE_UNIT ( ) );
#76 = DIRECTION ( 'NONE',  ( -0.000000000000000000, 1.000000000000000000, -0.000000000000000000 ) ) ;
#77 = ORIENTED_EDGE ( 'NONE', *, *, #2214, .F. ) ;
#78 = LINE ( 'NONE', #6098, #2596 ) ;
#79 = EDGE_CURVE ( 'NONE', #7568, #1561, #2318, .T. ) ;
#80 = CARTESIAN_POINT ( 'NONE',  ( 3.628660738836102073, -3.000000000000000000, 2.057716432904142412 ) ) ;
#81 =( NAMED_UNIT ( * ) PLANE_ANGLE_UNIT ( ) SI_UNIT ( $, .RADIAN. ) );
#82 = VECTOR ( 'NONE', #6488, 1000.000000000000000 ) ;
#83 = DIRECTION ( 'NONE',  ( 0.3493954794972894962, 0.000000000000000000, -0.9369753459439896792 ) ) ;
#84 = VERTEX_POINT ( 'NONE', #5239 ) ;
#85 = CARTESIAN_POINT ( 'NONE',  ( 3.628660738836102073, -3.010000000000000231, 2.057716432904142412 ) ) ;
#86 = CARTESIAN_POINT ( 'NONE',  ( 2.892044212887547872, -3.010000000000000231, 1.870442668909382711 ) ) ;
#87 = ORIENTED_EDGE ( 'NONE', *, *, #3763, .T. ) ;
#88 = VECTOR ( 'NONE', #3587, 1000.000000000000227 ) ;
#89 = CARTESIAN_POINT ( 'NONE',  ( 4.837481654933205810, -3.010000000000000231, 1.834373157650283970 ) ) ;
#90 = CARTESIAN_POINT ( 'NONE',  ( 4.274948060994349319, -3.010000000000000231, 2.227352527598723597 ) ) ;
#91 = EDGE_CURVE ( 'NONE', #9454, #2862, #3757, .T. ) ;
#92 = DIRECTION ( 'NONE',  ( 1.000000000000000000, 0.000000000000000000, 0.000000000000000000 ) ) ;
#93 = CARTESIAN_POINT ( 'NONE',  ( 2.611955376748436919, -3.010000000000000231, 1.695102474946761362 ) ) ;
#94 = AXIS2_PLACEMENT_3D ( 'NONE', #7919, #1994, #6330 ) ;
#95 = ADVANCED_FACE ( 'NONE', ( #5921 ), #4870, .F. ) ;
#96 = ORIENTED_EDGE ( 'NONE', *, *, #2351, .T. ) ;
#97 = CARTESIAN_POINT ( 'NONE',  ( 4.274948060994349319, -3.010000000000000231, 2.177738882142746135 ) ) ;
#98 = CARTESIAN_POINT ( 'NONE',  ( 3.518626515250925735, -3.000000000000000000, 2.101435387811084077 ) ) ;
#99 = CARTESIAN_POINT ( 'NONE',  ( 2.181574995421891039, -3.010000000000000231, 2.437451794555671292 ) ) ;
#100 =( NAMED_UNIT ( * ) PLANE_ANGLE_UNIT ( ) SI_UNIT ( $, .RADIAN. ) );
#101 = ADVANCED_FACE ( 'NONE', ( #142 ), #4609, .F. ) ;
#102 =( GEOMETRIC_REPRESENTATION_CONTEXT ( 3 ) GLOBAL_UNCERTAINTY_ASSIGNED_CONTEXT ( ( #5778 ) ) GLOBAL_UNIT_ASSIGNED_CONTEXT ( ( #4186, #4763, #2051 ) ) REPRESENTATION_CONTEXT ( 'NONE', 'WORKASPACE' ) );
#103 = CARTESIAN_POINT ( 'NONE',  ( 2.101874915153297163, -3.000000000000000000, 2.380523163077156834 ) ) ;
#104 = B_SPLINE_CURVE_WITH_KNOTS ( 'NONE', 3,
 ( #6400, #9363, #9174, #4768 ),
 .UNSPECIFIED., .F., .F.,
 ( 4, 4 ),
 ( 12.00000000000000000, 13.00000000000000000 ),
 .UNSPECIFIED. ) ;
#105 = ADVANCED_FACE ( 'NONE', ( #806 ), #761, .T. ) ;
#106 = ORIENTED_EDGE ( 'NONE', *, *, #8957, .T. ) ;
#107 = ORIENTED_EDGE ( 'NONE', *, *, #1815, .T. ) ;
#108 = CARTESIAN_POINT ( 'NONE',  ( 3.451410668849840491, -3.000000000000000000, 1.699286499232269598 ) ) ;
#109 = CARTESIAN_POINT ( 'NONE',  ( -4.447228653561730027, -3.000000000000000000, 2.086582983371502387 ) ) ;
#110 = B_SPLINE_CURVE_WITH_KNOTS ( 'NONE', 3,
 ( #682, #7442, #3642, #5021 ),
 .UNSPECIFIED., .F., .F.,
 ( 4, 4 ),
 ( 4.000000000000000000, 5.000000000000000000 ),
 .UNSPECIFIED. ) ;
#111 = CARTESIAN_POINT ( 'NONE',  ( 3.887863381597113310, -3.010000000000000231, 1.778864821645272709 ) ) ;
#112 = CARTESIAN_POINT ( 'NONE',  ( 4.139288307660310196, -3.010000000000000231, 1.783777063770563887 ) ) ;
#113 = CARTESIAN_POINT ( 'NONE',  ( 3.826460355043078465, -3.010000000000000231, 1.647707956926624862 ) ) ;
#114 = FACE_OUTER_BOUND ( 'NONE', #1958, .T. ) ;
#115 = EDGE_CURVE ( 'NONE', #3299, #6678, #5284, .T. ) ;
#116 = VECTOR ( 'NONE', #1893, 1000.000000000000000 ) ;
#117 = B_SPLINE_SURFACE_WITH_KNOTS ( 'NONE', 3, 1, ( 
 ( #7962, #5100 ),
 ( #7504, #1615 ),
 ( #4356, #4592 ),
 ( #7330, #8236 ) ),
 .UNSPECIFIED., .F., .F., .F.,
 ( 4, 4 ),
 ( 2, 2 ),
 ( 11.00000000000000000, 12.00000000000000000 ),
 ( 0.000000000000000000, 1.000000000000000000 ),
 .UNSPECIFIED. ) ;
#118 = ORIENTED_EDGE ( 'NONE', *, *, #5261, .F. ) ;
#119 = ORIENTED_EDGE ( 'NONE', *, *, #4423, .F. ) ;
#120 = LINE ( 'NONE', #3071, #7195 ) ;
#121 = VECTOR ( 'NONE', #432, 1000.000000000000000 ) ;
#122 = VERTEX_POINT ( 'NONE', #4558 ) ;
#123 = CARTESIAN_POINT ( 'NONE',  ( 4.543811446598688519, -3.010000000000000231, 1.591544655305799694 ) ) ;
#124 = ORIENTED_EDGE ( 'NONE', *, *, #547, .T. ) ;
#125 = CARTESIAN_POINT ( 'NONE',  ( 3.557515098735669845, -3.010000000000000231, 1.648526663946418003 ) ) ;
#126 = EDGE_LOOP ( 'NONE', ( #8302, #6512 ) ) ;
#127 = B_SPLINE_SURFACE_WITH_KNOTS ( 'NONE', 3, 1, ( 
 ( #8207, #6025 ),
 ( #7534, #868 ),
 ( #3817, #3092 ),
 ( #248, #954 ) ),
 .UNSPECIFIED., .F., .F., .F.,
 ( 4, 4 ),
 ( 2, 2 ),
 ( 7.000000000000000000, 8.000000000000000000 ),
 ( 0.000000000000000000, 1.000000000000000000 ),
 .UNSPECIFIED. ) ;
#128 =( LENGTH_UNIT ( ) NAMED_UNIT ( * ) SI_UNIT ( .MILLI., .METRE. ) );
#129 = PLANE ( 'NONE',  #505 ) ;
#130 = CARTESIAN_POINT ( 'NONE',  ( 2.072272002136880786, -3.000000000000000000, 1.717873926451140010 ) ) ;
#131 = FILL_AREA_STYLE ('',( #3703 ) ) ;
#132 = CARTESIAN_POINT ( 'NONE',  ( 3.798133092125633770, -3.010000000000000231, 1.747917696262322185 ) ) ;
#133 = DIRECTION ( 'NONE',  ( -0.000000000000000000, 1.000000000000000000, -0.000000000000000000 ) ) ;
#134 = EDGE_LOOP ( 'NONE', ( #4329, #452, #5276, #9521, #7123, #8395, #1955, #3997, #7337, #5703, #310, #2827 ) ) ;
#135 = DIRECTION ( 'NONE',  ( -0.000000000000000000, 1.000000000000000000, -0.000000000000000000 ) ) ;
#136 = DIRECTION ( 'NONE',  ( 1.000000000000000000, 0.000000000000000000, 0.000000000000000000 ) ) ;
#137 = VERTEX_POINT ( 'NONE', #7525 ) ;
#138 = CARTESIAN_POINT ( 'NONE',  ( 3.826460355043078465, -3.000000000000000000, 1.647707956926624862 ) ) ;
#139 = FACE_OUTER_BOUND ( 'NONE', #2877, .T. ) ;
#140 = DIRECTION ( 'NONE',  ( -1.000000000000000000, -0.000000000000000000, -0.000000000000000000 ) ) ;
#141 = FACE_OUTER_BOUND ( 'NONE', #4640, .T. ) ;
#142 = FACE_OUTER_BOUND ( 'NONE', #3494, .T. ) ;
#143 = UNCERTAINTY_MEASURE_WITH_UNIT (LENGTH_MEASURE( 1.000000000000000082E-05 ), #7667, 'distance_accuracy_value', 'NONE');
#144 = EDGE_CURVE ( 'NONE', #2578, #771, #4505, .T. ) ;
#145 = ORIENTED_EDGE ( 'NONE', *, *, #5200, .F. ) ;
#146 = CARTESIAN_POINT ( 'NONE',  ( 3.632672403237443337, -3.010000000000000231, 1.601205398150215675 ) ) ;
#147 = CARTESIAN_POINT ( 'NONE',  ( 0.000000000000000000, -3.010000000000000231, 0.000000000000000000 ) ) ;
#148 = CARTESIAN_POINT ( 'NONE',  ( 4.506642147858789471, -3.010000000000000231, 1.875308508687761222 ) ) ;
#149 = CARTESIAN_POINT ( 'NONE',  ( 3.467784809264184975, -3.010000000000000231, 1.591544655305791034 ) ) ;
#150 = CARTESIAN_POINT ( 'NONE',  ( 3.717326709180762911, -3.010000000000000231, 2.332474509059698331 ) ) ;
#151 = CARTESIAN_POINT ( 'NONE',  ( 2.204346490359375910, -3.000000000000000000, 1.831731314276693112 ) ) ;
#152 = EDGE_CURVE ( 'NONE', #3733, #7976, #3809, .T. ) ;
#153 = CARTESIAN_POINT ( 'NONE',  ( 4.435414637056361187, -3.010000000000000231, 2.342462734712048356 ) ) ;
#154 = EDGE_CURVE ( 'NONE', #1225, #8677, #5191, .T. ) ;
#155 = ADVANCED_FACE ( 'NONE', ( #7578 ), #3624, .T. ) ;
#156 = ORIENTED_EDGE ( 'NONE', *, *, #2395, .T. ) ;
#157 = CARTESIAN_POINT ( 'NONE',  ( 4.032774524265682281, -3.000000000000000000, 1.603497777807805003 ) ) ;
#158 = PLANE ( 'NONE',  #6893 ) ;
#159 = PLANE ( 'NONE',  #2416 ) ;
#160 = CARTESIAN_POINT ( 'NONE',  ( 4.627728916223118993, -3.010000000000000231, 1.599895466916377851 ) ) ;
#161 = EDGE_LOOP ( 'NONE', ( #4991, #1944, #9111, #1383 ) ) ;
#162 = CARTESIAN_POINT ( 'NONE',  ( 4.597436756455998363, -3.010000000000000231, 1.808338274392610856 ) ) ;
#163 = FACE_OUTER_BOUND ( 'NONE', #2712, .T. ) ;
#164 = LINE ( 'NONE', #8380, #2545 ) ;
#165 = ORIENTED_EDGE ( 'NONE', *, *, #4005, .F. ) ;
#166 = ADVANCED_FACE ( 'NONE', ( #3186 ), #9175, .F. ) ;
#167 = VERTEX_POINT ( 'NONE', #5480 ) ;
#168 = VERTEX_POINT ( 'NONE', #4769 ) ;
#169 = FILL_AREA_STYLE_COLOUR ( '', #6599 ) ;
#170 = ORIENTED_EDGE ( 'NONE', *, *, #7004, .F. ) ;
#171 = CARTESIAN_POINT ( 'NONE',  ( 3.755969680558477464, -3.000000000000000000, 1.685859704092445677 ) ) ;
#172 = EDGE_LOOP ( 'NONE', ( #4534, #7701, #6439 ) ) ;
#173 = CARTESIAN_POINT ( 'NONE',  ( 4.182516038355378996, -3.010000000000000231, 1.875308508687759446 ) ) ;
#174 = ORIENTED_EDGE ( 'NONE', *, *, #6041, .T. ) ;
#175 = DIRECTION ( 'NONE',  ( -0.000000000000000000, -0.000000000000000000, -1.000000000000000000 ) ) ;
#176 = LINE ( 'NONE', #7898, #3143 ) ;
#177 = CARTESIAN_POINT ( 'NONE',  ( 3.833664976824861181, -3.010000000000000231, 1.684713514262567546 ) ) ;
#178 = ORIENTED_EDGE ( 'NONE', *, *, #7509, .T. ) ;
#179 = ORIENTED_EDGE ( 'NONE', *, *, #8652, .T. ) ;
#180 = CARTESIAN_POINT ( 'NONE',  ( 4.506642147858789471, -3.010000000000000231, 1.875308508687761222 ) ) ;
#181 = LINE ( 'NONE', #5532, #6733 ) ;
#182 = ORIENTED_EDGE ( 'NONE', *, *, #6943, .T. ) ;
#183 = CARTESIAN_POINT ( 'NONE',  ( 3.943781071112012704, -3.000000000000000000, 1.447288478253044630 ) ) ;
#184 = B_SPLINE_CURVE_WITH_KNOTS ( 'NONE', 3,
 ( #3702, #2969, #5951, #8971 ),
 .UNSPECIFIED., .F., .F.,
 ( 4, 4 ),
 ( 4.000000000000000000, 5.000000000000000000 ),
 .UNSPECIFIED. ) ;
#185 = CARTESIAN_POINT ( 'NONE',  ( 2.807789911811908734, -3.000000000000000000, 2.171025802717343911 ) ) ;
#186 = CARTESIAN_POINT ( 'NONE',  ( 2.570966781411831992, -3.010000000000000231, 1.556196655510438731 ) ) ;
#187 = PLANE ( 'NONE',  #6582 ) ;
#188 =( NAMED_UNIT ( * ) SI_UNIT ( $, .STERADIAN. ) SOLID_ANGLE_UNIT ( ) );
#189 = EDGE_CURVE ( 'NONE', #3199, #2575, #7726, .T. ) ;
#190 = EDGE_LOOP ( 'NONE', ( #1530, #5998, #6306, #8676, #6144, #4629, #350, #2327, #156, #604, #9598, #2773, #5089, #2408 ) ) ;
#191 = CARTESIAN_POINT ( 'NONE',  ( 3.506182168535952659, -3.000000000000000000, 1.616269607331789260 ) ) ;
#192 = CARTESIAN_POINT ( 'NONE',  ( 3.491199830056338271, -3.000000000000000000, 2.130581357748316584 ) ) ;
#193 = LINE ( 'NONE', #2570, #50 ) ;
#194 = B_SPLINE_SURFACE_WITH_KNOTS ( 'NONE', 3, 1, ( 
 ( #1080, #2050 ),
 ( #7797, #1126 ),
 ( #7754, #4041 ),
 ( #3315, #9256 ) ),
 .UNSPECIFIED., .F., .F., .F.,
 ( 4, 4 ),
 ( 2, 2 ),
 ( 19.00000000000000000, 20.00000000000000000 ),
 ( 0.000000000000000000, 1.000000000000000000 ),
 .UNSPECIFIED. ) ;
#195 = CARTESIAN_POINT ( 'NONE',  ( 3.336873556650385986, -3.010000000000000231, 1.591544655305791034 ) ) ;
#196 = CARTESIAN_POINT ( 'NONE',  ( 4.433859093716586486, -3.000000000000000000, 2.332801991867621716 ) ) ;
#197 = DIRECTION ( 'NONE',  ( -0.000000000000000000, 1.000000000000000000, -0.000000000000000000 ) ) ;
#198 = EDGE_CURVE ( 'NONE', #6388, #2737, #6950, .T. ) ;
#199 = VERTEX_POINT ( 'NONE', #6256 ) ;
#200 = CARTESIAN_POINT ( 'NONE',  ( 4.432139808972852535, -3.010000000000000231, 2.325269887276831593 ) ) ;
#201 = MECHANICAL_DESIGN_GEOMETRIC_PRESENTATION_REPRESENTATION (  '', ( #4214 ), #4531 ) ;
#202 = ORIENTED_EDGE ( 'NONE', *, *, #1345, .F. ) ;
#203 = EDGE_LOOP ( 'NONE', ( #9594, #9441, #6157, #465, #8619, #3177 ) ) ;
#204 = CARTESIAN_POINT ( 'NONE',  ( 4.456619148892922766, -3.010000000000000231, 1.838466692755773568 ) ) ;
#205 = CARTESIAN_POINT ( 'NONE',  ( 3.589117189735551161, -3.000000000000000000, 1.582538878077187183 ) ) ;
#206 = DIRECTION ( 'NONE',  ( -0.000000000000000000, -1.000000000000000000, -0.000000000000000000 ) ) ;
#207 = LINE ( 'NONE', #3250, #4611 ) ;
#208 = LINE ( 'NONE', #2533, #7523 ) ;
#209 = ADVANCED_FACE ( 'NONE', ( #1834, #3335 ), #3862, .T. ) ;
#210 = CARTESIAN_POINT ( 'NONE',  ( 4.142071911529770389, -3.000000000000000000, 2.346556269815353701 ) ) ;
#211 = VECTOR ( 'NONE', #1706, 1000.000000000000000 ) ;
#212 = ADVANCED_FACE ( 'NONE', ( #4661 ), #5584, .F. ) ;
#213 = VERTEX_POINT ( 'NONE', #909 ) ;
#214 = AXIS2_PLACEMENT_3D ( 'NONE', #2037, #585, #6516 ) ;
#215 = ORIENTED_EDGE ( 'NONE', *, *, #6943, .F. ) ;
#216 = EDGE_LOOP ( 'NONE', ( #3262, #7650, #5896, #1556 ) ) ;
#217 = ORIENTED_EDGE ( 'NONE', *, *, #4925, .F. ) ;
#218 = CARTESIAN_POINT ( 'NONE',  ( 3.927980025612624271, -3.000000000000000000, 1.486258932440858160 ) ) ;
#219 = STYLED_ITEM ( 'NONE', ( #6531 ), #7581 ) ;
#220 = LINE ( 'NONE', #3842, #5165 ) ;
#221 = EDGE_CURVE ( 'NONE', #6083, #9254, #6839, .T. ) ;
#222 = ORIENTED_EDGE ( 'NONE', *, *, #79, .T. ) ;
#223 = LINE ( 'NONE', #3165, #8604 ) ;
#224 = AXIS2_PLACEMENT_3D ( 'NONE', #3448, #362, #4885 ) ;
#225 = CARTESIAN_POINT ( 'NONE',  ( 2.302263671026000935, -3.010000000000000231, 1.638173933049849040 ) ) ;
#226 = PRESENTATION_LAYER_ASSIGNMENT (  '', '', ( #9526 ) ) ;
#227 = LINE ( 'NONE', #8189, #8966 ) ;
#228 = EDGE_CURVE ( 'NONE', #5911, #1982, #1148, .T. ) ;
#229 = CARTESIAN_POINT ( 'NONE',  ( 5.549999999999999822, -3.000000000000000000, 9.799999999999998934 ) ) ;
#230 = EDGE_CURVE ( 'NONE', #7246, #8039, #7091, .T. ) ;
#231 = PRESENTATION_LAYER_ASSIGNMENT (  '', '', ( #2089 ) ) ;
#232 = STYLED_ITEM ( 'NONE', ( #1003 ), #4672 ) ;
#233 = ORIENTED_EDGE ( 'NONE', *, *, #7457, .T. ) ;
#234 = CARTESIAN_POINT ( 'NONE',  ( 3.744589652970312876, -3.010000000000000231, 1.722046554408605656 ) ) ;
#235 = ORIENTED_EDGE ( 'NONE', *, *, #7386, .T. ) ;
#236 = CARTESIAN_POINT ( 'NONE',  ( 3.589117189735551161, -3.000000000000000000, 1.582538878077187183 ) ) ;
#237 = CARTESIAN_POINT ( 'NONE',  ( 3.556532650310834320, -3.010000000000000231, 1.549626855844558726 ) ) ;
#238 = EDGE_LOOP ( 'NONE', ( #7751, #4881, #9152, #3121 ) ) ;
#239 = LINE ( 'NONE', #3183, #5494 ) ;
#240 = CARTESIAN_POINT ( 'NONE',  ( 3.798133092125633770, -3.010000000000000231, 1.747917696262322185 ) ) ;
#241 =( GEOMETRIC_REPRESENTATION_CONTEXT ( 3 ) GLOBAL_UNCERTAINTY_ASSIGNED_CONTEXT ( ( #3134 ) ) GLOBAL_UNIT_ASSIGNED_CONTEXT ( ( #2279, #7254, #2152 ) ) REPRESENTATION_CONTEXT ( 'NONE', 'WORKASPACE' ) );
#242 = UNCERTAINTY_MEASURE_WITH_UNIT (LENGTH_MEASURE( 1.000000000000000082E-05 ), #5049, 'distance_accuracy_value', 'NONE');
#243 = CARTESIAN_POINT ( 'NONE',  ( 3.649865250672663652, -3.010000000000000231, 1.590398465475894030 ) ) ;
#244 = VECTOR ( 'NONE', #6284, 1000.000000000000000 ) ;
#245 = B_SPLINE_CURVE_WITH_KNOTS ( 'NONE', 3,
 ( #3473, #5816, #6447, #6643 ),
 .UNSPECIFIED., .F., .F.,
 ( 4, 4 ),
 ( 8.000000000000000000, 9.000000000000000000 ),
 .UNSPECIFIED. ) ;
#246 = ORIENTED_EDGE ( 'NONE', *, *, #3235, .F. ) ;
#247 = CARTESIAN_POINT ( 'NONE',  ( 3.589117189735551161, -3.010000000000000231, 1.582538878077187183 ) ) ;
#248 = CARTESIAN_POINT ( 'NONE',  ( 3.770297053421158839, -3.010000000000000231, 1.770841492842605946 ) ) ;
#249 = CARTESIAN_POINT ( 'NONE',  ( 3.477527422810591240, -3.010000000000000231, 2.217200560540232956 ) ) ;
#250 = CARTESIAN_POINT ( 'NONE',  ( 4.543156480982863954, -3.000000000000000000, 1.838466692755773568 ) ) ;
#251 = CARTESIAN_POINT ( 'NONE',  ( 3.805337713908514718, -3.010000000000000231, 1.655567544325328155 ) ) ;
#252 = VECTOR ( 'NONE', #4919, 1000.000000000000000 ) ;
#253 = ORIENTED_EDGE ( 'NONE', *, *, #2643, .F. ) ;
#254 = ORIENTED_EDGE ( 'NONE', *, *, #1857, .F. ) ;
#255 = CARTESIAN_POINT ( 'NONE',  ( 3.577491550041445034, -3.010000000000000231, 1.789016788703759575 ) ) ;
#256 = EDGE_CURVE ( 'NONE', #3927, #5220, #3914, .T. ) ;
#257 = VECTOR ( 'NONE', #2577, 1000.000000000000000 ) ;
#258 = CARTESIAN_POINT ( 'NONE',  ( 3.672052210934032779, -3.000000000000000000, 2.388801552084495405 ) ) ;
#259 = CARTESIAN_POINT ( 'NONE',  ( 3.528532870201293914, -3.010000000000000231, 1.728759951977420606 ) ) ;
#260 = CARTESIAN_POINT ( 'NONE',  ( 2.677992620859140693, -3.010000000000000231, 2.207460133810529967 ) ) ;
#261 = LINE ( 'NONE', #6814, #5481 ) ;
#262 = CARTESIAN_POINT ( 'NONE',  ( 3.898834055674295307, -3.010000000000000231, 1.617252055755535434 ) ) ;
#263 = ORIENTED_EDGE ( 'NONE', *, *, #7256, .F. ) ;
#264 = VECTOR ( 'NONE', #1059, 1000.000000000000000 ) ;
#265 = ORIENTED_EDGE ( 'NONE', *, *, #3152, .T. ) ;
#266 = CARTESIAN_POINT ( 'NONE',  ( 3.935839613011329341, -3.000000000000000000, 1.483147845761289885 ) ) ;
#267 = ADVANCED_FACE ( 'NONE', ( #5509 ), #7793, .F. ) ;
#268 =( NAMED_UNIT ( * ) SI_UNIT ( $, .STERADIAN. ) SOLID_ANGLE_UNIT ( ) );
#269 = VERTEX_POINT ( 'NONE', #4133 ) ;
#270 = LINE ( 'NONE', #8337, #7057 ) ;
#271 = STYLED_ITEM ( 'NONE', ( #6711 ), #2064 ) ;
#272 = CARTESIAN_POINT ( 'NONE',  ( 4.347485503030602771, -3.000000000000000000, 1.838466692755773346 ) ) ;
#273 = CARTESIAN_POINT ( 'NONE',  ( 4.676032630447437555, -3.000000000000000000, 1.719262950536967871 ) ) ;
#274 = ORIENTED_EDGE ( 'NONE', *, *, #653, .T. ) ;
#275 = CARTESIAN_POINT ( 'NONE',  ( 3.603526433300205944, -3.010000000000000231, 1.756432249279040736 ) ) ;
#276 = LINE ( 'NONE', #9163, #7365 ) ;
#277 = ADVANCED_FACE ( 'NONE', ( #6916 ), #1073, .F. ) ;
#278 = STYLED_ITEM ( 'NONE', ( #4344 ), #3290 ) ;
#279 = VERTEX_POINT ( 'NONE', #1119 ) ;
#280 = CARTESIAN_POINT ( 'NONE',  ( 5.750000000000000000, -3.000000000000000000, 9.799999999999998934 ) ) ;
#281 = EDGE_CURVE ( 'NONE', #8063, #6420, #7115, .T. ) ;
#282 = EDGE_CURVE ( 'NONE', #8630, #2302, #5322, .T. ) ;
#283 = ORIENTED_EDGE ( 'NONE', *, *, #1985, .F. ) ;
#284 = LINE ( 'NONE', #1782, #2975 ) ;
#285 = CARTESIAN_POINT ( 'NONE',  ( 3.753186076687913264, -3.010000000000000231, 1.758560887532675254 ) ) ;
#286 = ORIENTED_EDGE ( 'NONE', *, *, #2061, .F. ) ;
#287 = FACE_OUTER_BOUND ( 'NONE', #6586, .T. ) ;
#288 = CARTESIAN_POINT ( 'NONE',  ( 2.375132333214557079, -3.000000000000000000, 2.469331826119598006 ) ) ;
#289 = VECTOR ( 'NONE', #4337, 1000.000000000000000 ) ;
#290 = CARTESIAN_POINT ( 'NONE',  ( 3.953851167467421490, -3.010000000000000231, 1.447288478253044630 ) ) ;
#291 = B_SPLINE_CURVE_WITH_KNOTS ( 'NONE', 3,
 ( #4583, #5412, #8271, #4734 ),
 .UNSPECIFIED., .F., .F.,
 ( 4, 4 ),
 ( 21.00000000000000000, 22.00000000000000000 ),
 .UNSPECIFIED. ) ;
#292 = CARTESIAN_POINT ( 'NONE',  ( 4.554045284359155232, -3.000000000000000000, 1.555030322181724767 ) ) ;
#293 = ADVANCED_FACE ( 'NONE', ( #2669 ), #1023, .F. ) ;
#294 = CARTESIAN_POINT ( 'NONE',  ( 1.614565818197431835, -3.010000000000000231, 1.736091070282271831 ) ) ;
#295 = ORIENTED_EDGE ( 'NONE', *, *, #1798, .T. ) ;
#296 = FACE_BOUND ( 'NONE', #997, .T. ) ;
#297 = CARTESIAN_POINT ( 'NONE',  ( 1.949306216129249592, -3.000000000000000000, 2.284883060241407193 ) ) ;
#298 = SURFACE_SIDE_STYLE ('',( #2957 ) ) ;
#299 = ORIENTED_EDGE ( 'NONE', *, *, #4529, .F. ) ;
#300 = ORIENTED_EDGE ( 'NONE', *, *, #5803, .F. ) ;
#301 = VERTEX_POINT ( 'NONE', #1896 ) ;
#302 = LINE ( 'NONE', #6369, #5994 ) ;
#303 = DIRECTION ( 'NONE',  ( 0.000000000000000000, 1.000000000000000000, 0.000000000000000000 ) ) ;
#304 = CARTESIAN_POINT ( 'NONE',  ( 4.595553730310481200, -3.010000000000000231, 1.569930789957173500 ) ) ;
#305 = ORIENTED_EDGE ( 'NONE', *, *, #5131, .T. ) ;
#306 = DIRECTION ( 'NONE',  ( -0.000000000000000000, 1.000000000000000000, -0.000000000000000000 ) ) ;
#307 = LINE ( 'NONE', #968, #244 ) ;
#308 = CARTESIAN_POINT ( 'NONE',  ( 3.788881702791105699, -3.000000000000000000, 1.709438466288569325 ) ) ;
#309 = EDGE_LOOP ( 'NONE', ( #7164, #4656, #3174, #3098, #2517, #1030, #2434, #6851, #6777, #5058, #6865, #2831, #2010, #3787, #977, #4630, #7367, #6712, #7702, #5438, #2880 ) ) ;
#310 = ORIENTED_EDGE ( 'NONE', *, *, #6427, .F. ) ;
#311 = ORIENTED_EDGE ( 'NONE', *, *, #600, .F. ) ;
#312 = CARTESIAN_POINT ( 'NONE',  ( 1.676048732919441564, -3.010000000000000231, 1.667776802633160749 ) ) ;
#313 = FACE_OUTER_BOUND ( 'NONE', #6965, .T. ) ;
#314 = ORIENTED_EDGE ( 'NONE', *, *, #2460, .T. ) ;
#315 = CARTESIAN_POINT ( 'NONE',  ( 4.223860742902751042, -3.010000000000000231, 1.591544655305796141 ) ) ;
#316 = CARTESIAN_POINT ( 'NONE',  ( 3.937313285648034178, -3.010000000000000231, 2.244054150819881244 ) ) ;
#317 = CARTESIAN_POINT ( 'NONE',  ( 4.890861352684582997, -3.000000000000000000, 1.678818823713545738 ) ) ;
#318 = VERTEX_POINT ( 'NONE', #3357 ) ;
#319 = CARTESIAN_POINT ( 'NONE',  ( 2.122369169387957388, -3.010000000000000231, 1.540256535218800238 ) ) ;
#320 = DIRECTION ( 'NONE',  ( -0.3385350343141436680, 0.000000000000000000, -0.9409537876760587505 ) ) ;
#321 = B_SPLINE_CURVE_WITH_KNOTS ( 'NONE', 3,
 ( #5052, #4353, #7326, #5871 ),
 .UNSPECIFIED., .F., .F.,
 ( 4, 4 ),
 ( 2.000000000000000000, 3.000000000000000000 ),
 .UNSPECIFIED. ) ;
#322 = EDGE_CURVE ( 'NONE', #6092, #3031, #307, .T. ) ;
#323 = ORIENTED_EDGE ( 'NONE', *, *, #2185, .F. ) ;
#324 = CYLINDRICAL_SURFACE ( 'NONE', #8618, 0.1999999999999996503 ) ;
#325 = EDGE_LOOP ( 'NONE', ( #5367, #9456, #4674, #7663 ) ) ;
#326 = DIRECTION ( 'NONE',  ( -1.000000000000000000, 0.000000000000000000, 0.000000000000000000 ) ) ;
#327 = LINE ( 'NONE', #3275, #5341 ) ;
#328 = ORIENTED_EDGE ( 'NONE', *, *, #3536, .T. ) ;
#329 = PRESENTATION_STYLE_ASSIGNMENT (( #7773 ) ) ;
#330 = DIRECTION ( 'NONE',  ( -1.000000000000000000, -0.000000000000000000, -0.000000000000000000 ) ) ;
#331 = ADVANCED_FACE ( 'NONE', ( #5648 ), #7012, .F. ) ;
#332 = EDGE_CURVE ( 'NONE', #3971, #1684, #356, .T. ) ;
#333 = LINE ( 'NONE', #3381, #5177 ) ;
#334 = CARTESIAN_POINT ( 'NONE',  ( 2.245335085695980837, -3.010000000000000231, 1.783911257429141584 ) ) ;
#335 = ADVANCED_FACE ( 'NONE', ( #9295 ), #7843, .T. ) ;
#336 = ADVANCED_FACE ( 'NONE', ( #5841 ), #8807, .F. ) ;
#337 = FILL_AREA_STYLE ('',( #4714 ) ) ;
#338 = B_SPLINE_CURVE_WITH_KNOTS ( 'NONE', 3,
 ( #7888, #4283, #3498, #4176 ),
 .UNSPECIFIED., .F., .F.,
 ( 4, 4 ),
 ( 7.000000000000000000, 8.000000000000000000 ),
 .UNSPECIFIED. ) ;
#339 = CARTESIAN_POINT ( 'NONE',  ( 4.842475767758290139, -3.010000000000000231, 1.811940585284053773 ) ) ;
#340 = ORIENTED_EDGE ( 'NONE', *, *, #2423, .T. ) ;
#341 = DIRECTION ( 'NONE',  ( -0.3385350342956565117, 0.000000000000000000, -0.9409537876827102076 ) ) ;
#342 =( NAMED_UNIT ( * ) SI_UNIT ( $, .STERADIAN. ) SOLID_ANGLE_UNIT ( ) );
#343 = CARTESIAN_POINT ( 'NONE',  ( 3.822776173449652148, -3.000000000000000000, 2.346556269815353701 ) ) ;
#344 = DIRECTION ( 'NONE',  ( -0.000000000000000000, 0.000000000000000000, 1.000000000000000000 ) ) ;
#345 = EDGE_CURVE ( 'NONE', #3971, #8438, #543, .T. ) ;
#346 = B_SPLINE_CURVE_WITH_KNOTS ( 'NONE', 3,
 ( #2759, #3291, #8694, #4777 ),
 .UNSPECIFIED., .F., .F.,
 ( 4, 4 ),
 ( 28.00000000000000000, 29.00000000000000000 ),
 .UNSPECIFIED. ) ;
#347 = EDGE_CURVE ( 'NONE', #6346, #1141, #338, .T. ) ;
#348 = CARTESIAN_POINT ( 'NONE',  ( 5.750000000000000000, 2.799999999999999378, 10.00000000000000000 ) ) ;
#349 = VERTEX_POINT ( 'NONE', #7926 ) ;
#350 = ORIENTED_EDGE ( 'NONE', *, *, #1160, .T. ) ;
#351 = PRESENTATION_STYLE_ASSIGNMENT (( #7007 ) ) ;
#352 = LINE ( 'NONE', #9333, #6452 ) ;
#353 = CARTESIAN_POINT ( 'NONE',  ( 4.055534579442018561, -3.000000000000000000, 2.346556269815353701 ) ) ;
#354 = ORIENTED_EDGE ( 'NONE', *, *, #4352, .T. ) ;
#355 = CARTESIAN_POINT ( 'NONE',  ( 3.755969680558477464, -3.010000000000000231, 1.685859704092445677 ) ) ;
#356 = LINE ( 'NONE', #4877, #6750 ) ;
#357 = CARTESIAN_POINT ( 'NONE',  ( 4.172937166210748394, -3.000000000000000000, 2.336568044163014335 ) ) ;
#358 = B_SPLINE_SURFACE_WITH_KNOTS ( 'NONE', 3, 1, ( 
 ( #4765, #7723 ),
 ( #1052, #4012 ),
 ( #6397, #2742 ),
 ( #3421, #2651 ) ),
 .UNSPECIFIED., .F., .F., .F.,
 ( 4, 4 ),
 ( 2, 2 ),
 ( 33.00000000000000000, 34.00000000000000000 ),
 ( 0.000000000000000000, 1.000000000000000000 ),
 .UNSPECIFIED. ) ;
#359 = ORIENTED_EDGE ( 'NONE', *, *, #7295, .F. ) ;
#360 = STYLED_ITEM ( 'NONE', ( #4899 ), #8167 ) ;
#361 = ORIENTED_EDGE ( 'NONE', *, *, #459, .F. ) ;
#362 = DIRECTION ( 'NONE',  ( 0.000000000000000000, -1.000000000000000000, 0.000000000000000000 ) ) ;
#363 = FACE_OUTER_BOUND ( 'NONE', #5604, .T. ) ;
#364 = STYLED_ITEM ( 'NONE', ( #9590 ), #9463 ) ;
#365 = ORIENTED_EDGE ( 'NONE', *, *, #3039, .F. ) ;
#366 = CARTESIAN_POINT ( 'NONE',  ( -3.560000000000000941, -2.149999999999999911, -4.099999999999999645 ) ) ;
#367 = CARTESIAN_POINT ( 'NONE',  ( 4.415274444347737415, -3.000000000000000000, 1.555030322181724767 ) ) ;
#368 = LINE ( 'NONE', #317, #7825 ) ;
#369 = VERTEX_POINT ( 'NONE', #3549 ) ;
#370 = CARTESIAN_POINT ( 'NONE',  ( 2.122369169387957388, -3.000000000000000000, 1.540256535218800238 ) ) ;
#371 = CARTESIAN_POINT ( 'NONE',  ( 3.794694522638163203, -3.010000000000000231, 1.704362482761517583 ) ) ;
#372 = ORIENTED_EDGE ( 'NONE', *, *, #1333, .T. ) ;
#373 =( LENGTH_UNIT ( ) NAMED_UNIT ( * ) SI_UNIT ( .MILLI., .METRE. ) );
#374 = AXIS2_PLACEMENT_3D ( 'NONE', #5074, #5, #5845 ) ;
#375 = ORIENTED_EDGE ( 'NONE', *, *, #7375, .F. ) ;
#376 = FILL_AREA_STYLE_COLOUR ( '', #4711 ) ;
#377 = PLANE ( 'NONE',  #5492 ) ;
#378 = EDGE_LOOP ( 'NONE', ( #2803, #4025, #7790, #3640 ) ) ;
#379 = ADVANCED_FACE ( 'NONE', ( #3635 ), #2283, .T. ) ;
#380 = PLANE ( 'NONE',  #4243 ) ;
#381 = LINE ( 'NONE', #3333, #9121 ) ;
#382 = CARTESIAN_POINT ( 'NONE',  ( 3.559999999999998277, -2.149999999999999467, -4.099999999999999645 ) ) ;
#383 =( LENGTH_UNIT ( ) NAMED_UNIT ( * ) SI_UNIT ( .MILLI., .METRE. ) );
#384 = AXIS2_PLACEMENT_3D ( 'NONE', #6540, #2692, #3518 ) ;
#385 = VECTOR ( 'NONE', #5867, 1000.000000000000000 ) ;
#386 = DIRECTION ( 'NONE',  ( -0.000000000000000000, 1.000000000000000000, -0.000000000000000000 ) ) ;
#387 = LINE ( 'NONE', #8546, #421 ) ;
#388 = ADVANCED_FACE ( 'NONE', ( #9481 ), #3442, .F. ) ;
#389 = AXIS2_PLACEMENT_3D ( 'NONE', #5980, #2238, #1403 ) ;
#390 = CARTESIAN_POINT ( 'NONE',  ( 3.295528852104094408, -3.000000000000000000, 2.063119899241296462 ) ) ;
#391 = AXIS2_PLACEMENT_3D ( 'NONE', #68, #15, #9552 ) ;
#392 = CARTESIAN_POINT ( 'NONE',  ( 3.890237631956687814, -3.010000000000000231, 1.579755274207726545 ) ) ;
#393 = LINE ( 'NONE', #1248, #3461 ) ;
#394 = CARTESIAN_POINT ( 'NONE',  ( 4.196352187005090606, -3.000000000000000000, 2.316427851452192765 ) ) ;
#395 = ORIENTED_EDGE ( 'NONE', *, *, #8155, .T. ) ;
#396 =( GEOMETRIC_REPRESENTATION_CONTEXT ( 3 ) GLOBAL_UNCERTAINTY_ASSIGNED_CONTEXT ( ( #3540 ) ) GLOBAL_UNIT_ASSIGNED_CONTEXT ( ( #383, #1099, #188 ) ) REPRESENTATION_CONTEXT ( 'NONE', 'WORKASPACE' ) );
#397 = ADVANCED_FACE ( 'NONE', ( #9529 ), #4225, .F. ) ;
#398 = ORIENTED_EDGE ( 'NONE', *, *, #1823, .T. ) ;
#399 = FILL_AREA_STYLE_COLOUR ( '', #706 ) ;
#400 = EDGE_CURVE ( 'NONE', #9216, #8063, #674, .T. ) ;
#401 = CARTESIAN_POINT ( 'NONE',  ( -5.750000000000000000, -3.000000000000000000, 10.00000000000000000 ) ) ;
#402 = EDGE_CURVE ( 'NONE', #681, #7226, #5742, .T. ) ;
#403 = CARTESIAN_POINT ( 'NONE',  ( 4.102037138218421752, -3.000000000000000000, 2.099634232365367836 ) ) ;
#404 = ORIENTED_EDGE ( 'NONE', *, *, #4855, .F. ) ;
#405 = DIRECTION ( 'NONE',  ( -1.000000000000000000, 0.000000000000000000, 0.000000000000000000 ) ) ;
#406 = VECTOR ( 'NONE', #7690, 1000.000000000000000 ) ;
#407 = FILL_AREA_STYLE_COLOUR ( '', #3745 ) ;
#408 = DIRECTION ( 'NONE',  ( -0.9345104387438643023, 0.000000000000000000, -0.3559357243643161417 ) ) ;
#409 = FACE_OUTER_BOUND ( 'NONE', #9083, .T. ) ;
#410 = ORIENTED_EDGE ( 'NONE', *, *, #6633, .F. ) ;
#411 = EDGE_LOOP ( 'NONE', ( #4728, #4789, #9485, #8556 ) ) ;
#412 = VERTEX_POINT ( 'NONE', #8027 ) ;
#413 = CARTESIAN_POINT ( 'NONE',  ( 4.489776783231489432, -3.000000000000000000, 2.186908400775306571 ) ) ;
#414 = EDGE_CURVE ( 'NONE', #866, #976, #2721, .T. ) ;
#415 = ORIENTED_EDGE ( 'NONE', *, *, #9303, .F. ) ;
#416 = CARTESIAN_POINT ( 'NONE',  ( 1.860497563946187594, -3.000000000000000000, 1.711042595240583886 ) ) ;
#417 = CARTESIAN_POINT ( 'NONE',  ( 4.456619148892922766, -3.010000000000000231, 1.591544655305799694 ) ) ;
#418 = CARTESIAN_POINT ( 'NONE',  ( 4.231474718195512352, -3.010000000000000231, 2.226206337768836807 ) ) ;
#419 = ORIENTED_EDGE ( 'NONE', *, *, #4802, .T. ) ;
#420 = CARTESIAN_POINT ( 'NONE',  ( 2.072272002136880786, -3.000000000000000000, 1.540256535218800238 ) ) ;
#421 = VECTOR ( 'NONE', #2516, 1000.000000000000000 ) ;
#422 = DIRECTION ( 'NONE',  ( -0.000000000000000000, 1.000000000000000000, -0.000000000000000000 ) ) ;
#423 = B_SPLINE_CURVE_WITH_KNOTS ( 'NONE', 3,
 ( #4774, #6320, #7780, #2476 ),
 .UNSPECIFIED., .F., .F.,
 ( 4, 4 ),
 ( 9.000000000000000000, 10.00000000000000000 ),
 .UNSPECIFIED. ) ;
#424 = EDGE_LOOP ( 'NONE', ( #5252, #5152, #4078, #7591 ) ) ;
#425 = LINE ( 'NONE', #1779, #9561 ) ;
#426 = VECTOR ( 'NONE', #2385, 1000.000000000000000 ) ;
#427 = VERTEX_POINT ( 'NONE', #6069 ) ;
#428 = FACE_OUTER_BOUND ( 'NONE', #7706, .T. ) ;
#429 = FILL_AREA_STYLE ('',( #4106 ) ) ;
#430 = ORIENTED_EDGE ( 'NONE', *, *, #2114, .F. ) ;
#431 = CARTESIAN_POINT ( 'NONE',  ( 4.627728916223118993, -3.010000000000000231, 1.599895466916377851 ) ) ;
#432 = DIRECTION ( 'NONE',  ( -0.000000000000000000, 1.000000000000000000, -0.000000000000000000 ) ) ;
#433 = CARTESIAN_POINT ( 'NONE',  ( 2.948972841649584620, -3.000000000000000000, 1.656391076880982860 ) ) ;
#434 = DIRECTION ( 'NONE',  ( 1.000000000000000000, -0.000000000000000000, -0.000000000000000000 ) ) ;
#435 = MECHANICAL_DESIGN_GEOMETRIC_PRESENTATION_REPRESENTATION (  '', ( #5559 ), #3058 ) ;
#436 = ORIENTED_EDGE ( 'NONE', *, *, #5498, .F. ) ;
#437 = DIRECTION ( 'NONE',  ( -0.000000000000000000, 1.000000000000000000, -0.000000000000000000 ) ) ;
#438 = LINE ( 'NONE', #7594, #820 ) ;
#439 = CARTESIAN_POINT ( 'NONE',  ( 1.580408640940868192, -3.010000000000000231, 1.915985571920315156 ) ) ;
#440 = VECTOR ( 'NONE', #506, 1000.000000000000000 ) ;
#441 = CARTESIAN_POINT ( 'NONE',  ( 4.543156480982863954, -3.010000000000000231, 1.838466692755773568 ) ) ;
#442 = B_SPLINE_SURFACE_WITH_KNOTS ( 'NONE', 3, 1, ( 
 ( #9259, #2597 ),
 ( #1130, #4093 ),
 ( #7076, #2639 ),
 ( #5609, #1906 ) ),
 .UNSPECIFIED., .F., .F., .F.,
 ( 4, 4 ),
 ( 2, 2 ),
 ( 3.000000000000000000, 4.000000000000000000 ),
 ( 0.000000000000000000, 1.000000000000000000 ),
 .UNSPECIFIED. ) ;
#443 = CARTESIAN_POINT ( 'NONE',  ( 3.664192623535325932, -3.000000000000000000, 2.057716432904142412 ) ) ;
#444 = CARTESIAN_POINT ( 'NONE',  ( 3.964576229438675714, -3.010000000000000231, 1.783777063770560556 ) ) ;
#445 = CARTESIAN_POINT ( 'NONE',  ( 2.892044212887547872, -3.000000000000000000, 1.870442668909382711 ) ) ;
#446 = EDGE_LOOP ( 'NONE', ( #5715, #4463, #2274, #1972 ) ) ;
#447 = ADVANCED_FACE ( 'NONE', ( #6758 ), #6706, .T. ) ;
#448 = ORIENTED_EDGE ( 'NONE', *, *, #332, .T. ) ;
#449 = DIRECTION ( 'NONE',  ( -0.000000000000000000, 1.000000000000000000, 0.000000000000000000 ) ) ;
#450 = CARTESIAN_POINT ( 'NONE',  ( 2.302263671026000935, -3.010000000000000231, 1.631342514970890001 ) ) ;
#451 = CARTESIAN_POINT ( 'NONE',  ( 2.541363911829606081, -3.000000000000000000, 1.624511010027928748 ) ) ;
#452 = ORIENTED_EDGE ( 'NONE', *, *, #1053, .F. ) ;
#453 = CARTESIAN_POINT ( 'NONE',  ( 3.806402033035329868, -3.000000000000000000, 1.549626855844558726 ) ) ;
#454 = CARTESIAN_POINT ( 'NONE',  ( 1.787628858323434322, -3.010000000000000231, 1.576690996613467677 ) ) ;
#455 = CARTESIAN_POINT ( 'NONE',  ( 3.666321261788970887, -3.010000000000000231, 2.094558248836125181 ) ) ;
#456 =( NAMED_UNIT ( * ) SI_UNIT ( $, .STERADIAN. ) SOLID_ANGLE_UNIT ( ) );
#457 = EDGE_CURVE ( 'NONE', #3327, #64, #7394, .T. ) ;
#458 = ADVANCED_FACE ( 'NONE', ( #8893 ), #5982, .F. ) ;
#459 = EDGE_CURVE ( 'NONE', #9227, #8669, #8154, .T. ) ;
#460 = EDGE_LOOP ( 'NONE', ( #9600, #1176, #1993, #2155 ) ) ;
#461 = EDGE_CURVE ( 'NONE', #7556, #167, #7537, .T. ) ;
#462 = VERTEX_POINT ( 'NONE', #919 ) ;
#463 = VERTEX_POINT ( 'NONE', #103 ) ;
#464 = LINE ( 'NONE', #550, #1139 ) ;
#465 = ORIENTED_EDGE ( 'NONE', *, *, #2225, .T. ) ;
#466 = CARTESIAN_POINT ( 'NONE',  ( 2.072272002136880786, -3.010000000000000231, 1.717873926451140010 ) ) ;
#467 = ORIENTED_EDGE ( 'NONE', *, *, #2697, .T. ) ;
#468 = FACE_OUTER_BOUND ( 'NONE', #8453, .T. ) ;
#469 = EDGE_CURVE ( 'NONE', #7159, #14, #7481, .T. ) ;
#470 = EDGE_LOOP ( 'NONE', ( #846, #5857, #2906, #5859 ) ) ;
#471 = ORIENTED_EDGE ( 'NONE', *, *, #8698, .F. ) ;
#472 = DIRECTION ( 'NONE',  ( -1.000000000000000000, 0.000000000000000000, -0.000000000000000000 ) ) ;
#473 = ORIENTED_EDGE ( 'NONE', *, *, #6450, .F. ) ;
#474 = CARTESIAN_POINT ( 'NONE',  ( 3.577573420743419774, -3.000000000000000000, 1.659988562236557330 ) ) ;
#475 = CARTESIAN_POINT ( 'NONE',  ( 4.859996098003604992, -3.000000000000000000, 1.875308508687761222 ) ) ;
#476 = ORIENTED_EDGE ( 'NONE', *, *, #3610, .T. ) ;
#477 = DIRECTION ( 'NONE',  ( -1.000000000000000000, -0.000000000000000000, -0.000000000000000000 ) ) ;
#478 = CARTESIAN_POINT ( 'NONE',  ( 4.154106904735950678, -3.010000000000000231, 2.383398085747340023 ) ) ;
#479 = CARTESIAN_POINT ( 'NONE',  ( 4.770265808529932983, -3.010000000000000231, 1.642631973397385758 ) ) ;
#480 = CARTESIAN_POINT ( 'NONE',  ( 4.555191474186865541, -3.000000000000000000, 1.875308508687761222 ) ) ;
#481 = DIRECTION ( 'NONE',  ( -1.000000000000000000, 0.000000000000000000, -0.000000000000000000 ) ) ;
#482 = LINE ( 'NONE', #3430, #6720 ) ;
#483 = EDGE_CURVE ( 'NONE', #6797, #8630, #3681, .T. ) ;
#484 = CARTESIAN_POINT ( 'NONE',  ( 3.822776173449655701, -3.000000000000000000, 2.207376076291855060 ) ) ;
#485 = CARTESIAN_POINT ( 'NONE',  ( 2.377409443619169505, -3.000000000000000000, 2.332703117088970490 ) ) ;
#486 = ORIENTED_EDGE ( 'NONE', *, *, #6146, .F. ) ;
#487 = CARTESIAN_POINT ( 'NONE',  ( 4.024341841950947796, -3.000000000000000000, 1.611848589418388045 ) ) ;
#488 = LINE ( 'NONE', #2665, #1582 ) ;
#489 = CARTESIAN_POINT ( 'NONE',  ( 4.815785918882599326, -3.010000000000000231, 1.875308508687761222 ) ) ;
#490 = ORIENTED_EDGE ( 'NONE', *, *, #1870, .T. ) ;
#491 = LINE ( 'NONE', #8661, #6441 ) ;
#492 = EDGE_CURVE ( 'NONE', #3566, #7193, #2076, .T. ) ;
#493 = DIRECTION ( 'NONE',  ( -0.000000000000000000, 0.000000000000000000, 1.000000000000000000 ) ) ;
#494 = B_SPLINE_CURVE_WITH_KNOTS ( 'NONE', 3,
 ( #8265, #157, #7541, #4675 ),
 .UNSPECIFIED., .F., .F.,
 ( 4, 4 ),
 ( 12.00000000000000000, 13.00000000000000000 ),
 .UNSPECIFIED. ) ;
#495 = ORIENTED_EDGE ( 'NONE', *, *, #1502, .F. ) ;
#496 = EDGE_CURVE ( 'NONE', #1698, #1960, #6704, .T. ) ;
#497 = ORIENTED_EDGE ( 'NONE', *, *, #5120, .F. ) ;
#498 = CARTESIAN_POINT ( 'NONE',  ( 3.829735183125515530, -3.000000000000000000, 1.756432249279040736 ) ) ;
#499 = SURFACE_SIDE_STYLE ('',( #8671 ) ) ;
#500 = ORIENTED_EDGE ( 'NONE', *, *, #6675, .T. ) ;
#501 = DIRECTION ( 'NONE',  ( 0.000000000000000000, 0.000000000000000000, 1.000000000000000000 ) ) ;
#502 = EDGE_CURVE ( 'NONE', #6558, #8824, #780, .T. ) ;
#503 = CARTESIAN_POINT ( 'NONE',  ( 3.953687426062375554, -3.010000000000000231, 2.099634232365364284 ) ) ;
#504 = LINE ( 'NONE', #2782, #5030 ) ;
#505 = AXIS2_PLACEMENT_3D ( 'NONE', #896, #6928, #1614 ) ;
#506 = DIRECTION ( 'NONE',  ( 1.624890687905864416E-14, -0.000000000000000000, -1.000000000000000000 ) ) ;
#507 =( GEOMETRIC_REPRESENTATION_CONTEXT ( 3 ) GLOBAL_UNCERTAINTY_ASSIGNED_CONTEXT ( ( #7529 ) ) GLOBAL_UNIT_ASSIGNED_CONTEXT ( ( #9104, #6915, #3253 ) ) REPRESENTATION_CONTEXT ( 'NONE', 'WORKASPACE' ) );
#508 = ADVANCED_FACE ( 'NONE', ( #8995 ), #5240, .F. ) ;
#509 = VERTEX_POINT ( 'NONE', #485 ) ;
#510 = FILL_AREA_STYLE_COLOUR ( '', #4574 ) ;
#511 = AXIS2_PLACEMENT_3D ( 'NONE', #1386, #3035, #8874 ) ;
#512 = VERTEX_POINT ( 'NONE', #533 ) ;
#513 = DIRECTION ( 'NONE',  ( 0.000000000000000000, -1.000000000000000000, 0.000000000000000000 ) ) ;
#514 = ORIENTED_EDGE ( 'NONE', *, *, #5093, .F. ) ;
#515 = VERTEX_POINT ( 'NONE', #4270 ) ;
#516 = EDGE_CURVE ( 'NONE', #6063, #8725, #1251, .T. ) ;
#517 = CARTESIAN_POINT ( 'NONE',  ( 4.575577279003615772, -3.000000000000000000, 1.602679070785834936 ) ) ;
#518 = EDGE_CURVE ( 'NONE', #2922, #5931, #7244, .T. ) ;
#519 = CARTESIAN_POINT ( 'NONE',  ( 3.829735183125515530, -3.000000000000000000, 1.756432249279040736 ) ) ;
#520 = CARTESIAN_POINT ( 'NONE',  ( 2.074549199407693667, -3.000000000000000000, 1.861334183860016811 ) ) ;
#521 = B_SPLINE_SURFACE_WITH_KNOTS ( 'NONE', 3, 1, ( 
 ( #2934, #8835 ),
 ( #754, #6602 ),
 ( #800, #8790 ),
 ( #85, #3666 ) ),
 .UNSPECIFIED., .F., .F., .F.,
 ( 4, 4 ),
 ( 2, 2 ),
 ( 1.000000000000000000, 2.000000000000000000 ),
 ( 0.000000000000000000, 1.000000000000000000 ),
 .UNSPECIFIED. ) ;
#522 = EDGE_LOOP ( 'NONE', ( #1292, #1284, #9314, #7886 ) ) ;
#523 =( GEOMETRIC_REPRESENTATION_CONTEXT ( 3 ) GLOBAL_UNCERTAINTY_ASSIGNED_CONTEXT ( ( #1301 ) ) GLOBAL_UNIT_ASSIGNED_CONTEXT ( ( #786, #8000, #1417 ) ) REPRESENTATION_CONTEXT ( 'NONE', 'WORKASPACE' ) );
#524 = VECTOR ( 'NONE', #6430, 1000.000000000000000 ) ;
#525 = AXIS2_PLACEMENT_3D ( 'NONE', #4457, #8149, #8058 ) ;
#526 = ORIENTED_EDGE ( 'NONE', *, *, #3889, .F. ) ;
#527 = CARTESIAN_POINT ( 'NONE',  ( 3.649865250672663652, -3.010000000000000231, 1.647871698330585000 ) ) ;
#528 = CARTESIAN_POINT ( 'NONE',  ( 4.035476257433176173, -3.000000000000000000, 1.520480885907325108 ) ) ;
#529 = PLANE ( 'NONE',  #2230 ) ;
#531 = CARTESIAN_POINT ( 'NONE',  ( 1.858220344958817494, -3.000000000000000000, 1.558473852782332303 ) ) ;
#530 = AXIS2_PLACEMENT_3D ( 'NONE', #2305, #4538, #5774 ) ;
#532 = DIRECTION ( 'NONE',  ( -0.000000000000000000, -0.000000000000000000, 1.000000000000000000 ) ) ;
#533 = CARTESIAN_POINT ( 'NONE',  ( 3.822776173449655701, -3.000000000000000000, 2.099634232365364284 ) ) ;
#534 = UNCERTAINTY_MEASURE_WITH_UNIT (LENGTH_MEASURE( 1.000000000000000082E-05 ), #6757, 'distance_accuracy_value', 'NONE');
#535 = VECTOR ( 'NONE', #3095, 1000.000000000000000 ) ;
#536 = VERTEX_POINT ( 'NONE', #7584 ) ;
#537 = CARTESIAN_POINT ( 'NONE',  ( 1.949306216129249592, -3.010000000000000231, 2.284883060241407193 ) ) ;
#538 = CARTESIAN_POINT ( 'NONE',  ( 3.518626515250925735, -3.000000000000000000, 2.101435387811084077 ) ) ;
#539 = CARTESIAN_POINT ( 'NONE',  ( 2.611955376748436919, -3.010000000000000231, 1.695102474946761362 ) ) ;
#540 = FACE_OUTER_BOUND ( 'NONE', #5731, .T. ) ;
#541 = ORIENTED_EDGE ( 'NONE', *, *, #2602, .T. ) ;
#542 = DIRECTION ( 'NONE',  ( 1.000000000000000000, -0.000000000000000000, -0.000000000000000000 ) ) ;
#543 = LINE ( 'NONE', #5786, #8937 ) ;
#544 =( GEOMETRIC_REPRESENTATION_CONTEXT ( 3 ) GLOBAL_UNCERTAINTY_ASSIGNED_CONTEXT ( ( #534 ) ) GLOBAL_UNIT_ASSIGNED_CONTEXT ( ( #6757, #100, #3870 ) ) REPRESENTATION_CONTEXT ( 'NONE', 'WORKASPACE' ) );
#545 = STYLED_ITEM ( 'NONE', ( #1138 ), #5094 ) ;
#546 = DIRECTION ( 'NONE',  ( -0.000000000000000000, -1.000000000000000000, -0.000000000000000000 ) ) ;
#547 = EDGE_CURVE ( 'NONE', #6678, #1449, #1690, .T. ) ;
#548 = ORIENTED_EDGE ( 'NONE', *, *, #414, .T. ) ;
#549 = VERTEX_POINT ( 'NONE', #1496 ) ;
#550 = CARTESIAN_POINT ( 'NONE',  ( 4.223860742902751042, -3.010000000000000231, 1.699286499232271597 ) ) ;
#551 =( NAMED_UNIT ( * ) SI_UNIT ( $, .STERADIAN. ) SOLID_ANGLE_UNIT ( ) );
#552 = ORIENTED_EDGE ( 'NONE', *, *, #1328, .T. ) ;
#553 = DIRECTION ( 'NONE',  ( 0.000000000000000000, 0.000000000000000000, -1.000000000000000000 ) ) ;
#554 = CARTESIAN_POINT ( 'NONE',  ( -5.750000000000000000, -3.000000000000000000, 10.00000000000000000 ) ) ;
#555 = DIRECTION ( 'NONE',  ( -1.000000000000000000, 0.000000000000000000, 0.000000000000000000 ) ) ;
#556 = LINE ( 'NONE', #5850, #4146 ) ;
#557 = VECTOR ( 'NONE', #5204, 1000.000000000000000 ) ;
#558 = EDGE_CURVE ( 'NONE', #2339, #4380, #4509, .T. ) ;
#559 = ORIENTED_EDGE ( 'NONE', *, *, #7778, .F. ) ;
#560 = ORIENTED_EDGE ( 'NONE', *, *, #6209, .T. ) ;
#561 = DIRECTION ( 'NONE',  ( -0.9434452330824816269, 0.000000000000000000, 0.3315284183504364490 ) ) ;
#562 = VERTEX_POINT ( 'NONE', #9030 ) ;
#563 = ORIENTED_EDGE ( 'NONE', *, *, #2928, .T. ) ;
#564 = COLOUR_RGB ( '',0.6666666666666666297, 0.6666666666666666297, 0.6666666666666666297 ) ;
#565 = FACE_OUTER_BOUND ( 'NONE', #378, .T. ) ;
#566 = FACE_OUTER_BOUND ( 'NONE', #4027, .T. ) ;
#567 = PLANE ( 'NONE',  #7205 ) ;
#568 = EDGE_CURVE ( 'NONE', #949, #3793, #765, .T. ) ;
#569 = EDGE_CURVE ( 'NONE', #6395, #647, #1580, .T. ) ;
#570 = VECTOR ( 'NONE', #9325, 1000.000000000000000 ) ;
#571 = ADVANCED_FACE ( 'NONE', ( #719 ), #6021, .F. ) ;
#572 = CARTESIAN_POINT ( 'NONE',  ( 0.000000000000000000, 2.799999999999999822, 10.00000000000000000 ) ) ;
#573 = ORIENTED_EDGE ( 'NONE', *, *, #724, .T. ) ;
#574 = LINE ( 'NONE', #3573, #9523 ) ;
#575 = CARTESIAN_POINT ( 'NONE',  ( 5.549999999999999822, 2.799999999999999822, 9.799999999999998934 ) ) ;
#576 = CARTESIAN_POINT ( 'NONE',  ( 4.097697991009176199, -3.010000000000000231, 1.783777063770563887 ) ) ;
#577 = CARTESIAN_POINT ( 'NONE',  ( 4.032774524265682281, -3.000000000000000000, 1.603497777807805003 ) ) ;
#578 = CARTESIAN_POINT ( 'NONE',  ( 2.074549155974592995, -3.010000000000000231, 1.403627999920574743 ) ) ;
#579 = AXIS2_PLACEMENT_3D ( 'NONE', #3780, #1703, #3203 ) ;
#580 = LINE ( 'NONE', #4269, #588 ) ;
#581 = ADVANCED_FACE ( 'NONE', ( #2235 ), #6872, .F. ) ;
#582 = AXIS2_PLACEMENT_3D ( 'NONE', #7089, #4902, #3232 ) ;
#583 = VERTEX_POINT ( 'NONE', #45 ) ;
#584 = LINE ( 'NONE', #9381, #3650 ) ;
#585 = DIRECTION ( 'NONE',  ( 0.000000000000000000, 0.000000000000000000, 1.000000000000000000 ) ) ;
#586 = LINE ( 'NONE', #2947, #2134 ) ;
#587 = VERTEX_POINT ( 'NONE', #3721 ) ;
#588 = VECTOR ( 'NONE', #6554, 1000.000000000000000 ) ;
#589 = CARTESIAN_POINT ( 'NONE',  ( 3.523784369481050227, -3.010000000000000231, 2.341644027690072960 ) ) ;
#590 = ORIENTED_EDGE ( 'NONE', *, *, #5211, .F. ) ;
#591 = ORIENTED_EDGE ( 'NONE', *, *, #483, .F. ) ;
#592 = DIRECTION ( 'NONE',  ( -1.000000000000000000, 0.000000000000000000, 0.000000000000000000 ) ) ;
#593 = CARTESIAN_POINT ( 'NONE',  ( 3.871161758373776518, -3.010000000000000231, 1.785741960620231605 ) ) ;
#594 = DIRECTION ( 'NONE',  ( 1.000000000000000000, -0.000000000000000000, -0.000000000000000000 ) ) ;
#595 = ORIENTED_EDGE ( 'NONE', *, *, #7755, .T. ) ;
#596 = CARTESIAN_POINT ( 'NONE',  ( 3.551211054675644352, -3.010000000000000231, 1.781975908324832103 ) ) ;
#597 =( NAMED_UNIT ( * ) SI_UNIT ( $, .STERADIAN. ) SOLID_ANGLE_UNIT ( ) );
#598 = LINE ( 'NONE', #6435, #7497 ) ;
#599 = SURFACE_SIDE_STYLE ('',( #9399 ) ) ;
#600 = EDGE_CURVE ( 'NONE', #5462, #3829, #2945, .T. ) ;
#601 = ORIENTED_EDGE ( 'NONE', *, *, #6666, .T. ) ;
#602 = EDGE_LOOP ( 'NONE', ( #6128, #6697, #4941, #6883 ) ) ;
#603 =( NAMED_UNIT ( * ) PLANE_ANGLE_UNIT ( ) SI_UNIT ( $, .RADIAN. ) );
#604 = ORIENTED_EDGE ( 'NONE', *, *, #8114, .T. ) ;
#605 = CARTESIAN_POINT ( 'NONE',  ( 3.744589652970312876, -3.010000000000000231, 1.707964793650771362 ) ) ;
#606 = ORIENTED_EDGE ( 'NONE', *, *, #5497, .T. ) ;
#607 =( NAMED_UNIT ( * ) SI_UNIT ( $, .STERADIAN. ) SOLID_ANGLE_UNIT ( ) );
#608 = ORIENTED_EDGE ( 'NONE', *, *, #2480, .F. ) ;
#609 = CARTESIAN_POINT ( 'NONE',  ( 4.197252764729051400, -3.010000000000000231, 2.133037478809876042 ) ) ;
#610 = ADVANCED_FACE ( 'NONE', ( #3677, #8254 ), #3138, .F. ) ;
#611 = CARTESIAN_POINT ( 'NONE',  ( 1.858220344958817494, -3.010000000000000231, 1.558473852782332303 ) ) ;
#612 = EDGE_LOOP ( 'NONE', ( #5701, #5385, #8656, #548 ) ) ;
#613 = CARTESIAN_POINT ( 'NONE',  ( 3.520918894909611296, -3.000000000000000000, 2.219656681603968007 ) ) ;
#614 = LINE ( 'NONE', #3383, #1150 ) ;
#615 = ORIENTED_EDGE ( 'NONE', *, *, #4508, .F. ) ;
#616 = DIRECTION ( 'NONE',  ( -0.000000000000000000, -0.000000000000000000, 1.000000000000000000 ) ) ;
#617 = CARTESIAN_POINT ( 'NONE',  ( 5.549999999999999822, -2.799999999999999822, 9.799999999999998934 ) ) ;
#618 = EDGE_CURVE ( 'NONE', #4496, #7668, #5201, .T. ) ;
#619 = DIRECTION ( 'NONE',  ( -0.000000000000000000, 0.000000000000000000, -1.000000000000000000 ) ) ;
#620 = FACE_OUTER_BOUND ( 'NONE', #7460, .T. ) ;
#621 = CARTESIAN_POINT ( 'NONE',  ( 1.983463349953810351, -3.000000000000000000, 1.679162441519152615 ) ) ;
#622 = ADVANCED_FACE ( 'NONE', ( #8158 ), #2426, .F. ) ;
#623 = CARTESIAN_POINT ( 'NONE',  ( 2.703041182768126660, -3.010000000000000231, 2.048059973275527579 ) ) ;
#624 = UNCERTAINTY_MEASURE_WITH_UNIT (LENGTH_MEASURE( 1.000000000000000082E-05 ), #5173, 'distance_accuracy_value', 'NONE');
#625 = ORIENTED_EDGE ( 'NONE', *, *, #3651, .T. ) ;
#626 = DIRECTION ( 'NONE',  ( 0.000000000000000000, 0.000000000000000000, 1.000000000000000000 ) ) ;
#627 = LINE ( 'NONE', #3631, #1956 ) ;
#628 = CARTESIAN_POINT ( 'NONE',  ( 4.223860742902751042, -3.010000000000000231, 1.699286499232271597 ) ) ;
#629 = CARTESIAN_POINT ( 'NONE',  ( 3.634637300087105949, -3.000000000000000000, 2.094558248836125181 ) ) ;
#630 = EDGE_CURVE ( 'NONE', #3657, #3971, #3768, .T. ) ;
#631 = DIRECTION ( 'NONE',  ( 1.000000000000000000, 0.000000000000000000, 0.000000000000000000 ) ) ;
#632 =( NAMED_UNIT ( * ) PLANE_ANGLE_UNIT ( ) SI_UNIT ( $, .RADIAN. ) );
#633 = ADVANCED_FACE ( 'NONE', ( #6754 ), #127, .F. ) ;
#634 = VERTEX_POINT ( 'NONE', #3917 ) ;
#635 = CARTESIAN_POINT ( 'NONE',  ( 3.589117189735551161, -3.010000000000000231, 1.582538878077187183 ) ) ;
#636 = FACE_OUTER_BOUND ( 'NONE', #1904, .T. ) ;
#637 = CARTESIAN_POINT ( 'NONE',  ( 4.659904102137950588, -3.010000000000000231, 1.804572222097216683 ) ) ;
#638 = DIRECTION ( 'NONE',  ( 1.000000000000000000, 0.000000000000000000, 0.000000000000000000 ) ) ;
#639 = LINE ( 'NONE', #4292, #970 ) ;
#640 = FACE_OUTER_BOUND ( 'NONE', #3266, .T. ) ;
#641 = CARTESIAN_POINT ( 'NONE',  ( 3.946400933578616321, -3.010000000000000231, 2.383398085747340023 ) ) ;
#642 = ORIENTED_EDGE ( 'NONE', *, *, #3336, .F. ) ;
#643 = VERTEX_POINT ( 'NONE', #3191 ) ;
#644 = LINE ( 'NONE', #1415, #8309 ) ;
#645 = ORIENTED_EDGE ( 'NONE', *, *, #1926, .F. ) ;
#646 = CARTESIAN_POINT ( 'NONE',  ( 3.798133092125633770, -3.000000000000000000, 1.747917696262322185 ) ) ;
#647 = VERTEX_POINT ( 'NONE', #6899 ) ;
#648 = DIRECTION ( 'NONE',  ( 1.083260458603921549E-14, -0.000000000000000000, -1.000000000000000000 ) ) ;
#649 = VERTEX_POINT ( 'NONE', #7627 ) ;
#650 = PLANE ( 'NONE',  #6088 ) ;
#651 = DIRECTION ( 'NONE',  ( -1.000000000000000000, -0.000000000000000000, -0.000000000000000000 ) ) ;
#652 = VECTOR ( 'NONE', #9398, 1000.000000000000000 ) ;
#653 = EDGE_CURVE ( 'NONE', #279, #9442, #5206, .T. ) ;
#654 = VERTEX_POINT ( 'NONE', #784 ) ;
#655 = LINE ( 'NONE', #2178, #8111 ) ;
#656 = DIRECTION ( 'NONE',  ( -0.000000000000000000, 1.000000000000000000, -0.000000000000000000 ) ) ;
#657 = LINE ( 'NONE', #1245, #7249 ) ;
#658 = SURFACE_SIDE_STYLE ('',( #7521 ) ) ;
#659 = MECHANICAL_DESIGN_GEOMETRIC_PRESENTATION_REPRESENTATION (  '', ( #7817 ), #4227 ) ;
#660 = LINE ( 'NONE', #5188, #1043 ) ;
#661 = CARTESIAN_POINT ( 'NONE',  ( 4.338397855100033063, -3.010000000000000231, 1.735964573760301111 ) ) ;
#662 = CARTESIAN_POINT ( 'NONE',  ( 3.464428110479771394, -3.000000000000000000, 2.063119899241296462 ) ) ;
#663 = VECTOR ( 'NONE', #5221, 1000.000000000000000 ) ;
#664 = VECTOR ( 'NONE', #1728, 1000.000000000000000 ) ;
#665 = ADVANCED_FACE ( 'NONE', ( #363 ), #8262, .F. ) ;
#666 = CARTESIAN_POINT ( 'NONE',  ( 3.697350257874990831, -3.010000000000000231, 2.384380534173263122 ) ) ;
#667 = EDGE_LOOP ( 'NONE', ( #4274, #4440, #7306, #625 ) ) ;
#668 = AXIS2_PLACEMENT_3D ( 'NONE', #6318, #3384, #7542 ) ;
#669 = DIRECTION ( 'NONE',  ( -0.000000000000000000, 1.000000000000000000, -0.000000000000000000 ) ) ;
#670 = LINE ( 'NONE', #2150, #6102 ) ;
#671 = VECTOR ( 'NONE', #1194, 1000.000000000000000 ) ;
#672 = CARTESIAN_POINT ( 'NONE',  ( 3.641841921869984677, -3.010000000000000231, 2.351468511938452188 ) ) ;
#673 = CARTESIAN_POINT ( 'NONE',  ( 4.024341841950948684, -3.000000000000000000, 1.611848589418388267 ) ) ;
#674 = LINE ( 'NONE', #6422, #856 ) ;
#675 = EDGE_CURVE ( 'NONE', #9396, #7273, #4977, .T. ) ;
#676 = VECTOR ( 'NONE', #5169, 1000.000000000000000 ) ;
#677 = VECTOR ( 'NONE', #3030, 1000.000000000000000 ) ;
#678 = ADVANCED_FACE ( 'NONE', ( #6480 ), #959, .F. ) ;
#679 = ADVANCED_FACE ( 'NONE', ( #2008 ), #5022, .F. ) ;
#680 = ORIENTED_EDGE ( 'NONE', *, *, #3761, .T. ) ;
#681 = VERTEX_POINT ( 'NONE', #1364 ) ;
#682 = CARTESIAN_POINT ( 'NONE',  ( 2.001680537218043288, -3.010000000000000231, 2.280328774284716253 ) ) ;
#683 = B_SPLINE_CURVE_WITH_KNOTS ( 'NONE', 3,
 ( #6603, #4454, #9564, #2893 ),
 .UNSPECIFIED., .F., .F.,
 ( 4, 4 ),
 ( 1.000000000000000000, 2.000000000000000000 ),
 .UNSPECIFIED. ) ;
#684 = CARTESIAN_POINT ( 'NONE',  ( 3.467784809264184975, -3.010000000000000231, 1.591544655305791034 ) ) ;
#685 = DIRECTION ( 'NONE',  ( 1.000000000000000000, -0.000000000000000000, -0.000000000000000000 ) ) ;
#686 = EDGE_LOOP ( 'NONE', ( #2762, #921, #3828, #7999 ) ) ;
#687 = CARTESIAN_POINT ( 'NONE',  ( -1.520000000000000906, -2.149999999999999467, -4.099999999999999645 ) ) ;
#688 = FACE_BOUND ( 'NONE', #5900, .T. ) ;
#689 = CARTESIAN_POINT ( 'NONE',  ( 4.274948060994349319, -3.000000000000000000, 2.177738882142746135 ) ) ;
#690 = VECTOR ( 'NONE', #4051, 1000.000000000000000 ) ;
#691 = CARTESIAN_POINT ( 'NONE',  ( 3.003624360009190752, -3.010000000000000231, 1.715596816047625373 ) ) ;
#692 = ORIENTED_EDGE ( 'NONE', *, *, #6272, .F. ) ;
#693 = EDGE_CURVE ( 'NONE', #8831, #5382, #2110, .T. ) ;
#694 = ORIENTED_EDGE ( 'NONE', *, *, #8225, .T. ) ;
#695 = FACE_OUTER_BOUND ( 'NONE', #3331, .T. ) ;
#696 = EDGE_LOOP ( 'NONE', ( #4985, #9124, #1066, #2792 ) ) ;
#697 = EDGE_LOOP ( 'NONE', ( #6072, #8576, #1527, #6537 ) ) ;
#698 = CARTESIAN_POINT ( 'NONE',  ( 4.172937166210748394, -3.010000000000000231, 2.336568044163014335 ) ) ;
#699 = EDGE_LOOP ( 'NONE', ( #7264, #5323, #5111, #756 ) ) ;
#700 = SURFACE_STYLE_USAGE ( .BOTH. , #8136 ) ;
#701 = CARTESIAN_POINT ( 'NONE',  ( 3.887863381597113310, -3.010000000000000231, 1.739894367459658975 ) ) ;
#702 = PRESENTATION_LAYER_ASSIGNMENT (  '', '', ( #9093 ) ) ;
#703 = FILL_AREA_STYLE_COLOUR ( '', #8449 ) ;
#704 = ORIENTED_EDGE ( 'NONE', *, *, #4756, .T. ) ;
#705 = CARTESIAN_POINT ( 'NONE',  ( 3.890237631956687814, -3.010000000000000231, 1.579755274207726545 ) ) ;
#706 = COLOUR_RGB ( '',0.2980392156862745057, 0.2980392156862745057, 0.2980392156862745057 ) ;
#707 = ORIENTED_EDGE ( 'NONE', *, *, #1275, .T. ) ;
#708 = CARTESIAN_POINT ( 'NONE',  ( 3.935839613011329341, -3.010000000000000231, 1.483147845761289885 ) ) ;
#709 = LINE ( 'NONE', #5135, #6425 ) ;
#710 = CARTESIAN_POINT ( 'NONE',  ( 4.595553730310481200, -3.000000000000000000, 1.569930789957173500 ) ) ;
#711 = DIRECTION ( 'NONE',  ( -1.000000000000000000, 0.000000000000000000, -0.000000000000000000 ) ) ;
#712 = LINE ( 'NONE', #1486, #4788 ) ;
#713 = CARTESIAN_POINT ( 'NONE',  ( 2.621063992097105722, -3.010000000000000231, 1.822622698928031415 ) ) ;
#714 = VECTOR ( 'NONE', #8452, 1000.000000000000000 ) ;
#715 = UNCERTAINTY_MEASURE_WITH_UNIT (LENGTH_MEASURE( 1.000000000000000082E-05 ), #3470, 'distance_accuracy_value', 'NONE');
#716 = VERTEX_POINT ( 'NONE', #2817 ) ;
#717 = SURFACE_SIDE_STYLE ('',( #6514 ) ) ;
#718 = VECTOR ( 'NONE', #1846, 1000.000000000000000 ) ;
#719 = FACE_OUTER_BOUND ( 'NONE', #6541, .T. ) ;
#720 =( LENGTH_UNIT ( ) NAMED_UNIT ( * ) SI_UNIT ( .MILLI., .METRE. ) );
#721 = CARTESIAN_POINT ( 'NONE',  ( 3.606146295766792242, -3.010000000000000231, 2.351468511938452188 ) ) ;
#722 = CARTESIAN_POINT ( 'NONE',  ( 3.557515098735669845, -3.010000000000000231, 1.648526663946418003 ) ) ;
#723 = CARTESIAN_POINT ( 'NONE',  ( 3.641432568358998978, -3.010000000000000231, 2.388801552084495405 ) ) ;
#724 = EDGE_CURVE ( 'NONE', #8432, #349, #6622, .T. ) ;
#725 = VECTOR ( 'NONE', #4606, 1000.000000000000000 ) ;
#726 = B_SPLINE_CURVE_WITH_KNOTS ( 'NONE', 3,
 ( #8194, #5132, #1526, #1425 ),
 .UNSPECIFIED., .F., .F.,
 ( 4, 4 ),
 ( 12.00000000000000000, 13.00000000000000000 ),
 .UNSPECIFIED. ) ;
#727 = ORIENTED_EDGE ( 'NONE', *, *, #1206, .F. ) ;
#728 = CARTESIAN_POINT ( 'NONE',  ( 1.687434523821276011, -3.010000000000000231, 2.175580088674024637 ) ) ;
#729 = CARTESIAN_POINT ( 'NONE',  ( 3.520918894909611296, -3.010000000000000231, 2.259937067023430224 ) ) ;
#730 = ADVANCED_FACE ( 'NONE', ( #636 ), #5076, .F. ) ;
#731 = CARTESIAN_POINT ( 'NONE',  ( 4.627728916223118993, -3.000000000000000000, 1.832899485014656049 ) ) ;
#732 = EDGE_CURVE ( 'NONE', #8043, #4052, #3786, .T. ) ;
#733 = CARTESIAN_POINT ( 'NONE',  ( 3.847337384070623756, -3.000000000000000000, 1.635099868806588530 ) ) ;
#734 =( LENGTH_UNIT ( ) NAMED_UNIT ( * ) SI_UNIT ( .MILLI., .METRE. ) );
#735 = CARTESIAN_POINT ( 'NONE',  ( 4.842475767758290139, -3.010000000000000231, 1.811940585284053773 ) ) ;
#736 = ADVANCED_FACE ( 'NONE', ( #8119 ), #159, .F. ) ;
#737 = EDGE_CURVE ( 'NONE', #3273, #9143, #7544, .T. ) ;
#738 = B_SPLINE_CURVE_WITH_KNOTS ( 'NONE', 3,
 ( #8036, #5116, #2293, #6670 ),
 .UNSPECIFIED., .F., .F.,
 ( 4, 4 ),
 ( 9.000000000000000000, 10.00000000000000000 ),
 .UNSPECIFIED. ) ;
#739 = VERTEX_POINT ( 'NONE', #2246 ) ;
#740 = ORIENTED_EDGE ( 'NONE', *, *, #1587, .T. ) ;
#741 = CARTESIAN_POINT ( 'NONE',  ( 3.833664976824861181, -3.010000000000000231, 1.789016788703759575 ) ) ;
#742 = PRESENTATION_STYLE_ASSIGNMENT (( #5946 ) ) ;
#743 = ORIENTED_EDGE ( 'NONE', *, *, #457, .T. ) ;
#744 = CARTESIAN_POINT ( 'NONE',  ( 4.458911528550508763, -3.000000000000000000, 2.383398085747344908 ) ) ;
#745 = ORIENTED_EDGE ( 'NONE', *, *, #7528, .T. ) ;
#746 = CARTESIAN_POINT ( 'NONE',  ( 3.833664976824861181, -3.000000000000000000, 1.549626855844558726 ) ) ;
#747 = B_SPLINE_CURVE_WITH_KNOTS ( 'NONE', 3,
 ( #6174, #1735, #4716, #2754 ),
 .UNSPECIFIED., .F., .F.,
 ( 4, 4 ),
 ( 18.00000000000000000, 19.00000000000000000 ),
 .UNSPECIFIED. ) ;
#748 = ADVANCED_FACE ( 'NONE', ( #2331 ), #4633, .F. ) ;
#749 = LINE ( 'NONE', #23, #8289 ) ;
#750 = EDGE_CURVE ( 'NONE', #9059, #9250, #1968, .T. ) ;
#751 = ORIENTED_EDGE ( 'NONE', *, *, #7634, .T. ) ;
#752 = LINE ( 'NONE', #8053, #4892 ) ;
#753 = EDGE_LOOP ( 'NONE', ( #6870, #3410, #3652, #7997 ) ) ;
#754 = CARTESIAN_POINT ( 'NONE',  ( 3.546053200445514975, -3.010000000000000231, 2.072289417873849793 ) ) ;
#755 = DIRECTION ( 'NONE',  ( 0.000000000000000000, 0.000000000000000000, -1.000000000000000000 ) ) ;
#756 = ORIENTED_EDGE ( 'NONE', *, *, #7256, .T. ) ;
#757 = DIRECTION ( 'NONE',  ( -0.3409177962187363020, -0.000000000000000000, -0.9400931103999007332 ) ) ;
#758 = DIRECTION ( 'NONE',  ( -0.000000000000000000, 1.000000000000000000, -0.000000000000000000 ) ) ;
#759 = DIRECTION ( 'NONE',  ( -0.000000000000000000, 1.000000000000000000, -0.000000000000000000 ) ) ;
#760 = CARTESIAN_POINT ( 'NONE',  ( 3.927980025612624271, -3.000000000000000000, 1.450563306336576375 ) ) ;
#761 = PLANE ( 'NONE',  #7530 ) ;
#762 = ORIENTED_EDGE ( 'NONE', *, *, #5628, .T. ) ;
#763 = DIRECTION ( 'NONE',  ( -0.000000000000000000, 1.000000000000000000, -0.000000000000000000 ) ) ;
#764 = PRODUCT_RELATED_PRODUCT_CATEGORY ( 'part', '', ( #2063 ) ) ;
#765 = LINE ( 'NONE', #2276, #3963 ) ;
#766 = CARTESIAN_POINT ( 'NONE',  ( 4.035476257433175284, -3.010000000000000231, 1.520480885907324442 ) ) ;
#767 = LINE ( 'NONE', #2151, #4135 ) ;
#768 = PLANE ( 'NONE',  #389 ) ;
#769 = CARTESIAN_POINT ( 'NONE',  ( 4.620851777248160097, -3.000000000000000000, 1.788198081681789509 ) ) ;
#770 = EDGE_LOOP ( 'NONE', ( #7982, #9506, #4304, #5723, #1713, #2210, #8193, #8910 ) ) ;
#771 = VERTEX_POINT ( 'NONE', #3832 ) ;
#772 = CARTESIAN_POINT ( 'NONE',  ( 2.024451945290415278, -3.000000000000000000, 1.717873926451140010 ) ) ;
#773 = EDGE_CURVE ( 'NONE', #5739, #9342, #4678, .T. ) ;
#774 = CARTESIAN_POINT ( 'NONE',  ( 3.641432568358998978, -3.010000000000000231, 2.388801552084495405 ) ) ;
#775 = CARTESIAN_POINT ( 'NONE',  ( 3.451410668849840491, -3.010000000000000231, 1.699286499232269820 ) ) ;
#776 = CARTESIAN_POINT ( 'NONE',  ( 3.885407260534478269, -3.000000000000000000, 1.655076320113465504 ) ) ;
#777 = FACE_BOUND ( 'NONE', #4181, .T. ) ;
#778 = PLANE ( 'NONE',  #4563 ) ;
#779 = ORIENTED_EDGE ( 'NONE', *, *, #2890, .T. ) ;
#780 = B_SPLINE_CURVE_WITH_KNOTS ( 'NONE', 3,
 ( #5150, #2240, #7440, #1585 ),
 .UNSPECIFIED., .F., .F.,
 ( 4, 4 ),
 ( 4.000000000000000000, 5.000000000000000000 ),
 .UNSPECIFIED. ) ;
#781 = VERTEX_POINT ( 'NONE', #8216 ) ;
#782 = CARTESIAN_POINT ( 'NONE',  ( 3.554567753461150836, -3.000000000000000000, 2.315936627240314571 ) ) ;
#783 = EDGE_CURVE ( 'NONE', #9095, #509, #1720, .T. ) ;
#784 = CARTESIAN_POINT ( 'NONE',  ( 4.035230645327230192, -3.000000000000000000, 1.611521106610473542 ) ) ;
#785 = ORIENTED_EDGE ( 'NONE', *, *, #6995, .F. ) ;
#786 =( LENGTH_UNIT ( ) NAMED_UNIT ( * ) SI_UNIT ( .MILLI., .METRE. ) );
#787 = ORIENTED_EDGE ( 'NONE', *, *, #7271, .T. ) ;
#788 = VERTEX_POINT ( 'NONE', #8326 ) ;
#789 = CARTESIAN_POINT ( 'NONE',  ( 2.375132333214557079, -3.010000000000000231, 2.469331826119598006 ) ) ;
#790 = ORIENTED_EDGE ( 'NONE', *, *, #1333, .F. ) ;
#791 = PLANE ( 'NONE',  #8035 ) ;
#792 = LINE ( 'NONE', #9065, #1589 ) ;
#793 = EDGE_CURVE ( 'NONE', #7246, #6240, #8268, .T. ) ;
#794 = B_SPLINE_SURFACE_WITH_KNOTS ( 'NONE', 3, 1, ( 
 ( #5920, #760 ),
 ( #3715, #8986 ),
 ( #3233, #7620 ),
 ( #5333, #6794 ) ),
 .UNSPECIFIED., .F., .F., .F.,
 ( 4, 4 ),
 ( 2, 2 ),
 ( 2.000000000000000000, 3.000000000000000000 ),
 ( 0.000000000000000000, 1.000000000000000000 ),
 .UNSPECIFIED. ) ;
#795 = VERTEX_POINT ( 'NONE', #4579 ) ;
#796 = FILL_AREA_STYLE ('',( #6784 ) ) ;
#797 = EDGE_CURVE ( 'NONE', #9261, #3873, #6810, .T. ) ;
#798 = EDGE_CURVE ( 'NONE', #6042, #3313, #5447, .T. ) ;
#799 = EDGE_LOOP ( 'NONE', ( #6565, #4446, #3850, #2368 ) ) ;
#800 = CARTESIAN_POINT ( 'NONE',  ( 3.582731274973546043, -3.010000000000000231, 2.057716432904142412 ) ) ;
#801 = CARTESIAN_POINT ( 'NONE',  ( 3.786753064537466074, -3.010000000000000231, 1.582375136673234151 ) ) ;
#802 = ORIENTED_EDGE ( 'NONE', *, *, #8165, .F. ) ;
#803 = CARTESIAN_POINT ( 'NONE',  ( 3.953687426062375554, -3.010000000000000231, 2.063119899241303568 ) ) ;
#804 = CARTESIAN_POINT ( 'NONE',  ( 4.839282810376748678, -3.010000000000000231, 1.823729966382111378 ) ) ;
#805 = CARTESIAN_POINT ( 'NONE',  ( 4.274948060994349319, -3.000000000000000000, 2.274837534798882288 ) ) ;
#806 = FACE_OUTER_BOUND ( 'NONE', #6316, .T. ) ;
#807 = AXIS2_PLACEMENT_3D ( 'NONE', #9387, #1260, #5700 ) ;
#808 = UNCERTAINTY_MEASURE_WITH_UNIT (LENGTH_MEASURE( 1.000000000000000082E-05 ), #3254, 'distance_accuracy_value', 'NONE');
#809 = B_SPLINE_CURVE_WITH_KNOTS ( 'NONE', 3,
 ( #918, #2278, #250, #3869 ),
 .UNSPECIFIED., .F., .F.,
 ( 4, 4 ),
 ( 5.000000000000000000, 6.000000000000000000 ),
 .UNSPECIFIED. ) ;
#810 = PRESENTATION_LAYER_ASSIGNMENT (  '', '', ( #364 ) ) ;
#811 = ADVANCED_FACE ( 'NONE', ( #826 ), #4627, .F. ) ;
#812 = ORIENTED_EDGE ( 'NONE', *, *, #7764, .T. ) ;
#813 = DIRECTION ( 'NONE',  ( 0.9345104387438696314, 0.000000000000000000, -0.3559357243643019864 ) ) ;
#814 = DIRECTION ( 'NONE',  ( 0.000000000000000000, -0.000000000000000000, 1.000000000000000000 ) ) ;
#815 = CARTESIAN_POINT ( 'NONE',  ( 4.506642147858789471, -3.000000000000000000, 1.875308508687761222 ) ) ;
#817 = CARTESIAN_POINT ( 'NONE',  ( 3.885407260534478269, -3.000000000000000000, 1.655076320113465504 ) ) ;
#816 = VECTOR ( 'NONE', #4963, 1000.000000000000000 ) ;
#818 = VECTOR ( 'NONE', #2085, 1000.000000000000000 ) ;
#819 =( GEOMETRIC_REPRESENTATION_CONTEXT ( 3 ) GLOBAL_UNCERTAINTY_ASSIGNED_CONTEXT ( ( #5004 ) ) GLOBAL_UNIT_ASSIGNED_CONTEXT ( ( #6218, #3821, #6803 ) ) REPRESENTATION_CONTEXT ( 'NONE', 'WORKASPACE' ) );
#820 = VECTOR ( 'NONE', #3339, 1000.000000000000000 ) ;
#821 = STYLED_ITEM ( 'NONE', ( #3661 ), #4308 ) ;
#822 = CARTESIAN_POINT ( 'NONE',  ( 4.837481654933205810, -3.009999999999999343, 1.834373157650283970 ) ) ;
#823 = ORIENTED_EDGE ( 'NONE', *, *, #1146, .T. ) ;
#824 = LINE ( 'NONE', #1592, #8606 ) ;
#825 = FACE_OUTER_BOUND ( 'NONE', #2551, .T. ) ;
#826 = FACE_OUTER_BOUND ( 'NONE', #3915, .T. ) ;
#827 = DIRECTION ( 'NONE',  ( 0.3493954794972896072, -0.000000000000000000, -0.9369753459439896792 ) ) ;
#828 = DIRECTION ( 'NONE',  ( -0.000000000000000000, 0.000000000000000000, 1.000000000000000000 ) ) ;
#829 = SURFACE_SIDE_STYLE ('',( #6859 ) ) ;
#830 = PLANE ( 'NONE',  #6892 ) ;
#831 = VECTOR ( 'NONE', #8422, 1000.000000000000000 ) ;
#832 = STYLED_ITEM ( 'NONE', ( #2872 ), #6616 ) ;
#833 = VECTOR ( 'NONE', #8342, 1000.000000000000000 ) ;
#834 = ORIENTED_EDGE ( 'NONE', *, *, #4949, .T. ) ;
#835 = VERTEX_POINT ( 'NONE', #8375 ) ;
#836 = CARTESIAN_POINT ( 'NONE',  ( 4.414701349431691568, -3.010000000000000231, 2.383398085747344908 ) ) ;
#837 = AXIS2_PLACEMENT_3D ( 'NONE', #3592, #7402, #5991 ) ;
#838 = AXIS2_PLACEMENT_3D ( 'NONE', #9354, #8535, #4196 ) ;
#839 = VERTEX_POINT ( 'NONE', #8901 ) ;
#840 = DIRECTION ( 'NONE',  ( -0.000000000000000000, 1.000000000000000000, -0.000000000000000000 ) ) ;
#841 = VERTEX_POINT ( 'NONE', #57 ) ;
#842 =( LENGTH_UNIT ( ) NAMED_UNIT ( * ) SI_UNIT ( .MILLI., .METRE. ) );
#843 = EDGE_LOOP ( 'NONE', ( #5662, #1049, #5795, #5757 ) ) ;
#844 = DIRECTION ( 'NONE',  ( 1.000000000000000000, 0.000000000000000000, -0.000000000000000000 ) ) ;
#845 = CARTESIAN_POINT ( 'NONE',  ( 2.302263671026000935, -3.010000000000000231, 1.631342514970890001 ) ) ;
#846 = ORIENTED_EDGE ( 'NONE', *, *, #3234, .F. ) ;
#847 = FACE_OUTER_BOUND ( 'NONE', #1518, .T. ) ;
#848 = EDGE_CURVE ( 'NONE', #583, #2295, #1492, .T. ) ;
#849 = EDGE_LOOP ( 'NONE', ( #7410, #410, #5446, #3684 ) ) ;
#850 = CARTESIAN_POINT ( 'NONE',  ( 3.717326709180762911, -3.000000000000000000, 2.332474509059698331 ) ) ;
#851 = ORIENTED_EDGE ( 'NONE', *, *, #3463, .F. ) ;
#852 = CARTESIAN_POINT ( 'NONE',  ( 3.518626515250925735, -3.010000000000000231, 2.101435387811084077 ) ) ;
#853 = CARTESIAN_POINT ( 'NONE',  ( 4.489776783231489432, -3.010000000000000231, 2.186908400775306571 ) ) ;
#854 = ORIENTED_EDGE ( 'NONE', *, *, #4311, .F. ) ;
#855 = DIRECTION ( 'NONE',  ( -1.000000000000000000, -8.673617379884035472E-16, -0.000000000000000000 ) ) ;
#856 = VECTOR ( 'NONE', #9436, 1000.000000000000000 ) ;
#857 = DIRECTION ( 'NONE',  ( -0.000000000000000000, 1.000000000000000000, -0.000000000000000000 ) ) ;
#858 = CARTESIAN_POINT ( 'NONE',  ( -5.750000000000000000, 3.000000000000000000, 0.000000000000000000 ) ) ;
#859 = ADVANCED_FACE ( 'NONE', ( #3008 ), #3827, .T. ) ;
#860 = DIRECTION ( 'NONE',  ( -0.000000000000000000, 0.000000000000000000, 1.000000000000000000 ) ) ;
#861 = LINE ( 'NONE', #6020, #2861 ) ;
#862 = ADVANCED_FACE ( 'NONE', ( #4029 ), #6331, .F. ) ;
#863 = EDGE_CURVE ( 'NONE', #886, #9068, #352, .T. ) ;
#864 = B_SPLINE_CURVE_WITH_KNOTS ( 'NONE', 3,
 ( #5043, #1876, #517, #8005 ),
 .UNSPECIFIED., .F., .F.,
 ( 4, 4 ),
 ( 2.000000000000000000, 3.000000000000000000 ),
 .UNSPECIFIED. ) ;
#865 = CARTESIAN_POINT ( 'NONE',  ( 3.531398344773832410, -3.010000000000000231, 2.150885291863104953 ) ) ;
#866 = VERTEX_POINT ( 'NONE', #1946 ) ;
#867 = CARTESIAN_POINT ( 'NONE',  ( 3.589117189735551161, -3.000000000000000000, 1.582538878077187183 ) ) ;
#868 = CARTESIAN_POINT ( 'NONE',  ( 3.808612541990934020, -3.000000000000000000, 1.789016788703759575 ) ) ;
#869 = FACE_OUTER_BOUND ( 'NONE', #5294, .T. ) ;
#870 = CARTESIAN_POINT ( 'NONE',  ( 3.577573420743419774, -3.010000000000000231, 1.659988562236557330 ) ) ;
#871 = PRESENTATION_LAYER_ASSIGNMENT (  '', '', ( #9263 ) ) ;
#872 = CARTESIAN_POINT ( 'NONE',  ( 2.245335085695980837, -3.000000000000000000, 1.783911257429141584 ) ) ;
#873 = EDGE_CURVE ( 'NONE', #6307, #1474, #3300, .T. ) ;
#874 = VERTEX_POINT ( 'NONE', #3982 ) ;
#875 = AXIS2_PLACEMENT_3D ( 'NONE', #3101, #7641, #880 ) ;
#876 = ORIENTED_EDGE ( 'NONE', *, *, #8297, .F. ) ;
#877 = CARTESIAN_POINT ( 'NONE',  ( 3.833664976824861181, -3.010000000000000231, 1.684713514262567546 ) ) ;
#878 = FACE_OUTER_BOUND ( 'NONE', #7228, .T. ) ;
#879 = CARTESIAN_POINT ( 'NONE',  ( 3.964576229438675714, -3.010000000000000231, 1.783777063770560556 ) ) ;
#880 = DIRECTION ( 'NONE',  ( -1.000000000000000000, 0.000000000000000000, -0.000000000000000000 ) ) ;
#881 = DIRECTION ( 'NONE',  ( -0.000000000000000000, 1.000000000000000000, -0.000000000000000000 ) ) ;
#882 = CARTESIAN_POINT ( 'NONE',  ( 3.506182168535952659, -3.010000000000000231, 1.659006113812807603 ) ) ;
#883 = LINE ( 'NONE', #262, #831 ) ;
#884 = VECTOR ( 'NONE', #3128, 1000.000000000000000 ) ;
#885 = B_SPLINE_SURFACE_WITH_KNOTS ( 'NONE', 3, 1, ( 
 ( #4209, #297 ),
 ( #1886, #3242 ),
 ( #4864, #7826 ),
 ( #1107, #4912 ) ),
 .UNSPECIFIED., .F., .F., .F.,
 ( 4, 4 ),
 ( 2, 2 ),
 ( 5.000000000000000000, 6.000000000000000000 ),
 ( 0.000000000000000000, 1.000000000000000000 ),
 .UNSPECIFIED. ) ;
#886 = VERTEX_POINT ( 'NONE', #450 ) ;
#887 = VERTEX_POINT ( 'NONE', #7838 ) ;
#888 = CARTESIAN_POINT ( 'NONE',  ( 3.898834055674295307, -3.000000000000000000, 1.617252055755535434 ) ) ;
#889 = VECTOR ( 'NONE', #4983, 1000.000000000000000 ) ;
#890 = ORIENTED_EDGE ( 'NONE', *, *, #9310, .T. ) ;
#891 = CARTESIAN_POINT ( 'NONE',  ( 3.744589652970312876, -3.000000000000000000, 1.707964793650771362 ) ) ;
#892 = EDGE_LOOP ( 'NONE', ( #6816, #5520, #4743, #3420 ) ) ;
#893 = DIRECTION ( 'NONE',  ( -1.000000000000000000, 0.000000000000000000, -0.000000000000000000 ) ) ;
#894 = ORIENTED_EDGE ( 'NONE', *, *, #2326, .F. ) ;
#895 = B_SPLINE_SURFACE_WITH_KNOTS ( 'NONE', 3, 1, ( 
 ( #6466, #6559 ),
 ( #5008, #1306 ),
 ( #4363, #9524 ),
 ( #7920, #8701 ) ),
 .UNSPECIFIED., .F., .F., .F.,
 ( 4, 4 ),
 ( 2, 2 ),
 ( 5.000000000000000000, 6.000000000000000000 ),
 ( 0.000000000000000000, 1.000000000000000000 ),
 .UNSPECIFIED. ) ;
#896 = CARTESIAN_POINT ( 'NONE',  ( 3.781431468903377890, -3.010000000000000231, 2.063119899241296462 ) ) ;
#897 = LINE ( 'NONE', #661, #4724 ) ;
#898 = DIRECTION ( 'NONE',  ( -0.000000000000000000, 1.000000000000000000, -0.000000000000000000 ) ) ;
#899 = CARTESIAN_POINT ( 'NONE',  ( 4.632559287644243184, -3.000000000000000000, 1.758069663320812603 ) ) ;
#900 = DIRECTION ( 'NONE',  ( -0.000000000000000000, -0.000000000000000000, 1.000000000000000000 ) ) ;
#901 = FACE_OUTER_BOUND ( 'NONE', #8082, .T. ) ;
#902 = CARTESIAN_POINT ( 'NONE',  ( 3.559999999999998277, -2.449999999999999289, -4.099999999999999645 ) ) ;
#903 = ORIENTED_EDGE ( 'NONE', *, *, #3590, .T. ) ;
#904 =( NAMED_UNIT ( * ) SI_UNIT ( $, .STERADIAN. ) SOLID_ANGLE_UNIT ( ) );
#905 = EDGE_CURVE ( 'NONE', #6487, #6270, #1845, .T. ) ;
#906 =( NAMED_UNIT ( * ) PLANE_ANGLE_UNIT ( ) SI_UNIT ( $, .RADIAN. ) );
#907 = LINE ( 'NONE', #7471, #5086 ) ;
#908 = CARTESIAN_POINT ( 'NONE',  ( 3.641432568358998978, -3.000000000000000000, 2.388801552084495405 ) ) ;
#909 = CARTESIAN_POINT ( 'NONE',  ( -5.249999999999999112, 3.000000000000000000, 0.000000000000000000 ) ) ;
#910 = UNCERTAINTY_MEASURE_WITH_UNIT (LENGTH_MEASURE( 1.000000000000000082E-05 ), #6890, 'distance_accuracy_value', 'NONE');
#911 = ADVANCED_FACE ( 'NONE', ( #7061 ), #6226, .F. ) ;
#912 = LINE ( 'NONE', #3864, #8456 ) ;
#913 = VERTEX_POINT ( 'NONE', #3351 ) ;
#914 = CARTESIAN_POINT ( 'NONE',  ( 3.550474218356750811, -3.000000000000000000, 1.641649524973639585 ) ) ;
#915 = EDGE_CURVE ( 'NONE', #5794, #515, #5433, .T. ) ;
#916 = CARTESIAN_POINT ( 'NONE',  ( 3.898834055674295307, -3.000000000000000000, 1.617252055755535434 ) ) ;
#917 = CARTESIAN_POINT ( 'NONE',  ( 4.936299592335264386, -3.000000000000000000, 1.555030322181724767 ) ) ;
#918 = CARTESIAN_POINT ( 'NONE',  ( 4.597436756455998363, -3.000000000000000000, 1.808338274392610856 ) ) ;
#919 = CARTESIAN_POINT ( 'NONE',  ( 4.436397085480108693, -3.000000000000000000, 2.342462734712048356 ) ) ;
#920 = EDGE_CURVE ( 'NONE', #7092, #7172, #1212, .T. ) ;
#921 = ORIENTED_EDGE ( 'NONE', *, *, #8298, .F. ) ;
#922 = VERTEX_POINT ( 'NONE', #5451 ) ;
#923 = CARTESIAN_POINT ( 'NONE',  ( 3.876401483306975759, -3.010000000000000231, 1.665228287169756349 ) ) ;
#924 = CARTESIAN_POINT ( 'NONE',  ( 2.024451945290415278, -3.010000000000000231, 1.540256535218800238 ) ) ;
#925 = EDGE_CURVE ( 'NONE', #8920, #8940, #5596, .T. ) ;
#926 = EDGE_CURVE ( 'NONE', #7419, #167, #8554, .T. ) ;
#927 = FACE_OUTER_BOUND ( 'NONE', #6819, .T. ) ;
#928 = DIRECTION ( 'NONE',  ( -0.000000000000000000, 1.000000000000000000, -0.000000000000000000 ) ) ;
#929 = FACE_BOUND ( 'NONE', #2343, .T. ) ;
#930 = DIRECTION ( 'NONE',  ( 0.000000000000000000, 0.000000000000000000, -1.000000000000000000 ) ) ;
#931 = ORIENTED_EDGE ( 'NONE', *, *, #4869, .T. ) ;
#932 = EDGE_LOOP ( 'NONE', ( #4170, #2526, #5770, #5627 ) ) ;
#933 = CARTESIAN_POINT ( 'NONE',  ( 4.223860742902751042, -3.010000000000000231, 1.591544655305796141 ) ) ;
#934 = ORIENTED_EDGE ( 'NONE', *, *, #2473, .T. ) ;
#935 = CARTESIAN_POINT ( 'NONE',  ( -1.020000000000000906, -2.449999999999998845, -4.099999999999999645 ) ) ;
#936 = PRESENTATION_STYLE_ASSIGNMENT (( #6194 ) ) ;
#937 = CARTESIAN_POINT ( 'NONE',  ( 4.676032630447437555, -3.000000000000000000, 1.669649305080988855 ) ) ;
#938 = CARTESIAN_POINT ( 'NONE',  ( -5.549999999999999822, -2.799999999999999822, 10.00000000000000000 ) ) ;
#939 = EDGE_LOOP ( 'NONE', ( #2291, #6931, #3027, #6163 ) ) ;
#940 = DIRECTION ( 'NONE',  ( 0.000000000000000000, 0.000000000000000000, 1.000000000000000000 ) ) ;
#941 = ORIENTED_EDGE ( 'NONE', *, *, #3463, .T. ) ;
#942 = LINE ( 'NONE', #8442, #7343 ) ;
#943 = SURFACE_STYLE_USAGE ( .BOTH. , #7615 ) ;
#944 = ORIENTED_EDGE ( 'NONE', *, *, #1053, .T. ) ;
#945 = CARTESIAN_POINT ( 'NONE',  ( 4.035230645327230192, -3.000000000000000000, 1.611521106610473542 ) ) ;
#946 = CARTESIAN_POINT ( 'NONE',  ( 3.030950119187898473, -3.010000000000000231, 2.009348488343536854 ) ) ;
#947 = DIRECTION ( 'NONE',  ( 0.000000000000000000, 2.168404344971003346E-15, 1.000000000000000000 ) ) ;
#948 = FACE_OUTER_BOUND ( 'NONE', #3601, .T. ) ;
#949 = VERTEX_POINT ( 'NONE', #5735 ) ;
#950 = EDGE_CURVE ( 'NONE', #6469, #4396, #4625, .T. ) ;
#951 = DIRECTION ( 'NONE',  ( 1.000000000000000000, 0.000000000000000000, -0.000000000000000000 ) ) ;
#952 = ORIENTED_EDGE ( 'NONE', *, *, #6627, .F. ) ;
#953 = CARTESIAN_POINT ( 'NONE',  ( 3.621292375649268536, -3.010000000000000231, 1.588761051434134153 ) ) ;
#954 = CARTESIAN_POINT ( 'NONE',  ( 3.770297053421158839, -3.000000000000000000, 1.770841492842605946 ) ) ;
#955 = LINE ( 'NONE', #9464, #5483 ) ;
#956 = CARTESIAN_POINT ( 'NONE',  ( 3.859208635871762549, -3.010000000000000231, 1.675216512822094161 ) ) ;
#957 = CARTESIAN_POINT ( 'NONE',  ( 3.694402912600484257, -3.000000000000000000, 2.345246338581505441 ) ) ;
#958 = EDGE_CURVE ( 'NONE', #1858, #5209, #8658, .T. ) ;
#959 = B_SPLINE_SURFACE_WITH_KNOTS ( 'NONE', 3, 1, ( 
 ( #4431, #2157 ),
 ( #593, #7935 ),
 ( #2198, #5748 ),
 ( #2868, #9488 ) ),
 .UNSPECIFIED., .F., .F., .F.,
 ( 4, 4 ),
 ( 2, 2 ),
 ( 8.000000000000000000, 9.000000000000000000 ),
 ( 0.000000000000000000, 1.000000000000000000 ),
 .UNSPECIFIED. ) ;
#960 = VECTOR ( 'NONE', #5960, 1000.000000000000114 ) ;
#961 = ORIENTED_EDGE ( 'NONE', *, *, #1185, .T. ) ;
#962 = ORIENTED_EDGE ( 'NONE', *, *, #2590, .F. ) ;
#963 = CARTESIAN_POINT ( 'NONE',  ( 3.859208635871762549, -3.010000000000000231, 1.675216512822094161 ) ) ;
#964 = CARTESIAN_POINT ( 'NONE',  ( 4.936299592335264386, -3.000000000000000000, 1.555030322181724767 ) ) ;
#965 = ORIENTED_EDGE ( 'NONE', *, *, #1559, .T. ) ;
#966 = CARTESIAN_POINT ( 'NONE',  ( 4.842475767758290139, -3.000000000000000000, 1.811940585284053773 ) ) ;
#967 = FACE_BOUND ( 'NONE', #2966, .T. ) ;
#968 = CARTESIAN_POINT ( 'NONE',  ( 3.649865250672663652, -3.000000000000000000, 1.590398465475894030 ) ) ;
#969 = DIRECTION ( 'NONE',  ( 0.000000000000000000, -1.000000000000000000, 0.000000000000000000 ) ) ;
#970 = VECTOR ( 'NONE', #7357, 1000.000000000000000 ) ;
#971 = ADVANCED_FACE ( 'NONE', ( #5146 ), #895, .F. ) ;
#972 = AXIS2_PLACEMENT_3D ( 'NONE', #6122, #6953, #8408 ) ;
#973 = ADVANCED_FACE ( 'NONE', ( #9574 ), #1443, .F. ) ;
#974 = VERTEX_POINT ( 'NONE', #7969 ) ;
#975 = ADVANCED_FACE ( 'NONE', ( #2714 ), #3583, .T. ) ;
#976 = VERTEX_POINT ( 'NONE', #2805 ) ;
#977 = ORIENTED_EDGE ( 'NONE', *, *, #2472, .T. ) ;
#978 =( NAMED_UNIT ( * ) SI_UNIT ( $, .STERADIAN. ) SOLID_ANGLE_UNIT ( ) );
#979 = COLOUR_RGB ( '',0.6666666666666666297, 0.6666666666666666297, 0.6666666666666666297 ) ;
#980 = CARTESIAN_POINT ( 'NONE',  ( 4.220094690607353094, -3.000000000000000000, 2.155142568370377099 ) ) ;
#981 = ORIENTED_EDGE ( 'NONE', *, *, #8416, .F. ) ;
#982 = CARTESIAN_POINT ( 'NONE',  ( 4.338397855100036615, -3.000000000000000000, 1.699286499232271597 ) ) ;
#983 = CIRCLE ( 'NONE', #5336, 0.2000000000000005107 ) ;
#984 = FACE_OUTER_BOUND ( 'NONE', #4104, .T. ) ;
#985 = CARTESIAN_POINT ( 'NONE',  ( -5.750000000000000000, -3.000000000000000000, 9.799999999999998934 ) ) ;
#986 = ORIENTED_EDGE ( 'NONE', *, *, #793, .T. ) ;
#987 = VECTOR ( 'NONE', #6210, 1000.000000000000000 ) ;
#988 = CARTESIAN_POINT ( 'NONE',  ( 2.031283406801365210, -3.000000000000000000, 2.319040237500154422 ) ) ;
#989 = CARTESIAN_POINT ( 'NONE',  ( 3.632999886046437421, -3.000000000000000000, 1.563217392388343008 ) ) ;
#990 = EDGE_CURVE ( 'NONE', #7175, #74, #8902, .T. ) ;
#991 = PRESENTATION_LAYER_ASSIGNMENT (  '', '', ( #232 ) ) ;
#992 = ORIENTED_EDGE ( 'NONE', *, *, #9593, .F. ) ;
#993 = FACE_OUTER_BOUND ( 'NONE', #4442, .T. ) ;
#994 = ORIENTED_EDGE ( 'NONE', *, *, #6982, .F. ) ;
#995 = LINE ( 'NONE', #6247, #4070 ) ;
#996 = CARTESIAN_POINT ( 'NONE',  ( 1.019999999999999130, -2.149999999999999467, -4.099999999999999645 ) ) ;
#997 = EDGE_LOOP ( 'NONE', ( #8184, #9071, #3475, #2355, #1221, #5087, #6050 ) ) ;
#998 = LINE ( 'NONE', #9444, #2579 ) ;
#999 = CARTESIAN_POINT ( 'NONE',  ( 2.937587115897390966, -3.010000000000000231, 2.130037207379652742 ) ) ;
#1000 = DIRECTION ( 'NONE',  ( -0.000000000000000000, 1.000000000000000000, -0.000000000000000000 ) ) ;
#1001 = DIRECTION ( 'NONE',  ( -0.000000000000000000, 1.000000000000000000, -0.000000000000000000 ) ) ;
#1002 = STYLED_ITEM ( 'NONE', ( #8142 ), #4958 ) ;
#1003 = PRESENTATION_STYLE_ASSIGNMENT (( #2614 ) ) ;
#1004 = PRESENTATION_LAYER_ASSIGNMENT (  '', '', ( #5676 ) ) ;
#1005 = CARTESIAN_POINT ( 'NONE',  ( 3.649865250672663652, -3.000000000000000000, 1.629041436853605029 ) ) ;
#1006 = EDGE_LOOP ( 'NONE', ( #2865, #5224, #3346, #2787 ) ) ;
#1007 = PLANE ( 'NONE',  #4241 ) ;
#1008 = LINE ( 'NONE', #8316, #8338 ) ;
#1009 = CARTESIAN_POINT ( 'NONE',  ( 4.432139808972852535, -3.000000000000000000, 2.325269887276831593 ) ) ;
#1010 = CARTESIAN_POINT ( 'NONE',  ( 3.336873556650385986, -3.010000000000000231, 1.591544655305791034 ) ) ;
#1011 = VECTOR ( 'NONE', #206, 1000.000000000000000 ) ;
#1012 = ORIENTED_EDGE ( 'NONE', *, *, #1382, .T. ) ;
#1013 = ORIENTED_EDGE ( 'NONE', *, *, #4792, .F. ) ;
#1014 = VERTEX_POINT ( 'NONE', #8023 ) ;
#1015 = FACE_BOUND ( 'NONE', #6183, .T. ) ;
#1016 = VECTOR ( 'NONE', #7785, 1000.000000000000000 ) ;
#1017 = CARTESIAN_POINT ( 'NONE',  ( 3.833664976824861181, -3.010000000000000231, 1.789016788703759575 ) ) ;
#1018 = CARTESIAN_POINT ( 'NONE',  ( -1.020000000000000906, -2.149999999999999911, 0.5000000000000000000 ) ) ;
#1019 = ORIENTED_EDGE ( 'NONE', *, *, #3910, .F. ) ;
#1020 = CARTESIAN_POINT ( 'NONE',  ( 1.723868854915553195, -3.010000000000000231, 1.920539966459761771 ) ) ;
#1021 = EDGE_CURVE ( 'NONE', #7362, #7028, #9475, .T. ) ;
#1022 = FACE_BOUND ( 'NONE', #4150, .T. ) ;
#1023 = PLANE ( 'NONE',  #8933 ) ;
#1024 = CARTESIAN_POINT ( 'NONE',  ( 3.873044784521474604, -3.010000000000000231, 1.567802151703523217 ) ) ;
#1025 = ORIENTED_EDGE ( 'NONE', *, *, #400, .F. ) ;
#1026 = VECTOR ( 'NONE', #6951, 1000.000000000000000 ) ;
#1027 = EDGE_CURVE ( 'NONE', #5645, #536, #8788, .T. ) ;
#1028 = ORIENTED_EDGE ( 'NONE', *, *, #6731, .F. ) ;
#1029 = EDGE_CURVE ( 'NONE', #4252, #3031, #1356, .T. ) ;
#1030 = ORIENTED_EDGE ( 'NONE', *, *, #5983, .T. ) ;
#1031 = CARTESIAN_POINT ( 'NONE',  ( 4.231474718195512352, -3.010000000000000231, 2.226206337768836807 ) ) ;
#1032 = EDGE_LOOP ( 'NONE', ( #8495, #7923, #692, #6493, #1078, #311, #8620, #7498 ) ) ;
#1033 = CARTESIAN_POINT ( 'NONE',  ( 1.019999999999999130, -2.149999999999999467, -4.099999999999999645 ) ) ;
#1034 = EDGE_CURVE ( 'NONE', #2655, #2339, #627, .T. ) ;
#1035 = VECTOR ( 'NONE', #685, 1000.000000000000000 ) ;
#1036 = LINE ( 'NONE', #3846, #1736 ) ;
#1037 = EDGE_CURVE ( 'NONE', #269, #463, #584, .T. ) ;
#1038 = LINE ( 'NONE', #985, #6423 ) ;
#1039 = ORIENTED_EDGE ( 'NONE', *, *, #7449, .T. ) ;
#1040 = CARTESIAN_POINT ( 'NONE',  ( 3.857653092531977634, -3.000000000000000000, 1.592690845133495348 ) ) ;
#1041 = CARTESIAN_POINT ( 'NONE',  ( 3.578719610572211884, -3.010000000000000231, 1.549626855844558726 ) ) ;
#1042 = B_SPLINE_CURVE_WITH_KNOTS ( 'NONE', 3,
 ( #8731, #1978, #4946, #609 ),
 .UNSPECIFIED., .F., .F.,
 ( 4, 4 ),
 ( 2.000000000000000000, 3.000000000000000000 ),
 .UNSPECIFIED. ) ;
#1043 = VECTOR ( 'NONE', #4999, 1000.000000000000000 ) ;
#1044 = VERTEX_POINT ( 'NONE', #8803 ) ;
#1045 = CARTESIAN_POINT ( 'NONE',  ( 4.502548612755478352, -3.000000000000000000, 2.150721550459153697 ) ) ;
#1046 = ORIENTED_EDGE ( 'NONE', *, *, #8637, .T. ) ;
#1047 = CARTESIAN_POINT ( 'NONE',  ( 2.703041182768126660, -3.000000000000000000, 2.048059973275527579 ) ) ;
#1048 = CARTESIAN_POINT ( 'NONE',  ( 3.744344040864370893, -3.010000000000000231, 1.563053650984391529 ) ) ;
#1049 = ORIENTED_EDGE ( 'NONE', *, *, #5908, .F. ) ;
#1050 = CARTESIAN_POINT ( 'NONE',  ( 3.919711084702924619, -3.000000000000000000, 1.783777063770558557 ) ) ;
#1051 = ADVANCED_FACE ( 'NONE', ( #2903 ), #8109, .F. ) ;
#1052 = CARTESIAN_POINT ( 'NONE',  ( 2.821452747967625463, -3.010000000000000231, 1.560750963185869367 ) ) ;
#1053 = EDGE_CURVE ( 'NONE', #6979, #795, #7196, .T. ) ;
#1054 = CARTESIAN_POINT ( 'NONE',  ( 2.607401155940304527, -3.010000000000000231, 1.553919545106920763 ) ) ;
#1055 = VECTOR ( 'NONE', #5161, 1000.000000000000000 ) ;
#1056 = CARTESIAN_POINT ( 'NONE',  ( 3.969079118052975641, -3.010000000000000231, 1.481674173123481486 ) ) ;
#1057 = DIRECTION ( 'NONE',  ( 0.000000000000000000, 0.000000000000000000, -1.000000000000000000 ) ) ;
#1058 = B_SPLINE_SURFACE_WITH_KNOTS ( 'NONE', 3, 1, ( 
 ( #5298, #5356 ),
 ( #2439, #3882 ),
 ( #9187, #3983 ),
 ( #6911, #2532 ) ),
 .UNSPECIFIED., .F., .F., .F.,
 ( 4, 4 ),
 ( 2, 2 ),
 ( 10.00000000000000000, 11.00000000000000000 ),
 ( 0.000000000000000000, 1.000000000000000000 ),
 .UNSPECIFIED. ) ;
#1059 = DIRECTION ( 'NONE',  ( -0.000000000000000000, 1.000000000000000000, -0.000000000000000000 ) ) ;
#1060 = VERTEX_POINT ( 'NONE', #6611 ) ;
#1061 = DIRECTION ( 'NONE',  ( 0.000000000000000000, -1.000000000000000000, 0.000000000000000000 ) ) ;
#1062 = CARTESIAN_POINT ( 'NONE',  ( 3.873044784521474604, -3.000000000000000000, 1.567802151703523217 ) ) ;
#1063 = CARTESIAN_POINT ( 'NONE',  ( 2.625618212905238114, -3.000000000000000000, 1.692825364543246724 ) ) ;
#1064 = CARTESIAN_POINT ( 'NONE',  ( 1.949306216129249592, -3.000000000000000000, 2.284883060241407193 ) ) ;
#1065 = EDGE_CURVE ( 'NONE', #3775, #2724, #5881, .T. ) ;
#1066 = ORIENTED_EDGE ( 'NONE', *, *, #8179, .F. ) ;
#1067 = ORIENTED_EDGE ( 'NONE', *, *, #9193, .F. ) ;
#1068 = SURFACE_STYLE_FILL_AREA ( #3980 ) ;
#1069 = SURFACE_STYLE_FILL_AREA ( #8415 ) ;
#1070 = CARTESIAN_POINT ( 'NONE',  ( 3.492919114800077995, -3.010000000000000231, 2.310205678095242465 ) ) ;
#1071 = ORIENTED_EDGE ( 'NONE', *, *, #2518, .F. ) ;
#1072 = CARTESIAN_POINT ( 'NONE',  ( 4.231474718195512352, -3.000000000000000000, 2.226206337768836807 ) ) ;
#1073 = PLANE ( 'NONE',  #4109 ) ;
#1074 = CARTESIAN_POINT ( 'NONE',  ( 3.788881702791105699, -3.010000000000000231, 1.709438466288569325 ) ) ;
#1075 = ORIENTED_EDGE ( 'NONE', *, *, #1077, .T. ) ;
#1076 = ORIENTED_EDGE ( 'NONE', *, *, #7805, .T. ) ;
#1077 = EDGE_CURVE ( 'NONE', #8865, #1281, #1868, .T. ) ;
#1078 = ORIENTED_EDGE ( 'NONE', *, *, #2671, .F. ) ;
#1079 = ORIENTED_EDGE ( 'NONE', *, *, #5261, .T. ) ;
#1080 = CARTESIAN_POINT ( 'NONE',  ( 3.744344040864370893, -3.010000000000000231, 1.563053650984391529 ) ) ;
#1081 = EDGE_LOOP ( 'NONE', ( #5426, #8861, #7994, #851 ) ) ;
#1082 = LINE ( 'NONE', #982, #8914 ) ;
#1083 = CARTESIAN_POINT ( 'NONE',  ( 4.102282750324362404, -3.000000000000000000, 2.063119899241303568 ) ) ;
#1084 = DIRECTION ( 'NONE',  ( -0.3416038306902356436, 0.000000000000000000, 0.9398440417738236352 ) ) ;
#1085 = ORIENTED_EDGE ( 'NONE', *, *, #1935, .F. ) ;
#1086 = CARTESIAN_POINT ( 'NONE',  ( 3.467784809264184975, -3.010000000000000231, 1.555030322181716107 ) ) ;
#1087 = ADVANCED_BREP_SHAPE_REPRESENTATION ( 'PWRM-TH_4P-L11.5-W6.0-P2.54_B1503S', ( #2064, #9375 ), #7960 ) ;
#1088 = CARTESIAN_POINT ( 'NONE',  ( 4.430174912123167275, -3.010000000000000231, 2.320030162343628799 ) ) ;
#1089 = EDGE_CURVE ( 'NONE', #7015, #5959, #425, .T. ) ;
#1090 = ORIENTED_EDGE ( 'NONE', *, *, #5726, .T. ) ;
#1091 = LINE ( 'NONE', #280, #1463 ) ;
#1092 = ORIENTED_EDGE ( 'NONE', *, *, #8343, .T. ) ;
#1093 = CARTESIAN_POINT ( 'NONE',  ( 3.632672403237443337, -3.010000000000000231, 1.601205398150215675 ) ) ;
#1094 = CARTESIAN_POINT ( 'NONE',  ( 3.794694522638163203, -3.000000000000000000, 1.704362482761517583 ) ) ;
#1095 = LINE ( 'NONE', #3504, #6937 ) ;
#1096 = CARTESIAN_POINT ( 'NONE',  ( 2.937587115897390966, -3.010000000000000231, 2.130037207379652742 ) ) ;
#1097 = DIRECTION ( 'NONE',  ( -0.000000000000000000, 1.000000000000000000, -0.000000000000000000 ) ) ;
#1098 = CARTESIAN_POINT ( 'NONE',  ( 3.506182168535952659, -3.010000000000000231, 1.595801931813053187 ) ) ;
#1099 =( NAMED_UNIT ( * ) PLANE_ANGLE_UNIT ( ) SI_UNIT ( $, .RADIAN. ) );
#1100 = ADVANCED_FACE ( 'NONE', ( #3271 ), #2363, .F. ) ;
#1101 = VERTEX_POINT ( 'NONE', #2 ) ;
#1102 = EDGE_CURVE ( 'NONE', #1684, #9007, #5890, .T. ) ;
#1103 = EDGE_CURVE ( 'NONE', #4055, #2676, #4851, .T. ) ;
#1104 = DIRECTION ( 'NONE',  ( -6.455011293317516227E-14, 0.000000000000000000, 1.000000000000000000 ) ) ;
#1105 = CARTESIAN_POINT ( 'NONE',  ( 3.887863381597113310, -3.000000000000000000, 1.778864821645272709 ) ) ;
#1106 = CARTESIAN_POINT ( 'NONE',  ( 3.477527422810591240, -3.010000000000000231, 2.268779102845883244 ) ) ;
#1107 = CARTESIAN_POINT ( 'NONE',  ( 1.687434523821276011, -3.010000000000000231, 2.175580088674024637 ) ) ;
#1108 = CARTESIAN_POINT ( 'NONE',  ( 3.833664976824861181, -3.000000000000000000, 1.684713514262567546 ) ) ;
#1109 = DIRECTION ( 'NONE',  ( 0.3315284183576328592, -0.000000000000000000, 0.9434452330799526498 ) ) ;
#1110 = B_SPLINE_CURVE_WITH_KNOTS ( 'NONE', 3,
 ( #4684, #3885, #9047, #1024 ),
 .UNSPECIFIED., .F., .F.,
 ( 4, 4 ),
 ( 18.00000000000000000, 19.00000000000000000 ),
 .UNSPECIFIED. ) ;
#1111 = ORIENTED_EDGE ( 'NONE', *, *, #9577, .F. ) ;
#1112 = EDGE_CURVE ( 'NONE', #7348, #6972, #6583, .T. ) ;
#1113 = ORIENTED_EDGE ( 'NONE', *, *, #9234, .T. ) ;
#1114 = LINE ( 'NONE', #1211, #1479 ) ;
#1115 = SURFACE_STYLE_USAGE ( .BOTH. , #6963 ) ;
#1116 = CARTESIAN_POINT ( 'NONE',  ( 2.741752667701210289, -3.000000000000000000, 1.553919545106920763 ) ) ;
#1117 = ORIENTED_EDGE ( 'NONE', *, *, #6747, .F. ) ;
#1118 = CARTESIAN_POINT ( 'NONE',  ( 4.354771995515470451, -3.000000000000000000, 1.555030322181719438 ) ) ;
#1119 = CARTESIAN_POINT ( 'NONE',  ( 1.860497563946187594, -3.000000000000000000, 1.711042595240583886 ) ) ;
#1120 = PLANE ( 'NONE',  #807 ) ;
#1121 = B_SPLINE_SURFACE_WITH_KNOTS ( 'NONE', 3, 1, ( 
 ( #8088, #6542 ),
 ( #9502, #746 ),
 ( #1421, #2925 ),
 ( #6002, #6595 ) ),
 .UNSPECIFIED., .F., .F., .F.,
 ( 4, 4 ),
 ( 2, 2 ),
 ( 18.00000000000000000, 19.00000000000000000 ),
 ( 0.000000000000000000, 1.000000000000000000 ),
 .UNSPECIFIED. ) ;
#1122 = ORIENTED_EDGE ( 'NONE', *, *, #1619, .T. ) ;
#1123 = COLOUR_RGB ( '',0.2980392156862745057, 0.2980392156862745057, 0.2980392156862745057 ) ;
#1124 = ORIENTED_EDGE ( 'NONE', *, *, #1815, .F. ) ;
#1125 = ORIENTED_EDGE ( 'NONE', *, *, #4508, .T. ) ;
#1126 = CARTESIAN_POINT ( 'NONE',  ( 3.762028112511472955, -3.000000000000000000, 1.554211615159752924 ) ) ;
#1127 = MECHANICAL_DESIGN_GEOMETRIC_PRESENTATION_REPRESENTATION (  '', ( #3597 ), #507 ) ;
#1128 = ORIENTED_EDGE ( 'NONE', *, *, #7588, .F. ) ;
#1129 = CARTESIAN_POINT ( 'NONE',  ( 2.074549199407693667, -3.010000000000000231, 1.861334183860016811 ) ) ;
#1130 = CARTESIAN_POINT ( 'NONE',  ( 3.566193393155260516, -3.010000000000000231, 1.585977447564666631 ) ) ;
#1131 = CARTESIAN_POINT ( 'NONE',  ( 3.833664976824861181, -3.010000000000000231, 1.789016788703759575 ) ) ;
#1132 = VERTEX_POINT ( 'NONE', #5930 ) ;
#1133 = FACE_OUTER_BOUND ( 'NONE', #6534, .T. ) ;
#1134 = DIRECTION ( 'NONE',  ( 0.000000000000000000, -0.000000000000000000, -1.000000000000000000 ) ) ;
#1135 = VECTOR ( 'NONE', #4982, 1000.000000000000000 ) ;
#1136 = ORIENTED_EDGE ( 'NONE', *, *, #4903, .F. ) ;
#1137 = CARTESIAN_POINT ( 'NONE',  ( 3.641432568358998978, -3.000000000000000000, 2.388801552084495405 ) ) ;
#1138 = PRESENTATION_STYLE_ASSIGNMENT (( #3417 ) ) ;
#1139 = VECTOR ( 'NONE', #7018, 1000.000000000000000 ) ;
#1140 = VECTOR ( 'NONE', #8796, 1000.000000000000000 ) ;
#1141 = VERTEX_POINT ( 'NONE', #5501 ) ;
#1142 = FACE_OUTER_BOUND ( 'NONE', #172, .T. ) ;
#1143 = CARTESIAN_POINT ( 'NONE',  ( 2.302263671026000935, -3.000000000000000000, 1.631342514970889779 ) ) ;
#1144 = B_SPLINE_CURVE_WITH_KNOTS ( 'NONE', 3,
 ( #1788, #4014, #1979, #2612 ),
 .UNSPECIFIED., .F., .F.,
 ( 4, 4 ),
 ( 4.000000000000000000, 5.000000000000000000 ),
 .UNSPECIFIED. ) ;
#1145 = FACE_OUTER_BOUND ( 'NONE', #3270, .T. ) ;
#1146 = EDGE_CURVE ( 'NONE', #536, #5277, #8511, .T. ) ;
#1147 = LINE ( 'NONE', #8585, #6269 ) ;
#1148 = LINE ( 'NONE', #3382, #8775 ) ;
#1149 = AXIS2_PLACEMENT_3D ( 'NONE', #8473, #3836, #6081 ) ;
#1150 = VECTOR ( 'NONE', #5722, 1000.000000000000000 ) ;
#1151 = CARTESIAN_POINT ( 'NONE',  ( 1.723868854915551418, -3.000000000000000000, 2.045782949738199186 ) ) ;
#1152 = EDGE_CURVE ( 'NONE', #7621, #4796, #5832, .T. ) ;
#1153 = DIRECTION ( 'NONE',  ( -0.000000000000000000, -0.000000000000000000, 1.000000000000000000 ) ) ;
#1154 = CARTESIAN_POINT ( 'NONE',  ( 1.676048732919441564, -3.000000000000000000, 1.667776802633160749 ) ) ;
#1155 = VECTOR ( 'NONE', #4522, 1000.000000000000000 ) ;
#1156 = CARTESIAN_POINT ( 'NONE',  ( 3.550719830463781701, -3.000000000000000000, 1.599731725512403946 ) ) ;
#1157 = MECHANICAL_DESIGN_GEOMETRIC_PRESENTATION_REPRESENTATION (  '', ( #7526 ), #1790 ) ;
#1158 = CARTESIAN_POINT ( 'NONE',  ( 1.614565818197431835, -3.010000000000000231, 1.736091070282271831 ) ) ;
#1159 = CARTESIAN_POINT ( 'NONE',  ( 3.943371717602121240, -3.000000000000000000, 1.481674173123481486 ) ) ;
#1160 = EDGE_CURVE ( 'NONE', #3705, #7159, #2631, .T. ) ;
#1161 = LINE ( 'NONE', #484, #7890 ) ;
#1162 = ADVANCED_FACE ( 'NONE', ( #4360 ), #5482, .F. ) ;
#1163 = EDGE_LOOP ( 'NONE', ( #6261, #7796, #1605, #8867 ) ) ;
#1164 = ORIENTED_EDGE ( 'NONE', *, *, #1511, .T. ) ;
#1165 = CARTESIAN_POINT ( 'NONE',  ( 2.684824038938080637, -3.010000000000000231, 2.350920271777287685 ) ) ;
#1166 = CARTESIAN_POINT ( 'NONE',  ( 2.677992620859140693, -3.000000000000000000, 2.207460133810529967 ) ) ;
#1167 = ORIENTED_EDGE ( 'NONE', *, *, #5435, .F. ) ;
#1168 = CARTESIAN_POINT ( 'NONE',  ( 3.763501785149265810, -3.000000000000000000, 1.675871478440106088 ) ) ;
#1169 = SURFACE_SIDE_STYLE ('',( #3306 ) ) ;
#1170 = PLANE ( 'NONE',  #9531 ) ;
#1171 = EDGE_CURVE ( 'NONE', #6592, #6192, #9069, .T. ) ;
#1172 = ORIENTED_EDGE ( 'NONE', *, *, #1634, .T. ) ;
#1173 =( GEOMETRIC_REPRESENTATION_CONTEXT ( 3 ) GLOBAL_UNCERTAINTY_ASSIGNED_CONTEXT ( ( #8105 ) ) GLOBAL_UNIT_ASSIGNED_CONTEXT ( ( #9240, #3490, #8021 ) ) REPRESENTATION_CONTEXT ( 'NONE', 'WORKASPACE' ) );
#1174 = ORIENTED_EDGE ( 'NONE', *, *, #25, .T. ) ;
#1175 = LINE ( 'NONE', #2725, #5950 ) ;
#1176 = ORIENTED_EDGE ( 'NONE', *, *, #5547, .F. ) ;
#1177 = CARTESIAN_POINT ( 'NONE',  ( 2.122369169387957388, -3.010000000000000231, 1.540256535218800238 ) ) ;
#1178 = CARTESIAN_POINT ( 'NONE',  ( 3.717326709180762911, -3.010000000000000231, 2.076382952977158691 ) ) ;
#1179 = B_SPLINE_CURVE_WITH_KNOTS ( 'NONE', 3,
 ( #6528, #4333, #9490, #3686 ),
 .UNSPECIFIED., .F., .F.,
 ( 4, 4 ),
 ( 6.000000000000000000, 7.000000000000000000 ),
 .UNSPECIFIED. ) ;
#1180 = CARTESIAN_POINT ( 'NONE',  ( 4.489776783231489432, -3.010000000000000231, 2.186908400775306571 ) ) ;
#1181 = ORIENTED_EDGE ( 'NONE', *, *, #2044, .F. ) ;
#1182 = CARTESIAN_POINT ( 'NONE',  ( 2.101874915153297163, -3.000000000000000000, 2.380523163077156834 ) ) ;
#1183 = VECTOR ( 'NONE', #8991, 1000.000000000000114 ) ;
#1184 = ORIENTED_EDGE ( 'NONE', *, *, #569, .F. ) ;
#1185 = EDGE_CURVE ( 'NONE', #5414, #716, #7863, .T. ) ;
#1186 = FILL_AREA_STYLE ('',( #510 ) ) ;
#1187 = VECTOR ( 'NONE', #4829, 1000.000000000000000 ) ;
#1188 = ORIENTED_EDGE ( 'NONE', *, *, #1547, .T. ) ;
#1189 = CARTESIAN_POINT ( 'NONE',  ( 2.892044212887547872, -3.010000000000000231, 1.870442668909382711 ) ) ;
#1190 = CARTESIAN_POINT ( 'NONE',  ( 3.628660738836102073, -3.010000000000000231, 2.057716432904142412 ) ) ;
#1191 = VERTEX_POINT ( 'NONE', #3639 ) ;
#1192 = CARTESIAN_POINT ( 'NONE',  ( 3.810331826734680849, -3.010000000000000231, 1.582375136673235927 ) ) ;
#1193 = CARTESIAN_POINT ( 'NONE',  ( 3.603526433300205944, -3.010000000000000231, 1.756432249279040736 ) ) ;
#1194 = DIRECTION ( 'NONE',  ( -0.000000000000000000, 1.000000000000000000, -0.000000000000000000 ) ) ;
#1195 = AXIS2_PLACEMENT_3D ( 'NONE', #2756, #3577, #9420 ) ;
#1196 = ORIENTED_EDGE ( 'NONE', *, *, #2128, .T. ) ;
#1197 = EDGE_CURVE ( 'NONE', #4342, #2490, #7206, .T. ) ;
#1198 = CARTESIAN_POINT ( 'NONE',  ( 2.821452747967625463, -3.000000000000000000, 1.699656782622191997 ) ) ;
#1199 = CARTESIAN_POINT ( 'NONE',  ( 2.621063905230905711, -3.010000000000000231, 1.692825364543246724 ) ) ;
#1200 = CARTESIAN_POINT ( 'NONE',  ( 3.744344040864370893, -3.000000000000000000, 1.604480226231550954 ) ) ;
#1201 = VECTOR ( 'NONE', #6532, 1000.000000000000114 ) ;
#1202 = CARTESIAN_POINT ( 'NONE',  ( 4.627728916223118993, -3.000000000000000000, 1.832899485014656049 ) ) ;
#1203 = DIRECTION ( 'NONE',  ( -1.000000000000000000, 0.000000000000000000, -0.000000000000000000 ) ) ;
#1204 = CARTESIAN_POINT ( 'NONE',  ( 4.014189874894635857, -3.010000000000000231, 2.383398085747340023 ) ) ;
#1205 = CARTESIAN_POINT ( 'NONE',  ( 3.600742829429650627, -3.010000000000000231, 2.094558248836125181 ) ) ;
#1206 = EDGE_CURVE ( 'NONE', #7612, #8438, #1451, .T. ) ;
#1207 = B_SPLINE_SURFACE_WITH_KNOTS ( 'NONE', 3, 1, ( 
 ( #8665, #5602 ),
 ( #2769, #2003 ),
 ( #9340, #5743 ),
 ( #4969, #4924 ) ),
 .UNSPECIFIED., .F., .F., .F.,
 ( 4, 4 ),
 ( 2, 2 ),
 ( 2.000000000000000000, 3.000000000000000000 ),
 ( 0.000000000000000000, 1.000000000000000000 ),
 .UNSPECIFIED. ) ;
#1208 = ADVANCED_FACE ( 'NONE', ( #7932 ), #9440, .F. ) ;
#1209 = CARTESIAN_POINT ( 'NONE',  ( 4.632559287644243184, -3.010000000000000231, 1.718116760709258450 ) ) ;
#1210 = ORIENTED_EDGE ( 'NONE', *, *, #6811, .F. ) ;
#1211 = CARTESIAN_POINT ( 'NONE',  ( 3.781431468903377890, -3.010000000000000231, 2.383398085747336470 ) ) ;
#1212 = LINE ( 'NONE', #9147, #406 ) ;
#1213 = B_SPLINE_CURVE_WITH_KNOTS ( 'NONE', 3,
 ( #6786, #3228, #9167, #2505 ),
 .UNSPECIFIED., .F., .F.,
 ( 4, 4 ),
 ( 8.000000000000000000, 9.000000000000000000 ),
 .UNSPECIFIED. ) ;
#1214 = DIRECTION ( 'NONE',  ( -0.000000000000000000, 1.000000000000000000, -0.000000000000000000 ) ) ;
#1215 = CARTESIAN_POINT ( 'NONE',  ( 3.603526433300205944, -3.000000000000000000, 1.756432249279040736 ) ) ;
#1216 = CARTESIAN_POINT ( 'NONE',  ( 3.805337713908514718, -3.010000000000000231, 1.655567544325328155 ) ) ;
#1217 = FILL_AREA_STYLE_COLOUR ( '', #5939 ) ;
#1218 = SURFACE_SIDE_STYLE ('',( #6521 ) ) ;
#1219 = CARTESIAN_POINT ( 'NONE',  ( 4.535215022882170821, -3.010000000000000231, 2.063119899241303568 ) ) ;
#1220 = EDGE_CURVE ( 'NONE', #3391, #7348, #5844, .T. ) ;
#1221 = ORIENTED_EDGE ( 'NONE', *, *, #9351, .F. ) ;
#1222 = ADVANCED_FACE ( 'NONE', ( #2105 ), #5017, .F. ) ;
#1223 = EDGE_CURVE ( 'NONE', #8418, #9396, #7258, .T. ) ;
#1224 = ORIENTED_EDGE ( 'NONE', *, *, #5941, .F. ) ;
#1225 = VERTEX_POINT ( 'NONE', #1800 ) ;
#1226 = LINE ( 'NONE', #6381, #5652 ) ;
#1227 = DIRECTION ( 'NONE',  ( -0.3385350343141436125, 0.000000000000000000, -0.9409537876760588615 ) ) ;
#1228 =( NAMED_UNIT ( * ) SI_UNIT ( $, .STERADIAN. ) SOLID_ANGLE_UNIT ( ) );
#1229 = DIRECTION ( 'NONE',  ( 1.000000000000000000, -8.673617379884035472E-16, 0.000000000000000000 ) ) ;
#1230 = ORIENTED_EDGE ( 'NONE', *, *, #2643, .T. ) ;
#1231 = CARTESIAN_POINT ( 'NONE',  ( 4.194469160857399181, -3.000000000000000000, 2.078020367018921899 ) ) ;
#1232 = EDGE_LOOP ( 'NONE', ( #6205, #2646, #3227, #934 ) ) ;
#1233 =( NAMED_UNIT ( * ) SI_UNIT ( $, .STERADIAN. ) SOLID_ANGLE_UNIT ( ) );
#1234 = ORIENTED_EDGE ( 'NONE', *, *, #3479, .T. ) ;
#1235 = DIRECTION ( 'NONE',  ( 0.3315284183504363935, 0.000000000000000000, 0.9434452330824815158 ) ) ;
#1236 = ORIENTED_EDGE ( 'NONE', *, *, #7224, .T. ) ;
#1237 = PLANE ( 'NONE',  #4092 ) ;
#1238 = VERTEX_POINT ( 'NONE', #1890 ) ;
#1239 = CARTESIAN_POINT ( 'NONE',  ( 3.451410668849840491, -3.010000000000000231, 1.699286499232269820 ) ) ;
#1240 = CARTESIAN_POINT ( 'NONE',  ( 2.375132333214557079, -3.000000000000000000, 2.469331826119598006 ) ) ;
#1241 = ORIENTED_EDGE ( 'NONE', *, *, #3184, .T. ) ;
#1242 =( NAMED_UNIT ( * ) PLANE_ANGLE_UNIT ( ) SI_UNIT ( $, .RADIAN. ) );
#1243 = ORIENTED_EDGE ( 'NONE', *, *, #1197, .T. ) ;
#1244 = CARTESIAN_POINT ( 'NONE',  ( 3.573316144235061387, -3.010000000000000231, 2.105856405722311475 ) ) ;
#1245 = CARTESIAN_POINT ( 'NONE',  ( 5.250000000000000000, -3.000000000000000000, -0.5000000000000000000 ) ) ;
#1246 = FACE_OUTER_BOUND ( 'NONE', #5594, .T. ) ;
#1247 = CARTESIAN_POINT ( 'NONE',  ( 4.505004733817024487, -3.010000000000000231, 1.838466692755773568 ) ) ;
#1248 = CARTESIAN_POINT ( 'NONE',  ( 4.009441374174409489, -3.010000000000000231, 1.555521546393599630 ) ) ;
#1249 = CARTESIAN_POINT ( 'NONE',  ( 2.728089744678212636, -3.000000000000000000, 1.692825364543246724 ) ) ;
#1250 = EDGE_CURVE ( 'NONE', #6196, #5495, #7740, .T. ) ;
#1251 = B_SPLINE_CURVE_WITH_KNOTS ( 'NONE', 3,
 ( #3487, #3535, #6460, #6510 ),
 .UNSPECIFIED., .F., .F.,
 ( 4, 4 ),
 ( 1.000000000000000000, 2.000000000000000000 ),
 .UNSPECIFIED. ) ;
#1252 = ORIENTED_EDGE ( 'NONE', *, *, #7996, .T. ) ;
#1253 = DIRECTION ( 'NONE',  ( -0.000000000000000000, 1.000000000000000000, -0.000000000000000000 ) ) ;
#1254 = CARTESIAN_POINT ( 'NONE',  ( 3.822776173449655701, -3.010000000000000231, 2.207376076291855060 ) ) ;
#1255 = LINE ( 'NONE', #4325, #8743 ) ;
#1256 = DIRECTION ( 'NONE',  ( -0.000000000000000000, -0.000000000000000000, 1.000000000000000000 ) ) ;
#1257 = ORIENTED_EDGE ( 'NONE', *, *, #4543, .F. ) ;
#1258 = LINE ( 'NONE', #6421, #3773 ) ;
#1259 = DIRECTION ( 'NONE',  ( -0.000000000000000000, 1.000000000000000000, -0.000000000000000000 ) ) ;
#1260 = DIRECTION ( 'NONE',  ( 0.000000000000000000, 1.000000000000000000, 0.000000000000000000 ) ) ;
#1261 = ADVANCED_FACE ( 'NONE', ( #5639 ), #9289, .F. ) ;
#1262 = ORIENTED_EDGE ( 'NONE', *, *, #9193, .T. ) ;
#1263 = ORIENTED_EDGE ( 'NONE', *, *, #1065, .F. ) ;
#1264 = ORIENTED_EDGE ( 'NONE', *, *, #1940, .F. ) ;
#1265 = CARTESIAN_POINT ( 'NONE',  ( 3.649865250672663652, -3.010000000000000231, 1.669813046487117258 ) ) ;
#1266 = CARTESIAN_POINT ( 'NONE',  ( 4.338397855100033063, -3.010000000000000231, 1.735964573760301111 ) ) ;
#1267 = EDGE_CURVE ( 'NONE', #2034, #7621, #4780, .T. ) ;
#1268 = PLANE ( 'NONE',  #8022 ) ;
#1269 = VERTEX_POINT ( 'NONE', #6225 ) ;
#1270 = CARTESIAN_POINT ( 'NONE',  ( 2.074549199407693667, -3.000000000000000000, 1.861334183860016811 ) ) ;
#1271 = CARTESIAN_POINT ( 'NONE',  ( 4.837481654933205810, -3.010000000000000231, 1.834373157650283970 ) ) ;
#1272 = CARTESIAN_POINT ( 'NONE',  ( 3.546871907466395690, -3.000000000000000000, 1.608573761337044328 ) ) ;
#1273 = DIRECTION ( 'NONE',  ( -0.000000000000000000, 1.000000000000000000, -0.000000000000000000 ) ) ;
#1274 = ADVANCED_FACE ( 'NONE', ( #4028 ), #7880, .F. ) ;
#1275 = EDGE_CURVE ( 'NONE', #4347, #8669, #2713, .T. ) ;
#1276 = VECTOR ( 'NONE', #2137, 1000.000000000000000 ) ;
#1277 = VECTOR ( 'NONE', #8663, 1000.000000000000000 ) ;
#1278 = ORIENTED_EDGE ( 'NONE', *, *, #4784, .T. ) ;
#1279 = CARTESIAN_POINT ( 'NONE',  ( 2.072272045569974797, -3.000000000000000000, 2.114097304251329579 ) ) ;
#1280 = COLOUR_RGB ( '',0.2980392156862745057, 0.2980392156862745057, 0.2980392156862745057 ) ;
#1281 = VERTEX_POINT ( 'NONE', #7837 ) ;
#1282 = EDGE_LOOP ( 'NONE', ( #4287, #8653, #9429, #3552 ) ) ;
#1283 = CARTESIAN_POINT ( 'NONE',  ( 3.295528852104089967, -3.000000000000000000, 2.383398085747336470 ) ) ;
#1284 = ORIENTED_EDGE ( 'NONE', *, *, #3575, .F. ) ;
#1285 =( NAMED_UNIT ( * ) PLANE_ANGLE_UNIT ( ) SI_UNIT ( $, .RADIAN. ) );
#1286 = FACE_OUTER_BOUND ( 'NONE', #8927, .T. ) ;
#1287 = VECTOR ( 'NONE', #5053, 1000.000000000000000 ) ;
#1288 = EDGE_CURVE ( 'NONE', #5711, #4636, #9099, .T. ) ;
#1289 = VECTOR ( 'NONE', #1771, 1000.000000000000000 ) ;
#1290 = VECTOR ( 'NONE', #2330, 1000.000000000000000 ) ;
#1291 = CARTESIAN_POINT ( 'NONE',  ( 3.857653092531977634, -3.010000000000000231, 1.613322262056188006 ) ) ;
#1292 = ORIENTED_EDGE ( 'NONE', *, *, #1761, .T. ) ;
#1293 = CARTESIAN_POINT ( 'NONE',  ( 3.634637300087105949, -3.010000000000000231, 2.094558248836125181 ) ) ;
#1294 = CARTESIAN_POINT ( 'NONE',  ( 3.689981894688174613, -3.010000000000000231, 1.760198301574431579 ) ) ;
#1295 = CARTESIAN_POINT ( 'NONE',  ( -3.560000000000000941, -2.149999999999999911, -4.099999999999999645 ) ) ;
#1297 = CARTESIAN_POINT ( 'NONE',  ( 3.717326709180762911, -3.000000000000000000, 2.076382952977158691 ) ) ;
#1296 = VECTOR ( 'NONE', #2572, 1000.000000000000000 ) ;
#1298 = CARTESIAN_POINT ( 'NONE',  ( 3.632672403237443337, -3.000000000000000000, 1.601205398150215675 ) ) ;
#1299 = CARTESIAN_POINT ( 'NONE',  ( 2.707595490442462616, -3.010000000000000231, 2.048059973275527579 ) ) ;
#1300 = VECTOR ( 'NONE', #651, 1000.000000000000000 ) ;
#1301 = UNCERTAINTY_MEASURE_WITH_UNIT (LENGTH_MEASURE( 1.000000000000000082E-05 ), #786, 'distance_accuracy_value', 'NONE');
#1302 = MECHANICAL_DESIGN_GEOMETRIC_PRESENTATION_REPRESENTATION (  '', ( #4258 ), #819 ) ;
#1303 = VECTOR ( 'NONE', #3477, 1000.000000000000000 ) ;
#1304 = ORIENTED_EDGE ( 'NONE', *, *, #8360, .T. ) ;
#1305 = CARTESIAN_POINT ( 'NONE',  ( 3.898834055674295307, -3.010000000000000231, 1.617252055755535434 ) ) ;
#1306 = CARTESIAN_POINT ( 'NONE',  ( 3.982751525298731110, -3.000000000000000000, 1.492317364393834778 ) ) ;
#1307 = CARTESIAN_POINT ( 'NONE',  ( 3.467784809264184975, -3.010000000000000231, 1.591544655305791034 ) ) ;
#1308 = CARTESIAN_POINT ( 'NONE',  ( 3.577082196530452229, -3.010000000000000231, 2.339679130840391252 ) ) ;
#1309 = VERTEX_POINT ( 'NONE', #1945 ) ;
#1310 = DIRECTION ( 'NONE',  ( 0.000000000000000000, 0.000000000000000000, 1.000000000000000000 ) ) ;
#1311 = DIRECTION ( 'NONE',  ( -1.000000000000000000, -8.673617379884035472E-16, 0.000000000000000000 ) ) ;
#1312 = AXIS2_PLACEMENT_3D ( 'NONE', #9220, #5539, #2613 ) ;
#1313 = DIRECTION ( 'NONE',  ( 1.000000000000000000, 0.000000000000000000, 1.624890687905883980E-14 ) ) ;
#1314 = VERTEX_POINT ( 'NONE', #1165 ) ;
#1315 = ORIENTED_EDGE ( 'NONE', *, *, #322, .T. ) ;
#1316 = CARTESIAN_POINT ( 'NONE',  ( 5.550000000000000711, 3.000000000000000000, 0.000000000000000000 ) ) ;
#1317 = ADVANCED_FACE ( 'NONE', ( #7109 ), #5551, .F. ) ;
#1318 = AXIS2_PLACEMENT_3D ( 'NONE', #1506, #6036, #2384 ) ;
#1319 = CARTESIAN_POINT ( 'NONE',  ( 4.182516038355378996, -3.010000000000000231, 1.875308508687759446 ) ) ;
#1320 = SURFACE_STYLE_USAGE ( .BOTH. , #499 ) ;
#1321 = ORIENTED_EDGE ( 'NONE', *, *, #1250, .F. ) ;
#1322 = CARTESIAN_POINT ( 'NONE',  ( 4.456619148892922766, -3.010000000000000231, 1.838466692755773568 ) ) ;
#1323 = FACE_BOUND ( 'NONE', #8080, .T. ) ;
#1324 = CARTESIAN_POINT ( 'NONE',  ( 3.528532870201293914, -3.000000000000000000, 1.728759951977420606 ) ) ;
#1325 = LINE ( 'NONE', #1412, #1201 ) ;
#1326 = ORIENTED_EDGE ( 'NONE', *, *, #4139, .T. ) ;
#1327 = VECTOR ( 'NONE', #2189, 1000.000000000000000 ) ;
#1328 = EDGE_CURVE ( 'NONE', #9454, #6196, #1114, .T. ) ;
#1329 = EDGE_CURVE ( 'NONE', #2414, #1616, #302, .T. ) ;
#1330 = ORIENTED_EDGE ( 'NONE', *, *, #9235, .F. ) ;
#1331 =( NAMED_UNIT ( * ) SI_UNIT ( $, .STERADIAN. ) SOLID_ANGLE_UNIT ( ) );
#1332 = EDGE_CURVE ( 'NONE', #9227, #647, #3345, .T. ) ;
#1333 = EDGE_CURVE ( 'NONE', #549, #6355, #8465, .T. ) ;
#1334 = ORIENTED_EDGE ( 'NONE', *, *, #1694, .F. ) ;
#1335 = ORIENTED_EDGE ( 'NONE', *, *, #2472, .F. ) ;
#1336 = CARTESIAN_POINT ( 'NONE',  ( 4.627728916223118993, -3.000000000000000000, 1.599895466916377851 ) ) ;
#1337 = ORIENTED_EDGE ( 'NONE', *, *, #9613, .T. ) ;
#1338 = AXIS2_PLACEMENT_3D ( 'NONE', #4813, #2726, #7985 ) ;
#1339 = CARTESIAN_POINT ( 'NONE',  ( 3.937313285648034178, -3.010000000000000231, 2.244054150819881244 ) ) ;
#1340 = FACE_OUTER_BOUND ( 'NONE', #612, .T. ) ;
#1341 = LINE ( 'NONE', #2023, #2997 ) ;
#1342 = VECTOR ( 'NONE', #2706, 1000.000000000000000 ) ;
#1343 = ORIENTED_EDGE ( 'NONE', *, *, #6920, .T. ) ;
#1344 = CARTESIAN_POINT ( 'NONE',  ( 2.621063992097105722, -3.000000000000000000, 1.822622698928031415 ) ) ;
#1345 = EDGE_CURVE ( 'NONE', #6988, #2717, #2748, .T. ) ;
#1346 = EDGE_CURVE ( 'NONE', #7573, #1225, #7060, .T. ) ;
#1347 = ORIENTED_EDGE ( 'NONE', *, *, #2479, .F. ) ;
#1348 = CARTESIAN_POINT ( 'NONE',  ( 4.196352187005090606, -3.010000000000000231, 2.316427851452192765 ) ) ;
#1349 = CARTESIAN_POINT ( 'NONE',  ( 3.851430919175027334, -3.010000000000000231, 1.756432249279040736 ) ) ;
#1350 =( NAMED_UNIT ( * ) PLANE_ANGLE_UNIT ( ) SI_UNIT ( $, .RADIAN. ) );
#1351 = LINE ( 'NONE', #1390, #3671 ) ;
#1352 = CARTESIAN_POINT ( 'NONE',  ( 2.072272045569974797, -3.010000000000000231, 2.114097304251329579 ) ) ;
#1353 = VECTOR ( 'NONE', #8367, 1000.000000000000000 ) ;
#1354 =( LENGTH_UNIT ( ) NAMED_UNIT ( * ) SI_UNIT ( .MILLI., .METRE. ) );
#1355 = ORIENTED_EDGE ( 'NONE', *, *, #2470, .T. ) ;
#1356 = LINE ( 'NONE', #7297, #5535 ) ;
#1357 = CARTESIAN_POINT ( 'NONE',  ( 3.988973698655676525, -3.000000000000000000, 1.447288478253044630 ) ) ;
#1358 = DIRECTION ( 'NONE',  ( -0.000000000000000000, 1.000000000000000000, -0.000000000000000000 ) ) ;
#1359 = CARTESIAN_POINT ( 'NONE',  ( 3.662391468089616797, -3.010000000000000231, 1.789016788703756244 ) ) ;
#1360 = DIRECTION ( 'NONE',  ( 1.000000000000000000, 0.000000000000000000, 0.000000000000000000 ) ) ;
#1361 = ORIENTED_EDGE ( 'NONE', *, *, #13, .F. ) ;
#1362 = VERTEX_POINT ( 'NONE', #4961 ) ;
#1363 = CARTESIAN_POINT ( 'NONE',  ( 1.723868854915553195, -3.000000000000000000, 1.920539966459761771 ) ) ;
#1364 = CARTESIAN_POINT ( 'NONE',  ( 4.338397855100029510, -3.010000000000000231, 2.063119899241303568 ) ) ;
#1365 = CARTESIAN_POINT ( 'NONE',  ( 4.676032630447437555, -3.010000000000000231, 1.766747957739300379 ) ) ;
#1366 = VERTEX_POINT ( 'NONE', #487 ) ;
#1367 = LINE ( 'NONE', #4334, #8925 ) ;
#1368 = FACE_OUTER_BOUND ( 'NONE', #4148, .T. ) ;
#1369 = DIRECTION ( 'NONE',  ( 1.624890687905883349E-14, -0.000000000000000000, -1.000000000000000000 ) ) ;
#1370 = CARTESIAN_POINT ( 'NONE',  ( 3.506182168535952659, -3.010000000000000231, 1.616269607331789260 ) ) ;
#1371 = ORIENTED_EDGE ( 'NONE', *, *, #8477, .T. ) ;
#1372 = ADVANCED_FACE ( 'NONE', ( #3435 ), #6416, .T. ) ;
#1373 = ORIENTED_EDGE ( 'NONE', *, *, #600, .T. ) ;
#1374 = FACE_OUTER_BOUND ( 'NONE', #9164, .T. ) ;
#1375 = ORIENTED_EDGE ( 'NONE', *, *, #6212, .T. ) ;
#1376 = ORIENTED_EDGE ( 'NONE', *, *, #4367, .F. ) ;
#1377 = CARTESIAN_POINT ( 'NONE',  ( 3.546871907466395690, -3.010000000000000231, 1.631988782129204507 ) ) ;
#1378 = VERTEX_POINT ( 'NONE', #8800 ) ;
#1379 =( NAMED_UNIT ( * ) PLANE_ANGLE_UNIT ( ) SI_UNIT ( $, .RADIAN. ) );
#1380 = DIRECTION ( 'NONE',  ( -9.459185076092909396E-14, -0.000000000000000000, 1.000000000000000000 ) ) ;
#1381 = DIRECTION ( 'NONE',  ( -0.000000000000000000, -0.000000000000000000, 1.000000000000000000 ) ) ;
#1382 = EDGE_CURVE ( 'NONE', #6707, #6463, #8843, .T. ) ;
#1383 = ORIENTED_EDGE ( 'NONE', *, *, #6373, .T. ) ;
#1384 = DIRECTION ( 'NONE',  ( 0.000000000000000000, 0.000000000000000000, 1.000000000000000000 ) ) ;
#1385 = VERTEX_POINT ( 'NONE', #9618 ) ;
#1386 = CARTESIAN_POINT ( 'NONE',  ( 5.550000000000000711, 2.799999999999999822, 9.799999999999998934 ) ) ;
#1387 = DIRECTION ( 'NONE',  ( 0.000000000000000000, 0.000000000000000000, -1.000000000000000000 ) ) ;
#1388 = CARTESIAN_POINT ( 'NONE',  ( -5.549999999999999822, 2.799999999999999822, 9.799999999999998934 ) ) ;
#1389 = CARTESIAN_POINT ( 'NONE',  ( 3.546871907466395690, -3.000000000000000000, 1.631988782129204507 ) ) ;
#1390 = CARTESIAN_POINT ( 'NONE',  ( 4.458911528550508763, -3.000000000000000000, 2.383398085747344908 ) ) ;
#1391 = ADVANCED_FACE ( 'NONE', ( #5062 ), #9430, .F. ) ;
#1392 = LINE ( 'NONE', #4318, #1914 ) ;
#1393 = CARTESIAN_POINT ( 'NONE',  ( 2.696209764690269406, -3.010000000000000231, 2.048059973275527579 ) ) ;
#1394 = EDGE_CURVE ( 'NONE', #5020, #7742, #5091, .T. ) ;
#1395 = EDGE_CURVE ( 'NONE', #22, #5959, #5007, .T. ) ;
#1396 = UNCERTAINTY_MEASURE_WITH_UNIT (LENGTH_MEASURE( 1.000000000000000082E-05 ), #3196, 'distance_accuracy_value', 'NONE');
#1397 = B_SPLINE_CURVE_WITH_KNOTS ( 'NONE', 3,
 ( #7908, #8048, #4993, #8636 ),
 .UNSPECIFIED., .F., .F.,
 ( 4, 4 ),
 ( 3.000000000000000000, 4.000000000000000000 ),
 .UNSPECIFIED. ) ;
#1398 = ORIENTED_EDGE ( 'NONE', *, *, #6623, .T. ) ;
#1399 = LINE ( 'NONE', #4362, #3658 ) ;
#1400 = DIRECTION ( 'NONE',  ( 1.624890687905865994E-14, -0.000000000000000000, -1.000000000000000000 ) ) ;
#1401 = CARTESIAN_POINT ( 'NONE',  ( -3.560000000000000941, -2.449999999999998845, -4.099999999999999645 ) ) ;
#1402 = FACE_OUTER_BOUND ( 'NONE', #7550, .T. ) ;
#1403 = DIRECTION ( 'NONE',  ( 1.000000000000000000, 0.000000000000000000, -0.000000000000000000 ) ) ;
#1404 = DIRECTION ( 'NONE',  ( -1.222652889225965627E-14, 0.000000000000000000, 1.000000000000000000 ) ) ;
#1405 = EDGE_CURVE ( 'NONE', #2286, #1921, #5880, .T. ) ;
#1406 = VERTEX_POINT ( 'NONE', #4217 ) ;
#1407 = CARTESIAN_POINT ( 'NONE',  ( 2.302263671026000935, -3.000000000000000000, 1.506099531692459692 ) ) ;
#1408 = CARTESIAN_POINT ( 'NONE',  ( 3.451410668849840491, -3.010000000000000231, 1.699286499232269820 ) ) ;
#1409 = SPHERICAL_SURFACE ( 'NONE', #837, 0.2000000000000000111 ) ;
#1410 = CARTESIAN_POINT ( 'NONE',  ( 3.464428110479771394, -3.000000000000000000, 2.063119899241296462 ) ) ;
#1411 = CARTESIAN_POINT ( 'NONE',  ( 4.258819532687033949, -3.010000000000000231, 2.137949720935155451 ) ) ;
#1412 = CARTESIAN_POINT ( 'NONE',  ( 4.489776783231489432, -3.010000000000000231, 2.186908400775306571 ) ) ;
#1413 = VERTEX_POINT ( 'NONE', #5104 ) ;
#1414 = ORIENTED_EDGE ( 'NONE', *, *, #7386, .F. ) ;
#1415 = CARTESIAN_POINT ( 'NONE',  ( 3.336873556650385986, -3.010000000000000231, 1.699286499232269820 ) ) ;
#1416 = ORIENTED_EDGE ( 'NONE', *, *, #230, .F. ) ;
#1417 =( NAMED_UNIT ( * ) SI_UNIT ( $, .STERADIAN. ) SOLID_ANGLE_UNIT ( ) );
#1418 = VERTEX_POINT ( 'NONE', #7338 ) ;
#1419 =( NAMED_UNIT ( * ) PLANE_ANGLE_UNIT ( ) SI_UNIT ( $, .RADIAN. ) );
#1420 = ORIENTED_EDGE ( 'NONE', *, *, #6440, .F. ) ;
#1421 = CARTESIAN_POINT ( 'NONE',  ( 3.855933807788234358, -3.010000000000000231, 1.555685287797550886 ) ) ;
#1422 = CARTESIAN_POINT ( 'NONE',  ( 4.555191474186865541, -3.010000000000000231, 1.875308508687761222 ) ) ;
#1423 = PRESENTATION_LAYER_ASSIGNMENT (  '', '', ( #7809 ) ) ;
#1424 = ORIENTED_EDGE ( 'NONE', *, *, #2470, .F. ) ;
#1425 = CARTESIAN_POINT ( 'NONE',  ( 3.603526433300205944, -3.000000000000000000, 1.756432249279040736 ) ) ;
#1426 = VERTEX_POINT ( 'NONE', #8064 ) ;
#1427 = DIRECTION ( 'NONE',  ( -0.000000000000000000, 1.000000000000000000, 0.000000000000000000 ) ) ;
#1428 = DIRECTION ( 'NONE',  ( 1.000000000000000000, 0.000000000000000000, 1.624890687905864416E-14 ) ) ;
#1429 = CARTESIAN_POINT ( 'NONE',  ( 4.580898874638786644, -3.010000000000000231, 2.063119899241303568 ) ) ;
#1430 = EDGE_CURVE ( 'NONE', #1919, #8432, #6232, .T. ) ;
#1431 = CARTESIAN_POINT ( 'NONE',  ( 3.538930449364621200, -3.000000000000000000, 1.555685287797550886 ) ) ;
#1432 = VECTOR ( 'NONE', #7215, 1000.000000000000000 ) ;
#1433 = LINE ( 'NONE', #7290, #5395 ) ;
#1434 = LINE ( 'NONE', #9516, #2236 ) ;
#1435 = CARTESIAN_POINT ( 'NONE',  ( 2.541363911829606081, -3.000000000000000000, 1.624511010027928748 ) ) ;
#1436 = MECHANICAL_DESIGN_GEOMETRIC_PRESENTATION_REPRESENTATION (  '', ( #4721 ), #8275 ) ;
#1437 = EDGE_CURVE ( 'NONE', #9468, #5414, #3543, .T. ) ;
#1438 = EDGE_CURVE ( 'NONE', #2917, #509, #1399, .T. ) ;
#1439 = PRESENTATION_LAYER_ASSIGNMENT (  '', '', ( #219 ) ) ;
#1440 = ORIENTED_EDGE ( 'NONE', *, *, #3424, .F. ) ;
#1441 = CARTESIAN_POINT ( 'NONE',  ( 3.744589652970312876, -3.010000000000000231, 1.707964793650771362 ) ) ;
#1442 = AXIS2_PLACEMENT_3D ( 'NONE', #3881, #7822, #8215 ) ;
#1443 = PLANE ( 'NONE',  #5831 ) ;
#1444 = LINE ( 'NONE', #2277, #3600 ) ;
#1445 = EDGE_CURVE ( 'NONE', #5184, #3072, #5769, .T. ) ;
#1446 =( GEOMETRIC_REPRESENTATION_CONTEXT ( 3 ) GLOBAL_UNCERTAINTY_ASSIGNED_CONTEXT ( ( #5877 ) ) GLOBAL_UNIT_ASSIGNED_CONTEXT ( ( #1354, #1487, #7293 ) ) REPRESENTATION_CONTEXT ( 'NONE', 'WORKASPACE' ) );
#1447 = CARTESIAN_POINT ( 'NONE',  ( 2.948972841649584620, -3.000000000000000000, 1.656391076880982860 ) ) ;
#1448 = PLANE ( 'NONE',  #5664 ) ;
#1449 = VERTEX_POINT ( 'NONE', #8252 ) ;
#1450 = CIRCLE ( 'NONE', #7218, 0.1999999999999996503 ) ;
#1451 = LINE ( 'NONE', #1, #5840 ) ;
#1452 = VERTEX_POINT ( 'NONE', #1494 ) ;
#1453 = VERTEX_POINT ( 'NONE', #2369 ) ;
#1454 = CARTESIAN_POINT ( 'NONE',  ( 1.687434523821276011, -3.000000000000000000, 2.175580088674024637 ) ) ;
#1455 = DIRECTION ( 'NONE',  ( -1.000000000000000000, 0.000000000000000000, -0.000000000000000000 ) ) ;
#1456 = ADVANCED_FACE ( 'NONE', ( #3190 ), #7579, .F. ) ;
#1457 = DIRECTION ( 'NONE',  ( 1.000000000000000000, 0.000000000000000000, -0.000000000000000000 ) ) ;
#1458 = EDGE_LOOP ( 'NONE', ( #8476, #7756, #9349, #704, #7140, #7807, #3687 ) ) ;
#1459 = CARTESIAN_POINT ( 'NONE',  ( 3.898834055674295307, -3.000000000000000000, 1.632316264937124561 ) ) ;
#1460 = VECTOR ( 'NONE', #7791, 1000.000000000000000 ) ;
#1461 = LINE ( 'NONE', #2873, #4382 ) ;
#1462 = FILL_AREA_STYLE ('',( #61 ) ) ;
#1463 = VECTOR ( 'NONE', #2354, 1000.000000000000000 ) ;
#1464 = CARTESIAN_POINT ( 'NONE',  ( -5.549999999999999822, -3.000000000000000000, 10.00000000000000000 ) ) ;
#1465 = ORIENTED_EDGE ( 'NONE', *, *, #8106, .F. ) ;
#1466 = VECTOR ( 'NONE', #434, 1000.000000000000000 ) ;
#1467 = B_SPLINE_CURVE_WITH_KNOTS ( 'NONE', 3,
 ( #453, #7010, #3396, #9244 ),
 .UNSPECIFIED., .F., .F.,
 ( 4, 4 ),
 ( 18.00000000000000000, 19.00000000000000000 ),
 .UNSPECIFIED. ) ;
#1468 = ORIENTED_EDGE ( 'NONE', *, *, #9060, .T. ) ;
#1469 = CARTESIAN_POINT ( 'NONE',  ( 4.859996098003604992, -3.010000000000000231, 1.875308508687761222 ) ) ;
#1470 = ORIENTED_EDGE ( 'NONE', *, *, #4411, .F. ) ;
#1471 = CARTESIAN_POINT ( 'NONE',  ( 3.607292485595599896, -3.010000000000000231, 1.789016788703759575 ) ) ;
#1472 = ORIENTED_EDGE ( 'NONE', *, *, #1998, .T. ) ;
#1473 = CARTESIAN_POINT ( 'NONE',  ( 4.059999999999999609, -2.449999999999999289, 0.5000000000000000000 ) ) ;
#1474 = VERTEX_POINT ( 'NONE', #5244 ) ;
#1475 = DIRECTION ( 'NONE',  ( 1.000000000000000000, -0.000000000000000000, 0.000000000000000000 ) ) ;
#1476 = CARTESIAN_POINT ( 'NONE',  ( 3.988973698655676525, -3.000000000000000000, 1.447288478253044630 ) ) ;
#1477 = EDGE_CURVE ( 'NONE', #3070, #4744, #9253, .T. ) ;
#1478 = ORIENTED_EDGE ( 'NONE', *, *, #3511, .F. ) ;
#1479 = VECTOR ( 'NONE', #4076, 1000.000000000000000 ) ;
#1480 = VERTEX_POINT ( 'NONE', #9088 ) ;
#1481 = LINE ( 'NONE', #7324, #9357 ) ;
#1482 = CARTESIAN_POINT ( 'NONE',  ( 2.892044212887547872, -3.010000000000000231, 1.777079709050886747 ) ) ;
#1483 = EDGE_LOOP ( 'NONE', ( #4749, #3 ) ) ;
#1484 = CARTESIAN_POINT ( 'NONE',  ( 4.194469160857399181, -3.000000000000000000, 2.369316324991687761 ) ) ;
#1485 = CARTESIAN_POINT ( 'NONE',  ( 3.550474218356750811, -3.000000000000000000, 1.641649524973639585 ) ) ;
#1486 = CARTESIAN_POINT ( 'NONE',  ( 4.196352187005090606, -3.010000000000000231, 2.316427851452192765 ) ) ;
#1487 =( NAMED_UNIT ( * ) PLANE_ANGLE_UNIT ( ) SI_UNIT ( $, .RADIAN. ) );
#1488 = SURFACE_STYLE_FILL_AREA ( #8152 ) ;
#1489 = AXIS2_PLACEMENT_3D ( 'NONE', #803, #3754, #5431 ) ;
#1490 = EDGE_CURVE ( 'NONE', #647, #8669, #9570, .T. ) ;
#1491 = B_SPLINE_CURVE_WITH_KNOTS ( 'NONE', 3,
 ( #1336, #8581, #4303, #3378 ),
 .UNSPECIFIED., .F., .F.,
 ( 4, 4 ),
 ( 4.000000000000000000, 5.000000000000000000 ),
 .UNSPECIFIED. ) ;
#1492 = B_SPLINE_CURVE_WITH_KNOTS ( 'NONE', 3,
 ( #111, #3063, #7150, #1017 ),
 .UNSPECIFIED., .F., .F.,
 ( 4, 4 ),
 ( 8.000000000000000000, 9.000000000000000000 ),
 .UNSPECIFIED. ) ;
#1493 = ORIENTED_EDGE ( 'NONE', *, *, #3732, .F. ) ;
#1494 = CARTESIAN_POINT ( 'NONE',  ( 4.029254084076228537, -3.000000000000000000, 1.593018327941415180 ) ) ;
#1495 = VECTOR ( 'NONE', #1256, 1000.000000000000000 ) ;
#1496 = CARTESIAN_POINT ( 'NONE',  ( 3.847337384070623756, -3.010000000000000231, 1.635099868806588530 ) ) ;
#1497 = CARTESIAN_POINT ( 'NONE',  ( 4.595553730310481200, -3.010000000000000231, 1.861226747929926928 ) ) ;
#1498 = CARTESIAN_POINT ( 'NONE',  ( 2.072272045569974797, -3.010000000000000231, 2.114097304251329579 ) ) ;
#1499 = FACE_OUTER_BOUND ( 'NONE', #6498, .T. ) ;
#1500 = DIRECTION ( 'NONE',  ( 0.9345104387417462188, 0.000000000000000000, -0.3559357243698768603 ) ) ;
#1501 = B_SPLINE_CURVE_WITH_KNOTS ( 'NONE', 3,
 ( #6323, #1205, #4069, #7874 ),
 .UNSPECIFIED., .F., .F.,
 ( 4, 4 ),
 ( 11.00000000000000000, 12.00000000000000000 ),
 .UNSPECIFIED. ) ;
#1502 = EDGE_CURVE ( 'NONE', #3926, #3539, #1579, .T. ) ;
#1503 = VECTOR ( 'NONE', #2511, 1000.000000000000000 ) ;
#1504 = ORIENTED_EDGE ( 'NONE', *, *, #8562, .F. ) ;
#1505 = DIRECTION ( 'NONE',  ( -0.8863488427958601257, 0.000000000000000000, -0.4630180653866968199 ) ) ;
#1506 = CARTESIAN_POINT ( 'NONE',  ( 4.903633182206389662, -3.010000000000000231, 1.642631973397385758 ) ) ;
#1507 = VECTOR ( 'NONE', #9181, 1000.000000000000000 ) ;
#1508 = CARTESIAN_POINT ( 'NONE',  ( 0.000000000000000000, -2.799999999999999822, 9.799999999999998934 ) ) ;
#1509 = CARTESIAN_POINT ( 'NONE',  ( 4.009441374174410377, -3.000000000000000000, 1.555521546393599408 ) ) ;
#1510 = ADVANCED_FACE ( 'NONE', ( #5288 ), #3091, .F. ) ;
#1511 = EDGE_CURVE ( 'NONE', #7433, #4347, #3766, .T. ) ;
#1512 = ORIENTED_EDGE ( 'NONE', *, *, #5732, .F. ) ;
#1513 = ADVANCED_FACE ( 'NONE', ( #3049 ), #3218, .T. ) ;
#1514 = ORIENTED_EDGE ( 'NONE', *, *, #5305, .F. ) ;
#1515 = CARTESIAN_POINT ( 'NONE',  ( 3.033227229592507790, -3.010000000000000231, 1.872719866179106019 ) ) ;
#1516 = ORIENTED_EDGE ( 'NONE', *, *, #3053, .F. ) ;
#1517 = FILL_AREA_STYLE ('',( #2965 ) ) ;
#1518 = EDGE_LOOP ( 'NONE', ( #6735, #1723, #3878, #7515 ) ) ;
#1519 = FILL_AREA_STYLE_COLOUR ( '', #5499 ) ;
#1520 = ORIENTED_EDGE ( 'NONE', *, *, #732, .F. ) ;
#1521 = CARTESIAN_POINT ( 'NONE',  ( 2.684824038938080637, -3.010000000000000231, 2.350920271777287685 ) ) ;
#1522 = CARTESIAN_POINT ( 'NONE',  ( 4.103920164363939804, -3.010000000000000231, 2.346556269815353701 ) ) ;
#1523 = LINE ( 'NONE', #4649, #2080 ) ;
#1524 = ADVANCED_FACE ( 'NONE', ( #8313 ), #6095, .T. ) ;
#1525 = VERTEX_POINT ( 'NONE', #2475 ) ;
#1526 = CARTESIAN_POINT ( 'NONE',  ( 3.576099748105616705, -3.000000000000000000, 1.756432249279040736 ) ) ;
#1527 = ORIENTED_EDGE ( 'NONE', *, *, #2285, .F. ) ;
#1528 = CARTESIAN_POINT ( 'NONE',  ( 1.976631931875952652, -3.010000000000000231, 1.861334183860016811 ) ) ;
#1529 = CARTESIAN_POINT ( 'NONE',  ( 3.336873556650379324, -3.000000000000000000, 1.735964573760294005 ) ) ;
#1530 = ORIENTED_EDGE ( 'NONE', *, *, #3732, .T. ) ;
#1531 = DIRECTION ( 'NONE',  ( -0.000000000000000000, -0.000000000000000000, 1.000000000000000000 ) ) ;
#1532 = PLANE ( 'NONE',  #3923 ) ;
#1533 = CARTESIAN_POINT ( 'NONE',  ( 4.338397855100029510, -3.010000000000000231, 2.063119899241303568 ) ) ;
#1534 = DIRECTION ( 'NONE',  ( 0.9409537876827102076, 0.000000000000000000, -0.3385350342956564562 ) ) ;
#1535 = ORIENTED_EDGE ( 'NONE', *, *, #1102, .F. ) ;
#1536 = CARTESIAN_POINT ( 'NONE',  ( 4.274948060994349319, -3.000000000000000000, 2.177738882142746135 ) ) ;
#1537 = CARTESIAN_POINT ( 'NONE',  ( 4.014189874894635857, -3.010000000000000231, 2.383398085747340023 ) ) ;
#1538 = CARTESIAN_POINT ( 'NONE',  ( 1.860497563946187594, -3.000000000000000000, 1.711042595240583886 ) ) ;
#1539 = CARTESIAN_POINT ( 'NONE',  ( 3.557515098735669845, -3.010000000000000231, 1.648526663946418003 ) ) ;
#1540 = CARTESIAN_POINT ( 'NONE',  ( 4.597436756455998363, -3.010000000000000231, 1.808338274392610856 ) ) ;
#1541 = CARTESIAN_POINT ( 'NONE',  ( 4.839282810376748678, -3.010000000000000231, 1.823729966382111378 ) ) ;
#1542 = EDGE_LOOP ( 'NONE', ( #7355, #328, #1941, #1639, #6491, #6958, #3615, #7737 ) ) ;
#1543 = EDGE_LOOP ( 'NONE', ( #4752, #2494, #7083, #5050 ) ) ;
#1544 = CARTESIAN_POINT ( 'NONE',  ( 3.689981894688174613, -3.000000000000000000, 1.555030322181719438 ) ) ;
#1545 = CARTESIAN_POINT ( 'NONE',  ( 4.354771995515470451, -3.010000000000000231, 1.591544655305796141 ) ) ;
#1546 = DIRECTION ( 'NONE',  ( -0.000000000000000000, 1.000000000000000000, -0.000000000000000000 ) ) ;
#1547 = EDGE_CURVE ( 'NONE', #9331, #7183, #8157, .T. ) ;
#1548 = DIRECTION ( 'NONE',  ( 0.000000000000000000, 0.000000000000000000, -1.000000000000000000 ) ) ;
#1549 = FACE_OUTER_BOUND ( 'NONE', #5124, .T. ) ;
#1550 = ORIENTED_EDGE ( 'NONE', *, *, #3107, .F. ) ;
#1551 = EDGE_CURVE ( 'NONE', #1960, #1821, #5071, .T. ) ;
#1552 = VERTEX_POINT ( 'NONE', #3720 ) ;
#1553 = CARTESIAN_POINT ( 'NONE',  ( 3.787489900856373826, -3.010000000000000231, 1.782958356750765638 ) ) ;
#1554 = ORIENTED_EDGE ( 'NONE', *, *, #5873, .F. ) ;
#1555 = FACE_OUTER_BOUND ( 'NONE', #8143, .T. ) ;
#1556 = ORIENTED_EDGE ( 'NONE', *, *, #1696, .T. ) ;
#1557 = SURFACE_STYLE_FILL_AREA ( #5948 ) ;
#1558 = EDGE_LOOP ( 'NONE', ( #5565, #5970, #2208, #2377 ) ) ;
#1559 = EDGE_CURVE ( 'NONE', #8140, #8277, #5976, .T. ) ;
#1560 = CARTESIAN_POINT ( 'NONE',  ( 2.024451945290415278, -3.000000000000000000, 1.717873926451140010 ) ) ;
#1561 = VERTEX_POINT ( 'NONE', #1884 ) ;
#1562 =( NAMED_UNIT ( * ) PLANE_ANGLE_UNIT ( ) SI_UNIT ( $, .RADIAN. ) );
#1563 = CARTESIAN_POINT ( 'NONE',  ( 3.693747946983560126, -3.000000000000000000, 2.063938606261082498 ) ) ;
#1564 = B_SPLINE_SURFACE_WITH_KNOTS ( 'NONE', 3, 1, ( 
 ( #9609, #3036 ),
 ( #801, #3709 ),
 ( #6056, #6787 ),
 ( #7380, #8875 ) ),
 .UNSPECIFIED., .F., .F., .F.,
 ( 4, 4 ),
 ( 2, 2 ),
 ( 0.000000000000000000, 1.000000000000000000 ),
 ( 0.000000000000000000, 1.000000000000000000 ),
 .UNSPECIFIED. ) ;
#1565 = LINE ( 'NONE', #4652, #690 ) ;
#1566 = ORIENTED_EDGE ( 'NONE', *, *, #9532, .F. ) ;
#1567 = PLANE ( 'NONE',  #2059 ) ;
#1568 = DIRECTION ( 'NONE',  ( -1.000000000000000000, -0.000000000000000000, -0.000000000000000000 ) ) ;
#1569 = EDGE_LOOP ( 'NONE', ( #107, #7905, #854, #395 ) ) ;
#1570 = SURFACE_SIDE_STYLE ('',( #6058 ) ) ;
#1571 = DIRECTION ( 'NONE',  ( 0.000000000000000000, 0.000000000000000000, -1.000000000000000000 ) ) ;
#1572 = EDGE_CURVE ( 'NONE', #9257, #2243, #6319, .T. ) ;
#1573 = CARTESIAN_POINT ( 'NONE',  ( 4.226644346772213012, -3.010000000000000231, 2.340989062074239957 ) ) ;
#1574 = CARTESIAN_POINT ( 'NONE',  ( 3.554567753461150836, -3.010000000000000231, 2.315936627240314571 ) ) ;
#1575 = CARTESIAN_POINT ( 'NONE',  ( 2.001680537218043288, -3.000000000000000000, 2.280328774284716253 ) ) ;
#1576 =( GEOMETRIC_REPRESENTATION_CONTEXT ( 3 ) GLOBAL_UNCERTAINTY_ASSIGNED_CONTEXT ( ( #8204 ) ) GLOBAL_UNIT_ASSIGNED_CONTEXT ( ( #9602, #1379, #75 ) ) REPRESENTATION_CONTEXT ( 'NONE', 'WORKASPACE' ) );
#1577 = UNCERTAINTY_MEASURE_WITH_UNIT (LENGTH_MEASURE( 1.000000000000000082E-05 ), #5158, 'distance_accuracy_value', 'NONE');
#1578 = ORIENTED_EDGE ( 'NONE', *, *, #4481, .T. ) ;
#1579 = LINE ( 'NONE', #7626, #1183 ) ;
#1580 = LINE ( 'NONE', #5396, #4114 ) ;
#1581 = LINE ( 'NONE', #4618, #2683 ) ;
#1583 = DIRECTION ( 'NONE',  ( 0.3315284183504363380, -0.000000000000000000, 0.9434452330824815158 ) ) ;
#1582 = VECTOR ( 'NONE', #3437, 1000.000000000000000 ) ;
#1584 = CARTESIAN_POINT ( 'NONE',  ( 4.441391198307380606, -3.000000000000000000, 2.320030162343628799 ) ) ;
#1585 = CARTESIAN_POINT ( 'NONE',  ( 3.805337713908514718, -3.000000000000000000, 1.655567544325328155 ) ) ;
#1586 = VECTOR ( 'NONE', #2757, 1000.000000000000000 ) ;
#1587 = EDGE_CURVE ( 'NONE', #7034, #7546, #8406, .T. ) ;
#1588 = VECTOR ( 'NONE', #7124, 1000.000000000000114 ) ;
#1589 = VECTOR ( 'NONE', #2459, 1000.000000000000000 ) ;
#1590 = ORIENTED_EDGE ( 'NONE', *, *, #9006, .F. ) ;
#1591 = EDGE_LOOP ( 'NONE', ( #2069, #2345, #8169, #3469 ) ) ;
#1592 = CARTESIAN_POINT ( 'NONE',  ( 3.717326709180762911, -3.010000000000000231, 2.375702239752584433 ) ) ;
#1593 = FACE_OUTER_BOUND ( 'NONE', #4587, .T. ) ;
#1594 = CARTESIAN_POINT ( 'NONE',  ( 2.072272002136880786, -3.000000000000000000, 1.540256535218800238 ) ) ;
#1595 = ORIENTED_EDGE ( 'NONE', *, *, #9234, .F. ) ;
#1596 = DIRECTION ( 'NONE',  ( 1.000000000000000000, -0.000000000000000000, -0.000000000000000000 ) ) ;
#1597 = CARTESIAN_POINT ( 'NONE',  ( 3.531480215476908935, -3.010000000000000231, 1.683894807242781511 ) ) ;
#1598 = PLANE ( 'NONE',  #1149 ) ;
#1599 = VECTOR ( 'NONE', #6285, 1000.000000000000000 ) ;
#1600 = VECTOR ( 'NONE', #6492, 1000.000000000000000 ) ;
#1601 = ORIENTED_EDGE ( 'NONE', *, *, #3460, .T. ) ;
#1602 = VECTOR ( 'NONE', #422, 1000.000000000000000 ) ;
#1603 = ORIENTED_EDGE ( 'NONE', *, *, #8942, .T. ) ;
#1604 = ADVANCED_FACE ( 'NONE', ( #9279 ), #9134, .T. ) ;
#1605 = ORIENTED_EDGE ( 'NONE', *, *, #9237, .F. ) ;
#1606 =( LENGTH_UNIT ( ) NAMED_UNIT ( * ) SI_UNIT ( .MILLI., .METRE. ) );
#1607 = VECTOR ( 'NONE', #881, 1000.000000000000000 ) ;
#1608 = VECTOR ( 'NONE', #8820, 1000.000000000000000 ) ;
#1609 = ORIENTED_EDGE ( 'NONE', *, *, #6945, .F. ) ;
#1610 = FILL_AREA_STYLE ('',( #9056 ) ) ;
#1611 = ORIENTED_EDGE ( 'NONE', *, *, #6584, .T. ) ;
#1612 = CARTESIAN_POINT ( 'NONE',  ( 3.649865250672661876, -3.000000000000000000, 1.700432689062166380 ) ) ;
#1613 = VERTEX_POINT ( 'NONE', #1837 ) ;
#1614 = DIRECTION ( 'NONE',  ( -0.000000000000000000, 0.000000000000000000, -1.000000000000000000 ) ) ;
#1615 = CARTESIAN_POINT ( 'NONE',  ( 3.634391687981183061, -3.000000000000000000, 1.756432249279040736 ) ) ;
#1616 = VERTEX_POINT ( 'NONE', #3970 ) ;
#1617 = LINE ( 'NONE', #4593, #3816 ) ;
#1618 = DIRECTION ( 'NONE',  ( 0.000000000000000000, 0.000000000000000000, -1.000000000000000000 ) ) ;
#1619 = EDGE_CURVE ( 'NONE', #5794, #7175, #5440, .T. ) ;
#1620 = VECTOR ( 'NONE', #6061, 1000.000000000000000 ) ;
#1621 = EDGE_CURVE ( 'NONE', #887, #7063, #7730, .T. ) ;
#1622 = ORIENTED_EDGE ( 'NONE', *, *, #4245, .F. ) ;
#1623 = PLANE ( 'NONE',  #6905 ) ;
#1624 = EDGE_LOOP ( 'NONE', ( #18, #8333, #5415, #1472 ) ) ;
#1625 = CARTESIAN_POINT ( 'NONE',  ( 3.953687426062375554, -3.010000000000000231, 2.063119899241303568 ) ) ;
#1626 = LINE ( 'NONE', #5234, #4720 ) ;
#1627 = VERTEX_POINT ( 'NONE', #7779 ) ;
#1628 = CARTESIAN_POINT ( 'NONE',  ( 4.223860742902751042, -3.010000000000000231, 1.735964573760301111 ) ) ;
#1629 = VECTOR ( 'NONE', #5505, 1000.000000000000000 ) ;
#1630 = DIRECTION ( 'NONE',  ( -1.000000000000000000, -0.000000000000000000, -0.000000000000000000 ) ) ;
#1631 = DIRECTION ( 'NONE',  ( 0.000000000000000000, -1.000000000000000000, 0.000000000000000000 ) ) ;
#1632 = SURFACE_STYLE_USAGE ( .BOTH. , #8202 ) ;
#1633 = CARTESIAN_POINT ( 'NONE',  ( 4.831259481574080361, -3.000000000000000000, 1.811940585284053773 ) ) ;
#1634 = EDGE_CURVE ( 'NONE', #9495, #6042, #1792, .T. ) ;
#1635 = EDGE_LOOP ( 'NONE', ( #1326, #7688, #1196, #8281, #3180, #1704, #7423, #2485, #4144, #4938, #5550, #4039 ) ) ;
#1636 = ADVANCED_FACE ( 'NONE', ( #4064 ), #4709, .F. ) ;
#1637 = VECTOR ( 'NONE', #2047, 1000.000000000000000 ) ;
#1638 = EDGE_CURVE ( 'NONE', #9007, #7455, #387, .T. ) ;
#1639 = ORIENTED_EDGE ( 'NONE', *, *, #3701, .T. ) ;
#1640 = CARTESIAN_POINT ( 'NONE',  ( 3.557515098735669845, -3.010000000000000231, 1.648526663946418003 ) ) ;
#1641 = CARTESIAN_POINT ( 'NONE',  ( 3.649865250672663652, -3.010000000000000231, 1.669813046487117258 ) ) ;
#1642 = CARTESIAN_POINT ( 'NONE',  ( 4.197252764729051400, -3.010000000000000231, 2.133037478809876042 ) ) ;
#1643 = CARTESIAN_POINT ( 'NONE',  ( 4.369181239079034107, -3.000000000000000000, 2.150721550459150144 ) ) ;
#1644 = CARTESIAN_POINT ( 'NONE',  ( 4.436397085480108693, -3.000000000000000000, 2.342462734712048356 ) ) ;
#1645 = VECTOR ( 'NONE', #8200, 1000.000000000000000 ) ;
#1646 = CARTESIAN_POINT ( 'NONE',  ( 4.632559287644243184, -3.000000000000000000, 1.718116760709258450 ) ) ;
#1647 = VECTOR ( 'NONE', #2038, 1000.000000000000000 ) ;
#1648 = ORIENTED_EDGE ( 'NONE', *, *, #7943, .T. ) ;
#1649 = DIRECTION ( 'NONE',  ( -0.000000000000000000, -0.000000000000000000, 1.000000000000000000 ) ) ;
#1650 = CARTESIAN_POINT ( 'NONE',  ( 4.102282750324362404, -3.000000000000000000, 2.063119899241303568 ) ) ;
#1651 = CARTESIAN_POINT ( 'NONE',  ( 3.853150203917672378, -3.000000000000000000, 1.789016788703759575 ) ) ;
#1652 = LINE ( 'NONE', #9148, #1971 ) ;
#1653 = CARTESIAN_POINT ( 'NONE',  ( 4.840920224420685258, -3.000000000000000000, 1.816361603195281171 ) ) ;
#1654 = PRESENTATION_STYLE_ASSIGNMENT (( #9046 ) ) ;
#1655 = DIRECTION ( 'NONE',  ( 0.000000000000000000, 0.000000000000000000, 1.000000000000000000 ) ) ;
#1656 = VECTOR ( 'NONE', #3952, 1000.000000000000000 ) ;
#1657 = ORIENTED_EDGE ( 'NONE', *, *, #2586, .F. ) ;
#1658 = B_SPLINE_SURFACE_WITH_KNOTS ( 'NONE', 3, 1, ( 
 ( #7734, #1062 ),
 ( #392, #5633 ),
 ( #2618, #3288 ),
 ( #6265, #4022 ) ),
 .UNSPECIFIED., .F., .F., .F.,
 ( 4, 4 ),
 ( 2, 2 ),
 ( 17.00000000000000000, 18.00000000000000000 ),
 ( 0.000000000000000000, 1.000000000000000000 ),
 .UNSPECIFIED. ) ;
#1659 = ORIENTED_EDGE ( 'NONE', *, *, #6508, .T. ) ;
#1660 = VERTEX_POINT ( 'NONE', #6404 ) ;
#1661 = LINE ( 'NONE', #413, #1588 ) ;
#1662 = VECTOR ( 'NONE', #7359, 1000.000000000000000 ) ;
#1663 = SURFACE_STYLE_USAGE ( .BOTH. , #8335 ) ;
#1664 = VERTEX_POINT ( 'NONE', #6214 ) ;
#1665 = FACE_OUTER_BOUND ( 'NONE', #1558, .T. ) ;
#1666 = CARTESIAN_POINT ( 'NONE',  ( -1.520000000000000906, -2.149999999999999467, -4.099999999999999645 ) ) ;
#1667 = LINE ( 'NONE', #8340, #8746 ) ;
#1668 = CARTESIAN_POINT ( 'NONE',  ( 1.019999999999999130, -2.449999999999999289, -4.099999999999999645 ) ) ;
#1669 = B_SPLINE_CURVE_WITH_KNOTS ( 'NONE', 3,
 ( #6456, #9419, #3529, #6364 ),
 .UNSPECIFIED., .F., .F.,
 ( 4, 4 ),
 ( 1.000000000000000000, 2.000000000000000000 ),
 .UNSPECIFIED. ) ;
#1670 = EDGE_CURVE ( 'NONE', #788, #7136, #3239, .T. ) ;
#1671 = CARTESIAN_POINT ( 'NONE',  ( 4.438198240925837368, -3.010000000000000231, 2.331819543441691511 ) ) ;
#1672 = ORIENTED_EDGE ( 'NONE', *, *, #6545, .T. ) ;
#1673 = DIRECTION ( 'NONE',  ( -0.000000000000000000, -0.000000000000000000, 1.000000000000000000 ) ) ;
#1674 = B_SPLINE_CURVE_WITH_KNOTS ( 'NONE', 3,
 ( #9328, #1159, #6321, #4956 ),
 .UNSPECIFIED., .F., .F.,
 ( 4, 4 ),
 ( 4.000000000000000000, 5.000000000000000000 ),
 .UNSPECIFIED. ) ;
#1675 = EDGE_LOOP ( 'NONE', ( #4844, #8117, #7031, #7451 ) ) ;
#1676 = CARTESIAN_POINT ( 'NONE',  ( 3.295528852104097961, -3.010000000000000231, 1.875308508687755893 ) ) ;
#1677 = CARTESIAN_POINT ( 'NONE',  ( 3.554567753461150836, -3.010000000000000231, 2.315936627240314571 ) ) ;
#1678 = ORIENTED_EDGE ( 'NONE', *, *, #8649, .T. ) ;
#1679 = PLANE ( 'NONE',  #4447 ) ;
#1680 = CARTESIAN_POINT ( 'NONE',  ( 4.182516038355383436, -3.010000000000000231, 1.555030322181719660 ) ) ;
#1681 = CARTESIAN_POINT ( 'NONE',  ( 4.226644346772213012, -3.000000000000000000, 2.340989062074239957 ) ) ;
#1682 = EDGE_CURVE ( 'NONE', #7668, #8274, #7280, .T. ) ;
#1683 =( NAMED_UNIT ( * ) SI_UNIT ( $, .STERADIAN. ) SOLID_ANGLE_UNIT ( ) );
#1684 = VERTEX_POINT ( 'NONE', #339 ) ;
#1685 = UNCERTAINTY_MEASURE_WITH_UNIT (LENGTH_MEASURE( 1.000000000000000082E-05 ), #2102, 'distance_accuracy_value', 'NONE');
#1686 = CARTESIAN_POINT ( 'NONE',  ( 1.019999999999999130, -2.449999999999999289, -4.099999999999999645 ) ) ;
#1687 = EDGE_CURVE ( 'NONE', #8276, #716, #4772, .T. ) ;
#1688 = ORIENTED_EDGE ( 'NONE', *, *, #115, .T. ) ;
#1689 = CARTESIAN_POINT ( 'NONE',  ( 3.506182168535952659, -3.010000000000000231, 1.616269607331789260 ) ) ;
#1690 = LINE ( 'NONE', #6065, #2109 ) ;
#1691 = LINE ( 'NONE', #4668, #47 ) ;
#1692 = CARTESIAN_POINT ( 'NONE',  ( 3.596321811517330325, -3.010000000000000231, 1.662608424704236754 ) ) ;
#1693 = DIRECTION ( 'NONE',  ( 1.000000000000000000, 0.000000000000000000, -0.000000000000000000 ) ) ;
#1694 = EDGE_CURVE ( 'NONE', #1842, #1821, #6998, .T. ) ;
#1695 = CARTESIAN_POINT ( 'NONE',  ( 3.033227229592507790, -3.010000000000000231, 1.793019785911610153 ) ) ;
#1696 = EDGE_CURVE ( 'NONE', #8075, #1616, #2569, .T. ) ;
#1697 = CARTESIAN_POINT ( 'NONE',  ( 4.433859093716586486, -3.010000000000000231, 2.332801991867621716 ) ) ;
#1698 = VERTEX_POINT ( 'NONE', #1200 ) ;
#1699 = ORIENTED_EDGE ( 'NONE', *, *, #5873, .T. ) ;
#1700 = FACE_BOUND ( 'NONE', #2481, .T. ) ;
#1701 = CARTESIAN_POINT ( 'NONE',  ( 4.102282750324362404, -3.010000000000000231, 2.063119899241303568 ) ) ;
#1702 = CARTESIAN_POINT ( 'NONE',  ( 3.937313285648034178, -3.010000000000000231, 2.244054150819881244 ) ) ;
#1703 = DIRECTION ( 'NONE',  ( 0.000000000000000000, 0.000000000000000000, -1.000000000000000000 ) ) ;
#1704 = ORIENTED_EDGE ( 'NONE', *, *, #2285, .T. ) ;
#1705 = CARTESIAN_POINT ( 'NONE',  ( 3.790027892620987160, -3.010000000000000231, 1.742350488521201335 ) ) ;
#1706 = DIRECTION ( 'NONE',  ( -0.000000000000000000, -0.000000000000000000, 1.000000000000000000 ) ) ;
#1707 = DIRECTION ( 'NONE',  ( -1.000000000000000000, -0.000000000000000000, 0.000000000000000000 ) ) ;
#1708 = ADVANCED_FACE ( 'NONE', ( #3284 ), #9226, .T. ) ;
#1709 = ORIENTED_EDGE ( 'NONE', *, *, #152, .T. ) ;
#1710 = VERTEX_POINT ( 'NONE', #7185 ) ;
#1711 = FACE_OUTER_BOUND ( 'NONE', #4793, .T. ) ;
#1712 = LINE ( 'NONE', #8427, #3297 ) ;
#1713 = ORIENTED_EDGE ( 'NONE', *, *, #3863, .T. ) ;
#1714 = DIRECTION ( 'NONE',  ( -0.000000000000000000, 0.000000000000000000, 1.000000000000000000 ) ) ;
#1715 = FACE_OUTER_BOUND ( 'NONE', #1483, .T. ) ;
#1716 = CARTESIAN_POINT ( 'NONE',  ( 3.573316144235061387, -3.000000000000000000, 2.105856405722311475 ) ) ;
#1717 = ORIENTED_EDGE ( 'NONE', *, *, #7928, .F. ) ;
#1718 = CARTESIAN_POINT ( 'NONE',  ( 2.063163430221306438, -3.000000000000000000, 2.353197414756719841 ) ) ;
#1719 = CARTESIAN_POINT ( 'NONE',  ( 4.620851777248160097, -3.000000000000000000, 1.788198081681789509 ) ) ;
#1720 = B_SPLINE_CURVE_WITH_KNOTS ( 'NONE', 3,
 ( #5255, #5297, #4519, #4474 ),
 .UNSPECIFIED., .F., .F.,
 ( 4, 4 ),
 ( 20.00000000000000000, 21.00000000000000000 ),
 .UNSPECIFIED. ) ;
#1721 = EDGE_LOOP ( 'NONE', ( #3683, #5759, #4471, #5144, #8227, #33, #8970, #1595, #1758, #962, #3603, #43, #8550, #3108 ) ) ;
#1722 = CARTESIAN_POINT ( 'NONE',  ( 4.837481654933205810, -3.010000000000000231, 1.834373157650283970 ) ) ;
#1723 = ORIENTED_EDGE ( 'NONE', *, *, #2988, .F. ) ;
#1724 = CARTESIAN_POINT ( 'NONE',  ( 2.728089744678212636, -3.010000000000000231, 1.692825364543246724 ) ) ;
#1725 = CARTESIAN_POINT ( 'NONE',  ( 1.951583369965870229, -3.010000000000000231, 2.148254481510083913 ) ) ;
#1726 = ORIENTED_EDGE ( 'NONE', *, *, #2919, .T. ) ;
#1727 = FILL_AREA_STYLE ('',( #2561 ) ) ;
#1728 = DIRECTION ( 'NONE',  ( -0.000000000000000000, 1.000000000000000000, -0.000000000000000000 ) ) ;
#1729 = DIRECTION ( 'NONE',  ( -0.000000000000000000, 1.000000000000000000, -0.000000000000000000 ) ) ;
#1730 = CARTESIAN_POINT ( 'NONE',  ( 3.697350257874990831, -3.000000000000000000, 2.384380534173263122 ) ) ;
#1731 = EDGE_CURVE ( 'NONE', #5393, #9039, #2139, .T. ) ;
#1732 = LINE ( 'NONE', #7042, #7058 ) ;
#1733 = B_SPLINE_CURVE_WITH_KNOTS ( 'NONE', 3,
 ( #4797, #6299, #6236, #5419 ),
 .UNSPECIFIED., .F., .F.,
 ( 4, 4 ),
 ( 6.000000000000000000, 7.000000000000000000 ),
 .UNSPECIFIED. ) ;
#1734 = CARTESIAN_POINT ( 'NONE',  ( 3.649865250672663652, -3.000000000000000000, 1.647871698330585000 ) ) ;
#1735 = CARTESIAN_POINT ( 'NONE',  ( 1.723868854915551418, -3.010000000000000231, 2.045782949738199186 ) ) ;
#1736 = VECTOR ( 'NONE', #175, 1000.000000000000000 ) ;
#1737 = B_SPLINE_SURFACE_WITH_KNOTS ( 'NONE', 3, 1, ( 
 ( #5290, #2190 ),
 ( #1497, #8890 ),
 ( #5147, #8315 ),
 ( #148, #815 ) ),
 .UNSPECIFIED., .F., .F., .F.,
 ( 4, 4 ),
 ( 2, 2 ),
 ( 2.000000000000000000, 3.000000000000000000 ),
 ( 0.000000000000000000, 1.000000000000000000 ),
 .UNSPECIFIED. ) ;
#1738 = DIRECTION ( 'NONE',  ( 1.000000000000000000, 0.000000000000000000, 0.000000000000000000 ) ) ;
#1739 = FILL_AREA_STYLE ('',( #6176 ) ) ;
#1740 = CARTESIAN_POINT ( 'NONE',  ( 2.948972841649584620, -3.010000000000000231, 1.656391076880982860 ) ) ;
#1741 = EDGE_CURVE ( 'NONE', #866, #4390, #2850, .T. ) ;
#1742 = ADVANCED_FACE ( 'NONE', ( #6651 ), #8099, .F. ) ;
#1743 = B_SPLINE_CURVE_WITH_KNOTS ( 'NONE', 3,
 ( #9514, #3484, #2224, #5773 ),
 .UNSPECIFIED., .F., .F.,
 ( 4, 4 ),
 ( 0.000000000000000000, 1.000000000000000000 ),
 .UNSPECIFIED. ) ;
#1744 = B_SPLINE_SURFACE_WITH_KNOTS ( 'NONE', 3, 1, ( 
 ( #3727, #4476 ),
 ( #1365, #4432 ),
 ( #637, #7401 ),
 ( #2870, #731 ) ),
 .UNSPECIFIED., .F., .F., .F.,
 ( 4, 4 ),
 ( 2, 2 ),
 ( 3.000000000000000000, 4.000000000000000000 ),
 ( 0.000000000000000000, 1.000000000000000000 ),
 .UNSPECIFIED. ) ;
#1745 = EDGE_CURVE ( 'NONE', #1101, #1413, #8331, .T. ) ;
#1746 = EDGE_CURVE ( 'NONE', #6048, #1894, #4731, .T. ) ;
#1747 = MECHANICAL_DESIGN_GEOMETRIC_PRESENTATION_REPRESENTATION (  '', ( #360 ), #4381 ) ;
#1748 = ORIENTED_EDGE ( 'NONE', *, *, #3688, .F. ) ;
#1749 = ORIENTED_EDGE ( 'NONE', *, *, #8388, .T. ) ;
#1750 = CARTESIAN_POINT ( 'NONE',  ( 3.551211054675644352, -3.010000000000000231, 1.781975908324832103 ) ) ;
#1751 =( NAMED_UNIT ( * ) SI_UNIT ( $, .STERADIAN. ) SOLID_ANGLE_UNIT ( ) );
#1752 = CARTESIAN_POINT ( 'NONE',  ( 3.953687426062375554, -3.000000000000000000, 2.099634232365364284 ) ) ;
#1753 = CARTESIAN_POINT ( 'NONE',  ( 3.790027892620987160, -3.000000000000000000, 1.742350488521201335 ) ) ;
#1754 = LINE ( 'NONE', #5455, #2367 ) ;
#1755 = CARTESIAN_POINT ( 'NONE',  ( 2.540000000000000036, 0.000000000000000000, -4.099999999999999645 ) ) ;
#1756 = CARTESIAN_POINT ( 'NONE',  ( 3.755969680558477464, -3.010000000000000231, 1.685859704092445677 ) ) ;
#1757 = VECTOR ( 'NONE', #1838, 1000.000000000000000 ) ;
#1758 = ORIENTED_EDGE ( 'NONE', *, *, #322, .F. ) ;
#1759 = VECTOR ( 'NONE', #9369, 1000.000000000000000 ) ;
#1760 = EDGE_CURVE ( 'NONE', #9154, #3873, #657, .T. ) ;
#1761 = EDGE_CURVE ( 'NONE', #5277, #4444, #2129, .T. ) ;
#1762 = VERTEX_POINT ( 'NONE', #2704 ) ;
#1763 = VERTEX_POINT ( 'NONE', #528 ) ;
#1764 = CARTESIAN_POINT ( 'NONE',  ( 3.950740080787856989, -3.010000000000000231, 1.481674173123481486 ) ) ;
#1765 = FACE_OUTER_BOUND ( 'NONE', #849, .T. ) ;
#1766 = ORIENTED_EDGE ( 'NONE', *, *, #5032, .F. ) ;
#1767 = DIRECTION ( 'NONE',  ( -0.000000000000000000, 1.000000000000000000, -0.000000000000000000 ) ) ;
#1768 = VECTOR ( 'NONE', #5752, 1000.000000000000000 ) ;
#1769 =( LENGTH_UNIT ( ) NAMED_UNIT ( * ) SI_UNIT ( .MILLI., .METRE. ) );
#1770 = B_SPLINE_CURVE_WITH_KNOTS ( 'NONE', 3,
 ( #1116, #6561, #3633, #1447 ),
 .UNSPECIFIED., .F., .F.,
 ( 4, 4 ),
 ( 33.00000000000000000, 34.00000000000000000 ),
 .UNSPECIFIED. ) ;
#1771 = DIRECTION ( 'NONE',  ( 0.000000000000000000, 1.000000000000000000, 0.000000000000000000 ) ) ;
#1772 = ORIENTED_EDGE ( 'NONE', *, *, #8343, .F. ) ;
#1773 = VECTOR ( 'NONE', #8542, 1000.000000000000000 ) ;
#1774 = LINE ( 'NONE', #4753, #289 ) ;
#1775 = CARTESIAN_POINT ( 'NONE',  ( 3.578719610572211884, -3.000000000000000000, 1.549626855844558726 ) ) ;
#1776 = VECTOR ( 'NONE', #1807, 1000.000000000000000 ) ;
#1777 = VECTOR ( 'NONE', #3060, 1000.000000000000000 ) ;
#1778 = ORIENTED_EDGE ( 'NONE', *, *, #5573, .T. ) ;
#1779 = CARTESIAN_POINT ( 'NONE',  ( 4.292714003345601270, -3.000000000000000000, 2.063119899241303568 ) ) ;
#1780 = CARTESIAN_POINT ( 'NONE',  ( 4.981983444089699731, -3.000000000000000000, 1.555030322181724767 ) ) ;
#1781 = ORIENTED_EDGE ( 'NONE', *, *, #1197, .F. ) ;
#1782 = CARTESIAN_POINT ( 'NONE',  ( 3.927980025612624271, -3.010000000000000231, 1.450563306336576375 ) ) ;
#1783 = CARTESIAN_POINT ( 'NONE',  ( 3.606146295766792242, -3.010000000000000231, 2.351468511938452188 ) ) ;
#1784 = ORIENTED_EDGE ( 'NONE', *, *, #5301, .T. ) ;
#1785 = DIRECTION ( 'NONE',  ( -0.000000000000000000, 1.000000000000000000, -0.000000000000000000 ) ) ;
#1786 = DIRECTION ( 'NONE',  ( -0.000000000000000000, -0.000000000000000000, 1.000000000000000000 ) ) ;
#1787 = LINE ( 'NONE', #9273, #7732 ) ;
#1788 = CARTESIAN_POINT ( 'NONE',  ( 3.641432568358998978, -3.010000000000000231, 2.388801552084495405 ) ) ;
#1789 = DIRECTION ( 'NONE',  ( 0.000000000000000000, -1.000000000000000000, 0.000000000000000000 ) ) ;
#1790 =( GEOMETRIC_REPRESENTATION_CONTEXT ( 3 ) GLOBAL_UNCERTAINTY_ASSIGNED_CONTEXT ( ( #6841 ) ) GLOBAL_UNIT_ASSIGNED_CONTEXT ( ( #373, #5428, #4699 ) ) REPRESENTATION_CONTEXT ( 'NONE', 'WORKASPACE' ) );
#1791 = VECTOR ( 'NONE', #8987, 1000.000000000000000 ) ;
#1792 = LINE ( 'NONE', #1105, #4599 ) ;
#1793 = EDGE_LOOP ( 'NONE', ( #6805, #4867, #4565, #4020, #2527, #2052, #4010, #3213, #2507, #4532, #4779, #5422 ) ) ;
#1794 = FACE_OUTER_BOUND ( 'NONE', #1458, .T. ) ;
#1795 = DIRECTION ( 'NONE',  ( 0.000000000000000000, 0.000000000000000000, -1.000000000000000000 ) ) ;
#1796 = DIRECTION ( 'NONE',  ( -0.000000000000000000, 0.000000000000000000, 1.000000000000000000 ) ) ;
#1797 = CARTESIAN_POINT ( 'NONE',  ( -4.060000000000001386, -2.149999999999999467, -4.099999999999999645 ) ) ;
#1798 = EDGE_CURVE ( 'NONE', #5560, #1378, #9469, .T. ) ;
#1799 = STYLED_ITEM ( 'NONE', ( #2002 ), #388 ) ;
#1800 = CARTESIAN_POINT ( 'NONE',  ( 4.936299592335264386, -3.010000000000000231, 1.555030322181724767 ) ) ;
#1801 = EDGE_LOOP ( 'NONE', ( #2300, #6581, #6547, #965 ) ) ;
#1802 = ORIENTED_EDGE ( 'NONE', *, *, #6535, .T. ) ;
#1803 = CARTESIAN_POINT ( 'NONE',  ( 4.936299592335264386, -3.010000000000000231, 1.555030322181724767 ) ) ;
#1804 = AXIS2_PLACEMENT_3D ( 'NONE', #4872, #8552, #1892 ) ;
#1805 = CARTESIAN_POINT ( 'NONE',  ( 3.946400933578616321, -3.010000000000000231, 2.346556269815353701 ) ) ;
#1806 = CARTESIAN_POINT ( 'NONE',  ( 3.582076309356621913, -3.010000000000000231, 1.690935687621695216 ) ) ;
#1807 = DIRECTION ( 'NONE',  ( 1.000000000000000000, -0.000000000000000000, -0.000000000000000000 ) ) ;
#1808 = CARTESIAN_POINT ( 'NONE',  ( 0.000000000000000000, -3.010000000000000231, 0.000000000000000000 ) ) ;
#1809 = CARTESIAN_POINT ( 'NONE',  ( 3.785934357516583582, -3.000000000000000000, 1.716479346667479478 ) ) ;
#1810 = EDGE_CURVE ( 'NONE', #8983, #3059, #9009, .T. ) ;
#1811 = ORIENTED_EDGE ( 'NONE', *, *, #1670, .T. ) ;
#1812 = VECTOR ( 'NONE', #9177, 1000.000000000000000 ) ;
#1813 = ORIENTED_EDGE ( 'NONE', *, *, #7294, .T. ) ;
#1814 = PLANE ( 'NONE',  #5348 ) ;
#1815 = EDGE_CURVE ( 'NONE', #2489, #6054, #8195, .T. ) ;
#1816 = ORIENTED_EDGE ( 'NONE', *, *, #8297, .T. ) ;
#1817 = DIRECTION ( 'NONE',  ( 1.000000000000000000, -0.000000000000000000, -0.000000000000000000 ) ) ;
#1818 =( GEOMETRIC_REPRESENTATION_CONTEXT ( 3 ) GLOBAL_UNCERTAINTY_ASSIGNED_CONTEXT ( ( #6169 ) ) GLOBAL_UNIT_ASSIGNED_CONTEXT ( ( #5590, #2521, #342 ) ) REPRESENTATION_CONTEXT ( 'NONE', 'WORKASPACE' ) );
#1819 = CARTESIAN_POINT ( 'NONE',  ( 4.676032630447437555, -3.010000000000000231, 1.719262950536967871 ) ) ;
#1820 = CARTESIAN_POINT ( 'NONE',  ( 4.659904102137950588, -3.000000000000000000, 1.629860143875582201 ) ) ;
#1821 = VERTEX_POINT ( 'NONE', #5772 ) ;
#1822 = CARTESIAN_POINT ( 'NONE',  ( 2.782741349902924544, -3.000000000000000000, 2.239340157230471196 ) ) ;
#1823 = EDGE_CURVE ( 'NONE', #6684, #3775, #2894, .T. ) ;
#1824 = CARTESIAN_POINT ( 'NONE',  ( 3.632999886046437421, -3.010000000000000231, 1.563217392388343008 ) ) ;
#1825 = EDGE_CURVE ( 'NONE', #2734, #2414, #8690, .T. ) ;
#1826 = ORIENTED_EDGE ( 'NONE', *, *, #6209, .F. ) ;
#1827 = ORIENTED_EDGE ( 'NONE', *, *, #2351, .F. ) ;
#1828 = CARTESIAN_POINT ( 'NONE',  ( 2.714426908521401227, -3.000000000000000000, 2.048059973275527579 ) ) ;
#1829 = FACE_OUTER_BOUND ( 'NONE', #1081, .T. ) ;
#1830 = ORIENTED_EDGE ( 'NONE', *, *, #7827, .T. ) ;
#1831 = CARTESIAN_POINT ( 'NONE',  ( 3.552357244504450229, -3.010000000000000231, 2.128288978090730588 ) ) ;
#1832 = LINE ( 'NONE', #4013, #1980 ) ;
#1833 = DIRECTION ( 'NONE',  ( -1.000000000000000000, 0.000000000000000000, 0.000000000000000000 ) ) ;
#1834 = FACE_OUTER_BOUND ( 'NONE', #5351, .T. ) ;
#1835 = EDGE_CURVE ( 'NONE', #949, #5668, #4998, .T. ) ;
#1836 = CARTESIAN_POINT ( 'NONE',  ( 3.810331826734680849, -3.010000000000000231, 1.582375136673235927 ) ) ;
#1837 = CARTESIAN_POINT ( 'NONE',  ( 3.950740080787856989, -3.010000000000000231, 1.481674173123481486 ) ) ;
#1838 = DIRECTION ( 'NONE',  ( -0.000000000000000000, 1.000000000000000000, -0.000000000000000000 ) ) ;
#1839 = CARTESIAN_POINT ( 'NONE',  ( 3.664192623535325932, -3.010000000000000231, 2.057716432904142412 ) ) ;
#1840 = CARTESIAN_POINT ( 'NONE',  ( 2.892044212887547872, -3.000000000000000000, 1.777079709050886747 ) ) ;
#1841 = B_SPLINE_CURVE_WITH_KNOTS ( 'NONE', 3,
 ( #8954, #5986, #4473, #9278, #7485, #924, #4578 ),
 .UNSPECIFIED., .F., .F.,
 ( 4, 3, 4 ),
 ( 2.000000000000000000, 3.000000000000000000, 4.000000000000000000 ),
 .UNSPECIFIED. ) ;
#1842 = VERTEX_POINT ( 'NONE', #2180 ) ;
#1843 = ORIENTED_EDGE ( 'NONE', *, *, #1329, .F. ) ;
#1844 = CARTESIAN_POINT ( 'NONE',  ( 2.782741349902924544, -3.000000000000000000, 2.239340157230471196 ) ) ;
#1845 = LINE ( 'NONE', #8466, #252 ) ;
#1846 = DIRECTION ( 'NONE',  ( -0.000000000000000000, 1.000000000000000000, -0.000000000000000000 ) ) ;
#1847 = ORIENTED_EDGE ( 'NONE', *, *, #5734, .T. ) ;
#1848 = CARTESIAN_POINT ( 'NONE',  ( 4.739482424550946149, -3.010000000000000231, 1.555030322181724767 ) ) ;
#1849 = CARTESIAN_POINT ( 'NONE',  ( 4.226644346772213012, -3.010000000000000231, 2.107985043975945771 ) ) ;
#1850 = B_SPLINE_CURVE_WITH_KNOTS ( 'NONE', 3,
 ( #7964, #2801, #5190, #3623 ),
 .UNSPECIFIED., .F., .F.,
 ( 4, 4 ),
 ( 2.000000000000000000, 3.000000000000000000 ),
 .UNSPECIFIED. ) ;
#1851 =( NAMED_UNIT ( * ) PLANE_ANGLE_UNIT ( ) SI_UNIT ( $, .RADIAN. ) );
#1852 = ORIENTED_EDGE ( 'NONE', *, *, #7649, .F. ) ;
#1853 = ORIENTED_EDGE ( 'NONE', *, *, #5777, .F. ) ;
#1854 = EDGE_LOOP ( 'NONE', ( #8146, #4216, #8228, #6023 ) ) ;
#1855 = ORIENTED_EDGE ( 'NONE', *, *, #3575, .T. ) ;
#1856 = CARTESIAN_POINT ( 'NONE',  ( 4.103920164363941581, -3.010000000000000231, 2.346556269815353701 ) ) ;
#1857 = EDGE_CURVE ( 'NONE', #58, #7810, #8792, .T. ) ;
#1858 = VERTEX_POINT ( 'NONE', #8738 ) ;
#1859 = LINE ( 'NONE', #6530, #2994 ) ;
#1860 = LINE ( 'NONE', #7128, #1897 ) ;
#1861 = CARTESIAN_POINT ( 'NONE',  ( 4.831259481574080361, -3.010000000000000231, 1.811940585284053773 ) ) ;
#1862 = ORIENTED_EDGE ( 'NONE', *, *, #4518, .T. ) ;
#1863 = CARTESIAN_POINT ( 'NONE',  ( 3.632672403237443337, -3.010000000000000231, 1.601205398150215675 ) ) ;
#1864 = DIRECTION ( 'NONE',  ( 1.000000000000000000, 0.000000000000000000, -0.000000000000000000 ) ) ;
#1865 = EDGE_CURVE ( 'NONE', #549, #4759, #321, .T. ) ;
#1866 = B_SPLINE_CURVE_WITH_KNOTS ( 'NONE', 3,
 ( #9218, #5478, #6313, #6399 ),
 .UNSPECIFIED., .F., .F.,
 ( 4, 4 ),
 ( 3.000000000000000000, 4.000000000000000000 ),
 .UNSPECIFIED. ) ;
#1867 = ORIENTED_EDGE ( 'NONE', *, *, #6208, .F. ) ;
#1868 = LINE ( 'NONE', #5575, #8162 ) ;
#1869 = CARTESIAN_POINT ( 'NONE',  ( 2.072272045569974797, -3.010000000000000231, 2.114097304251329579 ) ) ;
#1870 = EDGE_CURVE ( 'NONE', #7795, #949, #2084, .T. ) ;
#1871 = ADVANCED_FACE ( 'NONE', ( #6741 ), #1679, .F. ) ;
#1872 = EDGE_LOOP ( 'NONE', ( #8980, #8480, #5902, #5306, #7448, #7856, #8003, #3525, #8721, #5232, #3425, #2254, #3979, #7637 ) ) ;
#1873 = CARTESIAN_POINT ( 'NONE',  ( 3.717326709180762911, -3.010000000000000231, 2.375702239752584433 ) ) ;
#1874 = DIRECTION ( 'NONE',  ( 0.000000000000000000, 1.000000000000000000, 0.000000000000000000 ) ) ;
#1875 = ORIENTED_EDGE ( 'NONE', *, *, #7764, .F. ) ;
#1876 = CARTESIAN_POINT ( 'NONE',  ( 4.543811446598688519, -3.000000000000000000, 1.591544655305799694 ) ) ;
#1877 = CARTESIAN_POINT ( 'NONE',  ( 3.557515098735669845, -3.010000000000000231, 1.648526663946418003 ) ) ;
#1878 = DIRECTION ( 'NONE',  ( 0.3667976789509078128, 0.000000000000000000, 0.9303007377811901568 ) ) ;
#1879 = DIRECTION ( 'NONE',  ( 0.000000000000000000, 0.000000000000000000, -1.000000000000000000 ) ) ;
#1880 = ORIENTED_EDGE ( 'NONE', *, *, #3837, .T. ) ;
#1881 = DIRECTION ( 'NONE',  ( 1.000000000000000000, 0.000000000000000000, -0.000000000000000000 ) ) ;
#1882 = EDGE_CURVE ( 'NONE', #1474, #3377, #7468, .T. ) ;
#1883 = DIRECTION ( 'NONE',  ( -0.000000000000000000, 1.000000000000000000, -0.000000000000000000 ) ) ;
#1884 = CARTESIAN_POINT ( 'NONE',  ( 3.596321811517330325, -3.000000000000000000, 1.662608424704236754 ) ) ;
#1885 = DIRECTION ( 'NONE',  ( 0.000000000000000000, 0.000000000000000000, -1.000000000000000000 ) ) ;
#1886 = CARTESIAN_POINT ( 'NONE',  ( 1.851388970314060689, -3.010000000000000231, 2.284883060241407193 ) ) ;
#1887 = CARTESIAN_POINT ( 'NONE',  ( 3.833664976824861181, -3.010000000000000231, 1.684713514262567546 ) ) ;
#1888 = CARTESIAN_POINT ( 'NONE',  ( 4.231474718195512352, -3.000000000000000000, 2.226206337768836807 ) ) ;
#1889 = ORIENTED_EDGE ( 'NONE', *, *, #7470, .T. ) ;
#1890 = CARTESIAN_POINT ( 'NONE',  ( 3.336873556650379324, -3.000000000000000000, 1.838466692755762910 ) ) ;
#1891 = EDGE_LOOP ( 'NONE', ( #3947, #1852, #1013, #1337 ) ) ;
#1892 = DIRECTION ( 'NONE',  ( -0.2524218971879677031, 0.000000000000000000, 0.9676172723861573566 ) ) ;
#1893 = DIRECTION ( 'NONE',  ( -0.000000000000000000, 1.000000000000000000, -0.000000000000000000 ) ) ;
#1894 = VERTEX_POINT ( 'NONE', #2269 ) ;
#1895 = CARTESIAN_POINT ( 'NONE',  ( 4.196352187005090606, -3.000000000000000000, 2.316427851452192765 ) ) ;
#1896 = CARTESIAN_POINT ( 'NONE',  ( 3.927980025612624271, -3.010000000000000231, 1.486258932440858160 ) ) ;
#1897 = VECTOR ( 'NONE', #6386, 1000.000000000000000 ) ;
#1898 = VERTEX_POINT ( 'NONE', #5185 ) ;
#1899 = ORIENTED_EDGE ( 'NONE', *, *, #3626, .T. ) ;
#1900 = EDGE_LOOP ( 'NONE', ( #7741, #490, #7653, #7657 ) ) ;
#1901 = ORIENTED_EDGE ( 'NONE', *, *, #4194, .F. ) ;
#1902 = CARTESIAN_POINT ( 'NONE',  ( 3.810331826734680849, -3.000000000000000000, 1.582375136673235927 ) ) ;
#1903 = AXIS2_PLACEMENT_3D ( 'NONE', #4033, #8558, #7114 ) ;
#1904 = EDGE_LOOP ( 'NONE', ( #2943, #1478, #1263, #87 ) ) ;
#1905 = CARTESIAN_POINT ( 'NONE',  ( 2.120092058984439198, -3.010000000000000231, 1.717873926451140010 ) ) ;
#1906 = CARTESIAN_POINT ( 'NONE',  ( 3.589117189735551161, -3.000000000000000000, 1.582538878077187183 ) ) ;
#1907 = LINE ( 'NONE', #4293, #9208 ) ;
#1908 = ORIENTED_EDGE ( 'NONE', *, *, #1940, .T. ) ;
#1909 = CARTESIAN_POINT ( 'NONE',  ( 2.161080654319949890, -3.000000000000000000, 1.581245217420512494 ) ) ;
#1910 = VECTOR ( 'NONE', #5643, 1000.000000000000000 ) ;
#1911 = B_SPLINE_CURVE_WITH_KNOTS ( 'NONE', 3,
 ( #1192, #2021, #4992, #7952 ),
 .UNSPECIFIED., .F., .F.,
 ( 4, 4 ),
 ( 0.000000000000000000, 1.000000000000000000 ),
 .UNSPECIFIED. ) ;
#1912 = EDGE_CURVE ( 'NONE', #6539, #6083, #9075, .T. ) ;
#1913 = VECTOR ( 'NONE', #3858, 1000.000000000000000 ) ;
#1914 = VECTOR ( 'NONE', #6049, 1000.000000000000000 ) ;
#1915 = ORIENTED_EDGE ( 'NONE', *, *, #6799, .T. ) ;
#1916 = CARTESIAN_POINT ( 'NONE',  ( 4.415274444347737415, -3.000000000000000000, 1.555030322181724767 ) ) ;
#1917 = CIRCLE ( 'NONE', #374, 0.4655872561384367669 ) ;
#1918 = VECTOR ( 'NONE', #6060, 1000.000000000000000 ) ;
#1919 = VERTEX_POINT ( 'NONE', #5963 ) ;
#1920 = FILL_AREA_STYLE ('',( #376 ) ) ;
#1921 = VERTEX_POINT ( 'NONE', #6835 ) ;
#1922 = CARTESIAN_POINT ( 'NONE',  ( 5.750000000000000000, -3.000000000000000000, 0.000000000000000000 ) ) ;
#1923 = B_SPLINE_CURVE_WITH_KNOTS ( 'NONE', 3,
 ( #31, #5824, #708, #9509 ),
 .UNSPECIFIED., .F., .F.,
 ( 4, 4 ),
 ( 4.000000000000000000, 5.000000000000000000 ),
 .UNSPECIFIED. ) ;
#1924 = CARTESIAN_POINT ( 'NONE',  ( 3.607292485595599896, -3.010000000000000231, 1.789016788703759575 ) ) ;
#1925 = CARTESIAN_POINT ( 'NONE',  ( 3.950740080787856989, -3.010000000000000231, 1.481674173123481486 ) ) ;
#1926 = EDGE_CURVE ( 'NONE', #7273, #7316, #5917, .T. ) ;
#1927 = PRESENTATION_LAYER_ASSIGNMENT (  '', '', ( #832 ) ) ;
#1928 = VECTOR ( 'NONE', #320, 1000.000000000000114 ) ;
#1929 = CARTESIAN_POINT ( 'NONE',  ( 1.826340386688524164, -3.000000000000000000, 2.148254481510083913 ) ) ;
#1930 = CARTESIAN_POINT ( 'NONE',  ( 3.528532870201292582, -3.000000000000000000, 1.767730406165228585 ) ) ;
#1931 = CARTESIAN_POINT ( 'NONE',  ( 3.632672403237443337, -3.000000000000000000, 1.601205398150215675 ) ) ;
#1932 = SURFACE_STYLE_FILL_AREA ( #8014 ) ;
#1933 = COLOUR_RGB ( '',0.2980392156862745057, 0.2980392156862745057, 0.2980392156862745057 ) ;
#1934 = PLANE ( 'NONE',  #7257 ) ;
#1935 = EDGE_CURVE ( 'NONE', #8824, #6355, #7332, .T. ) ;
#1936 = CARTESIAN_POINT ( 'NONE',  ( 4.836499206507274273, -3.000000000000000000, 1.834373157650283748 ) ) ;
#1937 = LINE ( 'NONE', #2661, #6959 ) ;
#1938 = CARTESIAN_POINT ( 'NONE',  ( 2.074549199407693667, -3.010000000000000231, 1.861334183860016811 ) ) ;
#1939 = EDGE_CURVE ( 'NONE', #4369, #6971, #8303, .T. ) ;
#1940 = EDGE_CURVE ( 'NONE', #1281, #5554, #4801, .T. ) ;
#1941 = ORIENTED_EDGE ( 'NONE', *, *, #1939, .T. ) ;
#1942 = VECTOR ( 'NONE', #7065, 1000.000000000000000 ) ;
#1943 = DIRECTION ( 'NONE',  ( -0.000000000000000000, -0.000000000000000000, -1.000000000000000000 ) ) ;
#1944 = ORIENTED_EDGE ( 'NONE', *, *, #7510, .F. ) ;
#1945 = CARTESIAN_POINT ( 'NONE',  ( 4.506642147858789471, -3.000000000000000000, 1.875308508687761222 ) ) ;
#1946 = CARTESIAN_POINT ( 'NONE',  ( 3.829735183125515530, -3.010000000000000231, 1.756432249279040736 ) ) ;
#1947 = DIRECTION ( 'NONE',  ( -0.000000000000000000, -1.000000000000000000, -0.000000000000000000 ) ) ;
#1948 = CARTESIAN_POINT ( 'NONE',  ( 3.531480215476908935, -3.010000000000000231, 1.683894807242781511 ) ) ;
#1949 = ORIENTED_EDGE ( 'NONE', *, *, #6686, .T. ) ;
#1950 = CARTESIAN_POINT ( 'NONE',  ( -1.020000000000000906, -2.149999999999999911, -4.099999999999999645 ) ) ;
#1951 = VECTOR ( 'NONE', #8073, 1000.000000000000000 ) ;
#1952 =( NAMED_UNIT ( * ) SI_UNIT ( $, .STERADIAN. ) SOLID_ANGLE_UNIT ( ) );
#1953 = DIRECTION ( 'NONE',  ( 0.000000000000000000, -0.000000000000000000, 1.000000000000000000 ) ) ;
#1954 = LINE ( 'NONE', #7157, #8434 ) ;
#1955 = ORIENTED_EDGE ( 'NONE', *, *, #221, .F. ) ;
#1956 = VECTOR ( 'NONE', #5781, 1000.000000000000000 ) ;
#1957 = ORIENTED_EDGE ( 'NONE', *, *, #9367, .T. ) ;
#1958 = EDGE_LOOP ( 'NONE', ( #6533, #1347, #4922, #1862 ) ) ;
#1959 = LINE ( 'NONE', #4231, #4085 ) ;
#1960 = VERTEX_POINT ( 'NONE', #6108 ) ;
#1961 = DIRECTION ( 'NONE',  ( -0.000000000000000000, 1.000000000000000000, -0.000000000000000000 ) ) ;
#1962 = DIRECTION ( 'NONE',  ( -0.9903286039881301628, 0.000000000000000000, -0.1387416884823060581 ) ) ;
#1963 = CARTESIAN_POINT ( 'NONE',  ( 3.552357244504450229, -3.000000000000000000, 2.128288978090730588 ) ) ;
#1964 = ORIENTED_EDGE ( 'NONE', *, *, #4814, .F. ) ;
#1965 = LINE ( 'NONE', #7900, #440 ) ;
#1966 = VECTOR ( 'NONE', #6455, 1000.000000000000000 ) ;
#1967 = ORIENTED_EDGE ( 'NONE', *, *, #5317, .F. ) ;
#1968 = B_SPLINE_CURVE_WITH_KNOTS ( 'NONE', 3,
 ( #5988, #5355, #7595, #7443 ),
 .UNSPECIFIED., .F., .F.,
 ( 4, 4 ),
 ( 4.000000000000000000, 5.000000000000000000 ),
 .UNSPECIFIED. ) ;
#1969 = ORIENTED_EDGE ( 'NONE', *, *, #8812, .T. ) ;
#1970 = DIRECTION ( 'NONE',  ( -1.000000000000000000, 0.000000000000000000, 0.000000000000000000 ) ) ;
#1971 = VECTOR ( 'NONE', #8417, 1000.000000000000114 ) ;
#1972 = ORIENTED_EDGE ( 'NONE', *, *, #8298, .T. ) ;
#1973 = CARTESIAN_POINT ( 'NONE',  ( 2.812344132620041126, -3.010000000000000231, 2.048059973275527579 ) ) ;
#1974 = ORIENTED_EDGE ( 'NONE', *, *, #5606, .T. ) ;
#1975 = CARTESIAN_POINT ( 'NONE',  ( 3.693747946983560126, -3.010000000000000231, 2.063938606261082498 ) ) ;
#1976 = EDGE_CURVE ( 'NONE', #5209, #654, #4604, .T. ) ;
#1977 = DIRECTION ( 'NONE',  ( -0.000000000000000000, -0.000000000000000000, 1.000000000000000000 ) ) ;
#1978 = CARTESIAN_POINT ( 'NONE',  ( 4.142726877147786091, -3.010000000000000231, 2.099634232365364284 ) ) ;
#1979 = CARTESIAN_POINT ( 'NONE',  ( 3.554649624163122024, -3.010000000000000231, 2.373082377287075051 ) ) ;
#1980 = VECTOR ( 'NONE', #1097, 1000.000000000000000 ) ;
#1981 = FACE_OUTER_BOUND ( 'NONE', #8887, .T. ) ;
#1982 = VERTEX_POINT ( 'NONE', #3904 ) ;
#1983 = CARTESIAN_POINT ( 'NONE',  ( 4.836499206507274273, -3.010000000000000231, 1.834373157650283970 ) ) ;
#1984 = CARTESIAN_POINT ( 'NONE',  ( 4.014189874894639409, -3.010000000000000231, 2.063119899241303568 ) ) ;
#1985 = EDGE_CURVE ( 'NONE', #7183, #1474, #5123, .T. ) ;
#1986 = VECTOR ( 'NONE', #9494, 1000.000000000000000 ) ;
#1987 = LINE ( 'NONE', #4208, #4555 ) ;
#1988 = LINE ( 'NONE', #1247, #7566 ) ;
#1989 = CARTESIAN_POINT ( 'NONE',  ( 4.502548612755478352, -3.010000000000000231, 2.150721550459153697 ) ) ;
#1990 = CARTESIAN_POINT ( 'NONE',  ( 3.596321811517330325, -3.010000000000000231, 1.662608424704236754 ) ) ;
#1991 = EDGE_CURVE ( 'NONE', #8940, #5430, #8931, .T. ) ;
#1992 = B_SPLINE_SURFACE_WITH_KNOTS ( 'NONE', 3, 1, ( 
 ( #1129, #1270 ),
 ( #2595, #4291 ),
 ( #7075, #4091 ),
 ( #4235, #416 ) ),
 .UNSPECIFIED., .F., .F., .F.,
 ( 4, 4 ),
 ( 2, 2 ),
 ( 16.00000000000000000, 17.00000000000000000 ),
 ( 0.000000000000000000, 1.000000000000000000 ),
 .UNSPECIFIED. ) ;
#1993 = ORIENTED_EDGE ( 'NONE', *, *, #5262, .T. ) ;
#1994 = DIRECTION ( 'NONE',  ( -8.673617379884035472E-16, -1.000000000000000000, 0.000000000000000000 ) ) ;
#1995 = ADVANCED_FACE ( 'NONE', ( #6015 ), #4500, .F. ) ;
#1996 = DIRECTION ( 'NONE',  ( -0.000000000000000000, 1.000000000000000000, -0.000000000000000000 ) ) ;
#1997 = LINE ( 'NONE', #5836, #2987 ) ;
#1998 = EDGE_CURVE ( 'NONE', #137, #6526, #1095, .T. ) ;
#1999 = DIRECTION ( 'NONE',  ( 0.000000000000000000, 0.000000000000000000, -1.000000000000000000 ) ) ;
#2000 = LINE ( 'NONE', #4222, #8767 ) ;
#2001 = FILL_AREA_STYLE ('',( #1217 ) ) ;
#2002 = PRESENTATION_STYLE_ASSIGNMENT (( #8848 ) ) ;
#2003 = CARTESIAN_POINT ( 'NONE',  ( 3.854214523045582652, -3.000000000000000000, 1.629368919661526860 ) ) ;
#2004 = ORIENTED_EDGE ( 'NONE', *, *, #6790, .T. ) ;
#2005 = VERTEX_POINT ( 'NONE', #5534 ) ;
#2006 = ORIENTED_EDGE ( 'NONE', *, *, #4869, .F. ) ;
#2007 = LINE ( 'NONE', #7161, #524 ) ;
#2008 = FACE_OUTER_BOUND ( 'NONE', #3200, .T. ) ;
#2009 = ADVANCED_FACE ( 'NONE', ( #6250 ), #7669, .F. ) ;
#2010 = ORIENTED_EDGE ( 'NONE', *, *, #6398, .T. ) ;
#2011 = CARTESIAN_POINT ( 'NONE',  ( 2.948972841649584620, -3.010000000000000231, 1.656391076880982860 ) ) ;
#2012 = DIRECTION ( 'NONE',  ( 0.000000000000000000, -0.000000000000000000, 1.000000000000000000 ) ) ;
#2013 = CARTESIAN_POINT ( 'NONE',  ( 1.519999999999999130, -2.449999999999998845, -4.099999999999999645 ) ) ;
#2014 = EDGE_LOOP ( 'NONE', ( #9501, #9551, #4422, #2634 ) ) ;
#2015 = CARTESIAN_POINT ( 'NONE',  ( 3.451410668849840491, -3.010000000000000231, 1.699286499232269820 ) ) ;
#2016 = EDGE_LOOP ( 'NONE', ( #1648, #6785, #52, #2482 ) ) ;
#2017 = CARTESIAN_POINT ( 'NONE',  ( 2.812344132620041126, -3.000000000000000000, 2.048059973275527579 ) ) ;
#2018 = EDGE_LOOP ( 'NONE', ( #274, #1210, #2159, #4644 ) ) ;
#2019 = CARTESIAN_POINT ( 'NONE',  ( 3.781431468903377890, -3.000000000000000000, 2.383398085747336470 ) ) ;
#2020 = EDGE_LOOP ( 'NONE', ( #1304, #1766, #9304, #4000 ) ) ;
#2021 = CARTESIAN_POINT ( 'NONE',  ( 3.786753064537466074, -3.010000000000000231, 1.582375136673234151 ) ) ;
#2022 = CARTESIAN_POINT ( 'NONE',  ( 3.336873556650375772, -3.010000000000000231, 2.383398085747336470 ) ) ;
#2023 = CARTESIAN_POINT ( 'NONE',  ( 3.689981894688174613, -3.000000000000000000, 1.555030322181719660 ) ) ;
#2024 = B_SPLINE_CURVE_WITH_KNOTS ( 'NONE', 3,
 ( #4643, #891, #6820, #171 ),
 .UNSPECIFIED., .F., .F.,
 ( 4, 4 ),
 ( 5.000000000000000000, 6.000000000000000000 ),
 .UNSPECIFIED. ) ;
#2025 = DIRECTION ( 'NONE',  ( 0.000000000000000000, -0.000000000000000000, 1.000000000000000000 ) ) ;
#2026 = DIRECTION ( 'NONE',  ( 1.000000000000000000, 0.000000000000000000, 7.460765693852655228E-14 ) ) ;
#2027 = CARTESIAN_POINT ( 'NONE',  ( 3.460498316779327954, -3.000000000000000000, 1.875308508687755893 ) ) ;
#2028 = FILL_AREA_STYLE_COLOUR ( '', #5174 ) ;
#2029 = DIRECTION ( 'NONE',  ( -0.000000000000000000, 1.000000000000000000, -0.000000000000000000 ) ) ;
#2030 = CARTESIAN_POINT ( 'NONE',  ( 3.822776173449655701, -3.010000000000000231, 2.207376076291855060 ) ) ;
#2031 = ORIENTED_EDGE ( 'NONE', *, *, #9351, .T. ) ;
#2032 = B_SPLINE_CURVE_WITH_KNOTS ( 'NONE', 3,
 ( #9575, #5247, #3722, #1538 ),
 .UNSPECIFIED., .F., .F.,
 ( 4, 4 ),
 ( 16.00000000000000000, 17.00000000000000000 ),
 .UNSPECIFIED. ) ;
#2033 = EDGE_CURVE ( 'NONE', #4286, #3539, #4233, .T. ) ;
#2034 = VERTEX_POINT ( 'NONE', #1050 ) ;
#2035 = CARTESIAN_POINT ( 'NONE',  ( -1.020000000000000906, -2.449999999999998845, -4.099999999999999645 ) ) ;
#2036 = CARTESIAN_POINT ( 'NONE',  ( 3.477527422810591240, -3.000000000000000000, 2.169224329126019146 ) ) ;
#2037 = CARTESIAN_POINT ( 'NONE',  ( 4.338397855100036615, -3.010000000000000231, 1.699286499232271597 ) ) ;
#2038 = DIRECTION ( 'NONE',  ( -0.000000000000000000, 1.000000000000000000, -0.000000000000000000 ) ) ;
#2039 = ORIENTED_EDGE ( 'NONE', *, *, #9176, .T. ) ;
#2040 = CARTESIAN_POINT ( 'NONE',  ( 4.103920164363939804, -3.000000000000000000, 2.346556269815353701 ) ) ;
#2041 = CARTESIAN_POINT ( 'NONE',  ( 4.632559287644243184, -3.010000000000000231, 1.678163858097710959 ) ) ;
#2042 = ADVANCED_FACE ( 'NONE', ( #2778 ), #7722, .F. ) ;
#2043 = EDGE_CURVE ( 'NONE', #427, #7015, #7163, .T. ) ;
#2044 = EDGE_CURVE ( 'NONE', #4252, #8140, #998, .T. ) ;
#2045 = FACE_OUTER_BOUND ( 'NONE', #2177, .T. ) ;
#2046 = ADVANCED_FACE ( 'NONE', ( #7936 ), #1268, .F. ) ;
#2047 = DIRECTION ( 'NONE',  ( -0.000000000000000000, 1.000000000000000000, -0.000000000000000000 ) ) ;
#2048 = EDGE_LOOP ( 'NONE', ( #6118, #3739, #5003, #3467 ) ) ;
#2049 = ORIENTED_EDGE ( 'NONE', *, *, #3863, .F. ) ;
#2050 = CARTESIAN_POINT ( 'NONE',  ( 3.744344040864370893, -3.000000000000000000, 1.563053650984391529 ) ) ;
#2051 =( NAMED_UNIT ( * ) SI_UNIT ( $, .STERADIAN. ) SOLID_ANGLE_UNIT ( ) );
#2052 = ORIENTED_EDGE ( 'NONE', *, *, #8354, .T. ) ;
#2053 = CARTESIAN_POINT ( 'NONE',  ( 3.953687426062375554, -3.010000000000000231, 2.099634232365364284 ) ) ;
#2054 = DIRECTION ( 'NONE',  ( 0.000000000000000000, 0.000000000000000000, 1.000000000000000000 ) ) ;
#2055 = CARTESIAN_POINT ( 'NONE',  ( 4.415274444347737415, -3.010000000000000231, 1.555030322181724767 ) ) ;
#2056 = VECTOR ( 'NONE', #4800, 1000.000000000000000 ) ;
#2057 = CARTESIAN_POINT ( 'NONE',  ( 4.223860742902751042, -3.000000000000000000, 1.699286499232271375 ) ) ;
#2058 = ORIENTED_EDGE ( 'NONE', *, *, #1746, .T. ) ;
#2059 = AXIS2_PLACEMENT_3D ( 'NONE', #3572, #1427, #6548 ) ;
#2060 = ADVANCED_FACE ( 'NONE', ( #8764 ), #5156, .F. ) ;
#2061 = EDGE_CURVE ( 'NONE', #1141, #2950, #1179, .T. ) ;
#2062 = AXIS2_PLACEMENT_3D ( 'NONE', #8329, #8222, #3153 ) ;
#2063 = PRODUCT ( 'PWRM-TH_4P-L11.5-W6.0-P2.54_B1503S', 'PWRM-TH_4P-L11.5-W6.0-P2.54_B1503S', '', ( #5068 ) ) ;
#2064 = MANIFOLD_SOLID_BREP ( 'ÕπÃ®-¿≠…Ï3', #8148 ) ;
#2065 = ORIENTED_EDGE ( 'NONE', *, *, #7527, .T. ) ;
#2066 = VECTOR ( 'NONE', #6974, 1000.000000000000000 ) ;
#2067 = VERTEX_POINT ( 'NONE', #4374 ) ;
#2068 = FACE_OUTER_BOUND ( 'NONE', #9408, .T. ) ;
#2069 = ORIENTED_EDGE ( 'NONE', *, *, #4855, .T. ) ;
#2070 = ORIENTED_EDGE ( 'NONE', *, *, #6659, .F. ) ;
#2071 = B_SPLINE_CURVE_WITH_KNOTS ( 'NONE', 3,
 ( #1454, #3589, #8118, #4372 ),
 .UNSPECIFIED., .F., .F.,
 ( 4, 4 ),
 ( 6.000000000000000000, 7.000000000000000000 ),
 .UNSPECIFIED. ) ;
#2072 = CARTESIAN_POINT ( 'NONE',  ( 4.435414637056361187, -3.010000000000000231, 2.342462734712048356 ) ) ;
#2073 = LINE ( 'NONE', #9411, #6483 ) ;
#2074 = SURFACE_STYLE_USAGE ( .BOTH. , #2835 ) ;
#2075 = VECTOR ( 'NONE', #857, 1000.000000000000000 ) ;
#2076 = B_SPLINE_CURVE_WITH_KNOTS ( 'NONE', 3,
 ( #4469, #2949, #6028, #7589 ),
 .UNSPECIFIED., .F., .F.,
 ( 4, 4 ),
 ( 7.000000000000000000, 8.000000000000000000 ),
 .UNSPECIFIED. ) ;
#2077 = B_SPLINE_SURFACE_WITH_KNOTS ( 'NONE', 3, 1, ( 
 ( #2552, #420 ),
 ( #319, #370 ),
 ( #8392, #1909 ),
 ( #6197, #9262 ),
 ( #3324, #3267 ),
 ( #2642, #3371 ),
 ( #6932, #5525 ) ),
 .UNSPECIFIED., .F., .F., .F.,
 ( 4, 3, 4 ),
 ( 2, 2 ),
 ( 0.000000000000000000, 1.000000000000000000, 2.000000000000000000 ),
 ( 0.000000000000000000, 1.000000000000000000 ),
 .UNSPECIFIED. ) ;
#2078 = VECTOR ( 'NONE', #2115, 1000.000000000000000 ) ;
#2079 = VECTOR ( 'NONE', #55, 1000.000000000000000 ) ;
#2080 = VECTOR ( 'NONE', #6877, 1000.000000000000000 ) ;
#2081 = CARTESIAN_POINT ( 'NONE',  ( 3.520918894909611296, -3.010000000000000231, 2.219656681603968007 ) ) ;
#2082 = CARTESIAN_POINT ( 'NONE',  ( 2.892044212887547872, -3.000000000000000000, 1.870442668909382711 ) ) ;
#2083 = CARTESIAN_POINT ( 'NONE',  ( 4.435414637056361187, -3.000000000000000000, 2.342462734712048356 ) ) ;
#2084 = LINE ( 'NONE', #8837, #8166 ) ;
#2085 = DIRECTION ( 'NONE',  ( -1.000000000000000000, -0.000000000000000000, -0.000000000000000000 ) ) ;
#2087 = CARTESIAN_POINT ( 'NONE',  ( 1.887823236258693527, -3.000000000000000000, 1.467388046760456755 ) ) ;
#2086 = AXIS2_PLACEMENT_3D ( 'NONE', #3307, #969, #2585 ) ;
#2088 = CARTESIAN_POINT ( 'NONE',  ( 2.038114868313409822, -3.010000000000000231, 2.134591601921278503 ) ) ;
#2089 = STYLED_ITEM ( 'NONE', ( #3179 ), #6160 ) ;
#2090 = FILL_AREA_STYLE_COLOUR ( '', #8602 ) ;
#2091 = VECTOR ( 'NONE', #8239, 1000.000000000000000 ) ;
#2092 = UNCERTAINTY_MEASURE_WITH_UNIT (LENGTH_MEASURE( 1.000000000000000082E-05 ), #9560, 'distance_accuracy_value', 'NONE');
#2093 = VECTOR ( 'NONE', #6184, 1000.000000000000000 ) ;
#2094 = VECTOR ( 'NONE', #2962, 999.9999999999998863 ) ;
#2095 = ORIENTED_EDGE ( 'NONE', *, *, #1731, .T. ) ;
#2096 = SURFACE_STYLE_USAGE ( .BOTH. , #717 ) ;
#2097 = DIRECTION ( 'NONE',  ( -7.460765693852656490E-14, 0.000000000000000000, 1.000000000000000000 ) ) ;
#2098 = CARTESIAN_POINT ( 'NONE',  ( 2.302263671026000935, -3.000000000000000000, 1.631342514970889779 ) ) ;
#2099 = CARTESIAN_POINT ( 'NONE',  ( 3.781431468903377890, -3.010000000000000231, 2.383398085747336470 ) ) ;
#2100 = DIRECTION ( 'NONE',  ( 0.000000000000000000, 0.000000000000000000, -1.000000000000000000 ) ) ;
#2101 = ADVANCED_FACE ( 'NONE', ( #2199 ), #8958, .F. ) ;
#2102 =( LENGTH_UNIT ( ) NAMED_UNIT ( * ) SI_UNIT ( .MILLI., .METRE. ) );
#2103 =( LENGTH_UNIT ( ) NAMED_UNIT ( * ) SI_UNIT ( .MILLI., .METRE. ) );
#2104 = VECTOR ( 'NONE', #4517, 1000.000000000000000 ) ;
#2105 = FACE_OUTER_BOUND ( 'NONE', #2338, .T. ) ;
#2106 = ORIENTED_EDGE ( 'NONE', *, *, #7943, .F. ) ;
#2107 = ORIENTED_EDGE ( 'NONE', *, *, #2410, .F. ) ;
#2108 = CARTESIAN_POINT ( 'NONE',  ( 1.723868854915553195, -3.010000000000000231, 1.827177006601269360 ) ) ;
#2109 = VECTOR ( 'NONE', #4568, 1000.000000000000000 ) ;
#2110 = LINE ( 'NONE', #1319, #6759 ) ;
#2111 =( NAMED_UNIT ( * ) SI_UNIT ( $, .STERADIAN. ) SOLID_ANGLE_UNIT ( ) );
#2112 = ORIENTED_EDGE ( 'NONE', *, *, #2931, .T. ) ;
#2113 = DIRECTION ( 'NONE',  ( 4.451381212076075166E-14, -0.000000000000000000, -1.000000000000000000 ) ) ;
#2114 = EDGE_CURVE ( 'NONE', #1413, #7421, #7354, .T. ) ;
#2115 = DIRECTION ( 'NONE',  ( -0.000000000000000000, -0.000000000000000000, 1.000000000000000000 ) ) ;
#2116 = FILL_AREA_STYLE_COLOUR ( '', #6645 ) ;
#2117 = ORIENTED_EDGE ( 'NONE', *, *, #3693, .F. ) ;
#2118 = VECTOR ( 'NONE', #5105, 1000.000000000000000 ) ;
#2119 = ADVANCED_FACE ( 'NONE', ( #9585 ), #1744, .F. ) ;
#2120 = ORIENTED_EDGE ( 'NONE', *, *, #8523, .F. ) ;
#2121 = LINE ( 'NONE', #3563, #1608 ) ;
#2122 = B_SPLINE_CURVE_WITH_KNOTS ( 'NONE', 3,
 ( #8219, #4289, #304, #160 ),
 .UNSPECIFIED., .F., .F.,
 ( 4, 4 ),
 ( 5.000000000000000000, 6.000000000000000000 ),
 .UNSPECIFIED. ) ;
#2123 = ORIENTED_EDGE ( 'NONE', *, *, #4843, .F. ) ;
#2124 = CARTESIAN_POINT ( 'NONE',  ( 3.744589652970312876, -3.000000000000000000, 1.722046554408605656 ) ) ;
#2125 = EDGE_LOOP ( 'NONE', ( #4653, #5640, #7017, #4694 ) ) ;
#2126 = PRESENTATION_STYLE_ASSIGNMENT (( #4152 ) ) ;
#2127 = ORIENTED_EDGE ( 'NONE', *, *, #2529, .F. ) ;
#2128 = EDGE_CURVE ( 'NONE', #5603, #3199, #8074, .T. ) ;
#2129 = CIRCLE ( 'NONE', #5381, 0.2000000000000005107 ) ;
#2130 = PRESENTATION_STYLE_ASSIGNMENT (( #9558 ) ) ;
#2131 = EDGE_CURVE ( 'NONE', #463, #64, #3256, .T. ) ;
#2132 = CARTESIAN_POINT ( 'NONE',  ( 4.258819532687037501, -3.010000000000000231, 2.312661799156795261 ) ) ;
#2133 =( NAMED_UNIT ( * ) SI_UNIT ( $, .STERADIAN. ) SOLID_ANGLE_UNIT ( ) );
#2134 = VECTOR ( 'NONE', #7972, 1000.000000000000000 ) ;
#2135 =( NAMED_UNIT ( * ) SI_UNIT ( $, .STERADIAN. ) SOLID_ANGLE_UNIT ( ) );
#2136 = VERTEX_POINT ( 'NONE', #5935 ) ;
#2137 = DIRECTION ( 'NONE',  ( -1.000000000000000000, -0.000000000000000000, -0.000000000000000000 ) ) ;
#2138 = DIRECTION ( 'NONE',  ( 1.000000000000000000, -0.000000000000000000, -0.000000000000000000 ) ) ;
#2139 = LINE ( 'NONE', #7239, #3975 ) ;
#2140 = CARTESIAN_POINT ( 'NONE',  ( 3.550719830463781701, -3.010000000000000231, 1.599731725512403946 ) ) ;
#2141 = ADVANCED_FACE ( 'NONE', ( #8903 ), #2247, .F. ) ;
#2142 = CARTESIAN_POINT ( 'NONE',  ( 1.974354734605141770, -3.010000000000000231, 1.403627999920574743 ) ) ;
#2143 = CARTESIAN_POINT ( 'NONE',  ( 2.072272002136880786, -3.000000000000000000, 1.540256535218800238 ) ) ;
#2144 = DIRECTION ( 'NONE',  ( -0.000000000000000000, 1.000000000000000000, -0.000000000000000000 ) ) ;
#2145 = VECTOR ( 'NONE', #2682, 1000.000000000000000 ) ;
#2146 = DIRECTION ( 'NONE',  ( -0.3897582650655123659, -0.000000000000000000, -0.9209172030172537715 ) ) ;
#2147 = VERTEX_POINT ( 'NONE', #3009 ) ;
#2148 =( LENGTH_UNIT ( ) NAMED_UNIT ( * ) SI_UNIT ( .MILLI., .METRE. ) );
#2149 = CARTESIAN_POINT ( 'NONE',  ( 4.354771995515470451, -3.000000000000000000, 1.591544655305796141 ) ) ;
#2150 = CARTESIAN_POINT ( 'NONE',  ( -1.020000000000000906, -2.449999999999998845, 0.5000000000000000000 ) ) ;
#2151 = CARTESIAN_POINT ( 'NONE',  ( 4.693798572794323221, -3.000000000000000000, 1.555030322181724767 ) ) ;
#2152 =( NAMED_UNIT ( * ) SI_UNIT ( $, .STERADIAN. ) SOLID_ANGLE_UNIT ( ) );
#2153 = ORIENTED_EDGE ( 'NONE', *, *, #5445, .T. ) ;
#2154 = B_SPLINE_CURVE_WITH_KNOTS ( 'NONE', 3,
 ( #5000, #6779, #2847, #2347 ),
 .UNSPECIFIED., .F., .F.,
 ( 4, 4 ),
 ( 13.00000000000000000, 14.00000000000000000 ),
 .UNSPECIFIED. ) ;
#2155 = ORIENTED_EDGE ( 'NONE', *, *, #1220, .T. ) ;
#2156 = CARTESIAN_POINT ( 'NONE',  ( 1.580408640940868192, -3.010000000000000231, 2.013902796016769692 ) ) ;
#2157 = CARTESIAN_POINT ( 'NONE',  ( 3.887863381597113310, -3.000000000000000000, 1.778864821645272709 ) ) ;
#2158 = CARTESIAN_POINT ( 'NONE',  ( -5.750000000000000000, 3.000000000000000000, 9.799999999999998934 ) ) ;
#2159 = ORIENTED_EDGE ( 'NONE', *, *, #1103, .F. ) ;
#2160 = DIRECTION ( 'NONE',  ( -0.000000000000000000, 1.000000000000000000, -0.000000000000000000 ) ) ;
#2161 = CARTESIAN_POINT ( 'NONE',  ( 3.857653092531977634, -3.000000000000000000, 1.622164297880833717 ) ) ;
#2162 = CARTESIAN_POINT ( 'NONE',  ( 3.295528852104097961, -3.010000000000000231, 1.555030322181716107 ) ) ;
#2163 = LINE ( 'NONE', #3596, #6338 ) ;
#2164 = EDGE_CURVE ( 'NONE', #2871, #9059, #2122, .T. ) ;
#2165 = EDGE_LOOP ( 'NONE', ( #2353, #5879, #3978, #3083 ) ) ;
#2166 = CARTESIAN_POINT ( 'NONE',  ( 4.783365120864023545, -3.010000000000000231, 1.678818823713545738 ) ) ;
#2167 = ORIENTED_EDGE ( 'NONE', *, *, #9296, .F. ) ;
#2168 = SURFACE_STYLE_FILL_AREA ( #1517 ) ;
#2169 = EDGE_LOOP ( 'NONE', ( #5854, #5265, #2854, #2095 ) ) ;
#2170 = ORIENTED_EDGE ( 'NONE', *, *, #5496, .T. ) ;
#2171 = CARTESIAN_POINT ( 'NONE',  ( 4.981983444089699731, -3.010000000000000231, 1.555030322181724767 ) ) ;
#2172 = CARTESIAN_POINT ( 'NONE',  ( 3.851430919175027334, -3.000000000000000000, 1.756432249279040736 ) ) ;
#2173 = CARTESIAN_POINT ( 'NONE',  ( 3.552357244504450229, -3.000000000000000000, 2.128288978090730588 ) ) ;
#2174 = ADVANCED_FACE ( 'NONE', ( #5256 ), #2525, .F. ) ;
#2175 = ADVANCED_FACE ( 'NONE', ( #927 ), #6964, .F. ) ;
#2176 = CARTESIAN_POINT ( 'NONE',  ( 4.627728916223118993, -3.010000000000000231, 1.832899485014656049 ) ) ;
#2177 = EDGE_LOOP ( 'NONE', ( #8717, #7841, #6619, #8241 ) ) ;
#2178 = CARTESIAN_POINT ( 'NONE',  ( 3.717326709180762911, -3.000000000000000000, 2.116008372780791458 ) ) ;
#2179 = CARTESIAN_POINT ( 'NONE',  ( 3.788881702791105699, -3.010000000000000231, 1.709438466288569325 ) ) ;
#2180 = CARTESIAN_POINT ( 'NONE',  ( 3.806402033035329868, -3.010000000000000231, 1.549626855844558726 ) ) ;
#2181 = CARTESIAN_POINT ( 'NONE',  ( 3.717326709180762911, -3.010000000000000231, 2.076382952977158691 ) ) ;
#2182 = CARTESIAN_POINT ( 'NONE',  ( 4.142726877147786091, -3.000000000000000000, 2.099634232365364284 ) ) ;
#2183 = CARTESIAN_POINT ( 'NONE',  ( 2.696209764690269406, -3.010000000000000231, 2.048059973275527579 ) ) ;
#2184 = CARTESIAN_POINT ( 'NONE',  ( 2.573243891816453299, -3.000000000000000000, 1.695102474946761362 ) ) ;
#2185 = EDGE_CURVE ( 'NONE', #9483, #8607, #1652, .T. ) ;
#2186 = UNCERTAINTY_MEASURE_WITH_UNIT (LENGTH_MEASURE( 1.000000000000000082E-05 ), #1606, 'distance_accuracy_value', 'NONE');
#2187 = ORIENTED_EDGE ( 'NONE', *, *, #4792, .T. ) ;
#2188 = DIRECTION ( 'NONE',  ( -0.000000000000000000, -0.000000000000000000, 1.000000000000000000 ) ) ;
#2189 = DIRECTION ( 'NONE',  ( 1.000000000000000000, -0.000000000000000000, -0.000000000000000000 ) ) ;
#2190 = CARTESIAN_POINT ( 'NONE',  ( 4.627728916223118993, -3.000000000000000000, 1.832899485014656049 ) ) ;
#2191 = CARTESIAN_POINT ( 'NONE',  ( 3.919711084702924619, -3.010000000000000231, 1.783777063770560556 ) ) ;
#2192 = CARTESIAN_POINT ( 'NONE',  ( 4.632559287644243184, -3.010000000000000231, 1.758069663320812603 ) ) ;
#2193 = B_SPLINE_CURVE_WITH_KNOTS ( 'NONE', 3,
 ( #9343, #8622, #6293, #6479 ),
 .UNSPECIFIED., .F., .F.,
 ( 4, 4 ),
 ( 2.000000000000000000, 3.000000000000000000 ),
 .UNSPECIFIED. ) ;
#2194 = CARTESIAN_POINT ( 'NONE',  ( 2.611955376748436919, -3.010000000000000231, 1.695102474946761362 ) ) ;
#2195 = ORIENTED_EDGE ( 'NONE', *, *, #5689, .T. ) ;
#2196 = ORIENTED_EDGE ( 'NONE', *, *, #6440, .T. ) ;
#2197 = DIRECTION ( 'NONE',  ( -0.3559357243643020419, -0.000000000000000000, -0.9345104387438696314 ) ) ;
#2198 = CARTESIAN_POINT ( 'NONE',  ( 3.853150203917672378, -3.010000000000000231, 1.789016788703759575 ) ) ;
#2199 = FACE_OUTER_BOUND ( 'NONE', #6866, .T. ) ;
#2200 = ORIENTED_EDGE ( 'NONE', *, *, #1027, .T. ) ;
#2201 = CARTESIAN_POINT ( 'NONE',  ( 2.375132333214557079, -3.000000000000000000, 2.469331826119598006 ) ) ;
#2202 = DIRECTION ( 'NONE',  ( 1.000000000000000000, -0.000000000000000000, -0.000000000000000000 ) ) ;
#2203 = FACE_OUTER_BOUND ( 'NONE', #7937, .T. ) ;
#2204 = FILL_AREA_STYLE_COLOUR ( '', #8192 ) ;
#2205 = EDGE_CURVE ( 'NONE', #9216, #8131, #7487, .T. ) ;
#2206 = CARTESIAN_POINT ( 'NONE',  ( -1.520000000000000906, -2.149999999999999467, 0.5000000000000000000 ) ) ;
#2207 = DIRECTION ( 'NONE',  ( -1.000000000000000000, 0.000000000000000000, 0.000000000000000000 ) ) ;
#2208 = ORIENTED_EDGE ( 'NONE', *, *, #9094, .F. ) ;
#2209 = FACE_OUTER_BOUND ( 'NONE', #8571, .T. ) ;
#2210 = ORIENTED_EDGE ( 'NONE', *, *, #4168, .T. ) ;
#2211 = SURFACE_STYLE_FILL_AREA ( #5171 ) ;
#2212 = ORIENTED_EDGE ( 'NONE', *, *, #9107, .F. ) ;
#2213 = CARTESIAN_POINT ( 'NONE',  ( 3.833664976824861181, -3.000000000000000000, 1.789016788703759575 ) ) ;
#2214 = EDGE_CURVE ( 'NONE', #4320, #6276, #207, .T. ) ;
#2215 = SURFACE_STYLE_FILL_AREA ( #6597 ) ;
#2216 = AXIS2_PLACEMENT_3D ( 'NONE', #1724, #9020, #326 ) ;
#2217 = EDGE_LOOP ( 'NONE', ( #6187, #7760, #1535, #7891, #3415, #1414 ) ) ;
#2218 = FACE_OUTER_BOUND ( 'NONE', #939, .T. ) ;
#2219 = CARTESIAN_POINT ( 'NONE',  ( 3.559999999999998277, -2.149999999999999467, -4.099999999999999645 ) ) ;
#2220 = VERTEX_POINT ( 'NONE', #1752 ) ;
#2221 = EDGE_CURVE ( 'NONE', #9377, #7063, #8605, .T. ) ;
#2222 = CARTESIAN_POINT ( 'NONE',  ( 4.739482424550946149, -3.010000000000000231, 1.555030322181724767 ) ) ;
#2223 = CARTESIAN_POINT ( 'NONE',  ( 3.554567753461150836, -3.010000000000000231, 2.315936627240314571 ) ) ;
#2224 = CARTESIAN_POINT ( 'NONE',  ( 3.564637849815470272, -3.000000000000000000, 1.655403802921366463 ) ) ;
#2225 = EDGE_CURVE ( 'NONE', #3539, #1710, #6227, .T. ) ;
#2226 = CARTESIAN_POINT ( 'NONE',  ( 0.000000000000000000, -2.799999999999999822, 10.00000000000000000 ) ) ;
#2227 = CARTESIAN_POINT ( 'NONE',  ( 4.676032630447437555, -3.000000000000000000, 1.766747957739300379 ) ) ;
#2228 = VECTOR ( 'NONE', #6845, 1000.000000000000000 ) ;
#2229 = VERTEX_POINT ( 'NONE', #1018 ) ;
#2230 = AXIS2_PLACEMENT_3D ( 'NONE', #9371, #9326, #2844 ) ;
#2231 = VECTOR ( 'NONE', #1229, 1000.000000000000000 ) ;
#2232 = ADVANCED_FACE ( 'NONE', ( #9101 ), #1058, .F. ) ;
#2233 = ORIENTED_EDGE ( 'NONE', *, *, #3459, .F. ) ;
#2234 = PRESENTATION_LAYER_ASSIGNMENT (  '', '', ( #7845 ) ) ;
#2235 = FACE_OUTER_BOUND ( 'NONE', #5756, .T. ) ;
#2236 = VECTOR ( 'NONE', #2144, 1000.000000000000000 ) ;
#2237 = CARTESIAN_POINT ( 'NONE',  ( 3.528532870201292138, -3.010000000000000231, 1.767730406165228807 ) ) ;
#2238 = DIRECTION ( 'NONE',  ( 0.000000000000000000, 0.000000000000000000, 1.000000000000000000 ) ) ;
#2239 = EDGE_CURVE ( 'NONE', #4388, #8677, #6856, .T. ) ;
#2240 = CARTESIAN_POINT ( 'NONE',  ( 3.763501785149265810, -3.000000000000000000, 1.675871478440106088 ) ) ;
#2241 = EDGE_CURVE ( 'NONE', #781, #1552, #4580, .T. ) ;
#2242 = AXIS2_PLACEMENT_3D ( 'NONE', #4260, #4313, #2025 ) ;
#2243 = VERTEX_POINT ( 'NONE', #3150 ) ;
#2244 = ORIENTED_EDGE ( 'NONE', *, *, #3701, .F. ) ;
#2245 = CARTESIAN_POINT ( 'NONE',  ( 1.983463349953810351, -3.000000000000000000, 1.679162441519152615 ) ) ;
#2246 = CARTESIAN_POINT ( 'NONE',  ( 3.464428110479771394, -3.010000000000000231, 2.063119899241296462 ) ) ;
#2247 = PLANE ( 'NONE',  #9113 ) ;
#2248 = SURFACE_SIDE_STYLE ('',( #59 ) ) ;
#2249 = CARTESIAN_POINT ( 'NONE',  ( 3.857653092531977634, -3.000000000000000000, 1.613322262056188006 ) ) ;
#2250 = DIRECTION ( 'NONE',  ( 1.000000000000000000, -8.673617379884035472E-16, 0.000000000000000000 ) ) ;
#2251 = AXIS2_PLACEMENT_3D ( 'NONE', #2513, #9081, #1057 ) ;
#2252 = VERTEX_POINT ( 'NONE', #4520 ) ;
#2253 = CARTESIAN_POINT ( 'NONE',  ( 3.666321261788970887, -3.000000000000000000, 2.094558248836125181 ) ) ;
#2254 = ORIENTED_EDGE ( 'NONE', *, *, #6522, .T. ) ;
#2255 = CARTESIAN_POINT ( 'NONE',  ( 3.991839173228208359, -3.010000000000000231, 1.513931229740280493 ) ) ;
#2256 = EDGE_LOOP ( 'NONE', ( #1079, #6935, #3189, #2309 ) ) ;
#2257 = ORIENTED_EDGE ( 'NONE', *, *, #7768, .F. ) ;
#2258 = PRESENTATION_STYLE_ASSIGNMENT (( #700 ) ) ;
#2259 =( LENGTH_UNIT ( ) NAMED_UNIT ( * ) SI_UNIT ( .MILLI., .METRE. ) );
#2260 =( GEOMETRIC_REPRESENTATION_CONTEXT ( 3 ) GLOBAL_UNCERTAINTY_ASSIGNED_CONTEXT ( ( #2851 ) ) GLOBAL_UNIT_ASSIGNED_CONTEXT ( ( #6278, #3249, #1751 ) ) REPRESENTATION_CONTEXT ( 'NONE', 'WORKASPACE' ) );
#2261 = CARTESIAN_POINT ( 'NONE',  ( 4.055534579442018561, -3.000000000000000000, 2.099634232365364284 ) ) ;
#2262 = ORIENTED_EDGE ( 'NONE', *, *, #8832, .T. ) ;
#2263 = EDGE_CURVE ( 'NONE', #3564, #6395, #2433, .T. ) ;
#2264 = AXIS2_PLACEMENT_3D ( 'NONE', #7743, #449, #5692 ) ;
#2265 = ORIENTED_EDGE ( 'NONE', *, *, #5390, .F. ) ;
#2266 = CARTESIAN_POINT ( 'NONE',  ( 1.860497563946187594, -3.010000000000000231, 1.711042595240583886 ) ) ;
#2267 = CARTESIAN_POINT ( 'NONE',  ( 3.336873556650378880, -3.000000000000000000, 2.099634232365364284 ) ) ;
#2268 = ORIENTED_EDGE ( 'NONE', *, *, #9051, .T. ) ;
#2269 = CARTESIAN_POINT ( 'NONE',  ( 4.627728916223118993, -3.000000000000000000, 1.599895466916377851 ) ) ;
#2270 = CARTESIAN_POINT ( 'NONE',  ( 3.717326709180762911, -3.000000000000000000, 2.332474509059698331 ) ) ;
#2271 = CARTESIAN_POINT ( 'NONE',  ( 2.541363911829606081, -3.010000000000000231, 1.663222408093722793 ) ) ;
#2272 = CARTESIAN_POINT ( 'NONE',  ( 3.649865250672663652, -3.000000000000000000, 1.669813046487117258 ) ) ;
#2273 = EDGE_CURVE ( 'NONE', #6570, #788, #6182, .T. ) ;
#2274 = ORIENTED_EDGE ( 'NONE', *, *, #675, .F. ) ;
#2275 = CARTESIAN_POINT ( 'NONE',  ( 3.806402033035329868, -3.000000000000000000, 1.549626855844558726 ) ) ;
#2276 = CARTESIAN_POINT ( 'NONE',  ( -4.060000000000001386, -2.449999999999999289, -4.099999999999999645 ) ) ;
#2277 = CARTESIAN_POINT ( 'NONE',  ( 4.837481654933205810, -3.000000000000000000, 1.834373157650283970 ) ) ;
#2278 = CARTESIAN_POINT ( 'NONE',  ( 4.574021735663827748, -3.000000000000000000, 1.828478467101251725 ) ) ;
#2279 =( LENGTH_UNIT ( ) NAMED_UNIT ( * ) SI_UNIT ( .MILLI., .METRE. ) );
#2280 = EDGE_CURVE ( 'NONE', #874, #4586, #3065, .T. ) ;
#2281 = CARTESIAN_POINT ( 'NONE',  ( 4.035230645327230192, -3.010000000000000231, 1.611521106610473542 ) ) ;
#2282 =( GEOMETRIC_REPRESENTATION_CONTEXT ( 3 ) GLOBAL_UNCERTAINTY_ASSIGNED_CONTEXT ( ( #2092 ) ) GLOBAL_UNIT_ASSIGNED_CONTEXT ( ( #9560, #1562, #4490 ) ) REPRESENTATION_CONTEXT ( 'NONE', 'WORKASPACE' ) );
#2283 = B_SPLINE_SURFACE_WITH_KNOTS ( 'NONE', 3, 1, ( 
 ( #4328, #6615 ),
 ( #5013, #7301 ),
 ( #8754, #7346 ),
 ( #9579, #6471 ) ),
 .UNSPECIFIED., .F., .F., .F.,
 ( 4, 4 ),
 ( 2, 2 ),
 ( 3.000000000000000000, 4.000000000000000000 ),
 ( 0.000000000000000000, 1.000000000000000000 ),
 .UNSPECIFIED. ) ;
#2284 = EDGE_CURVE ( 'NONE', #122, #649, #7216, .T. ) ;
#2285 = EDGE_CURVE ( 'NONE', #2922, #5655, #6037, .T. ) ;
#2286 = VERTEX_POINT ( 'NONE', #3352 ) ;
#2287 = LINE ( 'NONE', #8953, #3157 ) ;
#2288 = CARTESIAN_POINT ( 'NONE',  ( 4.226644346772213012, -3.010000000000000231, 2.107985043975945771 ) ) ;
#2289 = CARTESIAN_POINT ( 'NONE',  ( -1.520000000000000906, -2.449999999999999289, 0.5000000000000000000 ) ) ;
#2290 = DIRECTION ( 'NONE',  ( 0.000000000000000000, 1.000000000000000000, 0.000000000000000000 ) ) ;
#2291 = ORIENTED_EDGE ( 'NONE', *, *, #6031, .T. ) ;
#2292 = CARTESIAN_POINT ( 'NONE',  ( 4.197252764729051400, -3.010000000000000231, 2.133037478809876042 ) ) ;
#2293 = CARTESIAN_POINT ( 'NONE',  ( 1.974354734605141770, -3.010000000000000231, 1.403627999920574743 ) ) ;
#2294 = CARTESIAN_POINT ( 'NONE',  ( 3.582076309356621913, -3.010000000000000231, 1.690935687621695216 ) ) ;
#2295 = VERTEX_POINT ( 'NONE', #5597 ) ;
#2296 = B_SPLINE_CURVE_WITH_KNOTS ( 'NONE', 3,
 ( #8402, #3129, #2271, #6112 ),
 .UNSPECIFIED., .F., .F.,
 ( 4, 4 ),
 ( 27.00000000000000000, 28.00000000000000000 ),
 .UNSPECIFIED. ) ;
#2297 = EDGE_CURVE ( 'NONE', #6138, #1314, #2791, .T. ) ;
#2298 = ORIENTED_EDGE ( 'NONE', *, *, #8883, .F. ) ;
#2299 = CARTESIAN_POINT ( 'NONE',  ( 3.554567753461150836, -3.010000000000000231, 2.315936627240314571 ) ) ;
#2300 = ORIENTED_EDGE ( 'NONE', *, *, #4255, .T. ) ;
#2301 = CARTESIAN_POINT ( 'NONE',  ( 4.598337334179948499, -3.010000000000000231, 1.624947901750299462 ) ) ;
#2302 = VERTEX_POINT ( 'NONE', #451 ) ;
#2303 = DIRECTION ( 'NONE',  ( -0.3559357243698761386, 0.000000000000000000, 0.9345104387417465519 ) ) ;
#2304 = VERTEX_POINT ( 'NONE', #7885 ) ;
#2305 = CARTESIAN_POINT ( 'NONE',  ( 4.489776783231489432, -3.010000000000000231, 2.186908400775306571 ) ) ;
#2306 = CARTESIAN_POINT ( 'NONE',  ( 2.001680537218043288, -3.010000000000000231, 2.280328774284716253 ) ) ;
#2307 = LINE ( 'NONE', #7508, #7971 ) ;
#2308 = LINE ( 'NONE', #8093, #385 ) ;
#2309 = ORIENTED_EDGE ( 'NONE', *, *, #3308, .T. ) ;
#2310 = CARTESIAN_POINT ( 'NONE',  ( 2.074549199407693667, -3.010000000000000231, 1.861334183860016811 ) ) ;
#2311 = CARTESIAN_POINT ( 'NONE',  ( 4.292714003345601270, -3.000000000000000000, 2.063119899241303568 ) ) ;
#2312 = ORIENTED_EDGE ( 'NONE', *, *, #1477, .F. ) ;
#2313 = CARTESIAN_POINT ( 'NONE',  ( 3.847337384070623756, -3.000000000000000000, 1.635099868806588530 ) ) ;
#2314 = CARTESIAN_POINT ( 'NONE',  ( 3.525831137033808016, -3.000000000000000000, 1.567638410299568408 ) ) ;
#2315 = B_SPLINE_CURVE_WITH_KNOTS ( 'NONE', 3,
 ( #2823, #7941, #8770, #8817 ),
 .UNSPECIFIED., .F., .F.,
 ( 4, 4 ),
 ( 7.000000000000000000, 8.000000000000000000 ),
 .UNSPECIFIED. ) ;
#2316 = CARTESIAN_POINT ( 'NONE',  ( 3.898834055674295307, -3.000000000000000000, 1.617252055755535434 ) ) ;
#2317 = DIRECTION ( 'NONE',  ( -0.000000000000000000, -0.000000000000000000, -1.000000000000000000 ) ) ;
#2318 = LINE ( 'NONE', #2272, #3011 ) ;
#2319 = VERTEX_POINT ( 'NONE', #4921 ) ;
#2320 = CARTESIAN_POINT ( 'NONE',  ( 4.292714003345601270, -3.010000000000000231, 2.063119899241303568 ) ) ;
#2321 = CARTESIAN_POINT ( 'NONE',  ( 3.518626515250925735, -3.010000000000000231, 2.101435387811084077 ) ) ;
#2322 = CARTESIAN_POINT ( 'NONE',  ( 3.003624360009190752, -3.000000000000000000, 1.715596816047625373 ) ) ;
#2323 = CARTESIAN_POINT ( 'NONE',  ( 2.101874915153297163, -3.000000000000000000, 2.380523163077156834 ) ) ;
#2324 = CARTESIAN_POINT ( 'NONE',  ( 3.717326709180762911, -3.000000000000000000, 2.332474509059698331 ) ) ;
#2325 = CARTESIAN_POINT ( 'NONE',  ( 4.693798572794323221, -3.010000000000000231, 1.555030322181724767 ) ) ;
#2326 = EDGE_CURVE ( 'NONE', #8312, #1960, #6468, .T. ) ;
#2327 = ORIENTED_EDGE ( 'NONE', *, *, #4180, .T. ) ;
#2328 = ORIENTED_EDGE ( 'NONE', *, *, #1746, .F. ) ;
#2329 = LINE ( 'NONE', #204, #4409 ) ;
#2330 = DIRECTION ( 'NONE',  ( -1.000000000000000000, -0.000000000000000000, -2.103084324595235567E-14 ) ) ;
#2331 = FACE_OUTER_BOUND ( 'NONE', #3225, .T. ) ;
#2332 = DIRECTION ( 'NONE',  ( 0.3667976789509078128, -0.000000000000000000, 0.9303007377811901568 ) ) ;
#2333 = ORIENTED_EDGE ( 'NONE', *, *, #1745, .T. ) ;
#2334 = CARTESIAN_POINT ( 'NONE',  ( 3.785934357516583582, -3.000000000000000000, 1.734818383930410990 ) ) ;
#2335 = ADVANCED_FACE ( 'NONE', ( #8660 ), #9433, .F. ) ;
#2336 = DIRECTION ( 'NONE',  ( -0.000000000000000000, 1.000000000000000000, -0.000000000000000000 ) ) ;
#2337 = EDGE_CURVE ( 'NONE', #7005, #7546, #8555, .T. ) ;
#2338 = EDGE_LOOP ( 'NONE', ( #4834, #5990, #3447, #4199 ) ) ;
#2339 = VERTEX_POINT ( 'NONE', #353 ) ;
#2340 = ORIENTED_EDGE ( 'NONE', *, *, #6631, .F. ) ;
#2341 = DIRECTION ( 'NONE',  ( -0.000000000000000000, 1.000000000000000000, -0.000000000000000000 ) ) ;
#2342 = VERTEX_POINT ( 'NONE', #1215 ) ;
#2343 = EDGE_LOOP ( 'NONE', ( #8512, #2107, #3204, #7710, #1843, #5997, #608, #5861, #3553, #7016, #3170, #8124 ) ) ;
#2344 = FACE_OUTER_BOUND ( 'NONE', #7059, .T. ) ;
#2345 = ORIENTED_EDGE ( 'NONE', *, *, #7564, .F. ) ;
#2346 = CARTESIAN_POINT ( 'NONE',  ( 4.347485503030602771, -3.000000000000000000, 1.875308508687759446 ) ) ;
#2347 = CARTESIAN_POINT ( 'NONE',  ( 3.785934357516583582, -3.000000000000000000, 1.725648865300039914 ) ) ;
#2348 = DIRECTION ( 'NONE',  ( -0.000000000000000000, 1.000000000000000000, -0.000000000000000000 ) ) ;
#2349 = EDGE_CURVE ( 'NONE', #3873, #8424, #8611, .T. ) ;
#2350 = CARTESIAN_POINT ( 'NONE',  ( 4.439835654967591694, -3.010000000000000231, 2.324451180254854421 ) ) ;
#2351 = EDGE_CURVE ( 'NONE', #583, #6042, #7745, .T. ) ;
#2352 = B_SPLINE_SURFACE_WITH_KNOTS ( 'NONE', 3, 1, ( 
 ( #7079, #7711 ),
 ( #4841, #1040 ),
 ( #2458, #9309 ),
 ( #5612, #4145 ) ),
 .UNSPECIFIED., .F., .F., .F.,
 ( 4, 4 ),
 ( 2, 2 ),
 ( 1.000000000000000000, 2.000000000000000000 ),
 ( 0.000000000000000000, 1.000000000000000000 ),
 .UNSPECIFIED. ) ;
#2353 = ORIENTED_EDGE ( 'NONE', *, *, #7513, .F. ) ;
#2354 = DIRECTION ( 'NONE',  ( -0.000000000000000000, -1.000000000000000000, -0.000000000000000000 ) ) ;
#2355 = ORIENTED_EDGE ( 'NONE', *, *, #6970, .F. ) ;
#2356 = CARTESIAN_POINT ( 'NONE',  ( 3.523784369481050227, -3.000000000000000000, 2.341644027690072960 ) ) ;
#2357 = DIRECTION ( 'NONE',  ( 1.624890687905864416E-14, 0.000000000000000000, -1.000000000000000000 ) ) ;
#2358 = ORIENTED_EDGE ( 'NONE', *, *, #7395, .T. ) ;
#2359 = CARTESIAN_POINT ( 'NONE',  ( 2.892044212887547872, -3.010000000000000231, 1.870442668909382711 ) ) ;
#2360 = LINE ( 'NONE', #8249, #3925 ) ;
#2361 = PLANE ( 'NONE',  #2710 ) ;
#2362 = PRESENTATION_LAYER_ASSIGNMENT (  '', '', ( #5470 ) ) ;
#2363 = B_SPLINE_SURFACE_WITH_KNOTS ( 'NONE', 3, 1, ( 
 ( #8492, #1137 ),
 ( #5018, #4102 ),
 ( #3375, #6476 ),
 ( #589, #9484 ) ),
 .UNSPECIFIED., .F., .F., .F.,
 ( 4, 4 ),
 ( 2, 2 ),
 ( 4.000000000000000000, 5.000000000000000000 ),
 ( 0.000000000000000000, 1.000000000000000000 ),
 .UNSPECIFIED. ) ;
#2364 = ORIENTED_EDGE ( 'NONE', *, *, #950, .T. ) ;
#2365 = CIRCLE ( 'NONE', #511, 0.2000000000000005107 ) ;
#2366 = UNCERTAINTY_MEASURE_WITH_UNIT (LENGTH_MEASURE( 1.000000000000000082E-05 ), #8351, 'distance_accuracy_value', 'NONE');
#2367 = VECTOR ( 'NONE', #8420, 999.9999999999998863 ) ;
#2368 = ORIENTED_EDGE ( 'NONE', *, *, #26, .T. ) ;
#2369 = CARTESIAN_POINT ( 'NONE',  ( 3.528532870201292138, -3.010000000000000231, 1.767730406165228807 ) ) ;
#2370 = CARTESIAN_POINT ( 'NONE',  ( 3.894331167059998489, -3.010000000000000231, 1.644924353057164224 ) ) ;
#2371 = PLANE ( 'NONE',  #8116 ) ;
#2373 = CARTESIAN_POINT ( 'NONE',  ( -5.750000000000000000, -3.000000000000000000, 0.000000000000000000 ) ) ;
#2372 = VECTOR ( 'NONE', #8823, 1000.000000000000000 ) ;
#2374 = CARTESIAN_POINT ( 'NONE',  ( 4.456619148892922766, -3.010000000000000231, 1.591544655305799694 ) ) ;
#2375 = B_SPLINE_CURVE_WITH_KNOTS ( 'NONE', 3,
 ( #8100, #3669, #6652, #9612 ),
 .UNSPECIFIED., .F., .F.,
 ( 4, 4 ),
 ( 5.000000000000000000, 6.000000000000000000 ),
 .UNSPECIFIED. ) ;
#2376 =( GEOMETRIC_REPRESENTATION_CONTEXT ( 3 ) GLOBAL_UNCERTAINTY_ASSIGNED_CONTEXT ( ( #5971 ) ) GLOBAL_UNIT_ASSIGNED_CONTEXT ( ( #8400, #906, #6253 ) ) REPRESENTATION_CONTEXT ( 'NONE', 'WORKASPACE' ) );
#2377 = ORIENTED_EDGE ( 'NONE', *, *, #8460, .T. ) ;
#2378 = VECTOR ( 'NONE', #7466, 1000.000000000000000 ) ;
#2379 = PRESENTATION_LAYER_ASSIGNMENT (  '', '', ( #3612 ) ) ;
#2380 = ORIENTED_EDGE ( 'NONE', *, *, #4833, .F. ) ;
#2381 = LINE ( 'NONE', #4631, #5969 ) ;
#2382 = LINE ( 'NONE', #5406, #2104 ) ;
#2383 = ADVANCED_FACE ( 'NONE', ( #540 ), #9201, .F. ) ;
#2384 = DIRECTION ( 'NONE',  ( 1.000000000000000000, 0.000000000000000000, -0.000000000000000000 ) ) ;
#2385 = DIRECTION ( 'NONE',  ( 1.000000000000000000, 0.000000000000000000, 6.455011293317516227E-14 ) ) ;
#2386 = ORIENTED_EDGE ( 'NONE', *, *, #4124, .F. ) ;
#2387 = DIRECTION ( 'NONE',  ( -0.000000000000000000, -0.000000000000000000, 1.000000000000000000 ) ) ;
#2388 = CARTESIAN_POINT ( 'NONE',  ( 3.506182168535952659, -3.000000000000000000, 1.659006113812807603 ) ) ;
#2389 = FACE_OUTER_BOUND ( 'NONE', #7918, .T. ) ;
#2390 = AXIS2_PLACEMENT_3D ( 'NONE', #5566, #3451, #1227 ) ;
#2391 = EDGE_LOOP ( 'NONE', ( #6086, #2786, #6762, #8320 ) ) ;
#2392 = ORIENTED_EDGE ( 'NONE', *, *, #228, .T. ) ;
#2393 = VERTEX_POINT ( 'NONE', #489 ) ;
#2394 = DIRECTION ( 'NONE',  ( -1.000000000000000000, 0.000000000000000000, 0.000000000000000000 ) ) ;
#2395 = EDGE_CURVE ( 'NONE', #4690, #3090, #4530, .T. ) ;
#2396 = VECTOR ( 'NONE', #405, 1000.000000000000000 ) ;
#2397 = PRESENTATION_LAYER_ASSIGNMENT (  '', '', ( #545 ) ) ;
#2398 = VERTEX_POINT ( 'NONE', #403 ) ;
#2399 = ORIENTED_EDGE ( 'NONE', *, *, #4367, .T. ) ;
#2400 = CARTESIAN_POINT ( 'NONE',  ( 2.892044212887547872, -3.000000000000000000, 1.870442668909382711 ) ) ;
#2401 = ORIENTED_EDGE ( 'NONE', *, *, #6929, .F. ) ;
#2402 = CARTESIAN_POINT ( 'NONE',  ( 4.139288307660310196, -3.000000000000000000, 1.783777063770563887 ) ) ;
#2403 = DIRECTION ( 'NONE',  ( 0.000000000000000000, 0.000000000000000000, -1.000000000000000000 ) ) ;
#2404 = SURFACE_SIDE_STYLE ('',( #6681 ) ) ;
#2405 = CARTESIAN_POINT ( 'NONE',  ( 4.693798572794323221, -3.010000000000000231, 1.555030322181724767 ) ) ;
#2406 = COLOUR_RGB ( '',0.6666666666666666297, 0.6666666666666666297, 0.6666666666666666297 ) ;
#2407 = EDGE_CURVE ( 'NONE', #7642, #3562, #6287, .T. ) ;
#2408 = ORIENTED_EDGE ( 'NONE', *, *, #256, .T. ) ;
#2409 = DIRECTION ( 'NONE',  ( -0.000000000000000000, 1.000000000000000000, -0.000000000000000000 ) ) ;
#2410 = EDGE_CURVE ( 'NONE', #5607, #8930, #6280, .T. ) ;
#2411 = ORIENTED_EDGE ( 'NONE', *, *, #8883, .T. ) ;
#2412 = LINE ( 'NONE', #4008, #2971 ) ;
#2413 = CARTESIAN_POINT ( 'NONE',  ( 3.744589652970305771, -3.010000000000000231, 1.742350488521201335 ) ) ;
#2414 = VERTEX_POINT ( 'NONE', #4129 ) ;
#2415 = CARTESIAN_POINT ( 'NONE',  ( -1.520000000000000906, -2.449999999999999289, -4.099999999999999645 ) ) ;
#2416 = AXIS2_PLACEMENT_3D ( 'NONE', #1702, #6076, #3929 ) ;
#2417 = CARTESIAN_POINT ( 'NONE',  ( 3.641841921869984677, -3.000000000000000000, 2.351468511938452188 ) ) ;
#2418 = SURFACE_STYLE_FILL_AREA ( #4660 ) ;
#2419 = DIRECTION ( 'NONE',  ( -0.000000000000000000, -0.000000000000000000, 1.000000000000000000 ) ) ;
#2420 = ORIENTED_EDGE ( 'NONE', *, *, #4543, .T. ) ;
#2421 = VECTOR ( 'NONE', #8513, 1000.000000000000000 ) ;
#2422 = CARTESIAN_POINT ( 'NONE',  ( 4.503367319777459521, -3.010000000000000231, 1.555030322181724767 ) ) ;
#2423 = EDGE_CURVE ( 'NONE', #5020, #8876, #8515, .T. ) ;
#2424 = ORIENTED_EDGE ( 'NONE', *, *, #2875, .F. ) ;
#2425 = CARTESIAN_POINT ( 'NONE',  ( 3.546871907466395690, -3.010000000000000231, 1.631988782129204507 ) ) ;
#2426 = PLANE ( 'NONE',  #9402 ) ;
#2427 = CARTESIAN_POINT ( 'NONE',  ( 3.492919114800077995, -3.000000000000000000, 2.310205678095242465 ) ) ;
#2428 = CARTESIAN_POINT ( 'NONE',  ( 4.783365120864023545, -3.010000000000000231, 1.678818823713545738 ) ) ;
#2429 = DIRECTION ( 'NONE',  ( 1.000000000000000000, -8.673617379884035472E-16, 0.000000000000000000 ) ) ;
#2430 = VECTOR ( 'NONE', #4860, 1000.000000000000000 ) ;
#2431 = LINE ( 'NONE', #5217, #1055 ) ;
#2432 = B_SPLINE_CURVE_WITH_KNOTS ( 'NONE', 3,
 ( #153, #1697, #200, #9616 ),
 .UNSPECIFIED., .F., .F.,
 ( 4, 4 ),
 ( 3.000000000000000000, 4.000000000000000000 ),
 .UNSPECIFIED. ) ;
#2433 = CIRCLE ( 'NONE', #579, 0.1999999999999996503 ) ;
#2434 = ORIENTED_EDGE ( 'NONE', *, *, #4423, .T. ) ;
#2435 = ORIENTED_EDGE ( 'NONE', *, *, #4180, .F. ) ;
#2436 = DIRECTION ( 'NONE',  ( -1.000000000000000000, 0.000000000000000000, 0.000000000000000000 ) ) ;
#2437 = DIRECTION ( 'NONE',  ( -0.000000000000000000, 1.000000000000000000, -0.000000000000000000 ) ) ;
#2438 = CARTESIAN_POINT ( 'NONE',  ( 3.697350257874990831, -3.000000000000000000, 2.384380534173263122 ) ) ;
#2439 = CARTESIAN_POINT ( 'NONE',  ( 2.199792139251945944, -3.010000000000000231, 1.403627999920574743 ) ) ;
#2440 = EDGE_LOOP ( 'NONE', ( #8321, #3016, #1889, #8232 ) ) ;
#2441 = CARTESIAN_POINT ( 'NONE',  ( 1.519999999999999130, -2.449999999999998845, -4.099999999999999645 ) ) ;
#2442 = CARTESIAN_POINT ( 'NONE',  ( 3.506182168535952659, -3.000000000000000000, 1.616269607331789260 ) ) ;
#2443 = B_SPLINE_CURVE_WITH_KNOTS ( 'NONE', 3,
 ( #5090, #7953, #2132, #8007 ),
 .UNSPECIFIED., .F., .F.,
 ( 4, 4 ),
 ( 3.000000000000000000, 4.000000000000000000 ),
 .UNSPECIFIED. ) ;
#2444 = CARTESIAN_POINT ( 'NONE',  ( -5.750000000000000000, 2.799999999999999378, 10.00000000000000000 ) ) ;
#2445 = AXIS2_PLACEMENT_3D ( 'NONE', #4659, #5332, #3086 ) ;
#2446 = EDGE_LOOP ( 'NONE', ( #7539, #7716, #7426, #6718 ) ) ;
#2447 = B_SPLINE_SURFACE_WITH_KNOTS ( 'NONE', 3, 1, ( 
 ( #1764, #8278 ),
 ( #7703, #5416 ),
 ( #3109, #266 ),
 ( #9198, #218 ) ),
 .UNSPECIFIED., .F., .F., .F.,
 ( 4, 4 ),
 ( 2, 2 ),
 ( 4.000000000000000000, 5.000000000000000000 ),
 ( 0.000000000000000000, 1.000000000000000000 ),
 .UNSPECIFIED. ) ;
#2448 = ORIENTED_EDGE ( 'NONE', *, *, #6644, .F. ) ;
#2449 = ORIENTED_EDGE ( 'NONE', *, *, #8711, .T. ) ;
#2450 = DIRECTION ( 'NONE',  ( -0.000000000000000000, 1.000000000000000000, -0.000000000000000000 ) ) ;
#2451 = VECTOR ( 'NONE', #4166, 1000.000000000000000 ) ;
#2452 = DIRECTION ( 'NONE',  ( -3.384756321093094809E-14, 0.000000000000000000, 1.000000000000000000 ) ) ;
#2453 = ORIENTED_EDGE ( 'NONE', *, *, #115, .F. ) ;
#2454 = DIRECTION ( 'NONE',  ( -1.000000000000000000, 0.000000000000000000, -0.000000000000000000 ) ) ;
#2455 = DIRECTION ( 'NONE',  ( 0.000000000000000000, 0.000000000000000000, -1.000000000000000000 ) ) ;
#2456 = CARTESIAN_POINT ( 'NONE',  ( 2.302263671026000935, -3.010000000000000231, 1.654113966477452458 ) ) ;
#2457 = ORIENTED_EDGE ( 'NONE', *, *, #737, .T. ) ;
#2458 = CARTESIAN_POINT ( 'NONE',  ( 3.841852047032582540, -3.010000000000000231, 1.582375136673235927 ) ) ;
#2459 = DIRECTION ( 'NONE',  ( -0.000000000000000000, -0.000000000000000000, 1.000000000000000000 ) ) ;
#2460 = EDGE_CURVE ( 'NONE', #739, #58, #6371, .T. ) ;
#2461 = ORIENTED_EDGE ( 'NONE', *, *, #2128, .F. ) ;
#2462 = EDGE_LOOP ( 'NONE', ( #8070, #8822, #2900, #812 ) ) ;
#2463 = CARTESIAN_POINT ( 'NONE',  ( 3.649865250672663652, -3.010000000000000231, 1.555030322181719660 ) ) ;
#2464 = CARTESIAN_POINT ( 'NONE',  ( 3.538930449364621200, -3.010000000000000231, 1.555685287797550886 ) ) ;
#2465 = ORIENTED_EDGE ( 'NONE', *, *, #91, .F. ) ;
#2466 = SURFACE_SIDE_STYLE ('',( #8499 ) ) ;
#2467 = CARTESIAN_POINT ( 'NONE',  ( 2.807789911811908734, -3.010000000000000231, 2.171025802717343911 ) ) ;
#2468 = DIRECTION ( 'NONE',  ( -0.000000000000000000, 1.000000000000000000, -0.000000000000000000 ) ) ;
#2469 = EDGE_CURVE ( 'NONE', #2490, #4125, #1770, .T. ) ;
#2470 = EDGE_CURVE ( 'NONE', #1453, #7005, #7789, .T. ) ;
#2471 = CARTESIAN_POINT ( 'NONE',  ( -5.750000000000000000, 2.799999999999999378, 9.799999999999998934 ) ) ;
#2472 = EDGE_CURVE ( 'NONE', #7742, #8534, #5469, .T. ) ;
#2473 = EDGE_CURVE ( 'NONE', #8039, #2034, #3678, .T. ) ;
#2474 = CARTESIAN_POINT ( 'NONE',  ( 4.627728916223118993, -3.000000000000000000, 1.599895466916377851 ) ) ;
#2475 = CARTESIAN_POINT ( 'NONE',  ( 3.295528852104097961, -3.000000000000000000, 1.555030322181715885 ) ) ;
#2476 = CARTESIAN_POINT ( 'NONE',  ( 3.554567753461150836, -3.000000000000000000, 2.315936627240314571 ) ) ;
#2477 = LINE ( 'NONE', #1643, #9573 ) ;
#2478 = FILL_AREA_STYLE ('',( #7630 ) ) ;
#2479 = EDGE_CURVE ( 'NONE', #3562, #649, #9576, .T. ) ;
#2480 = EDGE_CURVE ( 'NONE', #1238, #2734, #586, .T. ) ;
#2481 = EDGE_LOOP ( 'NONE', ( #3075, #3439, #5337, #9096 ) ) ;
#2482 = ORIENTED_EDGE ( 'NONE', *, *, #8938, .T. ) ;
#2483 = DIRECTION ( 'NONE',  ( -0.000000000000000000, 1.000000000000000000, 0.000000000000000000 ) ) ;
#2484 = CARTESIAN_POINT ( 'NONE',  ( 3.576099748105616705, -3.010000000000000231, 1.756432249279040736 ) ) ;
#2485 = ORIENTED_EDGE ( 'NONE', *, *, #9018, .T. ) ;
#2486 = LINE ( 'NONE', #6966, #3003 ) ;
#2487 = DIRECTION ( 'NONE',  ( 0.000000000000000000, 0.000000000000000000, -1.000000000000000000 ) ) ;
#2488 = ORIENTED_EDGE ( 'NONE', *, *, #5075, .F. ) ;
#2489 = VERTEX_POINT ( 'NONE', #6517 ) ;
#2490 = VERTEX_POINT ( 'NONE', #4365 ) ;
#2491 = EDGE_LOOP ( 'NONE', ( #2772, #9160, #8685, #1330, #7071, #1264, #5943, #7570, #2681, #2546, #7286, #3246, #3126, #5821, #7148 ) ) ;
#2492 = PLANE ( 'NONE',  #8600 ) ;
#2493 = CARTESIAN_POINT ( 'NONE',  ( 4.220094690607353094, -3.010000000000000231, 2.155142568370377099 ) ) ;
#2494 = ORIENTED_EDGE ( 'NONE', *, *, #6683, .F. ) ;
#2495 = DIRECTION ( 'NONE',  ( 1.000000000000000000, -0.000000000000000000, -0.000000000000000000 ) ) ;
#2496 = ADVANCED_FACE ( 'NONE', ( #8112 ), #7739, .F. ) ;
#2497 = CARTESIAN_POINT ( 'NONE',  ( 2.031283406801365210, -3.010000000000000231, 2.319040237500154422 ) ) ;
#2498 = DIRECTION ( 'NONE',  ( 1.000000000000000000, 0.000000000000000000, 7.460765693852655228E-14 ) ) ;
#2499 = EDGE_LOOP ( 'NONE', ( #8322, #2200, #3941, #4651, #9404, #5365 ) ) ;
#2500 = CARTESIAN_POINT ( 'NONE',  ( 3.528532870201293914, -3.010000000000000231, 1.728759951977420606 ) ) ;
#2501 = DIRECTION ( 'NONE',  ( -0.000000000000000000, 1.000000000000000000, -0.000000000000000000 ) ) ;
#2502 = ORIENTED_EDGE ( 'NONE', *, *, #7395, .F. ) ;
#2503 = DIRECTION ( 'NONE',  ( 0.000000000000000000, -0.000000000000000000, 1.000000000000000000 ) ) ;
#2504 = ORIENTED_EDGE ( 'NONE', *, *, #5200, .T. ) ;
#2505 = CARTESIAN_POINT ( 'NONE',  ( 1.858220344958817494, -3.000000000000000000, 1.558473852782332303 ) ) ;
#2506 = LINE ( 'NONE', #996, #3759 ) ;
#2507 = ORIENTED_EDGE ( 'NONE', *, *, #693, .T. ) ;
#2508 = CARTESIAN_POINT ( 'NONE',  ( 4.414701349431691568, -3.010000000000000231, 2.383398085747344908 ) ) ;
#2509 = EDGE_CURVE ( 'NONE', #7786, #269, #6994, .T. ) ;
#2510 = CARTESIAN_POINT ( 'NONE',  ( 3.030950119187898473, -3.010000000000000231, 2.009348488343536854 ) ) ;
#2511 = DIRECTION ( 'NONE',  ( -0.3559357243698761386, -0.000000000000000000, 0.9345104387417465519 ) ) ;
#2512 = DIRECTION ( 'NONE',  ( -0.000000000000000000, 1.000000000000000000, -0.000000000000000000 ) ) ;
#2513 = CARTESIAN_POINT ( 'NONE',  ( 3.559999999999998277, -2.449999999999999289, -4.099999999999999645 ) ) ;
#2514 = ORIENTED_EDGE ( 'NONE', *, *, #1687, .F. ) ;
#2515 = FACE_OUTER_BOUND ( 'NONE', #8826, .T. ) ;
#2516 = DIRECTION ( 'NONE',  ( -0.000000000000000000, 1.000000000000000000, -0.000000000000000000 ) ) ;
#2517 = ORIENTED_EDGE ( 'NONE', *, *, #4311, .T. ) ;
#2518 = EDGE_CURVE ( 'NONE', #4960, #2917, #6524, .T. ) ;
#2519 = DIRECTION ( 'NONE',  ( 0.3493954794691318533, 0.000000000000000000, -0.9369753459544895025 ) ) ;
#2520 =( GEOMETRIC_REPRESENTATION_CONTEXT ( 3 ) GLOBAL_UNCERTAINTY_ASSIGNED_CONTEXT ( ( #3045 ) ) GLOBAL_UNIT_ASSIGNED_CONTEXT ( ( #1769, #4044, #1228 ) ) REPRESENTATION_CONTEXT ( 'NONE', 'WORKASPACE' ) );
#2521 =( NAMED_UNIT ( * ) PLANE_ANGLE_UNIT ( ) SI_UNIT ( $, .RADIAN. ) );
#2522 = CARTESIAN_POINT ( 'NONE',  ( 4.347485503030602771, -3.000000000000000000, 1.875308508687759446 ) ) ;
#2523 = ORIENTED_EDGE ( 'NONE', *, *, #5848, .T. ) ;
#2524 = EDGE_CURVE ( 'NONE', #6641, #6988, #8256, .T. ) ;
#2525 = B_SPLINE_SURFACE_WITH_KNOTS ( 'NONE', 3, 1, ( 
 ( #259, #6767 ),
 ( #9043, #5409 ),
 ( #2484, #9001 ),
 ( #5452, #6137 ) ),
 .UNSPECIFIED., .F., .F., .F.,
 ( 4, 4 ),
 ( 2, 2 ),
 ( 12.00000000000000000, 13.00000000000000000 ),
 ( 0.000000000000000000, 1.000000000000000000 ),
 .UNSPECIFIED. ) ;
#2526 = ORIENTED_EDGE ( 'NONE', *, *, #6511, .F. ) ;
#2527 = ORIENTED_EDGE ( 'NONE', *, *, #1926, .T. ) ;
#2528 = DIRECTION ( 'NONE',  ( 0.000000000000000000, 0.000000000000000000, -1.000000000000000000 ) ) ;
#2529 = EDGE_CURVE ( 'NONE', #3898, #8428, #767, .T. ) ;
#2530 = CARTESIAN_POINT ( 'NONE',  ( 4.014189874894639409, -3.010000000000000231, 2.063119899241303568 ) ) ;
#2531 = ADVANCED_FACE ( 'NONE', ( #9527 ), #6257, .F. ) ;
#2532 = CARTESIAN_POINT ( 'NONE',  ( 2.302263671026000935, -3.000000000000000000, 1.631342514970890001 ) ) ;
#2533 = CARTESIAN_POINT ( 'NONE',  ( 4.354771995515470451, -3.000000000000000000, 1.555030322181719660 ) ) ;
#2534 = FILL_AREA_STYLE ('',( #3987 ) ) ;
#2535 = CARTESIAN_POINT ( 'NONE',  ( 2.038114868313409822, -3.010000000000000231, 2.134591601921278503 ) ) ;
#2536 = STYLED_ITEM ( 'NONE', ( #3619 ), #8894 ) ;
#2537 = ORIENTED_EDGE ( 'NONE', *, *, #4518, .F. ) ;
#2538 = VECTOR ( 'NONE', #2550, 1000.000000000000000 ) ;
#2539 = EDGE_LOOP ( 'NONE', ( #6442, #9392, #7408, #2399 ) ) ;
#2540 = AXIS2_PLACEMENT_3D ( 'NONE', #3752, #136, #755 ) ;
#2541 = VERTEX_POINT ( 'NONE', #5738 ) ;
#2542 = ORIENTED_EDGE ( 'NONE', *, *, #5941, .T. ) ;
#2543 = SURFACE_SIDE_STYLE ('',( #3942 ) ) ;
#2544 = ADVANCED_FACE ( 'NONE', ( #1402 ), #4278, .F. ) ;
#2545 = VECTOR ( 'NONE', #7600, 1000.000000000000000 ) ;
#2546 = ORIENTED_EDGE ( 'NONE', *, *, #1152, .F. ) ;
#2547 = CARTESIAN_POINT ( 'NONE',  ( 3.525831137033808016, -3.010000000000000231, 1.567638410299568408 ) ) ;
#2548 = VECTOR ( 'NONE', #4887, 1000.000000000000000 ) ;
#2549 =( NAMED_UNIT ( * ) PLANE_ANGLE_UNIT ( ) SI_UNIT ( $, .RADIAN. ) );
#2550 = DIRECTION ( 'NONE',  ( -0.000000000000000000, 1.000000000000000000, -0.000000000000000000 ) ) ;
#2551 = EDGE_LOOP ( 'NONE', ( #2582, #2502, #4590, #1813 ) ) ;
#2552 = CARTESIAN_POINT ( 'NONE',  ( 2.072272002136880786, -3.010000000000000231, 1.540256535218800238 ) ) ;
#2553 = CARTESIAN_POINT ( 'NONE',  ( 3.648800931545840953, -3.010000000000000231, 1.590398465475894030 ) ) ;
#2554 = MECHANICAL_DESIGN_GEOMETRIC_PRESENTATION_REPRESENTATION (  '', ( #9388 ), #544 ) ;
#2555 = ORIENTED_EDGE ( 'NONE', *, *, #750, .F. ) ;
#2556 = LINE ( 'NONE', #8493, #4266 ) ;
#2557 = ORIENTED_EDGE ( 'NONE', *, *, #3822, .T. ) ;
#2558 = DIRECTION ( 'NONE',  ( -0.000000000000000000, 1.000000000000000000, -0.000000000000000000 ) ) ;
#2559 = SURFACE_STYLE_FILL_AREA ( #8397 ) ;
#2560 = ORIENTED_EDGE ( 'NONE', *, *, #4814, .T. ) ;
#2561 = FILL_AREA_STYLE_COLOUR ( '', #3801 ) ;
#2562 = CARTESIAN_POINT ( 'NONE',  ( -3.560000000000000941, -2.449999999999998845, -4.099999999999999645 ) ) ;
#2563 = DIRECTION ( 'NONE',  ( -0.000000000000000000, 1.000000000000000000, -0.000000000000000000 ) ) ;
#2564 = COLOUR_RGB ( '',0.4980392156862745168, 0.4980392156862745168, 0.4980392156862745168 ) ;
#2565 = CARTESIAN_POINT ( 'NONE',  ( 3.336873556650385986, -3.010000000000000231, 1.591544655305791034 ) ) ;
#2566 = VECTOR ( 'NONE', #8042, 1000.000000000000000 ) ;
#2567 = CARTESIAN_POINT ( 'NONE',  ( 2.570966781411831992, -3.000000000000000000, 1.556196655510438731 ) ) ;
#2568 = MECHANICAL_DESIGN_GEOMETRIC_PRESENTATION_REPRESENTATION (  '', ( #9093 ), #2260 ) ;
#2569 = LINE ( 'NONE', #2657, #2732 ) ;
#2570 = CARTESIAN_POINT ( 'NONE',  ( 4.831259481574080361, -3.000000000000000000, 1.811940585284053773 ) ) ;
#2571 = DIRECTION ( 'NONE',  ( -0.000000000000000000, 1.000000000000000000, -0.000000000000000000 ) ) ;
#2572 = DIRECTION ( 'NONE',  ( -0.000000000000000000, 1.000000000000000000, -0.000000000000000000 ) ) ;
#2573 = CARTESIAN_POINT ( 'NONE',  ( 2.892044212887547872, -3.010000000000000231, 1.777079709050886747 ) ) ;
#2574 = VECTOR ( 'NONE', #1943, 1000.000000000000000 ) ;
#2575 = VERTEX_POINT ( 'NONE', #8846 ) ;
#2576 = ADVANCED_FACE ( 'NONE', ( #5784 ), #8752, .F. ) ;
#2577 = DIRECTION ( 'NONE',  ( 1.000000000000000000, -0.000000000000000000, -0.000000000000000000 ) ) ;
#2578 = VERTEX_POINT ( 'NONE', #7682 ) ;
#2579 = VECTOR ( 'NONE', #7772, 1000.000000000000000 ) ;
#2580 = DIRECTION ( 'NONE',  ( -0.000000000000000000, 1.000000000000000000, -0.000000000000000000 ) ) ;
#2581 = CARTESIAN_POINT ( 'NONE',  ( 3.528532870201293914, -3.000000000000000000, 1.728759951977420606 ) ) ;
#2582 = ORIENTED_EDGE ( 'NONE', *, *, #6450, .T. ) ;
#2583 = CARTESIAN_POINT ( 'NONE',  ( 2.550472527177178428, -3.010000000000000231, 1.943311417964140420 ) ) ;
#2584 = CARTESIAN_POINT ( 'NONE',  ( 3.822776173449655701, -3.010000000000000231, 2.244054150819881244 ) ) ;
#2585 = DIRECTION ( 'NONE',  ( 0.000000000000000000, 0.000000000000000000, -1.000000000000000000 ) ) ;
#2586 = EDGE_CURVE ( 'NONE', #3402, #9288, #7586, .T. ) ;
#2587 = EDGE_CURVE ( 'NONE', #2252, #634, #8209, .T. ) ;
#2588 = ORIENTED_EDGE ( 'NONE', *, *, #7705, .T. ) ;
#2589 = MECHANICAL_DESIGN_GEOMETRIC_PRESENTATION_REPRESENTATION (  '', ( #9263 ), #3810 ) ;
#2590 = EDGE_CURVE ( 'NONE', #8639, #6092, #6505, .T. ) ;
#2591 = VERTEX_POINT ( 'NONE', #9091 ) ;
#2592 = ORIENTED_EDGE ( 'NONE', *, *, #8938, .F. ) ;
#2593 = FACE_OUTER_BOUND ( 'NONE', #1282, .T. ) ;
#2594 = EDGE_LOOP ( 'NONE', ( #6415, #5789, #8799, #1122 ) ) ;
#2595 = CARTESIAN_POINT ( 'NONE',  ( 1.976631931875952652, -3.010000000000000231, 1.861334183860016811 ) ) ;
#2596 = VECTOR ( 'NONE', #2348, 1000.000000000000000 ) ;
#2597 = CARTESIAN_POINT ( 'NONE',  ( 3.558497547160498264, -3.000000000000000000, 1.592854586537445050 ) ) ;
#2598 = CARTESIAN_POINT ( 'NONE',  ( 5.550000000000000711, -3.000000000000000000, 0.000000000000000000 ) ) ;
#2599 = ORIENTED_EDGE ( 'NONE', *, *, #3478, .T. ) ;
#2600 = PLANE ( 'NONE',  #4141 ) ;
#2601 = CARTESIAN_POINT ( 'NONE',  ( 4.739482424550946149, -3.010000000000000231, 1.555030322181724767 ) ) ;
#2602 = EDGE_CURVE ( 'NONE', #3564, #5040, #9033, .T. ) ;
#2603 = VECTOR ( 'NONE', #4256, 1000.000000000000000 ) ;
#2604 = B_SPLINE_SURFACE_WITH_KNOTS ( 'NONE', 3, 1, ( 
 ( #6308, #7174 ),
 ( #3468, #6490 ),
 ( #7227, #2738 ),
 ( #4105, #5714 ) ),
 .UNSPECIFIED., .F., .F., .F.,
 ( 4, 4 ),
 ( 2, 2 ),
 ( 18.00000000000000000, 19.00000000000000000 ),
 ( 0.000000000000000000, 1.000000000000000000 ),
 .UNSPECIFIED. ) ;
#2605 = ORIENTED_EDGE ( 'NONE', *, *, #8238, .T. ) ;
#2606 = ORIENTED_EDGE ( 'NONE', *, *, #3511, .T. ) ;
#2607 = CARTESIAN_POINT ( 'NONE',  ( 4.414701349431691568, -3.010000000000000231, 2.383398085747344908 ) ) ;
#2608 = CARTESIAN_POINT ( 'NONE',  ( 3.744589652970312876, -3.000000000000000000, 1.722046554408605656 ) ) ;
#2609 = VERTEX_POINT ( 'NONE', #5344 ) ;
#2610 = CARTESIAN_POINT ( 'NONE',  ( 4.435414637056361187, -3.000000000000000000, 2.342462734712048356 ) ) ;
#2611 = LINE ( 'NONE', #8446, #7412 ) ;
#2612 = CARTESIAN_POINT ( 'NONE',  ( 3.523784369481050227, -3.010000000000000231, 2.341644027690072960 ) ) ;
#2613 = DIRECTION ( 'NONE',  ( 0.000000000000000000, 0.000000000000000000, -1.000000000000000000 ) ) ;
#2614 = SURFACE_STYLE_USAGE ( .BOTH. , #8361 ) ;
#2615 = CARTESIAN_POINT ( 'NONE',  ( 3.336873556650379324, -3.010000000000000231, 1.838466692755763132 ) ) ;
#2616 = CARTESIAN_POINT ( 'NONE',  ( 2.072272002136880786, -3.010000000000000231, 1.717873926451140010 ) ) ;
#2617 = DIRECTION ( 'NONE',  ( 1.000000000000000000, 0.000000000000000000, -0.000000000000000000 ) ) ;
#2618 = CARTESIAN_POINT ( 'NONE',  ( 3.898834055674295307, -3.010000000000000231, 1.596293156024924498 ) ) ;
#2619 = DIRECTION ( 'NONE',  ( 0.000000000000000000, 0.000000000000000000, -1.000000000000000000 ) ) ;
#2620 = DIRECTION ( 'NONE',  ( 0.9306703226357374570, 0.000000000000000000, 0.3658589216693949320 ) ) ;
#2621 = EDGE_LOOP ( 'NONE', ( #680, #5271, #9196, #8695 ) ) ;
#2622 = CARTESIAN_POINT ( 'NONE',  ( 4.009441374174409489, -3.000000000000000000, 1.555521546393599630 ) ) ;
#2623 = CARTESIAN_POINT ( 'NONE',  ( 4.831259481574080361, -3.010000000000000231, 1.811940585284053773 ) ) ;
#2624 = CARTESIAN_POINT ( 'NONE',  ( 3.887863381597113310, -3.010000000000000231, 1.778864821645272709 ) ) ;
#2625 = DIRECTION ( 'NONE',  ( -0.000000000000000000, -0.000000000000000000, -1.000000000000000000 ) ) ;
#2626 = EDGE_CURVE ( 'NONE', #739, #3838, #1008, .T. ) ;
#2627 = SURFACE_SIDE_STYLE ('',( #4785 ) ) ;
#2628 = CARTESIAN_POINT ( 'NONE',  ( 2.573243891816453299, -3.000000000000000000, 1.695102474946761362 ) ) ;
#2629 = DIRECTION ( 'NONE',  ( -0.000000000000000000, -0.000000000000000000, 1.000000000000000000 ) ) ;
#2630 = ORIENTED_EDGE ( 'NONE', *, *, #7405, .T. ) ;
#2631 = B_SPLINE_CURVE_WITH_KNOTS ( 'NONE', 3,
 ( #7336, #666, #5878, #4414 ),
 .UNSPECIFIED., .F., .F.,
 ( 4, 4 ),
 ( 5.000000000000000000, 6.000000000000000000 ),
 .UNSPECIFIED. ) ;
#2632 = ORIENTED_EDGE ( 'NONE', *, *, #2876, .F. ) ;
#2633 = EDGE_CURVE ( 'NONE', #3298, #4, #2477, .T. ) ;
#2634 = ORIENTED_EDGE ( 'NONE', *, *, #9413, .T. ) ;
#2635 = CARTESIAN_POINT ( 'NONE',  ( 1.949306216129249592, -3.000000000000000000, 2.284883060241407193 ) ) ;
#2636 = ORIENTED_EDGE ( 'NONE', *, *, #1437, .T. ) ;
#2637 = CARTESIAN_POINT ( 'NONE',  ( 2.161080654319949890, -3.010000000000000231, 1.581245217420512494 ) ) ;
#2638 = ADVANCED_FACE ( 'NONE', ( #4620 ), #4798, .F. ) ;
#2639 = CARTESIAN_POINT ( 'NONE',  ( 3.576427230913534761, -3.000000000000000000, 1.582538878077187183 ) ) ;
#2640 = CARTESIAN_POINT ( 'NONE',  ( -4.060000000000001386, -2.149999999999999911, 0.5000000000000000000 ) ) ;
#2641 = ORIENTED_EDGE ( 'NONE', *, *, #3523, .F. ) ;
#2642 = CARTESIAN_POINT ( 'NONE',  ( 2.120092058984439198, -3.010000000000000231, 1.717873926451140010 ) ) ;
#2643 = EDGE_CURVE ( 'NONE', #1552, #2541, #809, .T. ) ;
#2644 = VERTEX_POINT ( 'NONE', #6846 ) ;
#2645 = CARTESIAN_POINT ( 'NONE',  ( 2.377409443619169505, -3.010000000000000231, 2.332703117088970490 ) ) ;
#2646 = ORIENTED_EDGE ( 'NONE', *, *, #3348, .F. ) ;
#2647 = SURFACE_STYLE_USAGE ( .BOTH. , #4942 ) ;
#2648 = CARTESIAN_POINT ( 'NONE',  ( 2.807789911811908734, -3.010000000000000231, 2.171025802717343911 ) ) ;
#2649 = ORIENTED_EDGE ( 'NONE', *, *, #7727, .F. ) ;
#2650 = ADVANCED_FACE ( 'NONE', ( #3055 ), #3193, .F. ) ;
#2651 = CARTESIAN_POINT ( 'NONE',  ( 2.948972841649584620, -3.000000000000000000, 1.656391076880982860 ) ) ;
#2652 = ADVANCED_FACE ( 'NONE', ( #5248 ), #9140, .T. ) ;
#2653 = LINE ( 'NONE', #7864, #1503 ) ;
#2654 = DIRECTION ( 'NONE',  ( 0.3493954794691319088, -0.000000000000000000, -0.9369753459544895025 ) ) ;
#2655 = VERTEX_POINT ( 'NONE', #3770 ) ;
#2656 = CARTESIAN_POINT ( 'NONE',  ( 3.577491550041445034, -3.000000000000000000, 1.789016788703759575 ) ) ;
#2657 = CARTESIAN_POINT ( 'NONE',  ( 3.295528852104097961, -3.010000000000000231, 1.875308508687755893 ) ) ;
#2658 = CARTESIAN_POINT ( 'NONE',  ( 4.347485503030602771, -3.010000000000000231, 1.875308508687759446 ) ) ;
#2659 = CARTESIAN_POINT ( 'NONE',  ( 4.627728916223118993, -3.010000000000000231, 1.599895466916377851 ) ) ;
#2660 = CARTESIAN_POINT ( 'NONE',  ( 4.226644346772213012, -3.000000000000000000, 2.340989062074239957 ) ) ;
#2661 = CARTESIAN_POINT ( 'NONE',  ( 4.014189874894639409, -3.010000000000000231, 2.063119899241303568 ) ) ;
#2662 = ORIENTED_EDGE ( 'NONE', *, *, #4657, .T. ) ;
#2663 = CARTESIAN_POINT ( 'NONE',  ( -5.750000000000000000, -3.000000000000000000, 9.799999999999998934 ) ) ;
#2664 = CARTESIAN_POINT ( 'NONE',  ( 4.142726877147786091, -3.000000000000000000, 2.099634232365364284 ) ) ;
#2665 = CARTESIAN_POINT ( 'NONE',  ( -5.249999999999999112, 3.000000000000000000, 0.5000000000000000000 ) ) ;
#2666 = CARTESIAN_POINT ( 'NONE',  ( 2.684824038938080637, -3.010000000000000231, 2.350920271777287685 ) ) ;
#2667 = EDGE_LOOP ( 'NONE', ( #7876, #3638, #1335, #30 ) ) ;
#2668 = CARTESIAN_POINT ( 'NONE',  ( 4.172937166210748394, -3.000000000000000000, 2.336568044163014335 ) ) ;
#2669 = FACE_OUTER_BOUND ( 'NONE', #3561, .T. ) ;
#2670 = FILL_AREA_STYLE ('',( #3358 ) ) ;
#2671 = EDGE_CURVE ( 'NONE', #3829, #7070, #5819, .T. ) ;
#2672 = ORIENTED_EDGE ( 'NONE', *, *, #4547, .T. ) ;
#2673 = ORIENTED_EDGE ( 'NONE', *, *, #1638, .T. ) ;
#2674 = CARTESIAN_POINT ( 'NONE',  ( 3.822776173449655701, -3.000000000000000000, 2.099634232365364284 ) ) ;
#2675 = MECHANICAL_DESIGN_GEOMETRIC_PRESENTATION_REPRESENTATION (  '', ( #8586 ), #5038 ) ;
#2676 = VERTEX_POINT ( 'NONE', #4718 ) ;
#2677 = LINE ( 'NONE', #1322, #7835 ) ;
#2678 = B_SPLINE_SURFACE_WITH_KNOTS ( 'NONE', 3, 1, ( 
 ( #8613, #1895 ),
 ( #3303, #2668 ),
 ( #4175, #7973 ),
 ( #4032, #2040 ) ),
 .UNSPECIFIED., .F., .F., .F.,
 ( 4, 4 ),
 ( 2, 2 ),
 ( 5.000000000000000000, 6.000000000000000000 ),
 ( 0.000000000000000000, 1.000000000000000000 ),
 .UNSPECIFIED. ) ;
#2679 = CARTESIAN_POINT ( 'NONE',  ( 4.103920164363941581, -3.010000000000000231, 2.346556269815353701 ) ) ;
#2680 = CARTESIAN_POINT ( 'NONE',  ( 3.558497547160498264, -3.000000000000000000, 1.592854586537445050 ) ) ;
#2681 = ORIENTED_EDGE ( 'NONE', *, *, #8942, .F. ) ;
#2682 = DIRECTION ( 'NONE',  ( -0.000000000000000000, 1.000000000000000000, -0.000000000000000000 ) ) ;
#2683 = VECTOR ( 'NONE', #8944, 1000.000000000000000 ) ;
#2684 = ADVANCED_FACE ( 'NONE', ( #6756 ), #3296, .F. ) ;
#2685 = VECTOR ( 'NONE', #3578, 1000.000000000000000 ) ;
#2686 = ORIENTED_EDGE ( 'NONE', *, *, #9413, .F. ) ;
#2687 = VECTOR ( 'NONE', #5656, 1000.000000000000000 ) ;
#2688 = B_SPLINE_CURVE_WITH_KNOTS ( 'NONE', 3,
 ( #6351, #5572, #3269, #8533 ),
 .UNSPECIFIED., .F., .F.,
 ( 4, 4 ),
 ( 3.000000000000000000, 4.000000000000000000 ),
 .UNSPECIFIED. ) ;
#2689 = ORIENTED_EDGE ( 'NONE', *, *, #8879, .T. ) ;
#2690 =( NAMED_UNIT ( * ) SI_UNIT ( $, .STERADIAN. ) SOLID_ANGLE_UNIT ( ) );
#2691 = ORIENTED_EDGE ( 'NONE', *, *, #469, .F. ) ;
#2692 = DIRECTION ( 'NONE',  ( 0.000000000000000000, 1.000000000000000000, 0.000000000000000000 ) ) ;
#2693 = ORIENTED_EDGE ( 'NONE', *, *, #7106, .F. ) ;
#2694 = LINE ( 'NONE', #5673, #6243 ) ;
#2695 = CARTESIAN_POINT ( 'NONE',  ( 2.684824038938080637, -3.000000000000000000, 2.350920271777287685 ) ) ;
#2696 = FACE_OUTER_BOUND ( 'NONE', #4879, .T. ) ;
#2697 = EDGE_CURVE ( 'NONE', #4248, #5352, #4650, .T. ) ;
#2698 = AXIS2_PLACEMENT_3D ( 'NONE', #9158, #3844, #7757 ) ;
#2699 = VECTOR ( 'NONE', #3777, 1000.000000000000000 ) ;
#2700 = ADVANCED_FACE ( 'NONE', ( #7536 ), #1934, .T. ) ;
#2701 = CARTESIAN_POINT ( 'NONE',  ( 1.676048732919441564, -3.010000000000000231, 1.667776802633160749 ) ) ;
#2702 = ORIENTED_EDGE ( 'NONE', *, *, #1882, .T. ) ;
#2703 = CARTESIAN_POINT ( 'NONE',  ( 2.625618212905238114, -3.000000000000000000, 1.692825364543246724 ) ) ;
#2704 = CARTESIAN_POINT ( 'NONE',  ( 3.460498316779327954, -3.010000000000000231, 1.838466692755763132 ) ) ;
#2705 = CARTESIAN_POINT ( 'NONE',  ( 3.805337713908514718, -3.000000000000000000, 1.655567544325328155 ) ) ;
#2706 = DIRECTION ( 'NONE',  ( -0.000000000000000000, 1.000000000000000000, -0.000000000000000000 ) ) ;
#2707 = DIRECTION ( 'NONE',  ( -0.000000000000000000, 1.000000000000000000, -0.000000000000000000 ) ) ;
#2708 = CARTESIAN_POINT ( 'NONE',  ( 2.728089744678212636, -3.010000000000000231, 1.692825364543246724 ) ) ;
#2709 = EDGE_LOOP ( 'NONE', ( #5025, #1376, #5222, #8668 ) ) ;
#2710 = AXIS2_PLACEMENT_3D ( 'NONE', #2986, #8104, #8881 ) ;
#2711 = ADVANCED_FACE ( 'NONE', ( #7781 ), #4775, .F. ) ;
#2712 = EDGE_LOOP ( 'NONE', ( #5706, #8964, #5471, #743 ) ) ;
#2713 = LINE ( 'NONE', #2663, #5067 ) ;
#2714 = FACE_OUTER_BOUND ( 'NONE', #667, .T. ) ;
#2715 = CARTESIAN_POINT ( 'NONE',  ( 2.302263671026000935, -3.000000000000000000, 1.638173933049849040 ) ) ;
#2716 = CARTESIAN_POINT ( 'NONE',  ( 2.377409443619169505, -3.010000000000000231, 2.332703117088970490 ) ) ;
#2717 = VERTEX_POINT ( 'NONE', #5544 ) ;
#2718 = CARTESIAN_POINT ( 'NONE',  ( 4.598337334179948499, -3.010000000000000231, 1.624947901750299462 ) ) ;
#2719 = AXIS2_PLACEMENT_3D ( 'NONE', #2809, #7975, #1311 ) ;
#2720 = PLANE ( 'NONE',  #1903 ) ;
#2721 = LINE ( 'NONE', #3000, #4906 ) ;
#2722 = PLANE ( 'NONE',  #8291 ) ;
#2723 = B_SPLINE_CURVE_WITH_KNOTS ( 'NONE', 3,
 ( #9493, #1272, #5078, #2680 ),
 .UNSPECIFIED., .F., .F.,
 ( 4, 4 ),
 ( 2.000000000000000000, 3.000000000000000000 ),
 .UNSPECIFIED. ) ;
#2724 = VERTEX_POINT ( 'NONE', #3429 ) ;
#2725 = CARTESIAN_POINT ( 'NONE',  ( 4.739482424550946149, -3.000000000000000000, 1.555030322181724767 ) ) ;
#2726 = DIRECTION ( 'NONE',  ( 0.000000000000000000, 1.000000000000000000, 0.000000000000000000 ) ) ;
#2727 = VERTEX_POINT ( 'NONE', #9283 ) ;
#2728 = CARTESIAN_POINT ( 'NONE',  ( 3.528532870201292138, -3.010000000000000231, 1.767730406165228807 ) ) ;
#2729 = DIRECTION ( 'NONE',  ( 0.1387416884823060581, 0.000000000000000000, -0.9903286039881301628 ) ) ;
#2730 =( NAMED_UNIT ( * ) PLANE_ANGLE_UNIT ( ) SI_UNIT ( $, .RADIAN. ) );
#2731 = PRESENTATION_STYLE_ASSIGNMENT (( #5079 ) ) ;
#2732 = VECTOR ( 'NONE', #8595, 1000.000000000000000 ) ;
#2733 = EDGE_LOOP ( 'NONE', ( #8699, #6664, #8095, #1949 ) ) ;
#2734 = VERTEX_POINT ( 'NONE', #9327 ) ;
#2735 =( LENGTH_UNIT ( ) NAMED_UNIT ( * ) SI_UNIT ( .MILLI., .METRE. ) );
#2736 = VECTOR ( 'NONE', #4874, 1000.000000000000000 ) ;
#2737 = VERTEX_POINT ( 'NONE', #5490 ) ;
#2738 = CARTESIAN_POINT ( 'NONE',  ( 1.826340386688524164, -3.000000000000000000, 2.148254481510083913 ) ) ;
#2739 = ORIENTED_EDGE ( 'NONE', *, *, #496, .F. ) ;
#2740 = SURFACE_SIDE_STYLE ('',( #4943 ) ) ;
#2741 = EDGE_LOOP ( 'NONE', ( #7320, #3395, #2049, #4205 ) ) ;
#2742 = CARTESIAN_POINT ( 'NONE',  ( 2.894321410158360308, -3.000000000000000000, 1.597185337714328135 ) ) ;
#2743 = CARTESIAN_POINT ( 'NONE',  ( -1.520000000000000906, -2.449999999999999734, 0.5000000000000000000 ) ) ;
#2744 = EDGE_CURVE ( 'NONE', #9059, #1894, #7914, .T. ) ;
#2745 = FACE_OUTER_BOUND ( 'NONE', #4891, .T. ) ;
#2746 = B_SPLINE_CURVE_WITH_KNOTS ( 'NONE', 3,
 ( #9305, #1177, #2637, #8568, #8624, #1905, #466 ),
 .UNSPECIFIED., .F., .F.,
 ( 4, 3, 4 ),
 ( 0.000000000000000000, 1.000000000000000000, 2.000000000000000000 ),
 .UNSPECIFIED. ) ;
#2747 = LINE ( 'NONE', #572, #9534 ) ;
#2748 = B_SPLINE_CURVE_WITH_KNOTS ( 'NONE', 3,
 ( #8657, #1844, #4827, #7149 ),
 .UNSPECIFIED., .F., .F.,
 ( 4, 4 ),
 ( 0.000000000000000000, 1.000000000000000000 ),
 .UNSPECIFIED. ) ;
#2749 = ADVANCED_FACE ( 'NONE', ( #7050 ), #1658, .F. ) ;
#2750 = CARTESIAN_POINT ( 'NONE',  ( 4.226644346772213012, -3.010000000000000231, 2.340989062074239957 ) ) ;
#2751 = EDGE_CURVE ( 'NONE', #5866, #2541, #1988, .T. ) ;
#2752 = CARTESIAN_POINT ( 'NONE',  ( 2.714426908521401227, -3.010000000000000231, 2.048059973275527579 ) ) ;
#2753 = AXIS2_PLACEMENT_3D ( 'NONE', #9424, #2620, #7736 ) ;
#2754 = CARTESIAN_POINT ( 'NONE',  ( 1.951583369965870229, -3.010000000000000231, 2.148254481510083913 ) ) ;
#2755 = B_SPLINE_SURFACE_WITH_KNOTS ( 'NONE', 3, 1, ( 
 ( #6924, #5311 ),
 ( #123, #3073 ),
 ( #6869, #7555 ),
 ( #2301, #3215 ) ),
 .UNSPECIFIED., .F., .F., .F.,
 ( 4, 4 ),
 ( 2, 2 ),
 ( 2.000000000000000000, 3.000000000000000000 ),
 ( 0.000000000000000000, 1.000000000000000000 ),
 .UNSPECIFIED. ) ;
#2756 = CARTESIAN_POINT ( 'NONE',  ( 3.843530396424511775, -3.010000000000000231, 1.554170679809301348 ) ) ;
#2757 = DIRECTION ( 'NONE',  ( 1.000000000000000000, 0.000000000000000000, 0.000000000000000000 ) ) ;
#2758 = ADVANCED_FACE ( 'NONE', ( #8597 ), #885, .F. ) ;
#2759 = CARTESIAN_POINT ( 'NONE',  ( 2.541363911829606081, -3.000000000000000000, 1.624511010027928748 ) ) ;
#2760 = B_SPLINE_CURVE_WITH_KNOTS ( 'NONE', 3,
 ( #3966, #1730, #3808, #908 ),
 .UNSPECIFIED., .F., .F.,
 ( 4, 4 ),
 ( 5.000000000000000000, 6.000000000000000000 ),
 .UNSPECIFIED. ) ;
#2761 = B_SPLINE_SURFACE_WITH_KNOTS ( 'NONE', 3, 1, ( 
 ( #8594, #2703 ),
 ( #1199, #5683 ),
 ( #8643, #7911 ),
 ( #5870, #6739 ) ),
 .UNSPECIFIED., .F., .F., .F.,
 ( 4, 4 ),
 ( 2, 2 ),
 ( 26.00000000000000000, 27.00000000000000000 ),
 ( 0.000000000000000000, 1.000000000000000000 ),
 .UNSPECIFIED. ) ;
#2762 = ORIENTED_EDGE ( 'NONE', *, *, #6427, .T. ) ;
#2763 = CARTESIAN_POINT ( 'NONE',  ( 4.632559287644243184, -3.010000000000000231, 1.718116760709258450 ) ) ;
#2764 = CARTESIAN_POINT ( 'NONE',  ( 2.302263671026000935, -3.000000000000000000, 1.645005351128790982 ) ) ;
#2765 = DIRECTION ( 'NONE',  ( -0.000000000000000000, 1.000000000000000000, -0.000000000000000000 ) ) ;
#2766 = CARTESIAN_POINT ( 'NONE',  ( 3.755969680558477464, -3.000000000000000000, 1.685859704092445677 ) ) ;
#2767 = ADVANCED_FACE ( 'NONE', ( #7001 ), #9447, .F. ) ;
#2768 = DIRECTION ( 'NONE',  ( -1.000000000000000000, 0.000000000000000000, -0.000000000000000000 ) ) ;
#2769 = CARTESIAN_POINT ( 'NONE',  ( 3.854214523045582652, -3.010000000000000231, 1.629368919661526860 ) ) ;
#2770 = ADVANCED_FACE ( 'NONE', ( #5919 ), #7896, .F. ) ;
#2771 = B_SPLINE_CURVE_WITH_KNOTS ( 'NONE', 3,
 ( #3280, #9320, #1056, #1925 ),
 .UNSPECIFIED., .F., .F.,
 ( 4, 4 ),
 ( 5.000000000000000000, 6.000000000000000000 ),
 .UNSPECIFIED. ) ;
#2772 = ORIENTED_EDGE ( 'NONE', *, *, #4657, .F. ) ;
#2773 = ORIENTED_EDGE ( 'NONE', *, *, #6208, .T. ) ;
#2774 = DIRECTION ( 'NONE',  ( -0.9445574604294392218, 0.000000000000000000, -0.3283461648125166055 ) ) ;
#2775 = ORIENTED_EDGE ( 'NONE', *, *, #8165, .T. ) ;
#2776 = VERTEX_POINT ( 'NONE', #4317 ) ;
#2777 = DIRECTION ( 'NONE',  ( -1.000000000000000000, 0.000000000000000000, 0.000000000000000000 ) ) ;
#2778 = FACE_OUTER_BOUND ( 'NONE', #6000, .T. ) ;
#2779 = VERTEX_POINT ( 'NONE', #8878 ) ;
#2780 = PLANE ( 'NONE',  #2848 ) ;
#2781 = CARTESIAN_POINT ( 'NONE',  ( 3.628660738836102073, -3.000000000000000000, 2.057716432904142412 ) ) ;
#2782 = CARTESIAN_POINT ( 'NONE',  ( 3.520918894909611296, -3.010000000000000231, 2.219656681603968007 ) ) ;
#2783 =( NAMED_UNIT ( * ) PLANE_ANGLE_UNIT ( ) SI_UNIT ( $, .RADIAN. ) );
#2784 = EDGE_LOOP ( 'NONE', ( #3328, #4437, #4722, #6429 ) ) ;
#2785 = EDGE_CURVE ( 'NONE', #1269, #6270, #1351, .T. ) ;
#2786 = ORIENTED_EDGE ( 'NONE', *, *, #6545, .F. ) ;
#2787 = ORIENTED_EDGE ( 'NONE', *, *, #6091, .T. ) ;
#2788 = ORIENTED_EDGE ( 'NONE', *, *, #6341, .F. ) ;
#2789 = CARTESIAN_POINT ( 'NONE',  ( -4.447228653561730027, -2.979999999999999982, 1.620995727233065509 ) ) ;
#2790 = CARTESIAN_POINT ( 'NONE',  ( 4.836499206507274273, -3.000000000000000000, 1.834373157650283970 ) ) ;
#2791 = B_SPLINE_CURVE_WITH_KNOTS ( 'NONE', 3,
 ( #4964, #5644, #5696, #2666 ),
 .UNSPECIFIED., .F., .F.,
 ( 4, 4 ),
 ( 0.000000000000000000, 1.000000000000000000 ),
 .UNSPECIFIED. ) ;
#2792 = ORIENTED_EDGE ( 'NONE', *, *, #905, .T. ) ;
#2793 = EDGE_CURVE ( 'NONE', #4984, #4250, #1433, .T. ) ;
#2794 = CYLINDRICAL_SURFACE ( 'NONE', #7514, 0.2000000000000005107 ) ;
#2795 = EDGE_LOOP ( 'NONE', ( #7901, #6224, #1230, #7902, #1816, #3519, #7130 ) ) ;
#2796 = CARTESIAN_POINT ( 'NONE',  ( 3.552357244504450229, -3.010000000000000231, 2.128288978090730588 ) ) ;
#2797 = DIRECTION ( 'NONE',  ( -0.000000000000000000, -0.000000000000000000, 1.000000000000000000 ) ) ;
#2798 = SURFACE_SIDE_STYLE ('',( #1932 ) ) ;
#2799 = CARTESIAN_POINT ( 'NONE',  ( 1.858220344958817494, -3.010000000000000231, 1.558473852782332303 ) ) ;
#2800 = CARTESIAN_POINT ( 'NONE',  ( 4.223860742902751042, -3.010000000000000231, 1.735964573760301111 ) ) ;
#2801 = CARTESIAN_POINT ( 'NONE',  ( 3.935102776692431803, -3.010000000000000231, 1.448434668082941856 ) ) ;
#2802 = ADVANCED_FACE ( 'NONE', ( #620 ), #4355, .F. ) ;
#2803 = ORIENTED_EDGE ( 'NONE', *, *, #5444, .F. ) ;
#2804 = DIRECTION ( 'NONE',  ( -1.000000000000000000, 0.000000000000000000, -0.000000000000000000 ) ) ;
#2805 = CARTESIAN_POINT ( 'NONE',  ( 3.829735183125515530, -3.000000000000000000, 1.756432249279040736 ) ) ;
#2806 = FACE_OUTER_BOUND ( 'NONE', #4778, .T. ) ;
#2807 = CARTESIAN_POINT ( 'NONE',  ( 2.375132333214557079, -3.010000000000000231, 2.469331826119598006 ) ) ;
#2808 = SURFACE_STYLE_USAGE ( .BOTH. , #3634 ) ;
#2809 = CARTESIAN_POINT ( 'NONE',  ( 1.019999999999999130, -2.449999999999999289, -4.099999999999999645 ) ) ;
#2810 = EDGE_LOOP ( 'NONE', ( #8423, #3731, #5904, #1355 ) ) ;
#2811 = ADVANCED_FACE ( 'NONE', ( #6606 ), #9567, .T. ) ;
#2812 = EDGE_CURVE ( 'NONE', #2398, #2814, #8829, .T. ) ;
#2813 = EDGE_CURVE ( 'NONE', #1561, #4312, #1743, .T. ) ;
#2814 = VERTEX_POINT ( 'NONE', #8794 ) ;
#2815 = ORIENTED_EDGE ( 'NONE', *, *, #4907, .T. ) ;
#2816 = CARTESIAN_POINT ( 'NONE',  ( 4.292714003345601270, -3.010000000000000231, 2.063119899241303568 ) ) ;
#2817 = CARTESIAN_POINT ( 'NONE',  ( 1.687434523821276011, -3.000000000000000000, 2.175580088674024637 ) ) ;
#2818 = ORIENTED_EDGE ( 'NONE', *, *, #8858, .T. ) ;
#2819 = CARTESIAN_POINT ( 'NONE',  ( 3.528532870201293914, -3.010000000000000231, 1.728759951977420606 ) ) ;
#2820 = DIRECTION ( 'NONE',  ( -0.000000000000000000, 1.000000000000000000, -0.000000000000000000 ) ) ;
#2821 = DIRECTION ( 'NONE',  ( -0.000000000000000000, 1.000000000000000000, -0.000000000000000000 ) ) ;
#2822 = PRESENTATION_LAYER_ASSIGNMENT (  '', '', ( #7181 ) ) ;
#2823 = CARTESIAN_POINT ( 'NONE',  ( 3.833664976824861181, -3.000000000000000000, 1.789016788703759575 ) ) ;
#2824 = VECTOR ( 'NONE', #6538, 1000.000000000000000 ) ;
#2825 = VECTOR ( 'NONE', #7310, 1000.000000000000000 ) ;
#2826 = EDGE_CURVE ( 'NONE', #1385, #2393, #5728, .T. ) ;
#2827 = ORIENTED_EDGE ( 'NONE', *, *, #4253, .F. ) ;
#2828 = CARTESIAN_POINT ( 'NONE',  ( 3.606719390680655835, -3.010000000000000231, 1.582538878077187183 ) ) ;
#2829 = EDGE_LOOP ( 'NONE', ( #2936, #6676, #8521, #6104 ) ) ;
#2830 = SURFACE_SIDE_STYLE ('',( #2168 ) ) ;
#2831 = ORIENTED_EDGE ( 'NONE', *, *, #5202, .T. ) ;
#2832 =( NAMED_UNIT ( * ) SI_UNIT ( $, .STERADIAN. ) SOLID_ANGLE_UNIT ( ) );
#2833 = FILL_AREA_STYLE_COLOUR ( '', #3433 ) ;
#2834 = SURFACE_STYLE_USAGE ( .BOTH. , #9503 ) ;
#2835 = SURFACE_SIDE_STYLE ('',( #2215 ) ) ;
#2836 = VECTOR ( 'NONE', #5296, 1000.000000000000000 ) ;
#2837 = AXIS2_PLACEMENT_3D ( 'NONE', #6654, #4460, #2940 ) ;
#2838 = CARTESIAN_POINT ( 'NONE',  ( 3.991839173228208359, -3.000000000000000000, 1.513931229740280493 ) ) ;
#2839 = B_SPLINE_CURVE_WITH_KNOTS ( 'NONE', 3,
 ( #6860, #357, #210, #3936 ),
 .UNSPECIFIED., .F., .F.,
 ( 4, 4 ),
 ( 5.000000000000000000, 6.000000000000000000 ),
 .UNSPECIFIED. ) ;
#2840 = EDGE_LOOP ( 'NONE', ( #1908, #2964, #526, #3512 ) ) ;
#2841 = CARTESIAN_POINT ( 'NONE',  ( 3.582076309356621913, -3.010000000000000231, 1.690935687621695216 ) ) ;
#2842 = CARTESIAN_POINT ( 'NONE',  ( 4.105557578407878161, -3.010000000000000231, 2.383398085747340023 ) ) ;
#2843 = CARTESIAN_POINT ( 'NONE',  ( 3.794694522638163203, -3.000000000000000000, 1.704362482761517583 ) ) ;
#2844 = DIRECTION ( 'NONE',  ( 0.000000000000000000, 0.000000000000000000, -1.000000000000000000 ) ) ;
#2846 = CARTESIAN_POINT ( 'NONE',  ( 3.295528852104097961, -3.010000000000000231, 1.875308508687755893 ) ) ;
#2845 = CIRCLE ( 'NONE', #6271, 0.2000000000000005107 ) ;
#2847 = CARTESIAN_POINT ( 'NONE',  ( 3.785934357516583582, -3.000000000000000000, 1.716479346667479478 ) ) ;
#2848 = AXIS2_PLACEMENT_3D ( 'NONE', #7265, #501, #3506 ) ;
#2849 = VECTOR ( 'NONE', #6934, 1000.000000000000000 ) ;
#2850 = B_SPLINE_CURVE_WITH_KNOTS ( 'NONE', 3,
 ( #3574, #1349, #5136, #8645 ),
 .UNSPECIFIED., .F., .F.,
 ( 4, 4 ),
 ( 10.00000000000000000, 11.00000000000000000 ),
 .UNSPECIFIED. ) ;
#2851 = UNCERTAINTY_MEASURE_WITH_UNIT (LENGTH_MEASURE( 1.000000000000000082E-05 ), #6278, 'distance_accuracy_value', 'NONE');
#2852 = VECTOR ( 'NONE', #542, 1000.000000000000000 ) ;
#2853 = VECTOR ( 'NONE', #7029, 1000.000000000000000 ) ;
#2854 = ORIENTED_EDGE ( 'NONE', *, *, #6032, .F. ) ;
#2855 = DIRECTION ( 'NONE',  ( -1.000000000000000000, 0.000000000000000000, -0.000000000000000000 ) ) ;
#2856 = LINE ( 'NONE', #1307, #1910 ) ;
#2857 = CARTESIAN_POINT ( 'NONE',  ( 2.274937955279294322, -3.010000000000000231, 2.469331826119590900 ) ) ;
#2858 = CARTESIAN_POINT ( 'NONE',  ( 4.414701349431693345, -3.000000000000000000, 2.383398085747345352 ) ) ;
#2859 = DIRECTION ( 'NONE',  ( -0.000000000000000000, 1.000000000000000000, -0.000000000000000000 ) ) ;
#2860 = EDGE_CURVE ( 'NONE', #3317, #8424, #660, .T. ) ;
#2861 = VECTOR ( 'NONE', #3716, 1000.000000000000000 ) ;
#2862 = VERTEX_POINT ( 'NONE', #2896 ) ;
#2863 = ORIENTED_EDGE ( 'NONE', *, *, #4802, .F. ) ;
#2864 = ORIENTED_EDGE ( 'NONE', *, *, #7988, .T. ) ;
#2865 = ORIENTED_EDGE ( 'NONE', *, *, #5014, .T. ) ;
#2866 = DIRECTION ( 'NONE',  ( 0.4630180653866968754, 0.000000000000000000, -0.8863488427958602367 ) ) ;
#2867 = AXIS2_PLACEMENT_3D ( 'NONE', #8069, #6563, #4968 ) ;
#2868 = CARTESIAN_POINT ( 'NONE',  ( 3.833664976824861181, -3.010000000000000231, 1.789016788703759575 ) ) ;
#2869 = ADVANCED_FACE ( 'NONE', ( #5874 ), #3452, .F. ) ;
#2870 = CARTESIAN_POINT ( 'NONE',  ( 4.627728916223118993, -3.010000000000000231, 1.832899485014656049 ) ) ;
#2871 = VERTEX_POINT ( 'NONE', #9614 ) ;
#2872 = PRESENTATION_STYLE_ASSIGNMENT (( #3728 ) ) ;
#2873 = CARTESIAN_POINT ( 'NONE',  ( -5.549999999999999822, 0.000000000000000000, 10.00000000000000000 ) ) ;
#2874 = LINE ( 'NONE', #641, #889 ) ;
#2875 = EDGE_CURVE ( 'NONE', #5133, #5458, #712, .T. ) ;
#2876 = EDGE_CURVE ( 'NONE', #8424, #5040, #7187, .T. ) ;
#2877 = EDGE_LOOP ( 'NONE', ( #3404, #981, #1361, #1969 ) ) ;
#2878 = ORIENTED_EDGE ( 'NONE', *, *, #3550, .T. ) ;
#2879 = CARTESIAN_POINT ( 'NONE',  ( 3.606146295766792242, -3.000000000000000000, 2.351468511938452188 ) ) ;
#2880 = ORIENTED_EDGE ( 'NONE', *, *, #7632, .T. ) ;
#2881 = CARTESIAN_POINT ( 'NONE',  ( 4.338397855100036615, -3.010000000000000231, 1.699286499232271597 ) ) ;
#2882 = ORIENTED_EDGE ( 'NONE', *, *, #4610, .F. ) ;
#2883 = CARTESIAN_POINT ( 'NONE',  ( 3.550719830463781701, -3.010000000000000231, 1.599731725512403946 ) ) ;
#2884 = ORIENTED_EDGE ( 'NONE', *, *, #6326, .F. ) ;
#2885 = VECTOR ( 'NONE', #763, 1000.000000000000000 ) ;
#2886 =( LENGTH_UNIT ( ) NAMED_UNIT ( * ) SI_UNIT ( .MILLI., .METRE. ) );
#2887 = CARTESIAN_POINT ( 'NONE',  ( 3.829735183125515530, -3.010000000000000231, 1.756432249279040736 ) ) ;
#2888 = B_SPLINE_CURVE_WITH_KNOTS ( 'NONE', 3,
 ( #4691, #7557, #5370, #2400 ),
 .UNSPECIFIED., .F., .F.,
 ( 4, 4 ),
 ( 23.00000000000000000, 24.00000000000000000 ),
 .UNSPECIFIED. ) ;
#2889 = CARTESIAN_POINT ( 'NONE',  ( 4.016154771744322005, -3.000000000000000000, 1.471685947471138567 ) ) ;
#2890 = EDGE_CURVE ( 'NONE', #4200, #3898, #8740, .T. ) ;
#2891 = LINE ( 'NONE', #2976, #4569 ) ;
#2892 = DIRECTION ( 'NONE',  ( -1.000000000000000000, -0.000000000000000000, -0.000000000000000000 ) ) ;
#2893 = CARTESIAN_POINT ( 'NONE',  ( 3.628660738836102073, -3.000000000000000000, 2.057716432904142412 ) ) ;
#2894 = LINE ( 'NONE', #1984, #1966 ) ;
#2895 =( NAMED_UNIT ( * ) SI_UNIT ( $, .STERADIAN. ) SOLID_ANGLE_UNIT ( ) );
#2896 = CARTESIAN_POINT ( 'NONE',  ( 3.781431468903377890, -3.010000000000000231, 2.063119899241296462 ) ) ;
#2897 = CARTESIAN_POINT ( 'NONE',  ( 4.226644346772213012, -3.010000000000000231, 2.107985043975945771 ) ) ;
#2898 = LINE ( 'NONE', #713, #7382 ) ;
#2899 = VECTOR ( 'NONE', #7145, 1000.000000000000000 ) ;
#2900 = ORIENTED_EDGE ( 'NONE', *, *, #9120, .F. ) ;
#2901 = FILL_AREA_STYLE ('',( #8700 ) ) ;
#2902 = EDGE_CURVE ( 'NONE', #681, #3298, #5387, .T. ) ;
#2903 = FACE_OUTER_BOUND ( 'NONE', #2621, .T. ) ;
#2904 = CARTESIAN_POINT ( 'NONE',  ( 3.693911688387511383, -3.000000000000000000, 2.101762870618999024 ) ) ;
#2905 = CARTESIAN_POINT ( 'NONE',  ( 4.842475767758290139, -3.010000000000000231, 1.811940585284053773 ) ) ;
#2906 = ORIENTED_EDGE ( 'NONE', *, *, #7877, .T. ) ;
#2907 = ORIENTED_EDGE ( 'NONE', *, *, #5777, .T. ) ;
#2908 = CARTESIAN_POINT ( 'NONE',  ( 1.723868854915553195, -3.000000000000000000, 1.827177006601269360 ) ) ;
#2909 = ADVANCED_FACE ( 'NONE', ( #3041 ), #5721, .F. ) ;
#2910 = DIRECTION ( 'NONE',  ( 1.000000000000000000, 0.000000000000000000, -0.000000000000000000 ) ) ;
#2911 = SURFACE_SIDE_STYLE ('',( #8171 ) ) ;
#2912 = ORIENTED_EDGE ( 'NONE', *, *, #7409, .T. ) ;
#2913 = FACE_OUTER_BOUND ( 'NONE', #8765, .T. ) ;
#2914 = DIRECTION ( 'NONE',  ( -1.000000000000000000, 0.000000000000000000, -0.000000000000000000 ) ) ;
#2915 = ORIENTED_EDGE ( 'NONE', *, *, #7715, .T. ) ;
#2916 = ADVANCED_FACE ( 'NONE', ( #9025 ), #9078, .F. ) ;
#2917 = VERTEX_POINT ( 'NONE', #2983 ) ;
#2918 = CARTESIAN_POINT ( 'NONE',  ( 2.696209764690269406, -3.000000000000000000, 2.048059973275527579 ) ) ;
#2919 = EDGE_CURVE ( 'NONE', #1101, #3992, #7878, .T. ) ;
#2920 = ORIENTED_EDGE ( 'NONE', *, *, #8051, .T. ) ;
#2921 = LINE ( 'NONE', #6591, #663 ) ;
#2922 = VERTEX_POINT ( 'NONE', #5282 ) ;
#2923 = CARTESIAN_POINT ( 'NONE',  ( 3.649865250672663652, -3.000000000000000000, 1.737765729206012244 ) ) ;
#2924 = ORIENTED_EDGE ( 'NONE', *, *, #1021, .F. ) ;
#2925 = CARTESIAN_POINT ( 'NONE',  ( 3.855933807788234358, -3.000000000000000000, 1.555685287797550886 ) ) ;
#2926 = DIRECTION ( 'NONE',  ( -0.000000000000000000, 1.000000000000000000, -0.000000000000000000 ) ) ;
#2927 = CARTESIAN_POINT ( 'NONE',  ( 1.726145921885977375, -3.010000000000000231, 1.613125284273559723 ) ) ;
#2928 = EDGE_CURVE ( 'NONE', #5959, #3298, #7619, .T. ) ;
#2929 = ORIENTED_EDGE ( 'NONE', *, *, #7634, .F. ) ;
#2930 = CARTESIAN_POINT ( 'NONE',  ( 3.717326709180762911, -3.000000000000000000, 2.375702239752584433 ) ) ;
#2931 = EDGE_CURVE ( 'NONE', #213, #913, #3185, .T. ) ;
#2932 = EDGE_CURVE ( 'NONE', #6270, #7015, #907, .T. ) ;
#2933 = ORIENTED_EDGE ( 'NONE', *, *, #3837, .F. ) ;
#2934 = CARTESIAN_POINT ( 'NONE',  ( 3.518626515250925735, -3.010000000000000231, 2.101435387811084077 ) ) ;
#2935 = FACE_OUTER_BOUND ( 'NONE', #5791, .T. ) ;
#2936 = ORIENTED_EDGE ( 'NONE', *, *, #1477, .T. ) ;
#2937 = CARTESIAN_POINT ( 'NONE',  ( 3.840460245096757319, -3.000000000000000000, 1.640830817951665965 ) ) ;
#2938 = CARTESIAN_POINT ( 'NONE',  ( 4.839282810376748678, -3.000000000000000000, 1.823729966382111378 ) ) ;
#2939 = DIRECTION ( 'NONE',  ( -0.000000000000000000, 1.000000000000000000, -0.000000000000000000 ) ) ;
#2940 = DIRECTION ( 'NONE',  ( 0.000000000000000000, 0.000000000000000000, 1.000000000000000000 ) ) ;
#2941 = DIRECTION ( 'NONE',  ( -0.5048830486499527037, 0.000000000000000000, 0.8631877589411989238 ) ) ;
#2942 = UNCERTAINTY_MEASURE_WITH_UNIT (LENGTH_MEASURE( 1.000000000000000082E-05 ), #4053, 'distance_accuracy_value', 'NONE');
#2943 = ORIENTED_EDGE ( 'NONE', *, *, #9390, .T. ) ;
#2944 =( NAMED_UNIT ( * ) PLANE_ANGLE_UNIT ( ) SI_UNIT ( $, .RADIAN. ) );
#2945 = LINE ( 'NONE', #1641, #7538 ) ;
#2946 = SURFACE_STYLE_USAGE ( .BOTH. , #6755 ) ;
#2947 = CARTESIAN_POINT ( 'NONE',  ( 3.460498316779327954, -3.000000000000000000, 1.838466692755763132 ) ) ;
#2948 = CARTESIAN_POINT ( 'NONE',  ( 3.744344040864370893, -3.000000000000000000, 1.604480226231550954 ) ) ;
#2949 = CARTESIAN_POINT ( 'NONE',  ( 1.580408640940868192, -3.000000000000000000, 1.824899765898445159 ) ) ;
#2950 = VERTEX_POINT ( 'NONE', #6889 ) ;
#2951 = EDGE_LOOP ( 'NONE', ( #419, #3692, #5679, #124 ) ) ;
#2952 = CARTESIAN_POINT ( 'NONE',  ( 1.983463349953810351, -3.000000000000000000, 1.578968020150794516 ) ) ;
#2953 = ORIENTED_EDGE ( 'NONE', *, *, #5142, .T. ) ;
#2954 = LINE ( 'NONE', #5847, #7214 ) ;
#2955 = DIRECTION ( 'NONE',  ( 1.000000000000000000, -0.000000000000000000, 0.000000000000000000 ) ) ;
#2956 = CARTESIAN_POINT ( 'NONE',  ( 4.890861352684582997, -3.010000000000000231, 1.678818823713545738 ) ) ;
#2957 = SURFACE_STYLE_FILL_AREA ( #9142 ) ;
#2958 = B_SPLINE_SURFACE_WITH_KNOTS ( 'NONE', 3, 1, ( 
 ( #162, #3252 ),
 ( #9189, #3102 ),
 ( #9044, #5507 ),
 ( #8468, #8328 ) ),
 .UNSPECIFIED., .F., .F., .F.,
 ( 4, 4 ),
 ( 2, 2 ),
 ( 5.000000000000000000, 6.000000000000000000 ),
 ( 0.000000000000000000, 1.000000000000000000 ),
 .UNSPECIFIED. ) ;
#2959 = EDGE_CURVE ( 'NONE', #2591, #866, #3812, .T. ) ;
#2960 = ORIENTED_EDGE ( 'NONE', *, *, #2273, .F. ) ;
#2961 = ORIENTED_EDGE ( 'NONE', *, *, #2297, .T. ) ;
#2962 = DIRECTION ( 'NONE',  ( -0.3559357243643161417, -0.000000000000000000, 0.9345104387438643023 ) ) ;
#2963 = COLOUR_RGB ( '',0.2980392156862745057, 0.2980392156862745057, 0.2980392156862745057 ) ;
#2964 = ORIENTED_EDGE ( 'NONE', *, *, #3047, .F. ) ;
#2965 = FILL_AREA_STYLE_COLOUR ( '', #1123 ) ;
#2966 = EDGE_LOOP ( 'NONE', ( #5913, #8011, #3251, #2788, #514, #5178, #6008, #4187 ) ) ;
#2967 = CARTESIAN_POINT ( 'NONE',  ( 3.744589652970312876, -3.000000000000000000, 1.722046554408605656 ) ) ;
#2968 = EDGE_LOOP ( 'NONE', ( #2312, #7495, #9157, #3694, #7462, #283, #2929 ) ) ;
#2969 = CARTESIAN_POINT ( 'NONE',  ( 4.231474718195512352, -3.010000000000000231, 2.266159240380387629 ) ) ;
#2970 = VERTEX_POINT ( 'NONE', #2316 ) ;
#2971 = VECTOR ( 'NONE', #135, 1000.000000000000000 ) ;
#2972 = DIRECTION ( 'NONE',  ( -0.000000000000000000, 1.000000000000000000, -0.000000000000000000 ) ) ;
#2973 = EDGE_CURVE ( 'NONE', #1480, #9406, #5347, .T. ) ;
#2974 = VECTOR ( 'NONE', #7925, 1000.000000000000000 ) ;
#2975 = VECTOR ( 'NONE', #9072, 1000.000000000000000 ) ;
#2976 = CARTESIAN_POINT ( 'NONE',  ( 3.755969680558477464, -3.010000000000000231, 1.685859704092445677 ) ) ;
#2977 = ORIENTED_EDGE ( 'NONE', *, *, #7445, .T. ) ;
#2978 = CARTESIAN_POINT ( 'NONE',  ( 4.770265808529932983, -3.000000000000000000, 1.642631973397385758 ) ) ;
#2979 = CARTESIAN_POINT ( 'NONE',  ( 3.785934357516583582, -3.010000000000000231, 1.716479346667479478 ) ) ;
#2980 = ORIENTED_EDGE ( 'NONE', *, *, #4478, .T. ) ;
#2981 =( NAMED_UNIT ( * ) PLANE_ANGLE_UNIT ( ) SI_UNIT ( $, .RADIAN. ) );
#2982 = PRESENTATION_LAYER_ASSIGNMENT (  '', '', ( #4721 ) ) ;
#2983 = CARTESIAN_POINT ( 'NONE',  ( 2.377409443619169505, -3.010000000000000231, 2.332703117088970490 ) ) ;
#2984 = EDGE_CURVE ( 'NONE', #1378, #369, #6059, .T. ) ;
#2985 = DIRECTION ( 'NONE',  ( -0.000000000000000000, 1.000000000000000000, -0.000000000000000000 ) ) ;
#2986 = CARTESIAN_POINT ( 'NONE',  ( 3.946400933578616321, -3.010000000000000231, 2.346556269815353701 ) ) ;
#2987 = VECTOR ( 'NONE', #7970, 1000.000000000000114 ) ;
#2988 = EDGE_CURVE ( 'NONE', #8230, #7852, #8305, .T. ) ;
#2989 = CIRCLE ( 'NONE', #224, 0.4655872561384367669 ) ;
#2990 = EDGE_CURVE ( 'NONE', #4603, #9154, #8248, .T. ) ;
#2991 = VECTOR ( 'NONE', #76, 1000.000000000000000 ) ;
#2992 = ORIENTED_EDGE ( 'NONE', *, *, #1394, .F. ) ;
#2993 = CARTESIAN_POINT ( 'NONE',  ( 3.782659529434163836, -3.000000000000000000, 1.549626855844558726 ) ) ;
#2994 = VECTOR ( 'NONE', #5707, 1000.000000000000000 ) ;
#2995 = DIRECTION ( 'NONE',  ( -1.000000000000000000, 0.000000000000000000, -0.000000000000000000 ) ) ;
#2996 = DIRECTION ( 'NONE',  ( 1.000000000000000000, 0.000000000000000000, 0.000000000000000000 ) ) ;
#2997 = VECTOR ( 'NONE', #8869, 1000.000000000000000 ) ;
#2998 = CARTESIAN_POINT ( 'NONE',  ( 2.375132333214557079, -3.000000000000000000, 2.469331826119598006 ) ) ;
#2999 = FACE_OUTER_BOUND ( 'NONE', #8898, .T. ) ;
#3000 = CARTESIAN_POINT ( 'NONE',  ( 3.829735183125515530, -3.010000000000000231, 1.756432249279040736 ) ) ;
#3001 = B_SPLINE_CURVE_WITH_KNOTS ( 'NONE', 3,
 ( #1190, #8728, #1975, #5813 ),
 .UNSPECIFIED., .F., .F.,
 ( 4, 4 ),
 ( 0.000000000000000000, 1.000000000000000000 ),
 .UNSPECIFIED. ) ;
#3002 = EDGE_CURVE ( 'NONE', #1044, #6463, #5237, .T. ) ;
#3003 = VECTOR ( 'NONE', #306, 1000.000000000000000 ) ;
#3004 = EDGE_LOOP ( 'NONE', ( #7892, #4791, #5513, #4174 ) ) ;
#3005 = VERTEX_POINT ( 'NONE', #6111 ) ;
#3006 = LINE ( 'NONE', #8373, #8294 ) ;
#3007 = CARTESIAN_POINT ( 'NONE',  ( 4.059999999999998721, -2.449999999999998845, -4.099999999999999645 ) ) ;
#3008 = FACE_OUTER_BOUND ( 'NONE', #8251, .T. ) ;
#3009 = CARTESIAN_POINT ( 'NONE',  ( 2.625618212905238114, -3.010000000000000231, 1.692825364543246724 ) ) ;
#3010 =( NAMED_UNIT ( * ) PLANE_ANGLE_UNIT ( ) SI_UNIT ( $, .RADIAN. ) );
#3011 = VECTOR ( 'NONE', #4503, 1000.000000000000227 ) ;
#3012 = FACE_BOUND ( 'NONE', #2491, .T. ) ;
#3013 = SURFACE_STYLE_USAGE ( .BOTH. , #7490 ) ;
#3014 = VECTOR ( 'NONE', #2409, 1000.000000000000000 ) ;
#3015 = VECTOR ( 'NONE', #8762, 1000.000000000000000 ) ;
#3016 = ORIENTED_EDGE ( 'NONE', *, *, #7814, .F. ) ;
#3017 = ORIENTED_EDGE ( 'NONE', *, *, #9182, .T. ) ;
#3018 = CARTESIAN_POINT ( 'NONE',  ( 3.634637300087105949, -3.010000000000000231, 2.094558248836125181 ) ) ;
#3019 = CARTESIAN_POINT ( 'NONE',  ( 1.860497563946187594, -3.000000000000000000, 1.711042595240583886 ) ) ;
#3020 = ORIENTED_EDGE ( 'NONE', *, *, #8812, .F. ) ;
#3021 = ORIENTED_EDGE ( 'NONE', *, *, #4439, .T. ) ;
#3022 = CARTESIAN_POINT ( 'NONE',  ( 4.105557578407878161, -3.010000000000000231, 2.383398085747340023 ) ) ;
#3023 = ORIENTED_EDGE ( 'NONE', *, *, #4310, .F. ) ;
#3024 = PRESENTATION_STYLE_ASSIGNMENT (( #8187 ) ) ;
#3025 = FACE_OUTER_BOUND ( 'NONE', #6329, .T. ) ;
#3026 = FACE_OUTER_BOUND ( 'NONE', #4061, .T. ) ;
#3027 = ORIENTED_EDGE ( 'NONE', *, *, #8818, .F. ) ;
#3028 =( NAMED_UNIT ( * ) SI_UNIT ( $, .STERADIAN. ) SOLID_ANGLE_UNIT ( ) );
#3029 = VECTOR ( 'NONE', #5292, 1000.000000000000000 ) ;
#3030 = DIRECTION ( 'NONE',  ( 0.000000000000000000, 0.000000000000000000, 1.000000000000000000 ) ) ;
#3031 = VERTEX_POINT ( 'NONE', #6695 ) ;
#3032 = DIRECTION ( 'NONE',  ( 1.000000000000000000, 0.000000000000000000, 0.000000000000000000 ) ) ;
#3033 = STYLED_ITEM ( 'NONE', ( #351 ), #1372 ) ;
#3034 = ORIENTED_EDGE ( 'NONE', *, *, #9532, .T. ) ;
#3035 = DIRECTION ( 'NONE',  ( 1.000000000000000000, -0.000000000000000000, 4.336808689942006692E-15 ) ) ;
#3036 = CARTESIAN_POINT ( 'NONE',  ( 3.810331826734680849, -3.000000000000000000, 1.582375136673235927 ) ) ;
#3037 = ORIENTED_EDGE ( 'NONE', *, *, #4223, .T. ) ;
#3038 = DIRECTION ( 'NONE',  ( -8.673617379884035472E-16, 1.000000000000000000, 0.000000000000000000 ) ) ;
#3039 = EDGE_CURVE ( 'NONE', #1191, #4928, #7784, .T. ) ;
#3040 = CARTESIAN_POINT ( 'NONE',  ( 3.557515098735669845, -3.000000000000000000, 1.648526663946418003 ) ) ;
#3041 = FACE_OUTER_BOUND ( 'NONE', #8133, .T. ) ;
#3042 = CARTESIAN_POINT ( 'NONE',  ( -5.750000000000000000, -3.000000000000000000, 10.00000000000000000 ) ) ;
#3043 = DIRECTION ( 'NONE',  ( -0.3897582650655124215, 0.000000000000000000, -0.9209172030172537715 ) ) ;
#3044 = PRESENTATION_LAYER_ASSIGNMENT (  '', '', ( #7397 ) ) ;
#3045 = UNCERTAINTY_MEASURE_WITH_UNIT (LENGTH_MEASURE( 1.000000000000000082E-05 ), #1769, 'distance_accuracy_value', 'NONE');
#3046 = EDGE_CURVE ( 'NONE', #22, #681, #8201, .T. ) ;
#3047 = EDGE_CURVE ( 'NONE', #1060, #5554, #8500, .T. ) ;
#3048 = ORIENTED_EDGE ( 'NONE', *, *, #6212, .F. ) ;
#3049 = FACE_OUTER_BOUND ( 'NONE', #460, .T. ) ;
#3050 = EDGE_CURVE ( 'NONE', #3403, #1418, #6973, .T. ) ;
#3051 = DIRECTION ( 'NONE',  ( -0.000000000000000000, 1.000000000000000000, -0.000000000000000000 ) ) ;
#3052 =( NAMED_UNIT ( * ) PLANE_ANGLE_UNIT ( ) SI_UNIT ( $, .RADIAN. ) );
#3053 = EDGE_CURVE ( 'NONE', #3402, #5607, #1832, .T. ) ;
#3054 = B_SPLINE_SURFACE_WITH_KNOTS ( 'NONE', 3, 1, ( 
 ( #7761, #7803 ),
 ( #7025, #1822 ),
 ( #9117, #8487 ),
 ( #4805, #8572 ) ),
 .UNSPECIFIED., .F., .F., .F.,
 ( 4, 4 ),
 ( 2, 2 ),
 ( 0.000000000000000000, 1.000000000000000000 ),
 ( 0.000000000000000000, 1.000000000000000000 ),
 .UNSPECIFIED. ) ;
#3055 = FACE_OUTER_BOUND ( 'NONE', #6249, .T. ) ;
#3056 = CARTESIAN_POINT ( 'NONE',  ( 3.641841921869984677, -3.000000000000000000, 2.351468511938452188 ) ) ;
#3057 = CARTESIAN_POINT ( 'NONE',  ( 4.182516038355383436, -3.010000000000000231, 1.555030322181719660 ) ) ;
#3058 =( GEOMETRIC_REPRESENTATION_CONTEXT ( 3 ) GLOBAL_UNCERTAINTY_ASSIGNED_CONTEXT ( ( #4613 ) ) GLOBAL_UNIT_ASSIGNED_CONTEXT ( ( #2259, #4448, #3028 ) ) REPRESENTATION_CONTEXT ( 'NONE', 'WORKASPACE' ) );
#3059 = VERTEX_POINT ( 'NONE', #1924 ) ;
#3060 = DIRECTION ( 'NONE',  ( -0.000000000000000000, 1.000000000000000000, -0.000000000000000000 ) ) ;
#3061 = CARTESIAN_POINT ( 'NONE',  ( 3.566193393155260516, -3.000000000000000000, 1.585977447564666631 ) ) ;
#3062 = EDGE_CURVE ( 'NONE', #6307, #6684, #2611, .T. ) ;
#3063 = CARTESIAN_POINT ( 'NONE',  ( 3.871161758373776518, -3.010000000000000231, 1.785741960620231605 ) ) ;
#3064 = ADVANCED_FACE ( 'NONE', ( #4108 ), #7478, .T. ) ;
#3065 = LINE ( 'NONE', #7545, #6322 ) ;
#3066 = CARTESIAN_POINT ( 'NONE',  ( 3.840460245096757319, -3.010000000000000231, 1.640830817951665965 ) ) ;
#3067 = CARTESIAN_POINT ( 'NONE',  ( 3.806402033035329868, -3.010000000000000231, 1.549626855844558726 ) ) ;
#3068 = B_SPLINE_CURVE_WITH_KNOTS ( 'NONE', 3,
 ( #5421, #8390, #1716, #1963 ),
 .UNSPECIFIED., .F., .F.,
 ( 4, 4 ),
 ( 11.00000000000000000, 12.00000000000000000 ),
 .UNSPECIFIED. ) ;
#3069 = ORIENTED_EDGE ( 'NONE', *, *, #8474, .F. ) ;
#3070 = VERTEX_POINT ( 'NONE', #6254 ) ;
#3071 = CARTESIAN_POINT ( 'NONE',  ( 4.831259481574080361, -3.010000000000000231, 1.811940585284053773 ) ) ;
#3072 = VERTEX_POINT ( 'NONE', #5537 ) ;
#3073 = CARTESIAN_POINT ( 'NONE',  ( 4.543811446598688519, -3.000000000000000000, 1.591544655305799694 ) ) ;
#3074 = CARTESIAN_POINT ( 'NONE',  ( 3.546871907466395690, -3.010000000000000231, 1.619544435413131644 ) ) ;
#3075 = ORIENTED_EDGE ( 'NONE', *, *, #3002, .F. ) ;
#3076 = CARTESIAN_POINT ( 'NONE',  ( 2.024451945290415278, -3.010000000000000231, 1.540256535218800238 ) ) ;
#3077 = PRESENTATION_STYLE_ASSIGNMENT (( #3117 ) ) ;
#3078 = CARTESIAN_POINT ( 'NONE',  ( 4.441391198307380606, -3.010000000000000231, 2.320030162343628799 ) ) ;
#3079 = DIRECTION ( 'NONE',  ( -0.000000000000000000, 1.000000000000000000, -0.000000000000000000 ) ) ;
#3080 = ORIENTED_EDGE ( 'NONE', *, *, #8050, .F. ) ;
#3081 = CARTESIAN_POINT ( 'NONE',  ( 3.919711084702924619, -3.010000000000000231, 1.783777063770560556 ) ) ;
#3082 = CARTESIAN_POINT ( 'NONE',  ( 2.821452747967625463, -3.010000000000000231, 1.699656782622191997 ) ) ;
#3083 = ORIENTED_EDGE ( 'NONE', *, *, #4972, .T. ) ;
#3084 = CARTESIAN_POINT ( 'NONE',  ( 4.014189874894635857, -3.000000000000000000, 2.383398085747340023 ) ) ;
#3085 = FACE_OUTER_BOUND ( 'NONE', #4729, .T. ) ;
#3086 = DIRECTION ( 'NONE',  ( -1.000000000000000000, 0.000000000000000000, -0.000000000000000000 ) ) ;
#3087 = PLANE ( 'NONE',  #4086 ) ;
#3088 = DIRECTION ( 'NONE',  ( -0.000000000000000000, 1.000000000000000000, -0.000000000000000000 ) ) ;
#3089 = ADVANCED_FACE ( 'NONE', ( #3965 ), #5582, .F. ) ;
#3090 = VERTEX_POINT ( 'NONE', #7036 ) ;
#3091 = PLANE ( 'NONE',  #6617 ) ;
#3092 = CARTESIAN_POINT ( 'NONE',  ( 3.787489900856373826, -3.000000000000000000, 1.782958356750765638 ) ) ;
#3093 = CARTESIAN_POINT ( 'NONE',  ( 2.611955376748436919, -3.000000000000000000, 1.695102474946761362 ) ) ;
#3094 = CARTESIAN_POINT ( 'NONE',  ( 3.632999886046437421, -3.000000000000000000, 1.563217392388343008 ) ) ;
#3095 = DIRECTION ( 'NONE',  ( -0.000000000000000000, 1.000000000000000000, -0.000000000000000000 ) ) ;
#3096 = DIRECTION ( 'NONE',  ( 0.000000000000000000, 0.000000000000000000, 1.000000000000000000 ) ) ;
#3097 = ADVANCED_FACE ( 'NONE', ( #3422 ), #8584, .F. ) ;
#3098 = ORIENTED_EDGE ( 'NONE', *, *, #4562, .T. ) ;
#3099 = PLANE ( 'NONE',  #3939 ) ;
#3100 = LINE ( 'NONE', #7096, #4394 ) ;
#3101 = CARTESIAN_POINT ( 'NONE',  ( 4.097697991009176199, -3.010000000000000231, 1.783777063770563887 ) ) ;
#3102 = CARTESIAN_POINT ( 'NONE',  ( 4.574021735663827748, -3.000000000000000000, 1.828478467101251725 ) ) ;
#3103 = CARTESIAN_POINT ( 'NONE',  ( 2.001680537218043288, -3.000000000000000000, 2.280328774284716253 ) ) ;
#3104 = DIRECTION ( 'NONE',  ( -0.000000000000000000, 1.000000000000000000, -0.000000000000000000 ) ) ;
#3105 = EDGE_CURVE ( 'NONE', #9297, #3927, #381, .T. ) ;
#3106 = EDGE_CURVE ( 'NONE', #7906, #6487, #2653, .T. ) ;
#3107 = EDGE_CURVE ( 'NONE', #8579, #8086, #1866, .T. ) ;
#3108 = ORIENTED_EDGE ( 'NONE', *, *, #9518, .F. ) ;
#3109 = CARTESIAN_POINT ( 'NONE',  ( 3.935839613011329341, -3.010000000000000231, 1.483147845761289885 ) ) ;
#3110 = ORIENTED_EDGE ( 'NONE', *, *, #4478, .F. ) ;
#3111 = PLANE ( 'NONE',  #8590 ) ;
#3112 = ORIENTED_EDGE ( 'NONE', *, *, #516, .T. ) ;
#3113 = FACE_OUTER_BOUND ( 'NONE', #5580, .T. ) ;
#3114 = ORIENTED_EDGE ( 'NONE', *, *, #9530, .F. ) ;
#3115 = DIRECTION ( 'NONE',  ( 0.3667976789509078128, -0.000000000000000000, 0.9303007377811901568 ) ) ;
#3116 = CARTESIAN_POINT ( 'NONE',  ( -4.447228653561730027, -2.979999999999999982, 1.155408471094628631 ) ) ;
#3117 = SURFACE_STYLE_USAGE ( .BOTH. , #2404 ) ;
#3118 = CARTESIAN_POINT ( 'NONE',  ( 3.800589213188277693, -3.010000000000000231, 1.699122757828318564 ) ) ;
#3119 = EDGE_CURVE ( 'NONE', #7441, #6918, #1787, .T. ) ;
#3120 = B_SPLINE_SURFACE_WITH_KNOTS ( 'NONE', 3, 1, ( 
 ( #9126, #6204 ),
 ( #285, #6833 ),
 ( #2413, #6885 ),
 ( #3961, #2608 ) ),
 .UNSPECIFIED., .F., .F., .F.,
 ( 4, 4 ),
 ( 2, 2 ),
 ( 6.000000000000000000, 7.000000000000000000 ),
 ( 0.000000000000000000, 1.000000000000000000 ),
 .UNSPECIFIED. ) ;
#3121 = ORIENTED_EDGE ( 'NONE', *, *, #797, .T. ) ;
#3122 = LINE ( 'NONE', #8296, #7374 ) ;
#3123 = ORIENTED_EDGE ( 'NONE', *, *, #8414, .T. ) ;
#3124 = DIRECTION ( 'NONE',  ( -0.000000000000000000, 1.000000000000000000, -0.000000000000000000 ) ) ;
#3125 = CARTESIAN_POINT ( 'NONE',  ( 3.538930449364621200, -3.000000000000000000, 1.555685287797550886 ) ) ;
#3126 = ORIENTED_EDGE ( 'NONE', *, *, #8414, .F. ) ;
#3127 = CARTESIAN_POINT ( 'NONE',  ( 3.953851167467421490, -3.000000000000000000, 1.447288478253044630 ) ) ;
#3128 = DIRECTION ( 'NONE',  ( 1.000000000000000000, -0.000000000000000000, -0.000000000000000000 ) ) ;
#3129 = CARTESIAN_POINT ( 'NONE',  ( 2.573243891816453299, -3.010000000000000231, 1.695102474946761362 ) ) ;
#3130 = CARTESIAN_POINT ( 'NONE',  ( -4.447228653561730027, -2.979999999999999982, 1.620995727233065509 ) ) ;
#3131 = VECTOR ( 'NONE', #5753, 1000.000000000000000 ) ;
#3132 = VERTEX_POINT ( 'NONE', #6946 ) ;
#3133 = VECTOR ( 'NONE', #5869, 999.9999999999998863 ) ;
#3134 = UNCERTAINTY_MEASURE_WITH_UNIT (LENGTH_MEASURE( 1.000000000000000082E-05 ), #2279, 'distance_accuracy_value', 'NONE');
#3135 = PLANE ( 'NONE',  #5660 ) ;
#3136 = ORIENTED_EDGE ( 'NONE', *, *, #7963, .F. ) ;
#3137 = CARTESIAN_POINT ( 'NONE',  ( 3.506182168535952659, -3.010000000000000231, 1.595801931813053187 ) ) ;
#3138 = PLANE ( 'NONE',  #5527 ) ;
#3139 = CARTESIAN_POINT ( 'NONE',  ( 3.822776173449655701, -3.010000000000000231, 2.207376076291855060 ) ) ;
#3140 = CARTESIAN_POINT ( 'NONE',  ( 3.578719610572211884, -3.000000000000000000, 1.549626855844558726 ) ) ;
#3141 = DIRECTION ( 'NONE',  ( -0.000000000000000000, 1.000000000000000000, -0.000000000000000000 ) ) ;
#3142 = ORIENTED_EDGE ( 'NONE', *, *, #8279, .T. ) ;
#3143 = VECTOR ( 'NONE', #7991, 1000.000000000000000 ) ;
#3144 = AXIS2_PLACEMENT_3D ( 'NONE', #1856, #4088, #592 ) ;
#3145 = MECHANICAL_DESIGN_GEOMETRIC_PRESENTATION_REPRESENTATION (  '', ( #9526 ), #1446 ) ;
#3146 = ORIENTED_EDGE ( 'NONE', *, *, #5863, .T. ) ;
#3147 = DIRECTION ( 'NONE',  ( -0.000000000000000000, 0.000000000000000000, 1.000000000000000000 ) ) ;
#3148 = CARTESIAN_POINT ( 'NONE',  ( 4.103920164363939804, -3.010000000000000231, 2.346556269815353701 ) ) ;
#3149 = CARTESIAN_POINT ( 'NONE',  ( 3.554567753461150836, -3.010000000000000231, 2.315936627240314571 ) ) ;
#3150 = CARTESIAN_POINT ( 'NONE',  ( 4.770265808529932983, -3.000000000000000000, 1.642631973397385536 ) ) ;
#3151 = FACE_OUTER_BOUND ( 'NONE', #2667, .T. ) ;
#3152 = EDGE_CURVE ( 'NONE', #2717, #6610, #8707, .T. ) ;
#3153 = DIRECTION ( 'NONE',  ( 0.000000000000000000, -0.000000000000000000, 1.000000000000000000 ) ) ;
#3154 = CARTESIAN_POINT ( 'NONE',  ( 2.072272045569974797, -3.000000000000000000, 2.114097304251329579 ) ) ;
#3155 =( GEOMETRIC_REPRESENTATION_CONTEXT ( 3 ) GLOBAL_UNCERTAINTY_ASSIGNED_CONTEXT ( ( #715 ) ) GLOBAL_UNIT_ASSIGNED_CONTEXT ( ( #3470, #3419, #2832 ) ) REPRESENTATION_CONTEXT ( 'NONE', 'WORKASPACE' ) );
#3156 = ORIENTED_EDGE ( 'NONE', *, *, #3046, .F. ) ;
#3157 = VECTOR ( 'NONE', #8998, 1000.000000000000000 ) ;
#3158 = EDGE_CURVE ( 'NONE', #7467, #2005, #4767, .T. ) ;
#3159 = EDGE_CURVE ( 'NONE', #8336, #2342, #4852, .T. ) ;
#3160 = ORIENTED_EDGE ( 'NONE', *, *, #3359, .F. ) ;
#3161 = SURFACE_STYLE_USAGE ( .BOTH. , #2543 ) ;
#3162 = VECTOR ( 'NONE', #7547, 1000.000000000000000 ) ;
#3163 = FACE_OUTER_BOUND ( 'NONE', #1624, .T. ) ;
#3164 = EDGE_LOOP ( 'NONE', ( #8345, #7314, #5073, #4075 ) ) ;
#3165 = CARTESIAN_POINT ( 'NONE',  ( 3.525831137033808016, -3.010000000000000231, 1.567638410299568408 ) ) ;
#3166 = EDGE_CURVE ( 'NONE', #9406, #4342, #7813, .T. ) ;
#3167 = CARTESIAN_POINT ( 'NONE',  ( -4.447228653561730027, -2.979999999999999982, 1.620995727233065509 ) ) ;
#3168 = ADVANCED_FACE ( 'NONE', ( #1145 ), #8783, .T. ) ;
#3169 = CARTESIAN_POINT ( 'NONE',  ( 3.806238291630271942, -3.000000000000000000, 1.753648645407389184 ) ) ;
#3170 = ORIENTED_EDGE ( 'NONE', *, *, #2280, .F. ) ;
#3171 = CARTESIAN_POINT ( 'NONE',  ( 3.576099748105616705, -3.010000000000000231, 1.756432249279040736 ) ) ;
#3172 = CARTESIAN_POINT ( 'NONE',  ( 2.625618212905238114, -3.000000000000000000, 1.692825364543246724 ) ) ;
#3173 = VECTOR ( 'NONE', #4786, 1000.000000000000000 ) ;
#3174 = ORIENTED_EDGE ( 'NONE', *, *, #1430, .T. ) ;
#3175 = CARTESIAN_POINT ( 'NONE',  ( 3.295528852104094408, -3.010000000000000231, 2.063119899241296462 ) ) ;
#3176 = FILL_AREA_STYLE ('',( #8439 ) ) ;
#3177 = ORIENTED_EDGE ( 'NONE', *, *, #7105, .T. ) ;
#3178 = CARTESIAN_POINT ( 'NONE',  ( 3.520918894909611296, -3.010000000000000231, 2.219656681603968007 ) ) ;
#3179 = PRESENTATION_STYLE_ASSIGNMENT (( #943 ) ) ;
#3180 = ORIENTED_EDGE ( 'NONE', *, *, #8686, .T. ) ;
#3181 = B_SPLINE_CURVE_WITH_KNOTS ( 'NONE', 3,
 ( #1202, #4163, #480, #8646 ),
 .UNSPECIFIED., .F., .F.,
 ( 4, 4 ),
 ( 2.000000000000000000, 3.000000000000000000 ),
 .UNSPECIFIED. ) ;
#3182 = PRESENTATION_LAYER_ASSIGNMENT (  '', '', ( #1799 ) ) ;
#3183 = CARTESIAN_POINT ( 'NONE',  ( 3.460498316779327954, -3.010000000000000231, 1.875308508687755893 ) ) ;
#3184 = EDGE_CURVE ( 'NONE', #3072, #9331, #2443, .T. ) ;
#3185 = LINE ( 'NONE', #858, #4309 ) ;
#3186 = FACE_OUTER_BOUND ( 'NONE', #2169, .T. ) ;
#3187 = VECTOR ( 'NONE', #2146, 1000.000000000000000 ) ;
#3188 = DIRECTION ( 'NONE',  ( -0.000000000000000000, 1.000000000000000000, -0.000000000000000000 ) ) ;
#3189 = ORIENTED_EDGE ( 'NONE', *, *, #256, .F. ) ;
#3190 = FACE_OUTER_BOUND ( 'NONE', #3843, .T. ) ;
#3191 = CARTESIAN_POINT ( 'NONE',  ( 3.546871907466395690, -3.000000000000000000, 1.619544435413131644 ) ) ;
#3192 = PLANE ( 'NONE',  #7192 ) ;
#3193 = PLANE ( 'NONE',  #4299 ) ;
#3194 = FACE_OUTER_BOUND ( 'NONE', #9053, .T. ) ;
#3195 = MECHANICAL_DESIGN_GEOMETRIC_PRESENTATION_REPRESENTATION (  '', ( #7397 ), #3510 ) ;
#3196 =( LENGTH_UNIT ( ) NAMED_UNIT ( * ) SI_UNIT ( .MILLI., .METRE. ) );
#3197 = ADVANCED_FACE ( 'NONE', ( #1340 ), #4236, .F. ) ;
#3198 = STYLED_ITEM ( 'NONE', ( #8647 ), #2700 ) ;
#3199 = VERTEX_POINT ( 'NONE', #1239 ) ;
#3200 = EDGE_LOOP ( 'NONE', ( #4673, #8084, #1657, #6073 ) ) ;
#3201 = DIRECTION ( 'NONE',  ( -0.000000000000000000, 1.000000000000000000, -0.000000000000000000 ) ) ;
#3202 = CARTESIAN_POINT ( 'NONE',  ( 3.641432568358998978, -3.000000000000000000, 2.388801552084495405 ) ) ;
#3203 = DIRECTION ( 'NONE',  ( -1.000000000000000000, 0.000000000000000000, 0.000000000000000000 ) ) ;
#3204 = ORIENTED_EDGE ( 'NONE', *, *, #5792, .F. ) ;
#3205 = CARTESIAN_POINT ( 'NONE',  ( 2.377409443619169505, -3.010000000000000231, 2.332703117088970490 ) ) ;
#3206 = CARTESIAN_POINT ( 'NONE',  ( 1.949306216129249592, -3.010000000000000231, 2.284883060241407193 ) ) ;
#3207 =( NAMED_UNIT ( * ) PLANE_ANGLE_UNIT ( ) SI_UNIT ( $, .RADIAN. ) );
#3208 = CARTESIAN_POINT ( 'NONE',  ( 1.994849119140190696, -3.000000000000000000, 2.148254481510083913 ) ) ;
#3209 = VECTOR ( 'NONE', #9172, 1000.000000000000114 ) ;
#3210 = ORIENTED_EDGE ( 'NONE', *, *, #4470, .F. ) ;
#3211 = EDGE_CURVE ( 'NONE', #649, #3360, #245, .T. ) ;
#3212 = ORIENTED_EDGE ( 'NONE', *, *, #2751, .T. ) ;
#3213 = ORIENTED_EDGE ( 'NONE', *, *, #9094, .T. ) ;
#3214 =( GEOMETRIC_REPRESENTATION_CONTEXT ( 3 ) GLOBAL_UNCERTAINTY_ASSIGNED_CONTEXT ( ( #4213 ) ) GLOBAL_UNIT_ASSIGNED_CONTEXT ( ( #5802, #2783, #7404 ) ) REPRESENTATION_CONTEXT ( 'NONE', 'WORKASPACE' ) );
#3215 = CARTESIAN_POINT ( 'NONE',  ( 4.598337334179948499, -3.000000000000000000, 1.624947901750299462 ) ) ;
#3216 = ORIENTED_EDGE ( 'NONE', *, *, #8573, .T. ) ;
#3217 = DIRECTION ( 'NONE',  ( -1.000000000000000000, 0.000000000000000000, -0.000000000000000000 ) ) ;
#3218 = B_SPLINE_SURFACE_WITH_KNOTS ( 'NONE', 3, 1, ( 
 ( #247, #867 ),
 ( #4566, #3815 ),
 ( #953, #8941 ),
 ( #146, #9029 ) ),
 .UNSPECIFIED., .F., .F., .F.,
 ( 4, 4 ),
 ( 2, 2 ),
 ( 4.000000000000000000, 5.000000000000000000 ),
 ( 0.000000000000000000, 1.000000000000000000 ),
 .UNSPECIFIED. ) ;
#3219 = FILL_AREA_STYLE ('',( #8339 ) ) ;
#3220 = CARTESIAN_POINT ( 'NONE',  ( 3.816799612198653602, -3.000000000000000000, 1.756432249279040736 ) ) ;
#3221 = ORIENTED_EDGE ( 'NONE', *, *, #1547, .F. ) ;
#3222 = CARTESIAN_POINT ( 'NONE',  ( 2.101874915153297163, -3.010000000000000231, 2.380523163077156834 ) ) ;
#3223 = CARTESIAN_POINT ( 'NONE',  ( 3.785934357516583582, -3.010000000000000231, 1.725648865300039914 ) ) ;
#3224 = ADVANCED_FACE ( 'NONE', ( #1286 ), #8674, .T. ) ;
#3225 = EDGE_LOOP ( 'NONE', ( #8952, #5418, #6333, #8382 ) ) ;
#3226 = LINE ( 'NONE', #1045, #9082 ) ;
#3227 = ORIENTED_EDGE ( 'NONE', *, *, #7169, .F. ) ;
#3228 = CARTESIAN_POINT ( 'NONE',  ( 1.726145921885977375, -3.000000000000000000, 1.613125284273559723 ) ) ;
#3229 = DIRECTION ( 'NONE',  ( 1.000000000000000000, -8.673617379884035472E-16, 0.000000000000000000 ) ) ;
#3230 = ORIENTED_EDGE ( 'NONE', *, *, #2973, .T. ) ;
#3231 = SURFACE_STYLE_FILL_AREA ( #7618 ) ;
#3232 = DIRECTION ( 'NONE',  ( -0.000000000000000000, 0.000000000000000000, 1.000000000000000000 ) ) ;
#3233 = CARTESIAN_POINT ( 'NONE',  ( 3.943781071112012704, -3.010000000000000231, 1.447288478253044630 ) ) ;
#3234 = EDGE_CURVE ( 'NONE', #6526, #7028, #1397, .T. ) ;
#3235 = EDGE_CURVE ( 'NONE', #4900, #8030, #7099, .T. ) ;
#3236 = EDGE_CURVE ( 'NONE', #1362, #8579, #1042, .T. ) ;
#3237 = CARTESIAN_POINT ( 'NONE',  ( 4.503367319777459521, -3.000000000000000000, 1.555030322181724767 ) ) ;
#3238 = B_SPLINE_CURVE_WITH_KNOTS ( 'NONE', 3,
 ( #2500, #7131, #3171, #275 ),
 .UNSPECIFIED., .F., .F.,
 ( 4, 4 ),
 ( 12.00000000000000000, 13.00000000000000000 ),
 .UNSPECIFIED. ) ;
#3239 = LINE ( 'NONE', #3385, #1812 ) ;
#3240 = ORIENTED_EDGE ( 'NONE', *, *, #3877, .T. ) ;
#3241 = CARTESIAN_POINT ( 'NONE',  ( 3.649865250672663652, -3.010000000000000231, 1.555030322181719660 ) ) ;
#3242 = CARTESIAN_POINT ( 'NONE',  ( 1.851388970314060689, -3.000000000000000000, 2.284883060241407193 ) ) ;
#3243 = CARTESIAN_POINT ( 'NONE',  ( 4.139288307660310196, -3.000000000000000000, 1.783777063770563664 ) ) ;
#3244 =( NAMED_UNIT ( * ) PLANE_ANGLE_UNIT ( ) SI_UNIT ( $, .RADIAN. ) );
#3245 = ORIENTED_EDGE ( 'NONE', *, *, #414, .F. ) ;
#3246 = ORIENTED_EDGE ( 'NONE', *, *, #4784, .F. ) ;
#3247 = ORIENTED_EDGE ( 'NONE', *, *, #1171, .T. ) ;
#3248 =( NAMED_UNIT ( * ) SI_UNIT ( $, .STERADIAN. ) SOLID_ANGLE_UNIT ( ) );
#3249 =( NAMED_UNIT ( * ) PLANE_ANGLE_UNIT ( ) SI_UNIT ( $, .RADIAN. ) );
#3250 = CARTESIAN_POINT ( 'NONE',  ( 4.059999999999998721, -2.449999999999998845, 0.5000000000000000000 ) ) ;
#3251 = ORIENTED_EDGE ( 'NONE', *, *, #8360, .F. ) ;
#3252 = CARTESIAN_POINT ( 'NONE',  ( 4.597436756455998363, -3.000000000000000000, 1.808338274392610856 ) ) ;
#3253 =( NAMED_UNIT ( * ) SI_UNIT ( $, .STERADIAN. ) SOLID_ANGLE_UNIT ( ) );
#3254 =( LENGTH_UNIT ( ) NAMED_UNIT ( * ) SI_UNIT ( .MILLI., .METRE. ) );
#3255 = CARTESIAN_POINT ( 'NONE',  ( 3.785934357516583582, -3.010000000000000231, 1.716479346667479478 ) ) ;
#3256 = B_SPLINE_CURVE_WITH_KNOTS ( 'NONE', 3,
 ( #6667, #3591, #6, #3556 ),
 .UNSPECIFIED., .F., .F.,
 ( 4, 4 ),
 ( 3.000000000000000000, 4.000000000000000000 ),
 .UNSPECIFIED. ) ;
#3257 = ORIENTED_EDGE ( 'NONE', *, *, #2033, .T. ) ;
#3258 = ORIENTED_EDGE ( 'NONE', *, *, #5085, .F. ) ;
#3259 = ORIENTED_EDGE ( 'NONE', *, *, #6211, .T. ) ;
#3260 = ORIENTED_EDGE ( 'NONE', *, *, #1857, .T. ) ;
#3261 = LINE ( 'NONE', #6145, #9544 ) ;
#3262 = ORIENTED_EDGE ( 'NONE', *, *, #4424, .T. ) ;
#3263 = FACE_OUTER_BOUND ( 'NONE', #2741, .T. ) ;
#3264 = CARTESIAN_POINT ( 'NONE',  ( -5.549999999999999822, -2.799999999999999822, 10.00000000000000000 ) ) ;
#3265 = CARTESIAN_POINT ( 'NONE',  ( 4.627728916223118993, -3.010000000000000231, 1.599895466916377851 ) ) ;
#3266 = EDGE_LOOP ( 'NONE', ( #1172, #1827, #3765, #7153 ) ) ;
#3267 = CARTESIAN_POINT ( 'NONE',  ( 2.161080654319949890, -3.000000000000000000, 1.679162441519152615 ) ) ;
#3268 = EDGE_CURVE ( 'NONE', #1132, #6979, #2073, .T. ) ;
#3269 = CARTESIAN_POINT ( 'NONE',  ( 4.659904102137950588, -3.010000000000000231, 1.804572222097216683 ) ) ;
#3270 = EDGE_LOOP ( 'NONE', ( #3258, #8482, #9074, #8092 ) ) ;
#3271 = FACE_OUTER_BOUND ( 'NONE', #4762, .T. ) ;
#3272 = FILL_AREA_STYLE_COLOUR ( '', #7686 ) ;
#3273 = VERTEX_POINT ( 'NONE', #2743 ) ;
#3274 = LINE ( 'NONE', #6055, #4540 ) ;
#3275 = CARTESIAN_POINT ( 'NONE',  ( 4.430174912123167275, -3.010000000000000231, 2.320030162343628799 ) ) ;
#3276 = ORIENTED_EDGE ( 'NONE', *, *, #8006, .F. ) ;
#3277 = PRESENTATION_STYLE_ASSIGNMENT (( #4011 ) ) ;
#3278 = CARTESIAN_POINT ( 'NONE',  ( 3.564637849815470272, -3.000000000000000000, 1.655403802921366463 ) ) ;
#3279 = EDGE_CURVE ( 'NONE', #7810, #3005, #7177, .T. ) ;
#3280 = CARTESIAN_POINT ( 'NONE',  ( 3.991839173228208359, -3.010000000000000231, 1.513931229740280493 ) ) ;
#3281 = CARTESIAN_POINT ( 'NONE',  ( 2.074549199407693667, -3.010000000000000231, 1.861334183860016811 ) ) ;
#3282 = SURFACE_STYLE_FILL_AREA ( #337 ) ;
#3283 = EDGE_CURVE ( 'NONE', #7278, #7765, #7281, .T. ) ;
#3284 = FACE_OUTER_BOUND ( 'NONE', #799, .T. ) ;
#3285 = EDGE_LOOP ( 'NONE', ( #4340, #5121, #4330, #2196 ) ) ;
#3286 = CARTESIAN_POINT ( 'NONE',  ( 3.953687426062375554, -3.010000000000000231, 2.063119899241303568 ) ) ;
#3287 = AXIS2_PLACEMENT_3D ( 'NONE', #2171, #8866, #844 ) ;
#3288 = CARTESIAN_POINT ( 'NONE',  ( 3.898834055674295307, -3.000000000000000000, 1.596293156024924498 ) ) ;
#3289 = FACE_OUTER_BOUND ( 'NONE', #3724, .T. ) ;
#3290 = ADVANCED_FACE ( 'NONE', ( #566 ), #5044, .F. ) ;
#3291 = CARTESIAN_POINT ( 'NONE',  ( 2.541363911829606081, -3.000000000000000000, 1.588076722365669990 ) ) ;
#3292 = ADVANCED_FACE ( 'NONE', ( #7507 ), #791, .F. ) ;
#3293 = VECTOR ( 'NONE', #3516, 1000.000000000000000 ) ;
#3294 = VERTEX_POINT ( 'NONE', #3796 ) ;
#3295 = VECTOR ( 'NONE', #6283, 1000.000000000000000 ) ;
#3296 = B_SPLINE_SURFACE_WITH_KNOTS ( 'NONE', 3, 1, ( 
 ( #6954, #2998 ),
 ( #8946, #4570 ),
 ( #99, #6026 ),
 ( #8993, #2323 ) ),
 .UNSPECIFIED., .F., .F., .F.,
 ( 4, 4 ),
 ( 2, 2 ),
 ( 2.000000000000000000, 3.000000000000000000 ),
 ( 0.000000000000000000, 1.000000000000000000 ),
 .UNSPECIFIED. ) ;
#3297 = VECTOR ( 'NONE', #840, 1000.000000000000000 ) ;
#3298 = VERTEX_POINT ( 'NONE', #6051 ) ;
#3299 = VERTEX_POINT ( 'NONE', #9016 ) ;
#3300 = LINE ( 'NONE', #5552, #1629 ) ;
#3301 = CARTESIAN_POINT ( 'NONE',  ( 3.336873556650379324, -3.010000000000000231, 1.838466692755763132 ) ) ;
#3302 = ORIENTED_EDGE ( 'NONE', *, *, #1065, .T. ) ;
#3303 = CARTESIAN_POINT ( 'NONE',  ( 4.172937166210748394, -3.010000000000000231, 2.336568044163014335 ) ) ;
#3304 = B_SPLINE_CURVE_WITH_KNOTS ( 'NONE', 3,
 ( #5429, #1047, #5383, #1828 ),
 .UNSPECIFIED., .F., .F.,
 ( 4, 4 ),
 ( 22.00000000000000000, 23.00000000000000000 ),
 .UNSPECIFIED. ) ;
#3305 = CARTESIAN_POINT ( 'NONE',  ( 1.858220344958817494, -3.010000000000000231, 1.558473852782332303 ) ) ;
#3306 = SURFACE_STYLE_FILL_AREA ( #2534 ) ;
#3307 = CARTESIAN_POINT ( 'NONE',  ( -4.447228653561730027, -2.979999999999999982, 1.620995727233065509 ) ) ;
#3308 = EDGE_CURVE ( 'NONE', #3927, #6288, #5227, .T. ) ;
#3309 = ORIENTED_EDGE ( 'NONE', *, *, #9252, .T. ) ;
#3310 = VECTOR ( 'NONE', #5183, 1000.000000000000000 ) ;
#3311 = PRESENTATION_LAYER_ASSIGNMENT (  '', '', ( #9376 ) ) ;
#3312 = B_SPLINE_CURVE_WITH_KNOTS ( 'NONE', 3,
 ( #5056, #8741, #2088, #1352 ),
 .UNSPECIFIED., .F., .F.,
 ( 4, 4 ),
 ( 19.00000000000000000, 20.00000000000000000 ),
 .UNSPECIFIED. ) ;
#3313 = VERTEX_POINT ( 'NONE', #2213 ) ;
#3314 = ORIENTED_EDGE ( 'NONE', *, *, #9593, .T. ) ;
#3315 = CARTESIAN_POINT ( 'NONE',  ( 3.806402033035329868, -3.010000000000000231, 1.549626855844558726 ) ) ;
#3316 = CIRCLE ( 'NONE', #2086, 0.4655872561384367669 ) ;
#3317 = VERTEX_POINT ( 'NONE', #3741 ) ;
#3318 = DIRECTION ( 'NONE',  ( -0.000000000000000000, -0.000000000000000000, 1.000000000000000000 ) ) ;
#3319 = VECTOR ( 'NONE', #3318, 1000.000000000000000 ) ;
#3320 = CARTESIAN_POINT ( 'NONE',  ( 4.338397855100036615, -3.010000000000000231, 1.699286499232271597 ) ) ;
#3321 = DIRECTION ( 'NONE',  ( -0.000000000000000000, 1.000000000000000000, -0.000000000000000000 ) ) ;
#3322 = ORIENTED_EDGE ( 'NONE', *, *, #5305, .T. ) ;
#3323 = CIRCLE ( 'NONE', #8758, 0.1999999999999996503 ) ;
#3324 = CARTESIAN_POINT ( 'NONE',  ( 2.161080654319949890, -3.010000000000000231, 1.679162441519152615 ) ) ;
#3325 = LINE ( 'NONE', #1088, #1928 ) ;
#3326 = VECTOR ( 'NONE', #1596, 1000.000000000000000 ) ;
#3327 = VERTEX_POINT ( 'NONE', #2306 ) ;
#3328 = ORIENTED_EDGE ( 'NONE', *, *, #2633, .T. ) ;
#3329 = CARTESIAN_POINT ( 'NONE',  ( 2.714426908521401227, -3.000000000000000000, 2.048059973275527579 ) ) ;
#3330 = FACE_OUTER_BOUND ( 'NONE', #5561, .T. ) ;
#3331 = EDGE_LOOP ( 'NONE', ( #8526, #2298, #1520, #4886 ) ) ;
#3332 = CARTESIAN_POINT ( 'NONE',  ( 3.295528852104089523, -3.000000000000000000, 2.383398085747336470 ) ) ;
#3333 = CARTESIAN_POINT ( 'NONE',  ( 3.717326709180762911, -3.010000000000000231, 2.116008372780791458 ) ) ;
#3334 = CARTESIAN_POINT ( 'NONE',  ( 3.634391687981183061, -3.010000000000000231, 1.756432249279040736 ) ) ;
#3335 = FACE_BOUND ( 'NONE', #3515, .T. ) ;
#3336 = EDGE_CURVE ( 'NONE', #2393, #3898, #5273, .T. ) ;
#3337 = DIRECTION ( 'NONE',  ( -1.000000000000000000, -0.000000000000000000, -0.000000000000000000 ) ) ;
#3338 = VECTOR ( 'NONE', #3051, 1000.000000000000000 ) ;
#3339 = DIRECTION ( 'NONE',  ( -0.000000000000000000, -1.000000000000000000, -0.000000000000000000 ) ) ;
#3340 = CARTESIAN_POINT ( 'NONE',  ( 3.785934357516583582, -3.000000000000000000, 1.725648865300039914 ) ) ;
#3341 = CARTESIAN_POINT ( 'NONE',  ( 4.223860742902751042, -3.000000000000000000, 1.591544655305796141 ) ) ;
#3342 = FILL_AREA_STYLE ('',( #6365 ) ) ;
#3343 = CARTESIAN_POINT ( 'NONE',  ( 3.800589213188277693, -3.000000000000000000, 1.699122757828318564 ) ) ;
#3344 = CARTESIAN_POINT ( 'NONE',  ( 3.744344040864370893, -3.010000000000000231, 1.563053650984391529 ) ) ;
#3345 = CIRCLE ( 'NONE', #7245, 0.2000000000000005107 ) ;
#3346 = ORIENTED_EDGE ( 'NONE', *, *, #4712, .T. ) ;
#3347 = EDGE_CURVE ( 'NONE', #2609, #9358, #227, .T. ) ;
#3348 = EDGE_CURVE ( 'NONE', #3374, #7621, #78, .T. ) ;
#3349 = ORIENTED_EDGE ( 'NONE', *, *, #9235, .T. ) ;
#3350 = VECTOR ( 'NONE', #6789, 1000.000000000000000 ) ;
#3351 = CARTESIAN_POINT ( 'NONE',  ( -5.549999999999999822, 3.000000000000000000, 0.000000000000000000 ) ) ;
#3352 = CARTESIAN_POINT ( 'NONE',  ( 3.770297053421158839, -3.010000000000000231, 1.770841492842605946 ) ) ;
#3353 = VERTEX_POINT ( 'NONE', #1522 ) ;
#3354 = LINE ( 'NONE', #9293, #7373 ) ;
#3355 = B_SPLINE_CURVE_WITH_KNOTS ( 'NONE', 3,
 ( #3074, #8134, #2883, #5223 ),
 .UNSPECIFIED., .F., .F.,
 ( 4, 4 ),
 ( 2.000000000000000000, 3.000000000000000000 ),
 .UNSPECIFIED. ) ;
#3356 = FILL_AREA_STYLE ('',( #407 ) ) ;
#3357 = CARTESIAN_POINT ( 'NONE',  ( 2.948972841649584620, -3.010000000000000231, 1.656391076880982860 ) ) ;
#3358 = FILL_AREA_STYLE_COLOUR ( '', #6732 ) ;
#3359 = EDGE_CURVE ( 'NONE', #3676, #4681, #1617, .T. ) ;
#3360 = VERTEX_POINT ( 'NONE', #6826 ) ;
#3361 = AXIS2_PLACEMENT_3D ( 'NONE', #2428, #8409, #5399 ) ;
#3362 = ADVANCED_FACE ( 'NONE', ( #5374 ), #4648, .F. ) ;
#3363 = EDGE_CURVE ( 'NONE', #9434, #1698, #8868, .T. ) ;
#3364 = ORIENTED_EDGE ( 'NONE', *, *, #8102, .T. ) ;
#3365 = CARTESIAN_POINT ( 'NONE',  ( 3.857653092531977634, -3.000000000000000000, 1.592690845133495348 ) ) ;
#3366 = ORIENTED_EDGE ( 'NONE', *, *, #1034, .T. ) ;
#3367 = LINE ( 'NONE', #7213, #9378 ) ;
#3368 = VECTOR ( 'NONE', #1631, 1000.000000000000000 ) ;
#3369 = CARTESIAN_POINT ( 'NONE',  ( 5.549999999999999822, 2.799999999999999822, 9.799999999999998934 ) ) ;
#3370 = CARTESIAN_POINT ( 'NONE',  ( 1.687434523821276011, -3.000000000000000000, 2.175580088674024637 ) ) ;
#3371 = CARTESIAN_POINT ( 'NONE',  ( 2.120092058984439198, -3.000000000000000000, 1.717873926451140010 ) ) ;
#3372 = LINE ( 'NONE', #1041, #1602 ) ;
#3373 = VECTOR ( 'NONE', #3141, 1000.000000000000000 ) ;
#3374 = VERTEX_POINT ( 'NONE', #4001 ) ;
#3375 = CARTESIAN_POINT ( 'NONE',  ( 3.554649624163122024, -3.010000000000000231, 2.373082377287075051 ) ) ;
#3376 = LINE ( 'NONE', #5712, #82 ) ;
#3377 = VERTEX_POINT ( 'NONE', #4047 ) ;
#3378 = CARTESIAN_POINT ( 'NONE',  ( 4.676032630447437555, -3.000000000000000000, 1.719262950536967871 ) ) ;
#3379 = CARTESIAN_POINT ( 'NONE',  ( 4.432139808972852535, -3.010000000000000231, 2.325269887276831593 ) ) ;
#3380 = DIRECTION ( 'NONE',  ( -0.000000000000000000, -0.000000000000000000, 1.000000000000000000 ) ) ;
#3381 = CARTESIAN_POINT ( 'NONE',  ( 4.903633182206389662, -3.010000000000000231, 1.642631973397385758 ) ) ;
#3382 = CARTESIAN_POINT ( 'NONE',  ( 3.336873556650375772, -3.000000000000000000, 2.383398085747336470 ) ) ;
#3383 = CARTESIAN_POINT ( 'NONE',  ( 3.649865250672663652, -3.010000000000000231, 1.590398465475894030 ) ) ;
#3384 = DIRECTION ( 'NONE',  ( 0.000000000000000000, 0.000000000000000000, -1.000000000000000000 ) ) ;
#3385 = CARTESIAN_POINT ( 'NONE',  ( 4.139288307660310196, -3.010000000000000231, 1.783777063770563887 ) ) ;
#3386 =( NAMED_UNIT ( * ) SI_UNIT ( $, .STERADIAN. ) SOLID_ANGLE_UNIT ( ) );
#3387 = SURFACE_STYLE_USAGE ( .BOTH. , #6217 ) ;
#3388 = CARTESIAN_POINT ( 'NONE',  ( -1.520000000000000906, -2.449999999999999289, -4.099999999999999645 ) ) ;
#3389 = LINE ( 'NONE', #6459, #2899 ) ;
#3390 = ADVANCED_FACE ( 'NONE', ( #6241 ), #3054, .F. ) ;
#3391 = VERTEX_POINT ( 'NONE', #1863 ) ;
#3392 = DIRECTION ( 'NONE',  ( 0.000000000000000000, -1.000000000000000000, 0.000000000000000000 ) ) ;
#3393 = DIRECTION ( 'NONE',  ( 1.083260458603921549E-14, 0.000000000000000000, -1.000000000000000000 ) ) ;
#3394 = CARTESIAN_POINT ( 'NONE',  ( 2.377409443619169505, -3.000000000000000000, 2.332703117088970490 ) ) ;
#3395 = ORIENTED_EDGE ( 'NONE', *, *, #7220, .F. ) ;
#3396 = CARTESIAN_POINT ( 'NONE',  ( 3.855933807788234358, -3.000000000000000000, 1.555685287797550886 ) ) ;
#3397 = FACE_OUTER_BOUND ( 'NONE', #6637, .T. ) ;
#3398 = DIRECTION ( 'NONE',  ( -0.5048830486499527037, 0.000000000000000000, 0.8631877589411989238 ) ) ;
#3399 = CARTESIAN_POINT ( 'NONE',  ( 4.441391198307380606, -3.000000000000000000, 2.320030162343628799 ) ) ;
#3400 = ADVANCED_FACE ( 'NONE', ( #9205 ), #2077, .T. ) ;
#3401 = ORIENTED_EDGE ( 'NONE', *, *, #5585, .F. ) ;
#3402 = VERTEX_POINT ( 'NONE', #1086 ) ;
#3403 = VERTEX_POINT ( 'NONE', #4695 ) ;
#3404 = ORIENTED_EDGE ( 'NONE', *, *, #6156, .T. ) ;
#3405 = CARTESIAN_POINT ( 'NONE',  ( 3.559999999999998277, -2.449999999999999289, -4.099999999999999645 ) ) ;
#3406 = EDGE_CURVE ( 'NONE', #7316, #6539, #6303, .T. ) ;
#3407 = VERTEX_POINT ( 'NONE', #6350 ) ;
#3408 = CARTESIAN_POINT ( 'NONE',  ( 3.295528852104094408, -3.010000000000000231, 2.063119899241296462 ) ) ;
#3409 = CARTESIAN_POINT ( 'NONE',  ( 1.019999999999999130, -2.449999999999999289, -4.099999999999999645 ) ) ;
#3410 = ORIENTED_EDGE ( 'NONE', *, *, #154, .F. ) ;
#3411 = LINE ( 'NONE', #5118, #9280 ) ;
#3412 = ADVANCED_FACE ( 'NONE', ( #9161 ), #2600, .F. ) ;
#3413 = B_SPLINE_CURVE_WITH_KNOTS ( 'NONE', 3,
 ( #1093, #7032, #5578, #9315 ),
 .UNSPECIFIED., .F., .F.,
 ( 4, 4 ),
 ( 5.000000000000000000, 6.000000000000000000 ),
 .UNSPECIFIED. ) ;
#3414 = ADVANCED_FACE ( 'NONE', ( #1133 ), #2352, .F. ) ;
#3415 = ORIENTED_EDGE ( 'NONE', *, *, #630, .F. ) ;
#3416 = ORIENTED_EDGE ( 'NONE', *, *, #2826, .F. ) ;
#3417 = SURFACE_STYLE_USAGE ( .BOTH. , #5667 ) ;
#3418 = ORIENTED_EDGE ( 'NONE', *, *, #230, .T. ) ;
#3419 =( NAMED_UNIT ( * ) PLANE_ANGLE_UNIT ( ) SI_UNIT ( $, .RADIAN. ) );
#3420 = ORIENTED_EDGE ( 'NONE', *, *, #3159, .T. ) ;
#3421 = CARTESIAN_POINT ( 'NONE',  ( 2.948972841649584620, -3.010000000000000231, 1.656391076880982860 ) ) ;
#3422 = FACE_OUTER_BOUND ( 'NONE', #697, .T. ) ;
#3423 = LINE ( 'NONE', #6255, #671 ) ;
#3424 = EDGE_CURVE ( 'NONE', #7034, #8336, #3238, .T. ) ;
#3425 = ORIENTED_EDGE ( 'NONE', *, *, #1810, .T. ) ;
#3426 = LINE ( 'NONE', #9415, #4096 ) ;
#3427 = CARTESIAN_POINT ( 'NONE',  ( 4.231474718195512352, -3.010000000000000231, 2.226206337768836807 ) ) ;
#3428 = DIRECTION ( 'NONE',  ( -0.000000000000000000, -0.000000000000000000, 1.000000000000000000 ) ) ;
#3429 = CARTESIAN_POINT ( 'NONE',  ( 4.102282750324362404, -3.010000000000000231, 2.063119899241303568 ) ) ;
#3430 = CARTESIAN_POINT ( 'NONE',  ( 3.464428110479771394, -3.000000000000000000, 2.099634232365364284 ) ) ;
#3431 = CARTESIAN_POINT ( 'NONE',  ( 3.953687426062375554, -3.010000000000000231, 2.099634232365364284 ) ) ;
#3432 = ORIENTED_EDGE ( 'NONE', *, *, #8722, .F. ) ;
#3433 = COLOUR_RGB ( '',0.6666666666666666297, 0.6666666666666666297, 0.6666666666666666297 ) ;
#3434 = ORIENTED_EDGE ( 'NONE', *, *, #1551, .F. ) ;
#3435 = FACE_OUTER_BOUND ( 'NONE', #8916, .T. ) ;
#3436 = CARTESIAN_POINT ( 'NONE',  ( 4.182516038355383436, -3.000000000000000000, 1.555030322181719660 ) ) ;
#3437 = DIRECTION ( 'NONE',  ( -1.000000000000000000, -0.000000000000000000, -0.000000000000000000 ) ) ;
#3438 = CARTESIAN_POINT ( 'NONE',  ( 3.506182168535952659, -3.010000000000000231, 1.616269607331789260 ) ) ;
#3439 = ORIENTED_EDGE ( 'NONE', *, *, #7528, .F. ) ;
#3440 = LINE ( 'NONE', #3495, #8306 ) ;
#3441 = SURFACE_STYLE_FILL_AREA ( #3356 ) ;
#3442 = PLANE ( 'NONE',  #2719 ) ;
#3443 = CARTESIAN_POINT ( 'NONE',  ( 4.354771995515470451, -3.010000000000000231, 1.591544655305796141 ) ) ;
#3444 = ORIENTED_EDGE ( 'NONE', *, *, #9182, .F. ) ;
#3445 = AXIS2_PLACEMENT_3D ( 'NONE', #7614, #7719, #5531 ) ;
#3446 = B_SPLINE_CURVE_WITH_KNOTS ( 'NONE', 3,
 ( #8777, #7411, #5266, #3734 ),
 .UNSPECIFIED., .F., .F.,
 ( 4, 4 ),
 ( 5.000000000000000000, 6.000000000000000000 ),
 .UNSPECIFIED. ) ;
#3447 = ORIENTED_EDGE ( 'NONE', *, *, #7590, .F. ) ;
#3448 = CARTESIAN_POINT ( 'NONE',  ( -4.447228653561730027, -2.979999999999999982, 1.620995727233065509 ) ) ;
#3449 = ADVANCED_FACE ( 'NONE', ( #6153 ), #9032, .F. ) ;
#3450 = ORIENTED_EDGE ( 'NONE', *, *, #8801, .T. ) ;
#3451 = DIRECTION ( 'NONE',  ( 0.9409537876760588615, 0.000000000000000000, -0.3385350343141436125 ) ) ;
#3452 = B_SPLINE_SURFACE_WITH_KNOTS ( 'NONE', 3, 1, ( 
 ( #8839, #4267 ),
 ( #8101, #577 ),
 ( #7384, #8150 ),
 ( #7241, #8692 ) ),
 .UNSPECIFIED., .F., .F., .F.,
 ( 4, 4 ),
 ( 2, 2 ),
 ( 12.00000000000000000, 13.00000000000000000 ),
 ( 0.000000000000000000, 1.000000000000000000 ),
 .UNSPECIFIED. ) ;
#3453 = PLANE ( 'NONE',  #5788 ) ;
#3454 = FACE_OUTER_BOUND ( 'NONE', #7173, .T. ) ;
#3455 = CARTESIAN_POINT ( 'NONE',  ( 3.559999999999998277, -2.149999999999999467, 0.5000000000000000000 ) ) ;
#3456 = VECTOR ( 'NONE', #8455, 1000.000000000000000 ) ;
#3457 = VECTOR ( 'NONE', #8145, 1000.000000000000000 ) ;
#3458 = ORIENTED_EDGE ( 'NONE', *, *, #7158, .F. ) ;
#3459 = EDGE_CURVE ( 'NONE', #7070, #4312, #1774, .T. ) ;
#3460 = EDGE_CURVE ( 'NONE', #2067, #4796, #5755, .T. ) ;
#3461 = VECTOR ( 'NONE', #5545, 1000.000000000000000 ) ;
#3462 = ORIENTED_EDGE ( 'NONE', *, *, #4060, .T. ) ;
#3463 = EDGE_CURVE ( 'NONE', #4603, #9261, #4294, .T. ) ;
#3464 = VECTOR ( 'NONE', #1817, 1000.000000000000000 ) ;
#3465 = EDGE_CURVE ( 'NONE', #7112, #199, #556, .T. ) ;
#3466 = MECHANICAL_DESIGN_GEOMETRIC_PRESENTATION_REPRESENTATION (  '', ( #3612 ), #5034 ) ;
#3467 = ORIENTED_EDGE ( 'NONE', *, *, #8004, .T. ) ;
#3468 = CARTESIAN_POINT ( 'NONE',  ( 1.723868854915551418, -3.010000000000000231, 2.045782949738199186 ) ) ;
#3469 = ORIENTED_EDGE ( 'NONE', *, *, #8698, .T. ) ;
#3470 =( LENGTH_UNIT ( ) NAMED_UNIT ( * ) SI_UNIT ( .MILLI., .METRE. ) );
#3471 = ORIENTED_EDGE ( 'NONE', *, *, #2263, .F. ) ;
#3472 = PRESENTATION_STYLE_ASSIGNMENT (( #7088 ) ) ;
#3473 = CARTESIAN_POINT ( 'NONE',  ( 3.506182168535952659, -3.000000000000000000, 1.616269607331789260 ) ) ;
#3474 = VECTOR ( 'NONE', #648, 1000.000000000000000 ) ;
#3475 = ORIENTED_EDGE ( 'NONE', *, *, #7877, .F. ) ;
#3476 = COLOUR_RGB ( '',0.2980392156862745057, 0.2980392156862745057, 0.2980392156862745057 ) ;
#3477 = DIRECTION ( 'NONE',  ( -0.000000000000000000, 1.000000000000000000, -0.000000000000000000 ) ) ;
#3478 = EDGE_CURVE ( 'NONE', #8920, #2644, #2874, .T. ) ;
#3479 = EDGE_CURVE ( 'NONE', #3313, #1921, #2315, .T. ) ;
#3480 = ORIENTED_EDGE ( 'NONE', *, *, #4677, .F. ) ;
#3481 = CARTESIAN_POINT ( 'NONE',  ( 4.505004733817024487, -3.010000000000000231, 1.838466692755773568 ) ) ;
#3482 = CARTESIAN_POINT ( 'NONE',  ( 3.689981894688174613, -3.010000000000000231, 1.702233844505699034 ) ) ;
#3483 = AXIS2_PLACEMENT_3D ( 'NONE', #8904, #828, #638 ) ;
#3484 = CARTESIAN_POINT ( 'NONE',  ( 3.577573420743419774, -3.000000000000000000, 1.659988562236557330 ) ) ;
#3485 = CARTESIAN_POINT ( 'NONE',  ( -1.020000000000000906, -2.449999999999999734, 0.5000000000000000000 ) ) ;
#3486 = CARTESIAN_POINT ( 'NONE',  ( -4.060000000000001386, -2.449999999999999734, 0.5000000000000000000 ) ) ;
#3487 = CARTESIAN_POINT ( 'NONE',  ( 3.689981894688174613, -3.000000000000000000, 1.702233844505699034 ) ) ;
#3488 = STYLED_ITEM ( 'NONE', ( #3908 ), #166 ) ;
#3489 = EDGE_LOOP ( 'NONE', ( #1113, #7613, #1181, #6085 ) ) ;
#3490 =( NAMED_UNIT ( * ) PLANE_ANGLE_UNIT ( ) SI_UNIT ( $, .RADIAN. ) );
#3491 = CARTESIAN_POINT ( 'NONE',  ( 3.491199830056338271, -3.000000000000000000, 2.130581357748316584 ) ) ;
#3492 = CARTESIAN_POINT ( 'NONE',  ( 4.226644346772213012, -3.000000000000000000, 2.340989062074239957 ) ) ;
#3493 = CARTESIAN_POINT ( 'NONE',  ( 2.541363911829599420, -3.010000000000000231, 2.332703117088970490 ) ) ;
#3494 = EDGE_LOOP ( 'NONE', ( #9459, #7323, #8463, #71 ) ) ;
#3495 = CARTESIAN_POINT ( 'NONE',  ( 2.074549199407693667, -3.010000000000000231, 1.861334183860016811 ) ) ;
#3496 = VECTOR ( 'NONE', #7008, 1000.000000000000000 ) ;
#3497 = CARTESIAN_POINT ( 'NONE',  ( 3.477527422810591240, -3.010000000000000231, 2.217200560540232956 ) ) ;
#3498 = CARTESIAN_POINT ( 'NONE',  ( 3.556532650310834320, -3.010000000000000231, 1.549626855844558726 ) ) ;
#3499 = SURFACE_STYLE_FILL_AREA ( #2670 ) ;
#3500 = VECTOR ( 'NONE', #8608, 999.9999999999998863 ) ;
#3501 = VERTEX_POINT ( 'NONE', #2057 ) ;
#3502 = ORIENTED_EDGE ( 'NONE', *, *, #5264, .T. ) ;
#3503 = DIRECTION ( 'NONE',  ( 1.000000000000000000, -0.000000000000000000, -0.000000000000000000 ) ) ;
#3504 = CARTESIAN_POINT ( 'NONE',  ( 4.598337334179948499, -3.010000000000000231, 1.624947901750299462 ) ) ;
#3505 = ORIENTED_EDGE ( 'NONE', *, *, #8040, .F. ) ;
#3506 = DIRECTION ( 'NONE',  ( 1.000000000000000000, 0.000000000000000000, -0.000000000000000000 ) ) ;
#3507 = DIRECTION ( 'NONE',  ( -1.000000000000000000, 0.000000000000000000, 0.000000000000000000 ) ) ;
#3508 = LINE ( 'NONE', #2055, #5335 ) ;
#3509 = DIRECTION ( 'NONE',  ( 1.000000000000000000, 0.000000000000000000, -0.000000000000000000 ) ) ;
#3510 =( GEOMETRIC_REPRESENTATION_CONTEXT ( 3 ) GLOBAL_UNCERTAINTY_ASSIGNED_CONTEXT ( ( #2366 ) ) GLOBAL_UNIT_ASSIGNED_CONTEXT ( ( #8351, #4456, #904 ) ) REPRESENTATION_CONTEXT ( 'NONE', 'WORKASPACE' ) );
#3511 = EDGE_CURVE ( 'NONE', #2724, #3132, #2163, .T. ) ;
#3512 = ORIENTED_EDGE ( 'NONE', *, *, #8050, .T. ) ;
#3513 = LINE ( 'NONE', #5758, #5197 ) ;
#3514 = VECTOR ( 'NONE', #1546, 1000.000000000000000 ) ;
#3515 = EDGE_LOOP ( 'NONE', ( #7387, #9457, #1550, #3598, #300, #215, #8565 ) ) ;
#3516 = DIRECTION ( 'NONE',  ( -0.000000000000000000, 1.000000000000000000, -0.000000000000000000 ) ) ;
#3517 = VERTEX_POINT ( 'NONE', #5661 ) ;
#3518 = DIRECTION ( 'NONE',  ( 1.000000000000000000, 0.000000000000000000, 0.000000000000000000 ) ) ;
#3519 = ORIENTED_EDGE ( 'NONE', *, *, #6461, .T. ) ;
#3520 = LINE ( 'NONE', #1339, #8574 ) ;
#3521 = CARTESIAN_POINT ( 'NONE',  ( 3.649865250672663652, -3.010000000000000231, 1.647871698330585000 ) ) ;
#3522 = DIRECTION ( 'NONE',  ( 1.000000000000000000, -0.000000000000000000, 0.000000000000000000 ) ) ;
#3523 = EDGE_CURVE ( 'NONE', #1627, #4320, #4936, .T. ) ;
#3524 = VECTOR ( 'NONE', #5172, 1000.000000000000000 ) ;
#3525 = ORIENTED_EDGE ( 'NONE', *, *, #2044, .T. ) ;
#3526 = DIRECTION ( 'NONE',  ( -1.000000000000000000, -0.000000000000000000, -0.000000000000000000 ) ) ;
#3527 = CARTESIAN_POINT ( 'NONE',  ( 3.336873556650379324, -3.010000000000000231, 2.099634232365364284 ) ) ;
#3528 = AXIS2_PLACEMENT_3D ( 'NONE', #3431, #7103, #344 ) ;
#3529 = CARTESIAN_POINT ( 'NONE',  ( 3.582731274973546043, -3.010000000000000231, 2.057716432904142412 ) ) ;
#3530 = B_SPLINE_SURFACE_WITH_KNOTS ( 'NONE', 3, 1, ( 
 ( #9090, #5543 ),
 ( #5397, #2427 ),
 ( #1106, #8366 ),
 ( #249, #4065 ) ),
 .UNSPECIFIED., .F., .F., .F.,
 ( 4, 4 ),
 ( 2, 2 ),
 ( 3.000000000000000000, 4.000000000000000000 ),
 ( 0.000000000000000000, 1.000000000000000000 ),
 .UNSPECIFIED. ) ;
#3531 = CARTESIAN_POINT ( 'NONE',  ( -5.249999999999999112, -3.000000000000000000, -0.5000000000000000000 ) ) ;
#3532 = EDGE_CURVE ( 'NONE', #3517, #6592, #1965, .T. ) ;
#3533 = CARTESIAN_POINT ( 'NONE',  ( 2.199792139251945944, -3.010000000000000231, 1.403627999920574743 ) ) ;
#3534 = CARTESIAN_POINT ( 'NONE',  ( 4.194469160857399181, -3.010000000000000231, 2.078020367018921899 ) ) ;
#3535 = CARTESIAN_POINT ( 'NONE',  ( 3.689981894688174613, -3.000000000000000000, 1.760198301574431579 ) ) ;
#3536 = EDGE_CURVE ( 'NONE', #2393, #4369, #3411, .T. ) ;
#3537 = B_SPLINE_CURVE_WITH_KNOTS ( 'NONE', 3,
 ( #2310, #1528, #7379, #2266 ),
 .UNSPECIFIED., .F., .F.,
 ( 4, 4 ),
 ( 16.00000000000000000, 17.00000000000000000 ),
 .UNSPECIFIED. ) ;
#3538 = EDGE_CURVE ( 'NONE', #3132, #3070, #4766, .T. ) ;
#3539 = VERTEX_POINT ( 'NONE', #9350 ) ;
#3540 = UNCERTAINTY_MEASURE_WITH_UNIT (LENGTH_MEASURE( 1.000000000000000082E-05 ), #383, 'distance_accuracy_value', 'NONE');
#3541 = B_SPLINE_SURFACE_WITH_KNOTS ( 'NONE', 3, 1, ( 
 ( #9487, #7399 ),
 ( #3685, #8031 ),
 ( #2108, #2908 ),
 ( #5210, #1363 ) ),
 .UNSPECIFIED., .F., .F., .F.,
 ( 4, 4 ),
 ( 2, 2 ),
 ( 17.00000000000000000, 18.00000000000000000 ),
 ( 0.000000000000000000, 1.000000000000000000 ),
 .UNSPECIFIED. ) ;
#3542 = ORIENTED_EDGE ( 'NONE', *, *, #5388, .T. ) ;
#3543 = LINE ( 'NONE', #537, #4281 ) ;
#3544 = DIRECTION ( 'NONE',  ( -1.000000000000000000, 0.000000000000000000, -0.000000000000000000 ) ) ;
#3545 = CARTESIAN_POINT ( 'NONE',  ( 2.302263671026000935, -3.000000000000000000, 1.654113966477452902 ) ) ;
#3546 = DIRECTION ( 'NONE',  ( -0.3559357243698769158, -0.000000000000000000, -0.9345104387417462188 ) ) ;
#3547 = ORIENTED_EDGE ( 'NONE', *, *, #6520, .F. ) ;
#3548 = PRESENTATION_STYLE_ASSIGNMENT (( #2808 ) ) ;
#3549 = CARTESIAN_POINT ( 'NONE',  ( 2.892044212887547872, -3.000000000000000000, 1.870442668909382711 ) ) ;
#3550 = EDGE_CURVE ( 'NONE', #7552, #8230, #1325, .T. ) ;
#3551 = CARTESIAN_POINT ( 'NONE',  ( 1.851388970314060689, -3.000000000000000000, 2.284883060241407193 ) ) ;
#3552 = ORIENTED_EDGE ( 'NONE', *, *, #4529, .T. ) ;
#3553 = ORIENTED_EDGE ( 'NONE', *, *, #6211, .F. ) ;
#3554 = CARTESIAN_POINT ( 'NONE',  ( 2.199792139251945944, -3.000000000000000000, 1.403627999920574743 ) ) ;
#3555 = DIRECTION ( 'NONE',  ( -1.000000000000000000, -0.000000000000000000, -0.000000000000000000 ) ) ;
#3556 = CARTESIAN_POINT ( 'NONE',  ( 2.001680537218043288, -3.000000000000000000, 2.280328774284716253 ) ) ;
#3557 = EDGE_LOOP ( 'NONE', ( #7903, #1128, #2039, #5011 ) ) ;
#3558 = CARTESIAN_POINT ( 'NONE',  ( 4.598337334179948499, -3.000000000000000000, 1.624947901750299462 ) ) ;
#3559 = SURFACE_SIDE_STYLE ('',( #3689 ) ) ;
#3560 = SURFACE_STYLE_USAGE ( .BOTH. , #7851 ) ;
#3561 = EDGE_LOOP ( 'NONE', ( #1039, #3853, #6646, #7417 ) ) ;
#3562 = VERTEX_POINT ( 'NONE', #1370 ) ;
#3563 = CARTESIAN_POINT ( 'NONE',  ( 3.460498316779327954, -3.010000000000000231, 1.838466692755763132 ) ) ;
#3564 = VERTEX_POINT ( 'NONE', #9545 ) ;
#3565 = CARTESIAN_POINT ( 'NONE',  ( 3.755969680558477464, -3.000000000000000000, 1.685859704092445677 ) ) ;
#3566 = VERTEX_POINT ( 'NONE', #4240 ) ;
#3567 = DIRECTION ( 'NONE',  ( -0.000000000000000000, 1.000000000000000000, 0.000000000000000000 ) ) ;
#3568 = ORIENTED_EDGE ( 'NONE', *, *, #345, .T. ) ;
#3569 = CARTESIAN_POINT ( 'NONE',  ( 2.072272045569974797, -3.000000000000000000, 2.114097304251329579 ) ) ;
#3570 = DIRECTION ( 'NONE',  ( 0.000000000000000000, 0.000000000000000000, 1.000000000000000000 ) ) ;
#3571 = SURFACE_STYLE_USAGE ( .BOTH. , #4449 ) ;
#3572 = CARTESIAN_POINT ( 'NONE',  ( 0.000000000000000000, -3.010000000000000231, 0.000000000000000000 ) ) ;
#3573 = CARTESIAN_POINT ( 'NONE',  ( 3.467784809264184975, -3.000000000000000000, 1.555030322181716107 ) ) ;
#3574 = CARTESIAN_POINT ( 'NONE',  ( 3.829735183125515530, -3.010000000000000231, 1.756432249279040736 ) ) ;
#3575 = EDGE_CURVE ( 'NONE', #587, #4444, #5029, .T. ) ;
#3576 = CARTESIAN_POINT ( 'NONE',  ( 3.546871907466395690, -3.010000000000000231, 1.619544435413131644 ) ) ;
#3577 = DIRECTION ( 'NONE',  ( 0.000000000000000000, -1.000000000000000000, 0.000000000000000000 ) ) ;
#3578 = DIRECTION ( 'NONE',  ( -0.000000000000000000, 1.000000000000000000, -0.000000000000000000 ) ) ;
#3579 = ADVANCED_FACE ( 'NONE', ( #468 ), #7993, .F. ) ;
#3580 = EDGE_LOOP ( 'NONE', ( #4597, #8612, #694, #3309 ) ) ;
#3581 = CARTESIAN_POINT ( 'NONE',  ( 3.744589652970312876, -3.010000000000000231, 1.722046554408605656 ) ) ;
#3582 = ADVANCED_FACE ( 'NONE', ( #4191 ), #7168, .T. ) ;
#3583 = PLANE ( 'NONE',  #7081 ) ;
#3584 = CARTESIAN_POINT ( 'NONE',  ( 4.194469160857399181, -3.000000000000000000, 2.369316324991687761 ) ) ;
#3585 = DIRECTION ( 'NONE',  ( -0.000000000000000000, 1.000000000000000000, -0.000000000000000000 ) ) ;
#3586 = CARTESIAN_POINT ( 'NONE',  ( 4.597436756455998363, -3.010000000000000231, 1.808338274392610856 ) ) ;
#3587 = DIRECTION ( 'NONE',  ( 0.3315284183504363380, -0.000000000000000000, 0.9434452330824815158 ) ) ;
#3588 = ORIENTED_EDGE ( 'NONE', *, *, #3550, .F. ) ;
#3589 = CARTESIAN_POINT ( 'NONE',  ( 1.619120109584898382, -3.000000000000000000, 2.107265755875262325 ) ) ;
#3590 = EDGE_CURVE ( 'NONE', #4286, #7552, #4480, .T. ) ;
#3591 = CARTESIAN_POINT ( 'NONE',  ( 2.063163430221306438, -3.000000000000000000, 2.353197414756719841 ) ) ;
#3592 = CARTESIAN_POINT ( 'NONE',  ( -5.549999999999999822, 2.799999999999999822, 9.799999999999998934 ) ) ;
#3593 = LINE ( 'NONE', #1410, #8886 ) ;
#3594 = DIRECTION ( 'NONE',  ( -0.9398440417738237462, 0.000000000000000000, -0.3416038306902356991 ) ) ;
#3595 = AXIS2_PLACEMENT_3D ( 'NONE', #3369, #2054, #4889 ) ;
#3596 = CARTESIAN_POINT ( 'NONE',  ( 4.102282750324362404, -3.010000000000000231, 2.063119899241303568 ) ) ;
#3597 = STYLED_ITEM ( 'NONE', ( #1654 ), #9477 ) ;
#3598 = ORIENTED_EDGE ( 'NONE', *, *, #3236, .F. ) ;
#3599 = CARTESIAN_POINT ( 'NONE',  ( 3.554567753461150836, -3.000000000000000000, 2.315936627240314571 ) ) ;
#3600 = VECTOR ( 'NONE', #5925, 1000.000000000000000 ) ;
#3601 = EDGE_LOOP ( 'NONE', ( #6231, #3444, #4415, #8623 ) ) ;
#3602 = CARTESIAN_POINT ( 'NONE',  ( 3.885407260534478269, -3.000000000000000000, 1.655076320113465504 ) ) ;
#3603 = ORIENTED_EDGE ( 'NONE', *, *, #8939, .F. ) ;
#3604 = CARTESIAN_POINT ( 'NONE',  ( 3.336873556650379324, -3.000000000000000000, 1.838466692755763132 ) ) ;
#3605 = ORIENTED_EDGE ( 'NONE', *, *, #4018, .F. ) ;
#3606 = PLANE ( 'NONE',  #7651 ) ;
#3607 = CARTESIAN_POINT ( 'NONE',  ( 3.870752404863873064, -3.000000000000000000, 1.750865041537928546 ) ) ;
#3608 = CARTESIAN_POINT ( 'NONE',  ( 3.649865250672663652, -3.010000000000000231, 1.590398465475894030 ) ) ;
#3609 = COLOUR_RGB ( '',0.6666666666666666297, 0.6666666666666666297, 0.6666666666666666297 ) ;
#3610 = EDGE_CURVE ( 'NONE', #1684, #8107, #7631, .T. ) ;
#3611 = VECTOR ( 'NONE', #4859, 1000.000000000000000 ) ;
#3612 = STYLED_ITEM ( 'NONE', ( #7232 ), #4237 ) ;
#3613 = EDGE_LOOP ( 'NONE', ( #8631, #5127, #1440, #740 ) ) ;
#3614 = PLANE ( 'NONE',  #5973 ) ;
#3615 = ORIENTED_EDGE ( 'NONE', *, *, #6687, .T. ) ;
#3616 = CARTESIAN_POINT ( 'NONE',  ( 4.029254084076228537, -3.000000000000000000, 1.593018327941415402 ) ) ;
#3617 = LINE ( 'NONE', #6403, #7829 ) ;
#3618 = DIRECTION ( 'NONE',  ( 0.000000000000000000, 0.000000000000000000, 1.000000000000000000 ) ) ;
#3619 = PRESENTATION_STYLE_ASSIGNMENT (( #5187 ) ) ;
#3620 = CARTESIAN_POINT ( 'NONE',  ( 3.693747946983560126, -3.010000000000000231, 2.063938606261082498 ) ) ;
#3621 = LINE ( 'NONE', #2030, #2685 ) ;
#3622 = PRESENTATION_LAYER_ASSIGNMENT (  '', '', ( #4567 ) ) ;
#3623 = CARTESIAN_POINT ( 'NONE',  ( 3.953851167467421490, -3.010000000000000231, 1.447288478253044630 ) ) ;
#3624 = PLANE ( 'NONE',  #5518 ) ;
#3625 = VECTOR ( 'NONE', #3079, 1000.000000000000000 ) ;
#3626 = EDGE_CURVE ( 'NONE', #318, #5163, #6957, .T. ) ;
#3627 = UNCERTAINTY_MEASURE_WITH_UNIT (LENGTH_MEASURE( 1.000000000000000082E-05 ), #5798, 'distance_accuracy_value', 'NONE');
#3628 = PRESENTATION_LAYER_ASSIGNMENT (  '', '', ( #7526 ) ) ;
#3629 = ORIENTED_EDGE ( 'NONE', *, *, #1687, .T. ) ;
#3630 = DIRECTION ( 'NONE',  ( -0.000000000000000000, 1.000000000000000000, -0.000000000000000000 ) ) ;
#3631 = CARTESIAN_POINT ( 'NONE',  ( 4.103920164363941581, -3.000000000000000000, 2.346556269815353701 ) ) ;
#3632 = PRESENTATION_STYLE_ASSIGNMENT (( #2946 ) ) ;
#3633 = CARTESIAN_POINT ( 'NONE',  ( 2.894321410158360308, -3.000000000000000000, 1.597185337714328135 ) ) ;
#3634 = SURFACE_SIDE_STYLE ('',( #5785 ) ) ;
#3635 = FACE_OUTER_BOUND ( 'NONE', #470, .T. ) ;
#3636 = EDGE_CURVE ( 'NONE', #2243, #4388, #2431, .T. ) ;
#3637 = AXIS2_PLACEMENT_3D ( 'NONE', #8543, #1879, #4854 ) ;
#3638 = ORIENTED_EDGE ( 'NONE', *, *, #7122, .F. ) ;
#3639 = CARTESIAN_POINT ( 'NONE',  ( 3.641841921869984677, -3.000000000000000000, 2.351468511938452188 ) ) ;
#3640 = ORIENTED_EDGE ( 'NONE', *, *, #7470, .F. ) ;
#3641 = ORIENTED_EDGE ( 'NONE', *, *, #6760, .T. ) ;
#3642 = CARTESIAN_POINT ( 'NONE',  ( 1.967523359960386742, -3.010000000000000231, 2.284883060241407193 ) ) ;
#3643 = VECTOR ( 'NONE', #8956, 1000.000000000000000 ) ;
#3644 = DIRECTION ( 'NONE',  ( 0.000000000000000000, -0.000000000000000000, 1.000000000000000000 ) ) ;
#3645 = LINE ( 'NONE', #5077, #4412 ) ;
#3646 = CARTESIAN_POINT ( 'NONE',  ( 4.274948060994349319, -3.010000000000000231, 2.227352527598723597 ) ) ;
#3647 = DIRECTION ( 'NONE',  ( 1.000000000000000000, -0.000000000000000000, -0.000000000000000000 ) ) ;
#3648 = EDGE_CURVE ( 'NONE', #8140, #835, #7684, .T. ) ;
#3649 = EDGE_CURVE ( 'NONE', #9254, #9243, #3691, .T. ) ;
#3650 = VECTOR ( 'NONE', #5694, 1000.000000000000000 ) ;
#3651 = EDGE_CURVE ( 'NONE', #1362, #2398, #8369, .T. ) ;
#3652 = ORIENTED_EDGE ( 'NONE', *, *, #1346, .F. ) ;
#3653 = LINE ( 'NONE', #4528, #5820 ) ;
#3654 = CARTESIAN_POINT ( 'NONE',  ( 3.833664976824861181, -3.000000000000000000, 1.684713514262567546 ) ) ;
#3655 = ORIENTED_EDGE ( 'NONE', *, *, #7814, .T. ) ;
#3656 = PRESENTATION_STYLE_ASSIGNMENT (( #6047 ) ) ;
#3657 = VERTEX_POINT ( 'NONE', #8175 ) ;
#3658 = VECTOR ( 'NONE', #3630, 1000.000000000000000 ) ;
#3659 = FACE_BOUND ( 'NONE', #1032, .T. ) ;
#3660 = CARTESIAN_POINT ( 'NONE',  ( 4.831259481574080361, -3.000000000000000000, 1.811940585284053773 ) ) ;
#3661 = PRESENTATION_STYLE_ASSIGNMENT (( #3571 ) ) ;
#3662 = AXIS2_PLACEMENT_3D ( 'NONE', #1408, #8033, #1457 ) ;
#3663 = EDGE_LOOP ( 'NONE', ( #5371, #3856, #4965, #8819 ) ) ;
#3664 = LINE ( 'NONE', #4398, #5809 ) ;
#3665 = ORIENTED_EDGE ( 'NONE', *, *, #547, .F. ) ;
#3666 = CARTESIAN_POINT ( 'NONE',  ( 3.628660738836102073, -3.000000000000000000, 2.057716432904142412 ) ) ;
#3667 = PLANE ( 'NONE',  #6115 ) ;
#3668 = DIRECTION ( 'NONE',  ( -0.000000000000000000, -1.000000000000000000, -0.000000000000000000 ) ) ;
#3669 = CARTESIAN_POINT ( 'NONE',  ( 3.982751525298731110, -3.000000000000000000, 1.492317364393834778 ) ) ;
#3670 = DIRECTION ( 'NONE',  ( -1.000000000000000000, 0.000000000000000000, -0.000000000000000000 ) ) ;
#3671 = VECTOR ( 'NONE', #7961, 1000.000000000000000 ) ;
#3672 = CYLINDRICAL_SURFACE ( 'NONE', #2837, 0.2000000000000005107 ) ;
#3673 = DIRECTION ( 'NONE',  ( 0.8840949502478780975, 0.000000000000000000, 0.4673073067545617243 ) ) ;
#3674 = B_SPLINE_CURVE_WITH_KNOTS ( 'NONE', 3,
 ( #4115, #3061, #8374, #205 ),
 .UNSPECIFIED., .F., .F.,
 ( 4, 4 ),
 ( 3.000000000000000000, 4.000000000000000000 ),
 .UNSPECIFIED. ) ;
#3675 = AXIS2_PLACEMENT_3D ( 'NONE', #6437, #7269, #3509 ) ;
#3676 = VERTEX_POINT ( 'NONE', #1010 ) ;
#3677 = FACE_OUTER_BOUND ( 'NONE', #770, .T. ) ;
#3678 = LINE ( 'NONE', #2191, #1647 ) ;
#3679 = CARTESIAN_POINT ( 'NONE',  ( 1.019999999999999130, -2.149999999999999911, 0.5000000000000000000 ) ) ;
#3680 = ADVANCED_FACE ( 'NONE', ( #5401 ), #8857, .F. ) ;
#3681 = LINE ( 'NONE', #2194, #3029 ) ;
#3682 = CARTESIAN_POINT ( 'NONE',  ( 1.687434523821276011, -3.000000000000000000, 2.175580088674024637 ) ) ;
#3683 = ORIENTED_EDGE ( 'NONE', *, *, #6337, .F. ) ;
#3684 = ORIENTED_EDGE ( 'NONE', *, *, #7588, .T. ) ;
#3685 = CARTESIAN_POINT ( 'NONE',  ( 1.780797483678681070, -3.010000000000000231, 1.747476926333766389 ) ) ;
#3686 = CARTESIAN_POINT ( 'NONE',  ( 3.648800931545840953, -3.010000000000000231, 1.590398465475894030 ) ) ;
#3687 = ORIENTED_EDGE ( 'NONE', *, *, #2164, .T. ) ;
#3688 = EDGE_CURVE ( 'NONE', #8669, #3564, #6219, .T. ) ;
#3689 = SURFACE_STYLE_FILL_AREA ( #5215 ) ;
#3690 = CARTESIAN_POINT ( 'NONE',  ( 3.782659529434163836, -3.010000000000000231, 1.549626855844558726 ) ) ;
#3691 = LINE ( 'NONE', #2522, #8815 ) ;
#3692 = ORIENTED_EDGE ( 'NONE', *, *, #27, .F. ) ;
#3693 = EDGE_CURVE ( 'NONE', #5668, #6368, #4436, .T. ) ;
#3694 = ORIENTED_EDGE ( 'NONE', *, *, #6277, .F. ) ;
#3695 = CARTESIAN_POINT ( 'NONE',  ( 3.808612541990934020, -3.010000000000000231, 1.789016788703759575 ) ) ;
#3696 = ORIENTED_EDGE ( 'NONE', *, *, #783, .T. ) ;
#3697 = CARTESIAN_POINT ( 'NONE',  ( 3.744589652970312876, -3.000000000000000000, 1.707964793650771362 ) ) ;
#3698 = VERTEX_POINT ( 'NONE', #11 ) ;
#3699 = LINE ( 'NONE', #8185, #3474 ) ;
#3700 = ORIENTED_EDGE ( 'NONE', *, *, #9135, .F. ) ;
#3701 = EDGE_CURVE ( 'NONE', #6971, #9257, #8907, .T. ) ;
#3702 = CARTESIAN_POINT ( 'NONE',  ( 4.231474718195512352, -3.010000000000000231, 2.226206337768836807 ) ) ;
#3703 = FILL_AREA_STYLE_COLOUR ( '', #8181 ) ;
#3704 = CARTESIAN_POINT ( 'NONE',  ( 3.557515098735669845, -3.000000000000000000, 1.648526663946418003 ) ) ;
#3705 = VERTEX_POINT ( 'NONE', #4866 ) ;
#3706 = CARTESIAN_POINT ( 'NONE',  ( -5.549999999999999822, 2.799999999999999822, 9.799999999999998934 ) ) ;
#3707 = ORIENTED_EDGE ( 'NONE', *, *, #5251, .F. ) ;
#3708 = CARTESIAN_POINT ( 'NONE',  ( 3.520918894909611296, -3.010000000000000231, 2.181341193034180392 ) ) ;
#3709 = CARTESIAN_POINT ( 'NONE',  ( 3.786753064537466074, -3.000000000000000000, 1.582375136673234151 ) ) ;
#3710 = ORIENTED_EDGE ( 'NONE', *, *, #558, .T. ) ;
#3711 = CARTESIAN_POINT ( 'NONE',  ( 4.154106904735950678, -3.000000000000000000, 2.383398085747340023 ) ) ;
#3712 = LINE ( 'NONE', #2223, #9050 ) ;
#3713 = EDGE_CURVE ( 'NONE', #8983, #6063, #7783, .T. ) ;
#3714 = DIRECTION ( 'NONE',  ( -0.000000000000000000, -1.000000000000000000, -0.000000000000000000 ) ) ;
#3715 = CARTESIAN_POINT ( 'NONE',  ( 3.935102776692431803, -3.010000000000000231, 1.448434668082941856 ) ) ;
#3716 = DIRECTION ( 'NONE',  ( -0.000000000000000000, 1.000000000000000000, -0.000000000000000000 ) ) ;
#3717 = VERTEX_POINT ( 'NONE', #6367 ) ;
#3718 = UNCERTAINTY_MEASURE_WITH_UNIT (LENGTH_MEASURE( 1.000000000000000082E-05 ), #7289, 'distance_accuracy_value', 'NONE');
#3719 = ORIENTED_EDGE ( 'NONE', *, *, #6385, .T. ) ;
#3720 = CARTESIAN_POINT ( 'NONE',  ( 4.597436756455998363, -3.000000000000000000, 1.808338274392610856 ) ) ;
#3721 = CARTESIAN_POINT ( 'NONE',  ( 5.549999999999999822, -2.799999999999999822, 10.00000000000000000 ) ) ;
#3722 = CARTESIAN_POINT ( 'NONE',  ( 1.892377587367223279, -3.000000000000000000, 1.797574137020124363 ) ) ;
#3723 = CARTESIAN_POINT ( 'NONE',  ( 3.554567753461150836, -3.000000000000000000, 2.315936627240314571 ) ) ;
#3724 = EDGE_LOOP ( 'NONE', ( #1659, #7580, #9451, #2953 ) ) ;
#3725 = ORIENTED_EDGE ( 'NONE', *, *, #848, .F. ) ;
#3726 = CARTESIAN_POINT ( 'NONE',  ( 2.024451945290415278, -3.000000000000000000, 1.540256535218800238 ) ) ;
#3727 = CARTESIAN_POINT ( 'NONE',  ( 4.676032630447437555, -3.010000000000000231, 1.719262950536967871 ) ) ;
#3728 = SURFACE_STYLE_USAGE ( .BOTH. , #2248 ) ;
#3729 = FACE_BOUND ( 'NONE', #6200, .T. ) ;
#3730 = DIRECTION ( 'NONE',  ( -0.3416038306902356436, 0.000000000000000000, 0.9398440417738236352 ) ) ;
#3731 = ORIENTED_EDGE ( 'NONE', *, *, #1587, .F. ) ;
#3732 = EDGE_CURVE ( 'NONE', #5220, #8997, #1501, .T. ) ;
#3733 = VERTEX_POINT ( 'NONE', #8549 ) ;
#3734 = CARTESIAN_POINT ( 'NONE',  ( 1.687434523821276011, -3.010000000000000231, 2.175580088674024637 ) ) ;
#3735 = COLOUR_RGB ( '',0.4980392156862745168, 0.4980392156862745168, 0.4980392156862745168 ) ;
#3736 = CARTESIAN_POINT ( 'NONE',  ( 3.829735183125515530, -3.000000000000000000, 1.756432249279040736 ) ) ;
#3737 = ORIENTED_EDGE ( 'NONE', *, *, #6079, .T. ) ;
#3738 =( NAMED_UNIT ( * ) SI_UNIT ( $, .STERADIAN. ) SOLID_ANGLE_UNIT ( ) );
#3739 = ORIENTED_EDGE ( 'NONE', *, *, #4856, .F. ) ;
#3740 = FACE_OUTER_BOUND ( 'NONE', #1872, .T. ) ;
#3741 = CARTESIAN_POINT ( 'NONE',  ( -5.249999999999999112, 3.000000000000000000, 0.5000000000000000000 ) ) ;
#3742 = CARTESIAN_POINT ( 'NONE',  ( 3.794694522638163203, -3.010000000000000231, 1.704362482761517583 ) ) ;
#3743 = EDGE_CURVE ( 'NONE', #4390, #583, #3389, .T. ) ;
#3744 = EDGE_CURVE ( 'NONE', #64, #5414, #9153, .T. ) ;
#3745 = COLOUR_RGB ( '',1.000000000000000000, 1.000000000000000000, 1.000000000000000000 ) ;
#3746 = EDGE_CURVE ( 'NONE', #6823, #5458, #8472, .T. ) ;
#3747 = EDGE_CURVE ( 'NONE', #9434, #8312, #4824, .T. ) ;
#3748 = COLOUR_RGB ( '',0.6666666666666666297, 0.6666666666666666297, 0.6666666666666666297 ) ;
#3749 = CARTESIAN_POINT ( 'NONE',  ( 3.873044784521474604, -3.010000000000000231, 1.567802151703523217 ) ) ;
#3750 = ORIENTED_EDGE ( 'NONE', *, *, #2241, .T. ) ;
#3751 = CARTESIAN_POINT ( 'NONE',  ( 4.223860742902751042, -3.000000000000000000, 1.735964573760301111 ) ) ;
#3752 = CARTESIAN_POINT ( 'NONE',  ( 4.055534579442018561, -3.010000000000000231, 2.346556269815353701 ) ) ;
#3753 = ORIENTED_EDGE ( 'NONE', *, *, #3268, .F. ) ;
#3754 = DIRECTION ( 'NONE',  ( -4.028246116041384116E-14, 0.000000000000000000, 1.000000000000000000 ) ) ;
#3755 = FILL_AREA_STYLE ('',( #6693 ) ) ;
#3756 = CARTESIAN_POINT ( 'NONE',  ( 2.607401155940304527, -3.010000000000000231, 1.553919545106920763 ) ) ;
#3757 = LINE ( 'NONE', #6655, #8461 ) ;
#3758 = VECTOR ( 'NONE', #4165, 1000.000000000000000 ) ;
#3759 = VECTOR ( 'NONE', #3229, 1000.000000000000000 ) ;
#3760 = MECHANICAL_DESIGN_GEOMETRIC_PRESENTATION_REPRESENTATION (  '', ( #821 ), #7979 ) ;
#3761 = EDGE_CURVE ( 'NONE', #512, #5339, #1161, .T. ) ;
#3762 = B_SPLINE_CURVE_WITH_KNOTS ( 'NONE', 3,
 ( #8766, #8172, #4477, #3781 ),
 .UNSPECIFIED., .F., .F.,
 ( 4, 4 ),
 ( 19.00000000000000000, 20.00000000000000000 ),
 .UNSPECIFIED. ) ;
#3763 = EDGE_CURVE ( 'NONE', #3775, #9400, #1937, .T. ) ;
#3764 = STYLED_ITEM ( 'NONE', ( #4831 ), #7833 ) ;
#3765 = ORIENTED_EDGE ( 'NONE', *, *, #3743, .F. ) ;
#3766 = LINE ( 'NONE', #5340, #9106 ) ;
#3767 = COLOUR_RGB ( '',0.2980392156862745057, 0.2980392156862745057, 0.2980392156862745057 ) ;
#3768 = LINE ( 'NONE', #8943, #5987 ) ;
#3769 = CARTESIAN_POINT ( 'NONE',  ( 2.245335085695980837, -3.000000000000000000, 1.783911257429141584 ) ) ;
#3770 = CARTESIAN_POINT ( 'NONE',  ( 4.103920164363939804, -3.000000000000000000, 2.346556269815353701 ) ) ;
#3771 = CARTESIAN_POINT ( 'NONE',  ( 3.669268607063477461, -3.000000000000000000, 2.351468511938452188 ) ) ;
#3772 = CARTESIAN_POINT ( 'NONE',  ( 4.632559287644243184, -3.000000000000000000, 1.758069663320812603 ) ) ;
#3773 = VECTOR ( 'NONE', #5555, 1000.000000000000000 ) ;
#3774 = AXIS2_PLACEMENT_3D ( 'NONE', #2601, #3954, #1864 ) ;
#3775 = VERTEX_POINT ( 'NONE', #5688 ) ;
#3776 = ORIENTED_EDGE ( 'NONE', *, *, #8090, .T. ) ;
#3777 = DIRECTION ( 'NONE',  ( -0.000000000000000000, 1.000000000000000000, -0.000000000000000000 ) ) ;
#3778 = CARTESIAN_POINT ( 'NONE',  ( 2.684824038938080637, -3.010000000000000231, 2.350920271777287685 ) ) ;
#3779 = CARTESIAN_POINT ( 'NONE',  ( 3.717326709180762911, -3.000000000000000000, 2.375702239752584433 ) ) ;
#3780 = CARTESIAN_POINT ( 'NONE',  ( -5.549999999999999822, -2.799999999999999822, 0.000000000000000000 ) ) ;
#3781 = CARTESIAN_POINT ( 'NONE',  ( 2.072272045569974797, -3.000000000000000000, 2.114097304251329579 ) ) ;
#3782 = LINE ( 'NONE', #6770, #211 ) ;
#3783 = AXIS2_PLACEMENT_3D ( 'NONE', #1722, #4758, #9070 ) ;
#3784 = B_SPLINE_CURVE_WITH_KNOTS ( 'NONE', 3,
 ( #9497, #2828, #5219, #7315 ),
 .UNSPECIFIED., .F., .F.,
 ( 4, 4 ),
 ( 4.000000000000000000, 5.000000000000000000 ),
 .UNSPECIFIED. ) ;
#3785 = VECTOR ( 'NONE', #1400, 1000.000000000000000 ) ;
#3786 = B_SPLINE_CURVE_WITH_KNOTS ( 'NONE', 3,
 ( #7400, #729, #9000, #3149 ),
 .UNSPECIFIED., .F., .F.,
 ( 4, 4 ),
 ( 9.000000000000000000, 10.00000000000000000 ),
 .UNSPECIFIED. ) ;
#3787 = ORIENTED_EDGE ( 'NONE', *, *, #1394, .T. ) ;
#3788 = ORIENTED_EDGE ( 'NONE', *, *, #6879, .T. ) ;
#3789 = DIRECTION ( 'NONE',  ( 0.000000000000000000, 0.000000000000000000, -1.000000000000000000 ) ) ;
#3790 = ORIENTED_EDGE ( 'NONE', *, *, #2919, .F. ) ;
#3791 = PLANE ( 'NONE',  #6566 ) ;
#3792 = ORIENTED_EDGE ( 'NONE', *, *, #6326, .T. ) ;
#3793 = VERTEX_POINT ( 'NONE', #3486 ) ;
#3794 = SURFACE_STYLE_FILL_AREA ( #3219 ) ;
#3795 = CARTESIAN_POINT ( 'NONE',  ( 2.072272002136880786, -3.010000000000000231, 1.540256535218800238 ) ) ;
#3796 = CARTESIAN_POINT ( 'NONE',  ( 3.518626515250925735, -3.010000000000000231, 2.101435387811084077 ) ) ;
#3797 = ADVANCED_FACE ( 'NONE', ( #9285 ), #4915, .F. ) ;
#3798 = PRESENTATION_LAYER_ASSIGNMENT (  '', '', ( #5375 ) ) ;
#3799 = CARTESIAN_POINT ( 'NONE',  ( -1.520000000000000906, -2.449999999999999289, -4.099999999999999645 ) ) ;
#3800 = DIRECTION ( 'NONE',  ( -0.000000000000000000, 1.000000000000000000, -0.000000000000000000 ) ) ;
#3801 = COLOUR_RGB ( '',0.2980392156862745057, 0.2980392156862745057, 0.2980392156862745057 ) ;
#3802 = CARTESIAN_POINT ( 'NONE',  ( 3.492919114800077995, -3.000000000000000000, 2.310205678095242465 ) ) ;
#3803 = PLANE ( 'NONE',  #5176 ) ;
#3804 = EDGE_LOOP ( 'NONE', ( #4261, #2233, #7648, #8127 ) ) ;
#3805 = CARTESIAN_POINT ( 'NONE',  ( 3.546871907466395690, -3.000000000000000000, 1.619544435413131644 ) ) ;
#3806 = DIRECTION ( 'NONE',  ( -1.000000000000000000, -0.000000000000000000, -0.000000000000000000 ) ) ;
#3807 = ADVANCED_FACE ( 'NONE', ( #5592 ), #4121, .F. ) ;
#3808 = CARTESIAN_POINT ( 'NONE',  ( 3.672052210934032779, -3.000000000000000000, 2.388801552084495405 ) ) ;
#3809 = LINE ( 'NONE', #8308, #7073 ) ;
#3810 =( GEOMETRIC_REPRESENTATION_CONTEXT ( 3 ) GLOBAL_UNCERTAINTY_ASSIGNED_CONTEXT ( ( #8310 ) ) GLOBAL_UNIT_ASSIGNED_CONTEXT ( ( #6431, #4978, #551 ) ) REPRESENTATION_CONTEXT ( 'NONE', 'WORKASPACE' ) );
#3811 = UNCERTAINTY_MEASURE_WITH_UNIT (LENGTH_MEASURE( 1.000000000000000082E-05 ), #5556, 'distance_accuracy_value', 'NONE');
#3812 = B_SPLINE_CURVE_WITH_KNOTS ( 'NONE', 3,
 ( #240, #9129, #6165, #7522 ),
 .UNSPECIFIED., .F., .F.,
 ( 4, 4 ),
 ( 11.00000000000000000, 12.00000000000000000 ),
 .UNSPECIFIED. ) ;
#3813 = ADVANCED_FACE ( 'NONE', ( #6409 ), #7567, .F. ) ;
#3814 = ORIENTED_EDGE ( 'NONE', *, *, #5558, .T. ) ;
#3815 = CARTESIAN_POINT ( 'NONE',  ( 3.606719390680655835, -3.000000000000000000, 1.582538878077187183 ) ) ;
#3816 = VECTOR ( 'NONE', #898, 1000.000000000000000 ) ;
#3817 = CARTESIAN_POINT ( 'NONE',  ( 3.787489900856373826, -3.010000000000000231, 1.782958356750765638 ) ) ;
#3818 = DIRECTION ( 'NONE',  ( -0.000000000000000000, 0.000000000000000000, 1.000000000000000000 ) ) ;
#3819 = B_SPLINE_SURFACE_WITH_KNOTS ( 'NONE', 3, 1, ( 
 ( #3265, #9260 ),
 ( #9203, #1820 ),
 ( #4803, #937 ),
 ( #3895, #273 ) ),
 .UNSPECIFIED., .F., .F., .F.,
 ( 4, 4 ),
 ( 2, 2 ),
 ( 4.000000000000000000, 5.000000000000000000 ),
 ( 0.000000000000000000, 1.000000000000000000 ),
 .UNSPECIFIED. ) ;
#3820 = CARTESIAN_POINT ( 'NONE',  ( 3.859208635871762549, -3.000000000000000000, 1.675216512822094161 ) ) ;
#3821 =( NAMED_UNIT ( * ) PLANE_ANGLE_UNIT ( ) SI_UNIT ( $, .RADIAN. ) );
#3822 = EDGE_CURVE ( 'NONE', #6275, #1664, #8217, .T. ) ;
#3823 = CARTESIAN_POINT ( 'NONE',  ( 2.204346490359375910, -3.010000000000000231, 1.831731314276693112 ) ) ;
#3824 = EDGE_CURVE ( 'NONE', #2302, #4342, #346, .T. ) ;
#3825 = DIRECTION ( 'NONE',  ( 0.9400931103999008442, 0.000000000000000000, -0.3409177962187364130 ) ) ;
#3826 = VECTOR ( 'NONE', #5875, 1000.000000000000000 ) ;
#3827 = B_SPLINE_SURFACE_WITH_KNOTS ( 'NONE', 3, 1, ( 
 ( #7788, #5642 ),
 ( #4873, #2664 ),
 ( #7110, #9241 ),
 ( #4828, #8514 ) ),
 .UNSPECIFIED., .F., .F., .F.,
 ( 4, 4 ),
 ( 2, 2 ),
 ( 2.000000000000000000, 3.000000000000000000 ),
 ( 0.000000000000000000, 1.000000000000000000 ),
 .UNSPECIFIED. ) ;
#3828 = ORIENTED_EDGE ( 'NONE', *, *, #1223, .F. ) ;
#3829 = VERTEX_POINT ( 'NONE', #1990 ) ;
#3830 = CARTESIAN_POINT ( 'NONE',  ( 3.551211054675644352, -3.000000000000000000, 1.781975908324832103 ) ) ;
#3831 = LINE ( 'NONE', #3148, #3924 ) ;
#3832 = CARTESIAN_POINT ( 'NONE',  ( 4.627728916223118993, -3.000000000000000000, 1.832899485014656049 ) ) ;
#3833 = DIRECTION ( 'NONE',  ( 1.000000000000000000, -0.000000000000000000, -0.000000000000000000 ) ) ;
#3834 = FACE_OUTER_BOUND ( 'NONE', #4929, .T. ) ;
#3835 = CARTESIAN_POINT ( 'NONE',  ( 2.550472527177178428, -3.000000000000000000, 1.943311417964139087 ) ) ;
#3836 = DIRECTION ( 'NONE',  ( 0.1333547648938436248, 0.000000000000000000, -0.9910683662997764598 ) ) ;
#3837 = EDGE_CURVE ( 'NONE', #7810, #5911, #6268, .T. ) ;
#3838 = VERTEX_POINT ( 'NONE', #662 ) ;
#3839 = ORIENTED_EDGE ( 'NONE', *, *, #4677, .T. ) ;
#3840 = CARTESIAN_POINT ( 'NONE',  ( 4.055534579442018561, -3.010000000000000231, 2.099634232365364284 ) ) ;
#3841 = ORIENTED_EDGE ( 'NONE', *, *, #950, .F. ) ;
#3842 = CARTESIAN_POINT ( 'NONE',  ( 4.580898874638786644, -3.000000000000000000, 2.063119899241303568 ) ) ;
#3843 = EDGE_LOOP ( 'NONE', ( #4230, #4916, #8760, #4588 ) ) ;
#3844 = DIRECTION ( 'NONE',  ( -2.601421064473126292E-14, 0.000000000000000000, 1.000000000000000000 ) ) ;
#3845 = ORIENTED_EDGE ( 'NONE', *, *, #8460, .F. ) ;
#3846 = CARTESIAN_POINT ( 'NONE',  ( 3.649865250672663652, -3.000000000000000000, 1.555030322181719660 ) ) ;
#3847 = LINE ( 'NONE', #9515, #1586 ) ;
#3848 = CARTESIAN_POINT ( 'NONE',  ( 3.559999999999998277, -2.149999999999999467, -4.099999999999999645 ) ) ;
#3849 = DIRECTION ( 'NONE',  ( 0.000000000000000000, 1.000000000000000000, 0.000000000000000000 ) ) ;
#3850 = ORIENTED_EDGE ( 'NONE', *, *, #7928, .T. ) ;
#3851 = CARTESIAN_POINT ( 'NONE',  ( 3.649865250672663652, -3.000000000000000000, 1.647871698330585000 ) ) ;
#3852 = B_SPLINE_CURVE_WITH_KNOTS ( 'NONE', 3,
 ( #7095, #1151, #1929, #7955 ),
 .UNSPECIFIED., .F., .F.,
 ( 4, 4 ),
 ( 18.00000000000000000, 19.00000000000000000 ),
 .UNSPECIFIED. ) ;
#3853 = ORIENTED_EDGE ( 'NONE', *, *, #6567, .F. ) ;
#3854 = CARTESIAN_POINT ( 'NONE',  ( 3.641432568358998978, -3.000000000000000000, 2.388801552084495405 ) ) ;
#3855 = CARTESIAN_POINT ( 'NONE',  ( 3.556532650310834320, -3.000000000000000000, 1.549626855844558726 ) ) ;
#3856 = ORIENTED_EDGE ( 'NONE', *, *, #7705, .F. ) ;
#3857 = CARTESIAN_POINT ( 'NONE',  ( 3.935102776692431803, -3.000000000000000000, 1.448434668082941856 ) ) ;
#3858 = DIRECTION ( 'NONE',  ( -0.000000000000000000, 1.000000000000000000, -0.000000000000000000 ) ) ;
#3859 = CARTESIAN_POINT ( 'NONE',  ( 4.338397855100029510, -3.000000000000000000, 2.063119899241303568 ) ) ;
#3860 = PRESENTATION_STYLE_ASSIGNMENT (( #5741 ) ) ;
#3861 = LINE ( 'NONE', #5436, #4395 ) ;
#3862 = PLANE ( 'NONE',  #1312 ) ;
#3863 = EDGE_CURVE ( 'NONE', #7226, #839, #7243, .T. ) ;
#3864 = CARTESIAN_POINT ( 'NONE',  ( 4.223860742902751042, -3.000000000000000000, 1.591544655305796141 ) ) ;
#3865 = ORIENTED_EDGE ( 'NONE', *, *, #496, .T. ) ;
#3866 = DIRECTION ( 'NONE',  ( 0.000000000000000000, 0.000000000000000000, 1.000000000000000000 ) ) ;
#3867 = CARTESIAN_POINT ( 'NONE',  ( 3.477527422810591240, -3.010000000000000231, 2.217200560540232956 ) ) ;
#3868 = DIRECTION ( 'NONE',  ( 0.9369753459544896135, 0.000000000000000000, 0.3493954794691319088 ) ) ;
#3869 = CARTESIAN_POINT ( 'NONE',  ( 4.505004733817024487, -3.000000000000000000, 1.838466692755773568 ) ) ;
#3870 =( NAMED_UNIT ( * ) SI_UNIT ( $, .STERADIAN. ) SOLID_ANGLE_UNIT ( ) );
#3871 = CARTESIAN_POINT ( 'NONE',  ( 4.597436756455998363, -3.000000000000000000, 1.808338274392610856 ) ) ;
#3872 = B_SPLINE_CURVE_WITH_KNOTS ( 'NONE', 3,
 ( #3602, #6677, #7454, #3654 ),
 .UNSPECIFIED., .F., .F.,
 ( 4, 4 ),
 ( 15.00000000000000000, 16.00000000000000000 ),
 .UNSPECIFIED. ) ;
#3873 = VERTEX_POINT ( 'NONE', #5001 ) ;
#3874 = EDGE_CURVE ( 'NONE', #7879, #7906, #580, .T. ) ;
#3875 = EDGE_CURVE ( 'NONE', #2724, #5184, #7190, .T. ) ;
#3876 = EDGE_CURVE ( 'NONE', #4960, #9095, #8840, .T. ) ;
#3877 = EDGE_CURVE ( 'NONE', #7786, #6610, #1434, .T. ) ;
#3878 = ORIENTED_EDGE ( 'NONE', *, *, #5211, .T. ) ;
#3879 = ORIENTED_EDGE ( 'NONE', *, *, #9474, .F. ) ;
#3880 = CARTESIAN_POINT ( 'NONE',  ( 3.528532870201293914, -3.010000000000000231, 1.767730406165228807 ) ) ;
#3881 = CARTESIAN_POINT ( 'NONE',  ( 3.937313285648034178, -3.010000000000000231, 2.207376076291855060 ) ) ;
#3882 = CARTESIAN_POINT ( 'NONE',  ( 2.199792139251945944, -3.000000000000000000, 1.403627999920574743 ) ) ;
#3883 = CARTESIAN_POINT ( 'NONE',  ( 3.785934357516583582, -3.000000000000000000, 1.725648865300039914 ) ) ;
#3884 = PLANE ( 'NONE',  #4708 ) ;
#3885 = CARTESIAN_POINT ( 'NONE',  ( 3.833664976824861181, -3.010000000000000231, 1.549626855844558726 ) ) ;
#3886 = EDGE_LOOP ( 'NONE', ( #5257, #2537, #4951, #5466 ) ) ;
#3887 = ORIENTED_EDGE ( 'NONE', *, *, #4666, .F. ) ;
#3888 = B_SPLINE_CURVE_WITH_KNOTS ( 'NONE', 3,
 ( #5066, #8847, #4468, #2948 ),
 .UNSPECIFIED., .F., .F.,
 ( 4, 4 ),
 ( 0.000000000000000000, 1.000000000000000000 ),
 .UNSPECIFIED. ) ;
#3889 = EDGE_CURVE ( 'NONE', #841, #1060, #1850, .T. ) ;
#3890 = ORIENTED_EDGE ( 'NONE', *, *, #8015, .T. ) ;
#3891 = LINE ( 'NONE', #3840, #7360 ) ;
#3892 = DIRECTION ( 'NONE',  ( -8.673617379884035472E-16, 1.000000000000000000, 0.000000000000000000 ) ) ;
#3893 = ORIENTED_EDGE ( 'NONE', *, *, #26, .F. ) ;
#3894 = DIRECTION ( 'NONE',  ( -0.000000000000000000, 0.000000000000000000, 1.000000000000000000 ) ) ;
#3895 = CARTESIAN_POINT ( 'NONE',  ( 4.676032630447437555, -3.010000000000000231, 1.719262950536967871 ) ) ;
#3896 = CARTESIAN_POINT ( 'NONE',  ( 3.813524784115134292, -3.010000000000000231, 1.692573101661276169 ) ) ;
#3897 = B_SPLINE_SURFACE_WITH_KNOTS ( 'NONE', 3, 1, ( 
 ( #3427, #8056 ),
 ( #4161, #4952 ),
 ( #4262, #8791 ),
 ( #1348, #5825 ) ),
 .UNSPECIFIED., .F., .F., .F.,
 ( 4, 4 ),
 ( 2, 2 ),
 ( 4.000000000000000000, 5.000000000000000000 ),
 ( 0.000000000000000000, 1.000000000000000000 ),
 .UNSPECIFIED. ) ;
#3898 = VERTEX_POINT ( 'NONE', #6509 ) ;
#3899 = CARTESIAN_POINT ( 'NONE',  ( 4.981983444089699731, -3.010000000000000231, 1.555030322181724767 ) ) ;
#3900 = ORIENTED_EDGE ( 'NONE', *, *, #7884, .F. ) ;
#3901 = CARTESIAN_POINT ( 'NONE',  ( 3.822776173449655701, -3.010000000000000231, 2.244054150819881244 ) ) ;
#3902 = CARTESIAN_POINT ( 'NONE',  ( 3.559999999999998277, -2.449999999999999289, -4.099999999999999645 ) ) ;
#3903 = ORIENTED_EDGE ( 'NONE', *, *, #2959, .F. ) ;
#3904 = CARTESIAN_POINT ( 'NONE',  ( 3.336873556650375772, -3.000000000000000000, 2.383398085747336470 ) ) ;
#3905 = DIRECTION ( 'NONE',  ( 1.624890687905865994E-14, 0.000000000000000000, -1.000000000000000000 ) ) ;
#3906 = CARTESIAN_POINT ( 'NONE',  ( 4.338397855100029510, -3.010000000000000231, 2.063119899241303568 ) ) ;
#3907 = CARTESIAN_POINT ( 'NONE',  ( 3.937313285648034178, -3.000000000000000000, 2.207376076291855060 ) ) ;
#3908 = PRESENTATION_STYLE_ASSIGNMENT (( #9275 ) ) ;
#3909 = MECHANICAL_DESIGN_GEOMETRIC_PRESENTATION_REPRESENTATION (  '', ( #7181 ), #8882 ) ;
#3910 = EDGE_CURVE ( 'NONE', #9227, #587, #9615, .T. ) ;
#3911 = VERTEX_POINT ( 'NONE', #2183 ) ;
#3912 = VECTOR ( 'NONE', #3124, 1000.000000000000000 ) ;
#3913 = CARTESIAN_POINT ( 'NONE',  ( 2.607401155940304527, -3.010000000000000231, 1.553919545106920763 ) ) ;
#3914 = B_SPLINE_CURVE_WITH_KNOTS ( 'NONE', 3,
 ( #8471, #9247, #455, #8421 ),
 .UNSPECIFIED., .F., .F.,
 ( 4, 4 ),
 ( 12.00000000000000000, 13.00000000000000000 ),
 .UNSPECIFIED. ) ;
#3915 = EDGE_LOOP ( 'NONE', ( #4123, #2691, #4536, #5403 ) ) ;
#3916 = CARTESIAN_POINT ( 'NONE',  ( 4.258819532687033949, -3.010000000000000231, 2.137949720935155451 ) ) ;
#3917 = CARTESIAN_POINT ( 'NONE',  ( 4.503121707669333063, -3.000000000000000000, 1.591544655305799694 ) ) ;
#3918 = FACE_OUTER_BOUND ( 'NONE', #3951, .T. ) ;
#3920 = CARTESIAN_POINT ( 'NONE',  ( 3.609584865253185892, -3.000000000000000000, 1.549626855844558726 ) ) ;
#3919 = AXIS2_PLACEMENT_3D ( 'NONE', #5368, #3892, #3945 ) ;
#3921 = CARTESIAN_POINT ( 'NONE',  ( 4.382280551410939751, -3.010000000000000231, 2.186908400775299466 ) ) ;
#3922 = EDGE_CURVE ( 'NONE', #3911, #5560, #8924, .T. ) ;
#3923 = AXIS2_PLACEMENT_3D ( 'NONE', #4501, #1571, #711 ) ;
#3924 = VECTOR ( 'NONE', #386, 1000.000000000000000 ) ;
#3925 = VECTOR ( 'NONE', #1001, 1000.000000000000000 ) ;
#3926 = VERTEX_POINT ( 'NONE', #5101 ) ;
#3927 = VERTEX_POINT ( 'NONE', #5967 ) ;
#3928 = LINE ( 'NONE', #6909, #1777 ) ;
#3929 = DIRECTION ( 'NONE',  ( -0.000000000000000000, 0.000000000000000000, 1.000000000000000000 ) ) ;
#3930 = DIRECTION ( 'NONE',  ( -0.000000000000000000, -1.000000000000000000, -0.000000000000000000 ) ) ;
#3931 = EDGE_LOOP ( 'NONE', ( #495, #486, #2980, #3257 ) ) ;
#3932 = CARTESIAN_POINT ( 'NONE',  ( 4.837481654933205810, -3.000000000000000000, 1.834373157650283970 ) ) ;
#3933 = EDGE_CURVE ( 'NONE', #2727, #512, #9467, .T. ) ;
#3934 = FILL_AREA_STYLE ('',( #3986 ) ) ;
#3935 = DIRECTION ( 'NONE',  ( -0.000000000000000000, 1.000000000000000000, 0.000000000000000000 ) ) ;
#3936 = CARTESIAN_POINT ( 'NONE',  ( 4.103920164363939804, -3.000000000000000000, 2.346556269815353701 ) ) ;
#3937 = ADVANCED_FACE ( 'NONE', ( #9568 ), #3672, .T. ) ;
#3938 = VECTOR ( 'NONE', #3948, 1000.000000000000114 ) ;
#3939 = AXIS2_PLACEMENT_3D ( 'NONE', #8323, #7638, #3147 ) ;
#3940 = ORIENTED_EDGE ( 'NONE', *, *, #4018, .T. ) ;
#3941 = ORIENTED_EDGE ( 'NONE', *, *, #9119, .F. ) ;
#3942 = SURFACE_STYLE_FILL_AREA ( #6775 ) ;
#3943 = VECTOR ( 'NONE', #2113, 1000.000000000000000 ) ;
#3944 = COLOUR_RGB ( '',0.2980392156862745057, 0.2980392156862745057, 0.2980392156862745057 ) ;
#3945 = DIRECTION ( 'NONE',  ( -1.000000000000000000, -8.673617379884035472E-16, 0.000000000000000000 ) ) ;
#3946 = ADVANCED_FACE ( 'NONE', ( #37 ), #794, .F. ) ;
#3947 = ORIENTED_EDGE ( 'NONE', *, *, #7929, .T. ) ;
#3948 = DIRECTION ( 'NONE',  ( 0.3493954794691319088, -0.000000000000000000, -0.9369753459544895025 ) ) ;
#3949 = DIRECTION ( 'NONE',  ( -0.000000000000000000, 1.000000000000000000, -0.000000000000000000 ) ) ;
#3950 = CARTESIAN_POINT ( 'NONE',  ( 2.302263671026000935, -3.010000000000000231, 1.631342514970890001 ) ) ;
#3951 = EDGE_LOOP ( 'NONE', ( #4700, #2448, #4809, #7237 ) ) ;
#3952 = DIRECTION ( 'NONE',  ( -0.000000000000000000, 1.000000000000000000, -0.000000000000000000 ) ) ;
#3953 = EDGE_CURVE ( 'NONE', #6463, #2776, #9080, .T. ) ;
#3954 = DIRECTION ( 'NONE',  ( 0.000000000000000000, 0.000000000000000000, 1.000000000000000000 ) ) ;
#3955 = EDGE_CURVE ( 'NONE', #974, #1418, #2360, .T. ) ;
#3956 = VECTOR ( 'NONE', #546, 1000.000000000000000 ) ;
#3957 = ORIENTED_EDGE ( 'NONE', *, *, #502, .F. ) ;
#3958 = LINE ( 'NONE', #6881, #5519 ) ;
#3959 = ORIENTED_EDGE ( 'NONE', *, *, #7884, .T. ) ;
#3960 = CARTESIAN_POINT ( 'NONE',  ( 3.554649624163122024, -3.000000000000000000, 2.373082377287075051 ) ) ;
#3961 = CARTESIAN_POINT ( 'NONE',  ( 3.744589652970312876, -3.010000000000000231, 1.722046554408605656 ) ) ;
#3962 = VERTEX_POINT ( 'NONE', #9026 ) ;
#3963 = VECTOR ( 'NONE', #4667, 1000.000000000000000 ) ;
#3964 = CARTESIAN_POINT ( 'NONE',  ( 3.033227229592507790, -3.010000000000000231, 1.872719866179106019 ) ) ;
#3965 = FACE_OUTER_BOUND ( 'NONE', #8672, .T. ) ;
#3966 = CARTESIAN_POINT ( 'NONE',  ( 3.717326709180762911, -3.000000000000000000, 2.375702239752584433 ) ) ;
#3967 =( NAMED_UNIT ( * ) PLANE_ANGLE_UNIT ( ) SI_UNIT ( $, .RADIAN. ) );
#3968 = VECTOR ( 'NONE', #8065, 1000.000000000000000 ) ;
#3969 = CARTESIAN_POINT ( 'NONE',  ( 2.607401155940304527, -3.000000000000000000, 1.553919545106920763 ) ) ;
#3970 = CARTESIAN_POINT ( 'NONE',  ( 3.295528852104097961, -3.000000000000000000, 1.875308508687755893 ) ) ;
#3971 = VERTEX_POINT ( 'NONE', #7577 ) ;
#3972 = DIRECTION ( 'NONE',  ( -0.000000000000000000, 0.000000000000000000, -1.000000000000000000 ) ) ;
#3973 = DIRECTION ( 'NONE',  ( -0.000000000000000000, 1.000000000000000000, -0.000000000000000000 ) ) ;
#3974 = PLANE ( 'NONE',  #4738 ) ;
#3975 = VECTOR ( 'NONE', #2797, 1000.000000000000000 ) ;
#3976 = DIRECTION ( 'NONE',  ( 0.000000000000000000, -1.000000000000000000, 0.000000000000000000 ) ) ;
#3977 = AXIS2_PLACEMENT_3D ( 'NONE', #7252, #6613, #9478 ) ;
#3978 = ORIENTED_EDGE ( 'NONE', *, *, #6272, .T. ) ;
#3979 = ORIENTED_EDGE ( 'NONE', *, *, #6673, .T. ) ;
#3980 = FILL_AREA_STYLE ('',( #399 ) ) ;
#3981 = EDGE_CURVE ( 'NONE', #8075, #7616, #8307, .T. ) ;
#3982 = CARTESIAN_POINT ( 'NONE',  ( 3.336873556650385986, -3.000000000000000000, 1.699286499232269598 ) ) ;
#3983 = CARTESIAN_POINT ( 'NONE',  ( 2.302263671026000935, -3.000000000000000000, 1.506099531692459692 ) ) ;
#3984 = ORIENTED_EDGE ( 'NONE', *, *, #6796, .T. ) ;
#3985 = LINE ( 'NONE', #4733, #3326 ) ;
#3986 = FILL_AREA_STYLE_COLOUR ( '', #5321 ) ;
#3987 = FILL_AREA_STYLE_COLOUR ( '', #4755 ) ;
#3988 = CARTESIAN_POINT ( 'NONE',  ( 2.375132333214557079, -3.010000000000000231, 2.469331826119598006 ) ) ;
#3989 = AXIS2_PLACEMENT_3D ( 'NONE', #5625, #4817, #7672 ) ;
#3990 = EDGE_LOOP ( 'NONE', ( #961, #2514, #145, #2636 ) ) ;
#3991 = ORIENTED_EDGE ( 'NONE', *, *, #8218, .T. ) ;
#3992 = VERTEX_POINT ( 'NONE', #2471 ) ;
#3993 =( NAMED_UNIT ( * ) PLANE_ANGLE_UNIT ( ) SI_UNIT ( $, .RADIAN. ) );
#3994 = ADVANCED_FACE ( 'NONE', ( #948 ), #187, .F. ) ;
#3995 = PRESENTATION_LAYER_ASSIGNMENT (  '', '', ( #5402 ) ) ;
#3996 = CARTESIAN_POINT ( 'NONE',  ( 4.231474718195512352, -3.000000000000000000, 2.226206337768836807 ) ) ;
#3997 = ORIENTED_EDGE ( 'NONE', *, *, #1912, .F. ) ;
#3998 = CARTESIAN_POINT ( 'NONE',  ( 3.717326709180762911, -3.010000000000000231, 2.116008372780791458 ) ) ;
#3999 = FACE_OUTER_BOUND ( 'NONE', #7171, .T. ) ;
#4000 = ORIENTED_EDGE ( 'NONE', *, *, #6644, .T. ) ;
#4001 = CARTESIAN_POINT ( 'NONE',  ( 4.009441374174409489, -3.010000000000000231, 1.555521546393599630 ) ) ;
#4002 = DIRECTION ( 'NONE',  ( 0.000000000000000000, -1.000000000000000000, 0.000000000000000000 ) ) ;
#4003 = EDGE_CURVE ( 'NONE', #4971, #14, #2760, .T. ) ;
#4004 = DIRECTION ( 'NONE',  ( 1.000000000000000000, -0.000000000000000000, 2.601421064473125976E-14 ) ) ;
#4005 = EDGE_CURVE ( 'NONE', #1060, #6570, #7302, .T. ) ;
#4006 = EDGE_CURVE ( 'NONE', #6518, #4928, #3861, .T. ) ;
#4007 = EDGE_LOOP ( 'NONE', ( #9209, #4487, #6525, #372 ) ) ;
#4008 = CARTESIAN_POINT ( 'NONE',  ( 3.833664976824861181, -3.010000000000000231, 1.684713514262567546 ) ) ;
#4009 = CARTESIAN_POINT ( 'NONE',  ( 4.223860742902751042, -3.000000000000000000, 1.838466692755773346 ) ) ;
#4010 = ORIENTED_EDGE ( 'NONE', *, *, #4939, .T. ) ;
#4011 = SURFACE_STYLE_USAGE ( .BOTH. , #2466 ) ;
#4012 = CARTESIAN_POINT ( 'NONE',  ( 2.821452747967625463, -3.000000000000000000, 1.560750963185869367 ) ) ;
#4013 = CARTESIAN_POINT ( 'NONE',  ( 3.467784809264184975, -3.010000000000000231, 1.555030322181716107 ) ) ;
#4014 = CARTESIAN_POINT ( 'NONE',  ( 3.593865690455768647, -3.010000000000000231, 2.388801552084495405 ) ) ;
#4015 = CARTESIAN_POINT ( 'NONE',  ( 3.451410668849840491, -3.010000000000000231, 1.735964573760294227 ) ) ;
#4016 = CARTESIAN_POINT ( 'NONE',  ( 1.019999999999999130, -2.449999999999999289, -4.099999999999999645 ) ) ;
#4017 = B_SPLINE_CURVE_WITH_KNOTS ( 'NONE', 3,
 ( #4366, #2192, #8806, #3586 ),
 .UNSPECIFIED., .F., .F.,
 ( 4, 4 ),
 ( 4.000000000000000000, 5.000000000000000000 ),
 .UNSPECIFIED. ) ;
#4018 = EDGE_CURVE ( 'NONE', #6797, #1480, #2296, .T. ) ;
#4019 = CARTESIAN_POINT ( 'NONE',  ( 3.798133092125633770, -3.000000000000000000, 1.747917696262322185 ) ) ;
#4020 = ORIENTED_EDGE ( 'NONE', *, *, #675, .T. ) ;
#4021 = FACE_OUTER_BOUND ( 'NONE', #3489, .T. ) ;
#4022 = CARTESIAN_POINT ( 'NONE',  ( 3.898834055674295307, -3.000000000000000000, 1.617252055755535434 ) ) ;
#4023 = CARTESIAN_POINT ( 'NONE',  ( 2.142863553923001430, -3.000000000000000000, 1.861334183860016811 ) ) ;
#4024 = CARTESIAN_POINT ( 'NONE',  ( 2.821452747967625463, -3.000000000000000000, 1.699656782622191997 ) ) ;
#4025 = ORIENTED_EDGE ( 'NONE', *, *, #5737, .T. ) ;
#4026 = ORIENTED_EDGE ( 'NONE', *, *, #1634, .F. ) ;
#4027 = EDGE_LOOP ( 'NONE', ( #500, #7349, #8842, #4134 ) ) ;
#4028 = FACE_OUTER_BOUND ( 'NONE', #3004, .T. ) ;
#4029 = FACE_OUTER_BOUND ( 'NONE', #699, .T. ) ;
#4030 = B_SPLINE_CURVE_WITH_KNOTS ( 'NONE', 3,
 ( #7815, #1098, #4947, #5626 ),
 .UNSPECIFIED., .F., .F.,
 ( 4, 4 ),
 ( 8.000000000000000000, 9.000000000000000000 ),
 .UNSPECIFIED. ) ;
#4031 = DIRECTION ( 'NONE',  ( -1.000000000000000000, 0.000000000000000000, -0.000000000000000000 ) ) ;
#4032 = CARTESIAN_POINT ( 'NONE',  ( 4.103920164363939804, -3.010000000000000231, 2.346556269815353701 ) ) ;
#4033 = CARTESIAN_POINT ( 'NONE',  ( -5.249999999999999112, 3.000000000000000000, -0.5000000000000000000 ) ) ;
#4034 = DIRECTION ( 'NONE',  ( -0.000000000000000000, 0.000000000000000000, -1.000000000000000000 ) ) ;
#4035 = CARTESIAN_POINT ( 'NONE',  ( -3.560000000000000941, -2.449999999999998845, -4.099999999999999645 ) ) ;
#4036 = ORIENTED_EDGE ( 'NONE', *, *, #2590, .T. ) ;
#4037 = ORIENTED_EDGE ( 'NONE', *, *, #3875, .F. ) ;
#4038 = B_SPLINE_CURVE_WITH_KNOTS ( 'NONE', 3,
 ( #8715, #3365, #5747, #1902 ),
 .UNSPECIFIED., .F., .F.,
 ( 4, 4 ),
 ( 1.000000000000000000, 2.000000000000000000 ),
 .UNSPECIFIED. ) ;
#4039 = ORIENTED_EDGE ( 'NONE', *, *, #2586, .T. ) ;
#4040 = ORIENTED_EDGE ( 'NONE', *, *, #9439, .T. ) ;
#4041 = CARTESIAN_POINT ( 'NONE',  ( 3.782659529434163836, -3.000000000000000000, 1.549626855844558726 ) ) ;
#4042 = VERTEX_POINT ( 'NONE', #3907 ) ;
#4043 = CARTESIAN_POINT ( 'NONE',  ( 2.245335085695980837, -3.010000000000000231, 1.783911257429141584 ) ) ;
#4044 =( NAMED_UNIT ( * ) PLANE_ANGLE_UNIT ( ) SI_UNIT ( $, .RADIAN. ) );
#4045 = LINE ( 'NONE', #1861, #4244 ) ;
#4046 = ORIENTED_EDGE ( 'NONE', *, *, #7457, .F. ) ;
#4047 = CARTESIAN_POINT ( 'NONE',  ( 4.014189874894634968, -3.000000000000000000, 2.383398085747340023 ) ) ;
#4048 = PLANE ( 'NONE',  #4259 ) ;
#4049 = ADVANCED_FACE ( 'NONE', ( #141 ), #3087, .F. ) ;
#4050 = VERTEX_POINT ( 'NONE', #5283 ) ;
#4051 = DIRECTION ( 'NONE',  ( -0.000000000000000000, 1.000000000000000000, -0.000000000000000000 ) ) ;
#4052 = VERTEX_POINT ( 'NONE', #1574 ) ;
#4053 =( LENGTH_UNIT ( ) NAMED_UNIT ( * ) SI_UNIT ( .MILLI., .METRE. ) );
#4054 = DIRECTION ( 'NONE',  ( 1.000000000000000000, 0.000000000000000000, -0.000000000000000000 ) ) ;
#4055 = VERTEX_POINT ( 'NONE', #7524 ) ;
#4056 = CARTESIAN_POINT ( 'NONE',  ( 2.807789911811908734, -3.010000000000000231, 2.171025802717343911 ) ) ;
#4057 = CARTESIAN_POINT ( 'NONE',  ( 3.564637849815470272, -3.010000000000000231, 1.655403802921366463 ) ) ;
#4058 = LINE ( 'NONE', #4110, #6426 ) ;
#4059 = CARTESIAN_POINT ( 'NONE',  ( 2.142863553923001430, -3.010000000000000231, 1.861334183860016811 ) ) ;
#4060 = EDGE_CURVE ( 'NONE', #2950, #6092, #3423, .T. ) ;
#4061 = EDGE_LOOP ( 'NONE', ( #4246, #8912, #2878, #6340 ) ) ;
#4062 = CARTESIAN_POINT ( 'NONE',  ( 4.274948060994349319, -3.000000000000000000, 2.227352527598723597 ) ) ;
#4063 = FACE_OUTER_BOUND ( 'NONE', #5115, .T. ) ;
#4064 = FACE_OUTER_BOUND ( 'NONE', #2048, .T. ) ;
#4065 = CARTESIAN_POINT ( 'NONE',  ( 3.477527422810591240, -3.000000000000000000, 2.217200560540232956 ) ) ;
#4066 = VECTOR ( 'NONE', #6150, 1000.000000000000000 ) ;
#4067 = B_SPLINE_SURFACE_WITH_KNOTS ( 'NONE', 3, 1, ( 
 ( #3576, #7824 ),
 ( #6551, #4954 ),
 ( #2140, #1156 ),
 ( #4118, #4911 ) ),
 .UNSPECIFIED., .F., .F., .F.,
 ( 4, 4 ),
 ( 2, 2 ),
 ( 2.000000000000000000, 3.000000000000000000 ),
 ( 0.000000000000000000, 1.000000000000000000 ),
 .UNSPECIFIED. ) ;
#4068 = CARTESIAN_POINT ( 'NONE',  ( 3.813524784115134292, -3.010000000000000231, 1.692573101661276169 ) ) ;
#4069 = CARTESIAN_POINT ( 'NONE',  ( 3.573316144235061387, -3.010000000000000231, 2.105856405722311475 ) ) ;
#4070 = VECTOR ( 'NONE', #9214, 1000.000000000000000 ) ;
#4071 = ADVANCED_FACE ( 'NONE', ( #2696 ), #6992, .F. ) ;
#4072 = EDGE_CURVE ( 'NONE', #7160, #3273, #4058, .T. ) ;
#4073 = ORIENTED_EDGE ( 'NONE', *, *, #4562, .F. ) ;
#4074 = STYLED_ITEM ( 'NONE', ( #3632 ), #8644 ) ;
#4075 = ORIENTED_EDGE ( 'NONE', *, *, #6861, .T. ) ;
#4076 = DIRECTION ( 'NONE',  ( -0.000000000000000000, 1.000000000000000000, -0.000000000000000000 ) ) ;
#4077 = CARTESIAN_POINT ( 'NONE',  ( 2.696209764690269406, -3.010000000000000231, 2.048059973275527579 ) ) ;
#4078 = ORIENTED_EDGE ( 'NONE', *, *, #2671, .T. ) ;
#4079 = CARTESIAN_POINT ( 'NONE',  ( 2.807789911811908734, -3.000000000000000000, 2.171025802717343911 ) ) ;
#4080 = LINE ( 'NONE', #9294, #2974 ) ;
#4081 = CARTESIAN_POINT ( 'NONE',  ( 2.621063992097105722, -3.010000000000000231, 1.822622698928031415 ) ) ;
#4082 = CARTESIAN_POINT ( 'NONE',  ( 4.456619148892922766, -3.010000000000000231, 1.591544655305799694 ) ) ;
#4083 =( GEOMETRIC_REPRESENTATION_CONTEXT ( 3 ) GLOBAL_UNCERTAINTY_ASSIGNED_CONTEXT ( ( #7432 ) ) GLOBAL_UNIT_ASSIGNED_CONTEXT ( ( #5801, #2730, #8037 ) ) REPRESENTATION_CONTEXT ( 'NONE', 'WORKASPACE' ) );
#4084 = ORIENTED_EDGE ( 'NONE', *, *, #3152, .F. ) ;
#4085 = VECTOR ( 'NONE', #5605, 1000.000000000000000 ) ;
#4086 = AXIS2_PLACEMENT_3D ( 'NONE', #3042, #92, #6019 ) ;
#4087 = ORIENTED_EDGE ( 'NONE', *, *, #6627, .T. ) ;
#4088 = DIRECTION ( 'NONE',  ( -0.000000000000000000, 0.000000000000000000, -1.000000000000000000 ) ) ;
#4089 = VECTOR ( 'NONE', #7201, 1000.000000000000000 ) ;
#4090 = ORIENTED_EDGE ( 'NONE', *, *, #8591, .T. ) ;
#4091 = CARTESIAN_POINT ( 'NONE',  ( 1.892377587367223279, -3.000000000000000000, 1.797574137020124363 ) ) ;
#4092 = AXIS2_PLACEMENT_3D ( 'NONE', #7135, #4990, #472 ) ;
#4093 = CARTESIAN_POINT ( 'NONE',  ( 3.566193393155260516, -3.000000000000000000, 1.585977447564666631 ) ) ;
#4094 = CARTESIAN_POINT ( 'NONE',  ( 3.829735183125515530, -3.000000000000000000, 1.756432249279040736 ) ) ;
#4095 = ORIENTED_EDGE ( 'NONE', *, *, #5792, .T. ) ;
#4096 = VECTOR ( 'NONE', #4950, 1000.000000000000000 ) ;
#4097 = CARTESIAN_POINT ( 'NONE',  ( 3.744344040864370893, -3.010000000000000231, 1.604480226231551176 ) ) ;
#4098 = CARTESIAN_POINT ( 'NONE',  ( 3.609584865253185892, -3.010000000000000231, 1.549626855844558726 ) ) ;
#4099 = COLOUR_RGB ( '',0.2980392156862745057, 0.2980392156862745057, 0.2980392156862745057 ) ;
#4100 = VECTOR ( 'NONE', #7363, 1000.000000000000000 ) ;
#4101 = EDGE_LOOP ( 'NONE', ( #5886, #8704, #2557, #6477 ) ) ;
#4102 = CARTESIAN_POINT ( 'NONE',  ( 3.593865690455768647, -3.000000000000000000, 2.388801552084495405 ) ) ;
#4103 = CARTESIAN_POINT ( 'NONE',  ( 2.233949316509593608, -3.010000000000000231, 2.332703117088970490 ) ) ;
#4104 = EDGE_LOOP ( 'NONE', ( #7104, #5779, #2465, #552 ) ) ;
#4105 = CARTESIAN_POINT ( 'NONE',  ( 1.951583369965870229, -3.010000000000000231, 2.148254481510083913 ) ) ;
#4106 = FILL_AREA_STYLE_COLOUR ( '', #7512 ) ;
#4107 = EDGE_CURVE ( 'NONE', #8381, #643, #9219, .T. ) ;
#4108 = FACE_OUTER_BOUND ( 'NONE', #424, .T. ) ;
#4109 = AXIS2_PLACEMENT_3D ( 'NONE', #4081, #6375, #3398 ) ;
#4110 = CARTESIAN_POINT ( 'NONE',  ( -1.520000000000000906, -2.449999999999999289, 0.5000000000000000000 ) ) ;
#4111 = DIRECTION ( 'NONE',  ( -1.222652889225965312E-14, -0.000000000000000000, 1.000000000000000000 ) ) ;
#4112 = ORIENTED_EDGE ( 'NONE', *, *, #2602, .F. ) ;
#4113 = CARTESIAN_POINT ( 'NONE',  ( 3.919711084702924619, -3.000000000000000000, 1.783777063770560556 ) ) ;
#4114 = VECTOR ( 'NONE', #6800, 1000.000000000000000 ) ;
#4115 = CARTESIAN_POINT ( 'NONE',  ( 3.558497547160498264, -3.000000000000000000, 1.592854586537445050 ) ) ;
#4116 = CARTESIAN_POINT ( 'NONE',  ( 3.632672403237443337, -3.010000000000000231, 1.601205398150215675 ) ) ;
#4117 = EDGE_CURVE ( 'NONE', #8336, #4314, #7186, .T. ) ;
#4118 = CARTESIAN_POINT ( 'NONE',  ( 3.558497547160498264, -3.010000000000000231, 1.592854586537445050 ) ) ;
#4119 = CARTESIAN_POINT ( 'NONE',  ( 3.628660738836102073, -3.010000000000000231, 2.057716432904142412 ) ) ;
#4120 = CARTESIAN_POINT ( 'NONE',  ( 3.794694522638163203, -3.000000000000000000, 1.704362482761517583 ) ) ;
#4121 = PLANE ( 'NONE',  #3528 ) ;
#4122 = AXIS2_PLACEMENT_3D ( 'NONE', #6569, #2774, #4426 ) ;
#4123 = ORIENTED_EDGE ( 'NONE', *, *, #4003, .T. ) ;
#4124 = EDGE_CURVE ( 'NONE', #2067, #1613, #2771, .T. ) ;
#4125 = VERTEX_POINT ( 'NONE', #433 ) ;
#4126 = AXIS2_PLACEMENT_3D ( 'NONE', #6064, #3866, #6172 ) ;
#4127 = FILL_AREA_STYLE_COLOUR ( '', #8469 ) ;
#4128 = EDGE_CURVE ( 'NONE', #7573, #4388, #333, .T. ) ;
#4129 = CARTESIAN_POINT ( 'NONE',  ( 3.460498316779327954, -3.000000000000000000, 1.875308508687755893 ) ) ;
#4130 = ORIENTED_EDGE ( 'NONE', *, *, #2221, .F. ) ;
#4131 = CARTESIAN_POINT ( 'NONE',  ( 3.780039666967558443, -3.000000000000000000, 1.665719511381631213 ) ) ;
#4132 = CARTESIAN_POINT ( 'NONE',  ( 1.726145921885977375, -3.010000000000000231, 1.613125284273559723 ) ) ;
#4133 = CARTESIAN_POINT ( 'NONE',  ( 2.101874915153297163, -3.010000000000000231, 2.380523163077156834 ) ) ;
#4134 = ORIENTED_EDGE ( 'NONE', *, *, #5686, .T. ) ;
#4135 = VECTOR ( 'NONE', #3546, 1000.000000000000227 ) ;
#4136 = ORIENTED_EDGE ( 'NONE', *, *, #4833, .T. ) ;
#4137 = ORIENTED_EDGE ( 'NONE', *, *, #915, .T. ) ;
#4138 = CARTESIAN_POINT ( 'NONE',  ( 3.806238291630271942, -3.000000000000000000, 1.753648645407389184 ) ) ;
#4139 = EDGE_CURVE ( 'NONE', #9288, #3676, #4853, .T. ) ;
#4140 = FACE_OUTER_BOUND ( 'NONE', #6852, .T. ) ;
#4141 = AXIS2_PLACEMENT_3D ( 'NONE', #6980, #8532, #7853 ) ;
#4142 = DIRECTION ( 'NONE',  ( -1.000000000000000000, -8.673617379884035472E-16, -0.000000000000000000 ) ) ;
#4143 = CARTESIAN_POINT ( 'NONE',  ( 1.019999999999999130, -2.149999999999999467, 0.5000000000000000000 ) ) ;
#4144 = ORIENTED_EDGE ( 'NONE', *, *, #5839, .T. ) ;
#4145 = CARTESIAN_POINT ( 'NONE',  ( 3.810331826734680849, -3.000000000000000000, 1.582375136673235927 ) ) ;
#4146 = VECTOR ( 'NONE', #8038, 1000.000000000000000 ) ;
#4147 = B_SPLINE_SURFACE_WITH_KNOTS ( 'NONE', 3, 1, ( 
 ( #6016, #5137 ),
 ( #5098, #6742 ),
 ( #804, #2938 ),
 ( #89, #8838 ) ),
 .UNSPECIFIED., .F., .F., .F.,
 ( 4, 4 ),
 ( 2, 2 ),
 ( 1.000000000000000000, 2.000000000000000000 ),
 ( 0.000000000000000000, 1.000000000000000000 ),
 .UNSPECIFIED. ) ;
#4148 = EDGE_LOOP ( 'NONE', ( #4549, #5654, #9341, #1019 ) ) ;
#4149 =( LENGTH_UNIT ( ) NAMED_UNIT ( * ) SI_UNIT ( .MILLI., .METRE. ) );
#4150 = EDGE_LOOP ( 'NONE', ( #4371, #6377, #5975, #3432, #4552, #4455 ) ) ;
#4151 = DIRECTION ( 'NONE',  ( -1.000000000000000000, -8.673617379884035472E-16, -0.000000000000000000 ) ) ;
#4152 = SURFACE_STYLE_USAGE ( .BOTH. , #2740 ) ;
#4153 = VERTEX_POINT ( 'NONE', #520 ) ;
#4154 = CARTESIAN_POINT ( 'NONE',  ( 4.430174912123167275, -3.010000000000000231, 2.320030162343628799 ) ) ;
#4155 = CARTESIAN_POINT ( 'NONE',  ( 1.974354734605141770, -3.000000000000000000, 1.403627999920574743 ) ) ;
#4156 = CARTESIAN_POINT ( 'NONE',  ( 2.375132333214557079, -3.010000000000000231, 2.469331826119598006 ) ) ;
#4157 = B_SPLINE_SURFACE_WITH_KNOTS ( 'NONE', 3, 1, ( 
 ( #1701, #1650 ),
 ( #7046, #4676 ),
 ( #8324, #7639 ),
 ( #2288, #6808 ) ),
 .UNSPECIFIED., .F., .F., .F.,
 ( 4, 4 ),
 ( 2, 2 ),
 ( 5.000000000000000000, 6.000000000000000000 ),
 ( 0.000000000000000000, 1.000000000000000000 ),
 .UNSPECIFIED. ) ;
#4158 = ORIENTED_EDGE ( 'NONE', *, *, #6135, .F. ) ;
#4159 = ORIENTED_EDGE ( 'NONE', *, *, #7988, .F. ) ;
#4160 = B_SPLINE_CURVE_WITH_KNOTS ( 'NONE', 3,
 ( #4837, #8673, #6384, #2011 ),
 .UNSPECIFIED., .F., .F.,
 ( 4, 4 ),
 ( 33.00000000000000000, 34.00000000000000000 ),
 .UNSPECIFIED. ) ;
#4161 = CARTESIAN_POINT ( 'NONE',  ( 4.231474718195512352, -3.010000000000000231, 2.266159240380387629 ) ) ;
#4162 = DIRECTION ( 'NONE',  ( -0.000000000000000000, 1.000000000000000000, -0.000000000000000000 ) ) ;
#4163 = CARTESIAN_POINT ( 'NONE',  ( 4.595553730310481200, -3.000000000000000000, 1.861226747929926928 ) ) ;
#4164 = CARTESIAN_POINT ( 'NONE',  ( 1.580408640940868192, -3.010000000000000231, 1.824899765898445159 ) ) ;
#4165 = DIRECTION ( 'NONE',  ( 1.624890687905865994E-14, -0.000000000000000000, -1.000000000000000000 ) ) ;
#4166 = DIRECTION ( 'NONE',  ( -0.000000000000000000, -0.000000000000000000, -1.000000000000000000 ) ) ;
#4167 = ORIENTED_EDGE ( 'NONE', *, *, #3910, .T. ) ;
#4168 = EDGE_CURVE ( 'NONE', #839, #7879, #5538, .T. ) ;
#4169 = FILL_AREA_STYLE_COLOUR ( '', #564 ) ;
#4170 = ORIENTED_EDGE ( 'NONE', *, *, #4843, .T. ) ;
#4171 = DIRECTION ( 'NONE',  ( 0.000000000000000000, 0.000000000000000000, -1.000000000000000000 ) ) ;
#4172 = FACE_OUTER_BOUND ( 'NONE', #7120, .T. ) ;
#4173 = CARTESIAN_POINT ( 'NONE',  ( 3.744344040864370893, -3.010000000000000231, 1.563053650984391529 ) ) ;
#4174 = ORIENTED_EDGE ( 'NONE', *, *, #7649, .T. ) ;
#4175 = CARTESIAN_POINT ( 'NONE',  ( 4.142071911529770389, -3.010000000000000231, 2.346556269815353701 ) ) ;
#4176 = CARTESIAN_POINT ( 'NONE',  ( 3.578719610572211884, -3.010000000000000231, 1.549626855844558726 ) ) ;
#4177 = SURFACE_STYLE_USAGE ( .BOTH. , #7844 ) ;
#4178 = ADVANCED_FACE ( 'NONE', ( #8501 ), #8745, .F. ) ;
#4179 = EDGE_CURVE ( 'NONE', #3562, #6346, #4030, .T. ) ;
#4180 = EDGE_CURVE ( 'NONE', #7159, #4690, #1144, .T. ) ;
#4181 = EDGE_LOOP ( 'NONE', ( #7275, #3434, #2739, #170, #2265, #3879, #1085, #3957, #9427, #7558, #5611, #9169, #4026, #9606, #436, #4624, #9596, #1124, #5984, #7501, #1967 ) ) ;
#4182 = EDGE_CURVE ( 'NONE', #8813, #654, #5583, .T. ) ;
#4183 = ORIENTED_EDGE ( 'NONE', *, *, #2473, .F. ) ;
#4184 = ORIENTED_EDGE ( 'NONE', *, *, #4182, .T. ) ;
#4185 = CARTESIAN_POINT ( 'NONE',  ( 3.798133092125633770, -3.000000000000000000, 1.747917696262322185 ) ) ;
#4186 =( LENGTH_UNIT ( ) NAMED_UNIT ( * ) SI_UNIT ( .MILLI., .METRE. ) );
#4187 = ORIENTED_EDGE ( 'NONE', *, *, #1089, .F. ) ;
#4188 = LINE ( 'NONE', #7895, #1768 ) ;
#4189 = LINE ( 'NONE', #9449, #2078 ) ;
#4190 = ORIENTED_EDGE ( 'NONE', *, *, #3875, .T. ) ;
#4191 = FACE_OUTER_BOUND ( 'NONE', #1006, .T. ) ;
#4192 = ORIENTED_EDGE ( 'NONE', *, *, #5571, .F. ) ;
#4193 = EDGE_CURVE ( 'NONE', #5866, #7945, #1147, .T. ) ;
#4194 = EDGE_CURVE ( 'NONE', #8813, #7133, #104, .T. ) ;
#4195 = EDGE_LOOP ( 'NONE', ( #2523, #1424, #5746, #1092 ) ) ;
#4196 = DIRECTION ( 'NONE',  ( -1.000000000000000000, 0.000000000000000000, 0.000000000000000000 ) ) ;
#4197 = ORIENTED_EDGE ( 'NONE', *, *, #4596, .T. ) ;
#4198 = FACE_OUTER_BOUND ( 'NONE', #932, .T. ) ;
#4199 = ORIENTED_EDGE ( 'NONE', *, *, #3119, .T. ) ;
#4200 = VERTEX_POINT ( 'NONE', #475 ) ;
#4201 = FACE_OUTER_BOUND ( 'NONE', #8486, .T. ) ;
#4202 = CARTESIAN_POINT ( 'NONE',  ( 4.834943663167497796, -3.000000000000000000, 1.824712414805855776 ) ) ;
#4203 = CARTESIAN_POINT ( 'NONE',  ( 4.035230645327230192, -3.010000000000000231, 1.611521106610473542 ) ) ;
#4204 = DIRECTION ( 'NONE',  ( -1.000000000000000000, 0.000000000000000000, 0.000000000000000000 ) ) ;
#4205 = ORIENTED_EDGE ( 'NONE', *, *, #7333, .T. ) ;
#4206 = CARTESIAN_POINT ( 'NONE',  ( 3.600742829429650627, -3.010000000000000231, 2.094558248836125181 ) ) ;
#4207 = CARTESIAN_POINT ( 'NONE',  ( 2.812344132620041126, -3.010000000000000231, 2.048059973275527579 ) ) ;
#4208 = CARTESIAN_POINT ( 'NONE',  ( 4.503367319777459521, -3.010000000000000231, 1.555030322181724767 ) ) ;
#4209 = CARTESIAN_POINT ( 'NONE',  ( 1.949306216129249592, -3.010000000000000231, 2.284883060241407193 ) ) ;
#4210 = CARTESIAN_POINT ( 'NONE',  ( 1.676048732919441564, -3.000000000000000000, 1.667776802633160749 ) ) ;
#4211 = PRODUCT_DEFINITION ( 'Œ¥÷™', '', #8286, #7622 ) ;
#4212 = CARTESIAN_POINT ( 'NONE',  ( 4.770265808529932983, -3.010000000000000231, 1.642631973397385758 ) ) ;
#4213 = UNCERTAINTY_MEASURE_WITH_UNIT (LENGTH_MEASURE( 1.000000000000000082E-05 ), #5802, 'distance_accuracy_value', 'NONE');
#4214 = STYLED_ITEM ( 'NONE', ( #3472 ), #9062 ) ;
#4215 = SURFACE_STYLE_FILL_AREA ( #7147 ) ;
#4216 = ORIENTED_EDGE ( 'NONE', *, *, #5424, .F. ) ;
#4217 = CARTESIAN_POINT ( 'NONE',  ( 3.953687426062375554, -3.000000000000000000, 2.063119899241303568 ) ) ;
#4218 = DIRECTION ( 'NONE',  ( -0.000000000000000000, 0.000000000000000000, 1.000000000000000000 ) ) ;
#4219 = CARTESIAN_POINT ( 'NONE',  ( 2.625618212905238114, -3.010000000000000231, 1.692825364543246724 ) ) ;
#4220 = DIRECTION ( 'NONE',  ( 4.451381212076075166E-14, -0.000000000000000000, -1.000000000000000000 ) ) ;
#4221 = ORIENTED_EDGE ( 'NONE', *, *, #7224, .F. ) ;
#4222 = CARTESIAN_POINT ( 'NONE',  ( 4.055534579442018561, -3.010000000000000231, 2.346556269815353701 ) ) ;
#4223 = EDGE_CURVE ( 'NONE', #6857, #1627, #7725, .T. ) ;
#4224 = LINE ( 'NONE', #9246, #1277 ) ;
#4225 = PLANE ( 'NONE',  #6919 ) ;
#4226 = FACE_OUTER_BOUND ( 'NONE', #4007, .T. ) ;
#4227 =( GEOMETRIC_REPRESENTATION_CONTEXT ( 3 ) GLOBAL_UNCERTAINTY_ASSIGNED_CONTEXT ( ( #3811 ) ) GLOBAL_UNIT_ASSIGNED_CONTEXT ( ( #5556, #8470, #9385 ) ) REPRESENTATION_CONTEXT ( 'NONE', 'WORKASPACE' ) );
#4228 = VECTOR ( 'NONE', #6900, 1000.000000000000000 ) ;
#4229 = VERTEX_POINT ( 'NONE', #2173 ) ;
#4230 = ORIENTED_EDGE ( 'NONE', *, *, #3211, .T. ) ;
#4231 = CARTESIAN_POINT ( 'NONE',  ( 3.953687426062375554, -3.010000000000000231, 2.063119899241303568 ) ) ;
#4232 = CARTESIAN_POINT ( 'NONE',  ( 3.826460355043078465, -3.000000000000000000, 1.647707956926624862 ) ) ;
#4233 = LINE ( 'NONE', #9395, #8950 ) ;
#4234 = ORIENTED_EDGE ( 'NONE', *, *, #2164, .F. ) ;
#4235 = CARTESIAN_POINT ( 'NONE',  ( 1.860497563946187594, -3.010000000000000231, 1.711042595240583886 ) ) ;
#4236 = B_SPLINE_SURFACE_WITH_KNOTS ( 'NONE', 3, 1, ( 
 ( #2887, #519 ),
 ( #5864, #2172 ),
 ( #8684, #3607 ),
 ( #701, #8827 ) ),
 .UNSPECIFIED., .F., .F., .F.,
 ( 4, 4 ),
 ( 2, 2 ),
 ( 10.00000000000000000, 11.00000000000000000 ),
 ( 0.000000000000000000, 1.000000000000000000 ),
 .UNSPECIFIED. ) ;
#4237 = ADVANCED_FACE ( 'NONE', ( #2745 ), #567, .F. ) ;
#4238 = CARTESIAN_POINT ( 'NONE',  ( 3.717326709180762911, -3.000000000000000000, 2.076382952977158691 ) ) ;
#4239 = CARTESIAN_POINT ( 'NONE',  ( 4.903633182206389662, -3.010000000000000231, 1.642631973397385758 ) ) ;
#4240 = CARTESIAN_POINT ( 'NONE',  ( 1.580408640940868192, -3.000000000000000000, 1.915985571920315156 ) ) ;
#4241 = AXIS2_PLACEMENT_3D ( 'NONE', #6216, #3868, #2519 ) ;
#4242 = VECTOR ( 'NONE', #8097, 1000.000000000000000 ) ;
#4243 = AXIS2_PLACEMENT_3D ( 'NONE', #1680, #4658, #3905 ) ;
#4244 = VECTOR ( 'NONE', #8431, 999.9999999999998863 ) ;
#4245 = EDGE_CURVE ( 'NONE', #7456, #6344, #8091, .T. ) ;
#4246 = ORIENTED_EDGE ( 'NONE', *, *, #5389, .F. ) ;
#4247 = SURFACE_SIDE_STYLE ('',( #4298 ) ) ;
#4248 = VERTEX_POINT ( 'NONE', #8008 ) ;
#4249 =( NAMED_UNIT ( * ) PLANE_ANGLE_UNIT ( ) SI_UNIT ( $, .RADIAN. ) );
#4250 = VERTEX_POINT ( 'NONE', #5130 ) ;
#4251 = LINE ( 'NONE', #2648, #1600 ) ;
#4252 = VERTEX_POINT ( 'NONE', #3608 ) ;
#4253 = EDGE_CURVE ( 'NONE', #8729, #3501, #4257, .T. ) ;
#4254 = FACE_OUTER_BOUND ( 'NONE', #5119, .T. ) ;
#4255 = EDGE_CURVE ( 'NONE', #8277, #4527, #1341, .T. ) ;
#4256 = DIRECTION ( 'NONE',  ( -1.222652889225965312E-14, -0.000000000000000000, 1.000000000000000000 ) ) ;
#4257 = LINE ( 'NONE', #9605, #4726 ) ;
#4258 = STYLED_ITEM ( 'NONE', ( #7683 ), #7146 ) ;
#4259 = AXIS2_PLACEMENT_3D ( 'NONE', #5526, #4002, #1134 ) ;
#4260 = CARTESIAN_POINT ( 'NONE',  ( 2.968328605832535327, -3.010000000000000231, 2.057737844508252589 ) ) ;
#4261 = ORIENTED_EDGE ( 'NONE', *, *, #8884, .F. ) ;
#4262 = CARTESIAN_POINT ( 'NONE',  ( 4.219767207797254116, -3.010000000000000231, 2.296287658743552118 ) ) ;
#4263 = DIRECTION ( 'NONE',  ( 0.000000000000000000, 0.000000000000000000, 1.000000000000000000 ) ) ;
#4264 = LINE ( 'NONE', #5685, #7671 ) ;
#4265 = EDGE_CURVE ( 'NONE', #5352, #5280, #6828, .T. ) ;
#4266 = VECTOR ( 'NONE', #1673, 1000.000000000000000 ) ;
#4267 = CARTESIAN_POINT ( 'NONE',  ( 4.035230645327230192, -3.000000000000000000, 1.611521106610473542 ) ) ;
#4268 = CARTESIAN_POINT ( 'NONE',  ( 2.302263671026000935, -3.010000000000000231, 1.506099531692459692 ) ) ;
#4269 = CARTESIAN_POINT ( 'NONE',  ( 4.580898874638786644, -3.010000000000000231, 2.063119899241303568 ) ) ;
#4270 = CARTESIAN_POINT ( 'NONE',  ( 4.831259481574080361, -3.010000000000000231, 1.811940585284053773 ) ) ;
#4271 = B_SPLINE_CURVE_WITH_KNOTS ( 'NONE', 3,
 ( #728, #4288, #2156, #7261 ),
 .UNSPECIFIED., .F., .F.,
 ( 4, 4 ),
 ( 6.000000000000000000, 7.000000000000000000 ),
 .UNSPECIFIED. ) ;
#4272 = VECTOR ( 'NONE', #5342, 1000.000000000000000 ) ;
#4273 = SURFACE_SIDE_STYLE ('',( #4215 ) ) ;
#4274 = ORIENTED_EDGE ( 'NONE', *, *, #7405, .F. ) ;
#4275 = CARTESIAN_POINT ( 'NONE',  ( 3.894331167059998489, -3.010000000000000231, 1.644924353057164224 ) ) ;
#4276 = CARTESIAN_POINT ( 'NONE',  ( 5.550000000000000711, 2.799999999999999822, 0.000000000000000000 ) ) ;
#4277 = CARTESIAN_POINT ( 'NONE',  ( 4.105557578407878161, -3.010000000000000231, 2.383398085747340023 ) ) ;
#4278 = PLANE ( 'NONE',  #3977 ) ;
#4279 = ORIENTED_EDGE ( 'NONE', *, *, #5241, .T. ) ;
#4280 = FILL_AREA_STYLE ('',( #8753 ) ) ;
#4281 = VECTOR ( 'NONE', #8748, 1000.000000000000000 ) ;
#4282 =( NAMED_UNIT ( * ) SI_UNIT ( $, .STERADIAN. ) SOLID_ANGLE_UNIT ( ) );
#4283 = CARTESIAN_POINT ( 'NONE',  ( 3.538930449364621200, -3.010000000000000231, 1.555685287797550886 ) ) ;
#4284 = MECHANICAL_DESIGN_GEOMETRIC_PRESENTATION_REPRESENTATION (  '', ( #7393 ), #8634 ) ;
#4285 = DIRECTION ( 'NONE',  ( 1.624890687905883980E-14, 0.000000000000000000, -1.000000000000000000 ) ) ;
#4286 = VERTEX_POINT ( 'NONE', #7282 ) ;
#4287 = ORIENTED_EDGE ( 'NONE', *, *, #1034, .F. ) ;
#4288 = CARTESIAN_POINT ( 'NONE',  ( 1.619120109584898382, -3.010000000000000231, 2.107265755875262325 ) ) ;
#4289 = CARTESIAN_POINT ( 'NONE',  ( 4.554045284359155232, -3.010000000000000231, 1.555030322181724767 ) ) ;
#4290 = ORIENTED_EDGE ( 'NONE', *, *, #8858, .F. ) ;
#4291 = CARTESIAN_POINT ( 'NONE',  ( 1.976631931875952652, -3.000000000000000000, 1.861334183860016811 ) ) ;
#4292 = CARTESIAN_POINT ( 'NONE',  ( 3.464428110479771394, -3.010000000000000231, 2.063119899241296462 ) ) ;
#4293 = CARTESIAN_POINT ( 'NONE',  ( 3.822776173449652148, -3.010000000000000231, 2.346556269815353701 ) ) ;
#4294 = LINE ( 'NONE', #7312, #1986 ) ;
#4295 = VECTOR ( 'NONE', #5826, 1000.000000000000000 ) ;
#4296 = EDGE_CURVE ( 'NONE', #5554, #1763, #8911, .T. ) ;
#4297 = EDGE_LOOP ( 'NONE', ( #7731, #8678, #1025, #5923 ) ) ;
#4298 = SURFACE_STYLE_FILL_AREA ( #1186 ) ;
#4299 = AXIS2_PLACEMENT_3D ( 'NONE', #195, #6124, #5442 ) ;
#4300 = ORIENTED_EDGE ( 'NONE', *, *, #2460, .F. ) ;
#4301 = CYLINDRICAL_SURFACE ( 'NONE', #9517, 0.1999999999999996503 ) ;
#4302 = ORIENTED_EDGE ( 'NONE', *, *, #5002, .T. ) ;
#4303 = CARTESIAN_POINT ( 'NONE',  ( 4.676032630447437555, -3.000000000000000000, 1.669649305080988855 ) ) ;
#4304 = ORIENTED_EDGE ( 'NONE', *, *, #3046, .T. ) ;
#4305 = SURFACE_SIDE_STYLE ('',( #7137 ) ) ;
#4306 = CARTESIAN_POINT ( 'NONE',  ( 4.836499206507274273, -3.010000000000000231, 1.834373157650283970 ) ) ;
#4307 = CARTESIAN_POINT ( 'NONE',  ( 4.223860742902751042, -3.010000000000000231, 1.591544655305796141 ) ) ;
#4308 = ADVANCED_FACE ( 'NONE', ( #8137 ), #5906, .T. ) ;
#4309 = VECTOR ( 'NONE', #3806, 1000.000000000000000 ) ;
#4310 = EDGE_CURVE ( 'NONE', #7172, #8630, #8563, .T. ) ;
#4311 = EDGE_CURVE ( 'NONE', #3717, #4452, #4634, .T. ) ;
#4312 = VERTEX_POINT ( 'NONE', #3704 ) ;
#4313 = DIRECTION ( 'NONE',  ( 0.000000000000000000, 1.000000000000000000, 0.000000000000000000 ) ) ;
#4314 = VERTEX_POINT ( 'NONE', #6682 ) ;
#4315 = LINE ( 'NONE', #7142, #6580 ) ;
#4316 = DIRECTION ( 'NONE',  ( -1.000000000000000000, 0.000000000000000000, 0.000000000000000000 ) ) ;
#4317 = CARTESIAN_POINT ( 'NONE',  ( 1.019999999999999130, -2.449999999999999734, 0.5000000000000000000 ) ) ;
#4318 = CARTESIAN_POINT ( 'NONE',  ( 2.607401155940304527, -3.010000000000000231, 1.553919545106920763 ) ) ;
#4319 = DIRECTION ( 'NONE',  ( -0.000000000000000000, 1.000000000000000000, -0.000000000000000000 ) ) ;
#4320 = VERTEX_POINT ( 'NONE', #6100 ) ;
#4321 = EDGE_CURVE ( 'NONE', #9358, #6048, #2307, .T. ) ;
#4322 = UNCERTAINTY_MEASURE_WITH_UNIT (LENGTH_MEASURE( 1.000000000000000082E-05 ), #8926, 'distance_accuracy_value', 'NONE');
#4323 = ORIENTED_EDGE ( 'NONE', *, *, #618, .F. ) ;
#4324 = CARTESIAN_POINT ( 'NONE',  ( 4.223860742902751042, -3.010000000000000231, 1.735964573760301111 ) ) ;
#4325 = CARTESIAN_POINT ( 'NONE',  ( 2.302263671026000935, -3.010000000000000231, 1.654113966477452458 ) ) ;
#4326 = CARTESIAN_POINT ( 'NONE',  ( 3.666321261788970887, -3.010000000000000231, 2.094558248836125181 ) ) ;
#4327 = CARTESIAN_POINT ( 'NONE',  ( 3.460498316779327954, -3.010000000000000231, 1.875308508687755893 ) ) ;
#4328 = CARTESIAN_POINT ( 'NONE',  ( 4.598337334179948499, -3.010000000000000231, 1.624947901750299462 ) ) ;
#4329 = ORIENTED_EDGE ( 'NONE', *, *, #4737, .F. ) ;
#4330 = ORIENTED_EDGE ( 'NONE', *, *, #7234, .F. ) ;
#4331 = CARTESIAN_POINT ( 'NONE',  ( 3.953851167467421490, -3.000000000000000000, 1.447288478253044630 ) ) ;
#4332 = CARTESIAN_POINT ( 'NONE',  ( 3.885407260534478269, -3.010000000000000231, 1.655076320113465504 ) ) ;
#4333 = CARTESIAN_POINT ( 'NONE',  ( 3.609584865253185892, -3.010000000000000231, 1.549626855844558726 ) ) ;
#4334 = CARTESIAN_POINT ( 'NONE',  ( 2.625618212905238114, -3.010000000000000231, 1.692825364543246724 ) ) ;
#4335 =( NAMED_UNIT ( * ) PLANE_ANGLE_UNIT ( ) SI_UNIT ( $, .RADIAN. ) );
#4336 = FACE_OUTER_BOUND ( 'NONE', #2829, .T. ) ;
#4337 = DIRECTION ( 'NONE',  ( -0.000000000000000000, 1.000000000000000000, -0.000000000000000000 ) ) ;
#4338 = ORIENTED_EDGE ( 'NONE', *, *, #6760, .F. ) ;
#4339 = PLANE ( 'NONE',  #391 ) ;
#4340 = ORIENTED_EDGE ( 'NONE', *, *, #926, .T. ) ;
#4341 = CARTESIAN_POINT ( 'NONE',  ( 4.456619148892922766, -3.000000000000000000, 1.838466692755773568 ) ) ;
#4342 = VERTEX_POINT ( 'NONE', #9118 ) ;
#4343 = ORIENTED_EDGE ( 'NONE', *, *, #9426, .F. ) ;
#4344 = PRESENTATION_STYLE_ASSIGNMENT (( #2834 ) ) ;
#4345 = EDGE_CURVE ( 'NONE', #5220, #4050, #1523, .T. ) ;
#4346 =( NAMED_UNIT ( * ) PLANE_ANGLE_UNIT ( ) SI_UNIT ( $, .RADIAN. ) );
#4347 = VERTEX_POINT ( 'NONE', #229 ) ;
#4348 = CARTESIAN_POINT ( 'NONE',  ( 3.451410668849840491, -3.000000000000000000, 1.735964573760294005 ) ) ;
#4349 = EDGE_LOOP ( 'NONE', ( #1603, #4159, #2386, #1601 ) ) ;
#4350 = CARTESIAN_POINT ( 'NONE',  ( 3.950740080787856989, -3.010000000000000231, 1.481674173123481486 ) ) ;
#4351 = CARTESIAN_POINT ( 'NONE',  ( 1.860497563946187594, -3.010000000000000231, 1.711042595240583886 ) ) ;
#4352 = EDGE_CURVE ( 'NONE', #6390, #7078, #792, .T. ) ;
#4353 = CARTESIAN_POINT ( 'NONE',  ( 3.854214523045582652, -3.010000000000000231, 1.629368919661526860 ) ) ;
#4354 = B_SPLINE_CURVE_WITH_KNOTS ( 'NONE', 3,
 ( #8496, #3802, #6986, #4601 ),
 .UNSPECIFIED., .F., .F.,
 ( 4, 4 ),
 ( 3.000000000000000000, 4.000000000000000000 ),
 .UNSPECIFIED. ) ;
#4355 = PLANE ( 'NONE',  #7266 ) ;
#4356 = CARTESIAN_POINT ( 'NONE',  ( 3.649865250672663652, -3.010000000000000231, 1.737765729206012244 ) ) ;
#4357 = EDGE_CURVE ( 'NONE', #7028, #1552, #8094, .T. ) ;
#4358 = ORIENTED_EDGE ( 'NONE', *, *, #4193, .T. ) ;
#4359 = EDGE_CURVE ( 'NONE', #7247, #9204, #6827, .T. ) ;
#4360 = FACE_OUTER_BOUND ( 'NONE', #1591, .T. ) ;
#4361 = ORIENTED_EDGE ( 'NONE', *, *, #3236, .T. ) ;
#4362 = CARTESIAN_POINT ( 'NONE',  ( 2.377409443619169505, -3.010000000000000231, 2.332703117088970490 ) ) ;
#4363 = CARTESIAN_POINT ( 'NONE',  ( 3.969079118052975641, -3.010000000000000231, 1.481674173123481486 ) ) ;
#4364 = CARTESIAN_POINT ( 'NONE',  ( -5.249999999999999112, -3.000000000000000000, 0.5000000000000000000 ) ) ;
#4365 = CARTESIAN_POINT ( 'NONE',  ( 2.741752667701210289, -3.000000000000000000, 1.553919545106920763 ) ) ;
#4366 = CARTESIAN_POINT ( 'NONE',  ( 4.632559287644243184, -3.010000000000000231, 1.718116760709258450 ) ) ;
#4367 = EDGE_CURVE ( 'NONE', #5280, #3403, #749, .T. ) ;
#4368 = EDGE_CURVE ( 'NONE', #5842, #5462, #5954, .T. ) ;
#4369 = VERTEX_POINT ( 'NONE', #2405 ) ;
#4370 = ORIENTED_EDGE ( 'NONE', *, *, #1102, .T. ) ;
#4371 = ORIENTED_EDGE ( 'NONE', *, *, #4949, .F. ) ;
#4372 = CARTESIAN_POINT ( 'NONE',  ( 1.580408640940868192, -3.000000000000000000, 1.915985571920315156 ) ) ;
#4373 = CARTESIAN_POINT ( 'NONE',  ( 3.840460245096757319, -3.000000000000000000, 1.640830817951665965 ) ) ;
#4374 = CARTESIAN_POINT ( 'NONE',  ( 3.991839173228208359, -3.010000000000000231, 1.513931229740280493 ) ) ;
#4375 = ORIENTED_EDGE ( 'NONE', *, *, #2423, .F. ) ;
#4376 = DIRECTION ( 'NONE',  ( -0.000000000000000000, 1.000000000000000000, -0.000000000000000000 ) ) ;
#4377 = FACE_BOUND ( 'NONE', #1721, .T. ) ;
#4378 = CARTESIAN_POINT ( 'NONE',  ( 4.258819532687033949, -3.000000000000000000, 2.137949720935155451 ) ) ;
#4379 = DIRECTION ( 'NONE',  ( 0.000000000000000000, 1.000000000000000000, 0.000000000000000000 ) ) ;
#4380 = VERTEX_POINT ( 'NONE', #2261 ) ;
#4381 =( GEOMETRIC_REPRESENTATION_CONTEXT ( 3 ) GLOBAL_UNCERTAINTY_ASSIGNED_CONTEXT ( ( #2942 ) ) GLOBAL_UNIT_ASSIGNED_CONTEXT ( ( #4053, #4249, #2690 ) ) REPRESENTATION_CONTEXT ( 'NONE', 'WORKASPACE' ) );
#4382 = VECTOR ( 'NONE', #8173, 1000.000000000000000 ) ;
#4383 = ORIENTED_EDGE ( 'NONE', *, *, #8141, .F. ) ;
#4384 = CARTESIAN_POINT ( 'NONE',  ( 4.226644346772213012, -3.010000000000000231, 2.107985043975945771 ) ) ;
#4385 = VECTOR ( 'NONE', #5088, 1000.000000000000000 ) ;
#4386 = ORIENTED_EDGE ( 'NONE', *, *, #7375, .T. ) ;
#4387 = CARTESIAN_POINT ( 'NONE',  ( 3.649865250672663652, -3.000000000000000000, 1.555030322181719438 ) ) ;
#4388 = VERTEX_POINT ( 'NONE', #5274 ) ;
#4389 = DIRECTION ( 'NONE',  ( -0.000000000000000000, -0.000000000000000000, 1.000000000000000000 ) ) ;
#4390 = VERTEX_POINT ( 'NONE', #5228 ) ;
#4391 = CARTESIAN_POINT ( 'NONE',  ( 5.250000000000000000, -3.000000000000000000, 0.000000000000000000 ) ) ;
#4392 = CARTESIAN_POINT ( 'NONE',  ( 4.834943663167497796, -3.010000000000000231, 1.824712414805855776 ) ) ;
#4393 = CARTESIAN_POINT ( 'NONE',  ( 4.035476257433176173, -3.000000000000000000, 1.520480885907325108 ) ) ;
#4394 = VECTOR ( 'NONE', #1883, 1000.000000000000000 ) ;
#4395 = VECTOR ( 'NONE', #9131, 1000.000000000000000 ) ;
#4396 = VERTEX_POINT ( 'NONE', #8190 ) ;
#4397 = EDGE_CURVE ( 'NONE', #2609, #2871, #4492, .T. ) ;
#4398 = CARTESIAN_POINT ( 'NONE',  ( 3.336873556650379324, -3.000000000000000000, 2.099634232365364284 ) ) ;
#4399 = ORIENTED_EDGE ( 'NONE', *, *, #8884, .T. ) ;
#4400 = DIRECTION ( 'NONE',  ( -1.000000000000000000, 0.000000000000000000, 0.000000000000000000 ) ) ;
#4401 = PLANE ( 'NONE',  #2540 ) ;
#4402 = DIRECTION ( 'NONE',  ( 1.000000000000000000, 0.000000000000000000, -0.000000000000000000 ) ) ;
#4403 = B_SPLINE_CURVE_WITH_KNOTS ( 'NONE', 3,
 ( #125, #4535, #1377, #8919 ),
 .UNSPECIFIED., .F., .F.,
 ( 4, 4 ),
 ( 1.000000000000000000, 2.000000000000000000 ),
 .UNSPECIFIED. ) ;
#4404 = CARTESIAN_POINT ( 'NONE',  ( 3.556532650310834320, -3.000000000000000000, 1.549626855844558726 ) ) ;
#4405 = CARTESIAN_POINT ( 'NONE',  ( 4.174492709552705350, -3.000000000000000000, 2.110768647847597546 ) ) ;
#4406 = VECTOR ( 'NONE', #1767, 1000.000000000000000 ) ;
#4407 = FILL_AREA_STYLE ('',( #2090 ) ) ;
#4408 = DIRECTION ( 'NONE',  ( -0.3385350342956564562, 0.000000000000000000, -0.9409537876827102076 ) ) ;
#4409 = VECTOR ( 'NONE', #5450, 1000.000000000000000 ) ;
#4410 = UNCERTAINTY_MEASURE_WITH_UNIT (LENGTH_MEASURE( 1.000000000000000082E-05 ), #128, 'distance_accuracy_value', 'NONE');
#4411 = EDGE_CURVE ( 'NONE', #9342, #9353, #9559, .T. ) ;
#4412 = VECTOR ( 'NONE', #8034, 1000.000000000000000 ) ;
#4413 = PRESENTATION_LAYER_ASSIGNMENT (  '', '', ( #6130 ) ) ;
#4414 = CARTESIAN_POINT ( 'NONE',  ( 3.641432568358998978, -3.010000000000000231, 2.388801552084495405 ) ) ;
#4415 = ORIENTED_EDGE ( 'NONE', *, *, #8354, .F. ) ;
#4416 = CARTESIAN_POINT ( 'NONE',  ( 4.055534579442018561, -3.010000000000000231, 2.099634232365364284 ) ) ;
#4417 = CARTESIAN_POINT ( 'NONE',  ( 3.822776173449655701, -3.010000000000000231, 2.099634232365364284 ) ) ;
#4418 = CARTESIAN_POINT ( 'NONE',  ( 3.717326709180762911, -3.010000000000000231, 2.116008372780791458 ) ) ;
#4419 = CARTESIAN_POINT ( 'NONE',  ( 3.662391468089616797, -3.000000000000000000, 1.789016788703756244 ) ) ;
#4420 = DIRECTION ( 'NONE',  ( 0.000000000000000000, 0.000000000000000000, 1.000000000000000000 ) ) ;
#4421 = AXIS2_PLACEMENT_3D ( 'NONE', #7472, #8203, #3043 ) ;
#4422 = ORIENTED_EDGE ( 'NONE', *, *, #6686, .F. ) ;
#4423 = EDGE_CURVE ( 'NONE', #4496, #2591, #8972, .T. ) ;
#4424 = EDGE_CURVE ( 'NONE', #1616, #1525, #7565, .T. ) ;
#4425 = ADVANCED_FACE ( 'NONE', ( #847 ), #8962, .T. ) ;
#4426 = DIRECTION ( 'NONE',  ( -0.3283461648125166055, 0.000000000000000000, 0.9445574604294392218 ) ) ;
#4427 = EDGE_LOOP ( 'NONE', ( #3696, #5524, #1071, #9102 ) ) ;
#4428 = ORIENTED_EDGE ( 'NONE', *, *, #9238, .T. ) ;
#4429 = CARTESIAN_POINT ( 'NONE',  ( 2.074549155974592995, -3.000000000000000000, 1.403627999920574743 ) ) ;
#4430 = VECTOR ( 'NONE', #7640, 1000.000000000000000 ) ;
#4431 = CARTESIAN_POINT ( 'NONE',  ( 3.887863381597113310, -3.010000000000000231, 1.778864821645272709 ) ) ;
#4432 = CARTESIAN_POINT ( 'NONE',  ( 4.676032630447437555, -3.000000000000000000, 1.766747957739300379 ) ) ;
#4433 = ORIENTED_EDGE ( 'NONE', *, *, #6511, .T. ) ;
#4434 = DIRECTION ( 'NONE',  ( 1.000000000000000000, -0.000000000000000000, -0.000000000000000000 ) ) ;
#4435 = DIRECTION ( 'NONE',  ( -0.000000000000000000, 1.000000000000000000, -0.000000000000000000 ) ) ;
#4436 = LINE ( 'NONE', #1797, #1662 ) ;
#4437 = ORIENTED_EDGE ( 'NONE', *, *, #7333, .F. ) ;
#4438 = AXIS2_PLACEMENT_3D ( 'NONE', #2035, #7388, #626 ) ;
#4439 = EDGE_CURVE ( 'NONE', #1141, #8639, #3372, .T. ) ;
#4440 = ORIENTED_EDGE ( 'NONE', *, *, #5362, .F. ) ;
#4441 = CARTESIAN_POINT ( 'NONE',  ( 3.520918894909611296, -3.000000000000000000, 2.259937067023430224 ) ) ;
#4442 = EDGE_LOOP ( 'NONE', ( #8747, #5898, #1076, #3366, #3710, #2630, #6849 ) ) ;
#4443 = DIRECTION ( 'NONE',  ( -0.000000000000000000, 1.000000000000000000, -0.000000000000000000 ) ) ;
#4444 = VERTEX_POINT ( 'NONE', #8435 ) ;
#4445 = CARTESIAN_POINT ( 'NONE',  ( 4.458911528550508763, -3.010000000000000231, 2.383398085747344908 ) ) ;
#4446 = ORIENTED_EDGE ( 'NONE', *, *, #8955, .F. ) ;
#4447 = AXIS2_PLACEMENT_3D ( 'NONE', #2415, #3038, #5328 ) ;
#4448 =( NAMED_UNIT ( * ) PLANE_ANGLE_UNIT ( ) SI_UNIT ( $, .RADIAN. ) );
#4449 = SURFACE_SIDE_STYLE ('',( #5817 ) ) ;
#4450 = B_SPLINE_SURFACE_WITH_KNOTS ( 'NONE', 3, 1, ( 
 ( #7033, #7771 ),
 ( #2464, #3125 ),
 ( #237, #3855 ),
 ( #6106, #8349 ) ),
 .UNSPECIFIED., .F., .F., .F.,
 ( 4, 4 ),
 ( 2, 2 ),
 ( 7.000000000000000000, 8.000000000000000000 ),
 ( 0.000000000000000000, 1.000000000000000000 ),
 .UNSPECIFIED. ) ;
#4451 = VERTEX_POINT ( 'NONE', #7080 ) ;
#4452 = VERTEX_POINT ( 'NONE', #371 ) ;
#4453 = LINE ( 'NONE', #2841, #3133 ) ;
#4454 = CARTESIAN_POINT ( 'NONE',  ( 3.546053200445514975, -3.000000000000000000, 2.072289417873849793 ) ) ;
#4455 = ORIENTED_EDGE ( 'NONE', *, *, #228, .F. ) ;
#4456 =( NAMED_UNIT ( * ) PLANE_ANGLE_UNIT ( ) SI_UNIT ( $, .RADIAN. ) );
#4457 = CARTESIAN_POINT ( 'NONE',  ( 4.456619148892922766, -3.010000000000000231, 1.838466692755773568 ) ) ;
#4458 = CARTESIAN_POINT ( 'NONE',  ( 1.519999999999999130, -2.449999999999998845, 0.5000000000000000000 ) ) ;
#4459 = VECTOR ( 'NONE', #9465, 1000.000000000000000 ) ;
#4460 = DIRECTION ( 'NONE',  ( -1.000000000000000000, 0.000000000000000000, 0.000000000000000000 ) ) ;
#4461 = CARTESIAN_POINT ( 'NONE',  ( 4.659904102137950588, -3.000000000000000000, 1.804572222097216683 ) ) ;
#4462 = VECTOR ( 'NONE', #6578, 1000.000000000000000 ) ;
#4463 = ORIENTED_EDGE ( 'NONE', *, *, #7284, .F. ) ;
#4464 = CARTESIAN_POINT ( 'NONE',  ( 4.226644346772213012, -3.010000000000000231, 2.340989062074239957 ) ) ;
#4465 = CARTESIAN_POINT ( 'NONE',  ( 4.055534579442018561, -3.000000000000000000, 2.346556269815353701 ) ) ;
#4466 =( NAMED_UNIT ( * ) SI_UNIT ( $, .STERADIAN. ) SOLID_ANGLE_UNIT ( ) );
#4467 = CARTESIAN_POINT ( 'NONE',  ( 2.937587115897390966, -3.000000000000000000, 2.130037207379652742 ) ) ;
#4468 = CARTESIAN_POINT ( 'NONE',  ( 3.764811716382019391, -3.000000000000000000, 1.589743499860064357 ) ) ;
#4469 = CARTESIAN_POINT ( 'NONE',  ( 1.580408640940868192, -3.000000000000000000, 1.915985571920315156 ) ) ;
#4470 = EDGE_CURVE ( 'NONE', #8131, #6420, #4842, .T. ) ;
#4471 = ORIENTED_EDGE ( 'NONE', *, *, #2337, .F. ) ;
#4472 = ORIENTED_EDGE ( 'NONE', *, *, #5922, .T. ) ;
#4473 = CARTESIAN_POINT ( 'NONE',  ( 1.983463349953810351, -3.010000000000000231, 1.679162441519152615 ) ) ;
#4474 = CARTESIAN_POINT ( 'NONE',  ( 2.377409443619169505, -3.000000000000000000, 2.332703117088970490 ) ) ;
#4475 = EDGE_CURVE ( 'NONE', #9250, #4900, #2688, .T. ) ;
#4476 = CARTESIAN_POINT ( 'NONE',  ( 4.676032630447437555, -3.000000000000000000, 1.719262950536967871 ) ) ;
#4477 = CARTESIAN_POINT ( 'NONE',  ( 2.038114868313409822, -3.000000000000000000, 2.134591601921278503 ) ) ;
#4478 = EDGE_CURVE ( 'NONE', #412, #4286, #3325, .T. ) ;
#4479 =( NAMED_UNIT ( * ) PLANE_ANGLE_UNIT ( ) SI_UNIT ( $, .RADIAN. ) );
#4480 = LINE ( 'NONE', #3921, #7738 ) ;
#4481 = EDGE_CURVE ( 'NONE', #9250, #2578, #6242, .T. ) ;
#4482 = ADVANCED_FACE ( 'NONE', ( #6198 ), #4048, .T. ) ;
#4483 = EDGE_LOOP ( 'NONE', ( #3123, #5598, #9199, #8391 ) ) ;
#4484 = ORIENTED_EDGE ( 'NONE', *, *, #6633, .T. ) ;
#4485 = CARTESIAN_POINT ( 'NONE',  ( 4.439835654967591694, -3.010000000000000231, 2.324451180254854421 ) ) ;
#4486 = VERTEX_POINT ( 'NONE', #7660 ) ;
#4487 = ORIENTED_EDGE ( 'NONE', *, *, #4914, .F. ) ;
#4488 = ORIENTED_EDGE ( 'NONE', *, *, #2860, .T. ) ;
#4489 = FILL_AREA_STYLE ('',( #5815 ) ) ;
#4490 =( NAMED_UNIT ( * ) SI_UNIT ( $, .STERADIAN. ) SOLID_ANGLE_UNIT ( ) );
#4491 = ADVANCED_FACE ( 'NONE', ( #9207 ), #6413, .F. ) ;
#4492 = LINE ( 'NONE', #7461, #2091 ) ;
#4493 = ADVANCED_FACE ( 'NONE', ( #9264 ), #7714, .F. ) ;
#4494 = ORIENTED_EDGE ( 'NONE', *, *, #3610, .F. ) ;
#4495 = CARTESIAN_POINT ( 'NONE',  ( 2.948972841649584620, -3.010000000000000231, 1.656391076880982860 ) ) ;
#4496 = VERTEX_POINT ( 'NONE', #3223 ) ;
#4497 = LINE ( 'NONE', #3616, #5783 ) ;
#4498 = CARTESIAN_POINT ( 'NONE',  ( 2.728089744678212636, -3.010000000000000231, 1.692825364543246724 ) ) ;
#4499 = ORIENTED_EDGE ( 'NONE', *, *, #6251, .T. ) ;
#4500 = PLANE ( 'NONE',  #1489 ) ;
#4501 = CARTESIAN_POINT ( 'NONE',  ( 0.000000000000000000, 0.000000000000000000, 0.000000000000000000 ) ) ;
#4502 = CARTESIAN_POINT ( 'NONE',  ( 4.258819532687037501, -3.000000000000000000, 2.312661799156795261 ) ) ;
#4503 = DIRECTION ( 'NONE',  ( -0.9910683662997763488, 0.000000000000000000, -0.1333547648938435970 ) ) ;
#4504 = UNCERTAINTY_MEASURE_WITH_UNIT (LENGTH_MEASURE( 1.000000000000000082E-05 ), #9110, 'distance_accuracy_value', 'NONE');
#4505 = B_SPLINE_CURVE_WITH_KNOTS ( 'NONE', 3,
 ( #7385, #2227, #4461, #6795 ),
 .UNSPECIFIED., .F., .F.,
 ( 4, 4 ),
 ( 3.000000000000000000, 4.000000000000000000 ),
 .UNSPECIFIED. ) ;
#4506 = ORIENTED_EDGE ( 'NONE', *, *, #6809, .F. ) ;
#4507 = CARTESIAN_POINT ( 'NONE',  ( 3.512731824701901928, -3.010000000000000231, 1.579591532801589482 ) ) ;
#4508 = EDGE_CURVE ( 'NONE', #1480, #2302, #276, .T. ) ;
#4509 = LINE ( 'NONE', #4465, #4272 ) ;
#4510 = LINE ( 'NONE', #4822, #1757 ) ;
#4511 = DIRECTION ( 'NONE',  ( -1.000000000000000000, 0.000000000000000000, -2.103084324595235882E-14 ) ) ;
#4512 = CARTESIAN_POINT ( 'NONE',  ( -1.520000000000000906, -2.149999999999999467, -4.099999999999999645 ) ) ;
#4513 = DIRECTION ( 'NONE',  ( -0.000000000000000000, 1.000000000000000000, -0.000000000000000000 ) ) ;
#4514 = ORIENTED_EDGE ( 'NONE', *, *, #9471, .T. ) ;
#4515 = ORIENTED_EDGE ( 'NONE', *, *, #7632, .F. ) ;
#4516 = CARTESIAN_POINT ( 'NONE',  ( 3.885407260534478269, -3.010000000000000231, 1.655076320113465504 ) ) ;
#4517 = DIRECTION ( 'NONE',  ( -0.000000000000000000, -0.000000000000000000, 1.000000000000000000 ) ) ;
#4518 = EDGE_CURVE ( 'NONE', #7642, #122, #2381, .T. ) ;
#4519 = CARTESIAN_POINT ( 'NONE',  ( 2.233949316509593608, -3.000000000000000000, 2.332703117088970490 ) ) ;
#4520 = CARTESIAN_POINT ( 'NONE',  ( 4.503121707669333063, -3.010000000000000231, 1.591544655305799694 ) ) ;
#4521 = ORIENTED_EDGE ( 'NONE', *, *, #518, .F. ) ;
#4522 = DIRECTION ( 'NONE',  ( -0.000000000000000000, 1.000000000000000000, -0.000000000000000000 ) ) ;
#4523 = CARTESIAN_POINT ( 'NONE',  ( 3.887863381597113310, -3.000000000000000000, 1.739894367459658753 ) ) ;
#4524 = SURFACE_STYLE_FILL_AREA ( #1462 ) ;
#4525 = B_SPLINE_SURFACE_WITH_KNOTS ( 'NONE', 3, 1, ( 
 ( #8288, #130 ),
 ( #6824, #1560 ),
 ( #8795, #621 ),
 ( #8060, #7292 ),
 ( #6728, #9015 ),
 ( #3076, #7561 ),
 ( #3795, #2143 ) ),
 .UNSPECIFIED., .F., .F., .F.,
 ( 4, 3, 4 ),
 ( 2, 2 ),
 ( 2.000000000000000000, 3.000000000000000000, 4.000000000000000000 ),
 ( 0.000000000000000000, 1.000000000000000000 ),
 .UNSPECIFIED. ) ;
#4526 = ORIENTED_EDGE ( 'NONE', *, *, #2626, .T. ) ;
#4527 = VERTEX_POINT ( 'NONE', #1544 ) ;
#4528 = CARTESIAN_POINT ( 'NONE',  ( 4.035230645327230192, -3.010000000000000231, 1.611521106610473542 ) ) ;
#4529 = EDGE_CURVE ( 'NONE', #3698, #2339, #6074, .T. ) ;
#4530 = B_SPLINE_CURVE_WITH_KNOTS ( 'NONE', 3,
 ( #4782, #1070, #7062, #5553 ),
 .UNSPECIFIED., .F., .F.,
 ( 4, 4 ),
 ( 3.000000000000000000, 4.000000000000000000 ),
 .UNSPECIFIED. ) ;
#4531 =( GEOMETRIC_REPRESENTATION_CONTEXT ( 3 ) GLOBAL_UNCERTAINTY_ASSIGNED_CONTEXT ( ( #5285 ) ) GLOBAL_UNIT_ASSIGNED_CONTEXT ( ( #9272, #1285, #8730 ) ) REPRESENTATION_CONTEXT ( 'NONE', 'WORKASPACE' ) );
#4532 = ORIENTED_EDGE ( 'NONE', *, *, #7234, .T. ) ;
#4533 = CARTESIAN_POINT ( 'NONE',  ( 3.546871907466395690, -3.010000000000000231, 1.619544435413131644 ) ) ;
#4534 = ORIENTED_EDGE ( 'NONE', *, *, #9296, .T. ) ;
#4535 = CARTESIAN_POINT ( 'NONE',  ( 3.550474218356750811, -3.010000000000000231, 1.641649524973639585 ) ) ;
#4536 = ORIENTED_EDGE ( 'NONE', *, *, #1160, .F. ) ;
#4537 = FACE_OUTER_BOUND ( 'NONE', #5364, .T. ) ;
#4538 = DIRECTION ( 'NONE',  ( -0.9398440417769733379, 0.000000000000000000, -0.3416038306815700754 ) ) ;
#4539 = DIRECTION ( 'NONE',  ( -0.000000000000000000, 1.000000000000000000, -0.000000000000000000 ) ) ;
#4540 = VECTOR ( 'NONE', #8396, 1000.000000000000000 ) ;
#4541 = CARTESIAN_POINT ( 'NONE',  ( 3.717326709180762911, -3.000000000000000000, 2.076382952977158691 ) ) ;
#4542 = VECTOR ( 'NONE', #2820, 1000.000000000000000 ) ;
#4543 = EDGE_CURVE ( 'NONE', #4928, #4971, #2287, .T. ) ;
#4544 = AXIS2_PLACEMENT_3D ( 'NONE', #6467, #7151, #9334 ) ;
#4545 = ORIENTED_EDGE ( 'NONE', *, *, #1694, .T. ) ;
#4546 = DIRECTION ( 'NONE',  ( 0.9369753459439897902, 0.000000000000000000, 0.3493954794972895517 ) ) ;
#4547 = EDGE_CURVE ( 'NONE', #6388, #8607, #9040, .T. ) ;
#4548 = EDGE_CURVE ( 'NONE', #835, #8983, #3006, .T. ) ;
#4549 = ORIENTED_EDGE ( 'NONE', *, *, #459, .T. ) ;
#4550 = CARTESIAN_POINT ( 'NONE',  ( 2.948972841649584620, -3.010000000000000231, 1.656391076880982860 ) ) ;
#4551 = CARTESIAN_POINT ( 'NONE',  ( 2.714426908521401227, -3.010000000000000231, 2.048059973275527579 ) ) ;
#4552 = ORIENTED_EDGE ( 'NONE', *, *, #8957, .F. ) ;
#4553 = SURFACE_STYLE_USAGE ( .BOTH. , #1570 ) ;
#4554 = LINE ( 'NONE', #7328, #8436 ) ;
#4555 = VECTOR ( 'NONE', #7913, 1000.000000000000000 ) ;
#4556 = CARTESIAN_POINT ( 'NONE',  ( 4.274948060994349319, -3.010000000000000231, 2.274837534798882288 ) ) ;
#4557 = CARTESIAN_POINT ( 'NONE',  ( 3.295528852104097961, -3.010000000000000231, 1.555030322181716107 ) ) ;
#4558 = CARTESIAN_POINT ( 'NONE',  ( 3.582076309356621913, -3.000000000000000000, 1.690935687621695216 ) ) ;
#4559 = AXIS2_PLACEMENT_3D ( 'NONE', #7072, #7209, #2777 ) ;
#4560 = B_SPLINE_CURVE_WITH_KNOTS ( 'NONE', 3,
 ( #4516, #923, #963, #877 ),
 .UNSPECIFIED., .F., .F.,
 ( 4, 4 ),
 ( 15.00000000000000000, 16.00000000000000000 ),
 .UNSPECIFIED. ) ;
#4561 = VECTOR ( 'NONE', #2654, 1000.000000000000114 ) ;
#4562 = EDGE_CURVE ( 'NONE', #8432, #3717, #4560, .T. ) ;
#4563 = AXIS2_PLACEMENT_3D ( 'NONE', #6771, #8272, #2250 ) ;
#4564 = CARTESIAN_POINT ( 'NONE',  ( 3.552357244504450229, -3.010000000000000231, 2.128288978090730588 ) ) ;
#4565 = ORIENTED_EDGE ( 'NONE', *, *, #1223, .T. ) ;
#4566 = CARTESIAN_POINT ( 'NONE',  ( 3.606719390680655835, -3.010000000000000231, 1.582538878077187183 ) ) ;
#4567 = STYLED_ITEM ( 'NONE', ( #2126 ), #6171 ) ;
#4568 = DIRECTION ( 'NONE',  ( -0.000000000000000000, 1.000000000000000000, -0.000000000000000000 ) ) ;
#4569 = VECTOR ( 'NONE', #3800, 1000.000000000000000 ) ;
#4570 = CARTESIAN_POINT ( 'NONE',  ( 2.274937955279294322, -3.000000000000000000, 2.469331826119590900 ) ) ;
#4571 = CARTESIAN_POINT ( 'NONE',  ( 4.030318403201955668, -3.010000000000000231, 1.593018327941415402 ) ) ;
#4572 = CARTESIAN_POINT ( 'NONE',  ( 2.245335085695980837, -3.010000000000000231, 1.783911257429141584 ) ) ;
#4573 = CIRCLE ( 'NONE', #3483, 0.1999999999999996503 ) ;
#4574 = COLOUR_RGB ( '',0.2980392156862745057, 0.2980392156862745057, 0.2980392156862745057 ) ;
#4575 = ORIENTED_EDGE ( 'NONE', *, *, #7409, .F. ) ;
#4576 = EDGE_LOOP ( 'NONE', ( #3364, #8412, #6831, #7180 ) ) ;
#4577 = FACE_OUTER_BOUND ( 'NONE', #8178, .T. ) ;
#4578 = CARTESIAN_POINT ( 'NONE',  ( 2.072272002136880786, -3.010000000000000231, 1.540256535218800238 ) ) ;
#4579 = CARTESIAN_POINT ( 'NONE',  ( 4.354771995515470451, -3.000000000000000000, 1.591544655305796141 ) ) ;
#4580 = LINE ( 'NONE', #8376, #3514 ) ;
#4581 = CARTESIAN_POINT ( 'NONE',  ( 3.336873556650385986, -3.000000000000000000, 1.591544655305791034 ) ) ;
#4582 = AXIS2_PLACEMENT_3D ( 'NONE', #1808, #3935, #1953 ) ;
#4583 = CARTESIAN_POINT ( 'NONE',  ( 2.377409443619169505, -3.000000000000000000, 2.332703117088970490 ) ) ;
#4584 = CARTESIAN_POINT ( 'NONE',  ( 5.549999999999999822, -2.799999999999999822, 9.799999999999998934 ) ) ;
#4585 = AXIS2_PLACEMENT_3D ( 'NONE', #2530, #6181, #3393 ) ;
#4586 = VERTEX_POINT ( 'NONE', #108 ) ;
#4587 = EDGE_LOOP ( 'NONE', ( #9087, #7899, #903, #4472 ) ) ;
#4588 = ORIENTED_EDGE ( 'NONE', *, *, #2479, .T. ) ;
#4589 = CARTESIAN_POINT ( 'NONE',  ( -5.750000000000000000, -2.799999999999999822, 0.000000000000000000 ) ) ;
#4590 = ORIENTED_EDGE ( 'NONE', *, *, #9051, .F. ) ;
#4591 = CARTESIAN_POINT ( 'NONE',  ( 2.063163430221306438, -3.010000000000000231, 2.353197414756719841 ) ) ;
#4592 = CARTESIAN_POINT ( 'NONE',  ( 3.649865250672663652, -3.000000000000000000, 1.737765729206012244 ) ) ;
#4593 = CARTESIAN_POINT ( 'NONE',  ( 3.336873556650385986, -3.010000000000000231, 1.591544655305791034 ) ) ;
#4594 = MECHANICAL_DESIGN_GEOMETRIC_PRESENTATION_REPRESENTATION (  '', ( #3033 ), #1173 ) ;
#4595 = CARTESIAN_POINT ( 'NONE',  ( 2.621063905230905711, -3.000000000000000000, 1.692825364543246724 ) ) ;
#4596 = EDGE_CURVE ( 'NONE', #8831, #9243, #3928, .T. ) ;
#4597 = ORIENTED_EDGE ( 'NONE', *, *, #1112, .F. ) ;
#4598 = SURFACE_STYLE_FILL_AREA ( #3176 ) ;
#4599 = VECTOR ( 'NONE', #3428, 1000.000000000000000 ) ;
#4600 = ORIENTED_EDGE ( 'NONE', *, *, #2793, .F. ) ;
#4601 = CARTESIAN_POINT ( 'NONE',  ( 3.477527422810591240, -3.000000000000000000, 2.217200560540232956 ) ) ;
#4602 = LINE ( 'NONE', #9021, #2378 ) ;
#4603 = VERTEX_POINT ( 'NONE', #5253 ) ;
#4604 = LINE ( 'NONE', #945, #5693 ) ;
#4605 = FILL_AREA_STYLE_COLOUR ( '', #7966 ) ;
#4606 = DIRECTION ( 'NONE',  ( -1.000000000000000000, -0.000000000000000000, -0.000000000000000000 ) ) ;
#4607 = ADVANCED_FACE ( 'NONE', ( #8214 ), #6007, .F. ) ;
#4608 = CARTESIAN_POINT ( 'NONE',  ( 3.988973698655676525, -3.010000000000000231, 1.447288478253044630 ) ) ;
#4609 = PLANE ( 'NONE',  #4421 ) ;
#4610 = EDGE_CURVE ( 'NONE', #3705, #4971, #824, .T. ) ;
#4611 = VECTOR ( 'NONE', #3930, 1000.000000000000000 ) ;
#4612 = EDGE_CURVE ( 'NONE', #7945, #1014, #2329, .T. ) ;
#4613 = UNCERTAINTY_MEASURE_WITH_UNIT (LENGTH_MEASURE( 1.000000000000000082E-05 ), #2259, 'distance_accuracy_value', 'NONE');
#4614 = VERTEX_POINT ( 'NONE', #6180 ) ;
#4615 = CARTESIAN_POINT ( 'NONE',  ( 4.274948060994349319, -3.010000000000000231, 2.227352527598723597 ) ) ;
#4616 = VECTOR ( 'NONE', #1000, 1000.000000000000000 ) ;
#4617 = DIRECTION ( 'NONE',  ( -0.000000000000000000, 1.000000000000000000, -0.000000000000000000 ) ) ;
#4618 = CARTESIAN_POINT ( 'NONE',  ( 3.822776173449655701, -3.010000000000000231, 2.207376076291855060 ) ) ;
#4619 = B_SPLINE_SURFACE_WITH_KNOTS ( 'NONE', 3, 1, ( 
 ( #1869, #1279 ),
 ( #4845, #7808 ),
 ( #4103, #9313 ),
 ( #2645, #5616 ) ),
 .UNSPECIFIED., .F., .F., .F.,
 ( 4, 4 ),
 ( 2, 2 ),
 ( 20.00000000000000000, 21.00000000000000000 ),
 ( 0.000000000000000000, 1.000000000000000000 ),
 .UNSPECIFIED. ) ;
#4620 = FACE_OUTER_BOUND ( 'NONE', #7687, .T. ) ;
#4621 = FACE_OUTER_BOUND ( 'NONE', #2014, .T. ) ;
#4622 = CARTESIAN_POINT ( 'NONE',  ( -5.549999999999999822, -2.799999999999999822, 9.799999999999998934 ) ) ;
#4623 = ADVANCED_FACE ( 'NONE', ( #7593 ), #5295, .F. ) ;
#4624 = ORIENTED_EDGE ( 'NONE', *, *, #1682, .F. ) ;
#4625 = B_SPLINE_CURVE_WITH_KNOTS ( 'NONE', 3,
 ( #4962, #2036, #3491, #538 ),
 .UNSPECIFIED., .F., .F.,
 ( 4, 4 ),
 ( 2.000000000000000000, 3.000000000000000000 ),
 .UNSPECIFIED. ) ;
#4626 = VECTOR ( 'NONE', #4379, 1000.000000000000000 ) ;
#4627 = B_SPLINE_SURFACE_WITH_KNOTS ( 'NONE', 3, 1, ( 
 ( #9100, #3779 ),
 ( #6766, #2438 ),
 ( #6910, #258 ),
 ( #774, #3202 ) ),
 .UNSPECIFIED., .F., .F., .F.,
 ( 4, 4 ),
 ( 2, 2 ),
 ( 5.000000000000000000, 6.000000000000000000 ),
 ( 0.000000000000000000, 1.000000000000000000 ),
 .UNSPECIFIED. ) ;
#4628 = CARTESIAN_POINT ( 'NONE',  ( 1.723868854915553195, -3.010000000000000231, 1.920539966459761771 ) ) ;
#4629 = ORIENTED_EDGE ( 'NONE', *, *, #8474, .T. ) ;
#4630 = ORIENTED_EDGE ( 'NONE', *, *, #6850, .T. ) ;
#4631 = CARTESIAN_POINT ( 'NONE',  ( 3.582076309356621913, -3.010000000000000231, 1.690935687621695216 ) ) ;
#4632 = CARTESIAN_POINT ( 'NONE',  ( 3.781431468903377890, -3.000000000000000000, 2.383398085747336470 ) ) ;
#4633 = PLANE ( 'NONE',  #1318 ) ;
#4634 = B_SPLINE_CURVE_WITH_KNOTS ( 'NONE', 3,
 ( #177, #3896, #3118, #3742 ),
 .UNSPECIFIED., .F., .F.,
 ( 4, 4 ),
 ( 14.00000000000000000, 15.00000000000000000 ),
 .UNSPECIFIED. ) ;
#4635 = CARTESIAN_POINT ( 'NONE',  ( 2.161080654319949890, -3.000000000000000000, 1.679162441519152615 ) ) ;
#4636 = VERTEX_POINT ( 'NONE', #4730 ) ;
#4637 = CARTESIAN_POINT ( 'NONE',  ( 3.559999999999998277, -2.149999999999999467, -4.099999999999999645 ) ) ;
#4638 = PLANE ( 'NONE',  #2062 ) ;
#4639 = DIRECTION ( 'NONE',  ( 1.000000000000000000, 0.000000000000000000, -0.000000000000000000 ) ) ;
#4640 = EDGE_LOOP ( 'NONE', ( #6004, #9610, #233, #2915 ) ) ;
#4641 = ORIENTED_EDGE ( 'NONE', *, *, #7353, .F. ) ;
#4642 = PRESENTATION_STYLE_ASSIGNMENT (( #3161 ) ) ;
#4643 = CARTESIAN_POINT ( 'NONE',  ( 3.744589652970312876, -3.000000000000000000, 1.722046554408605656 ) ) ;
#4644 = ORIENTED_EDGE ( 'NONE', *, *, #5908, .T. ) ;
#4645 = DIRECTION ( 'NONE',  ( -0.000000000000000000, 0.000000000000000000, 1.000000000000000000 ) ) ;
#4646 = CARTESIAN_POINT ( 'NONE',  ( -3.560000000000000497, -2.449999999999999289, 0.5000000000000000000 ) ) ;
#4647 = DIRECTION ( 'NONE',  ( -0.3559357243643161417, -0.000000000000000000, 0.9345104387438643023 ) ) ;
#4648 = PLANE ( 'NONE',  #9276 ) ;
#4649 = CARTESIAN_POINT ( 'NONE',  ( 3.634637300087105949, -3.010000000000000231, 2.094558248836125181 ) ) ;
#4650 = B_SPLINE_CURVE_WITH_KNOTS ( 'NONE', 3,
 ( #6802, #4164, #1158, #6407 ),
 .UNSPECIFIED., .F., .F.,
 ( 4, 4 ),
 ( 7.000000000000000000, 8.000000000000000000 ),
 .UNSPECIFIED. ) ;
#4651 = ORIENTED_EDGE ( 'NONE', *, *, #4666, .T. ) ;
#4652 = CARTESIAN_POINT ( 'NONE',  ( 3.558497547160498264, -3.010000000000000231, 1.592854586537445050 ) ) ;
#4653 = ORIENTED_EDGE ( 'NONE', *, *, #5613, .T. ) ;
#4654 = DIRECTION ( 'NONE',  ( -0.000000000000000000, 1.000000000000000000, -0.000000000000000000 ) ) ;
#4655 = CARTESIAN_POINT ( 'NONE',  ( 2.807789911811908734, -3.010000000000000231, 2.171025802717343911 ) ) ;
#4656 = ORIENTED_EDGE ( 'NONE', *, *, #4970, .T. ) ;
#4657 = EDGE_CURVE ( 'NONE', #654, #8780, #494, .T. ) ;
#4658 = DIRECTION ( 'NONE',  ( 1.000000000000000000, 0.000000000000000000, 1.624890687905865994E-14 ) ) ;
#4659 = CARTESIAN_POINT ( 'NONE',  ( 4.815785918882599326, -3.010000000000000231, 1.875308508687761222 ) ) ;
#4660 = FILL_AREA_STYLE ('',( #5238 ) ) ;
#4661 = FACE_OUTER_BOUND ( 'NONE', #9416, .T. ) ;
#4662 = ADVANCED_FACE ( 'NONE', ( #4577 ), #3099, .F. ) ;
#4663 = CARTESIAN_POINT ( 'NONE',  ( 3.927980025612624271, -3.010000000000000231, 1.486258932440858160 ) ) ;
#4664 = ORIENTED_EDGE ( 'NONE', *, *, #3478, .F. ) ;
#4665 = CARTESIAN_POINT ( 'NONE',  ( 3.506182168535952659, -3.000000000000000000, 1.595801931813053187 ) ) ;
#4666 = EDGE_CURVE ( 'NONE', #8524, #7433, #1450, .T. ) ;
#4667 = DIRECTION ( 'NONE',  ( -0.000000000000000000, -0.000000000000000000, 1.000000000000000000 ) ) ;
#4668 = CARTESIAN_POINT ( 'NONE',  ( 3.689981894688174613, -3.000000000000000000, 1.702233844505699034 ) ) ;
#4669 = CARTESIAN_POINT ( 'NONE',  ( 3.648800931545840953, -3.000000000000000000, 1.590398465475893808 ) ) ;
#4670 = CARTESIAN_POINT ( 'NONE',  ( 4.439835654967591694, -3.000000000000000000, 2.324451180254854421 ) ) ;
#4671 = DIRECTION ( 'NONE',  ( 1.000000000000000000, 0.000000000000000000, 6.455011293317516227E-14 ) ) ;
#4672 = ADVANCED_FACE ( 'NONE', ( #1015, #5405, #6708, #1700, #54 ), #3135, .F. ) ;
#4673 = ORIENTED_EDGE ( 'NONE', *, *, #2410, .T. ) ;
#4674 = ORIENTED_EDGE ( 'NONE', *, *, #4756, .F. ) ;
#4675 = CARTESIAN_POINT ( 'NONE',  ( 4.030318403201955668, -3.000000000000000000, 1.593018327941415180 ) ) ;
#4676 = CARTESIAN_POINT ( 'NONE',  ( 4.152960714906065220, -3.000000000000000000, 2.063119899241303568 ) ) ;
#4677 = EDGE_CURVE ( 'NONE', #301, #8865, #4771, .T. ) ;
#4678 = LINE ( 'NONE', #6855, #4430 ) ;
#4679 = EDGE_CURVE ( 'NONE', #6707, #9308, #8405, .T. ) ;
#4680 = DIRECTION ( 'NONE',  ( -0.000000000000000000, 1.000000000000000000, -0.000000000000000000 ) ) ;
#4681 = VERTEX_POINT ( 'NONE', #9277 ) ;
#4682 = LINE ( 'NONE', #5300, #7068 ) ;
#4683 = CARTESIAN_POINT ( 'NONE',  ( 1.983463393386909468, -3.010000000000000231, 2.282605928121333339 ) ) ;
#4684 = CARTESIAN_POINT ( 'NONE',  ( 3.806402033035329868, -3.010000000000000231, 1.549626855844558726 ) ) ;
#4685 = ORIENTED_EDGE ( 'NONE', *, *, #8666, .F. ) ;
#4686 = B_SPLINE_CURVE_WITH_KNOTS ( 'NONE', 3,
 ( #4858, #7141, #7820, #8640 ),
 .UNSPECIFIED., .F., .F.,
 ( 4, 4 ),
 ( 10.00000000000000000, 11.00000000000000000 ),
 .UNSPECIFIED. ) ;
#4687 = EDGE_LOOP ( 'NONE', ( #2702, #263, #9022, #8491 ) ) ;
#4688 = DIRECTION ( 'NONE',  ( 0.000000000000000000, 0.000000000000000000, 1.000000000000000000 ) ) ;
#4689 = CARTESIAN_POINT ( 'NONE',  ( 4.197252764729051400, -3.010000000000000231, 2.133037478809876042 ) ) ;
#4690 = VERTEX_POINT ( 'NONE', #9225 ) ;
#4691 = CARTESIAN_POINT ( 'NONE',  ( 2.714426908521401227, -3.000000000000000000, 2.048059973275527579 ) ) ;
#4692 = CARTESIAN_POINT ( 'NONE',  ( -5.549999999999999822, 2.799999999999999378, 0.000000000000000000 ) ) ;
#4693 = CARTESIAN_POINT ( 'NONE',  ( 3.937313285648034178, -3.010000000000000231, 2.207376076291855060 ) ) ;
#4694 = ORIENTED_EDGE ( 'NONE', *, *, #3955, .T. ) ;
#4695 = CARTESIAN_POINT ( 'NONE',  ( 1.858220344958817494, -3.000000000000000000, 1.558473852782332303 ) ) ;
#4696 = CARTESIAN_POINT ( 'NONE',  ( 4.597436756455998363, -3.000000000000000000, 1.808338274392610856 ) ) ;
#4697 = AXIS2_PLACEMENT_3D ( 'NONE', #4692, #2455, #6238 ) ;
#4698 = EDGE_LOOP ( 'NONE', ( #4931, #9582, #1622, #2195 ) ) ;
#4699 =( NAMED_UNIT ( * ) SI_UNIT ( $, .STERADIAN. ) SOLID_ANGLE_UNIT ( ) );
#4700 = ORIENTED_EDGE ( 'NONE', *, *, #6341, .T. ) ;
#4701 = LINE ( 'NONE', #7571, #6410 ) ;
#4702 = FILL_AREA_STYLE_COLOUR ( '', #8757 ) ;
#4703 = ORIENTED_EDGE ( 'NONE', *, *, #3465, .F. ) ;
#4704 = CARTESIAN_POINT ( 'NONE',  ( 2.937587115897390966, -3.000000000000000000, 2.130037207379652742 ) ) ;
#4705 = CARTESIAN_POINT ( 'NONE',  ( 1.887823236258693527, -3.000000000000000000, 1.467388046760456755 ) ) ;
#4706 = CARTESIAN_POINT ( 'NONE',  ( 4.223860742902751042, -3.010000000000000231, 1.838466692755773568 ) ) ;
#4707 = FILL_AREA_STYLE_COLOUR ( '', #2406 ) ;
#4708 = AXIS2_PLACEMENT_3D ( 'NONE', #5259, #1548, #7599 ) ;
#4709 = B_SPLINE_SURFACE_WITH_KNOTS ( 'NONE', 3, 1, ( 
 ( #439, #5486 ),
 ( #6260, #7143 ),
 ( #294, #5588 ),
 ( #7047, #1154 ) ),
 .UNSPECIFIED., .F., .F., .F.,
 ( 4, 4 ),
 ( 2, 2 ),
 ( 7.000000000000000000, 8.000000000000000000 ),
 ( 0.000000000000000000, 1.000000000000000000 ),
 .UNSPECIFIED. ) ;
#4710 = EDGE_LOOP ( 'NONE', ( #66, #4871, #8372, #5263 ) ) ;
#4711 = COLOUR_RGB ( '',0.2980392156862745057, 0.2980392156862745057, 0.2980392156862745057 ) ;
#4712 = EDGE_CURVE ( 'NONE', #9308, #6390, #7777, .T. ) ;
#4713 = B_SPLINE_CURVE_WITH_KNOTS ( 'NONE', 3,
 ( #4219, #7197, #8659, #539 ),
 .UNSPECIFIED., .F., .F.,
 ( 4, 4 ),
 ( 26.00000000000000000, 27.00000000000000000 ),
 .UNSPECIFIED. ) ;
#4714 = FILL_AREA_STYLE_COLOUR ( '', #6589 ) ;
#4715 = CARTESIAN_POINT ( 'NONE',  ( 3.528532870201293914, -3.010000000000000231, 1.728759951977420606 ) ) ;
#4716 = CARTESIAN_POINT ( 'NONE',  ( 1.826340386688524164, -3.010000000000000231, 2.148254481510083913 ) ) ;
#4718 = CARTESIAN_POINT ( 'NONE',  ( 1.723868854915553195, -3.010000000000000231, 1.920539966459761771 ) ) ;
#4717 = VECTOR ( 'NONE', #7733, 1000.000000000000000 ) ;
#4719 = SURFACE_STYLE_USAGE ( .BOTH. , #7480 ) ;
#4720 = VECTOR ( 'NONE', #1568, 1000.000000000000000 ) ;
#4721 = STYLED_ITEM ( 'NONE', ( #8739 ), #8821 ) ;
#4722 = ORIENTED_EDGE ( 'NONE', *, *, #402, .F. ) ;
#4723 = ADVANCED_FACE ( 'NONE', ( #7624 ), #7283, .F. ) ;
#4724 = VECTOR ( 'NONE', #8693, 1000.000000000000000 ) ;
#4725 =( GEOMETRIC_REPRESENTATION_CONTEXT ( 3 ) GLOBAL_UNCERTAINTY_ASSIGNED_CONTEXT ( ( #6656 ) ) GLOBAL_UNIT_ASSIGNED_CONTEXT ( ( #842, #1419, #3738 ) ) REPRESENTATION_CONTEXT ( 'NONE', 'WORKASPACE' ) );
#4726 = VECTOR ( 'NONE', #1381, 1000.000000000000000 ) ;
#4727 = CARTESIAN_POINT ( 'NONE',  ( 3.649865250672663652, -3.000000000000000000, 1.629041436853605029 ) ) ;
#4728 = ORIENTED_EDGE ( 'NONE', *, *, #1089, .T. ) ;
#4729 = EDGE_LOOP ( 'NONE', ( #4338, #4494, #4370, #2673 ) ) ;
#4730 = CARTESIAN_POINT ( 'NONE',  ( -4.447228653561730027, -3.000000000000000000, 1.155408471094628631 ) ) ;
#4731 = B_SPLINE_CURVE_WITH_KNOTS ( 'NONE', 3,
 ( #6503, #8013, #710, #7912 ),
 .UNSPECIFIED., .F., .F.,
 ( 4, 4 ),
 ( 5.000000000000000000, 6.000000000000000000 ),
 .UNSPECIFIED. ) ;
#4732 = CARTESIAN_POINT ( 'NONE',  ( 2.161080654319949890, -3.000000000000000000, 1.629065230834964906 ) ) ;
#4733 = CARTESIAN_POINT ( 'NONE',  ( 3.467784809264184975, -3.010000000000000231, 1.555030322181716107 ) ) ;
#4734 = CARTESIAN_POINT ( 'NONE',  ( 2.696209764690269406, -3.000000000000000000, 2.048059973275527579 ) ) ;
#4735 = DIRECTION ( 'NONE',  ( 1.000000000000000000, 0.000000000000000000, -0.000000000000000000 ) ) ;
#4736 = CARTESIAN_POINT ( 'NONE',  ( 4.338397855100033063, -3.000000000000000000, 1.735964573760300889 ) ) ;
#4737 = EDGE_CURVE ( 'NONE', #795, #8729, #912, .T. ) ;
#4738 = AXIS2_PLACEMENT_3D ( 'NONE', #4512, #6125, #2429 ) ;
#4739 = VECTOR ( 'NONE', #437, 1000.000000000000000 ) ;
#4740 = ADVANCED_FACE ( 'NONE', ( #2515 ), #8502, .F. ) ;
#4741 = VERTEX_POINT ( 'NONE', #1836 ) ;
#4742 = ADVANCED_FACE ( 'NONE', ( #5392 ), #6084, .F. ) ;
#4743 = ORIENTED_EDGE ( 'NONE', *, *, #4117, .F. ) ;
#4744 = VERTEX_POINT ( 'NONE', #4062 ) ;
#4745 = DIRECTION ( 'NONE',  ( 1.000000000000000000, 0.000000000000000000, -0.000000000000000000 ) ) ;
#4746 = VECTOR ( 'NONE', #6663, 1000.000000000000114 ) ;
#4747 = MECHANICAL_DESIGN_GEOMETRIC_PRESENTATION_REPRESENTATION (  '', ( #6130 ), #6751 ) ;
#4748 = CARTESIAN_POINT ( 'NONE',  ( 4.231474718195514129, -3.000000000000000000, 2.186253435157289537 ) ) ;
#4749 = ORIENTED_EDGE ( 'NONE', *, *, #5585, .T. ) ;
#4750 = LINE ( 'NONE', #7707, #5956 ) ;
#4751 = CARTESIAN_POINT ( 'NONE',  ( 5.550000000000000711, 3.000000000000000000, 9.799999999999998934 ) ) ;
#4752 = ORIENTED_EDGE ( 'NONE', *, *, #920, .T. ) ;
#4753 = CARTESIAN_POINT ( 'NONE',  ( 3.557515098735669845, -3.010000000000000231, 1.648526663946418003 ) ) ;
#4754 = CARTESIAN_POINT ( 'NONE',  ( 3.648800931545840953, -3.000000000000000000, 1.590398465475894030 ) ) ;
#4755 = COLOUR_RGB ( '',0.6666666666666666297, 0.6666666666666666297, 0.6666666666666666297 ) ;
#4756 = EDGE_CURVE ( 'NONE', #8030, #7441, #1732, .T. ) ;
#4757 = EDGE_LOOP ( 'NONE', ( #4095, #1516, #7413, #8959 ) ) ;
#4758 = DIRECTION ( 'NONE',  ( -0.000000000000000000, 0.000000000000000000, -1.000000000000000000 ) ) ;
#4759 = VERTEX_POINT ( 'NONE', #1291 ) ;
#4760 = PLANE ( 'NONE',  #3445 ) ;
#4761 = CARTESIAN_POINT ( 'NONE',  ( 3.689981894688174613, -3.000000000000000000, 1.702233844505699034 ) ) ;
#4762 = EDGE_LOOP ( 'NONE', ( #9553, #9012, #2435, #5449 ) ) ;
#4763 =( NAMED_UNIT ( * ) PLANE_ANGLE_UNIT ( ) SI_UNIT ( $, .RADIAN. ) );
#4764 = AXIS2_PLACEMENT_3D ( 'NONE', #1755, #8664, #2768 ) ;
#4765 = CARTESIAN_POINT ( 'NONE',  ( 2.741752667701210289, -3.010000000000000231, 1.553919545106920763 ) ) ;
#4766 = B_SPLINE_CURVE_WITH_KNOTS ( 'NONE', 3,
 ( #8079, #9450, #1231, #5710 ),
 .UNSPECIFIED., .F., .F.,
 ( 4, 4 ),
 ( 5.000000000000000000, 6.000000000000000000 ),
 .UNSPECIFIED. ) ;
#4767 = LINE ( 'NONE', #5674, #3209 ) ;
#4768 = CARTESIAN_POINT ( 'NONE',  ( 4.030318403201955668, -3.010000000000000231, 1.593018327941415402 ) ) ;
#4769 = CARTESIAN_POINT ( 'NONE',  ( 4.739482424550947925, -3.000000000000000000, 1.555030322181724767 ) ) ;
#4770 = PRESENTATION_LAYER_ASSIGNMENT (  '', '', ( #7393 ) ) ;
#4771 = LINE ( 'NONE', #4663, #6901 ) ;
#4772 = LINE ( 'NONE', #9370, #264 ) ;
#4773 = ORIENTED_EDGE ( 'NONE', *, *, #9311, .F. ) ;
#4774 = CARTESIAN_POINT ( 'NONE',  ( 3.520918894909611296, -3.000000000000000000, 2.219656681603968007 ) ) ;
#4775 = PLANE ( 'NONE',  #6782 ) ;
#4776 = STYLED_ITEM ( 'NONE', ( #3277 ), #2042 ) ;
#4777 = CARTESIAN_POINT ( 'NONE',  ( 2.607401155940304527, -3.000000000000000000, 1.553919545106920541 ) ) ;
#4778 = EDGE_LOOP ( 'NONE', ( #8633, #9486, #165, #5615 ) ) ;
#4779 = ORIENTED_EDGE ( 'NONE', *, *, #6631, .T. ) ;
#4780 = LINE ( 'NONE', #2622, #8948 ) ;
#4781 = CARTESIAN_POINT ( 'NONE',  ( 4.834943663167497796, -3.010000000000000231, 1.824712414805855776 ) ) ;
#4782 = CARTESIAN_POINT ( 'NONE',  ( 3.523784369481050227, -3.010000000000000231, 2.341644027690072960 ) ) ;
#4783 = FACE_OUTER_BOUND ( 'NONE', #9336, .T. ) ;
#4784 = EDGE_CURVE ( 'NONE', #6240, #2034, #8687, .T. ) ;
#4785 = SURFACE_STYLE_FILL_AREA ( #2001 ) ;
#4786 = DIRECTION ( 'NONE',  ( -1.000000000000000000, -0.000000000000000000, -0.000000000000000000 ) ) ;
#4787 = CARTESIAN_POINT ( 'NONE',  ( 3.558497547160498264, -3.000000000000000000, 1.592854586537445050 ) ) ;
#4788 = VECTOR ( 'NONE', #2939, 1000.000000000000000 ) ;
#4789 = ORIENTED_EDGE ( 'NONE', *, *, #1395, .F. ) ;
#4790 = ADVANCED_FACE ( 'NONE', ( #1981, #5822 ), #7867, .F. ) ;
#4791 = ORIENTED_EDGE ( 'NONE', *, *, #7576, .F. ) ;
#4792 = EDGE_CURVE ( 'NONE', #7133, #7467, #3426, .T. ) ;
#4793 = EDGE_LOOP ( 'NONE', ( #53, #3114, #7520, #5745 ) ) ;
#4794 = PLANE ( 'NONE',  #7676 ) ;
#4795 = VECTOR ( 'NONE', #8880, 1000.000000000000000 ) ;
#4796 = VERTEX_POINT ( 'NONE', #2838 ) ;
#4797 = CARTESIAN_POINT ( 'NONE',  ( 3.770297053421158839, -3.010000000000000231, 1.770841492842605946 ) ) ;
#4798 = B_SPLINE_SURFACE_WITH_KNOTS ( 'NONE', 3, 1, ( 
 ( #7479, #817 ),
 ( #6175, #7629 ),
 ( #956, #3820 ),
 ( #6902, #5979 ) ),
 .UNSPECIFIED., .F., .F., .F.,
 ( 4, 4 ),
 ( 2, 2 ),
 ( 15.00000000000000000, 16.00000000000000000 ),
 ( 0.000000000000000000, 1.000000000000000000 ),
 .UNSPECIFIED. ) ;
#4799 = EDGE_CURVE ( 'NONE', #2862, #5495, #8735, .T. ) ;
#4800 = DIRECTION ( 'NONE',  ( -0.000000000000000000, 1.000000000000000000, -0.000000000000000000 ) ) ;
#4801 = B_SPLINE_CURVE_WITH_KNOTS ( 'NONE', 3,
 ( #8147, #3857, #183, #3127 ),
 .UNSPECIFIED., .F., .F.,
 ( 4, 4 ),
 ( 2.000000000000000000, 3.000000000000000000 ),
 .UNSPECIFIED. ) ;
#4802 = EDGE_CURVE ( 'NONE', #1449, #9483, #4995, .T. ) ;
#4803 = CARTESIAN_POINT ( 'NONE',  ( 4.676032630447437555, -3.010000000000000231, 1.669649305080988855 ) ) ;
#4804 = ORIENTED_EDGE ( 'NONE', *, *, #9311, .T. ) ;
#4805 = CARTESIAN_POINT ( 'NONE',  ( 2.684824038938080637, -3.010000000000000231, 2.350920271777287685 ) ) ;
#4806 = CARTESIAN_POINT ( 'NONE',  ( 4.436397085480108693, -3.000000000000000000, 2.342462734712048356 ) ) ;
#4807 = ORIENTED_EDGE ( 'NONE', *, *, #5439, .F. ) ;
#4808 = PRESENTATION_STYLE_ASSIGNMENT (( #9123 ) ) ;
#4809 = ORIENTED_EDGE ( 'NONE', *, *, #4168, .F. ) ;
#4810 = CARTESIAN_POINT ( 'NONE',  ( 3.336873556650375772, -3.010000000000000231, 2.383398085747336470 ) ) ;
#4811 = DIRECTION ( 'NONE',  ( -0.000000000000000000, 1.000000000000000000, -0.000000000000000000 ) ) ;
#4812 = ORIENTED_EDGE ( 'NONE', *, *, #2744, .T. ) ;
#4813 = CARTESIAN_POINT ( 'NONE',  ( -5.750000000000000000, -3.000000000000000000, 10.00000000000000000 ) ) ;
#4814 = EDGE_CURVE ( 'NONE', #369, #7092, #6882, .T. ) ;
#4815 = CARTESIAN_POINT ( 'NONE',  ( 3.033227229592507790, -3.010000000000000231, 1.872719866179106019 ) ) ;
#4816 = EDGE_CURVE ( 'NONE', #2950, #4252, #614, .T. ) ;
#4817 = DIRECTION ( 'NONE',  ( -1.000000000000000000, 0.000000000000000000, 0.000000000000000000 ) ) ;
#4818 = CARTESIAN_POINT ( 'NONE',  ( 4.535215022882170821, -3.010000000000000231, 2.063119899241303568 ) ) ;
#4819 = ORIENTED_EDGE ( 'NONE', *, *, #6556, .T. ) ;
#4820 =( NAMED_UNIT ( * ) SI_UNIT ( $, .STERADIAN. ) SOLID_ANGLE_UNIT ( ) );
#4821 = CARTESIAN_POINT ( 'NONE',  ( 3.649865250672663652, -3.010000000000000231, 1.555030322181719660 ) ) ;
#4822 = CARTESIAN_POINT ( 'NONE',  ( 4.223860742902751042, -3.010000000000000231, 1.591544655305796141 ) ) ;
#4823 = LINE ( 'NONE', #8457, #7202 ) ;
#4824 = LINE ( 'NONE', #3344, #2451 ) ;
#4825 = CARTESIAN_POINT ( 'NONE',  ( 3.781431468903377890, -3.000000000000000000, 2.063119899241296462 ) ) ;
#4826 = ORIENTED_EDGE ( 'NONE', *, *, #7225, .T. ) ;
#4827 = CARTESIAN_POINT ( 'NONE',  ( 2.739475557296600972, -3.000000000000000000, 2.300823071952477594 ) ) ;
#4828 = CARTESIAN_POINT ( 'NONE',  ( 4.197252764729051400, -3.010000000000000231, 2.133037478809876042 ) ) ;
#4829 = DIRECTION ( 'NONE',  ( -0.000000000000000000, -0.000000000000000000, 1.000000000000000000 ) ) ;
#4830 = CARTESIAN_POINT ( 'NONE',  ( 3.649865250672663652, -3.000000000000000000, 1.647871698330585000 ) ) ;
#4831 = PRESENTATION_STYLE_ASSIGNMENT (( #4177 ) ) ;
#4832 = ORIENTED_EDGE ( 'NONE', *, *, #7169, .T. ) ;
#4833 = EDGE_CURVE ( 'NONE', #4444, #1101, #2747, .T. ) ;
#4834 = ORIENTED_EDGE ( 'NONE', *, *, #5151, .T. ) ;
#4835 = PLANE ( 'NONE',  #9061 ) ;
#4836 = EDGE_LOOP ( 'NONE', ( #7602, #1609, #5530, #2672 ) ) ;
#4837 = CARTESIAN_POINT ( 'NONE',  ( 2.741752667701210289, -3.010000000000000231, 1.553919545106920763 ) ) ;
#4838 = CARTESIAN_POINT ( 'NONE',  ( 4.014189874894639409, -3.000000000000000000, 2.063119899241303568 ) ) ;
#4839 = CARTESIAN_POINT ( 'NONE',  ( 3.829735183125515530, -3.010000000000000231, 1.756432249279040736 ) ) ;
#4840 = ORIENTED_EDGE ( 'NONE', *, *, #5202, .F. ) ;
#4841 = CARTESIAN_POINT ( 'NONE',  ( 3.857653092531977634, -3.010000000000000231, 1.592690845133495348 ) ) ;
#4842 = LINE ( 'NONE', #8489, #2849 ) ;
#4843 = EDGE_CURVE ( 'NONE', #9442, #7849, #3852, .T. ) ;
#4844 = ORIENTED_EDGE ( 'NONE', *, *, #3002, .T. ) ;
#4845 = CARTESIAN_POINT ( 'NONE',  ( 2.115537751310098358, -3.010000000000000231, 2.241617311069272311 ) ) ;
#4846 = ORIENTED_EDGE ( 'NONE', *, *, #7210, .F. ) ;
#4847 = DIRECTION ( 'NONE',  ( 0.000000000000000000, 0.000000000000000000, -1.000000000000000000 ) ) ;
#4848 = CARTESIAN_POINT ( 'NONE',  ( 3.950740080787856989, -3.000000000000000000, 1.481674173123481486 ) ) ;
#4849 = VERTEX_POINT ( 'NONE', #8787 ) ;
#4850 = DIRECTION ( 'NONE',  ( 1.000000000000000000, -0.000000000000000000, -0.000000000000000000 ) ) ;
#4851 = B_SPLINE_CURVE_WITH_KNOTS ( 'NONE', 3,
 ( #6071, #7636, #6222, #4628 ),
 .UNSPECIFIED., .F., .F.,
 ( 4, 4 ),
 ( 17.00000000000000000, 18.00000000000000000 ),
 .UNSPECIFIED. ) ;
#4852 = LINE ( 'NONE', #1193, #9581 ) ;
#4853 = LINE ( 'NONE', #2565, #6116 ) ;
#4854 = DIRECTION ( 'NONE',  ( -1.000000000000000000, 0.000000000000000000, -0.000000000000000000 ) ) ;
#4855 = EDGE_CURVE ( 'NONE', #4229, #6529, #4686, .T. ) ;
#4856 = EDGE_CURVE ( 'NONE', #5352, #7193, #4905, .T. ) ;
#4857 = ADVANCED_FACE ( 'NONE', ( #7182 ), #2794, .T. ) ;
#4858 = CARTESIAN_POINT ( 'NONE',  ( 3.552357244504450229, -3.000000000000000000, 2.128288978090730588 ) ) ;
#4859 = DIRECTION ( 'NONE',  ( -1.000000000000000000, 0.000000000000000000, 0.000000000000000000 ) ) ;
#4860 = DIRECTION ( 'NONE',  ( -0.000000000000000000, 1.000000000000000000, -0.000000000000000000 ) ) ;
#4861 = LINE ( 'NONE', #7048, #3456 ) ;
#4862 = AXIS2_PLACEMENT_3D ( 'NONE', #554, #7800, #2012 ) ;
#4863 = PRODUCT_DEFINITION_SHAPE ( 'NONE', 'NONE',  #4211 ) ;
#4864 = CARTESIAN_POINT ( 'NONE',  ( 1.758026032173207964, -3.010000000000000231, 2.246171597028149058 ) ) ;
#4865 = CARTESIAN_POINT ( 'NONE',  ( 3.813524784115134292, -3.000000000000000000, 1.692573101661276169 ) ) ;
#4866 = CARTESIAN_POINT ( 'NONE',  ( 3.717326709180762911, -3.010000000000000231, 2.375702239752584433 ) ) ;
#4867 = ORIENTED_EDGE ( 'NONE', *, *, #7860, .T. ) ;
#4868 = VECTOR ( 'NONE', #1259, 1000.000000000000000 ) ;
#4869 = EDGE_CURVE ( 'NONE', #318, #4125, #8979, .T. ) ;
#4870 = B_SPLINE_SURFACE_WITH_KNOTS ( 'NONE', 3, 1, ( 
 ( #93, #5334 ),
 ( #7431, #2184 ),
 ( #9027, #5141 ),
 ( #5968, #1435 ) ),
 .UNSPECIFIED., .F., .F., .F.,
 ( 4, 4 ),
 ( 2, 2 ),
 ( 27.00000000000000000, 28.00000000000000000 ),
 ( 0.000000000000000000, 1.000000000000000000 ),
 .UNSPECIFIED. ) ;
#4871 = ORIENTED_EDGE ( 'NONE', *, *, #6079, .F. ) ;
#4872 = CARTESIAN_POINT ( 'NONE',  ( 4.024341841950948684, -3.010000000000000231, 1.611848589418388267 ) ) ;
#4873 = CARTESIAN_POINT ( 'NONE',  ( 4.142726877147786091, -3.010000000000000231, 2.099634232365364284 ) ) ;
#4874 = DIRECTION ( 'NONE',  ( -0.000000000000000000, -0.000000000000000000, 1.000000000000000000 ) ) ;
#4875 = ORIENTED_EDGE ( 'NONE', *, *, #1445, .T. ) ;
#4876 = PLANE ( 'NONE',  #4894 ) ;
#4877 = CARTESIAN_POINT ( 'NONE',  ( 4.890861352684582997, -3.010000000000000231, 1.678818823713545738 ) ) ;
#4878 = DIRECTION ( 'NONE',  ( 1.000000000000000000, 0.000000000000000000, 0.000000000000000000 ) ) ;
#4879 = EDGE_LOOP ( 'NONE', ( #3349, #9508, #2960, #8126 ) ) ;
#4880 = PRESENTATION_LAYER_ASSIGNMENT (  '', '', ( #9054 ) ) ;
#4881 = ORIENTED_EDGE ( 'NONE', *, *, #2860, .F. ) ;
#4882 = MECHANICAL_DESIGN_GEOMETRIC_PRESENTATION_REPRESENTATION (  '', ( #7845 ), #7531 ) ;
#4883 =( GEOMETRIC_REPRESENTATION_CONTEXT ( 3 ) GLOBAL_UNCERTAINTY_ASSIGNED_CONTEXT ( ( #910 ) ) GLOBAL_UNIT_ASSIGNED_CONTEXT ( ( #6890, #8357, #1683 ) ) REPRESENTATION_CONTEXT ( 'NONE', 'WORKASPACE' ) );
#4884 = VERTEX_POINT ( 'NONE', #4348 ) ;
#4885 = DIRECTION ( 'NONE',  ( 0.000000000000000000, 0.000000000000000000, -1.000000000000000000 ) ) ;
#4886 = ORIENTED_EDGE ( 'NONE', *, *, #7564, .T. ) ;
#4887 = DIRECTION ( 'NONE',  ( -0.000000000000000000, 1.000000000000000000, -0.000000000000000000 ) ) ;
#4888 = AXIS2_PLACEMENT_3D ( 'NONE', #5621, #7950, #9407 ) ;
#4889 = DIRECTION ( 'NONE',  ( 1.000000000000000000, 0.000000000000000000, 0.000000000000000000 ) ) ;
#4890 = FILL_AREA_STYLE ('',( #5754 ) ) ;
#4891 = EDGE_LOOP ( 'NONE', ( #9116, #2488, #9452, #6246 ) ) ;
#4892 = VECTOR ( 'NONE', #133, 1000.000000000000000 ) ;
#4893 = CARTESIAN_POINT ( 'NONE',  ( 4.223860742902751042, -3.010000000000000231, 1.735964573760301111 ) ) ;
#4894 = AXIS2_PLACEMENT_3D ( 'NONE', #7154, #7887, #7200 ) ;
#4895 = PRESENTATION_LAYER_ASSIGNMENT (  '', '', ( #1002 ) ) ;
#4896 = ORIENTED_EDGE ( 'NONE', *, *, #8523, .T. ) ;
#4897 = LINE ( 'NONE', #2015, #6289 ) ;
#4898 = EDGE_LOOP ( 'NONE', ( #8682, #8776, #5267, #5369 ) ) ;
#4899 = PRESENTATION_STYLE_ASSIGNMENT (( #2647 ) ) ;
#4900 = VERTEX_POINT ( 'NONE', #2176 ) ;
#4901 = DIRECTION ( 'NONE',  ( 0.000000000000000000, 1.000000000000000000, 0.000000000000000000 ) ) ;
#4902 = DIRECTION ( 'NONE',  ( -1.000000000000000000, 0.000000000000000000, -0.000000000000000000 ) ) ;
#4903 = EDGE_CURVE ( 'NONE', #2591, #8274, #9607, .T. ) ;
#4904 = CARTESIAN_POINT ( 'NONE',  ( 4.139288307660310196, -3.010000000000000231, 1.783777063770563887 ) ) ;
#4905 = LINE ( 'NONE', #2701, #4739 ) ;
#4906 = VECTOR ( 'NONE', #197, 1000.000000000000000 ) ;
#4907 = EDGE_CURVE ( 'NONE', #1413, #3992, #3323, .T. ) ;
#4908 = LINE ( 'NONE', #4351, #1759 ) ;
#4909 = ADVANCED_FACE ( 'NONE', ( #8872 ), #7377, .F. ) ;
#4910 = CARTESIAN_POINT ( 'NONE',  ( 3.785934357516583582, -3.000000000000000000, 1.734818383930410990 ) ) ;
#4911 = CARTESIAN_POINT ( 'NONE',  ( 3.558497547160498264, -3.000000000000000000, 1.592854586537445050 ) ) ;
#4912 = CARTESIAN_POINT ( 'NONE',  ( 1.687434523821276011, -3.000000000000000000, 2.175580088674024637 ) ) ;
#4913 = CARTESIAN_POINT ( 'NONE',  ( 4.182516038355383436, -3.010000000000000231, 1.555030322181719660 ) ) ;
#4914 = EDGE_CURVE ( 'NONE', #4759, #7554, #752, .T. ) ;
#4915 = PLANE ( 'NONE',  #2753 ) ;
#4916 = ORIENTED_EDGE ( 'NONE', *, *, #6495, .F. ) ;
#4917 = CARTESIAN_POINT ( 'NONE',  ( -5.549999999999999822, -2.799999999999999822, 9.799999999999998934 ) ) ;
#4918 = VECTOR ( 'NONE', #4162, 1000.000000000000000 ) ;
#4919 = DIRECTION ( 'NONE',  ( -0.000000000000000000, 1.000000000000000000, -0.000000000000000000 ) ) ;
#4920 = LINE ( 'NONE', #5106, #816 ) ;
#4921 = CARTESIAN_POINT ( 'NONE',  ( 2.072272002136880786, -3.010000000000000231, 1.540256535218800238 ) ) ;
#4922 = ORIENTED_EDGE ( 'NONE', *, *, #2407, .F. ) ;
#4923 = DIRECTION ( 'NONE',  ( -0.8863488427958601257, 0.000000000000000000, -0.4630180653866968754 ) ) ;
#4924 = CARTESIAN_POINT ( 'NONE',  ( 3.857653092531977634, -3.000000000000000000, 1.613322262056188006 ) ) ;
#4925 = EDGE_CURVE ( 'NONE', #7742, #6558, #2891, .T. ) ;
#4926 = EDGE_LOOP ( 'NONE', ( #3890, #992, #8498, #2689 ) ) ;
#4927 = VECTOR ( 'NONE', #6419, 1000.000000000000000 ) ;
#4928 = VERTEX_POINT ( 'NONE', #850 ) ;
#4929 = EDGE_LOOP ( 'NONE', ( #253, #8850, #3450, #3212 ) ) ;
#4930 = CARTESIAN_POINT ( 'NONE',  ( 4.196352187005090606, -3.000000000000000000, 2.316427851452192765 ) ) ;
#4931 = ORIENTED_EDGE ( 'NONE', *, *, #4737, .T. ) ;
#4932 = FACE_OUTER_BOUND ( 'NONE', #3931, .T. ) ;
#4933 = VECTOR ( 'NONE', #6653, 1000.000000000000000 ) ;
#4934 = LINE ( 'NONE', #1271, #7040 ) ;
#4935 = ORIENTED_EDGE ( 'NONE', *, *, #6659, .T. ) ;
#4936 = LINE ( 'NONE', #3455, #4462 ) ;
#4937 = MECHANICAL_DESIGN_GEOMETRIC_PRESENTATION_REPRESENTATION (  '', ( #5402 ), #3214 ) ;
#4938 = ORIENTED_EDGE ( 'NONE', *, *, #3981, .T. ) ;
#4939 = EDGE_CURVE ( 'NONE', #3962, #84, #2308, .T. ) ;
#4940 = CARTESIAN_POINT ( 'NONE',  ( 4.196352187005090606, -3.010000000000000231, 2.316427851452192765 ) ) ;
#4941 = ORIENTED_EDGE ( 'NONE', *, *, #737, .F. ) ;
#4942 = SURFACE_SIDE_STYLE ('',( #7134 ) ) ;
#4943 = SURFACE_STYLE_FILL_AREA ( #429 ) ;
#4944 = ORIENTED_EDGE ( 'NONE', *, *, #5650, .T. ) ;
#4945 = DIRECTION ( 'NONE',  ( 0.000000000000000000, 0.000000000000000000, -1.000000000000000000 ) ) ;
#4946 = CARTESIAN_POINT ( 'NONE',  ( 4.174492709552705350, -3.010000000000000231, 2.110768647847597546 ) ) ;
#4947 = CARTESIAN_POINT ( 'NONE',  ( 3.512731824701901928, -3.010000000000000231, 1.579591532801589482 ) ) ;
#4948 = ORIENTED_EDGE ( 'NONE', *, *, #8772, .T. ) ;
#4949 = EDGE_CURVE ( 'NONE', #8464, #5911, #3664, .T. ) ;
#4950 = DIRECTION ( 'NONE',  ( -1.000000000000000000, -0.000000000000000000, -0.000000000000000000 ) ) ;
#4951 = ORIENTED_EDGE ( 'NONE', *, *, #7894, .F. ) ;
#4952 = CARTESIAN_POINT ( 'NONE',  ( 4.231474718195512352, -3.000000000000000000, 2.266159240380387629 ) ) ;
#4953 = DIRECTION ( 'NONE',  ( 0.000000000000000000, 0.000000000000000000, 1.000000000000000000 ) ) ;
#4954 = CARTESIAN_POINT ( 'NONE',  ( 3.546871907466395690, -3.000000000000000000, 1.608573761337044328 ) ) ;
#4955 = DIRECTION ( 'NONE',  ( 0.000000000000000000, 0.000000000000000000, -1.000000000000000000 ) ) ;
#4956 = CARTESIAN_POINT ( 'NONE',  ( 3.927980025612624271, -3.000000000000000000, 1.486258932440857938 ) ) ;
#4957 = CARTESIAN_POINT ( 'NONE',  ( 3.558497547160498264, -3.010000000000000231, 1.592854586537445050 ) ) ;
#4958 = ADVANCED_FACE ( 'NONE', ( #7516 ), #3614, .F. ) ;
#4959 = EDGE_CURVE ( 'NONE', #7546, #2342, #726, .T. ) ;
#4960 = VERTEX_POINT ( 'NONE', #5231 ) ;
#4961 = CARTESIAN_POINT ( 'NONE',  ( 4.102037138218421752, -3.010000000000000231, 2.099634232365367836 ) ) ;
#4962 = CARTESIAN_POINT ( 'NONE',  ( 3.477527422810591240, -3.000000000000000000, 2.217200560540232956 ) ) ;
#4963 = DIRECTION ( 'NONE',  ( -0.000000000000000000, 1.000000000000000000, -0.000000000000000000 ) ) ;
#4964 = CARTESIAN_POINT ( 'NONE',  ( 2.807789911811908734, -3.010000000000000231, 2.171025802717343911 ) ) ;
#4965 = ORIENTED_EDGE ( 'NONE', *, *, #4970, .F. ) ;
#4966 = CARTESIAN_POINT ( 'NONE',  ( 4.415274444347732086, -3.000000000000000000, 1.875308508687761222 ) ) ;
#4967 = CARTESIAN_POINT ( 'NONE',  ( 1.726145921885977375, -3.000000000000000000, 1.613125284273559723 ) ) ;
#4968 = DIRECTION ( 'NONE',  ( -0.000000000000000000, 0.000000000000000000, 1.000000000000000000 ) ) ;
#4969 = CARTESIAN_POINT ( 'NONE',  ( 3.857653092531977634, -3.010000000000000231, 1.613322262056188006 ) ) ;
#4970 = EDGE_CURVE ( 'NONE', #9197, #1919, #8153, .T. ) ;
#4971 = VERTEX_POINT ( 'NONE', #2930 ) ;
#4972 = EDGE_CURVE ( 'NONE', #6275, #7802, #1565, .T. ) ;
#4973 = EDGE_CURVE ( 'NONE', #8677, #4250, #6158, .T. ) ;
#4974 = VERTEX_POINT ( 'NONE', #5380 ) ;
#4975 = EDGE_LOOP ( 'NONE', ( #2662, #6428, #1901, #4184 ) ) ;
#4976 = DIRECTION ( 'NONE',  ( -1.000000000000000000, 0.000000000000000000, -0.000000000000000000 ) ) ;
#4977 = LINE ( 'NONE', #1266, #1951 ) ;
#4978 =( NAMED_UNIT ( * ) PLANE_ANGLE_UNIT ( ) SI_UNIT ( $, .RADIAN. ) );
#4979 = ORIENTED_EDGE ( 'NONE', *, *, #5444, .T. ) ;
#4980 = CARTESIAN_POINT ( 'NONE',  ( 3.755969680558477464, -3.000000000000000000, 1.685859704092445677 ) ) ;
#4981 = LINE ( 'NONE', #5027, #3131 ) ;
#4982 = DIRECTION ( 'NONE',  ( -0.000000000000000000, 1.000000000000000000, -0.000000000000000000 ) ) ;
#4983 = DIRECTION ( 'NONE',  ( -0.000000000000000000, -0.000000000000000000, 1.000000000000000000 ) ) ;
#4984 = VERTEX_POINT ( 'NONE', #3899 ) ;
#4985 = ORIENTED_EDGE ( 'NONE', *, *, #2932, .T. ) ;
#4986 = DIRECTION ( 'NONE',  ( -0.000000000000000000, 1.000000000000000000, -0.000000000000000000 ) ) ;
#4987 = ORIENTED_EDGE ( 'NONE', *, *, #5558, .F. ) ;
#4988 = DIRECTION ( 'NONE',  ( -1.000000000000000000, 0.000000000000000000, -0.000000000000000000 ) ) ;
#4989 = ORIENTED_EDGE ( 'NONE', *, *, #1185, .F. ) ;
#4990 = DIRECTION ( 'NONE',  ( 0.000000000000000000, 0.000000000000000000, -1.000000000000000000 ) ) ;
#4991 = ORIENTED_EDGE ( 'NONE', *, *, #4072, .T. ) ;
#4992 = CARTESIAN_POINT ( 'NONE',  ( 3.764811716382019391, -3.010000000000000231, 1.589743499860064357 ) ) ;
#4993 = CARTESIAN_POINT ( 'NONE',  ( 4.632559287644243184, -3.000000000000000000, 1.678163858097710959 ) ) ;
#4994 = FILL_AREA_STYLE ('',( #703 ) ) ;
#4995 = LINE ( 'NONE', #1344, #7681 ) ;
#4996 = ORIENTED_EDGE ( 'NONE', *, *, #9251, .T. ) ;
#4997 = CARTESIAN_POINT ( 'NONE',  ( 5.750000000000000000, -2.799999999999999822, 10.00000000000000000 ) ) ;
#4998 = LINE ( 'NONE', #7958, #4295 ) ;
#4999 = DIRECTION ( 'NONE',  ( -0.000000000000000000, -1.000000000000000000, -0.000000000000000000 ) ) ;
#5000 = CARTESIAN_POINT ( 'NONE',  ( 3.794694522638163203, -3.000000000000000000, 1.704362482761517583 ) ) ;
#5001 = CARTESIAN_POINT ( 'NONE',  ( 5.250000000000000000, -3.000000000000000000, 0.5000000000000000000 ) ) ;
#5002 = EDGE_CURVE ( 'NONE', #5277, #3407, #1091, .T. ) ;
#5003 = ORIENTED_EDGE ( 'NONE', *, *, #2697, .F. ) ;
#5004 = UNCERTAINTY_MEASURE_WITH_UNIT (LENGTH_MEASURE( 1.000000000000000082E-05 ), #6218, 'distance_accuracy_value', 'NONE');
#5005 = VECTOR ( 'NONE', #4901, 1000.000000000000000 ) ;
#5006 = ORIENTED_EDGE ( 'NONE', *, *, #144, .T. ) ;
#5007 = LINE ( 'NONE', #5199, #9409 ) ;
#5008 = CARTESIAN_POINT ( 'NONE',  ( 3.982751525298731110, -3.010000000000000231, 1.492317364393834778 ) ) ;
#5009 = DIRECTION ( 'NONE',  ( -0.000000000000000000, -0.000000000000000000, 1.000000000000000000 ) ) ;
#5010 = CARTESIAN_POINT ( 'NONE',  ( 3.506182168535952659, -3.010000000000000231, 1.616269607331789260 ) ) ;
#5011 = ORIENTED_EDGE ( 'NONE', *, *, #2875, .T. ) ;
#5012 = CARTESIAN_POINT ( 'NONE',  ( 3.763501785149265810, -3.010000000000000231, 1.675871478440106088 ) ) ;
#5013 = CARTESIAN_POINT ( 'NONE',  ( 4.621179260058259075, -3.010000000000000231, 1.647052991310791858 ) ) ;
#5014 = EDGE_CURVE ( 'NONE', #9019, #6707, #3958, .T. ) ;
#5015 = PLANE ( 'NONE',  #7221 ) ;
#5016 =( GEOMETRIC_REPRESENTATION_CONTEXT ( 3 ) GLOBAL_UNCERTAINTY_ASSIGNED_CONTEXT ( ( #4504 ) ) GLOBAL_UNIT_ASSIGNED_CONTEXT ( ( #9110, #6045, #268 ) ) REPRESENTATION_CONTEXT ( 'NONE', 'WORKASPACE' ) );
#5017 = PLANE ( 'NONE',  #6933 ) ;
#5018 = CARTESIAN_POINT ( 'NONE',  ( 3.593865690455768647, -3.010000000000000231, 2.388801552084495405 ) ) ;
#5019 = ORIENTED_EDGE ( 'NONE', *, *, #1619, .F. ) ;
#5020 = VERTEX_POINT ( 'NONE', #234 ) ;
#5021 = CARTESIAN_POINT ( 'NONE',  ( 1.949306216129249592, -3.010000000000000231, 2.284883060241407193 ) ) ;
#5022 = PLANE ( 'NONE',  #6143 ) ;
#5023 =( GEOMETRIC_REPRESENTATION_CONTEXT ( 3 ) GLOBAL_UNCERTAINTY_ASSIGNED_CONTEXT ( ( #42 ) ) GLOBAL_UNIT_ASSIGNED_CONTEXT ( ( #35, #2981, #2895 ) ) REPRESENTATION_CONTEXT ( 'NONE', 'WORKASPACE' ) );
#5024 = ADVANCED_FACE ( 'NONE', ( #993 ), #1623, .F. ) ;
#5025 = ORIENTED_EDGE ( 'NONE', *, *, #8141, .T. ) ;
#5026 = CARTESIAN_POINT ( 'NONE',  ( 1.951583369965870229, -3.010000000000000231, 2.148254481510083913 ) ) ;
#5027 = CARTESIAN_POINT ( 'NONE',  ( 3.518626515250925735, -3.010000000000000231, 2.101435387811084077 ) ) ;
#5028 = FACE_OUTER_BOUND ( 'NONE', #1675, .T. ) ;
#5029 = LINE ( 'NONE', #6389, #4626 ) ;
#5030 = VECTOR ( 'NONE', #2821, 1000.000000000000000 ) ;
#5031 = ADVANCED_FACE ( 'NONE', ( #7569 ), #7664, .T. ) ;
#5032 = EDGE_CURVE ( 'NONE', #7906, #1269, #6245, .T. ) ;
#5033 = ORIENTED_EDGE ( 'NONE', *, *, #7179, .F. ) ;
#5034 =( GEOMETRIC_REPRESENTATION_CONTEXT ( 3 ) GLOBAL_UNCERTAINTY_ASSIGNED_CONTEXT ( ( #624 ) ) GLOBAL_UNIT_ASSIGNED_CONTEXT ( ( #5173, #4346, #5720 ) ) REPRESENTATION_CONTEXT ( 'NONE', 'WORKASPACE' ) );
#5035 = MECHANICAL_DESIGN_GEOMETRIC_PRESENTATION_REPRESENTATION (  '', ( #3764 ), #5776 ) ;
#5036 = EDGE_LOOP ( 'NONE', ( #4040, #5081, #4343, #3247 ) ) ;
#5037 = FILL_AREA_STYLE ('',( #3272 ) ) ;
#5038 =( GEOMETRIC_REPRESENTATION_CONTEXT ( 3 ) GLOBAL_UNCERTAINTY_ASSIGNED_CONTEXT ( ( #1685 ) ) GLOBAL_UNIT_ASSIGNED_CONTEXT ( ( #2102, #5927, #4282 ) ) REPRESENTATION_CONTEXT ( 'NONE', 'WORKASPACE' ) );
#5039 = DIRECTION ( 'NONE',  ( 0.000000000000000000, 0.000000000000000000, -1.000000000000000000 ) ) ;
#5040 = VERTEX_POINT ( 'NONE', #8346 ) ;
#5041 = DIRECTION ( 'NONE',  ( -1.000000000000000000, -0.000000000000000000, -0.000000000000000000 ) ) ;
#5042 = EDGE_LOOP ( 'NONE', ( #3471, #1748, #6938, #1184 ) ) ;
#5043 = CARTESIAN_POINT ( 'NONE',  ( 4.503121707669333063, -3.000000000000000000, 1.591544655305799694 ) ) ;
#5044 = PLANE ( 'NONE',  #6327 ) ;
#5045 = EDGE_CURVE ( 'NONE', #1762, #2734, #3122, .T. ) ;
#5046 = MECHANICAL_DESIGN_GEOMETRIC_PRESENTATION_REPRESENTATION (  '', ( #6746 ), #7992 ) ;
#5047 = ORIENTED_EDGE ( 'NONE', *, *, #3713, .T. ) ;
#5048 = CARTESIAN_POINT ( 'NONE',  ( 3.531398344773832410, -3.000000000000000000, 2.150885291863104953 ) ) ;
#5049 =( LENGTH_UNIT ( ) NAMED_UNIT ( * ) SI_UNIT ( .MILLI., .METRE. ) );
#5050 = ORIENTED_EDGE ( 'NONE', *, *, #9546, .T. ) ;
#5051 = DIRECTION ( 'NONE',  ( 0.000000000000000000, 0.000000000000000000, -1.000000000000000000 ) ) ;
#5052 = CARTESIAN_POINT ( 'NONE',  ( 3.847337384070623756, -3.010000000000000231, 1.635099868806588530 ) ) ;
#5053 = DIRECTION ( 'NONE',  ( -0.000000000000000000, -0.000000000000000000, 1.000000000000000000 ) ) ;
#5054 =( GEOMETRIC_REPRESENTATION_CONTEXT ( 3 ) GLOBAL_UNCERTAINTY_ASSIGNED_CONTEXT ( ( #6555 ) ) GLOBAL_UNIT_ASSIGNED_CONTEXT ( ( #2735, #7998, #1331 ) ) REPRESENTATION_CONTEXT ( 'NONE', 'WORKASPACE' ) );
#5055 = CARTESIAN_POINT ( 'NONE',  ( 1.974354734605141770, -3.000000000000000000, 1.403627999920574743 ) ) ;
#5056 = CARTESIAN_POINT ( 'NONE',  ( 1.951583369965870229, -3.010000000000000231, 2.148254481510083913 ) ) ;
#5057 = SURFACE_SIDE_STYLE ('',( #8103 ) ) ;
#5058 = ORIENTED_EDGE ( 'NONE', *, *, #3743, .T. ) ;
#5059 = B_SPLINE_CURVE_WITH_KNOTS ( 'NONE', 3,
 ( #6939, #7518, #8348, #852 ),
 .UNSPECIFIED., .F., .F.,
 ( 4, 4 ),
 ( 2.000000000000000000, 3.000000000000000000 ),
 .UNSPECIFIED. ) ;
#5060 =( GEOMETRIC_REPRESENTATION_CONTEXT ( 3 ) GLOBAL_UNCERTAINTY_ASSIGNED_CONTEXT ( ( #9470 ) ) GLOBAL_UNIT_ASSIGNED_CONTEXT ( ( #2103, #632, #8706 ) ) REPRESENTATION_CONTEXT ( 'NONE', 'WORKASPACE' ) );
#5061 = ORIENTED_EDGE ( 'NONE', *, *, #1991, .T. ) ;
#5062 = FACE_OUTER_BOUND ( 'NONE', #5702, .T. ) ;
#5063 = DIRECTION ( 'NONE',  ( -1.000000000000000000, 0.000000000000000000, 0.000000000000000000 ) ) ;
#5064 = CARTESIAN_POINT ( 'NONE',  ( 3.953851167467421490, -3.000000000000000000, 1.447288478253044630 ) ) ;
#5065 = CARTESIAN_POINT ( 'NONE',  ( 2.377409443619169505, -3.010000000000000231, 2.332703117088970490 ) ) ;
#5066 = CARTESIAN_POINT ( 'NONE',  ( 3.810331826734680849, -3.000000000000000000, 1.582375136673235927 ) ) ;
#5067 = VECTOR ( 'NONE', #7787, 1000.000000000000000 ) ;
#5068 = PRODUCT_CONTEXT ( 'NONE', #5245, 'mechanical' ) ;
#5069 = DIRECTION ( 'NONE',  ( -1.000000000000000000, 0.000000000000000000, -1.222652889225965627E-14 ) ) ;
#5070 = VECTOR ( 'NONE', #7097, 1000.000000000000000 ) ;
#5071 = B_SPLINE_CURVE_WITH_KNOTS ( 'NONE', 3,
 ( #6698, #44, #2993, #2275 ),
 .UNSPECIFIED., .F., .F.,
 ( 4, 4 ),
 ( 19.00000000000000000, 20.00000000000000000 ),
 .UNSPECIFIED. ) ;
#5072 = ORIENTED_EDGE ( 'NONE', *, *, #7509, .F. ) ;
#5073 = ORIENTED_EDGE ( 'NONE', *, *, #4548, .F. ) ;
#5074 = CARTESIAN_POINT ( 'NONE',  ( -4.447228653561730027, -3.000000000000000000, 1.620995727233065509 ) ) ;
#5075 = EDGE_CURVE ( 'NONE', #5668, #7532, #6936, .T. ) ;
#5076 = PLANE ( 'NONE',  #5212 ) ;
#5077 = CARTESIAN_POINT ( 'NONE',  ( 1.019999999999999130, -2.449999999999999289, 0.5000000000000000000 ) ) ;
#5078 = CARTESIAN_POINT ( 'NONE',  ( 3.550719830463781701, -3.000000000000000000, 1.599731725512403946 ) ) ;
#5079 = SURFACE_STYLE_USAGE ( .BOTH. , #599 ) ;
#5080 =( GEOMETRIC_REPRESENTATION_CONTEXT ( 3 ) GLOBAL_UNCERTAINTY_ASSIGNED_CONTEXT ( ( #3627 ) ) GLOBAL_UNIT_ASSIGNED_CONTEXT ( ( #5798, #5846, #2111 ) ) REPRESENTATION_CONTEXT ( 'NONE', 'WORKASPACE' ) );
#5081 = ORIENTED_EDGE ( 'NONE', *, *, #2626, .F. ) ;
#5082 = EDGE_CURVE ( 'NONE', #1132, #7456, #2556, .T. ) ;
#5083 = ORIENTED_EDGE ( 'NONE', *, *, #1985, .T. ) ;
#5084 = CARTESIAN_POINT ( 'NONE',  ( 3.634637300087105949, -3.000000000000000000, 2.094558248836125181 ) ) ;
#5085 = EDGE_CURVE ( 'NONE', #6972, #7568, #5529, .T. ) ;
#5086 = VECTOR ( 'NONE', #140, 1000.000000000000000 ) ;
#5087 = ORIENTED_EDGE ( 'NONE', *, *, #6556, .F. ) ;
#5088 = DIRECTION ( 'NONE',  ( 0.000000000000000000, 0.000000000000000000, -1.000000000000000000 ) ) ;
#5089 = ORIENTED_EDGE ( 'NONE', *, *, #3105, .T. ) ;
#5090 = CARTESIAN_POINT ( 'NONE',  ( 4.274948060994349319, -3.010000000000000231, 2.227352527598723597 ) ) ;
#5091 = B_SPLINE_CURVE_WITH_KNOTS ( 'NONE', 3,
 ( #3581, #1441, #9522, #5834 ),
 .UNSPECIFIED., .F., .F.,
 ( 4, 4 ),
 ( 5.000000000000000000, 6.000000000000000000 ),
 .UNSPECIFIED. ) ;
#5092 = CARTESIAN_POINT ( 'NONE',  ( 4.936299592335264386, -3.010000000000000231, 1.555030322181724767 ) ) ;
#5093 = EDGE_CURVE ( 'NONE', #4, #4486, #3226, .T. ) ;
#5094 = ADVANCED_FACE ( 'NONE', ( #6984 ), #324, .T. ) ;
#5095 = LINE ( 'NONE', #3751, #1276 ) ;
#5096 = CARTESIAN_POINT ( 'NONE',  ( 3.295528852104097961, -3.010000000000000231, 1.875308508687755893 ) ) ;
#5097 = CARTESIAN_POINT ( 'NONE',  ( 2.892044212887547872, -3.010000000000000231, 1.968359893008021055 ) ) ;
#5098 = CARTESIAN_POINT ( 'NONE',  ( 4.840920224420685258, -3.010000000000000231, 1.816361603195281171 ) ) ;
#5099 = CARTESIAN_POINT ( 'NONE',  ( 4.102037138218421752, -3.000000000000000000, 2.099634232365367836 ) ) ;
#5100 = CARTESIAN_POINT ( 'NONE',  ( 3.603526433300205944, -3.000000000000000000, 1.756432249279040736 ) ) ;
#5101 = CARTESIAN_POINT ( 'NONE',  ( 4.430174912123167275, -3.000000000000000000, 2.320030162343628799 ) ) ;
#5102 = UNCERTAINTY_MEASURE_WITH_UNIT (LENGTH_MEASURE( 1.000000000000000082E-05 ), #2148, 'distance_accuracy_value', 'NONE');
#5103 = ORIENTED_EDGE ( 'NONE', *, *, #25, .F. ) ;
#5104 = CARTESIAN_POINT ( 'NONE',  ( -5.549999999999999822, 3.000000000000000000, 9.799999999999998934 ) ) ;
#5105 = DIRECTION ( 'NONE',  ( -0.000000000000000000, -0.000000000000000000, 1.000000000000000000 ) ) ;
#5106 = CARTESIAN_POINT ( 'NONE',  ( 4.347485503030602771, -3.010000000000000231, 1.838466692755773568 ) ) ;
#5107 = CARTESIAN_POINT ( 'NONE',  ( 3.554567753461150836, -3.010000000000000231, 2.315936627240314571 ) ) ;
#5108 = PLANE ( 'NONE',  #5346 ) ;
#5109 = SURFACE_SIDE_STYLE ('',( #3441 ) ) ;
#5110 = ORIENTED_EDGE ( 'NONE', *, *, #1112, .T. ) ;
#5111 = ORIENTED_EDGE ( 'NONE', *, *, #1823, .F. ) ;
#5112 = CARTESIAN_POINT ( 'NONE',  ( 2.714426908521401227, -3.010000000000000231, 2.048059973275527579 ) ) ;
#5113 = DIRECTION ( 'NONE',  ( -0.000000000000000000, 0.000000000000000000, 1.000000000000000000 ) ) ;
#5114 = DIRECTION ( 'NONE',  ( 4.451381212076075797E-14, 0.000000000000000000, -1.000000000000000000 ) ) ;
#5115 = EDGE_LOOP ( 'NONE', ( #178, #471, #1493, #7259 ) ) ;
#5116 = CARTESIAN_POINT ( 'NONE',  ( 1.887823236258693527, -3.010000000000000231, 1.467388046760456755 ) ) ;
#5117 = DIRECTION ( 'NONE',  ( -0.000000000000000000, 0.000000000000000000, 1.000000000000000000 ) ) ;
#5118 = CARTESIAN_POINT ( 'NONE',  ( 4.693798572794323221, -3.010000000000000231, 1.555030322181724767 ) ) ;
#5119 = EDGE_LOOP ( 'NONE', ( #2775, #9617, #8859, #9536 ) ) ;
#5120 = EDGE_CURVE ( 'NONE', #8156, #9498, #3513, .T. ) ;
#5121 = ORIENTED_EDGE ( 'NONE', *, *, #461, .F. ) ;
#5122 = CARTESIAN_POINT ( 'NONE',  ( 3.717326709180762911, -3.000000000000000000, 2.116008372780791458 ) ) ;
#5123 = B_SPLINE_CURVE_WITH_KNOTS ( 'NONE', 3,
 ( #9611, #1484, #3711, #6692 ),
 .UNSPECIFIED., .F., .F.,
 ( 4, 4 ),
 ( 2.000000000000000000, 3.000000000000000000 ),
 .UNSPECIFIED. ) ;
#5124 = EDGE_LOOP ( 'NONE', ( #5166, #7208, #448, #476 ) ) ;
#5125 = ORIENTED_EDGE ( 'NONE', *, *, #3744, .F. ) ;
#5126 = CARTESIAN_POINT ( 'NONE',  ( 3.937313285648034178, -3.000000000000000000, 2.244054150819881244 ) ) ;
#5127 = ORIENTED_EDGE ( 'NONE', *, *, #3159, .F. ) ;
#5128 = CARTESIAN_POINT ( 'NONE',  ( 3.638270312491801217, -3.010000000000000231, 1.742432359224545868 ) ) ;
#5129 = DIRECTION ( 'NONE',  ( -1.000000000000000000, 0.000000000000000000, 0.000000000000000000 ) ) ;
#5130 = CARTESIAN_POINT ( 'NONE',  ( 4.981983444089700619, -3.000000000000000000, 1.555030322181724767 ) ) ;
#5131 = EDGE_CURVE ( 'NONE', #7136, #5209, #3376, .T. ) ;
#5132 = CARTESIAN_POINT ( 'NONE',  ( 3.551129183973674941, -3.000000000000000000, 1.747098989242529044 ) ) ;
#5133 = VERTEX_POINT ( 'NONE', #4940 ) ;
#5134 = CARTESIAN_POINT ( 'NONE',  ( 3.033227229592507790, -3.000000000000000000, 1.793019785911610153 ) ) ;
#5135 = CARTESIAN_POINT ( 'NONE',  ( 3.953687426062375554, -3.000000000000000000, 2.063119899241303568 ) ) ;
#5136 = CARTESIAN_POINT ( 'NONE',  ( 3.870752404863873064, -3.010000000000000231, 1.750865041537928546 ) ) ;
#5137 = CARTESIAN_POINT ( 'NONE',  ( 4.842475767758290139, -3.000000000000000000, 1.811940585284053773 ) ) ;
#5138 = CARTESIAN_POINT ( 'NONE',  ( 1.887823236258693527, -3.010000000000000231, 1.467388046760456755 ) ) ;
#5139 = ADVANCED_FACE ( 'NONE', ( #8724 ), #5576, .T. ) ;
#5140 = CARTESIAN_POINT ( 'NONE',  ( 2.714426908521401227, -3.010000000000000231, 2.048059973275527579 ) ) ;
#5141 = CARTESIAN_POINT ( 'NONE',  ( 2.541363911829606081, -3.000000000000000000, 1.663222408093722793 ) ) ;
#5142 = EDGE_CURVE ( 'NONE', #3199, #4586, #4897, .T. ) ;
#5143 = ADVANCED_FACE ( 'NONE', ( #7946 ), #4619, .F. ) ;
#5144 = ORIENTED_EDGE ( 'NONE', *, *, #5848, .F. ) ;
#5145 = CARTESIAN_POINT ( 'NONE',  ( 3.770297053421158839, -3.010000000000000231, 1.770841492842605946 ) ) ;
#5146 = FACE_OUTER_BOUND ( 'NONE', #4349, .T. ) ;
#5147 = CARTESIAN_POINT ( 'NONE',  ( 4.555191474186865541, -3.010000000000000231, 1.875308508687761222 ) ) ;
#5148 = CARTESIAN_POINT ( 'NONE',  ( 3.763501785149265810, -3.010000000000000231, 1.675871478440106088 ) ) ;
#5149 = B_SPLINE_CURVE_WITH_KNOTS ( 'NONE', 3,
 ( #4815, #2510, #999, #4056 ),
 .UNSPECIFIED., .F., .F.,
 ( 4, 4 ),
 ( 35.00000000000000000, 36.00000000000000000 ),
 .UNSPECIFIED. ) ;
#5150 = CARTESIAN_POINT ( 'NONE',  ( 3.755969680558477464, -3.000000000000000000, 1.685859704092445677 ) ) ;
#5151 = EDGE_CURVE ( 'NONE', #6918, #9358, #8577, .T. ) ;
#5152 = ORIENTED_EDGE ( 'NONE', *, *, #8090, .F. ) ;
#5153 = ORIENTED_EDGE ( 'NONE', *, *, #920, .F. ) ;
#5154 = FACE_OUTER_BOUND ( 'NONE', #8199, .T. ) ;
#5155 = CARTESIAN_POINT ( 'NONE',  ( 4.102282750324362404, -3.010000000000000231, 2.063119899241303568 ) ) ;
#5156 = PLANE ( 'NONE',  #8802 ) ;
#5157 =( NAMED_UNIT ( * ) SI_UNIT ( $, .STERADIAN. ) SOLID_ANGLE_UNIT ( ) );
#5158 =( LENGTH_UNIT ( ) NAMED_UNIT ( * ) SI_UNIT ( .MILLI., .METRE. ) );
#5159 = CARTESIAN_POINT ( 'NONE',  ( 1.951583369965870229, -3.010000000000000231, 2.148254481510083913 ) ) ;
#5160 = CIRCLE ( 'NONE', #4697, 0.1999999999999996503 ) ;
#5161 = DIRECTION ( 'NONE',  ( 1.000000000000000000, -0.000000000000000000, -0.000000000000000000 ) ) ;
#5162 = ORIENTED_EDGE ( 'NONE', *, *, #4359, .F. ) ;
#5163 = VERTEX_POINT ( 'NONE', #1515 ) ;
#5164 = DIRECTION ( 'NONE',  ( 1.000000000000000000, -8.673617379884035472E-16, 0.000000000000000000 ) ) ;
#5165 = VECTOR ( 'NONE', #6191, 1000.000000000000000 ) ;
#5166 = ORIENTED_EDGE ( 'NONE', *, *, #7445, .F. ) ;
#5167 = CARTESIAN_POINT ( 'NONE',  ( 3.603526433300205944, -3.010000000000000231, 1.756432249279040736 ) ) ;
#5168 = ORIENTED_EDGE ( 'NONE', *, *, #9426, .T. ) ;
#5169 = DIRECTION ( 'NONE',  ( -0.000000000000000000, -0.000000000000000000, 1.000000000000000000 ) ) ;
#5170 = ORIENTED_EDGE ( 'NONE', *, *, #2812, .F. ) ;
#5171 = FILL_AREA_STYLE ('',( #2833 ) ) ;
#5172 = DIRECTION ( 'NONE',  ( -0.000000000000000000, 1.000000000000000000, -0.000000000000000000 ) ) ;
#5173 =( LENGTH_UNIT ( ) NAMED_UNIT ( * ) SI_UNIT ( .MILLI., .METRE. ) );
#5175 = B_SPLINE_CURVE_WITH_KNOTS ( 'NONE', 3,
 ( #9034, #196, #1009, #8994 ),
 .UNSPECIFIED., .F., .F.,
 ( 4, 4 ),
 ( 3.000000000000000000, 4.000000000000000000 ),
 .UNSPECIFIED. ) ;
#5174 = COLOUR_RGB ( '',0.6666666666666666297, 0.6666666666666666297, 0.6666666666666666297 ) ;
#5176 = AXIS2_PLACEMENT_3D ( 'NONE', #8836, #1428, #2357 ) ;
#5177 = VECTOR ( 'NONE', #7909, 1000.000000000000000 ) ;
#5178 = ORIENTED_EDGE ( 'NONE', *, *, #2633, .F. ) ;
#5179 = CARTESIAN_POINT ( 'NONE',  ( 3.520918894909611296, -3.010000000000000231, 2.181341193034180392 ) ) ;
#5180 = CARTESIAN_POINT ( 'NONE',  ( 5.750000000000000000, -3.000000000000000000, 10.00000000000000000 ) ) ;
#5181 = ORIENTED_EDGE ( 'NONE', *, *, #2114, .T. ) ;
#5182 = CARTESIAN_POINT ( 'NONE',  ( 3.822776173449652148, -3.000000000000000000, 2.346556269815353701 ) ) ;
#5183 = DIRECTION ( 'NONE',  ( 1.000000000000000000, -8.673617379884035472E-16, 0.000000000000000000 ) ) ;
#5184 = VERTEX_POINT ( 'NONE', #4384 ) ;
#5185 = CARTESIAN_POINT ( 'NONE',  ( 4.535215022882170821, -3.000000000000000000, 2.063119899241303568 ) ) ;
#5186 = EDGE_CURVE ( 'NONE', #4984, #1385, #8860, .T. ) ;
#5187 = SURFACE_STYLE_USAGE ( .BOTH. , #658 ) ;
#5188 = CARTESIAN_POINT ( 'NONE',  ( -5.249999999999999112, 3.000000000000000000, 0.5000000000000000000 ) ) ;
#5189 =( GEOMETRIC_REPRESENTATION_CONTEXT ( 3 ) GLOBAL_UNCERTAINTY_ASSIGNED_CONTEXT ( ( #143 ) ) GLOBAL_UNIT_ASSIGNED_CONTEXT ( ( #7667, #9500, #607 ) ) REPRESENTATION_CONTEXT ( 'NONE', 'WORKASPACE' ) );
#5190 = CARTESIAN_POINT ( 'NONE',  ( 3.943781071112012704, -3.010000000000000231, 1.447288478253044630 ) ) ;
#5191 = LINE ( 'NONE', #6608, #1620 ) ;
#5192 = VECTOR ( 'NONE', #477, 1000.000000000000000 ) ;
#5193 = UNCERTAINTY_MEASURE_WITH_UNIT (LENGTH_MEASURE( 1.000000000000000082E-05 ), #720, 'distance_accuracy_value', 'NONE');
#5194 = EDGE_CURVE ( 'NONE', #9143, #2229, #5996, .T. ) ;
#5195 = ADVANCED_FACE ( 'NONE', ( #695 ), #5398, .F. ) ;
#5196 = PRESENTATION_LAYER_ASSIGNMENT (  '', '', ( #9388 ) ) ;
#5197 = VECTOR ( 'NONE', #9266, 1000.000000000000000 ) ;
#5198 = ORIENTED_EDGE ( 'NONE', *, *, #5301, .F. ) ;
#5199 = CARTESIAN_POINT ( 'NONE',  ( 4.292714003345601270, -3.010000000000000231, 2.063119899241303568 ) ) ;
#5200 = EDGE_CURVE ( 'NONE', #9468, #8276, #3446, .T. ) ;
#5201 = LINE ( 'NONE', #9089, #3338 ) ;
#5202 = EDGE_CURVE ( 'NONE', #2295, #2286, #8210, .T. ) ;
#5203 = CARTESIAN_POINT ( 'NONE',  ( 2.181574995421891039, -3.010000000000000231, 2.437451794555671292 ) ) ;
#5204 = DIRECTION ( 'NONE',  ( -0.000000000000000000, -0.000000000000000000, -1.000000000000000000 ) ) ;
#5205 = MECHANICAL_DESIGN_GEOMETRIC_PRESENTATION_REPRESENTATION (  '', ( #3488 ), #396 ) ;
#5206 = B_SPLINE_CURVE_WITH_KNOTS ( 'NONE', 3,
 ( #3019, #9302, #6382, #7019 ),
 .UNSPECIFIED., .F., .F.,
 ( 4, 4 ),
 ( 17.00000000000000000, 18.00000000000000000 ),
 .UNSPECIFIED. ) ;
#5207 = DIRECTION ( 'NONE',  ( -0.3409177962187363575, 0.000000000000000000, -0.9400931103999007332 ) ) ;
#5208 = ORIENTED_EDGE ( 'NONE', *, *, #2297, .F. ) ;
#5209 = VERTEX_POINT ( 'NONE', #6674 ) ;
#5210 = CARTESIAN_POINT ( 'NONE',  ( 1.723868854915553195, -3.010000000000000231, 1.920539966459761771 ) ) ;
#5211 = EDGE_CURVE ( 'NONE', #8230, #5569, #7407, .T. ) ;
#5212 = AXIS2_PLACEMENT_3D ( 'NONE', #5155, #8032, #2910 ) ;
#5213 = ADVANCED_FACE ( 'NONE', ( #1374 ), #4339, .F. ) ;
#5214 = DIRECTION ( 'NONE',  ( 1.000000000000000000, 0.000000000000000000, 4.451381212076075797E-14 ) ) ;
#5215 = FILL_AREA_STYLE ('',( #5800 ) ) ;
#5216 = CARTESIAN_POINT ( 'NONE',  ( 1.580408640940868192, -3.000000000000000000, 1.915985571920315156 ) ) ;
#5217 = CARTESIAN_POINT ( 'NONE',  ( 4.903633182206389662, -3.000000000000000000, 1.642631973397385758 ) ) ;
#5218 = VECTOR ( 'NONE', #1360, 1000.000000000000000 ) ;
#5219 = CARTESIAN_POINT ( 'NONE',  ( 3.621292375649268536, -3.010000000000000231, 1.588761051434134153 ) ) ;
#5220 = VERTEX_POINT ( 'NONE', #3018 ) ;
#5221 = DIRECTION ( 'NONE',  ( -0.000000000000000000, 1.000000000000000000, -0.000000000000000000 ) ) ;
#5222 = ORIENTED_EDGE ( 'NONE', *, *, #4265, .F. ) ;
#5223 = CARTESIAN_POINT ( 'NONE',  ( 3.558497547160498264, -3.010000000000000231, 1.592854586537445050 ) ) ;
#5224 = ORIENTED_EDGE ( 'NONE', *, *, #4679, .T. ) ;
#5225 = COLOUR_RGB ( '',0.2980392156862745057, 0.2980392156862745057, 0.2980392156862745057 ) ;
#5226 = DIRECTION ( 'NONE',  ( -1.000000000000000000, -8.673617379884035472E-16, 0.000000000000000000 ) ) ;
#5227 = LINE ( 'NONE', #7563, #8504 ) ;
#5228 = CARTESIAN_POINT ( 'NONE',  ( 3.887863381597113310, -3.010000000000000231, 1.739894367459658975 ) ) ;
#5229 = VECTOR ( 'NONE', #5291, 1000.000000000000000 ) ;
#5230 = B_SPLINE_SURFACE_WITH_KNOTS ( 'NONE', 3, 1, ( 
 ( #355, #2766 ),
 ( #5012, #1168 ),
 ( #8705, #4131 ),
 ( #1216, #9337 ) ),
 .UNSPECIFIED., .F., .F., .F.,
 ( 4, 4 ),
 ( 2, 2 ),
 ( 4.000000000000000000, 5.000000000000000000 ),
 ( 0.000000000000000000, 1.000000000000000000 ),
 .UNSPECIFIED. ) ;
#5231 = CARTESIAN_POINT ( 'NONE',  ( 2.072272045569974797, -3.010000000000000231, 2.114097304251329579 ) ) ;
#5232 = ORIENTED_EDGE ( 'NONE', *, *, #4548, .T. ) ;
#5233 = LINE ( 'NONE', #8197, #3912 ) ;
#5234 = CARTESIAN_POINT ( 'NONE',  ( 4.182516038355378996, -3.000000000000000000, 1.875308508687759446 ) ) ;
#5235 = ORIENTED_EDGE ( 'NONE', *, *, #8004, .F. ) ;
#5236 = CARTESIAN_POINT ( 'NONE',  ( 3.946400933578616321, -3.000000000000000000, 2.383398085747340023 ) ) ;
#5237 = LINE ( 'NONE', #4458, #6793 ) ;
#5238 = FILL_AREA_STYLE_COLOUR ( '', #7831 ) ;
#5239 = CARTESIAN_POINT ( 'NONE',  ( 4.347485503030602771, -3.010000000000000231, 1.838466692755773568 ) ) ;
#5240 = B_SPLINE_SURFACE_WITH_KNOTS ( 'NONE', 3, 1, ( 
 ( #4572, #872 ),
 ( #3823, #151 ),
 ( #6324, #5830 ),
 ( #1938, #7875 ) ),
 .UNSPECIFIED., .F., .F., .F.,
 ( 4, 4 ),
 ( 2, 2 ),
 ( 15.00000000000000000, 16.00000000000000000 ),
 ( 0.000000000000000000, 1.000000000000000000 ),
 .UNSPECIFIED. ) ;
#5241 = EDGE_CURVE ( 'NONE', #1858, #8813, #3653, .T. ) ;
#5242 = MECHANICAL_DESIGN_GEOMETRIC_PRESENTATION_REPRESENTATION (  '', ( #8667 ), #8356 ) ;
#5243 = ORIENTED_EDGE ( 'NONE', *, *, #492, .F. ) ;
#5244 = CARTESIAN_POINT ( 'NONE',  ( 4.105557578407878161, -3.000000000000000000, 2.383398085747340023 ) ) ;
#5245 = APPLICATION_CONTEXT ( 'automotive_design' ) ;
#5246 = DIRECTION ( 'NONE',  ( 1.000000000000000000, 0.000000000000000000, 0.000000000000000000 ) ) ;
#5247 = CARTESIAN_POINT ( 'NONE',  ( 1.976631931875952652, -3.000000000000000000, 1.861334183860016811 ) ) ;
#5248 = FACE_OUTER_BOUND ( 'NONE', #6188, .T. ) ;
#5249 = CARTESIAN_POINT ( 'NONE',  ( 4.354771995515470451, -3.010000000000000231, 1.555030322181719660 ) ) ;
#5250 = DIRECTION ( 'NONE',  ( -0.000000000000000000, 1.000000000000000000, -0.000000000000000000 ) ) ;
#5251 = EDGE_CURVE ( 'NONE', #5655, #1762, #2121, .T. ) ;
#5252 = ORIENTED_EDGE ( 'NONE', *, *, #2813, .F. ) ;
#5253 = CARTESIAN_POINT ( 'NONE',  ( 5.250000000000000000, 3.000000000000000000, 0.000000000000000000 ) ) ;
#5254 = LINE ( 'NONE', #1545, #2836 ) ;
#5255 = CARTESIAN_POINT ( 'NONE',  ( 2.072272045569974797, -3.000000000000000000, 2.114097304251329579 ) ) ;
#5256 = FACE_OUTER_BOUND ( 'NONE', #3613, .T. ) ;
#5257 = ORIENTED_EDGE ( 'NONE', *, *, #9518, .T. ) ;
#5258 = LINE ( 'NONE', #8220, #7989 ) ;
#5259 = CARTESIAN_POINT ( 'NONE',  ( 4.029254084076228537, -3.010000000000000231, 1.593018327941415402 ) ) ;
#5260 = LINE ( 'NONE', #8856, #7056 ) ;
#5261 = EDGE_CURVE ( 'NONE', #6288, #4050, #8553, .T. ) ;
#5262 = EDGE_CURVE ( 'NONE', #1664, #3391, #3784, .T. ) ;
#5263 = ORIENTED_EDGE ( 'NONE', *, *, #5045, .T. ) ;
#5264 = EDGE_CURVE ( 'NONE', #5603, #874, #644, .T. ) ;
#5265 = ORIENTED_EDGE ( 'NONE', *, *, #4223, .F. ) ;
#5266 = CARTESIAN_POINT ( 'NONE',  ( 1.758026032173207964, -3.010000000000000231, 2.246171597028149058 ) ) ;
#5267 = ORIENTED_EDGE ( 'NONE', *, *, #347, .F. ) ;
#5268 = CARTESIAN_POINT ( 'NONE',  ( 4.223860742902751042, -3.010000000000000231, 1.838466692755773568 ) ) ;
#5269 = ORIENTED_EDGE ( 'NONE', *, *, #4139, .F. ) ;
#5270 = CARTESIAN_POINT ( 'NONE',  ( 3.744589652970305771, -3.000000000000000000, 1.742350488521201335 ) ) ;
#5271 = ORIENTED_EDGE ( 'NONE', *, *, #7294, .F. ) ;
#5272 = DIRECTION ( 'NONE',  ( -0.000000000000000000, -0.000000000000000000, 1.000000000000000000 ) ) ;
#5273 = LINE ( 'NONE', #8341, #3524 ) ;
#5274 = CARTESIAN_POINT ( 'NONE',  ( 4.903633182206390551, -3.000000000000000000, 1.642631973397383760 ) ) ;
#5275 = EDGE_CURVE ( 'NONE', #4974, #1191, #6475, .T. ) ;
#5276 = ORIENTED_EDGE ( 'NONE', *, *, #6790, .F. ) ;
#5277 = VERTEX_POINT ( 'NONE', #5899 ) ;
#5278 = CARTESIAN_POINT ( 'NONE',  ( 3.520918894909611296, -3.010000000000000231, 2.219656681603968007 ) ) ;
#5279 = CARTESIAN_POINT ( 'NONE',  ( 3.794694522638163203, -3.010000000000000231, 1.704362482761517583 ) ) ;
#5280 = VERTEX_POINT ( 'NONE', #5945 ) ;
#5281 = CARTESIAN_POINT ( 'NONE',  ( 3.578719610572211884, -3.000000000000000000, 1.549626855844558726 ) ) ;
#5282 = CARTESIAN_POINT ( 'NONE',  ( 3.336873556650379324, -3.010000000000000231, 1.735964573760294227 ) ) ;
#5283 = CARTESIAN_POINT ( 'NONE',  ( 3.634637300087105949, -3.000000000000000000, 2.094558248836125181 ) ) ;
#5284 = LINE ( 'NONE', #8250, #9550 ) ;
#5285 = UNCERTAINTY_MEASURE_WITH_UNIT (LENGTH_MEASURE( 1.000000000000000082E-05 ), #9272, 'distance_accuracy_value', 'NONE');
#5286 = CARTESIAN_POINT ( 'NONE',  ( 3.552357244504450229, -3.000000000000000000, 2.128288978090730588 ) ) ;
#5287 = ORIENTED_EDGE ( 'NONE', *, *, #6995, .T. ) ;
#5288 = FACE_OUTER_BOUND ( 'NONE', #411, .T. ) ;
#5289 = DIRECTION ( 'NONE',  ( -0.9910683662997763488, 0.000000000000000000, -0.1333547648938435970 ) ) ;
#5290 = CARTESIAN_POINT ( 'NONE',  ( 4.627728916223118993, -3.010000000000000231, 1.832899485014656049 ) ) ;
#5291 = DIRECTION ( 'NONE',  ( -0.000000000000000000, -0.000000000000000000, 1.000000000000000000 ) ) ;
#5292 = DIRECTION ( 'NONE',  ( -0.000000000000000000, 1.000000000000000000, -0.000000000000000000 ) ) ;
#5293 = VERTEX_POINT ( 'NONE', #2918 ) ;
#5294 = EDGE_LOOP ( 'NONE', ( #2818, #3458, #246, #4804 ) ) ;
#5295 = PLANE ( 'NONE',  #6436 ) ;
#5296 = DIRECTION ( 'NONE',  ( -0.000000000000000000, 1.000000000000000000, -0.000000000000000000 ) ) ;
#5297 = CARTESIAN_POINT ( 'NONE',  ( 2.115537751310098358, -3.000000000000000000, 2.241617311069272311 ) ) ;
#5298 = CARTESIAN_POINT ( 'NONE',  ( 2.074549155974592995, -3.010000000000000231, 1.403627999920574743 ) ) ;
#5299 = ORIENTED_EDGE ( 'NONE', *, *, #8006, .T. ) ;
#5300 = CARTESIAN_POINT ( 'NONE',  ( 4.059999999999998721, -2.149999999999999911, -4.099999999999999645 ) ) ;
#5301 = EDGE_CURVE ( 'NONE', #3657, #7612, #5855, .T. ) ;
#5302 = CARTESIAN_POINT ( 'NONE',  ( 3.582076309356621913, -3.000000000000000000, 1.690935687621695216 ) ) ;
#5303 = CARTESIAN_POINT ( 'NONE',  ( 4.226644346772213012, -3.000000000000000000, 2.340989062074239957 ) ) ;
#5304 = B_SPLINE_SURFACE_WITH_KNOTS ( 'NONE', 3, 1, ( 
 ( #7311, #8078 ),
 ( #1411, #4378 ),
 ( #5894, #689 ),
 ( #3646, #8121 ) ),
 .UNSPECIFIED., .F., .F., .F.,
 ( 4, 4 ),
 ( 2, 2 ),
 ( 4.000000000000000000, 5.000000000000000000 ),
 ( 0.000000000000000000, 1.000000000000000000 ),
 .UNSPECIFIED. ) ;
#5305 = EDGE_CURVE ( 'NONE', #2319, #9377, #3261, .T. ) ;
#5306 = ORIENTED_EDGE ( 'NONE', *, *, #4179, .T. ) ;
#5307 = ORIENTED_EDGE ( 'NONE', *, *, #6568, .F. ) ;
#5308 = CARTESIAN_POINT ( 'NONE',  ( 4.503367319777459521, -3.010000000000000231, 1.555030322181724767 ) ) ;
#5309 = VECTOR ( 'NONE', #3949, 1000.000000000000000 ) ;
#5310 = ORIENTED_EDGE ( 'NONE', *, *, #7510, .T. ) ;
#5311 = CARTESIAN_POINT ( 'NONE',  ( 4.503121707669333063, -3.000000000000000000, 1.591544655305799694 ) ) ;
#5312 = ORIENTED_EDGE ( 'NONE', *, *, #3651, .F. ) ;
#5313 = CARTESIAN_POINT ( 'NONE',  ( 1.519999999999999574, -2.449999999999999289, 0.5000000000000000000 ) ) ;
#5314 = ORIENTED_EDGE ( 'NONE', *, *, #798, .T. ) ;
#5315 = ADVANCED_FACE ( 'NONE', ( #7604 ), #1814, .F. ) ;
#5316 = CARTESIAN_POINT ( 'NONE',  ( 3.336873556650379324, -3.010000000000000231, 1.838466692755763132 ) ) ;
#5317 = EDGE_CURVE ( 'NONE', #6046, #2970, #9146, .T. ) ;
#5318 = FACE_OUTER_BOUND ( 'NONE', #892, .T. ) ;
#5319 = AXIS2_PLACEMENT_3D ( 'NONE', #9405, #561, #1235 ) ;
#5320 = CARTESIAN_POINT ( 'NONE',  ( 3.295528852104097961, -3.000000000000000000, 1.555030322181716107 ) ) ;
#5321 = COLOUR_RGB ( '',0.2980392156862745057, 0.2980392156862745057, 0.2980392156862745057 ) ;
#5322 = B_SPLINE_CURVE_WITH_KNOTS ( 'NONE', 3,
 ( #7695, #2628, #7749, #9339 ),
 .UNSPECIFIED., .F., .F.,
 ( 4, 4 ),
 ( 27.00000000000000000, 28.00000000000000000 ),
 .UNSPECIFIED. ) ;
#5323 = ORIENTED_EDGE ( 'NONE', *, *, #3763, .F. ) ;
#5324 = CARTESIAN_POINT ( 'NONE',  ( -5.750000000000000000, -3.000000000000000000, 10.00000000000000000 ) ) ;
#5325 = FACE_OUTER_BOUND ( 'NONE', #446, .T. ) ;
#5326 = DIRECTION ( 'NONE',  ( 0.000000000000000000, 0.000000000000000000, 1.000000000000000000 ) ) ;
#5327 = EDGE_LOOP ( 'NONE', ( #1243, #8536, #359, #12 ) ) ;
#5328 = DIRECTION ( 'NONE',  ( -1.000000000000000000, -8.673617379884035472E-16, 0.000000000000000000 ) ) ;
#5329 = FACE_OUTER_BOUND ( 'NONE', #8263, .T. ) ;
#5330 = MECHANICAL_DESIGN_GEOMETRIC_PRESENTATION_REPRESENTATION (  '', ( #7493 ), #2376 ) ;
#5331 = ADVANCED_FACE ( 'NONE', ( #6190 ), #2447, .F. ) ;
#5332 = DIRECTION ( 'NONE',  ( 0.000000000000000000, 0.000000000000000000, -1.000000000000000000 ) ) ;
#5333 = CARTESIAN_POINT ( 'NONE',  ( 3.953851167467421490, -3.010000000000000231, 1.447288478253044630 ) ) ;
#5334 = CARTESIAN_POINT ( 'NONE',  ( 2.611955376748436919, -3.000000000000000000, 1.695102474946761362 ) ) ;
#5335 = VECTOR ( 'NONE', #1369, 1000.000000000000000 ) ;
#5336 = AXIS2_PLACEMENT_3D ( 'NONE', #617, #9417, #6549 ) ;
#5337 = ORIENTED_EDGE ( 'NONE', *, *, #6675, .F. ) ;
#5338 =( GEOMETRIC_REPRESENTATION_CONTEXT ( 3 ) GLOBAL_UNCERTAINTY_ASSIGNED_CONTEXT ( ( #8989 ) ) GLOBAL_UNIT_ASSIGNED_CONTEXT ( ( #734, #4479, #8906 ) ) REPRESENTATION_CONTEXT ( 'NONE', 'WORKASPACE' ) );
#5339 = VERTEX_POINT ( 'NONE', #8384 ) ;
#5340 = CARTESIAN_POINT ( 'NONE',  ( 5.550000000000000711, -3.000000000000000000, 10.00000000000000000 ) ) ;
#5341 = VECTOR ( 'NONE', #5384, 1000.000000000000000 ) ;
#5342 = DIRECTION ( 'NONE',  ( 0.000000000000000000, 0.000000000000000000, -1.000000000000000000 ) ) ;
#5343 = CARTESIAN_POINT ( 'NONE',  ( 2.948972841649584620, -3.000000000000000000, 1.656391076880982860 ) ) ;
#5344 = CARTESIAN_POINT ( 'NONE',  ( 4.415274444347737415, -3.010000000000000231, 1.555030322181724767 ) ) ;
#5345 = FACE_OUTER_BOUND ( 'NONE', #5459, .T. ) ;
#5346 = AXIS2_PLACEMENT_3D ( 'NONE', #4327, #8068, #7300 ) ;
#5347 = B_SPLINE_CURVE_WITH_KNOTS ( 'NONE', 3,
 ( #5964, #5434, #186, #3756 ),
 .UNSPECIFIED., .F., .F.,
 ( 4, 4 ),
 ( 28.00000000000000000, 29.00000000000000000 ),
 .UNSPECIFIED. ) ;
#5348 = AXIS2_PLACEMENT_3D ( 'NONE', #5308, #4688, #4745 ) ;
#5349 = ADVANCED_FACE ( 'NONE', ( #1711 ), #6043, .F. ) ;
#5350 = CARTESIAN_POINT ( 'NONE',  ( 3.632672403237443337, -3.000000000000000000, 1.601205398150215675 ) ) ;
#5351 = EDGE_LOOP ( 'NONE', ( #4875, #1241, #8781, #7260, #398, #3302, #4190 ) ) ;
#5352 = VERTEX_POINT ( 'NONE', #312 ) ;
#5353 = CARTESIAN_POINT ( 'NONE',  ( 3.528532870201293914, -3.000000000000000000, 1.767730406165228807 ) ) ;
#5354 = LINE ( 'NONE', #9041, #8440 ) ;
#5355 = CARTESIAN_POINT ( 'NONE',  ( 4.659904102137950588, -3.010000000000000231, 1.629860143875582201 ) ) ;
#5356 = CARTESIAN_POINT ( 'NONE',  ( 2.074549155974592995, -3.000000000000000000, 1.403627999920574743 ) ) ;
#5357 = CARTESIAN_POINT ( 'NONE',  ( 4.981983444089699731, -3.010000000000000231, 1.555030322181724767 ) ) ;
#5358 = MECHANICAL_DESIGN_GEOMETRIC_PRESENTATION_REPRESENTATION (  '', ( #7995 ), #9394 ) ;
#5359 = CARTESIAN_POINT ( 'NONE',  ( 1.967523359960386742, -3.010000000000000231, 2.284883060241407193 ) ) ;
#5360 = FACE_OUTER_BOUND ( 'NONE', #8510, .T. ) ;
#5361 = ORIENTED_EDGE ( 'NONE', *, *, #6913, .F. ) ;
#5362 = EDGE_CURVE ( 'NONE', #2136, #4380, #3891, .T. ) ;
#5363 = AXIS2_PLACEMENT_3D ( 'NONE', #2325, #1500, #8163 ) ;
#5364 = EDGE_LOOP ( 'NONE', ( #8786, #4600, #6233, #8245 ) ) ;
#5365 = ORIENTED_EDGE ( 'NONE', *, *, #2990, .F. ) ;
#5366 = CARTESIAN_POINT ( 'NONE',  ( 3.890237631956687814, -3.000000000000000000, 1.579755274207726545 ) ) ;
#5367 = ORIENTED_EDGE ( 'NONE', *, *, #6568, .T. ) ;
#5368 = CARTESIAN_POINT ( 'NONE',  ( -4.060000000000001386, -2.449999999999999289, -4.099999999999999645 ) ) ;
#5369 = ORIENTED_EDGE ( 'NONE', *, *, #6495, .T. ) ;
#5370 = CARTESIAN_POINT ( 'NONE',  ( 2.892044212887547872, -3.000000000000000000, 1.968359893008021055 ) ) ;
#5371 = ORIENTED_EDGE ( 'NONE', *, *, #5317, .T. ) ;
#5372 = CARTESIAN_POINT ( 'NONE',  ( 3.649865250672663652, -3.010000000000000231, 1.647871698330585000 ) ) ;
#5373 = CARTESIAN_POINT ( 'NONE',  ( 3.798133092125633770, -3.000000000000000000, 1.747917696262322185 ) ) ;
#5374 = FACE_OUTER_BOUND ( 'NONE', #5562, .T. ) ;
#5375 = STYLED_ITEM ( 'NONE', ( #3024 ), #1261 ) ;
#5376 = CARTESIAN_POINT ( 'NONE',  ( 3.785934357516583582, -3.010000000000000231, 1.725648865300039914 ) ) ;
#5377 = ADVANCED_FACE ( 'NONE', ( #9155 ), #2492, .F. ) ;
#5378 = ADVANCED_FACE ( 'NONE', ( #6818 ), #4794, .F. ) ;
#5379 = EDGE_LOOP ( 'NONE', ( #9298, #9166, #7207, #1781, #6842, #7769, #3023, #5153, #1964, #6178, #5891, #1566, #6234, #8567, #2123, #7834, #6244, #5033, #323, #2863, #9271, #2120, #6107, #8680, #4383, #5243, #7603, #4989, #5125, #9185, #7296, #4084, #202 ) ) ;
#5380 = CARTESIAN_POINT ( 'NONE',  ( 3.554567753461150836, -3.000000000000000000, 2.315936627240314571 ) ) ;
#5381 = AXIS2_PLACEMENT_3D ( 'NONE', #575, #3668, #6550 ) ;
#5382 = VERTEX_POINT ( 'NONE', #9011 ) ;
#5383 = CARTESIAN_POINT ( 'NONE',  ( 2.707595490442462616, -3.000000000000000000, 2.048059973275527579 ) ) ;
#5384 = DIRECTION ( 'NONE',  ( -0.000000000000000000, 1.000000000000000000, -0.000000000000000000 ) ) ;
#5385 = ORIENTED_EDGE ( 'NONE', *, *, #8292, .F. ) ;
#5386 = LINE ( 'NONE', #3332, #6110 ) ;
#5387 = LINE ( 'NONE', #3906, #8808 ) ;
#5388 = EDGE_CURVE ( 'NONE', #515, #74, #120, .T. ) ;
#5389 = EDGE_CURVE ( 'NONE', #1710, #7852, #1661, .T. ) ;
#5390 = EDGE_CURVE ( 'NONE', #7554, #4614, #4038, .T. ) ;
#5391 = UNCERTAINTY_MEASURE_WITH_UNIT (LENGTH_MEASURE( 1.000000000000000082E-05 ), #5647, 'distance_accuracy_value', 'NONE');
#5392 = FACE_OUTER_BOUND ( 'NONE', #6089, .T. ) ;
#5393 = VERTEX_POINT ( 'NONE', #3405 ) ;
#5394 = CARTESIAN_POINT ( 'NONE',  ( 3.512731824701901928, -3.000000000000000000, 1.579591532801589482 ) ) ;
#5395 = VECTOR ( 'NONE', #2029, 1000.000000000000000 ) ;
#5396 = CARTESIAN_POINT ( 'NONE',  ( -5.750000000000000000, -2.799999999999999822, 10.00000000000000000 ) ) ;
#5397 = CARTESIAN_POINT ( 'NONE',  ( 3.492919114800077995, -3.010000000000000231, 2.310205678095242465 ) ) ;
#5398 = B_SPLINE_SURFACE_WITH_KNOTS ( 'NONE', 3, 1, ( 
 ( #7452, #6536 ),
 ( #8128, #4441 ),
 ( #8965, #5807 ),
 ( #2299, #782 ) ),
 .UNSPECIFIED., .F., .F., .F.,
 ( 4, 4 ),
 ( 2, 2 ),
 ( 9.000000000000000000, 10.00000000000000000 ),
 ( 0.000000000000000000, 1.000000000000000000 ),
 .UNSPECIFIED. ) ;
#5399 = DIRECTION ( 'NONE',  ( 1.000000000000000000, 0.000000000000000000, 0.000000000000000000 ) ) ;
#5400 = CARTESIAN_POINT ( 'NONE',  ( 4.438198240925837368, -3.000000000000000000, 2.331819543441691511 ) ) ;
#5401 = FACE_OUTER_BOUND ( 'NONE', #6292, .T. ) ;
#5402 = STYLED_ITEM ( 'NONE', ( #2731 ), #3582 ) ;
#5403 = ORIENTED_EDGE ( 'NONE', *, *, #4610, .T. ) ;
#5404 = EDGE_LOOP ( 'NONE', ( #1957, #3020, #2117, #7956 ) ) ;
#5405 = FACE_OUTER_BOUND ( 'NONE', #238, .T. ) ;
#5406 = CARTESIAN_POINT ( 'NONE',  ( 3.953687426062375554, -3.000000000000000000, 2.099634232365364284 ) ) ;
#5407 = CARTESIAN_POINT ( 'NONE',  ( 3.871161758373776518, -3.000000000000000000, 1.785741960620231605 ) ) ;
#5408 = B_SPLINE_CURVE_WITH_KNOTS ( 'NONE', 3,
 ( #578, #3533, #4268, #845 ),
 .UNSPECIFIED., .F., .F.,
 ( 4, 4 ),
 ( 10.00000000000000000, 11.00000000000000000 ),
 .UNSPECIFIED. ) ;
#5409 = CARTESIAN_POINT ( 'NONE',  ( 3.551129183973674941, -3.000000000000000000, 1.747098989242529044 ) ) ;
#5410 = ORIENTED_EDGE ( 'NONE', *, *, #4060, .F. ) ;
#5411 = CARTESIAN_POINT ( 'NONE',  ( 3.798133092125633770, -3.000000000000000000, 1.747917696262322185 ) ) ;
#5412 = CARTESIAN_POINT ( 'NONE',  ( 2.541363911829599420, -3.000000000000000000, 2.332703117088970490 ) ) ;
#5413 = CARTESIAN_POINT ( 'NONE',  ( 3.810331826734680849, -3.010000000000000231, 1.582375136673235927 ) ) ;
#5414 = VERTEX_POINT ( 'NONE', #2635 ) ;
#5415 = ORIENTED_EDGE ( 'NONE', *, *, #6970, .T. ) ;
#5416 = CARTESIAN_POINT ( 'NONE',  ( 3.943371717602121240, -3.000000000000000000, 1.481674173123481486 ) ) ;
#5417 = DIRECTION ( 'NONE',  ( 0.000000000000000000, 0.000000000000000000, -1.000000000000000000 ) ) ;
#5418 = ORIENTED_EDGE ( 'NONE', *, *, #4128, .F. ) ;
#5419 = CARTESIAN_POINT ( 'NONE',  ( 3.744589652970312876, -3.010000000000000231, 1.722046554408605656 ) ) ;
#5420 = LINE ( 'NONE', #7708, #9505 ) ;
#5421 = CARTESIAN_POINT ( 'NONE',  ( 3.634637300087105949, -3.000000000000000000, 2.094558248836125181 ) ) ;
#5422 = ORIENTED_EDGE ( 'NONE', *, *, #5082, .T. ) ;
#5423 = CARTESIAN_POINT ( 'NONE',  ( 2.063163430221306438, -3.010000000000000231, 2.353197414756719841 ) ) ;
#5424 = EDGE_CURVE ( 'NONE', #8736, #1406, #1959, .T. ) ;
#5425 = CARTESIAN_POINT ( 'NONE',  ( 2.616509597556569755, -3.000000000000000000, 1.695102474946761362 ) ) ;
#5426 = ORIENTED_EDGE ( 'NONE', *, *, #2990, .T. ) ;
#5427 = DIRECTION ( 'NONE',  ( -0.000000000000000000, 1.000000000000000000, -0.000000000000000000 ) ) ;
#5428 =( NAMED_UNIT ( * ) PLANE_ANGLE_UNIT ( ) SI_UNIT ( $, .RADIAN. ) );
#5429 = CARTESIAN_POINT ( 'NONE',  ( 2.696209764690269406, -3.000000000000000000, 2.048059973275527579 ) ) ;
#5430 = VERTEX_POINT ( 'NONE', #8670 ) ;
#5431 = DIRECTION ( 'NONE',  ( 1.000000000000000000, 0.000000000000000000, 4.028246116041384116E-14 ) ) ;
#5432 = DIRECTION ( 'NONE',  ( -1.000000000000000000, 0.000000000000000000, 0.000000000000000000 ) ) ;
#5433 = B_SPLINE_CURVE_WITH_KNOTS ( 'NONE', 3,
 ( #9290, #4781, #7744, #2623 ),
 .UNSPECIFIED., .F., .F.,
 ( 4, 4 ),
 ( 3.000000000000000000, 4.000000000000000000 ),
 .UNSPECIFIED. ) ;
#5434 = CARTESIAN_POINT ( 'NONE',  ( 2.541363911829606081, -3.010000000000000231, 1.588076722365669990 ) ) ;
#5435 = EDGE_CURVE ( 'NONE', #4369, #8428, #2007, .T. ) ;
#5436 = CARTESIAN_POINT ( 'NONE',  ( 3.717326709180762911, -3.010000000000000231, 2.332474509059698331 ) ) ;
#5437 = FILL_AREA_STYLE ('',( #4707 ) ) ;
#5438 = ORIENTED_EDGE ( 'NONE', *, *, #3747, .T. ) ;
#5439 = EDGE_CURVE ( 'NONE', #8418, #3501, #464, .T. ) ;
#5440 = LINE ( 'NONE', #7869, #1026 ) ;
#5441 = LINE ( 'NONE', #9281, #4717 ) ;
#5442 = DIRECTION ( 'NONE',  ( -1.000000000000000000, 0.000000000000000000, -0.000000000000000000 ) ) ;
#5443 = CARTESIAN_POINT ( 'NONE',  ( 3.694402912600484257, -3.010000000000000231, 2.345246338581505441 ) ) ;
#5444 = EDGE_CURVE ( 'NONE', #7846, #2779, #2989, .T. ) ;
#5445 = EDGE_CURVE ( 'NONE', #6610, #463, #2193, .T. ) ;
#5446 = ORIENTED_EDGE ( 'NONE', *, *, #3107, .T. ) ;
#5447 = B_SPLINE_CURVE_WITH_KNOTS ( 'NONE', 3,
 ( #6710, #5407, #1651, #6136 ),
 .UNSPECIFIED., .F., .F.,
 ( 4, 4 ),
 ( 8.000000000000000000, 9.000000000000000000 ),
 .UNSPECIFIED. ) ;
#5448 = ORIENTED_EDGE ( 'NONE', *, *, #873, .F. ) ;
#5449 = ORIENTED_EDGE ( 'NONE', *, *, #469, .T. ) ;
#5450 = DIRECTION ( 'NONE',  ( -0.000000000000000000, 1.000000000000000000, -0.000000000000000000 ) ) ;
#5451 = CARTESIAN_POINT ( 'NONE',  ( 3.460498316779327954, -3.010000000000000231, 1.875308508687755893 ) ) ;
#5452 = CARTESIAN_POINT ( 'NONE',  ( 3.603526433300205944, -3.010000000000000231, 1.756432249279040736 ) ) ;
#5453 = ORIENTED_EDGE ( 'NONE', *, *, #863, .T. ) ;
#5454 = CARTESIAN_POINT ( 'NONE',  ( 3.785934357516583582, -3.010000000000000231, 1.734818383930410990 ) ) ;
#5455 = CARTESIAN_POINT ( 'NONE',  ( 3.582076309356621913, -3.000000000000000000, 1.690935687621695216 ) ) ;
#5456 = LINE ( 'NONE', #7750, #5805 ) ;
#5457 = EDGE_CURVE ( 'NONE', #9498, #7247, #1226, .T. ) ;
#5458 = VERTEX_POINT ( 'NONE', #4930 ) ;
#5459 = EDGE_LOOP ( 'NONE', ( #7415, #8863, #6215, #6680 ) ) ;
#5460 = DIRECTION ( 'NONE',  ( -0.000000000000000000, 1.000000000000000000, -0.000000000000000000 ) ) ;
#5461 = CARTESIAN_POINT ( 'NONE',  ( 3.822776173449652148, -3.010000000000000231, 2.346556269815353701 ) ) ;
#5462 = VERTEX_POINT ( 'NONE', #1265 ) ;
#5463 = DIRECTION ( 'NONE',  ( -0.3283461648125166055, -0.000000000000000000, 0.9445574604294392218 ) ) ;
#5464 = LINE ( 'NONE', #5372, #2056 ) ;
#5465 = DIRECTION ( 'NONE',  ( -0.000000000000000000, 1.000000000000000000, -0.000000000000000000 ) ) ;
#5466 = ORIENTED_EDGE ( 'NONE', *, *, #9601, .T. ) ;
#5467 = CARTESIAN_POINT ( 'NONE',  ( 2.001680537218043288, -3.010000000000000231, 2.280328774284716253 ) ) ;
#5468 = CARTESIAN_POINT ( 'NONE',  ( 4.436397085480108693, -3.010000000000000231, 2.342462734712048356 ) ) ;
#5469 = B_SPLINE_CURVE_WITH_KNOTS ( 'NONE', 3,
 ( #5926, #5148, #5883, #6662 ),
 .UNSPECIFIED., .F., .F.,
 ( 4, 4 ),
 ( 4.000000000000000000, 5.000000000000000000 ),
 .UNSPECIFIED. ) ;
#5470 = STYLED_ITEM ( 'NONE', ( #936 ), #9286 ) ;
#5471 = ORIENTED_EDGE ( 'NONE', *, *, #5628, .F. ) ;
#5472 = DIRECTION ( 'NONE',  ( -0.000000000000000000, 1.000000000000000000, -0.000000000000000000 ) ) ;
#5473 = ORIENTED_EDGE ( 'NONE', *, *, #6262, .T. ) ;
#5474 = FACE_OUTER_BOUND ( 'NONE', #1543, .T. ) ;
#5475 = LINE ( 'NONE', #9168, #7968 ) ;
#5476 = EDGE_LOOP ( 'NONE', ( #6886, #2924, #8398, #3750 ) ) ;
#5477 = CARTESIAN_POINT ( 'NONE',  ( 3.559999999999998277, -2.449999999999999734, 0.5000000000000000000 ) ) ;
#5478 = CARTESIAN_POINT ( 'NONE',  ( 4.220094690607353094, -3.010000000000000231, 2.155142568370377099 ) ) ;
#5479 = CARTESIAN_POINT ( 'NONE',  ( 2.684824038938080637, -3.000000000000000000, 2.350920271777287685 ) ) ;
#5480 = CARTESIAN_POINT ( 'NONE',  ( 4.182516038355383436, -3.000000000000000000, 1.555030322181719438 ) ) ;
#5481 = VECTOR ( 'NONE', #2336, 1000.000000000000000 ) ;
#5482 = B_SPLINE_SURFACE_WITH_KNOTS ( 'NONE', 3, 1, ( 
 ( #4564, #5286 ),
 ( #865, #5048 ),
 ( #5179, #8734 ),
 ( #2081, #613 ) ),
 .UNSPECIFIED., .F., .F., .F.,
 ( 4, 4 ),
 ( 2, 2 ),
 ( 10.00000000000000000, 11.00000000000000000 ),
 ( 0.000000000000000000, 1.000000000000000000 ),
 .UNSPECIFIED. ) ;
#5483 = VECTOR ( 'NONE', #5727, 1000.000000000000000 ) ;
#5484 = ADVANCED_FACE ( 'NONE', ( #7893 ), #4835, .F. ) ;
#5485 = CARTESIAN_POINT ( 'NONE',  ( 4.595553730310481200, -3.000000000000000000, 1.569930789957173500 ) ) ;
#5486 = CARTESIAN_POINT ( 'NONE',  ( 1.580408640940868192, -3.000000000000000000, 1.915985571920315156 ) ) ;
#5487 = ORIENTED_EDGE ( 'NONE', *, *, #7511, .T. ) ;
#5488 = CARTESIAN_POINT ( 'NONE',  ( -5.549999999999999822, -3.000000000000000000, 9.799999999999998934 ) ) ;
#5490 = CARTESIAN_POINT ( 'NONE',  ( 2.074549199407693667, -3.010000000000000231, 1.861334183860016811 ) ) ;
#5489 = VECTOR ( 'NONE', #7144, 1000.000000000000000 ) ;
#5491 = CARTESIAN_POINT ( 'NONE',  ( 4.231474718195512352, -3.000000000000000000, 2.226206337768836807 ) ) ;
#5492 = AXIS2_PLACEMENT_3D ( 'NONE', #1048, #4054, #8538 ) ;
#5493 = PRESENTATION_STYLE_ASSIGNMENT (( #7447 ) ) ;
#5494 = VECTOR ( 'NONE', #8445, 1000.000000000000000 ) ;
#5495 = VERTEX_POINT ( 'NONE', #8566 ) ;
#5496 = EDGE_CURVE ( 'NONE', #8428, #168, #1175, .T. ) ;
#5497 = EDGE_CURVE ( 'NONE', #2220, #512, #8525, .T. ) ;
#5498 = EDGE_CURVE ( 'NONE', #8274, #976, #6010, .T. ) ;
#5499 = COLOUR_RGB ( '',0.2980392156862745057, 0.2980392156862745057, 0.2980392156862745057 ) ;
#5500 = ADVANCED_FACE ( 'NONE', ( #6345 ), #5704, .T. ) ;
#5501 = CARTESIAN_POINT ( 'NONE',  ( 3.578719610572211884, -3.010000000000000231, 1.549626855844558726 ) ) ;
#5502 = ORIENTED_EDGE ( 'NONE', *, *, #4816, .F. ) ;
#5503 = ORIENTED_EDGE ( 'NONE', *, *, #8218, .F. ) ;
#5504 = DIRECTION ( 'NONE',  ( -1.000000000000000000, -0.000000000000000000, -0.000000000000000000 ) ) ;
#5505 = DIRECTION ( 'NONE',  ( -0.000000000000000000, 1.000000000000000000, -0.000000000000000000 ) ) ;
#5506 = CARTESIAN_POINT ( 'NONE',  ( 3.937313285648034178, -3.010000000000000231, 2.244054150819881244 ) ) ;
#5507 = CARTESIAN_POINT ( 'NONE',  ( 4.543156480982863954, -3.000000000000000000, 1.838466692755773568 ) ) ;
#5508 = APPLICATION_PROTOCOL_DEFINITION ( 'draft international standard', 'automotive_design', 1998, #5245 ) ;
#5509 = FACE_OUTER_BOUND ( 'NONE', #9460, .T. ) ;
#5510 = CARTESIAN_POINT ( 'NONE',  ( 3.785934357516583582, -3.000000000000000000, 1.725648865300039914 ) ) ;
#5511 = PRESENTATION_LAYER_ASSIGNMENT (  '', '', ( #4258 ) ) ;
#5512 = MECHANICAL_DESIGN_GEOMETRIC_PRESENTATION_REPRESENTATION (  '', ( #232 ), #9230 ) ;
#5513 = ORIENTED_EDGE ( 'NONE', *, *, #3158, .F. ) ;
#5514 = ADVANCED_FACE ( 'NONE', ( #9301 ), #194, .F. ) ;
#5515 = ADVANCED_FACE ( 'NONE', ( #2593 ), #5563, .T. ) ;
#5516 = ORIENTED_EDGE ( 'NONE', *, *, #8830, .F. ) ;
#5517 = ORIENTED_EDGE ( 'NONE', *, *, #4612, .F. ) ;
#5518 = AXIS2_PLACEMENT_3D ( 'NONE', #3130, #1789, #6315 ) ;
#5519 = VECTOR ( 'NONE', #6830, 1000.000000000000000 ) ;
#5520 = ORIENTED_EDGE ( 'NONE', *, *, #9601, .F. ) ;
#5521 = CARTESIAN_POINT ( 'NONE',  ( 3.847337384070623756, -3.000000000000000000, 1.635099868806588530 ) ) ;
#5522 = CARTESIAN_POINT ( 'NONE',  ( 2.101874915153297163, -3.010000000000000231, 2.380523163077156834 ) ) ;
#5523 = CARTESIAN_POINT ( 'NONE',  ( 3.806238291630271942, -3.010000000000000231, 1.753648645407389184 ) ) ;
#5524 = ORIENTED_EDGE ( 'NONE', *, *, #1438, .F. ) ;
#5525 = CARTESIAN_POINT ( 'NONE',  ( 2.072272002136880786, -3.000000000000000000, 1.717873926451140010 ) ) ;
#5526 = CARTESIAN_POINT ( 'NONE',  ( 4.032160493998935280, -3.010000000000000231, 1.600857447665986033 ) ) ;
#5527 = AXIS2_PLACEMENT_3D ( 'NONE', #147, #6121, #814 ) ;
#5528 = ORIENTED_EDGE ( 'NONE', *, *, #221, .T. ) ;
#5529 = LINE ( 'NONE', #3851, #8462 ) ;
#5530 = ORIENTED_EDGE ( 'NONE', *, *, #198, .F. ) ;
#5531 = DIRECTION ( 'NONE',  ( -9.459185076092910658E-14, 0.000000000000000000, 1.000000000000000000 ) ) ;
#5532 = CARTESIAN_POINT ( 'NONE',  ( -3.560000000000000941, -2.449999999999998845, 0.5000000000000000000 ) ) ;
#5533 = EDGE_LOOP ( 'NONE', ( #563, #5744, #3156, #6281 ) ) ;
#5534 = CARTESIAN_POINT ( 'NONE',  ( 4.024341841950948684, -3.010000000000000231, 1.611848589418388267 ) ) ;
#5535 = VECTOR ( 'NONE', #669, 1000.000000000000000 ) ;
#5536 = LINE ( 'NONE', #6206, #664 ) ;
#5537 = CARTESIAN_POINT ( 'NONE',  ( 4.274948060994349319, -3.010000000000000231, 2.227352527598723597 ) ) ;
#5538 = LINE ( 'NONE', #4818, #4561 ) ;
#5539 = DIRECTION ( 'NONE',  ( 0.000000000000000000, -1.000000000000000000, 0.000000000000000000 ) ) ;
#5540 = VECTOR ( 'NONE', #8877, 1000.000000000000000 ) ;
#5541 = DIRECTION ( 'NONE',  ( -1.000000000000000000, -0.000000000000000000, -0.000000000000000000 ) ) ;
#5542 = CARTESIAN_POINT ( 'NONE',  ( 3.649865250672663652, -3.010000000000000231, 1.629041436853605029 ) ) ;
#5543 = CARTESIAN_POINT ( 'NONE',  ( 3.523784369481050227, -3.000000000000000000, 2.341644027690072960 ) ) ;
#5544 = CARTESIAN_POINT ( 'NONE',  ( 2.684824038938080637, -3.000000000000000000, 2.350920271777287685 ) ) ;
#5545 = DIRECTION ( 'NONE',  ( 0.3658589216693949320, -0.000000000000000000, -0.9306703226357374570 ) ) ;
#5546 = CARTESIAN_POINT ( 'NONE',  ( 2.001680537218043288, -3.000000000000000000, 2.280328774284716253 ) ) ;
#5547 = EDGE_CURVE ( 'NONE', #1664, #8041, #6665, .T. ) ;
#5548 = ORIENTED_EDGE ( 'NONE', *, *, #9237, .T. ) ;
#5549 = VECTOR ( 'NONE', #4680, 1000.000000000000000 ) ;
#5550 = ORIENTED_EDGE ( 'NONE', *, *, #6744, .T. ) ;
#5551 = PLANE ( 'NONE',  #2264 ) ;
#5552 = CARTESIAN_POINT ( 'NONE',  ( 4.105557578407878161, -3.010000000000000231, 2.383398085747340023 ) ) ;
#5553 = CARTESIAN_POINT ( 'NONE',  ( 3.477527422810591240, -3.010000000000000231, 2.217200560540232956 ) ) ;
#5554 = VERTEX_POINT ( 'NONE', #4331 ) ;
#5555 = DIRECTION ( 'NONE',  ( -1.000000000000000000, -0.000000000000000000, -2.103084324595235567E-14 ) ) ;
#5556 =( LENGTH_UNIT ( ) NAMED_UNIT ( * ) SI_UNIT ( .MILLI., .METRE. ) );
#5557 = FACE_OUTER_BOUND ( 'NONE', #6774, .T. ) ;
#5558 = EDGE_CURVE ( 'NONE', #8276, #4248, #4271, .T. ) ;
#5559 = STYLED_ITEM ( 'NONE', ( #3077 ), #3292 ) ;
#5560 = VERTEX_POINT ( 'NONE', #5112 ) ;
#5561 = EDGE_LOOP ( 'NONE', ( #4499, #4375, #5670, #6310 ) ) ;
#5562 = EDGE_LOOP ( 'NONE', ( #9028, #1420, #8561, #4197 ) ) ;
#5563 = PLANE ( 'NONE',  #3144 ) ;
#5564 = EDGE_CURVE ( 'NONE', #427, #22, #7307, .T. ) ;
#5565 = ORIENTED_EDGE ( 'NONE', *, *, #3649, .T. ) ;
#5566 = CARTESIAN_POINT ( 'NONE',  ( 4.430174912123167275, -3.010000000000000231, 2.320030162343628799 ) ) ;
#5567 = LINE ( 'NONE', #503, #652 ) ;
#5568 = CARTESIAN_POINT ( 'NONE',  ( 4.354771995515470451, -3.010000000000000231, 1.591544655305796141 ) ) ;
#5569 = VERTEX_POINT ( 'NONE', #8072 ) ;
#5570 = DIRECTION ( 'NONE',  ( -0.000000000000000000, 1.000000000000000000, -0.000000000000000000 ) ) ;
#5571 = EDGE_CURVE ( 'NONE', #4636, #5711, #1917, .T. ) ;
#5572 = CARTESIAN_POINT ( 'NONE',  ( 4.676032630447437555, -3.010000000000000231, 1.766747957739300379 ) ) ;
#5573 = EDGE_CURVE ( 'NONE', #716, #3566, #2071, .T. ) ;
#5574 = ORIENTED_EDGE ( 'NONE', *, *, #2984, .F. ) ;
#5575 = CARTESIAN_POINT ( 'NONE',  ( 3.927980025612624271, -3.000000000000000000, 1.450563306336576375 ) ) ;
#5576 = CYLINDRICAL_SURFACE ( 'NONE', #838, 0.1999999999999996503 ) ;
#5577 = ORIENTED_EDGE ( 'NONE', *, *, #6031, .F. ) ;
#5578 = CARTESIAN_POINT ( 'NONE',  ( 3.649865250672663652, -3.010000000000000231, 1.629041436853605029 ) ) ;
#5579 = CARTESIAN_POINT ( 'NONE',  ( 3.559999999999998277, -2.449999999999999289, 0.5000000000000000000 ) ) ;
#5580 = EDGE_LOOP ( 'NONE', ( #6152, #8582, #2212, #8047 ) ) ;
#5581 = CARTESIAN_POINT ( 'NONE',  ( 3.336873556650385986, -3.010000000000000231, 1.699286499232269820 ) ) ;
#5582 = PLANE ( 'NONE',  #3989 ) ;
#5583 = LINE ( 'NONE', #4203, #987 ) ;
#5584 = PLANE ( 'NONE',  #3637 ) ;
#5585 = EDGE_CURVE ( 'NONE', #7063, #9377, #7762, .T. ) ;
#5586 =( NAMED_UNIT ( * ) PLANE_ANGLE_UNIT ( ) SI_UNIT ( $, .RADIAN. ) );
#5587 = PLANE ( 'NONE',  #668 ) ;
#5588 = CARTESIAN_POINT ( 'NONE',  ( 1.614565818197431835, -3.000000000000000000, 1.736091070282271831 ) ) ;
#5589 = CARTESIAN_POINT ( 'NONE',  ( 3.607292485595599896, -3.000000000000000000, 1.789016788703759575 ) ) ;
#5590 =( LENGTH_UNIT ( ) NAMED_UNIT ( * ) SI_UNIT ( .MILLI., .METRE. ) );
#5591 = CARTESIAN_POINT ( 'NONE',  ( 3.451410668849840491, -3.010000000000000231, 1.735964573760294227 ) ) ;
#5592 = FACE_OUTER_BOUND ( 'NONE', #2391, .T. ) ;
#5593 = ORIENTED_EDGE ( 'NONE', *, *, #3877, .F. ) ;
#5594 = EDGE_LOOP ( 'NONE', ( #2457, #2686, #5162, #5310 ) ) ;
#5595 = DIRECTION ( 'NONE',  ( 0.3658589216693949320, -0.000000000000000000, -0.9306703226357374570 ) ) ;
#5596 = LINE ( 'NONE', #1805, #3496 ) ;
#5597 = CARTESIAN_POINT ( 'NONE',  ( 3.833664976824861181, -3.010000000000000231, 1.789016788703759575 ) ) ;
#5598 = ORIENTED_EDGE ( 'NONE', *, *, #793, .F. ) ;
#5599 = FACE_OUTER_BOUND ( 'NONE', #4710, .T. ) ;
#5600 = LINE ( 'NONE', #1849, #4868 ) ;
#5601 = CARTESIAN_POINT ( 'NONE',  ( 4.859996098003604992, -3.010000000000000231, 1.875308508687761222 ) ) ;
#5602 = CARTESIAN_POINT ( 'NONE',  ( 3.847337384070623756, -3.000000000000000000, 1.635099868806588530 ) ) ;
#5603 = VERTEX_POINT ( 'NONE', #8761 ) ;
#5604 = EDGE_LOOP ( 'NONE', ( #6625, #790, #7086, #6723 ) ) ;
#5605 = DIRECTION ( 'NONE',  ( -0.000000000000000000, 1.000000000000000000, -0.000000000000000000 ) ) ;
#5606 = EDGE_CURVE ( 'NONE', #7976, #8940, #9583, .T. ) ;
#5607 = VERTEX_POINT ( 'NONE', #6709 ) ;
#5608 = CARTESIAN_POINT ( 'NONE',  ( 3.520918894909611296, -3.000000000000000000, 2.219656681603968007 ) ) ;
#5609 = CARTESIAN_POINT ( 'NONE',  ( 3.589117189735551161, -3.010000000000000231, 1.582538878077187183 ) ) ;
#5610 = DIRECTION ( 'NONE',  ( 0.000000000000000000, 0.000000000000000000, 1.000000000000000000 ) ) ;
#5611 = ORIENTED_EDGE ( 'NONE', *, *, #3479, .F. ) ;
#5612 = CARTESIAN_POINT ( 'NONE',  ( 3.810331826734680849, -3.010000000000000231, 1.582375136673235927 ) ) ;
#5613 = EDGE_CURVE ( 'NONE', #1418, #9068, #6361, .T. ) ;
#5614 = EDGE_CURVE ( 'NONE', #4451, #6518, #6252, .T. ) ;
#5615 = ORIENTED_EDGE ( 'NONE', *, *, #3047, .T. ) ;
#5616 = CARTESIAN_POINT ( 'NONE',  ( 2.377409443619169505, -3.000000000000000000, 2.332703117088970490 ) ) ;
#5617 = ADVANCED_FACE ( 'NONE', ( #9538 ), #3541, .F. ) ;
#5618 = ADVANCED_FACE ( 'NONE', ( #5154 ), #7350, .F. ) ;
#5619 = VERTEX_POINT ( 'NONE', #3007 ) ;
#5620 = FACE_OUTER_BOUND ( 'NONE', #2784, .T. ) ;
#5621 = CARTESIAN_POINT ( 'NONE',  ( 5.250000000000000000, 3.000000000000000000, -0.5000000000000000000 ) ) ;
#5622 = EDGE_LOOP ( 'NONE', ( #8977, #8759, #8282, #3037 ) ) ;
#5623 = B_SPLINE_CURVE_WITH_KNOTS ( 'NONE', 3,
 ( #3040, #1485, #1389, #3805 ),
 .UNSPECIFIED., .F., .F.,
 ( 4, 4 ),
 ( 1.000000000000000000, 2.000000000000000000 ),
 .UNSPECIFIED. ) ;
#5624 = LINE ( 'NONE', #5581, #6406 ) ;
#5625 = CARTESIAN_POINT ( 'NONE',  ( 2.302263671026000935, -3.010000000000000231, 1.631342514970890001 ) ) ;
#5626 = CARTESIAN_POINT ( 'NONE',  ( 3.525831137033808016, -3.010000000000000231, 1.567638410299568408 ) ) ;
#5627 = ORIENTED_EDGE ( 'NONE', *, *, #6811, .T. ) ;
#5628 = EDGE_CURVE ( 'NONE', #3327, #9468, #110, .T. ) ;
#5629 = CARTESIAN_POINT ( 'NONE',  ( 4.194469160857399181, -3.010000000000000231, 2.369316324991687761 ) ) ;
#5630 = CARTESIAN_POINT ( 'NONE',  ( 3.790027892620987160, -3.000000000000000000, 1.742350488521201335 ) ) ;
#5631 = LINE ( 'NONE', #576, #818 ) ;
#5632 = B_SPLINE_SURFACE_WITH_KNOTS ( 'NONE', 3, 1, ( 
 ( #8751, #5064 ),
 ( #8024, #1357 ),
 ( #6612, #7436 ),
 ( #766, #6661 ) ),
 .UNSPECIFIED., .F., .F., .F.,
 ( 4, 4 ),
 ( 2, 2 ),
 ( 1.000000000000000000, 2.000000000000000000 ),
 ( 0.000000000000000000, 1.000000000000000000 ),
 .UNSPECIFIED. ) ;
#5633 = CARTESIAN_POINT ( 'NONE',  ( 3.890237631956687814, -3.000000000000000000, 1.579755274207726545 ) ) ;
#5634 = LINE ( 'NONE', #1204, #5489 ) ;
#5635 = CARTESIAN_POINT ( 'NONE',  ( 2.821452747967625463, -3.010000000000000231, 1.699656782622191997 ) ) ;
#5636 = AXIS2_PLACEMENT_3D ( 'NONE', #8537, #513, #4847 ) ;
#5637 = PRESENTATION_LAYER_ASSIGNMENT (  '', '', ( #8586 ) ) ;
#5638 = B_SPLINE_SURFACE_WITH_KNOTS ( 'NONE', 3, 1, ( 
 ( #6967, #6917 ),
 ( #1074, #308 ),
 ( #3255, #1809 ),
 ( #9192, #5510 ) ),
 .UNSPECIFIED., .F., .F., .F.,
 ( 4, 4 ),
 ( 2, 2 ),
 ( 13.00000000000000000, 14.00000000000000000 ),
 ( 0.000000000000000000, 1.000000000000000000 ),
 .UNSPECIFIED. ) ;
#5639 = FACE_OUTER_BOUND ( 'NONE', #5404, .T. ) ;
#5640 = ORIENTED_EDGE ( 'NONE', *, *, #863, .F. ) ;
#5641 = CARTESIAN_POINT ( 'NONE',  ( 3.847337384070623756, -3.010000000000000231, 1.635099868806588530 ) ) ;
#5642 = CARTESIAN_POINT ( 'NONE',  ( 4.102037138218421752, -3.000000000000000000, 2.099634232365364284 ) ) ;
#5643 = DIRECTION ( 'NONE',  ( -0.000000000000000000, 1.000000000000000000, -0.000000000000000000 ) ) ;
#5644 = CARTESIAN_POINT ( 'NONE',  ( 2.782741349902924544, -3.010000000000000231, 2.239340157230471196 ) ) ;
#5645 = VERTEX_POINT ( 'NONE', #1316 ) ;
#5646 = CARTESIAN_POINT ( 'NONE',  ( 2.302263671026000935, -3.000000000000000000, 1.654113966477452902 ) ) ;
#5647 =( LENGTH_UNIT ( ) NAMED_UNIT ( * ) SI_UNIT ( .MILLI., .METRE. ) );
#5648 = FACE_OUTER_BOUND ( 'NONE', #216, .T. ) ;
#5649 = AXIS2_PLACEMENT_3D ( 'NONE', #6151, #2403, #6097 ) ;
#5650 = EDGE_CURVE ( 'NONE', #887, #2319, #1841, .T. ) ;
#5651 = ORIENTED_EDGE ( 'NONE', *, *, #7715, .F. ) ;
#5652 = VECTOR ( 'NONE', #9393, 1000.000000000000000 ) ;
#5653 = MECHANICAL_DESIGN_GEOMETRIC_PRESENTATION_REPRESENTATION (  '', ( #9376 ), #4883 ) ;
#5654 = ORIENTED_EDGE ( 'NONE', *, *, #1275, .F. ) ;
#5655 = VERTEX_POINT ( 'NONE', #2615 ) ;
#5656 = DIRECTION ( 'NONE',  ( -1.000000000000000000, -0.000000000000000000, -0.000000000000000000 ) ) ;
#5657 = DIRECTION ( 'NONE',  ( -1.000000000000000000, -0.000000000000000000, -0.000000000000000000 ) ) ;
#5658 = DIRECTION ( 'NONE',  ( -1.000000000000000000, 0.000000000000000000, 0.000000000000000000 ) ) ;
#5659 = ORIENTED_EDGE ( 'NONE', *, *, #7342, .T. ) ;
#5660 = AXIS2_PLACEMENT_3D ( 'NONE', #6317, #6258, #951 ) ;
#5661 = CARTESIAN_POINT ( 'NONE',  ( 3.295528852104089523, -3.010000000000000231, 2.383398085747336470 ) ) ;
#5662 = ORIENTED_EDGE ( 'NONE', *, *, #8603, .T. ) ;
#5663 = ADVANCED_FACE ( 'NONE', ( #878 ), #5587, .F. ) ;
#5664 = AXIS2_PLACEMENT_3D ( 'NONE', #8160, #2100, #8026 ) ;
#5665 = MECHANICAL_DESIGN_GEOMETRIC_PRESENTATION_REPRESENTATION (  '', ( #1002 ), #8139 ) ;
#5666 = ORIENTED_EDGE ( 'NONE', *, *, #1810, .F. ) ;
#5667 = SURFACE_SIDE_STYLE ('',( #7223 ) ) ;
#5668 = VERTEX_POINT ( 'NONE', #8545 ) ;
#5669 = CARTESIAN_POINT ( 'NONE',  ( 2.714426908521401227, -3.010000000000000231, 2.048059973275527579 ) ) ;
#5670 = ORIENTED_EDGE ( 'NONE', *, *, #6398, .F. ) ;
#5671 = LINE ( 'NONE', #9360, #7680 ) ;
#5672 = ORIENTED_EDGE ( 'NONE', *, *, #5675, .T. ) ;
#5673 = CARTESIAN_POINT ( 'NONE',  ( 4.347485503030602771, -3.010000000000000231, 1.875308508687759446 ) ) ;
#5674 = CARTESIAN_POINT ( 'NONE',  ( 4.024341841950948684, -3.010000000000000231, 1.611848589418388267 ) ) ;
#5675 = EDGE_CURVE ( 'NONE', #3353, #2655, #3831, .T. ) ;
#5676 = STYLED_ITEM ( 'NONE', ( #8615 ), #335 ) ;
#5677 = DIRECTION ( 'NONE',  ( -0.9303007377811901568, 0.000000000000000000, 0.3667976789509078128 ) ) ;
#5678 = EDGE_CURVE ( 'NONE', #7616, #1525, #3100, .T. ) ;
#5679 = ORIENTED_EDGE ( 'NONE', *, *, #40, .F. ) ;
#5680 = FILL_AREA_STYLE_COLOUR ( '', #3476 ) ;
#5681 = MECHANICAL_DESIGN_GEOMETRIC_PRESENTATION_REPRESENTATION (  '', ( #1799 ), #5060 ) ;
#5682 = EDGE_LOOP ( 'NONE', ( #9036, #6657, #9472, #1012 ) ) ;
#5683 = CARTESIAN_POINT ( 'NONE',  ( 2.621063905230905711, -3.000000000000000000, 1.692825364543246724 ) ) ;
#5684 = CARTESIAN_POINT ( 'NONE',  ( 3.813524784115134292, -3.000000000000000000, 1.692573101661276169 ) ) ;
#5685 = CARTESIAN_POINT ( 'NONE',  ( 2.696209764690269406, -3.010000000000000231, 2.048059973275527579 ) ) ;
#5686 = EDGE_CURVE ( 'NONE', #9308, #2776, #5354, .T. ) ;
#5687 = DIRECTION ( 'NONE',  ( -1.000000000000000000, 0.000000000000000000, -0.000000000000000000 ) ) ;
#5688 = CARTESIAN_POINT ( 'NONE',  ( 4.014189874894639409, -3.010000000000000231, 2.063119899241303568 ) ) ;
#5689 = EDGE_CURVE ( 'NONE', #7456, #795, #5254, .T. ) ;
#5690 = EDGE_CURVE ( 'NONE', #2541, #1014, #6764, .T. ) ;
#5691 = ORIENTED_EDGE ( 'NONE', *, *, #8637, .F. ) ;
#5692 = DIRECTION ( 'NONE',  ( 0.000000000000000000, -0.000000000000000000, 1.000000000000000000 ) ) ;
#5693 = VECTOR ( 'NONE', #757, 1000.000000000000227 ) ;
#5694 = DIRECTION ( 'NONE',  ( -0.000000000000000000, 1.000000000000000000, -0.000000000000000000 ) ) ;
#5695 = CARTESIAN_POINT ( 'NONE',  ( 3.805337713908514718, -3.010000000000000231, 1.655567544325328155 ) ) ;
#5696 = CARTESIAN_POINT ( 'NONE',  ( 2.739475557296600972, -3.010000000000000231, 2.300823071952477594 ) ) ;
#5697 = ORIENTED_EDGE ( 'NONE', *, *, #3536, .F. ) ;
#5698 = DIRECTION ( 'NONE',  ( -0.000000000000000000, -0.000000000000000000, 1.000000000000000000 ) ) ;
#5699 = CARTESIAN_POINT ( 'NONE',  ( 1.676048732919441564, -3.000000000000000000, 1.667776802633160749 ) ) ;
#5700 = DIRECTION ( 'NONE',  ( 0.000000000000000000, -0.000000000000000000, 1.000000000000000000 ) ) ;
#5701 = ORIENTED_EDGE ( 'NONE', *, *, #8311, .T. ) ;
#5702 = EDGE_LOOP ( 'NONE', ( #6717, #6011, #497, #1343 ) ) ;
#5703 = ORIENTED_EDGE ( 'NONE', *, *, #3283, .F. ) ;
#5704 = PLANE ( 'NONE',  #4559 ) ;
#5705 = FILL_AREA_STYLE ('',( #5750 ) ) ;
#5706 = ORIENTED_EDGE ( 'NONE', *, *, #3744, .T. ) ;
#5707 = DIRECTION ( 'NONE',  ( 0.000000000000000000, 1.000000000000000000, 0.000000000000000000 ) ) ;
#5708 = VECTOR ( 'NONE', #759, 1000.000000000000000 ) ;
#5709 = LINE ( 'NONE', #7897, #1432 ) ;
#5710 = CARTESIAN_POINT ( 'NONE',  ( 4.226644346772213012, -3.000000000000000000, 2.107985043975945771 ) ) ;
#5711 = VERTEX_POINT ( 'NONE', #109 ) ;
#5712 = CARTESIAN_POINT ( 'NONE',  ( 4.097697991009176199, -3.000000000000000000, 1.783777063770563887 ) ) ;
#5713 = ORIENTED_EDGE ( 'NONE', *, *, #2509, .F. ) ;
#5714 = CARTESIAN_POINT ( 'NONE',  ( 1.951583369965870229, -3.000000000000000000, 2.148254481510083913 ) ) ;
#5715 = ORIENTED_EDGE ( 'NONE', *, *, #3283, .T. ) ;
#5716 = ORIENTED_EDGE ( 'NONE', *, *, #4547, .F. ) ;
#5717 = ADVANCED_FACE ( 'NONE', ( #825 ), #6134, .F. ) ;
#5718 = DIRECTION ( 'NONE',  ( -0.000000000000000000, -0.000000000000000000, 1.000000000000000000 ) ) ;
#5719 = CARTESIAN_POINT ( 'NONE',  ( 4.627728916223118993, -3.010000000000000231, 1.832899485014656049 ) ) ;
#5720 =( NAMED_UNIT ( * ) SI_UNIT ( $, .STERADIAN. ) SOLID_ANGLE_UNIT ( ) );
#5721 = B_SPLINE_SURFACE_WITH_KNOTS ( 'NONE', 3, 1, ( 
 ( #90, #6792 ),
 ( #4556, #805 ),
 ( #6017, #4502 ),
 ( #1573, #1681 ) ),
 .UNSPECIFIED., .F., .F., .F.,
 ( 4, 4 ),
 ( 2, 2 ),
 ( 3.000000000000000000, 4.000000000000000000 ),
 ( 0.000000000000000000, 1.000000000000000000 ),
 .UNSPECIFIED. ) ;
#5722 = DIRECTION ( 'NONE',  ( 1.000000000000000000, -0.000000000000000000, -0.000000000000000000 ) ) ;
#5723 = ORIENTED_EDGE ( 'NONE', *, *, #402, .T. ) ;
#5724 = CARTESIAN_POINT ( 'NONE',  ( 3.607292485595599896, -3.000000000000000000, 1.789016788703759575 ) ) ;
#5725 = CARTESIAN_POINT ( 'NONE',  ( 3.662391468089616797, -3.010000000000000231, 1.789016788703756244 ) ) ;
#5726 = EDGE_CURVE ( 'NONE', #1314, #2717, #6854, .T. ) ;
#5727 = DIRECTION ( 'NONE',  ( -0.000000000000000000, 1.000000000000000000, -0.000000000000000000 ) ) ;
#5728 = LINE ( 'NONE', #7329, #4933 ) ;
#5729 = CARTESIAN_POINT ( 'NONE',  ( 3.523784369481050227, -3.000000000000000000, 2.341644027690072960 ) ) ;
#5730 = CARTESIAN_POINT ( 'NONE',  ( 3.689981894688174613, -3.010000000000000231, 1.702233844505699034 ) ) ;
#5731 = EDGE_LOOP ( 'NONE', ( #3034, #5516, #1028, #5814 ) ) ;
#5732 = EDGE_CURVE ( 'NONE', #1406, #2220, #2382, .T. ) ;
#5733 = ORIENTED_EDGE ( 'NONE', *, *, #9367, .F. ) ;
#5734 = EDGE_CURVE ( 'NONE', #7802, #8041, #3674, .T. ) ;
#5735 = CARTESIAN_POINT ( 'NONE',  ( -4.060000000000001386, -2.449999999999999289, -4.099999999999999645 ) ) ;
#5736 = FACE_OUTER_BOUND ( 'NONE', #686, .T. ) ;
#5737 = EDGE_CURVE ( 'NONE', #7846, #5711, #438, .T. ) ;
#5738 = CARTESIAN_POINT ( 'NONE',  ( 4.505004733817024487, -3.000000000000000000, 1.838466692755773568 ) ) ;
#5739 = VERTEX_POINT ( 'NONE', #6035 ) ;
#5740 = DIRECTION ( 'NONE',  ( -0.000000000000000000, 1.000000000000000000, -0.000000000000000000 ) ) ;
#5741 = SURFACE_STYLE_USAGE ( .BOTH. , #5109 ) ;
#5742 = LINE ( 'NONE', #9386, #88 ) ;
#5743 = CARTESIAN_POINT ( 'NONE',  ( 3.857653092531977634, -3.000000000000000000, 1.622164297880833717 ) ) ;
#5744 = ORIENTED_EDGE ( 'NONE', *, *, #2902, .F. ) ;
#5745 = ORIENTED_EDGE ( 'NONE', *, *, #6748, .T. ) ;
#5746 = ORIENTED_EDGE ( 'NONE', *, *, #6522, .F. ) ;
#5747 = CARTESIAN_POINT ( 'NONE',  ( 3.841852047032582540, -3.000000000000000000, 1.582375136673235927 ) ) ;
#5748 = CARTESIAN_POINT ( 'NONE',  ( 3.853150203917672378, -3.000000000000000000, 1.789016788703759575 ) ) ;
#5749 = ADVANCED_FACE ( 'NONE', ( #6362 ), #4157, .F. ) ;
#5750 = FILL_AREA_STYLE_COLOUR ( '', #5225 ) ;
#5751 = ORIENTED_EDGE ( 'NONE', *, *, #8114, .F. ) ;
#5752 = DIRECTION ( 'NONE',  ( -0.000000000000000000, -0.000000000000000000, 1.000000000000000000 ) ) ;
#5753 = DIRECTION ( 'NONE',  ( -0.000000000000000000, 1.000000000000000000, -0.000000000000000000 ) ) ;
#5754 = FILL_AREA_STYLE_COLOUR ( '', #979 ) ;
#5755 = LINE ( 'NONE', #8628, #2145 ) ;
#5756 = EDGE_LOOP ( 'NONE', ( #2364, #8853, #5751, #3314 ) ) ;
#5757 = ORIENTED_EDGE ( 'NONE', *, *, #6945, .T. ) ;
#5758 = CARTESIAN_POINT ( 'NONE',  ( -1.020000000000000906, -2.449999999999998845, -4.099999999999999645 ) ) ;
#5759 = ORIENTED_EDGE ( 'NONE', *, *, #4959, .F. ) ;
#5760 = LINE ( 'NONE', #4810, #3293 ) ;
#5761 = ORIENTED_EDGE ( 'NONE', *, *, #3406, .F. ) ;
#5762 = SPHERICAL_SURFACE ( 'NONE', #384, 0.2000000000000000111 ) ;
#5763 = ORIENTED_EDGE ( 'NONE', *, *, #282, .T. ) ;
#5764 = DIRECTION ( 'NONE',  ( -0.000000000000000000, -1.000000000000000000, -0.000000000000000000 ) ) ;
#5765 = CARTESIAN_POINT ( 'NONE',  ( 4.595553730310481200, -3.010000000000000231, 1.861226747929926928 ) ) ;
#5766 =( NAMED_UNIT ( * ) PLANE_ANGLE_UNIT ( ) SI_UNIT ( $, .RADIAN. ) );
#5767 = ORIENTED_EDGE ( 'NONE', *, *, #5897, .T. ) ;
#5768 = PRESENTATION_STYLE_ASSIGNMENT (( #6451 ) ) ;
#5769 = B_SPLINE_CURVE_WITH_KNOTS ( 'NONE', 3,
 ( #6843, #3916, #97, #4615 ),
 .UNSPECIFIED., .F., .F.,
 ( 4, 4 ),
 ( 4.000000000000000000, 5.000000000000000000 ),
 .UNSPECIFIED. ) ;
#5770 = ORIENTED_EDGE ( 'NONE', *, *, #8771, .F. ) ;
#5771 = CARTESIAN_POINT ( 'NONE',  ( 3.573316144235061387, -3.000000000000000000, 2.105856405722311475 ) ) ;
#5772 = CARTESIAN_POINT ( 'NONE',  ( 3.806402033035329868, -3.000000000000000000, 1.549626855844558726 ) ) ;
#5773 = CARTESIAN_POINT ( 'NONE',  ( 3.557515098735669845, -3.000000000000000000, 1.648526663946418003 ) ) ;
#5774 = DIRECTION ( 'NONE',  ( -0.3416038306815700754, 0.000000000000000000, 0.9398440417769733379 ) ) ;
#5775 = CARTESIAN_POINT ( 'NONE',  ( 3.822776173449655701, -3.010000000000000231, 2.099634232365364284 ) ) ;
#5776 =( GEOMETRIC_REPRESENTATION_CONTEXT ( 3 ) GLOBAL_UNCERTAINTY_ASSIGNED_CONTEXT ( ( #9084 ) ) GLOBAL_UNIT_ASSIGNED_CONTEXT ( ( #6336, #1851, #456 ) ) REPRESENTATION_CONTEXT ( 'NONE', 'WORKASPACE' ) );
#5777 = EDGE_CURVE ( 'NONE', #5430, #6196, #8999, .T. ) ;
#5778 = UNCERTAINTY_MEASURE_WITH_UNIT (LENGTH_MEASURE( 1.000000000000000082E-05 ), #4186, 'distance_accuracy_value', 'NONE');
#5779 = ORIENTED_EDGE ( 'NONE', *, *, #4799, .F. ) ;
#5780 = CARTESIAN_POINT ( 'NONE',  ( 3.898834055674295307, -3.010000000000000231, 1.632316264937124561 ) ) ;
#5781 = DIRECTION ( 'NONE',  ( -1.000000000000000000, 0.000000000000000000, 0.000000000000000000 ) ) ;
#5782 = CARTESIAN_POINT ( 'NONE',  ( 4.194469160857399181, -3.010000000000000231, 2.369316324991687761 ) ) ;
#5784 = FACE_OUTER_BOUND ( 'NONE', #8347, .T. ) ;
#5783 = VECTOR ( 'NONE', #2892, 1000.000000000000000 ) ;
#5785 = SURFACE_STYLE_FILL_AREA ( #4280 ) ;
#5786 = CARTESIAN_POINT ( 'NONE',  ( 4.890861352684582997, -3.010000000000000231, 1.678818823713545738 ) ) ;
#5787 = ADVANCED_FACE ( 'NONE', ( #1593 ), #158, .T. ) ;
#5788 = AXIS2_PLACEMENT_3D ( 'NONE', #9306, #2729, #1962 ) ;
#5789 = ORIENTED_EDGE ( 'NONE', *, *, #1638, .F. ) ;
#5790 = ADVANCED_FACE ( 'NONE', ( #4063 ), #5799, .F. ) ;
#5791 = EDGE_LOOP ( 'NONE', ( #7253, #299, #182, #9013 ) ) ;
#5792 = EDGE_CURVE ( 'NONE', #1525, #5607, #574, .T. ) ;
#5793 = VECTOR ( 'NONE', #7298, 1000.000000000000000 ) ;
#5794 = VERTEX_POINT ( 'NONE', #1983 ) ;
#5795 = ORIENTED_EDGE ( 'NONE', *, *, #7881, .F. ) ;
#5796 = DIRECTION ( 'NONE',  ( 1.000000000000000000, -0.000000000000000000, -0.000000000000000000 ) ) ;
#5797 = MECHANICAL_DESIGN_GEOMETRIC_PRESENTATION_REPRESENTATION (  '', ( #2536 ), #5023 ) ;
#5798 =( LENGTH_UNIT ( ) NAMED_UNIT ( * ) SI_UNIT ( .MILLI., .METRE. ) );
#5799 = B_SPLINE_SURFACE_WITH_KNOTS ( 'NONE', 3, 1, ( 
 ( #1293, #7238 ),
 ( #4206, #8012 ),
 ( #1244, #5771 ),
 ( #2796, #8689 ) ),
 .UNSPECIFIED., .F., .F., .F.,
 ( 4, 4 ),
 ( 2, 2 ),
 ( 11.00000000000000000, 12.00000000000000000 ),
 ( 0.000000000000000000, 1.000000000000000000 ),
 .UNSPECIFIED. ) ;
#5800 = FILL_AREA_STYLE_COLOUR ( '', #7661 ) ;
#5801 =( LENGTH_UNIT ( ) NAMED_UNIT ( * ) SI_UNIT ( .MILLI., .METRE. ) );
#5802 =( LENGTH_UNIT ( ) NAMED_UNIT ( * ) SI_UNIT ( .MILLI., .METRE. ) );
#5803 = EDGE_CURVE ( 'NONE', #2136, #1362, #3617, .T. ) ;
#5804 = ADVANCED_FACE ( 'NONE', ( #8737 ), #3897, .T. ) ;
#5805 = VECTOR ( 'NONE', #9105, 1000.000000000000000 ) ;
#5806 = ORIENTED_EDGE ( 'NONE', *, *, #483, .T. ) ;
#5807 = CARTESIAN_POINT ( 'NONE',  ( 3.532135181092734832, -3.000000000000000000, 2.292030382234095498 ) ) ;
#5808 = AXIS2_PLACEMENT_3D ( 'NONE', #8632, #3567, #7858 ) ;
#5809 = VECTOR ( 'NONE', #5958, 1000.000000000000000 ) ;
#5810 = ORIENTED_EDGE ( 'NONE', *, *, #7881, .T. ) ;
#5811 = CARTESIAN_POINT ( 'NONE',  ( 1.687434523821276011, -3.010000000000000231, 2.175580088674024637 ) ) ;
#5812 = ORIENTED_EDGE ( 'NONE', *, *, #990, .T. ) ;
#5813 = CARTESIAN_POINT ( 'NONE',  ( 3.717326709180762911, -3.010000000000000231, 2.076382952977158691 ) ) ;
#5814 = ORIENTED_EDGE ( 'NONE', *, *, #1438, .T. ) ;
#5815 = FILL_AREA_STYLE_COLOUR ( '', #7954 ) ;
#5816 = CARTESIAN_POINT ( 'NONE',  ( 3.506182168535952659, -3.000000000000000000, 1.595801931813053187 ) ) ;
#5817 = SURFACE_STYLE_FILL_AREA ( #4994 ) ;
#5818 = STYLED_ITEM ( 'NONE', ( #3548 ), #7055 ) ;
#5819 = B_SPLINE_CURVE_WITH_KNOTS ( 'NONE', 3,
 ( #1692, #870, #8258, #1539 ),
 .UNSPECIFIED., .F., .F.,
 ( 4, 4 ),
 ( 0.000000000000000000, 1.000000000000000000 ),
 .UNSPECIFIED. ) ;
#5820 = VECTOR ( 'NONE', #7496, 1000.000000000000227 ) ;
#5821 = ORIENTED_EDGE ( 'NONE', *, *, #7052, .F. ) ;
#5822 = FACE_BOUND ( 'NONE', #126, .T. ) ;
#5823 = ORIENTED_EDGE ( 'NONE', *, *, #3106, .F. ) ;
#5824 = CARTESIAN_POINT ( 'NONE',  ( 3.943371717602121240, -3.010000000000000231, 1.481674173123481486 ) ) ;
#5825 = CARTESIAN_POINT ( 'NONE',  ( 4.196352187005090606, -3.000000000000000000, 2.316427851452192765 ) ) ;
#5826 = DIRECTION ( 'NONE',  ( 0.000000000000000000, 1.000000000000000000, 0.000000000000000000 ) ) ;
#5827 = LINE ( 'NONE', #1295, #1287 ) ;
#5828 = CARTESIAN_POINT ( 'NONE',  ( 2.074549155974592995, -3.000000000000000000, 1.403627999920574743 ) ) ;
#5829 = LINE ( 'NONE', #8973, #2991 ) ;
#5830 = CARTESIAN_POINT ( 'NONE',  ( 2.142863553923001430, -3.000000000000000000, 1.861334183860016811 ) ) ;
#5831 = AXIS2_PLACEMENT_3D ( 'NONE', #4324, #6515, #2855 ) ;
#5832 = LINE ( 'NONE', #8798, #3187 ) ;
#5833 = VERTEX_POINT ( 'NONE', #2083 ) ;
#5834 = CARTESIAN_POINT ( 'NONE',  ( 3.755969680558477464, -3.010000000000000231, 1.685859704092445677 ) ) ;
#5835 = CARTESIAN_POINT ( 'NONE',  ( 4.831259481574080361, -3.000000000000000000, 1.811940585284053773 ) ) ;
#5836 = CARTESIAN_POINT ( 'NONE',  ( 3.964576229438675714, -3.000000000000000000, 1.783777063770560556 ) ) ;
#5837 = CARTESIAN_POINT ( 'NONE',  ( 2.101874915153297163, -3.010000000000000231, 2.380523163077156834 ) ) ;
#5838 = CARTESIAN_POINT ( 'NONE',  ( 3.689981894688174613, -3.000000000000000000, 1.760198301574431579 ) ) ;
#5839 = EDGE_CURVE ( 'NONE', #922, #8075, #7184, .T. ) ;
#5840 = VECTOR ( 'NONE', #8712, 1000.000000000000000 ) ;
#5841 = FACE_OUTER_BOUND ( 'NONE', #9255, .T. ) ;
#5842 = VERTEX_POINT ( 'NONE', #527 ) ;
#5843 = COLOUR_RGB ( '',0.6666666666666666297, 0.6666666666666666297, 0.6666666666666666297 ) ;
#5844 = LINE ( 'NONE', #9535, #1637 ) ;
#5845 = DIRECTION ( 'NONE',  ( 0.000000000000000000, 0.000000000000000000, -1.000000000000000000 ) ) ;
#5846 =( NAMED_UNIT ( * ) PLANE_ANGLE_UNIT ( ) SI_UNIT ( $, .RADIAN. ) );
#5847 = CARTESIAN_POINT ( 'NONE',  ( 4.354771995515470451, -3.010000000000000231, 1.555030322181719660 ) ) ;
#5848 = EDGE_CURVE ( 'NONE', #8725, #7005, #8087, .T. ) ;
#5849 = FACE_BOUND ( 'NONE', #2968, .T. ) ;
#5850 = CARTESIAN_POINT ( 'NONE',  ( 4.456619148892922766, -3.010000000000000231, 1.591544655305799694 ) ) ;
#5851 = VECTOR ( 'NONE', #2765, 1000.000000000000000 ) ;
#5852 = ORIENTED_EDGE ( 'NONE', *, *, #3184, .F. ) ;
#5853 = EDGE_CURVE ( 'NONE', #3407, #8524, #6501, .T. ) ;
#5854 = ORIENTED_EDGE ( 'NONE', *, *, #6101, .T. ) ;
#5855 = LINE ( 'NONE', #2166, #4100 ) ;
#5856 = VECTOR ( 'NONE', #6837, 1000.000000000000000 ) ;
#5857 = ORIENTED_EDGE ( 'NONE', *, *, #1998, .F. ) ;
#5858 = CARTESIAN_POINT ( 'NONE',  ( 3.755969680558477464, -3.010000000000000231, 1.685859704092445677 ) ) ;
#5859 = ORIENTED_EDGE ( 'NONE', *, *, #1021, .T. ) ;
#5860 = CARTESIAN_POINT ( 'NONE',  ( 3.770297053421158839, -3.000000000000000000, 1.770841492842605946 ) ) ;
#5861 = ORIENTED_EDGE ( 'NONE', *, *, #6237, .F. ) ;
#5862 = EDGE_CURVE ( 'NONE', #3407, #587, #983, .T. ) ;
#5863 = EDGE_CURVE ( 'NONE', #7421, #5645, #4315, .T. ) ;
#5864 = CARTESIAN_POINT ( 'NONE',  ( 3.851430919175027334, -3.010000000000000231, 1.756432249279040736 ) ) ;
#5865 = CARTESIAN_POINT ( 'NONE',  ( 1.676048732919441564, -3.010000000000000231, 1.667776802633160749 ) ) ;
#5866 = VERTEX_POINT ( 'NONE', #3481 ) ;
#5867 = DIRECTION ( 'NONE',  ( 1.000000000000000000, -0.000000000000000000, -0.000000000000000000 ) ) ;
#5868 = ORIENTED_EDGE ( 'NONE', *, *, #5435, .T. ) ;
#5869 = DIRECTION ( 'NONE',  ( -0.9903286039881302738, -0.000000000000000000, -0.1387416884823060581 ) ) ;
#5870 = CARTESIAN_POINT ( 'NONE',  ( 2.611955376748436919, -3.010000000000000231, 1.695102474946761362 ) ) ;
#5871 = CARTESIAN_POINT ( 'NONE',  ( 3.857653092531977634, -3.010000000000000231, 1.613322262056188006 ) ) ;
#5872 = FACE_OUTER_BOUND ( 'NONE', #7270, .T. ) ;
#5873 = EDGE_CURVE ( 'NONE', #3517, #6202, #7325, .T. ) ;
#5874 = FACE_OUTER_BOUND ( 'NONE', #4975, .T. ) ;
#5875 = DIRECTION ( 'NONE',  ( -0.000000000000000000, 1.000000000000000000, -0.000000000000000000 ) ) ;
#5876 = CARTESIAN_POINT ( 'NONE',  ( 3.464428110479771394, -3.010000000000000231, 2.099634232365364284 ) ) ;
#5877 = UNCERTAINTY_MEASURE_WITH_UNIT (LENGTH_MEASURE( 1.000000000000000082E-05 ), #1354, 'distance_accuracy_value', 'NONE');
#5878 = CARTESIAN_POINT ( 'NONE',  ( 3.672052210934032779, -3.010000000000000231, 2.388801552084495405 ) ) ;
#5879 = ORIENTED_EDGE ( 'NONE', *, *, #4107, .F. ) ;
#5880 = LINE ( 'NONE', #5145, #8478 ) ;
#5881 = LINE ( 'NONE', #8844, #1327 ) ;
#5882 = CARTESIAN_POINT ( 'NONE',  ( 3.033227229592507790, -3.000000000000000000, 1.793019785911610153 ) ) ;
#5883 = CARTESIAN_POINT ( 'NONE',  ( 3.780039666967558443, -3.010000000000000231, 1.665719511381631213 ) ) ;
#5884 = FACE_OUTER_BOUND ( 'NONE', #1801, .T. ) ;
#5885 = FILL_AREA_STYLE_COLOUR ( '', #8319 ) ;
#5886 = ORIENTED_EDGE ( 'NONE', *, *, #5734, .F. ) ;
#5887 = EDGE_LOOP ( 'NONE', ( #4826, #3480, #3900, #2864 ) ) ;
#5888 = EDGE_LOOP ( 'NONE', ( #3216, #8522, #7020, #931 ) ) ;
#5889 = CARTESIAN_POINT ( 'NONE',  ( 2.072272002136880786, -3.000000000000000000, 1.717873926451140010 ) ) ;
#5890 = B_SPLINE_CURVE_WITH_KNOTS ( 'NONE', 3,
 ( #2905, #8951, #1541, #822 ),
 .UNSPECIFIED., .F., .F.,
 ( 4, 4 ),
 ( 1.000000000000000000, 2.000000000000000000 ),
 .UNSPECIFIED. ) ;
#5891 = ORIENTED_EDGE ( 'NONE', *, *, #8102, .F. ) ;
#5892 = LINE ( 'NONE', #2292, #1155 ) ;
#5893 = CYLINDRICAL_SURFACE ( 'NONE', #9513, 0.2000000000000005107 ) ;
#5894 = CARTESIAN_POINT ( 'NONE',  ( 4.274948060994349319, -3.010000000000000231, 2.177738882142746135 ) ) ;
#5895 =( NAMED_UNIT ( * ) SI_UNIT ( $, .STERADIAN. ) SOLID_ANGLE_UNIT ( ) );
#5896 = ORIENTED_EDGE ( 'NONE', *, *, #3981, .F. ) ;
#5897 = EDGE_CURVE ( 'NONE', #8041, #7348, #8896, .T. ) ;
#5898 = ORIENTED_EDGE ( 'NONE', *, *, #3746, .T. ) ;
#5899 = CARTESIAN_POINT ( 'NONE',  ( 5.750000000000000000, 2.799999999999999822, 9.799999999999998934 ) ) ;
#5900 = EDGE_LOOP ( 'NONE', ( #3048, #2328, #7125, #6834, #5307, #4290, #6040 ) ) ;
#5901 = CARTESIAN_POINT ( 'NONE',  ( 3.744344040864370893, -3.010000000000000231, 1.563053650984391529 ) ) ;
#5902 = ORIENTED_EDGE ( 'NONE', *, *, #2407, .T. ) ;
#5903 = CARTESIAN_POINT ( 'NONE',  ( 4.196352187005090606, -3.010000000000000231, 2.316427851452192765 ) ) ;
#5904 = ORIENTED_EDGE ( 'NONE', *, *, #6673, .F. ) ;
#5905 = DIRECTION ( 'NONE',  ( -1.000000000000000000, 0.000000000000000000, -0.000000000000000000 ) ) ;
#5906 = CYLINDRICAL_SURFACE ( 'NONE', #9212, 0.1999999999999996503 ) ;
#5907 = EDGE_CURVE ( 'NONE', #9331, #6307, #8922, .T. ) ;
#5908 = EDGE_CURVE ( 'NONE', #4055, #279, #4908, .T. ) ;
#5909 = ADVANCED_FACE ( 'NONE', ( #9324 ), #2761, .F. ) ;
#5910 = ADVANCED_FACE ( 'NONE', ( #8198 ), #1564, .F. ) ;
#5911 = VERTEX_POINT ( 'NONE', #2267 ) ;
#5912 = SURFACE_STYLE_USAGE ( .BOTH. , #7322 ) ;
#5913 = ORIENTED_EDGE ( 'NONE', *, *, #2932, .F. ) ;
#5914 = CARTESIAN_POINT ( 'NONE',  ( 3.033227229592507790, -3.010000000000000231, 1.793019785911610153 ) ) ;
#5915 = LINE ( 'NONE', #902, #4242 ) ;
#5916 = ORIENTED_EDGE ( 'NONE', *, *, #5085, .T. ) ;
#5917 = LINE ( 'NONE', #1628, #3350 ) ;
#5918 = PLANE ( 'NONE',  #7821 ) ;
#5919 = FACE_OUTER_BOUND ( 'NONE', #2539, .T. ) ;
#5920 = CARTESIAN_POINT ( 'NONE',  ( 3.927980025612624271, -3.010000000000000231, 1.450563306336576375 ) ) ;
#5921 = FACE_OUTER_BOUND ( 'NONE', #8205, .T. ) ;
#5922 = EDGE_CURVE ( 'NONE', #7552, #1710, #8982, .T. ) ;
#5923 = ORIENTED_EDGE ( 'NONE', *, *, #2205, .T. ) ;
#5924 = CARTESIAN_POINT ( 'NONE',  ( 3.894331167059998489, -3.000000000000000000, 1.644924353057164224 ) ) ;
#5925 = DIRECTION ( 'NONE',  ( -1.000000000000000000, 0.000000000000000000, 0.000000000000000000 ) ) ;
#5926 = CARTESIAN_POINT ( 'NONE',  ( 3.755969680558477464, -3.010000000000000231, 1.685859704092445677 ) ) ;
#5927 =( NAMED_UNIT ( * ) PLANE_ANGLE_UNIT ( ) SI_UNIT ( $, .RADIAN. ) );
#5928 = CARTESIAN_POINT ( 'NONE',  ( 3.744344040864370893, -3.000000000000000000, 1.563053650984391529 ) ) ;
#5929 = PRESENTATION_LAYER_ASSIGNMENT (  '', '', ( #7027 ) ) ;
#5930 = CARTESIAN_POINT ( 'NONE',  ( 4.354771995515470451, -3.010000000000000231, 1.555030322181719660 ) ) ;
#5931 = VERTEX_POINT ( 'NONE', #1529 ) ;
#5932 = ORIENTED_EDGE ( 'NONE', *, *, #7327, .T. ) ;
#5933 = CARTESIAN_POINT ( 'NONE',  ( 3.946400933578616321, -3.000000000000000000, 2.346556269815353701 ) ) ;
#5934 = CARTESIAN_POINT ( 'NONE',  ( 3.826460355043078465, -3.010000000000000231, 1.647707956926624862 ) ) ;
#5935 = CARTESIAN_POINT ( 'NONE',  ( 4.055534579442018561, -3.010000000000000231, 2.099634232365364284 ) ) ;
#5936 = CARTESIAN_POINT ( 'NONE',  ( 3.033227229592507790, -3.000000000000000000, 1.872719866179106019 ) ) ;
#5937 = CARTESIAN_POINT ( 'NONE',  ( 3.744344040864370893, -3.010000000000000231, 1.604480226231551176 ) ) ;
#5938 = CARTESIAN_POINT ( 'NONE',  ( 3.744344040864370893, -3.010000000000000231, 1.563053650984391529 ) ) ;
#5939 = COLOUR_RGB ( '',0.2980392156862745057, 0.2980392156862745057, 0.2980392156862745057 ) ;
#5940 = DIRECTION ( 'NONE',  ( -0.000000000000000000, -0.000000000000000000, 1.000000000000000000 ) ) ;
#5941 = EDGE_CURVE ( 'NONE', #1378, #1660, #6029, .T. ) ;
#5942 = PRESENTATION_LAYER_ASSIGNMENT (  '', '', ( #360 ) ) ;
#5943 = ORIENTED_EDGE ( 'NONE', *, *, #1077, .F. ) ;
#5944 = ORIENTED_EDGE ( 'NONE', *, *, #5497, .F. ) ;
#5945 = CARTESIAN_POINT ( 'NONE',  ( 1.858220344958817494, -3.010000000000000231, 1.558473852782332303 ) ) ;
#5946 = SURFACE_STYLE_USAGE ( .BOTH. , #2830 ) ;
#5947 = EDGE_LOOP ( 'NONE', ( #1252, #8551, #2244, #6383 ) ) ;
#5948 = FILL_AREA_STYLE ('',( #1519 ) ) ;
#5949 = ORIENTED_EDGE ( 'NONE', *, *, #8592, .T. ) ;
#5950 = VECTOR ( 'NONE', #3503, 1000.000000000000000 ) ;
#5951 = CARTESIAN_POINT ( 'NONE',  ( 4.219767207797254116, -3.010000000000000231, 2.296287658743552118 ) ) ;
#5952 = DIRECTION ( 'NONE',  ( -8.673617379884035472E-16, -1.000000000000000000, 0.000000000000000000 ) ) ;
#5953 = EDGE_CURVE ( 'NONE', #3733, #8920, #4602, .T. ) ;
#5954 = LINE ( 'NONE', #8923, #677 ) ;
#5955 = AXIS2_PLACEMENT_3D ( 'NONE', #5591, #5687, #1796 ) ;
#5956 = VECTOR ( 'NONE', #9058, 1000.000000000000000 ) ;
#5957 = AXIS2_PLACEMENT_3D ( 'NONE', #4904, #5677, #1878 ) ;
#5958 = DIRECTION ( 'NONE',  ( -1.000000000000000000, -0.000000000000000000, -0.000000000000000000 ) ) ;
#5959 = VERTEX_POINT ( 'NONE', #2311 ) ;
#5960 = DIRECTION ( 'NONE',  ( 0.3315284183576328592, -0.000000000000000000, 0.9434452330799526498 ) ) ;
#5961 = DIRECTION ( 'NONE',  ( 1.000000000000000000, -0.000000000000000000, 4.028246116041384116E-14 ) ) ;
#5962 = ORIENTED_EDGE ( 'NONE', *, *, #1037, .F. ) ;
#5963 = CARTESIAN_POINT ( 'NONE',  ( 3.898834055674295307, -3.010000000000000231, 1.617252055755535434 ) ) ;
#5964 = CARTESIAN_POINT ( 'NONE',  ( 2.541363911829606081, -3.010000000000000231, 1.624511010027928748 ) ) ;
#5965 = ADVANCED_FACE ( 'NONE', ( #32 ), #3803, .F. ) ;
#5966 = COLOUR_RGB ( '',0.6666666666666666297, 0.6666666666666666297, 0.6666666666666666297 ) ;
#5967 = CARTESIAN_POINT ( 'NONE',  ( 3.717326709180762911, -3.010000000000000231, 2.116008372780791458 ) ) ;
#5968 = CARTESIAN_POINT ( 'NONE',  ( 2.541363911829606081, -3.010000000000000231, 1.624511010027928748 ) ) ;
#5969 = VECTOR ( 'NONE', #6133, 1000.000000000000000 ) ;
#5970 = ORIENTED_EDGE ( 'NONE', *, *, #4596, .F. ) ;
#5971 = UNCERTAINTY_MEASURE_WITH_UNIT (LENGTH_MEASURE( 1.000000000000000082E-05 ), #8400, 'distance_accuracy_value', 'NONE');
#5972 = MECHANICAL_DESIGN_GEOMETRIC_PRESENTATION_REPRESENTATION (  '', ( #5676 ), #6294 ) ;
#5973 = AXIS2_PLACEMENT_3D ( 'NONE', #5180, #7463, #6600 ) ;
#5974 = ADVANCED_FACE ( 'NONE', ( #2935 ), #4401, .T. ) ;
#5975 = ORIENTED_EDGE ( 'NONE', *, *, #9439, .F. ) ;
#5976 = LINE ( 'NONE', #4821, #5070 ) ;
#5977 = CARTESIAN_POINT ( 'NONE',  ( 3.885407260534478269, -3.000000000000000000, 1.655076320113465504 ) ) ;
#5978 = FACE_OUTER_BOUND ( 'NONE', #9188, .T. ) ;
#5979 = CARTESIAN_POINT ( 'NONE',  ( 3.833664976824861181, -3.000000000000000000, 1.684713514262567546 ) ) ;
#5980 = CARTESIAN_POINT ( 'NONE',  ( 3.689981894688174613, -3.010000000000000231, 1.555030322181719660 ) ) ;
#5981 = ADVANCED_FACE ( 'NONE', ( #6013 ), #3667, .F. ) ;
#5982 = PLANE ( 'NONE',  #5363 ) ;
#5983 = EDGE_CURVE ( 'NONE', #4452, #4496, #9504, .T. ) ;
#5984 = ORIENTED_EDGE ( 'NONE', *, *, #8240, .F. ) ;
#5985 = DIRECTION ( 'NONE',  ( -0.000000000000000000, 1.000000000000000000, -0.000000000000000000 ) ) ;
#5986 = CARTESIAN_POINT ( 'NONE',  ( 2.024451945290415278, -3.010000000000000231, 1.717873926451140010 ) ) ;
#5987 = VECTOR ( 'NONE', #5246, 1000.000000000000000 ) ;
#5988 = CARTESIAN_POINT ( 'NONE',  ( 4.627728916223118993, -3.010000000000000231, 1.599895466916377851 ) ) ;
#5989 = FILL_AREA_STYLE_COLOUR ( '', #6474 ) ;
#5990 = ORIENTED_EDGE ( 'NONE', *, *, #3347, .F. ) ;
#5991 = DIRECTION ( 'NONE',  ( 1.000000000000000000, 0.000000000000000000, 0.000000000000000000 ) ) ;
#5992 = CARTESIAN_POINT ( 'NONE',  ( -1.520000000000000906, -2.149999999999999467, -4.099999999999999645 ) ) ;
#5993 = EDGE_CURVE ( 'NONE', #5495, #1406, #709, .T. ) ;
#5994 = VECTOR ( 'NONE', #5504, 1000.000000000000000 ) ;
#5995 = EDGE_LOOP ( 'NONE', ( #7305, #2424, #5473, #5672 ) ) ;
#5996 = LINE ( 'NONE', #2206, #8769 ) ;
#5997 = ORIENTED_EDGE ( 'NONE', *, *, #1825, .F. ) ;
#5998 = ORIENTED_EDGE ( 'NONE', *, *, #7944, .T. ) ;
#5999 = SPHERICAL_SURFACE ( 'NONE', #7204, 0.2000000000000000111 ) ;
#6000 = EDGE_LOOP ( 'NONE', ( #1847, #5767, #5110, #5916, #222, #8186, #4399, #6594 ) ) ;
#6001 = PRESENTATION_LAYER_ASSIGNMENT (  '', '', ( #4776 ) ) ;
#6002 = CARTESIAN_POINT ( 'NONE',  ( 3.873044784521474604, -3.010000000000000231, 1.567802151703523217 ) ) ;
#6003 = PLANE ( 'NONE',  #530 ) ;
#6004 = ORIENTED_EDGE ( 'NONE', *, *, #7727, .T. ) ;
#6005 = CARTESIAN_POINT ( 'NONE',  ( 2.611955376748436919, -3.000000000000000000, 1.695102474946761362 ) ) ;
#6006 = VECTOR ( 'NONE', #4220, 1000.000000000000000 ) ;
#6007 = B_SPLINE_SURFACE_WITH_KNOTS ( 'NONE', 3, 1, ( 
 ( #6853, #6034 ),
 ( #255, #7484 ),
 ( #1750, #3830 ),
 ( #3880, #5353 ) ),
 .UNSPECIFIED., .F., .F., .F.,
 ( 4, 4 ),
 ( 2, 2 ),
 ( 0.000000000000000000, 1.000000000000000000 ),
 ( 0.000000000000000000, 1.000000000000000000 ),
 .UNSPECIFIED. ) ;
#6008 = ORIENTED_EDGE ( 'NONE', *, *, #2928, .F. ) ;
#6009 = CARTESIAN_POINT ( 'NONE',  ( 3.898834055674295307, -3.010000000000000231, 1.617252055755535434 ) ) ;
#6010 = B_SPLINE_CURVE_WITH_KNOTS ( 'NONE', 3,
 ( #4185, #4138, #9443, #498 ),
 .UNSPECIFIED., .F., .F.,
 ( 4, 4 ),
 ( 11.00000000000000000, 12.00000000000000000 ),
 .UNSPECIFIED. ) ;
#6011 = ORIENTED_EDGE ( 'NONE', *, *, #6373, .F. ) ;
#6012 = CARTESIAN_POINT ( 'NONE',  ( 3.531398344773832410, -3.010000000000000231, 2.150885291863104953 ) ) ;
#6013 = FACE_OUTER_BOUND ( 'NONE', #5036, .T. ) ;
#6014 = ORIENTED_EDGE ( 'NONE', *, *, #1682, .T. ) ;
#6015 = FACE_OUTER_BOUND ( 'NONE', #1854, .T. ) ;
#6016 = CARTESIAN_POINT ( 'NONE',  ( 4.842475767758290139, -3.010000000000000231, 1.811940585284053773 ) ) ;
#6017 = CARTESIAN_POINT ( 'NONE',  ( 4.258819532687037501, -3.010000000000000231, 2.312661799156795261 ) ) ;
#6018 = PRESENTATION_LAYER_ASSIGNMENT (  '', '', ( #278 ) ) ;
#6019 = DIRECTION ( 'NONE',  ( 0.000000000000000000, 0.000000000000000000, -1.000000000000000000 ) ) ;
#6020 = CARTESIAN_POINT ( 'NONE',  ( 2.550472527177178428, -3.010000000000000231, 1.943311417964140420 ) ) ;
#6021 = B_SPLINE_SURFACE_WITH_KNOTS ( 'NONE', 3, 1, ( 
 ( #8314, #916 ),
 ( #8992, #9619 ),
 ( #2370, #5924 ),
 ( #8889, #5977 ) ),
 .UNSPECIFIED., .F., .F., .F.,
 ( 4, 4 ),
 ( 2, 2 ),
 ( 16.00000000000000000, 17.00000000000000000 ),
 ( 0.000000000000000000, 1.000000000000000000 ),
 .UNSPECIFIED. ) ;
#6022 = EDGE_CURVE ( 'NONE', #9243, #7419, #1626, .T. ) ;
#6023 = ORIENTED_EDGE ( 'NONE', *, *, #4799, .T. ) ;
#6024 = CARTESIAN_POINT ( 'NONE',  ( 4.258819532687033949, -3.000000000000000000, 2.137949720935155451 ) ) ;
#6025 = CARTESIAN_POINT ( 'NONE',  ( 3.833664976824861181, -3.000000000000000000, 1.789016788703759575 ) ) ;
#6026 = CARTESIAN_POINT ( 'NONE',  ( 2.181574995421891039, -3.000000000000000000, 2.437451794555671292 ) ) ;
#6027 = CARTESIAN_POINT ( 'NONE',  ( 3.641841921869984677, -3.010000000000000231, 2.351468511938452188 ) ) ;
#6028 = CARTESIAN_POINT ( 'NONE',  ( 1.614565818197431835, -3.000000000000000000, 1.736091070282271831 ) ) ;
#6029 = B_SPLINE_CURVE_WITH_KNOTS ( 'NONE', 3,
 ( #86, #1482, #3082, #4498 ),
 .UNSPECIFIED., .F., .F.,
 ( 4, 4 ),
 ( 24.00000000000000000, 25.00000000000000000 ),
 .UNSPECIFIED. ) ;
#6030 = EDGE_CURVE ( 'NONE', #5560, #2304, #7572, .T. ) ;
#6031 = EDGE_CURVE ( 'NONE', #4396, #9342, #683, .T. ) ;
#6032 = EDGE_CURVE ( 'NONE', #5393, #6857, #5915, .T. ) ;
#6033 = EDGE_LOOP ( 'NONE', ( #4130, #1514, #1611, #7718 ) ) ;
#6034 = CARTESIAN_POINT ( 'NONE',  ( 3.607292485595599896, -3.000000000000000000, 1.789016788703759575 ) ) ;
#6035 = CARTESIAN_POINT ( 'NONE',  ( 3.628660738836102073, -3.010000000000000231, 2.057716432904142412 ) ) ;
#6036 = DIRECTION ( 'NONE',  ( 0.000000000000000000, 0.000000000000000000, 1.000000000000000000 ) ) ;
#6037 = LINE ( 'NONE', #3301, #1495 ) ;
#6038 = LINE ( 'NONE', #9002, #6598 ) ;
#6039 = PLANE ( 'NONE',  #6579 ) ;
#6040 = ORIENTED_EDGE ( 'NONE', *, *, #144, .F. ) ;
#6041 = EDGE_CURVE ( 'NONE', #6857, #6500, #6650, .T. ) ;
#6042 = VERTEX_POINT ( 'NONE', #7425 ) ;
#6043 = PLANE ( 'NONE',  #8897 ) ;
#6044 = EDGE_LOOP ( 'NONE', ( #2392, #5503, #8394, #1880 ) ) ;
#6045 =( NAMED_UNIT ( * ) PLANE_ANGLE_UNIT ( ) SI_UNIT ( $, .RADIAN. ) );
#6046 = VERTEX_POINT ( 'NONE', #8929 ) ;
#6047 = SURFACE_STYLE_USAGE ( .BOTH. , #19 ) ;
#6048 = VERTEX_POINT ( 'NONE', #9073 ) ;
#6049 = DIRECTION ( 'NONE',  ( 1.000000000000000000, 0.000000000000000000, 0.000000000000000000 ) ) ;
#6050 = ORIENTED_EDGE ( 'NONE', *, *, #4193, .F. ) ;
#6051 = CARTESIAN_POINT ( 'NONE',  ( 4.338397855100030398, -3.000000000000000000, 2.063119899241303568 ) ) ;
#6052 = CARTESIAN_POINT ( 'NONE',  ( 4.441391198307380606, -3.000000000000000000, 2.320030162343628799 ) ) ;
#6053 =( NAMED_UNIT ( * ) PLANE_ANGLE_UNIT ( ) SI_UNIT ( $, .RADIAN. ) );
#6054 = VERTEX_POINT ( 'NONE', #1094 ) ;
#6055 = CARTESIAN_POINT ( 'NONE',  ( 2.302263671026000935, -3.000000000000000000, 1.654113966477452458 ) ) ;
#6056 = CARTESIAN_POINT ( 'NONE',  ( 3.764811716382019391, -3.010000000000000231, 1.589743499860064357 ) ) ;
#6057 = ORIENTED_EDGE ( 'NONE', *, *, #6567, .T. ) ;
#6058 = SURFACE_STYLE_FILL_AREA ( #34 ) ;
#6059 = LINE ( 'NONE', #2359, #7107 ) ;
#6060 = DIRECTION ( 'NONE',  ( -1.000000000000000000, -8.673617379884035472E-16, -0.000000000000000000 ) ) ;
#6061 = DIRECTION ( 'NONE',  ( -0.000000000000000000, 1.000000000000000000, -0.000000000000000000 ) ) ;
#6062 = EDGE_CURVE ( 'NONE', #5619, #5393, #6940, .T. ) ;
#6063 = VERTEX_POINT ( 'NONE', #4761 ) ;
#6064 = CARTESIAN_POINT ( 'NONE',  ( -5.549999999999999822, -2.799999999999999822, 9.799999999999998934 ) ) ;
#6065 = CARTESIAN_POINT ( 'NONE',  ( 2.621063992097105722, -3.010000000000000231, 1.822622698928031415 ) ) ;
#6066 = DIRECTION ( 'NONE',  ( -1.000000000000000000, -0.000000000000000000, -0.000000000000000000 ) ) ;
#6067 = CARTESIAN_POINT ( 'NONE',  ( 4.503121707669333063, -3.010000000000000231, 1.591544655305799694 ) ) ;
#6068 = PLANE ( 'NONE',  #8448 ) ;
#6069 = CARTESIAN_POINT ( 'NONE',  ( 4.414701349431691568, -3.010000000000000231, 2.383398085747344908 ) ) ;
#6070 = ADVANCED_FACE ( 'NONE', ( #9270 ), #377, .F. ) ;
#6071 = CARTESIAN_POINT ( 'NONE',  ( 1.860497563946187594, -3.010000000000000231, 1.711042595240583886 ) ) ;
#6072 = ORIENTED_EDGE ( 'NONE', *, *, #6237, .T. ) ;
#6073 = ORIENTED_EDGE ( 'NONE', *, *, #3053, .T. ) ;
#6074 = LINE ( 'NONE', #9145, #8130 ) ;
#6075 = DIRECTION ( 'NONE',  ( 1.000000000000000000, 0.000000000000000000, 6.455011293317516227E-14 ) ) ;
#6076 = DIRECTION ( 'NONE',  ( -1.000000000000000000, 0.000000000000000000, -0.000000000000000000 ) ) ;
#6077 = CARTESIAN_POINT ( 'NONE',  ( 2.072272002136880786, -3.000000000000000000, 1.717873926451140010 ) ) ;
#6078 = CARTESIAN_POINT ( 'NONE',  ( 2.541363911829599420, -3.010000000000000231, 2.332703117088970490 ) ) ;
#6079 = EDGE_CURVE ( 'NONE', #922, #2414, #5475, .T. ) ;
#6080 = CARTESIAN_POINT ( 'NONE',  ( 1.983463393386909468, -3.000000000000000000, 2.282605928121333339 ) ) ;
#6081 = DIRECTION ( 'NONE',  ( -0.9910683662997763488, 0.000000000000000000, -0.1333547648938435970 ) ) ;
#6082 = ADVANCED_FACE ( 'NONE', ( #6309 ), #4450, .F. ) ;
#6083 = VERTEX_POINT ( 'NONE', #4009 ) ;
#6084 = B_SPLINE_SURFACE_WITH_KNOTS ( 'NONE', 3, 1, ( 
 ( #2422, #3237 ),
 ( #6170, #292 ),
 ( #9137, #5485 ),
 ( #7729, #2474 ) ),
 .UNSPECIFIED., .F., .F., .F.,
 ( 4, 4 ),
 ( 2, 2 ),
 ( 5.000000000000000000, 6.000000000000000000 ),
 ( 0.000000000000000000, 1.000000000000000000 ),
 .UNSPECIFIED. ) ;
#6085 = ORIENTED_EDGE ( 'NONE', *, *, #1029, .T. ) ;
#6086 = ORIENTED_EDGE ( 'NONE', *, *, #5732, .T. ) ;
#6087 = CARTESIAN_POINT ( 'NONE',  ( 3.873044784521474604, -3.000000000000000000, 1.567802151703523217 ) ) ;
#6088 = AXIS2_PLACEMENT_3D ( 'NONE', #5128, #7503, #6727 ) ;
#6089 = EDGE_LOOP ( 'NONE', ( #2058, #6776, #4234, #6721 ) ) ;
#6090 = DIRECTION ( 'NONE',  ( -1.000000000000000000, 0.000000000000000000, -3.384756321093094809E-14 ) ) ;
#6091 = EDGE_CURVE ( 'NONE', #6390, #9019, #2506, .T. ) ;
#6092 = VERTEX_POINT ( 'NONE', #8443 ) ;
#6093 = LINE ( 'NONE', #7654, #3464 ) ;
#6094 = ORIENTED_EDGE ( 'NONE', *, *, #281, .T. ) ;
#6095 = B_SPLINE_SURFACE_WITH_KNOTS ( 'NONE', 3, 1, ( 
 ( #1640, #8206 ),
 ( #7583, #914 ),
 ( #2425, #9138 ),
 ( #8364, #7475 ) ),
 .UNSPECIFIED., .F., .F., .F.,
 ( 4, 4 ),
 ( 2, 2 ),
 ( 1.000000000000000000, 2.000000000000000000 ),
 ( 0.000000000000000000, 1.000000000000000000 ),
 .UNSPECIFIED. ) ;
#6096 = DIRECTION ( 'NONE',  ( -0.000000000000000000, -1.000000000000000000, -0.000000000000000000 ) ) ;
#6097 = DIRECTION ( 'NONE',  ( -1.000000000000000000, 0.000000000000000000, -0.000000000000000000 ) ) ;
#6098 = CARTESIAN_POINT ( 'NONE',  ( 4.009441374174409489, -3.010000000000000231, 1.555521546393599630 ) ) ;
#6099 = ADVANCED_FACE ( 'NONE', ( #3330 ), #3120, .F. ) ;
#6100 = CARTESIAN_POINT ( 'NONE',  ( 4.059999999999998721, -2.149999999999999911, 0.5000000000000000000 ) ) ;
#6101 = EDGE_CURVE ( 'NONE', #9039, #1627, #7720, .T. ) ;
#6102 = VECTOR ( 'NONE', #1947, 1000.000000000000000 ) ;
#6103 = DIRECTION ( 'NONE',  ( 0.000000000000000000, 1.000000000000000000, 0.000000000000000000 ) ) ;
#6104 = ORIENTED_EDGE ( 'NONE', *, *, #9577, .T. ) ;
#6105 = LINE ( 'NONE', #1625, #8578 ) ;
#6106 = CARTESIAN_POINT ( 'NONE',  ( 3.578719610572211884, -3.010000000000000231, 1.549626855844558726 ) ) ;
#6107 = ORIENTED_EDGE ( 'NONE', *, *, #5613, .F. ) ;
#6108 = CARTESIAN_POINT ( 'NONE',  ( 3.744344040864370893, -3.000000000000000000, 1.563053650984391529 ) ) ;
#6109 = LINE ( 'NONE', #9076, #7352 ) ;
#6110 = VECTOR ( 'NONE', #1630, 1000.000000000000000 ) ;
#6111 = CARTESIAN_POINT ( 'NONE',  ( 3.336873556650375772, -3.010000000000000231, 2.383398085747336470 ) ) ;
#6112 = CARTESIAN_POINT ( 'NONE',  ( 2.541363911829606081, -3.010000000000000231, 1.624511010027928748 ) ) ;
#6113 = SURFACE_STYLE_FILL_AREA ( #5437 ) ;
#6114 = MECHANICAL_DESIGN_GEOMETRIC_PRESENTATION_REPRESENTATION (  '', ( #9054 ), #5338 ) ;
#6115 = AXIS2_PLACEMENT_3D ( 'NONE', #6690, #5326, #8301 ) ;
#6116 = VECTOR ( 'NONE', #6360, 1000.000000000000000 ) ;
#6117 = DIRECTION ( 'NONE',  ( -1.000000000000000000, -8.673617379884035472E-16, -0.000000000000000000 ) ) ;
#6118 = ORIENTED_EDGE ( 'NONE', *, *, #492, .T. ) ;
#6119 = CARTESIAN_POINT ( 'NONE',  ( 4.274948060994349319, -3.000000000000000000, 2.227352527598723597 ) ) ;
#6120 = VECTOR ( 'NONE', #1961, 1000.000000000000000 ) ;
#6121 = DIRECTION ( 'NONE',  ( -0.000000000000000000, 1.000000000000000000, 0.000000000000000000 ) ) ;
#6122 = CARTESIAN_POINT ( 'NONE',  ( 5.549999999999999822, -2.799999999999999822, 9.799999999999998934 ) ) ;
#6123 = VECTOR ( 'NONE', #6981, 1000.000000000000000 ) ;
#6124 = DIRECTION ( 'NONE',  ( 0.000000000000000000, 0.000000000000000000, -1.000000000000000000 ) ) ;
#6125 = DIRECTION ( 'NONE',  ( -8.673617379884035472E-16, -1.000000000000000000, 0.000000000000000000 ) ) ;
#6126 = CARTESIAN_POINT ( 'NONE',  ( 3.033227229592507790, -3.010000000000000231, 1.872719866179106019 ) ) ;
#6127 = DIRECTION ( 'NONE',  ( -0.000000000000000000, 1.000000000000000000, -0.000000000000000000 ) ) ;
#6128 = ORIENTED_EDGE ( 'NONE', *, *, #8410, .F. ) ;
#6129 = VECTOR ( 'NONE', #8814, 1000.000000000000000 ) ;
#6130 = STYLED_ITEM ( 'NONE', ( #6354 ), #5139 ) ;
#6131 = ORIENTED_EDGE ( 'NONE', *, *, #3747, .F. ) ;
#6132 = VERTEX_POINT ( 'NONE', #4848 ) ;
#6133 = DIRECTION ( 'NONE',  ( -0.000000000000000000, 1.000000000000000000, -0.000000000000000000 ) ) ;
#6134 = PLANE ( 'NONE',  #1442 ) ;
#6135 = EDGE_CURVE ( 'NONE', #4052, #4451, #8458, .T. ) ;
#6136 = CARTESIAN_POINT ( 'NONE',  ( 3.833664976824861181, -3.000000000000000000, 1.789016788703759575 ) ) ;
#6137 = CARTESIAN_POINT ( 'NONE',  ( 3.603526433300205944, -3.000000000000000000, 1.756432249279040736 ) ) ;
#6138 = VERTEX_POINT ( 'NONE', #4655 ) ;
#6139 = CARTESIAN_POINT ( 'NONE',  ( 2.696209764690269406, -3.010000000000000231, 2.048059973275527579 ) ) ;
#6140 = CARTESIAN_POINT ( 'NONE',  ( 3.506182168535952659, -3.010000000000000231, 1.616269607331789260 ) ) ;
#6141 = CARTESIAN_POINT ( 'NONE',  ( 2.038114868313409822, -3.000000000000000000, 2.134591601921278503 ) ) ;
#6142 = VERTEX_POINT ( 'NONE', #1725 ) ;
#6143 = AXIS2_PLACEMENT_3D ( 'NONE', #684, #1455, #5113 ) ;
#6144 = ORIENTED_EDGE ( 'NONE', *, *, #5614, .T. ) ;
#6145 = CARTESIAN_POINT ( 'NONE',  ( 2.072272002136880786, -3.010000000000000231, 1.540256535218800238 ) ) ;
#6146 = EDGE_CURVE ( 'NONE', #412, #3926, #327, .T. ) ;
#6147 = SURFACE_STYLE_FILL_AREA ( #1610 ) ;
#6148 = ORIENTED_EDGE ( 'NONE', *, *, #905, .F. ) ;
#6149 = DIRECTION ( 'NONE',  ( -0.000000000000000000, 1.000000000000000000, -0.000000000000000000 ) ) ;
#6150 = DIRECTION ( 'NONE',  ( -0.000000000000000000, 1.000000000000000000, -0.000000000000000000 ) ) ;
#6151 = CARTESIAN_POINT ( 'NONE',  ( 3.919711084702924619, -3.010000000000000231, 1.783777063770560556 ) ) ;
#6152 = ORIENTED_EDGE ( 'NONE', *, *, #8996, .T. ) ;
#6153 = FACE_OUTER_BOUND ( 'NONE', #1163, .T. ) ;
#6154 = AXIS2_PLACEMENT_3D ( 'NONE', #9186, #3392, #2528 ) ;
#6155 = DIRECTION ( 'NONE',  ( 1.000000000000000000, -0.000000000000000000, -0.000000000000000000 ) ) ;
#6156 = EDGE_CURVE ( 'NONE', #6444, #9213, #181, .T. ) ;
#6157 = ORIENTED_EDGE ( 'NONE', *, *, #1502, .T. ) ;
#6158 = LINE ( 'NONE', #1780, #2853 ) ;
#6159 = AXIS2_PLACEMENT_3D ( 'NONE', #7288, #619, #4316 ) ;
#6160 = ADVANCED_FACE ( 'NONE', ( #1829 ), #9215, .F. ) ;
#6161 = ORIENTED_EDGE ( 'NONE', *, *, #8711, .F. ) ;
#6162 = CARTESIAN_POINT ( 'NONE',  ( 3.937313285648034178, -3.000000000000000000, 2.244054150819881244 ) ) ;
#6163 = ORIENTED_EDGE ( 'NONE', *, *, #9344, .T. ) ;
#6164 = PRESENTATION_STYLE_ASSIGNMENT (( #1320 ) ) ;
#6165 = CARTESIAN_POINT ( 'NONE',  ( 3.816799612198653602, -3.010000000000000231, 1.756432249279040736 ) ) ;
#6166 = DIRECTION ( 'NONE',  ( -1.000000000000000000, 0.000000000000000000, -0.000000000000000000 ) ) ;
#6167 = VECTOR ( 'NONE', #3585, 1000.000000000000000 ) ;
#6168 = ORIENTED_EDGE ( 'NONE', *, *, #91, .T. ) ;
#6169 = UNCERTAINTY_MEASURE_WITH_UNIT (LENGTH_MEASURE( 1.000000000000000082E-05 ), #5590, 'distance_accuracy_value', 'NONE');
#6170 = CARTESIAN_POINT ( 'NONE',  ( 4.554045284359155232, -3.010000000000000231, 1.555030322181724767 ) ) ;
#6171 = ADVANCED_FACE ( 'NONE', ( #1142 ), #5762, .T. ) ;
#6172 = DIRECTION ( 'NONE',  ( 1.000000000000000000, 0.000000000000000000, 0.000000000000000000 ) ) ;
#6173 = AXIS2_PLACEMENT_3D ( 'NONE', #7575, #8985, #947 ) ;
#6174 = CARTESIAN_POINT ( 'NONE',  ( 1.723868854915553195, -3.010000000000000231, 1.920539966459761771 ) ) ;
#6175 = CARTESIAN_POINT ( 'NONE',  ( 3.876401483306975759, -3.010000000000000231, 1.665228287169756349 ) ) ;
#6176 = FILL_AREA_STYLE_COLOUR ( '', #5966 ) ;
#6177 = AXIS2_PLACEMENT_3D ( 'NONE', #6630, #6904, #2914 ) ;
#6178 = ORIENTED_EDGE ( 'NONE', *, *, #6396, .F. ) ;
#6179 = ORIENTED_EDGE ( 'NONE', *, *, #6731, .T. ) ;
#6180 = CARTESIAN_POINT ( 'NONE',  ( 3.810331826734680849, -3.000000000000000000, 1.582375136673235927 ) ) ;
#6181 = DIRECTION ( 'NONE',  ( 1.000000000000000000, 0.000000000000000000, 1.083260458603921549E-14 ) ) ;
#6182 = LINE ( 'NONE', #112, #7873 ) ;
#6183 = EDGE_LOOP ( 'NONE', ( #7474, #5733, #3547, #415 ) ) ;
#6184 = DIRECTION ( 'NONE',  ( -0.000000000000000000, 1.000000000000000000, -0.000000000000000000 ) ) ;
#6185 = CARTESIAN_POINT ( 'NONE',  ( 1.949306216129249592, -3.000000000000000000, 2.284883060241407193 ) ) ;
#6186 = LINE ( 'NONE', #5413, #8756 ) ;
#6187 = ORIENTED_EDGE ( 'NONE', *, *, #915, .F. ) ;
#6188 = EDGE_LOOP ( 'NONE', ( #727, #5198, #7369, #3568 ) ) ;
#6189 = ORIENTED_EDGE ( 'NONE', *, *, #5142, .F. ) ;
#6190 = FACE_OUTER_BOUND ( 'NONE', #5887, .T. ) ;
#6191 = DIRECTION ( 'NONE',  ( 1.000000000000000000, -0.000000000000000000, -0.000000000000000000 ) ) ;
#6192 = VERTEX_POINT ( 'NONE', #8681 ) ;
#6193 = FACE_OUTER_BOUND ( 'NONE', #2016, .T. ) ;
#6194 = SURFACE_STYLE_USAGE ( .BOTH. , #7608 ) ;
#6195 = LINE ( 'NONE', #7609, #6264 ) ;
#6196 = VERTEX_POINT ( 'NONE', #2019 ) ;
#6197 = CARTESIAN_POINT ( 'NONE',  ( 2.161080654319949890, -3.010000000000000231, 1.629065230834964906 ) ) ;
#6198 = FACE_OUTER_BOUND ( 'NONE', #9299, .T. ) ;
#6199 = ADVANCED_FACE ( 'NONE', ( #9316 ), #1237, .F. ) ;
#6200 = EDGE_LOOP ( 'NONE', ( #4192, #9057 ) ) ;
#6201 = CARTESIAN_POINT ( 'NONE',  ( 1.949306216129249592, -3.000000000000000000, 2.284883060241407193 ) ) ;
#6202 = VERTEX_POINT ( 'NONE', #1283 ) ;
#6203 = CARTESIAN_POINT ( 'NONE',  ( 4.842475767758290139, -3.000000000000000000, 1.811940585284053773 ) ) ;
#6204 = CARTESIAN_POINT ( 'NONE',  ( 3.770297053421158839, -3.000000000000000000, 1.770841492842605946 ) ) ;
#6205 = ORIENTED_EDGE ( 'NONE', *, *, #1267, .T. ) ;
#6206 = CARTESIAN_POINT ( 'NONE',  ( 4.436397085480108693, -3.010000000000000231, 2.342462734712048356 ) ) ;
#6207 = CARTESIAN_POINT ( 'NONE',  ( 3.596321811517330325, -3.010000000000000231, 1.662608424704236754 ) ) ;
#6208 = EDGE_CURVE ( 'NONE', #5739, #9297, #3001, .T. ) ;
#6209 = EDGE_CURVE ( 'NONE', #6138, #6988, #4251, .T. ) ;
#6210 = DIRECTION ( 'NONE',  ( -0.000000000000000000, 1.000000000000000000, -0.000000000000000000 ) ) ;
#6211 = EDGE_CURVE ( 'NONE', #4884, #5931, #5671, .T. ) ;
#6212 = EDGE_CURVE ( 'NONE', #1894, #2578, #1491, .T. ) ;
#6213 = DIRECTION ( 'NONE',  ( 0.000000000000000000, 1.000000000000000000, 0.000000000000000000 ) ) ;
#6214 = CARTESIAN_POINT ( 'NONE',  ( 3.589117189735551161, -3.010000000000000231, 1.582538878077187183 ) ) ;
#6215 = ORIENTED_EDGE ( 'NONE', *, *, #5614, .F. ) ;
#6216 = CARTESIAN_POINT ( 'NONE',  ( 4.535215022882170821, -3.010000000000000231, 2.063119899241303568 ) ) ;
#6217 = SURFACE_SIDE_STYLE ('',( #9231 ) ) ;
#6218 =( LENGTH_UNIT ( ) NAMED_UNIT ( * ) SI_UNIT ( .MILLI., .METRE. ) );
#6219 = LINE ( 'NONE', #1464, #1507 ) ;
#6220 = ADVANCED_FACE ( 'NONE', ( #7085, #8002 ), #7277, .F. ) ;
#6221 = ADVANCED_FACE ( 'NONE', ( #2344 ), #8046, .F. ) ;
#6222 = CARTESIAN_POINT ( 'NONE',  ( 1.723868854915553195, -3.010000000000000231, 1.827177006601269360 ) ) ;
#6223 = ORIENTED_EDGE ( 'NONE', *, *, #2973, .F. ) ;
#6224 = ORIENTED_EDGE ( 'NONE', *, *, #4357, .T. ) ;
#6225 = CARTESIAN_POINT ( 'NONE',  ( 4.580898874638787532, -3.000000000000000000, 2.063119899241303568 ) ) ;
#6226 = PLANE ( 'NONE',  #7700 ) ;
#6227 = LINE ( 'NONE', #7691, #426 ) ;
#6228 = CARTESIAN_POINT ( 'NONE',  ( 4.839282810376748678, -3.000000000000000000, 1.823729966382111378 ) ) ;
#6229 =( NAMED_UNIT ( * ) SI_UNIT ( $, .STERADIAN. ) SOLID_ANGLE_UNIT ( ) );
#6230 = LINE ( 'NONE', #2444, #6585 ) ;
#6231 = ORIENTED_EDGE ( 'NONE', *, *, #1912, .T. ) ;
#6232 = B_SPLINE_CURVE_WITH_KNOTS ( 'NONE', 3,
 ( #1305, #5780, #4275, #7248 ),
 .UNSPECIFIED., .F., .F.,
 ( 4, 4 ),
 ( 16.00000000000000000, 17.00000000000000000 ),
 .UNSPECIFIED. ) ;
#6233 = ORIENTED_EDGE ( 'NONE', *, *, #6687, .F. ) ;
#6234 = ORIENTED_EDGE ( 'NONE', *, *, #783, .F. ) ;
#6235 = ORIENTED_EDGE ( 'NONE', *, *, #3158, .T. ) ;
#6236 = CARTESIAN_POINT ( 'NONE',  ( 3.744589652970305771, -3.010000000000000231, 1.742350488521201335 ) ) ;
#6237 = EDGE_CURVE ( 'NONE', #5931, #1238, #8085, .T. ) ;
#6238 = DIRECTION ( 'NONE',  ( -1.000000000000000000, 0.000000000000000000, 0.000000000000000000 ) ) ;
#6239 = CARTESIAN_POINT ( 'NONE',  ( 4.182516038355378996, -3.000000000000000000, 1.875308508687759446 ) ) ;
#6240 = VERTEX_POINT ( 'NONE', #7416 ) ;
#6241 = FACE_OUTER_BOUND ( 'NONE', #8778, .T. ) ;
#6242 = LINE ( 'NONE', #7804, #6123 ) ;
#6243 = VECTOR ( 'NONE', #5718, 1000.000000000000000 ) ;
#6244 = ORIENTED_EDGE ( 'NONE', *, *, #8603, .F. ) ;
#6245 = LINE ( 'NONE', #9210, #3014 ) ;
#6246 = ORIENTED_EDGE ( 'NONE', *, *, #568, .T. ) ;
#6247 = CARTESIAN_POINT ( 'NONE',  ( 3.295528852104089523, -3.010000000000000231, 2.383398085747336470 ) ) ;
#6248 = DIRECTION ( 'NONE',  ( -0.000000000000000000, -1.000000000000000000, -0.000000000000000000 ) ) ;
#6249 = EDGE_LOOP ( 'NONE', ( #1915, #3160, #5269, #6772 ) ) ;
#6250 = FACE_OUTER_BOUND ( 'NONE', #5947, .T. ) ;
#6251 = EDGE_CURVE ( 'NONE', #1921, #8876, #6496, .T. ) ;
#6252 = B_SPLINE_CURVE_WITH_KNOTS ( 'NONE', 3,
 ( #8851, #8900, #8811, #7983 ),
 .UNSPECIFIED., .F., .F.,
 ( 4, 4 ),
 ( 7.000000000000000000, 8.000000000000000000 ),
 .UNSPECIFIED. ) ;
#6253 =( NAMED_UNIT ( * ) SI_UNIT ( $, .STERADIAN. ) SOLID_ANGLE_UNIT ( ) );
#6254 = CARTESIAN_POINT ( 'NONE',  ( 4.226644346772213012, -3.000000000000000000, 2.107985043975945771 ) ) ;
#6255 = CARTESIAN_POINT ( 'NONE',  ( 3.648800931545840953, -3.010000000000000231, 1.590398465475894030 ) ) ;
#6256 = CARTESIAN_POINT ( 'NONE',  ( 4.456619148892922766, -3.000000000000000000, 1.591544655305799694 ) ) ;
#6257 = B_SPLINE_SURFACE_WITH_KNOTS ( 'NONE', 3, 1, ( 
 ( #5107, #3723 ),
 ( #1308, #8067 ),
 ( #721, #6702 ),
 ( #672, #48 ) ),
 .UNSPECIFIED., .F., .F., .F.,
 ( 4, 4 ),
 ( 2, 2 ),
 ( 8.000000000000000000, 9.000000000000000000 ),
 ( 0.000000000000000000, 1.000000000000000000 ),
 .UNSPECIFIED. ) ;
#6258 = DIRECTION ( 'NONE',  ( 0.000000000000000000, 0.000000000000000000, 1.000000000000000000 ) ) ;
#6259 = COLOUR_RGB ( '',0.2980392156862745057, 0.2980392156862745057, 0.2980392156862745057 ) ;
#6260 = CARTESIAN_POINT ( 'NONE',  ( 1.580408640940868192, -3.010000000000000231, 1.824899765898445159 ) ) ;
#6261 = ORIENTED_EDGE ( 'NONE', *, *, #2131, .T. ) ;
#6262 = EDGE_CURVE ( 'NONE', #5133, #3353, #8362, .T. ) ;
#6263 = FACE_OUTER_BOUND ( 'NONE', #4926, .T. ) ;
#6265 = CARTESIAN_POINT ( 'NONE',  ( 3.898834055674295307, -3.010000000000000231, 1.617252055755535434 ) ) ;
#6264 = VECTOR ( 'NONE', #2498, 1000.000000000000000 ) ;
#6266 = LINE ( 'NONE', #4913, #3758 ) ;
#6267 = VECTOR ( 'NONE', #7519, 1000.000000000000000 ) ;
#6268 = LINE ( 'NONE', #9233, #8976 ) ;
#6269 = VECTOR ( 'NONE', #1833, 1000.000000000000000 ) ;
#6270 = VERTEX_POINT ( 'NONE', #744 ) ;
#6271 = AXIS2_PLACEMENT_3D ( 'NONE', #4584, #1707, #930 ) ;
#6272 = EDGE_CURVE ( 'NONE', #8381, #6275, #3355, .T. ) ;
#6273 = VECTOR ( 'NONE', #7987, 1000.000000000000000 ) ;
#6274 = VECTOR ( 'NONE', #6117, 1000.000000000000000 ) ;
#6275 = VERTEX_POINT ( 'NONE', #8233 ) ;
#6276 = VERTEX_POINT ( 'NONE', #1473 ) ;
#6277 = EDGE_CURVE ( 'NONE', #3377, #9400, #3699, .T. ) ;
#6278 =( LENGTH_UNIT ( ) NAMED_UNIT ( * ) SI_UNIT ( .MILLI., .METRE. ) );
#6279 = EDGE_CURVE ( 'NONE', #7070, #8381, #4403, .T. ) ;
#6280 = LINE ( 'NONE', #6332, #2736 ) ;
#6281 = ORIENTED_EDGE ( 'NONE', *, *, #1395, .T. ) ;
#6282 = LINE ( 'NONE', #8557, #2852 ) ;
#6283 = DIRECTION ( 'NONE',  ( -0.000000000000000000, 1.000000000000000000, -0.000000000000000000 ) ) ;
#6284 = DIRECTION ( 'NONE',  ( 1.000000000000000000, -0.000000000000000000, -0.000000000000000000 ) ) ;
#6285 = DIRECTION ( 'NONE',  ( -1.000000000000000000, 0.000000000000000000, 0.000000000000000000 ) ) ;
#6286 = VECTOR ( 'NONE', #4923, 1000.000000000000114 ) ;
#6287 = B_SPLINE_CURVE_WITH_KNOTS ( 'NONE', 3,
 ( #1806, #1948, #7009, #3438 ),
 .UNSPECIFIED., .F., .F.,
 ( 4, 4 ),
 ( 9.000000000000000000, 10.00000000000000000 ),
 .UNSPECIFIED. ) ;
#6288 = VERTEX_POINT ( 'NONE', #6724 ) ;
#6289 = VECTOR ( 'NONE', #4986, 1000.000000000000000 ) ;
#6290 = ORIENTED_EDGE ( 'NONE', *, *, #2529, .T. ) ;
#6291 = ORIENTED_EDGE ( 'NONE', *, *, #2469, .T. ) ;
#6292 = EDGE_LOOP ( 'NONE', ( #5181, #3146, #2605, #941, #8168, #5287, #2112, #5487 ) ) ;
#6293 = CARTESIAN_POINT ( 'NONE',  ( 2.181574995421891039, -3.000000000000000000, 2.437451794555671292 ) ) ;
#6294 =( GEOMETRIC_REPRESENTATION_CONTEXT ( 3 ) GLOBAL_UNCERTAINTY_ASSIGNED_CONTEXT ( ( #808 ) ) GLOBAL_UNIT_ASSIGNED_CONTEXT ( ( #3254, #3207, #6229 ) ) REPRESENTATION_CONTEXT ( 'NONE', 'WORKASPACE' ) );
#6295 = CARTESIAN_POINT ( 'NONE',  ( 3.805337713908514718, -3.010000000000000231, 1.655567544325328155 ) ) ;
#6296 = ADVANCED_FACE ( 'NONE', ( #2209 ), #5999, .T. ) ;
#6297 = VECTOR ( 'NONE', #900, 1000.000000000000000 ) ;
#6298 = ORIENTED_EDGE ( 'NONE', *, *, #3336, .T. ) ;
#6299 = CARTESIAN_POINT ( 'NONE',  ( 3.753186076687913264, -3.010000000000000231, 1.758560887532675254 ) ) ;
#6300 = FACE_OUTER_BOUND ( 'NONE', #4101, .T. ) ;
#6301 = FACE_OUTER_BOUND ( 'NONE', #7836, .T. ) ;
#6302 = EDGE_LOOP ( 'NONE', ( #5949, #5812, #2449, #7376, #2977, #3641 ) ) ;
#6303 = LINE ( 'NONE', #4893, #8344 ) ;
#6304 = CARTESIAN_POINT ( 'NONE',  ( 3.578719610572211884, -3.010000000000000231, 1.549626855844558726 ) ) ;
#6305 = VECTOR ( 'NONE', #6127, 1000.000000000000000 ) ;
#6306 = ORIENTED_EDGE ( 'NONE', *, *, #732, .T. ) ;
#6307 = VERTEX_POINT ( 'NONE', #3022 ) ;
#6308 = CARTESIAN_POINT ( 'NONE',  ( 1.723868854915553195, -3.010000000000000231, 1.920539966459761771 ) ) ;
#6309 = FACE_OUTER_BOUND ( 'NONE', #4898, .T. ) ;
#6310 = ORIENTED_EDGE ( 'NONE', *, *, #1405, .T. ) ;
#6311 = AXIS2_PLACEMENT_3D ( 'NONE', #4276, #7250, #5063 ) ;
#6312 = CARTESIAN_POINT ( 'NONE',  ( 3.794694522638163203, -3.010000000000000231, 1.704362482761517583 ) ) ;
#6313 = CARTESIAN_POINT ( 'NONE',  ( 4.231474718195514129, -3.010000000000000231, 2.186253435157289537 ) ) ;
#6314 = CARTESIAN_POINT ( 'NONE',  ( 2.684824038938080637, -3.010000000000000231, 2.350920271777287685 ) ) ;
#6315 = DIRECTION ( 'NONE',  ( 0.000000000000000000, -0.000000000000000000, -1.000000000000000000 ) ) ;
#6316 = EDGE_LOOP ( 'NONE', ( #6161, #6648, #235, #1784 ) ) ;
#6317 = CARTESIAN_POINT ( 'NONE',  ( -5.249999999999999112, 3.000000000000000000, 0.5000000000000000000 ) ) ;
#6318 = CARTESIAN_POINT ( 'NONE',  ( 3.295528852104089523, -3.010000000000000231, 2.383398085747336470 ) ) ;
#6319 = LINE ( 'NONE', #479, #2430 ) ;
#6320 = CARTESIAN_POINT ( 'NONE',  ( 3.520918894909611296, -3.000000000000000000, 2.259937067023430224 ) ) ;
#6321 = CARTESIAN_POINT ( 'NONE',  ( 3.935839613011329341, -3.000000000000000000, 1.483147845761289885 ) ) ;
#6322 = VECTOR ( 'NONE', #3833, 1000.000000000000000 ) ;
#6323 = CARTESIAN_POINT ( 'NONE',  ( 3.634637300087105949, -3.010000000000000231, 2.094558248836125181 ) ) ;
#6324 = CARTESIAN_POINT ( 'NONE',  ( 2.142863553923001430, -3.010000000000000231, 1.861334183860016811 ) ) ;
#6325 = ORIENTED_EDGE ( 'NONE', *, *, #1328, .F. ) ;
#6326 = EDGE_CURVE ( 'NONE', #4042, #8131, #7500, .T. ) ;
#6327 = AXIS2_PLACEMENT_3D ( 'NONE', #1668, #1475, #6780 ) ;
#6328 = CARTESIAN_POINT ( 'NONE',  ( 4.338397855100036615, -3.010000000000000231, 1.699286499232271597 ) ) ;
#6329 = EDGE_LOOP ( 'NONE', ( #3788, #8295, #2257, #4545 ) ) ;
#6330 = DIRECTION ( 'NONE',  ( 1.000000000000000000, -8.673617379884035472E-16, 0.000000000000000000 ) ) ;
#6331 = PLANE ( 'NONE',  #4585 ) ;
#6332 = CARTESIAN_POINT ( 'NONE',  ( 3.467784809264184975, -3.000000000000000000, 1.591544655305791034 ) ) ;
#6333 = ORIENTED_EDGE ( 'NONE', *, *, #6864, .F. ) ;
#6334 = LINE ( 'NONE', #1950, #1460 ) ;
#6335 = CARTESIAN_POINT ( 'NONE',  ( 3.295528852104097961, -3.010000000000000231, 1.555030322181716107 ) ) ;
#6336 =( LENGTH_UNIT ( ) NAMED_UNIT ( * ) SI_UNIT ( .MILLI., .METRE. ) );
#6337 = EDGE_CURVE ( 'NONE', #2342, #4849, #9035, .T. ) ;
#6338 = VECTOR ( 'NONE', #1273, 1000.000000000000000 ) ;
#6339 = B_SPLINE_SURFACE_WITH_KNOTS ( 'NONE', 3, 1, ( 
 ( #3964, #9171 ),
 ( #946, #6836 ),
 ( #1096, #4704 ),
 ( #2467, #185 ) ),
 .UNSPECIFIED., .F., .F., .F.,
 ( 4, 4 ),
 ( 2, 2 ),
 ( 35.00000000000000000, 36.00000000000000000 ),
 ( 0.000000000000000000, 1.000000000000000000 ),
 .UNSPECIFIED. ) ;
#6340 = ORIENTED_EDGE ( 'NONE', *, *, #2988, .T. ) ;
#6341 = EDGE_CURVE ( 'NONE', #4486, #1898, #7368, .T. ) ;
#6342 = B_SPLINE_CURVE_WITH_KNOTS ( 'NONE', 3,
 ( #5938, #6629, #3690, #3067 ),
 .UNSPECIFIED., .F., .F.,
 ( 4, 4 ),
 ( 19.00000000000000000, 20.00000000000000000 ),
 .UNSPECIFIED. ) ;
#6343 = ORIENTED_EDGE ( 'NONE', *, *, #1029, .F. ) ;
#6344 = VERTEX_POINT ( 'NONE', #315 ) ;
#6345 = FACE_OUTER_BOUND ( 'NONE', #8383, .T. ) ;
#6346 = VERTEX_POINT ( 'NONE', #2547 ) ;
#6347 = CARTESIAN_POINT ( 'NONE',  ( 2.741752667701210289, -3.010000000000000231, 1.553919545106920763 ) ) ;
#6348 = CARTESIAN_POINT ( 'NONE',  ( -4.060000000000001386, -2.449999999999999289, 0.5000000000000000000 ) ) ;
#6349 = DIRECTION ( 'NONE',  ( -3.384756321093094178E-14, -0.000000000000000000, 1.000000000000000000 ) ) ;
#6350 = CARTESIAN_POINT ( 'NONE',  ( 5.750000000000000000, -2.799999999999999822, 9.799999999999998934 ) ) ;
#6351 = CARTESIAN_POINT ( 'NONE',  ( 4.676032630447437555, -3.010000000000000231, 1.719262950536967871 ) ) ;
#6352 = ADVANCED_FACE ( 'NONE', ( #6193 ), #9258, .F. ) ;
#6353 = ORIENTED_EDGE ( 'NONE', *, *, #3465, .T. ) ;
#6354 = PRESENTATION_STYLE_ASSIGNMENT (( #9453 ) ) ;
#6355 = VERTEX_POINT ( 'NONE', #5521 ) ;
#6356 = PLANE ( 'NONE',  #5319 ) ;
#6357 = EDGE_LOOP ( 'NONE', ( #3259, #4521, #8242, #1830 ) ) ;
#6358 = CARTESIAN_POINT ( 'NONE',  ( 4.432139808972852535, -3.000000000000000000, 2.325269887276831593 ) ) ;
#6359 = CARTESIAN_POINT ( 'NONE',  ( 3.953851167467421490, -3.010000000000000231, 1.447288478253044630 ) ) ;
#6360 = DIRECTION ( 'NONE',  ( -1.000000000000000000, -0.000000000000000000, -0.000000000000000000 ) ) ;
#6361 = B_SPLINE_CURVE_WITH_KNOTS ( 'NONE', 3,
 ( #4429, #3554, #1407, #6527 ),
 .UNSPECIFIED., .F., .F.,
 ( 4, 4 ),
 ( 10.00000000000000000, 11.00000000000000000 ),
 .UNSPECIFIED. ) ;
#6362 = FACE_OUTER_BOUND ( 'NONE', #7378, .T. ) ;
#6363 = CARTESIAN_POINT ( 'NONE',  ( 3.806402033035329868, -3.010000000000000231, 1.549626855844558726 ) ) ;
#6364 = CARTESIAN_POINT ( 'NONE',  ( 3.628660738836102073, -3.010000000000000231, 2.057716432904142412 ) ) ;
#6365 = FILL_AREA_STYLE_COLOUR ( '', #7406 ) ;
#6366 = DIRECTION ( 'NONE',  ( -3.384756321093094178E-14, -0.000000000000000000, 1.000000000000000000 ) ) ;
#6367 = CARTESIAN_POINT ( 'NONE',  ( 3.833664976824861181, -3.010000000000000231, 1.684713514262567546 ) ) ;
#6368 = VERTEX_POINT ( 'NONE', #366 ) ;
#6369 = CARTESIAN_POINT ( 'NONE',  ( 3.295528852104097961, -3.000000000000000000, 1.875308508687755893 ) ) ;
#6370 = LINE ( 'NONE', #1401, #5793 ) ;
#6371 = LINE ( 'NONE', #9383, #1187 ) ;
#6372 = DIRECTION ( 'NONE',  ( 0.000000000000000000, 0.000000000000000000, -1.000000000000000000 ) ) ;
#6373 = EDGE_CURVE ( 'NONE', #9498, #7160, #6976, .T. ) ;
#6374 = CARTESIAN_POINT ( 'NONE',  ( 1.787628858323434322, -3.000000000000000000, 1.576690996613467677 ) ) ;
#6375 = DIRECTION ( 'NONE',  ( -0.8631877589411990348, 0.000000000000000000, -0.5048830486499528147 ) ) ;
#6376 = FACE_OUTER_BOUND ( 'NONE', #203, .T. ) ;
#6377 = ORIENTED_EDGE ( 'NONE', *, *, #7271, .F. ) ;
#6378 = EDGE_LOOP ( 'NONE', ( #77, #2641, #7859, #802 ) ) ;
#6379 = ADVANCED_FACE ( 'NONE', ( #3263 ), #6926, .F. ) ;
#6380 = ORIENTED_EDGE ( 'NONE', *, *, #5853, .F. ) ;
#6381 = CARTESIAN_POINT ( 'NONE',  ( -1.520000000000000906, -2.449999999999999289, -4.099999999999999645 ) ) ;
#6382 = CARTESIAN_POINT ( 'NONE',  ( 1.723868854915553195, -3.000000000000000000, 1.827177006601269360 ) ) ;
#6383 = ORIENTED_EDGE ( 'NONE', *, *, #6747, .T. ) ;
#6384 = CARTESIAN_POINT ( 'NONE',  ( 2.894321410158360308, -3.010000000000000231, 1.597185337714328135 ) ) ;
#6385 = EDGE_CURVE ( 'NONE', #2005, #7246, #270, .T. ) ;
#6386 = DIRECTION ( 'NONE',  ( -0.000000000000000000, 1.000000000000000000, -0.000000000000000000 ) ) ;
#6387 = CARTESIAN_POINT ( 'NONE',  ( 1.580408640940868192, -3.010000000000000231, 2.013902796016769692 ) ) ;
#6388 = VERTEX_POINT ( 'NONE', #4043 ) ;
#6389 = CARTESIAN_POINT ( 'NONE',  ( 5.549999999999999822, 0.000000000000000000, 10.00000000000000000 ) ) ;
#6390 = VERTEX_POINT ( 'NONE', #1033 ) ;
#6391 = ADVANCED_FACE ( 'NONE', ( #1665 ), #6822, .F. ) ;
#6392 = ORIENTED_EDGE ( 'NONE', *, *, #5496, .F. ) ;
#6393 = ORIENTED_EDGE ( 'NONE', *, *, #6062, .T. ) ;
#6394 = LINE ( 'NONE', #2607, #7482 ) ;
#6395 = VERTEX_POINT ( 'NONE', #4589 ) ;
#6396 = EDGE_CURVE ( 'NONE', #2304, #369, #2888, .T. ) ;
#6397 = CARTESIAN_POINT ( 'NONE',  ( 2.894321410158360308, -3.010000000000000231, 1.597185337714328135 ) ) ;
#6398 = EDGE_CURVE ( 'NONE', #2286, #5020, #1733, .T. ) ;
#6399 = CARTESIAN_POINT ( 'NONE',  ( 4.231474718195512352, -3.010000000000000231, 2.226206337768836807 ) ) ;
#6400 = CARTESIAN_POINT ( 'NONE',  ( 4.035230645327230192, -3.010000000000000231, 1.611521106610473542 ) ) ;
#6401 = ORIENTED_EDGE ( 'NONE', *, *, #5862, .T. ) ;
#6402 = CARTESIAN_POINT ( 'NONE',  ( 2.728089744678212636, -3.000000000000000000, 1.692825364543246502 ) ) ;
#6403 = CARTESIAN_POINT ( 'NONE',  ( 4.055534579442018561, -3.010000000000000231, 2.099634232365364284 ) ) ;
#6404 = CARTESIAN_POINT ( 'NONE',  ( 2.728089744678212636, -3.010000000000000231, 1.692825364543246724 ) ) ;
#6405 = SURFACE_STYLE_USAGE ( .BOTH. , #2798 ) ;
#6406 = VECTOR ( 'NONE', #8583, 1000.000000000000000 ) ;
#6407 = CARTESIAN_POINT ( 'NONE',  ( 1.676048732919441564, -3.010000000000000231, 1.667776802633160749 ) ) ;
#6408 = PLANE ( 'NONE',  #5955 ) ;
#6409 = FACE_OUTER_BOUND ( 'NONE', #6725, .T. ) ;
#6410 = VECTOR ( 'NONE', #4654, 1000.000000000000000 ) ;
#6411 = ORIENTED_EDGE ( 'NONE', *, *, #4253, .T. ) ;
#6412 = MECHANICAL_DESIGN_GEOMETRIC_PRESENTATION_REPRESENTATION (  '', ( #364 ), #8273 ) ;
#6413 = B_SPLINE_SURFACE_WITH_KNOTS ( 'NONE', 3, 1, ( 
 ( #6304, #1775 ),
 ( #4098, #7026 ),
 ( #1824, #989 ),
 ( #2553, #4754 ) ),
 .UNSPECIFIED., .F., .F., .F.,
 ( 4, 4 ),
 ( 2, 2 ),
 ( 6.000000000000000000, 7.000000000000000000 ),
 ( 0.000000000000000000, 1.000000000000000000 ),
 .UNSPECIFIED. ) ;
#6414 = VECTOR ( 'NONE', #5009, 1000.000000000000000 ) ;
#6415 = ORIENTED_EDGE ( 'NONE', *, *, #8592, .F. ) ;
#6416 = PLANE ( 'NONE',  #7087 ) ;
#6417 = CARTESIAN_POINT ( 'NONE',  ( 4.834943663167497796, -3.000000000000000000, 1.824712414805855776 ) ) ;
#6418 = CARTESIAN_POINT ( 'NONE',  ( 5.750000000000000000, -2.799999999999999822, 0.000000000000000000 ) ) ;
#6419 = DIRECTION ( 'NONE',  ( -1.000000000000000000, -0.000000000000000000, -0.000000000000000000 ) ) ;
#6420 = VERTEX_POINT ( 'NONE', #8483 ) ;
#6421 = CARTESIAN_POINT ( 'NONE',  ( 3.781431468903377890, -3.010000000000000231, 2.383398085747336470 ) ) ;
#6422 = CARTESIAN_POINT ( 'NONE',  ( 3.822776173449655701, -3.010000000000000231, 2.244054150819881244 ) ) ;
#6423 = VECTOR ( 'NONE', #3321, 1000.000000000000000 ) ;
#6424 = LINE ( 'NONE', #9391, #3956 ) ;
#6425 = VECTOR ( 'NONE', #5961, 1000.000000000000000 ) ;
#6426 = VECTOR ( 'NONE', #7090, 1000.000000000000000 ) ;
#6427 = EDGE_CURVE ( 'NONE', #3501, #7278, #1082, .T. ) ;
#6428 = ORIENTED_EDGE ( 'NONE', *, *, #9613, .F. ) ;
#6429 = ORIENTED_EDGE ( 'NONE', *, *, #2902, .T. ) ;
#6430 = DIRECTION ( 'NONE',  ( -0.000000000000000000, 1.000000000000000000, -0.000000000000000000 ) ) ;
#6431 =( LENGTH_UNIT ( ) NAMED_UNIT ( * ) SI_UNIT ( .MILLI., .METRE. ) );
#6432 = ORIENTED_EDGE ( 'NONE', *, *, #5082, .F. ) ;
#6433 = LINE ( 'NONE', #2053, #2548 ) ;
#6434 = AXIS2_PLACEMENT_3D ( 'NONE', #3998, #893, #1714 ) ;
#6435 = CARTESIAN_POINT ( 'NONE',  ( 4.024341841950948684, -3.010000000000000231, 1.611848589418388267 ) ) ;
#6436 = AXIS2_PLACEMENT_3D ( 'NONE', #6807, #2483, #8413 ) ;
#6437 = CARTESIAN_POINT ( 'NONE',  ( 3.460498316779327954, -3.010000000000000231, 1.838466692755763132 ) ) ;
#6438 = B_SPLINE_CURVE_WITH_KNOTS ( 'NONE', 3,
 ( #6700, #8208, #8255, #7535 ),
 .UNSPECIFIED., .F., .F.,
 ( 4, 4 ),
 ( 1.000000000000000000, 2.000000000000000000 ),
 .UNSPECIFIED. ) ;
#6439 = ORIENTED_EDGE ( 'NONE', *, *, #1761, .F. ) ;
#6440 = EDGE_CURVE ( 'NONE', #5382, #7419, #7021, .T. ) ;
#6441 = VECTOR ( 'NONE', #5698, 1000.000000000000000 ) ;
#6442 = ORIENTED_EDGE ( 'NONE', *, *, #3050, .T. ) ;
#6443 = CARTESIAN_POINT ( 'NONE',  ( -5.549999999999999822, 2.799999999999999378, 10.00000000000000000 ) ) ;
#6444 = VERTEX_POINT ( 'NONE', #8429 ) ;
#6445 = ORIENTED_EDGE ( 'NONE', *, *, #1745, .F. ) ;
#6446 = LINE ( 'NONE', #8635, #9352 ) ;
#6447 = CARTESIAN_POINT ( 'NONE',  ( 3.512731824701901928, -3.000000000000000000, 1.579591532801589482 ) ) ;
#6448 = B_SPLINE_CURVE_WITH_KNOTS ( 'NONE', 3,
 ( #5343, #2322, #5882, #8845 ),
 .UNSPECIFIED., .F., .F.,
 ( 4, 4 ),
 ( 34.00000000000000000, 35.00000000000000000 ),
 .UNSPECIFIED. ) ;
#6449 = ADVANCED_FACE ( 'NONE', ( #3113 ), #9112, .F. ) ;
#6450 = EDGE_CURVE ( 'NONE', #5339, #4042, #6093, .T. ) ;
#6451 = SURFACE_STYLE_USAGE ( .BOTH. , #9507 ) ;
#6452 = VECTOR ( 'NONE', #2580, 1000.000000000000000 ) ;
#6453 = ORIENTED_EDGE ( 'NONE', *, *, #4003, .F. ) ;
#6454 = CARTESIAN_POINT ( 'NONE',  ( 3.295528852104089523, -3.010000000000000231, 2.383398085747336470 ) ) ;
#6455 = DIRECTION ( 'NONE',  ( 1.083260458603921549E-14, -0.000000000000000000, -1.000000000000000000 ) ) ;
#6456 = CARTESIAN_POINT ( 'NONE',  ( 3.518626515250925735, -3.010000000000000231, 2.101435387811084077 ) ) ;
#6457 = CARTESIAN_POINT ( 'NONE',  ( 2.074549155974592995, -3.010000000000000231, 1.403627999920574743 ) ) ;
#6458 = CARTESIAN_POINT ( 'NONE',  ( 7.620000000000000107, 0.000000000000000000, -4.099999999999999645 ) ) ;
#6459 = CARTESIAN_POINT ( 'NONE',  ( 3.887863381597113310, -3.010000000000000231, 1.778864821645272709 ) ) ;
#6460 = CARTESIAN_POINT ( 'NONE',  ( 3.662391468089616797, -3.000000000000000000, 1.789016788703756244 ) ) ;
#6461 = EDGE_CURVE ( 'NONE', #199, #634, #4750, .T. ) ;
#6462 = UNCERTAINTY_MEASURE_WITH_UNIT (LENGTH_MEASURE( 1.000000000000000082E-05 ), #7674, 'distance_accuracy_value', 'NONE');
#6463 = VERTEX_POINT ( 'NONE', #5313 ) ;
#6464 = CARTESIAN_POINT ( 'NONE',  ( 1.519999999999999130, -2.449999999999998845, -4.099999999999999645 ) ) ;
#6465 = VECTOR ( 'NONE', #8057, 1000.000000000000000 ) ;
#6466 = CARTESIAN_POINT ( 'NONE',  ( 3.991839173228208359, -3.010000000000000231, 1.513931229740280493 ) ) ;
#6467 = CARTESIAN_POINT ( 'NONE',  ( 4.338397855100029510, -3.010000000000000231, 2.063119899241303568 ) ) ;
#6468 = LINE ( 'NONE', #4173, #116 ) ;
#6469 = VERTEX_POINT ( 'NONE', #8283 ) ;
#6470 = CARTESIAN_POINT ( 'NONE',  ( 4.575577279003615772, -3.010000000000000231, 1.602679070785834936 ) ) ;
#6471 = CARTESIAN_POINT ( 'NONE',  ( 4.632559287644243184, -3.000000000000000000, 1.718116760709258450 ) ) ;
#6472 = CARTESIAN_POINT ( 'NONE',  ( 4.598337334179948499, -3.010000000000000231, 1.624947901750299462 ) ) ;
#6473 = CARTESIAN_POINT ( 'NONE',  ( 3.641432568358998978, -3.000000000000000000, 2.388801552084495405 ) ) ;
#6474 = COLOUR_RGB ( '',1.000000000000000000, 1.000000000000000000, 1.000000000000000000 ) ;
#6475 = B_SPLINE_CURVE_WITH_KNOTS ( 'NONE', 3,
 ( #3599, #8180, #2879, #6587 ),
 .UNSPECIFIED., .F., .F.,
 ( 4, 4 ),
 ( 8.000000000000000000, 9.000000000000000000 ),
 .UNSPECIFIED. ) ;
#6476 = CARTESIAN_POINT ( 'NONE',  ( 3.554649624163122024, -3.000000000000000000, 2.373082377287075051 ) ) ;
#6477 = ORIENTED_EDGE ( 'NONE', *, *, #5547, .T. ) ;
#6478 = ORIENTED_EDGE ( 'NONE', *, *, #8015, .F. ) ;
#6479 = CARTESIAN_POINT ( 'NONE',  ( 2.101874915153297163, -3.000000000000000000, 2.380523163077156834 ) ) ;
#6480 = FACE_OUTER_BOUND ( 'NONE', #9268, .T. ) ;
#6481 = ORIENTED_EDGE ( 'NONE', *, *, #6091, .F. ) ;
#6482 = PLANE ( 'NONE',  #2390 ) ;
#6483 = VECTOR ( 'NONE', #2926, 1000.000000000000000 ) ;
#6484 = CARTESIAN_POINT ( 'NONE',  ( 2.072272002136880786, -3.000000000000000000, 1.540256535218800238 ) ) ;
#6485 = FILL_AREA_STYLE ('',( #2116 ) ) ;
#6486 = VECTOR ( 'NONE', #1109, 1000.000000000000114 ) ;
#6487 = VERTEX_POINT ( 'NONE', #6871 ) ;
#6488 = DIRECTION ( 'NONE',  ( -1.000000000000000000, -0.000000000000000000, -0.000000000000000000 ) ) ;
#6489 = ORIENTED_EDGE ( 'NONE', *, *, #7527, .F. ) ;
#6490 = CARTESIAN_POINT ( 'NONE',  ( 1.723868854915551418, -3.000000000000000000, 2.045782949738199186 ) ) ;
#6491 = ORIENTED_EDGE ( 'NONE', *, *, #6864, .T. ) ;
#6492 = DIRECTION ( 'NONE',  ( -0.000000000000000000, 1.000000000000000000, -0.000000000000000000 ) ) ;
#6493 = ORIENTED_EDGE ( 'NONE', *, *, #6279, .F. ) ;
#6494 = FILL_AREA_STYLE ('',( #6543 ) ) ;
#6495 = EDGE_CURVE ( 'NONE', #6346, #3360, #223, .T. ) ;
#6496 = B_SPLINE_CURVE_WITH_KNOTS ( 'NONE', 3,
 ( #5860, #8825, #5270, #2967 ),
 .UNSPECIFIED., .F., .F.,
 ( 4, 4 ),
 ( 6.000000000000000000, 7.000000000000000000 ),
 .UNSPECIFIED. ) ;
#6497 = DIRECTION ( 'NONE',  ( 0.000000000000000000, 0.000000000000000000, -1.000000000000000000 ) ) ;
#6498 = EDGE_LOOP ( 'NONE', ( #3112, #1772, #5666, #5047 ) ) ;
#6499 = ADVANCED_FACE ( 'NONE', ( #4932 ), #6482, .T. ) ;
#6500 = VERTEX_POINT ( 'NONE', #9446 ) ;
#6501 = LINE ( 'NONE', #4997, #7502 ) ;
#6502 = ADVANCED_FACE ( 'NONE', ( #4140 ), #2780, .F. ) ;
#6503 = CARTESIAN_POINT ( 'NONE',  ( 4.503367319777459521, -3.000000000000000000, 1.555030322181724767 ) ) ;
#6504 = CARTESIAN_POINT ( 'NONE',  ( 4.574021735663827748, -3.010000000000000231, 1.828478467101251725 ) ) ;
#6505 = B_SPLINE_CURVE_WITH_KNOTS ( 'NONE', 3,
 ( #3140, #3920, #3094, #4669 ),
 .UNSPECIFIED., .F., .F.,
 ( 4, 4 ),
 ( 6.000000000000000000, 7.000000000000000000 ),
 .UNSPECIFIED. ) ;
#6506 = CARTESIAN_POINT ( 'NONE',  ( 3.693747946983560126, -3.000000000000000000, 2.063938606261082498 ) ) ;
#6507 = CARTESIAN_POINT ( 'NONE',  ( 4.632559287644243184, -3.010000000000000231, 1.718116760709258450 ) ) ;
#6508 = EDGE_CURVE ( 'NONE', #4586, #4884, #4188, .T. ) ;
#6509 = CARTESIAN_POINT ( 'NONE',  ( 4.815785918882597549, -3.000000000000000000, 1.875308508687760778 ) ) ;
#6510 = CARTESIAN_POINT ( 'NONE',  ( 3.607292485595599896, -3.000000000000000000, 1.789016788703759575 ) ) ;
#6511 = EDGE_CURVE ( 'NONE', #6142, #7849, #9397, .T. ) ;
#6512 = ORIENTED_EDGE ( 'NONE', *, *, #5650, .F. ) ;
#6513 = ORIENTED_EDGE ( 'NONE', *, *, #4005, .T. ) ;
#6514 = SURFACE_STYLE_FILL_AREA ( #2901 ) ;
#6515 = DIRECTION ( 'NONE',  ( 0.000000000000000000, 0.000000000000000000, -1.000000000000000000 ) ) ;
#6516 = DIRECTION ( 'NONE',  ( 1.000000000000000000, 0.000000000000000000, -0.000000000000000000 ) ) ;
#6517 = CARTESIAN_POINT ( 'NONE',  ( 3.833664976824861181, -3.000000000000000000, 1.684713514262567546 ) ) ;
#6518 = VERTEX_POINT ( 'NONE', #8527 ) ;
#6519 = LINE ( 'NONE', #673, #4746 ) ;
#6520 = EDGE_CURVE ( 'NONE', #3793, #7532, #1859, .T. ) ;
#6521 = SURFACE_STYLE_FILL_AREA ( #7156 ) ;
#6522 = EDGE_CURVE ( 'NONE', #3059, #1453, #8696, .T. ) ;
#6523 = ORIENTED_EDGE ( 'NONE', *, *, #4612, .T. ) ;
#6524 = B_SPLINE_CURVE_WITH_KNOTS ( 'NONE', 3,
 ( #1498, #7299, #7391, #5065 ),
 .UNSPECIFIED., .F., .F.,
 ( 4, 4 ),
 ( 20.00000000000000000, 21.00000000000000000 ),
 .UNSPECIFIED. ) ;
#6525 = ORIENTED_EDGE ( 'NONE', *, *, #1865, .F. ) ;
#6526 = VERTEX_POINT ( 'NONE', #3558 ) ;
#6527 = CARTESIAN_POINT ( 'NONE',  ( 2.302263671026000935, -3.000000000000000000, 1.631342514970889779 ) ) ;
#6528 = CARTESIAN_POINT ( 'NONE',  ( 3.578719610572211884, -3.010000000000000231, 1.549626855844558726 ) ) ;
#6529 = VERTEX_POINT ( 'NONE', #5608 ) ;
#6530 = CARTESIAN_POINT ( 'NONE',  ( -4.060000000000001386, -2.449999999999999289, 0.5000000000000000000 ) ) ;
#6531 = PRESENTATION_STYLE_ASSIGNMENT (( #3560 ) ) ;
#6532 = DIRECTION ( 'NONE',  ( -0.3416038306815700754, 0.000000000000000000, 0.9398440417769733379 ) ) ;
#6533 = ORIENTED_EDGE ( 'NONE', *, *, #2284, .T. ) ;
#6534 = EDGE_LOOP ( 'NONE', ( #9330, #1875, #1504, #20 ) ) ;
#6535 = EDGE_CURVE ( 'NONE', #6574, #318, #4160, .T. ) ;
#6536 = CARTESIAN_POINT ( 'NONE',  ( 3.520918894909611296, -3.000000000000000000, 2.219656681603968007 ) ) ;
#6537 = ORIENTED_EDGE ( 'NONE', *, *, #518, .T. ) ;
#6538 = DIRECTION ( 'NONE',  ( -1.000000000000000000, -0.000000000000000000, -0.000000000000000000 ) ) ;
#6539 = VERTEX_POINT ( 'NONE', #8718 ) ;
#6540 = CARTESIAN_POINT ( 'NONE',  ( 5.549999999999999822, 2.799999999999999822, 9.799999999999998934 ) ) ;
#6541 = EDGE_LOOP ( 'NONE', ( #1398, #9537, #7699, #2588 ) ) ;
#6542 = CARTESIAN_POINT ( 'NONE',  ( 3.806402033035329868, -3.000000000000000000, 1.549626855844558726 ) ) ;
#6543 = FILL_AREA_STYLE_COLOUR ( '', #8028 ) ;
#6544 =( LENGTH_UNIT ( ) NAMED_UNIT ( * ) SI_UNIT ( .MILLI., .METRE. ) );
#6545 = EDGE_CURVE ( 'NONE', #8589, #2220, #6433, .T. ) ;
#6546 = CARTESIAN_POINT ( 'NONE',  ( 3.781431468903377890, -3.010000000000000231, 2.063119899241296462 ) ) ;
#6547 = ORIENTED_EDGE ( 'NONE', *, *, #3648, .F. ) ;
#6548 = DIRECTION ( 'NONE',  ( 0.000000000000000000, -0.000000000000000000, 1.000000000000000000 ) ) ;
#6549 = DIRECTION ( 'NONE',  ( 0.000000000000000000, 0.000000000000000000, -1.000000000000000000 ) ) ;
#6550 = DIRECTION ( 'NONE',  ( 0.000000000000000000, 0.000000000000000000, 1.000000000000000000 ) ) ;
#6551 = CARTESIAN_POINT ( 'NONE',  ( 3.546871907466395690, -3.010000000000000231, 1.608573761337044328 ) ) ;
#6552 = CARTESIAN_POINT ( 'NONE',  ( 3.717326709180762911, -3.010000000000000231, 2.076382952977158691 ) ) ;
#6553 = LINE ( 'NONE', #1131, #2538 ) ;
#6554 = DIRECTION ( 'NONE',  ( 1.000000000000000000, -0.000000000000000000, -0.000000000000000000 ) ) ;
#6555 = UNCERTAINTY_MEASURE_WITH_UNIT (LENGTH_MEASURE( 1.000000000000000082E-05 ), #2735, 'distance_accuracy_value', 'NONE');
#6556 = EDGE_CURVE ( 'NONE', #7945, #7112, #2677, .T. ) ;
#6557 = MECHANICAL_DESIGN_GEOMETRIC_PRESENTATION_REPRESENTATION (  '', ( #5470 ), #2520 ) ;
#6558 = VERTEX_POINT ( 'NONE', #4980 ) ;
#6559 = CARTESIAN_POINT ( 'NONE',  ( 3.991839173228208359, -3.000000000000000000, 1.513931229740280493 ) ) ;
#6560 = LINE ( 'NONE', #7341, #6414 ) ;
#6561 = CARTESIAN_POINT ( 'NONE',  ( 2.821452747967625463, -3.000000000000000000, 1.560750963185869367 ) ) ;
#6562 = CARTESIAN_POINT ( 'NONE',  ( 3.528532870201292582, -3.000000000000000000, 1.767730406165228585 ) ) ;
#6563 = DIRECTION ( 'NONE',  ( -1.000000000000000000, 0.000000000000000000, -0.000000000000000000 ) ) ;
#6564 = ADVANCED_FACE ( 'NONE', ( #7938 ), #1992, .F. ) ;
#6565 = ORIENTED_EDGE ( 'NONE', *, *, #6993, .F. ) ;
#6566 = AXIS2_PLACEMENT_3D ( 'NONE', #5461, #6090, #2452 ) ;
#6567 = EDGE_CURVE ( 'NONE', #1385, #4200, #9346, .T. ) ;
#6568 = EDGE_CURVE ( 'NONE', #1309, #6918, #3367, .T. ) ;
#6569 = CARTESIAN_POINT ( 'NONE',  ( 3.964576229438675714, -3.010000000000000231, 1.783777063770560556 ) ) ;
#6570 = VERTEX_POINT ( 'NONE', #7126 ) ;
#6571 = CARTESIAN_POINT ( 'NONE',  ( 1.983463349953810351, -3.000000000000000000, 1.629065230834961353 ) ) ;
#6572 = B_SPLINE_CURVE_WITH_KNOTS ( 'NONE', 3,
 ( #966, #1653, #6228, #3932 ),
 .UNSPECIFIED., .F., .F.,
 ( 4, 4 ),
 ( 1.000000000000000000, 2.000000000000000000 ),
 .UNSPECIFIED. ) ;
#6573 = CARTESIAN_POINT ( 'NONE',  ( 3.528532870201293914, -3.010000000000000231, 1.728759951977420606 ) ) ;
#6574 = VERTEX_POINT ( 'NONE', #6347 ) ;
#6575 = LINE ( 'NONE', #687, #6129 ) ;
#6576 = DIRECTION ( 'NONE',  ( 0.000000000000000000, 0.000000000000000000, -1.000000000000000000 ) ) ;
#6577 = CARTESIAN_POINT ( 'NONE',  ( 1.580408640940868192, -3.010000000000000231, 1.915985571920315156 ) ) ;
#6578 = DIRECTION ( 'NONE',  ( 1.000000000000000000, -8.673617379884035472E-16, 0.000000000000000000 ) ) ;
#6579 = AXIS2_PLACEMENT_3D ( 'NONE', #8961, #6715, #5117 ) ;
#6580 = VECTOR ( 'NONE', #1387, 1000.000000000000000 ) ;
#6581 = ORIENTED_EDGE ( 'NONE', *, *, #6861, .F. ) ;
#6582 = AXIS2_PLACEMENT_3D ( 'NONE', #4706, #6166, #860 ) ;
#6583 = B_SPLINE_CURVE_WITH_KNOTS ( 'NONE', 3,
 ( #5350, #6906, #4727, #9183 ),
 .UNSPECIFIED., .F., .F.,
 ( 4, 4 ),
 ( 5.000000000000000000, 6.000000000000000000 ),
 .UNSPECIFIED. ) ;
#6584 = EDGE_CURVE ( 'NONE', #2319, #887, #2746, .T. ) ;
#6585 = VECTOR ( 'NONE', #2487, 1000.000000000000000 ) ;
#6586 = EDGE_LOOP ( 'NONE', ( #6291, #2006, #9403, #4948 ) ) ;
#6587 = CARTESIAN_POINT ( 'NONE',  ( 3.641841921869984677, -3.000000000000000000, 2.351468511938452188 ) ) ;
#6588 = MECHANICAL_DESIGN_GEOMETRIC_PRESENTATION_REPRESENTATION (  '', ( #6898 ), #4725 ) ;
#6589 = COLOUR_RGB ( '',0.2980392156862745057, 0.2980392156862745057, 0.2980392156862745057 ) ;
#6590 = ORIENTED_EDGE ( 'NONE', *, *, #7511, .F. ) ;
#6591 = CARTESIAN_POINT ( 'NONE',  ( 3.887863381597113310, -3.010000000000000231, 1.739894367459658975 ) ) ;
#6592 = VERTEX_POINT ( 'NONE', #3408 ) ;
#6593 = CARTESIAN_POINT ( 'NONE',  ( -5.549999999999999822, -2.799999999999999822, 9.799999999999998934 ) ) ;
#6594 = ORIENTED_EDGE ( 'NONE', *, *, #7513, .T. ) ;
#6595 = CARTESIAN_POINT ( 'NONE',  ( 3.873044784521474604, -3.000000000000000000, 1.567802151703523217 ) ) ;
#6596 = CARTESIAN_POINT ( 'NONE',  ( 4.831259481574080361, -3.010000000000000231, 1.811940585284053773 ) ) ;
#6597 = FILL_AREA_STYLE ('',( #9412 ) ) ;
#6598 = VECTOR ( 'NONE', #928, 1000.000000000000000 ) ;
#6599 = COLOUR_RGB ( '',0.6666666666666666297, 0.6666666666666666297, 0.6666666666666666297 ) ;
#6600 = DIRECTION ( 'NONE',  ( 0.000000000000000000, 0.000000000000000000, 1.000000000000000000 ) ) ;
#6601 = ORIENTED_EDGE ( 'NONE', *, *, #1490, .T. ) ;
#6602 = CARTESIAN_POINT ( 'NONE',  ( 3.546053200445514975, -3.000000000000000000, 2.072289417873849793 ) ) ;
#6603 = CARTESIAN_POINT ( 'NONE',  ( 3.518626515250925735, -3.000000000000000000, 2.101435387811084077 ) ) ;
#6604 = CARTESIAN_POINT ( 'NONE',  ( 3.833664976824861181, -3.000000000000000000, 1.684713514262567546 ) ) ;
#6605 = VECTOR ( 'NONE', #2419, 1000.000000000000000 ) ;
#6606 = FACE_OUTER_BOUND ( 'NONE', #309, .T. ) ;
#6607 = CARTESIAN_POINT ( 'NONE',  ( 2.072272045569974797, -3.010000000000000231, 2.114097304251329579 ) ) ;
#6608 = CARTESIAN_POINT ( 'NONE',  ( 4.936299592335264386, -3.010000000000000231, 1.555030322181724767 ) ) ;
#6609 = VECTOR ( 'NONE', #4513, 1000.000000000000000 ) ;
#6610 = VERTEX_POINT ( 'NONE', #2201 ) ;
#6611 = CARTESIAN_POINT ( 'NONE',  ( 3.953851167467421490, -3.010000000000000231, 1.447288478253044630 ) ) ;
#6612 = CARTESIAN_POINT ( 'NONE',  ( 4.016154771744322005, -3.010000000000000231, 1.471685947471138567 ) ) ;
#6613 = DIRECTION ( 'NONE',  ( 0.000000000000000000, 0.000000000000000000, -1.000000000000000000 ) ) ;
#6614 = CARTESIAN_POINT ( 'NONE',  ( 2.072272002136880786, -3.000000000000000000, 1.717873926451140010 ) ) ;
#6615 = CARTESIAN_POINT ( 'NONE',  ( 4.598337334179948499, -3.000000000000000000, 1.624947901750299462 ) ) ;
#6616 = ADVANCED_FACE ( 'NONE', ( #9587 ), #1409, .T. ) ;
#6617 = AXIS2_PLACEMENT_3D ( 'NONE', #2320, #813, #7434 ) ;
#6618 = CARTESIAN_POINT ( 'NONE',  ( 2.734921249622268569, -3.000000000000000000, 1.553919545106920763 ) ) ;
#6619 = ORIENTED_EDGE ( 'NONE', *, *, #5241, .F. ) ;
#6620 = ORIENTED_EDGE ( 'NONE', *, *, #7767, .T. ) ;
#6621 = CARTESIAN_POINT ( 'NONE',  ( 2.072272002136880786, -3.000000000000000000, 1.540256535218800238 ) ) ;
#6622 = LINE ( 'NONE', #4332, #3015 ) ;
#6623 = EDGE_CURVE ( 'NONE', #2970, #349, #7494, .T. ) ;
#6624 = DIRECTION ( 'NONE',  ( 1.000000000000000000, 0.000000000000000000, 0.000000000000000000 ) ) ;
#6625 = ORIENTED_EDGE ( 'NONE', *, *, #1935, .T. ) ;
#6626 = FILL_AREA_STYLE_COLOUR ( '', #3767 ) ;
#6627 = EDGE_CURVE ( 'NONE', #58, #8464, #8960, .T. ) ;
#6628 = CARTESIAN_POINT ( 'NONE',  ( 2.607401155940304527, -3.010000000000000231, 1.553919545106920763 ) ) ;
#6629 = CARTESIAN_POINT ( 'NONE',  ( 3.762028112511472955, -3.010000000000000231, 1.554211615159752924 ) ) ;
#6630 = CARTESIAN_POINT ( 'NONE',  ( 5.080000000000000071, 0.000000000000000000, -4.099999999999999645 ) ) ;
#6631 = EDGE_CURVE ( 'NONE', #7556, #1132, #2954, .T. ) ;
#6632 = MECHANICAL_DESIGN_GEOMETRIC_PRESENTATION_REPRESENTATION (  '', ( #271 ), #5080 ) ;
#6633 = EDGE_CURVE ( 'NONE', #8579, #2814, #5892, .T. ) ;
#6634 = ORIENTED_EDGE ( 'NONE', *, *, #6032, .T. ) ;
#6635 = CARTESIAN_POINT ( 'NONE',  ( 4.436397085480108693, -3.010000000000000231, 2.342462734712048356 ) ) ;
#6636 = AXIS2_PLACEMENT_3D ( 'NONE', #3521, #5129, #3570 ) ;
#6637 = EDGE_LOOP ( 'NONE', ( #2912, #785, #4488, #9572 ) ) ;
#6638 = CARTESIAN_POINT ( 'NONE',  ( 5.550000000000000711, 2.799999999999999822, 10.00000000000000000 ) ) ;
#6639 = EDGE_LOOP ( 'NONE', ( #9317, #4506, #4158, #2411 ) ) ;
#6640 = CARTESIAN_POINT ( 'NONE',  ( 3.603526433300205944, -3.000000000000000000, 1.756432249279040736 ) ) ;
#6641 = VERTEX_POINT ( 'NONE', #5936 ) ;
#6642 = CARTESIAN_POINT ( 'NONE',  ( -1.520000000000000906, -2.149999999999999467, 0.5000000000000000000 ) ) ;
#6643 = CARTESIAN_POINT ( 'NONE',  ( 3.525831137033808016, -3.000000000000000000, 1.567638410299568408 ) ) ;
#6644 = EDGE_CURVE ( 'NONE', #7879, #1898, #5258, .T. ) ;
#6645 = COLOUR_RGB ( '',0.6666666666666666297, 0.6666666666666666297, 0.6666666666666666297 ) ;
#6646 = ORIENTED_EDGE ( 'NONE', *, *, #5186, .F. ) ;
#6647 = CARTESIAN_POINT ( 'NONE',  ( 3.798133092125633770, -3.010000000000000231, 1.747917696262322185 ) ) ;
#6648 = ORIENTED_EDGE ( 'NONE', *, *, #5388, .F. ) ;
#6649 = CARTESIAN_POINT ( 'NONE',  ( 3.003624360009190752, -3.010000000000000231, 1.715596816047625373 ) ) ;
#6650 = LINE ( 'NONE', #2219, #3310 ) ;
#6651 = FACE_OUTER_BOUND ( 'NONE', #2020, .T. ) ;
#6652 = CARTESIAN_POINT ( 'NONE',  ( 3.969079118052975641, -3.000000000000000000, 1.481674173123481486 ) ) ;
#6653 = DIRECTION ( 'NONE',  ( -1.000000000000000000, -0.000000000000000000, -0.000000000000000000 ) ) ;
#6654 = CARTESIAN_POINT ( 'NONE',  ( 0.000000000000000000, 2.799999999999999822, 9.799999999999998934 ) ) ;
#6655 = CARTESIAN_POINT ( 'NONE',  ( 3.781431468903377890, -3.010000000000000231, 2.063119899241296462 ) ) ;
#6656 = UNCERTAINTY_MEASURE_WITH_UNIT (LENGTH_MEASURE( 1.000000000000000082E-05 ), #842, 'distance_accuracy_value', 'NONE');
#6657 = ORIENTED_EDGE ( 'NONE', *, *, #5686, .F. ) ;
#6658 = CARTESIAN_POINT ( 'NONE',  ( 0.000000000000000000, 0.000000000000000000, 0.000000000000000000 ) ) ;
#6659 = EDGE_CURVE ( 'NONE', #4347, #3407, #4573, .T. ) ;
#6660 = CARTESIAN_POINT ( 'NONE',  ( 3.336873556650379324, -3.010000000000000231, 1.735964573760294227 ) ) ;
#6661 = CARTESIAN_POINT ( 'NONE',  ( 4.035476257433175284, -3.000000000000000000, 1.520480885907324442 ) ) ;
#6662 = CARTESIAN_POINT ( 'NONE',  ( 3.805337713908514718, -3.010000000000000231, 1.655567544325328155 ) ) ;
#6663 = DIRECTION ( 'NONE',  ( -0.2524218971879677031, -0.000000000000000000, 0.9676172723861573566 ) ) ;
#6664 = ORIENTED_EDGE ( 'NONE', *, *, #5457, .T. ) ;
#6665 = LINE ( 'NONE', #635, #2079 ) ;
#6666 = EDGE_CURVE ( 'NONE', #7849, #9095, #3762, .T. ) ;
#6667 = CARTESIAN_POINT ( 'NONE',  ( 2.101874915153297163, -3.000000000000000000, 2.380523163077156834 ) ) ;
#6668 = EDGE_LOOP ( 'NONE', ( #779, #642, #3416, #6057 ) ) ;
#6669 = CARTESIAN_POINT ( 'NONE',  ( 3.894331167059998489, -3.000000000000000000, 1.644924353057164224 ) ) ;
#6670 = CARTESIAN_POINT ( 'NONE',  ( 2.074549155974592995, -3.010000000000000231, 1.403627999920574743 ) ) ;
#6671 = CARTESIAN_POINT ( 'NONE',  ( 1.951583369965870229, -3.000000000000000000, 2.148254481510083913 ) ) ;
#6672 = ORIENTED_EDGE ( 'NONE', *, *, #8416, .T. ) ;
#6673 = EDGE_CURVE ( 'NONE', #1453, #7034, #9491, .T. ) ;
#6674 = CARTESIAN_POINT ( 'NONE',  ( 4.097697991009175311, -3.000000000000000000, 1.783777063770563664 ) ) ;
#6675 = EDGE_CURVE ( 'NONE', #2776, #7078, #3645, .T. ) ;
#6676 = ORIENTED_EDGE ( 'NONE', *, *, #6796, .F. ) ;
#6677 = CARTESIAN_POINT ( 'NONE',  ( 3.876401483306975759, -3.000000000000000000, 1.665228287169756349 ) ) ;
#6678 = VERTEX_POINT ( 'NONE', #7356 ) ;
#6679 = CARTESIAN_POINT ( 'NONE',  ( 4.103920164363939804, -3.010000000000000231, 2.346556269815353701 ) ) ;
#6680 = ORIENTED_EDGE ( 'NONE', *, *, #6809, .T. ) ;
#6681 = SURFACE_STYLE_FILL_AREA ( #131 ) ;
#6682 = CARTESIAN_POINT ( 'NONE',  ( 3.649865250672663652, -3.010000000000000231, 1.700432689062166824 ) ) ;
#6683 = EDGE_CURVE ( 'NONE', #2147, #7172, #1367, .T. ) ;
#6684 = VERTEX_POINT ( 'NONE', #7309 ) ;
#6685 = SURFACE_STYLE_FILL_AREA ( #796 ) ;
#6686 = EDGE_CURVE ( 'NONE', #9204, #8156, #6575, .T. ) ;
#6687 = EDGE_CURVE ( 'NONE', #1225, #4984, #8076, .T. ) ;
#6688 = ORIENTED_EDGE ( 'NONE', *, *, #3279, .T. ) ;
#6689 = LINE ( 'NONE', #2978, #960 ) ;
#6690 = CARTESIAN_POINT ( 'NONE',  ( 3.464428110479771394, -3.010000000000000231, 2.063119899241296462 ) ) ;
#6691 = ORIENTED_EDGE ( 'NONE', *, *, #5689, .F. ) ;
#6692 = CARTESIAN_POINT ( 'NONE',  ( 4.105557578407878161, -3.000000000000000000, 2.383398085747340023 ) ) ;
#6693 = FILL_AREA_STYLE_COLOUR ( '', #6259 ) ;
#6694 = B_SPLINE_CURVE_WITH_KNOTS ( 'NONE', 3,
 ( #8548, #8598, #4023, #9284 ),
 .UNSPECIFIED., .F., .F.,
 ( 4, 4 ),
 ( 15.00000000000000000, 16.00000000000000000 ),
 .UNSPECIFIED. ) ;
#6695 = CARTESIAN_POINT ( 'NONE',  ( 3.649865250672663652, -3.000000000000000000, 1.590398465475893808 ) ) ;
#6696 = CARTESIAN_POINT ( 'NONE',  ( 4.435414637056361187, -3.010000000000000231, 2.342462734712048356 ) ) ;
#6697 = ORIENTED_EDGE ( 'NONE', *, *, #5194, .F. ) ;
#6698 = CARTESIAN_POINT ( 'NONE',  ( 3.744344040864370893, -3.000000000000000000, 1.563053650984391529 ) ) ;
#6699 = CARTESIAN_POINT ( 'NONE',  ( 3.491199830056338271, -3.010000000000000231, 2.130581357748316584 ) ) ;
#6700 = CARTESIAN_POINT ( 'NONE',  ( 3.857653092531977634, -3.010000000000000231, 1.613322262056188006 ) ) ;
#6701 = B_SPLINE_SURFACE_WITH_KNOTS ( 'NONE', 3, 1, ( 
 ( #7077, #3370 ),
 ( #9307, #8570 ),
 ( #6387, #10 ),
 ( #6577, #5216 ) ),
 .UNSPECIFIED., .F., .F., .F.,
 ( 4, 4 ),
 ( 2, 2 ),
 ( 6.000000000000000000, 7.000000000000000000 ),
 ( 0.000000000000000000, 1.000000000000000000 ),
 .UNSPECIFIED. ) ;
#6702 = CARTESIAN_POINT ( 'NONE',  ( 3.606146295766792242, -3.000000000000000000, 2.351468511938452188 ) ) ;
#6703 = CARTESIAN_POINT ( 'NONE',  ( 3.607292485595599896, -3.010000000000000231, 1.789016788703759575 ) ) ;
#6704 = LINE ( 'NONE', #5928, #557 ) ;
#6705 = AXIS2_PLACEMENT_3D ( 'NONE', #3167, #8287, #7560 ) ;
#6706 = B_SPLINE_SURFACE_WITH_KNOTS ( 'NONE', 3, 1, ( 
 ( #8260, #1646 ),
 ( #8949, #3772 ),
 ( #8318, #769 ),
 ( #1540, #3871 ) ),
 .UNSPECIFIED., .F., .F., .F.,
 ( 4, 4 ),
 ( 2, 2 ),
 ( 4.000000000000000000, 5.000000000000000000 ),
 ( 0.000000000000000000, 1.000000000000000000 ),
 .UNSPECIFIED. ) ;
#6707 = VERTEX_POINT ( 'NONE', #2441 ) ;
#6708 = FACE_BOUND ( 'NONE', #602, .T. ) ;
#6709 = CARTESIAN_POINT ( 'NONE',  ( 3.467784809264184975, -3.000000000000000000, 1.555030322181715885 ) ) ;
#6710 = CARTESIAN_POINT ( 'NONE',  ( 3.887863381597113310, -3.000000000000000000, 1.778864821645272709 ) ) ;
#6711 = PRESENTATION_STYLE_ASSIGNMENT (( #7263 ) ) ;
#6712 = ORIENTED_EDGE ( 'NONE', *, *, #8562, .T. ) ;
#6713 = FILL_AREA_STYLE ('',( #6626 ) ) ;
#6714 = LINE ( 'NONE', #8905, #4542 ) ;
#6715 = DIRECTION ( 'NONE',  ( -1.000000000000000000, 0.000000000000000000, -0.000000000000000000 ) ) ;
#6716 = ADVANCED_FACE ( 'NONE', ( #4783 ), #28, .F. ) ;
#6717 = ORIENTED_EDGE ( 'NONE', *, *, #8410, .T. ) ;
#6718 = ORIENTED_EDGE ( 'NONE', *, *, #3347, .T. ) ;
#6719 = CARTESIAN_POINT ( 'NONE',  ( 3.770297053421158839, -3.010000000000000231, 1.770841492842605946 ) ) ;
#6720 = VECTOR ( 'NONE', #5272, 1000.000000000000000 ) ;
#6721 = ORIENTED_EDGE ( 'NONE', *, *, #8785, .T. ) ;
#6722 = CARTESIAN_POINT ( 'NONE',  ( 3.851430919175027334, -3.000000000000000000, 1.756432249279040736 ) ) ;
#6723 = ORIENTED_EDGE ( 'NONE', *, *, #7122, .T. ) ;
#6724 = CARTESIAN_POINT ( 'NONE',  ( 3.717326709180762911, -3.000000000000000000, 2.116008372780791458 ) ) ;
#6725 = EDGE_LOOP ( 'NONE', ( #2560, #8444, #1224, #7464 ) ) ;
#6726 = VECTOR ( 'NONE', #656, 1000.000000000000000 ) ;
#6727 = DIRECTION ( 'NONE',  ( 0.000000000000000000, 0.000000000000000000, 1.000000000000000000 ) ) ;
#6728 = CARTESIAN_POINT ( 'NONE',  ( 1.983463349953810351, -3.010000000000000231, 1.578968020150794516 ) ) ;
#6729 = DIRECTION ( 'NONE',  ( -0.000000000000000000, 1.000000000000000000, -0.000000000000000000 ) ) ;
#6730 = CARTESIAN_POINT ( 'NONE',  ( 3.785934357516583582, -3.010000000000000231, 1.734818383930410990 ) ) ;
#6731 = EDGE_CURVE ( 'NONE', #2917, #3911, #9584, .T. ) ;
#6732 = COLOUR_RGB ( '',0.2980392156862745057, 0.2980392156862745057, 0.2980392156862745057 ) ;
#6733 = VECTOR ( 'NONE', #6248, 1000.000000000000000 ) ;
#6734 = PRESENTATION_LAYER_ASSIGNMENT (  '', '', ( #821 ) ) ;
#6735 = ORIENTED_EDGE ( 'NONE', *, *, #7105, .F. ) ;
#6736 = CARTESIAN_POINT ( 'NONE',  ( 3.898834055674295307, -3.010000000000000231, 1.596293156024924498 ) ) ;
#6737 = ORIENTED_EDGE ( 'NONE', *, *, #5853, .T. ) ;
#6738 = CARTESIAN_POINT ( 'NONE',  ( 3.033227229592507790, -3.000000000000000000, 1.872719866179106019 ) ) ;
#6739 = CARTESIAN_POINT ( 'NONE',  ( 2.611955376748436919, -3.000000000000000000, 1.695102474946761362 ) ) ;
#6740 = ORIENTED_EDGE ( 'NONE', *, *, #5606, .F. ) ;
#6741 = FACE_OUTER_BOUND ( 'NONE', #161, .T. ) ;
#6742 = CARTESIAN_POINT ( 'NONE',  ( 4.840920224420685258, -3.000000000000000000, 1.816361603195281171 ) ) ;
#6743 = CARTESIAN_POINT ( 'NONE',  ( 3.694402912600484257, -3.000000000000000000, 2.345246338581505441 ) ) ;
#6744 = EDGE_CURVE ( 'NONE', #7616, #3402, #3985, .T. ) ;
#6745 = CARTESIAN_POINT ( 'NONE',  ( 4.831259481574080361, -3.010000000000000231, 1.811940585284053773 ) ) ;
#6746 = STYLED_ITEM ( 'NONE', ( #5768 ), #4857 ) ;
#6747 = EDGE_CURVE ( 'NONE', #6971, #168, #8378, .T. ) ;
#6748 = EDGE_CURVE ( 'NONE', #6500, #4320, #4682, .T. ) ;
#6749 = UNCERTAINTY_MEASURE_WITH_UNIT (LENGTH_MEASURE( 1.000000000000000082E-05 ), #2886, 'distance_accuracy_value', 'NONE');
#6750 = VECTOR ( 'NONE', #9191, 1000.000000000000227 ) ;
#6751 =( GEOMETRIC_REPRESENTATION_CONTEXT ( 3 ) GLOBAL_UNCERTAINTY_ASSIGNED_CONTEXT ( ( #9571 ) ) GLOBAL_UNIT_ASSIGNED_CONTEXT ( ( #4149, #603, #1233 ) ) REPRESENTATION_CONTEXT ( 'NONE', 'WORKASPACE' ) );
#6752 = EDGE_LOOP ( 'NONE', ( #9005, #8475, #6223, #1125 ) ) ;
#6753 = CARTESIAN_POINT ( 'NONE',  ( 4.226644346772213012, -3.000000000000000000, 2.107985043975945771 ) ) ;
#6754 = FACE_OUTER_BOUND ( 'NONE', #8789, .T. ) ;
#6755 = SURFACE_SIDE_STYLE ('',( #7477 ) ) ;
#6756 = FACE_OUTER_BOUND ( 'NONE', #9178, .T. ) ;
#6757 =( LENGTH_UNIT ( ) NAMED_UNIT ( * ) SI_UNIT ( .MILLI., .METRE. ) );
#6758 = FACE_OUTER_BOUND ( 'NONE', #5476, .T. ) ;
#6759 = VECTOR ( 'NONE', #3555, 1000.000000000000000 ) ;
#6760 = EDGE_CURVE ( 'NONE', #8107, #7455, #6572, .T. ) ;
#6761 = ORIENTED_EDGE ( 'NONE', *, *, #1345, .T. ) ;
#6762 = ORIENTED_EDGE ( 'NONE', *, *, #9310, .F. ) ;
#6763 = CARTESIAN_POINT ( 'NONE',  ( 2.245335085695980837, -3.010000000000000231, 1.783911257429141584 ) ) ;
#6764 = LINE ( 'NONE', #8266, #3611 ) ;
#6765 =( GEOMETRIC_REPRESENTATION_CONTEXT ( 3 ) GLOBAL_UNCERTAINTY_ASSIGNED_CONTEXT ( ( #4410 ) ) GLOBAL_UNIT_ASSIGNED_CONTEXT ( ( #128, #81, #3248 ) ) REPRESENTATION_CONTEXT ( 'NONE', 'WORKASPACE' ) );
#6766 = CARTESIAN_POINT ( 'NONE',  ( 3.697350257874990831, -3.010000000000000231, 2.384380534173263122 ) ) ;
#6767 = CARTESIAN_POINT ( 'NONE',  ( 3.528532870201293914, -3.000000000000000000, 1.728759951977420606 ) ) ;
#6768 = EDGE_LOOP ( 'NONE', ( #3792, #7398, #7212, #2358 ) ) ;
#6769 = CARTESIAN_POINT ( 'NONE',  ( 3.805337713908514718, -3.010000000000000231, 1.655567544325328155 ) ) ;
#6770 = CARTESIAN_POINT ( 'NONE',  ( 4.059999999999998721, -2.449999999999998845, -4.099999999999999645 ) ) ;
#6771 = CARTESIAN_POINT ( 'NONE',  ( 1.019999999999999130, -2.149999999999999467, -4.099999999999999645 ) ) ;
#6772 = ORIENTED_EDGE ( 'NONE', *, *, #8490, .T. ) ;
#6773 = VECTOR ( 'NONE', #6887, 1000.000000000000000 ) ;
#6774 = EDGE_LOOP ( 'NONE', ( #8371, #4703, #2031, #9144 ) ) ;
#6775 = FILL_AREA_STYLE ('',( #169 ) ) ;
#6776 = ORIENTED_EDGE ( 'NONE', *, *, #2744, .F. ) ;
#6777 = ORIENTED_EDGE ( 'NONE', *, *, #1741, .T. ) ;
#6778 = VECTOR ( 'NONE', #827, 999.9999999999998863 ) ;
#6779 = CARTESIAN_POINT ( 'NONE',  ( 3.788881702791105699, -3.000000000000000000, 1.709438466288569325 ) ) ;
#6780 = DIRECTION ( 'NONE',  ( 0.000000000000000000, 0.000000000000000000, -1.000000000000000000 ) ) ;
#6781 = CARTESIAN_POINT ( 'NONE',  ( 3.790027892620987160, -3.010000000000000231, 1.742350488521201335 ) ) ;
#6782 = AXIS2_PLACEMENT_3D ( 'NONE', #7100, #1795, #481 ) ;
#6783 = B_SPLINE_SURFACE_WITH_KNOTS ( 'NONE', 3, 1, ( 
 ( #9622, #9479 ),
 ( #9528, #5838 ),
 ( #1359, #4419 ),
 ( #6703, #7392 ) ),
 .UNSPECIFIED., .F., .F., .F.,
 ( 4, 4 ),
 ( 2, 2 ),
 ( 1.000000000000000000, 2.000000000000000000 ),
 ( 0.000000000000000000, 1.000000000000000000 ),
 .UNSPECIFIED. ) ;
#6784 = FILL_AREA_STYLE_COLOUR ( '', #1933 ) ;
#6785 = ORIENTED_EDGE ( 'NONE', *, *, #3308, .F. ) ;
#6786 = CARTESIAN_POINT ( 'NONE',  ( 1.676048732919441564, -3.000000000000000000, 1.667776802633160749 ) ) ;
#6787 = CARTESIAN_POINT ( 'NONE',  ( 3.764811716382019391, -3.000000000000000000, 1.589743499860064357 ) ) ;
#6788 = EDGE_LOOP ( 'NONE', ( #265, #5593, #3700, #1090 ) ) ;
#6789 = DIRECTION ( 'NONE',  ( -1.000000000000000000, -0.000000000000000000, -0.000000000000000000 ) ) ;
#6790 = EDGE_CURVE ( 'NONE', #167, #6979, #208, .T. ) ;
#6791 = CARTESIAN_POINT ( 'NONE',  ( 3.946400933578616321, -3.000000000000000000, 2.346556269815353701 ) ) ;
#6792 = CARTESIAN_POINT ( 'NONE',  ( 4.274948060994349319, -3.000000000000000000, 2.227352527598723597 ) ) ;
#6793 = VECTOR ( 'NONE', #3714, 1000.000000000000000 ) ;
#6794 = CARTESIAN_POINT ( 'NONE',  ( 3.953851167467421490, -3.000000000000000000, 1.447288478253044630 ) ) ;
#6795 = CARTESIAN_POINT ( 'NONE',  ( 4.627728916223118993, -3.000000000000000000, 1.832899485014656049 ) ) ;
#6796 = EDGE_CURVE ( 'NONE', #3072, #4744, #8270, .T. ) ;
#6797 = VERTEX_POINT ( 'NONE', #7747 ) ;
#6798 = CARTESIAN_POINT ( 'NONE',  ( 3.525831137033808016, -3.010000000000000231, 1.567638410299568408 ) ) ;
#6799 = EDGE_CURVE ( 'NONE', #8930, #4681, #9150, .T. ) ;
#6800 = DIRECTION ( 'NONE',  ( -0.000000000000000000, -0.000000000000000000, 1.000000000000000000 ) ) ;
#6801 = CARTESIAN_POINT ( 'NONE',  ( 2.734921249622268569, -3.010000000000000231, 1.553919545106920763 ) ) ;
#6802 = CARTESIAN_POINT ( 'NONE',  ( 1.580408640940868192, -3.010000000000000231, 1.915985571920315156 ) ) ;
#6803 =( NAMED_UNIT ( * ) SI_UNIT ( $, .STERADIAN. ) SOLID_ANGLE_UNIT ( ) );
#6804 = CARTESIAN_POINT ( 'NONE',  ( 2.001680537218043288, -3.010000000000000231, 2.280328774284716253 ) ) ;
#6805 = ORIENTED_EDGE ( 'NONE', *, *, #4245, .T. ) ;
#6806 = ORIENTED_EDGE ( 'NONE', *, *, #1405, .F. ) ;
#6807 = CARTESIAN_POINT ( 'NONE',  ( 0.000000000000000000, -3.010000000000000231, 0.000000000000000000 ) ) ;
#6808 = CARTESIAN_POINT ( 'NONE',  ( 4.226644346772213012, -3.000000000000000000, 2.107985043975945771 ) ) ;
#6809 = EDGE_CURVE ( 'NONE', #4451, #1191, #2486, .T. ) ;
#6810 = LINE ( 'NONE', #7486, #1011 ) ;
#6811 = EDGE_CURVE ( 'NONE', #2676, #9442, #8419, .T. ) ;
#6812 = CARTESIAN_POINT ( 'NONE',  ( 3.582076309356621913, -3.000000000000000000, 1.690935687621695216 ) ) ;
#6813 = CARTESIAN_POINT ( 'NONE',  ( 3.785934357516583582, -3.010000000000000231, 1.725648865300039914 ) ) ;
#6814 = CARTESIAN_POINT ( 'NONE',  ( 2.728089744678212636, -3.010000000000000231, 1.692825364543246724 ) ) ;
#6815 = CARTESIAN_POINT ( 'NONE',  ( 3.467784809264184975, -3.010000000000000231, 1.555030322181716107 ) ) ;
#6816 = ORIENTED_EDGE ( 'NONE', *, *, #6337, .T. ) ;
#6817 = ORIENTED_EDGE ( 'NONE', *, *, #5690, .F. ) ;
#6818 = FACE_OUTER_BOUND ( 'NONE', #696, .T. ) ;
#6819 = EDGE_LOOP ( 'NONE', ( #305, #7951, #7855, #1811 ) ) ;
#6820 = CARTESIAN_POINT ( 'NONE',  ( 3.748355705265706828, -3.000000000000000000, 1.695847929744790372 ) ) ;
#6821 = ORIENTED_EDGE ( 'NONE', *, *, #4973, .F. ) ;
#6822 = PLANE ( 'NONE',  #8129 ) ;
#6823 = VERTEX_POINT ( 'NONE', #1072 ) ;
#6824 = CARTESIAN_POINT ( 'NONE',  ( 2.024451945290415278, -3.010000000000000231, 1.717873926451140010 ) ) ;
#6825 = ORIENTED_EDGE ( 'NONE', *, *, #3922, .T. ) ;
#6826 = CARTESIAN_POINT ( 'NONE',  ( 3.525831137033808016, -3.000000000000000000, 1.567638410299568408 ) ) ;
#6827 = LINE ( 'NONE', #3799, #7506 ) ;
#6828 = B_SPLINE_CURVE_WITH_KNOTS ( 'NONE', 3,
 ( #5865, #2927, #8828, #611 ),
 .UNSPECIFIED., .F., .F.,
 ( 4, 4 ),
 ( 8.000000000000000000, 9.000000000000000000 ),
 .UNSPECIFIED. ) ;
#6829 = ORIENTED_EDGE ( 'NONE', *, *, #1991, .F. ) ;
#6830 = DIRECTION ( 'NONE',  ( -0.000000000000000000, -1.000000000000000000, -0.000000000000000000 ) ) ;
#6831 = ORIENTED_EDGE ( 'NONE', *, *, #3922, .F. ) ;
#6832 = CARTESIAN_POINT ( 'NONE',  ( 3.593865690455768647, -3.000000000000000000, 2.388801552084495405 ) ) ;
#6833 = CARTESIAN_POINT ( 'NONE',  ( 3.753186076687913264, -3.000000000000000000, 1.758560887532675254 ) ) ;
#6834 = ORIENTED_EDGE ( 'NONE', *, *, #5151, .F. ) ;
#6835 = CARTESIAN_POINT ( 'NONE',  ( 3.770297053421158839, -3.000000000000000000, 1.770841492842605946 ) ) ;
#6836 = CARTESIAN_POINT ( 'NONE',  ( 3.030950119187898473, -3.000000000000000000, 2.009348488343536854 ) ) ;
#6837 = DIRECTION ( 'NONE',  ( 1.000000000000000000, -0.000000000000000000, -0.000000000000000000 ) ) ;
#6838 = PRESENTATION_STYLE_ASSIGNMENT (( #1632 ) ) ;
#6839 = LINE ( 'NONE', #7816, #1466 ) ;
#6840 = ADVANCED_FACE ( 'NONE', ( #3834 ), #2958, .T. ) ;
#6841 = UNCERTAINTY_MEASURE_WITH_UNIT (LENGTH_MEASURE( 1.000000000000000082E-05 ), #373, 'distance_accuracy_value', 'NONE');
#6842 = ORIENTED_EDGE ( 'NONE', *, *, #3824, .F. ) ;
#6843 = CARTESIAN_POINT ( 'NONE',  ( 4.226644346772213012, -3.010000000000000231, 2.107985043975945771 ) ) ;
#6844 = CARTESIAN_POINT ( 'NONE',  ( 3.477527422810591240, -3.000000000000000000, 2.169224329126019146 ) ) ;
#6845 = DIRECTION ( 'NONE',  ( -0.000000000000000000, 1.000000000000000000, -0.000000000000000000 ) ) ;
#6846 = CARTESIAN_POINT ( 'NONE',  ( 3.946400933578616321, -3.010000000000000231, 2.383398085747340023 ) ) ;
#6847 = DIRECTION ( 'NONE',  ( 0.000000000000000000, -0.000000000000000000, -1.000000000000000000 ) ) ;
#6848 = DIRECTION ( 'NONE',  ( 1.000000000000000000, -0.000000000000000000, -0.000000000000000000 ) ) ;
#6849 = ORIENTED_EDGE ( 'NONE', *, *, #2812, .T. ) ;
#6850 = EDGE_CURVE ( 'NONE', #8534, #549, #9249, .T. ) ;
#6851 = ORIENTED_EDGE ( 'NONE', *, *, #2959, .T. ) ;
#6852 = EDGE_LOOP ( 'NONE', ( #5528, #3845, #9380, #3017 ) ) ;
#6853 = CARTESIAN_POINT ( 'NONE',  ( 3.607292485595599896, -3.010000000000000231, 1.789016788703759575 ) ) ;
#6854 = LINE ( 'NONE', #3778, #8285 ) ;
#6855 = CARTESIAN_POINT ( 'NONE',  ( 3.628660738836102073, -3.010000000000000231, 2.057716432904142412 ) ) ;
#6856 = LINE ( 'NONE', #964, #6778 ) ;
#6857 = VERTEX_POINT ( 'NONE', #4637 ) ;
#6858 = CARTESIAN_POINT ( 'NONE',  ( 4.739482424550946149, -3.010000000000000231, 1.555030322181724767 ) ) ;
#6859 = SURFACE_STYLE_FILL_AREA ( #3934 ) ;
#6860 = CARTESIAN_POINT ( 'NONE',  ( 4.196352187005090606, -3.000000000000000000, 2.316427851452192765 ) ) ;
#6861 = EDGE_CURVE ( 'NONE', #835, #4527, #6038, .T. ) ;
#6862 = ORIENTED_EDGE ( 'NONE', *, *, #7303, .T. ) ;
#6863 = ADVANCED_FACE ( 'NONE', ( #3151 ), #5230, .F. ) ;
#6864 = EDGE_CURVE ( 'NONE', #9257, #7573, #6282, .T. ) ;
#6865 = ORIENTED_EDGE ( 'NONE', *, *, #848, .T. ) ;
#6866 = EDGE_LOOP ( 'NONE', ( #8564, #6189, #2461, #3502 ) ) ;
#6867 = DIRECTION ( 'NONE',  ( 0.000000000000000000, 0.000000000000000000, 1.000000000000000000 ) ) ;
#6868 = PRESENTATION_LAYER_ASSIGNMENT (  '', '', ( #4214 ) ) ;
#6869 = CARTESIAN_POINT ( 'NONE',  ( 4.575577279003615772, -3.010000000000000231, 1.602679070785834936 ) ) ;
#6870 = ORIENTED_EDGE ( 'NONE', *, *, #2239, .T. ) ;
#6871 = CARTESIAN_POINT ( 'NONE',  ( 4.458911528550508763, -3.010000000000000231, 2.383398085747344908 ) ) ;
#6872 = B_SPLINE_SURFACE_WITH_KNOTS ( 'NONE', 3, 1, ( 
 ( #3867, #7476 ),
 ( #7435, #6844 ),
 ( #6699, #192 ),
 ( #2321, #98 ) ),
 .UNSPECIFIED., .F., .F., .F.,
 ( 4, 4 ),
 ( 2, 2 ),
 ( 2.000000000000000000, 3.000000000000000000 ),
 ( 0.000000000000000000, 1.000000000000000000 ),
 .UNSPECIFIED. ) ;
#6873 = CARTESIAN_POINT ( 'NONE',  ( 4.223860742902751042, -3.010000000000000231, 1.838466692755773568 ) ) ;
#6874 = DIRECTION ( 'NONE',  ( -0.000000000000000000, -1.000000000000000000, -0.000000000000000000 ) ) ;
#6875 = DIRECTION ( 'NONE',  ( 0.000000000000000000, 0.000000000000000000, -1.000000000000000000 ) ) ;
#6876 = MECHANICAL_DESIGN_GEOMETRIC_PRESENTATION_REPRESENTATION (  '', ( #7809 ), #523 ) ;
#6877 = DIRECTION ( 'NONE',  ( -0.000000000000000000, 1.000000000000000000, -0.000000000000000000 ) ) ;
#6878 = VECTOR ( 'NONE', #7022, 1000.000000000000000 ) ;
#6879 = EDGE_CURVE ( 'NONE', #1821, #6046, #1467, .T. ) ;
#6880 = ORIENTED_EDGE ( 'NONE', *, *, #1696, .F. ) ;
#6881 = CARTESIAN_POINT ( 'NONE',  ( 1.519999999999999130, -2.449999999999998845, -4.099999999999999645 ) ) ;
#6882 = B_SPLINE_CURVE_WITH_KNOTS ( 'NONE', 3,
 ( #2082, #7233, #1198, #6402 ),
 .UNSPECIFIED., .F., .F.,
 ( 4, 4 ),
 ( 24.00000000000000000, 25.00000000000000000 ),
 .UNSPECIFIED. ) ;
#6883 = ORIENTED_EDGE ( 'NONE', *, *, #4072, .F. ) ;
#6884 = DIRECTION ( 'NONE',  ( 1.000000000000000000, -0.000000000000000000, 4.028246116041384116E-14 ) ) ;
#6885 = CARTESIAN_POINT ( 'NONE',  ( 3.744589652970305771, -3.000000000000000000, 1.742350488521201335 ) ) ;
#6886 = ORIENTED_EDGE ( 'NONE', *, *, #4357, .F. ) ;
#6887 = DIRECTION ( 'NONE',  ( -0.000000000000000000, 1.000000000000000000, -0.000000000000000000 ) ) ;
#6888 = SURFACE_SIDE_STYLE ('',( #3231 ) ) ;
#6889 = CARTESIAN_POINT ( 'NONE',  ( 3.648800931545840953, -3.010000000000000231, 1.590398465475894030 ) ) ;
#6890 =( LENGTH_UNIT ( ) NAMED_UNIT ( * ) SI_UNIT ( .MILLI., .METRE. ) );
#6891 = SURFACE_SIDE_STYLE ('',( #1488 ) ) ;
#6892 = AXIS2_PLACEMENT_3D ( 'NONE', #2956, #3594, #3730 ) ;
#6893 = AXIS2_PLACEMENT_3D ( 'NONE', #9098, #1104, #6075 ) ;
#6894 = ORIENTED_EDGE ( 'NONE', *, *, #2326, .T. ) ;
#6895 = CARTESIAN_POINT ( 'NONE',  ( 2.541363911829606081, -3.010000000000000231, 1.588076722365669990 ) ) ;
#6896 = ORIENTED_EDGE ( 'NONE', *, *, #8528, .T. ) ;
#6897 = DIRECTION ( 'NONE',  ( -0.000000000000000000, -0.000000000000000000, 1.000000000000000000 ) ) ;
#6898 = STYLED_ITEM ( 'NONE', ( #3656 ), #6296 ) ;
#6899 = CARTESIAN_POINT ( 'NONE',  ( -5.750000000000000000, -2.799999999999999822, 9.799999999999998934 ) ) ;
#6900 = DIRECTION ( 'NONE',  ( 1.624890687905864416E-14, -0.000000000000000000, -1.000000000000000000 ) ) ;
#6901 = VECTOR ( 'NONE', #3188, 1000.000000000000000 ) ;
#6902 = CARTESIAN_POINT ( 'NONE',  ( 3.833664976824861181, -3.010000000000000231, 1.684713514262567546 ) ) ;
#6903 = LINE ( 'NONE', #251, #535 ) ;
#6904 = DIRECTION ( 'NONE',  ( 0.000000000000000000, 0.000000000000000000, -1.000000000000000000 ) ) ;
#6905 = AXIS2_PLACEMENT_3D ( 'NONE', #5324, #6103, #2503 ) ;
#6906 = CARTESIAN_POINT ( 'NONE',  ( 3.644134301527582664, -3.000000000000000000, 1.613486003460135931 ) ) ;
#6907 = EDGE_LOOP ( 'NONE', ( #2420, #2882, #3069, #7366 ) ) ;
#6908 = ORIENTED_EDGE ( 'NONE', *, *, #2524, .T. ) ;
#6909 = CARTESIAN_POINT ( 'NONE',  ( 4.347485503030602771, -3.010000000000000231, 1.875308508687759446 ) ) ;
#6910 = CARTESIAN_POINT ( 'NONE',  ( 3.672052210934032779, -3.010000000000000231, 2.388801552084495405 ) ) ;
#6911 = CARTESIAN_POINT ( 'NONE',  ( 2.302263671026000935, -3.010000000000000231, 1.631342514970890001 ) ) ;
#6912 = CARTESIAN_POINT ( 'NONE',  ( 4.274948060994349319, -3.010000000000000231, 2.227352527598723597 ) ) ;
#6913 = EDGE_CURVE ( 'NONE', #9127, #6388, #9435, .T. ) ;
#6914 = PRESENTATION_LAYER_ASSIGNMENT (  '', '', ( #3488 ) ) ;
#6915 =( NAMED_UNIT ( * ) PLANE_ANGLE_UNIT ( ) SI_UNIT ( $, .RADIAN. ) );
#6916 = FACE_OUTER_BOUND ( 'NONE', #2951, .T. ) ;
#6917 = CARTESIAN_POINT ( 'NONE',  ( 3.794694522638163203, -3.000000000000000000, 1.704362482761517583 ) ) ;
#6918 = VERTEX_POINT ( 'NONE', #4966 ) ;
#6919 = AXIS2_PLACEMENT_3D ( 'NONE', #7255, #5069, #1404 ) ;
#6920 = EDGE_CURVE ( 'NONE', #8156, #2229, #6334, .T. ) ;
#6921 = ADVANCED_FACE ( 'NONE', ( #7924 ), #2678, .T. ) ;
#6922 = ORIENTED_EDGE ( 'NONE', *, *, #1027, .F. ) ;
#6923 = DIRECTION ( 'NONE',  ( 0.000000000000000000, -0.000000000000000000, 1.000000000000000000 ) ) ;
#6924 = CARTESIAN_POINT ( 'NONE',  ( 4.503121707669333063, -3.010000000000000231, 1.591544655305799694 ) ) ;
#6925 = ORIENTED_EDGE ( 'NONE', *, *, #9471, .F. ) ;
#6926 = PLANE ( 'NONE',  #2698 ) ;
#6927 = ADVANCED_FACE ( 'NONE', ( #7113 ), #4876, .F. ) ;
#6928 = DIRECTION ( 'NONE',  ( 1.000000000000000000, 0.000000000000000000, -0.000000000000000000 ) ) ;
#6929 = EDGE_CURVE ( 'NONE', #2644, #9454, #1258, .T. ) ;
#6930 = PLANE ( 'NONE',  #5649 ) ;
#6931 = ORIENTED_EDGE ( 'NONE', *, *, #773, .F. ) ;
#6932 = CARTESIAN_POINT ( 'NONE',  ( 2.072272002136880786, -3.010000000000000231, 1.717873926451140010 ) ) ;
#6933 = AXIS2_PLACEMENT_3D ( 'NONE', #7980, #1313, #4285 ) ;
#6934 = DIRECTION ( 'NONE',  ( -1.000000000000000000, -0.000000000000000000, -0.000000000000000000 ) ) ;
#6935 = ORIENTED_EDGE ( 'NONE', *, *, #4345, .F. ) ;
#6936 = LINE ( 'NONE', #9165, #6297 ) ;
#6937 = VECTOR ( 'NONE', #1785, 1000.000000000000000 ) ;
#6938 = ORIENTED_EDGE ( 'NONE', *, *, #1490, .F. ) ;
#6939 = CARTESIAN_POINT ( 'NONE',  ( 3.477527422810591240, -3.010000000000000231, 2.217200560540232956 ) ) ;
#6940 = LINE ( 'NONE', #3902, #51 ) ;
#6941 = ORIENTED_EDGE ( 'NONE', *, *, #3532, .F. ) ;
#6942 = DIRECTION ( 'NONE',  ( 0.3315284183576328592, 0.000000000000000000, 0.9434452330799526498 ) ) ;
#6943 = EDGE_CURVE ( 'NONE', #3698, #2136, #2000, .T. ) ;
#6944 = CARTESIAN_POINT ( 'NONE',  ( 1.519999999999999130, -2.149999999999999911, -4.099999999999999645 ) ) ;
#6945 = EDGE_CURVE ( 'NONE', #2737, #4153, #3440, .T. ) ;
#6946 = CARTESIAN_POINT ( 'NONE',  ( 4.102282750324362404, -3.000000000000000000, 2.063119899241303568 ) ) ;
#6947 = CARTESIAN_POINT ( 'NONE',  ( 4.035476257433175284, -3.010000000000000231, 1.520480885907324442 ) ) ;
#6948 = AXIS2_PLACEMENT_3D ( 'NONE', #7840, #1999, #4031 ) ;
#6949 = DIRECTION ( 'NONE',  ( 0.000000000000000000, 0.000000000000000000, 1.000000000000000000 ) ) ;
#6950 = B_SPLINE_CURVE_WITH_KNOTS ( 'NONE', 3,
 ( #334, #8358, #4059, #3281 ),
 .UNSPECIFIED., .F., .F.,
 ( 4, 4 ),
 ( 15.00000000000000000, 16.00000000000000000 ),
 .UNSPECIFIED. ) ;
#6951 = DIRECTION ( 'NONE',  ( -0.000000000000000000, 1.000000000000000000, -0.000000000000000000 ) ) ;
#6952 = MECHANICAL_DESIGN_GEOMETRIC_PRESENTATION_REPRESENTATION (  '', ( #278 ), #2282 ) ;
#6953 = DIRECTION ( 'NONE',  ( 0.000000000000000000, 1.000000000000000000, 0.000000000000000000 ) ) ;
#6954 = CARTESIAN_POINT ( 'NONE',  ( 2.375132333214557079, -3.010000000000000231, 2.469331826119598006 ) ) ;
#6955 = SURFACE_STYLE_FILL_AREA ( #1739 ) ;
#6956 = CARTESIAN_POINT ( 'NONE',  ( 3.689981894688174613, -3.010000000000000231, 1.555030322181719660 ) ) ;
#6957 = B_SPLINE_CURVE_WITH_KNOTS ( 'NONE', 3,
 ( #1740, #691, #1695, #6126 ),
 .UNSPECIFIED., .F., .F.,
 ( 4, 4 ),
 ( 34.00000000000000000, 35.00000000000000000 ),
 .UNSPECIFIED. ) ;
#6958 = ORIENTED_EDGE ( 'NONE', *, *, #1346, .T. ) ;
#6959 = VECTOR ( 'NONE', #8601, 1000.000000000000000 ) ;
#6960 = EDGE_LOOP ( 'NONE', ( #73, #7949, #6941, #1699 ) ) ;
#6961 = VERTEX_POINT ( 'NONE', #5646 ) ;
#6962 = SURFACE_SIDE_STYLE ('',( #1068 ) ) ;
#6963 = SURFACE_SIDE_STYLE ('',( #1069 ) ) ;
#6964 = PLANE ( 'NONE',  #875 ) ;
#6965 = EDGE_LOOP ( 'NONE', ( #1236, #8459, #6489, #6094 ) ) ;
#6966 = CARTESIAN_POINT ( 'NONE',  ( 3.641841921869984677, -3.010000000000000231, 2.351468511938452188 ) ) ;
#6967 = CARTESIAN_POINT ( 'NONE',  ( 3.794694522638163203, -3.010000000000000231, 1.704362482761517583 ) ) ;
#6968 = ORIENTED_EDGE ( 'NONE', *, *, #2890, .F. ) ;
#6969 = EDGE_LOOP ( 'NONE', ( #3401, #8834, #4944, #3322 ) ) ;
#6970 = EDGE_CURVE ( 'NONE', #2252, #137, #7044, .T. ) ;
#6971 = VERTEX_POINT ( 'NONE', #1848 ) ;
#6972 = VERTEX_POINT ( 'NONE', #4830 ) ;
#6973 = B_SPLINE_CURVE_WITH_KNOTS ( 'NONE', 3,
 ( #6991, #4705, #4155, #9319 ),
 .UNSPECIFIED., .F., .F.,
 ( 4, 4 ),
 ( 9.000000000000000000, 10.00000000000000000 ),
 .UNSPECIFIED. ) ;
#6974 = DIRECTION ( 'NONE',  ( -0.000000000000000000, -0.000000000000000000, 1.000000000000000000 ) ) ;
#6975 = ORIENTED_EDGE ( 'NONE', *, *, #5498, .T. ) ;
#6976 = LINE ( 'NONE', #935, #3319 ) ;
#6977 = LINE ( 'NONE', #6873, #4066 ) ;
#6978 = CARTESIAN_POINT ( 'NONE',  ( 3.816799612198653602, -3.010000000000000231, 1.756432249279040736 ) ) ;
#6979 = VERTEX_POINT ( 'NONE', #1118 ) ;
#6980 = CARTESIAN_POINT ( 'NONE',  ( 2.302263671026000935, -3.010000000000000231, 1.654113966477452458 ) ) ;
#6981 = DIRECTION ( 'NONE',  ( -0.000000000000000000, 1.000000000000000000, -0.000000000000000000 ) ) ;
#6982 = EDGE_CURVE ( 'NONE', #9019, #1044, #491, .T. ) ;
#6983 = ORIENTED_EDGE ( 'NONE', *, *, #2263, .T. ) ;
#6984 = FACE_OUTER_BOUND ( 'NONE', #8621, .T. ) ;
#6985 = ORIENTED_EDGE ( 'NONE', *, *, #2239, .F. ) ;
#6986 = CARTESIAN_POINT ( 'NONE',  ( 3.477527422810591240, -3.000000000000000000, 2.268779102845883244 ) ) ;
#6987 = CARTESIAN_POINT ( 'NONE',  ( 3.577082196530452229, -3.010000000000000231, 2.339679130840391252 ) ) ;
#6988 = VERTEX_POINT ( 'NONE', #4079 ) ;
#6989 = DIRECTION ( 'NONE',  ( -0.000000000000000000, 1.000000000000000000, -0.000000000000000000 ) ) ;
#6990 = CARTESIAN_POINT ( 'NONE',  ( 4.837481654933205810, -3.009999999999999343, 1.834373157650283970 ) ) ;
#6991 = CARTESIAN_POINT ( 'NONE',  ( 1.858220344958817494, -3.000000000000000000, 1.558473852782332303 ) ) ;
#6992 = PLANE ( 'NONE',  #5957 ) ;
#6993 = EDGE_CURVE ( 'NONE', #462, #5833, #7064, .T. ) ;
#6994 = B_SPLINE_CURVE_WITH_KNOTS ( 'NONE', 3,
 ( #2807, #2857, #5203, #5837 ),
 .UNSPECIFIED., .F., .F.,
 ( 4, 4 ),
 ( 2.000000000000000000, 3.000000000000000000 ),
 .UNSPECIFIED. ) ;
#6995 = EDGE_CURVE ( 'NONE', #3317, #213, #3354, .T. ) ;
#6996 = ADVANCED_FACE ( 'NONE', ( #5599 ), #5108, .F. ) ;
#6997 = CARTESIAN_POINT ( 'NONE',  ( 2.541363911829606081, -3.000000000000000000, 1.588076722365669990 ) ) ;
#6998 = LINE ( 'NONE', #6363, #570 ) ;
#6999 = ORIENTED_EDGE ( 'NONE', *, *, #5839, .F. ) ;
#7000 = CARTESIAN_POINT ( 'NONE',  ( 3.033227229592507790, -3.010000000000000231, 1.872719866179106019 ) ) ;
#7001 = FACE_OUTER_BOUND ( 'NONE', #7505, .T. ) ;
#7002 = CARTESIAN_POINT ( 'NONE',  ( 3.649865250672663652, -3.010000000000000231, 1.669813046487117258 ) ) ;
#7003 = CARTESIAN_POINT ( 'NONE',  ( 3.566193393155260516, -3.010000000000000231, 1.585977447564666631 ) ) ;
#7004 = EDGE_CURVE ( 'NONE', #4614, #1698, #3888, .T. ) ;
#7005 = VERTEX_POINT ( 'NONE', #6562 ) ;
#7006 = EDGE_LOOP ( 'NONE', ( #3260, #6688, #5299, #8299, #5168, #314 ) ) ;
#7007 = SURFACE_STYLE_USAGE ( .BOTH. , #6962 ) ;
#7008 = DIRECTION ( 'NONE',  ( -0.000000000000000000, 1.000000000000000000, -0.000000000000000000 ) ) ;
#7009 = CARTESIAN_POINT ( 'NONE',  ( 3.506182168535952659, -3.010000000000000231, 1.659006113812807603 ) ) ;
#7010 = CARTESIAN_POINT ( 'NONE',  ( 3.833664976824861181, -3.000000000000000000, 1.549626855844558726 ) ) ;
#7011 = PRESENTATION_STYLE_ASSIGNMENT (( #7748 ) ) ;
#7012 = PLANE ( 'NONE',  #9236 ) ;
#7013 = CARTESIAN_POINT ( 'NONE',  ( 2.072272045569974797, -3.010000000000000231, 2.114097304251329579 ) ) ;
#7014 = ORIENTED_EDGE ( 'NONE', *, *, #1511, .F. ) ;
#7015 = VERTEX_POINT ( 'NONE', #2858 ) ;
#7016 = ORIENTED_EDGE ( 'NONE', *, *, #6508, .F. ) ;
#7017 = ORIENTED_EDGE ( 'NONE', *, *, #7342, .F. ) ;
#7018 = DIRECTION ( 'NONE',  ( -0.000000000000000000, 1.000000000000000000, -0.000000000000000000 ) ) ;
#7019 = CARTESIAN_POINT ( 'NONE',  ( 1.723868854915553195, -3.000000000000000000, 1.920539966459761771 ) ) ;
#7020 = ORIENTED_EDGE ( 'NONE', *, *, #3626, .F. ) ;
#7021 = LINE ( 'NONE', #173, #4406 ) ;
#7022 = DIRECTION ( 'NONE',  ( 1.000000000000000000, -0.000000000000000000, -0.000000000000000000 ) ) ;
#7023 = LINE ( 'NONE', #8485, #1289 ) ;
#7024 = EDGE_LOOP ( 'NONE', ( #3655, #4979 ) ) ;
#7025 = CARTESIAN_POINT ( 'NONE',  ( 2.782741349902924544, -3.010000000000000231, 2.239340157230471196 ) ) ;
#7026 = CARTESIAN_POINT ( 'NONE',  ( 3.609584865253185892, -3.000000000000000000, 1.549626855844558726 ) ) ;
#7027 = STYLED_ITEM ( 'NONE', ( #2258 ), #9133 ) ;
#7028 = VERTEX_POINT ( 'NONE', #7345 ) ;
#7029 = DIRECTION ( 'NONE',  ( 1.000000000000000000, -0.000000000000000000, -0.000000000000000000 ) ) ;
#7030 = AXIS2_PLACEMENT_3D ( 'NONE', #1873, #4988, #9455 ) ;
#7031 = ORIENTED_EDGE ( 'NONE', *, *, #5014, .F. ) ;
#7032 = CARTESIAN_POINT ( 'NONE',  ( 3.644134301527582664, -3.010000000000000231, 1.613486003460135931 ) ) ;
#7033 = CARTESIAN_POINT ( 'NONE',  ( 3.525831137033808016, -3.010000000000000231, 1.567638410299568408 ) ) ;
#7034 = VERTEX_POINT ( 'NONE', #7438 ) ;
#7035 = FACE_OUTER_BOUND ( 'NONE', #3285, .T. ) ;
#7036 = CARTESIAN_POINT ( 'NONE',  ( 3.477527422810591240, -3.010000000000000231, 2.217200560540232956 ) ) ;
#7037 = ADVANCED_FACE ( 'NONE', ( #5884 ), #768, .F. ) ;
#7038 = CARTESIAN_POINT ( 'NONE',  ( 2.488989590739716373, -3.000000000000000000, 2.469331826119598006 ) ) ;
#7039 =( NAMED_UNIT ( * ) SI_UNIT ( $, .STERADIAN. ) SOLID_ANGLE_UNIT ( ) );
#7040 = VECTOR ( 'NONE', #3507, 1000.000000000000000 ) ;
#7041 = VECTOR ( 'NONE', #6066, 1000.000000000000000 ) ;
#7042 = CARTESIAN_POINT ( 'NONE',  ( 4.415274444347732086, -3.010000000000000231, 1.875308508687761222 ) ) ;
#7044 = B_SPLINE_CURVE_WITH_KNOTS ( 'NONE', 3,
 ( #8516, #9384, #6470, #2718 ),
 .UNSPECIFIED., .F., .F.,
 ( 4, 4 ),
 ( 2.000000000000000000, 3.000000000000000000 ),
 .UNSPECIFIED. ) ;
#7043 = PRESENTATION_LAYER_ASSIGNMENT (  '', '', ( #2536 ) ) ;
#7045 = EDGE_CURVE ( 'NONE', #7362, #781, #4017, .T. ) ;
#7046 = CARTESIAN_POINT ( 'NONE',  ( 4.152960714906065220, -3.010000000000000231, 2.063119899241303568 ) ) ;
#7047 = CARTESIAN_POINT ( 'NONE',  ( 1.676048732919441564, -3.010000000000000231, 1.667776802633160749 ) ) ;
#7048 = CARTESIAN_POINT ( 'NONE',  ( 3.336873556650379324, -3.010000000000000231, 1.735964573760294227 ) ) ;
#7050 = FACE_OUTER_BOUND ( 'NONE', #3663, .T. ) ;
#7049 = VECTOR ( 'NONE', #6366, 1000.000000000000000 ) ;
#7051 = CARTESIAN_POINT ( 'NONE',  ( 3.800589213188277693, -3.010000000000000231, 1.699122757828318564 ) ) ;
#7052 = EDGE_CURVE ( 'NONE', #1452, #1366, #6519, .T. ) ;
#7053 = AXIS2_PLACEMENT_3D ( 'NONE', #8170, #2866, #1505 ) ;
#7054 = CARTESIAN_POINT ( 'NONE',  ( 4.231474718195512352, -3.000000000000000000, 2.266159240380387629 ) ) ;
#7055 = ADVANCED_FACE ( 'NONE', ( #8113 ), #1448, .F. ) ;
#7056 = VECTOR ( 'NONE', #4435, 1000.000000000000000 ) ;
#7057 = VECTOR ( 'NONE', #5463, 1000.000000000000114 ) ;
#7058 = VECTOR ( 'NONE', #3337, 1000.000000000000000 ) ;
#7059 = EDGE_LOOP ( 'NONE', ( #7746, #6148, #5823, #8629 ) ) ;
#7060 = LINE ( 'NONE', #1803, #3500 ) ;
#7061 = FACE_OUTER_BOUND ( 'NONE', #2795, .T. ) ;
#7062 = CARTESIAN_POINT ( 'NONE',  ( 3.477527422810591240, -3.010000000000000231, 2.268779102845883244 ) ) ;
#7063 = VERTEX_POINT ( 'NONE', #6614 ) ;
#7064 = LINE ( 'NONE', #7842, #2396 ) ;
#7065 = DIRECTION ( 'NONE',  ( -0.000000000000000000, 1.000000000000000000, -0.000000000000000000 ) ) ;
#7066 = DIRECTION ( 'NONE',  ( -0.000000000000000000, 0.000000000000000000, 1.000000000000000000 ) ) ;
#7067 = ADVANCED_FACE ( 'NONE', ( #1499 ), #6783, .F. ) ;
#7068 = VECTOR ( 'NONE', #2387, 1000.000000000000000 ) ;
#7069 = ORIENTED_EDGE ( 'NONE', *, *, #7492, .T. ) ;
#7070 = VERTEX_POINT ( 'NONE', #722 ) ;
#7071 = ORIENTED_EDGE ( 'NONE', *, *, #4296, .F. ) ;
#7072 = CARTESIAN_POINT ( 'NONE',  ( 4.505004733817024487, -3.010000000000000231, 1.838466692755773568 ) ) ;
#7073 = VECTOR ( 'NONE', #3088, 1000.000000000000000 ) ;
#7074 = ORIENTED_EDGE ( 'NONE', *, *, #9135, .T. ) ;
#7075 = CARTESIAN_POINT ( 'NONE',  ( 1.892377587367223279, -3.010000000000000231, 1.797574137020124363 ) ) ;
#7076 = CARTESIAN_POINT ( 'NONE',  ( 3.576427230913534761, -3.010000000000000231, 1.582538878077187183 ) ) ;
#7077 = CARTESIAN_POINT ( 'NONE',  ( 1.687434523821276011, -3.010000000000000231, 2.175580088674024637 ) ) ;
#7078 = VERTEX_POINT ( 'NONE', #3679 ) ;
#7079 = CARTESIAN_POINT ( 'NONE',  ( 3.857653092531977634, -3.010000000000000231, 1.613322262056188006 ) ) ;
#7080 = CARTESIAN_POINT ( 'NONE',  ( 3.641841921869984677, -3.010000000000000231, 2.351468511938452188 ) ) ;
#7081 = AXIS2_PLACEMENT_3D ( 'NONE', #4416, #2097, #7389 ) ;
#7082 = EDGE_LOOP ( 'NONE', ( #7597, #591, #8642, #9055 ) ) ;
#7083 = ORIENTED_EDGE ( 'NONE', *, *, #7767, .F. ) ;
#7084 = PLANE ( 'NONE',  #7030 ) ;
#7085 = FACE_OUTER_BOUND ( 'NONE', #1542, .T. ) ;
#7086 = ORIENTED_EDGE ( 'NONE', *, *, #6850, .F. ) ;
#7087 = AXIS2_PLACEMENT_3D ( 'NONE', #6658, #8108, #2804 ) ;
#7088 = SURFACE_STYLE_USAGE ( .BOTH. , #4305 ) ;
#7089 = CARTESIAN_POINT ( 'NONE',  ( 3.336873556650379324, -3.010000000000000231, 1.838466692755763132 ) ) ;
#7090 = DIRECTION ( 'NONE',  ( -1.000000000000000000, -8.673617379884035472E-16, -0.000000000000000000 ) ) ;
#7091 = LINE ( 'NONE', #8519, #3173 ) ;
#7092 = VERTEX_POINT ( 'NONE', #49 ) ;
#7093 = VECTOR ( 'NONE', #1531, 1000.000000000000000 ) ;
#7094 = ADVANCED_FACE ( 'NONE', ( #2999 ), #8947, .F. ) ;
#7095 = CARTESIAN_POINT ( 'NONE',  ( 1.723868854915553195, -3.000000000000000000, 1.920539966459761771 ) ) ;
#7096 = CARTESIAN_POINT ( 'NONE',  ( 3.295528852104097961, -3.010000000000000231, 1.555030322181716107 ) ) ;
#7097 = DIRECTION ( 'NONE',  ( -0.000000000000000000, 1.000000000000000000, -0.000000000000000000 ) ) ;
#7098 = CARTESIAN_POINT ( 'NONE',  ( 4.505004733817024487, -3.010000000000000231, 1.838466692755773568 ) ) ;
#7099 = B_SPLINE_CURVE_WITH_KNOTS ( 'NONE', 3,
 ( #5719, #5765, #1422, #9604 ),
 .UNSPECIFIED., .F., .F.,
 ( 4, 4 ),
 ( 2.000000000000000000, 3.000000000000000000 ),
 .UNSPECIFIED. ) ;
#7100 = CARTESIAN_POINT ( 'NONE',  ( 4.415274444347732086, -3.010000000000000231, 1.875308508687761222 ) ) ;
#7101 = LINE ( 'NONE', #7002, #1296 ) ;
#7102 = VECTOR ( 'NONE', #594, 1000.000000000000000 ) ;
#7103 = DIRECTION ( 'NONE',  ( -1.000000000000000000, 0.000000000000000000, -0.000000000000000000 ) ) ;
#7104 = ORIENTED_EDGE ( 'NONE', *, *, #1250, .T. ) ;
#7105 = EDGE_CURVE ( 'NONE', #7852, #462, #9128, .T. ) ;
#7106 = EDGE_CURVE ( 'NONE', #5833, #3926, #5175, .T. ) ;
#7107 = VECTOR ( 'NONE', #2468, 1000.000000000000000 ) ;
#7108 = ORIENTED_EDGE ( 'NONE', *, *, #568, .F. ) ;
#7109 = FACE_OUTER_BOUND ( 'NONE', #7006, .T. ) ;
#7110 = CARTESIAN_POINT ( 'NONE',  ( 4.174492709552705350, -3.010000000000000231, 2.110768647847597546 ) ) ;
#7111 = CARTESIAN_POINT ( 'NONE',  ( 3.744589652970312876, -3.010000000000000231, 1.722046554408605656 ) ) ;
#7112 = VERTEX_POINT ( 'NONE', #2374 ) ;
#7113 = FACE_OUTER_BOUND ( 'NONE', #7132, .T. ) ;
#7114 = DIRECTION ( 'NONE',  ( 0.000000000000000000, 0.000000000000000000, 1.000000000000000000 ) ) ;
#7115 = LINE ( 'NONE', #2584, #1942 ) ;
#7116 = VECTOR ( 'NONE', #8509, 1000.000000000000000 ) ;
#7117 = ORIENTED_EDGE ( 'NONE', *, *, #1332, .F. ) ;
#7118 = B_SPLINE_SURFACE_WITH_KNOTS ( 'NONE', 3, 1, ( 
 ( #7694, #5302 ),
 ( #1597, #7548 ),
 ( #882, #2388 ),
 ( #6140, #2442 ) ),
 .UNSPECIFIED., .F., .F., .F.,
 ( 4, 4 ),
 ( 2, 2 ),
 ( 9.000000000000000000, 10.00000000000000000 ),
 ( 0.000000000000000000, 1.000000000000000000 ),
 .UNSPECIFIED. ) ;
#7119 = ADVANCED_FACE ( 'NONE', ( #5345 ), #8177, .F. ) ;
#7120 = EDGE_LOOP ( 'NONE', ( #5083, #5448, #8849, #1188 ) ) ;
#7121 = ADVANCED_FACE ( 'NONE', ( #4621 ), #3974, .F. ) ;
#7122 = EDGE_CURVE ( 'NONE', #8534, #8824, #6903, .T. ) ;
#7123 = ORIENTED_EDGE ( 'NONE', *, *, #6022, .F. ) ;
#7124 = DIRECTION ( 'NONE',  ( -0.3416038306815700754, 0.000000000000000000, 0.9398440417769733379 ) ) ;
#7125 = ORIENTED_EDGE ( 'NONE', *, *, #4321, .F. ) ;
#7126 = CARTESIAN_POINT ( 'NONE',  ( 4.035476257433175284, -3.010000000000000231, 1.520480885907324442 ) ) ;
#7127 = B_SPLINE_SURFACE_WITH_KNOTS ( 'NONE', 3, 1, ( 
 ( #9159, #5373 ),
 ( #5523, #3169 ),
 ( #6978, #3220 ),
 ( #4839, #4094 ) ),
 .UNSPECIFIED., .F., .F., .F.,
 ( 4, 4 ),
 ( 2, 2 ),
 ( 11.00000000000000000, 12.00000000000000000 ),
 ( 0.000000000000000000, 1.000000000000000000 ),
 .UNSPECIFIED. ) ;
#7128 = CARTESIAN_POINT ( 'NONE',  ( 4.627728916223118993, -3.010000000000000231, 1.832899485014656049 ) ) ;
#7129 = CARTESIAN_POINT ( 'NONE',  ( 4.182516038355383436, -3.010000000000000231, 1.555030322181719660 ) ) ;
#7130 = ORIENTED_EDGE ( 'NONE', *, *, #9052, .T. ) ;
#7131 = CARTESIAN_POINT ( 'NONE',  ( 3.551129183973674941, -3.010000000000000231, 1.747098989242529044 ) ) ;
#7132 = EDGE_LOOP ( 'NONE', ( #1075, #3080, #8377, #3839 ) ) ;
#7133 = VERTEX_POINT ( 'NONE', #4571 ) ;
#7134 = SURFACE_STYLE_FILL_AREA ( #1920 ) ;
#7135 = CARTESIAN_POINT ( 'NONE',  ( 3.822776173449655701, -3.010000000000000231, 2.244054150819881244 ) ) ;
#7136 = VERTEX_POINT ( 'NONE', #3243 ) ;
#7137 = SURFACE_STYLE_FILL_AREA ( #7812 ) ;
#7138 = CARTESIAN_POINT ( 'NONE',  ( 2.598292540591632616, -3.000000000000000000, 2.426066068803484743 ) ) ;
#7139 = CARTESIAN_POINT ( 'NONE',  ( 3.603526433300205944, -3.010000000000000231, 1.756432249279040736 ) ) ;
#7140 = ORIENTED_EDGE ( 'NONE', *, *, #7590, .T. ) ;
#7141 = CARTESIAN_POINT ( 'NONE',  ( 3.531398344773832410, -3.000000000000000000, 2.150885291863104953 ) ) ;
#7142 = CARTESIAN_POINT ( 'NONE',  ( 5.550000000000000711, 3.000000000000000000, 10.00000000000000000 ) ) ;
#7143 = CARTESIAN_POINT ( 'NONE',  ( 1.580408640940868192, -3.000000000000000000, 1.824899765898445159 ) ) ;
#7144 = DIRECTION ( 'NONE',  ( -0.000000000000000000, 1.000000000000000000, -0.000000000000000000 ) ) ;
#7145 = DIRECTION ( 'NONE',  ( -0.000000000000000000, -0.000000000000000000, 1.000000000000000000 ) ) ;
#7146 = ADVANCED_FACE ( 'NONE', ( #3194 ), #6068, .T. ) ;
#7147 = FILL_AREA_STYLE ('',( #4169 ) ) ;
#7148 = ORIENTED_EDGE ( 'NONE', *, *, #7929, .F. ) ;
#7149 = CARTESIAN_POINT ( 'NONE',  ( 2.684824038938080637, -3.000000000000000000, 2.350920271777287685 ) ) ;
#7150 = CARTESIAN_POINT ( 'NONE',  ( 3.853150203917672378, -3.010000000000000231, 1.789016788703759575 ) ) ;
#7151 = DIRECTION ( 'NONE',  ( 0.000000000000000000, 0.000000000000000000, 1.000000000000000000 ) ) ;
#7152 = CARTESIAN_POINT ( 'NONE',  ( 3.506182168535952659, -3.000000000000000000, 1.616269607331789260 ) ) ;
#7153 = ORIENTED_EDGE ( 'NONE', *, *, #8292, .T. ) ;
#7154 = CARTESIAN_POINT ( 'NONE',  ( 3.927980025612624271, -3.010000000000000231, 1.450563306336576375 ) ) ;
#7155 = CARTESIAN_POINT ( 'NONE',  ( 1.676048732919441564, -3.010000000000000231, 1.667776802633160749 ) ) ;
#7156 = FILL_AREA_STYLE ('',( #5885 ) ) ;
#7157 = CARTESIAN_POINT ( 'NONE',  ( 4.223860742902751042, -3.010000000000000231, 1.699286499232271597 ) ) ;
#7158 = EDGE_CURVE ( 'NONE', #8030, #1309, #4823, .T. ) ;
#7159 = VERTEX_POINT ( 'NONE', #7735 ) ;
#7160 = VERTEX_POINT ( 'NONE', #3485 ) ;
#7161 = CARTESIAN_POINT ( 'NONE',  ( 4.693798572794323221, -3.010000000000000231, 1.555030322181724767 ) ) ;
#7162 = EDGE_CURVE ( 'NONE', #2814, #6823, #8191, .T. ) ;
#7163 = LINE ( 'NONE', #2508, #6773 ) ;
#7164 = ORIENTED_EDGE ( 'NONE', *, *, #7768, .T. ) ;
#7165 = CARTESIAN_POINT ( 'NONE',  ( 3.577491550041445034, -3.010000000000000231, 1.789016788703759575 ) ) ;
#7166 = LINE ( 'NONE', #6348, #9037 ) ;
#7167 = CARTESIAN_POINT ( 'NONE',  ( 3.857653092531977634, -3.000000000000000000, 1.613322262056188006 ) ) ;
#7168 = PLANE ( 'NONE',  #6177 ) ;
#7169 = EDGE_CURVE ( 'NONE', #8039, #3374, #393, .T. ) ;
#7170 = ADVANCED_FACE ( 'NONE', ( #3289 ), #6408, .F. ) ;
#7171 = EDGE_LOOP ( 'NONE', ( #1278, #4183, #1416, #986 ) ) ;
#7172 = VERTEX_POINT ( 'NONE', #1063 ) ;
#7173 = EDGE_LOOP ( 'NONE', ( #1778, #5235, #4987, #3629 ) ) ;
#7174 = CARTESIAN_POINT ( 'NONE',  ( 1.723868854915553195, -3.000000000000000000, 1.920539966459761771 ) ) ;
#7175 = VERTEX_POINT ( 'NONE', #1936 ) ;
#7176 = ORIENTED_EDGE ( 'NONE', *, *, #5275, .F. ) ;
#7177 = LINE ( 'NONE', #2022, #2603 ) ;
#7178 = CARTESIAN_POINT ( 'NONE',  ( 3.546871907466395690, -3.010000000000000231, 1.619544435413131644 ) ) ;
#7179 = EDGE_CURVE ( 'NONE', #8607, #4153, #6694, .T. ) ;
#7180 = ORIENTED_EDGE ( 'NONE', *, *, #8830, .T. ) ;
#7181 = STYLED_ITEM ( 'NONE', ( #2130 ), #9180 ) ;
#7182 = FACE_OUTER_BOUND ( 'NONE', #522, .T. ) ;
#7183 = VERTEX_POINT ( 'NONE', #2660 ) ;
#7184 = LINE ( 'NONE', #5096, #8123 ) ;
#7185 = CARTESIAN_POINT ( 'NONE',  ( 4.489776783231489432, -3.000000000000000000, 2.186908400775306571 ) ) ;
#7186 = B_SPLINE_CURVE_WITH_KNOTS ( 'NONE', 3,
 ( #7139, #3334, #7865, #8638 ),
 .UNSPECIFIED., .F., .F.,
 ( 4, 4 ),
 ( 11.00000000000000000, 12.00000000000000000 ),
 .UNSPECIFIED. ) ;
#7187 = LINE ( 'NONE', #3531, #4459 ) ;
#7188 = LINE ( 'NONE', #343, #7049 ) ;
#7189 = CARTESIAN_POINT ( 'NONE',  ( 3.589117189735551161, -3.010000000000000231, 1.582538878077187183 ) ) ;
#7190 = B_SPLINE_CURVE_WITH_KNOTS ( 'NONE', 3,
 ( #7331, #7430, #3534, #2897 ),
 .UNSPECIFIED., .F., .F.,
 ( 4, 4 ),
 ( 5.000000000000000000, 6.000000000000000000 ),
 .UNSPECIFIED. ) ;
#7191 = B_SPLINE_SURFACE_WITH_KNOTS ( 'NONE', 3, 1, ( 
 ( #5669, #3329 ),
 ( #1973, #2017 ),
 ( #7857, #9359 ),
 ( #1189, #7770 ) ),
 .UNSPECIFIED., .F., .F., .F.,
 ( 4, 4 ),
 ( 2, 2 ),
 ( 23.00000000000000000, 24.00000000000000000 ),
 ( 0.000000000000000000, 1.000000000000000000 ),
 .UNSPECIFIED. ) ;
#7192 = AXIS2_PLACEMENT_3D ( 'NONE', #3241, #2617, #3972 ) ;
#7193 = VERTEX_POINT ( 'NONE', #4210 ) ;
#7194 =( NAMED_UNIT ( * ) SI_UNIT ( $, .STERADIAN. ) SOLID_ANGLE_UNIT ( ) );
#7195 = VECTOR ( 'NONE', #2341, 1000.000000000000000 ) ;
#7196 = LINE ( 'NONE', #2149, #2118 ) ;
#7197 = CARTESIAN_POINT ( 'NONE',  ( 2.621063905230905711, -3.010000000000000231, 1.692825364543246724 ) ) ;
#7198 = CARTESIAN_POINT ( 'NONE',  ( -5.249999999999999112, -3.000000000000000000, 0.5000000000000000000 ) ) ;
#7199 = EDGE_LOOP ( 'NONE', ( #1749, #217, #2992, #340 ) ) ;
#7200 = DIRECTION ( 'NONE',  ( -0.000000000000000000, 0.000000000000000000, -1.000000000000000000 ) ) ;
#7201 = DIRECTION ( 'NONE',  ( -0.000000000000000000, 1.000000000000000000, -0.000000000000000000 ) ) ;
#7202 = VECTOR ( 'NONE', #2707, 1000.000000000000000 ) ;
#7203 = CARTESIAN_POINT ( 'NONE',  ( 4.369181239079033219, -3.000000000000000000, 2.150721550459149700 ) ) ;
#7204 = AXIS2_PLACEMENT_3D ( 'NONE', #6593, #9556, #8969 ) ;
#7205 = AXIS2_PLACEMENT_3D ( 'NONE', #8049, #3522, #6497 ) ;
#7206 = LINE ( 'NONE', #6618, #5218 ) ;
#7207 = ORIENTED_EDGE ( 'NONE', *, *, #2469, .F. ) ;
#7208 = ORIENTED_EDGE ( 'NONE', *, *, #345, .F. ) ;
#7209 = DIRECTION ( 'NONE',  ( -0.000000000000000000, 0.000000000000000000, -1.000000000000000000 ) ) ;
#7210 = EDGE_CURVE ( 'NONE', #5462, #7568, #7101, .T. ) ;
#7211 = CARTESIAN_POINT ( 'NONE',  ( 3.840460245096757319, -3.010000000000000231, 1.640830817951665965 ) ) ;
#7212 = ORIENTED_EDGE ( 'NONE', *, *, #9060, .F. ) ;
#7213 = CARTESIAN_POINT ( 'NONE',  ( 4.415274444347732086, -3.000000000000000000, 1.875308508687761222 ) ) ;
#7214 = VECTOR ( 'NONE', #4434, 1000.000000000000000 ) ;
#7215 = DIRECTION ( 'NONE',  ( 1.000000000000000000, -8.673617379884035472E-16, 0.000000000000000000 ) ) ;
#7216 = B_SPLINE_CURVE_WITH_KNOTS ( 'NONE', 3,
 ( #6812, #7922, #9242, #7152 ),
 .UNSPECIFIED., .F., .F.,
 ( 4, 4 ),
 ( 9.000000000000000000, 10.00000000000000000 ),
 .UNSPECIFIED. ) ;
#7217 = SURFACE_STYLE_FILL_AREA ( #4890 ) ;
#7218 = AXIS2_PLACEMENT_3D ( 'NONE', #9097, #7689, #2436 ) ;
#7219 = ORIENTED_EDGE ( 'NONE', *, *, #4907, .F. ) ;
#7220 = EDGE_CURVE ( 'NONE', #839, #4486, #8648, .T. ) ;
#7221 = AXIS2_PLACEMENT_3D ( 'NONE', #2281, #3825, #5207 ) ;
#7222 = ORIENTED_EDGE ( 'NONE', *, *, #3636, .F. ) ;
#7223 = SURFACE_STYLE_FILL_AREA ( #5037 ) ;
#7224 = EDGE_CURVE ( 'NONE', #6420, #7976, #7188, .T. ) ;
#7225 = EDGE_CURVE ( 'NONE', #6132, #8865, #1674, .T. ) ;
#7226 = VERTEX_POINT ( 'NONE', #7915 ) ;
#7227 = CARTESIAN_POINT ( 'NONE',  ( 1.826340386688524164, -3.010000000000000231, 2.148254481510083913 ) ) ;
#7228 = EDGE_LOOP ( 'NONE', ( #106, #1554, #3276, #3991 ) ) ;
#7229 = CARTESIAN_POINT ( 'NONE',  ( 4.430174912123167275, -3.000000000000000000, 2.320030162343628799 ) ) ;
#7230 = CARTESIAN_POINT ( 'NONE',  ( 4.338397855100033063, -3.000000000000000000, 1.735964573760301111 ) ) ;
#7231 = VECTOR ( 'NONE', #4617, 1000.000000000000000 ) ;
#7232 = PRESENTATION_STYLE_ASSIGNMENT (( #2074 ) ) ;
#7233 = CARTESIAN_POINT ( 'NONE',  ( 2.892044212887547872, -3.000000000000000000, 1.777079709050886747 ) ) ;
#7234 = EDGE_CURVE ( 'NONE', #5382, #7556, #6266, .T. ) ;
#7235 = VECTOR ( 'NONE', #5250, 1000.000000000000000 ) ;
#7236 = ADVANCED_FACE ( 'NONE', ( #9232 ), #8588, .F. ) ;
#7237 = ORIENTED_EDGE ( 'NONE', *, *, #7220, .T. ) ;
#7238 = CARTESIAN_POINT ( 'NONE',  ( 3.634637300087105949, -3.000000000000000000, 2.094558248836125181 ) ) ;
#7239 = CARTESIAN_POINT ( 'NONE',  ( 3.559999999999998277, -2.449999999999999289, -4.099999999999999645 ) ) ;
#7240 = DIRECTION ( 'NONE',  ( -0.000000000000000000, 1.000000000000000000, -0.000000000000000000 ) ) ;
#7241 = CARTESIAN_POINT ( 'NONE',  ( 4.030318403201955668, -3.010000000000000231, 1.593018327941415402 ) ) ;
#7242 = CARTESIAN_POINT ( 'NONE',  ( 4.338397855100033063, -3.010000000000000231, 1.735964573760301111 ) ) ;
#7243 = LINE ( 'NONE', #8742, #4795 ) ;
#7244 = LINE ( 'NONE', #6660, #7231 ) ;
#7245 = AXIS2_PLACEMENT_3D ( 'NONE', #4917, #9332, #4171 ) ;
#7246 = VERTEX_POINT ( 'NONE', #444 ) ;
#7247 = VERTEX_POINT ( 'NONE', #3388 ) ;
#7248 = CARTESIAN_POINT ( 'NONE',  ( 3.885407260534478269, -3.010000000000000231, 1.655076320113465504 ) ) ;
#7249 = VECTOR ( 'NONE', #3618, 1000.000000000000000 ) ;
#7250 = DIRECTION ( 'NONE',  ( 0.000000000000000000, 0.000000000000000000, -1.000000000000000000 ) ) ;
#7251 = FACE_OUTER_BOUND ( 'NONE', #5533, .T. ) ;
#7252 = CARTESIAN_POINT ( 'NONE',  ( 3.822776173449655701, -3.010000000000000231, 2.099634232365364284 ) ) ;
#7253 = ORIENTED_EDGE ( 'NONE', *, *, #558, .F. ) ;
#7254 =( NAMED_UNIT ( * ) PLANE_ANGLE_UNIT ( ) SI_UNIT ( $, .RADIAN. ) );
#7255 = CARTESIAN_POINT ( 'NONE',  ( 3.336873556650375772, -3.010000000000000231, 2.383398085747336470 ) ) ;
#7256 = EDGE_CURVE ( 'NONE', #6684, #3377, #5634, .T. ) ;
#7257 = AXIS2_PLACEMENT_3D ( 'NONE', #9372, #4955, #1203 ) ;
#7258 = LINE ( 'NONE', #6328, #257 ) ;
#7259 = ORIENTED_EDGE ( 'NONE', *, *, #4345, .T. ) ;
#7260 = ORIENTED_EDGE ( 'NONE', *, *, #3062, .T. ) ;
#7261 = CARTESIAN_POINT ( 'NONE',  ( 1.580408640940868192, -3.010000000000000231, 1.915985571920315156 ) ) ;
#7262 = B_SPLINE_CURVE_WITH_KNOTS ( 'NONE', 3,
 ( #3736, #6722, #8183, #8862 ),
 .UNSPECIFIED., .F., .F.,
 ( 4, 4 ),
 ( 10.00000000000000000, 11.00000000000000000 ),
 .UNSPECIFIED. ) ;
#7263 = SURFACE_STYLE_USAGE ( .BOTH. , #2911 ) ;
#7264 = ORIENTED_EDGE ( 'NONE', *, *, #6277, .T. ) ;
#7265 = CARTESIAN_POINT ( 'NONE',  ( 4.347485503030602771, -3.010000000000000231, 1.838466692755773568 ) ) ;
#7266 = AXIS2_PLACEMENT_3D ( 'NONE', #2846, #8016, #3670 ) ;
#7267 = SURFACE_STYLE_USAGE ( .BOTH. , #3559 ) ;
#7268 = CARTESIAN_POINT ( 'NONE',  ( 3.649865250672663652, -3.000000000000000000, 1.669813046487117258 ) ) ;
#7269 = DIRECTION ( 'NONE',  ( 0.000000000000000000, 0.000000000000000000, 1.000000000000000000 ) ) ;
#7270 = EDGE_LOOP ( 'NONE', ( #876, #5517, #4819, #6353 ) ) ;
#7271 = EDGE_CURVE ( 'NONE', #3838, #8464, #482, .T. ) ;
#7272 = B_SPLINE_SURFACE_WITH_KNOTS ( 'NONE', 3, 1, ( 
 ( #2072, #2610 ),
 ( #7907, #9410 ),
 ( #3379, #6358 ),
 ( #4154, #7229 ) ),
 .UNSPECIFIED., .F., .F., .F.,
 ( 4, 4 ),
 ( 2, 2 ),
 ( 3.000000000000000000, 4.000000000000000000 ),
 ( 0.000000000000000000, 1.000000000000000000 ),
 .UNSPECIFIED. ) ;
#7273 = VERTEX_POINT ( 'NONE', #7242 ) ;
#7274 = DIRECTION ( 'NONE',  ( 0.000000000000000000, 0.000000000000000000, -1.000000000000000000 ) ) ;
#7275 = ORIENTED_EDGE ( 'NONE', *, *, #6879, .F. ) ;
#7276 = FACE_OUTER_BOUND ( 'NONE', #7199, .T. ) ;
#7277 = PLANE ( 'NONE',  #5808 ) ;
#7278 = VERTEX_POINT ( 'NONE', #9466 ) ;
#7279 = CYLINDRICAL_SURFACE ( 'NONE', #8261, 0.4655872561384367669 ) ;
#7280 = B_SPLINE_CURVE_WITH_KNOTS ( 'NONE', 3,
 ( #3340, #4910, #5630, #4019 ),
 .UNSPECIFIED., .F., .F.,
 ( 4, 4 ),
 ( 12.00000000000000000, 13.00000000000000000 ),
 .UNSPECIFIED. ) ;
#7281 = LINE ( 'NONE', #7230, #8655 ) ;
#7282 = CARTESIAN_POINT ( 'NONE',  ( 4.382280551410939751, -3.010000000000000231, 2.186908400775299466 ) ) ;
#7283 = B_SPLINE_SURFACE_WITH_KNOTS ( 'NONE', 3, 1, ( 
 ( #7678, #9085 ),
 ( #6895, #6997 ),
 ( #8544, #2567 ),
 ( #3913, #3969 ) ),
 .UNSPECIFIED., .F., .F., .F.,
 ( 4, 4 ),
 ( 2, 2 ),
 ( 28.00000000000000000, 29.00000000000000000 ),
 ( 0.000000000000000000, 1.000000000000000000 ),
 .UNSPECIFIED. ) ;
#7284 = EDGE_CURVE ( 'NONE', #7273, #7765, #897, .T. ) ;
#7285 = FILL_AREA_STYLE ('',( #5680 ) ) ;
#7286 = ORIENTED_EDGE ( 'NONE', *, *, #1267, .F. ) ;
#7287 = CARTESIAN_POINT ( 'NONE',  ( 3.606719390680655835, -3.000000000000000000, 1.582538878077187183 ) ) ;
#7288 = CARTESIAN_POINT ( 'NONE',  ( 4.436397085480108693, -3.010000000000000231, 2.342462734712048356 ) ) ;
#7289 =( LENGTH_UNIT ( ) NAMED_UNIT ( * ) SI_UNIT ( .MILLI., .METRE. ) );
#7290 = CARTESIAN_POINT ( 'NONE',  ( 4.981983444089699731, -3.010000000000000231, 1.555030322181724767 ) ) ;
#7291 = ADVANCED_FACE ( 'NONE', ( #8017 ), #4525, .T. ) ;
#7292 = CARTESIAN_POINT ( 'NONE',  ( 1.983463349953810351, -3.000000000000000000, 1.629065230834961353 ) ) ;
#7293 =( NAMED_UNIT ( * ) SI_UNIT ( $, .STERADIAN. ) SOLID_ANGLE_UNIT ( ) );
#7294 = EDGE_CURVE ( 'NONE', #8744, #5339, #3621, .T. ) ;
#7295 = EDGE_CURVE ( 'NONE', #9406, #6574, #1392, .T. ) ;
#7296 = ORIENTED_EDGE ( 'NONE', *, *, #5445, .F. ) ;
#7297 = CARTESIAN_POINT ( 'NONE',  ( 3.649865250672663652, -3.010000000000000231, 1.590398465475894030 ) ) ;
#7298 = DIRECTION ( 'NONE',  ( -0.000000000000000000, -0.000000000000000000, 1.000000000000000000 ) ) ;
#7299 = CARTESIAN_POINT ( 'NONE',  ( 2.115537751310098358, -3.010000000000000231, 2.241617311069272311 ) ) ;
#7300 = DIRECTION ( 'NONE',  ( -0.000000000000000000, 0.000000000000000000, 1.000000000000000000 ) ) ;
#7301 = CARTESIAN_POINT ( 'NONE',  ( 4.621179260058259075, -3.000000000000000000, 1.647052991310791858 ) ) ;
#7302 = B_SPLINE_CURVE_WITH_KNOTS ( 'NONE', 3,
 ( #290, #4608, #8935, #6947 ),
 .UNSPECIFIED., .F., .F.,
 ( 4, 4 ),
 ( 1.000000000000000000, 2.000000000000000000 ),
 .UNSPECIFIED. ) ;
#7303 = EDGE_CURVE ( 'NONE', #9154, #7433, #3847, .T. ) ;
#7304 = CARTESIAN_POINT ( 'NONE',  ( 1.758026032173207964, -3.000000000000000000, 2.246171597028149058 ) ) ;
#7305 = ORIENTED_EDGE ( 'NONE', *, *, #7805, .F. ) ;
#7306 = ORIENTED_EDGE ( 'NONE', *, *, #5803, .T. ) ;
#7307 = LINE ( 'NONE', #2816, #9211 ) ;
#7308 = EDGE_LOOP ( 'NONE', ( #745, #994, #6481, #354 ) ) ;
#7309 = CARTESIAN_POINT ( 'NONE',  ( 4.014189874894635857, -3.010000000000000231, 2.383398085747340023 ) ) ;
#7310 = DIRECTION ( 'NONE',  ( -0.000000000000000000, -0.000000000000000000, 1.000000000000000000 ) ) ;
#7311 = CARTESIAN_POINT ( 'NONE',  ( 4.226644346772213012, -3.010000000000000231, 2.107985043975945771 ) ) ;
#7312 = CARTESIAN_POINT ( 'NONE',  ( 5.250000000000000000, 3.000000000000000000, -0.5000000000000000000 ) ) ;
#7313 = ORIENTED_EDGE ( 'NONE', *, *, #2480, .T. ) ;
#7314 = ORIENTED_EDGE ( 'NONE', *, *, #3713, .F. ) ;
#7315 = CARTESIAN_POINT ( 'NONE',  ( 3.632672403237443337, -3.010000000000000231, 1.601205398150215675 ) ) ;
#7316 = VERTEX_POINT ( 'NONE', #2800 ) ;
#7317 = LINE ( 'NONE', #2881, #2372 ) ;
#7318 = VERTEX_POINT ( 'NONE', #5729 ) ;
#7319 = CARTESIAN_POINT ( 'NONE',  ( 4.142071911529770389, -3.010000000000000231, 2.346556269815353701 ) ) ;
#7320 = ORIENTED_EDGE ( 'NONE', *, *, #5093, .T. ) ;
#7321 = DIRECTION ( 'NONE',  ( -8.673617379884035472E-16, 1.000000000000000000, 0.000000000000000000 ) ) ;
#7322 = SURFACE_SIDE_STYLE ('',( #6685 ) ) ;
#7323 = ORIENTED_EDGE ( 'NONE', *, *, #3460, .F. ) ;
#7324 = CARTESIAN_POINT ( 'NONE',  ( 4.436397085480108693, -3.010000000000000231, 2.342462734712048356 ) ) ;
#7325 = LINE ( 'NONE', #6454, #6726 ) ;
#7326 = CARTESIAN_POINT ( 'NONE',  ( 3.857653092531977634, -3.010000000000000231, 1.622164297880833717 ) ) ;
#7327 = EDGE_CURVE ( 'NONE', #6054, #7668, #2154, .T. ) ;
#7328 = CARTESIAN_POINT ( 'NONE',  ( 3.523784369481050227, -3.010000000000000231, 2.341644027690072960 ) ) ;
#7329 = CARTESIAN_POINT ( 'NONE',  ( 4.815785918882599326, -3.010000000000000231, 1.875308508687761222 ) ) ;
#7330 = CARTESIAN_POINT ( 'NONE',  ( 3.649865250672663652, -3.010000000000000231, 1.700432689062166824 ) ) ;
#7331 = CARTESIAN_POINT ( 'NONE',  ( 4.102282750324362404, -3.010000000000000231, 2.063119899241303568 ) ) ;
#7332 = B_SPLINE_CURVE_WITH_KNOTS ( 'NONE', 3,
 ( #7574, #138, #2937, #2313 ),
 .UNSPECIFIED., .F., .F.,
 ( 4, 4 ),
 ( 3.000000000000000000, 4.000000000000000000 ),
 .UNSPECIFIED. ) ;
#7333 = EDGE_CURVE ( 'NONE', #7226, #4, #5829, .T. ) ;
#7334 = ADVANCED_FACE ( 'NONE', ( #5318 ), #117, .F. ) ;
#7335 = VECTOR ( 'NONE', #5658, 1000.000000000000000 ) ;
#7336 = CARTESIAN_POINT ( 'NONE',  ( 3.717326709180762911, -3.010000000000000231, 2.375702239752584433 ) ) ;
#7337 = ORIENTED_EDGE ( 'NONE', *, *, #7931, .F. ) ;
#7338 = CARTESIAN_POINT ( 'NONE',  ( 2.074549155974592995, -3.000000000000000000, 1.403627999920574743 ) ) ;
#7339 = ADVANCED_FACE ( 'NONE', ( #3026 ), #6003, .T. ) ;
#7340 = CARTESIAN_POINT ( 'NONE',  ( 4.836499206507274273, -3.000000000000000000, 1.834373157650283748 ) ) ;
#7341 = CARTESIAN_POINT ( 'NONE',  ( 3.717326709180762911, -3.010000000000000231, 2.375702239752584433 ) ) ;
#7342 = EDGE_CURVE ( 'NONE', #974, #886, #5408, .T. ) ;
#7344 = CARTESIAN_POINT ( 'NONE',  ( 3.030950119187898473, -3.000000000000000000, 2.009348488343536854 ) ) ;
#7343 = VECTOR ( 'NONE', #2558, 1000.000000000000000 ) ;
#7345 = CARTESIAN_POINT ( 'NONE',  ( 4.632559287644243184, -3.000000000000000000, 1.718116760709258450 ) ) ;
#7346 = CARTESIAN_POINT ( 'NONE',  ( 4.632559287644243184, -3.000000000000000000, 1.678163858097710959 ) ) ;
#7347 = MECHANICAL_DESIGN_GEOMETRIC_PRESENTATION_REPRESENTATION (  '', ( #9206 ), #5016 ) ;
#7348 = VERTEX_POINT ( 'NONE', #1298 ) ;
#7349 = ORIENTED_EDGE ( 'NONE', *, *, #4352, .F. ) ;
#7350 = PLANE ( 'NONE',  #7053 ) ;
#7351 = CARTESIAN_POINT ( 'NONE',  ( 3.847337384070623756, -3.010000000000000231, 1.635099868806588530 ) ) ;
#7352 = VECTOR ( 'NONE', #1786, 1000.000000000000000 ) ;
#7353 = EDGE_CURVE ( 'NONE', #6142, #4960, #3312, .T. ) ;
#7354 = LINE ( 'NONE', #2158, #7102 ) ;
#7355 = ORIENTED_EDGE ( 'NONE', *, *, #2826, .T. ) ;
#7356 = CARTESIAN_POINT ( 'NONE',  ( 2.621063992097105722, -3.010000000000000231, 1.822622698928031415 ) ) ;
#7357 = DIRECTION ( 'NONE',  ( 1.000000000000000000, -0.000000000000000000, -0.000000000000000000 ) ) ;
#7358 = FACE_OUTER_BOUND ( 'NONE', #7308, .T. ) ;
#7359 = DIRECTION ( 'NONE',  ( 1.000000000000000000, -8.673617379884035472E-16, 0.000000000000000000 ) ) ;
#7360 = VECTOR ( 'NONE', #5460, 1000.000000000000000 ) ;
#7361 = VECTOR ( 'NONE', #2317, 1000.000000000000000 ) ;
#7362 = VERTEX_POINT ( 'NONE', #6507 ) ;
#7363 = DIRECTION ( 'NONE',  ( -0.000000000000000000, 1.000000000000000000, -0.000000000000000000 ) ) ;
#7364 = MECHANICAL_DESIGN_GEOMETRIC_PRESENTATION_REPRESENTATION (  '', ( #832 ), #8617 ) ;
#7365 = VECTOR ( 'NONE', #2501, 1000.000000000000000 ) ;
#7366 = ORIENTED_EDGE ( 'NONE', *, *, #4006, .T. ) ;
#7367 = ORIENTED_EDGE ( 'NONE', *, *, #1865, .T. ) ;
#7368 = LINE ( 'NONE', #9200, #3938 ) ;
#7369 = ORIENTED_EDGE ( 'NONE', *, *, #630, .T. ) ;
#7370 = CARTESIAN_POINT ( 'NONE',  ( 2.598292540591632616, -3.010000000000000231, 2.426066068803484743 ) ) ;
#7371 = CARTESIAN_POINT ( 'NONE',  ( 4.833224378425935441, -3.010000000000000231, 1.817180310215063654 ) ) ;
#7372 = CARTESIAN_POINT ( 'NONE',  ( 3.953851167467421490, -3.000000000000000000, 1.447288478253044630 ) ) ;
#7373 = VECTOR ( 'NONE', #2625, 1000.000000000000000 ) ;
#7374 = VECTOR ( 'NONE', #5472, 1000.000000000000000 ) ;
#7375 = EDGE_CURVE ( 'NONE', #2295, #3313, #6553, .T. ) ;
#7376 = ORIENTED_EDGE ( 'NONE', *, *, #1206, .T. ) ;
#7377 = PLANE ( 'NONE',  #9067 ) ;
#7378 = EDGE_LOOP ( 'NONE', ( #8990, #1111, #4037, #2606 ) ) ;
#7379 = CARTESIAN_POINT ( 'NONE',  ( 1.892377587367223279, -3.010000000000000231, 1.797574137020124363 ) ) ;
#7380 = CARTESIAN_POINT ( 'NONE',  ( 3.744344040864370893, -3.010000000000000231, 1.604480226231551176 ) ) ;
#7381 = DIRECTION ( 'NONE',  ( -1.000000000000000000, 0.000000000000000000, 0.000000000000000000 ) ) ;
#7382 = VECTOR ( 'NONE', #2941, 1000.000000000000114 ) ;
#7383 = CARTESIAN_POINT ( 'NONE',  ( 3.467784809264184975, -3.000000000000000000, 1.591544655305791034 ) ) ;
#7384 = CARTESIAN_POINT ( 'NONE',  ( 4.031137110221751030, -3.010000000000000231, 1.597275604450861586 ) ) ;
#7385 = CARTESIAN_POINT ( 'NONE',  ( 4.676032630447437555, -3.000000000000000000, 1.719262950536967871 ) ) ;
#7386 = EDGE_CURVE ( 'NONE', #515, #3657, #4045, .T. ) ;
#7387 = ORIENTED_EDGE ( 'NONE', *, *, #6262, .F. ) ;
#7388 = DIRECTION ( 'NONE',  ( -1.000000000000000000, 0.000000000000000000, 0.000000000000000000 ) ) ;
#7389 = DIRECTION ( 'NONE',  ( 1.000000000000000000, 0.000000000000000000, 7.460765693852656490E-14 ) ) ;
#7390 = CARTESIAN_POINT ( 'NONE',  ( 3.578719610572211884, -3.000000000000000000, 1.549626855844558726 ) ) ;
#7391 = CARTESIAN_POINT ( 'NONE',  ( 2.233949316509593608, -3.010000000000000231, 2.332703117088970490 ) ) ;
#7392 = CARTESIAN_POINT ( 'NONE',  ( 3.607292485595599896, -3.000000000000000000, 1.789016788703759575 ) ) ;
#7393 = STYLED_ITEM ( 'NONE', ( #8888 ), #1391 ) ;
#7394 = LINE ( 'NONE', #6804, #7235 ) ;
#7395 = EDGE_CURVE ( 'NONE', #562, #4042, #7656, .T. ) ;
#7396 = ADVANCED_FACE ( 'NONE', ( #8530 ), #7127, .F. ) ;
#7397 = STYLED_ITEM ( 'NONE', ( #9023 ), #1871 ) ;
#7398 = ORIENTED_EDGE ( 'NONE', *, *, #2205, .F. ) ;
#7399 = CARTESIAN_POINT ( 'NONE',  ( 1.860497563946187594, -3.000000000000000000, 1.711042595240583886 ) ) ;
#7400 = CARTESIAN_POINT ( 'NONE',  ( 3.520918894909611296, -3.010000000000000231, 2.219656681603968007 ) ) ;
#7401 = CARTESIAN_POINT ( 'NONE',  ( 4.659904102137950588, -3.000000000000000000, 1.804572222097216683 ) ) ;
#7402 = DIRECTION ( 'NONE',  ( 0.000000000000000000, 1.000000000000000000, 0.000000000000000000 ) ) ;
#7403 = CARTESIAN_POINT ( 'NONE',  ( 4.274948060994349319, -3.000000000000000000, 2.227352527598723597 ) ) ;
#7404 =( NAMED_UNIT ( * ) SI_UNIT ( $, .STERADIAN. ) SOLID_ANGLE_UNIT ( ) );
#7405 = EDGE_CURVE ( 'NONE', #4380, #2398, #6195, .T. ) ;
#7406 = COLOUR_RGB ( '',0.6666666666666666297, 0.6666666666666666297, 0.6666666666666666297 ) ;
#7407 = B_SPLINE_CURVE_WITH_KNOTS ( 'NONE', 3,
 ( #8229, #4485, #8081, #6635 ),
 .UNSPECIFIED., .F., .F.,
 ( 4, 4 ),
 ( 1.000000000000000000, 2.000000000000000000 ),
 .UNSPECIFIED. ) ;
#7408 = ORIENTED_EDGE ( 'NONE', *, *, #9421, .F. ) ;
#7409 = EDGE_CURVE ( 'NONE', #5040, #213, #7023, .T. ) ;
#7410 = ORIENTED_EDGE ( 'NONE', *, *, #7162, .F. ) ;
#7411 = CARTESIAN_POINT ( 'NONE',  ( 1.851388970314060689, -3.010000000000000231, 2.284883060241407193 ) ) ;
#7412 = VECTOR ( 'NONE', #330, 1000.000000000000000 ) ;
#7413 = ORIENTED_EDGE ( 'NONE', *, *, #6744, .F. ) ;
#7414 = LINE ( 'NONE', #5268, #2066 ) ;
#7415 = ORIENTED_EDGE ( 'NONE', *, *, #3039, .T. ) ;
#7416 = CARTESIAN_POINT ( 'NONE',  ( 3.964576229438675714, -3.000000000000000000, 1.783777063770560334 ) ) ;
#7417 = ORIENTED_EDGE ( 'NONE', *, *, #2793, .T. ) ;
#7418 = PLANE ( 'NONE',  #3287 ) ;
#7419 = VERTEX_POINT ( 'NONE', #6239 ) ;
#7420 = VECTOR ( 'NONE', #3647, 1000.000000000000000 ) ;
#7421 = VERTEX_POINT ( 'NONE', #4751 ) ;
#7422 = DIRECTION ( 'NONE',  ( -0.000000000000000000, 1.000000000000000000, -0.000000000000000000 ) ) ;
#7423 = ORIENTED_EDGE ( 'NONE', *, *, #5251, .T. ) ;
#7424 = CARTESIAN_POINT ( 'NONE',  ( 3.033227229592507790, -3.010000000000000231, 1.872719866179106019 ) ) ;
#7425 = CARTESIAN_POINT ( 'NONE',  ( 3.887863381597113310, -3.000000000000000000, 1.778864821645272709 ) ) ;
#7426 = ORIENTED_EDGE ( 'NONE', *, *, #4397, .F. ) ;
#7427 = FILL_AREA_STYLE_COLOUR ( '', #5843 ) ;
#7428 = CARTESIAN_POINT ( 'NONE',  ( 3.744589652970312876, -3.000000000000000000, 1.722046554408605656 ) ) ;
#7429 = CARTESIAN_POINT ( 'NONE',  ( 4.441391198307380606, -3.010000000000000231, 2.320030162343628799 ) ) ;
#7430 = CARTESIAN_POINT ( 'NONE',  ( 4.152960714906065220, -3.010000000000000231, 2.063119899241303568 ) ) ;
#7431 = CARTESIAN_POINT ( 'NONE',  ( 2.573243891816453299, -3.010000000000000231, 1.695102474946761362 ) ) ;
#7432 = UNCERTAINTY_MEASURE_WITH_UNIT (LENGTH_MEASURE( 1.000000000000000082E-05 ), #5801, 'distance_accuracy_value', 'NONE');
#7433 = VERTEX_POINT ( 'NONE', #2598 ) ;
#7434 = DIRECTION ( 'NONE',  ( -0.3559357243643019864, 0.000000000000000000, -0.9345104387438696314 ) ) ;
#7435 = CARTESIAN_POINT ( 'NONE',  ( 3.477527422810591240, -3.010000000000000231, 2.169224329126019146 ) ) ;
#7436 = CARTESIAN_POINT ( 'NONE',  ( 4.016154771744322005, -3.000000000000000000, 1.471685947471138567 ) ) ;
#7437 = CARTESIAN_POINT ( 'NONE',  ( 2.807789911811908734, -3.000000000000000000, 2.171025802717343911 ) ) ;
#7438 = CARTESIAN_POINT ( 'NONE',  ( 3.528532870201293914, -3.010000000000000231, 1.728759951977420606 ) ) ;
#7439 = ADVANCED_FACE ( 'NONE', ( #3999 ), #6930, .F. ) ;
#7440 = CARTESIAN_POINT ( 'NONE',  ( 3.780039666967558443, -3.000000000000000000, 1.665719511381631213 ) ) ;
#7441 = VERTEX_POINT ( 'NONE', #7709 ) ;
#7442 = CARTESIAN_POINT ( 'NONE',  ( 1.983463393386909468, -3.010000000000000231, 2.282605928121333339 ) ) ;
#7443 = CARTESIAN_POINT ( 'NONE',  ( 4.676032630447437555, -3.010000000000000231, 1.719262950536967871 ) ) ;
#7444 = CARTESIAN_POINT ( 'NONE',  ( 2.696209764690269406, -3.010000000000000231, 2.048059973275527579 ) ) ;
#7445 = EDGE_CURVE ( 'NONE', #8438, #8107, #368, .T. ) ;
#7446 = FACE_BOUND ( 'NONE', #9586, .T. ) ;
#7447 = SURFACE_STYLE_USAGE ( .BOTH. , #298 ) ;
#7448 = ORIENTED_EDGE ( 'NONE', *, *, #347, .T. ) ;
#7449 = EDGE_CURVE ( 'NONE', #4250, #4200, #1667, .T. ) ;
#7450 = ORIENTED_EDGE ( 'NONE', *, *, #2185, .T. ) ;
#7451 = ORIENTED_EDGE ( 'NONE', *, *, #6982, .T. ) ;
#7452 = CARTESIAN_POINT ( 'NONE',  ( 3.520918894909611296, -3.010000000000000231, 2.219656681603968007 ) ) ;
#7453 = EDGE_LOOP ( 'NONE', ( #3136, #430, #6445, #2380 ) ) ;
#7454 = CARTESIAN_POINT ( 'NONE',  ( 3.859208635871762549, -3.000000000000000000, 1.675216512822094161 ) ) ;
#7455 = VERTEX_POINT ( 'NONE', #7801 ) ;
#7456 = VERTEX_POINT ( 'NONE', #5568 ) ;
#7457 = EDGE_CURVE ( 'NONE', #647, #3992, #1038, .T. ) ;
#7458 = SURFACE_STYLE_FILL_AREA ( #4489 ) ;
#7459 = ADVANCED_FACE ( 'NONE', ( #6301 ), #3819, .F. ) ;
#7460 = EDGE_LOOP ( 'NONE', ( #7753, #6880, #6999, #3737 ) ) ;
#7461 = CARTESIAN_POINT ( 'NONE',  ( 4.503367319777459521, -3.010000000000000231, 1.555030322181724767 ) ) ;
#7462 = ORIENTED_EDGE ( 'NONE', *, *, #1882, .F. ) ;
#7463 = DIRECTION ( 'NONE',  ( -1.000000000000000000, 0.000000000000000000, 0.000000000000000000 ) ) ;
#7464 = ORIENTED_EDGE ( 'NONE', *, *, #2984, .T. ) ;
#7465 = FACE_OUTER_BOUND ( 'NONE', #5888, .T. ) ;
#7466 = DIRECTION ( 'NONE',  ( 1.000000000000000000, -0.000000000000000000, -0.000000000000000000 ) ) ;
#7467 = VERTEX_POINT ( 'NONE', #9063 ) ;
#7468 = LINE ( 'NONE', #3084, #5540 ) ;
#7469 = CARTESIAN_POINT ( 'NONE',  ( 3.946400933578616321, -3.010000000000000231, 2.346556269815353701 ) ) ;
#7470 = EDGE_CURVE ( 'NONE', #2779, #4636, #7759, .T. ) ;
#7471 = CARTESIAN_POINT ( 'NONE',  ( 4.414701349431691568, -3.000000000000000000, 2.383398085747344908 ) ) ;
#7472 = CARTESIAN_POINT ( 'NONE',  ( 3.991839173228208359, -3.010000000000000231, 1.513931229740280493 ) ) ;
#7473 = B_SPLINE_CURVE_WITH_KNOTS ( 'NONE', 3,
 ( #9512, #6504, #441, #7098 ),
 .UNSPECIFIED., .F., .F.,
 ( 4, 4 ),
 ( 5.000000000000000000, 6.000000000000000000 ),
 .UNSPECIFIED. ) ;
#7474 = ORIENTED_EDGE ( 'NONE', *, *, #6156, .F. ) ;
#7475 = CARTESIAN_POINT ( 'NONE',  ( 3.546871907466395690, -3.000000000000000000, 1.619544435413131644 ) ) ;
#7476 = CARTESIAN_POINT ( 'NONE',  ( 3.477527422810591240, -3.000000000000000000, 2.217200560540232956 ) ) ;
#7477 = SURFACE_STYLE_FILL_AREA ( #7585 ) ;
#7478 = B_SPLINE_SURFACE_WITH_KNOTS ( 'NONE', 3, 1, ( 
 ( #6207, #8541 ),
 ( #9362, #474 ),
 ( #4057, #3278 ),
 ( #1877, #7724 ) ),
 .UNSPECIFIED., .F., .F., .F.,
 ( 4, 4 ),
 ( 2, 2 ),
 ( 0.000000000000000000, 1.000000000000000000 ),
 ( 0.000000000000000000, 1.000000000000000000 ),
 .UNSPECIFIED. ) ;
#7479 = CARTESIAN_POINT ( 'NONE',  ( 3.885407260534478269, -3.010000000000000231, 1.655076320113465504 ) ) ;
#7480 = SURFACE_SIDE_STYLE ('',( #6955 ) ) ;
#7481 = LINE ( 'NONE', #723, #6305 ) ;
#7482 = VECTOR ( 'NONE', #7904, 1000.000000000000000 ) ;
#7483 = ORIENTED_EDGE ( 'NONE', *, *, #2751, .F. ) ;
#7484 = CARTESIAN_POINT ( 'NONE',  ( 3.577491550041445034, -3.000000000000000000, 1.789016788703759575 ) ) ;
#7485 = CARTESIAN_POINT ( 'NONE',  ( 1.983463349953810351, -3.010000000000000231, 1.578968020150794516 ) ) ;
#7486 = CARTESIAN_POINT ( 'NONE',  ( 5.250000000000000000, 3.000000000000000000, 0.5000000000000000000 ) ) ;
#7487 = LINE ( 'NONE', #5506, #5549 ) ;
#7488 = CARTESIAN_POINT ( 'NONE',  ( 3.898834055674295307, -3.000000000000000000, 1.617252055755535434 ) ) ;
#7489 = CARTESIAN_POINT ( 'NONE',  ( -1.020000000000000906, -2.449999999999998845, -4.099999999999999645 ) ) ;
#7490 = SURFACE_SIDE_STYLE ('',( #4524 ) ) ;
#7491 = PRESENTATION_LAYER_ASSIGNMENT (  '', '', ( #3597 ) ) ;
#7492 = EDGE_CURVE ( 'NONE', #886, #3299, #7611, .T. ) ;
#7494 = B_SPLINE_CURVE_WITH_KNOTS ( 'NONE', 3,
 ( #7488, #1459, #6669, #776 ),
 .UNSPECIFIED., .F., .F.,
 ( 4, 4 ),
 ( 16.00000000000000000, 17.00000000000000000 ),
 .UNSPECIFIED. ) ;
#7493 = STYLED_ITEM ( 'NONE', ( #329 ), #8945 ) ;
#7495 = ORIENTED_EDGE ( 'NONE', *, *, #3538, .F. ) ;
#7496 = DIRECTION ( 'NONE',  ( -0.3409177962187363020, -0.000000000000000000, -0.9400931103999007332 ) ) ;
#7497 = VECTOR ( 'NONE', #8719, 1000.000000000000000 ) ;
#7498 = ORIENTED_EDGE ( 'NONE', *, *, #8225, .F. ) ;
#7499 = EDGE_LOOP ( 'NONE', ( #7625, #5761, #645, #9499 ) ) ;
#7500 = LINE ( 'NONE', #5126, #9222 ) ;
#7501 = ORIENTED_EDGE ( 'NONE', *, *, #6623, .F. ) ;
#7502 = VECTOR ( 'NONE', #5051, 1000.000000000000000 ) ;
#7503 = DIRECTION ( 'NONE',  ( 0.000000000000000000, 1.000000000000000000, -0.000000000000000000 ) ) ;
#7504 = CARTESIAN_POINT ( 'NONE',  ( 3.634391687981183061, -3.010000000000000231, 1.756432249279040736 ) ) ;
#7505 = EDGE_LOOP ( 'NONE', ( #7562, #2592, #1867, #8332 ) ) ;
#7506 = VECTOR ( 'NONE', #3849, 1000.000000000000000 ) ;
#7507 = FACE_OUTER_BOUND ( 'NONE', #5622, .T. ) ;
#7508 = CARTESIAN_POINT ( 'NONE',  ( 4.503367319777459521, -3.000000000000000000, 1.555030322181724767 ) ) ;
#7509 = EDGE_CURVE ( 'NONE', #4050, #4229, #3068, .T. ) ;
#7510 = EDGE_CURVE ( 'NONE', #7247, #3273, #176, .T. ) ;
#7511 = EDGE_CURVE ( 'NONE', #913, #1413, #4189, .T. ) ;
#7512 = COLOUR_RGB ( '',0.2980392156862745057, 0.2980392156862745057, 0.2980392156862745057 ) ;
#7513 = EDGE_CURVE ( 'NONE', #643, #7802, #2723, .T. ) ;
#7514 = AXIS2_PLACEMENT_3D ( 'NONE', #8009, #9323, #1384 ) ;
#7515 = ORIENTED_EDGE ( 'NONE', *, *, #8955, .T. ) ;
#7516 = FACE_OUTER_BOUND ( 'NONE', #7517, .T. ) ;
#7517 = EDGE_LOOP ( 'NONE', ( #8045, #823, #4302, #6737 ) ) ;
#7518 = CARTESIAN_POINT ( 'NONE',  ( 3.477527422810591240, -3.010000000000000231, 2.169224329126019146 ) ) ;
#7519 = DIRECTION ( 'NONE',  ( -0.000000000000000000, 1.000000000000000000, -0.000000000000000000 ) ) ;
#7520 = ORIENTED_EDGE ( 'NONE', *, *, #9238, .F. ) ;
#7521 = SURFACE_STYLE_FILL_AREA ( #3755 ) ;
#7522 = CARTESIAN_POINT ( 'NONE',  ( 3.829735183125515530, -3.010000000000000231, 1.756432249279040736 ) ) ;
#7523 = VECTOR ( 'NONE', #7693, 1000.000000000000000 ) ;
#7524 = CARTESIAN_POINT ( 'NONE',  ( 1.860497563946187594, -3.010000000000000231, 1.711042595240583886 ) ) ;
#7525 = CARTESIAN_POINT ( 'NONE',  ( 4.598337334179948499, -3.010000000000000231, 1.624947901750299462 ) ) ;
#7526 = STYLED_ITEM ( 'NONE', ( #4808 ), #5024 ) ;
#7527 = EDGE_CURVE ( 'NONE', #8063, #3733, #1907, .T. ) ;
#7528 = EDGE_CURVE ( 'NONE', #7078, #1044, #7940, .T. ) ;
#7529 = UNCERTAINTY_MEASURE_WITH_UNIT (LENGTH_MEASURE( 1.000000000000000082E-05 ), #9104, 'distance_accuracy_value', 'NONE');
#7530 = AXIS2_PLACEMENT_3D ( 'NONE', #6745, #1534, #4408 ) ;
#7531 =( GEOMETRIC_REPRESENTATION_CONTEXT ( 3 ) GLOBAL_UNCERTAINTY_ASSIGNED_CONTEXT ( ( #2186 ) ) GLOBAL_UNIT_ASSIGNED_CONTEXT ( ( #1606, #3993, #978 ) ) REPRESENTATION_CONTEXT ( 'NONE', 'WORKASPACE' ) );
#7532 = VERTEX_POINT ( 'NONE', #2640 ) ;
#7533 = CARTESIAN_POINT ( 'NONE',  ( 3.525831137033808016, -3.000000000000000000, 1.567638410299568408 ) ) ;
#7534 = CARTESIAN_POINT ( 'NONE',  ( 3.808612541990934020, -3.010000000000000231, 1.789016788703759575 ) ) ;
#7535 = CARTESIAN_POINT ( 'NONE',  ( 3.810331826734680849, -3.010000000000000231, 1.582375136673235927 ) ) ;
#7536 = FACE_OUTER_BOUND ( 'NONE', #1900, .T. ) ;
#7537 = LINE ( 'NONE', #3057, #6609 ) ;
#7538 = VECTOR ( 'NONE', #5289, 1000.000000000000227 ) ;
#7539 = ORIENTED_EDGE ( 'NONE', *, *, #4321, .T. ) ;
#7540 = ORIENTED_EDGE ( 'NONE', *, *, #5953, .F. ) ;
#7541 = CARTESIAN_POINT ( 'NONE',  ( 4.031137110221751030, -3.000000000000000000, 1.597275604450861586 ) ) ;
#7542 = DIRECTION ( 'NONE',  ( -1.000000000000000000, 0.000000000000000000, -0.000000000000000000 ) ) ;
#7543 = VECTOR ( 'NONE', #5427, 1000.000000000000000 ) ;
#7544 = LINE ( 'NONE', #2289, #7854 ) ;
#7545 = CARTESIAN_POINT ( 'NONE',  ( 3.451410668849840491, -3.000000000000000000, 1.699286499232269820 ) ) ;
#7546 = VERTEX_POINT ( 'NONE', #1324 ) ;
#7547 = DIRECTION ( 'NONE',  ( -1.000000000000000000, -0.000000000000000000, -0.000000000000000000 ) ) ;
#7548 = CARTESIAN_POINT ( 'NONE',  ( 3.531480215476908935, -3.000000000000000000, 1.683894807242781511 ) ) ;
#7549 = CARTESIAN_POINT ( 'NONE',  ( 3.336873556650379324, -3.010000000000000231, 2.099634232365364284 ) ) ;
#7550 = EDGE_LOOP ( 'NONE', ( #606, #8213, #5691, #1672 ) ) ;
#7551 = VECTOR ( 'NONE', #7617, 1000.000000000000000 ) ;
#7552 = VERTEX_POINT ( 'NONE', #1180 ) ;
#7553 = CARTESIAN_POINT ( 'NONE',  ( 3.588646433198211749, -3.010000000000000231, 2.103011398825270550 ) ) ;
#7554 = VERTEX_POINT ( 'NONE', #7167 ) ;
#7555 = CARTESIAN_POINT ( 'NONE',  ( 4.575577279003615772, -3.000000000000000000, 1.602679070785834936 ) ) ;
#7556 = VERTEX_POINT ( 'NONE', #7129 ) ;
#7557 = CARTESIAN_POINT ( 'NONE',  ( 2.812344132620041126, -3.000000000000000000, 2.048059973275527579 ) ) ;
#7558 = ORIENTED_EDGE ( 'NONE', *, *, #6251, .F. ) ;
#7559 = VECTOR ( 'NONE', #1738, 1000.000000000000000 ) ;
#7560 = DIRECTION ( 'NONE',  ( 0.000000000000000000, 0.000000000000000000, -1.000000000000000000 ) ) ;
#7561 = CARTESIAN_POINT ( 'NONE',  ( 2.024451945290415278, -3.000000000000000000, 1.540256535218800238 ) ) ;
#7562 = ORIENTED_EDGE ( 'NONE', *, *, #4411, .T. ) ;
#7563 = CARTESIAN_POINT ( 'NONE',  ( 3.717326709180762911, -3.010000000000000231, 2.116008372780791458 ) ) ;
#7564 = EDGE_CURVE ( 'NONE', #8043, #6529, #504, .T. ) ;
#7565 = LINE ( 'NONE', #5320, #833 ) ;
#7566 = VECTOR ( 'NONE', #2571, 1000.000000000000000 ) ;
#7567 = B_SPLINE_SURFACE_WITH_KNOTS ( 'NONE', 3, 1, ( 
 ( #9374, #445 ),
 ( #2573, #1840 ),
 ( #5635, #4024 ),
 ( #2708, #1249 ) ),
 .UNSPECIFIED., .F., .F., .F.,
 ( 4, 4 ),
 ( 2, 2 ),
 ( 24.00000000000000000, 25.00000000000000000 ),
 ( 0.000000000000000000, 1.000000000000000000 ),
 .UNSPECIFIED. ) ;
#7568 = VERTEX_POINT ( 'NONE', #7268 ) ;
#7569 = FACE_OUTER_BOUND ( 'NONE', #2594, .T. ) ;
#7570 = ORIENTED_EDGE ( 'NONE', *, *, #7225, .F. ) ;
#7571 = CARTESIAN_POINT ( 'NONE',  ( 3.596321811517330325, -3.010000000000000231, 1.662608424704236754 ) ) ;
#7572 = LINE ( 'NONE', #4551, #6267 ) ;
#7573 = VERTEX_POINT ( 'NONE', #4239 ) ;
#7574 = CARTESIAN_POINT ( 'NONE',  ( 3.805337713908514718, -3.000000000000000000, 1.655567544325328155 ) ) ;
#7575 = CARTESIAN_POINT ( 'NONE',  ( -5.549999999999999822, 2.799999999999999378, 9.799999999999998934 ) ) ;
#7576 = EDGE_CURVE ( 'NONE', #2005, #1366, #598, .T. ) ;
#7577 = CARTESIAN_POINT ( 'NONE',  ( 4.890861352684582997, -3.010000000000000231, 1.678818823713545738 ) ) ;
#7578 = FACE_OUTER_BOUND ( 'NONE', #7024, .T. ) ;
#7579 = B_SPLINE_SURFACE_WITH_KNOTS ( 'NONE', 3, 1, ( 
 ( #1689, #191 ),
 ( #3137, #4665 ),
 ( #4507, #5394 ),
 ( #6798, #7533 ) ),
 .UNSPECIFIED., .F., .F., .F.,
 ( 4, 4 ),
 ( 2, 2 ),
 ( 8.000000000000000000, 9.000000000000000000 ),
 ( 0.000000000000000000, 1.000000000000000000 ),
 .UNSPECIFIED. ) ;
#7580 = ORIENTED_EDGE ( 'NONE', *, *, #7827, .F. ) ;
#7581 = ADVANCED_FACE ( 'NONE', ( #5028 ), #8626, .F. ) ;
#7582 = ORIENTED_EDGE ( 'NONE', *, *, #3889, .T. ) ;
#7583 = CARTESIAN_POINT ( 'NONE',  ( 3.550474218356750811, -3.010000000000000231, 1.641649524973639585 ) ) ;
#7584 = CARTESIAN_POINT ( 'NONE',  ( 5.750000000000000000, 2.799999999999999378, 0.000000000000000000 ) ) ;
#7585 = FILL_AREA_STYLE ('',( #9620 ) ) ;
#7586 = LINE ( 'NONE', #149, #5229 ) ;
#7587 = SURFACE_STYLE_USAGE ( .BOTH. , #8259 ) ;
#7588 = EDGE_CURVE ( 'NONE', #8086, #6823, #9348, .T. ) ;
#7589 = CARTESIAN_POINT ( 'NONE',  ( 1.676048732919441564, -3.000000000000000000, 1.667776802633160749 ) ) ;
#7590 = EDGE_CURVE ( 'NONE', #7441, #2609, #3508, .T. ) ;
#7591 = ORIENTED_EDGE ( 'NONE', *, *, #3459, .T. ) ;
#7592 = ORIENTED_EDGE ( 'NONE', *, *, #4481, .F. ) ;
#7593 = FACE_OUTER_BOUND ( 'NONE', #1635, .T. ) ;
#7594 = CARTESIAN_POINT ( 'NONE',  ( -4.447228653561730027, -2.979999999999999982, 2.086582983371502387 ) ) ;
#7595 = CARTESIAN_POINT ( 'NONE',  ( 4.676032630447437555, -3.010000000000000231, 1.669649305080988855 ) ) ;
#7596 = CARTESIAN_POINT ( 'NONE',  ( 2.120092058984439198, -3.000000000000000000, 1.717873926451140010 ) ) ;
#7597 = ORIENTED_EDGE ( 'NONE', *, *, #4310, .T. ) ;
#7598 = CARTESIAN_POINT ( 'NONE',  ( 3.847337384070623756, -3.010000000000000231, 1.635099868806588530 ) ) ;
#7599 = DIRECTION ( 'NONE',  ( -1.000000000000000000, 0.000000000000000000, -0.000000000000000000 ) ) ;
#7600 = DIRECTION ( 'NONE',  ( -0.000000000000000000, -0.000000000000000000, -1.000000000000000000 ) ) ;
#7601 = ADVANCED_FACE ( 'NONE', ( #3454 ), #6701, .F. ) ;
#7602 = ORIENTED_EDGE ( 'NONE', *, *, #7179, .T. ) ;
#7603 = ORIENTED_EDGE ( 'NONE', *, *, #5573, .F. ) ;
#7604 = FACE_OUTER_BOUND ( 'NONE', #2446, .T. ) ;
#7605 = FACE_OUTER_BOUND ( 'NONE', #4698, .T. ) ;
#7606 = EDGE_LOOP ( 'NONE', ( #8237, #1334, #4515, #6894 ) ) ;
#7607 = CARTESIAN_POINT ( 'NONE',  ( 3.336873556650385986, -3.010000000000000231, 1.699286499232269820 ) ) ;
#7608 = SURFACE_SIDE_STYLE ('',( #3794 ) ) ;
#7609 = CARTESIAN_POINT ( 'NONE',  ( 4.055534579442018561, -3.000000000000000000, 2.099634232365364284 ) ) ;
#7610 = CARTESIAN_POINT ( 'NONE',  ( 4.182516038355378996, -3.010000000000000231, 1.875308508687759446 ) ) ;
#7611 = B_SPLINE_CURVE_WITH_KNOTS ( 'NONE', 3,
 ( #3950, #225, #9115, #2456 ),
 .UNSPECIFIED., .F., .F.,
 ( 4, 4 ),
 ( 11.00000000000000000, 12.00000000000000000 ),
 .UNSPECIFIED. ) ;
#7612 = VERTEX_POINT ( 'NONE', #8174 ) ;
#7613 = ORIENTED_EDGE ( 'NONE', *, *, #1559, .F. ) ;
#7614 = CARTESIAN_POINT ( 'NONE',  ( 4.338397855100033063, -3.010000000000000231, 1.735964573760301111 ) ) ;
#7615 = SURFACE_SIDE_STYLE ('',( #2559 ) ) ;
#7616 = VERTEX_POINT ( 'NONE', #2162 ) ;
#7617 = DIRECTION ( 'NONE',  ( 1.000000000000000000, -0.000000000000000000, -0.000000000000000000 ) ) ;
#7618 = FILL_AREA_STYLE ('',( #4605 ) ) ;
#7619 = LINE ( 'NONE', #3859, #884 ) ;
#7620 = CARTESIAN_POINT ( 'NONE',  ( 3.943781071112012704, -3.000000000000000000, 1.447288478253044630 ) ) ;
#7621 = VERTEX_POINT ( 'NONE', #1509 ) ;
#7622 = PRODUCT_DEFINITION_CONTEXT ( 'detailed design', #8599, 'design' ) ;
#7623 = ADVANCED_FACE ( 'NONE', ( #1549 ), #830, .T. ) ;
#7624 = FACE_OUTER_BOUND ( 'NONE', #6752, .T. ) ;
#7625 = ORIENTED_EDGE ( 'NONE', *, *, #7931, .T. ) ;
#7626 = CARTESIAN_POINT ( 'NONE',  ( 4.430174912123167275, -3.000000000000000000, 2.320030162343628799 ) ) ;
#7627 = CARTESIAN_POINT ( 'NONE',  ( 3.506182168535952659, -3.000000000000000000, 1.616269607331789260 ) ) ;
#7628 = DIRECTION ( 'NONE',  ( -0.000000000000000000, -0.000000000000000000, 1.000000000000000000 ) ) ;
#7629 = CARTESIAN_POINT ( 'NONE',  ( 3.876401483306975759, -3.000000000000000000, 1.665228287169756349 ) ) ;
#7630 = FILL_AREA_STYLE_COLOUR ( '', #69 ) ;
#7631 = LINE ( 'NONE', #735, #3373 ) ;
#7632 = EDGE_CURVE ( 'NONE', #8312, #1842, #6342, .T. ) ;
#7633 = ADVANCED_FACE ( 'NONE', ( #640 ), #6039, .F. ) ;
#7634 = EDGE_CURVE ( 'NONE', #4744, #7183, #7839, .T. ) ;
#7635 = ADVANCED_FACE ( 'NONE', ( #7358 ), #778, .F. ) ;
#7636 = CARTESIAN_POINT ( 'NONE',  ( 1.780797483678681070, -3.010000000000000231, 1.747476926333766389 ) ) ;
#7637 = ORIENTED_EDGE ( 'NONE', *, *, #3424, .T. ) ;
#7638 = DIRECTION ( 'NONE',  ( -1.000000000000000000, 0.000000000000000000, -0.000000000000000000 ) ) ;
#7639 = CARTESIAN_POINT ( 'NONE',  ( 4.194469160857399181, -3.000000000000000000, 2.078020367018921899 ) ) ;
#7640 = DIRECTION ( 'NONE',  ( -0.000000000000000000, 1.000000000000000000, -0.000000000000000000 ) ) ;
#7641 = DIRECTION ( 'NONE',  ( 0.000000000000000000, 0.000000000000000000, -1.000000000000000000 ) ) ;
#7642 = VERTEX_POINT ( 'NONE', #2294 ) ;
#7643 = CARTESIAN_POINT ( 'NONE',  ( 3.798133092125633770, -3.010000000000000231, 1.747917696262322185 ) ) ;
#7644 = CARTESIAN_POINT ( 'NONE',  ( 1.967523359960386742, -3.000000000000000000, 2.284883060241407193 ) ) ;
#7645 = SURFACE_STYLE_USAGE ( .BOTH. , #1169 ) ;
#7646 = PLANE ( 'NONE',  #7977 ) ;
#7647 = B_SPLINE_SURFACE_WITH_KNOTS ( 'NONE', 3, 1, ( 
 ( #17, #2124 ),
 ( #605, #3697 ),
 ( #8083, #9554 ),
 ( #5858, #3565 ) ),
 .UNSPECIFIED., .F., .F., .F.,
 ( 4, 4 ),
 ( 2, 2 ),
 ( 5.000000000000000000, 6.000000000000000000 ),
 ( 0.000000000000000000, 1.000000000000000000 ),
 .UNSPECIFIED. ) ;
#7648 = ORIENTED_EDGE ( 'NONE', *, *, #6279, .T. ) ;
#7649 = EDGE_CURVE ( 'NONE', #7467, #1452, #5260, .T. ) ;
#7650 = ORIENTED_EDGE ( 'NONE', *, *, #5678, .F. ) ;
#7651 = AXIS2_PLACEMENT_3D ( 'NONE', #21, #7321, #5226 ) ;
#7652 = CARTESIAN_POINT ( 'NONE',  ( 4.197252764729051400, -3.000000000000000000, 2.133037478809876042 ) ) ;
#7653 = ORIENTED_EDGE ( 'NONE', *, *, #1835, .T. ) ;
#7654 = CARTESIAN_POINT ( 'NONE',  ( 3.937313285648034178, -3.000000000000000000, 2.207376076291855060 ) ) ;
#7655 = PLANE ( 'NONE',  #4862 ) ;
#7656 = LINE ( 'NONE', #4693, #62 ) ;
#7657 = ORIENTED_EDGE ( 'NONE', *, *, #3693, .T. ) ;
#7658 = CARTESIAN_POINT ( 'NONE',  ( 2.031283406801365210, -3.010000000000000231, 2.319040237500154422 ) ) ;
#7659 = VECTOR ( 'NONE', #4151, 1000.000000000000000 ) ;
#7660 = CARTESIAN_POINT ( 'NONE',  ( 4.502548612755478352, -3.000000000000000000, 2.150721550459153697 ) ) ;
#7661 = COLOUR_RGB ( '',0.2980392156862745057, 0.2980392156862745057, 0.2980392156862745057 ) ;
#7662 = AXIS2_PLACEMENT_3D ( 'NONE', #8547, #1061, #1885 ) ;
#7663 = ORIENTED_EDGE ( 'NONE', *, *, #7158, .T. ) ;
#7664 = PLANE ( 'NONE',  #3783 ) ;
#7665 = ORIENTED_EDGE ( 'NONE', *, *, #7449, .F. ) ;
#7666 = CARTESIAN_POINT ( 'NONE',  ( 4.231474718195512352, -3.010000000000000231, 2.226206337768836807 ) ) ;
#7667 =( LENGTH_UNIT ( ) NAMED_UNIT ( * ) SI_UNIT ( .MILLI., .METRE. ) );
#7668 = VERTEX_POINT ( 'NONE', #9543 ) ;
#7669 = PLANE ( 'NONE',  #9414 ) ;
#7670 = CARTESIAN_POINT ( 'NONE',  ( 3.689981894688174613, -3.010000000000000231, 1.702233844505699034 ) ) ;
#7671 = VECTOR ( 'NONE', #7240, 1000.000000000000000 ) ;
#7672 = DIRECTION ( 'NONE',  ( 0.000000000000000000, 0.000000000000000000, 1.000000000000000000 ) ) ;
#7673 = CARTESIAN_POINT ( 'NONE',  ( 1.019999999999999130, -2.449999999999999289, 0.5000000000000000000 ) ) ;
#7674 =( LENGTH_UNIT ( ) NAMED_UNIT ( * ) SI_UNIT ( .MILLI., .METRE. ) );
#7675 = ADVANCED_FACE ( 'NONE', ( #4336 ), #5304, .F. ) ;
#7676 = AXIS2_PLACEMENT_3D ( 'NONE', #836, #3789, #8334 ) ;
#7677 = COLOUR_RGB ( '',0.6666666666666666297, 0.6666666666666666297, 0.6666666666666666297 ) ;
#7678 = CARTESIAN_POINT ( 'NONE',  ( 2.541363911829606081, -3.010000000000000231, 1.624511010027928748 ) ) ;
#7679 = CARTESIAN_POINT ( 'NONE',  ( 3.644134301527582664, -3.010000000000000231, 1.613486003460135931 ) ) ;
#7680 = VECTOR ( 'NONE', #5041, 1000.000000000000000 ) ;
#7681 = VECTOR ( 'NONE', #9366, 1000.000000000000114 ) ;
#7682 = CARTESIAN_POINT ( 'NONE',  ( 4.676032630447437555, -3.000000000000000000, 1.719262950536967871 ) ) ;
#7683 = PRESENTATION_STYLE_ASSIGNMENT (( #4719 ) ) ;
#7684 = LINE ( 'NONE', #6956, #7420 ) ;
#7685 = ADVANCED_FACE ( 'NONE', ( #2203 ), #8257, .F. ) ;
#7686 = COLOUR_RGB ( '',0.2980392156862745057, 0.2980392156862745057, 0.2980392156862745057 ) ;
#7687 = EDGE_LOOP ( 'NONE', ( #8441, #7933, #4073, #573 ) ) ;
#7688 = ORIENTED_EDGE ( 'NONE', *, *, #9107, .T. ) ;
#7689 = DIRECTION ( 'NONE',  ( 0.000000000000000000, 0.000000000000000000, -1.000000000000000000 ) ) ;
#7690 = DIRECTION ( 'NONE',  ( -1.000000000000000000, 0.000000000000000000, 0.000000000000000000 ) ) ;
#7691 = CARTESIAN_POINT ( 'NONE',  ( 4.382280551410939751, -3.000000000000000000, 2.186908400775299466 ) ) ;
#7692 = ORIENTED_EDGE ( 'NONE', *, *, #990, .F. ) ;
#7693 = DIRECTION ( 'NONE',  ( 1.000000000000000000, -0.000000000000000000, -0.000000000000000000 ) ) ;
#7694 = CARTESIAN_POINT ( 'NONE',  ( 3.582076309356621913, -3.010000000000000231, 1.690935687621695216 ) ) ;
#7695 = CARTESIAN_POINT ( 'NONE',  ( 2.611955376748436919, -3.000000000000000000, 1.695102474946761362 ) ) ;
#7696 = LINE ( 'NONE', #9151, #1599 ) ;
#7697 = ADVANCED_FACE ( 'NONE', ( #2389 ), #1598, .T. ) ;
#7698 = ORIENTED_EDGE ( 'NONE', *, *, #27, .T. ) ;
#7699 = ORIENTED_EDGE ( 'NONE', *, *, #1430, .F. ) ;
#7700 = AXIS2_PLACEMENT_3D ( 'NONE', #401, #303, #8609 ) ;
#7701 = ORIENTED_EDGE ( 'NONE', *, *, #7963, .T. ) ;
#7702 = ORIENTED_EDGE ( 'NONE', *, *, #9120, .T. ) ;
#7703 = CARTESIAN_POINT ( 'NONE',  ( 3.943371717602121240, -3.010000000000000231, 1.481674173123481486 ) ) ;
#7704 = PRESENTATION_STYLE_ASSIGNMENT (( #1663 ) ) ;
#7705 = EDGE_CURVE ( 'NONE', #1919, #2970, #883, .T. ) ;
#7706 = EDGE_LOOP ( 'NONE', ( #1726, #4046, #7117, #6925 ) ) ;
#7707 = CARTESIAN_POINT ( 'NONE',  ( 4.456619148892922766, -3.000000000000000000, 1.591544655305799694 ) ) ;
#7708 = CARTESIAN_POINT ( 'NONE',  ( 4.059999999999998721, -2.449999999999998845, -4.099999999999999645 ) ) ;
#7709 = CARTESIAN_POINT ( 'NONE',  ( 4.415274444347732086, -3.010000000000000231, 1.875308508687761222 ) ) ;
#7710 = ORIENTED_EDGE ( 'NONE', *, *, #4424, .F. ) ;
#7711 = CARTESIAN_POINT ( 'NONE',  ( 3.857653092531977634, -3.000000000000000000, 1.613322262056188006 ) ) ;
#7712 = ADVANCED_FACE ( 'NONE', ( #8330 ), #7646, .F. ) ;
#7713 = COLOUR_RGB ( '',0.6666666666666666297, 0.6666666666666666297, 0.6666666666666666297 ) ;
#7714 = PLANE ( 'NONE',  #3774 ) ;
#7715 = EDGE_CURVE ( 'NONE', #3992, #1426, #6230, .T. ) ;
#7716 = ORIENTED_EDGE ( 'NONE', *, *, #8785, .F. ) ;
#7717 = SURFACE_SIDE_STYLE ('',( #4598 ) ) ;
#7718 = ORIENTED_EDGE ( 'NONE', *, *, #1621, .T. ) ;
#7719 = DIRECTION ( 'NONE',  ( -1.000000000000000000, 0.000000000000000000, -9.459185076092910658E-14 ) ) ;
#7720 = LINE ( 'NONE', #5579, #8909 ) ;
#7721 = ORIENTED_EDGE ( 'NONE', *, *, #7353, .T. ) ;
#7722 = PLANE ( 'NONE',  #1338 ) ;
#7723 = CARTESIAN_POINT ( 'NONE',  ( 2.741752667701210289, -3.000000000000000000, 1.553919545106920763 ) ) ;
#7724 = CARTESIAN_POINT ( 'NONE',  ( 3.557515098735669845, -3.000000000000000000, 1.648526663946418003 ) ) ;
#7725 = LINE ( 'NONE', #382, #1773 ) ;
#7726 = LINE ( 'NONE', #4015, #6605 ) ;
#7727 = EDGE_CURVE ( 'NONE', #1426, #6395, #5456, .T. ) ;
#7728 = MECHANICAL_DESIGN_GEOMETRIC_PRESENTATION_REPRESENTATION (  '', ( #3198 ), #1818 ) ;
#7729 = CARTESIAN_POINT ( 'NONE',  ( 4.627728916223118993, -3.010000000000000231, 1.599895466916377851 ) ) ;
#7730 = LINE ( 'NONE', #2616, #4918 ) ;
#7731 = ORIENTED_EDGE ( 'NONE', *, *, #4470, .T. ) ;
#7732 = VECTOR ( 'NONE', #2563, 1000.000000000000000 ) ;
#7733 = DIRECTION ( 'NONE',  ( -0.000000000000000000, 1.000000000000000000, -0.000000000000000000 ) ) ;
#7734 = CARTESIAN_POINT ( 'NONE',  ( 3.873044784521474604, -3.010000000000000231, 1.567802151703523217 ) ) ;
#7735 = CARTESIAN_POINT ( 'NONE',  ( 3.641432568358998978, -3.010000000000000231, 2.388801552084495405 ) ) ;
#7736 = DIRECTION ( 'NONE',  ( 0.3658589216693949320, 0.000000000000000000, -0.9306703226357374570 ) ) ;
#7737 = ORIENTED_EDGE ( 'NONE', *, *, #5186, .T. ) ;
#7738 = VECTOR ( 'NONE', #4671, 1000.000000000000000 ) ;
#7739 = B_SPLINE_SURFACE_WITH_KNOTS ( 'NONE', 3, 1, ( 
 ( #4418, #9621 ),
 ( #8159, #2904 ),
 ( #4326, #8703 ),
 ( #8891, #629 ) ),
 .UNSPECIFIED., .F., .F., .F.,
 ( 4, 4 ),
 ( 2, 2 ),
 ( 12.00000000000000000, 13.00000000000000000 ),
 ( 0.000000000000000000, 1.000000000000000000 ),
 .UNSPECIFIED. ) ;
#7740 = LINE ( 'NONE', #4825, #2574 ) ;
#7741 = ORIENTED_EDGE ( 'NONE', *, *, #13, .T. ) ;
#7742 = VERTEX_POINT ( 'NONE', #1756 ) ;
#7743 = CARTESIAN_POINT ( 'NONE',  ( 0.000000000000000000, -3.010000000000000231, 0.000000000000000000 ) ) ;
#7744 = CARTESIAN_POINT ( 'NONE',  ( 4.833224378425935441, -3.010000000000000231, 1.817180310215063654 ) ) ;
#7745 = LINE ( 'NONE', #2624, #5851 ) ;
#7746 = ORIENTED_EDGE ( 'NONE', *, *, #2785, .T. ) ;
#7747 = CARTESIAN_POINT ( 'NONE',  ( 2.611955376748436919, -3.010000000000000231, 1.695102474946761362 ) ) ;
#7748 = SURFACE_STYLE_USAGE ( .BOTH. , #2627 ) ;
#7749 = CARTESIAN_POINT ( 'NONE',  ( 2.541363911829606081, -3.000000000000000000, 1.663222408093722793 ) ) ;
#7750 = CARTESIAN_POINT ( 'NONE',  ( -5.750000000000000000, -3.000000000000000000, 0.000000000000000000 ) ) ;
#7751 = ORIENTED_EDGE ( 'NONE', *, *, #2349, .T. ) ;
#7752 = EDGE_LOOP ( 'NONE', ( #2333, #2815, #3790 ) ) ;
#7753 = ORIENTED_EDGE ( 'NONE', *, *, #1329, .T. ) ;
#7754 = CARTESIAN_POINT ( 'NONE',  ( 3.782659529434163836, -3.010000000000000231, 1.549626855844558726 ) ) ;
#7755 = EDGE_CURVE ( 'NONE', #301, #841, #164, .T. ) ;
#7756 = ORIENTED_EDGE ( 'NONE', *, *, #4475, .T. ) ;
#7757 = DIRECTION ( 'NONE',  ( 1.000000000000000000, 0.000000000000000000, 2.601421064473126292E-14 ) ) ;
#7758 = CARTESIAN_POINT ( 'NONE',  ( 4.770265808529932983, -3.010000000000000231, 1.642631973397385758 ) ) ;
#7759 = LINE ( 'NONE', #3116, #8596 ) ;
#7760 = ORIENTED_EDGE ( 'NONE', *, *, #9356, .F. ) ;
#7761 = CARTESIAN_POINT ( 'NONE',  ( 2.807789911811908734, -3.010000000000000231, 2.171025802717343911 ) ) ;
#7762 = B_SPLINE_CURVE_WITH_KNOTS ( 'NONE', 3,
 ( #5889, #772, #2245, #6571, #2952, #3726, #6621 ),
 .UNSPECIFIED., .F., .F.,
 ( 4, 3, 4 ),
 ( 2.000000000000000000, 3.000000000000000000, 4.000000000000000000 ),
 .UNSPECIFIED. ) ;
#7763 = CARTESIAN_POINT ( 'NONE',  ( 4.438198240925837368, -3.000000000000000000, 2.331819543441691511 ) ) ;
#7764 = EDGE_CURVE ( 'NONE', #4741, #4614, #6186, .T. ) ;
#7765 = VERTEX_POINT ( 'NONE', #4736 ) ;
#7766 = DIRECTION ( 'NONE',  ( -0.000000000000000000, -0.000000000000000000, -1.000000000000000000 ) ) ;
#7767 = EDGE_CURVE ( 'NONE', #1660, #2147, #7696, .T. ) ;
#7768 = EDGE_CURVE ( 'NONE', #1842, #9197, #1110, .T. ) ;
#7769 = ORIENTED_EDGE ( 'NONE', *, *, #282, .F. ) ;
#7770 = CARTESIAN_POINT ( 'NONE',  ( 2.892044212887547872, -3.000000000000000000, 1.870442668909382711 ) ) ;
#7771 = CARTESIAN_POINT ( 'NONE',  ( 3.525831137033808016, -3.000000000000000000, 1.567638410299568408 ) ) ;
#7772 = DIRECTION ( 'NONE',  ( -0.000000000000000000, -0.000000000000000000, -1.000000000000000000 ) ) ;
#7773 = SURFACE_STYLE_USAGE ( .BOTH. , #6888 ) ;
#7774 = CARTESIAN_POINT ( 'NONE',  ( 2.488989590739716373, -3.000000000000000000, 2.469331826119598006 ) ) ;
#7775 = CARTESIAN_POINT ( 'NONE',  ( 2.488989590739716373, -3.010000000000000231, 2.469331826119598006 ) ) ;
#7776 = PRESENTATION_STYLE_ASSIGNMENT (( #9132 ) ) ;
#7777 = LINE ( 'NONE', #1686, #9379 ) ;
#7778 = EDGE_CURVE ( 'NONE', #4347, #587, #2845, .T. ) ;
#7779 = CARTESIAN_POINT ( 'NONE',  ( 3.559999999999998277, -2.149999999999999911, 0.5000000000000000000 ) ) ;
#7780 = CARTESIAN_POINT ( 'NONE',  ( 3.532135181092734832, -3.000000000000000000, 2.292030382234095498 ) ) ;
#7781 = FACE_OUTER_BOUND ( 'NONE', #325, .T. ) ;
#7782 = CARTESIAN_POINT ( 'NONE',  ( 4.231474718195514129, -3.000000000000000000, 2.186253435157289537 ) ) ;
#7783 = LINE ( 'NONE', #5730, #7116 ) ;
#7784 = B_SPLINE_CURVE_WITH_KNOTS ( 'NONE', 3,
 ( #2417, #8934, #6743, #2270 ),
 .UNSPECIFIED., .F., .F.,
 ( 4, 4 ),
 ( 7.000000000000000000, 8.000000000000000000 ),
 .UNSPECIFIED. ) ;
#7785 = DIRECTION ( 'NONE',  ( -0.000000000000000000, -0.000000000000000000, 1.000000000000000000 ) ) ;
#7786 = VERTEX_POINT ( 'NONE', #3988 ) ;
#7787 = DIRECTION ( 'NONE',  ( -1.000000000000000000, 0.000000000000000000, -0.000000000000000000 ) ) ;
#7788 = CARTESIAN_POINT ( 'NONE',  ( 4.102037138218421752, -3.010000000000000231, 2.099634232365364284 ) ) ;
#7789 = LINE ( 'NONE', #2237, #6167 ) ;
#7790 = ORIENTED_EDGE ( 'NONE', *, *, #1288, .T. ) ;
#7791 = DIRECTION ( 'NONE',  ( -0.000000000000000000, -0.000000000000000000, 1.000000000000000000 ) ) ;
#7792 = CARTESIAN_POINT ( 'NONE',  ( 1.858220344958817494, -3.000000000000000000, 1.558473852782332303 ) ) ;
#7793 = PLANE ( 'NONE',  #4582 ) ;
#7794 = ADVANCED_FACE ( 'NONE', ( #5360 ), #5638, .F. ) ;
#7795 = VERTEX_POINT ( 'NONE', #4035 ) ;
#7796 = ORIENTED_EDGE ( 'NONE', *, *, #457, .F. ) ;
#7797 = CARTESIAN_POINT ( 'NONE',  ( 3.762028112511472955, -3.010000000000000231, 1.554211615159752924 ) ) ;
#7798 = ORIENTED_EDGE ( 'NONE', *, *, #198, .T. ) ;
#7799 = CARTESIAN_POINT ( 'NONE',  ( 3.607292485595599896, -3.010000000000000231, 1.789016788703759575 ) ) ;
#7800 = DIRECTION ( 'NONE',  ( 0.000000000000000000, 1.000000000000000000, 0.000000000000000000 ) ) ;
#7801 = CARTESIAN_POINT ( 'NONE',  ( 4.837481654933205810, -3.000000000000000000, 1.834373157650283970 ) ) ;
#7802 = VERTEX_POINT ( 'NONE', #4787 ) ;
#7803 = CARTESIAN_POINT ( 'NONE',  ( 2.807789911811908734, -3.000000000000000000, 2.171025802717343911 ) ) ;
#7804 = CARTESIAN_POINT ( 'NONE',  ( 4.676032630447437555, -3.010000000000000231, 1.719262950536967871 ) ) ;
#7805 = EDGE_CURVE ( 'NONE', #5458, #2655, #2839, .T. ) ;
#7806 = B_SPLINE_SURFACE_WITH_KNOTS ( 'NONE', 3, 1, ( 
 ( #4689, #7652 ),
 ( #2493, #980 ),
 ( #9156, #4748 ),
 ( #1031, #3996 ) ),
 .UNSPECIFIED., .F., .F., .F.,
 ( 4, 4 ),
 ( 2, 2 ),
 ( 3.000000000000000000, 4.000000000000000000 ),
 ( 0.000000000000000000, 1.000000000000000000 ),
 .UNSPECIFIED. ) ;
#7807 = ORIENTED_EDGE ( 'NONE', *, *, #4397, .T. ) ;
#7808 = CARTESIAN_POINT ( 'NONE',  ( 2.115537751310098358, -3.000000000000000000, 2.241617311069272311 ) ) ;
#7809 = STYLED_ITEM ( 'NONE', ( #742 ), #8253 ) ;
#7810 = VERTEX_POINT ( 'NONE', #7549 ) ;
#7811 = CARTESIAN_POINT ( 'NONE',  ( 3.641841921869984677, -3.010000000000000231, 2.351468511938452188 ) ) ;
#7812 = FILL_AREA_STYLE ('',( #9318 ) ) ;
#7813 = LINE ( 'NONE', #1054, #4616 ) ;
#7814 = EDGE_CURVE ( 'NONE', #2779, #7846, #3316, .T. ) ;
#7815 = CARTESIAN_POINT ( 'NONE',  ( 3.506182168535952659, -3.010000000000000231, 1.616269607331789260 ) ) ;
#7816 = CARTESIAN_POINT ( 'NONE',  ( 4.347485503030602771, -3.000000000000000000, 1.838466692755773568 ) ) ;
#7817 = STYLED_ITEM ( 'NONE', ( #7011 ), #9588 ) ;
#7818 = ADVANCED_FACE ( 'NONE', ( #5557 ), #2722, .T. ) ;
#7819 = PRESENTATION_LAYER_ASSIGNMENT (  '', '', ( #9206 ) ) ;
#7820 = CARTESIAN_POINT ( 'NONE',  ( 3.520918894909611296, -3.000000000000000000, 2.181341193034180392 ) ) ;
#7821 = AXIS2_PLACEMENT_3D ( 'NONE', #2562, #5432, #8304 ) ;
#7822 = DIRECTION ( 'NONE',  ( 0.000000000000000000, 0.000000000000000000, 1.000000000000000000 ) ) ;
#7823 = CARTESIAN_POINT ( 'NONE',  ( 3.644134301527582664, -3.000000000000000000, 1.613486003460135931 ) ) ;
#7824 = CARTESIAN_POINT ( 'NONE',  ( 3.546871907466395690, -3.000000000000000000, 1.619544435413131644 ) ) ;
#7826 = CARTESIAN_POINT ( 'NONE',  ( 1.758026032173207964, -3.000000000000000000, 2.246171597028149058 ) ) ;
#7825 = VECTOR ( 'NONE', #1084, 1000.000000000000227 ) ;
#7827 = EDGE_CURVE ( 'NONE', #2575, #4884, #8616, .T. ) ;
#7828 = CARTESIAN_POINT ( 'NONE',  ( 3.794694522638163203, -3.010000000000000231, 1.704362482761517583 ) ) ;
#7829 = VECTOR ( 'NONE', #2026, 1000.000000000000000 ) ;
#7830 = CARTESIAN_POINT ( 'NONE',  ( 4.219767207797254116, -3.000000000000000000, 2.296287658743552118 ) ) ;
#7831 = COLOUR_RGB ( '',0.2980392156862745057, 0.2980392156862745057, 0.2980392156862745057 ) ;
#7832 = ADVANCED_FACE ( 'NONE', ( #409 ), #1170, .F. ) ;
#7833 = ADVANCED_FACE ( 'NONE', ( #6376 ), #1120, .F. ) ;
#7834 = ORIENTED_EDGE ( 'NONE', *, *, #653, .F. ) ;
#7835 = VECTOR ( 'NONE', #553, 1000.000000000000000 ) ;
#7836 = EDGE_LOOP ( 'NONE', ( #1375, #7592, #2555, #4812 ) ) ;
#7837 = CARTESIAN_POINT ( 'NONE',  ( 3.927980025612624271, -3.000000000000000000, 1.450563306336576375 ) ) ;
#7838 = CARTESIAN_POINT ( 'NONE',  ( 2.072272002136880786, -3.010000000000000231, 1.717873926451140010 ) ) ;
#7839 = B_SPLINE_CURVE_WITH_KNOTS ( 'NONE', 3,
 ( #7403, #9591, #9003, #5303 ),
 .UNSPECIFIED., .F., .F.,
 ( 4, 4 ),
 ( 3.000000000000000000, 4.000000000000000000 ),
 .UNSPECIFIED. ) ;
#7840 = CARTESIAN_POINT ( 'NONE',  ( 3.336873556650379324, -3.010000000000000231, 1.735964573760294227 ) ) ;
#7841 = ORIENTED_EDGE ( 'NONE', *, *, #4182, .F. ) ;
#7842 = CARTESIAN_POINT ( 'NONE',  ( 4.436397085480108693, -3.000000000000000000, 2.342462734712048356 ) ) ;
#7843 = PLANE ( 'NONE',  #4764 ) ;
#7844 = SURFACE_SIDE_STYLE ('',( #3499 ) ) ;
#7845 = STYLED_ITEM ( 'NONE', ( #4642 ), #5349 ) ;
#7846 = VERTEX_POINT ( 'NONE', #7927 ) ;
#7847 = ORIENTED_EDGE ( 'NONE', *, *, #4194, .T. ) ;
#7848 = CARTESIAN_POINT ( 'NONE',  ( 3.689981894688174613, -3.010000000000000231, 1.702233844505699034 ) ) ;
#7849 = VERTEX_POINT ( 'NONE', #8520 ) ;
#7850 = CARTESIAN_POINT ( 'NONE',  ( 4.859996098003604992, -3.010000000000000231, 1.875308508687761222 ) ) ;
#7851 = SURFACE_SIDE_STYLE ('',( #7217 ) ) ;
#7852 = VERTEX_POINT ( 'NONE', #3399 ) ;
#7853 = DIRECTION ( 'NONE',  ( 0.8840949502478780975, 0.000000000000000000, 0.4673073067545617243 ) ) ;
#7854 = VECTOR ( 'NONE', #9042, 1000.000000000000000 ) ;
#7855 = ORIENTED_EDGE ( 'NONE', *, *, #8832, .F. ) ;
#7856 = ORIENTED_EDGE ( 'NONE', *, *, #2061, .T. ) ;
#7857 = CARTESIAN_POINT ( 'NONE',  ( 2.892044212887547872, -3.010000000000000231, 1.968359893008021055 ) ) ;
#7858 = DIRECTION ( 'NONE',  ( 0.000000000000000000, -0.000000000000000000, 1.000000000000000000 ) ) ;
#7859 = ORIENTED_EDGE ( 'NONE', *, *, #6101, .F. ) ;
#7860 = EDGE_CURVE ( 'NONE', #6344, #8418, #1954, .T. ) ;
#7861 = PRESENTATION_LAYER_ASSIGNMENT (  '', '', ( #3033 ) ) ;
#7862 = CARTESIAN_POINT ( 'NONE',  ( 2.550472527177178428, -3.010000000000000231, 1.943311417964140420 ) ) ;
#7863 = B_SPLINE_CURVE_WITH_KNOTS ( 'NONE', 3,
 ( #6201, #3551, #7304, #3682 ),
 .UNSPECIFIED., .F., .F.,
 ( 4, 4 ),
 ( 5.000000000000000000, 6.000000000000000000 ),
 .UNSPECIFIED. ) ;
#7864 = CARTESIAN_POINT ( 'NONE',  ( 4.458911528550508763, -3.010000000000000231, 2.383398085747344908 ) ) ;
#7865 = CARTESIAN_POINT ( 'NONE',  ( 3.649865250672663652, -3.010000000000000231, 1.737765729206012244 ) ) ;
#7866 = VECTOR ( 'NONE', #9462, 1000.000000000000000 ) ;
#7867 = PLANE ( 'NONE',  #2242 ) ;
#7868 = CARTESIAN_POINT ( 'NONE',  ( 3.632672403237443337, -3.000000000000000000, 1.601205398150215675 ) ) ;
#7869 = CARTESIAN_POINT ( 'NONE',  ( 4.836499206507274273, -3.010000000000000231, 1.834373157650283970 ) ) ;
#7870 = ADVANCED_FACE ( 'NONE', ( #4226 ), #1207, .F. ) ;
#7871 = CARTESIAN_POINT ( 'NONE',  ( 3.927980025612624271, -3.000000000000000000, 1.486258932440857938 ) ) ;
#7872 = DIRECTION ( 'NONE',  ( -1.000000000000000000, 0.000000000000000000, -0.000000000000000000 ) ) ;
#7873 = VECTOR ( 'NONE', #2332, 1000.000000000000000 ) ;
#7874 = CARTESIAN_POINT ( 'NONE',  ( 3.552357244504450229, -3.010000000000000231, 2.128288978090730588 ) ) ;
#7875 = CARTESIAN_POINT ( 'NONE',  ( 2.074549199407693667, -3.000000000000000000, 1.861334183860016811 ) ) ;
#7876 = ORIENTED_EDGE ( 'NONE', *, *, #502, .T. ) ;
#7877 = EDGE_CURVE ( 'NONE', #137, #7362, #65, .T. ) ;
#7878 = CIRCLE ( 'NONE', #6173, 0.2000000000000005107 ) ;
#7879 = VERTEX_POINT ( 'NONE', #1219 ) ;
#7880 = PLANE ( 'NONE',  #1804 ) ;
#7881 = EDGE_CURVE ( 'NONE', #2737, #4055, #3537, .T. ) ;
#7882 = PRESENTATION_STYLE_ASSIGNMENT (( #1115 ) ) ;
#7883 = CARTESIAN_POINT ( 'NONE',  ( 4.226644346772213012, -3.010000000000000231, 2.340989062074239957 ) ) ;
#7884 = EDGE_CURVE ( 'NONE', #1613, #301, #1923, .T. ) ;
#7885 = CARTESIAN_POINT ( 'NONE',  ( 2.714426908521401227, -3.000000000000000000, 2.048059973275527579 ) ) ;
#7886 = ORIENTED_EDGE ( 'NONE', *, *, #5002, .F. ) ;
#7887 = DIRECTION ( 'NONE',  ( 1.000000000000000000, 0.000000000000000000, -0.000000000000000000 ) ) ;
#7888 = CARTESIAN_POINT ( 'NONE',  ( 3.525831137033808016, -3.010000000000000231, 1.567638410299568408 ) ) ;
#7889 = CARTESIAN_POINT ( 'NONE',  ( 3.451410668849840491, -3.010000000000000231, 1.735964573760294227 ) ) ;
#7890 = VECTOR ( 'NONE', #532, 1000.000000000000000 ) ;
#7891 = ORIENTED_EDGE ( 'NONE', *, *, #332, .F. ) ;
#7892 = ORIENTED_EDGE ( 'NONE', *, *, #7052, .T. ) ;
#7893 = FACE_OUTER_BOUND ( 'NONE', #3164, .T. ) ;
#7894 = EDGE_CURVE ( 'NONE', #4314, #7642, #4453, .T. ) ;
#7895 = CARTESIAN_POINT ( 'NONE',  ( 3.451410668849840491, -3.000000000000000000, 1.735964573760294227 ) ) ;
#7896 = B_SPLINE_SURFACE_WITH_KNOTS ( 'NONE', 3, 1, ( 
 ( #2799, #531 ),
 ( #5138, #2087 ),
 ( #2142, #5055 ),
 ( #6457, #5828 ) ),
 .UNSPECIFIED., .F., .F., .F.,
 ( 4, 4 ),
 ( 2, 2 ),
 ( 9.000000000000000000, 10.00000000000000000 ),
 ( 0.000000000000000000, 1.000000000000000000 ),
 .UNSPECIFIED. ) ;
#7897 = CARTESIAN_POINT ( 'NONE',  ( -4.060000000000001386, -2.149999999999999467, 0.5000000000000000000 ) ) ;
#7898 = CARTESIAN_POINT ( 'NONE',  ( -1.520000000000000906, -2.449999999999999289, -4.099999999999999645 ) ) ;
#7899 = ORIENTED_EDGE ( 'NONE', *, *, #2033, .F. ) ;
#7900 = CARTESIAN_POINT ( 'NONE',  ( 3.295528852104094408, -3.010000000000000231, 2.063119899241296462 ) ) ;
#7901 = ORIENTED_EDGE ( 'NONE', *, *, #3234, .T. ) ;
#7902 = ORIENTED_EDGE ( 'NONE', *, *, #5690, .T. ) ;
#7903 = ORIENTED_EDGE ( 'NONE', *, *, #3746, .F. ) ;
#7904 = DIRECTION ( 'NONE',  ( -1.000000000000000000, -0.000000000000000000, -0.000000000000000000 ) ) ;
#7905 = ORIENTED_EDGE ( 'NONE', *, *, #8988, .F. ) ;
#7906 = VERTEX_POINT ( 'NONE', #9608 ) ;
#7907 = CARTESIAN_POINT ( 'NONE',  ( 4.433859093716586486, -3.010000000000000231, 2.332801991867621716 ) ) ;
#7908 = CARTESIAN_POINT ( 'NONE',  ( 4.598337334179948499, -3.000000000000000000, 1.624947901750299462 ) ) ;
#7909 = DIRECTION ( 'NONE',  ( -0.000000000000000000, 1.000000000000000000, -0.000000000000000000 ) ) ;
#7910 = SURFACE_STYLE_FILL_AREA ( #7285 ) ;
#7911 = CARTESIAN_POINT ( 'NONE',  ( 2.616509597556569755, -3.000000000000000000, 1.695102474946761362 ) ) ;
#7912 = CARTESIAN_POINT ( 'NONE',  ( 4.627728916223118993, -3.000000000000000000, 1.599895466916377851 ) ) ;
#7913 = DIRECTION ( 'NONE',  ( -0.000000000000000000, 1.000000000000000000, -0.000000000000000000 ) ) ;
#7914 = LINE ( 'NONE', #2659, #1342 ) ;
#7915 = CARTESIAN_POINT ( 'NONE',  ( 4.369181239079034107, -3.010000000000000231, 2.150721550459150144 ) ) ;
#7916 = CARTESIAN_POINT ( 'NONE',  ( 3.576427230913534761, -3.010000000000000231, 1.582538878077187183 ) ) ;
#7917 = ADVANCED_FACE ( 'NONE', ( #7465 ), #9364, .F. ) ;
#7918 = EDGE_LOOP ( 'NONE', ( #8714, #4846, #1373, #3776 ) ) ;
#7919 = CARTESIAN_POINT ( 'NONE',  ( -4.060000000000001386, -2.149999999999999467, -4.099999999999999645 ) ) ;
#7920 = CARTESIAN_POINT ( 'NONE',  ( 3.950740080787856989, -3.010000000000000231, 1.481674173123481486 ) ) ;
#7921 = CARTESIAN_POINT ( 'NONE',  ( 4.154106904735950678, -3.000000000000000000, 2.383398085747340023 ) ) ;
#7922 = CARTESIAN_POINT ( 'NONE',  ( 3.531480215476908935, -3.000000000000000000, 1.683894807242781511 ) ) ;
#7923 = ORIENTED_EDGE ( 'NONE', *, *, #3822, .F. ) ;
#7924 = FACE_OUTER_BOUND ( 'NONE', #5995, .T. ) ;
#7925 = DIRECTION ( 'NONE',  ( -0.000000000000000000, 1.000000000000000000, -0.000000000000000000 ) ) ;
#7926 = CARTESIAN_POINT ( 'NONE',  ( 3.885407260534478269, -3.000000000000000000, 1.655076320113465504 ) ) ;
#7927 = CARTESIAN_POINT ( 'NONE',  ( -4.447228653561730027, -2.979999999999999982, 2.086582983371502387 ) ) ;
#7928 = EDGE_CURVE ( 'NONE', #5569, #9445, #1481, .T. ) ;
#7929 = EDGE_CURVE ( 'NONE', #8780, #1452, #4497, .T. ) ;
#7930 = ADVANCED_FACE ( 'NONE', ( #2218 ), #521, .F. ) ;
#7931 = EDGE_CURVE ( 'NONE', #7765, #6539, #5095, .T. ) ;
#7932 = FACE_OUTER_BOUND ( 'NONE', #4483, .T. ) ;
#7933 = ORIENTED_EDGE ( 'NONE', *, *, #8155, .F. ) ;
#7934 = DIRECTION ( 'NONE',  ( -0.000000000000000000, 0.000000000000000000, 1.000000000000000000 ) ) ;
#7935 = CARTESIAN_POINT ( 'NONE',  ( 3.871161758373776518, -3.000000000000000000, 1.785741960620231605 ) ) ;
#7936 = FACE_OUTER_BOUND ( 'NONE', #6302, .T. ) ;
#7937 = EDGE_LOOP ( 'NONE', ( #601, #9038, #4641, #4433 ) ) ;
#7938 = FACE_OUTER_BOUND ( 'NONE', #843, .T. ) ;
#7939 = FACE_OUTER_BOUND ( 'NONE', #3886, .T. ) ;
#7940 = LINE ( 'NONE', #4143, #2231 ) ;
#7941 = CARTESIAN_POINT ( 'NONE',  ( 3.808612541990934020, -3.000000000000000000, 1.789016788703759575 ) ) ;
#7942 = B_SPLINE_CURVE_WITH_KNOTS ( 'NONE', 3,
 ( #2314, #1431, #4404, #5281 ),
 .UNSPECIFIED., .F., .F.,
 ( 4, 4 ),
 ( 7.000000000000000000, 8.000000000000000000 ),
 .UNSPECIFIED. ) ;
#7943 = EDGE_CURVE ( 'NONE', #9353, #6288, #655, .T. ) ;
#7944 = EDGE_CURVE ( 'NONE', #8997, #8043, #8774, .T. ) ;
#7945 = VERTEX_POINT ( 'NONE', #8243 ) ;
#7946 = FACE_OUTER_BOUND ( 'NONE', #4427, .T. ) ;
#7947 = ORIENTED_EDGE ( 'NONE', *, *, #2509, .T. ) ;
#7948 = CARTESIAN_POINT ( 'NONE',  ( 3.559999999999998277, -2.449999999999999289, 0.5000000000000000000 ) ) ;
#7949 = ORIENTED_EDGE ( 'NONE', *, *, #1171, .F. ) ;
#7950 = DIRECTION ( 'NONE',  ( 1.000000000000000000, 0.000000000000000000, 0.000000000000000000 ) ) ;
#7951 = ORIENTED_EDGE ( 'NONE', *, *, #958, .F. ) ;
#7952 = CARTESIAN_POINT ( 'NONE',  ( 3.744344040864370893, -3.010000000000000231, 1.604480226231551176 ) ) ;
#7953 = CARTESIAN_POINT ( 'NONE',  ( 4.274948060994349319, -3.010000000000000231, 2.274837534798882288 ) ) ;
#7954 = COLOUR_RGB ( '',0.4980392156862745168, 0.4980392156862745168, 0.4980392156862745168 ) ;
#7955 = CARTESIAN_POINT ( 'NONE',  ( 1.951583369965870229, -3.000000000000000000, 2.148254481510083913 ) ) ;
#7956 = ORIENTED_EDGE ( 'NONE', *, *, #5075, .T. ) ;
#7957 = CARTESIAN_POINT ( 'NONE',  ( 3.551211054675644352, -3.000000000000000000, 1.781975908324832103 ) ) ;
#7958 = CARTESIAN_POINT ( 'NONE',  ( -4.060000000000001386, -2.449999999999999289, -4.099999999999999645 ) ) ;
#7959 = CARTESIAN_POINT ( 'NONE',  ( 4.035230645327230192, -3.010000000000000231, 1.611521106610473542 ) ) ;
#7960 =( GEOMETRIC_REPRESENTATION_CONTEXT ( 3 ) GLOBAL_UNCERTAINTY_ASSIGNED_CONTEXT ( ( #5391 ) ) GLOBAL_UNIT_ASSIGNED_CONTEXT ( ( #5647, #8614, #1952 ) ) REPRESENTATION_CONTEXT ( 'NONE', 'WORKASPACE' ) );
#7961 = DIRECTION ( 'NONE',  ( -0.3559357243698761386, -0.000000000000000000, 0.9345104387417465519 ) ) ;
#7962 = CARTESIAN_POINT ( 'NONE',  ( 3.603526433300205944, -3.010000000000000231, 1.756432249279040736 ) ) ;
#7963 = EDGE_CURVE ( 'NONE', #7421, #4444, #2365, .T. ) ;
#7964 = CARTESIAN_POINT ( 'NONE',  ( 3.927980025612624271, -3.010000000000000231, 1.450563306336576375 ) ) ;
#7965 = VECTOR ( 'NONE', #4443, 1000.000000000000000 ) ;
#7966 = COLOUR_RGB ( '',0.6666666666666666297, 0.6666666666666666297, 0.6666666666666666297 ) ;
#7967 = ORIENTED_EDGE ( 'NONE', *, *, #6913, .T. ) ;
#7968 = VECTOR ( 'NONE', #4811, 1000.000000000000000 ) ;
#7969 = CARTESIAN_POINT ( 'NONE',  ( 2.074549155974592995, -3.010000000000000231, 1.403627999920574743 ) ) ;
#7970 = DIRECTION ( 'NONE',  ( -0.3283461648125166055, -0.000000000000000000, 0.9445574604294392218 ) ) ;
#7971 = VECTOR ( 'NONE', #6155, 1000.000000000000000 ) ;
#7972 = DIRECTION ( 'NONE',  ( 1.000000000000000000, -0.000000000000000000, -0.000000000000000000 ) ) ;
#7973 = CARTESIAN_POINT ( 'NONE',  ( 4.142071911529770389, -3.000000000000000000, 2.346556269815353701 ) ) ;
#7974 = ADVANCED_FACE ( 'NONE', ( #8981 ), #1567, .F. ) ;
#7975 = DIRECTION ( 'NONE',  ( -8.673617379884035472E-16, 1.000000000000000000, 0.000000000000000000 ) ) ;
#7976 = VERTEX_POINT ( 'NONE', #5182 ) ;
#7977 = AXIS2_PLACEMENT_3D ( 'NONE', #6815, #1655, #4639 ) ;
#7978 = PRESENTATION_LAYER_ASSIGNMENT (  '', '', ( #6898 ) ) ;
#7979 =( GEOMETRIC_REPRESENTATION_CONTEXT ( 3 ) GLOBAL_UNCERTAINTY_ASSIGNED_CONTEXT ( ( #8697 ) ) GLOBAL_UNIT_ASSIGNED_CONTEXT ( ( #6544, #5766, #2133 ) ) REPRESENTATION_CONTEXT ( 'NONE', 'WORKASPACE' ) );
#7980 = CARTESIAN_POINT ( 'NONE',  ( 4.415274444347737415, -3.010000000000000231, 1.555030322181724767 ) ) ;
#7981 = ORIENTED_EDGE ( 'NONE', *, *, #8771, .T. ) ;
#7982 = ORIENTED_EDGE ( 'NONE', *, *, #8179, .T. ) ;
#7983 = CARTESIAN_POINT ( 'NONE',  ( 3.717326709180762911, -3.010000000000000231, 2.332474509059698331 ) ) ;
#7984 = CARTESIAN_POINT ( 'NONE',  ( 3.805337713908514718, -3.000000000000000000, 1.655567544325328155 ) ) ;
#7985 = DIRECTION ( 'NONE',  ( 0.000000000000000000, -0.000000000000000000, 1.000000000000000000 ) ) ;
#7986 = ORIENTED_EDGE ( 'NONE', *, *, #5993, .F. ) ;
#7987 = DIRECTION ( 'NONE',  ( -0.000000000000000000, 1.000000000000000000, -0.000000000000000000 ) ) ;
#7988 = EDGE_CURVE ( 'NONE', #1613, #6132, #9563, .T. ) ;
#7989 = VECTOR ( 'NONE', #4376, 1000.000000000000000 ) ;
#7990 = FACE_BOUND ( 'NONE', #8918, .T. ) ;
#7991 = DIRECTION ( 'NONE',  ( -0.000000000000000000, -0.000000000000000000, 1.000000000000000000 ) ) ;
#7992 =( GEOMETRIC_REPRESENTATION_CONTEXT ( 3 ) GLOBAL_UNCERTAINTY_ASSIGNED_CONTEXT ( ( #242 ) ) GLOBAL_UNIT_ASSIGNED_CONTEXT ( ( #5049, #1242, #8593 ) ) REPRESENTATION_CONTEXT ( 'NONE', 'WORKASPACE' ) );
#7993 = PLANE ( 'NONE',  #3675 ) ;
#7994 = ORIENTED_EDGE ( 'NONE', *, *, #797, .F. ) ;
#7995 = STYLED_ITEM ( 'NONE', ( #7776 ), #155 ) ;
#7996 = EDGE_CURVE ( 'NONE', #168, #2243, #6689, .T. ) ;
#7997 = ORIENTED_EDGE ( 'NONE', *, *, #4128, .T. ) ;
#7998 =( NAMED_UNIT ( * ) PLANE_ANGLE_UNIT ( ) SI_UNIT ( $, .RADIAN. ) );
#7999 = ORIENTED_EDGE ( 'NONE', *, *, #5439, .T. ) ;
#8000 =( NAMED_UNIT ( * ) PLANE_ANGLE_UNIT ( ) SI_UNIT ( $, .RADIAN. ) );
#8001 = ORIENTED_EDGE ( 'NONE', *, *, #2518, .T. ) ;
#8002 = FACE_BOUND ( 'NONE', #2217, .T. ) ;
#8003 = ORIENTED_EDGE ( 'NONE', *, *, #4816, .T. ) ;
#8004 = EDGE_CURVE ( 'NONE', #4248, #3566, #5233, .T. ) ;
#8005 = CARTESIAN_POINT ( 'NONE',  ( 4.598337334179948499, -3.000000000000000000, 1.624947901750299462 ) ) ;
#8006 = EDGE_CURVE ( 'NONE', #3005, #3517, #995, .T. ) ;
#8007 = CARTESIAN_POINT ( 'NONE',  ( 4.226644346772213012, -3.010000000000000231, 2.340989062074239957 ) ) ;
#8008 = CARTESIAN_POINT ( 'NONE',  ( 1.580408640940868192, -3.010000000000000231, 1.915985571920315156 ) ) ;
#8009 = CARTESIAN_POINT ( 'NONE',  ( 5.549999999999999822, 0.000000000000000000, 9.799999999999998934 ) ) ;
#8010 = AXIS2_PLACEMENT_3D ( 'NONE', #1254, #3544, #4218 ) ;
#8011 = ORIENTED_EDGE ( 'NONE', *, *, #2785, .F. ) ;
#8012 = CARTESIAN_POINT ( 'NONE',  ( 3.600742829429650627, -3.000000000000000000, 2.094558248836125181 ) ) ;
#8013 = CARTESIAN_POINT ( 'NONE',  ( 4.554045284359155232, -3.000000000000000000, 1.555030322181724767 ) ) ;
#8014 = FILL_AREA_STYLE ('',( #2028 ) ) ;
#8015 = EDGE_CURVE ( 'NONE', #7318, #6469, #4354, .T. ) ;
#8016 = DIRECTION ( 'NONE',  ( 0.000000000000000000, 0.000000000000000000, -1.000000000000000000 ) ) ;
#8017 = FACE_OUTER_BOUND ( 'NONE', #6969, .T. ) ;
#8018 = AXIS2_PLACEMENT_3D ( 'NONE', #1388, #7381, #4263 ) ;
#8019 = UNCERTAINTY_MEASURE_WITH_UNIT (LENGTH_MEASURE( 1.000000000000000082E-05 ), #8451, 'distance_accuracy_value', 'NONE');
#8020 = ORIENTED_EDGE ( 'NONE', *, *, #7295, .T. ) ;
#8021 =( NAMED_UNIT ( * ) SI_UNIT ( $, .STERADIAN. ) SOLID_ANGLE_UNIT ( ) );
#8022 = AXIS2_PLACEMENT_3D ( 'NONE', #9170, #2290, #3644 ) ;
#8023 = CARTESIAN_POINT ( 'NONE',  ( 4.456619148892922766, -3.000000000000000000, 1.838466692755773568 ) ) ;
#8024 = CARTESIAN_POINT ( 'NONE',  ( 3.988973698655676525, -3.010000000000000231, 1.447288478253044630 ) ) ;
#8025 = DIRECTION ( 'NONE',  ( 2.103084324595235882E-14, 0.000000000000000000, -1.000000000000000000 ) ) ;
#8026 = DIRECTION ( 'NONE',  ( -1.000000000000000000, 0.000000000000000000, -0.000000000000000000 ) ) ;
#8027 = CARTESIAN_POINT ( 'NONE',  ( 4.430174912123167275, -3.010000000000000231, 2.320030162343628799 ) ) ;
#8028 = COLOUR_RGB ( '',0.6666666666666666297, 0.6666666666666666297, 0.6666666666666666297 ) ;
#8029 = ORIENTED_EDGE ( 'NONE', *, *, #3590, .F. ) ;
#8030 = VERTEX_POINT ( 'NONE', #180 ) ;
#8031 = CARTESIAN_POINT ( 'NONE',  ( 1.780797483678681070, -3.000000000000000000, 1.747476926333766389 ) ) ;
#8032 = DIRECTION ( 'NONE',  ( 0.000000000000000000, 0.000000000000000000, 1.000000000000000000 ) ) ;
#8033 = DIRECTION ( 'NONE',  ( 0.000000000000000000, 0.000000000000000000, 1.000000000000000000 ) ) ;
#8034 = DIRECTION ( 'NONE',  ( 0.000000000000000000, 1.000000000000000000, 0.000000000000000000 ) ) ;
#8035 = AXIS2_PLACEMENT_3D ( 'NONE', #3848, #5952, #8974 ) ;
#8036 = CARTESIAN_POINT ( 'NONE',  ( 1.858220344958817494, -3.010000000000000231, 1.558473852782332303 ) ) ;
#8037 =( NAMED_UNIT ( * ) SI_UNIT ( $, .STERADIAN. ) SOLID_ANGLE_UNIT ( ) );
#8038 = DIRECTION ( 'NONE',  ( -0.000000000000000000, 1.000000000000000000, -0.000000000000000000 ) ) ;
#8039 = VERTEX_POINT ( 'NONE', #3081 ) ;
#8040 = EDGE_CURVE ( 'NONE', #2644, #5430, #942, .T. ) ;
#8041 = VERTEX_POINT ( 'NONE', #236 ) ;
#8042 = DIRECTION ( 'NONE',  ( 1.624890687905883349E-14, -0.000000000000000000, -1.000000000000000000 ) ) ;
#8043 = VERTEX_POINT ( 'NONE', #3178 ) ;
#8044 = CARTESIAN_POINT ( 'NONE',  ( -5.750000000000000000, 3.000000000000000000, 0.000000000000000000 ) ) ;
#8045 = ORIENTED_EDGE ( 'NONE', *, *, #9119, .T. ) ;
#8046 = PLANE ( 'NONE',  #9066 ) ;
#8047 = ORIENTED_EDGE ( 'NONE', *, *, #3359, .T. ) ;
#8048 = CARTESIAN_POINT ( 'NONE',  ( 4.621179260058259075, -3.000000000000000000, 1.647052991310791858 ) ) ;
#8049 = CARTESIAN_POINT ( 'NONE',  ( -4.060000000000001386, -2.449999999999999289, -4.099999999999999645 ) ) ;
#8050 = EDGE_CURVE ( 'NONE', #841, #1281, #284, .T. ) ;
#8051 = EDGE_CURVE ( 'NONE', #6961, #1449, #3274, .T. ) ;
#8052 = ADVANCED_FACE ( 'NONE', ( #5325 ), #4760, .F. ) ;
#8053 = CARTESIAN_POINT ( 'NONE',  ( 3.857653092531977634, -3.010000000000000231, 1.613322262056188006 ) ) ;
#8054 = ORIENTED_EDGE ( 'NONE', *, *, #5953, .T. ) ;
#8055 = CARTESIAN_POINT ( 'NONE',  ( 3.552357244504450229, -3.010000000000000231, 2.128288978090730588 ) ) ;
#8056 = CARTESIAN_POINT ( 'NONE',  ( 4.231474718195512352, -3.000000000000000000, 2.226206337768836807 ) ) ;
#8057 = DIRECTION ( 'NONE',  ( -0.000000000000000000, -0.000000000000000000, 1.000000000000000000 ) ) ;
#8058 = DIRECTION ( 'NONE',  ( 0.000000000000000000, 0.000000000000000000, -1.000000000000000000 ) ) ;
#8059 = CARTESIAN_POINT ( 'NONE',  ( 4.197252764729051400, -3.000000000000000000, 2.133037478809876042 ) ) ;
#8060 = CARTESIAN_POINT ( 'NONE',  ( 1.983463349953810351, -3.010000000000000231, 1.629065230834961353 ) ) ;
#8061 = PRESENTATION_STYLE_ASSIGNMENT (( #8151 ) ) ;
#8062 = ADVANCED_FACE ( 'NONE', ( #5474 ), #9125, .F. ) ;
#8063 = VERTEX_POINT ( 'NONE', #3901 ) ;
#8064 = CARTESIAN_POINT ( 'NONE',  ( -5.750000000000000000, 2.799999999999999378, 0.000000000000000000 ) ) ;
#8065 = DIRECTION ( 'NONE',  ( -0.000000000000000000, 1.000000000000000000, -0.000000000000000000 ) ) ;
#8066 = CARTESIAN_POINT ( 'NONE',  ( 3.464428110479771394, -3.000000000000000000, 2.099634232365364284 ) ) ;
#8067 = CARTESIAN_POINT ( 'NONE',  ( 3.577082196530452229, -3.000000000000000000, 2.339679130840391252 ) ) ;
#8068 = DIRECTION ( 'NONE',  ( -1.000000000000000000, 0.000000000000000000, -0.000000000000000000 ) ) ;
#8069 = CARTESIAN_POINT ( 'NONE',  ( 3.464428110479771394, -3.010000000000000231, 2.099634232365364284 ) ) ;
#8070 = ORIENTED_EDGE ( 'NONE', *, *, #7004, .T. ) ;
#8071 = ORIENTED_EDGE ( 'NONE', *, *, #4124, .T. ) ;
#8072 = CARTESIAN_POINT ( 'NONE',  ( 4.436397085480108693, -3.010000000000000231, 2.342462734712048356 ) ) ;
#8073 = DIRECTION ( 'NONE',  ( -9.459185076092909396E-14, -0.000000000000000000, 1.000000000000000000 ) ) ;
#8074 = LINE ( 'NONE', #775, #1035 ) ;
#8075 = VERTEX_POINT ( 'NONE', #1676 ) ;
#8076 = LINE ( 'NONE', #5357, #1776 ) ;
#8077 = CARTESIAN_POINT ( 'NONE',  ( 3.781431468903377890, -3.010000000000000231, 2.383398085747336470 ) ) ;
#8078 = CARTESIAN_POINT ( 'NONE',  ( 4.226644346772213012, -3.000000000000000000, 2.107985043975945771 ) ) ;
#8079 = CARTESIAN_POINT ( 'NONE',  ( 4.102282750324362404, -3.000000000000000000, 2.063119899241303568 ) ) ;
#8080 = EDGE_LOOP ( 'NONE', ( #6968, #7665, #6821, #6985, #7222, #9562, #6392, #2127 ) ) ;
#8081 = CARTESIAN_POINT ( 'NONE',  ( 4.438198240925837368, -3.010000000000000231, 2.331819543441691511 ) ) ;
#8082 = EDGE_LOOP ( 'NONE', ( #9496, #5574, #9368, #8264 ) ) ;
#8083 = CARTESIAN_POINT ( 'NONE',  ( 3.748355705265706828, -3.010000000000000231, 1.695847929744790372 ) ) ;
#8084 = ORIENTED_EDGE ( 'NONE', *, *, #8490, .F. ) ;
#8085 = LINE ( 'NONE', #3604, #676 ) ;
#8086 = VERTEX_POINT ( 'NONE', #7666 ) ;
#8087 = B_SPLINE_CURVE_WITH_KNOTS ( 'NONE', 3,
 ( #5724, #2656, #7957, #1930 ),
 .UNSPECIFIED., .F., .F.,
 ( 4, 4 ),
 ( 0.000000000000000000, 1.000000000000000000 ),
 .UNSPECIFIED. ) ;
#8088 = CARTESIAN_POINT ( 'NONE',  ( 3.806402033035329868, -3.010000000000000231, 1.549626855844558726 ) ) ;
#8089 = CARTESIAN_POINT ( 'NONE',  ( 4.833224378425935441, -3.000000000000000000, 1.817180310215063654 ) ) ;
#8090 = EDGE_CURVE ( 'NONE', #3829, #1561, #4701, .T. ) ;
#8091 = LINE ( 'NONE', #4307, #1300 ) ;
#8092 = ORIENTED_EDGE ( 'NONE', *, *, #7210, .T. ) ;
#8093 = CARTESIAN_POINT ( 'NONE',  ( 4.347485503030602771, -3.010000000000000231, 1.838466692755773568 ) ) ;
#8094 = B_SPLINE_CURVE_WITH_KNOTS ( 'NONE', 3,
 ( #8393, #899, #1719, #4696 ),
 .UNSPECIFIED., .F., .F.,
 ( 4, 4 ),
 ( 4.000000000000000000, 5.000000000000000000 ),
 .UNSPECIFIED. ) ;
#8095 = ORIENTED_EDGE ( 'NONE', *, *, #4359, .T. ) ;
#8096 = CARTESIAN_POINT ( 'NONE',  ( 3.003624360009190752, -3.000000000000000000, 1.715596816047625373 ) ) ;
#8097 = DIRECTION ( 'NONE',  ( 0.000000000000000000, 1.000000000000000000, 0.000000000000000000 ) ) ;
#8098 = EDGE_CURVE ( 'NONE', #2862, #8736, #6105, .T. ) ;
#8099 = PLANE ( 'NONE',  #8797 ) ;
#8100 = CARTESIAN_POINT ( 'NONE',  ( 3.991839173228208359, -3.000000000000000000, 1.513931229740280493 ) ) ;
#8101 = CARTESIAN_POINT ( 'NONE',  ( 4.032774524265682281, -3.010000000000000231, 1.603497777807805003 ) ) ;
#8102 = EDGE_CURVE ( 'NONE', #5293, #2304, #3304, .T. ) ;
#8103 = SURFACE_STYLE_FILL_AREA ( #4407 ) ;
#8104 = DIRECTION ( 'NONE',  ( 0.000000000000000000, 0.000000000000000000, 1.000000000000000000 ) ) ;
#8105 = UNCERTAINTY_MEASURE_WITH_UNIT (LENGTH_MEASURE( 1.000000000000000082E-05 ), #9240, 'distance_accuracy_value', 'NONE');
#8106 = EDGE_CURVE ( 'NONE', #14, #7318, #9580, .T. ) ;
#8107 = VERTEX_POINT ( 'NONE', #6203 ) ;
#8108 = DIRECTION ( 'NONE',  ( 0.000000000000000000, 0.000000000000000000, -1.000000000000000000 ) ) ;
#8109 = PLANE ( 'NONE',  #8010 ) ;
#8110 = CARTESIAN_POINT ( 'NONE',  ( 3.953687426062375554, -3.010000000000000231, 2.099634232365364284 ) ) ;
#8112 = FACE_OUTER_BOUND ( 'NONE', #2256, .T. ) ;
#8111 = VECTOR ( 'NONE', #616, 1000.000000000000000 ) ;
#8113 = FACE_OUTER_BOUND ( 'NONE', #9555, .T. ) ;
#8114 = EDGE_CURVE ( 'NONE', #3090, #3294, #5059, .T. ) ;
#8115 = PRESENTATION_LAYER_ASSIGNMENT (  '', '', ( #7817 ) ) ;
#8116 = AXIS2_PLACEMENT_3D ( 'NONE', #6801, #3818, #2996 ) ;
#8117 = ORIENTED_EDGE ( 'NONE', *, *, #1382, .F. ) ;
#8118 = CARTESIAN_POINT ( 'NONE',  ( 1.580408640940868192, -3.000000000000000000, 2.013902796016769692 ) ) ;
#8119 = FACE_OUTER_BOUND ( 'NONE', #6768, .T. ) ;
#8120 = FILL_AREA_STYLE ('',( #5989 ) ) ;
#8121 = CARTESIAN_POINT ( 'NONE',  ( 4.274948060994349319, -3.000000000000000000, 2.227352527598723597 ) ) ;
#8122 = CARTESIAN_POINT ( 'NONE',  ( -5.750000000000000000, 3.000000000000000000, 10.00000000000000000 ) ) ;
#8123 = VECTOR ( 'NONE', #3526, 1000.000000000000000 ) ;
#8124 = ORIENTED_EDGE ( 'NONE', *, *, #8996, .F. ) ;
#8125 = VECTOR ( 'NONE', #2512, 1000.000000000000000 ) ;
#8126 = ORIENTED_EDGE ( 'NONE', *, *, #9425, .T. ) ;
#8127 = ORIENTED_EDGE ( 'NONE', *, *, #4107, .T. ) ;
#8128 = CARTESIAN_POINT ( 'NONE',  ( 3.520918894909611296, -3.010000000000000231, 2.259937067023430224 ) ) ;
#8129 = AXIS2_PLACEMENT_3D ( 'NONE', #8387, #3217, #4645 ) ;
#8130 = VECTOR ( 'NONE', #5985, 1000.000000000000000 ) ;
#8131 = VERTEX_POINT ( 'NONE', #6162 ) ;
#8132 = LINE ( 'NONE', #1471, #7965 ) ;
#8133 = EDGE_LOOP ( 'NONE', ( #751, #3221, #5852, #3984 ) ) ;
#8134 = CARTESIAN_POINT ( 'NONE',  ( 3.546871907466395690, -3.010000000000000231, 1.608573761337044328 ) ) ;
#8135 = ORIENTED_EDGE ( 'NONE', *, *, #461, .T. ) ;
#8136 = SURFACE_SIDE_STYLE ('',( #2211 ) ) ;
#8137 = FACE_OUTER_BOUND ( 'NONE', #5042, .T. ) ;
#8138 = AXIS2_PLACEMENT_3D ( 'NONE', #5249, #1310, #1693 ) ;
#8139 =( GEOMETRIC_REPRESENTATION_CONTEXT ( 3 ) GLOBAL_UNCERTAINTY_ASSIGNED_CONTEXT ( ( #4322 ) ) GLOBAL_UNIT_ASSIGNED_CONTEXT ( ( #8926, #6053, #2135 ) ) REPRESENTATION_CONTEXT ( 'NONE', 'WORKASPACE' ) );
#8140 = VERTEX_POINT ( 'NONE', #2463 ) ;
#8141 = EDGE_CURVE ( 'NONE', #7193, #3403, #1213, .T. ) ;
#8142 = PRESENTATION_STYLE_ASSIGNMENT (( #5912 ) ) ;
#8143 = EDGE_LOOP ( 'NONE', ( #9149, #7108, #8688, #6672 ) ) ;
#8144 = DIRECTION ( 'NONE',  ( -0.000000000000000000, 1.000000000000000000, -0.000000000000000000 ) ) ;
#8145 = DIRECTION ( 'NONE',  ( -0.000000000000000000, 1.000000000000000000, -0.000000000000000000 ) ) ;
#8146 = ORIENTED_EDGE ( 'NONE', *, *, #5993, .T. ) ;
#8147 = CARTESIAN_POINT ( 'NONE',  ( 3.927980025612624271, -3.000000000000000000, 1.450563306336576375 ) ) ;
#8148 = CLOSED_SHELL ( 'NONE', ( #9062, #9477, #7146, #3292, #166, #9133, #5349, #3582, #7635, #3290, #388, #7581, #4672, #8894, #4958, #3680, #4049, #7055, #1372, #6160, #9588, #9180, #155, #5094, #3937, #8253, #6616, #6171, #4308, #8167, #4857, #5139, #6296, #8644, #9463, #8945, #8359, #4237, #1261, #2700, #1391, #1871, #8821, #7121, #335, #8662, #7459, #2119, #8587, #2711, #1222, #5315, #4742, #447, #6840, #5500, #8870, #7818, #8370, #379, #911, #2869, #9489, #1274, #1208, #7439, #3797, #101, #971, #5331, #6927, #3946, #8540, #4071, #2175, #24, #4482, #9173, #2749, #571, #2638, #7236, #7794, #6716, #7396, #3197, #7633, #678, #633, #6099, #8267, #6863, #665, #7870, #3414, #5910, #6070, #5514, #2811, #9136, #7334, #9355, #9548, #1456, #6082, #4491, #4740, #8708, #7037, #5484, #7067, #4607, #2141, #2174, #1513, #1604, #3168, #7697, #3064, #1524, #8833, #9401, #2042, #4790, #9004, #3390, #4178, #2684, #3449, #9549, #2758, #7601, #1636, #9603, #2770, #2232, #3089, #3412, #277, #5618, #508, #6564, #5617, #8221, #7685, #5143, #2383, #2060, #8164, #3813, #8062, #5909, #95, #4723, #8641, #9045, #7917, #3400, #7291, #9286, #209, #7675, #2909, #8450, #622, #862, #730, #5749, #5804, #6921, #5515, #5974, #975, #859, #8407, #5024, #5790, #1162, #5195, #2531, #7119, #8224, #811, #1100, #8755, #581, #7930, #2767, #6352, #2496, #5377, #6220, #2916, #458, #4493, #2009, #748, #4909, #9162, #293, #3224, #105, #2652, #7623, #8932, #5031, #2046, #8404, #5213, #8539, #8052, #973, #3994, #6502, #6391, #3362, #9008, #7094, #7832, #7974, #2650, #6449, #2101, #7170, #2335, #3097, #3579, #6996, #2802, #331, #7712, #679, #4623, #610, #5378, #1510, #8508, #8211, #6379, #8710, #1742, #6221, #9077, #6499, #5787, #7339, #4425, #1708, #7833, #2544, #1051, #5717, #736, #6199, #8355, #41, #4662, #2576, #9224, #1995, #3807, #267, #212, #397, #5663, #5965, #5981, #336, #1317 ) ) ;
#8149 = DIRECTION ( 'NONE',  ( 1.000000000000000000, 0.000000000000000000, 0.000000000000000000 ) ) ;
#8150 = CARTESIAN_POINT ( 'NONE',  ( 4.031137110221751030, -3.000000000000000000, 1.597275604450861586 ) ) ;
#8151 = SURFACE_STYLE_USAGE ( .BOTH. , #5057 ) ;
#8152 = FILL_AREA_STYLE ('',( #9569 ) ) ;
#8153 = B_SPLINE_CURVE_WITH_KNOTS ( 'NONE', 3,
 ( #3749, #705, #6736, #6009 ),
 .UNSPECIFIED., .F., .F.,
 ( 4, 4 ),
 ( 17.00000000000000000, 18.00000000000000000 ),
 .UNSPECIFIED. ) ;
#8154 = CIRCLE ( 'NONE', #8784, 0.2000000000000005107 ) ;
#8155 = EDGE_CURVE ( 'NONE', #3717, #2489, #2412, .T. ) ;
#8156 = VERTEX_POINT ( 'NONE', #8300 ) ;
#8157 = LINE ( 'NONE', #4464, #2885 ) ;
#8158 = FACE_OUTER_BOUND ( 'NONE', #4687, .T. ) ;
#8159 = CARTESIAN_POINT ( 'NONE',  ( 3.693911688387511383, -3.010000000000000231, 2.101762870618999024 ) ) ;
#8160 = CARTESIAN_POINT ( 'NONE',  ( 0.000000000000000000, 0.000000000000000000, 10.00000000000000000 ) ) ;
#8161 = B_SPLINE_CURVE_WITH_KNOTS ( 'NONE', 3,
 ( #1521, #7370, #8235, #789 ),
 .UNSPECIFIED., .F., .F.,
 ( 4, 4 ),
 ( 1.000000000000000000, 2.000000000000000000 ),
 .UNSPECIFIED. ) ;
#8162 = VECTOR ( 'NONE', #7766, 1000.000000000000000 ) ;
#8163 = DIRECTION ( 'NONE',  ( -0.3559357243698768603, 0.000000000000000000, -0.9345104387417462188 ) ) ;
#8164 = ADVANCED_FACE ( 'NONE', ( #901 ), #7191, .F. ) ;
#8165 = EDGE_CURVE ( 'NONE', #6276, #9039, #8580, .T. ) ;
#8166 = VECTOR ( 'NONE', #855, 1000.000000000000000 ) ;
#8167 = ADVANCED_FACE ( 'NONE', ( #428 ), #9269, .T. ) ;
#8168 = ORIENTED_EDGE ( 'NONE', *, *, #8517, .T. ) ;
#8169 = ORIENTED_EDGE ( 'NONE', *, *, #7944, .F. ) ;
#8170 = CARTESIAN_POINT ( 'NONE',  ( 2.550472527177178428, -3.010000000000000231, 1.943311417964140420 ) ) ;
#8171 = SURFACE_STYLE_FILL_AREA ( #8120 ) ;
#8172 = CARTESIAN_POINT ( 'NONE',  ( 1.994849119140190696, -3.000000000000000000, 2.148254481510083913 ) ) ;
#8173 = DIRECTION ( 'NONE',  ( 0.000000000000000000, -1.000000000000000000, 0.000000000000000000 ) ) ;
#8174 = CARTESIAN_POINT ( 'NONE',  ( 4.783365120864023545, -3.000000000000000000, 1.678818823713545738 ) ) ;
#8175 = CARTESIAN_POINT ( 'NONE',  ( 4.783365120864023545, -3.010000000000000231, 1.678818823713545738 ) ) ;
#8176 = VECTOR ( 'NONE', #1358, 1000.000000000000000 ) ;
#8177 = B_SPLINE_SURFACE_WITH_KNOTS ( 'NONE', 3, 1, ( 
 ( #6027, #3056 ),
 ( #8317, #3771 ),
 ( #5443, #957 ),
 ( #150, #2324 ) ),
 .UNSPECIFIED., .F., .F., .F.,
 ( 4, 4 ),
 ( 2, 2 ),
 ( 7.000000000000000000, 8.000000000000000000 ),
 ( 0.000000000000000000, 1.000000000000000000 ),
 .UNSPECIFIED. ) ;
#8178 = EDGE_LOOP ( 'NONE', ( #5061, #3505, #4664, #8899 ) ) ;
#8179 = EDGE_CURVE ( 'NONE', #6487, #427, #6394, .T. ) ;
#8180 = CARTESIAN_POINT ( 'NONE',  ( 3.577082196530452229, -3.000000000000000000, 2.339679130840391252 ) ) ;
#8181 = COLOUR_RGB ( '',0.6666666666666666297, 0.6666666666666666297, 0.6666666666666666297 ) ;
#8182 = ORIENTED_EDGE ( 'NONE', *, *, #8477, .F. ) ;
#8183 = CARTESIAN_POINT ( 'NONE',  ( 3.870752404863873064, -3.000000000000000000, 1.750865041537928546 ) ) ;
#8184 = ORIENTED_EDGE ( 'NONE', *, *, #8801, .F. ) ;
#8185 = CARTESIAN_POINT ( 'NONE',  ( 4.014189874894639409, -3.000000000000000000, 2.063119899241303568 ) ) ;
#8186 = ORIENTED_EDGE ( 'NONE', *, *, #2813, .T. ) ;
#8187 = SURFACE_STYLE_USAGE ( .BOTH. , #4273 ) ;
#8188 = CYLINDRICAL_SURFACE ( 'NONE', #6705, 0.4655872561384367669 ) ;
#8189 = CARTESIAN_POINT ( 'NONE',  ( 4.415274444347737415, -3.010000000000000231, 1.555030322181724767 ) ) ;
#8190 = CARTESIAN_POINT ( 'NONE',  ( 3.518626515250925735, -3.000000000000000000, 2.101435387811084077 ) ) ;
#8191 = B_SPLINE_CURVE_WITH_KNOTS ( 'NONE', 3,
 ( #9373, #9422, #7782, #5491 ),
 .UNSPECIFIED., .F., .F.,
 ( 4, 4 ),
 ( 3.000000000000000000, 4.000000000000000000 ),
 .UNSPECIFIED. ) ;
#8192 = COLOUR_RGB ( '',0.2980392156862745057, 0.2980392156862745057, 0.2980392156862745057 ) ;
#8193 = ORIENTED_EDGE ( 'NONE', *, *, #3874, .T. ) ;
#8194 = CARTESIAN_POINT ( 'NONE',  ( 3.528532870201293914, -3.000000000000000000, 1.728759951977420606 ) ) ;
#8195 = B_SPLINE_CURVE_WITH_KNOTS ( 'NONE', 3,
 ( #6604, #5684, #9511, #2843 ),
 .UNSPECIFIED., .F., .F.,
 ( 4, 4 ),
 ( 14.00000000000000000, 15.00000000000000000 ),
 .UNSPECIFIED. ) ;
#8196 = EDGE_LOOP ( 'NONE', ( #5103, #1717, #590, #3588, #8029, #3110 ) ) ;
#8197 = CARTESIAN_POINT ( 'NONE',  ( 1.580408640940868192, -3.010000000000000231, 1.915985571920315156 ) ) ;
#8198 = FACE_OUTER_BOUND ( 'NONE', #2462, .T. ) ;
#8199 = EDGE_LOOP ( 'NONE', ( #7450, #5716, #5361, #7698 ) ) ;
#8200 = DIRECTION ( 'NONE',  ( -0.000000000000000000, -0.000000000000000000, 1.000000000000000000 ) ) ;
#8201 = LINE ( 'NONE', #1533, #5856 ) ;
#8202 = SURFACE_SIDE_STYLE ('',( #2418 ) ) ;
#8203 = DIRECTION ( 'NONE',  ( 0.9209172030172537715, 0.000000000000000000, -0.3897582650655124215 ) ) ;
#8204 = UNCERTAINTY_MEASURE_WITH_UNIT (LENGTH_MEASURE( 1.000000000000000082E-05 ), #9602, 'distance_accuracy_value', 'NONE');
#8205 = EDGE_LOOP ( 'NONE', ( #5763, #615, #3605, #5806 ) ) ;
#8206 = CARTESIAN_POINT ( 'NONE',  ( 3.557515098735669845, -3.000000000000000000, 1.648526663946418003 ) ) ;
#8207 = CARTESIAN_POINT ( 'NONE',  ( 3.833664976824861181, -3.010000000000000231, 1.789016788703759575 ) ) ;
#8208 = CARTESIAN_POINT ( 'NONE',  ( 3.857653092531977634, -3.010000000000000231, 1.592690845133495348 ) ) ;
#8209 = LINE ( 'NONE', #6067, #1353 ) ;
#8210 = B_SPLINE_CURVE_WITH_KNOTS ( 'NONE', 3,
 ( #741, #3695, #1553, #6719 ),
 .UNSPECIFIED., .F., .F.,
 ( 4, 4 ),
 ( 7.000000000000000000, 8.000000000000000000 ),
 .UNSPECIFIED. ) ;
#8211 = ADVANCED_FACE ( 'NONE', ( #5620 ), #6356, .F. ) ;
#8212 = ORIENTED_EDGE ( 'NONE', *, *, #4475, .F. ) ;
#8213 = ORIENTED_EDGE ( 'NONE', *, *, #3933, .F. ) ;
#8214 = FACE_OUTER_BOUND ( 'NONE', #4195, .T. ) ;
#8215 = DIRECTION ( 'NONE',  ( 1.000000000000000000, 0.000000000000000000, -0.000000000000000000 ) ) ;
#8216 = CARTESIAN_POINT ( 'NONE',  ( 4.597436756455998363, -3.010000000000000231, 1.808338274392610856 ) ) ;
#8217 = B_SPLINE_CURVE_WITH_KNOTS ( 'NONE', 3,
 ( #4957, #7003, #7916, #7189 ),
 .UNSPECIFIED., .F., .F.,
 ( 4, 4 ),
 ( 3.000000000000000000, 4.000000000000000000 ),
 .UNSPECIFIED. ) ;
#8218 = EDGE_CURVE ( 'NONE', #3005, #1982, #5760, .T. ) ;
#8219 = CARTESIAN_POINT ( 'NONE',  ( 4.503367319777459521, -3.010000000000000231, 1.555030322181724767 ) ) ;
#8220 = CARTESIAN_POINT ( 'NONE',  ( 4.535215022882170821, -3.010000000000000231, 2.063119899241303568 ) ) ;
#8221 = ADVANCED_FACE ( 'NONE', ( #4198 ), #2604, .F. ) ;
#8222 = DIRECTION ( 'NONE',  ( 0.000000000000000000, 1.000000000000000000, 0.000000000000000000 ) ) ;
#8223 = PRESENTATION_STYLE_ASSIGNMENT (( #3013 ) ) ;
#8224 = ADVANCED_FACE ( 'NONE', ( #8679 ), #7084, .F. ) ;
#8225 = EDGE_CURVE ( 'NONE', #3391, #5842, #3413, .T. ) ;
#8226 = EDGE_LOOP ( 'NONE', ( #6975, #3245, #3903, #9010 ) ) ;
#8227 = ORIENTED_EDGE ( 'NONE', *, *, #516, .F. ) ;
#8228 = ORIENTED_EDGE ( 'NONE', *, *, #8098, .F. ) ;
#8229 = CARTESIAN_POINT ( 'NONE',  ( 4.441391198307380606, -3.010000000000000231, 2.320030162343628799 ) ) ;
#8230 = VERTEX_POINT ( 'NONE', #8726 ) ;
#8231 = PLANE ( 'NONE',  #3919 ) ;
#8232 = ORIENTED_EDGE ( 'NONE', *, *, #5571, .T. ) ;
#8233 = CARTESIAN_POINT ( 'NONE',  ( 3.558497547160498264, -3.010000000000000231, 1.592854586537445050 ) ) ;
#8234 = ORIENTED_EDGE ( 'NONE', *, *, #5726, .F. ) ;
#8235 = CARTESIAN_POINT ( 'NONE',  ( 2.488989590739716373, -3.010000000000000231, 2.469331826119598006 ) ) ;
#8236 = CARTESIAN_POINT ( 'NONE',  ( 3.649865250672663652, -3.000000000000000000, 1.700432689062166824 ) ) ;
#8237 = ORIENTED_EDGE ( 'NONE', *, *, #1551, .T. ) ;
#8238 = EDGE_CURVE ( 'NONE', #5645, #4603, #72, .T. ) ;
#8239 = DIRECTION ( 'NONE',  ( 1.000000000000000000, -0.000000000000000000, -0.000000000000000000 ) ) ;
#8240 = EDGE_CURVE ( 'NONE', #349, #2489, #3872, .T. ) ;
#8241 = ORIENTED_EDGE ( 'NONE', *, *, #958, .T. ) ;
#8242 = ORIENTED_EDGE ( 'NONE', *, *, #8686, .F. ) ;
#8243 = CARTESIAN_POINT ( 'NONE',  ( 4.456619148892922766, -3.010000000000000231, 1.838466692755773568 ) ) ;
#8244 = CARTESIAN_POINT ( 'NONE',  ( 3.785934357516583582, -3.010000000000000231, 1.725648865300039914 ) ) ;
#8245 = ORIENTED_EDGE ( 'NONE', *, *, #154, .T. ) ;
#8246 = CARTESIAN_POINT ( 'NONE',  ( 4.223860742902751042, -3.000000000000000000, 1.838466692755773568 ) ) ;
#8247 = FACE_OUTER_BOUND ( 'NONE', #2499, .T. ) ;
#8248 = LINE ( 'NONE', #8401, #3368 ) ;
#8249 = CARTESIAN_POINT ( 'NONE',  ( 2.074549155974592995, -3.010000000000000231, 1.403627999920574743 ) ) ;
#8250 = CARTESIAN_POINT ( 'NONE',  ( 2.302263671026000935, -3.010000000000000231, 1.654113966477452458 ) ) ;
#8251 = EDGE_LOOP ( 'NONE', ( #5170, #5312, #4361, #4484 ) ) ;
#8252 = CARTESIAN_POINT ( 'NONE',  ( 2.621063992097106166, -3.000000000000000000, 1.822622698928031193 ) ) ;
#8253 = ADVANCED_FACE ( 'NONE', ( #2068 ), #4301, .T. ) ;
#8254 = FACE_BOUND ( 'NONE', #8196, .T. ) ;
#8255 = CARTESIAN_POINT ( 'NONE',  ( 3.841852047032582540, -3.010000000000000231, 1.582375136673235927 ) ) ;
#8256 = B_SPLINE_CURVE_WITH_KNOTS ( 'NONE', 3,
 ( #8805, #7344, #4467, #7437 ),
 .UNSPECIFIED., .F., .F.,
 ( 4, 4 ),
 ( 35.00000000000000000, 36.00000000000000000 ),
 .UNSPECIFIED. ) ;
#8257 = B_SPLINE_SURFACE_WITH_KNOTS ( 'NONE', 3, 1, ( 
 ( #5159, #6671 ),
 ( #9248, #3208 ),
 ( #2535, #6141 ),
 ( #7013, #3154 ) ),
 .UNSPECIFIED., .F., .F., .F.,
 ( 4, 4 ),
 ( 2, 2 ),
 ( 19.00000000000000000, 20.00000000000000000 ),
 ( 0.000000000000000000, 1.000000000000000000 ),
 .UNSPECIFIED. ) ;
#8258 = CARTESIAN_POINT ( 'NONE',  ( 3.564637849815470272, -3.010000000000000231, 1.655403802921366463 ) ) ;
#8259 = SURFACE_SIDE_STYLE ('',( #8368 ) ) ;
#8260 = CARTESIAN_POINT ( 'NONE',  ( 4.632559287644243184, -3.010000000000000231, 1.718116760709258450 ) ) ;
#8261 = AXIS2_PLACEMENT_3D ( 'NONE', #2789, #5764, #4945 ) ;
#8262 = B_SPLINE_SURFACE_WITH_KNOTS ( 'NONE', 3, 1, ( 
 ( #6295, #7984 ),
 ( #5934, #4232 ),
 ( #7211, #4373 ),
 ( #7351, #8852 ) ),
 .UNSPECIFIED., .F., .F., .F.,
 ( 4, 4 ),
 ( 2, 2 ),
 ( 3.000000000000000000, 4.000000000000000000 ),
 ( 0.000000000000000000, 1.000000000000000000 ),
 .UNSPECIFIED. ) ;
#8263 = EDGE_LOOP ( 'NONE', ( #6908, #1826, #1590, #179 ) ) ;
#8264 = ORIENTED_EDGE ( 'NONE', *, *, #6030, .T. ) ;
#8265 = CARTESIAN_POINT ( 'NONE',  ( 4.035230645327230192, -3.000000000000000000, 1.611521106610473542 ) ) ;
#8266 = CARTESIAN_POINT ( 'NONE',  ( 4.505004733817024487, -3.000000000000000000, 1.838466692755773568 ) ) ;
#8267 = ADVANCED_FACE ( 'NONE', ( #7276 ), #7647, .F. ) ;
#8268 = LINE ( 'NONE', #879, #3643 ) ;
#8269 = CARTESIAN_POINT ( 'NONE',  ( 2.122369169387957388, -3.000000000000000000, 1.540256535218800238 ) ) ;
#8270 = LINE ( 'NONE', #6912, #2093 ) ;
#8271 = CARTESIAN_POINT ( 'NONE',  ( 2.677992620859140693, -3.000000000000000000, 2.207460133810529967 ) ) ;
#8272 = DIRECTION ( 'NONE',  ( -8.673617379884035472E-16, -1.000000000000000000, 0.000000000000000000 ) ) ;
#8273 =( GEOMETRIC_REPRESENTATION_CONTEXT ( 3 ) GLOBAL_UNCERTAINTY_ASSIGNED_CONTEXT ( ( #1577 ) ) GLOBAL_UNIT_ASSIGNED_CONTEXT ( ( #5158, #4335, #597 ) ) REPRESENTATION_CONTEXT ( 'NONE', 'WORKASPACE' ) );
#8274 = VERTEX_POINT ( 'NONE', #646 ) ;
#8275 =( GEOMETRIC_REPRESENTATION_CONTEXT ( 3 ) GLOBAL_UNCERTAINTY_ASSIGNED_CONTEXT ( ( #3718 ) ) GLOBAL_UNIT_ASSIGNED_CONTEXT ( ( #7289, #1350, #3386 ) ) REPRESENTATION_CONTEXT ( 'NONE', 'WORKASPACE' ) );
#8276 = VERTEX_POINT ( 'NONE', #5811 ) ;
#8277 = VERTEX_POINT ( 'NONE', #4387 ) ;
#8278 = CARTESIAN_POINT ( 'NONE',  ( 3.950740080787856989, -3.000000000000000000, 1.481674173123481486 ) ) ;
#8279 = EDGE_CURVE ( 'NONE', #3374, #2067, #8917, .T. ) ;
#8280 = MECHANICAL_DESIGN_GEOMETRIC_PRESENTATION_REPRESENTATION (  '', ( #219 ), #4083 ) ;
#8281 = ORIENTED_EDGE ( 'NONE', *, *, #189, .T. ) ;
#8282 = ORIENTED_EDGE ( 'NONE', *, *, #6041, .F. ) ;
#8283 = CARTESIAN_POINT ( 'NONE',  ( 3.477527422810591240, -3.000000000000000000, 2.217200560540232956 ) ) ;
#8284 = ORIENTED_EDGE ( 'NONE', *, *, #2273, .T. ) ;
#8285 = VECTOR ( 'NONE', #2437, 1000.000000000000000 ) ;
#8286 = PRODUCT_DEFINITION_FORMATION_WITH_SPECIFIED_SOURCE ( '»Œ∫Œ', '', #2063, .NOT_KNOWN. ) ;
#8287 = DIRECTION ( 'NONE',  ( -0.000000000000000000, -1.000000000000000000, -0.000000000000000000 ) ) ;
#8288 = CARTESIAN_POINT ( 'NONE',  ( 2.072272002136880786, -3.010000000000000231, 1.717873926451140010 ) ) ;
#8289 = VECTOR ( 'NONE', #2972, 1000.000000000000000 ) ;
#8290 = CARTESIAN_POINT ( 'NONE',  ( 4.439835654967591694, -3.000000000000000000, 2.324451180254854421 ) ) ;
#8291 = AXIS2_PLACEMENT_3D ( 'NONE', #4082, #7066, #4878 ) ;
#8292 = EDGE_CURVE ( 'NONE', #4390, #9495, #2921, .T. ) ;
#8293 = MECHANICAL_DESIGN_GEOMETRIC_PRESENTATION_REPRESENTATION (  '', ( #4567 ), #3155 ) ;
#8294 = VECTOR ( 'NONE', #1649, 1000.000000000000000 ) ;
#8295 = ORIENTED_EDGE ( 'NONE', *, *, #8399, .F. ) ;
#8296 = CARTESIAN_POINT ( 'NONE',  ( 3.460498316779327954, -3.010000000000000231, 1.838466692755763132 ) ) ;
#8297 = EDGE_CURVE ( 'NONE', #1014, #199, #8779, .T. ) ;
#8298 = EDGE_CURVE ( 'NONE', #9396, #7278, #7317, .T. ) ;
#8299 = ORIENTED_EDGE ( 'NONE', *, *, #3532, .T. ) ;
#8300 = CARTESIAN_POINT ( 'NONE',  ( -1.020000000000000906, -2.149999999999999911, -4.099999999999999645 ) ) ;
#8301 = DIRECTION ( 'NONE',  ( 1.000000000000000000, 0.000000000000000000, -0.000000000000000000 ) ) ;
#8302 = ORIENTED_EDGE ( 'NONE', *, *, #6584, .F. ) ;
#8303 = LINE ( 'NONE', #2222, #7551 ) ;
#8304 = DIRECTION ( 'NONE',  ( 0.000000000000000000, 0.000000000000000000, 1.000000000000000000 ) ) ;
#8305 = LINE ( 'NONE', #7429, #5708 ) ;
#8306 = VECTOR ( 'NONE', #5740, 1000.000000000000000 ) ;
#8307 = LINE ( 'NONE', #4557, #7361 ) ;
#8308 = CARTESIAN_POINT ( 'NONE',  ( 3.822776173449652148, -3.010000000000000231, 2.346556269815353701 ) ) ;
#8309 = VECTOR ( 'NONE', #9595, 1000.000000000000000 ) ;
#8310 = UNCERTAINTY_MEASURE_WITH_UNIT (LENGTH_MEASURE( 1.000000000000000082E-05 ), #6431, 'distance_accuracy_value', 'NONE');
#8311 = EDGE_CURVE ( 'NONE', #976, #9495, #7262, .T. ) ;
#8312 = VERTEX_POINT ( 'NONE', #5901 ) ;
#8313 = FACE_OUTER_BOUND ( 'NONE', #3804, .T. ) ;
#8314 = CARTESIAN_POINT ( 'NONE',  ( 3.898834055674295307, -3.010000000000000231, 1.617252055755535434 ) ) ;
#8315 = CARTESIAN_POINT ( 'NONE',  ( 4.555191474186865541, -3.000000000000000000, 1.875308508687761222 ) ) ;
#8316 = CARTESIAN_POINT ( 'NONE',  ( 3.464428110479771394, -3.010000000000000231, 2.063119899241296462 ) ) ;
#8317 = CARTESIAN_POINT ( 'NONE',  ( 3.669268607063477461, -3.010000000000000231, 2.351468511938452188 ) ) ;
#8318 = CARTESIAN_POINT ( 'NONE',  ( 4.620851777248160097, -3.010000000000000231, 1.788198081681789509 ) ) ;
#8319 = COLOUR_RGB ( '',0.6666666666666666297, 0.6666666666666666297, 0.6666666666666666297 ) ;
#8320 = ORIENTED_EDGE ( 'NONE', *, *, #5424, .T. ) ;
#8321 = ORIENTED_EDGE ( 'NONE', *, *, #5737, .F. ) ;
#8322 = ORIENTED_EDGE ( 'NONE', *, *, #8238, .F. ) ;
#8323 = CARTESIAN_POINT ( 'NONE',  ( 3.946400933578616321, -3.010000000000000231, 2.383398085747340023 ) ) ;
#8324 = CARTESIAN_POINT ( 'NONE',  ( 4.194469160857399181, -3.010000000000000231, 2.078020367018921899 ) ) ;
#8325 = MECHANICAL_DESIGN_GEOMETRIC_PRESENTATION_REPRESENTATION (  '', ( #5375 ), #6765 ) ;
#8326 = CARTESIAN_POINT ( 'NONE',  ( 4.139288307660310196, -3.010000000000000231, 1.783777063770563887 ) ) ;
#8327 = CARTESIAN_POINT ( 'NONE',  ( 2.161080654319949890, -3.000000000000000000, 1.581245217420512494 ) ) ;
#8328 = CARTESIAN_POINT ( 'NONE',  ( 4.505004733817024487, -3.000000000000000000, 1.838466692755773568 ) ) ;
#8329 = CARTESIAN_POINT ( 'NONE',  ( -5.750000000000000000, -3.000000000000000000, 10.00000000000000000 ) ) ;
#8330 = FACE_OUTER_BOUND ( 'NONE', #4757, .T. ) ;
#8331 = CIRCLE ( 'NONE', #8018, 0.2000000000000005107 ) ;
#8332 = ORIENTED_EDGE ( 'NONE', *, *, #773, .T. ) ;
#8333 = ORIENTED_EDGE ( 'NONE', *, *, #2587, .F. ) ;
#8334 = DIRECTION ( 'NONE',  ( -1.000000000000000000, 0.000000000000000000, -0.000000000000000000 ) ) ;
#8335 = SURFACE_SIDE_STYLE ('',( #6147 ) ) ;
#8336 = VERTEX_POINT ( 'NONE', #5167 ) ;
#8337 = CARTESIAN_POINT ( 'NONE',  ( 3.964576229438675714, -3.010000000000000231, 1.783777063770560556 ) ) ;
#8338 = VECTOR ( 'NONE', #3973, 1000.000000000000000 ) ;
#8339 = FILL_AREA_STYLE_COLOUR ( '', #2963 ) ;
#8340 = CARTESIAN_POINT ( 'NONE',  ( 4.859996098003604992, -3.000000000000000000, 1.875308508687761222 ) ) ;
#8341 = CARTESIAN_POINT ( 'NONE',  ( 4.815785918882599326, -3.010000000000000231, 1.875308508687761222 ) ) ;
#8342 = DIRECTION ( 'NONE',  ( -0.000000000000000000, -0.000000000000000000, -1.000000000000000000 ) ) ;
#8343 = EDGE_CURVE ( 'NONE', #3059, #8725, #8132, .T. ) ;
#8344 = VECTOR ( 'NONE', #5570, 1000.000000000000000 ) ;
#8345 = ORIENTED_EDGE ( 'NONE', *, *, #8763, .T. ) ;
#8346 = CARTESIAN_POINT ( 'NONE',  ( -5.249999999999999112, -3.000000000000000000, 0.000000000000000000 ) ) ;
#8347 = EDGE_LOOP ( 'NONE', ( #2907, #6325, #2401, #8350 ) ) ;
#8348 = CARTESIAN_POINT ( 'NONE',  ( 3.491199830056338271, -3.010000000000000231, 2.130581357748316584 ) ) ;
#8349 = CARTESIAN_POINT ( 'NONE',  ( 3.578719610572211884, -3.000000000000000000, 1.549626855844558726 ) ) ;
#8350 = ORIENTED_EDGE ( 'NONE', *, *, #8040, .T. ) ;
#8351 =( LENGTH_UNIT ( ) NAMED_UNIT ( * ) SI_UNIT ( .MILLI., .METRE. ) );
#8352 = LINE ( 'NONE', #6312, #1913 ) ;
#8353 = DIRECTION ( 'NONE',  ( -0.000000000000000000, 1.000000000000000000, -0.000000000000000000 ) ) ;
#8354 = EDGE_CURVE ( 'NONE', #7316, #3962, #7414, .T. ) ;
#8355 = ADVANCED_FACE ( 'NONE', ( #313 ), #3791, .F. ) ;
#8356 =( GEOMETRIC_REPRESENTATION_CONTEXT ( 3 ) GLOBAL_UNCERTAINTY_ASSIGNED_CONTEXT ( ( #1396 ) ) GLOBAL_UNIT_ASSIGNED_CONTEXT ( ( #3196, #3244, #5895 ) ) REPRESENTATION_CONTEXT ( 'NONE', 'WORKASPACE' ) );
#8357 =( NAMED_UNIT ( * ) PLANE_ANGLE_UNIT ( ) SI_UNIT ( $, .RADIAN. ) );
#8358 = CARTESIAN_POINT ( 'NONE',  ( 2.204346490359375910, -3.010000000000000231, 1.831731314276693112 ) ) ;
#8359 = ADVANCED_FACE ( 'NONE', ( #1555 ), #8231, .F. ) ;
#8360 = EDGE_CURVE ( 'NONE', #1898, #1269, #220, .T. ) ;
#8361 = SURFACE_SIDE_STYLE ('',( #3282 ) ) ;
#8362 = B_SPLINE_CURVE_WITH_KNOTS ( 'NONE', 3,
 ( #5903, #698, #7319, #6679 ),
 .UNSPECIFIED., .F., .F.,
 ( 4, 4 ),
 ( 5.000000000000000000, 6.000000000000000000 ),
 .UNSPECIFIED. ) ;
#8363 = ORIENTED_EDGE ( 'NONE', *, *, #925, .F. ) ;
#8364 = CARTESIAN_POINT ( 'NONE',  ( 3.546871907466395690, -3.010000000000000231, 1.619544435413131644 ) ) ;
#8365 = DIRECTION ( 'NONE',  ( 0.000000000000000000, 0.000000000000000000, -1.000000000000000000 ) ) ;
#8366 = CARTESIAN_POINT ( 'NONE',  ( 3.477527422810591240, -3.000000000000000000, 2.268779102845883244 ) ) ;
#8367 = DIRECTION ( 'NONE',  ( -0.000000000000000000, 1.000000000000000000, -0.000000000000000000 ) ) ;
#8368 = SURFACE_STYLE_FILL_AREA ( #2478 ) ;
#8369 = LINE ( 'NONE', #9592, #9130 ) ;
#8370 = ADVANCED_FACE ( 'NONE', ( #3163 ), #2755, .T. ) ;
#8371 = ORIENTED_EDGE ( 'NONE', *, *, #6461, .F. ) ;
#8372 = ORIENTED_EDGE ( 'NONE', *, *, #9018, .F. ) ;
#8373 = CARTESIAN_POINT ( 'NONE',  ( 3.689981894688174613, -3.010000000000000231, 1.702233844505699034 ) ) ;
#8374 = CARTESIAN_POINT ( 'NONE',  ( 3.576427230913534761, -3.000000000000000000, 1.582538878077187183 ) ) ;
#8375 = CARTESIAN_POINT ( 'NONE',  ( 3.689981894688174613, -3.010000000000000231, 1.555030322181719660 ) ) ;
#8376 = CARTESIAN_POINT ( 'NONE',  ( 4.597436756455998363, -3.010000000000000231, 1.808338274392610856 ) ) ;
#8377 = ORIENTED_EDGE ( 'NONE', *, *, #7755, .F. ) ;
#8378 = LINE ( 'NONE', #6858, #9079 ) ;
#8379 = CARTESIAN_POINT ( 'NONE',  ( 2.001680537218043288, -3.010000000000000231, 2.280328774284716253 ) ) ;
#8380 = CARTESIAN_POINT ( 'NONE',  ( 3.927980025612624271, -3.010000000000000231, 1.450563306336576375 ) ) ;
#8381 = VERTEX_POINT ( 'NONE', #4533 ) ;
#8382 = ORIENTED_EDGE ( 'NONE', *, *, #1572, .T. ) ;
#8383 = EDGE_LOOP ( 'NONE', ( #6817, #7483, #4358, #6523 ) ) ;
#8384 = CARTESIAN_POINT ( 'NONE',  ( 3.822776173449655701, -3.000000000000000000, 2.207376076291855060 ) ) ;
#8385 = DIRECTION ( 'NONE',  ( -1.000000000000000000, 0.000000000000000000, -0.000000000000000000 ) ) ;
#8386 = ORIENTED_EDGE ( 'NONE', *, *, #1760, .F. ) ;
#8387 = CARTESIAN_POINT ( 'NONE',  ( 4.347485503030602771, -3.010000000000000231, 1.875308508687759446 ) ) ;
#8388 = EDGE_CURVE ( 'NONE', #8876, #6558, #2024, .T. ) ;
#8389 = LINE ( 'NONE', #5316, #5309 ) ;
#8390 = CARTESIAN_POINT ( 'NONE',  ( 3.600742829429650627, -3.000000000000000000, 2.094558248836125181 ) ) ;
#8391 = ORIENTED_EDGE ( 'NONE', *, *, #7576, .T. ) ;
#8392 = CARTESIAN_POINT ( 'NONE',  ( 2.161080654319949890, -3.010000000000000231, 1.581245217420512494 ) ) ;
#8393 = CARTESIAN_POINT ( 'NONE',  ( 4.632559287644243184, -3.000000000000000000, 1.718116760709258450 ) ) ;
#8394 = ORIENTED_EDGE ( 'NONE', *, *, #3279, .F. ) ;
#8395 = ORIENTED_EDGE ( 'NONE', *, *, #3649, .F. ) ;
#8396 = DIRECTION ( 'NONE',  ( 0.8840949502478780975, 0.000000000000000000, 0.4673073067545617243 ) ) ;
#8397 = FILL_AREA_STYLE ('',( #4702 ) ) ;
#8398 = ORIENTED_EDGE ( 'NONE', *, *, #7045, .T. ) ;
#8399 = EDGE_CURVE ( 'NONE', #9197, #6046, #1712, .T. ) ;
#8400 =( LENGTH_UNIT ( ) NAMED_UNIT ( * ) SI_UNIT ( .MILLI., .METRE. ) );
#8401 = CARTESIAN_POINT ( 'NONE',  ( 5.250000000000000000, 0.000000000000000000, 0.000000000000000000 ) ) ;
#8402 = CARTESIAN_POINT ( 'NONE',  ( 2.611955376748436919, -3.010000000000000231, 1.695102474946761362 ) ) ;
#8403 = SURFACE_SIDE_STYLE ('',( #6113 ) ) ;
#8404 = ADVANCED_FACE ( 'NONE', ( #7605 ), #3111, .F. ) ;
#8405 = LINE ( 'NONE', #4016, #6274 ) ;
#8406 = LINE ( 'NONE', #4715, #714 ) ;
#8407 = ADVANCED_FACE ( 'NONE', ( #1765 ), #7806, .T. ) ;
#8408 = DIRECTION ( 'NONE',  ( 1.000000000000000000, 0.000000000000000000, 0.000000000000000000 ) ) ;
#8409 = DIRECTION ( 'NONE',  ( -0.000000000000000000, 0.000000000000000000, 1.000000000000000000 ) ) ;
#8410 = EDGE_CURVE ( 'NONE', #2229, #7160, #670, .T. ) ;
#8411 = ORIENTED_EDGE ( 'NONE', *, *, #6929, .T. ) ;
#8412 = ORIENTED_EDGE ( 'NONE', *, *, #6030, .F. ) ;
#8413 = DIRECTION ( 'NONE',  ( 0.000000000000000000, -0.000000000000000000, 1.000000000000000000 ) ) ;
#8414 = EDGE_CURVE ( 'NONE', #1366, #6240, #1997, .T. ) ;
#8415 = FILL_AREA_STYLE ('',( #4127 ) ) ;
#8416 = EDGE_CURVE ( 'NONE', #7795, #9213, #6370, .T. ) ;
#8417 = DIRECTION ( 'NONE',  ( -0.8863488427958601257, 0.000000000000000000, -0.4630180653866968754 ) ) ;
#8418 = VERTEX_POINT ( 'NONE', #628 ) ;
#8419 = LINE ( 'NONE', #1020, #1607 ) ;
#8420 = DIRECTION ( 'NONE',  ( -0.9903286039881302738, -0.000000000000000000, -0.1387416884823060581 ) ) ;
#8421 = CARTESIAN_POINT ( 'NONE',  ( 3.634637300087105949, -3.010000000000000231, 2.094558248836125181 ) ) ;
#8422 = DIRECTION ( 'NONE',  ( -0.000000000000000000, 1.000000000000000000, -0.000000000000000000 ) ) ;
#8423 = ORIENTED_EDGE ( 'NONE', *, *, #2337, .T. ) ;
#8424 = VERTEX_POINT ( 'NONE', #4364 ) ;
#8425 = ORIENTED_EDGE ( 'NONE', *, *, #2931, .F. ) ;
#8426 = CARTESIAN_POINT ( 'NONE',  ( 3.898834055674295307, -3.000000000000000000, 1.596293156024924498 ) ) ;
#8427 = CARTESIAN_POINT ( 'NONE',  ( 3.873044784521474604, -3.010000000000000231, 1.567802151703523217 ) ) ;
#8428 = VERTEX_POINT ( 'NONE', #9476 ) ;
#8429 = CARTESIAN_POINT ( 'NONE',  ( -3.560000000000000941, -2.149999999999999911, 0.5000000000000000000 ) ) ;
#8430 = LINE ( 'NONE', #2402, #39 ) ;
#8431 = DIRECTION ( 'NONE',  ( -0.3385350342956565117, 0.000000000000000000, -0.9409537876827102076 ) ) ;
#8432 = VERTEX_POINT ( 'NONE', #8610 ) ;
#8433 = CARTESIAN_POINT ( 'NONE',  ( 2.001680537218043288, -3.000000000000000000, 2.280328774284716253 ) ) ;
#8434 = VECTOR ( 'NONE', #2629, 1000.000000000000000 ) ;
#8435 = CARTESIAN_POINT ( 'NONE',  ( 5.549999999999999822, 2.799999999999999822, 10.00000000000000000 ) ) ;
#8436 = VECTOR ( 'NONE', #9566, 1000.000000000000000 ) ;
#8437 = MECHANICAL_DESIGN_GEOMETRIC_PRESENTATION_REPRESENTATION (  '', ( #4074 ), #9365 ) ;
#8438 = VERTEX_POINT ( 'NONE', #9432 ) ;
#8439 = FILL_AREA_STYLE_COLOUR ( '', #3944 ) ;
#8440 = VECTOR ( 'NONE', #1153, 1000.000000000000000 ) ;
#8441 = ORIENTED_EDGE ( 'NONE', *, *, #8240, .T. ) ;
#8442 = CARTESIAN_POINT ( 'NONE',  ( 3.946400933578616321, -3.010000000000000231, 2.383398085747340023 ) ) ;
#8443 = CARTESIAN_POINT ( 'NONE',  ( 3.648800931545840953, -3.000000000000000000, 1.590398465475893808 ) ) ;
#8444 = ORIENTED_EDGE ( 'NONE', *, *, #9546, .F. ) ;
#8445 = DIRECTION ( 'NONE',  ( -0.000000000000000000, -0.000000000000000000, 1.000000000000000000 ) ) ;
#8446 = CARTESIAN_POINT ( 'NONE',  ( 4.014189874894635857, -3.010000000000000231, 2.383398085747340023 ) ) ;
#8447 = CARTESIAN_POINT ( 'NONE',  ( 2.598292540591632616, -3.000000000000000000, 2.426066068803484743 ) ) ;
#8448 = AXIS2_PLACEMENT_3D ( 'NONE', #6458, #2619, #7872 ) ;
#8449 = COLOUR_RGB ( '',0.2980392156862745057, 0.2980392156862745057, 0.2980392156862745057 ) ;
#8450 = ADVANCED_FACE ( 'NONE', ( #4172 ), #8575, .F. ) ;
#8451 =( LENGTH_UNIT ( ) NAMED_UNIT ( * ) SI_UNIT ( .MILLI., .METRE. ) );
#8452 = DIRECTION ( 'NONE',  ( -0.000000000000000000, 1.000000000000000000, -0.000000000000000000 ) ) ;
#8453 = EDGE_LOOP ( 'NONE', ( #7313, #9184, #3707, #4996 ) ) ;
#8454 = VECTOR ( 'NONE', #8854, 1000.000000000000000 ) ;
#8455 = DIRECTION ( 'NONE',  ( -1.000000000000000000, -0.000000000000000000, -0.000000000000000000 ) ) ;
#8456 = VECTOR ( 'NONE', #5541, 1000.000000000000000 ) ;
#8457 = CARTESIAN_POINT ( 'NONE',  ( 4.506642147858789471, -3.010000000000000231, 1.875308508687761222 ) ) ;
#8458 = B_SPLINE_CURVE_WITH_KNOTS ( 'NONE', 3,
 ( #1677, #6987, #1783, #7811 ),
 .UNSPECIFIED., .F., .F.,
 ( 4, 4 ),
 ( 8.000000000000000000, 9.000000000000000000 ),
 .UNSPECIFIED. ) ;
#8459 = ORIENTED_EDGE ( 'NONE', *, *, #152, .F. ) ;
#8460 = EDGE_CURVE ( 'NONE', #84, #9254, #4920, .T. ) ;
#8461 = VECTOR ( 'NONE', #8936, 1000.000000000000000 ) ;
#8462 = VECTOR ( 'NONE', #940, 1000.000000000000000 ) ;
#8463 = ORIENTED_EDGE ( 'NONE', *, *, #8279, .F. ) ;
#8464 = VERTEX_POINT ( 'NONE', #8066 ) ;
#8465 = LINE ( 'NONE', #5641, #2421 ) ;
#8466 = CARTESIAN_POINT ( 'NONE',  ( 4.458911528550508763, -3.010000000000000231, 2.383398085747344908 ) ) ;
#8467 = CARTESIAN_POINT ( 'NONE',  ( 2.677992620859140693, -3.010000000000000231, 2.207460133810529967 ) ) ;
#8468 = CARTESIAN_POINT ( 'NONE',  ( 4.505004733817024487, -3.010000000000000231, 1.838466692755773568 ) ) ;
#8469 = COLOUR_RGB ( '',0.2980392156862745057, 0.2980392156862745057, 0.2980392156862745057 ) ;
#8470 =( NAMED_UNIT ( * ) PLANE_ANGLE_UNIT ( ) SI_UNIT ( $, .RADIAN. ) );
#8471 = CARTESIAN_POINT ( 'NONE',  ( 3.717326709180762911, -3.010000000000000231, 2.116008372780791458 ) ) ;
#8472 = B_SPLINE_CURVE_WITH_KNOTS ( 'NONE', 3,
 ( #1888, #7054, #7830, #394 ),
 .UNSPECIFIED., .F., .F.,
 ( 4, 4 ),
 ( 4.000000000000000000, 5.000000000000000000 ),
 .UNSPECIFIED. ) ;
#8473 = CARTESIAN_POINT ( 'NONE',  ( 3.649865250672663652, -3.010000000000000231, 1.669813046487117258 ) ) ;
#8474 = EDGE_CURVE ( 'NONE', #6518, #3705, #6560, .T. ) ;
#8475 = ORIENTED_EDGE ( 'NONE', *, *, #3166, .F. ) ;
#8476 = ORIENTED_EDGE ( 'NONE', *, *, #750, .T. ) ;
#8477 = EDGE_CURVE ( 'NONE', #3299, #6961, #1255, .T. ) ;
#8478 = VECTOR ( 'NONE', #1253, 1000.000000000000000 ) ;
#8479 = ORIENTED_EDGE ( 'NONE', *, *, #2349, .F. ) ;
#8480 = ORIENTED_EDGE ( 'NONE', *, *, #7894, .T. ) ;
#8481 = DIRECTION ( 'NONE',  ( 0.000000000000000000, 1.000000000000000000, 0.000000000000000000 ) ) ;
#8482 = ORIENTED_EDGE ( 'NONE', *, *, #9252, .F. ) ;
#8483 = CARTESIAN_POINT ( 'NONE',  ( 3.822776173449656145, -3.000000000000000000, 2.244054150819881244 ) ) ;
#8484 = CARTESIAN_POINT ( 'NONE',  ( 2.001680537218043288, -3.010000000000000231, 2.280328774284716253 ) ) ;
#8485 = CARTESIAN_POINT ( 'NONE',  ( -5.249999999999999112, 0.000000000000000000, 0.000000000000000000 ) ) ;
#8486 = EDGE_LOOP ( 'NONE', ( #2693, #3893, #1174, #9292 ) ) ;
#8487 = CARTESIAN_POINT ( 'NONE',  ( 2.739475557296600972, -3.000000000000000000, 2.300823071952477594 ) ) ;
#8488 = VECTOR ( 'NONE', #2188, 1000.000000000000000 ) ;
#8489 = CARTESIAN_POINT ( 'NONE',  ( 3.822776173449655701, -3.000000000000000000, 2.244054150819881244 ) ) ;
#8490 = EDGE_CURVE ( 'NONE', #9288, #8930, #2856, .T. ) ;
#8491 = ORIENTED_EDGE ( 'NONE', *, *, #873, .T. ) ;
#8492 = CARTESIAN_POINT ( 'NONE',  ( 3.641432568358998978, -3.010000000000000231, 2.388801552084495405 ) ) ;
#8493 = CARTESIAN_POINT ( 'NONE',  ( 4.354771995515470451, -3.010000000000000231, 1.591544655305796141 ) ) ;
#8494 = MECHANICAL_DESIGN_GEOMETRIC_PRESENTATION_REPRESENTATION (  '', ( #4776 ), #102 ) ;
#8495 = ORIENTED_EDGE ( 'NONE', *, *, #5262, .F. ) ;
#8496 = CARTESIAN_POINT ( 'NONE',  ( 3.523784369481050227, -3.000000000000000000, 2.341644027690072960 ) ) ;
#8497 = DIRECTION ( 'NONE',  ( -1.000000000000000000, -8.673617379884035472E-16, -0.000000000000000000 ) ) ;
#8498 = ORIENTED_EDGE ( 'NONE', *, *, #2395, .F. ) ;
#8499 = SURFACE_STYLE_FILL_AREA ( #5705 ) ;
#8500 = LINE ( 'NONE', #6359, #121 ) ;
#8501 = FACE_OUTER_BOUND ( 'NONE', #6788, .T. ) ;
#8502 = PLANE ( 'NONE',  #70 ) ;
#8503 = CARTESIAN_POINT ( 'NONE',  ( 3.649865250672663652, -3.010000000000000231, 1.647871698330585000 ) ) ;
#8504 = VECTOR ( 'NONE', #6729, 1000.000000000000000 ) ;
#8505 = LINE ( 'NONE', #7000, #2228 ) ;
#8506 = CARTESIAN_POINT ( 'NONE',  ( 3.628660738836102073, -3.000000000000000000, 2.057716432904142412 ) ) ;
#8507 = DIRECTION ( 'NONE',  ( -0.000000000000000000, 1.000000000000000000, -0.000000000000000000 ) ) ;
#8508 = ADVANCED_FACE ( 'NONE', ( #7251 ), #8804, .F. ) ;
#8509 = DIRECTION ( 'NONE',  ( -0.000000000000000000, 1.000000000000000000, -0.000000000000000000 ) ) ;
#8510 = EDGE_LOOP ( 'NONE', ( #5932, #4323, #9345, #9361 ) ) ;
#8511 = LINE ( 'NONE', #348, #1016 ) ;
#8512 = ORIENTED_EDGE ( 'NONE', *, *, #6799, .F. ) ;
#8513 = DIRECTION ( 'NONE',  ( -0.000000000000000000, 1.000000000000000000, -0.000000000000000000 ) ) ;
#8514 = CARTESIAN_POINT ( 'NONE',  ( 4.197252764729051400, -3.000000000000000000, 2.133037478809876042 ) ) ;
#8515 = LINE ( 'NONE', #7111, #718 ) ;
#8516 = CARTESIAN_POINT ( 'NONE',  ( 4.503121707669333063, -3.010000000000000231, 1.591544655305799694 ) ) ;
#8517 = EDGE_CURVE ( 'NONE', #9261, #3317, #488, .T. ) ;
#8518 = LINE ( 'NONE', #3497, #3295 ) ;
#8519 = CARTESIAN_POINT ( 'NONE',  ( 3.919711084702924619, -3.010000000000000231, 1.783777063770560556 ) ) ;
#8520 = CARTESIAN_POINT ( 'NONE',  ( 1.951583369965870229, -3.000000000000000000, 2.148254481510083913 ) ) ;
#8521 = ORIENTED_EDGE ( 'NONE', *, *, #1445, .F. ) ;
#8522 = ORIENTED_EDGE ( 'NONE', *, *, #8652, .F. ) ;
#8523 = EDGE_CURVE ( 'NONE', #9068, #6961, #8654, .T. ) ;
#8524 = VERTEX_POINT ( 'NONE', #6418 ) ;
#8525 = LINE ( 'NONE', #2674, #2687 ) ;
#8526 = ORIENTED_EDGE ( 'NONE', *, *, #8666, .T. ) ;
#8527 = CARTESIAN_POINT ( 'NONE',  ( 3.717326709180762911, -3.010000000000000231, 2.332474509059698331 ) ) ;
#8528 = EDGE_CURVE ( 'NONE', #2147, #6797, #4713, .T. ) ;
#8529 = CARTESIAN_POINT ( 'NONE',  ( 3.467784809264184975, -3.010000000000000231, 1.591544655305791034 ) ) ;
#8530 = FACE_OUTER_BOUND ( 'NONE', #8226, .T. ) ;
#8531 = ORIENTED_EDGE ( 'NONE', *, *, #7492, .F. ) ;
#8532 = DIRECTION ( 'NONE',  ( -0.4673073067545617243, 0.000000000000000000, 0.8840949502478780975 ) ) ;
#8533 = CARTESIAN_POINT ( 'NONE',  ( 4.627728916223118993, -3.010000000000000231, 1.832899485014656049 ) ) ;
#8534 = VERTEX_POINT ( 'NONE', #5695 ) ;
#8535 = DIRECTION ( 'NONE',  ( 0.000000000000000000, 0.000000000000000000, -1.000000000000000000 ) ) ;
#8536 = ORIENTED_EDGE ( 'NONE', *, *, #8772, .F. ) ;
#8537 = CARTESIAN_POINT ( 'NONE',  ( -5.549999999999999822, 0.000000000000000000, 9.799999999999998934 ) ) ;
#8538 = DIRECTION ( 'NONE',  ( -0.000000000000000000, 0.000000000000000000, -1.000000000000000000 ) ) ;
#8539 = ADVANCED_FACE ( 'NONE', ( #5736 ), #8702, .F. ) ;
#8540 = ADVANCED_FACE ( 'NONE', ( #2806 ), #5632, .F. ) ;
#8541 = CARTESIAN_POINT ( 'NONE',  ( 3.596321811517330325, -3.000000000000000000, 1.662608424704236754 ) ) ;
#8542 = DIRECTION ( 'NONE',  ( -0.000000000000000000, -0.000000000000000000, 1.000000000000000000 ) ) ;
#8543 = CARTESIAN_POINT ( 'NONE',  ( 3.336873556650379324, -3.010000000000000231, 2.099634232365364284 ) ) ;
#8544 = CARTESIAN_POINT ( 'NONE',  ( 2.570966781411831992, -3.010000000000000231, 1.556196655510438731 ) ) ;
#8545 = CARTESIAN_POINT ( 'NONE',  ( -4.060000000000001386, -2.149999999999999467, -4.099999999999999645 ) ) ;
#8546 = CARTESIAN_POINT ( 'NONE',  ( 4.837481654933205810, -3.010000000000000231, 1.834373157650283970 ) ) ;
#8547 = CARTESIAN_POINT ( 'NONE',  ( 4.663946468053339345, -3.010000000000000231, 1.652210845540382333 ) ) ;
#8548 = CARTESIAN_POINT ( 'NONE',  ( 2.245335085695980837, -3.000000000000000000, 1.783911257429141584 ) ) ;
#8549 = CARTESIAN_POINT ( 'NONE',  ( 3.822776173449652148, -3.010000000000000231, 2.346556269815353701 ) ) ;
#8550 = ORIENTED_EDGE ( 'NONE', *, *, #2284, .F. ) ;
#8551 = ORIENTED_EDGE ( 'NONE', *, *, #1572, .F. ) ;
#8552 = DIRECTION ( 'NONE',  ( -0.9676172723861573566, 0.000000000000000000, -0.2524218971879677031 ) ) ;
#8553 = B_SPLINE_CURVE_WITH_KNOTS ( 'NONE', 3,
 ( #5122, #8913, #2253, #5084 ),
 .UNSPECIFIED., .F., .F.,
 ( 4, 4 ),
 ( 12.00000000000000000, 13.00000000000000000 ),
 .UNSPECIFIED. ) ;
#8554 = LINE ( 'NONE', #3436, #3785 ) ;
#8555 = LINE ( 'NONE', #2581, #6006 ) ;
#8556 = ORIENTED_EDGE ( 'NONE', *, *, #2043, .T. ) ;
#8557 = CARTESIAN_POINT ( 'NONE',  ( 4.903633182206389662, -3.010000000000000231, 1.642631973397385758 ) ) ;
#8558 = DIRECTION ( 'NONE',  ( -1.000000000000000000, 0.000000000000000000, 0.000000000000000000 ) ) ;
#8559 = DIRECTION ( 'NONE',  ( -0.3559357243643160862, 0.000000000000000000, 0.9345104387438641913 ) ) ;
#8560 = DIRECTION ( 'NONE',  ( -1.000000000000000000, 0.000000000000000000, -0.000000000000000000 ) ) ;
#8561 = ORIENTED_EDGE ( 'NONE', *, *, #693, .F. ) ;
#8562 = EDGE_CURVE ( 'NONE', #4759, #4741, #6438, .T. ) ;
#8563 = B_SPLINE_CURVE_WITH_KNOTS ( 'NONE', 3,
 ( #3172, #4595, #5425, #6005 ),
 .UNSPECIFIED., .F., .F.,
 ( 4, 4 ),
 ( 26.00000000000000000, 27.00000000000000000 ),
 .UNSPECIFIED. ) ;
#8564 = ORIENTED_EDGE ( 'NONE', *, *, #2280, .T. ) ;
#8565 = ORIENTED_EDGE ( 'NONE', *, *, #9321, .F. ) ;
#8566 = CARTESIAN_POINT ( 'NONE',  ( 3.781431468903377002, -3.000000000000000000, 2.063119899241296906 ) ) ;
#8567 = ORIENTED_EDGE ( 'NONE', *, *, #6666, .F. ) ;
#8568 = CARTESIAN_POINT ( 'NONE',  ( 2.161080654319949890, -3.010000000000000231, 1.629065230834964906 ) ) ;
#8569 = LINE ( 'NONE', #1083, #6878 ) ;
#8570 = CARTESIAN_POINT ( 'NONE',  ( 1.619120109584898382, -3.000000000000000000, 2.107265755875262325 ) ) ;
#8571 = EDGE_LOOP ( 'NONE', ( #9239, #6601, #361 ) ) ;
#8572 = CARTESIAN_POINT ( 'NONE',  ( 2.684824038938080637, -3.000000000000000000, 2.350920271777287685 ) ) ;
#8573 = EDGE_CURVE ( 'NONE', #4125, #6641, #6448, .T. ) ;
#8574 = VECTOR ( 'NONE', #1977, 1000.000000000000000 ) ;
#8575 = B_SPLINE_SURFACE_WITH_KNOTS ( 'NONE', 3, 1, ( 
 ( #7883, #3492 ),
 ( #5782, #3584 ),
 ( #9382, #7921 ),
 ( #4277, #9525 ) ),
 .UNSPECIFIED., .F., .F., .F.,
 ( 4, 4 ),
 ( 2, 2 ),
 ( 2.000000000000000000, 3.000000000000000000 ),
 ( 0.000000000000000000, 1.000000000000000000 ),
 .UNSPECIFIED. ) ;
#8576 = ORIENTED_EDGE ( 'NONE', *, *, #9251, .F. ) ;
#8577 = LINE ( 'NONE', #1916, #2566 ) ;
#8578 = VECTOR ( 'NONE', #6884, 1000.000000000000000 ) ;
#8579 = VERTEX_POINT ( 'NONE', #1642 ) ;
#8580 = LINE ( 'NONE', #7948, #7659 ) ;
#8581 = CARTESIAN_POINT ( 'NONE',  ( 4.659904102137950588, -3.000000000000000000, 1.629860143875582201 ) ) ;
#8582 = ORIENTED_EDGE ( 'NONE', *, *, #5264, .F. ) ;
#8583 = DIRECTION ( 'NONE',  ( -0.000000000000000000, -0.000000000000000000, 1.000000000000000000 ) ) ;
#8584 = PLANE ( 'NONE',  #582 ) ;
#8585 = CARTESIAN_POINT ( 'NONE',  ( 4.505004733817024487, -3.010000000000000231, 1.838466692755773568 ) ) ;
#8586 = STYLED_ITEM ( 'NONE', ( #3860 ), #1087 ) ;
#8587 = ADVANCED_FACE ( 'NONE', ( #869 ), #1737, .F. ) ;
#8588 = B_SPLINE_SURFACE_WITH_KNOTS ( 'NONE', 3, 1, ( 
 ( #1887, #1108 ),
 ( #4068, #4865 ),
 ( #7051, #3343 ),
 ( #7828, #4120 ) ),
 .UNSPECIFIED., .F., .F., .F.,
 ( 4, 4 ),
 ( 2, 2 ),
 ( 14.00000000000000000, 15.00000000000000000 ),
 ( 0.000000000000000000, 1.000000000000000000 ),
 .UNSPECIFIED. ) ;
#8589 = VERTEX_POINT ( 'NONE', #8110 ) ;
#8590 = AXIS2_PLACEMENT_3D ( 'NONE', #933, #5417, #8385 ) ;
#8591 = EDGE_CURVE ( 'NONE', #2727, #8744, #1581, .T. ) ;
#8592 = EDGE_CURVE ( 'NONE', #7455, #7175, #1444, .T. ) ;
#8593 =( NAMED_UNIT ( * ) SI_UNIT ( $, .STERADIAN. ) SOLID_ANGLE_UNIT ( ) );
#8594 = CARTESIAN_POINT ( 'NONE',  ( 2.625618212905238114, -3.010000000000000231, 1.692825364543246724 ) ) ;
#8595 = DIRECTION ( 'NONE',  ( -0.000000000000000000, 1.000000000000000000, -0.000000000000000000 ) ) ;
#8597 = FACE_OUTER_BOUND ( 'NONE', #3990, .T. ) ;
#8596 = VECTOR ( 'NONE', #6874, 1000.000000000000000 ) ;
#8598 = CARTESIAN_POINT ( 'NONE',  ( 2.204346490359375910, -3.000000000000000000, 1.831731314276693112 ) ) ;
#8599 = APPLICATION_CONTEXT ( 'automotive_design' ) ;
#8600 = AXIS2_PLACEMENT_3D ( 'NONE', #7553, #8481, #6923 ) ;
#8601 = DIRECTION ( 'NONE',  ( -0.000000000000000000, 1.000000000000000000, -0.000000000000000000 ) ) ;
#8602 = COLOUR_RGB ( '',0.2980392156862745057, 0.2980392156862745057, 0.2980392156862745057 ) ;
#8603 = EDGE_CURVE ( 'NONE', #4153, #279, #2032, .T. ) ;
#8604 = VECTOR ( 'NONE', #6149, 1000.000000000000000 ) ;
#8605 = B_SPLINE_CURVE_WITH_KNOTS ( 'NONE', 3,
 ( #1594, #8269, #8327, #4732, #4635, #7596, #6077 ),
 .UNSPECIFIED., .F., .F.,
 ( 4, 3, 4 ),
 ( 0.000000000000000000, 1.000000000000000000, 2.000000000000000000 ),
 .UNSPECIFIED. ) ;
#8606 = VECTOR ( 'NONE', #3201, 1000.000000000000000 ) ;
#8607 = VERTEX_POINT ( 'NONE', #3769 ) ;
#8608 = DIRECTION ( 'NONE',  ( 0.3493954794972896072, -0.000000000000000000, -0.9369753459439896792 ) ) ;
#8609 = DIRECTION ( 'NONE',  ( 0.000000000000000000, -0.000000000000000000, 1.000000000000000000 ) ) ;
#8610 = CARTESIAN_POINT ( 'NONE',  ( 3.885407260534478269, -3.010000000000000231, 1.655076320113465504 ) ) ;
#8611 = LINE ( 'NONE', #7198, #4927 ) ;
#8612 = ORIENTED_EDGE ( 'NONE', *, *, #1220, .F. ) ;
#8613 = CARTESIAN_POINT ( 'NONE',  ( 4.196352187005090606, -3.010000000000000231, 2.316427851452192765 ) ) ;
#8614 =( NAMED_UNIT ( * ) PLANE_ANGLE_UNIT ( ) SI_UNIT ( $, .RADIAN. ) );
#8615 = PRESENTATION_STYLE_ASSIGNMENT (( #7645 ) ) ;
#8616 = LINE ( 'NONE', #7889, #4089 ) ;
#8617 =( GEOMETRIC_REPRESENTATION_CONTEXT ( 3 ) GLOBAL_UNCERTAINTY_ASSIGNED_CONTEXT ( ( #8885 ) ) GLOBAL_UNIT_ASSIGNED_CONTEXT ( ( #9540, #3010, #5157 ) ) REPRESENTATION_CONTEXT ( 'NONE', 'WORKASPACE' ) );
#8618 = AXIS2_PLACEMENT_3D ( 'NONE', #6443, #7274, #1970 ) ;
#8619 = ORIENTED_EDGE ( 'NONE', *, *, #5389, .T. ) ;
#8620 = ORIENTED_EDGE ( 'NONE', *, *, #4368, .F. ) ;
#8621 = EDGE_LOOP ( 'NONE', ( #1067, #5651, #7219, #6590 ) ) ;
#8622 = CARTESIAN_POINT ( 'NONE',  ( 2.274937955279294322, -3.000000000000000000, 2.469331826119590900 ) ) ;
#8623 = ORIENTED_EDGE ( 'NONE', *, *, #3406, .T. ) ;
#8624 = CARTESIAN_POINT ( 'NONE',  ( 2.161080654319949890, -3.010000000000000231, 1.679162441519152615 ) ) ;
#8625 = LINE ( 'NONE', #417, #9048 ) ;
#8626 = PLANE ( 'NONE',  #9520 ) ;
#8627 = EDGE_LOOP ( 'NONE', ( #3865, #894, #6131, #9122 ) ) ;
#8628 = CARTESIAN_POINT ( 'NONE',  ( 3.991839173228208359, -3.010000000000000231, 1.513931229740280493 ) ) ;
#8629 = ORIENTED_EDGE ( 'NONE', *, *, #5032, .T. ) ;
#8630 = VERTEX_POINT ( 'NONE', #3093 ) ;
#8631 = ORIENTED_EDGE ( 'NONE', *, *, #4959, .T. ) ;
#8632 = CARTESIAN_POINT ( 'NONE',  ( 0.000000000000000000, -3.009999999999999343, 0.000000000000000000 ) ) ;
#8633 = ORIENTED_EDGE ( 'NONE', *, *, #4296, .T. ) ;
#8634 =( GEOMETRIC_REPRESENTATION_CONTEXT ( 3 ) GLOBAL_UNCERTAINTY_ASSIGNED_CONTEXT ( ( #5102 ) ) GLOBAL_UNIT_ASSIGNED_CONTEXT ( ( #2148, #2944, #7194 ) ) REPRESENTATION_CONTEXT ( 'NONE', 'WORKASPACE' ) );
#8635 = CARTESIAN_POINT ( 'NONE',  ( 3.937313285648034178, -3.010000000000000231, 2.207376076291855060 ) ) ;
#8636 = CARTESIAN_POINT ( 'NONE',  ( 4.632559287644243184, -3.000000000000000000, 1.718116760709258450 ) ) ;
#8637 = EDGE_CURVE ( 'NONE', #8589, #2727, #46, .T. ) ;
#8638 = CARTESIAN_POINT ( 'NONE',  ( 3.649865250672663652, -3.010000000000000231, 1.700432689062166824 ) ) ;
#8639 = VERTEX_POINT ( 'NONE', #7390 ) ;
#8640 = CARTESIAN_POINT ( 'NONE',  ( 3.520918894909611296, -3.000000000000000000, 2.219656681603968007 ) ) ;
#8641 = ADVANCED_FACE ( 'NONE', ( #9031 ), #2371, .F. ) ;
#8642 = ORIENTED_EDGE ( 'NONE', *, *, #8528, .F. ) ;
#8643 = CARTESIAN_POINT ( 'NONE',  ( 2.616509597556569755, -3.010000000000000231, 1.695102474946761362 ) ) ;
#8644 = ADVANCED_FACE ( 'NONE', ( #5978 ), #9229, .T. ) ;
#8645 = CARTESIAN_POINT ( 'NONE',  ( 3.887863381597113310, -3.010000000000000231, 1.739894367459658975 ) ) ;
#8646 = CARTESIAN_POINT ( 'NONE',  ( 4.506642147858789471, -3.000000000000000000, 1.875308508687761222 ) ) ;
#8647 = PRESENTATION_STYLE_ASSIGNMENT (( #3387 ) ) ;
#8648 = LINE ( 'NONE', #1989, #8908 ) ;
#8649 = EDGE_CURVE ( 'NONE', #6344, #8729, #4510, .T. ) ;
#8650 = PRESENTATION_LAYER_ASSIGNMENT (  '', '', ( #3198 ) ) ;
#8651 = CARTESIAN_POINT ( 'NONE',  ( 1.983463393386909468, -3.000000000000000000, 2.282605928121333339 ) ) ;
#8652 = EDGE_CURVE ( 'NONE', #5163, #6641, #8505, .T. ) ;
#8653 = ORIENTED_EDGE ( 'NONE', *, *, #5675, .F. ) ;
#8654 = B_SPLINE_CURVE_WITH_KNOTS ( 'NONE', 3,
 ( #2098, #2715, #2764, #3545 ),
 .UNSPECIFIED., .F., .F.,
 ( 4, 4 ),
 ( 11.00000000000000000, 12.00000000000000000 ),
 .UNSPECIFIED. ) ;
#8655 = VECTOR ( 'NONE', #1380, 1000.000000000000000 ) ;
#8656 = ORIENTED_EDGE ( 'NONE', *, *, #1741, .F. ) ;
#8657 = CARTESIAN_POINT ( 'NONE',  ( 2.807789911811908734, -3.000000000000000000, 2.171025802717343911 ) ) ;
#8658 = LINE ( 'NONE', #8750, #9245 ) ;
#8659 = CARTESIAN_POINT ( 'NONE',  ( 2.616509597556569755, -3.010000000000000231, 1.695102474946761362 ) ) ;
#8660 = FACE_OUTER_BOUND ( 'NONE', #6357, .T. ) ;
#8661 = CARTESIAN_POINT ( 'NONE',  ( 1.519999999999999130, -2.149999999999999911, -4.099999999999999645 ) ) ;
#8662 = ADVANCED_FACE ( 'NONE', ( #1794, #296 ), #9179, .T. ) ;
#8663 = DIRECTION ( 'NONE',  ( -0.000000000000000000, 1.000000000000000000, -0.000000000000000000 ) ) ;
#8664 = DIRECTION ( 'NONE',  ( 0.000000000000000000, 0.000000000000000000, -1.000000000000000000 ) ) ;
#8665 = CARTESIAN_POINT ( 'NONE',  ( 3.847337384070623756, -3.010000000000000231, 1.635099868806588530 ) ) ;
#8666 = EDGE_CURVE ( 'NONE', #6529, #4974, #423, .T. ) ;
#8667 = STYLED_ITEM ( 'NONE', ( #5493 ), #3680 ) ;
#8668 = ORIENTED_EDGE ( 'NONE', *, *, #4856, .T. ) ;
#8669 = VERTEX_POINT ( 'NONE', #5488 ) ;
#8670 = CARTESIAN_POINT ( 'NONE',  ( 3.946400933578617209, -3.000000000000000000, 2.383398085747340023 ) ) ;
#8671 = SURFACE_STYLE_FILL_AREA ( #1727 ) ;
#8672 = EDGE_LOOP ( 'NONE', ( #4896, #8182, #8531, #5453 ) ) ;
#8673 = CARTESIAN_POINT ( 'NONE',  ( 2.821452747967625463, -3.010000000000000231, 1.560750963185869367 ) ) ;
#8674 = B_SPLINE_SURFACE_WITH_KNOTS ( 'NONE', 3, 1, ( 
 ( #4306, #2790 ),
 ( #4392, #4202 ),
 ( #7371, #8089 ),
 ( #6596, #3660 ) ),
 .UNSPECIFIED., .F., .F., .F.,
 ( 4, 4 ),
 ( 2, 2 ),
 ( 3.000000000000000000, 4.000000000000000000 ),
 ( 0.000000000000000000, 1.000000000000000000 ),
 .UNSPECIFIED. ) ;
#8675 = CARTESIAN_POINT ( 'NONE',  ( 4.226644346772213012, -3.010000000000000231, 2.340989062074239957 ) ) ;
#8676 = ORIENTED_EDGE ( 'NONE', *, *, #6135, .T. ) ;
#8677 = VERTEX_POINT ( 'NONE', #917 ) ;
#8678 = ORIENTED_EDGE ( 'NONE', *, *, #281, .F. ) ;
#8679 = FACE_OUTER_BOUND ( 'NONE', #6907, .T. ) ;
#8680 = ORIENTED_EDGE ( 'NONE', *, *, #3050, .F. ) ;
#8681 = CARTESIAN_POINT ( 'NONE',  ( 3.295528852104094408, -3.000000000000000000, 2.063119899241296462 ) ) ;
#8682 = ORIENTED_EDGE ( 'NONE', *, *, #8939, .T. ) ;
#8683 = LINE ( 'NONE', #1922, #5005 ) ;
#8684 = CARTESIAN_POINT ( 'NONE',  ( 3.870752404863873064, -3.010000000000000231, 1.750865041537928546 ) ) ;
#8685 = ORIENTED_EDGE ( 'NONE', *, *, #5131, .F. ) ;
#8686 = EDGE_CURVE ( 'NONE', #2575, #2922, #4861, .T. ) ;
#8687 = LINE ( 'NONE', #4113, #5192 ) ;
#8688 = ORIENTED_EDGE ( 'NONE', *, *, #1870, .F. ) ;
#8689 = CARTESIAN_POINT ( 'NONE',  ( 3.552357244504450229, -3.000000000000000000, 2.128288978090730588 ) ) ;
#8690 = LINE ( 'NONE', #2027, #6465 ) ;
#8691 = CARTESIAN_POINT ( 'NONE',  ( 4.030318403201955668, -3.000000000000000000, 1.593018327941415180 ) ) ;
#8692 = CARTESIAN_POINT ( 'NONE',  ( 4.030318403201955668, -3.000000000000000000, 1.593018327941415402 ) ) ;
#8693 = DIRECTION ( 'NONE',  ( -0.000000000000000000, 1.000000000000000000, -0.000000000000000000 ) ) ;
#8694 = CARTESIAN_POINT ( 'NONE',  ( 2.570966781411831992, -3.000000000000000000, 1.556196655510438731 ) ) ;
#8695 = ORIENTED_EDGE ( 'NONE', *, *, #3933, .T. ) ;
#8696 = B_SPLINE_CURVE_WITH_KNOTS ( 'NONE', 3,
 ( #7799, #7165, #596, #2728 ),
 .UNSPECIFIED., .F., .F.,
 ( 4, 4 ),
 ( 0.000000000000000000, 1.000000000000000000 ),
 .UNSPECIFIED. ) ;
#8697 = UNCERTAINTY_MEASURE_WITH_UNIT (LENGTH_MEASURE( 1.000000000000000082E-05 ), #6544, 'distance_accuracy_value', 'NONE');
#8698 = EDGE_CURVE ( 'NONE', #8997, #4229, #5441, .T. ) ;
#8699 = ORIENTED_EDGE ( 'NONE', *, *, #5120, .T. ) ;
#8700 = FILL_AREA_STYLE_COLOUR ( '', #7713 ) ;
#8701 = CARTESIAN_POINT ( 'NONE',  ( 3.950740080787856989, -3.000000000000000000, 1.481674173123481486 ) ) ;
#8702 = PLANE ( 'NONE',  #214 ) ;
#8703 = CARTESIAN_POINT ( 'NONE',  ( 3.666321261788970887, -3.000000000000000000, 2.094558248836125181 ) ) ;
#8704 = ORIENTED_EDGE ( 'NONE', *, *, #4972, .F. ) ;
#8705 = CARTESIAN_POINT ( 'NONE',  ( 3.780039666967558443, -3.010000000000000231, 1.665719511381631213 ) ) ;
#8706 =( NAMED_UNIT ( * ) SI_UNIT ( $, .STERADIAN. ) SOLID_ANGLE_UNIT ( ) );
#8707 = B_SPLINE_CURVE_WITH_KNOTS ( 'NONE', 3,
 ( #2695, #7138, #7774, #288 ),
 .UNSPECIFIED., .F., .F.,
 ( 4, 4 ),
 ( 1.000000000000000000, 2.000000000000000000 ),
 .UNSPECIFIED. ) ;
#8708 = ADVANCED_FACE ( 'NONE', ( #4021 ), #3192, .F. ) ;
#8709 = CARTESIAN_POINT ( 'NONE',  ( 4.292714003345601270, -3.010000000000000231, 2.063119899241303568 ) ) ;
#8710 = ADVANCED_FACE ( 'NONE', ( #3918 ), #1007, .F. ) ;
#8711 = EDGE_CURVE ( 'NONE', #74, #7612, #193, .T. ) ;
#8712 = DIRECTION ( 'NONE',  ( 1.000000000000000000, 0.000000000000000000, 0.000000000000000000 ) ) ;
#8713 = DIRECTION ( 'NONE',  ( -0.3559357243643020419, -0.000000000000000000, -0.9345104387438696314 ) ) ;
#8714 = ORIENTED_EDGE ( 'NONE', *, *, #79, .F. ) ;
#8715 = CARTESIAN_POINT ( 'NONE',  ( 3.857653092531977634, -3.000000000000000000, 1.613322262056188006 ) ) ;
#8716 = DIRECTION ( 'NONE',  ( -0.9434452330799527608, 0.000000000000000000, 0.3315284183576329147 ) ) ;
#8717 = ORIENTED_EDGE ( 'NONE', *, *, #1976, .T. ) ;
#8718 = CARTESIAN_POINT ( 'NONE',  ( 4.223860742902751042, -3.000000000000000000, 1.735964573760300889 ) ) ;
#8719 = DIRECTION ( 'NONE',  ( -0.000000000000000000, 1.000000000000000000, -0.000000000000000000 ) ) ;
#8720 = DIRECTION ( 'NONE',  ( -0.3559357243698769158, -0.000000000000000000, -0.9345104387417462188 ) ) ;
#8721 = ORIENTED_EDGE ( 'NONE', *, *, #3648, .T. ) ;
#8722 = EDGE_CURVE ( 'NONE', #6202, #6192, #9139, .T. ) ;
#8723 = EDGE_LOOP ( 'NONE', ( #5006, #4773, #8212, #1578 ) ) ;
#8724 = FACE_OUTER_BOUND ( 'NONE', #8967, .T. ) ;
#8725 = VERTEX_POINT ( 'NONE', #5589 ) ;
#8726 = CARTESIAN_POINT ( 'NONE',  ( 4.441391198307380606, -3.010000000000000231, 2.320030162343628799 ) ) ;
#8727 = EDGE_LOOP ( 'NONE', ( #2920, #3665, #2453, #1371 ) ) ;
#8728 = CARTESIAN_POINT ( 'NONE',  ( 3.664192623535325932, -3.010000000000000231, 2.057716432904142412 ) ) ;
#8729 = VERTEX_POINT ( 'NONE', #3341 ) ;
#8730 =( NAMED_UNIT ( * ) SI_UNIT ( $, .STERADIAN. ) SOLID_ANGLE_UNIT ( ) );
#8731 = CARTESIAN_POINT ( 'NONE',  ( 4.102037138218421752, -3.010000000000000231, 2.099634232365367836 ) ) ;
#8732 = CIRCLE ( 'NONE', #3595, 0.1999999999999996503 ) ;
#8733 = VECTOR ( 'NONE', #8144, 1000.000000000000000 ) ;
#8734 = CARTESIAN_POINT ( 'NONE',  ( 3.520918894909611296, -3.000000000000000000, 2.181341193034180392 ) ) ;
#8735 = LINE ( 'NONE', #6546, #1303 ) ;
#8736 = VERTEX_POINT ( 'NONE', #3286 ) ;
#8737 = FACE_OUTER_BOUND ( 'NONE', #3557, .T. ) ;
#8738 = CARTESIAN_POINT ( 'NONE',  ( 4.097697991009176199, -3.010000000000000231, 1.783777063770563887 ) ) ;
#8739 = PRESENTATION_STYLE_ASSIGNMENT (( #6405 ) ) ;
#8740 = LINE ( 'NONE', #36, #725 ) ;
#8741 = CARTESIAN_POINT ( 'NONE',  ( 1.994849119140190696, -3.010000000000000231, 2.148254481510083913 ) ) ;
#8742 = CARTESIAN_POINT ( 'NONE',  ( 4.502548612755478352, -3.010000000000000231, 2.150721550459153697 ) ) ;
#8743 = VECTOR ( 'NONE', #1214, 1000.000000000000000 ) ;
#8744 = VERTEX_POINT ( 'NONE', #3139 ) ;
#8745 = B_SPLINE_SURFACE_WITH_KNOTS ( 'NONE', 3, 1, ( 
 ( #6314, #5479 ),
 ( #9274, #8447 ),
 ( #7775, #7038 ),
 ( #4156, #1240 ) ),
 .UNSPECIFIED., .F., .F., .F.,
 ( 4, 4 ),
 ( 2, 2 ),
 ( 1.000000000000000000, 2.000000000000000000 ),
 ( 0.000000000000000000, 1.000000000000000000 ),
 .UNSPECIFIED. ) ;
#8746 = VECTOR ( 'NONE', #4647, 999.9999999999998863 ) ;
#8747 = ORIENTED_EDGE ( 'NONE', *, *, #7162, .T. ) ;
#8748 = DIRECTION ( 'NONE',  ( -0.000000000000000000, 1.000000000000000000, -0.000000000000000000 ) ) ;
#8749 = VECTOR ( 'NONE', #5796, 1000.000000000000000 ) ;
#8750 = CARTESIAN_POINT ( 'NONE',  ( 4.097697991009176199, -3.010000000000000231, 1.783777063770563887 ) ) ;
#8751 = CARTESIAN_POINT ( 'NONE',  ( 3.953851167467421490, -3.010000000000000231, 1.447288478253044630 ) ) ;
#8752 = PLANE ( 'NONE',  #9423 ) ;
#8753 = FILL_AREA_STYLE_COLOUR ( '', #4099 ) ;
#8754 = CARTESIAN_POINT ( 'NONE',  ( 4.632559287644243184, -3.010000000000000231, 1.678163858097710959 ) ) ;
#8755 = ADVANCED_FACE ( 'NONE', ( #6263 ), #3530, .F. ) ;
#8756 = VECTOR ( 'NONE', #3104, 1000.000000000000000 ) ;
#8757 = COLOUR_RGB ( '',0.2980392156862745057, 0.2980392156862745057, 0.2980392156862745057 ) ;
#8758 = AXIS2_PLACEMENT_3D ( 'NONE', #3706, #29, #3032 ) ;
#8759 = ORIENTED_EDGE ( 'NONE', *, *, #6748, .F. ) ;
#8760 = ORIENTED_EDGE ( 'NONE', *, *, #4179, .F. ) ;
#8761 = CARTESIAN_POINT ( 'NONE',  ( 3.336873556650385986, -3.010000000000000231, 1.699286499232269820 ) ) ;
#8762 = DIRECTION ( 'NONE',  ( -0.000000000000000000, 1.000000000000000000, -0.000000000000000000 ) ) ;
#8763 = EDGE_CURVE ( 'NONE', #4527, #6063, #1691, .T. ) ;
#8764 = FACE_OUTER_BOUND ( 'NONE', #4576, .T. ) ;
#8765 = EDGE_LOOP ( 'NONE', ( #6862, #1164, #707, #9312, #541, #2632, #8479, #8386 ) ) ;
#8766 = CARTESIAN_POINT ( 'NONE',  ( 1.951583369965870229, -3.000000000000000000, 2.148254481510083913 ) ) ;
#8767 = VECTOR ( 'NONE', #6372, 1000.000000000000000 ) ;
#8768 = CARTESIAN_POINT ( 'NONE',  ( 3.854214523045582652, -3.000000000000000000, 1.629368919661526860 ) ) ;
#8769 = VECTOR ( 'NONE', #5164, 1000.000000000000000 ) ;
#8770 = CARTESIAN_POINT ( 'NONE',  ( 3.787489900856373826, -3.000000000000000000, 1.782958356750765638 ) ) ;
#8771 = EDGE_CURVE ( 'NONE', #2676, #6142, #747, .T. ) ;
#8772 = EDGE_CURVE ( 'NONE', #6574, #2490, #955, .T. ) ;
#8773 = EDGE_LOOP ( 'NONE', ( #1974, #8363, #7540, #1709 ) ) ;
#8774 = B_SPLINE_CURVE_WITH_KNOTS ( 'NONE', 3,
 ( #8055, #6012, #3708, #5278 ),
 .UNSPECIFIED., .F., .F.,
 ( 4, 4 ),
 ( 10.00000000000000000, 11.00000000000000000 ),
 .UNSPECIFIED. ) ;
#8775 = VECTOR ( 'NONE', #4111, 1000.000000000000000 ) ;
#8776 = ORIENTED_EDGE ( 'NONE', *, *, #4439, .F. ) ;
#8777 = CARTESIAN_POINT ( 'NONE',  ( 1.949306216129249592, -3.010000000000000231, 2.284883060241407193 ) ) ;
#8778 = EDGE_LOOP ( 'NONE', ( #6761, #8234, #5208, #560 ) ) ;
#8779 = LINE ( 'NONE', #4341, #4385 ) ;
#8780 = VERTEX_POINT ( 'NONE', #8691 ) ;
#8781 = ORIENTED_EDGE ( 'NONE', *, *, #5907, .T. ) ;
#8782 = SURFACE_SIDE_STYLE ('',( #7458 ) ) ;
#8783 = PLANE ( 'NONE',  #6636 ) ;
#8784 = AXIS2_PLACEMENT_3D ( 'NONE', #4622, #6848, #3096 ) ;
#8785 = EDGE_CURVE ( 'NONE', #2871, #6048, #1987, .T. ) ;
#8786 = ORIENTED_EDGE ( 'NONE', *, *, #4973, .T. ) ;
#8787 = CARTESIAN_POINT ( 'NONE',  ( 3.649865250672661876, -3.000000000000000000, 1.700432689062166380 ) ) ;
#8788 = CIRCLE ( 'NONE', #6311, 0.1999999999999996503 ) ;
#8789 = EDGE_LOOP ( 'NONE', ( #1234, #6806, #4840, #4386 ) ) ;
#8790 = CARTESIAN_POINT ( 'NONE',  ( 3.582731274973546043, -3.000000000000000000, 2.057716432904142412 ) ) ;
#8791 = CARTESIAN_POINT ( 'NONE',  ( 4.219767207797254116, -3.000000000000000000, 2.296287658743552118 ) ) ;
#8792 = LINE ( 'NONE', #3527, #7866 ) ;
#8793 = FACE_OUTER_BOUND ( 'NONE', #2165, .T. ) ;
#8794 = CARTESIAN_POINT ( 'NONE',  ( 4.197252764729051400, -3.000000000000000000, 2.133037478809876042 ) ) ;
#8795 = CARTESIAN_POINT ( 'NONE',  ( 1.983463349953810351, -3.010000000000000231, 1.679162441519152615 ) ) ;
#8796 = DIRECTION ( 'NONE',  ( 1.000000000000000000, -0.000000000000000000, 0.000000000000000000 ) ) ;
#8797 = AXIS2_PLACEMENT_3D ( 'NONE', #1429, #4953, #4402 ) ;
#8798 = CARTESIAN_POINT ( 'NONE',  ( 3.991839173228208359, -3.000000000000000000, 1.513931229740280493 ) ) ;
#8799 = ORIENTED_EDGE ( 'NONE', *, *, #9356, .T. ) ;
#8800 = CARTESIAN_POINT ( 'NONE',  ( 2.892044212887547872, -3.010000000000000231, 1.870442668909382711 ) ) ;
#8801 = EDGE_CURVE ( 'NONE', #781, #5866, #7473, .T. ) ;
#8802 = AXIS2_PLACEMENT_3D ( 'NONE', #7444, #9539, #6624 ) ;
#8803 = CARTESIAN_POINT ( 'NONE',  ( 1.519999999999999130, -2.149999999999999911, 0.5000000000000000000 ) ) ;
#8804 = PLANE ( 'NONE',  #4544 ) ;
#8805 = CARTESIAN_POINT ( 'NONE',  ( 3.033227229592507790, -3.000000000000000000, 1.872719866179106019 ) ) ;
#8806 = CARTESIAN_POINT ( 'NONE',  ( 4.620851777248160097, -3.010000000000000231, 1.788198081681789509 ) ) ;
#8807 = PLANE ( 'NONE',  #2867 ) ;
#8808 = VECTOR ( 'NONE', #8353, 1000.000000000000000 ) ;
#8809 = ORIENTED_EDGE ( 'NONE', *, *, #3761, .F. ) ;
#8810 = ORIENTED_EDGE ( 'NONE', *, *, #9006, .T. ) ;
#8811 = CARTESIAN_POINT ( 'NONE',  ( 3.694402912600484257, -3.010000000000000231, 2.345246338581505441 ) ) ;
#8812 = EDGE_CURVE ( 'NONE', #6368, #6444, #5827, .T. ) ;
#8813 = VERTEX_POINT ( 'NONE', #7959 ) ;
#8814 = DIRECTION ( 'NONE',  ( 1.000000000000000000, -8.673617379884035472E-16, 0.000000000000000000 ) ) ;
#8815 = VECTOR ( 'NONE', #5940, 1000.000000000000000 ) ;
#8816 = FACE_BOUND ( 'NONE', #5379, .T. ) ;
#8817 = CARTESIAN_POINT ( 'NONE',  ( 3.770297053421158839, -3.000000000000000000, 1.770841492842605946 ) ) ;
#8818 = EDGE_CURVE ( 'NONE', #3294, #5739, #1669, .T. ) ;
#8819 = ORIENTED_EDGE ( 'NONE', *, *, #8399, .T. ) ;
#8820 = DIRECTION ( 'NONE',  ( 1.000000000000000000, -0.000000000000000000, -0.000000000000000000 ) ) ;
#8821 = ADVANCED_FACE ( 'NONE', ( #1246 ), #529, .F. ) ;
#8822 = ORIENTED_EDGE ( 'NONE', *, *, #3363, .F. ) ;
#8823 = DIRECTION ( 'NONE',  ( -0.000000000000000000, 1.000000000000000000, -0.000000000000000000 ) ) ;
#8824 = VERTEX_POINT ( 'NONE', #2705 ) ;
#8825 = CARTESIAN_POINT ( 'NONE',  ( 3.753186076687913264, -3.000000000000000000, 1.758560887532675254 ) ) ;
#8826 = EDGE_LOOP ( 'NONE', ( #1315, #6343, #5502, #3462 ) ) ;
#8827 = CARTESIAN_POINT ( 'NONE',  ( 3.887863381597113310, -3.000000000000000000, 1.739894367459658975 ) ) ;
#8828 = CARTESIAN_POINT ( 'NONE',  ( 1.787628858323434322, -3.010000000000000231, 1.576690996613467677 ) ) ;
#8829 = B_SPLINE_CURVE_WITH_KNOTS ( 'NONE', 3,
 ( #5099, #2182, #4405, #8059 ),
 .UNSPECIFIED., .F., .F.,
 ( 4, 4 ),
 ( 2.000000000000000000, 3.000000000000000000 ),
 .UNSPECIFIED. ) ;
#8830 = EDGE_CURVE ( 'NONE', #3911, #5293, #4264, .T. ) ;
#8831 = VERTEX_POINT ( 'NONE', #2658 ) ;
#8832 = EDGE_CURVE ( 'NONE', #788, #1858, #5631, .T. ) ;
#8833 = ADVANCED_FACE ( 'NONE', ( #8793 ), #4067, .T. ) ;
#8834 = ORIENTED_EDGE ( 'NONE', *, *, #1621, .F. ) ;
#8835 = CARTESIAN_POINT ( 'NONE',  ( 3.518626515250925735, -3.000000000000000000, 2.101435387811084077 ) ) ;
#8836 = CARTESIAN_POINT ( 'NONE',  ( 3.295528852104094408, -3.010000000000000231, 2.063119899241296462 ) ) ;
#8837 = CARTESIAN_POINT ( 'NONE',  ( -4.060000000000001386, -2.449999999999999289, -4.099999999999999645 ) ) ;
#8838 = CARTESIAN_POINT ( 'NONE',  ( 4.837481654933205810, -3.000000000000000000, 1.834373157650283970 ) ) ;
#8839 = CARTESIAN_POINT ( 'NONE',  ( 4.035230645327230192, -3.010000000000000231, 1.611521106610473542 ) ) ;
#8840 = LINE ( 'NONE', #6607, #3826 ) ;
#8841 = LINE ( 'NONE', #6696, #1791 ) ;
#8842 = ORIENTED_EDGE ( 'NONE', *, *, #4712, .F. ) ;
#8843 = LINE ( 'NONE', #6464, #8488 ) ;
#8844 = CARTESIAN_POINT ( 'NONE',  ( 4.102282750324362404, -3.010000000000000231, 2.063119899241303568 ) ) ;
#8845 = CARTESIAN_POINT ( 'NONE',  ( 3.033227229592507790, -3.000000000000000000, 1.872719866179106019 ) ) ;
#8846 = CARTESIAN_POINT ( 'NONE',  ( 3.451410668849840491, -3.010000000000000231, 1.735964573760294227 ) ) ;
#8847 = CARTESIAN_POINT ( 'NONE',  ( 3.786753064537466074, -3.000000000000000000, 1.582375136673234151 ) ) ;
#8848 = SURFACE_STYLE_USAGE ( .BOTH. , #1218 ) ;
#8849 = ORIENTED_EDGE ( 'NONE', *, *, #5907, .F. ) ;
#8850 = ORIENTED_EDGE ( 'NONE', *, *, #2241, .F. ) ;
#8851 = CARTESIAN_POINT ( 'NONE',  ( 3.641841921869984677, -3.010000000000000231, 2.351468511938452188 ) ) ;
#8852 = CARTESIAN_POINT ( 'NONE',  ( 3.847337384070623756, -3.000000000000000000, 1.635099868806588530 ) ) ;
#8853 = ORIENTED_EDGE ( 'NONE', *, *, #9344, .F. ) ;
#8854 = DIRECTION ( 'NONE',  ( -0.000000000000000000, 1.000000000000000000, -0.000000000000000000 ) ) ;
#8855 = LINE ( 'NONE', #5992, #2825 ) ;
#8856 = CARTESIAN_POINT ( 'NONE',  ( 4.029254084076228537, -3.010000000000000231, 1.593018327941415402 ) ) ;
#8857 = PLANE ( 'NONE',  #9589 ) ;
#8858 = EDGE_CURVE ( 'NONE', #771, #1309, #3181, .T. ) ;
#8859 = ORIENTED_EDGE ( 'NONE', *, *, #6062, .F. ) ;
#8860 = LINE ( 'NONE', #1469, #2094 ) ;
#8861 = ORIENTED_EDGE ( 'NONE', *, *, #1760, .T. ) ;
#8862 = CARTESIAN_POINT ( 'NONE',  ( 3.887863381597113310, -3.000000000000000000, 1.739894367459658753 ) ) ;
#8863 = ORIENTED_EDGE ( 'NONE', *, *, #4006, .F. ) ;
#8864 = DIRECTION ( 'NONE',  ( -0.9345104387417465519, 0.000000000000000000, -0.3559357243698761386 ) ) ;
#8865 = VERTEX_POINT ( 'NONE', #7871 ) ;
#8866 = DIRECTION ( 'NONE',  ( 0.000000000000000000, 0.000000000000000000, 1.000000000000000000 ) ) ;
#8867 = ORIENTED_EDGE ( 'NONE', *, *, #1037, .T. ) ;
#8868 = LINE ( 'NONE', #4097, #1656 ) ;
#8869 = DIRECTION ( 'NONE',  ( 1.000000000000000000, -0.000000000000000000, -0.000000000000000000 ) ) ;
#8870 = ADVANCED_FACE ( 'NONE', ( #5872 ), #9024, .T. ) ;
#8871 = ORIENTED_EDGE ( 'NONE', *, *, #1103, .T. ) ;
#8872 = FACE_OUTER_BOUND ( 'NONE', #753, .T. ) ;
#8873 = ORIENTED_EDGE ( 'NONE', *, *, #40, .T. ) ;
#8874 = DIRECTION ( 'NONE',  ( 4.336808689942006692E-15, 0.000000000000000000, -1.000000000000000000 ) ) ;
#8875 = CARTESIAN_POINT ( 'NONE',  ( 3.744344040864370893, -3.000000000000000000, 1.604480226231551176 ) ) ;
#8876 = VERTEX_POINT ( 'NONE', #7428 ) ;
#8877 = DIRECTION ( 'NONE',  ( -1.000000000000000000, -0.000000000000000000, -0.000000000000000000 ) ) ;
#8878 = CARTESIAN_POINT ( 'NONE',  ( -4.447228653561730027, -2.979999999999999982, 1.155408471094628631 ) ) ;
#8879 = EDGE_CURVE ( 'NONE', #4690, #7318, #4554, .T. ) ;
#8880 = DIRECTION ( 'NONE',  ( 1.000000000000000000, -0.000000000000000000, 2.601421064473125976E-14 ) ) ;
#8881 = DIRECTION ( 'NONE',  ( 1.000000000000000000, 0.000000000000000000, -0.000000000000000000 ) ) ;
#8882 =( GEOMETRIC_REPRESENTATION_CONTEXT ( 3 ) GLOBAL_UNCERTAINTY_ASSIGNED_CONTEXT ( ( #6749 ) ) GLOBAL_UNIT_ASSIGNED_CONTEXT ( ( #2886, #2549, #9014 ) ) REPRESENTATION_CONTEXT ( 'NONE', 'WORKASPACE' ) );
#8883 = EDGE_CURVE ( 'NONE', #4052, #4974, #3712, .T. ) ;
#8884 = EDGE_CURVE ( 'NONE', #4312, #643, #5623, .T. ) ;
#8885 = UNCERTAINTY_MEASURE_WITH_UNIT (LENGTH_MEASURE( 1.000000000000000082E-05 ), #9540, 'distance_accuracy_value', 'NONE');
#8886 = VECTOR ( 'NONE', #2202, 1000.000000000000000 ) ;
#8887 = EDGE_LOOP ( 'NONE', ( #8810, #2961, #7074, #7947, #5548, #762, #2504, #3814, #467, #9300, #9482, #5659, #7069, #1688, #8873, #7967, #7798, #5810, #8871, #7981, #7721, #8001, #6179, #6825, #295, #2542, #6620, #6896, #3940, #3230, #8020, #1802, #1899 ) ) ;
#8888 = PRESENTATION_STYLE_ASSIGNMENT (( #2096 ) ) ;
#8889 = CARTESIAN_POINT ( 'NONE',  ( 3.885407260534478269, -3.010000000000000231, 1.655076320113465504 ) ) ;
#8890 = CARTESIAN_POINT ( 'NONE',  ( 4.595553730310481200, -3.000000000000000000, 1.861226747929926928 ) ) ;
#8891 = CARTESIAN_POINT ( 'NONE',  ( 3.634637300087105949, -3.010000000000000231, 2.094558248836125181 ) ) ;
#8892 = APPLICATION_PROTOCOL_DEFINITION ( 'draft international standard', 'automotive_design', 1998, #8599 ) ;
#8893 = FACE_OUTER_BOUND ( 'NONE', #7, .T. ) ;
#8894 = ADVANCED_FACE ( 'NONE', ( #8247 ), #1532, .T. ) ;
#8895 = VECTOR ( 'NONE', #9597, 1000.000000000000000 ) ;
#8896 = B_SPLINE_CURVE_WITH_KNOTS ( 'NONE', 3,
 ( #9461, #7287, #9510, #7868 ),
 .UNSPECIFIED., .F., .F.,
 ( 4, 4 ),
 ( 4.000000000000000000, 5.000000000000000000 ),
 .UNSPECIFIED. ) ;
#8897 = AXIS2_PLACEMENT_3D ( 'NONE', #9109, #2394, #6867 ) ;
#8898 = EDGE_LOOP ( 'NONE', ( #2004, #3753, #2340, #8135 ) ) ;
#8899 = ORIENTED_EDGE ( 'NONE', *, *, #925, .T. ) ;
#8900 = CARTESIAN_POINT ( 'NONE',  ( 3.669268607063477461, -3.010000000000000231, 2.351468511938452188 ) ) ;
#8901 = CARTESIAN_POINT ( 'NONE',  ( 4.502548612755478352, -3.010000000000000231, 2.150721550459153697 ) ) ;
#8902 = B_SPLINE_CURVE_WITH_KNOTS ( 'NONE', 3,
 ( #7340, #6417, #9431, #5835 ),
 .UNSPECIFIED., .F., .F.,
 ( 4, 4 ),
 ( 3.000000000000000000, 4.000000000000000000 ),
 .UNSPECIFIED. ) ;
#8903 = FACE_OUTER_BOUND ( 'NONE', #2810, .T. ) ;
#8904 = CARTESIAN_POINT ( 'NONE',  ( 5.549999999999999822, -2.799999999999999822, 9.799999999999998934 ) ) ;
#8905 = CARTESIAN_POINT ( 'NONE',  ( 4.035476257433175284, -3.010000000000000231, 1.520480885907324442 ) ) ;
#8906 =( NAMED_UNIT ( * ) SI_UNIT ( $, .STERADIAN. ) SOLID_ANGLE_UNIT ( ) );
#8907 = LINE ( 'NONE', #4212, #6486 ) ;
#8908 = VECTOR ( 'NONE', #8507, 1000.000000000000000 ) ;
#8909 = VECTOR ( 'NONE', #1874, 1000.000000000000000 ) ;
#8910 = ORIENTED_EDGE ( 'NONE', *, *, #3106, .T. ) ;
#8911 = B_SPLINE_CURVE_WITH_KNOTS ( 'NONE', 3,
 ( #7372, #1476, #2889, #4393 ),
 .UNSPECIFIED., .F., .F.,
 ( 4, 4 ),
 ( 1.000000000000000000, 2.000000000000000000 ),
 .UNSPECIFIED. ) ;
#8912 = ORIENTED_EDGE ( 'NONE', *, *, #5922, .F. ) ;
#8913 = CARTESIAN_POINT ( 'NONE',  ( 3.693911688387511383, -3.000000000000000000, 2.101762870618999024 ) ) ;
#8914 = VECTOR ( 'NONE', #2495, 1000.000000000000000 ) ;
#8915 = PRESENTATION_LAYER_ASSIGNMENT (  '', '', ( #6746 ) ) ;
#8916 = EDGE_LOOP ( 'NONE', ( #4112, #6983, #2649, #1262, #8425, #4575 ) ) ;
#8917 = LINE ( 'NONE', #2255, #8895 ) ;
#8918 = EDGE_LOOP ( 'NONE', ( #5072, #118, #2106, #1470, #5577, #3841, #6478, #1465, #6453, #1257, #365, #7176, #4685, #404 ) ) ;
#8919 = CARTESIAN_POINT ( 'NONE',  ( 3.546871907466395690, -3.010000000000000231, 1.619544435413131644 ) ) ;
#8920 = VERTEX_POINT ( 'NONE', #7469 ) ;
#8921 = FACE_OUTER_BOUND ( 'NONE', #2440, .T. ) ;
#8922 = B_SPLINE_CURVE_WITH_KNOTS ( 'NONE', 3,
 ( #2750, #5629, #478, #2842 ),
 .UNSPECIFIED., .F., .F.,
 ( 4, 4 ),
 ( 2.000000000000000000, 3.000000000000000000 ),
 .UNSPECIFIED. ) ;
#8923 = CARTESIAN_POINT ( 'NONE',  ( 3.649865250672663652, -3.010000000000000231, 1.647871698330585000 ) ) ;
#8924 = B_SPLINE_CURVE_WITH_KNOTS ( 'NONE', 3,
 ( #1393, #623, #1299, #5140 ),
 .UNSPECIFIED., .F., .F.,
 ( 4, 4 ),
 ( 22.00000000000000000, 23.00000000000000000 ),
 .UNSPECIFIED. ) ;
#8925 = VECTOR ( 'NONE', #2160, 1000.000000000000000 ) ;
#8926 =( LENGTH_UNIT ( ) NAMED_UNIT ( * ) SI_UNIT ( .MILLI., .METRE. ) );
#8927 = EDGE_LOOP ( 'NONE', ( #7692, #5019, #4137, #3542 ) ) ;
#8928 = CARTESIAN_POINT ( 'NONE',  ( 2.948972841649584620, -3.000000000000000000, 1.656391076880982860 ) ) ;
#8929 = CARTESIAN_POINT ( 'NONE',  ( 3.873044784521474604, -3.000000000000000000, 1.567802151703523217 ) ) ;
#8930 = VERTEX_POINT ( 'NONE', #7383 ) ;
#8931 = LINE ( 'NONE', #5236, #7093 ) ;
#8932 = ADVANCED_FACE ( 'NONE', ( #3085 ), #4147, .T. ) ;
#8933 = AXIS2_PLACEMENT_3D ( 'NONE', #5601, #408, #8559 ) ;
#8934 = CARTESIAN_POINT ( 'NONE',  ( 3.669268607063477461, -3.000000000000000000, 2.351468511938452188 ) ) ;
#8935 = CARTESIAN_POINT ( 'NONE',  ( 4.016154771744322005, -3.010000000000000231, 1.471685947471138567 ) ) ;
#8936 = DIRECTION ( 'NONE',  ( -0.000000000000000000, -0.000000000000000000, -1.000000000000000000 ) ) ;
#8937 = VECTOR ( 'NONE', #2859, 1000.000000000000000 ) ;
#8938 = EDGE_CURVE ( 'NONE', #9297, #9353, #8984, .T. ) ;
#8939 = EDGE_CURVE ( 'NONE', #3360, #8639, #7942, .T. ) ;
#8940 = VERTEX_POINT ( 'NONE', #6791 ) ;
#8941 = CARTESIAN_POINT ( 'NONE',  ( 3.621292375649268536, -3.000000000000000000, 1.588761051434134153 ) ) ;
#8942 = EDGE_CURVE ( 'NONE', #4796, #6132, #2375, .T. ) ;
#8943 = CARTESIAN_POINT ( 'NONE',  ( 4.783365120864023545, -3.010000000000000231, 1.678818823713545738 ) ) ;
#8944 = DIRECTION ( 'NONE',  ( -0.000000000000000000, -0.000000000000000000, 1.000000000000000000 ) ) ;
#8945 = ADVANCED_FACE ( 'NONE', ( #139 ), #5918, .F. ) ;
#8946 = CARTESIAN_POINT ( 'NONE',  ( 2.274937955279294322, -3.010000000000000231, 2.469331826119590900 ) ) ;
#8947 = PLANE ( 'NONE',  #8138 ) ;
#8948 = VECTOR ( 'NONE', #5595, 1000.000000000000000 ) ;
#8949 = CARTESIAN_POINT ( 'NONE',  ( 4.632559287644243184, -3.010000000000000231, 1.758069663320812603 ) ) ;
#8950 = VECTOR ( 'NONE', #6989, 1000.000000000000000 ) ;
#8951 = CARTESIAN_POINT ( 'NONE',  ( 4.840920224420685258, -3.010000000000000231, 1.816361603195281171 ) ) ;
#8952 = ORIENTED_EDGE ( 'NONE', *, *, #3636, .T. ) ;
#8953 = CARTESIAN_POINT ( 'NONE',  ( 3.717326709180762911, -3.000000000000000000, 2.375702239752584433 ) ) ;
#8954 = CARTESIAN_POINT ( 'NONE',  ( 2.072272002136880786, -3.010000000000000231, 1.717873926451140010 ) ) ;
#8955 = EDGE_CURVE ( 'NONE', #5569, #462, #5536, .T. ) ;
#8956 = DIRECTION ( 'NONE',  ( -0.000000000000000000, 1.000000000000000000, -0.000000000000000000 ) ) ;
#8957 = EDGE_CURVE ( 'NONE', #1982, #6202, #5386, .T. ) ;
#8958 = PLANE ( 'NONE',  #3662 ) ;
#8959 = ORIENTED_EDGE ( 'NONE', *, *, #5678, .T. ) ;
#8960 = LINE ( 'NONE', #8, #8454 ) ;
#8961 = CARTESIAN_POINT ( 'NONE',  ( 3.887863381597113310, -3.010000000000000231, 1.778864821645272709 ) ) ;
#8962 = B_SPLINE_SURFACE_WITH_KNOTS ( 'NONE', 3, 1, ( 
 ( #3078, #6052 ),
 ( #2350, #8290 ),
 ( #1671, #7763 ),
 ( #5468, #4806 ) ),
 .UNSPECIFIED., .F., .F., .F.,
 ( 4, 4 ),
 ( 2, 2 ),
 ( 1.000000000000000000, 2.000000000000000000 ),
 ( 0.000000000000000000, 1.000000000000000000 ),
 .UNSPECIFIED. ) ;
#8963 = ORIENTED_EDGE ( 'NONE', *, *, #1146, .F. ) ;
#8964 = ORIENTED_EDGE ( 'NONE', *, *, #1437, .F. ) ;
#8965 = CARTESIAN_POINT ( 'NONE',  ( 3.532135181092734832, -3.010000000000000231, 2.292030382234095498 ) ) ;
#8966 = VECTOR ( 'NONE', #4539, 1000.000000000000000 ) ;
#8967 = EDGE_LOOP ( 'NONE', ( #3887, #6380, #2070, #7014 ) ) ;
#8968 = ORIENTED_EDGE ( 'NONE', *, *, #5863, .F. ) ;
#8969 = DIRECTION ( 'NONE',  ( 1.000000000000000000, 0.000000000000000000, 0.000000000000000000 ) ) ;
#8970 = ORIENTED_EDGE ( 'NONE', *, *, #4255, .F. ) ;
#8971 = CARTESIAN_POINT ( 'NONE',  ( 4.196352187005090606, -3.010000000000000231, 2.316427851452192765 ) ) ;
#8972 = B_SPLINE_CURVE_WITH_KNOTS ( 'NONE', 3,
 ( #5376, #6730, #6781, #132 ),
 .UNSPECIFIED., .F., .F.,
 ( 4, 4 ),
 ( 12.00000000000000000, 13.00000000000000000 ),
 .UNSPECIFIED. ) ;
#8973 = CARTESIAN_POINT ( 'NONE',  ( 4.369181239079034107, -3.010000000000000231, 2.150721550459150144 ) ) ;
#8974 = DIRECTION ( 'NONE',  ( 1.000000000000000000, -8.673617379884035472E-16, 0.000000000000000000 ) ) ;
#8975 = CARTESIAN_POINT ( 'NONE',  ( 3.664192623535325932, -3.000000000000000000, 2.057716432904142412 ) ) ;
#8976 = VECTOR ( 'NONE', #2985, 1000.000000000000000 ) ;
#8977 = ORIENTED_EDGE ( 'NONE', *, *, #3523, .T. ) ;
#8978 = B_SPLINE_CURVE_WITH_KNOTS ( 'NONE', 3,
 ( #733, #8768, #2161, #2249 ),
 .UNSPECIFIED., .F., .F.,
 ( 4, 4 ),
 ( 2.000000000000000000, 3.000000000000000000 ),
 .UNSPECIFIED. ) ;
#8979 = LINE ( 'NONE', #4495, #3625 ) ;
#8980 = ORIENTED_EDGE ( 'NONE', *, *, #4117, .T. ) ;
#8981 = FACE_OUTER_BOUND ( 'NONE', #1793, .T. ) ;
#8982 = LINE ( 'NONE', #853, #3457 ) ;
#8983 = VERTEX_POINT ( 'NONE', #7670 ) ;
#8984 = LINE ( 'NONE', #2181, #2075 ) ;
#8985 = DIRECTION ( 'NONE',  ( -0.000000000000000000, -1.000000000000000000, 2.168404344971003346E-15 ) ) ;
#8986 = CARTESIAN_POINT ( 'NONE',  ( 3.935102776692431803, -3.000000000000000000, 1.448434668082941856 ) ) ;
#8987 = DIRECTION ( 'NONE',  ( -0.000000000000000000, 1.000000000000000000, -0.000000000000000000 ) ) ;
#8988 = EDGE_CURVE ( 'NONE', #4452, #6054, #8352, .T. ) ;
#8989 = UNCERTAINTY_MEASURE_WITH_UNIT (LENGTH_MEASURE( 1.000000000000000082E-05 ), #734, 'distance_accuracy_value', 'NONE');
#8990 = ORIENTED_EDGE ( 'NONE', *, *, #3538, .T. ) ;
#8991 = DIRECTION ( 'NONE',  ( -0.3385350343141436680, 0.000000000000000000, -0.9409537876760587505 ) ) ;
#8992 = CARTESIAN_POINT ( 'NONE',  ( 3.898834055674295307, -3.010000000000000231, 1.632316264937124561 ) ) ;
#8993 = CARTESIAN_POINT ( 'NONE',  ( 2.101874915153297163, -3.010000000000000231, 2.380523163077156834 ) ) ;
#8994 = CARTESIAN_POINT ( 'NONE',  ( 4.430174912123167275, -3.000000000000000000, 2.320030162343628799 ) ) ;
#8995 = FACE_OUTER_BOUND ( 'NONE', #4836, .T. ) ;
#8996 = EDGE_CURVE ( 'NONE', #4681, #874, #6109, .T. ) ;
#8997 = VERTEX_POINT ( 'NONE', #1831 ) ;
#8998 = DIRECTION ( 'NONE',  ( -0.000000000000000000, -0.000000000000000000, 1.000000000000000000 ) ) ;
#8999 = LINE ( 'NONE', #4632, #1290 ) ;
#9000 = CARTESIAN_POINT ( 'NONE',  ( 3.532135181092734832, -3.010000000000000231, 2.292030382234095498 ) ) ;
#9001 = CARTESIAN_POINT ( 'NONE',  ( 3.576099748105616705, -3.000000000000000000, 1.756432249279040736 ) ) ;
#9002 = CARTESIAN_POINT ( 'NONE',  ( 3.689981894688174613, -3.010000000000000231, 1.555030322181719660 ) ) ;
#9003 = CARTESIAN_POINT ( 'NONE',  ( 4.258819532687037501, -3.000000000000000000, 2.312661799156795261 ) ) ;
#9004 = ADVANCED_FACE ( 'NONE', ( #5329 ), #6339, .F. ) ;
#9005 = ORIENTED_EDGE ( 'NONE', *, *, #3824, .T. ) ;
#9006 = EDGE_CURVE ( 'NONE', #5163, #6138, #5149, .T. ) ;
#9007 = VERTEX_POINT ( 'NONE', #6990 ) ;
#9008 = ADVANCED_FACE ( 'NONE', ( #7035 ), #380, .F. ) ;
#9009 = B_SPLINE_CURVE_WITH_KNOTS ( 'NONE', 3,
 ( #3482, #1294, #5725, #9418 ),
 .UNSPECIFIED., .F., .F.,
 ( 4, 4 ),
 ( 1.000000000000000000, 2.000000000000000000 ),
 .UNSPECIFIED. ) ;
#9010 = ORIENTED_EDGE ( 'NONE', *, *, #4903, .T. ) ;
#9011 = CARTESIAN_POINT ( 'NONE',  ( 4.182516038355378996, -3.010000000000000231, 1.875308508687759446 ) ) ;
#9012 = ORIENTED_EDGE ( 'NONE', *, *, #8879, .F. ) ;
#9013 = ORIENTED_EDGE ( 'NONE', *, *, #5362, .T. ) ;
#9014 =( NAMED_UNIT ( * ) SI_UNIT ( $, .STERADIAN. ) SOLID_ANGLE_UNIT ( ) );
#9015 = CARTESIAN_POINT ( 'NONE',  ( 1.983463349953810351, -3.000000000000000000, 1.578968020150794516 ) ) ;
#9016 = CARTESIAN_POINT ( 'NONE',  ( 2.302263671026000935, -3.010000000000000231, 1.654113966477452458 ) ) ;
#9017 = DIRECTION ( 'NONE',  ( -1.000000000000000000, 0.000000000000000000, 0.000000000000000000 ) ) ;
#9018 = EDGE_CURVE ( 'NONE', #1762, #922, #239, .T. ) ;
#9019 = VERTEX_POINT ( 'NONE', #6944 ) ;
#9020 = DIRECTION ( 'NONE',  ( -0.000000000000000000, 0.000000000000000000, -1.000000000000000000 ) ) ;
#9021 = CARTESIAN_POINT ( 'NONE',  ( 3.946400933578616321, -3.010000000000000231, 2.346556269815353701 ) ) ;
#9022 = ORIENTED_EDGE ( 'NONE', *, *, #3062, .F. ) ;
#9023 = PRESENTATION_STYLE_ASSIGNMENT (( #4553 ) ) ;
#9024 = PLANE ( 'NONE',  #525 ) ;
#9025 = FACE_OUTER_BOUND ( 'NONE', #6668, .T. ) ;
#9026 = CARTESIAN_POINT ( 'NONE',  ( 4.223860742902751042, -3.010000000000000231, 1.838466692755773568 ) ) ;
#9027 = CARTESIAN_POINT ( 'NONE',  ( 2.541363911829606081, -3.010000000000000231, 1.663222408093722793 ) ) ;
#9028 = ORIENTED_EDGE ( 'NONE', *, *, #6022, .T. ) ;
#9029 = CARTESIAN_POINT ( 'NONE',  ( 3.632672403237443337, -3.000000000000000000, 1.601205398150215675 ) ) ;
#9030 = CARTESIAN_POINT ( 'NONE',  ( 3.937313285648034178, -3.010000000000000231, 2.207376076291855060 ) ) ;
#9031 = FACE_OUTER_BOUND ( 'NONE', #5327, .T. ) ;
#9032 = B_SPLINE_SURFACE_WITH_KNOTS ( 'NONE', 3, 1, ( 
 ( #3222, #1182 ),
 ( #5423, #1718 ),
 ( #7658, #988 ),
 ( #5467, #8433 ) ),
 .UNSPECIFIED., .F., .F., .F.,
 ( 4, 4 ),
 ( 2, 2 ),
 ( 3.000000000000000000, 4.000000000000000000 ),
 ( 0.000000000000000000, 1.000000000000000000 ),
 .UNSPECIFIED. ) ;
#9033 = LINE ( 'NONE', #2373, #7559 ) ;
#9034 = CARTESIAN_POINT ( 'NONE',  ( 4.435414637056361187, -3.000000000000000000, 2.342462734712048356 ) ) ;
#9035 = B_SPLINE_CURVE_WITH_KNOTS ( 'NONE', 3,
 ( #6640, #9599, #2923, #1612 ),
 .UNSPECIFIED., .F., .F.,
 ( 4, 4 ),
 ( 11.00000000000000000, 12.00000000000000000 ),
 .UNSPECIFIED. ) ;
#9036 = ORIENTED_EDGE ( 'NONE', *, *, #3953, .T. ) ;
#9037 = VECTOR ( 'NONE', #4142, 1000.000000000000000 ) ;
#9038 = ORIENTED_EDGE ( 'NONE', *, *, #3876, .F. ) ;
#9039 = VERTEX_POINT ( 'NONE', #5477 ) ;
#9040 = LINE ( 'NONE', #6763, #2699 ) ;
#9041 = CARTESIAN_POINT ( 'NONE',  ( 1.019999999999999130, -2.449999999999999289, -4.099999999999999645 ) ) ;
#9042 = DIRECTION ( 'NONE',  ( 0.000000000000000000, 1.000000000000000000, 0.000000000000000000 ) ) ;
#9043 = CARTESIAN_POINT ( 'NONE',  ( 3.551129183973674941, -3.010000000000000231, 1.747098989242529044 ) ) ;
#9044 = CARTESIAN_POINT ( 'NONE',  ( 4.543156480982863954, -3.010000000000000231, 1.838466692755773568 ) ) ;
#9045 = ADVANCED_FACE ( 'NONE', ( #287 ), #358, .F. ) ;
#9046 = SURFACE_STYLE_USAGE ( .BOTH. , #829 ) ;
#9047 = CARTESIAN_POINT ( 'NONE',  ( 3.855933807788234358, -3.010000000000000231, 1.555685287797550886 ) ) ;
#9048 = VECTOR ( 'NONE', #9448, 1000.000000000000000 ) ;
#9049 = PRESENTATION_LAYER_ASSIGNMENT (  '', '', ( #4074 ) ) ;
#9050 = VECTOR ( 'NONE', #758, 1000.000000000000000 ) ;
#9051 = EDGE_CURVE ( 'NONE', #8744, #562, #6446, .T. ) ;
#9052 = EDGE_CURVE ( 'NONE', #634, #6526, #864, .T. ) ;
#9053 = EDGE_LOOP ( 'NONE', ( #4428, #6393, #6634, #174 ) ) ;
#9054 = STYLED_ITEM ( 'NONE', ( #8223 ), #7635 ) ;
#9055 = ORIENTED_EDGE ( 'NONE', *, *, #6683, .T. ) ;
#9056 = FILL_AREA_STYLE_COLOUR ( '', #3748 ) ;
#9057 = ORIENTED_EDGE ( 'NONE', *, *, #1288, .F. ) ;
#9058 = DIRECTION ( 'NONE',  ( 1.000000000000000000, 0.000000000000000000, 0.000000000000000000 ) ) ;
#9059 = VERTEX_POINT ( 'NONE', #431 ) ;
#9060 = EDGE_CURVE ( 'NONE', #562, #9216, #3520, .T. ) ;
#9061 = AXIS2_PLACEMENT_3D ( 'NONE', #7848, #4976, #7934 ) ;
#9062 = ADVANCED_FACE ( 'NONE', ( #565 ), #7279, .F. ) ;
#9063 = CARTESIAN_POINT ( 'NONE',  ( 4.029254084076228537, -3.010000000000000231, 1.593018327941415402 ) ) ;
#9064 = VECTOR ( 'NONE', #4319, 1000.000000000000000 ) ;
#9065 = CARTESIAN_POINT ( 'NONE',  ( 1.019999999999999130, -2.149999999999999467, -4.099999999999999645 ) ) ;
#9066 = AXIS2_PLACEMENT_3D ( 'NONE', #4445, #8864, #2303 ) ;
#9067 = AXIS2_PLACEMENT_3D ( 'NONE', #5092, #4546, #83 ) ;
#9068 = VERTEX_POINT ( 'NONE', #1143 ) ;
#9069 = LINE ( 'NONE', #3175, #7543 ) ;
#9070 = DIRECTION ( 'NONE',  ( -1.000000000000000000, 0.000000000000000000, 0.000000000000000000 ) ) ;
#9071 = ORIENTED_EDGE ( 'NONE', *, *, #7045, .F. ) ;
#9072 = DIRECTION ( 'NONE',  ( -0.000000000000000000, 1.000000000000000000, -0.000000000000000000 ) ) ;
#9073 = CARTESIAN_POINT ( 'NONE',  ( 4.503367319777459521, -3.000000000000000000, 1.555030322181724767 ) ) ;
#9074 = ORIENTED_EDGE ( 'NONE', *, *, #4368, .T. ) ;
#9075 = LINE ( 'NONE', #8246, #1645 ) ;
#9076 = CARTESIAN_POINT ( 'NONE',  ( 3.336873556650385986, -3.000000000000000000, 1.699286499232269820 ) ) ;
#9077 = ADVANCED_FACE ( 'NONE', ( #4201 ), #7272, .T. ) ;
#9078 = PLANE ( 'NONE',  #2445 ) ;
#9079 = VECTOR ( 'NONE', #9103, 1000.000000000000000 ) ;
#9080 = LINE ( 'NONE', #7673, #1918 ) ;
#9081 = DIRECTION ( 'NONE',  ( 1.000000000000000000, -0.000000000000000000, 0.000000000000000000 ) ) ;
#9082 = VECTOR ( 'NONE', #4004, 1000.000000000000000 ) ;
#9083 = EDGE_LOOP ( 'NONE', ( #944, #6691, #6432, #9265 ) ) ;
#9084 = UNCERTAINTY_MEASURE_WITH_UNIT (LENGTH_MEASURE( 1.000000000000000082E-05 ), #6336, 'distance_accuracy_value', 'NONE');
#9085 = CARTESIAN_POINT ( 'NONE',  ( 2.541363911829606081, -3.000000000000000000, 1.624511010027928748 ) ) ;
#9086 = PRESENTATION_LAYER_ASSIGNMENT (  '', '', ( #7995 ) ) ;
#9087 = ORIENTED_EDGE ( 'NONE', *, *, #2225, .F. ) ;
#9088 = CARTESIAN_POINT ( 'NONE',  ( 2.541363911829606081, -3.010000000000000231, 1.624511010027928748 ) ) ;
#9089 = CARTESIAN_POINT ( 'NONE',  ( 3.785934357516583582, -3.010000000000000231, 1.725648865300039914 ) ) ;
#9090 = CARTESIAN_POINT ( 'NONE',  ( 3.523784369481050227, -3.010000000000000231, 2.341644027690072960 ) ) ;
#9091 = CARTESIAN_POINT ( 'NONE',  ( 3.798133092125633770, -3.010000000000000231, 1.747917696262322185 ) ) ;
#9092 = DIRECTION ( 'NONE',  ( -0.000000000000000000, 1.000000000000000000, -0.000000000000000000 ) ) ;
#9093 = STYLED_ITEM ( 'NONE', ( #7882 ), #911 ) ;
#9094 = EDGE_CURVE ( 'NONE', #84, #8831, #2694, .T. ) ;
#9095 = VERTEX_POINT ( 'NONE', #3569 ) ;
#9096 = ORIENTED_EDGE ( 'NONE', *, *, #3953, .F. ) ;
#9097 = CARTESIAN_POINT ( 'NONE',  ( 5.549999999999999822, -2.799999999999999822, 0.000000000000000000 ) ) ;
#9098 = CARTESIAN_POINT ( 'NONE',  ( 4.382280551410939751, -3.010000000000000231, 2.186908400775299466 ) ) ;
#9099 = CIRCLE ( 'NONE', #6154, 0.4655872561384367669 ) ;
#9100 = CARTESIAN_POINT ( 'NONE',  ( 3.717326709180762911, -3.010000000000000231, 2.375702239752584433 ) ) ;
#9101 = FACE_OUTER_BOUND ( 'NONE', #2125, .T. ) ;
#9102 = ORIENTED_EDGE ( 'NONE', *, *, #3876, .T. ) ;
#9103 = DIRECTION ( 'NONE',  ( -0.000000000000000000, 1.000000000000000000, -0.000000000000000000 ) ) ;
#9104 =( LENGTH_UNIT ( ) NAMED_UNIT ( * ) SI_UNIT ( .MILLI., .METRE. ) );
#9105 = DIRECTION ( 'NONE',  ( -0.000000000000000000, -1.000000000000000000, -0.000000000000000000 ) ) ;
#9106 = VECTOR ( 'NONE', #6897, 1000.000000000000000 ) ;
#9107 = EDGE_CURVE ( 'NONE', #3676, #5603, #5624, .T. ) ;
#9108 = EDGE_LOOP ( 'NONE', ( #2170, #1117, #16, #5868 ) ) ;
#9109 = CARTESIAN_POINT ( 'NONE',  ( 4.059999999999998721, -2.449999999999998845, -4.099999999999999645 ) ) ;
#9110 =( LENGTH_UNIT ( ) NAMED_UNIT ( * ) SI_UNIT ( .MILLI., .METRE. ) );
#9111 = ORIENTED_EDGE ( 'NONE', *, *, #5457, .F. ) ;
#9112 = PLANE ( 'NONE',  #9533 ) ;
#9113 = AXIS2_PLACEMENT_3D ( 'NONE', #6573, #5214, #5114 ) ;
#9114 = CARTESIAN_POINT ( 'NONE',  ( 5.250000000000000000, 3.000000000000000000, 0.5000000000000000000 ) ) ;
#9115 = CARTESIAN_POINT ( 'NONE',  ( 2.302263671026000935, -3.010000000000000231, 1.645005351128790982 ) ) ;
#9116 = ORIENTED_EDGE ( 'NONE', *, *, #6520, .T. ) ;
#9117 = CARTESIAN_POINT ( 'NONE',  ( 2.739475557296600972, -3.010000000000000231, 2.300823071952477594 ) ) ;
#9118 = CARTESIAN_POINT ( 'NONE',  ( 2.607401155940304527, -3.000000000000000000, 1.553919545106920541 ) ) ;
#9119 = EDGE_CURVE ( 'NONE', #8524, #536, #8683, .T. ) ;
#9120 = EDGE_CURVE ( 'NONE', #4741, #9434, #1911, .T. ) ;
#9121 = VECTOR ( 'NONE', #3380, 1000.000000000000000 ) ;
#9122 = ORIENTED_EDGE ( 'NONE', *, *, #3363, .T. ) ;
#9123 = SURFACE_STYLE_USAGE ( .BOTH. , #7717 ) ;
#9124 = ORIENTED_EDGE ( 'NONE', *, *, #2043, .F. ) ;
#9125 = PLANE ( 'NONE',  #2216 ) ;
#9126 = CARTESIAN_POINT ( 'NONE',  ( 3.770297053421158839, -3.010000000000000231, 1.770841492842605946 ) ) ;
#9127 = VERTEX_POINT ( 'NONE', #7862 ) ;
#9128 = B_SPLINE_CURVE_WITH_KNOTS ( 'NONE', 3,
 ( #1584, #4670, #5400, #1644 ),
 .UNSPECIFIED., .F., .F.,
 ( 4, 4 ),
 ( 1.000000000000000000, 2.000000000000000000 ),
 .UNSPECIFIED. ) ;
#9129 = CARTESIAN_POINT ( 'NONE',  ( 3.806238291630271942, -3.010000000000000231, 1.753648645407389184 ) ) ;
#9130 = VECTOR ( 'NONE', #9092, 1000.000000000000000 ) ;
#9131 = DIRECTION ( 'NONE',  ( -0.000000000000000000, 1.000000000000000000, -0.000000000000000000 ) ) ;
#9132 = SURFACE_STYLE_USAGE ( .BOTH. , #6891 ) ;
#9133 = ADVANCED_FACE ( 'NONE', ( #4254 ), #3606, .F. ) ;
#9134 = B_SPLINE_SURFACE_WITH_KNOTS ( 'NONE', 3, 1, ( 
 ( #4116, #1931 ),
 ( #7679, #7823 ),
 ( #5542, #1005 ),
 ( #8503, #1734 ) ),
 .UNSPECIFIED., .F., .F., .F.,
 ( 4, 4 ),
 ( 2, 2 ),
 ( 5.000000000000000000, 6.000000000000000000 ),
 ( 0.000000000000000000, 1.000000000000000000 ),
 .UNSPECIFIED. ) ;
#9135 = EDGE_CURVE ( 'NONE', #1314, #7786, #8161, .T. ) ;
#9136 = ADVANCED_FACE ( 'NONE', ( #3740, #3659 ), #650, .F. ) ;
#9137 = CARTESIAN_POINT ( 'NONE',  ( 4.595553730310481200, -3.010000000000000231, 1.569930789957173500 ) ) ;
#9138 = CARTESIAN_POINT ( 'NONE',  ( 3.546871907466395690, -3.000000000000000000, 1.631988782129204507 ) ) ;
#9139 = LINE ( 'NONE', #390, #4228 ) ;
#9140 = PLANE ( 'NONE',  #3361 ) ;
#9141 = PRESENTATION_STYLE_ASSIGNMENT (( #7587 ) ) ;
#9142 = FILL_AREA_STYLE ('',( #2204 ) ) ;
#9143 = VERTEX_POINT ( 'NONE', #6642 ) ;
#9144 = ORIENTED_EDGE ( 'NONE', *, *, #2587, .T. ) ;
#9145 = CARTESIAN_POINT ( 'NONE',  ( 4.055534579442018561, -3.010000000000000231, 2.346556269815353701 ) ) ;
#9146 = B_SPLINE_CURVE_WITH_KNOTS ( 'NONE', 3,
 ( #6087, #5366, #8426, #888 ),
 .UNSPECIFIED., .F., .F.,
 ( 4, 4 ),
 ( 17.00000000000000000, 18.00000000000000000 ),
 .UNSPECIFIED. ) ;
#9147 = CARTESIAN_POINT ( 'NONE',  ( 2.728089744678212636, -3.000000000000000000, 1.692825364543246724 ) ) ;
#9148 = CARTESIAN_POINT ( 'NONE',  ( 2.550472527177178428, -3.000000000000000000, 1.943311417964140420 ) ) ;
#9149 = ORIENTED_EDGE ( 'NONE', *, *, #9303, .T. ) ;
#9150 = LINE ( 'NONE', #4581, #3162 ) ;
#9151 = CARTESIAN_POINT ( 'NONE',  ( 2.728089744678212636, -3.010000000000000231, 1.692825364543246724 ) ) ;
#9152 = ORIENTED_EDGE ( 'NONE', *, *, #8517, .F. ) ;
#9153 = B_SPLINE_CURVE_WITH_KNOTS ( 'NONE', 3,
 ( #5546, #8651, #9329, #1064 ),
 .UNSPECIFIED., .F., .F.,
 ( 4, 4 ),
 ( 4.000000000000000000, 5.000000000000000000 ),
 .UNSPECIFIED. ) ;
#9154 = VERTEX_POINT ( 'NONE', #4391 ) ;
#9155 = FACE_OUTER_BOUND ( 'NONE', #190, .T. ) ;
#9156 = CARTESIAN_POINT ( 'NONE',  ( 4.231474718195514129, -3.010000000000000231, 2.186253435157289537 ) ) ;
#9157 = ORIENTED_EDGE ( 'NONE', *, *, #9390, .F. ) ;
#9158 = CARTESIAN_POINT ( 'NONE',  ( 4.502548612755478352, -3.010000000000000231, 2.150721550459153697 ) ) ;
#9159 = CARTESIAN_POINT ( 'NONE',  ( 3.798133092125633770, -3.010000000000000231, 1.747917696262322185 ) ) ;
#9160 = ORIENTED_EDGE ( 'NONE', *, *, #1976, .F. ) ;
#9161 = FACE_OUTER_BOUND ( 'NONE', #8727, .T. ) ;
#9162 = ADVANCED_FACE ( 'NONE', ( #4537 ), #7418, .F. ) ;
#9163 = CARTESIAN_POINT ( 'NONE',  ( 2.541363911829606081, -3.010000000000000231, 1.624511010027928748 ) ) ;
#9164 = EDGE_LOOP ( 'NONE', ( #6411, #4807, #9287, #1678 ) ) ;
#9165 = CARTESIAN_POINT ( 'NONE',  ( -4.060000000000001386, -2.149999999999999467, -4.099999999999999645 ) ) ;
#9166 = ORIENTED_EDGE ( 'NONE', *, *, #8573, .F. ) ;
#9167 = CARTESIAN_POINT ( 'NONE',  ( 1.787628858323434322, -3.000000000000000000, 1.576690996613467677 ) ) ;
#9168 = CARTESIAN_POINT ( 'NONE',  ( 3.460498316779327954, -3.010000000000000231, 1.875308508687755893 ) ) ;
#9169 = ORIENTED_EDGE ( 'NONE', *, *, #798, .F. ) ;
#9170 = CARTESIAN_POINT ( 'NONE',  ( -5.750000000000000000, -3.000000000000000000, 10.00000000000000000 ) ) ;
#9171 = CARTESIAN_POINT ( 'NONE',  ( 3.033227229592507790, -3.000000000000000000, 1.872719866179106019 ) ) ;
#9172 = DIRECTION ( 'NONE',  ( -0.2524218971879677031, -0.000000000000000000, 0.9676172723861573566 ) ) ;
#9173 = ADVANCED_FACE ( 'NONE', ( #3025 ), #1121, .F. ) ;
#9174 = CARTESIAN_POINT ( 'NONE',  ( 4.031137110221751030, -3.010000000000000231, 1.597275604450861586 ) ) ;
#9175 = PLANE ( 'NONE',  #2251 ) ;
#9176 = EDGE_CURVE ( 'NONE', #8086, #5133, #184, .T. ) ;
#9177 = DIRECTION ( 'NONE',  ( -0.000000000000000000, 1.000000000000000000, -0.000000000000000000 ) ) ;
#9178 = EDGE_LOOP ( 'NONE', ( #2153, #5962, #5713, #3240 ) ) ;
#9179 = PLANE ( 'NONE',  #7662 ) ;
#9180 = ADVANCED_FACE ( 'NONE', ( #8921 ), #8188, .F. ) ;
#9181 = DIRECTION ( 'NONE',  ( 0.000000000000000000, 0.000000000000000000, -1.000000000000000000 ) ) ;
#9182 = EDGE_CURVE ( 'NONE', #3962, #6083, #6977, .T. ) ;
#9183 = CARTESIAN_POINT ( 'NONE',  ( 3.649865250672663652, -3.000000000000000000, 1.647871698330585000 ) ) ;
#9184 = ORIENTED_EDGE ( 'NONE', *, *, #5045, .F. ) ;
#9185 = ORIENTED_EDGE ( 'NONE', *, *, #2131, .F. ) ;
#9186 = CARTESIAN_POINT ( 'NONE',  ( -4.447228653561730027, -3.000000000000000000, 1.620995727233065509 ) ) ;
#9187 = CARTESIAN_POINT ( 'NONE',  ( 2.302263671026000935, -3.010000000000000231, 1.506099531692459692 ) ) ;
#9188 = EDGE_LOOP ( 'NONE', ( #4935, #6401, #559 ) ) ;
#9189 = CARTESIAN_POINT ( 'NONE',  ( 4.574021735663827748, -3.010000000000000231, 1.828478467101251725 ) ) ;
#9190 = FACE_OUTER_BOUND ( 'NONE', #1891, .T. ) ;
#9191 = DIRECTION ( 'NONE',  ( -0.3416038306902356436, 0.000000000000000000, 0.9398440417738236352 ) ) ;
#9192 = CARTESIAN_POINT ( 'NONE',  ( 3.785934357516583582, -3.010000000000000231, 1.725648865300039914 ) ) ;
#9193 = EDGE_CURVE ( 'NONE', #1426, #913, #5160, .T. ) ;
#9194 = MECHANICAL_DESIGN_GEOMETRIC_PRESENTATION_REPRESENTATION (  '', ( #7027 ), #1576 ) ;
#9195 = B_SPLINE_SURFACE_WITH_KNOTS ( 'NONE', 3, 1, ( 
 ( #7155, #5699 ),
 ( #4132, #4967 ),
 ( #454, #6374 ),
 ( #3305, #7792 ) ),
 .UNSPECIFIED., .F., .F., .F.,
 ( 4, 4 ),
 ( 2, 2 ),
 ( 8.000000000000000000, 9.000000000000000000 ),
 ( 0.000000000000000000, 1.000000000000000000 ),
 .UNSPECIFIED. ) ;
#9196 = ORIENTED_EDGE ( 'NONE', *, *, #8591, .F. ) ;
#9197 = VERTEX_POINT ( 'NONE', #9202 ) ;
#9198 = CARTESIAN_POINT ( 'NONE',  ( 3.927980025612624271, -3.010000000000000231, 1.486258932440858160 ) ) ;
#9199 = ORIENTED_EDGE ( 'NONE', *, *, #6385, .F. ) ;
#9200 = CARTESIAN_POINT ( 'NONE',  ( 4.535215022882170821, -3.000000000000000000, 2.063119899241303568 ) ) ;
#9201 = B_SPLINE_SURFACE_WITH_KNOTS ( 'NONE', 3, 1, ( 
 ( #2716, #3394 ),
 ( #3493, #9335 ),
 ( #8467, #1166 ),
 ( #4077, #9291 ) ),
 .UNSPECIFIED., .F., .F., .F.,
 ( 4, 4 ),
 ( 2, 2 ),
 ( 21.00000000000000000, 22.00000000000000000 ),
 ( 0.000000000000000000, 1.000000000000000000 ),
 .UNSPECIFIED. ) ;
#9202 = CARTESIAN_POINT ( 'NONE',  ( 3.873044784521474604, -3.010000000000000231, 1.567802151703523217 ) ) ;
#9203 = CARTESIAN_POINT ( 'NONE',  ( 4.659904102137950588, -3.010000000000000231, 1.629860143875582201 ) ) ;
#9204 = VERTEX_POINT ( 'NONE', #1666 ) ;
#9205 = FACE_OUTER_BOUND ( 'NONE', #6033, .T. ) ;
#9206 = STYLED_ITEM ( 'NONE', ( #7704 ), #8359 ) ;
#9207 = FACE_OUTER_BOUND ( 'NONE', #9557, .T. ) ;
#9208 = VECTOR ( 'NONE', #6349, 1000.000000000000000 ) ;
#9209 = ORIENTED_EDGE ( 'NONE', *, *, #9474, .T. ) ;
#9210 = CARTESIAN_POINT ( 'NONE',  ( 4.580898874638786644, -3.010000000000000231, 2.063119899241303568 ) ) ;
#9211 = VECTOR ( 'NONE', #2197, 1000.000000000000114 ) ;
#9212 = AXIS2_PLACEMENT_3D ( 'NONE', #938, #1618, #9017 ) ;
#9213 = VERTEX_POINT ( 'NONE', #4646 ) ;
#9214 = DIRECTION ( 'NONE',  ( -1.000000000000000000, -0.000000000000000000, -0.000000000000000000 ) ) ;
#9215 = PLANE ( 'NONE',  #4888 ) ;
#9216 = VERTEX_POINT ( 'NONE', #316 ) ;
#9217 = CARTESIAN_POINT ( 'NONE',  ( 4.770265808529932983, -3.010000000000000231, 1.642631973397385758 ) ) ;
#9218 = CARTESIAN_POINT ( 'NONE',  ( 4.197252764729051400, -3.010000000000000231, 2.133037478809876042 ) ) ;
#9219 = LINE ( 'NONE', #7178, #8125 ) ;
#9220 = CARTESIAN_POINT ( 'NONE',  ( 4.262861898601339128, -3.010000000000000231, 2.160300422601046488 ) ) ;
#9221 = PRESENTATION_LAYER_ASSIGNMENT (  '', '', ( #3764 ) ) ;
#9222 = VECTOR ( 'NONE', #4389, 1000.000000000000000 ) ;
#9223 = VECTOR ( 'NONE', #7422, 1000.000000000000000 ) ;
#9224 = ADVANCED_FACE ( 'NONE', ( #984 ), #129, .F. ) ;
#9225 = CARTESIAN_POINT ( 'NONE',  ( 3.523784369481050227, -3.010000000000000231, 2.341644027690072960 ) ) ;
#9226 = PLANE ( 'NONE',  #6159 ) ;
#9227 = VERTEX_POINT ( 'NONE', #3264 ) ;
#9228 = PRESENTATION_LAYER_ASSIGNMENT (  '', '', ( #5818 ) ) ;
#9229 = SPHERICAL_SURFACE ( 'NONE', #972, 0.2000000000000000111 ) ;
#9230 =( GEOMETRIC_REPRESENTATION_CONTEXT ( 3 ) GLOBAL_UNCERTAINTY_ASSIGNED_CONTEXT ( ( #8019 ) ) GLOBAL_UNIT_ASSIGNED_CONTEXT ( ( #8451, #5586, #4820 ) ) REPRESENTATION_CONTEXT ( 'NONE', 'WORKASPACE' ) );
#9231 = SURFACE_STYLE_FILL_AREA ( #3342 ) ;
#9232 = FACE_OUTER_BOUND ( 'NONE', #1569, .T. ) ;
#9233 = CARTESIAN_POINT ( 'NONE',  ( 3.336873556650379324, -3.010000000000000231, 2.099634232365364284 ) ) ;
#9234 = EDGE_CURVE ( 'NONE', #3031, #8277, #1036, .T. ) ;
#9235 = EDGE_CURVE ( 'NONE', #1763, #7136, #8430, .T. ) ;
#9236 = AXIS2_PLACEMENT_3D ( 'NONE', #6335, #4735, #4034 ) ;
#9237 = EDGE_CURVE ( 'NONE', #269, #3327, #56, .T. ) ;
#9238 = EDGE_CURVE ( 'NONE', #6500, #5619, #5420, .T. ) ;
#9239 = ORIENTED_EDGE ( 'NONE', *, *, #1332, .T. ) ;
#9240 =( LENGTH_UNIT ( ) NAMED_UNIT ( * ) SI_UNIT ( .MILLI., .METRE. ) );
#9241 = CARTESIAN_POINT ( 'NONE',  ( 4.174492709552705350, -3.000000000000000000, 2.110768647847597546 ) ) ;
#9242 = CARTESIAN_POINT ( 'NONE',  ( 3.506182168535952659, -3.000000000000000000, 1.659006113812807603 ) ) ;
#9243 = VERTEX_POINT ( 'NONE', #2346 ) ;
#9244 = CARTESIAN_POINT ( 'NONE',  ( 3.873044784521474604, -3.000000000000000000, 1.567802151703523217 ) ) ;
#9245 = VECTOR ( 'NONE', #1996, 1000.000000000000000 ) ;
#9246 = CARTESIAN_POINT ( 'NONE',  ( 4.030318403201955668, -3.010000000000000231, 1.593018327941415402 ) ) ;
#9247 = CARTESIAN_POINT ( 'NONE',  ( 3.693911688387511383, -3.010000000000000231, 2.101762870618999024 ) ) ;
#9248 = CARTESIAN_POINT ( 'NONE',  ( 1.994849119140190696, -3.010000000000000231, 2.148254481510083913 ) ) ;
#9249 = B_SPLINE_CURVE_WITH_KNOTS ( 'NONE', 3,
 ( #6769, #113, #3066, #7598 ),
 .UNSPECIFIED., .F., .F.,
 ( 4, 4 ),
 ( 3.000000000000000000, 4.000000000000000000 ),
 .UNSPECIFIED. ) ;
#9250 = VERTEX_POINT ( 'NONE', #1819 ) ;
#9251 = EDGE_CURVE ( 'NONE', #5655, #1238, #8389, .T. ) ;
#9252 = EDGE_CURVE ( 'NONE', #5842, #6972, #5464, .T. ) ;
#9253 = B_SPLINE_CURVE_WITH_KNOTS ( 'NONE', 3,
 ( #6753, #6024, #1536, #6119 ),
 .UNSPECIFIED., .F., .F.,
 ( 4, 4 ),
 ( 4.000000000000000000, 5.000000000000000000 ),
 .UNSPECIFIED. ) ;
#9254 = VERTEX_POINT ( 'NONE', #272 ) ;
#9255 = EDGE_LOOP ( 'NONE', ( #787, #952, #4300, #4526 ) ) ;
#9256 = CARTESIAN_POINT ( 'NONE',  ( 3.806402033035329868, -3.000000000000000000, 1.549626855844558726 ) ) ;
#9257 = VERTEX_POINT ( 'NONE', #7758 ) ;
#9258 = PLANE ( 'NONE',  #6434 ) ;
#9259 = CARTESIAN_POINT ( 'NONE',  ( 3.558497547160498264, -3.010000000000000231, 1.592854586537445050 ) ) ;
#9260 = CARTESIAN_POINT ( 'NONE',  ( 4.627728916223118993, -3.000000000000000000, 1.599895466916377851 ) ) ;
#9261 = VERTEX_POINT ( 'NONE', #9114 ) ;
#9262 = CARTESIAN_POINT ( 'NONE',  ( 2.161080654319949890, -3.000000000000000000, 1.629065230834964906 ) ) ;
#9263 = STYLED_ITEM ( 'NONE', ( #6164 ), #2046 ) ;
#9264 = FACE_OUTER_BOUND ( 'NONE', #9108, .T. ) ;
#9265 = ORIENTED_EDGE ( 'NONE', *, *, #3268, .T. ) ;
#9266 = DIRECTION ( 'NONE',  ( -0.000000000000000000, -1.000000000000000000, -0.000000000000000000 ) ) ;
#9267 = PRESENTATION_LAYER_ASSIGNMENT (  '', '', ( #271 ) ) ;
#9268 = EDGE_LOOP ( 'NONE', ( #5314, #375, #3725, #96 ) ) ;
#9269 = CYLINDRICAL_SURFACE ( 'NONE', #5636, 0.2000000000000005107 ) ;
#9270 = FACE_OUTER_BOUND ( 'NONE', #8627, .T. ) ;
#9271 = ORIENTED_EDGE ( 'NONE', *, *, #8051, .F. ) ;
#9272 =( LENGTH_UNIT ( ) NAMED_UNIT ( * ) SI_UNIT ( .MILLI., .METRE. ) );
#9273 = CARTESIAN_POINT ( 'NONE',  ( 4.415274444347732086, -3.010000000000000231, 1.875308508687761222 ) ) ;
#9274 = CARTESIAN_POINT ( 'NONE',  ( 2.598292540591632616, -3.010000000000000231, 2.426066068803484743 ) ) ;
#9275 = SURFACE_STYLE_USAGE ( .BOTH. , #8403 ) ;
#9276 = AXIS2_PLACEMENT_3D ( 'NONE', #7610, #6875, #5905 ) ;
#9277 = CARTESIAN_POINT ( 'NONE',  ( 3.336873556650385986, -3.000000000000000000, 1.591544655305790812 ) ) ;
#9278 = CARTESIAN_POINT ( 'NONE',  ( 1.983463349953810351, -3.010000000000000231, 1.629065230834961353 ) ) ;
#9279 = FACE_OUTER_BOUND ( 'NONE', #3580, .T. ) ;
#9280 = VECTOR ( 'NONE', #8720, 1000.000000000000227 ) ;
#9281 = CARTESIAN_POINT ( 'NONE',  ( 3.552357244504450229, -3.010000000000000231, 2.128288978090730588 ) ) ;
#9282 = B_SPLINE_SURFACE_WITH_KNOTS ( 'NONE', 3, 1, ( 
 ( #8379, #3103 ),
 ( #4683, #6080 ),
 ( #5359, #7644 ),
 ( #3206, #6185 ) ),
 .UNSPECIFIED., .F., .F., .F.,
 ( 4, 4 ),
 ( 2, 2 ),
 ( 4.000000000000000000, 5.000000000000000000 ),
 ( 0.000000000000000000, 1.000000000000000000 ),
 .UNSPECIFIED. ) ;
#9283 = CARTESIAN_POINT ( 'NONE',  ( 3.822776173449655701, -3.010000000000000231, 2.099634232365364284 ) ) ;
#9284 = CARTESIAN_POINT ( 'NONE',  ( 2.074549199407693667, -3.000000000000000000, 1.861334183860016811 ) ) ;
#9285 = FACE_OUTER_BOUND ( 'NONE', #1232, .T. ) ;
#9286 = ADVANCED_FACE ( 'NONE', ( #1715 ), #7655, .F. ) ;
#9287 = ORIENTED_EDGE ( 'NONE', *, *, #7860, .F. ) ;
#9288 = VERTEX_POINT ( 'NONE', #8529 ) ;
#9289 = PLANE ( 'NONE',  #94 ) ;
#9290 = CARTESIAN_POINT ( 'NONE',  ( 4.836499206507274273, -3.010000000000000231, 1.834373157650283970 ) ) ;
#9291 = CARTESIAN_POINT ( 'NONE',  ( 2.696209764690269406, -3.000000000000000000, 2.048059973275527579 ) ) ;
#9292 = ORIENTED_EDGE ( 'NONE', *, *, #6146, .T. ) ;
#9293 = CARTESIAN_POINT ( 'NONE',  ( -5.249999999999999112, 3.000000000000000000, -0.5000000000000000000 ) ) ;
#9294 = CARTESIAN_POINT ( 'NONE',  ( 3.649865250672663652, -3.010000000000000231, 1.700432689062166824 ) ) ;
#9295 = FACE_OUTER_BOUND ( 'NONE', #2733, .T. ) ;
#9296 = EDGE_CURVE ( 'NONE', #5277, #7421, #8732, .T. ) ;
#9297 = VERTEX_POINT ( 'NONE', #1178 ) ;
#9298 = ORIENTED_EDGE ( 'NONE', *, *, #2524, .F. ) ;
#9299 = EDGE_LOOP ( 'NONE', ( #7847, #2187, #6235, #3719, #3418, #4832, #3142, #8071, #3959, #595, #7582, #6513, #8284, #2262, #4279 ) ) ;
#9300 = ORIENTED_EDGE ( 'NONE', *, *, #4265, .T. ) ;
#9301 = FACE_OUTER_BOUND ( 'NONE', #7606, .T. ) ;
#9302 = CARTESIAN_POINT ( 'NONE',  ( 1.780797483678681070, -3.000000000000000000, 1.747476926333766389 ) ) ;
#9303 = EDGE_CURVE ( 'NONE', #9213, #3793, #7166, .T. ) ;
#9304 = ORIENTED_EDGE ( 'NONE', *, *, #3874, .F. ) ;
#9305 = CARTESIAN_POINT ( 'NONE',  ( 2.072272002136880786, -3.010000000000000231, 1.540256535218800238 ) ) ;
#9306 = CARTESIAN_POINT ( 'NONE',  ( 3.582076309356621913, -3.010000000000000231, 1.690935687621695216 ) ) ;
#9307 = CARTESIAN_POINT ( 'NONE',  ( 1.619120109584898382, -3.010000000000000231, 2.107265755875262325 ) ) ;
#9308 = VERTEX_POINT ( 'NONE', #3409 ) ;
#9309 = CARTESIAN_POINT ( 'NONE',  ( 3.841852047032582540, -3.000000000000000000, 1.582375136673235927 ) ) ;
#9310 = EDGE_CURVE ( 'NONE', #8736, #8589, #5567, .T. ) ;
#9311 = EDGE_CURVE ( 'NONE', #4900, #771, #1860, .T. ) ;
#9312 = ORIENTED_EDGE ( 'NONE', *, *, #3688, .T. ) ;
#9313 = CARTESIAN_POINT ( 'NONE',  ( 2.233949316509593608, -3.000000000000000000, 2.332703117088970490 ) ) ;
#9314 = ORIENTED_EDGE ( 'NONE', *, *, #5862, .F. ) ;
#9315 = CARTESIAN_POINT ( 'NONE',  ( 3.649865250672663652, -3.010000000000000231, 1.647871698330585000 ) ) ;
#9316 = FACE_OUTER_BOUND ( 'NONE', #4297, .T. ) ;
#9317 = ORIENTED_EDGE ( 'NONE', *, *, #5275, .T. ) ;
#9318 = FILL_AREA_STYLE_COLOUR ( '', #3735 ) ;
#9319 = CARTESIAN_POINT ( 'NONE',  ( 2.074549155974592995, -3.000000000000000000, 1.403627999920574743 ) ) ;
#9320 = CARTESIAN_POINT ( 'NONE',  ( 3.982751525298731110, -3.010000000000000231, 1.492317364393834778 ) ) ;
#9321 = EDGE_CURVE ( 'NONE', #3353, #3698, #9347, .T. ) ;
#9322 = ORIENTED_EDGE ( 'NONE', *, *, #400, .T. ) ;
#9323 = DIRECTION ( 'NONE',  ( 0.000000000000000000, 1.000000000000000000, 0.000000000000000000 ) ) ;
#9324 = FACE_OUTER_BOUND ( 'NONE', #7082, .T. ) ;
#9325 = DIRECTION ( 'NONE',  ( -0.000000000000000000, 1.000000000000000000, -0.000000000000000000 ) ) ;
#9326 = DIRECTION ( 'NONE',  ( 1.000000000000000000, -0.000000000000000000, 0.000000000000000000 ) ) ;
#9327 = CARTESIAN_POINT ( 'NONE',  ( 3.460498316779327954, -3.000000000000000000, 1.838466692755762910 ) ) ;
#9328 = CARTESIAN_POINT ( 'NONE',  ( 3.950740080787856989, -3.000000000000000000, 1.481674173123481486 ) ) ;
#9329 = CARTESIAN_POINT ( 'NONE',  ( 1.967523359960386742, -3.000000000000000000, 2.284883060241407193 ) ) ;
#9330 = ORIENTED_EDGE ( 'NONE', *, *, #5390, .T. ) ;
#9331 = VERTEX_POINT ( 'NONE', #8675 ) ;
#9332 = DIRECTION ( 'NONE',  ( 0.000000000000000000, -1.000000000000000000, 0.000000000000000000 ) ) ;
#9333 = CARTESIAN_POINT ( 'NONE',  ( 2.302263671026000935, -3.010000000000000231, 1.631342514970890001 ) ) ;
#9334 = DIRECTION ( 'NONE',  ( 1.000000000000000000, 0.000000000000000000, -0.000000000000000000 ) ) ;
#9335 = CARTESIAN_POINT ( 'NONE',  ( 2.541363911829599420, -3.000000000000000000, 2.332703117088970490 ) ) ;
#9336 = EDGE_LOOP ( 'NONE', ( #6014, #1136, #119, #67 ) ) ;
#9337 = CARTESIAN_POINT ( 'NONE',  ( 3.805337713908514718, -3.000000000000000000, 1.655567544325328155 ) ) ;
#9338 = FACE_OUTER_BOUND ( 'NONE', #2709, .T. ) ;
#9339 = CARTESIAN_POINT ( 'NONE',  ( 2.541363911829606081, -3.000000000000000000, 1.624511010027928748 ) ) ;
#9340 = CARTESIAN_POINT ( 'NONE',  ( 3.857653092531977634, -3.010000000000000231, 1.622164297880833717 ) ) ;
#9341 = ORIENTED_EDGE ( 'NONE', *, *, #7778, .T. ) ;
#9342 = VERTEX_POINT ( 'NONE', #2781 ) ;
#9343 = CARTESIAN_POINT ( 'NONE',  ( 2.375132333214557079, -3.000000000000000000, 2.469331826119598006 ) ) ;
#9344 = EDGE_CURVE ( 'NONE', #3294, #4396, #4981, .T. ) ;
#9345 = ORIENTED_EDGE ( 'NONE', *, *, #5983, .F. ) ;
#9346 = LINE ( 'NONE', #7850, #6120 ) ;
#9347 = LINE ( 'NONE', #2679, #7335 ) ;
#9348 = LINE ( 'NONE', #418, #1135 ) ;
#9349 = ORIENTED_EDGE ( 'NONE', *, *, #3235, .T. ) ;
#9350 = CARTESIAN_POINT ( 'NONE',  ( 4.382280551410939751, -3.000000000000000000, 2.186908400775299466 ) ) ;
#9351 = EDGE_CURVE ( 'NONE', #7112, #2252, #8625, .T. ) ;
#9352 = VECTOR ( 'NONE', #4850, 1000.000000000000000 ) ;
#9353 = VERTEX_POINT ( 'NONE', #4238 ) ;
#9354 = CARTESIAN_POINT ( 'NONE',  ( 5.549999999999999822, -2.799999999999999822, 10.00000000000000000 ) ) ;
#9355 = ADVANCED_FACE ( 'NONE', ( #7939 ), #3453, .F. ) ;
#9356 = EDGE_CURVE ( 'NONE', #9007, #5794, #4934, .T. ) ;
#9357 = VECTOR ( 'NONE', #4400, 1000.000000000000000 ) ;
#9358 = VERTEX_POINT ( 'NONE', #367 ) ;
#9359 = CARTESIAN_POINT ( 'NONE',  ( 2.892044212887547872, -3.000000000000000000, 1.968359893008021055 ) ) ;
#9360 = CARTESIAN_POINT ( 'NONE',  ( 3.336873556650379324, -3.000000000000000000, 1.735964573760294227 ) ) ;
#9361 = ORIENTED_EDGE ( 'NONE', *, *, #8988, .T. ) ;
#9362 = CARTESIAN_POINT ( 'NONE',  ( 3.577573420743419774, -3.010000000000000231, 1.659988562236557330 ) ) ;
#9363 = CARTESIAN_POINT ( 'NONE',  ( 4.032774524265682281, -3.010000000000000231, 1.603497777807805003 ) ) ;
#9364 = B_SPLINE_SURFACE_WITH_KNOTS ( 'NONE', 3, 1, ( 
 ( #4550, #8928 ),
 ( #6649, #8096 ),
 ( #5914, #5134 ),
 ( #7424, #6738 ) ),
 .UNSPECIFIED., .F., .F., .F.,
 ( 4, 4 ),
 ( 2, 2 ),
 ( 34.00000000000000000, 35.00000000000000000 ),
 ( 0.000000000000000000, 1.000000000000000000 ),
 .UNSPECIFIED. ) ;
#9365 =( GEOMETRIC_REPRESENTATION_CONTEXT ( 3 ) GLOBAL_UNCERTAINTY_ASSIGNED_CONTEXT ( ( #5193 ) ) GLOBAL_UNIT_ASSIGNED_CONTEXT ( ( #720, #3052, #4466 ) ) REPRESENTATION_CONTEXT ( 'NONE', 'WORKASPACE' ) );
#9366 = DIRECTION ( 'NONE',  ( -0.5048830486499527037, 0.000000000000000000, 0.8631877589411989238 ) ) ;
#9367 = EDGE_CURVE ( 'NONE', #7532, #6444, #5709, .T. ) ;
#9368 = ORIENTED_EDGE ( 'NONE', *, *, #1798, .F. ) ;
#9369 = DIRECTION ( 'NONE',  ( -0.000000000000000000, 1.000000000000000000, -0.000000000000000000 ) ) ;
#9370 = CARTESIAN_POINT ( 'NONE',  ( 1.687434523821276011, -3.010000000000000231, 2.175580088674024637 ) ) ;
#9371 = CARTESIAN_POINT ( 'NONE',  ( -1.520000000000000906, -2.449999999999999289, -4.099999999999999645 ) ) ;
#9372 = CARTESIAN_POINT ( 'NONE',  ( 0.000000000000000000, 0.000000000000000000, -4.099999999999999645 ) ) ;
#9373 = CARTESIAN_POINT ( 'NONE',  ( 4.197252764729051400, -3.000000000000000000, 2.133037478809876042 ) ) ;
#9374 = CARTESIAN_POINT ( 'NONE',  ( 2.892044212887547872, -3.010000000000000231, 1.870442668909382711 ) ) ;
#9375 = AXIS2_PLACEMENT_3D ( 'NONE', #9480, #4420, #631 ) ;
#9376 = STYLED_ITEM ( 'NONE', ( #6838 ), #4049 ) ;
#9377 = VERTEX_POINT ( 'NONE', #6484 ) ;
#9378 = VECTOR ( 'NONE', #5657, 1000.000000000000000 ) ;
#9379 = VECTOR ( 'NONE', #6213, 1000.000000000000000 ) ;
#9380 = ORIENTED_EDGE ( 'NONE', *, *, #4939, .F. ) ;
#9381 = CARTESIAN_POINT ( 'NONE',  ( 2.101874915153297163, -3.010000000000000231, 2.380523163077156834 ) ) ;
#9382 = CARTESIAN_POINT ( 'NONE',  ( 4.154106904735950678, -3.010000000000000231, 2.383398085747340023 ) ) ;
#9383 = CARTESIAN_POINT ( 'NONE',  ( 3.464428110479771394, -3.010000000000000231, 2.099634232365364284 ) ) ;
#9384 = CARTESIAN_POINT ( 'NONE',  ( 4.543811446598688519, -3.010000000000000231, 1.591544655305799694 ) ) ;
#9385 =( NAMED_UNIT ( * ) SI_UNIT ( $, .STERADIAN. ) SOLID_ANGLE_UNIT ( ) );
#9386 = CARTESIAN_POINT ( 'NONE',  ( 4.369181239079034107, -3.010000000000000231, 2.150721550459150144 ) ) ;
#9387 = CARTESIAN_POINT ( 'NONE',  ( -5.750000000000000000, -3.000000000000000000, 10.00000000000000000 ) ) ;
#9388 = STYLED_ITEM ( 'NONE', ( #9141 ), #7121 ) ;
#9389 = MECHANICAL_DESIGN_GEOMETRIC_PRESENTATION_REPRESENTATION (  '', ( #545 ), #5054 ) ;
#9390 = EDGE_CURVE ( 'NONE', #9400, #3132, #8569, .T. ) ;
#9391 = CARTESIAN_POINT ( 'NONE',  ( -3.560000000000000941, -2.449999999999998845, -4.099999999999999645 ) ) ;
#9392 = ORIENTED_EDGE ( 'NONE', *, *, #3955, .F. ) ;
#9393 = DIRECTION ( 'NONE',  ( -1.000000000000000000, -8.673617379884035472E-16, -0.000000000000000000 ) ) ;
#9394 =( GEOMETRIC_REPRESENTATION_CONTEXT ( 3 ) GLOBAL_UNCERTAINTY_ASSIGNED_CONTEXT ( ( #6462 ) ) GLOBAL_UNIT_ASSIGNED_CONTEXT ( ( #7674, #3967, #7039 ) ) REPRESENTATION_CONTEXT ( 'NONE', 'WORKASPACE' ) );
#9395 = CARTESIAN_POINT ( 'NONE',  ( 4.382280551410939751, -3.010000000000000231, 2.186908400775299466 ) ) ;
#9396 = VERTEX_POINT ( 'NONE', #3320 ) ;
#9397 = LINE ( 'NONE', #5026, #6273 ) ;
#9398 = DIRECTION ( 'NONE',  ( -0.000000000000000000, -0.000000000000000000, 1.000000000000000000 ) ) ;
#9399 = SURFACE_STYLE_FILL_AREA ( #6485 ) ;
#9400 = VERTEX_POINT ( 'NONE', #4838 ) ;
#9401 = ADVANCED_FACE ( 'NONE', ( #6300 ), #442, .T. ) ;
#9402 = AXIS2_PLACEMENT_3D ( 'NONE', #1537, #8365, #2995 ) ;
#9403 = ORIENTED_EDGE ( 'NONE', *, *, #6535, .F. ) ;
#9404 = ORIENTED_EDGE ( 'NONE', *, *, #7303, .F. ) ;
#9405 = CARTESIAN_POINT ( 'NONE',  ( 4.369181239079034107, -3.010000000000000231, 2.150721550459150144 ) ) ;
#9406 = VERTEX_POINT ( 'NONE', #6628 ) ;
#9407 = DIRECTION ( 'NONE',  ( 0.000000000000000000, 0.000000000000000000, -1.000000000000000000 ) ) ;
#9408 = EDGE_LOOP ( 'NONE', ( #6922, #8968, #2167, #8963 ) ) ;
#9409 = VECTOR ( 'NONE', #9473, 1000.000000000000000 ) ;
#9410 = CARTESIAN_POINT ( 'NONE',  ( 4.433859093716586486, -3.000000000000000000, 2.332801991867621716 ) ) ;
#9411 = CARTESIAN_POINT ( 'NONE',  ( 4.354771995515470451, -3.010000000000000231, 1.555030322181719660 ) ) ;
#9412 = FILL_AREA_STYLE_COLOUR ( '', #7677 ) ;
#9413 = EDGE_CURVE ( 'NONE', #9204, #9143, #8855, .T. ) ;
#9414 = AXIS2_PLACEMENT_3D ( 'NONE', #9217, #8716, #6942 ) ;
#9415 = CARTESIAN_POINT ( 'NONE',  ( 4.029254084076228537, -3.010000000000000231, 1.593018327941415402 ) ) ;
#9416 = EDGE_LOOP ( 'NONE', ( #834, #2933, #254, #4087 ) ) ;
#9417 = DIRECTION ( 'NONE',  ( 0.000000000000000000, -1.000000000000000000, 0.000000000000000000 ) ) ;
#9418 = CARTESIAN_POINT ( 'NONE',  ( 3.607292485595599896, -3.010000000000000231, 1.789016788703759575 ) ) ;
#9419 = CARTESIAN_POINT ( 'NONE',  ( 3.546053200445514975, -3.010000000000000231, 2.072289417873849793 ) ) ;
#9420 = DIRECTION ( 'NONE',  ( 0.000000000000000000, -0.000000000000000000, -1.000000000000000000 ) ) ;
#9421 = EDGE_CURVE ( 'NONE', #5280, #974, #738, .T. ) ;
#9422 = CARTESIAN_POINT ( 'NONE',  ( 4.220094690607353094, -3.000000000000000000, 2.155142568370377099 ) ) ;
#9423 = AXIS2_PLACEMENT_3D ( 'NONE', #2099, #8025, #4511 ) ;
#9424 = CARTESIAN_POINT ( 'NONE',  ( 4.009441374174409489, -3.010000000000000231, 1.555521546393599630 ) ) ;
#9425 = EDGE_CURVE ( 'NONE', #6570, #1763, #6714, .T. ) ;
#9426 = EDGE_CURVE ( 'NONE', #6592, #739, #639, .T. ) ;
#9427 = ORIENTED_EDGE ( 'NONE', *, *, #8388, .F. ) ;
#9428 = PRESENTATION_LAYER_ASSIGNMENT (  '', '', ( #5559 ) ) ;
#9429 = ORIENTED_EDGE ( 'NONE', *, *, #9321, .T. ) ;
#9430 = PLANE ( 'NONE',  #4438 ) ;
#9431 = CARTESIAN_POINT ( 'NONE',  ( 4.833224378425935441, -3.000000000000000000, 1.817180310215063654 ) ) ;
#9432 = CARTESIAN_POINT ( 'NONE',  ( 4.890861352684582997, -3.000000000000000000, 1.678818823713545738 ) ) ;
#9433 = PLANE ( 'NONE',  #6948 ) ;
#9434 = VERTEX_POINT ( 'NONE', #5937 ) ;
#9435 = LINE ( 'NONE', #2583, #6286 ) ;
#9436 = DIRECTION ( 'NONE',  ( -1.000000000000000000, -0.000000000000000000, -0.000000000000000000 ) ) ;
#9437 = CARTESIAN_POINT ( 'NONE',  ( 4.621179260058259075, -3.010000000000000231, 1.647052991310791858 ) ) ;
#9438 = PRESENTATION_LAYER_ASSIGNMENT (  '', '', ( #8667 ) ) ;
#9439 = EDGE_CURVE ( 'NONE', #6192, #3838, #3593, .T. ) ;
#9440 = PLANE ( 'NONE',  #4122 ) ;
#9441 = ORIENTED_EDGE ( 'NONE', *, *, #7106, .T. ) ;
#9442 = VERTEX_POINT ( 'NONE', #60 ) ;
#9443 = CARTESIAN_POINT ( 'NONE',  ( 3.816799612198653602, -3.000000000000000000, 1.756432249279040736 ) ) ;
#9444 = CARTESIAN_POINT ( 'NONE',  ( 3.649865250672663652, -3.010000000000000231, 1.555030322181719660 ) ) ;
#9445 = VERTEX_POINT ( 'NONE', #9 ) ;
#9446 = CARTESIAN_POINT ( 'NONE',  ( 4.059999999999998721, -2.149999999999999911, -4.099999999999999645 ) ) ;
#9447 = B_SPLINE_SURFACE_WITH_KNOTS ( 'NONE', 3, 1, ( 
 ( #4119, #8506 ),
 ( #1839, #443 ),
 ( #3620, #6506 ),
 ( #6552, #1297 ) ),
 .UNSPECIFIED., .F., .F., .F.,
 ( 4, 4 ),
 ( 2, 2 ),
 ( 0.000000000000000000, 1.000000000000000000 ),
 ( 0.000000000000000000, 1.000000000000000000 ),
 .UNSPECIFIED. ) ;
#9448 = DIRECTION ( 'NONE',  ( 1.000000000000000000, 0.000000000000000000, 0.000000000000000000 ) ) ;
#9449 = CARTESIAN_POINT ( 'NONE',  ( -5.549999999999999822, 3.000000000000000000, 10.00000000000000000 ) ) ;
#9450 = CARTESIAN_POINT ( 'NONE',  ( 4.152960714906065220, -3.000000000000000000, 2.063119899241303568 ) ) ;
#9451 = ORIENTED_EDGE ( 'NONE', *, *, #189, .F. ) ;
#9452 = ORIENTED_EDGE ( 'NONE', *, *, #1835, .F. ) ;
#9453 = SURFACE_STYLE_USAGE ( .BOTH. , #4247 ) ;
#9454 = VERTEX_POINT ( 'NONE', #8077 ) ;
#9455 = DIRECTION ( 'NONE',  ( -0.000000000000000000, 0.000000000000000000, 1.000000000000000000 ) ) ;
#9456 = ORIENTED_EDGE ( 'NONE', *, *, #3119, .F. ) ;
#9457 = ORIENTED_EDGE ( 'NONE', *, *, #9176, .F. ) ;
#9458 = SURFACE_STYLE_FILL_AREA ( #6494 ) ;
#9459 = ORIENTED_EDGE ( 'NONE', *, *, #1152, .T. ) ;
#9460 = EDGE_LOOP ( 'NONE', ( #1046, #4090, #2268, #1468, #9322, #2065, #8054, #2599, #8411, #6168, #9547, #890 ) ) ;
#9461 = CARTESIAN_POINT ( 'NONE',  ( 3.589117189735551161, -3.000000000000000000, 1.582538878077187183 ) ) ;
#9462 = DIRECTION ( 'NONE',  ( -1.000000000000000000, -0.000000000000000000, -0.000000000000000000 ) ) ;
#9463 = ADVANCED_FACE ( 'NONE', ( #1368 ), #5893, .T. ) ;
#9464 = CARTESIAN_POINT ( 'NONE',  ( 2.741752667701210289, -3.010000000000000231, 1.553919545106920763 ) ) ;
#9465 = DIRECTION ( 'NONE',  ( -0.000000000000000000, -0.000000000000000000, -1.000000000000000000 ) ) ;
#9466 = CARTESIAN_POINT ( 'NONE',  ( 4.338397855100035727, -3.000000000000000000, 1.699286499232271375 ) ) ;
#9467 = LINE ( 'NONE', #5775, #9064 ) ;
#9468 = VERTEX_POINT ( 'NONE', #9492 ) ;
#9469 = B_SPLINE_CURVE_WITH_KNOTS ( 'NONE', 3,
 ( #2752, #4207, #5097, #9565 ),
 .UNSPECIFIED., .F., .F.,
 ( 4, 4 ),
 ( 23.00000000000000000, 24.00000000000000000 ),
 .UNSPECIFIED. ) ;
#9470 = UNCERTAINTY_MEASURE_WITH_UNIT (LENGTH_MEASURE( 1.000000000000000082E-05 ), #2103, 'distance_accuracy_value', 'NONE');
#9471 = EDGE_CURVE ( 'NONE', #1101, #9227, #1461, .T. ) ;
#9472 = ORIENTED_EDGE ( 'NONE', *, *, #4679, .F. ) ;
#9473 = DIRECTION ( 'NONE',  ( -0.000000000000000000, 1.000000000000000000, -0.000000000000000000 ) ) ;
#9474 = EDGE_CURVE ( 'NONE', #6355, #7554, #8978, .T. ) ;
#9475 = LINE ( 'NONE', #2763, #3968 ) ;
#9476 = CARTESIAN_POINT ( 'NONE',  ( 4.693798572794323221, -3.000000000000000000, 1.555030322181724767 ) ) ;
#9477 = ADVANCED_FACE ( 'NONE', ( #7446, #9542, #5849, #8816, #4377, #777, #688, #2913, #3729, #3012, #7990, #1323, #929, #967, #1022 ), #4638, .F. ) ;
#9478 = DIRECTION ( 'NONE',  ( -1.000000000000000000, 0.000000000000000000, -0.000000000000000000 ) ) ;
#9479 = CARTESIAN_POINT ( 'NONE',  ( 3.689981894688174613, -3.000000000000000000, 1.702233844505699034 ) ) ;
#9480 = CARTESIAN_POINT ( 'NONE',  ( 0.000000000000000000, 0.000000000000000000, 0.000000000000000000 ) ) ;
#9481 = FACE_OUTER_BOUND ( 'NONE', #5682, .T. ) ;
#9482 = ORIENTED_EDGE ( 'NONE', *, *, #9421, .T. ) ;
#9483 = VERTEX_POINT ( 'NONE', #3835 ) ;
#9484 = CARTESIAN_POINT ( 'NONE',  ( 3.523784369481050227, -3.000000000000000000, 2.341644027690072960 ) ) ;
#9485 = ORIENTED_EDGE ( 'NONE', *, *, #5564, .F. ) ;
#9486 = ORIENTED_EDGE ( 'NONE', *, *, #9425, .F. ) ;
#9487 = CARTESIAN_POINT ( 'NONE',  ( 1.860497563946187594, -3.010000000000000231, 1.711042595240583886 ) ) ;
#9488 = CARTESIAN_POINT ( 'NONE',  ( 3.833664976824861181, -3.000000000000000000, 1.789016788703759575 ) ) ;
#9489 = ADVANCED_FACE ( 'NONE', ( #9190 ), #3884, .F. ) ;
#9490 = CARTESIAN_POINT ( 'NONE',  ( 3.632999886046437421, -3.010000000000000231, 1.563217392388343008 ) ) ;
#9491 = LINE ( 'NONE', #2819, #3943 ) ;
#9492 = CARTESIAN_POINT ( 'NONE',  ( 1.949306216129249592, -3.010000000000000231, 2.284883060241407193 ) ) ;
#9493 = CARTESIAN_POINT ( 'NONE',  ( 3.546871907466395690, -3.000000000000000000, 1.619544435413131644 ) ) ;
#9494 = DIRECTION ( 'NONE',  ( 0.000000000000000000, 0.000000000000000000, 1.000000000000000000 ) ) ;
#9495 = VERTEX_POINT ( 'NONE', #4523 ) ;
#9496 = ORIENTED_EDGE ( 'NONE', *, *, #6396, .T. ) ;
#9497 = CARTESIAN_POINT ( 'NONE',  ( 3.589117189735551161, -3.010000000000000231, 1.582538878077187183 ) ) ;
#9498 = VERTEX_POINT ( 'NONE', #7489 ) ;
#9499 = ORIENTED_EDGE ( 'NONE', *, *, #7284, .T. ) ;
#9500 =( NAMED_UNIT ( * ) PLANE_ANGLE_UNIT ( ) SI_UNIT ( $, .RADIAN. ) );
#9501 = ORIENTED_EDGE ( 'NONE', *, *, #5194, .T. ) ;
#9502 = CARTESIAN_POINT ( 'NONE',  ( 3.833664976824861181, -3.010000000000000231, 1.549626855844558726 ) ) ;
#9503 = SURFACE_SIDE_STYLE ('',( #9458 ) ) ;
#9504 = B_SPLINE_CURVE_WITH_KNOTS ( 'NONE', 3,
 ( #5279, #2179, #2979, #8244 ),
 .UNSPECIFIED., .F., .F.,
 ( 4, 4 ),
 ( 13.00000000000000000, 14.00000000000000000 ),
 .UNSPECIFIED. ) ;
#9505 = VECTOR ( 'NONE', #6096, 1000.000000000000000 ) ;
#9506 = ORIENTED_EDGE ( 'NONE', *, *, #5564, .T. ) ;
#9507 = SURFACE_SIDE_STYLE ('',( #7910 ) ) ;
#9508 = ORIENTED_EDGE ( 'NONE', *, *, #1670, .F. ) ;
#9509 = CARTESIAN_POINT ( 'NONE',  ( 3.927980025612624271, -3.010000000000000231, 1.486258932440858160 ) ) ;
#9510 = CARTESIAN_POINT ( 'NONE',  ( 3.621292375649268536, -3.000000000000000000, 1.588761051434134153 ) ) ;
#9511 = CARTESIAN_POINT ( 'NONE',  ( 3.800589213188277693, -3.000000000000000000, 1.699122757828318564 ) ) ;
#9512 = CARTESIAN_POINT ( 'NONE',  ( 4.597436756455998363, -3.010000000000000231, 1.808338274392610856 ) ) ;
#9513 = AXIS2_PLACEMENT_3D ( 'NONE', #1508, #2955, #6576 ) ;
#9514 = CARTESIAN_POINT ( 'NONE',  ( 3.596321811517330325, -3.000000000000000000, 1.662608424704236754 ) ) ;
#9515 = CARTESIAN_POINT ( 'NONE',  ( -5.750000000000000000, -3.000000000000000000, 0.000000000000000000 ) ) ;
#9516 = CARTESIAN_POINT ( 'NONE',  ( 2.375132333214557079, -3.010000000000000231, 2.469331826119598006 ) ) ;
#9517 = AXIS2_PLACEMENT_3D ( 'NONE', #6638, #5039, #2207 ) ;
#9518 = EDGE_CURVE ( 'NONE', #4849, #122, #1754, .T. ) ;
#9519 = PRESENTATION_LAYER_ASSIGNMENT (  '', '', ( #7493 ) ) ;
#9520 = AXIS2_PLACEMENT_3D ( 'NONE', #2013, #555, #5610 ) ;
#9521 = ORIENTED_EDGE ( 'NONE', *, *, #926, .F. ) ;
#9522 = CARTESIAN_POINT ( 'NONE',  ( 3.748355705265706828, -3.010000000000000231, 1.695847929744790372 ) ) ;
#9523 = VECTOR ( 'NONE', #2138, 1000.000000000000000 ) ;
#9524 = CARTESIAN_POINT ( 'NONE',  ( 3.969079118052975641, -3.000000000000000000, 1.481674173123481486 ) ) ;
#9525 = CARTESIAN_POINT ( 'NONE',  ( 4.105557578407878161, -3.000000000000000000, 2.383398085747340023 ) ) ;
#9526 = STYLED_ITEM ( 'NONE', ( #8061 ), #3937 ) ;
#9527 = FACE_OUTER_BOUND ( 'NONE', #6639, .T. ) ;
#9528 = CARTESIAN_POINT ( 'NONE',  ( 3.689981894688174613, -3.010000000000000231, 1.760198301574431579 ) ) ;
#9529 = FACE_OUTER_BOUND ( 'NONE', #6044, .T. ) ;
#9530 = EDGE_CURVE ( 'NONE', #5619, #6276, #3782, .T. ) ;
#9531 = AXIS2_PLACEMENT_3D ( 'NONE', #3443, #8560, #493 ) ;
#9532 = EDGE_CURVE ( 'NONE', #509, #5293, #291, .T. ) ;
#9533 = AXIS2_PLACEMENT_3D ( 'NONE', #7607, #2454, #3894 ) ;
#9534 = VECTOR ( 'NONE', #4204, 1000.000000000000000 ) ;
#9535 = CARTESIAN_POINT ( 'NONE',  ( 3.632672403237443337, -3.010000000000000231, 1.601205398150215675 ) ) ;
#9536 = ORIENTED_EDGE ( 'NONE', *, *, #9530, .T. ) ;
#9537 = ORIENTED_EDGE ( 'NONE', *, *, #724, .F. ) ;
#9538 = FACE_OUTER_BOUND ( 'NONE', #2018, .T. ) ;
#9539 = DIRECTION ( 'NONE',  ( -0.000000000000000000, 0.000000000000000000, 1.000000000000000000 ) ) ;
#9540 =( LENGTH_UNIT ( ) NAMED_UNIT ( * ) SI_UNIT ( .MILLI., .METRE. ) );
#9541 = MECHANICAL_DESIGN_GEOMETRIC_PRESENTATION_REPRESENTATION (  '', ( #5818 ), #241 ) ;
#9542 = FACE_BOUND ( 'NONE', #134, .T. ) ;
#9543 = CARTESIAN_POINT ( 'NONE',  ( 3.785934357516583582, -3.000000000000000000, 1.725648865300039914 ) ) ;
#9544 = VECTOR ( 'NONE', #2450, 1000.000000000000000 ) ;
#9545 = CARTESIAN_POINT ( 'NONE',  ( -5.549999999999999822, -3.000000000000000000, 0.000000000000000000 ) ) ;
#9546 = EDGE_CURVE ( 'NONE', #1660, #7092, #261, .T. ) ;
#9547 = ORIENTED_EDGE ( 'NONE', *, *, #8098, .T. ) ;
#9548 = ADVANCED_FACE ( 'NONE', ( #114 ), #7118, .F. ) ;
#9549 = ADVANCED_FACE ( 'NONE', ( #163 ), #9282, .F. ) ;
#9550 = VECTOR ( 'NONE', #3673, 1000.000000000000000 ) ;
#9551 = ORIENTED_EDGE ( 'NONE', *, *, #6920, .F. ) ;
#9552 = DIRECTION ( 'NONE',  ( -0.000000000000000000, 0.000000000000000000, 1.000000000000000000 ) ) ;
#9553 = ORIENTED_EDGE ( 'NONE', *, *, #8106, .T. ) ;
#9554 = CARTESIAN_POINT ( 'NONE',  ( 3.748355705265706828, -3.000000000000000000, 1.695847929744790372 ) ) ;
#9555 = EDGE_LOOP ( 'NONE', ( #4514, #4167, #1855, #4136 ) ) ;
#9556 = DIRECTION ( 'NONE',  ( 0.000000000000000000, 1.000000000000000000, 0.000000000000000000 ) ) ;
#9557 = EDGE_LOOP ( 'NONE', ( #4036, #5410, #286, #3021 ) ) ;
#9558 = SURFACE_STYLE_USAGE ( .BOTH. , #8782 ) ;
#9559 = B_SPLINE_CURVE_WITH_KNOTS ( 'NONE', 3,
 ( #80, #8975, #1563, #4541 ),
 .UNSPECIFIED., .F., .F.,
 ( 4, 4 ),
 ( 0.000000000000000000, 1.000000000000000000 ),
 .UNSPECIFIED. ) ;
#9560 =( LENGTH_UNIT ( ) NAMED_UNIT ( * ) SI_UNIT ( .MILLI., .METRE. ) );
#9561 = VECTOR ( 'NONE', #8713, 1000.000000000000114 ) ;
#9562 = ORIENTED_EDGE ( 'NONE', *, *, #7996, .F. ) ;
#9563 = LINE ( 'NONE', #4350, #8733 ) ;
#9564 = CARTESIAN_POINT ( 'NONE',  ( 3.582731274973546043, -3.000000000000000000, 2.057716432904142412 ) ) ;
#9565 = CARTESIAN_POINT ( 'NONE',  ( 2.892044212887547872, -3.010000000000000231, 1.870442668909382711 ) ) ;
#9566 = DIRECTION ( 'NONE',  ( -0.000000000000000000, 1.000000000000000000, -0.000000000000000000 ) ) ;
#9567 = PLANE ( 'NONE',  #1195 ) ;
#9568 = FACE_OUTER_BOUND ( 'NONE', #7453, .T. ) ;
#9569 = FILL_AREA_STYLE_COLOUR ( '', #2564 ) ;
#9570 = CIRCLE ( 'NONE', #4126, 0.1999999999999996503 ) ;
#9571 = UNCERTAINTY_MEASURE_WITH_UNIT (LENGTH_MEASURE( 1.000000000000000082E-05 ), #4149, 'distance_accuracy_value', 'NONE');
#9572 = ORIENTED_EDGE ( 'NONE', *, *, #2876, .T. ) ;
#9573 = VECTOR ( 'NONE', #1583, 1000.000000000000227 ) ;
#9574 = FACE_OUTER_BOUND ( 'NONE', #7499, .T. ) ;
#9575 = CARTESIAN_POINT ( 'NONE',  ( 2.074549199407693667, -3.000000000000000000, 1.861334183860016811 ) ) ;
#9576 = LINE ( 'NONE', #5010, #8176 ) ;
#9577 = EDGE_CURVE ( 'NONE', #5184, #3070, #5600, .T. ) ;
#9578 = SHAPE_DEFINITION_REPRESENTATION ( #4863, #1087 ) ;
#9579 = CARTESIAN_POINT ( 'NONE',  ( 4.632559287644243184, -3.010000000000000231, 1.718116760709258450 ) ) ;
#9580 = B_SPLINE_CURVE_WITH_KNOTS ( 'NONE', 3,
 ( #3854, #6832, #3960, #2356 ),
 .UNSPECIFIED., .F., .F.,
 ( 4, 4 ),
 ( 4.000000000000000000, 5.000000000000000000 ),
 .UNSPECIFIED. ) ;
#9581 = VECTOR ( 'NONE', #1729, 1000.000000000000000 ) ;
#9582 = ORIENTED_EDGE ( 'NONE', *, *, #8649, .F. ) ;
#9583 = LINE ( 'NONE', #5933, #8749 ) ;
#9584 = B_SPLINE_CURVE_WITH_KNOTS ( 'NONE', 3,
 ( #3205, #6078, #260, #6139 ),
 .UNSPECIFIED., .F., .F.,
 ( 4, 4 ),
 ( 21.00000000000000000, 22.00000000000000000 ),
 .UNSPECIFIED. ) ;
#9585 = FACE_OUTER_BOUND ( 'NONE', #8723, .T. ) ;
#9586 = EDGE_LOOP ( 'NONE', ( #5944, #1512, #7986, #1321, #1853, #6829, #6740, #4221, #3210, #2884, #473, #8809 ) ) ;
#9587 = FACE_OUTER_BOUND ( 'NONE', #7752, .T. ) ;
#9588 = ADVANCED_FACE ( 'NONE', ( #3397 ), #2720, .F. ) ;
#9589 = AXIS2_PLACEMENT_3D ( 'NONE', #8122, #3976, #6847 ) ;
#9590 = PRESENTATION_STYLE_ASSIGNMENT (( #7267 ) ) ;
#9591 = CARTESIAN_POINT ( 'NONE',  ( 4.274948060994349319, -3.000000000000000000, 2.274837534798882288 ) ) ;
#9592 = CARTESIAN_POINT ( 'NONE',  ( 4.102037138218421752, -3.010000000000000231, 2.099634232365367836 ) ) ;
#9593 = EDGE_CURVE ( 'NONE', #3090, #6469, #8518, .T. ) ;
#9594 = ORIENTED_EDGE ( 'NONE', *, *, #6993, .T. ) ;
#9595 = DIRECTION ( 'NONE',  ( -0.000000000000000000, 1.000000000000000000, -0.000000000000000000 ) ) ;
#9596 = ORIENTED_EDGE ( 'NONE', *, *, #7327, .F. ) ;
#9597 = DIRECTION ( 'NONE',  ( -0.3897582650655123659, -0.000000000000000000, -0.9209172030172537715 ) ) ;
#9598 = ORIENTED_EDGE ( 'NONE', *, *, #8818, .T. ) ;
#9599 = CARTESIAN_POINT ( 'NONE',  ( 3.634391687981183061, -3.000000000000000000, 1.756432249279040736 ) ) ;
#9600 = ORIENTED_EDGE ( 'NONE', *, *, #5897, .F. ) ;
#9601 = EDGE_CURVE ( 'NONE', #4314, #4849, #4080, .T. ) ;
#9602 =( LENGTH_UNIT ( ) NAMED_UNIT ( * ) SI_UNIT ( .MILLI., .METRE. ) );
#9603 = ADVANCED_FACE ( 'NONE', ( #9338 ), #9195, .F. ) ;
#9604 = CARTESIAN_POINT ( 'NONE',  ( 4.506642147858789471, -3.010000000000000231, 1.875308508687761222 ) ) ;
#9605 = CARTESIAN_POINT ( 'NONE',  ( 4.223860742902751042, -3.000000000000000000, 1.699286499232271597 ) ) ;
#9606 = ORIENTED_EDGE ( 'NONE', *, *, #8311, .F. ) ;
#9607 = LINE ( 'NONE', #6647, #9223 ) ;
#9608 = CARTESIAN_POINT ( 'NONE',  ( 4.580898874638786644, -3.010000000000000231, 2.063119899241303568 ) ) ;
#9609 = CARTESIAN_POINT ( 'NONE',  ( 3.810331826734680849, -3.010000000000000231, 1.582375136673235927 ) ) ;
#9610 = ORIENTED_EDGE ( 'NONE', *, *, #569, .T. ) ;
#9611 = CARTESIAN_POINT ( 'NONE',  ( 4.226644346772213012, -3.000000000000000000, 2.340989062074239957 ) ) ;
#9612 = CARTESIAN_POINT ( 'NONE',  ( 3.950740080787856989, -3.000000000000000000, 1.481674173123481486 ) ) ;
#9613 = EDGE_CURVE ( 'NONE', #7133, #8780, #4224, .T. ) ;
#9614 = CARTESIAN_POINT ( 'NONE',  ( 4.503367319777459521, -3.010000000000000231, 1.555030322181724767 ) ) ;
#9615 = LINE ( 'NONE', #2226, #1140 ) ;
#9616 = CARTESIAN_POINT ( 'NONE',  ( 4.430174912123167275, -3.010000000000000231, 2.320030162343628799 ) ) ;
#9617 = ORIENTED_EDGE ( 'NONE', *, *, #1731, .F. ) ;
#9618 = CARTESIAN_POINT ( 'NONE',  ( 4.859996098003604992, -3.010000000000000231, 1.875308508687761222 ) ) ;
#9619 = CARTESIAN_POINT ( 'NONE',  ( 3.898834055674295307, -3.000000000000000000, 1.632316264937124561 ) ) ;
#9620 = FILL_AREA_STYLE_COLOUR ( '', #1280 ) ;
#9621 = CARTESIAN_POINT ( 'NONE',  ( 3.717326709180762911, -3.000000000000000000, 2.116008372780791458 ) ) ;
#9622 = CARTESIAN_POINT ( 'NONE',  ( 3.689981894688174613, -3.010000000000000231, 1.702233844505699034 ) ) ;
ENDSEC;
END-ISO-10303-21;
