#VRML V2.0 utf8
# 3D model generated by easyeda2kicad.py (https://github.com/uPesy/easyeda2kicad.py)

Shape{
    appearance Appearance {
        material  Material 	{
            diffuseColor 0.25098039215686274 0.25098039215686274 0.25098039215686274
            specularColor 0.12549019607843137 0.12549019607843137 0.12549019607843137
            ambientIntensity 0.251
            transparency 0.0
            shininess 0.5
        }
    }
    geometry IndexedFaceSet {
        ccw TRUE
        solid FALSE
        coord DEF co Coordinate {
            point [
                2.4597 0.8095 3.7513, 2.4597 0.8095 3.4653, 2.4597 -5.0961 3.4653, 2.4597 0.8095 4.3943, 2.4597 -2.8354 4.3943, 2.4597 -5.0961 4.3943, 2.0857 0.8095 3.4653, 1.1811 0.8095 3.7513, 1.2243 0.8095 1.6934, 2.4597 0.8095 1.6934, 2.4597 0.8095 2.2299, 2.0857 0.8095 2.2299, 1.2598 0.8095 2.9964, 1.2598 0.8095 3.1083, 1.4961 0.8095 3.1083, 1.4961 0.8095 2.9964, 1.1811 0.8095 0.9385, 1.1024 0.8095 2.9964, 0.7874 0.8095 0.9385, 0.8661 0.8095 2.9964, 0.7874 0.8095 3.7513, 0.8661 0.8095 3.1083, 1.1024 0.8095 3.1083, 1.2243 0.8095 0.9385, 0.4724 0.8095 2.9964, 0.4724 0.8095 3.1083, 0.3937 0.8095 3.7513, 0.7087 0.8095 3.1083, 0.7087 0.8095 2.9964, 0.3937 0.8095 0.2362, 0.7806 0.8095 0.2362, 0.7806 0.8095 0.9385, -0.7087 0.8095 2.9964, -0.7087 0.8095 3.1083, -0.7874 0.8095 3.7513, -0.3937 0.8095 3.7513, -0.7874 0.8095 0.9385, -0.7806 0.8095 0.9385, -0.4724 0.8095 2.9964, -0.4724 0.8095 3.1083, -0.3937 0.8095 0.2362, -0.7806 0.8095 0.2362, -1.1811 0.8095 0.9385, -0.8661 0.8095 2.9964, -0.8661 0.8095 3.1083, -1.1024 0.8095 3.1083, -1.1811 0.8095 3.7513, -1.1024 0.8095 2.9964, -1.9779 0.8095 3.7513, -1.4961 0.8095 3.1083, -1.2598 0.8095 3.1083, -1.2598 0.8095 2.9964, -1.2243 0.8095 0.9385, -1.2243 0.8095 1.6934, -1.9779 0.8095 1.6934, -1.4961 0.8095 2.9964, -2.4597 0.8095 3.7513, -2.4597 0.8095 3.4653, -2.0857 0.8095 3.4653, -2.0857 0.8095 2.2299, -2.4597 0.8095 2.2299, -2.4597 0.8095 1.6934, 0.315 0.8095 2.9964, 0.0 0.8095 0.2362, 0.0787 0.8095 2.9964, 0.315 0.8095 3.1083, 0.0787 0.8095 3.1083, 0.0 0.8095 3.7513, -0.0787 0.8095 2.9964, -0.315 0.8095 2.9964, -0.315 0.8095 3.1083, -0.0787 0.8095 3.1083, 1.1811 0.8095 4.3943, 0.7874 0.8095 4.3943, 0.3937 0.8095 4.3943, 0.0 0.8095 4.3943, -0.3937 0.8095 4.3943, -0.7874 0.8095 4.3943, -1.1811 0.8095 4.3943, -1.9779 0.8095 4.3943, -2.4597 0.8095 4.3943, -2.4597 -5.0961 1.6934, -2.4597 -5.0961 2.2299, -2.4597 -5.0961 3.4653, -2.4597 -2.8354 4.3943, -2.4597 -5.0961 4.3943, -1.9779 -2.8354 4.3943, 0.7874 -5.0961 4.3943, 0.7874 -2.8354 4.3943, 1.1811 -5.0961 4.3943, 1.1811 -2.8354 4.3943, -1.9779 -5.0961 4.3943, -1.1811 -5.0961 4.3943, -1.1811 -2.8354 4.3943, -0.7874 -5.0961 4.3943, -0.7874 -2.8354 4.3943, -0.3937 -5.0961 4.3943, -0.3937 -2.8354 4.3943, 0.0 -5.0961 4.3943, 0.0 -2.8354 4.3943, 0.3937 -5.0961 4.3943, 0.3937 -2.8354 4.3943, 1.2598 -0.4639 4.3943, 1.2598 -0.5747 4.3943, 1.4961 -0.4639 4.3943, 1.4961 -0.5747 4.3943, 0.8661 -0.4639 4.3943, 0.8661 -0.5747 4.3943, 0.7087 -0.4639 4.3943, 0.4724 -0.4639 4.3943, 0.4724 -0.5747 4.3943, 0.7087 -0.5747 4.3943, 1.1024 -0.4639 4.3943, 1.1024 -0.5747 4.3943, 0.0787 -0.4639 4.3943, 0.0787 -0.5747 4.3943, 0.315 -0.4639 4.3943, 0.315 -0.5747 4.3943, -0.315 -0.4639 4.3943, -0.315 -0.5747 4.3943, -0.0787 -0.4639 4.3943, -0.0787 -0.5747 4.3943, -0.7087 -0.4639 4.3943, -0.7087 -0.5747 4.3943, -0.4724 -0.4639 4.3943, -0.4724 -0.5747 4.3943, -1.1024 -0.4639 4.3943, -1.1024 -0.5747 4.3943, -0.8661 -0.4639 4.3943, -0.8661 -0.5747 4.3943, -1.4961 -0.5747 4.3943, -1.2598 -0.5747 4.3943, -1.2598 -0.4639 4.3943, -1.4961 -0.4639 4.3943, 0.7806 -3.915 0.2362, 3.0335 -3.915 0.2362, 0.7806 -5.0961 0.2362, 3.0335 -5.0961 0.2362, 1.561 2.0535 0.0394, 1.0 2.0535 0.0394, 1.0 3.0654 0.0394, 2.1614 1.6224 0.0394, 2.1614 1.4846 0.0394, 2.0 1.0575 0.0394, 1.561 -2.0065 0.0394, 1.0 -2.0065 0.0394, 1.0 -0.1669 0.0394, -2.5118 -2.6531 0.0394, -2.5118 -2.6482 0.0394, -2.4252 -2.6482 0.0394, -2.6004 -0.1984 0.0394, -2.7894 -0.1984 0.0394, -2.7894 -0.1669 0.0394, -3.0335 -0.1984 0.0394, -3.0335 -0.1669 0.0394, 2.411 -1.3832 0.0394, 2.4252 -1.3652 0.0394, 2.4252 -2.0065 0.0394, 1.6358 -2.6482 0.0394, 1.561 -2.6482 0.0394, 1.561 -2.6433 0.0394, 2.5118 -2.4563 0.0394, 2.5118 -2.6482 0.0394, 2.4252 -2.6482 0.0394, 2.4252 -3.915 0.0394, 2.5118 -2.6531 0.0394, 3.0335 -3.915 0.0394, 2.7087 -2.6531 0.0394, 3.0335 -2.6482 0.0394, 2.7087 -2.6482 0.0394, 3.0335 -2.0065 0.0394, 2.7087 -2.4563 0.0394, 1.5118 -2.6433 0.0394, 1.0 -2.6482 0.0394, 1.5118 -2.4465 0.0394, 1.561 -2.4465 0.0394, 1.6358 -2.4465 0.0394, 1.6358 -2.0065 0.0394, 1.7087 -2.4465 0.0394, 2.0 -2.0065 0.0394, 1.7087 -2.6433 0.0394, 1.6358 -0.8648 0.0394, 1.6143 -0.8741 0.0394, 1.561 -0.1669 0.0394, 1.6143 -1.0188 0.0394, 2.0 -0.6214 0.0394, 1.9597 -0.6715 0.0394, 1.6358 -0.1669 0.0394, 1.7994 -0.7938 0.0394, 2.4252 -0.5277 0.0394, 2.411 -0.5097 0.0394, 2.4252 -0.1669 0.0394, 2.3287 -0.3314 0.0394, 2.0 -0.1669 0.0394, 2.1713 -0.3314 0.0394, 2.0862 -0.5143 0.0394, 3.0335 -0.1669 0.0394, 3.0335 -0.1984 0.0394, 2.6004 -0.1984 0.0394, 3.0335 -1.6945 0.0394, 2.6004 -1.6945 0.0394, 2.6004 -1.4817 0.0394, 2.721 -1.3794 0.0394, 2.5326 -1.229 0.0394, 2.8128 -1.2507 0.0394, 2.6868 -1.1075 0.0394, 2.8702 -1.1034 0.0394, 2.8651 -1.0252 0.0394, 2.8898 -0.9465 0.0394, 2.8651 -0.8677 0.0394, 2.8702 -0.7895 0.0394, 2.0 -1.2715 0.0394, 2.0862 -1.3786 0.0394, 2.1713 -1.5615 0.0394, 2.3287 -1.5615 0.0394, 1.9597 -1.2215 0.0394, 1.7994 -1.0991 0.0394, -2.6004 -0.4112 0.0394, -2.4252 -0.1669 0.0394, -2.4252 -0.5277 0.0394, -2.5326 -0.6639 0.0394, -2.721 -0.5135 0.0394, -2.7894 -0.6094 0.0394, -2.6868 -0.7855 0.0394, -2.7894 -0.8328 0.0394, -2.8128 -0.6422 0.0394, -2.8702 -0.7895 0.0394, -2.8651 -0.8677 0.0394, -2.8898 -0.9465 0.0394, -2.8651 -1.0252 0.0394, -2.8702 -1.1034 0.0394, -2.8128 -1.2507 0.0394, -2.7894 -1.0601 0.0394, -2.7894 -1.2835 0.0394, -2.6868 -1.1075 0.0394, -2.721 -1.3794 0.0394, -2.5326 -1.229 0.0394, -2.6004 -1.4817 0.0394, -2.4252 -1.3652 0.0394, -2.6004 -1.6945 0.0394, -2.4252 -2.0065 0.0394, -2.7894 -1.6945 0.0394, -2.7894 -2.0065 0.0394, -3.0335 -1.6945 0.0394, -2.411 -1.3832 0.0394, -2.3287 -1.5615 0.0394, -2.0 -2.0065 0.0394, -2.1713 -1.5615 0.0394, -2.411 -0.5097 0.0394, -2.3287 -0.3314 0.0394, -2.1713 -0.3314 0.0394, -2.0 -0.1669 0.0394, -2.0862 -0.5143 0.0394, -1.7736 -0.805 0.0394, -1.7994 -0.7938 0.0394, -1.7736 -0.1669 0.0394, -1.9597 -0.6715 0.0394, -2.0 -0.6214 0.0394, -1.6143 -0.8741 0.0394, -1.561 -0.1669 0.0394, -1.6143 -1.0188 0.0394, -2.0862 -1.3786 0.0394, -2.0 -1.2715 0.0394, -1.7736 -2.0065 0.0394, -1.9597 -1.2215 0.0394, -1.7994 -1.0991 0.0394, -1.561 2.0535 0.0394, -1.6614 1.6224 0.0394, -1.7736 2.0535 0.0394, -1.7736 1.6224 0.0394, -2.0 2.0535 0.0394, -1.6614 1.4846 0.0394, -1.561 1.0575 0.0394, -1.7736 1.4846 0.0394, -1.7736 1.0575 0.0394, -1.8386 1.4846 0.0394, -2.0 1.0575 0.0394, -1.8386 1.6224 0.0394, -1.4252 -2.6482 0.0394, -1.561 -2.6482 0.0394, -1.5118 -2.6433 0.0394, -1.561 -2.6433 0.0394, -1.561 -2.0065 0.0394, -1.4252 -2.0065 0.0394, -1.5118 -2.4465 0.0394, -1.561 -2.4465 0.0394, -1.7736 -1.088 0.0394, -1.7087 -2.6433 0.0394, -1.7736 -2.6482 0.0394, -1.7087 -2.4465 0.0394, -2.7087 -2.6531 0.0394, -2.7894 -3.915 0.0394, -2.7894 -2.6482 0.0394, -2.4252 -3.915 0.0394, -2.5118 -2.4563 0.0394, -2.7087 -2.4563 0.0394, -2.7087 -2.6482 0.0394, 1.0 -3.915 0.0394, 1.561 -3.915 0.0394, 1.6358 -3.915 0.0394, 2.0 -3.915 0.0394, 2.0 -2.6482 0.0394, -2.0 -3.915 0.0394, -2.0 -2.6482 0.0394, -1.7736 -3.915 0.0394, -1.561 -3.915 0.0394, -1.4252 -3.915 0.0394, -1.0 -3.915 0.0394, -1.0 -2.6482 0.0394, 0.0 -3.915 0.0394, 0.0 -2.6482 0.0394, 0.5 -3.915 0.0394, 0.5 -2.6482 0.0394, 1.6358 -2.6433 0.0394, -1.0 -2.0065 0.0394, 0.0 -2.0065 0.0394, 0.5 -2.0065 0.0394, -3.0335 -2.0065 0.0394, -3.0335 -2.6482 0.0394, -3.0335 -3.915 0.0394, 1.6358 -1.0281 0.0394, 0.0 -0.1669 0.0394, 0.5 -0.1669 0.0394, -1.4252 -0.1669 0.0394, -1.0 -0.1669 0.0394, 2.8128 -0.6422 0.0394, 2.6868 -0.7855 0.0394, 2.721 -0.5135 0.0394, 2.5326 -0.6639 0.0394, 2.6004 -0.4112 0.0394, 2.4252 1.0575 0.0394, 3.0335 1.0575 0.0394, 1.6358 1.0575 0.0394, 1.561 1.0575 0.0394, 1.3386 0.1303 0.0394, 1.0 1.0575 0.0394, 1.1614 0.1303 0.0394, 1.1614 -0.0075 0.0394, 1.3386 -0.0075 0.0394, 0.5 1.0575 0.0394, 0.0 1.0575 0.0394, -1.0 1.0575 0.0394, -1.3386 0.1303 0.0394, -1.3386 -0.0075 0.0394, -1.1614 -0.0075 0.0394, -1.1614 0.1303 0.0394, -1.4252 1.0575 0.0394, -2.4252 1.0575 0.0394, -2.3386 0.6303 0.0394, -2.3386 0.4925 0.0394, -2.1614 0.6303 0.0394, -2.1614 0.4925 0.0394, 2.4252 2.0535 0.0394, 3.0335 2.0535 0.0394, 2.3386 1.4846 0.0394, 2.3386 1.6224 0.0394, 2.0 2.0535 0.0394, 1.6358 2.0535 0.0394, 1.3386 1.6224 0.0394, 1.3386 1.4846 0.0394, 1.1614 1.4846 0.0394, 1.1614 1.6224 0.0394, 0.5 2.0535 0.0394, 0.3386 1.6224 0.0394, 0.3386 1.4846 0.0394, 0.1614 1.4846 0.0394, 0.1614 1.6224 0.0394, 0.0 2.0535 0.0394, -0.8386 1.6224 0.0394, -0.8386 1.4846 0.0394, -0.6614 1.4846 0.0394, -0.6614 1.6224 0.0394, -1.0 2.0535 0.0394, -1.4252 2.0535 0.0394, -2.4252 2.0535 0.0394, 2.0 3.0654 0.0394, 2.4252 3.0654 0.0394, 3.0335 3.0654 0.0394, 1.6614 2.6224 0.0394, 1.6614 2.4846 0.0394, 1.8386 2.4846 0.0394, 1.8386 2.6224 0.0394, 1.6358 3.0654 0.0394, 1.561 3.0654 0.0394, 2.1614 0.4925 0.0394, 2.3386 0.4925 0.0394, 2.3386 0.6303 0.0394, 2.1614 0.6303 0.0394, 0.6614 2.6224 0.0394, 0.6614 2.4846 0.0394, 0.8386 2.4846 0.0394, 0.8386 2.6224 0.0394, 0.5 3.0654 0.0394, 0.0 3.0654 0.0394, -0.1614 2.6224 0.0394, -0.1614 2.4846 0.0394, -0.3386 2.4846 0.0394, -0.3386 2.6224 0.0394, -1.0 3.0654 0.0394, -1.3386 2.6224 0.0394, -1.3386 2.4846 0.0394, -1.1614 2.4846 0.0394, -1.1614 2.6224 0.0394, -1.4252 3.0654 0.0394, -2.0 3.0654 0.0394, -1.7736 3.0654 0.0394, -1.561 3.0654 0.0394, -2.1614 2.6224 0.0394, -2.1614 2.4846 0.0394, -2.3386 2.4846 0.0394, -2.3386 2.6224 0.0394, -2.4252 3.0654 0.0394, -2.7894 1.0575 0.0394, -2.7894 2.0535 0.0394, -2.7894 3.0654 0.0394, -3.0335 1.0575 0.0394, -3.0335 2.0535 0.0394, -3.0335 3.0654 0.0394, 3.0335 -5.0961 5.1772, 3.0335 3.0654 5.1772, -3.0335 -5.0961 5.1772, -3.0335 3.0654 5.1772, -0.7806 -5.0961 0.2362, -0.7806 -5.0961 0.9385, -3.0335 -5.0961 0.2362, -1.2243 -5.0961 0.9385, -1.2243 -5.0961 1.6934, -2.0857 -5.0961 2.2299, -2.0857 -5.0961 3.4653, 2.4597 -5.0961 1.6934, 2.4597 -5.0961 2.2299, 2.0857 -5.0961 2.2299, 2.0857 -5.0961 3.4653, 0.7806 -5.0961 0.9385, 1.2243 -5.0961 0.9385, 1.2243 -5.0961 1.6934, 3.0335 -0.1984 0.2362, 3.0335 -1.6945 0.2362, -3.0335 -3.915 0.2362, -3.0335 -0.1984 0.2362, -3.0335 -1.6945 0.2362, -0.7806 -3.915 0.2362, -1.6349 -0.8677 -1.4961, -1.6349 -0.8677 0.0197, -1.6299 -0.9465 -1.4961, -1.6349 -1.0252 0.0197, -1.6349 -1.0252 -1.4961, -2.3287 -0.3314 -1.4961, -2.25 -0.3264 -1.4961, -2.1713 -0.3314 -1.4961, -2.8651 -1.0252 -1.4961, -2.8701 -0.9465 -1.4961, -2.8651 -0.8677 -1.4961, -2.1713 -1.5615 -1.4961, -2.25 -1.5665 -1.4961, -2.3287 -1.5615 -1.4961, -1.7962 -1.0973 0.0394, -1.7532 -1.074 -1.4961, -1.958 -1.2198 0.0394, -1.8665 -1.143 -1.4961, -1.7949 -1.0994 -1.4961, -2.0833 -1.3789 -1.4961, -2.0535 -1.33 -1.4961, -2.0855 -1.3776 0.0394, -1.9674 -1.229 -1.4961, -1.9574 -1.2205 -1.4961, -2.1225 -1.4432 -1.4961, -1.7532 -0.8189 -1.4961, -1.7962 -0.7956 0.0394, -2.1225 -0.4497 -1.4961, -2.0855 -0.5153 0.0394, -2.0833 -0.514 -1.4961, -2.0535 -0.5629 -1.4961, -1.958 -0.6731 0.0394, -1.9674 -0.6639 -1.4961, -1.7949 -0.7935 -1.4961, -1.8665 -0.7499 -1.4961, -1.9574 -0.6724 -1.4961, -2.7468 -0.8189 -1.4961, -2.6881 -0.7832 -1.4961, -2.6335 -0.7499 -1.4961, -2.5326 -0.6639 -1.4961, -2.4465 -0.5629 -1.4961, -2.4132 -0.5083 -1.4961, -2.3775 -0.4497 -1.4961, -2.3775 -1.4432 -1.4961, -2.4132 -1.3846 -1.4961, -2.4465 -1.33 -1.4961, -2.5326 -1.229 -1.4961, -2.6335 -1.143 -1.4961, -2.6881 -1.1097 -1.4961, -2.7468 -1.074 -1.4961, -2.25 -0.3657 -1.5354, -2.2004 -0.3679 -1.5354, -2.1576 -0.4674 -1.5354, -2.0854 -1.3069 -1.5354, -2.729 -0.8541 -1.5354, -2.6104 -0.7818 -1.5354, -1.771 -0.8541 -1.5354, -1.771 -1.0388 -1.5354, -1.8896 -0.7818 -1.5354, -1.8896 -1.1111 -1.5354, -1.9953 -0.6917 -1.5354, -1.9953 -1.2012 -1.5354, -2.5047 -0.6917 -1.5354, -2.4146 -0.586 -1.5354, -2.3424 -0.4674 -1.5354, -2.6104 -1.1111 -1.5354, -2.729 -1.0388 -1.5354, -2.0854 -0.586 -1.5354, -2.2996 -0.3679 -1.5354, -1.6714 -0.8969 -1.5354, -1.6693 -0.9465 -1.5354, -1.6714 -0.9961 -1.5354, -2.1576 -1.4255 -1.5354, -2.2004 -1.525 -1.5354, -2.25 -1.5272 -1.5354, -2.8286 -0.9961 -1.5354, -2.8307 -0.9465 -1.5354, -2.8286 -0.8969 -1.5354, -2.5047 -1.2012 -1.5354, -2.4146 -1.3069 -1.5354, -2.3424 -1.4255 -1.5354, -2.2996 -1.525 -1.5354, -2.0543 -0.5635 -1.5048, -1.8671 -0.7507 -1.5048, -1.7537 -0.8198 -1.5048, -2.1719 -0.3321 -1.504, -2.1234 -0.4501 -1.5048, -2.172 -0.3323 -1.5048, -2.1723 -0.3327 -1.5062, -2.1726 -0.333 -1.5076, -2.126 -0.4514 -1.5131, -2.1743 -0.3351 -1.5131, -2.18 -0.3421 -1.5238, -2.1779 -0.3394 -1.5204, -2.1302 -0.4535 -1.5206, -2.1762 -0.3374 -1.5178, -2.1751 -0.336 -1.5154, -2.1807 -0.3429 -1.5249, -2.1357 -0.4563 -1.5268, -2.1819 -0.3444 -1.5263, -2.1898 -0.3543 -1.5327, -2.1882 -0.3523 -1.5318, -2.1424 -0.4597 -1.5315, -2.1879 -0.3519 -1.5315, -2.1861 -0.3496 -1.5299, -2.1498 -0.4635 -1.5344, -2.1999 -0.3672 -1.5354, -2.1976 -0.3642 -1.5352, -2.1941 -0.3597 -1.5341, -2.193 -0.3584 -1.5337, -1.6708 -0.8963 -1.5354, -1.7633 -0.8388 -1.5315, -1.6608 -0.8886 -1.5338, -1.767 -0.8463 -1.5344, -1.6632 -0.8905 -1.5342, -1.6633 -0.8905 -1.5342, -1.7599 -0.8322 -1.5268, -1.6497 -0.8798 -1.5278, -1.6579 -0.8863 -1.5327, -1.7571 -0.8266 -1.5206, -1.6479 -0.8783 -1.5263, -1.6485 -0.8788 -1.5268, -1.755 -0.8224 -1.5131, -1.6409 -0.8726 -1.5178, -1.6421 -0.8736 -1.5197, -1.636 -0.8686 -1.5048, -1.6365 -0.869 -1.5076, -1.6374 -0.8697 -1.5104, -1.6387 -0.8708 -1.513, -1.6351 -0.8678 -1.4998, -1.8844 -0.7747 -1.5344, -1.8796 -0.768 -1.5315, -1.8752 -0.7619 -1.5268, -1.8715 -0.7569 -1.5206, -1.8688 -0.7531 -1.5131, -1.9681 -0.6646 -1.5048, -1.9702 -0.6666 -1.5131, -1.9735 -0.6699 -1.5206, -1.9779 -0.6744 -1.5268, -1.9832 -0.6796 -1.5315, -1.9891 -0.6855 -1.5344, -2.0783 -0.5809 -1.5344, -2.0715 -0.576 -1.5315, -2.0655 -0.5716 -1.5268, -2.0604 -0.568 -1.5206, -2.0566 -0.5652 -1.5131, -2.3281 -0.3321 -1.504, -2.25 -0.3277 -1.5062, -2.25 -0.3317 -1.5157, -2.3274 -0.333 -1.5076, -2.3277 -0.3327 -1.5062, -2.25 -0.3379 -1.5239, -2.3238 -0.3374 -1.5178, -2.3249 -0.336 -1.5154, -2.3181 -0.3444 -1.5263, -2.3193 -0.3429 -1.5249, -2.32 -0.3421 -1.5238, -2.3102 -0.3543 -1.5327, -2.3118 -0.3523 -1.5318, -2.25 -0.3461 -1.5302, -2.3139 -0.3496 -1.5299, -2.3139 -0.3496 -1.5299, -2.25 -0.3556 -1.5341, -2.3001 -0.3672 -1.5354, -2.3024 -0.3642 -1.5352, -2.307 -0.3584 -1.5337, -2.307 -0.3584 -1.5337, -1.6351 -1.0251 -1.4998, -1.636 -1.0243 -1.5048, -1.6309 -0.9465 -1.5048, -1.6605 -0.9465 -1.5344, -1.6633 -1.0024 -1.5342, -1.6708 -0.9966 -1.5354, -1.6632 -1.0024 -1.5342, -1.6522 -0.9465 -1.5315, -1.6608 -1.0044 -1.5338, -1.6479 -1.0146 -1.5263, -1.6485 -1.0141 -1.5268, -1.6447 -0.9465 -1.5268, -1.6497 -1.0132 -1.5278, -1.6579 -1.0066 -1.5327, -1.6338 -0.9465 -1.5131, -1.6409 -1.0203 -1.5178, -1.6385 -0.9465 -1.5206, -1.6421 -1.0193 -1.5197, -1.6365 -1.0239 -1.5076, -1.6374 -1.0232 -1.5104, -1.6387 -1.0221 -1.513, -1.6387 -0.8708 -1.513, -1.6485 -0.8788 -1.5268, -2.6327 -0.751 -1.5062, -2.3763 -0.4503 -1.5062, -2.8643 -0.8683 -1.504, -2.7462 -0.8201 -1.5062, -2.8638 -0.8688 -1.5062, -2.8635 -0.869 -1.5076, -2.7444 -0.8236 -1.5157, -2.8604 -0.8715 -1.5154, -2.8591 -0.8726 -1.5178, -2.7416 -0.8292 -1.5239, -2.8544 -0.8764 -1.5238, -2.7379 -0.8365 -1.5302, -2.8521 -0.8783 -1.5263, -2.8536 -0.8771 -1.5249, -2.8441 -0.8847 -1.5318, -2.8468 -0.8825 -1.5299, -2.8468 -0.8825 -1.5299, -2.8421 -0.8863 -1.5327, -2.7336 -0.845 -1.5341, -2.8381 -0.8895 -1.5337, -2.8292 -0.8963 -1.5354, -2.8323 -0.894 -1.5352, -2.838 -0.8895 -1.5337, -2.3515 -0.4628 -1.5341, -2.32 -0.3421 -1.5238, -2.3672 -0.4549 -1.5239, -2.3599 -0.4585 -1.5302, -2.3728 -0.452 -1.5157, -2.4454 -0.5637 -1.5062, -2.4423 -0.566 -1.5157, -2.4372 -0.5697 -1.5239, -2.4306 -0.5745 -1.5302, -2.4229 -0.5801 -1.5341, -2.5119 -0.6845 -1.5341, -2.5187 -0.6778 -1.5302, -2.5244 -0.672 -1.5239, -2.5289 -0.6676 -1.5157, -2.5316 -0.6648 -1.5062, -2.6164 -0.7736 -1.5341, -2.622 -0.7659 -1.5302, -2.6268 -0.7593 -1.5239, -2.6304 -0.7542 -1.5157, -1.8671 -1.1422 -1.5048, -2.1234 -1.4428 -1.5048, -2.1999 -1.5257 -1.5354, -2.1498 -1.4294 -1.5344, -2.194 -1.5332 -1.5342, -2.193 -1.5346 -1.5339, -2.1424 -1.4332 -1.5315, -2.1921 -1.5357 -1.5338, -2.1824 -1.5479 -1.5268, -2.1833 -1.5468 -1.5278, -2.1357 -1.4366 -1.5268, -2.1861 -1.5433 -1.5299, -2.1898 -1.5386 -1.5327, -2.1819 -1.5485 -1.5263, -2.1302 -1.4394 -1.5206, -2.1801 -1.5508 -1.5237, -2.126 -1.4415 -1.5131, -2.1762 -1.5555 -1.5178, -2.1772 -1.5543 -1.5197, -2.1721 -1.5604 -1.5048, -2.1724 -1.5602 -1.5062, -2.1726 -1.5599 -1.5076, -2.1733 -1.5591 -1.5104, -2.1743 -1.5578 -1.513, -2.1714 -1.5614 -1.4998, -1.7537 -1.0731 -1.5048, -1.755 -1.0705 -1.5131, -1.7571 -1.0663 -1.5206, -1.6387 -1.0221 -1.513, -1.7599 -1.0607 -1.5268, -1.7633 -1.0541 -1.5315, -1.6485 -1.0141 -1.5268, -1.767 -1.0467 -1.5344, -1.9891 -1.2074 -1.5344, -1.8844 -1.1182 -1.5344, -1.9832 -1.2133 -1.5315, -1.8796 -1.1249 -1.5315, -1.9779 -1.2186 -1.5268, -1.8752 -1.131 -1.5268, -1.9735 -1.223 -1.5206, -1.8715 -1.136 -1.5206, -1.9702 -1.2263 -1.5131, -1.8688 -1.1398 -1.5131, -1.9681 -1.2283 -1.5048, -2.0543 -1.3294 -1.5048, -2.0566 -1.3277 -1.5131, -2.0604 -1.3249 -1.5206, -2.0655 -1.3213 -1.5268, -2.0715 -1.3169 -1.5315, -2.0783 -1.312 -1.5344, -2.8643 -1.0246 -1.504, -2.8687 -0.9465 -1.5062, -2.8648 -0.9465 -1.5157, -2.8635 -1.0239 -1.5076, -2.8638 -1.0242 -1.5062, -2.8585 -0.9465 -1.5239, -2.8591 -1.0203 -1.5178, -2.8604 -1.0214 -1.5154, -2.8521 -1.0146 -1.5263, -2.8536 -1.0158 -1.5249, -2.8544 -1.0165 -1.5238, -2.8421 -1.0066 -1.5327, -2.8441 -1.0082 -1.5318, -2.8504 -0.9465 -1.5302, -2.8468 -1.0104 -1.5299, -2.8468 -1.0104 -1.5299, -2.8292 -0.9966 -1.5354, -2.8409 -0.9465 -1.5341, -2.8323 -0.9989 -1.5352, -2.838 -1.0034 -1.5337, -2.8381 -1.0034 -1.5337, -2.8544 -0.8765 -1.5238, -2.25 -1.5468 -1.5302, -2.3001 -1.5257 -1.5354, -2.3102 -1.5386 -1.5327, -2.3079 -1.5357 -1.5338, -2.307 -1.5346 -1.5339, -2.25 -1.5374 -1.5341, -2.307 -1.5346 -1.5339, -2.3181 -1.5485 -1.5263, -2.3167 -1.5468 -1.5278, -2.25 -1.555 -1.5239, -2.3139 -1.5433 -1.5299, -2.3139 -1.5433 -1.5299, -2.25 -1.5613 -1.5157, -2.3228 -1.5543 -1.5197, -2.3199 -1.5508 -1.5237, -2.3276 -1.5602 -1.5062, -2.3274 -1.5599 -1.5076, -2.25 -1.5652 -1.5062, -2.3267 -1.5591 -1.5104, -2.3238 -1.5555 -1.5178, -2.3286 -1.5614 -1.4998, -2.4454 -1.3292 -1.5062, -2.7462 -1.0728 -1.5062, -2.3763 -1.4426 -1.5062, -2.3728 -1.4409 -1.5157, -2.3672 -1.438 -1.5239, -2.32 -1.5508 -1.5237, -2.3599 -1.4344 -1.5302, -2.3515 -1.4301 -1.5341, -2.7336 -1.0479 -1.5341, -2.8544 -1.0165 -1.5238, -2.7416 -1.0637 -1.5239, -2.7379 -1.0564 -1.5302, -2.7444 -1.0693 -1.5157, -2.6327 -1.1419 -1.5062, -2.6304 -1.1387 -1.5157, -2.6268 -1.1336 -1.5239, -2.622 -1.127 -1.5302, -2.6164 -1.1193 -1.5341, -2.5119 -1.2084 -1.5341, -2.5187 -1.2151 -1.5302, -2.5244 -1.2209 -1.5239, -2.5289 -1.2253 -1.5157, -2.5316 -1.2281 -1.5062, -2.4229 -1.3129 -1.5341, -2.4306 -1.3184 -1.5302, -2.4372 -1.3232 -1.5239, -2.4423 -1.3269 -1.5157, 2.3287 -1.5615 -1.4961, 2.25 -1.5665 -1.4961, 2.1713 -1.5615 -1.4961, 1.6349 -1.0252 -1.4961, 1.6349 -1.0252 0.0197, 1.6299 -0.9465 -1.4961, 1.6349 -0.8677 0.0197, 1.6349 -0.8677 -1.4961, 2.1713 -0.3314 -1.4961, 2.25 -0.3264 -1.4961, 2.3287 -0.3314 -1.4961, 2.8651 -0.8677 -1.4961, 2.8701 -0.9465 -1.4961, 2.8651 -1.0252 -1.4961, 1.7532 -1.074 -1.4961, 1.7962 -1.0973 0.0394, 2.1225 -1.4432 -1.4961, 2.0855 -1.3776 0.0394, 2.0833 -1.3789 -1.4961, 2.0535 -1.33 -1.4961, 1.958 -1.2198 0.0394, 1.9674 -1.229 -1.4961, 1.7949 -1.0994 -1.4961, 1.8665 -1.143 -1.4961, 1.9574 -1.2205 -1.4961, 1.7962 -0.7956 0.0394, 1.7532 -0.8189 -1.4961, 1.958 -0.6731 0.0394, 1.8665 -0.7499 -1.4961, 1.7949 -0.7935 -1.4961, 2.0833 -0.514 -1.4961, 2.0535 -0.5629 -1.4961, 2.0855 -0.5153 0.0394, 1.9674 -0.6639 -1.4961, 1.9574 -0.6724 -1.4961, 2.1225 -0.4497 -1.4961, 2.3775 -0.4497 -1.4961, 2.4132 -0.5083 -1.4961, 2.4465 -0.5629 -1.4961, 2.5326 -0.6639 -1.4961, 2.6335 -0.7499 -1.4961, 2.6881 -0.7832 -1.4961, 2.7468 -0.8189 -1.4961, 2.7468 -1.074 -1.4961, 2.6881 -1.1097 -1.4961, 2.6335 -1.143 -1.4961, 2.5326 -1.229 -1.4961, 2.4465 -1.33 -1.4961, 2.4132 -1.3846 -1.4961, 2.3775 -1.4432 -1.4961, 2.6104 -0.7818 -1.5354, 2.729 -0.8541 -1.5354, 1.9953 -0.6917 -1.5354, 2.8307 -0.9465 -1.5354, 2.8286 -0.9961 -1.5354, 2.729 -1.0388 -1.5354, 2.25 -1.5272 -1.5354, 2.2004 -1.525 -1.5354, 2.1576 -1.4255 -1.5354, 1.8896 -1.1111 -1.5354, 1.9953 -1.2012 -1.5354, 2.0854 -1.3069 -1.5354, 2.5047 -1.2012 -1.5354, 2.6104 -1.1111 -1.5354, 2.8286 -0.8969 -1.5354, 1.771 -1.0388 -1.5354, 1.771 -0.8541 -1.5354, 1.8896 -0.7818 -1.5354, 2.4146 -1.3069 -1.5354, 2.3424 -1.4255 -1.5354, 2.2996 -1.525 -1.5354, 2.1576 -0.4674 -1.5354, 2.3424 -0.4674 -1.5354, 2.0854 -0.586 -1.5354, 2.4146 -0.586 -1.5354, 2.5047 -0.6917 -1.5354, 1.6714 -0.9961 -1.5354, 1.6693 -0.9465 -1.5354, 1.6714 -0.8969 -1.5354, 2.2004 -0.3679 -1.5354, 2.25 -0.3657 -1.5354, 2.2996 -0.3679 -1.5354, 2.8635 -0.869 -1.5076, 2.8638 -0.8688 -1.5062, 2.8687 -0.9465 -1.5062, 2.8643 -0.8683 -1.504, 2.8292 -0.9966 -1.5354, 2.8421 -1.0066 -1.5327, 2.8392 -1.0044 -1.5338, 2.8504 -0.9465 -1.5302, 2.8381 -1.0035 -1.5339, 2.8409 -0.9465 -1.5341, 2.8381 -1.0035 -1.5339, 2.8579 -1.0193 -1.5197, 2.8543 -1.0164 -1.5237, 2.8585 -0.9465 -1.5239, 2.8521 -1.0146 -1.5263, 2.8503 -1.0132 -1.5278, 2.8468 -1.0104 -1.5299, 2.8468 -1.0104 -1.5299, 2.8626 -1.0232 -1.5104, 2.8591 -1.0203 -1.5178, 2.8648 -0.9465 -1.5157, 2.8649 -1.0251 -1.4998, 2.8637 -1.0241 -1.5062, 2.8635 -1.0239 -1.5076, 2.8604 -0.8715 -1.5154, 2.8591 -0.8726 -1.5178, 2.8521 -0.8783 -1.5263, 2.8536 -0.8771 -1.5249, 2.8544 -0.8765 -1.5238, 2.8421 -0.8863 -1.5327, 2.8441 -0.8847 -1.5318, 2.8468 -0.8825 -1.5299, 2.8468 -0.8825 -1.5299, 2.8292 -0.8963 -1.5354, 2.8323 -0.894 -1.5352, 2.838 -0.8895 -1.5337, 2.8381 -0.8895 -1.5337, 2.6327 -1.1419 -1.5062, 2.3763 -1.4426 -1.5062, 2.3001 -1.5257 -1.5354, 2.3515 -1.4301 -1.5341, 2.3139 -1.5433 -1.5299, 2.3102 -1.5386 -1.5327, 2.3079 -1.5357 -1.5338, 2.307 -1.5346 -1.5339, 2.307 -1.5346 -1.5339, 2.3139 -1.5433 -1.5299, 2.3599 -1.4344 -1.5302, 2.3167 -1.5468 -1.5278, 2.3672 -1.438 -1.5239, 2.3181 -1.5485 -1.5263, 2.3728 -1.4409 -1.5157, 2.3228 -1.5543 -1.5197, 2.32 -1.5508 -1.5237, 2.3276 -1.5602 -1.5062, 2.3274 -1.5599 -1.5076, 2.3267 -1.5591 -1.5104, 2.3238 -1.5555 -1.5178, 2.3286 -1.5614 -1.4998, 2.7462 -1.0728 -1.5062, 2.7444 -1.0693 -1.5157, 2.7416 -1.0637 -1.5239, 2.8543 -1.0164 -1.5237, 2.7379 -1.0564 -1.5302, 2.7336 -1.0479 -1.5341, 2.4454 -1.3292 -1.5062, 2.4423 -1.3269 -1.5157, 2.4372 -1.3232 -1.5239, 2.4306 -1.3184 -1.5302, 2.4229 -1.3129 -1.5341, 2.5119 -1.2084 -1.5341, 2.5187 -1.2151 -1.5302, 2.5244 -1.2209 -1.5239, 2.5289 -1.2253 -1.5157, 2.5316 -1.2281 -1.5062, 2.6164 -1.1193 -1.5341, 2.622 -1.127 -1.5302, 2.6268 -1.1336 -1.5239, 2.6304 -1.1387 -1.5157, 2.4454 -0.5637 -1.5062, 2.7462 -0.8201 -1.5062, 2.3281 -0.3321 -1.504, 2.3763 -0.4503 -1.5062, 2.3277 -0.3327 -1.5062, 2.3274 -0.333 -1.5076, 2.3728 -0.452 -1.5157, 2.3249 -0.336 -1.5154, 2.3238 -0.3374 -1.5178, 2.3672 -0.4549 -1.5239, 2.32 -0.3421 -1.5238, 2.3599 -0.4585 -1.5302, 2.3181 -0.3444 -1.5263, 2.3193 -0.3429 -1.5249, 2.3118 -0.3523 -1.5318, 2.3139 -0.3496 -1.5299, 2.3139 -0.3496 -1.5299, 2.3102 -0.3543 -1.5327, 2.3515 -0.4628 -1.5341, 2.307 -0.3584 -1.5337, 2.3001 -0.3672 -1.5354, 2.3024 -0.3642 -1.5352, 2.307 -0.3584 -1.5337, 2.7336 -0.845 -1.5341, 2.8544 -0.8764 -1.5238, 2.7416 -0.8292 -1.5239, 2.7379 -0.8365 -1.5302, 2.7444 -0.8236 -1.5157, 2.6327 -0.751 -1.5062, 2.6304 -0.7542 -1.5157, 2.6268 -0.7593 -1.5239, 2.622 -0.7659 -1.5302, 2.6164 -0.7736 -1.5341, 2.5119 -0.6845 -1.5341, 2.5187 -0.6778 -1.5302, 2.5244 -0.672 -1.5239, 2.5289 -0.6676 -1.5157, 2.5316 -0.6648 -1.5062, 2.4229 -0.5801 -1.5341, 2.4306 -0.5745 -1.5302, 2.4372 -0.5697 -1.5239, 2.4423 -0.566 -1.5157, 2.25 -1.5652 -1.5062, 2.193 -1.5346 -1.5339, 2.194 -1.5332 -1.5342, 2.25 -1.5374 -1.5341, 2.1999 -1.5257 -1.5354, 2.1921 -1.5357 -1.5338, 2.25 -1.5468 -1.5302, 2.1898 -1.5386 -1.5327, 2.1819 -1.5485 -1.5263, 2.1824 -1.5479 -1.5268, 2.25 -1.555 -1.5239, 2.1833 -1.5468 -1.5278, 2.1861 -1.5433 -1.5299, 2.25 -1.5613 -1.5157, 2.1772 -1.5543 -1.5197, 2.1801 -1.5508 -1.5237, 2.1721 -1.5604 -1.5048, 2.1724 -1.5602 -1.5062, 2.1726 -1.5599 -1.5076, 2.1733 -1.5591 -1.5104, 2.1743 -1.5578 -1.513, 2.1762 -1.5555 -1.5178, 2.1714 -1.5614 -1.4998, 2.3199 -1.5508 -1.5237, 2.1719 -0.3321 -1.504, 2.1743 -0.3351 -1.5131, 2.25 -0.3277 -1.5062, 2.1751 -0.336 -1.5154, 2.25 -0.3317 -1.5157, 2.1762 -0.3374 -1.5178, 2.1726 -0.333 -1.5076, 2.1723 -0.3327 -1.5062, 2.172 -0.3323 -1.5048, 2.25 -0.3461 -1.5302, 2.1861 -0.3496 -1.5299, 2.25 -0.3379 -1.5239, 2.1819 -0.3444 -1.5263, 2.1807 -0.3429 -1.5249, 2.18 -0.3421 -1.5238, 2.1779 -0.3394 -1.5204, 2.25 -0.3556 -1.5341, 2.193 -0.3584 -1.5337, 2.1898 -0.3543 -1.5327, 2.1882 -0.3523 -1.5318, 2.1879 -0.3519 -1.5315, 2.1999 -0.3672 -1.5354, 2.1976 -0.3642 -1.5352, 2.1941 -0.3597 -1.5341, 2.32 -0.3421 -1.5238, 2.0543 -1.3294 -1.5048, 1.8671 -1.1422 -1.5048, 1.7537 -1.0731 -1.5048, 1.6708 -0.9966 -1.5354, 1.7633 -1.0541 -1.5315, 1.6608 -1.0044 -1.5338, 1.767 -1.0467 -1.5344, 1.6632 -1.0024 -1.5342, 1.6633 -1.0024 -1.5342, 1.7599 -1.0607 -1.5268, 1.6497 -1.0132 -1.5278, 1.6579 -1.0066 -1.5327, 1.7571 -1.0663 -1.5206, 1.6479 -1.0146 -1.5263, 1.6485 -1.0141 -1.5268, 1.755 -1.0705 -1.5131, 1.6409 -1.0203 -1.5178, 1.6421 -1.0193 -1.5197, 1.636 -1.0243 -1.5048, 1.6365 -1.0239 -1.5076, 1.6374 -1.0232 -1.5104, 1.6387 -1.0221 -1.513, 1.6351 -1.0251 -1.4998, 2.1234 -1.4428 -1.5048, 2.126 -1.4415 -1.5131, 2.1302 -1.4394 -1.5206, 2.1357 -1.4366 -1.5268, 2.1424 -1.4332 -1.5315, 2.1498 -1.4294 -1.5344, 1.8844 -1.1182 -1.5344, 1.8796 -1.1249 -1.5315, 1.8752 -1.131 -1.5268, 1.8715 -1.136 -1.5206, 1.8688 -1.1398 -1.5131, 1.9681 -1.2283 -1.5048, 1.9702 -1.2263 -1.5131, 1.9735 -1.223 -1.5206, 1.9779 -1.2186 -1.5268, 1.9832 -1.2133 -1.5315, 1.9891 -1.2074 -1.5344, 2.0783 -1.312 -1.5344, 2.0715 -1.3169 -1.5315, 2.0655 -1.3213 -1.5268, 2.0604 -1.3249 -1.5206, 2.0566 -1.3277 -1.5131, 1.8671 -0.7507 -1.5048, 2.1234 -0.4501 -1.5048, 1.6357 -0.8683 -1.504, 1.7537 -0.8198 -1.5048, 1.6359 -0.8685 -1.5048, 1.6365 -0.869 -1.5076, 1.755 -0.8224 -1.5131, 1.6387 -0.8708 -1.5131, 1.7571 -0.8266 -1.5206, 1.6409 -0.8726 -1.5178, 1.6396 -0.8715 -1.5154, 1.6559 -0.8847 -1.5318, 1.6555 -0.8844 -1.5315, 1.7633 -0.8388 -1.5315, 1.6479 -0.8783 -1.5263, 1.7599 -0.8322 -1.5268, 1.6464 -0.8771 -1.5249, 1.643 -0.8743 -1.5204, 1.6579 -0.8863 -1.5327, 1.767 -0.8463 -1.5344, 1.6633 -0.8905 -1.5341, 1.6708 -0.8963 -1.5354, 1.6677 -0.894 -1.5352, 1.6633 -0.8905 -1.5341, 2.1498 -0.4635 -1.5344, 2.1424 -0.4597 -1.5315, 2.1357 -0.4563 -1.5268, 2.1302 -0.4535 -1.5206, 2.126 -0.4514 -1.5131, 1.9891 -0.6855 -1.5344, 1.8844 -0.7747 -1.5344, 1.9832 -0.6796 -1.5315, 1.8796 -0.768 -1.5315, 1.9779 -0.6744 -1.5268, 1.8752 -0.7619 -1.5268, 1.9735 -0.6699 -1.5206, 1.8715 -0.7569 -1.5206, 1.9702 -0.6666 -1.5131, 1.8688 -0.7531 -1.5131, 1.9681 -0.6646 -1.5048, 2.0543 -0.5635 -1.5048, 2.0566 -0.5652 -1.5131, 2.0604 -0.568 -1.5206, 2.0655 -0.5716 -1.5268, 2.0715 -0.576 -1.5315, 2.0783 -0.5809 -1.5344, 1.6605 -0.9465 -1.5344, 1.6522 -0.9465 -1.5315, 1.6447 -0.9465 -1.5268, 1.6555 -0.8844 -1.5315, 1.6385 -0.9465 -1.5206, 1.643 -0.8743 -1.5204, 1.6338 -0.9465 -1.5131, 1.6309 -0.9465 -1.5048, 1.6387 -0.8708 -1.5131, 1.6387 -1.0221 -1.513, 1.6485 -1.0141 -1.5268
            ]
        }
        coordIndex [
            0,1,2,-1,3,0,4,-1,4,0,2,-1,4,2,5,-1,1,0,6,-1,6,0,7,-1,8,9,10,-1,10,11,8,-1,8,11,12,-1,8,12,7,-1,7,12,13,-1,7,13,6,-1,6,13,14,-1,6,14,11,-1,11,14,15,-1,11,15,12,-1,16,17,18,-1,18,17,19,-1,20,21,7,-1,7,21,22,-1,23,8,16,-1,16,8,7,-1,16,7,17,-1,17,7,22,-1,24,25,26,-1,26,25,20,-1,20,25,27,-1,20,27,28,-1,29,30,31,-1,32,33,34,-1,34,33,35,-1,36,37,38,-1,33,39,35,-1,35,39,38,-1,35,38,40,-1,40,38,37,-1,40,37,41,-1,42,36,43,-1,44,34,45,-1,45,34,46,-1,45,46,47,-1,38,32,36,-1,36,32,34,-1,36,34,43,-1,43,34,44,-1,48,49,46,-1,46,49,50,-1,43,47,42,-1,42,47,46,-1,42,46,51,-1,51,46,50,-1,52,42,53,-1,53,42,51,-1,53,51,54,-1,54,51,55,-1,56,57,48,-1,48,57,58,-1,48,58,59,-1,60,61,59,-1,59,61,54,-1,59,54,48,-1,48,54,55,-1,48,55,49,-1,29,62,63,-1,63,62,64,-1,65,26,66,-1,66,26,67,-1,66,67,64,-1,65,62,26,-1,26,62,29,-1,26,29,24,-1,24,29,31,-1,24,31,28,-1,28,31,18,-1,28,18,20,-1,20,18,19,-1,20,19,21,-1,64,67,63,-1,63,67,68,-1,63,68,40,-1,40,68,69,-1,40,69,35,-1,35,69,70,-1,35,70,67,-1,67,70,71,-1,67,71,68,-1,0,3,7,-1,7,3,72,-1,7,72,20,-1,20,72,73,-1,20,73,26,-1,26,73,74,-1,26,74,67,-1,67,74,75,-1,67,75,35,-1,35,75,76,-1,35,76,34,-1,34,76,77,-1,34,77,46,-1,46,77,78,-1,46,78,48,-1,48,78,79,-1,48,79,56,-1,56,79,80,-1,81,61,82,-1,82,61,60,-1,83,57,56,-1,56,80,83,-1,83,80,84,-1,83,84,85,-1,86,84,80,-1,87,88,89,-1,89,88,90,-1,89,90,5,-1,5,90,4,-1,85,84,91,-1,91,84,86,-1,91,86,92,-1,92,86,93,-1,92,93,94,-1,94,93,95,-1,94,95,96,-1,96,95,97,-1,96,97,98,-1,98,97,99,-1,98,99,100,-1,100,99,101,-1,100,101,87,-1,72,102,103,-1,102,72,104,-1,104,72,3,-1,104,3,105,-1,105,3,4,-1,105,4,103,-1,103,4,90,-1,103,90,72,-1,73,106,107,-1,74,73,108,-1,108,109,74,-1,74,109,110,-1,74,110,101,-1,87,101,88,-1,88,101,110,-1,88,110,111,-1,106,73,112,-1,112,73,72,-1,112,72,113,-1,113,72,90,-1,113,90,107,-1,107,90,88,-1,107,88,73,-1,73,88,111,-1,73,111,108,-1,75,114,115,-1,114,75,116,-1,116,75,74,-1,116,74,117,-1,117,74,101,-1,117,101,115,-1,115,101,99,-1,115,99,75,-1,76,118,119,-1,118,76,120,-1,120,76,75,-1,120,75,121,-1,121,75,99,-1,121,99,119,-1,119,99,97,-1,119,97,76,-1,77,122,123,-1,122,77,124,-1,124,77,76,-1,124,76,125,-1,125,76,97,-1,125,97,123,-1,123,97,95,-1,123,95,77,-1,78,126,127,-1,126,78,128,-1,128,78,77,-1,128,77,129,-1,129,77,95,-1,129,95,127,-1,127,95,93,-1,127,93,78,-1,80,79,86,-1,86,79,130,-1,86,130,93,-1,93,130,131,-1,93,131,78,-1,78,131,132,-1,78,132,79,-1,79,132,133,-1,79,133,130,-1,134,135,136,-1,136,135,137,-1,138,139,140,-1,141,142,143,-1,144,145,146,-1,147,148,149,-1,150,151,152,-1,151,153,154,-1,155,156,157,-1,158,159,160,-1,161,162,163,-1,164,165,166,-1,166,165,167,-1,166,167,168,-1,168,167,169,-1,168,169,170,-1,170,169,171,-1,170,171,157,-1,160,159,172,-1,172,159,173,-1,172,173,174,-1,174,173,145,-1,174,145,175,-1,175,145,144,-1,175,144,176,-1,176,144,177,-1,176,177,178,-1,178,177,179,-1,178,179,180,-1,181,182,183,-1,183,182,184,-1,185,186,187,-1,187,186,188,-1,189,190,191,-1,191,190,192,-1,191,192,193,-1,193,192,194,-1,193,194,195,-1,196,197,198,-1,199,170,200,-1,200,170,157,-1,200,157,201,-1,201,157,156,-1,201,156,202,-1,202,156,203,-1,202,203,204,-1,204,203,205,-1,204,205,206,-1,206,205,207,-1,206,207,208,-1,208,207,209,-1,208,209,210,-1,211,212,179,-1,179,212,213,-1,179,213,157,-1,157,213,214,-1,157,214,155,-1,211,179,215,-1,215,179,177,-1,215,177,216,-1,217,150,218,-1,219,220,221,-1,221,220,222,-1,220,223,222,-1,222,223,224,-1,222,224,225,-1,225,224,226,-1,226,224,227,-1,226,227,228,-1,228,227,229,-1,228,229,230,-1,230,229,231,-1,231,229,232,-1,231,232,233,-1,233,232,234,-1,233,234,235,-1,235,234,236,-1,235,236,237,-1,237,236,238,-1,237,238,239,-1,239,238,240,-1,239,240,241,-1,241,240,242,-1,241,242,243,-1,238,244,240,-1,240,244,245,-1,240,245,246,-1,246,245,247,-1,221,217,219,-1,219,217,218,-1,219,218,248,-1,248,218,249,-1,249,218,250,-1,250,218,251,-1,250,251,252,-1,253,254,255,-1,255,254,256,-1,255,256,251,-1,251,256,257,-1,251,257,252,-1,253,255,258,-1,258,255,259,-1,258,259,260,-1,247,261,246,-1,246,261,262,-1,246,262,263,-1,263,262,264,-1,263,264,265,-1,266,267,268,-1,268,267,269,-1,268,269,270,-1,271,272,273,-1,273,272,274,-1,273,274,275,-1,275,274,276,-1,275,276,277,-1,278,279,280,-1,280,279,281,-1,282,283,284,-1,284,285,282,-1,282,285,263,-1,282,263,286,-1,286,263,265,-1,281,279,287,-1,287,279,288,-1,287,288,289,-1,290,291,292,-1,291,290,293,-1,240,294,242,-1,242,294,295,-1,242,295,292,-1,292,295,296,-1,292,296,290,-1,297,173,298,-1,298,173,159,-1,298,159,299,-1,299,159,158,-1,299,158,300,-1,300,158,301,-1,300,301,164,-1,164,301,163,-1,164,163,165,-1,165,163,162,-1,290,147,293,-1,293,147,149,-1,293,149,302,-1,302,149,303,-1,302,303,304,-1,304,303,288,-1,304,288,305,-1,305,288,279,-1,305,279,306,-1,306,279,278,-1,306,278,307,-1,307,278,308,-1,307,308,309,-1,309,308,310,-1,309,310,311,-1,311,310,312,-1,311,312,297,-1,160,313,158,-1,158,313,180,-1,158,180,301,-1,301,180,179,-1,301,179,163,-1,163,179,157,-1,163,157,161,-1,161,157,171,-1,280,284,278,-1,278,284,283,-1,278,283,308,-1,308,283,314,-1,308,314,310,-1,310,314,315,-1,310,315,312,-1,312,315,316,-1,148,294,149,-1,149,294,240,-1,149,240,303,-1,303,240,246,-1,303,246,288,-1,288,246,263,-1,288,263,289,-1,289,263,285,-1,243,242,317,-1,317,242,292,-1,317,292,318,-1,318,292,291,-1,318,291,319,-1,146,183,144,-1,144,183,184,-1,144,184,177,-1,177,184,320,-1,177,320,216,-1,321,322,316,-1,286,260,282,-1,282,260,259,-1,282,259,283,-1,283,259,323,-1,283,323,314,-1,314,323,324,-1,314,324,315,-1,210,209,325,-1,325,209,326,-1,325,326,327,-1,327,326,328,-1,327,328,329,-1,329,328,189,-1,329,189,198,-1,198,189,191,-1,198,191,196,-1,196,191,330,-1,196,330,331,-1,195,185,193,-1,193,185,187,-1,193,187,332,-1,332,187,333,-1,332,333,138,-1,188,181,187,-1,187,181,183,-1,187,183,333,-1,333,183,334,-1,333,334,335,-1,335,334,336,-1,335,336,146,-1,146,336,337,-1,146,337,183,-1,183,337,338,-1,183,338,334,-1,339,322,340,-1,340,322,321,-1,340,321,341,-1,342,343,323,-1,323,343,324,-1,324,343,344,-1,324,344,345,-1,316,315,321,-1,321,315,324,-1,321,324,341,-1,341,324,345,-1,341,345,346,-1,251,276,255,-1,255,276,274,-1,255,274,259,-1,259,274,272,-1,259,272,323,-1,323,272,346,-1,323,346,342,-1,342,346,345,-1,347,348,349,-1,348,347,350,-1,350,347,276,-1,350,276,351,-1,351,276,251,-1,351,251,349,-1,349,251,218,-1,349,218,347,-1,352,353,331,-1,143,142,330,-1,330,142,354,-1,330,354,355,-1,331,330,352,-1,352,330,355,-1,352,355,356,-1,355,141,356,-1,356,141,143,-1,356,143,357,-1,358,138,359,-1,359,138,333,-1,359,333,360,-1,360,333,335,-1,360,335,361,-1,361,335,139,-1,361,139,358,-1,358,139,138,-1,297,312,173,-1,173,312,316,-1,173,316,145,-1,145,316,322,-1,145,322,146,-1,146,322,339,-1,146,339,335,-1,335,339,362,-1,335,362,139,-1,363,362,364,-1,364,362,339,-1,364,339,365,-1,365,339,340,-1,365,340,366,-1,366,340,367,-1,366,367,363,-1,363,367,362,-1,368,369,341,-1,341,369,340,-1,340,369,370,-1,340,370,367,-1,367,370,371,-1,367,371,372,-1,271,267,272,-1,272,267,266,-1,272,266,346,-1,346,266,373,-1,346,373,341,-1,341,373,372,-1,341,372,368,-1,368,372,371,-1,347,374,276,-1,276,374,270,-1,276,270,277,-1,277,270,269,-1,356,375,352,-1,352,375,376,-1,352,376,353,-1,353,376,377,-1,378,379,357,-1,357,379,356,-1,356,379,380,-1,356,380,375,-1,375,380,381,-1,375,381,382,-1,381,378,382,-1,382,378,357,-1,382,357,383,-1,140,383,138,-1,138,383,357,-1,138,357,332,-1,332,357,143,-1,332,143,193,-1,193,143,384,-1,193,384,191,-1,191,384,385,-1,191,385,330,-1,330,385,386,-1,330,386,143,-1,143,386,387,-1,143,387,384,-1,388,389,362,-1,362,389,139,-1,139,389,390,-1,139,390,140,-1,140,390,391,-1,140,391,392,-1,367,393,362,-1,362,393,392,-1,362,392,388,-1,388,392,391,-1,394,393,395,-1,395,393,367,-1,395,367,396,-1,396,367,372,-1,396,372,397,-1,397,372,398,-1,397,398,394,-1,394,398,393,-1,399,400,373,-1,373,400,372,-1,372,400,401,-1,372,401,398,-1,398,401,402,-1,398,402,403,-1,270,404,268,-1,268,404,405,-1,268,405,266,-1,266,405,406,-1,266,406,373,-1,373,406,403,-1,373,403,399,-1,399,403,402,-1,407,404,408,-1,408,404,270,-1,408,270,409,-1,409,270,374,-1,409,374,410,-1,410,374,411,-1,410,411,407,-1,407,411,404,-1,150,152,218,-1,218,152,412,-1,218,412,347,-1,347,412,413,-1,347,413,374,-1,374,413,414,-1,374,414,411,-1,151,154,152,-1,152,154,415,-1,152,415,412,-1,412,415,416,-1,412,416,413,-1,413,416,417,-1,413,417,414,-1,418,419,420,-1,420,419,421,-1,422,423,424,-1,424,423,425,-1,424,425,426,-1,427,428,82,-1,82,428,83,-1,426,81,424,-1,424,81,82,-1,424,82,420,-1,420,82,83,-1,420,83,85,-1,2,137,418,-1,85,91,420,-1,420,91,92,-1,420,92,94,-1,429,137,430,-1,430,137,2,-1,430,2,431,-1,431,2,432,-1,433,136,434,-1,434,136,137,-1,434,137,435,-1,435,137,429,-1,94,96,420,-1,420,96,98,-1,420,98,418,-1,418,98,100,-1,418,100,87,-1,87,89,418,-1,418,89,5,-1,418,5,2,-1,353,377,419,-1,436,197,196,-1,436,419,437,-1,437,419,418,-1,437,418,135,-1,135,418,137,-1,436,196,419,-1,419,196,331,-1,419,331,353,-1,135,166,168,-1,135,168,437,-1,437,168,170,-1,437,170,199,-1,417,421,377,-1,377,421,419,-1,438,424,420,-1,154,153,439,-1,421,417,416,-1,154,439,415,-1,243,317,440,-1,440,317,318,-1,416,415,421,-1,421,415,439,-1,421,439,420,-1,420,439,440,-1,420,440,438,-1,438,440,318,-1,438,318,319,-1,422,424,441,-1,441,424,438,-1,297,298,134,-1,305,306,441,-1,438,319,291,-1,298,299,134,-1,134,299,300,-1,134,300,135,-1,135,300,164,-1,135,164,166,-1,291,293,438,-1,438,293,302,-1,438,302,441,-1,441,302,304,-1,441,304,305,-1,306,307,441,-1,441,307,309,-1,441,309,134,-1,134,309,311,-1,134,311,297,-1,442,443,444,-1,444,443,445,-1,444,445,446,-1,447,249,448,-1,448,249,250,-1,448,250,449,-1,450,229,451,-1,451,229,227,-1,451,227,452,-1,453,247,454,-1,454,247,245,-1,454,245,455,-1,260,456,445,-1,445,456,457,-1,445,457,446,-1,458,459,456,-1,456,459,460,-1,456,460,457,-1,461,462,463,-1,463,462,464,-1,463,464,458,-1,458,464,465,-1,458,465,459,-1,461,463,466,-1,466,463,247,-1,466,247,453,-1,442,467,443,-1,443,467,468,-1,443,468,258,-1,449,250,469,-1,469,250,470,-1,469,470,471,-1,471,470,472,-1,472,470,473,-1,472,473,474,-1,467,475,468,-1,468,475,476,-1,468,476,473,-1,473,476,477,-1,473,477,474,-1,452,227,478,-1,478,227,223,-1,478,223,479,-1,479,223,480,-1,480,223,220,-1,480,220,481,-1,481,220,482,-1,482,220,248,-1,482,248,483,-1,483,248,484,-1,484,248,249,-1,484,249,447,-1,455,245,485,-1,485,245,244,-1,485,244,486,-1,486,244,487,-1,487,244,236,-1,487,236,488,-1,488,236,489,-1,489,236,234,-1,489,234,490,-1,490,234,491,-1,491,234,229,-1,491,229,450,-1,492,493,494,-1,495,496,497,-1,498,499,500,-1,500,499,501,-1,500,501,502,-1,495,497,503,-1,503,497,504,-1,503,504,501,-1,501,504,505,-1,501,505,506,-1,496,507,508,-1,502,501,509,-1,509,501,506,-1,509,506,494,-1,494,506,510,-1,494,510,492,-1,498,511,499,-1,499,511,512,-1,499,512,513,-1,514,515,516,-1,508,517,496,-1,496,517,518,-1,496,518,519,-1,507,496,520,-1,520,496,495,-1,520,495,521,-1,521,495,514,-1,521,514,522,-1,522,514,516,-1,522,516,523,-1,471,472,524,-1,477,476,525,-1,475,467,526,-1,449,469,527,-1,527,469,528,-1,527,528,529,-1,529,528,530,-1,530,528,531,-1,531,528,532,-1,531,532,533,-1,534,535,536,-1,536,535,537,-1,536,537,532,-1,532,537,538,-1,532,538,533,-1,534,536,539,-1,539,536,540,-1,539,540,541,-1,542,543,544,-1,544,543,545,-1,544,545,540,-1,540,545,546,-1,540,546,541,-1,494,493,547,-1,547,493,548,-1,548,549,547,-1,547,549,550,-1,547,550,544,-1,544,550,551,-1,544,551,542,-1,552,511,498,-1,553,554,555,-1,555,554,556,-1,555,556,498,-1,498,556,557,-1,498,557,552,-1,558,559,553,-1,553,559,560,-1,553,560,554,-1,561,562,558,-1,558,562,563,-1,558,563,559,-1,564,565,561,-1,561,565,566,-1,561,566,562,-1,567,568,526,-1,526,568,569,-1,526,569,564,-1,564,569,570,-1,564,570,565,-1,567,526,571,-1,571,526,467,-1,571,467,442,-1,498,500,555,-1,555,500,572,-1,555,572,553,-1,553,572,573,-1,553,573,558,-1,558,573,574,-1,558,574,561,-1,561,574,575,-1,561,575,564,-1,564,575,576,-1,564,576,526,-1,526,576,525,-1,526,525,475,-1,475,525,476,-1,474,477,577,-1,577,477,525,-1,577,525,578,-1,578,525,576,-1,578,576,579,-1,579,576,575,-1,579,575,580,-1,580,575,574,-1,580,574,581,-1,581,574,573,-1,581,573,582,-1,582,573,572,-1,582,572,502,-1,502,572,500,-1,502,509,582,-1,582,509,583,-1,582,583,581,-1,581,583,584,-1,581,584,580,-1,580,584,585,-1,580,585,579,-1,579,585,586,-1,579,586,578,-1,578,586,587,-1,578,587,577,-1,577,587,524,-1,577,524,474,-1,474,524,472,-1,509,494,583,-1,583,494,547,-1,583,547,584,-1,584,547,544,-1,584,544,585,-1,585,544,540,-1,585,540,586,-1,586,540,536,-1,586,536,587,-1,587,536,532,-1,587,532,524,-1,524,532,528,-1,524,528,471,-1,471,528,469,-1,447,448,588,-1,588,448,589,-1,590,591,589,-1,589,591,592,-1,589,592,588,-1,593,594,590,-1,590,594,595,-1,590,595,591,-1,596,597,593,-1,593,597,598,-1,593,598,594,-1,599,600,601,-1,601,600,602,-1,601,602,593,-1,593,602,603,-1,593,603,596,-1,492,510,604,-1,604,510,605,-1,605,606,604,-1,604,606,607,-1,604,607,601,-1,601,607,608,-1,601,608,599,-1,493,492,548,-1,548,492,604,-1,548,604,549,-1,549,604,550,-1,601,546,545,-1,545,543,601,-1,601,543,542,-1,601,542,604,-1,604,542,551,-1,604,551,550,-1,546,601,541,-1,541,601,593,-1,541,593,539,-1,538,537,590,-1,590,537,535,-1,590,535,593,-1,593,535,534,-1,593,534,539,-1,538,590,533,-1,533,590,589,-1,533,589,531,-1,449,527,448,-1,448,527,529,-1,448,529,589,-1,589,529,530,-1,589,530,531,-1,609,610,611,-1,612,613,614,-1,613,612,615,-1,615,612,616,-1,615,616,617,-1,618,619,620,-1,620,619,621,-1,620,621,616,-1,616,621,622,-1,616,622,617,-1,623,624,625,-1,625,624,626,-1,625,626,618,-1,610,627,611,-1,611,627,628,-1,611,628,623,-1,623,628,629,-1,623,629,624,-1,444,446,609,-1,609,611,444,-1,444,611,571,-1,444,571,442,-1,569,568,611,-1,611,568,567,-1,611,567,571,-1,569,611,630,-1,630,611,623,-1,630,623,565,-1,565,623,625,-1,565,625,566,-1,618,620,625,-1,625,620,562,-1,625,562,566,-1,554,560,616,-1,616,560,559,-1,616,559,620,-1,620,559,631,-1,620,631,562,-1,511,612,512,-1,512,612,614,-1,512,614,513,-1,511,552,612,-1,612,552,557,-1,612,557,616,-1,616,557,556,-1,616,556,554,-1,479,480,632,-1,483,484,633,-1,452,478,634,-1,634,478,635,-1,634,635,636,-1,636,635,637,-1,637,635,638,-1,637,638,639,-1,639,638,640,-1,640,638,641,-1,640,641,642,-1,643,644,641,-1,641,644,645,-1,641,645,642,-1,646,647,643,-1,643,647,648,-1,643,648,644,-1,646,643,649,-1,649,643,650,-1,649,650,651,-1,496,519,650,-1,650,519,652,-1,652,653,650,-1,650,653,654,-1,650,654,651,-1,605,510,506,-1,605,506,606,-1,600,599,655,-1,655,599,608,-1,655,608,506,-1,506,608,607,-1,506,607,606,-1,656,597,657,-1,657,597,596,-1,657,596,658,-1,658,596,603,-1,658,603,655,-1,655,603,602,-1,655,602,600,-1,656,657,594,-1,594,657,659,-1,594,659,595,-1,595,659,591,-1,591,659,633,-1,591,633,592,-1,592,633,588,-1,588,633,484,-1,588,484,447,-1,482,483,660,-1,660,483,633,-1,660,633,661,-1,661,633,659,-1,661,659,662,-1,662,659,657,-1,662,657,663,-1,663,657,658,-1,663,658,664,-1,664,658,655,-1,664,655,505,-1,505,655,506,-1,505,504,664,-1,664,504,665,-1,664,665,663,-1,663,665,666,-1,663,666,662,-1,662,666,667,-1,662,667,661,-1,661,667,668,-1,661,668,660,-1,660,668,669,-1,660,669,482,-1,482,669,481,-1,504,497,665,-1,665,497,670,-1,665,670,666,-1,666,670,671,-1,666,671,667,-1,667,671,672,-1,667,672,668,-1,668,672,673,-1,668,673,669,-1,669,673,632,-1,669,632,481,-1,481,632,480,-1,497,496,670,-1,670,496,650,-1,670,650,671,-1,671,650,643,-1,671,643,672,-1,672,643,641,-1,672,641,673,-1,673,641,638,-1,673,638,632,-1,632,638,635,-1,632,635,479,-1,479,635,478,-1,460,459,674,-1,461,466,675,-1,515,514,676,-1,676,514,677,-1,676,677,678,-1,678,677,679,-1,679,677,680,-1,679,680,681,-1,682,683,684,-1,684,683,685,-1,684,685,680,-1,680,685,686,-1,680,686,681,-1,682,684,687,-1,687,684,688,-1,687,688,689,-1,690,691,688,-1,688,691,692,-1,688,692,689,-1,675,693,694,-1,694,695,675,-1,675,695,696,-1,675,696,690,-1,690,696,697,-1,690,697,691,-1,693,675,698,-1,698,675,466,-1,698,466,453,-1,446,457,609,-1,609,457,699,-1,609,699,610,-1,700,628,699,-1,699,628,627,-1,699,627,610,-1,701,624,700,-1,700,624,702,-1,700,702,628,-1,703,618,701,-1,701,618,626,-1,701,626,624,-1,704,621,703,-1,703,621,705,-1,703,705,618,-1,613,615,706,-1,706,615,617,-1,706,617,704,-1,704,617,622,-1,704,622,621,-1,613,706,614,-1,614,706,499,-1,614,499,513,-1,503,501,707,-1,707,501,708,-1,707,708,709,-1,709,708,710,-1,709,710,711,-1,711,710,712,-1,711,712,713,-1,713,712,714,-1,713,714,715,-1,715,714,716,-1,715,716,717,-1,717,716,674,-1,462,461,718,-1,718,461,675,-1,718,675,719,-1,719,675,690,-1,719,690,720,-1,720,690,688,-1,720,688,721,-1,721,688,684,-1,721,684,722,-1,722,684,680,-1,722,680,723,-1,723,680,677,-1,723,677,495,-1,495,677,514,-1,495,503,723,-1,723,503,707,-1,723,707,722,-1,722,707,709,-1,722,709,721,-1,721,709,711,-1,721,711,720,-1,720,711,713,-1,720,713,719,-1,719,713,715,-1,719,715,718,-1,718,715,717,-1,718,717,462,-1,462,717,464,-1,674,459,717,-1,717,459,465,-1,717,465,464,-1,457,460,699,-1,699,460,674,-1,699,674,700,-1,700,674,716,-1,700,716,701,-1,701,716,714,-1,701,714,703,-1,703,714,712,-1,703,712,704,-1,704,712,710,-1,704,710,706,-1,706,710,708,-1,706,708,499,-1,499,708,501,-1,450,451,724,-1,724,451,725,-1,726,727,725,-1,725,727,728,-1,725,728,724,-1,729,730,726,-1,726,730,731,-1,726,731,727,-1,732,733,729,-1,729,733,734,-1,729,734,730,-1,735,736,737,-1,737,736,738,-1,737,738,729,-1,729,738,739,-1,729,739,732,-1,517,740,741,-1,740,742,741,-1,741,742,743,-1,741,743,737,-1,737,743,744,-1,737,744,735,-1,653,652,741,-1,517,741,518,-1,518,741,652,-1,518,652,519,-1,646,649,737,-1,737,649,651,-1,737,651,741,-1,741,651,654,-1,741,654,653,-1,729,745,645,-1,645,644,729,-1,729,644,648,-1,729,648,737,-1,737,648,647,-1,737,647,646,-1,745,729,640,-1,640,729,726,-1,640,726,639,-1,639,726,637,-1,637,726,725,-1,637,725,636,-1,636,725,634,-1,634,725,451,-1,634,451,452,-1,686,685,746,-1,698,453,454,-1,747,523,516,-1,748,749,746,-1,746,749,750,-1,746,750,751,-1,751,750,752,-1,751,752,747,-1,753,754,755,-1,755,754,756,-1,755,756,746,-1,746,756,757,-1,746,757,748,-1,758,759,755,-1,755,759,760,-1,755,760,753,-1,761,762,763,-1,763,762,764,-1,763,764,758,-1,758,764,765,-1,758,765,759,-1,761,763,766,-1,766,763,454,-1,766,454,455,-1,696,695,763,-1,763,695,694,-1,763,694,454,-1,454,694,693,-1,454,693,698,-1,755,692,758,-1,758,692,691,-1,758,691,763,-1,763,691,697,-1,763,697,696,-1,746,685,755,-1,755,685,683,-1,755,683,682,-1,682,687,755,-1,755,687,689,-1,755,689,692,-1,676,678,751,-1,751,678,679,-1,751,679,746,-1,746,679,681,-1,746,681,686,-1,747,516,751,-1,751,516,515,-1,751,515,676,-1,486,487,767,-1,490,491,768,-1,455,485,766,-1,766,485,769,-1,766,769,761,-1,761,769,762,-1,762,769,764,-1,764,769,770,-1,764,770,765,-1,765,770,759,-1,759,770,771,-1,759,771,772,-1,757,756,773,-1,773,756,754,-1,773,754,771,-1,771,754,753,-1,771,753,772,-1,752,750,774,-1,774,750,749,-1,774,749,773,-1,773,749,748,-1,773,748,757,-1,752,774,747,-1,747,774,522,-1,747,522,523,-1,740,517,508,-1,740,508,742,-1,736,735,775,-1,775,735,744,-1,775,744,508,-1,508,744,743,-1,508,743,742,-1,776,733,777,-1,777,733,732,-1,777,732,778,-1,778,732,739,-1,778,739,775,-1,775,739,738,-1,775,738,736,-1,776,777,730,-1,730,777,779,-1,730,779,731,-1,731,779,727,-1,727,779,768,-1,727,768,728,-1,728,768,724,-1,724,768,491,-1,724,491,450,-1,489,490,780,-1,780,490,768,-1,780,768,781,-1,781,768,779,-1,781,779,782,-1,782,779,777,-1,782,777,783,-1,783,777,778,-1,783,778,784,-1,784,778,775,-1,784,775,507,-1,507,775,508,-1,507,520,784,-1,784,520,785,-1,784,785,783,-1,783,785,786,-1,783,786,782,-1,782,786,787,-1,782,787,781,-1,781,787,788,-1,781,788,780,-1,780,788,789,-1,780,789,489,-1,489,789,488,-1,520,521,785,-1,785,521,790,-1,785,790,786,-1,786,790,791,-1,786,791,787,-1,787,791,792,-1,787,792,788,-1,788,792,793,-1,788,793,789,-1,789,793,767,-1,789,767,488,-1,488,767,487,-1,521,522,790,-1,790,522,774,-1,790,774,791,-1,791,774,773,-1,791,773,792,-1,792,773,771,-1,792,771,793,-1,793,771,770,-1,793,770,767,-1,767,770,769,-1,767,769,486,-1,486,769,485,-1,443,258,445,-1,445,258,260,-1,794,214,795,-1,795,214,213,-1,795,213,796,-1,797,798,799,-1,799,798,800,-1,799,800,801,-1,802,194,803,-1,803,194,192,-1,803,192,804,-1,805,209,806,-1,806,209,207,-1,806,207,807,-1,797,808,798,-1,798,808,809,-1,798,809,184,-1,796,213,810,-1,810,213,811,-1,810,811,812,-1,812,811,813,-1,813,811,814,-1,813,814,815,-1,808,816,809,-1,809,816,817,-1,809,817,814,-1,814,817,818,-1,814,818,815,-1,182,819,800,-1,800,819,820,-1,800,820,801,-1,821,822,819,-1,819,822,823,-1,819,823,820,-1,824,825,826,-1,826,825,827,-1,826,827,821,-1,821,827,828,-1,821,828,822,-1,824,826,829,-1,829,826,194,-1,829,194,802,-1,804,192,830,-1,830,192,190,-1,830,190,831,-1,831,190,832,-1,832,190,328,-1,832,328,833,-1,833,328,834,-1,834,328,326,-1,834,326,835,-1,835,326,836,-1,836,326,209,-1,836,209,805,-1,807,207,837,-1,837,207,205,-1,837,205,838,-1,838,205,839,-1,839,205,203,-1,839,203,840,-1,840,203,841,-1,841,203,155,-1,841,155,842,-1,842,155,843,-1,843,155,214,-1,843,214,794,-1,844,845,846,-1,847,848,849,-1,850,851,852,-1,853,846,854,-1,854,846,845,-1,854,845,855,-1,856,855,857,-1,857,855,845,-1,857,845,849,-1,849,845,858,-1,849,858,847,-1,859,860,853,-1,853,860,861,-1,853,861,846,-1,856,862,855,-1,855,862,863,-1,855,863,852,-1,852,863,864,-1,852,864,850,-1,865,866,867,-1,867,866,868,-1,867,868,846,-1,846,868,869,-1,846,869,844,-1,859,870,860,-1,860,870,871,-1,860,871,872,-1,865,873,866,-1,866,873,874,-1,866,874,875,-1,876,877,878,-1,879,805,806,-1,880,848,847,-1,881,882,883,-1,883,882,884,-1,883,884,885,-1,885,884,886,-1,885,886,880,-1,887,888,889,-1,889,888,890,-1,890,891,889,-1,889,891,892,-1,889,892,883,-1,883,892,893,-1,883,893,881,-1,894,895,896,-1,896,895,887,-1,897,898,878,-1,878,898,899,-1,877,879,878,-1,878,879,806,-1,878,806,897,-1,897,806,807,-1,900,876,896,-1,896,876,878,-1,896,878,894,-1,894,878,899,-1,887,889,896,-1,896,889,901,-1,896,901,900,-1,902,903,889,-1,889,903,904,-1,889,904,901,-1,905,906,883,-1,883,906,907,-1,883,907,889,-1,889,907,908,-1,889,908,902,-1,880,847,885,-1,885,847,858,-1,885,858,909,-1,909,910,885,-1,885,910,911,-1,885,911,883,-1,883,911,912,-1,883,912,905,-1,838,839,913,-1,842,843,914,-1,915,864,863,-1,916,917,918,-1,918,919,916,-1,916,919,920,-1,916,920,863,-1,863,920,921,-1,863,921,915,-1,917,916,922,-1,922,916,923,-1,922,923,924,-1,924,923,925,-1,924,925,926,-1,927,928,925,-1,925,928,929,-1,925,929,926,-1,930,931,914,-1,914,931,932,-1,914,932,927,-1,927,932,933,-1,927,933,928,-1,930,914,934,-1,934,914,843,-1,934,843,794,-1,807,837,897,-1,897,837,935,-1,897,935,898,-1,898,935,899,-1,899,935,894,-1,894,935,936,-1,894,936,895,-1,895,936,887,-1,887,936,937,-1,887,937,938,-1,893,892,939,-1,939,892,891,-1,939,891,937,-1,937,891,890,-1,937,890,938,-1,886,884,940,-1,940,884,882,-1,940,882,939,-1,939,882,881,-1,939,881,893,-1,886,940,880,-1,880,940,849,-1,880,849,848,-1,841,842,941,-1,941,842,914,-1,941,914,942,-1,942,914,927,-1,942,927,943,-1,943,927,925,-1,943,925,944,-1,944,925,923,-1,944,923,945,-1,945,923,916,-1,945,916,862,-1,862,916,863,-1,862,856,945,-1,945,856,946,-1,945,946,944,-1,944,946,947,-1,944,947,943,-1,943,947,948,-1,943,948,942,-1,942,948,949,-1,942,949,941,-1,941,949,950,-1,941,950,841,-1,841,950,840,-1,856,857,946,-1,946,857,951,-1,946,951,947,-1,947,951,952,-1,947,952,948,-1,948,952,953,-1,948,953,949,-1,949,953,954,-1,949,954,950,-1,950,954,913,-1,950,913,840,-1,840,913,839,-1,857,849,951,-1,951,849,940,-1,951,940,952,-1,952,940,939,-1,952,939,953,-1,953,939,937,-1,953,937,954,-1,954,937,936,-1,954,936,913,-1,913,936,935,-1,913,935,838,-1,838,935,837,-1,831,832,955,-1,835,836,956,-1,804,830,957,-1,957,830,958,-1,957,958,959,-1,959,958,960,-1,960,958,961,-1,960,961,962,-1,962,961,963,-1,963,961,964,-1,963,964,965,-1,966,967,964,-1,964,967,968,-1,964,968,965,-1,969,970,966,-1,966,970,971,-1,966,971,967,-1,969,966,972,-1,972,966,973,-1,972,973,974,-1,866,875,973,-1,973,875,975,-1,975,976,973,-1,973,976,977,-1,973,977,974,-1,909,858,845,-1,909,845,910,-1,906,905,978,-1,978,905,912,-1,978,912,845,-1,845,912,911,-1,845,911,910,-1,979,903,980,-1,980,903,902,-1,980,902,981,-1,981,902,908,-1,981,908,978,-1,978,908,907,-1,978,907,906,-1,979,980,901,-1,901,980,982,-1,901,982,900,-1,900,982,876,-1,876,982,956,-1,876,956,877,-1,877,956,879,-1,879,956,836,-1,879,836,805,-1,834,835,983,-1,983,835,956,-1,983,956,984,-1,984,956,982,-1,984,982,985,-1,985,982,980,-1,985,980,986,-1,986,980,981,-1,986,981,987,-1,987,981,978,-1,987,978,844,-1,844,978,845,-1,844,869,987,-1,987,869,988,-1,987,988,986,-1,986,988,989,-1,986,989,985,-1,985,989,990,-1,985,990,984,-1,984,990,991,-1,984,991,983,-1,983,991,992,-1,983,992,834,-1,834,992,833,-1,869,868,988,-1,988,868,993,-1,988,993,989,-1,989,993,994,-1,989,994,990,-1,990,994,995,-1,990,995,991,-1,991,995,996,-1,991,996,992,-1,992,996,955,-1,992,955,833,-1,833,955,832,-1,868,866,993,-1,993,866,973,-1,993,973,994,-1,994,973,966,-1,994,966,995,-1,995,966,964,-1,995,964,996,-1,996,964,961,-1,996,961,955,-1,955,961,958,-1,955,958,831,-1,831,958,830,-1,931,930,997,-1,934,794,795,-1,998,999,1000,-1,1000,999,1001,-1,998,1000,1002,-1,1002,1000,1003,-1,1002,1003,1004,-1,1005,1006,1007,-1,1007,1006,1008,-1,1007,1008,1003,-1,1003,1008,1009,-1,1003,1009,1004,-1,1010,1011,1007,-1,1007,1011,1012,-1,1007,1012,1005,-1,1013,1014,997,-1,997,1014,1015,-1,1015,1016,997,-1,997,1016,1017,-1,997,1017,1010,-1,1010,1017,1018,-1,1010,1018,1011,-1,795,796,1019,-1,930,934,997,-1,997,934,795,-1,997,795,1013,-1,1013,795,1019,-1,1007,928,1010,-1,1010,928,933,-1,1010,933,997,-1,997,933,932,-1,997,932,931,-1,924,926,1007,-1,1007,926,1020,-1,1007,1020,928,-1,919,918,1003,-1,1003,918,917,-1,1003,917,1007,-1,1007,917,922,-1,1007,922,924,-1,864,1000,850,-1,850,1000,1001,-1,850,1001,851,-1,864,915,1000,-1,1000,915,921,-1,1000,921,1003,-1,1003,921,920,-1,1003,920,919,-1,1021,802,803,-1,1022,1023,1024,-1,1024,1023,1025,-1,1024,1025,1026,-1,1022,1027,1023,-1,1023,1027,1028,-1,1023,1028,803,-1,803,1028,1029,-1,803,1029,1021,-1,1030,1031,1032,-1,1032,1031,1033,-1,1033,1034,1032,-1,1032,1034,1035,-1,1032,1035,1025,-1,1025,1035,1036,-1,1025,1036,1026,-1,1037,1038,1030,-1,1030,1038,1039,-1,1039,1040,1030,-1,1030,1040,1041,-1,1030,1041,1031,-1,873,1042,1037,-1,1042,1043,1037,-1,1037,1043,1044,-1,1037,1044,1038,-1,976,975,1037,-1,873,1037,874,-1,874,1037,975,-1,874,975,875,-1,969,972,1030,-1,1030,972,974,-1,1030,974,1037,-1,1037,974,977,-1,1037,977,976,-1,1032,1045,968,-1,968,967,1032,-1,1032,967,971,-1,1032,971,1030,-1,1030,971,970,-1,1030,970,969,-1,1045,1032,963,-1,963,1032,1025,-1,963,1025,962,-1,962,1025,960,-1,960,1025,1023,-1,960,1023,959,-1,959,1023,957,-1,957,1023,803,-1,957,803,804,-1,812,813,1046,-1,818,817,1047,-1,816,808,1048,-1,1049,870,859,-1,1050,1051,1052,-1,1052,1051,1053,-1,1052,1053,859,-1,859,1053,1054,-1,859,1054,1049,-1,1055,1056,1050,-1,1050,1056,1057,-1,1050,1057,1051,-1,1058,1059,1055,-1,1055,1059,1060,-1,1055,1060,1056,-1,1061,1062,1058,-1,1058,1062,1063,-1,1058,1063,1059,-1,1064,1065,1048,-1,1048,1065,1066,-1,1048,1066,1061,-1,1061,1066,1067,-1,1061,1067,1062,-1,1064,1048,1068,-1,1068,1048,808,-1,1068,808,797,-1,796,810,1019,-1,1019,810,1069,-1,1015,1014,1069,-1,1069,1014,1013,-1,1069,1013,1019,-1,1015,1069,1016,-1,1016,1069,1070,-1,1016,1070,1017,-1,1017,1070,1018,-1,1018,1070,1071,-1,1018,1071,1011,-1,1008,1006,1072,-1,1072,1006,1005,-1,1072,1005,1071,-1,1071,1005,1012,-1,1071,1012,1011,-1,998,1002,1073,-1,1073,1002,1004,-1,1073,1004,1072,-1,1072,1004,1009,-1,1072,1009,1008,-1,998,1073,999,-1,999,1073,1074,-1,999,1074,1001,-1,1001,1074,852,-1,1001,852,851,-1,859,853,1052,-1,1052,853,1075,-1,1052,1075,1050,-1,1050,1075,1076,-1,1050,1076,1055,-1,1055,1076,1077,-1,1055,1077,1058,-1,1058,1077,1078,-1,1058,1078,1061,-1,1061,1078,1079,-1,1061,1079,1048,-1,1048,1079,1047,-1,1048,1047,816,-1,816,1047,817,-1,815,818,1080,-1,1080,818,1047,-1,1080,1047,1081,-1,1081,1047,1079,-1,1081,1079,1082,-1,1082,1079,1078,-1,1082,1078,1083,-1,1083,1078,1077,-1,1083,1077,1084,-1,1084,1077,1076,-1,1084,1076,1085,-1,1085,1076,1075,-1,1085,1075,854,-1,854,1075,853,-1,854,855,1085,-1,1085,855,1086,-1,1085,1086,1084,-1,1084,1086,1087,-1,1084,1087,1083,-1,1083,1087,1088,-1,1083,1088,1082,-1,1082,1088,1089,-1,1082,1089,1081,-1,1081,1089,1090,-1,1081,1090,1080,-1,1080,1090,1046,-1,1080,1046,815,-1,815,1046,813,-1,855,852,1086,-1,1086,852,1074,-1,1086,1074,1087,-1,1087,1074,1073,-1,1087,1073,1088,-1,1088,1073,1072,-1,1088,1072,1089,-1,1089,1072,1071,-1,1089,1071,1090,-1,1090,1071,1070,-1,1090,1070,1046,-1,1046,1070,1069,-1,1046,1069,812,-1,812,1069,810,-1,823,822,1091,-1,824,829,1092,-1,801,820,1093,-1,1093,820,1094,-1,1093,1094,1095,-1,1095,1094,1096,-1,1096,1094,1097,-1,1096,1097,1098,-1,1099,1100,1097,-1,1097,1100,1101,-1,1097,1101,1098,-1,1102,1103,1104,-1,1104,1103,1105,-1,1104,1105,1106,-1,1106,1105,1107,-1,1106,1107,1099,-1,1099,1107,1108,-1,1099,1108,1100,-1,1102,1104,1109,-1,1109,1104,1110,-1,1109,1110,1111,-1,860,872,1110,-1,1110,872,1112,-1,1112,1113,1110,-1,1110,1113,1114,-1,1110,1114,1111,-1,873,865,1042,-1,1042,865,1115,-1,1042,1115,1043,-1,1040,1039,1116,-1,1116,1039,1038,-1,1116,1038,1115,-1,1115,1038,1044,-1,1115,1044,1043,-1,1117,1031,1116,-1,1116,1031,1041,-1,1116,1041,1040,-1,1036,1035,1118,-1,1118,1035,1034,-1,1118,1034,1117,-1,1117,1034,1033,-1,1117,1033,1031,-1,1036,1118,1026,-1,1026,1118,1119,-1,1026,1119,1024,-1,1029,1028,1092,-1,1092,1028,1027,-1,1092,1027,1119,-1,1119,1027,1022,-1,1119,1022,1024,-1,1029,1092,1021,-1,1021,1092,829,-1,1021,829,802,-1,846,861,1120,-1,1120,861,1121,-1,1120,1121,1122,-1,1122,1121,1123,-1,1122,1123,1124,-1,1124,1123,1125,-1,1124,1125,1126,-1,1126,1125,1127,-1,1126,1127,1128,-1,1128,1127,1129,-1,1128,1129,1130,-1,1130,1129,1091,-1,825,824,1131,-1,1131,824,1092,-1,1131,1092,1132,-1,1132,1092,1119,-1,1132,1119,1133,-1,1133,1119,1118,-1,1133,1118,1134,-1,1134,1118,1117,-1,1134,1117,1135,-1,1135,1117,1116,-1,1135,1116,1136,-1,1136,1116,1115,-1,1136,1115,867,-1,867,1115,865,-1,867,846,1136,-1,1136,846,1120,-1,1136,1120,1135,-1,1135,1120,1122,-1,1135,1122,1134,-1,1134,1122,1124,-1,1134,1124,1133,-1,1133,1124,1126,-1,1133,1126,1132,-1,1132,1126,1128,-1,1132,1128,1131,-1,1131,1128,1130,-1,1131,1130,825,-1,825,1130,827,-1,1091,822,1130,-1,1130,822,828,-1,1130,828,827,-1,820,823,1094,-1,1094,823,1091,-1,1094,1091,1097,-1,1097,1091,1129,-1,1097,1129,1099,-1,1099,1129,1127,-1,1099,1127,1106,-1,1106,1127,1125,-1,1106,1125,1104,-1,1104,1125,1123,-1,1104,1123,1110,-1,1110,1123,1121,-1,1110,1121,860,-1,860,1121,861,-1,1112,1137,1113,-1,1113,1137,1114,-1,1114,1137,1111,-1,1111,1137,1138,-1,1111,1138,1109,-1,1107,1105,1139,-1,1139,1105,1140,-1,1139,1140,1138,-1,1138,1140,1102,-1,1138,1102,1109,-1,1141,1142,1107,-1,1142,1141,1100,-1,1100,1141,1143,-1,1100,1143,1101,-1,1093,1095,1144,-1,1144,1095,1096,-1,1144,1096,1143,-1,1143,1096,1145,-1,1143,1145,1101,-1,799,801,1093,-1,1093,1144,799,-1,799,1144,1068,-1,799,1068,797,-1,1066,1065,1144,-1,1144,1065,1064,-1,1144,1064,1068,-1,1066,1144,1146,-1,1146,1144,1143,-1,1146,1143,1062,-1,1062,1143,1141,-1,1062,1141,1063,-1,1107,1139,1141,-1,1141,1139,1059,-1,1141,1059,1063,-1,1051,1057,1138,-1,1138,1057,1056,-1,1138,1056,1139,-1,1139,1056,1147,-1,1139,1147,1059,-1,870,1137,871,-1,871,1137,1112,-1,871,1112,872,-1,870,1049,1137,-1,1137,1049,1054,-1,1137,1054,1138,-1,1138,1054,1053,-1,1138,1053,1051,-1,182,800,184,-1,184,800,798,-1,
        ]
    }
}
Shape{
    appearance Appearance {
        material  Material 	{
            diffuseColor 0.7529411764705882 0.7529411764705882 0.7529411764705882
            specularColor 0.3764705882352941 0.3764705882352941 0.3764705882352941
            ambientIntensity 0.7529
            transparency 0.0
            shininess 0.5
        }
    }
    geometry IndexedFaceSet {
        ccw TRUE
        solid FALSE
        coord DEF co Coordinate {
            point [
                -2.3386 0.6303 -0.9449, -2.3386 0.4925 -0.9449, -2.3386 0.6303 0.0394, -2.3386 0.4925 0.0394, -2.1614 0.6303 -0.9449, -2.1614 0.6303 0.0394, -2.1614 0.4925 -0.9449, -2.1614 0.4925 0.0394, 1.1614 0.1303 -0.9449, 1.1614 -0.0075 -0.9449, 1.1614 0.1303 0.0394, 1.1614 -0.0075 0.0394, 1.3386 0.1303 -0.9449, 1.3386 0.1303 0.0394, 1.3386 -0.0075 -0.9449, 1.3386 -0.0075 0.0394, 2.1614 0.6303 -0.9449, 2.1614 0.4925 -0.9449, 2.1614 0.6303 0.0394, 2.1614 0.4925 0.0394, 2.3386 0.6303 -0.9449, 2.3386 0.6303 0.0394, 2.3386 0.4925 -0.9449, 2.3386 0.4925 0.0394, -1.3386 0.1303 -0.9449, -1.3386 -0.0075 -0.9449, -1.3386 0.1303 0.0394, -1.3386 -0.0075 0.0394, -1.1614 0.1303 -0.9449, -1.1614 0.1303 0.0394, -1.1614 -0.0075 -0.9449, -1.1614 -0.0075 0.0394, 2.1614 1.4846 -0.9449, 2.3386 1.4846 -0.9449, 2.1614 1.4846 0.0394, 2.3386 1.4846 0.0394, 2.1614 1.6224 -0.9449, 2.1614 1.6224 0.0394, 2.3386 1.6224 -0.9449, 2.3386 1.6224 0.0394, 1.3386 1.4846 -0.9449, 1.3386 1.6224 -0.9449, 1.3386 1.4846 0.0394, 1.3386 1.6224 0.0394, 1.1614 1.4846 -0.9449, 1.1614 1.4846 0.0394, 1.1614 1.6224 -0.9449, 1.1614 1.6224 0.0394, 1.8386 2.4846 -0.9449, 1.8386 2.6224 -0.9449, 1.8386 2.4846 0.0394, 1.8386 2.6224 0.0394, 1.6614 2.4846 -0.9449, 1.6614 2.4846 0.0394, 1.6614 2.6224 -0.9449, 1.6614 2.6224 0.0394, -2.1614 2.4846 -0.9449, -2.1614 2.6224 -0.9449, -2.1614 2.4846 0.0394, -2.1614 2.6224 0.0394, -2.3386 2.4846 -0.9449, -2.3386 2.4846 0.0394, -2.3386 2.6224 -0.9449, -2.3386 2.6224 0.0394, -1.6614 1.4846 -0.9449, -1.6614 1.6224 -0.9449, -1.6614 1.4846 0.0394, -1.6614 1.6224 0.0394, -1.8386 1.4846 0.0394, -1.8386 1.4846 -0.9449, -1.7736 1.4846 0.0394, -1.8386 1.6224 -0.9449, -1.8386 1.6224 0.0394, -1.7736 1.6224 0.0394, -1.1614 2.4846 -0.9449, -1.1614 2.6224 -0.9449, -1.1614 2.4846 0.0394, -1.1614 2.6224 0.0394, -1.3386 2.4846 -0.9449, -1.3386 2.4846 0.0394, -1.3386 2.6224 -0.9449, -1.3386 2.6224 0.0394, -0.6614 1.4846 -0.9449, -0.6614 1.6224 -0.9449, -0.6614 1.4846 0.0394, -0.6614 1.6224 0.0394, -0.8386 1.4846 -0.9449, -0.8386 1.4846 0.0394, -0.8386 1.6224 -0.9449, -0.8386 1.6224 0.0394, -0.1614 2.4846 -0.9449, -0.1614 2.6224 -0.9449, -0.1614 2.4846 0.0394, -0.1614 2.6224 0.0394, -0.3386 2.4846 -0.9449, -0.3386 2.4846 0.0394, -0.3386 2.6224 -0.9449, -0.3386 2.6224 0.0394, 0.3386 1.4846 -0.9449, 0.3386 1.6224 -0.9449, 0.3386 1.4846 0.0394, 0.3386 1.6224 0.0394, 0.1614 1.4846 -0.9449, 0.1614 1.4846 0.0394, 0.1614 1.6224 -0.9449, 0.1614 1.6224 0.0394, 0.8386 2.4846 -0.9449, 0.8386 2.6224 -0.9449, 0.8386 2.4846 0.0394, 0.8386 2.6224 0.0394, 0.6614 2.4846 -0.9449, 0.6614 2.4846 0.0394, 0.6614 2.6224 -0.9449, 0.6614 2.6224 0.0394, -1.5118 -2.6433 -0.9449, -1.5118 -2.4465 -0.9449, -1.5118 -2.6433 0.0394, -1.5118 -2.4465 0.0394, -1.7087 -2.6433 0.0394, -1.7087 -2.6433 -0.9449, -1.561 -2.6433 0.0394, -1.7087 -2.4465 -0.9449, -1.7087 -2.4465 0.0394, -1.561 -2.4465 0.0394, 1.5118 -2.6433 0.0394, 1.5118 -2.6433 -0.9449, 1.561 -2.6433 0.0394, 1.7087 -2.6433 -0.9449, 1.6358 -2.6433 0.0394, 1.7087 -2.6433 0.0394, 1.5118 -2.4465 -0.9449, 1.5118 -2.4465 0.0394, 1.6358 -2.4465 0.0394, 1.7087 -2.4465 0.0394, 1.7087 -2.4465 -0.9449, 1.561 -2.4465 0.0394, -2.7087 -2.6531 -0.9449, -2.5118 -2.6531 -0.9449, -2.7087 -2.6531 0.0394, -2.5118 -2.6531 0.0394, -2.7087 -2.4563 -0.9449, -2.7087 -2.6482 0.0394, -2.7087 -2.4563 0.0394, -2.5118 -2.4563 -0.9449, -2.5118 -2.4563 0.0394, -2.5118 -2.6482 0.0394, 2.7087 -2.6531 0.0394, 2.7087 -2.6531 -0.9449, 2.7087 -2.6482 0.0394, 2.7087 -2.4563 -0.9449, 2.7087 -2.4563 0.0394, 2.5118 -2.6531 -0.9449, 2.5118 -2.6531 0.0394, 2.5118 -2.4563 -0.9449, 2.5118 -2.6482 0.0394, 2.5118 -2.4563 0.0394
            ]
        }
        coordIndex [
            0,1,2,-1,2,1,3,-1,4,0,5,-1,5,0,2,-1,6,4,7,-1,7,4,5,-1,1,6,3,-1,3,6,7,-1,4,6,0,-1,0,6,1,-1,8,9,10,-1,10,9,11,-1,12,8,13,-1,13,8,10,-1,14,12,15,-1,15,12,13,-1,9,14,11,-1,11,14,15,-1,12,14,8,-1,8,14,9,-1,16,17,18,-1,18,17,19,-1,20,16,21,-1,21,16,18,-1,22,20,23,-1,23,20,21,-1,17,22,19,-1,19,22,23,-1,20,22,16,-1,16,22,17,-1,24,25,26,-1,26,25,27,-1,28,24,29,-1,29,24,26,-1,30,28,31,-1,31,28,29,-1,25,30,27,-1,27,30,31,-1,28,30,24,-1,24,30,25,-1,32,33,34,-1,34,33,35,-1,36,32,37,-1,37,32,34,-1,38,36,39,-1,39,36,37,-1,33,38,35,-1,35,38,39,-1,36,38,32,-1,32,38,33,-1,40,41,42,-1,42,41,43,-1,44,40,45,-1,45,40,42,-1,46,44,47,-1,47,44,45,-1,41,46,43,-1,43,46,47,-1,44,46,40,-1,40,46,41,-1,48,49,50,-1,50,49,51,-1,52,48,53,-1,53,48,50,-1,54,52,55,-1,55,52,53,-1,49,54,51,-1,51,54,55,-1,52,54,48,-1,48,54,49,-1,56,57,58,-1,58,57,59,-1,60,56,61,-1,61,56,58,-1,62,60,63,-1,63,60,61,-1,57,62,59,-1,59,62,63,-1,60,62,56,-1,56,62,57,-1,64,65,66,-1,66,65,67,-1,68,69,70,-1,70,69,64,-1,70,64,66,-1,71,69,72,-1,72,69,68,-1,67,65,73,-1,73,65,71,-1,73,71,72,-1,69,71,64,-1,64,71,65,-1,74,75,76,-1,76,75,77,-1,78,74,79,-1,79,74,76,-1,80,78,81,-1,81,78,79,-1,75,80,77,-1,77,80,81,-1,78,80,74,-1,74,80,75,-1,82,83,84,-1,84,83,85,-1,86,82,87,-1,87,82,84,-1,88,86,89,-1,89,86,87,-1,83,88,85,-1,85,88,89,-1,86,88,82,-1,82,88,83,-1,90,91,92,-1,92,91,93,-1,94,90,95,-1,95,90,92,-1,96,94,97,-1,97,94,95,-1,91,96,93,-1,93,96,97,-1,94,96,90,-1,90,96,91,-1,98,99,100,-1,100,99,101,-1,102,98,103,-1,103,98,100,-1,104,102,105,-1,105,102,103,-1,99,104,101,-1,101,104,105,-1,102,104,98,-1,98,104,99,-1,106,107,108,-1,108,107,109,-1,110,106,111,-1,111,106,108,-1,112,110,113,-1,113,110,111,-1,107,112,109,-1,109,112,113,-1,110,112,106,-1,106,112,107,-1,114,115,116,-1,116,115,117,-1,118,119,120,-1,120,119,114,-1,120,114,116,-1,121,119,122,-1,122,119,118,-1,117,115,123,-1,123,115,121,-1,123,121,122,-1,119,121,114,-1,114,121,115,-1,124,125,126,-1,126,125,127,-1,126,127,128,-1,128,127,129,-1,130,125,131,-1,131,125,124,-1,132,133,134,-1,132,134,135,-1,135,134,130,-1,135,130,131,-1,127,134,129,-1,129,134,133,-1,130,134,125,-1,125,134,127,-1,136,137,138,-1,138,137,139,-1,136,138,140,-1,140,138,141,-1,140,141,142,-1,143,140,144,-1,144,140,142,-1,139,137,145,-1,145,137,143,-1,145,143,144,-1,140,143,136,-1,136,143,137,-1,146,147,148,-1,148,147,149,-1,148,149,150,-1,151,147,152,-1,152,147,146,-1,151,152,153,-1,153,152,154,-1,153,154,155,-1,149,153,150,-1,150,153,155,-1,151,153,147,-1,147,153,149,-1,
        ]
    }
}
Shape{
    appearance Appearance {
        material  Material 	{
            diffuseColor 0.25098039215686274 0.25098039215686274 0.25098039215686274
            specularColor 0.12549019607843137 0.12549019607843137 0.12549019607843137
            ambientIntensity 0.251
            transparency 0.0
            shininess 0.5
        }
    }
    geometry IndexedFaceSet {
        ccw TRUE
        solid FALSE
        coord DEF co Coordinate {
            point [
                -2.6004 -0.4112 0.2362, -2.6004 -0.4112 0.0394, -2.721 -0.5135 0.0394, -2.721 -0.5135 0.2362, -2.7894 -0.6094 0.0394, -2.8128 -0.6422 0.2362, -2.8128 -0.6422 0.0394, -2.8702 -0.7895 0.0394, -2.8702 -0.7895 0.2362, -2.8898 -0.9465 0.0394, -2.8898 -0.9465 0.2362, -2.8702 -1.1034 0.0394, -2.8702 -1.1034 0.2362, -2.8128 -1.2507 0.0394, -2.8128 -1.2507 0.2362, -2.7894 -1.2835 0.0394, -2.721 -1.3794 0.2362, -2.721 -1.3794 0.0394, -2.6004 -1.4817 0.0394, -2.6004 -1.4817 0.2362, -2.6004 -0.1984 0.2362, -2.6004 -0.1984 0.0394, -3.0335 -0.1984 0.2362, -3.0335 -0.1984 0.0394, -2.7894 -0.1984 0.0394, -3.0335 -1.6945 0.0394, -3.0335 -1.6945 0.2362, -2.7894 -1.6945 0.0394, -2.6004 -1.6945 0.2362, -2.6004 -1.6945 0.0394, 3.0335 -0.1984 0.2362, 2.6004 -0.1984 0.2362, 3.0335 -0.1984 0.0394, 2.6004 -0.1984 0.0394, 2.6004 -0.4112 0.2362, 2.6004 -0.4112 0.0394, 2.6004 -1.4817 0.2362, 2.6004 -1.4817 0.0394, 2.721 -1.3794 0.0394, 2.721 -1.3794 0.2362, 2.8128 -1.2507 0.0394, 2.8128 -1.2507 0.2362, 2.8702 -1.1034 0.0394, 2.8702 -1.1034 0.2362, 2.8898 -0.9465 0.0394, 2.8898 -0.9465 0.2362, 2.8702 -0.7895 0.0394, 2.8702 -0.7895 0.2362, 2.8128 -0.6422 0.0394, 2.8128 -0.6422 0.2362, 2.721 -0.5135 0.0394, 2.721 -0.5135 0.2362, 2.6004 -1.6945 0.2362, 2.6004 -1.6945 0.0394, 3.0335 -1.6945 0.2362, 3.0335 -1.6945 0.0394, -0.3937 0.8095 0.2362, -0.7806 0.8095 0.2362, -0.7806 -3.915 0.2362, 0.7806 -3.915 0.2362, 0.7806 0.8095 0.2362, 0.3937 0.8095 0.2362, 0.0 0.8095 0.2362, 1.2243 0.8095 1.6934, 1.2243 0.8095 0.9385, 1.2243 -5.0961 1.6934, 1.2243 -5.0961 0.9385, 0.7806 0.8095 0.9385, 0.7806 -5.0961 0.9385, 0.7874 0.8095 0.9385, 1.1811 0.8095 0.9385, 0.7806 -5.0961 0.2362, -0.7806 0.8095 0.9385, -0.7806 -5.0961 0.9385, -0.7806 -5.0961 0.2362, -1.2243 -5.0961 0.9385, -0.7874 0.8095 0.9385, -1.1811 0.8095 0.9385, -1.2243 0.8095 0.9385, -1.2243 0.8095 1.6934, -1.2243 -5.0961 1.6934, -2.4597 0.8095 1.6934, -2.4597 -5.0961 1.6934, -1.9779 0.8095 1.6934, 2.4597 0.8095 2.2299, 2.4597 0.8095 1.6934, 2.4597 -5.0961 2.2299, 2.4597 -5.0961 1.6934
            ]
        }
        coordIndex [
            0,1,2,-1,0,2,3,-1,3,2,4,-1,3,4,5,-1,4,6,5,-1,5,6,7,-1,5,7,8,-1,8,7,9,-1,8,9,10,-1,10,9,11,-1,10,11,12,-1,12,11,13,-1,12,13,14,-1,14,13,15,-1,14,15,16,-1,15,17,16,-1,16,17,18,-1,16,18,19,-1,0,20,1,-1,1,20,21,-1,22,23,20,-1,20,23,24,-1,20,24,21,-1,25,26,27,-1,27,26,28,-1,27,28,29,-1,28,19,29,-1,29,19,18,-1,20,0,22,-1,22,0,3,-1,22,3,5,-1,5,8,22,-1,22,8,10,-1,22,10,26,-1,26,10,12,-1,19,28,16,-1,16,28,26,-1,16,26,14,-1,14,26,12,-1,30,31,32,-1,32,31,33,-1,31,34,33,-1,33,34,35,-1,36,37,38,-1,36,38,39,-1,39,38,40,-1,39,40,41,-1,41,40,42,-1,41,42,43,-1,43,42,44,-1,43,44,45,-1,45,44,46,-1,45,46,47,-1,47,46,48,-1,47,48,49,-1,49,48,50,-1,49,50,51,-1,51,50,35,-1,51,35,34,-1,36,52,37,-1,37,52,53,-1,52,54,53,-1,53,54,55,-1,52,36,54,-1,54,36,39,-1,54,39,41,-1,34,31,51,-1,51,31,30,-1,51,30,49,-1,41,43,54,-1,54,43,45,-1,54,45,30,-1,30,45,47,-1,30,47,49,-1,56,57,58,-1,59,60,61,-1,59,61,58,-1,58,61,62,-1,58,62,56,-1,63,64,65,-1,65,64,66,-1,67,68,69,-1,69,68,66,-1,69,66,70,-1,70,66,64,-1,67,60,68,-1,68,60,59,-1,68,59,71,-1,57,72,58,-1,58,72,73,-1,58,73,74,-1,75,73,72,-1,72,76,75,-1,75,76,77,-1,75,77,78,-1,78,79,75,-1,75,79,80,-1,81,82,83,-1,83,82,80,-1,83,80,79,-1,84,85,86,-1,86,85,87,-1,85,63,87,-1,87,63,65,-1,
        ]
    }
}
Shape{
    appearance Appearance {
        material  Material 	{
            diffuseColor 1.0 1.0 0.0
            specularColor 0.5019607843137255 0.5019607843137255 0.0
            ambientIntensity 0.886
            transparency 0.0
            shininess 0.5
        }
    }
    geometry IndexedFaceSet {
        ccw TRUE
        solid FALSE
        coord DEF co Coordinate {
            point [
                0.0787 -0.5747 4.3943, 0.0787 0.8095 2.9964, 0.315 -0.5747 4.3943, 0.315 0.8095 2.9964, 0.315 0.8095 3.1083, 0.0787 0.8095 3.1083, 0.315 -0.4639 4.3943, 0.0787 -0.4639 4.3943, 0.4724 -0.5747 4.3943, 0.4724 0.8095 2.9964, 0.7087 -0.5747 4.3943, 0.7087 0.8095 2.9964, 0.7087 0.8095 3.1083, 0.4724 0.8095 3.1083, 0.7087 -0.4639 4.3943, 0.4724 -0.4639 4.3943, 0.8661 -0.5747 4.3943, 0.8661 0.8095 2.9964, 1.1024 -0.5747 4.3943, 1.1024 0.8095 2.9964, 1.1024 0.8095 3.1083, 0.8661 0.8095 3.1083, 1.1024 -0.4639 4.3943, 0.8661 -0.4639 4.3943, 1.2598 -0.5747 4.3943, 1.2598 0.8095 2.9964, 1.4961 -0.5747 4.3943, 1.4961 0.8095 2.9964, 1.4961 0.8095 3.1083, 1.2598 0.8095 3.1083, 1.4961 -0.4639 4.3943, 1.2598 -0.4639 4.3943, -0.315 -0.5747 4.3943, -0.315 0.8095 2.9964, -0.0787 -0.5747 4.3943, -0.0787 0.8095 2.9964, -0.0787 0.8095 3.1083, -0.315 0.8095 3.1083, -0.0787 -0.4639 4.3943, -0.315 -0.4639 4.3943, -0.7087 -0.5747 4.3943, -0.7087 0.8095 2.9964, -0.4724 -0.5747 4.3943, -0.4724 0.8095 2.9964, -0.4724 0.8095 3.1083, -0.7087 0.8095 3.1083, -0.4724 -0.4639 4.3943, -0.7087 -0.4639 4.3943, -1.1024 -0.5747 4.3943, -1.1024 0.8095 2.9964, -0.8661 -0.5747 4.3943, -0.8661 0.8095 2.9964, -0.8661 0.8095 3.1083, -1.1024 0.8095 3.1083, -0.8661 -0.4639 4.3943, -1.1024 -0.4639 4.3943, -1.4961 -0.5747 4.3943, -1.4961 0.8095 2.9964, -1.2598 -0.5747 4.3943, -1.2598 0.8095 2.9964, -1.2598 0.8095 3.1083, -1.4961 0.8095 3.1083, -1.2598 -0.4639 4.3943, -1.4961 -0.4639 4.3943
            ]
        }
        coordIndex [
            0,1,2,-1,2,1,3,-1,4,5,6,-1,6,5,7,-1,2,3,6,-1,6,3,4,-1,5,1,7,-1,7,1,0,-1,8,9,10,-1,10,9,11,-1,12,13,14,-1,14,13,15,-1,10,11,14,-1,14,11,12,-1,13,9,15,-1,15,9,8,-1,16,17,18,-1,18,17,19,-1,20,21,22,-1,22,21,23,-1,18,19,22,-1,22,19,20,-1,21,17,23,-1,23,17,16,-1,24,25,26,-1,26,25,27,-1,28,29,30,-1,30,29,31,-1,26,27,30,-1,30,27,28,-1,29,25,31,-1,31,25,24,-1,32,33,34,-1,34,33,35,-1,36,37,38,-1,38,37,39,-1,34,35,38,-1,38,35,36,-1,37,33,39,-1,39,33,32,-1,40,41,42,-1,42,41,43,-1,44,45,46,-1,46,45,47,-1,42,43,46,-1,46,43,44,-1,45,41,47,-1,47,41,40,-1,48,49,50,-1,50,49,51,-1,52,53,54,-1,54,53,55,-1,50,51,54,-1,54,51,52,-1,53,49,55,-1,55,49,48,-1,56,57,58,-1,58,57,59,-1,60,61,62,-1,62,61,63,-1,58,59,62,-1,62,59,60,-1,61,57,63,-1,63,57,56,-1,
        ]
    }
}
Shape{
    appearance Appearance {
        material  Material 	{
            diffuseColor 0.25098039215686274 0.25098039215686274 0.25098039215686274
            specularColor 0.12549019607843137 0.12549019607843137 0.12549019607843137
            ambientIntensity 0.251
            transparency 0.0
            shininess 0.5
        }
    }
    geometry IndexedFaceSet {
        ccw TRUE
        solid FALSE
        coord DEF co Coordinate {
            point [
                -2.0857 -5.0961 2.2299, -2.4597 -5.0961 2.2299, -2.0857 0.8095 2.2299, -2.4597 0.8095 2.2299, -2.0857 -5.0961 3.4653, -2.0857 0.8095 3.4653, -2.4597 -5.0961 3.4653, -2.4597 0.8095 3.4653, 2.0857 -5.0961 3.4653, 2.4597 -5.0961 3.4653, 2.0857 0.8095 3.4653, 2.4597 0.8095 3.4653, 2.0857 -5.0961 2.2299, 2.0857 0.8095 2.2299, 2.4597 -5.0961 2.2299, 2.4597 0.8095 2.2299
            ]
        }
        coordIndex [
            0,1,2,-1,2,1,3,-1,4,0,5,-1,5,0,2,-1,6,4,7,-1,7,4,5,-1,8,9,10,-1,10,9,11,-1,12,8,13,-1,13,8,10,-1,14,12,15,-1,15,12,13,-1,
        ]
    }
}
Shape{
    appearance Appearance {
        material  Material 	{
            diffuseColor 0.7529411764705882 0.7529411764705882 0.7529411764705882
            specularColor 0.3764705882352941 0.3764705882352941 0.3764705882352941
            ambientIntensity 0.7529
            transparency 0.0
            shininess 0.5
        }
    }
    geometry IndexedFaceSet {
        ccw TRUE
        solid FALSE
        coord DEF co Coordinate {
            point [
                3.1358 -3.5108 4.0737, 3.1358 -3.5108 3.968, 3.1358 -3.2539 3.968, 3.1358 -4.3098 4.2969, 3.1358 -4.2767 4.2667, 3.1358 -4.1997 4.3069, 3.1358 -3.6897 4.5135, 3.1358 -3.6781 4.4971, 3.1358 -3.5108 4.4971, 3.1358 -2.6279 4.1962, 3.1358 -2.6279 4.1064, 3.1358 -2.5779 4.1064, 3.1358 -2.9454 4.0751, 3.1358 -2.9569 4.0737, 3.1358 -2.8901 4.0737, 3.1358 -2.9621 4.7356, 3.1358 -2.9621 4.6502, 3.1358 -2.8901 4.6502, 3.1358 -1.3717 4.7685, 3.1358 -2.2437 4.7685, 3.1358 -2.2437 4.4971, 3.1358 -1.5714 5.1644, 3.1358 -1.5539 5.1732, 3.1358 -2.2437 5.1732, 3.1358 -3.1521 4.766, 3.1358 -3.1317 4.7685, 3.1358 -3.2379 4.7685, 3.1358 -3.0832 4.4988, 3.1358 -3.1004 4.4971, 3.1358 -3.0388 4.4971, 3.1358 -2.6984 4.2666, 3.1358 -2.7744 4.0737, 3.1358 -2.6804 4.0737, 3.1358 -2.7942 4.1233, 3.1358 -2.7901 4.1076, 3.1358 -2.7892 4.1076, 3.1358 -2.6804 4.3069, 3.1358 -2.8278 4.3069, 3.1358 -2.733 4.2666, 3.1358 -2.8278 4.2202, 3.1358 -2.7851 4.1231, 3.1358 -2.7877 4.1142, 3.1358 -2.8278 4.0737, 3.1358 -2.8278 4.1305, 3.1358 -2.8814 4.2666, 3.1358 -2.8066 4.0764, 3.1358 -2.8077 4.0737, 3.1358 -2.8213 4.0417, 3.1358 -2.8901 3.968, 3.1358 -2.8745 3.9889, 3.1358 -2.8745 4.0187, 3.1358 -2.8555 4.0149, 3.1358 -2.8491 4.0154, 3.1358 -2.8418 4.0177, 3.1358 -2.8355 4.0215, 3.1358 -2.8289 4.0282, 3.1358 -2.8278 4.0301, 3.1358 -2.8278 3.9923, 3.1358 -2.8384 3.988, 3.1358 -2.8278 3.968, 3.1358 -2.8529 3.9862, 3.1358 -2.8603 3.9865, 3.1358 -2.6804 3.968, 3.1358 -2.814 4.0014, 3.1358 -2.8253 3.9933, 3.1358 -2.7849 4.0472, 3.1358 -2.8002 4.0174, 3.1358 -3.2073 4.2208, 3.1358 -3.2073 4.2532, 3.1358 -3.2379 4.3069, 3.1358 -3.0388 4.0737, 3.1358 -3.0728 4.076, 3.1358 -3.1062 4.076, 3.1358 -3.0388 4.3069, 3.1358 -3.0761 4.2269, 3.1358 -3.0728 4.1987, 3.1358 -3.1334 4.2426, 3.1358 -3.1449 4.2438, 3.1358 -3.1627 4.1892, 3.1358 -3.2379 4.0737, 3.1358 -3.1983 4.0786, 3.1358 -3.2096 4.0865, 3.1358 -3.2125 4.1668, 3.1358 -3.2023 4.1757, 3.1358 -3.1881 4.183, 3.1358 -3.1842 4.2353, 3.1358 -3.1633 4.2421, 3.1358 -3.2129 4.0898, 3.1358 -3.22 4.1, 3.1358 -3.2241 4.1111, 3.1358 -3.1062 4.1055, 3.1358 -3.1071 4.1055, 3.1358 -3.1123 4.0976, 3.1358 -3.1228 4.0862, 3.1358 -3.2006 4.2572, 3.1358 -3.1758 4.2668, 3.1358 -3.1417 4.271, 3.1358 -3.226 4.127, 3.1358 -3.2259 4.1309, 3.1358 -3.2238 4.1454, 3.1358 -3.2192 4.1572, 3.1358 -3.1048 4.2637, 3.1358 -3.0943 4.2569, 3.1358 -3.1062 4.1972, 3.1358 -3.1074 4.2118, 3.1358 -3.1108 4.2237, 3.1358 -3.1147 4.2306, 3.1358 -3.1415 4.271, 3.1358 -3.1181 4.2684, 3.1358 -3.0887 4.2515, 3.1358 -3.0816 4.2412, 3.1358 -3.1198 4.236, 3.1358 -3.1257 4.2399, 3.1358 -3.1474 4.0737, 3.1358 -3.1486 4.0733, 3.1358 -3.0388 3.968, 3.1358 -3.2379 3.968, 3.1358 -3.1655 4.0715, 3.1358 -3.1849 4.0737, 3.1358 -3.1855 4.0738, 3.1358 -3.3671 4.1962, 3.1358 -3.3671 4.1064, 3.1358 -3.2716 4.1962, 3.1358 -3.258 4.1064, 3.1358 -3.3671 4.3069, 3.1358 -3.3671 4.2268, 3.1358 -3.2539 4.3069, 3.1358 -3.2716 4.2268, 3.1358 -3.2539 4.0737, 3.1358 -3.258 4.076, 3.1358 -3.4015 4.076, 3.1358 -3.078 4.768, 3.1358 -3.05 4.7599, 3.1358 -3.0388 4.7685, 3.1358 -3.05 4.7239, 3.1358 -3.0546 4.5082, 3.1358 -3.1064 4.5261, 3.1358 -3.0762 4.5317, 3.1358 -3.05 4.5435, 3.1358 -3.05 4.5104, 3.1358 -3.0801 4.7358, 3.1358 -3.1129 4.7397, 3.1358 -3.2137 4.6298, 3.1358 -3.2005 4.5718, 3.1358 -3.1875 4.5537, 3.1358 -3.1823 4.5485, 3.1358 -3.1648 4.5362, 3.1358 -3.1458 4.5288, 3.1358 -3.1189 4.5256, 3.1358 -3.1857 4.7101, 3.1358 -3.2002 4.6898, 3.1358 -3.1675 4.7251, 3.1358 -3.1465 4.7348, 3.1358 -3.1233 4.7393, 3.1358 -3.2092 4.6669, 3.1358 -3.053 4.7255, 3.1358 -3.2134 4.62, 3.1358 -3.2091 4.5933, 3.1358 -3.1133 4.7708, 3.1358 -3.2379 5.1732, 3.1358 -3.0388 5.1732, 3.1358 -3.1129 4.7708, 3.1358 -3.0848 4.7685, 3.1358 -3.2307 4.7062, 3.1358 -3.2113 4.7315, 3.1358 -3.2049 4.7376, 3.1358 -3.1799 4.7552, 3.1358 -3.2539 4.7685, 3.1358 -3.2433 4.6766, 3.1358 -3.2379 4.6892, 3.1358 -3.2379 4.5673, 3.1358 -3.2445 4.584, 3.1358 -3.2539 4.4971, 3.1358 -3.2499 4.6278, 3.1358 -3.2494 4.6417, 3.1358 -3.1689 4.5016, 3.1358 -3.1941 4.5135, 3.1358 -3.2379 4.4971, 3.1358 -3.2156 4.5313, 3.1358 -3.2336 4.5562, 3.1358 -3.1473 4.4971, 3.1358 -3.14 4.4957, 3.1358 -3.1239 4.4949, 3.1358 -1.2348 4.4971, 3.1358 -2.0978 4.3429, 3.1358 -1.1388 4.3069, 3.1358 -2.0841 4.3069, 3.1358 -1.081 4.1923, 3.1358 -2.0342 4.076, 3.1358 -2.2437 4.0737, 3.1358 -1.9961 4.076, 3.1358 -0.93 4.0737, 3.1358 -2.0614 4.149, 3.1358 -2.1726 4.149, 3.1358 -2.1982 4.076, 3.1358 -2.2363 4.076, 3.1358 -2.2437 4.3069, 3.1358 -2.1483 4.3069, 3.1358 -2.1346 4.3429, 3.1358 -0.93 4.1923, 3.1358 1.7112 4.0737, 3.1358 1.7112 4.1923, 3.1358 -0.93 3.968, 3.1358 -0.93 0.1417, 3.1358 -0.2431 0.1417, 3.1358 1.7112 0.5118, 3.1358 1.7112 3.968, 3.1358 1.5929 0.5118, 3.1358 0.2543 0.07, 3.1358 0.0102 0.0394, 3.1358 -0.2431 0.0394, 3.1358 0.2849 0.066, 3.1358 0.4984 0.0394, 3.1358 1.5929 0.0394, 3.1358 0.2849 -1.2844, 3.1358 0.2543 -1.2884, 3.1358 0.2071 -1.3976, 3.1358 0.2238 -1.2844, 3.1358 0.1561 -1.3909, 3.1358 0.1953 -1.2726, 3.1358 0.1087 -1.3713, 3.1358 0.3134 0.0542, 3.1358 0.3378 0.0354, 3.1358 0.3566 0.0109, 3.1358 0.1708 0.0354, 3.1358 0.152 0.0109, 3.1358 0.1402 -0.0175, 3.1358 0.1953 0.0542, 3.1358 0.2238 0.066, 3.1358 0.0679 -1.34, 3.1358 0.1708 -1.2538, 3.1358 0.0366 -1.2992, 3.1358 0.152 -1.2294, 3.1358 0.0169 -1.2517, 3.1358 0.1402 -1.2009, 3.1358 0.0102 -1.2008, 3.1358 0.1362 -1.1703, 3.1358 0.1362 -0.0481, 3.1358 0.3016 -1.3976, 3.1358 0.3525 -1.3909, 3.1358 0.3134 -1.2726, 3.1358 0.4 -1.3713, 3.1358 0.3378 -1.2538, 3.1358 0.4408 -1.34, 3.1358 0.3566 -1.2294, 3.1358 0.4721 -1.2992, 3.1358 0.3684 -1.2009, 3.1358 0.4917 -1.2517, 3.1358 0.3724 -1.1703, 3.1358 0.4984 -1.2008, 3.1358 0.3724 -0.0481, 3.1358 0.3684 -0.0175, 3.1358 -2.2437 0.0394, 3.1358 -1.6201 0.0394, 3.1358 -1.6201 0.1417, 3.1358 -2.2437 3.968, 3.1358 -2.4936 3.968, 3.1358 -2.4936 0.0394, 3.1358 -2.5779 3.968, 3.1358 -2.5779 0.0394, 3.1358 -2.6804 0.0394, 3.1358 -2.8278 0.0394, 3.1358 -2.8901 0.0394, 3.1358 -3.0388 0.0394, 3.1358 -3.2379 0.0394, 3.1358 -4.3404 3.968, 3.1358 -3.5108 0.0394, 3.1358 -3.2539 0.0394, 3.1358 -4.3731 3.9555, 3.1358 -4.419 3.9498, 3.1358 -4.9515 0.0394, 3.1358 -2.8901 4.7685, 3.1358 -2.8901 4.7663, 3.1358 -2.8591 4.7663, 3.1358 -2.8278 4.7685, 3.1358 -2.8591 4.7356, 3.1358 -2.8667 4.6502, 3.1358 -2.8901 4.5298, 3.1358 -2.8531 4.5298, 3.1358 -2.8667 4.6196, 3.1358 -2.8901 4.6196, 3.1358 -2.9621 4.6196, 3.1358 -2.9621 4.5298, 3.1358 -2.8901 4.7356, 3.1358 -2.8278 4.4971, 3.1358 -2.8531 4.4994, 3.1358 -2.8901 4.4971, 3.1358 -2.8901 4.4994, 3.1358 -2.9966 4.4994, 3.1358 -2.9966 4.7663, 3.1358 -2.6804 4.7685, 3.1358 -2.7265 4.7663, 3.1358 -2.8026 4.7663, 3.1358 -2.8026 4.4994, 3.1358 -2.7292 4.4994, 3.1358 -2.6804 4.4971, 3.1358 -2.6836 4.505, 3.1358 -2.5926 4.5881, 3.1358 -2.6057 4.5604, 3.1358 -2.5779 4.4971, 3.1358 -2.6163 4.7219, 3.1358 -2.5998 4.6987, 3.1358 -2.5779 4.7685, 3.1358 -2.6256 4.5368, 3.1358 -2.6532 4.5169, 3.1358 -2.6804 4.5063, 3.1358 -2.6256 4.731, 3.1358 -2.6858 4.7618, 3.1358 -2.6804 4.7598, 3.1358 -2.6535 4.75, 3.1358 -2.5898 4.6733, 3.1358 -2.5853 4.6363, 3.1358 -2.5861 4.6193, 3.1358 -2.3304 4.4994, 3.1358 -2.3684 4.4994, 3.1358 -2.3957 4.5724, 3.1358 -2.4936 4.5724, 3.1358 -2.4936 4.4971, 3.1358 -2.432 4.7663, 3.1358 -2.4936 4.7685, 3.1358 -2.5068 4.5724, 3.1358 -2.5325 4.4994, 3.1358 -2.5705 4.4994, 3.1358 -2.4936 4.7014, 3.1358 -2.4689 4.7663, 3.1358 -2.9974 4.0737, 3.1358 -3.0041 4.0744, 3.1358 -3.0275 4.0827, 3.1358 -3.0275 4.1172, 3.1358 -2.9296 4.2689, 3.1358 -2.9079 4.2625, 3.1358 -2.8901 4.3069, 3.1358 -2.9079 4.23, 3.1358 -2.91 4.1594, 3.1358 -2.9037 4.1502, 3.1358 -3.0221 4.1919, 3.1358 -3.0258 4.2021, 3.1358 -3.0167 4.2458, 3.1358 -3.0059 4.2558, 3.1358 -2.9002 4.1404, 3.1358 -2.8988 4.1278, 3.1358 -2.9003 4.1145, 3.1358 -2.9044 4.1039, 3.1358 -2.9107 4.095, 3.1358 -3.0273 4.2152, 3.1358 -3.0262 4.2259, 3.1358 -3.0226 4.2367, 3.1358 -2.9977 4.2608, 3.1358 -2.9798 4.2678, 3.1358 -2.9531 4.271, 3.1358 -2.844 4.2666, 3.1358 -3.0178 4.185, 3.1358 -2.9203 4.0866, 3.1358 -2.9279 4.0819, 3.1358 -2.9946 4.1015, 3.1358 -2.9767 4.1598, 3.1358 -3.0155 4.1097, 3.1358 -2.9966 4.1689, 3.1358 -3.0123 4.1793, 3.1358 -2.9563 4.2438, 3.1358 -2.9662 4.2431, 3.1358 -2.9928 4.2182, 3.1358 -2.9752 4.2407, 3.1358 -2.9827 4.2367, 3.1358 -2.9925 4.2137, 3.1358 -2.9912 4.2085, 3.1358 -2.9888 4.204, 3.1358 -2.9725 4.0988, 3.1358 -2.971 4.0988, 3.1358 -2.9547 4.1506, 3.1358 -2.9539 4.1007, 3.1358 -2.9331 4.1246, 3.1358 -2.9334 4.1287, 3.1358 -2.9855 4.2004, 3.1358 -2.9738 4.1931, 3.1358 -2.933 4.241, 3.1358 -2.9531 4.1841, 3.1358 -2.9141 4.2337, 3.1358 -2.9401 4.1788, 3.1358 -2.9179 4.1665, 3.1358 -2.9453 4.1039, 3.1358 -2.9422 4.1057, 3.1358 -2.9384 4.1091, 3.1358 -2.9877 4.2323, 3.1358 -2.9906 4.228, 3.1358 -2.9922 4.2235, 3.1358 -2.9355 4.1134, 3.1358 -2.9338 4.1182, 3.1358 -2.9349 4.1339, 3.1358 -2.9375 4.1384, 3.1358 -2.9417 4.1427, 3.1358 -3.135 4.0782, 3.1358 -2.9758 4.0715, 3.1358 -2.8676 4.0164, 3.1358 -2.5188 4.1064, 3.1358 -2.5188 4.076, 3.1358 -2.4936 4.0737, 3.1358 -2.5779 4.0737, 3.1358 -2.5779 4.3069, 3.1358 -2.5779 4.2268, 3.1358 -2.4936 4.3069, 3.1358 -2.5325 4.2268, 3.1358 -2.5325 4.1962, 3.1358 -2.5779 4.1962, 3.1358 -2.6279 4.2268, 3.1358 -2.6279 4.3069, 3.1358 -2.6279 4.3122, 3.1358 -2.5779 4.3122, 3.1358 -2.6624 4.076, 3.1358 -2.6624 4.3069, 3.1358 -2.6624 4.3429, 3.1358 -2.5779 4.076, 3.1358 -2.2655 4.2753, 3.1358 -2.2821 4.2985, 3.1358 -2.2907 4.3069, 3.1358 -2.2583 4.1646, 3.1358 -2.2715 4.137, 3.1358 -2.2914 4.1134, 3.1358 -2.319 4.0935, 3.1358 -2.3493 4.0816, 3.1358 -2.395 4.076, 3.1358 -2.4684 4.076, 3.1358 -2.2556 4.2499, 3.1358 -2.2511 4.2128, 3.1358 -2.2519 4.1959, 3.1358 -2.2914 4.3075, 3.1358 -2.3193 4.3266, 3.1358 -2.4684 4.3069, 3.1358 -2.4684 4.3429, 3.1358 -2.3923 4.3429, 3.1358 -2.3515 4.3384, 3.1358 -3.954 4.7685, 3.1358 -3.9104 4.7392, 3.1358 -3.5108 4.7685, 3.1358 -3.8485 4.6678, 3.1358 -3.808 4.5893, 3.1358 -3.7972 4.5857, 3.1358 -3.7408 4.5573, 3.1358 -4.0903 4.8297, 3.1358 -3.9951 4.7961, 3.1358 -3.5108 5.1732, 3.1358 -4.3502 4.7924, 3.1358 -4.2627 4.8263, 3.1358 -4.9515 5.1732, 3.1358 -4.1685 4.8379, 3.1358 -4.7416 4.5931, 3.1358 -4.725 4.6085, 3.1358 -4.9515 4.7685, 3.1358 -4.6614 4.6513, 3.1358 -4.5906 4.6767, 3.1358 -4.5234 4.6842, 3.1358 -4.3887 4.7685, 3.1358 -4.3962 4.7639, 3.1358 -4.4408 4.7257, 3.1358 -4.5015 4.683, 3.1358 -4.4797 4.6804, 3.1358 -4.83 4.3985, 3.1358 -4.8153 4.4734, 3.1358 -4.9515 4.4971, 3.1358 -4.804 4.4971, 3.1358 -4.7834 4.5408, 3.1358 -4.8308 4.3768, 3.1358 -4.9515 4.3069, 3.1358 -4.8234 4.3099, 3.1358 -4.5993 4.0789, 3.1358 -4.6315 4.089, 3.1358 -4.9515 4.0737, 3.1358 -4.6991 4.1243, 3.1358 -4.7511 4.1699, 3.1358 -4.7579 4.1777, 3.1358 -4.798 4.2388, 3.1358 -4.8223 4.3069, 3.1358 -4.4264 3.95, 3.1358 -4.4712 3.957, 3.1358 -4.9515 3.968, 3.1358 -4.4975 3.968, 3.1358 -4.515 3.9754, 3.1358 -4.5521 4.0034, 3.1358 -4.5803 4.0382, 3.1358 -4.5969 4.0737, 3.1358 -4.2412 4.0737, 3.1358 -4.2413 4.0733, 3.1358 -4.2637 4.0309, 3.1358 -4.293 3.998, 3.1358 -4.3308 3.9717, 3.1358 -3.6903 4.1605, 3.1358 -3.7438 4.1156, 3.1358 -3.9852 4.191, 3.1358 -3.9636 4.299, 3.1358 -3.9983 4.186, 3.1358 -4.01 4.1779, 3.1358 -3.6202 4.3329, 3.1358 -3.6241 4.3069, 3.1358 -3.5108 4.3069, 3.1358 -3.6294 4.2707, 3.1358 -3.6537 4.2109, 3.1358 -3.9712 4.1927, 3.1358 -3.9693 4.1926, 3.1358 -3.9636 4.1913, 3.1358 -3.9846 4.0765, 3.1358 -3.9972 4.0812, 3.1358 -4.0097 4.0897, 3.1358 -4.0152 4.0952, 3.1358 -3.8018 4.0877, 3.1358 -3.863 4.0751, 3.1358 -3.975 4.0751, 3.1358 -4.03 4.1339, 3.1358 -4.0297 4.1392, 3.1358 -4.2292 4.1586, 3.1358 -4.0265 4.1538, 3.1358 -4.0196 4.1671, 3.1358 -3.7762 4.2385, 3.1358 -3.7554 4.2681, 3.1358 -4.0234 4.1072, 3.1358 -4.0283 4.1201, 3.1358 -4.2302 4.1201, 3.1358 -4.2292 4.1396, 3.1358 -3.9598 4.1908, 3.1358 -3.8744 4.1908, 3.1358 -3.8405 4.1973, 3.1358 -3.807 4.2128, 3.1358 -3.7789 4.2356, 3.1358 -4.3958 4.3299, 3.1358 -4.35 4.3185, 3.1358 -3.903 4.4971, 3.1358 -4.419 4.3312, 3.1358 -3.7423 4.3019, 3.1358 -3.7417 4.3069, 3.1358 -3.9682 4.3069, 3.1358 -3.7378 4.3388, 3.1358 -3.7387 4.3552, 3.1358 -4.4642 4.3257, 3.1358 -4.6696 4.4971, 3.1358 -4.5061 4.3097, 3.1358 -4.6894 4.4688, 3.1358 -4.7056 4.4264, 3.1358 -4.696 4.3069, 3.1358 -4.5101 4.3069, 3.1358 -4.709 4.3516, 3.1358 -4.7112 4.3806, 3.1358 -3.7872 4.4491, 3.1358 -3.8166 4.4697, 3.1358 -3.7475 4.3917, 3.1358 -3.7651 4.4245, 3.1358 -3.9009 4.4868, 3.1358 -4.0224 4.3996, 3.1358 -3.8858 4.4868, 3.1358 -3.8497 4.4824, 3.1358 -4.3285 4.3069, 3.1358 -4.6955 4.3051, 3.1358 -4.5763 4.2469, 3.1358 -4.5449 4.2827, 3.1358 -4.6727 4.2663, 3.1358 -4.6387 4.2314, 3.1358 -4.5974 4.206, 3.1358 -3.9787 4.6462, 3.1358 -3.9915 4.6582, 3.1358 -4.4209 4.5419, 3.1358 -3.9374 4.5937, 3.1358 -4.4348 4.5495, 3.1358 -3.9101 4.5317, 3.1358 -4.0451 4.6946, 3.1358 -4.1048 4.7168, 3.1358 -4.3937 4.5992, 3.1358 -4.1666 4.724, 3.1358 -4.4774 4.5649, 3.1358 -4.5215 4.5703, 3.1358 -4.5409 4.5693, 3.1358 -4.2371 4.7149, 3.1358 -4.2991 4.6896, 3.1358 -4.3518 4.6505, 3.1358 -4.5878 4.5583, 3.1358 -4.6301 4.5359, 3.1358 -4.6631 4.5066, 3.1358 -3.6512 4.4593, 3.1358 -3.6284 4.4012, 3.1358 -3.6201 4.3407, 3.1358 -5.0722 0.0394, 3.1358 -5.0722 3.968, 3.1358 -5.0722 4.0737, 3.1358 -5.0722 4.3069, 3.1358 -5.0722 4.4971, 3.1358 -5.0722 4.7685, 3.1358 -5.0722 5.1732, 3.1358 -3.3671 4.7663, 3.1358 -3.3671 4.5298, 3.1358 -3.2608 4.5298, 3.1358 -3.4015 4.4994, 3.1358 -3.4015 4.7663, 3.1358 -3.2608 4.4994, 3.1358 -3.3671 4.3122, 3.1358 -3.264 4.3122, 3.1358 -3.264 4.3429, 3.1358 -3.4015 4.3429, 3.1358 -3.4015 4.3069, 3.1358 -3.2539 5.1732, 3.1358 -2.5249 4.3122, 3.1358 -2.5249 4.3429, 3.1358 -2.5779 4.3429, 3.1358 -2.4936 5.1732, 3.1358 -2.5779 5.1732, 3.1358 -2.6804 5.1732, 3.1358 -2.8278 5.1732, 3.1358 -2.8901 5.1732, -3.1358 -1.081 4.1923, -3.1358 1.7112 4.1923, -3.1358 1.7112 0.5118, -3.1358 1.5929 0.5118, -3.1358 1.5929 0.0394, -3.1358 0.4984 0.0394, -3.1358 -0.2318 0.0394, -3.1358 -0.2318 0.1417, -3.1358 0.0102 0.0394, -3.1358 0.2543 0.07, -3.1358 0.2238 0.066, -3.1358 0.3684 -0.0175, -3.1358 0.3566 0.0109, -3.1358 0.3378 0.0354, -3.1358 0.3134 0.0542, -3.1358 0.2849 0.066, -3.1358 -1.5714 5.1644, -3.1358 -1.6476 0.1417, -3.1358 0.1953 0.0542, -3.1358 0.1708 0.0354, -3.1358 0.152 0.0109, -3.1358 0.3134 -1.2726, -3.1358 0.3378 -1.2538, -3.1358 0.4408 -1.34, -3.1358 -1.6476 0.0394, -3.1358 -5.0722 0.0394, -3.1358 -5.0722 5.1732, -3.1358 -1.5539 5.1732, -3.1358 0.4721 -1.2992, -3.1358 0.3566 -1.2294, -3.1358 0.4917 -1.2517, -3.1358 0.3684 -1.2009, -3.1358 0.4984 -1.2008, -3.1358 0.3724 -1.1703, -3.1358 0.3724 -0.0481, -3.1358 0.4 -1.3713, -3.1358 0.3525 -1.3909, -3.1358 0.2849 -1.2844, -3.1358 0.3016 -1.3976, -3.1358 0.2543 -1.2884, -3.1358 0.2071 -1.3976, -3.1358 0.2238 -1.2844, -3.1358 0.1561 -1.3909, -3.1358 0.1953 -1.2726, -3.1358 0.1087 -1.3713, -3.1358 0.1708 -1.2538, -3.1358 0.0679 -1.34, -3.1358 0.152 -1.2294, -3.1358 0.0366 -1.2992, -3.1358 0.1402 -1.2009, -3.1358 0.0169 -1.2517, -3.1358 0.1362 -1.1703, -3.1358 0.0102 -1.2008, -3.1358 0.1362 -0.0481, -3.1358 0.1402 -0.0175, -3.0374 -1.5714 5.1644, -3.0374 -1.5539 5.1732, -3.0374 -5.0722 5.1732, -3.0374 -5.0722 0.0394, -3.0374 -1.6476 0.0394, -3.0374 -1.081 4.1923, -3.0374 1.7112 0.5118, -3.0374 1.7112 4.1923, -3.0374 1.5929 0.5118, -3.0374 -0.2318 0.1417, -3.0374 -0.2318 0.0394, -3.0374 0.0102 0.0394, -3.0374 0.4984 -1.2008, -3.0374 0.4984 0.0394, -3.0374 0.3016 -1.3976, -3.0374 0.2071 -1.3976, -3.0374 1.5929 0.0394, -3.0374 -1.6476 0.1417, -3.0374 0.0102 -1.2008, -3.0374 0.0366 -1.2992, -3.0374 0.0679 -1.34, -3.0374 0.0169 -1.2517, -3.0374 0.1087 -1.3713, -3.0374 0.1561 -1.3909, -3.0374 0.3525 -1.3909, -3.0374 0.4 -1.3713, -3.0374 0.4917 -1.2517, -3.0374 0.4408 -1.34, -3.0374 0.4721 -1.2992, 3.0374 1.7112 4.1923, 3.0374 1.7112 0.5118, 3.0374 -1.081 4.1923, 3.0374 1.5929 0.5118, 3.0374 1.5929 0.0394, 3.0374 0.4984 0.0394, 3.0374 -1.5714 5.1644, 3.0374 -0.2431 0.1417, 3.0374 -1.6201 0.1417, 3.0374 0.2071 -1.3976, 3.0374 0.3016 -1.3976, 3.0374 0.4984 -1.2008, 3.0374 -1.6201 0.0394, 3.0374 -5.0722 0.0394, 3.0374 -5.0722 5.1732, 3.0374 -1.5539 5.1732, 3.0374 -0.2431 0.0394, 3.0374 0.0102 0.0394, 3.0374 0.0102 -1.2008, 3.0374 0.1561 -1.3909, 3.0374 0.1087 -1.3713, 3.0374 0.0679 -1.34, 3.0374 0.0169 -1.2517, 3.0374 0.0366 -1.2992, 3.0374 0.4721 -1.2992, 3.0374 0.4408 -1.34, 3.0374 0.4917 -1.2517, 3.0374 0.4 -1.3713, 3.0374 0.3525 -1.3909, 2.0906 -1.5461 5.1772, 3.0335 -1.5461 5.1772, 3.0335 -5.0961 5.1772, -3.0335 -5.0961 5.1772, -3.0335 -1.5461 5.1772, -2.0906 -1.5461 5.1772, -1.0453 -1.5461 5.1772, 0.0 -1.5461 5.1772, 1.0453 -1.5461 5.1772, -2.1156 3.0386 5.1772, -3.0335 3.0386 5.1772, -3.0335 3.0654 5.1772, 3.0335 3.0654 5.1772, 3.0335 3.0386 5.1772, 2.1156 3.0386 5.1772, 1.0578 3.0386 5.1772, 0.0 3.0386 5.1772, -1.0578 3.0386 5.1772, 3.0532 3.0624 5.2732, 3.0335 3.0654 5.2756, 3.0335 -5.0961 5.2756, 3.1335 -5.0751 5.1929, 3.1354 -1.5363 5.1821, 3.1331 -5.0756 5.196, 3.1358 3.0415 5.1732, 3.1338 3.0444 5.1927, 3.1346 3.0298 5.1891, 3.1337 3.0446 5.1942, 3.1332 3.0449 5.196, 3.1276 3.0474 5.2118, 3.125 -5.079 5.2173, 3.131 3.0461 5.2042, 3.128 -5.078 5.2114, 3.1299 -5.0774 5.2075, 3.1358 -1.5318 5.1732, 3.1358 3.0082 5.1732, 3.1329 -5.0758 5.1975, 3.0971 -5.0858 5.2531, 3.1067 3.0531 5.2437, 3.1049 3.0535 5.2456, 3.125 3.0483 5.2173, 3.1209 3.0498 5.2265, 3.119 -5.081 5.2294, 3.115 3.0513 5.2351, 3.1135 -5.0824 5.237, 3.1133 3.0517 5.2369, 3.1129 -5.0825 5.2378, 3.1058 -5.084 5.2446, 3.1039 -5.0844 5.2465, 3.0867 -5.0877 5.2606, 3.0973 3.0551 5.2532, 3.0776 -5.0892 5.2648, 3.0896 3.0565 5.2588, 3.0776 3.0585 5.2648, 3.098 3.055 5.2527, 3.0953 -5.0862 5.2548, 3.0677 3.0602 5.2697, 3.0562 -5.0926 5.273, 3.0717 3.0595 5.2677, 3.0645 -5.0914 5.2708, 3.072 -5.0901 5.2673, 3.0578 3.0617 5.2727, 3.0562 3.0619 5.2729, 3.0544 -5.0929 5.2734, 3.053 -5.0931 5.2736, 3.0342 -5.0931 5.1769, 3.0337 -1.5461 5.1772, 3.034 -1.5461 5.1771, 3.0344 -5.0921 5.1769, 3.0345 -1.5463 5.177, 3.0349 -5.0901 5.1767, 3.035 -1.5467 5.1769, 3.0354 -5.0881 5.1766, 3.0354 -1.5471 5.1766, 3.0357 -5.0867 5.1764, 3.0364 -5.081 5.1752, 3.0362 -1.5484 5.176, 3.0365 -5.0801 5.175, 3.0369 -1.55 5.1752, 3.036 -5.084 5.1759, 3.036 -5.0841 5.1759, 3.036 -5.0844 5.1759, 3.0371 -1.5519 5.1742, 3.0369 -5.0761 5.1741, 3.0367 -5.078 5.1745, 3.0371 -5.0751 5.1739, 3.0372 3.0444 5.1739, 3.0374 3.0415 5.1732, 3.0373 3.0408 5.1741, 3.0371 3.0449 5.1741, 3.037 3.0402 5.1749, 3.0369 3.0474 5.1747, 3.0352 3.0389 5.1768, 3.0357 3.0551 5.176, 3.0359 3.0392 5.1763, 3.0361 3.0535 5.1758, 3.0362 3.0531 5.1758, 3.0365 3.0517 5.1756, 3.0365 3.0397 5.1757, 3.0367 3.0508 5.1755, 3.0369 3.0483 5.1749, 3.0341 3.0624 5.1768, 3.0339 3.0386 5.1771, 3.0342 3.0619 5.1768, 3.0343 3.0386 5.1771, 3.0348 3.0595 5.1765, 3.0348 3.0387 5.1769, 3.035 3.0585 5.1764, 3.0354 3.0565 5.1762, -3.0578 -5.0924 5.2727, -3.0562 -5.0926 5.2729, -3.0562 3.0619 5.273, -3.1335 3.0444 5.1929, -3.1358 3.0415 5.1732, -3.1346 3.0298 5.1891, -3.1358 3.0082 5.1732, -3.1358 -1.5318 5.1732, -3.1331 3.0449 5.196, -3.1354 -1.5363 5.1821, -3.1338 -5.0751 5.1927, -3.1337 -5.0753 5.1942, -3.1332 -5.0756 5.196, -3.1329 3.0451 5.1975, -3.1276 -5.0781 5.2118, -3.125 3.0483 5.2173, -3.131 -5.0768 5.2042, -3.128 3.0473 5.2114, -3.1299 3.0466 5.2075, -3.1039 3.0537 5.2465, -3.1058 3.0533 5.2446, -3.1133 -5.0824 5.2369, -3.0971 3.0551 5.2531, -3.1067 -5.0838 5.2437, -3.1049 -5.0842 5.2456, -3.125 -5.079 5.2173, -3.1209 -5.0805 5.2265, -3.119 3.0503 5.2294, -3.115 -5.082 5.2351, -3.1135 3.0517 5.237, -3.1129 3.0518 5.2378, -3.0776 3.0585 5.2648, -3.0867 3.057 5.2606, -3.0973 -5.0858 5.2532, -3.098 -5.0857 5.2527, -3.0953 3.0555 5.2548, -3.0896 -5.0872 5.2588, -3.0776 -5.0892 5.2648, -3.072 3.0594 5.2673, -3.0645 3.0607 5.2708, -3.0717 -5.0902 5.2677, -3.0677 -5.0909 5.2697, -3.0335 -5.0961 5.2756, -3.0335 3.0654 5.2756, -3.0532 -5.0931 5.2732, -3.053 3.0624 5.2736, -3.0544 3.0622 5.2734, -3.0372 -5.0751 5.1739, -3.0373 -1.5521 5.1741, -3.0371 -5.0756 5.1741, -3.0369 -5.0781 5.1747, -3.0369 -1.5506 5.1749, -3.0369 -5.079 5.1749, -3.0367 -5.0815 5.1755, -3.0365 -1.549 5.1757, -3.0365 -5.0824 5.1756, -3.0359 -1.5478 5.1763, -3.0361 -5.0842 5.1758, -3.0362 -5.0838 5.1758, -3.0352 -1.5468 5.1768, -3.0354 -5.0872 5.1762, -3.0357 -5.0858 5.176, -3.0339 -1.5461 5.1771, -3.0341 -5.0931 5.1768, -3.0343 -1.5463 5.1771, -3.0342 -5.0927 5.1768, -3.0348 -1.5465 5.1769, -3.0348 -5.0902 5.1765, -3.035 -5.0892 5.1764, -3.0342 3.0624 5.1769, -3.034 3.0386 5.1771, -3.0344 3.0614 5.1769, -3.0345 3.0387 5.177, -3.0349 3.0594 5.1767, -3.035 3.0388 5.1769, -3.0354 3.0574 5.1766, -3.0354 3.039 5.1766, -3.0364 3.0503 5.1752, -3.0362 3.0394 5.176, -3.0365 3.0494 5.175, -3.0369 3.04 5.1752, -3.036 3.0533 5.1759, -3.036 3.0534 5.1759, -3.0359 3.0392 5.1764, -3.036 3.0537 5.1759, -3.0357 3.056 5.1764, -3.0374 3.0415 5.1732, -3.0371 3.0444 5.1739, -3.0373 3.0407 5.1743, -3.0369 3.0454 5.1741, -3.0367 3.0473 5.1745, 1.2243 -5.1984 0.9385, 0.7806 -5.1984 0.9385, 0.7806 -5.1984 0.1417, -3.0096 -5.1984 0.1417, -0.7806 -5.1984 0.1417, -1.3165 -5.1984 0.676, -2.6332 -5.1984 0.676, -2.6332 -5.1984 1.4747, -3.0096 -5.1984 5.1732, -2.4597 -5.1984 2.4268, 2.4597 -5.1984 3.2685, 3.0096 -5.1984 0.1417, 3.0096 -5.1984 5.1732, -0.7806 -5.1984 0.9385, -1.2243 -5.1984 0.9385, -1.3165 -5.1984 1.4747, -1.2243 -5.1984 1.6934, -2.4597 -5.1984 1.6934, -2.0896 -5.1984 2.4268, -2.0896 -5.1984 3.2685, -2.4597 -5.1984 3.2685, -2.4597 -5.1984 4.3943, 2.4597 -5.1984 4.3943, 2.0896 -5.1984 3.2685, 2.0896 -5.1984 2.4268, 2.4597 -5.1984 2.4268, 2.4597 -5.1984 1.6934, 2.6332 -5.1984 1.4747, 1.3165 -5.1984 1.4747, 1.2243 -5.1984 1.6934, 1.3165 -5.1984 0.676, 2.6332 -5.1984 0.676, -2.4597 -5.1 3.2685, -3.0096 -5.1 0.1417, -3.0096 -5.1 5.1732, 2.4597 -5.1 1.6934, 3.0096 -5.1 0.1417, 1.8057 -5.1 0.1417, -0.7806 -5.1 0.9385, -0.7806 -5.1 0.1417, -1.2243 -5.1 0.9385, -1.8057 -5.1 0.1417, 1.2243 -5.1 1.6934, 1.2243 -5.1 0.9385, 0.7806 -5.1 0.9385, 0.7806 -5.1 0.1417, -1.2243 -5.1 1.6934, -2.4597 -5.1 1.6934, -2.4597 -5.1 2.4268, -2.0896 -5.1 2.4268, -2.0896 -5.1 3.2685, 2.0896 -5.1 2.4268, 2.0896 -5.1 3.2685, 2.4597 -5.1 2.4268, 2.4597 -5.1 3.2685, 3.0096 -5.1 5.1732, 2.4597 -5.1 4.3943, -2.4597 -5.1 4.3943, -3.06 -0.2318 0.0429, -3.0846 -0.2318 0.0531, -3.1058 -0.2318 0.0694, -3.1221 -0.2318 0.0906, -3.1323 -0.2318 0.1152, -3.1058 -1.6476 0.0694, -3.0846 -1.6476 0.0531, -3.06 -1.6476 0.0429, -3.1323 -1.6476 0.1152, -3.1221 -1.6476 0.0906, 3.1058 -1.6201 0.0694, 3.1221 -1.6201 0.0906, 3.1323 -1.6201 0.1152, 3.06 -1.6201 0.0429, 3.0846 -1.6201 0.0531, 3.1323 -0.2431 0.1152, 3.1221 -0.2431 0.0906, 3.1058 -0.2431 0.0694, 3.0846 -0.2431 0.0531, 3.06 -0.2431 0.0429, -3.1358 -1.0567 4.2317, -3.1358 1.7244 4.2317, 3.1358 -1.0567 4.2317, 3.1358 1.7244 4.2317, -3.0096 -5.1031 5.1732, -3.0096 -5.1496 5.1732, -3.0096 -5.1248 5.1732, -3.0096 -5.1186 5.1732, -3.0096 -5.1124 5.1732, -3.0096 -5.1062 5.1732, 3.0348 3.0624 5.1801, 3.0385 3.0531 5.1781, 3.0405 3.0415 5.1732, 3.0356 3.0639 5.1956, 3.0362 3.0639 5.2018, 3.039 3.0624 5.2014, 3.0381 3.061 5.1889, 3.0396 3.0595 5.1884, 3.0373 3.0595 5.1826, 3.0398 3.055 5.1811, 3.0406 3.0535 5.1804, 3.0384 3.0535 5.1782, 3.0462 3.0517 5.1834, 3.0471 3.0503 5.1822, 3.0419 3.0503 5.1788, 3.0479 3.0488 5.1808, 3.0486 3.0474 5.1794, 3.0428 3.0474 5.1771, 3.0424 3.0488 5.178, 3.072 3.0531 5.2103, 3.071 3.0535 5.2113, 3.087 3.0415 5.1732, 3.086 3.0444 5.1834, 3.0782 3.0503 5.2026, 3.0829 3.0474 5.1935, 3.0628 3.0565 5.2179, 3.0535 3.0595 5.2228, 3.0438 3.0624 5.2257, 3.0335 3.0654 5.2267, 3.0622 3.0415 5.1732, 3.056 3.0415 5.1732, 3.0559 3.0429 5.1754, 3.0497 3.0429 5.1748, 3.0495 3.0444 5.1763, 3.0435 3.0429 5.1742, 3.0434 3.0444 5.1752, 3.0404 3.0444 5.1746, 3.055 3.0459 5.1797, 3.061 3.0459 5.1815, 3.0616 3.0444 5.1787, 3.0543 3.0474 5.1818, 3.0523 3.0503 5.1856, 3.06 3.0474 5.1841, 3.0497 3.0531 5.1888, 3.0575 3.0503 5.189, 3.0542 3.0531 5.1931, 3.0493 3.0535 5.1893, 3.0536 3.0535 5.1937, 3.0515 3.055 5.1956, 3.0476 3.055 5.1907, 3.0458 3.0565 5.192, 3.0449 3.0535 5.1849, 3.0437 3.055 5.1859, 3.0424 3.0565 5.1869, 3.0492 3.0565 5.1972, 3.0439 3.058 5.1932, 3.0468 3.058 5.1986, 3.039 3.0565 5.1817, 3.0373 3.0565 5.1791, 3.0382 3.058 5.1822, 3.0361 3.0595 5.1797, 3.041 3.058 5.1877, 3.0442 3.0595 5.1998, 3.0419 3.0595 5.1941, 3.0378 3.0624 5.1953, 3.0354 3.0624 5.1832, 3.0364 3.061 5.1829, 3.0366 3.0624 5.1892, 3.0335 3.0654 5.2019, 3.0335 3.0654 5.1958, 3.0335 3.0654 5.1896, 3.0335 3.0654 5.1803, 3.0335 3.0654 5.1834, 3.0344 3.0639 5.1833, 3.035 3.0639 5.1895, 3.0498 3.0415 5.1732, 3.0436 3.0415 5.1732, 3.04 3.0474 5.1759, 3.0432 3.0459 5.1761, 3.0491 3.0459 5.1779, 3.0556 3.0444 5.1775, 3.062 3.0429 5.176, 3.0367 3.0508 5.1755, 3.0393 3.0503 5.1771, 3.0414 3.0517 5.1795, 3.0408 3.0531 5.1803, 3.0452 3.0531 5.1845, 3.0404 -5.0751 5.1746, 3.0335 -5.0961 5.1803, 3.0559 -5.0736 5.1754, 3.062 -5.0736 5.176, 3.0616 -5.0751 5.1788, 3.0436 -5.0858 5.186, 3.0424 -5.0872 5.1869, 3.039 -5.0872 5.1817, 3.0411 -5.0887 5.1877, 3.0397 -5.0901 5.1883, 3.0373 -5.0901 5.1826, 3.0382 -5.0887 5.1822, 3.0705 -5.0844 5.2118, 3.0715 -5.084 5.2108, 3.0335 -5.0961 5.2267, 3.0437 -5.0931 5.2257, 3.0628 -5.0872 5.2179, 3.0538 -5.0901 5.2227, 3.0781 -5.081 5.2026, 3.083 -5.078 5.1933, 3.0859 -5.0751 5.1835, 3.087 -5.0722 5.1732, 3.0335 -5.0961 5.1958, 3.0335 -5.0961 5.1896, 3.035 -5.0946 5.1895, 3.0335 -5.0961 5.1834, 3.0344 -5.0946 5.1833, 3.0348 -5.0931 5.1801, 3.0335 -5.0961 5.2019, 3.0356 -5.0946 5.1956, 3.0366 -5.0931 5.1893, 3.0354 -5.0931 5.1832, 3.0364 -5.0916 5.1829, 3.0361 -5.0901 5.1797, 3.0381 -5.0916 5.1889, 3.0378 -5.0931 5.1953, 3.0362 -5.0946 5.2018, 3.0399 -5.0916 5.1948, 3.0417 -5.0916 5.2007, 3.0389 -5.0931 5.2014, 3.042 -5.0901 5.194, 3.0458 -5.0872 5.1921, 3.0444 -5.0901 5.1998, 3.0491 -5.0844 5.1895, 3.0492 -5.0872 5.1972, 3.0534 -5.0844 5.1939, 3.0495 -5.084 5.1891, 3.0539 -5.084 5.1934, 3.0558 -5.0825 5.1913, 3.051 -5.0825 5.1874, 3.0523 -5.081 5.1856, 3.0407 -5.084 5.1803, 3.0385 -5.084 5.1782, 3.0413 -5.0825 5.1796, 3.0393 -5.081 5.1771, 3.0419 -5.081 5.1788, 3.0574 -5.081 5.189, 3.0534 -5.0795 5.1837, 3.0589 -5.0795 5.1866, 3.0424 -5.0795 5.1779, 3.04 -5.078 5.1759, 3.0428 -5.078 5.177, 3.0451 -5.084 5.1847, 3.0462 -5.0825 5.1835, 3.0471 -5.081 5.1822, 3.0479 -5.0795 5.1808, 3.0486 -5.078 5.1794, 3.0491 -5.0766 5.1779, 3.0601 -5.078 5.184, 3.0543 -5.078 5.1817, 3.0556 -5.0751 5.1776, 3.0434 -5.0751 5.1752, 3.0432 -5.0766 5.1761, 3.0495 -5.0751 5.1764, 3.0622 -5.0722 5.1732, 3.056 -5.0722 5.1732, 3.0498 -5.0722 5.1732, 3.0405 -5.0722 5.1732, 3.0436 -5.0722 5.1732, 3.0435 -5.0736 5.1742, 3.0497 -5.0736 5.1748, 3.0373 -5.0872 5.1791, 3.0357 -5.0867 5.1764, 3.0383 -5.0844 5.1783, 3.0398 -5.0858 5.1812, 3.0405 -5.0844 5.1805, 3.0448 -5.0844 5.185, -3.0348 -5.0931 5.1801, -3.0385 -5.0838 5.1781, -3.0405 -5.0722 5.1732, -3.0356 -5.0946 5.1956, -3.0362 -5.0946 5.2018, -3.039 -5.0931 5.2014, -3.0381 -5.0917 5.1889, -3.0396 -5.0902 5.1884, -3.0373 -5.0902 5.1826, -3.0398 -5.0857 5.1811, -3.0406 -5.0842 5.1804, -3.0384 -5.0842 5.1782, -3.0462 -5.0824 5.1834, -3.0471 -5.081 5.1822, -3.0419 -5.081 5.1788, -3.0479 -5.0795 5.1808, -3.0486 -5.0781 5.1794, -3.0428 -5.0781 5.1771, -3.0424 -5.0795 5.178, -3.072 -5.0838 5.2103, -3.071 -5.0842 5.2113, -3.087 -5.0722 5.1732, -3.086 -5.0751 5.1834, -3.0782 -5.081 5.2026, -3.0829 -5.0781 5.1935, -3.0628 -5.0872 5.2179, -3.0535 -5.0902 5.2228, -3.0438 -5.0931 5.2257, -3.0335 -5.0961 5.2267, -3.0622 -5.0722 5.1732, -3.056 -5.0722 5.1732, -3.0559 -5.0736 5.1754, -3.0497 -5.0736 5.1748, -3.0495 -5.0751 5.1763, -3.0435 -5.0736 5.1742, -3.0434 -5.0751 5.1752, -3.0404 -5.0751 5.1746, -3.055 -5.0766 5.1797, -3.061 -5.0766 5.1815, -3.0616 -5.0751 5.1787, -3.0543 -5.0781 5.1818, -3.0523 -5.081 5.1856, -3.06 -5.0781 5.1841, -3.0497 -5.0838 5.1888, -3.0575 -5.081 5.189, -3.0542 -5.0838 5.1931, -3.0493 -5.0842 5.1893, -3.0536 -5.0842 5.1937, -3.0515 -5.0857 5.1956, -3.0476 -5.0857 5.1907, -3.0458 -5.0872 5.192, -3.0449 -5.0842 5.1849, -3.0437 -5.0857 5.1859, -3.0424 -5.0872 5.1869, -3.0492 -5.0872 5.1972, -3.0439 -5.0887 5.1932, -3.0468 -5.0887 5.1986, -3.039 -5.0872 5.1817, -3.0373 -5.0872 5.1791, -3.0382 -5.0887 5.1822, -3.0361 -5.0902 5.1797, -3.041 -5.0887 5.1877, -3.0442 -5.0902 5.1998, -3.0419 -5.0902 5.1941, -3.0378 -5.0931 5.1953, -3.0354 -5.0931 5.1832, -3.0364 -5.0917 5.1829, -3.0366 -5.0931 5.1892, -3.0335 -5.0961 5.2019, -3.0335 -5.0961 5.1958, -3.0335 -5.0961 5.1896, -3.0335 -5.0961 5.1803, -3.0335 -5.0961 5.1834, -3.0344 -5.0946 5.1833, -3.035 -5.0946 5.1895, -3.0498 -5.0722 5.1732, -3.0436 -5.0722 5.1732, -3.04 -5.0781 5.1759, -3.0432 -5.0766 5.1761, -3.0491 -5.0766 5.1779, -3.0556 -5.0751 5.1775, -3.062 -5.0736 5.176, -3.0367 -5.0815 5.1755, -3.0393 -5.081 5.1771, -3.0414 -5.0824 5.1795, -3.0408 -5.0838 5.1803, -3.0452 -5.0838 5.1845, -3.0404 3.0444 5.1746, -3.0335 3.0654 5.1803, -3.0559 3.0429 5.1754, -3.062 3.0429 5.176, -3.0616 3.0444 5.1788, -3.0436 3.0551 5.186, -3.0424 3.0565 5.1869, -3.039 3.0565 5.1817, -3.0411 3.058 5.1877, -3.0397 3.0594 5.1883, -3.0373 3.0594 5.1826, -3.0382 3.058 5.1822, -3.0705 3.0537 5.2118, -3.0715 3.0533 5.2108, -3.0335 3.0654 5.2267, -3.0437 3.0624 5.2257, -3.0628 3.0565 5.2179, -3.0538 3.0594 5.2227, -3.0781 3.0503 5.2026, -3.083 3.0473 5.1933, -3.0859 3.0444 5.1835, -3.087 3.0415 5.1732, -3.0335 3.0654 5.1958, -3.0335 3.0654 5.1896, -3.035 3.0639 5.1895, -3.0335 3.0654 5.1834, -3.0344 3.0639 5.1833, -3.0348 3.0624 5.1801, -3.0335 3.0654 5.2019, -3.0356 3.0639 5.1956, -3.0366 3.0624 5.1893, -3.0354 3.0624 5.1832, -3.0364 3.0609 5.1829, -3.0361 3.0594 5.1797, -3.0381 3.0609 5.1889, -3.0378 3.0624 5.1953, -3.0362 3.0639 5.2018, -3.0399 3.0609 5.1948, -3.0417 3.0609 5.2007, -3.0389 3.0624 5.2014, -3.042 3.0594 5.194, -3.0458 3.0565 5.1921, -3.0444 3.0594 5.1998, -3.0491 3.0537 5.1895, -3.0492 3.0565 5.1972, -3.0534 3.0537 5.1939, -3.0495 3.0533 5.1891, -3.0539 3.0533 5.1934, -3.0558 3.0518 5.1913, -3.051 3.0518 5.1874, -3.0523 3.0503 5.1856, -3.0407 3.0533 5.1803, -3.0385 3.0533 5.1782, -3.0413 3.0518 5.1796, -3.0393 3.0503 5.1771, -3.0419 3.0503 5.1788, -3.0574 3.0503 5.189, -3.0534 3.0488 5.1837, -3.0589 3.0488 5.1866, -3.0424 3.0488 5.1779, -3.04 3.0473 5.1759, -3.0428 3.0473 5.177, -3.0451 3.0533 5.1847, -3.0462 3.0518 5.1835, -3.0471 3.0503 5.1822, -3.0479 3.0488 5.1808, -3.0486 3.0473 5.1794, -3.0491 3.0459 5.1779, -3.0601 3.0473 5.184, -3.0543 3.0473 5.1817, -3.0556 3.0444 5.1776, -3.0434 3.0444 5.1752, -3.0432 3.0459 5.1761, -3.0495 3.0444 5.1764, -3.0622 3.0415 5.1732, -3.056 3.0415 5.1732, -3.0498 3.0415 5.1732, -3.0405 3.0415 5.1732, -3.0436 3.0415 5.1732, -3.0435 3.0429 5.1742, -3.0497 3.0429 5.1748, -3.0373 3.0565 5.1791, -3.0357 3.056 5.1764, -3.0383 3.0537 5.1783, -3.0398 3.0551 5.1812, -3.0405 3.0537 5.1805, -3.0448 3.0537 5.185, 3.0305 -5.0974 5.1801, 3.0305 -5.0967 5.1768, 3.0096 -5.1031 5.1732, 3.0125 -5.0998 5.1739, 3.032 -5.0982 5.1956, 3.032 -5.0988 5.2018, 3.0305 -5.1016 5.2014, 3.0198 -5.1088 5.1834, 3.0184 -5.1097 5.1822, 3.0184 -5.1045 5.1788, 3.0169 -5.1105 5.1808, 3.0155 -5.1112 5.1794, 3.0155 -5.1054 5.1771, 3.0169 -5.105 5.178, 3.0096 -5.1496 5.1732, 3.0125 -5.1486 5.1834, 3.0135 -5.1948 5.1997, 3.0127 -5.1963 5.1942, 3.0125 -5.1964 5.1927, 3.0184 -5.1408 5.2026, 3.0175 -5.1845 5.2243, 3.0155 -5.1455 5.1935, 3.0155 -5.1902 5.2118, 3.0142 -5.1936 5.2042, 3.0212 -5.1346 5.2103, 3.0194 -5.1776 5.2351, 3.0179 -5.1835 5.2265, 3.0231 -5.1606 5.2527, 3.0216 -5.1675 5.2456, 3.0216 -5.1336 5.2113, 3.0215 -5.1679 5.2451, 3.0212 -5.1693 5.2437, 3.0246 -5.1522 5.2588, 3.0246 -5.1254 5.2179, 3.0255 -5.147 5.2614, 3.0276 -5.1161 5.2228, 3.0298 -5.1204 5.2727, 3.0295 -5.1225 5.272, 3.0305 -5.1064 5.2257, 3.0283 -5.1303 5.2697, 3.0276 -5.1343 5.2677, 3.0305 -5.1158 5.2732, 3.0096 -5.1186 5.1732, 3.0096 -5.1124 5.1732, 3.011 -5.1123 5.1748, 3.0096 -5.1062 5.1732, 3.011 -5.1061 5.1742, 3.0125 -5.103 5.1746, 3.0096 -5.1248 5.1732, 3.011 -5.1185 5.1754, 3.0125 -5.1121 5.1763, 3.0125 -5.106 5.1752, 3.014 -5.1058 5.1761, 3.0155 -5.1026 5.1759, 3.014 -5.1117 5.1779, 3.0125 -5.1182 5.1775, 3.011 -5.1246 5.176, 3.014 -5.1176 5.1797, 3.014 -5.1236 5.1815, 3.0125 -5.1242 5.1787, 3.0155 -5.1169 5.1818, 3.0184 -5.1149 5.1856, 3.0155 -5.1226 5.1841, 3.0212 -5.1123 5.1888, 3.0184 -5.1201 5.189, 3.0212 -5.1168 5.1931, 3.0216 -5.1119 5.1893, 3.0216 -5.1162 5.1937, 3.0231 -5.1141 5.1956, 3.0231 -5.1102 5.1907, 3.0246 -5.1084 5.192, 3.0216 -5.1032 5.1804, 3.0216 -5.101 5.1782, 3.0231 -5.1024 5.1811, 3.0246 -5.0999 5.1791, 3.0246 -5.1016 5.1817, 3.0246 -5.1118 5.1972, 3.0261 -5.1065 5.1932, 3.0261 -5.1094 5.1986, 3.0261 -5.1008 5.1822, 3.0276 -5.0987 5.1797, 3.0276 -5.0999 5.1826, 3.0216 -5.1075 5.1849, 3.0231 -5.1063 5.1859, 3.0246 -5.105 5.1869, 3.0261 -5.1036 5.1877, 3.0276 -5.1022 5.1884, 3.0291 -5.1007 5.1889, 3.0276 -5.1068 5.1998, 3.0276 -5.1045 5.1941, 3.0305 -5.1004 5.1953, 3.0305 -5.098 5.1832, 3.0291 -5.0989 5.1829, 3.0305 -5.0992 5.1892, 3.032 -5.097 5.1833, 3.032 -5.0976 5.1895, 3.0135 -5.0997 5.1742, 3.0155 -5.0995 5.1747, 3.0184 -5.1019 5.1771, 3.0175 -5.0994 5.1752, 3.0189 -5.0993 5.1755, 3.0212 -5.0988 5.1758, 3.0212 -5.1011 5.1781, 3.0198 -5.104 5.1795, 3.0212 -5.1034 5.1803, 3.0212 -5.1078 5.1845, 3.0215 -5.0987 5.1758, 3.0216 -5.0987 5.1758, 3.0246 -5.098 5.1762, 3.0255 -5.0978 5.1763, 3.0276 -5.0974 5.1765, 3.0295 -5.0969 5.1767, -3.0125 -5.103 5.1746, -3.0125 -5.0997 5.1739, -3.0305 -5.0968 5.1769, -3.011 -5.1185 5.1754, -3.011 -5.1246 5.176, -3.0125 -5.1242 5.1788, -3.0232 -5.1062 5.186, -3.0246 -5.105 5.1869, -3.0246 -5.1016 5.1817, -3.0261 -5.1037 5.1877, -3.0275 -5.1023 5.1883, -3.0275 -5.0999 5.1826, -3.0261 -5.1008 5.1822, -3.0305 -5.1063 5.2257, -3.0295 -5.1225 5.272, -3.0303 -5.117 5.2734, -3.0305 -5.1156 5.2736, -3.0246 -5.1254 5.2179, -3.0255 -5.1471 5.2616, -3.0275 -5.1163 5.2227, -3.0275 -5.1346 5.2673, -3.0288 -5.1271 5.2708, -3.0218 -5.1331 5.2118, -3.0236 -5.1579 5.2548, -3.0251 -5.1493 5.2606, -3.0199 -5.1755 5.2378, -3.0214 -5.1684 5.2446, -3.0214 -5.1341 5.2108, -3.0215 -5.1679 5.2451, -3.0218 -5.1665 5.2465, -3.0184 -5.1816 5.2294, -3.0184 -5.1407 5.2026, -3.0175 -5.1842 5.2242, -3.0154 -5.1456 5.1933, -3.0132 -5.1955 5.1975, -3.0135 -5.1949 5.1997, -3.0125 -5.1485 5.1835, -3.0148 -5.1925 5.2075, -3.0154 -5.1906 5.2114, -3.0125 -5.1961 5.1929, -3.032 -5.0976 5.1895, -3.032 -5.097 5.1833, -3.0305 -5.0974 5.1801, -3.032 -5.0982 5.1956, -3.0305 -5.0992 5.1893, -3.0305 -5.098 5.1832, -3.029 -5.099 5.1829, -3.0275 -5.0987 5.1797, -3.029 -5.1007 5.1889, -3.0305 -5.1004 5.1953, -3.032 -5.0988 5.2018, -3.029 -5.1025 5.1948, -3.029 -5.1043 5.2007, -3.0305 -5.1015 5.2014, -3.0275 -5.1046 5.194, -3.0246 -5.1084 5.1921, -3.0275 -5.107 5.1998, -3.0218 -5.1117 5.1895, -3.0246 -5.1118 5.1972, -3.0218 -5.116 5.1939, -3.0214 -5.1121 5.1891, -3.0214 -5.1165 5.1934, -3.0199 -5.1184 5.1913, -3.0199 -5.1136 5.1874, -3.0184 -5.1149 5.1856, -3.0214 -5.1033 5.1803, -3.0214 -5.1011 5.1782, -3.0199 -5.1039 5.1796, -3.0184 -5.1019 5.1771, -3.0184 -5.1045 5.1788, -3.0184 -5.12 5.189, -3.0169 -5.116 5.1837, -3.0169 -5.1215 5.1866, -3.0169 -5.105 5.1779, -3.0154 -5.1026 5.1759, -3.0154 -5.1054 5.177, -3.0214 -5.1077 5.1847, -3.0199 -5.1088 5.1835, -3.0184 -5.1097 5.1822, -3.0169 -5.1105 5.1808, -3.0154 -5.1112 5.1794, -3.014 -5.1117 5.1779, -3.0154 -5.1227 5.184, -3.0154 -5.1169 5.1817, -3.0125 -5.1181 5.1776, -3.0125 -5.106 5.1752, -3.014 -5.1058 5.1761, -3.0125 -5.1121 5.1764, -3.011 -5.1061 5.1742, -3.011 -5.1123 5.1748, -3.0295 -5.097 5.1769, -3.0275 -5.0975 5.1767, -3.0246 -5.0999 5.1791, -3.0255 -5.098 5.1766, -3.0241 -5.0983 5.1764, -3.0218 -5.0986 5.1759, -3.0218 -5.1009 5.1783, -3.0232 -5.1024 5.1812, -3.0218 -5.1031 5.1805, -3.0218 -5.1074 5.185, -3.0215 -5.0986 5.1759, -3.0214 -5.0986 5.1759, -3.0184 -5.099 5.1752, -3.0175 -5.0991 5.175, -3.0154 -5.0993 5.1745, -3.0135 -5.0995 5.1741, -3.0241 -5.0983 5.1764, 3.0189 -5.0993 5.1755, -3.0305 3.0667 5.1801, -3.0305 3.066 5.1768, -3.0096 3.0724 5.1732, -3.0096 3.0693 5.1732, -3.0125 3.0691 5.1739, -3.032 3.0675 5.1956, -3.032 3.0681 5.2018, -3.0305 3.0709 5.2014, -3.0198 3.0781 5.1834, -3.0184 3.079 5.1822, -3.0184 3.0738 5.1788, -3.0169 3.0798 5.1808, -3.0155 3.0804 5.1794, -3.0155 3.0747 5.1771, -3.0169 3.0743 5.178, -3.0096 3.1677 5.1732, -3.0096 3.1189 5.1732, -3.0125 3.1178 5.1834, -3.0135 3.1641 5.1997, -3.0127 3.1655 5.1942, -3.0125 3.1657 5.1927, -3.0184 3.1101 5.2026, -3.0175 3.1538 5.2243, -3.0155 3.1148 5.1935, -3.0155 3.1595 5.2118, -3.0142 3.1629 5.2042, -3.0212 3.1039 5.2103, -3.0194 3.1469 5.2351, -3.0179 3.1528 5.2265, -3.0231 3.1299 5.2527, -3.0216 3.1367 5.2456, -3.0216 3.1029 5.2113, -3.0215 3.1372 5.2451, -3.0212 3.1386 5.2437, -3.0246 3.1215 5.2588, -3.0246 3.0947 5.2179, -3.0255 3.1163 5.2614, -3.0276 3.0854 5.2228, -3.0298 3.0897 5.2727, -3.0295 3.0918 5.272, -3.0305 3.0757 5.2257, -3.0283 3.0996 5.2697, -3.0276 3.1036 5.2677, -3.0305 3.0851 5.2732, -3.0096 3.0879 5.1732, -3.0096 3.0817 5.1732, -3.011 3.0816 5.1748, -3.0096 3.0755 5.1732, -3.011 3.0754 5.1742, -3.0125 3.0723 5.1746, -3.0096 3.0941 5.1732, -3.011 3.0878 5.1754, -3.0125 3.0814 5.1763, -3.0125 3.0753 5.1752, -3.014 3.0751 5.1761, -3.0155 3.0719 5.1759, -3.014 3.081 5.1779, -3.0125 3.0875 5.1775, -3.011 3.0939 5.176, -3.014 3.0869 5.1797, -3.014 3.0928 5.1815, -3.0125 3.0935 5.1787, -3.0155 3.0862 5.1818, -3.0184 3.0842 5.1856, -3.0155 3.0919 5.1841, -3.0212 3.0816 5.1888, -3.0184 3.0894 5.189, -3.0212 3.0861 5.1931, -3.0216 3.0812 5.1893, -3.0216 3.0855 5.1937, -3.0231 3.0834 5.1956, -3.0231 3.0795 5.1907, -3.0246 3.0777 5.192, -3.0216 3.0725 5.1804, -3.0216 3.0703 5.1782, -3.0231 3.0717 5.1811, -3.0246 3.0692 5.1791, -3.0246 3.0709 5.1817, -3.0246 3.0811 5.1972, -3.0261 3.0758 5.1932, -3.0261 3.0787 5.1986, -3.0261 3.0701 5.1822, -3.0276 3.068 5.1797, -3.0276 3.0692 5.1826, -3.0216 3.0768 5.1849, -3.0231 3.0756 5.1859, -3.0246 3.0743 5.1869, -3.0261 3.0729 5.1877, -3.0276 3.0715 5.1884, -3.0291 3.07 5.1889, -3.0276 3.0761 5.1998, -3.0276 3.0738 5.1941, -3.0305 3.0697 5.1953, -3.0305 3.0673 5.1832, -3.0291 3.0682 5.1829, -3.0305 3.0685 5.1892, -3.032 3.0663 5.1833, -3.032 3.0669 5.1895, -3.0135 3.069 5.1742, -3.0155 3.0688 5.1747, -3.0184 3.0712 5.1771, -3.0175 3.0687 5.1752, -3.0189 3.0686 5.1755, -3.0212 3.0681 5.1758, -3.0212 3.0704 5.1781, -3.0198 3.0733 5.1795, -3.0212 3.0727 5.1803, -3.0212 3.0771 5.1845, -3.0215 3.068 5.1758, -3.0216 3.068 5.1758, -3.0246 3.0673 5.1762, -3.0255 3.0671 5.1763, -3.0276 3.0666 5.1765, -3.0295 3.0662 5.1767, 3.0125 3.0723 5.1746, 3.0125 3.069 5.1739, 3.0096 3.0693 5.1732, 3.0305 3.0661 5.1769, 3.011 3.0878 5.1754, 3.011 3.0939 5.176, 3.0125 3.0935 5.1788, 3.0232 3.0755 5.186, 3.0246 3.0743 5.1869, 3.0246 3.0709 5.1817, 3.0261 3.073 5.1877, 3.0275 3.0715 5.1883, 3.0275 3.0692 5.1826, 3.0261 3.0701 5.1822, 3.0305 3.0756 5.2257, 3.0295 3.0918 5.272, 3.0303 3.0863 5.2734, 3.0305 3.0849 5.2736, 3.0246 3.0947 5.2179, 3.0255 3.1164 5.2616, 3.0275 3.0856 5.2227, 3.0275 3.1039 5.2673, 3.0288 3.0964 5.2708, 3.0218 3.1024 5.2118, 3.0236 3.1272 5.2548, 3.0251 3.1186 5.2606, 3.0199 3.1448 5.2378, 3.0214 3.1377 5.2446, 3.0214 3.1034 5.2108, 3.0215 3.1372 5.2451, 3.0218 3.1358 5.2465, 3.0184 3.1509 5.2294, 3.0184 3.11 5.2026, 3.0175 3.1535 5.2242, 3.0154 3.1149 5.1933, 3.0132 3.1648 5.1975, 3.0135 3.1641 5.1997, 3.0125 3.1178 5.1835, 3.0148 3.1618 5.2075, 3.0154 3.1599 5.2114, 3.0125 3.1653 5.1929, 3.0096 3.1189 5.1732, 3.0096 3.1677 5.1732, 3.032 3.0669 5.1895, 3.032 3.0663 5.1833, 3.0305 3.0667 5.1801, 3.032 3.0675 5.1956, 3.0305 3.0685 5.1893, 3.0305 3.0673 5.1832, 3.029 3.0683 5.1829, 3.0275 3.068 5.1797, 3.029 3.07 5.1889, 3.0305 3.0696 5.1953, 3.032 3.0681 5.2018, 3.029 3.0718 5.1948, 3.029 3.0736 5.2007, 3.0305 3.0708 5.2014, 3.0275 3.0739 5.194, 3.0246 3.0777 5.1921, 3.0275 3.0762 5.1998, 3.0218 3.081 5.1895, 3.0246 3.0811 5.1972, 3.0218 3.0853 5.1939, 3.0214 3.0814 5.1891, 3.0214 3.0858 5.1934, 3.0199 3.0877 5.1913, 3.0199 3.0829 5.1874, 3.0184 3.0842 5.1856, 3.0214 3.0726 5.1803, 3.0214 3.0704 5.1782, 3.0199 3.0732 5.1796, 3.0184 3.0712 5.1771, 3.0184 3.0738 5.1788, 3.0184 3.0893 5.189, 3.0169 3.0853 5.1837, 3.0169 3.0908 5.1866, 3.0169 3.0743 5.1779, 3.0154 3.0719 5.1759, 3.0154 3.0747 5.177, 3.0214 3.077 5.1847, 3.0199 3.078 5.1835, 3.0184 3.079 5.1822, 3.0169 3.0798 5.1808, 3.0154 3.0805 5.1794, 3.014 3.081 5.1779, 3.0154 3.092 5.184, 3.0154 3.0862 5.1817, 3.0125 3.0874 5.1776, 3.0125 3.0753 5.1752, 3.014 3.0751 5.1761, 3.0125 3.0814 5.1764, 3.0096 3.0941 5.1732, 3.0096 3.0879 5.1732, 3.0096 3.0817 5.1732, 3.0096 3.0724 5.1732, 3.0096 3.0755 5.1732, 3.011 3.0754 5.1742, 3.011 3.0816 5.1748, 3.0295 3.0663 5.1769, 3.0275 3.0668 5.1767, 3.0246 3.0692 5.1791, 3.0255 3.0673 5.1766, 3.0241 3.0676 5.1764, 3.0218 3.0679 5.1759, 3.0218 3.0702 5.1783, 3.0232 3.0717 5.1812, 3.0218 3.0724 5.1805, 3.0218 3.0767 5.185, 3.0215 3.0679 5.1759, 3.0214 3.0679 5.1759, 3.0184 3.0683 5.1752, 3.0175 3.0684 5.175, 3.0154 3.0686 5.1745, 3.0135 3.0688 5.1741, 3.0241 3.0676 5.1764, -3.0189 3.0686 5.1755, -3.0096 3.0693 5.1575, -3.0096 3.1677 5.1575, 3.0096 3.1677 5.1575, -3.0096 3.1677 0.5118, 3.0096 3.1677 0.5118, -3.0096 3.0693 0.5118, 3.0096 3.0693 0.5118, 3.0096 3.0693 5.1575, 3.0096 -5.0999 0.1407, 3.0096 -5.1949 0.1152, 3.0096 -5.0995 0.1398, 3.0096 -5.1847 0.0906, 3.0096 -5.0988 0.139, 3.0096 -5.1684 0.0694, 3.0096 -5.098 0.1383, 3.0096 -5.1472 0.0531, 3.0096 -5.0971 0.1379, 3.0096 -5.1226 0.0429, 3.0096 -5.0961 0.1378, 3.0096 -5.0961 0.0394, -3.0096 -5.0961 0.1378, -3.0096 -5.0961 0.0394, -3.0096 -5.0971 0.1379, -3.0096 -5.1226 0.0429, -3.0096 -5.098 0.1383, -3.0096 -5.1472 0.0531, -3.0096 -5.0988 0.139, -3.0096 -5.1684 0.0694, -3.0096 -5.0995 0.1398, -3.0096 -5.1847 0.0906, -3.0096 -5.0999 0.1407, -3.0096 -5.1949 0.1152, 1.8057 -5.0999 0.1407, -0.6019 -5.1 0.1417, -0.6019 -5.0999 0.1407, -1.8057 -5.0961 0.1378, -1.8057 -5.0971 0.1379, -1.8057 -5.098 0.1383, -1.8057 -5.0988 0.139, -1.8057 -5.0995 0.1398, -1.8057 -5.0999 0.1407, -0.6019 -5.0961 0.1378, -0.6019 -5.0971 0.1379, -0.6019 -5.098 0.1383, -0.6019 -5.0988 0.139, -0.6019 -5.0995 0.1398, 0.6019 -5.0961 0.1378, 0.6019 -5.0971 0.1379, 0.6019 -5.098 0.1383, 0.6019 -5.0988 0.139, 0.6019 -5.0995 0.1398, 0.6019 -5.0999 0.1407, 0.6019 -5.1 0.1417, 1.8057 -5.0995 0.1398, 1.8057 -5.0988 0.139, 1.8057 -5.098 0.1383, 1.8057 -5.0971 0.1379, 1.8057 -5.0961 0.1378, -3.0096 -4.0961 0.1378, -3.0096 -4.0961 0.0394, 3.0096 -4.0961 0.0394, 3.0096 -4.0961 0.1378, 3.0373 -0.2431 0.1407, 3.0369 -0.2431 0.1398, 3.0335 -0.2431 0.0394, 3.0335 -0.2431 0.1378, 3.0345 -0.2431 0.1379, 3.0354 -0.2431 0.1383, 3.0362 -0.2431 0.139, 3.0373 -1.6201 0.1407, 3.0369 -1.6201 0.1398, 3.0362 -1.6201 0.139, 3.0335 -1.6201 0.1378, 3.0335 -1.6201 0.0394, 3.0345 -1.6201 0.1379, 3.0354 -1.6201 0.1383, 2.6296 -1.6201 0.1378, 2.6296 -1.6201 0.0394, 2.6296 -0.2431 0.0394, 2.6296 -0.2431 0.1378, 2.6296 -1.5052 0.0394, 2.7549 -1.3957 0.0394, 2.8501 -1.2592 0.0394, 2.9096 -0.7733 0.0394, 2.9298 -0.9385 0.0394, 2.9096 -1.1037 0.0394, 2.6296 -0.3718 0.0394, 2.7549 -0.4813 0.0394, 2.8501 -0.6179 0.0394, 2.6296 -1.5052 0.1378, 2.7549 -1.3957 0.1378, 2.8501 -1.2592 0.1378, 2.6296 -0.3718 0.1378, 2.7549 -0.4813 0.1378, 2.8501 -0.6179 0.1378, 2.9096 -0.7733 0.1378, 2.9298 -0.9385 0.1378, 2.9096 -1.1037 0.1378, -3.0335 -1.6476 0.0394, -3.0335 -1.6476 0.1378, -3.0345 -1.6476 0.1379, -3.0373 -1.6476 0.1407, -3.0369 -1.6476 0.1398, -3.0354 -1.6476 0.1383, -3.0362 -1.6476 0.139, -3.0373 -0.2318 0.1407, -3.0369 -0.2318 0.1398, -3.0362 -0.2318 0.139, -3.0335 -0.2318 0.1378, -3.0335 -0.2318 0.0394, -3.0345 -0.2318 0.1379, -3.0354 -0.2318 0.1383, -2.6808 -0.2318 0.1378, -2.6808 -0.2318 0.0394, -2.6808 -1.6476 0.0394, -2.6808 -1.6476 0.1378, -2.6808 -0.4118 0.0394, -2.7934 -0.5122 0.0394, -2.8787 -0.6364 0.0394, -2.6808 -1.4425 0.0394, -2.7934 -1.3421 0.0394, -2.8787 -1.2179 0.0394, -2.932 -0.7775 0.0394, -2.9501 -0.9271 0.0394, -2.932 -1.0768 0.0394, -2.6808 -1.4425 0.1378, -2.7934 -1.3421 0.1378, -2.8787 -1.2179 0.1378, -2.6808 -0.4118 0.1378, -2.7934 -0.5122 0.1378, -2.8787 -0.6364 0.1378, -2.932 -1.0768 0.1378, -2.9501 -0.9271 0.1378, -2.932 -0.7775 0.1378
            ]
        }
        coordIndex [
            0,1,2,-1,3,4,5,-1,6,7,8,-1,9,10,11,-1,12,13,14,-1,15,16,17,-1,18,19,20,-1,21,22,23,-1,24,25,26,-1,27,28,29,-1,30,31,32,-1,33,34,35,-1,36,37,38,-1,38,37,39,-1,38,39,40,-1,40,39,33,-1,40,33,41,-1,41,33,35,-1,42,43,14,-1,14,43,44,-1,45,43,46,-1,46,43,42,-1,46,42,47,-1,48,49,50,-1,51,52,42,-1,42,52,53,-1,42,53,54,-1,54,55,42,-1,42,55,56,-1,42,56,47,-1,57,58,59,-1,59,58,60,-1,59,60,48,-1,48,60,61,-1,48,61,49,-1,62,63,59,-1,59,63,64,-1,59,64,57,-1,31,65,62,-1,62,65,66,-1,62,66,63,-1,67,68,69,-1,70,71,72,-1,73,74,75,-1,76,77,78,-1,79,80,81,-1,82,83,67,-1,67,83,84,-1,67,84,85,-1,85,84,78,-1,85,78,86,-1,86,78,77,-1,81,87,79,-1,79,87,88,-1,79,88,89,-1,90,91,72,-1,72,91,92,-1,72,92,93,-1,68,94,69,-1,69,94,95,-1,69,95,96,-1,89,97,79,-1,79,97,98,-1,79,98,69,-1,69,98,99,-1,69,99,67,-1,67,99,100,-1,67,100,82,-1,73,101,102,-1,103,104,78,-1,78,104,105,-1,78,105,106,-1,96,107,73,-1,73,107,108,-1,73,108,101,-1,102,109,73,-1,73,109,110,-1,73,110,74,-1,106,111,78,-1,78,111,112,-1,78,112,76,-1,113,114,115,-1,115,114,116,-1,114,117,116,-1,116,117,118,-1,116,118,79,-1,79,118,119,-1,79,119,80,-1,120,121,122,-1,122,121,123,-1,124,125,126,-1,126,125,127,-1,127,122,126,-1,126,122,123,-1,126,123,128,-1,128,123,129,-1,128,129,130,-1,131,132,133,-1,133,132,134,-1,133,134,29,-1,27,29,135,-1,136,137,134,-1,134,137,138,-1,134,138,29,-1,29,138,139,-1,29,139,135,-1,140,141,142,-1,143,144,134,-1,134,144,145,-1,134,145,146,-1,146,147,134,-1,134,147,148,-1,134,148,136,-1,149,150,151,-1,151,150,152,-1,141,153,142,-1,142,153,152,-1,142,152,154,-1,154,152,150,-1,140,142,155,-1,155,142,156,-1,155,156,134,-1,134,156,157,-1,134,157,143,-1,25,158,159,-1,159,158,160,-1,160,158,161,-1,160,161,162,-1,26,163,164,-1,164,165,26,-1,26,165,166,-1,26,166,24,-1,167,168,26,-1,26,168,169,-1,26,169,163,-1,170,171,172,-1,172,171,173,-1,172,173,167,-1,167,173,174,-1,167,174,168,-1,175,176,177,-1,177,176,178,-1,177,178,179,-1,175,177,180,-1,180,177,69,-1,180,69,181,-1,96,73,69,-1,69,73,182,-1,69,182,181,-1,21,23,18,-1,18,20,183,-1,183,20,184,-1,183,184,185,-1,185,184,186,-1,185,186,187,-1,188,189,190,-1,190,189,191,-1,192,193,188,-1,188,193,194,-1,188,194,189,-1,189,194,195,-1,189,195,196,-1,196,195,197,-1,196,197,20,-1,20,197,198,-1,20,198,184,-1,186,190,187,-1,187,190,191,-1,187,191,199,-1,199,191,200,-1,199,200,201,-1,202,203,204,-1,205,206,207,-1,207,206,202,-1,208,204,209,-1,209,204,210,-1,208,211,204,-1,204,211,212,-1,204,212,202,-1,202,212,213,-1,202,213,207,-1,214,215,216,-1,216,215,217,-1,216,217,218,-1,218,217,219,-1,218,219,220,-1,211,221,212,-1,212,221,222,-1,212,222,223,-1,224,209,225,-1,225,209,226,-1,224,227,209,-1,209,227,228,-1,209,228,208,-1,220,219,229,-1,229,219,230,-1,229,230,231,-1,231,230,232,-1,231,232,233,-1,233,232,234,-1,233,234,235,-1,235,234,236,-1,235,236,209,-1,209,236,237,-1,209,237,226,-1,216,238,214,-1,214,238,239,-1,214,239,240,-1,240,239,241,-1,240,241,242,-1,242,241,243,-1,242,243,244,-1,244,243,245,-1,244,245,246,-1,246,245,247,-1,246,247,248,-1,248,247,249,-1,248,249,250,-1,250,249,212,-1,250,212,251,-1,251,212,223,-1,252,253,254,-1,203,202,254,-1,254,202,255,-1,254,255,252,-1,252,255,256,-1,252,256,257,-1,257,256,258,-1,257,258,259,-1,259,258,62,-1,259,62,260,-1,260,62,59,-1,260,59,261,-1,261,59,48,-1,261,48,262,-1,262,48,115,-1,262,115,263,-1,263,115,116,-1,263,116,264,-1,265,266,1,-1,1,266,267,-1,1,267,2,-1,265,268,266,-1,266,268,269,-1,266,269,270,-1,271,272,273,-1,271,273,274,-1,274,273,275,-1,274,275,276,-1,277,278,279,-1,279,280,277,-1,277,280,281,-1,277,281,282,-1,276,275,17,-1,17,275,283,-1,17,283,15,-1,276,279,274,-1,274,279,278,-1,274,278,284,-1,284,278,285,-1,284,285,286,-1,286,285,287,-1,286,287,288,-1,272,271,289,-1,289,271,133,-1,289,133,288,-1,288,133,29,-1,288,29,286,-1,290,274,291,-1,291,274,292,-1,292,274,293,-1,293,274,284,-1,293,284,294,-1,294,284,295,-1,294,295,296,-1,297,298,299,-1,300,301,302,-1,298,303,299,-1,299,303,304,-1,299,304,295,-1,295,304,305,-1,295,305,296,-1,300,302,306,-1,291,307,290,-1,290,307,308,-1,290,308,302,-1,302,308,309,-1,302,309,306,-1,301,310,302,-1,302,310,311,-1,302,311,299,-1,299,311,312,-1,299,312,297,-1,20,313,314,-1,315,316,314,-1,314,316,317,-1,314,317,20,-1,313,20,318,-1,318,20,19,-1,318,19,319,-1,316,320,317,-1,317,320,321,-1,317,321,299,-1,299,321,322,-1,299,322,302,-1,302,322,323,-1,302,323,319,-1,319,323,324,-1,319,324,318,-1,325,326,70,-1,70,326,327,-1,70,327,328,-1,329,330,331,-1,331,330,332,-1,333,334,332,-1,335,336,328,-1,73,337,338,-1,339,340,14,-1,340,341,14,-1,14,341,342,-1,14,342,343,-1,344,345,73,-1,73,345,346,-1,73,346,337,-1,338,347,73,-1,73,347,348,-1,73,348,331,-1,331,348,349,-1,331,349,329,-1,334,339,332,-1,332,339,14,-1,332,14,331,-1,331,14,44,-1,331,44,37,-1,37,44,350,-1,37,350,39,-1,335,328,351,-1,343,352,14,-1,14,352,353,-1,14,353,12,-1,336,344,328,-1,328,344,73,-1,328,73,70,-1,70,73,75,-1,70,75,71,-1,354,355,356,-1,356,355,357,-1,356,357,328,-1,328,357,358,-1,328,358,351,-1,359,360,361,-1,361,360,362,-1,361,362,363,-1,361,364,359,-1,359,364,365,-1,359,365,366,-1,354,367,355,-1,355,367,368,-1,355,368,369,-1,369,368,370,-1,369,371,372,-1,366,373,359,-1,359,373,374,-1,359,374,375,-1,375,374,376,-1,375,376,377,-1,377,376,378,-1,377,378,332,-1,332,378,379,-1,332,379,333,-1,370,380,369,-1,369,380,381,-1,369,381,382,-1,383,384,363,-1,363,384,385,-1,363,385,361,-1,382,386,369,-1,369,386,387,-1,369,387,371,-1,372,388,369,-1,369,388,389,-1,369,389,390,-1,93,391,72,-1,72,391,113,-1,72,113,70,-1,70,113,115,-1,70,115,325,-1,325,115,392,-1,392,115,13,-1,13,115,48,-1,13,48,14,-1,14,48,50,-1,14,50,42,-1,42,50,393,-1,42,393,51,-1,394,395,396,-1,396,395,397,-1,398,399,400,-1,400,399,401,-1,400,401,402,-1,396,400,394,-1,394,400,402,-1,394,402,11,-1,11,402,403,-1,11,403,9,-1,404,399,405,-1,405,399,398,-1,405,398,406,-1,406,398,407,-1,408,409,36,-1,36,409,410,-1,395,411,397,-1,397,411,408,-1,397,408,32,-1,32,408,36,-1,32,36,30,-1,30,36,38,-1,412,196,413,-1,413,196,414,-1,415,416,189,-1,189,416,417,-1,189,417,418,-1,418,419,189,-1,189,419,420,-1,189,420,396,-1,396,420,421,-1,396,421,400,-1,412,422,196,-1,196,422,423,-1,196,423,189,-1,189,423,424,-1,189,424,415,-1,414,196,425,-1,425,196,20,-1,425,20,426,-1,421,427,400,-1,400,427,428,-1,400,428,317,-1,317,428,429,-1,317,429,20,-1,20,429,430,-1,20,430,426,-1,431,432,433,-1,433,432,434,-1,434,435,433,-1,433,435,436,-1,433,436,437,-1,438,439,440,-1,441,442,443,-1,443,442,440,-1,440,442,444,-1,440,444,438,-1,445,446,447,-1,446,448,447,-1,447,448,449,-1,447,449,450,-1,441,443,451,-1,451,443,447,-1,451,447,452,-1,452,447,450,-1,452,450,453,-1,453,450,454,-1,453,454,455,-1,456,457,458,-1,458,457,459,-1,458,459,447,-1,447,459,460,-1,447,460,445,-1,456,458,461,-1,461,458,462,-1,461,462,463,-1,464,465,466,-1,466,465,467,-1,466,467,468,-1,468,469,466,-1,466,469,470,-1,466,470,462,-1,462,470,471,-1,462,471,463,-1,269,472,270,-1,270,472,473,-1,270,473,474,-1,474,473,475,-1,474,475,476,-1,476,477,474,-1,474,477,478,-1,474,478,466,-1,466,478,479,-1,466,479,464,-1,0,480,1,-1,1,480,481,-1,1,481,482,-1,482,483,1,-1,1,483,484,-1,1,484,265,-1,485,486,0,-1,487,488,489,-1,489,488,490,-1,491,492,493,-1,493,492,494,-1,493,494,0,-1,0,494,495,-1,0,495,485,-1,487,496,488,-1,488,496,497,-1,488,497,498,-1,499,500,480,-1,480,500,501,-1,480,501,502,-1,486,503,0,-1,0,503,504,-1,0,504,480,-1,480,504,505,-1,480,505,499,-1,506,507,508,-1,508,507,509,-1,508,509,488,-1,488,509,510,-1,488,510,490,-1,488,511,512,-1,502,513,480,-1,480,513,514,-1,480,514,515,-1,515,514,506,-1,515,506,516,-1,516,506,508,-1,498,517,488,-1,488,517,518,-1,488,518,519,-1,519,520,488,-1,488,520,521,-1,488,521,511,-1,522,523,524,-1,522,524,525,-1,512,526,488,-1,488,526,527,-1,488,527,528,-1,528,527,529,-1,528,529,530,-1,531,532,533,-1,533,532,534,-1,533,534,535,-1,536,537,538,-1,538,537,533,-1,538,533,539,-1,539,533,535,-1,528,540,541,-1,530,542,528,-1,528,542,543,-1,528,543,540,-1,544,545,546,-1,546,545,528,-1,546,528,547,-1,547,528,541,-1,544,524,545,-1,545,524,523,-1,545,523,5,-1,5,523,548,-1,5,548,3,-1,549,550,536,-1,536,550,551,-1,536,551,537,-1,549,552,550,-1,550,552,553,-1,550,553,554,-1,555,556,557,-1,555,557,558,-1,532,557,559,-1,531,525,532,-1,532,525,524,-1,532,524,557,-1,557,524,560,-1,557,560,558,-1,556,561,557,-1,557,561,562,-1,557,562,563,-1,563,562,564,-1,559,565,532,-1,532,565,566,-1,532,566,567,-1,568,569,564,-1,564,569,570,-1,564,570,563,-1,571,572,567,-1,567,572,573,-1,567,573,532,-1,7,574,8,-1,8,574,575,-1,8,575,493,-1,493,575,576,-1,493,576,491,-1,577,270,578,-1,578,270,474,-1,578,474,579,-1,579,474,466,-1,579,466,580,-1,580,466,462,-1,580,462,581,-1,581,462,458,-1,581,458,582,-1,582,458,447,-1,582,447,583,-1,583,447,443,-1,584,585,586,-1,172,587,8,-1,8,587,433,-1,8,433,6,-1,6,433,437,-1,587,588,433,-1,433,588,584,-1,433,584,167,-1,167,584,586,-1,167,586,172,-1,172,586,589,-1,172,589,587,-1,590,124,591,-1,591,124,126,-1,591,126,592,-1,592,126,172,-1,592,172,593,-1,593,172,8,-1,593,8,594,-1,594,8,493,-1,594,493,130,-1,130,493,0,-1,130,0,128,-1,128,0,2,-1,25,159,26,-1,26,159,595,-1,26,595,167,-1,167,595,440,-1,167,440,433,-1,433,440,439,-1,433,439,431,-1,267,264,2,-1,2,264,116,-1,2,116,128,-1,128,116,79,-1,128,79,126,-1,126,79,69,-1,126,69,172,-1,172,69,177,-1,172,177,170,-1,170,177,179,-1,407,398,596,-1,596,398,400,-1,596,400,597,-1,597,400,317,-1,597,317,598,-1,598,317,299,-1,598,299,410,-1,410,299,295,-1,410,295,36,-1,36,295,284,-1,36,284,37,-1,37,284,286,-1,37,286,331,-1,331,286,29,-1,331,29,73,-1,73,29,28,-1,73,28,182,-1,18,23,19,-1,19,23,599,-1,19,599,319,-1,319,599,600,-1,319,600,302,-1,302,600,601,-1,302,601,290,-1,290,601,602,-1,290,602,274,-1,274,602,603,-1,274,603,271,-1,271,603,160,-1,271,160,133,-1,133,160,162,-1,133,162,131,-1,31,62,32,-1,32,62,258,-1,32,258,397,-1,397,258,256,-1,397,256,396,-1,396,256,255,-1,396,255,189,-1,189,255,202,-1,189,202,191,-1,191,202,206,-1,191,206,200,-1,604,605,606,-1,606,607,604,-1,604,607,608,-1,604,608,609,-1,610,611,612,-1,612,611,613,-1,612,613,614,-1,615,616,609,-1,609,616,617,-1,609,617,604,-1,604,617,618,-1,618,619,604,-1,604,619,613,-1,604,613,620,-1,620,613,611,-1,620,611,621,-1,614,622,612,-1,612,622,623,-1,612,623,624,-1,625,626,627,-1,628,629,621,-1,621,629,630,-1,621,630,620,-1,620,630,631,-1,627,626,632,-1,632,626,633,-1,632,633,634,-1,634,633,635,-1,634,635,636,-1,636,635,637,-1,636,637,609,-1,609,637,638,-1,609,638,615,-1,627,639,625,-1,625,639,640,-1,625,640,641,-1,641,640,642,-1,641,642,643,-1,643,642,644,-1,643,644,645,-1,645,644,646,-1,645,646,647,-1,647,646,648,-1,647,648,649,-1,649,648,650,-1,649,650,651,-1,651,650,652,-1,651,652,653,-1,653,652,654,-1,653,654,655,-1,655,654,656,-1,655,656,657,-1,657,656,612,-1,657,612,658,-1,658,612,624,-1,659,660,661,-1,661,662,663,-1,659,661,664,-1,665,666,667,-1,667,666,664,-1,668,669,670,-1,671,672,673,-1,673,672,674,-1,664,661,667,-1,667,661,672,-1,667,672,675,-1,663,676,661,-1,661,676,668,-1,661,668,672,-1,672,668,670,-1,672,670,674,-1,674,670,677,-1,678,679,680,-1,680,679,681,-1,680,681,677,-1,677,681,682,-1,677,682,674,-1,673,683,671,-1,671,683,684,-1,671,684,685,-1,685,684,686,-1,685,686,687,-1,688,689,690,-1,690,689,691,-1,691,692,690,-1,690,692,693,-1,690,693,694,-1,694,693,695,-1,694,695,696,-1,697,693,698,-1,698,693,699,-1,700,701,696,-1,696,701,702,-1,696,702,694,-1,694,702,703,-1,704,695,705,-1,705,695,693,-1,705,693,706,-1,706,693,697,-1,706,697,707,-1,707,708,706,-1,706,708,709,-1,706,709,710,-1,710,709,711,-1,712,713,714,-1,714,713,715,-1,714,715,699,-1,699,715,716,-1,699,716,698,-1,717,718,719,-1,720,721,722,-1,722,723,720,-1,720,723,724,-1,720,724,719,-1,719,724,725,-1,719,725,717,-1,726,727,728,-1,729,730,731,-1,731,732,729,-1,729,732,733,-1,729,733,728,-1,728,733,734,-1,728,734,726,-1,735,736,737,-1,738,583,443,-1,595,739,740,-1,738,443,740,-1,740,443,440,-1,740,440,595,-1,595,159,739,-1,739,159,160,-1,739,160,603,-1,603,602,739,-1,739,602,601,-1,739,601,600,-1,600,599,739,-1,739,599,23,-1,739,23,22,-1,741,742,743,-1,743,742,744,-1,743,744,745,-1,746,747,748,-1,748,747,749,-1,748,749,745,-1,745,749,750,-1,751,752,739,-1,739,752,743,-1,739,743,740,-1,740,743,745,-1,740,745,753,-1,753,745,750,-1,754,755,756,-1,746,757,747,-1,747,757,758,-1,747,758,759,-1,759,758,760,-1,759,760,761,-1,761,760,762,-1,761,762,763,-1,763,762,764,-1,755,754,762,-1,762,754,765,-1,762,765,764,-1,766,767,768,-1,768,767,769,-1,768,769,770,-1,756,771,754,-1,754,771,767,-1,754,767,772,-1,772,767,766,-1,773,774,775,-1,775,774,776,-1,775,776,770,-1,770,776,777,-1,770,777,768,-1,773,778,774,-1,774,778,779,-1,774,779,780,-1,735,737,779,-1,779,737,781,-1,779,781,780,-1,782,719,718,-1,718,783,782,-1,782,783,784,-1,782,784,785,-1,785,784,786,-1,785,786,787,-1,787,786,788,-1,787,788,789,-1,789,788,790,-1,789,790,791,-1,792,793,794,-1,794,793,795,-1,792,796,793,-1,793,796,797,-1,793,797,790,-1,790,797,798,-1,790,798,791,-1,799,800,795,-1,795,800,801,-1,795,801,794,-1,703,702,799,-1,799,702,802,-1,799,802,800,-1,803,804,805,-1,803,805,806,-1,806,805,807,-1,806,807,808,-1,809,810,811,-1,811,810,812,-1,812,813,811,-1,811,813,814,-1,811,814,815,-1,815,814,816,-1,815,816,807,-1,807,816,817,-1,807,817,808,-1,730,729,818,-1,730,818,819,-1,819,818,820,-1,819,820,821,-1,821,820,822,-1,821,822,823,-1,823,822,824,-1,823,824,809,-1,809,824,825,-1,809,825,810,-1,826,827,828,-1,829,830,831,-1,831,832,833,-1,829,831,834,-1,834,831,833,-1,834,833,835,-1,631,630,835,-1,835,630,836,-1,836,837,835,-1,835,837,838,-1,835,838,834,-1,834,838,839,-1,840,841,842,-1,842,841,843,-1,842,843,838,-1,838,843,844,-1,838,844,839,-1,845,846,847,-1,845,847,848,-1,848,847,849,-1,848,849,850,-1,840,851,841,-1,841,851,852,-1,841,852,853,-1,853,852,854,-1,853,854,855,-1,855,854,847,-1,855,847,856,-1,856,847,846,-1,857,858,859,-1,850,860,848,-1,848,860,859,-1,848,859,861,-1,861,859,858,-1,859,862,857,-1,857,862,863,-1,857,863,864,-1,864,863,865,-1,865,863,866,-1,865,866,828,-1,828,866,867,-1,828,867,826,-1,868,869,870,-1,870,869,871,-1,870,871,827,-1,827,871,872,-1,827,872,828,-1,661,660,873,-1,873,660,874,-1,873,874,875,-1,875,874,876,-1,876,874,877,-1,876,877,878,-1,878,877,879,-1,879,877,880,-1,879,880,881,-1,882,883,880,-1,880,883,884,-1,880,884,881,-1,885,886,882,-1,882,886,887,-1,882,887,883,-1,721,720,888,-1,888,720,889,-1,888,889,890,-1,890,889,891,-1,890,891,892,-1,892,891,893,-1,892,893,885,-1,885,893,894,-1,885,894,886,-1,728,727,895,-1,895,727,896,-1,895,896,897,-1,897,896,898,-1,897,898,899,-1,899,898,900,-1,899,900,901,-1,901,900,902,-1,903,904,905,-1,905,904,906,-1,903,907,904,-1,904,907,908,-1,904,908,909,-1,909,908,910,-1,909,910,902,-1,902,910,911,-1,902,911,901,-1,912,913,914,-1,914,913,915,-1,914,915,906,-1,906,915,916,-1,906,916,905,-1,917,918,919,-1,920,921,922,-1,922,923,920,-1,920,923,924,-1,920,924,925,-1,925,924,926,-1,927,928,929,-1,921,930,922,-1,922,930,931,-1,922,931,932,-1,932,931,933,-1,932,933,924,-1,924,933,934,-1,924,934,926,-1,935,936,926,-1,926,936,937,-1,926,937,925,-1,925,937,938,-1,925,938,929,-1,929,938,939,-1,929,939,927,-1,927,940,941,-1,942,943,944,-1,944,943,945,-1,945,943,946,-1,945,946,947,-1,946,917,947,-1,947,917,919,-1,947,919,948,-1,948,919,928,-1,948,928,944,-1,944,928,927,-1,944,927,942,-1,942,927,941,-1,949,950,951,-1,952,953,954,-1,955,956,957,-1,957,956,958,-1,957,958,950,-1,959,952,960,-1,960,952,954,-1,960,954,961,-1,961,954,962,-1,963,957,964,-1,964,957,950,-1,964,950,965,-1,965,950,949,-1,965,949,966,-1,966,949,967,-1,968,969,970,-1,970,969,971,-1,952,970,953,-1,953,970,971,-1,953,971,972,-1,972,971,973,-1,972,973,951,-1,951,973,974,-1,951,974,949,-1,940,927,969,-1,969,927,971,-1,935,926,966,-1,966,926,965,-1,927,939,971,-1,971,939,973,-1,949,974,937,-1,937,974,938,-1,669,975,610,-1,610,975,976,-1,610,976,977,-1,977,978,610,-1,610,978,979,-1,610,979,611,-1,980,981,628,-1,628,981,982,-1,628,982,663,-1,621,983,628,-1,628,983,984,-1,628,984,980,-1,985,986,253,-1,253,986,987,-1,253,987,254,-1,700,988,253,-1,253,988,989,-1,253,989,985,-1,204,990,210,-1,210,990,991,-1,210,991,992,-1,992,993,210,-1,210,993,994,-1,210,994,704,-1,612,670,610,-1,610,670,669,-1,662,629,663,-1,663,629,628,-1,833,832,995,-1,995,832,996,-1,997,998,751,-1,751,998,752,-1,700,253,252,-1,252,257,700,-1,700,257,259,-1,700,259,260,-1,260,261,700,-1,700,261,262,-1,700,262,701,-1,262,263,701,-1,701,263,264,-1,701,264,267,-1,267,266,701,-1,701,266,270,-1,701,270,577,-1,705,209,704,-1,704,209,210,-1,213,212,692,-1,692,212,693,-1,999,951,950,-1,920,925,1000,-1,920,1000,950,-1,950,1000,1001,-1,950,1001,1002,-1,1002,1003,950,-1,950,1003,1004,-1,950,1004,999,-1,869,868,736,-1,736,868,737,-1,1005,818,729,-1,814,813,1006,-1,1007,804,803,-1,1008,1009,1010,-1,1011,1012,1013,-1,1014,1015,1016,-1,1017,1018,1019,-1,1020,1021,1022,-1,1019,1018,1023,-1,755,1024,1025,-1,741,1026,1027,-1,745,744,1027,-1,1027,744,742,-1,1027,742,741,-1,760,758,1028,-1,1028,758,757,-1,1028,757,1029,-1,1029,757,746,-1,1029,746,748,-1,1024,755,1028,-1,1028,755,762,-1,1028,762,760,-1,769,767,1025,-1,767,771,1025,-1,1025,771,756,-1,1025,756,755,-1,1030,1031,770,-1,735,779,1031,-1,1031,779,778,-1,778,773,1031,-1,1031,773,775,-1,1031,775,770,-1,1031,1032,735,-1,735,1032,1033,-1,735,1033,736,-1,1034,1035,1036,-1,1036,1035,1037,-1,1036,1037,1038,-1,1038,1037,1039,-1,1038,1039,1040,-1,1040,1039,1041,-1,1042,1043,1044,-1,1044,1043,1029,-1,1044,1029,1027,-1,1027,1029,748,-1,1027,748,745,-1,1021,1020,1045,-1,1045,1020,1046,-1,1045,1046,1047,-1,1022,1023,1020,-1,1020,1023,1018,-1,1020,1018,1046,-1,1046,1018,1017,-1,1046,1017,1048,-1,1047,1046,1049,-1,1049,1046,1048,-1,1049,1048,1050,-1,1050,1048,1051,-1,1050,1051,1052,-1,1053,1054,1055,-1,1056,1015,1057,-1,1057,1015,1014,-1,1057,1014,1058,-1,770,769,1030,-1,1030,769,1025,-1,1030,1025,1052,-1,1052,1025,1024,-1,1052,1024,1050,-1,1050,1024,1028,-1,1050,1028,1049,-1,1049,1028,1029,-1,1049,1029,1047,-1,1047,1029,1043,-1,1047,1043,1045,-1,1045,1043,1042,-1,1045,1042,1021,-1,1053,1055,1059,-1,1059,1055,1060,-1,1059,1060,1061,-1,1062,1063,1064,-1,1064,1063,1065,-1,1064,1065,1013,-1,1013,1012,1064,-1,1064,1012,1066,-1,1064,1066,1062,-1,1051,1054,1052,-1,1052,1054,1053,-1,1052,1053,1030,-1,1030,1053,1059,-1,1030,1059,1031,-1,1031,1059,1061,-1,1067,1068,1069,-1,1005,1070,1071,-1,1071,1070,1072,-1,1071,1072,1011,-1,1073,1009,1074,-1,1074,1009,1008,-1,1074,1008,1075,-1,1076,1077,1078,-1,1078,1077,1075,-1,1078,1075,1079,-1,1079,1075,1008,-1,1079,1008,1069,-1,1069,1008,1010,-1,1069,1010,1067,-1,1073,1033,1009,-1,1009,1033,1032,-1,1009,1032,1010,-1,1010,1032,1031,-1,1010,1031,1067,-1,1067,1031,1061,-1,1067,1061,1068,-1,1068,1061,1060,-1,1035,1080,1037,-1,1037,1080,1081,-1,1037,1081,1039,-1,1039,1081,1007,-1,1039,1007,1041,-1,1041,1007,803,-1,1041,803,806,-1,806,1082,1041,-1,1041,1082,1083,-1,1041,1083,1040,-1,1040,1083,1084,-1,1040,1084,1038,-1,1038,1084,1085,-1,1038,1085,1036,-1,1036,1085,1086,-1,1036,1086,1034,-1,1087,1088,817,-1,817,1088,1082,-1,817,1082,808,-1,808,1082,806,-1,1087,814,1088,-1,1088,814,1006,-1,1088,1006,1089,-1,1089,1006,1090,-1,1089,1090,1091,-1,813,812,1006,-1,1006,812,1016,-1,1006,1016,1090,-1,1090,1016,1015,-1,1090,1015,1091,-1,1091,1015,1056,-1,812,810,1016,-1,1016,810,1063,-1,1016,1063,1014,-1,1014,1063,1062,-1,1014,1062,1058,-1,1058,1062,1066,-1,810,825,1063,-1,1063,825,824,-1,1063,824,1065,-1,1065,824,822,-1,1065,822,820,-1,1011,1013,1071,-1,1071,1013,1065,-1,1071,1065,1005,-1,1005,1065,820,-1,1005,820,818,-1,1026,1034,1027,-1,1027,1034,1086,-1,1027,1086,1044,-1,1044,1086,1085,-1,1044,1085,1042,-1,1042,1085,1084,-1,1042,1084,1021,-1,1021,1084,1083,-1,1021,1083,1022,-1,1022,1083,1082,-1,1022,1082,1023,-1,1023,1082,1088,-1,1023,1088,1019,-1,1019,1088,1089,-1,1019,1089,1017,-1,1017,1089,1091,-1,1017,1091,1048,-1,1048,1091,1056,-1,1048,1056,1051,-1,1051,1056,1057,-1,1051,1057,1054,-1,1054,1057,1058,-1,1054,1058,1055,-1,1055,1058,1066,-1,1055,1066,1060,-1,1060,1066,1012,-1,1060,1012,1068,-1,1068,1012,1011,-1,1068,1011,1069,-1,1069,1011,1072,-1,1069,1072,1079,-1,1079,1072,1070,-1,1079,1070,1078,-1,1078,1070,1005,-1,1078,1005,1076,-1,1076,1005,729,-1,1092,802,702,-1,1093,719,782,-1,1094,1095,1096,-1,1097,1098,1099,-1,1100,1101,1102,-1,1099,1098,1103,-1,765,1104,1105,-1,737,1106,1107,-1,774,780,1107,-1,1107,780,781,-1,1107,781,737,-1,772,766,1108,-1,1108,766,768,-1,1108,768,1109,-1,1109,768,777,-1,1109,777,776,-1,1104,765,1108,-1,1108,765,754,-1,1108,754,772,-1,759,761,1105,-1,761,763,1105,-1,1105,763,764,-1,1105,764,765,-1,1110,1111,747,-1,738,740,1111,-1,1111,740,753,-1,753,750,1111,-1,1111,750,749,-1,1111,749,747,-1,1111,1112,738,-1,738,1112,1113,-1,738,1113,583,-1,1114,1115,1116,-1,1116,1115,1117,-1,1116,1117,1118,-1,1118,1117,1093,-1,1118,1093,1119,-1,1120,1114,1121,-1,1121,1114,1116,-1,1121,1116,1122,-1,1122,1116,1118,-1,1122,1118,1123,-1,1123,1118,1119,-1,1124,1119,1125,-1,1119,1124,1123,-1,1123,1124,1126,-1,1123,1126,1122,-1,1122,1126,1127,-1,1122,1127,1121,-1,1121,1127,1128,-1,1121,1128,1120,-1,1129,1130,1131,-1,1131,1130,1109,-1,1131,1109,1107,-1,1107,1109,776,-1,1107,776,774,-1,1101,1100,1132,-1,1132,1100,1133,-1,1132,1133,1134,-1,1102,1103,1100,-1,1100,1103,1098,-1,1100,1098,1133,-1,1133,1098,1097,-1,1133,1097,1135,-1,1134,1133,1136,-1,1136,1133,1135,-1,1136,1135,1137,-1,1137,1135,1138,-1,1137,1138,1139,-1,1140,1141,1142,-1,1143,1144,1145,-1,1145,1144,1146,-1,1145,1146,1147,-1,747,759,1110,-1,1110,759,1105,-1,1110,1105,1139,-1,1139,1105,1104,-1,1139,1104,1137,-1,1137,1104,1108,-1,1137,1108,1136,-1,1136,1108,1109,-1,1136,1109,1134,-1,1134,1109,1130,-1,1134,1130,1132,-1,1132,1130,1129,-1,1132,1129,1101,-1,1140,1142,1148,-1,1148,1142,1149,-1,1148,1149,1150,-1,1147,1146,1151,-1,1151,1146,1152,-1,1151,1152,1153,-1,1154,1143,1155,-1,1155,1143,1145,-1,1155,1145,1156,-1,1156,1145,1147,-1,1156,1147,1157,-1,1157,1147,1151,-1,1157,1151,1158,-1,1158,1151,1153,-1,1158,1153,1159,-1,1138,1141,1139,-1,1139,1141,1140,-1,1139,1140,1110,-1,1110,1140,1148,-1,1110,1148,1111,-1,1111,1148,1150,-1,1160,1161,1162,-1,1092,1163,1164,-1,1164,1163,1165,-1,1164,1165,1159,-1,1166,1095,1167,-1,1167,1095,1094,-1,1167,1094,1168,-1,1169,1170,1171,-1,1171,1170,1168,-1,1171,1168,1172,-1,1172,1168,1094,-1,1172,1094,1162,-1,1162,1094,1096,-1,1162,1096,1160,-1,1166,1113,1095,-1,1095,1113,1112,-1,1095,1112,1096,-1,1096,1112,1111,-1,1096,1111,1160,-1,1160,1111,1150,-1,1160,1150,1161,-1,1161,1150,1149,-1,1093,782,1119,-1,1119,782,785,-1,1119,785,1125,-1,1125,785,787,-1,1125,787,1173,-1,1173,787,789,-1,1173,789,1174,-1,1174,798,1173,-1,1173,798,1175,-1,1173,1175,1176,-1,1176,1175,1177,-1,1176,1177,1178,-1,798,797,1175,-1,1175,797,1144,-1,1175,1144,1177,-1,1177,1144,1143,-1,1177,1143,1178,-1,1178,1143,1154,-1,797,796,1144,-1,1144,796,792,-1,1144,792,1146,-1,1146,792,794,-1,1146,794,1152,-1,1152,794,801,-1,1152,801,800,-1,1159,1153,1164,-1,1164,1153,1152,-1,1164,1152,1092,-1,1092,1152,800,-1,1092,800,802,-1,1106,1120,1107,-1,1107,1120,1128,-1,1107,1128,1131,-1,1131,1128,1127,-1,1131,1127,1129,-1,1129,1127,1126,-1,1129,1126,1101,-1,1101,1126,1124,-1,1101,1124,1102,-1,1102,1124,1125,-1,1102,1125,1103,-1,1103,1125,1173,-1,1103,1173,1099,-1,1099,1173,1176,-1,1099,1176,1097,-1,1097,1176,1178,-1,1097,1178,1135,-1,1135,1178,1154,-1,1135,1154,1138,-1,1138,1154,1155,-1,1138,1155,1141,-1,1141,1155,1156,-1,1141,1156,1142,-1,1142,1156,1157,-1,1142,1157,1149,-1,1149,1157,1158,-1,1149,1158,1161,-1,1161,1158,1159,-1,1161,1159,1162,-1,1162,1159,1165,-1,1162,1165,1172,-1,1172,1165,1163,-1,1172,1163,1171,-1,1171,1163,1092,-1,1171,1092,1169,-1,1169,1092,702,-1,1170,1169,579,-1,579,1169,702,-1,579,702,578,-1,578,702,701,-1,578,701,577,-1,582,583,1113,-1,582,1113,581,-1,581,1113,1166,-1,581,1166,1167,-1,579,580,1170,-1,1170,580,581,-1,1170,581,1168,-1,1168,581,1167,-1,1179,889,720,-1,881,884,1180,-1,1181,661,873,-1,1182,1183,1184,-1,1185,1186,1187,-1,1188,1189,1190,-1,1191,1192,1193,-1,1194,1195,1196,-1,1193,1192,1197,-1,849,1198,1199,-1,630,1200,1201,-1,838,837,1201,-1,1201,837,836,-1,1201,836,630,-1,854,852,1202,-1,1202,852,851,-1,1202,851,1203,-1,1203,851,840,-1,1203,840,842,-1,1198,849,1202,-1,1202,849,847,-1,1202,847,854,-1,862,859,1199,-1,859,860,1199,-1,1199,860,850,-1,1199,850,849,-1,1204,1205,863,-1,870,827,1205,-1,1205,827,826,-1,826,867,1205,-1,1205,867,866,-1,1205,866,863,-1,1205,1206,870,-1,870,1206,1207,-1,870,1207,868,-1,1208,1209,1210,-1,1210,1209,1211,-1,1210,1211,1212,-1,1212,1211,1213,-1,1212,1213,1214,-1,1214,1213,1215,-1,1216,1217,1218,-1,1218,1217,1203,-1,1218,1203,1201,-1,1201,1203,842,-1,1201,842,838,-1,1195,1194,1219,-1,1219,1194,1220,-1,1219,1220,1221,-1,1196,1197,1194,-1,1194,1197,1192,-1,1194,1192,1220,-1,1220,1192,1191,-1,1220,1191,1222,-1,1221,1220,1223,-1,1223,1220,1222,-1,1223,1222,1224,-1,1224,1222,1225,-1,1224,1225,1226,-1,1227,1228,1229,-1,1230,1189,1231,-1,1231,1189,1188,-1,1231,1188,1232,-1,863,862,1204,-1,1204,862,1199,-1,1204,1199,1226,-1,1226,1199,1198,-1,1226,1198,1224,-1,1224,1198,1202,-1,1224,1202,1223,-1,1223,1202,1203,-1,1223,1203,1221,-1,1221,1203,1217,-1,1221,1217,1219,-1,1219,1217,1216,-1,1219,1216,1195,-1,1227,1229,1233,-1,1233,1229,1234,-1,1233,1234,1235,-1,1236,1237,1238,-1,1238,1237,1239,-1,1238,1239,1187,-1,1187,1186,1238,-1,1238,1186,1240,-1,1238,1240,1236,-1,1225,1228,1226,-1,1226,1228,1227,-1,1226,1227,1204,-1,1204,1227,1233,-1,1204,1233,1205,-1,1205,1233,1235,-1,1241,1242,1243,-1,1179,1244,1245,-1,1245,1244,1246,-1,1245,1246,1185,-1,1247,1183,1248,-1,1248,1183,1182,-1,1248,1182,1249,-1,1250,1251,1252,-1,1252,1251,1249,-1,1252,1249,1253,-1,1253,1249,1182,-1,1253,1182,1243,-1,1243,1182,1184,-1,1243,1184,1241,-1,1247,1207,1183,-1,1183,1207,1206,-1,1183,1206,1184,-1,1184,1206,1205,-1,1184,1205,1241,-1,1241,1205,1235,-1,1241,1235,1242,-1,1242,1235,1234,-1,1209,1254,1211,-1,1211,1254,1255,-1,1211,1255,1213,-1,1213,1255,1181,-1,1213,1181,1215,-1,1215,1181,873,-1,1215,873,875,-1,875,1256,1215,-1,1215,1256,1257,-1,1215,1257,1214,-1,1214,1257,1258,-1,1214,1258,1212,-1,1212,1258,1259,-1,1212,1259,1210,-1,1210,1259,1260,-1,1210,1260,1208,-1,1261,1262,878,-1,878,1262,1256,-1,878,1256,876,-1,876,1256,875,-1,1261,881,1262,-1,1262,881,1180,-1,1262,1180,1263,-1,1263,1180,1264,-1,1263,1264,1265,-1,884,883,1180,-1,1180,883,1190,-1,1180,1190,1264,-1,1264,1190,1189,-1,1264,1189,1265,-1,1265,1189,1230,-1,883,887,1190,-1,1190,887,1237,-1,1190,1237,1188,-1,1188,1237,1236,-1,1188,1236,1232,-1,1232,1236,1240,-1,887,886,1237,-1,1237,886,894,-1,1237,894,1239,-1,1239,894,893,-1,1239,893,891,-1,1185,1187,1245,-1,1245,1187,1239,-1,1245,1239,1179,-1,1179,1239,891,-1,1179,891,889,-1,1200,1208,1201,-1,1201,1208,1260,-1,1201,1260,1218,-1,1218,1260,1259,-1,1218,1259,1216,-1,1216,1259,1258,-1,1216,1258,1195,-1,1195,1258,1257,-1,1195,1257,1196,-1,1196,1257,1256,-1,1196,1256,1197,-1,1197,1256,1262,-1,1197,1262,1193,-1,1193,1262,1263,-1,1193,1263,1191,-1,1191,1263,1265,-1,1191,1265,1222,-1,1222,1265,1230,-1,1222,1230,1225,-1,1225,1230,1231,-1,1225,1231,1228,-1,1228,1231,1232,-1,1228,1232,1229,-1,1229,1232,1240,-1,1229,1240,1234,-1,1234,1240,1186,-1,1234,1186,1242,-1,1242,1186,1185,-1,1242,1185,1243,-1,1243,1185,1246,-1,1243,1246,1253,-1,1253,1246,1244,-1,1253,1244,1252,-1,1252,1244,1179,-1,1252,1179,1250,-1,1250,1179,720,-1,1266,913,912,-1,1267,728,895,-1,1268,1269,1270,-1,1271,1272,1273,-1,1274,1275,1276,-1,1273,1272,1277,-1,845,1278,1279,-1,869,1280,1281,-1,828,872,1281,-1,1281,872,871,-1,1281,871,869,-1,861,858,1282,-1,1282,858,857,-1,1282,857,1283,-1,1283,857,864,-1,1283,864,865,-1,1278,845,1282,-1,1282,845,848,-1,1282,848,861,-1,853,855,1279,-1,855,856,1279,-1,1279,856,846,-1,1279,846,845,-1,1284,1285,841,-1,829,834,1285,-1,1285,834,839,-1,839,844,1285,-1,1285,844,843,-1,1285,843,841,-1,1285,1286,829,-1,829,1286,1287,-1,829,1287,830,-1,1288,1289,1290,-1,1290,1289,1291,-1,1290,1291,1292,-1,1292,1291,1267,-1,1292,1267,1293,-1,1294,1288,1295,-1,1295,1288,1290,-1,1295,1290,1296,-1,1296,1290,1292,-1,1296,1292,1297,-1,1297,1292,1293,-1,1298,1293,1299,-1,1293,1298,1297,-1,1297,1298,1300,-1,1297,1300,1296,-1,1296,1300,1301,-1,1296,1301,1295,-1,1295,1301,1302,-1,1295,1302,1294,-1,1303,1304,1305,-1,1305,1304,1283,-1,1305,1283,1281,-1,1281,1283,865,-1,1281,865,828,-1,1275,1274,1306,-1,1306,1274,1307,-1,1306,1307,1308,-1,1276,1277,1274,-1,1274,1277,1272,-1,1274,1272,1307,-1,1307,1272,1271,-1,1307,1271,1309,-1,1308,1307,1310,-1,1310,1307,1309,-1,1310,1309,1311,-1,1311,1309,1312,-1,1311,1312,1313,-1,1314,1315,1316,-1,1317,1318,1319,-1,1319,1318,1320,-1,1319,1320,1321,-1,841,853,1284,-1,1284,853,1279,-1,1284,1279,1313,-1,1313,1279,1278,-1,1313,1278,1311,-1,1311,1278,1282,-1,1311,1282,1310,-1,1310,1282,1283,-1,1310,1283,1308,-1,1308,1283,1304,-1,1308,1304,1306,-1,1306,1304,1303,-1,1306,1303,1275,-1,1314,1316,1322,-1,1322,1316,1323,-1,1322,1323,1324,-1,1321,1320,1325,-1,1325,1320,1326,-1,1325,1326,1327,-1,1328,1317,1329,-1,1329,1317,1319,-1,1329,1319,1330,-1,1330,1319,1321,-1,1330,1321,1331,-1,1331,1321,1325,-1,1331,1325,1332,-1,1332,1325,1327,-1,1332,1327,1333,-1,1312,1315,1313,-1,1313,1315,1314,-1,1313,1314,1284,-1,1284,1314,1322,-1,1284,1322,1285,-1,1285,1322,1324,-1,1334,1335,1336,-1,1266,1337,1338,-1,1338,1337,1339,-1,1338,1339,1333,-1,1340,1269,1341,-1,1341,1269,1268,-1,1341,1268,1342,-1,1343,1344,1345,-1,1345,1344,1342,-1,1345,1342,1346,-1,1346,1342,1268,-1,1346,1268,1336,-1,1336,1268,1270,-1,1336,1270,1334,-1,1340,1287,1269,-1,1269,1287,1286,-1,1269,1286,1270,-1,1270,1286,1285,-1,1270,1285,1334,-1,1334,1285,1324,-1,1334,1324,1335,-1,1335,1324,1323,-1,1267,895,1293,-1,1293,895,897,-1,1293,897,1299,-1,1299,897,899,-1,1299,899,1347,-1,1347,899,901,-1,1347,901,1348,-1,1348,910,1347,-1,1347,910,1349,-1,1347,1349,1350,-1,1350,1349,1351,-1,1350,1351,1352,-1,910,908,1349,-1,1349,908,1318,-1,1349,1318,1351,-1,1351,1318,1317,-1,1351,1317,1352,-1,1352,1317,1328,-1,908,907,1318,-1,1318,907,903,-1,1318,903,1320,-1,1320,903,905,-1,1320,905,1326,-1,1326,905,916,-1,1326,916,915,-1,1333,1327,1338,-1,1338,1327,1326,-1,1338,1326,1266,-1,1266,1326,915,-1,1266,915,913,-1,1280,1294,1281,-1,1281,1294,1302,-1,1281,1302,1305,-1,1305,1302,1301,-1,1305,1301,1303,-1,1303,1301,1300,-1,1303,1300,1275,-1,1275,1300,1298,-1,1275,1298,1276,-1,1276,1298,1299,-1,1276,1299,1277,-1,1277,1299,1347,-1,1277,1347,1273,-1,1273,1347,1350,-1,1273,1350,1271,-1,1271,1350,1352,-1,1271,1352,1309,-1,1309,1352,1328,-1,1309,1328,1312,-1,1312,1328,1329,-1,1312,1329,1315,-1,1315,1329,1330,-1,1315,1330,1316,-1,1316,1330,1331,-1,1316,1331,1323,-1,1323,1331,1332,-1,1323,1332,1335,-1,1335,1332,1333,-1,1335,1333,1336,-1,1336,1333,1339,-1,1336,1339,1346,-1,1346,1339,1337,-1,1346,1337,1345,-1,1345,1337,1266,-1,1345,1266,1343,-1,1343,1266,912,-1,629,662,661,-1,1200,630,629,-1,661,1181,629,-1,629,1181,1255,-1,629,1255,1254,-1,1254,1209,629,-1,629,1209,1208,-1,629,1208,1200,-1,675,672,608,-1,608,672,609,-1,1353,1354,719,-1,1355,972,1356,-1,1357,1358,1359,-1,1360,1361,1362,-1,1363,1364,1365,-1,1362,1361,1366,-1,929,1367,1368,-1,1369,1370,1368,-1,1368,1370,1371,-1,1368,1371,929,-1,1372,1373,1374,-1,1374,1373,1375,-1,1374,1375,1376,-1,1377,1378,1372,-1,1372,1378,1379,-1,1372,1379,1373,-1,1380,1381,1382,-1,1382,1381,1383,-1,1382,1383,1377,-1,1377,1383,1384,-1,1377,1384,1378,-1,1385,1386,1387,-1,1387,1386,1388,-1,1389,1390,1391,-1,1391,1390,1392,-1,1391,1392,1388,-1,1388,1392,1393,-1,1388,1393,1387,-1,1389,1391,1394,-1,1394,1391,1106,-1,1394,1106,737,-1,1395,1396,1397,-1,1397,1396,1398,-1,1397,1398,1399,-1,1399,1398,1355,-1,1399,1355,1400,-1,1401,1395,1402,-1,1402,1395,1397,-1,1402,1397,1403,-1,1403,1397,1399,-1,1403,1399,1404,-1,1404,1399,1400,-1,1405,1400,1406,-1,1400,1405,1404,-1,1404,1405,1407,-1,1404,1407,1403,-1,1403,1407,1408,-1,1403,1408,1402,-1,1402,1408,1409,-1,1402,1409,1401,-1,1410,1411,1412,-1,1412,1411,1374,-1,1412,1374,1368,-1,1368,1374,1376,-1,1368,1376,1369,-1,1364,1363,1413,-1,1413,1363,1414,-1,1413,1414,1415,-1,1365,1366,1363,-1,1363,1366,1361,-1,1363,1361,1414,-1,1414,1361,1360,-1,1414,1360,1416,-1,1415,1414,1417,-1,1417,1414,1416,-1,1417,1416,1418,-1,1418,1416,1419,-1,1418,1419,1420,-1,1421,1422,1423,-1,1424,1425,1426,-1,1426,1425,1427,-1,1426,1427,1428,-1,1385,1380,1386,-1,1386,1380,1382,-1,1386,1382,1420,-1,1420,1382,1377,-1,1420,1377,1418,-1,1418,1377,1372,-1,1418,1372,1417,-1,1417,1372,1374,-1,1417,1374,1415,-1,1415,1374,1411,-1,1415,1411,1413,-1,1413,1411,1410,-1,1413,1410,1364,-1,1421,1423,1429,-1,1429,1423,1430,-1,1429,1430,1431,-1,1428,1427,1432,-1,1432,1427,1433,-1,1432,1433,1434,-1,1435,1424,1436,-1,1436,1424,1426,-1,1436,1426,1437,-1,1437,1426,1428,-1,1437,1428,1438,-1,1438,1428,1432,-1,1438,1432,1439,-1,1439,1432,1434,-1,1439,1434,1440,-1,1419,1422,1420,-1,1420,1422,1421,-1,1420,1421,1386,-1,1386,1421,1429,-1,1386,1429,1388,-1,1388,1429,1431,-1,1441,1442,1443,-1,1353,1444,1445,-1,1445,1444,1446,-1,1445,1446,1440,-1,1120,1358,1114,-1,1114,1358,1357,-1,1114,1357,1115,-1,1093,1117,1447,-1,1447,1117,1115,-1,1447,1115,1448,-1,1448,1115,1357,-1,1448,1357,1443,-1,1443,1357,1359,-1,1443,1359,1441,-1,1120,1106,1358,-1,1358,1106,1391,-1,1358,1391,1359,-1,1359,1391,1388,-1,1359,1388,1441,-1,1441,1388,1431,-1,1441,1431,1442,-1,1442,1431,1430,-1,1355,1356,1400,-1,1400,1356,1449,-1,1400,1449,1406,-1,1406,1449,1450,-1,1406,1450,1451,-1,1451,1450,1452,-1,1451,1452,1453,-1,1453,1454,1451,-1,1451,1454,1455,-1,1451,1455,1456,-1,1456,1455,1457,-1,1456,1457,1458,-1,1454,1459,1455,-1,1455,1459,1425,-1,1455,1425,1457,-1,1457,1425,1424,-1,1457,1424,1458,-1,1458,1424,1435,-1,1459,1460,1425,-1,1425,1460,1461,-1,1425,1461,1427,-1,1427,1461,1462,-1,1427,1462,1433,-1,1433,1462,1463,-1,1433,1463,1464,-1,1440,1434,1445,-1,1445,1434,1433,-1,1445,1433,1353,-1,1353,1433,1464,-1,1353,1464,1354,-1,1367,1401,1368,-1,1368,1401,1409,-1,1368,1409,1412,-1,1412,1409,1408,-1,1412,1408,1410,-1,1410,1408,1407,-1,1410,1407,1364,-1,1364,1407,1405,-1,1364,1405,1365,-1,1365,1405,1406,-1,1365,1406,1366,-1,1366,1406,1451,-1,1366,1451,1362,-1,1362,1451,1456,-1,1362,1456,1360,-1,1360,1456,1458,-1,1360,1458,1416,-1,1416,1458,1435,-1,1416,1435,1419,-1,1419,1435,1436,-1,1419,1436,1422,-1,1422,1436,1437,-1,1422,1437,1423,-1,1423,1437,1438,-1,1423,1438,1430,-1,1430,1438,1439,-1,1430,1439,1442,-1,1442,1439,1440,-1,1442,1440,1443,-1,1443,1440,1446,-1,1443,1446,1448,-1,1448,1446,1444,-1,1448,1444,1447,-1,1447,1444,1353,-1,1447,1353,1093,-1,1093,1353,719,-1,1465,1466,951,-1,1250,720,1467,-1,1468,1469,1470,-1,1471,1472,1473,-1,1474,1475,1476,-1,1473,1472,1477,-1,868,1207,1478,-1,1479,1480,1478,-1,1478,1480,1481,-1,1478,1481,868,-1,1482,1483,1484,-1,1484,1483,1485,-1,1484,1485,1486,-1,1487,1488,1482,-1,1482,1488,1489,-1,1482,1489,1483,-1,1490,1491,1492,-1,1492,1491,1493,-1,1492,1493,1487,-1,1487,1493,1494,-1,1487,1494,1488,-1,1495,1496,1497,-1,1497,1496,1498,-1,1499,1500,1501,-1,1501,1500,1502,-1,1501,1502,1498,-1,1498,1502,1503,-1,1498,1503,1497,-1,1499,1501,1504,-1,1504,1501,1000,-1,1504,1000,925,-1,1248,1249,1505,-1,1505,1249,1251,-1,1505,1251,1506,-1,1506,1251,1250,-1,1506,1250,1507,-1,1247,1248,1508,-1,1508,1248,1505,-1,1508,1505,1509,-1,1509,1505,1506,-1,1509,1506,1510,-1,1510,1506,1507,-1,1511,1507,1512,-1,1507,1511,1510,-1,1510,1511,1513,-1,1510,1513,1509,-1,1509,1513,1514,-1,1509,1514,1508,-1,1508,1514,1515,-1,1508,1515,1247,-1,1516,1517,1518,-1,1518,1517,1484,-1,1518,1484,1478,-1,1478,1484,1486,-1,1478,1486,1479,-1,1475,1474,1519,-1,1519,1474,1520,-1,1519,1520,1521,-1,1476,1477,1474,-1,1474,1477,1472,-1,1474,1472,1520,-1,1520,1472,1471,-1,1520,1471,1522,-1,1521,1520,1523,-1,1523,1520,1522,-1,1523,1522,1524,-1,1524,1522,1525,-1,1524,1525,1526,-1,1527,1528,1529,-1,1530,1531,1532,-1,1532,1531,1533,-1,1532,1533,1534,-1,1495,1490,1496,-1,1496,1490,1492,-1,1496,1492,1526,-1,1526,1492,1487,-1,1526,1487,1524,-1,1524,1487,1482,-1,1524,1482,1523,-1,1523,1482,1484,-1,1523,1484,1521,-1,1521,1484,1517,-1,1521,1517,1519,-1,1519,1517,1516,-1,1519,1516,1475,-1,1527,1529,1535,-1,1535,1529,1536,-1,1535,1536,1537,-1,1534,1533,1538,-1,1538,1533,1539,-1,1538,1539,1540,-1,1541,1530,1542,-1,1542,1530,1532,-1,1542,1532,1543,-1,1543,1532,1534,-1,1543,1534,1544,-1,1544,1534,1538,-1,1544,1538,1545,-1,1545,1538,1540,-1,1545,1540,1546,-1,1525,1528,1526,-1,1526,1528,1527,-1,1526,1527,1496,-1,1496,1527,1535,-1,1496,1535,1498,-1,1498,1535,1537,-1,1547,1548,1549,-1,1465,1550,1551,-1,1551,1550,1552,-1,1551,1552,1546,-1,1001,1469,1002,-1,1002,1469,1468,-1,1002,1468,1003,-1,999,1004,1553,-1,1553,1004,1003,-1,1553,1003,1554,-1,1554,1003,1468,-1,1554,1468,1549,-1,1549,1468,1470,-1,1549,1470,1547,-1,1001,1000,1469,-1,1469,1000,1501,-1,1469,1501,1470,-1,1470,1501,1498,-1,1470,1498,1547,-1,1547,1498,1537,-1,1547,1537,1548,-1,1548,1537,1536,-1,1250,1467,1507,-1,1507,1467,1555,-1,1507,1555,1512,-1,1512,1555,1556,-1,1512,1556,1557,-1,1557,1556,1558,-1,1557,1558,1559,-1,1559,1560,1557,-1,1557,1560,1561,-1,1557,1561,1562,-1,1562,1561,1563,-1,1562,1563,1564,-1,1560,1565,1561,-1,1561,1565,1531,-1,1561,1531,1563,-1,1563,1531,1530,-1,1563,1530,1564,-1,1564,1530,1541,-1,1565,1566,1531,-1,1531,1566,1567,-1,1531,1567,1533,-1,1533,1567,1568,-1,1533,1568,1539,-1,1539,1568,1569,-1,1539,1569,1570,-1,1546,1540,1551,-1,1551,1540,1539,-1,1551,1539,1465,-1,1465,1539,1570,-1,1465,1570,1466,-1,1207,1247,1478,-1,1478,1247,1515,-1,1478,1515,1518,-1,1518,1515,1514,-1,1518,1514,1516,-1,1516,1514,1513,-1,1516,1513,1475,-1,1475,1513,1511,-1,1475,1511,1476,-1,1476,1511,1512,-1,1476,1512,1477,-1,1477,1512,1557,-1,1477,1557,1473,-1,1473,1557,1562,-1,1473,1562,1471,-1,1471,1562,1564,-1,1471,1564,1522,-1,1522,1564,1541,-1,1522,1541,1525,-1,1525,1541,1542,-1,1525,1542,1528,-1,1528,1542,1543,-1,1528,1543,1529,-1,1529,1543,1544,-1,1529,1544,1536,-1,1536,1544,1545,-1,1536,1545,1548,-1,1548,1545,1546,-1,1548,1546,1549,-1,1549,1546,1552,-1,1549,1552,1554,-1,1554,1552,1550,-1,1554,1550,1553,-1,1553,1550,1465,-1,1553,1465,999,-1,999,1465,951,-1,1394,737,868,-1,1394,868,1389,-1,1389,868,1481,-1,1389,1481,1390,-1,1485,1483,1387,-1,1481,1480,1390,-1,1390,1480,1479,-1,1390,1479,1392,-1,1392,1479,1393,-1,1393,1479,1387,-1,1387,1479,1486,-1,1387,1486,1485,-1,1381,1380,1483,-1,1483,1380,1385,-1,1483,1385,1387,-1,1381,1483,1383,-1,1383,1483,1489,-1,1383,1489,1488,-1,1488,1494,1383,-1,1383,1494,1493,-1,1383,1493,1384,-1,1490,1373,1491,-1,1491,1373,1379,-1,1491,1379,1493,-1,1493,1379,1378,-1,1493,1378,1384,-1,1490,1495,1373,-1,1373,1495,1497,-1,1373,1497,1375,-1,1375,1497,1376,-1,1376,1497,1503,-1,1376,1503,1369,-1,1504,925,929,-1,1503,1502,1369,-1,1369,1502,1500,-1,1369,1500,1370,-1,1370,1500,1371,-1,1371,1500,929,-1,929,1500,1499,-1,929,1499,1504,-1,1560,1462,1565,-1,1565,1462,1461,-1,720,719,1467,-1,1467,719,1354,-1,1467,1354,1555,-1,1555,1354,1464,-1,1555,1464,1556,-1,1556,1464,1463,-1,1556,1463,1558,-1,1558,1463,1462,-1,1558,1462,1571,-1,1571,1462,1560,-1,1461,1460,1565,-1,1565,1460,1459,-1,1565,1459,1566,-1,1566,1459,1454,-1,1566,1454,1567,-1,1567,1454,1568,-1,1454,1572,1568,-1,1568,1572,1452,-1,1568,1452,1569,-1,1569,1452,1570,-1,1452,1450,1570,-1,1570,1450,1449,-1,1570,1449,1466,-1,1466,1449,951,-1,951,1449,1356,-1,951,1356,972,-1,928,953,972,-1,1367,929,928,-1,972,1355,928,-1,928,1355,1398,-1,928,1398,1396,-1,1396,1395,928,-1,928,1395,1401,-1,928,1401,1367,-1,1573,1574,728,-1,1575,1576,1577,-1,1578,1579,1580,-1,1581,1582,1583,-1,1584,1585,1586,-1,1583,1582,1587,-1,1588,1589,1590,-1,1591,1592,1590,-1,1590,1592,1593,-1,1590,1593,1588,-1,1594,1595,1596,-1,1596,1595,1597,-1,1596,1597,1598,-1,1599,1600,1594,-1,1594,1600,1601,-1,1594,1601,1595,-1,1602,1603,1604,-1,1604,1603,1605,-1,1604,1605,1599,-1,1599,1605,1606,-1,1599,1606,1600,-1,1607,1608,1609,-1,1609,1608,1610,-1,1611,1612,1613,-1,1613,1612,1614,-1,1613,1614,1610,-1,1610,1614,1615,-1,1610,1615,1609,-1,1611,1613,1616,-1,1616,1613,1280,-1,1616,1280,869,-1,1617,1618,1619,-1,1619,1618,1620,-1,1619,1620,1621,-1,1621,1620,1575,-1,1621,1575,1622,-1,1623,1617,1624,-1,1624,1617,1619,-1,1624,1619,1625,-1,1625,1619,1621,-1,1625,1621,1626,-1,1626,1621,1622,-1,1627,1622,1628,-1,1622,1627,1626,-1,1626,1627,1629,-1,1626,1629,1625,-1,1625,1629,1630,-1,1625,1630,1624,-1,1624,1630,1631,-1,1624,1631,1623,-1,1632,1633,1634,-1,1634,1633,1596,-1,1634,1596,1590,-1,1590,1596,1598,-1,1590,1598,1591,-1,1585,1584,1635,-1,1635,1584,1636,-1,1635,1636,1637,-1,1586,1587,1584,-1,1584,1587,1582,-1,1584,1582,1636,-1,1636,1582,1581,-1,1636,1581,1638,-1,1637,1636,1639,-1,1639,1636,1638,-1,1639,1638,1640,-1,1640,1638,1641,-1,1640,1641,1642,-1,1643,1644,1645,-1,1646,1647,1648,-1,1648,1647,1649,-1,1648,1649,1650,-1,1607,1602,1608,-1,1608,1602,1604,-1,1608,1604,1642,-1,1642,1604,1599,-1,1642,1599,1640,-1,1640,1599,1594,-1,1640,1594,1639,-1,1639,1594,1596,-1,1639,1596,1637,-1,1637,1596,1633,-1,1637,1633,1635,-1,1635,1633,1632,-1,1635,1632,1585,-1,1643,1645,1651,-1,1651,1645,1652,-1,1651,1652,1653,-1,1650,1649,1654,-1,1654,1649,1655,-1,1654,1655,1656,-1,1657,1646,1658,-1,1658,1646,1648,-1,1658,1648,1659,-1,1659,1648,1650,-1,1659,1650,1660,-1,1660,1650,1654,-1,1660,1654,1661,-1,1661,1654,1656,-1,1661,1656,1662,-1,1641,1644,1642,-1,1642,1644,1643,-1,1642,1643,1608,-1,1608,1643,1651,-1,1608,1651,1610,-1,1610,1651,1653,-1,1663,1664,1665,-1,1573,1666,1667,-1,1667,1666,1668,-1,1667,1668,1662,-1,1294,1579,1288,-1,1288,1579,1578,-1,1288,1578,1289,-1,1267,1291,1669,-1,1669,1291,1289,-1,1669,1289,1670,-1,1670,1289,1578,-1,1670,1578,1665,-1,1665,1578,1580,-1,1665,1580,1663,-1,1294,1280,1579,-1,1579,1280,1613,-1,1579,1613,1580,-1,1580,1613,1610,-1,1580,1610,1663,-1,1663,1610,1653,-1,1663,1653,1664,-1,1664,1653,1652,-1,1575,1577,1622,-1,1622,1577,1671,-1,1622,1671,1628,-1,1628,1671,1672,-1,1628,1672,1673,-1,1673,1672,1674,-1,1673,1674,1675,-1,1675,1676,1673,-1,1673,1676,1677,-1,1673,1677,1678,-1,1678,1677,1679,-1,1678,1679,1680,-1,1676,1681,1677,-1,1677,1681,1647,-1,1677,1647,1679,-1,1679,1647,1646,-1,1679,1646,1680,-1,1680,1646,1657,-1,1681,1682,1647,-1,1647,1682,1683,-1,1647,1683,1649,-1,1649,1683,1684,-1,1649,1684,1655,-1,1655,1684,1685,-1,1655,1685,1686,-1,1662,1656,1667,-1,1667,1656,1655,-1,1667,1655,1573,-1,1573,1655,1686,-1,1573,1686,1574,-1,1589,1623,1590,-1,1590,1623,1631,-1,1590,1631,1634,-1,1634,1631,1630,-1,1634,1630,1632,-1,1632,1630,1629,-1,1632,1629,1585,-1,1585,1629,1627,-1,1585,1627,1586,-1,1586,1627,1628,-1,1586,1628,1587,-1,1587,1628,1673,-1,1587,1673,1583,-1,1583,1673,1678,-1,1583,1678,1581,-1,1581,1678,1680,-1,1581,1680,1638,-1,1638,1680,1657,-1,1638,1657,1641,-1,1641,1657,1658,-1,1641,1658,1644,-1,1644,1658,1659,-1,1644,1659,1645,-1,1645,1659,1660,-1,1645,1660,1652,-1,1652,1660,1661,-1,1652,1661,1664,-1,1664,1661,1662,-1,1664,1662,1665,-1,1665,1662,1668,-1,1665,1668,1670,-1,1670,1668,1666,-1,1670,1666,1669,-1,1669,1666,1573,-1,1669,1573,1267,-1,1267,1573,728,-1,1687,1688,1689,-1,1076,729,1690,-1,1691,1692,1693,-1,1694,1695,1696,-1,1697,1698,1699,-1,1696,1695,1700,-1,736,1033,1701,-1,1702,1703,1701,-1,1701,1703,1704,-1,1701,1704,736,-1,1705,1706,1707,-1,1707,1706,1708,-1,1707,1708,1709,-1,1710,1711,1705,-1,1705,1711,1712,-1,1705,1712,1706,-1,1713,1714,1715,-1,1715,1714,1716,-1,1715,1716,1710,-1,1710,1716,1717,-1,1710,1717,1711,-1,1718,1719,1720,-1,1720,1719,1721,-1,1722,1723,1724,-1,1724,1723,1725,-1,1724,1725,1721,-1,1721,1725,1726,-1,1721,1726,1720,-1,1722,1724,1727,-1,1727,1724,1728,-1,1727,1728,1729,-1,1074,1075,1730,-1,1730,1075,1077,-1,1730,1077,1731,-1,1731,1077,1076,-1,1731,1076,1732,-1,1073,1074,1733,-1,1733,1074,1730,-1,1733,1730,1734,-1,1734,1730,1731,-1,1734,1731,1735,-1,1735,1731,1732,-1,1736,1732,1737,-1,1732,1736,1735,-1,1735,1736,1738,-1,1735,1738,1734,-1,1734,1738,1739,-1,1734,1739,1733,-1,1733,1739,1740,-1,1733,1740,1073,-1,1741,1742,1743,-1,1743,1742,1707,-1,1743,1707,1701,-1,1701,1707,1709,-1,1701,1709,1702,-1,1698,1697,1744,-1,1744,1697,1745,-1,1744,1745,1746,-1,1699,1700,1697,-1,1697,1700,1695,-1,1697,1695,1745,-1,1745,1695,1694,-1,1745,1694,1747,-1,1746,1745,1748,-1,1748,1745,1747,-1,1748,1747,1749,-1,1749,1747,1750,-1,1749,1750,1751,-1,1752,1753,1754,-1,1755,1756,1757,-1,1757,1756,1758,-1,1757,1758,1759,-1,1718,1713,1719,-1,1719,1713,1715,-1,1719,1715,1751,-1,1751,1715,1710,-1,1751,1710,1749,-1,1749,1710,1705,-1,1749,1705,1748,-1,1748,1705,1707,-1,1748,1707,1746,-1,1746,1707,1742,-1,1746,1742,1744,-1,1744,1742,1741,-1,1744,1741,1698,-1,1752,1754,1760,-1,1760,1754,1761,-1,1760,1761,1762,-1,1759,1758,1763,-1,1763,1758,1764,-1,1763,1764,1765,-1,1766,1755,1767,-1,1767,1755,1757,-1,1767,1757,1768,-1,1768,1757,1759,-1,1768,1759,1769,-1,1769,1759,1763,-1,1769,1763,1770,-1,1770,1763,1765,-1,1770,1765,1771,-1,1750,1753,1751,-1,1751,1753,1752,-1,1751,1752,1719,-1,1719,1752,1760,-1,1719,1760,1721,-1,1721,1760,1762,-1,1772,1773,1774,-1,1687,1775,1776,-1,1776,1775,1777,-1,1776,1777,1771,-1,1778,1692,1779,-1,1779,1692,1691,-1,1779,1691,1780,-1,1781,1782,1783,-1,1783,1782,1780,-1,1783,1780,1784,-1,1784,1780,1691,-1,1784,1691,1774,-1,1774,1691,1693,-1,1774,1693,1772,-1,1778,1728,1692,-1,1692,1728,1724,-1,1692,1724,1693,-1,1693,1724,1721,-1,1693,1721,1772,-1,1772,1721,1762,-1,1772,1762,1773,-1,1773,1762,1761,-1,1076,1690,1732,-1,1732,1690,1785,-1,1732,1785,1737,-1,1737,1785,1786,-1,1737,1786,1787,-1,1787,1786,1788,-1,1787,1788,1789,-1,1789,1790,1787,-1,1787,1790,1791,-1,1787,1791,1792,-1,1792,1791,1793,-1,1792,1793,1794,-1,1790,1795,1791,-1,1791,1795,1756,-1,1791,1756,1793,-1,1793,1756,1755,-1,1793,1755,1794,-1,1794,1755,1766,-1,1795,1796,1756,-1,1756,1796,1797,-1,1756,1797,1758,-1,1758,1797,1798,-1,1758,1798,1764,-1,1764,1798,1799,-1,1764,1799,1800,-1,1771,1765,1776,-1,1776,1765,1764,-1,1776,1764,1687,-1,1687,1764,1800,-1,1687,1800,1688,-1,1033,1073,1701,-1,1701,1073,1740,-1,1701,1740,1743,-1,1743,1740,1739,-1,1743,1739,1741,-1,1741,1739,1738,-1,1741,1738,1698,-1,1698,1738,1736,-1,1698,1736,1699,-1,1699,1736,1737,-1,1699,1737,1700,-1,1700,1737,1787,-1,1700,1787,1696,-1,1696,1787,1792,-1,1696,1792,1694,-1,1694,1792,1794,-1,1694,1794,1747,-1,1747,1794,1766,-1,1747,1766,1750,-1,1750,1766,1767,-1,1750,1767,1753,-1,1753,1767,1768,-1,1753,1768,1754,-1,1754,1768,1769,-1,1754,1769,1761,-1,1761,1769,1770,-1,1761,1770,1773,-1,1773,1770,1771,-1,1773,1771,1774,-1,1774,1771,1777,-1,1774,1777,1784,-1,1784,1777,1775,-1,1784,1775,1783,-1,1783,1775,1687,-1,1783,1687,1781,-1,1781,1687,1689,-1,1616,869,736,-1,1616,736,1611,-1,1611,736,1704,-1,1611,1704,1612,-1,1708,1706,1609,-1,1704,1703,1612,-1,1612,1703,1702,-1,1612,1702,1614,-1,1614,1702,1615,-1,1615,1702,1609,-1,1609,1702,1709,-1,1609,1709,1708,-1,1603,1602,1706,-1,1706,1602,1607,-1,1706,1607,1609,-1,1603,1706,1605,-1,1605,1706,1712,-1,1605,1712,1711,-1,1711,1717,1605,-1,1605,1717,1716,-1,1605,1716,1606,-1,1713,1595,1714,-1,1714,1595,1601,-1,1714,1601,1716,-1,1716,1601,1600,-1,1716,1600,1606,-1,1713,1718,1595,-1,1595,1718,1720,-1,1595,1720,1597,-1,1597,1720,1598,-1,1598,1720,1726,-1,1598,1726,1591,-1,1727,1729,1588,-1,1726,1725,1591,-1,1591,1725,1723,-1,1591,1723,1592,-1,1592,1723,1593,-1,1593,1723,1588,-1,1588,1723,1722,-1,1588,1722,1727,-1,1790,1684,1795,-1,1795,1684,1683,-1,729,728,1690,-1,1690,728,1574,-1,1690,1574,1785,-1,1785,1574,1686,-1,1785,1686,1786,-1,1786,1686,1685,-1,1786,1685,1788,-1,1788,1685,1684,-1,1788,1684,1801,-1,1801,1684,1790,-1,1683,1682,1795,-1,1795,1682,1681,-1,1795,1681,1796,-1,1796,1681,1676,-1,1796,1676,1797,-1,1797,1676,1798,-1,1676,1802,1798,-1,1798,1802,1674,-1,1798,1674,1799,-1,1799,1674,1800,-1,1674,1672,1800,-1,1800,1672,1671,-1,1800,1671,1688,-1,1688,1671,1689,-1,1689,1671,1577,-1,1689,1577,1576,-1,1803,1576,1575,-1,1575,1620,1803,-1,1803,1620,1618,-1,1803,1618,1617,-1,1617,1623,1803,-1,1803,1623,1589,-1,1803,1589,1804,-1,1804,1589,1588,-1,1588,1729,1804,-1,1804,1729,1805,-1,1804,1805,1806,-1,1806,1805,1807,-1,1808,1809,1803,-1,1803,1809,1810,-1,1803,1810,1576,-1,1576,1810,1689,-1,1781,1689,1810,-1,1805,1729,1728,-1,1805,1728,1810,-1,1810,1728,1778,-1,1810,1778,1779,-1,1779,1780,1810,-1,1810,1780,1782,-1,1810,1782,1781,-1,953,928,1811,-1,1811,928,1812,-1,1811,1812,1813,-1,1813,1812,1814,-1,1813,1814,1815,-1,1815,1814,1816,-1,1815,1816,1817,-1,1817,1816,1818,-1,1817,1818,1819,-1,1819,1818,1820,-1,1819,1820,1821,-1,1821,1820,1822,-1,1823,1824,1825,-1,1825,1824,1826,-1,1825,1826,1827,-1,1827,1826,1828,-1,1827,1828,1829,-1,1829,1828,1830,-1,1829,1830,1831,-1,1831,1830,1832,-1,1831,1832,1833,-1,1833,1832,1834,-1,1833,1834,950,-1,950,1834,920,-1,921,920,1834,-1,1812,928,919,-1,921,1834,919,-1,919,1834,1812,-1,1812,1834,1832,-1,1812,1832,1814,-1,1814,1832,1830,-1,1814,1830,1816,-1,1816,1830,1828,-1,1816,1828,1818,-1,1818,1828,1826,-1,1818,1826,1820,-1,1820,1826,1824,-1,1820,1824,1822,-1,962,954,1835,-1,956,1836,1837,-1,1838,1823,1839,-1,1839,1823,1825,-1,1839,1825,1840,-1,1840,1825,1827,-1,1840,1827,1841,-1,1841,1827,1829,-1,1841,1829,1842,-1,1842,1829,1831,-1,1842,1831,1843,-1,1843,1831,1833,-1,1843,1833,958,-1,958,1833,950,-1,1844,1838,1845,-1,1845,1838,1839,-1,1845,1839,1846,-1,1846,1839,1840,-1,1846,1840,1847,-1,1847,1840,1841,-1,1847,1841,1848,-1,1848,1841,1842,-1,1848,1842,1837,-1,1837,1842,1843,-1,1837,1843,956,-1,956,1843,958,-1,1849,1844,1850,-1,1850,1844,1845,-1,1850,1845,1851,-1,1851,1845,1846,-1,1851,1846,1852,-1,1852,1846,1847,-1,1852,1847,1853,-1,1853,1847,1848,-1,1853,1848,1854,-1,1854,1848,1837,-1,1854,1837,1855,-1,1855,1837,1836,-1,1855,962,1854,-1,1854,962,1835,-1,1854,1835,1853,-1,1853,1835,1856,-1,1853,1856,1852,-1,1852,1856,1857,-1,1852,1857,1851,-1,1851,1857,1858,-1,1851,1858,1850,-1,1850,1858,1859,-1,1850,1859,1849,-1,1849,1859,1860,-1,1821,1860,1819,-1,1819,1860,1859,-1,1819,1859,1817,-1,1817,1859,1858,-1,1817,1858,1815,-1,1815,1858,1857,-1,1815,1857,1813,-1,1813,1857,1856,-1,1813,1856,1811,-1,1811,1856,1835,-1,1811,1835,953,-1,953,1835,954,-1,1861,1862,1823,-1,1823,1862,1824,-1,1863,1864,1822,-1,1822,1864,1821,-1,1862,1863,1824,-1,1824,1863,1822,-1,1860,1821,1864,-1,1823,1838,1861,-1,1861,1838,1844,-1,1861,1844,1864,-1,1864,1844,1849,-1,1864,1849,1860,-1,1863,1862,1864,-1,1864,1862,1861,-1,699,693,249,-1,249,693,212,-1,699,249,247,-1,699,247,714,-1,714,247,245,-1,714,245,712,-1,712,245,243,-1,712,243,713,-1,713,243,241,-1,713,241,715,-1,715,241,239,-1,715,239,716,-1,716,239,238,-1,716,238,698,-1,697,698,216,-1,216,698,238,-1,697,216,218,-1,697,218,707,-1,707,218,220,-1,707,220,708,-1,708,220,229,-1,708,229,709,-1,709,229,231,-1,709,231,711,-1,711,231,233,-1,711,233,710,-1,710,233,235,-1,710,235,706,-1,705,706,209,-1,209,706,235,-1,677,670,656,-1,656,670,612,-1,677,656,654,-1,677,654,680,-1,680,654,652,-1,680,652,678,-1,678,652,650,-1,678,650,679,-1,679,650,648,-1,679,648,681,-1,681,648,646,-1,681,646,682,-1,682,646,644,-1,682,644,674,-1,673,674,642,-1,642,674,644,-1,673,642,640,-1,673,640,683,-1,683,640,639,-1,683,639,684,-1,684,639,627,-1,684,627,686,-1,686,627,632,-1,686,632,687,-1,687,632,634,-1,687,634,685,-1,685,634,636,-1,685,636,671,-1,672,671,609,-1,609,671,636,-1,1865,695,704,-1,1865,704,1866,-1,1867,1868,704,-1,704,1868,1869,-1,1869,1870,704,-1,704,1870,1871,-1,704,1871,1866,-1,696,1872,700,-1,700,1872,1873,-1,700,1873,1874,-1,1875,1876,1877,-1,1877,1876,700,-1,1877,700,1878,-1,1878,700,1874,-1,990,204,203,-1,988,993,989,-1,989,993,992,-1,989,992,985,-1,985,992,991,-1,985,991,986,-1,986,991,990,-1,986,990,987,-1,987,990,203,-1,987,203,254,-1,1876,1867,700,-1,700,1867,704,-1,700,704,988,-1,988,704,994,-1,988,994,993,-1,1868,1875,1869,-1,1869,1875,1877,-1,1869,1877,1870,-1,1870,1877,1878,-1,1870,1878,1871,-1,1871,1878,1874,-1,1871,1874,1866,-1,1866,1874,1873,-1,1866,1873,1865,-1,1865,1873,1872,-1,1865,1872,695,-1,695,1872,696,-1,1879,1880,1875,-1,1875,1880,1876,-1,1881,1882,1867,-1,1867,1882,1868,-1,1880,1883,1876,-1,1876,1883,1884,-1,1876,1884,1885,-1,1886,1867,1887,-1,1887,1867,1876,-1,1887,1876,1888,-1,1888,1876,1885,-1,1889,1881,1890,-1,1890,1881,1867,-1,1890,1867,1891,-1,1891,1867,1886,-1,1892,1879,1893,-1,1893,1879,1875,-1,1893,1875,1894,-1,1882,1895,1868,-1,1868,1895,1896,-1,1868,1896,1897,-1,1897,1898,1868,-1,1868,1898,1899,-1,1868,1899,1875,-1,1875,1899,1900,-1,1875,1900,1894,-1,1883,1880,1892,-1,1892,1880,1879,-1,1883,1892,1884,-1,1884,1892,1893,-1,1884,1893,1885,-1,1885,1893,1894,-1,1885,1894,1888,-1,1888,1894,1900,-1,1888,1900,1887,-1,1887,1900,1899,-1,1887,1899,1886,-1,1886,1899,1898,-1,1886,1898,1891,-1,1891,1898,1897,-1,1891,1897,1890,-1,1890,1897,1896,-1,1890,1896,1889,-1,1889,1896,1895,-1,1881,1889,1882,-1,1882,1889,1895,-1,1901,1902,663,-1,663,1902,1903,-1,676,663,1904,-1,1904,663,1905,-1,1903,1906,663,-1,663,1906,1907,-1,663,1907,1905,-1,668,1908,669,-1,669,1908,1909,-1,669,1909,1910,-1,1911,1912,1913,-1,1913,1912,669,-1,1913,669,1914,-1,1914,669,1910,-1,975,981,976,-1,976,981,980,-1,976,980,977,-1,977,980,984,-1,977,984,978,-1,978,984,983,-1,978,983,979,-1,979,983,621,-1,979,621,611,-1,1912,1901,669,-1,669,1901,663,-1,669,663,975,-1,975,663,982,-1,975,982,981,-1,1902,1911,1903,-1,1903,1911,1913,-1,1903,1913,1906,-1,1906,1913,1914,-1,1906,1914,1907,-1,1907,1914,1910,-1,1907,1910,1905,-1,1905,1910,1909,-1,1905,1909,1904,-1,1904,1909,1908,-1,1904,1908,676,-1,676,1908,668,-1,1915,1916,1911,-1,1911,1916,1912,-1,1917,1918,1901,-1,1901,1918,1902,-1,1916,1919,1912,-1,1912,1919,1920,-1,1912,1920,1921,-1,1922,1917,1923,-1,1923,1917,1901,-1,1923,1901,1924,-1,1921,1925,1912,-1,1912,1925,1926,-1,1912,1926,1901,-1,1901,1926,1927,-1,1901,1927,1924,-1,1918,1928,1902,-1,1902,1928,1929,-1,1902,1929,1930,-1,1931,1915,1932,-1,1932,1915,1911,-1,1932,1911,1933,-1,1930,1934,1902,-1,1902,1934,1935,-1,1902,1935,1911,-1,1911,1935,1936,-1,1911,1936,1933,-1,1919,1916,1931,-1,1931,1916,1915,-1,1919,1931,1920,-1,1920,1931,1932,-1,1920,1932,1921,-1,1921,1932,1933,-1,1921,1933,1925,-1,1925,1933,1936,-1,1925,1936,1926,-1,1926,1936,1935,-1,1926,1935,1927,-1,1927,1935,1934,-1,1927,1934,1924,-1,1924,1934,1930,-1,1924,1930,1923,-1,1923,1930,1929,-1,1923,1929,1922,-1,1922,1929,1928,-1,1917,1922,1918,-1,1918,1922,1928,-1,919,962,1855,-1,919,1855,921,-1,921,1855,1836,-1,921,1836,956,-1,970,952,942,-1,942,952,943,-1,946,943,959,-1,959,943,952,-1,917,946,960,-1,960,946,959,-1,918,917,961,-1,961,917,960,-1,919,918,962,-1,962,918,961,-1,930,921,955,-1,955,921,956,-1,931,930,957,-1,957,930,955,-1,933,931,963,-1,963,931,957,-1,934,933,964,-1,964,933,963,-1,926,934,965,-1,965,934,964,-1,939,938,973,-1,973,938,974,-1,
        ]
    }
}
Shape{
    appearance Appearance {
        material  Material 	{
            diffuseColor 0.0 1.0 0.0
            specularColor 0.0 0.5019607843137255 0.0
            ambientIntensity 0.587
            transparency 0.0
            shininess 0.5
        }
    }
    geometry IndexedFaceSet {
        ccw TRUE
        solid FALSE
        coord DEF co Coordinate {
            point [
                -1.3165 -5.2063 1.4747, -1.3165 -5.2063 0.676, -1.3165 -5.1984 1.4747, -1.3165 -5.1984 0.676, -2.6332 -5.2063 1.4747, -2.6332 -5.1984 1.4747, -2.6332 -5.2063 0.676, -2.6332 -5.1984 0.676
            ]
        }
        coordIndex [
            0,1,2,-1,2,1,3,-1,4,0,5,-1,5,0,2,-1,6,4,7,-1,7,4,5,-1,1,6,3,-1,3,6,7,-1,4,6,0,-1,0,6,1,-1,
        ]
    }
}
Shape{
    appearance Appearance {
        material  Material 	{
            diffuseColor 1.0 1.0 0.0
            specularColor 0.5019607843137255 0.5019607843137255 0.0
            ambientIntensity 0.886
            transparency 0.0
            shininess 0.5
        }
    }
    geometry IndexedFaceSet {
        ccw TRUE
        solid FALSE
        coord DEF co Coordinate {
            point [
                2.6332 -5.2063 0.676, 1.3165 -5.2063 0.676, 2.6332 -5.1984 0.676, 1.3165 -5.1984 0.676, 2.6332 -5.2063 1.4747, 2.6332 -5.1984 1.4747, 1.3165 -5.2063 1.4747, 1.3165 -5.1984 1.4747
            ]
        }
        coordIndex [
            0,1,2,-1,2,1,3,-1,4,0,5,-1,5,0,2,-1,6,4,7,-1,7,4,5,-1,1,6,3,-1,3,6,7,-1,4,6,0,-1,0,6,1,-1,
        ]
    }
}
Shape{
    appearance Appearance {
        material  Material 	{
            diffuseColor 0.7529411764705882 0.7529411764705882 0.7529411764705882
            specularColor 0.3764705882352941 0.3764705882352941 0.3764705882352941
            ambientIntensity 0.7529
            transparency 0.0
            shininess 0.5
        }
    }
    geometry IndexedFaceSet {
        ccw TRUE
        solid FALSE
        coord DEF co Coordinate {
            point [
                -2.4597 -5.1 3.2685, -2.4597 -5.1984 3.2685, -2.0896 -5.1 3.2685, -2.0896 -5.1984 3.2685, 2.4597 -5.1 2.4268, 2.4597 -5.1984 2.4268, 2.0896 -5.1 2.4268, 2.0896 -5.1984 2.4268, -2.0886 -5.0999 3.2685, -2.0631 -5.1949 3.2685, -2.0877 -5.0995 3.2685, -2.0384 -5.1847 3.2685, -2.0868 -5.0988 3.2685, -2.0172 -5.1684 3.2685, -2.0862 -5.098 3.2685, -2.001 -5.1472 3.2685, -2.0858 -5.0971 3.2685, -1.9908 -5.1226 3.2685, -2.0857 -5.0961 3.2685, -1.9873 -5.0961 3.2685, -2.0857 -5.0961 2.4268, -1.9873 -5.0961 2.4268, -2.0858 -5.0971 2.4268, -1.9908 -5.1226 2.4268, -2.0862 -5.098 2.4268, -2.001 -5.1472 2.4268, -2.0868 -5.0988 2.4268, -2.0172 -5.1684 2.4268, -2.0877 -5.0995 2.4268, -2.0384 -5.1847 2.4268, -2.0886 -5.0999 2.4268, -2.0631 -5.1949 2.4268, -2.0896 -5.1 2.4268, -2.0896 -5.1984 2.4268, -2.0857 -4.0173 2.4268, -1.9873 -4.0173 2.4268, -1.9873 -4.0173 3.2685, -2.0857 -4.0173 3.2685, 2.0886 -5.0999 2.4268, 2.0631 -5.1949 2.4268, 2.0877 -5.0995 2.4268, 2.0384 -5.1847 2.4268, 2.0868 -5.0988 2.4268, 2.0172 -5.1684 2.4268, 2.0862 -5.098 2.4268, 2.001 -5.1472 2.4268, 2.0858 -5.0971 2.4268, 1.9908 -5.1226 2.4268, 2.0857 -5.0961 2.4268, 1.9873 -5.0961 2.4268, 2.0857 -5.0961 3.2685, 1.9873 -5.0961 3.2685, 2.0858 -5.0971 3.2685, 1.9908 -5.1226 3.2685, 2.0862 -5.098 3.2685, 2.001 -5.1472 3.2685, 2.0868 -5.0988 3.2685, 2.0172 -5.1684 3.2685, 2.0877 -5.0995 3.2685, 2.0384 -5.1847 3.2685, 2.0886 -5.0999 3.2685, 2.0631 -5.1949 3.2685, 2.0896 -5.1 3.2685, 2.0896 -5.1984 3.2685, 2.0857 -4.0173 3.2685, 1.9873 -4.0173 3.2685, 1.9873 -4.0173 2.4268, 2.0857 -4.0173 2.4268, -3.0374 3.0415 0.5118, -3.1358 3.0415 0.5118, -3.0365 3.0487 0.5118, -3.1315 3.0741 0.5118, -3.0337 3.0554 0.5118, -3.1189 3.1046 0.5118, -3.0292 3.0611 0.5118, -3.0988 3.1307 0.5118, -3.0235 3.0656 0.5118, -3.0727 3.1508 0.5118, -3.0168 3.0683 0.5118, -3.0422 3.1634 0.5118, -3.0096 3.0693 0.5118, -3.0096 3.1677 0.5118, 3.0096 3.0693 0.5118, 3.0096 3.1677 0.5118, 3.0168 3.0683 0.5118, 3.0422 3.1634 0.5118, 3.0235 3.0656 0.5118, 3.0727 3.1508 0.5118, 3.0292 3.0611 0.5118, 3.0988 3.1307 0.5118, 3.0337 3.0554 0.5118, 3.1189 3.1046 0.5118, 3.0365 3.0487 0.5118, 3.1315 3.0741 0.5118, 3.0374 3.0415 0.5118, 3.1358 3.0415 0.5118, -3.0374 1.7112 0.5118, -3.0374 1.5929 0.5118, -3.1358 1.7112 0.5118, -3.1358 1.5929 0.5118, -3.0374 1.5929 0.0394, -3.1358 1.5929 0.0394, 3.1358 1.7112 0.5118, 3.1358 1.5929 0.5118, 3.0374 1.7112 0.5118, 3.0374 1.5929 0.5118, 3.1358 1.5929 0.0394, 3.0374 1.5929 0.0394, 3.1358 1.7112 3.968, 3.0374 1.7112 4.1923, 3.1358 1.7112 4.0737, 3.1358 1.7112 4.1923, 2.1156 3.0298 5.1891, 3.0335 3.0386 5.1772, 3.1346 3.0298 5.1891, 3.0339 3.0386 5.1771, 3.0343 3.0386 5.1771, 3.0359 3.0392 5.1763, 3.0365 3.0397 5.1757, 3.037 3.0402 5.1749, 3.0373 3.0408 5.1741, 3.0348 3.0387 5.1769, 3.0352 3.0389 5.1768, 3.056 3.0415 5.1732, 3.0622 3.0415 5.1732, 3.087 3.0415 5.1732, 3.1358 3.0415 5.1732, 3.0374 3.0415 5.1732, 3.0405 3.0415 5.1732, 3.0436 3.0415 5.1732, 3.0498 3.0415 5.1732, -3.0373 3.0407 5.1743, -3.0369 3.04 5.1752, -3.1346 3.0298 5.1891, -3.0362 3.0394 5.176, -3.035 3.0388 5.1769, -3.0345 3.0387 5.177, -3.1358 3.0415 5.1732, -3.087 3.0415 5.1732, -3.0622 3.0415 5.1732, -3.056 3.0415 5.1732, -3.034 3.0386 5.1771, -3.0335 3.0386 5.1772, -2.1156 3.0298 5.1891, -2.1156 3.0386 5.1772, -1.0578 3.0298 5.1891, -1.0578 3.0386 5.1772, 0.0 3.0298 5.1891, 0.0 3.0386 5.1772, 1.0578 3.0298 5.1891, 1.0578 3.0386 5.1772, 2.1156 3.0386 5.1772, -3.0498 3.0415 5.1732, -3.0436 3.0415 5.1732, -3.0405 3.0415 5.1732, -3.0374 3.0415 5.1732, -3.0359 3.0392 5.1764, -3.0354 3.039 5.1766, 3.035 3.0131 5.1769, 3.0345 3.0134 5.177, 3.034 3.0135 5.1771, 3.0335 3.0135 5.1772, -3.0345 3.0134 5.177, -3.1358 3.0082 5.1732, -3.035 3.0131 5.1769, -3.0354 3.0128 5.1766, 3.0369 3.0109 5.1752, 3.0362 3.012 5.176, -3.0335 3.0135 5.1772, -3.034 3.0135 5.1771, -3.0359 3.0124 5.1764, -3.0362 3.012 5.176, -3.0369 3.0109 5.1752, -3.0374 1.7244 4.2317, -3.1358 1.7244 4.2317, -3.0374 3.0082 5.1732, -3.0373 3.0096 5.1743, 3.1358 1.7244 4.2317, 3.0374 1.7244 4.2317, 3.1358 3.0082 5.1732, 3.0374 3.0082 5.1732, 3.0373 3.0096 5.1743, 3.0359 3.0124 5.1764, 3.0354 3.0128 5.1766, -3.1354 -1.5363 5.1821, -3.0369 -1.5328 5.1752, -3.0362 -1.5332 5.176, 3.1354 -1.5363 5.1821, 3.0373 -1.5323 5.1743, 3.0374 -1.5318 5.1732, -3.1358 -1.0567 4.2317, -3.0374 -1.0567 4.2317, -3.1358 -1.5318 5.1732, -3.0374 -1.5318 5.1732, -3.0373 -1.5323 5.1743, 3.1358 -1.5318 5.1732, 3.0374 -1.0567 4.2317, 3.1358 -1.0567 4.2317, -3.035 -1.5337 5.1769, -3.0345 -1.5337 5.177, 3.0359 -1.5334 5.1764, 3.0362 -1.5332 5.176, 3.0369 -1.5328 5.1752, -3.0359 -1.5334 5.1764, -3.0354 -1.5335 5.1766, -3.034 -1.5338 5.1771, -3.0335 -1.5338 5.1772, -2.0906 -1.5363 5.1821, 3.0345 -1.5337 5.177, 3.035 -1.5337 5.1769, 3.0354 -1.5335 5.1766, 2.0906 -1.5363 5.1821, 3.0335 -1.5338 5.1772, 3.034 -1.5338 5.1771, 1.0453 -1.5363 5.1821, 0.0 -1.5363 5.1821, -1.0453 -1.5363 5.1821, 3.1358 -1.5539 5.1732, 3.1358 -1.5714 5.1644, 3.0374 -1.5714 5.1644, 3.0362 -1.5484 5.176, 3.0354 -1.5471 5.1766, 3.0374 -1.5539 5.1732, 3.0371 -1.5519 5.1742, 3.0369 -1.55 5.1752, 3.035 -1.5467 5.1769, 3.0345 -1.5463 5.177, 3.034 -1.5461 5.1771, -3.0335 -1.5461 5.1772, -3.0339 -1.5461 5.1771, -3.0343 -1.5463 5.1771, -3.0348 -1.5465 5.1769, -3.0352 -1.5468 5.1768, -3.0359 -1.5478 5.1763, -3.0365 -1.549 5.1757, -3.0374 -1.5714 5.1644, -3.1358 -1.5714 5.1644, -3.0374 -1.5539 5.1732, -3.1358 -1.5539 5.1732, -3.0373 -1.5521 5.1741, -3.0369 -1.5506 5.1749, 3.0337 -1.5461 5.1772, 3.0335 -1.5461 5.1772, 2.0906 -1.5461 5.1772, 1.0453 -1.5461 5.1772, 0.0 -1.5461 5.1772, -1.0453 -1.5461 5.1772, -2.0906 -1.5461 5.1772, 3.1358 -1.1388 4.3069, 3.1358 -1.081 4.1923, 3.0374 -1.081 4.1923, 3.1358 -1.2348 4.4971, 3.1358 -1.3717 4.7685, 3.1358 -0.93 4.1923, -3.0374 -1.081 4.1923, -3.1358 -1.081 4.1923, -3.0374 1.7112 4.1923, -3.1358 1.7112 4.1923, 3.0096 3.0693 5.1575, 3.0168 3.0683 5.1575, 3.0235 3.0656 5.1575, 3.0292 3.0611 5.1575, 3.0337 3.0554 5.1575, 3.0365 3.0487 5.1575, 3.0374 3.0415 5.1575, 3.1358 3.0415 5.1575, 3.1315 3.0741 5.1575, 3.1189 3.1046 5.1575, 3.0988 3.1307 5.1575, 3.0727 3.1508 5.1575, 3.0422 3.1634 5.1575, 3.0096 3.1677 5.1575, -3.0374 3.0415 5.1575, -3.0365 3.0487 5.1575, -3.0337 3.0554 5.1575, -3.0292 3.0611 5.1575, -3.0235 3.0656 5.1575, -3.0168 3.0683 5.1575, -3.0096 3.0693 5.1575, -3.0096 3.1677 5.1575, -3.0422 3.1634 5.1575, -3.0727 3.1508 5.1575, -3.0988 3.1307 5.1575, -3.1189 3.1046 5.1575, -3.1315 3.0741 5.1575, -3.1358 3.0415 5.1575
            ]
        }
        coordIndex [
            0,1,2,-1,2,1,3,-1,4,5,6,-1,6,5,7,-1,2,3,8,-1,8,3,9,-1,8,9,10,-1,10,9,11,-1,10,11,12,-1,12,11,13,-1,12,13,14,-1,14,13,15,-1,14,15,16,-1,16,15,17,-1,16,17,18,-1,18,17,19,-1,20,21,22,-1,22,21,23,-1,22,23,24,-1,24,23,25,-1,24,25,26,-1,26,25,27,-1,26,27,28,-1,28,27,29,-1,28,29,30,-1,30,29,31,-1,30,31,32,-1,32,31,33,-1,3,33,31,-1,3,31,9,-1,9,31,29,-1,9,29,11,-1,11,29,27,-1,11,27,13,-1,13,27,25,-1,13,25,15,-1,15,25,23,-1,15,23,17,-1,17,23,21,-1,17,21,19,-1,18,20,16,-1,16,20,22,-1,16,22,14,-1,14,22,24,-1,14,24,12,-1,12,24,26,-1,12,26,10,-1,10,26,28,-1,10,28,8,-1,8,28,30,-1,8,30,2,-1,2,30,32,-1,34,35,20,-1,20,35,21,-1,36,37,19,-1,19,37,18,-1,35,36,21,-1,21,36,19,-1,18,37,20,-1,20,37,34,-1,36,35,37,-1,37,35,34,-1,6,7,38,-1,38,7,39,-1,38,39,40,-1,40,39,41,-1,40,41,42,-1,42,41,43,-1,42,43,44,-1,44,43,45,-1,44,45,46,-1,46,45,47,-1,46,47,48,-1,48,47,49,-1,50,51,52,-1,52,51,53,-1,52,53,54,-1,54,53,55,-1,54,55,56,-1,56,55,57,-1,56,57,58,-1,58,57,59,-1,58,59,60,-1,60,59,61,-1,60,61,62,-1,62,61,63,-1,7,63,61,-1,7,61,39,-1,39,61,59,-1,39,59,41,-1,41,59,57,-1,41,57,43,-1,43,57,55,-1,43,55,45,-1,45,55,53,-1,45,53,47,-1,47,53,51,-1,47,51,49,-1,48,50,46,-1,46,50,52,-1,46,52,44,-1,44,52,54,-1,44,54,42,-1,42,54,56,-1,42,56,40,-1,40,56,58,-1,40,58,38,-1,38,58,60,-1,38,60,6,-1,6,60,62,-1,64,65,50,-1,50,65,51,-1,66,67,49,-1,49,67,48,-1,65,66,51,-1,51,66,49,-1,48,67,50,-1,50,67,64,-1,66,65,67,-1,67,65,64,-1,68,69,70,-1,70,69,71,-1,70,71,72,-1,72,71,73,-1,72,73,74,-1,74,73,75,-1,74,75,76,-1,76,75,77,-1,76,77,78,-1,78,77,79,-1,78,79,80,-1,80,79,81,-1,80,81,82,-1,82,81,83,-1,82,83,84,-1,84,83,85,-1,84,85,86,-1,86,85,87,-1,86,87,88,-1,88,87,89,-1,88,89,90,-1,90,89,91,-1,90,91,92,-1,92,91,93,-1,92,93,94,-1,94,93,95,-1,96,97,98,-1,98,97,99,-1,100,101,97,-1,97,101,99,-1,102,103,104,-1,104,103,105,-1,103,106,105,-1,105,106,107,-1,102,104,108,-1,108,104,109,-1,108,109,110,-1,110,109,111,-1,112,113,114,-1,114,113,115,-1,114,115,116,-1,117,118,114,-1,114,118,119,-1,114,119,120,-1,116,121,114,-1,114,121,122,-1,114,122,117,-1,123,124,114,-1,114,124,125,-1,114,125,126,-1,127,128,120,-1,120,128,129,-1,120,129,114,-1,114,129,130,-1,114,130,123,-1,131,132,133,-1,133,132,134,-1,135,136,133,-1,137,138,133,-1,133,138,139,-1,133,139,140,-1,136,141,133,-1,133,141,142,-1,133,142,143,-1,143,142,144,-1,143,144,145,-1,145,144,146,-1,145,146,147,-1,147,146,148,-1,147,148,149,-1,149,148,150,-1,149,150,112,-1,112,150,151,-1,112,151,113,-1,140,152,133,-1,133,152,153,-1,133,153,131,-1,131,153,154,-1,131,154,155,-1,134,156,133,-1,133,156,157,-1,133,157,135,-1,158,159,114,-1,159,160,114,-1,114,160,161,-1,114,161,112,-1,133,162,163,-1,163,162,164,-1,163,164,165,-1,114,166,167,-1,143,168,133,-1,133,168,169,-1,133,169,162,-1,143,145,168,-1,168,145,147,-1,168,147,161,-1,161,147,149,-1,161,149,112,-1,165,170,163,-1,163,170,171,-1,163,171,172,-1,173,174,175,-1,175,174,163,-1,175,163,176,-1,176,163,172,-1,177,178,179,-1,179,178,180,-1,179,180,114,-1,114,180,181,-1,114,181,166,-1,167,182,114,-1,114,182,183,-1,114,183,158,-1,184,185,186,-1,187,188,189,-1,190,191,192,-1,192,191,193,-1,192,193,184,-1,184,193,194,-1,184,194,185,-1,187,189,195,-1,195,189,196,-1,195,196,197,-1,198,199,184,-1,200,201,187,-1,187,201,202,-1,187,202,188,-1,186,203,184,-1,184,203,204,-1,184,204,198,-1,199,205,184,-1,184,205,206,-1,184,206,207,-1,208,209,187,-1,187,209,210,-1,187,210,200,-1,211,212,187,-1,187,212,213,-1,187,213,208,-1,211,214,212,-1,212,214,215,-1,212,215,206,-1,206,215,216,-1,206,216,207,-1,217,218,219,-1,220,221,187,-1,219,222,217,-1,217,222,223,-1,217,223,187,-1,187,223,224,-1,187,224,220,-1,221,225,187,-1,187,225,226,-1,187,226,227,-1,228,184,207,-1,228,229,184,-1,184,229,230,-1,184,230,231,-1,231,232,184,-1,184,232,233,-1,184,233,234,-1,235,236,237,-1,237,236,238,-1,237,238,239,-1,239,238,184,-1,239,184,240,-1,240,184,234,-1,227,241,187,-1,187,241,242,-1,187,242,211,-1,211,242,243,-1,211,243,214,-1,214,243,244,-1,214,244,215,-1,215,244,245,-1,215,245,216,-1,216,245,246,-1,216,246,207,-1,207,246,247,-1,207,247,228,-1,177,197,178,-1,178,197,196,-1,248,249,250,-1,248,250,251,-1,251,250,252,-1,252,250,219,-1,252,219,218,-1,111,109,253,-1,253,109,250,-1,253,250,249,-1,191,190,173,-1,173,190,174,-1,235,254,236,-1,236,254,255,-1,96,98,256,-1,256,98,257,-1,254,256,255,-1,255,256,257,-1,165,164,198,-1,198,164,162,-1,198,162,199,-1,199,162,169,-1,199,169,205,-1,205,169,168,-1,205,168,206,-1,198,204,165,-1,165,204,203,-1,165,203,170,-1,170,203,171,-1,203,186,171,-1,171,186,185,-1,171,185,172,-1,172,185,194,-1,172,194,176,-1,176,194,193,-1,176,193,175,-1,201,166,202,-1,202,166,181,-1,202,181,188,-1,188,181,180,-1,188,180,189,-1,212,161,213,-1,213,161,160,-1,213,160,208,-1,208,160,159,-1,208,159,209,-1,209,159,158,-1,209,158,210,-1,210,158,183,-1,210,183,200,-1,200,183,182,-1,200,182,201,-1,201,182,167,-1,201,167,166,-1,206,168,212,-1,212,168,161,-1,180,178,189,-1,189,178,196,-1,173,175,191,-1,191,175,193,-1,258,82,259,-1,259,82,84,-1,259,84,260,-1,260,84,86,-1,260,86,261,-1,261,86,88,-1,261,88,262,-1,262,88,90,-1,262,90,263,-1,263,90,92,-1,263,92,264,-1,264,92,94,-1,265,264,95,-1,95,264,94,-1,265,95,93,-1,265,93,266,-1,266,93,91,-1,266,91,267,-1,267,91,89,-1,267,89,268,-1,268,89,87,-1,268,87,269,-1,269,87,85,-1,269,85,270,-1,270,85,83,-1,270,83,271,-1,264,265,263,-1,263,265,266,-1,263,266,262,-1,262,266,267,-1,262,267,261,-1,261,267,268,-1,261,268,260,-1,260,268,269,-1,260,269,259,-1,259,269,270,-1,259,270,258,-1,258,270,271,-1,272,68,273,-1,273,68,70,-1,273,70,274,-1,274,70,72,-1,274,72,275,-1,275,72,74,-1,275,74,276,-1,276,74,76,-1,276,76,277,-1,277,76,78,-1,277,78,278,-1,278,78,80,-1,279,81,79,-1,279,79,280,-1,280,79,77,-1,280,77,281,-1,281,77,75,-1,281,75,282,-1,282,75,73,-1,282,73,283,-1,283,73,71,-1,283,71,284,-1,284,71,69,-1,284,69,285,-1,272,285,68,-1,68,285,69,-1,278,279,277,-1,277,279,280,-1,277,280,276,-1,276,280,281,-1,276,281,275,-1,275,281,282,-1,275,282,274,-1,274,282,283,-1,274,283,273,-1,273,283,284,-1,273,284,272,-1,272,284,285,-1,
        ]
    }
}
Shape{
    appearance Appearance {
        material  Material 	{
            diffuseColor 0.0 0.0 0.0
            specularColor 0.0 0.0 0.0
            ambientIntensity 0.0
            transparency 0.0
            shininess 0.5
        }
    }
    geometry IndexedFaceSet {
        ccw TRUE
        solid FALSE
        coord DEF co Coordinate {
            point [
                3.1398 -3.2608 4.5298, 3.1398 -3.2608 4.4994, 3.1358 -3.2608 4.5298, 3.1358 -3.2608 4.4994, 3.1398 -3.3671 4.5298, 3.1358 -3.3671 4.5298, 3.1398 -3.3671 4.7663, 3.1358 -3.3671 4.7663, 3.1398 -3.4015 4.7663, 3.1358 -3.4015 4.7663, 3.1398 -3.4015 4.4994, 3.1358 -3.4015 4.4994, 3.1398 -3.0832 4.4988, 3.1398 -3.1239 4.4949, 3.1358 -3.1004 4.4971, 3.1358 -3.1239 4.4949, 3.1358 -3.0832 4.4988, 3.1358 -3.0546 4.5082, 3.1398 -3.0546 4.5082, 3.1358 -3.05 4.5104, 3.1398 -3.05 4.5104, 3.1398 -3.05 4.5435, 3.1358 -3.05 4.5435, 3.1358 -3.0762 4.5317, 3.1398 -3.0762 4.5317, 3.1358 -3.1064 4.5261, 3.1398 -3.1064 4.5261, 3.1358 -3.1189 4.5256, 3.1398 -3.1189 4.5256, 3.1358 -3.1458 4.5288, 3.1398 -3.1458 4.5288, 3.1358 -3.1648 4.5362, 3.1398 -3.1648 4.5362, 3.1358 -3.1823 4.5485, 3.1398 -3.1823 4.5485, 3.1358 -3.1875 4.5537, 3.1398 -3.1875 4.5537, 3.1358 -3.2005 4.5718, 3.1398 -3.2005 4.5718, 3.1358 -3.2091 4.5933, 3.1398 -3.2091 4.5933, 3.1358 -3.2134 4.62, 3.1398 -3.2134 4.62, 3.1358 -3.2137 4.6298, 3.1398 -3.2137 4.6298, 3.1358 -3.2092 4.6669, 3.1398 -3.2092 4.6669, 3.1358 -3.2002 4.6898, 3.1398 -3.2002 4.6898, 3.1358 -3.1857 4.7101, 3.1398 -3.1857 4.7101, 3.1358 -3.1675 4.7251, 3.1398 -3.1675 4.7251, 3.1358 -3.1465 4.7348, 3.1398 -3.1465 4.7348, 3.1358 -3.1233 4.7393, 3.1398 -3.1233 4.7393, 3.1358 -3.1129 4.7397, 3.1398 -3.1129 4.7397, 3.1358 -3.0801 4.7358, 3.1398 -3.0801 4.7358, 3.1358 -3.053 4.7255, 3.1398 -3.053 4.7255, 3.1358 -3.05 4.7239, 3.1398 -3.05 4.7239, 3.1398 -3.05 4.7599, 3.1358 -3.05 4.7599, 3.1358 -3.1133 4.7708, 3.1398 -3.1133 4.7708, 3.1398 -3.1129 4.7708, 3.1358 -3.078 4.768, 3.1398 -3.078 4.768, 3.1358 -3.0848 4.7685, 3.1358 -3.1129 4.7708, 3.1358 -3.1317 4.7685, 3.1398 -3.1521 4.766, 3.1358 -3.1521 4.766, 3.1358 -3.1799 4.7552, 3.1398 -3.1799 4.7552, 3.1358 -3.2049 4.7376, 3.1398 -3.2049 4.7376, 3.1358 -3.2113 4.7315, 3.1398 -3.2113 4.7315, 3.1358 -3.2307 4.7062, 3.1398 -3.2307 4.7062, 3.1358 -3.2379 4.6892, 3.1398 -3.2433 4.6766, 3.1358 -3.2433 4.6766, 3.1358 -3.2494 4.6417, 3.1398 -3.2494 4.6417, 3.1358 -3.2499 4.6278, 3.1398 -3.2499 4.6278, 3.1358 -3.2445 4.584, 3.1358 -3.2379 4.5673, 3.1398 -3.2336 4.5562, 3.1398 -3.2445 4.584, 3.1358 -3.2336 4.5562, 3.1358 -3.2156 4.5313, 3.1398 -3.2156 4.5313, 3.1358 -3.1689 4.5016, 3.1398 -3.1941 4.5135, 3.1358 -3.1941 4.5135, 3.1358 -3.1473 4.4971, 3.1398 -3.14 4.4957, 3.1398 -3.1689 4.5016, 3.1358 -3.14 4.4957, 3.1398 -2.8531 4.5298, 3.1398 -2.8531 4.4994, 3.1358 -2.8531 4.5298, 3.1358 -2.8531 4.4994, 3.1358 -2.9621 4.5298, 3.1398 -2.9621 4.5298, 3.1358 -2.8901 4.5298, 3.1398 -2.9621 4.6196, 3.1358 -2.9621 4.6196, 3.1358 -2.8667 4.6196, 3.1398 -2.8667 4.6196, 3.1358 -2.8901 4.6196, 3.1398 -2.8667 4.6502, 3.1358 -2.8667 4.6502, 3.1358 -2.9621 4.6502, 3.1398 -2.9621 4.6502, 3.1358 -2.8901 4.6502, 3.1398 -2.9621 4.7356, 3.1358 -2.9621 4.7356, 3.1358 -2.8591 4.7356, 3.1398 -2.8591 4.7356, 3.1358 -2.8901 4.7356, 3.1398 -2.8591 4.7663, 3.1358 -2.8591 4.7663, 3.1358 -2.9966 4.7663, 3.1398 -2.9966 4.7663, 3.1358 -2.8901 4.7663, 3.1398 -2.9966 4.4994, 3.1358 -2.9966 4.4994, 3.1358 -2.8901 4.4994, 3.1398 -2.6256 4.5368, 3.1398 -2.655 4.5532, 3.1398 -2.6532 4.5169, 3.1398 -2.6727 4.5416, 3.1398 -2.6836 4.505, 3.1398 -2.6955 4.5335, 3.1398 -2.7292 4.4994, 3.1398 -2.7294 4.5298, 3.1398 -2.8026 4.4994, 3.1398 -2.7682 4.5298, 3.1398 -2.8026 4.7663, 3.1398 -2.7682 4.7356, 3.1398 -2.7265 4.7663, 3.1398 -2.7279 4.7356, 3.1398 -2.6858 4.7618, 3.1398 -2.6935 4.7318, 3.1398 -2.6535 4.75, 3.1398 -2.6704 4.7235, 3.1398 -2.6256 4.731, 3.1398 -2.6508 4.7105, 3.1398 -2.6163 4.7219, 3.1398 -2.6436 4.7034, 3.1398 -2.5998 4.6987, 3.1398 -2.6332 4.6885, 3.1398 -2.5898 4.6733, 3.1398 -2.6256 4.6691, 3.1398 -2.5853 4.6363, 3.1398 -2.6216 4.6353, 3.1398 -2.5861 4.6193, 3.1398 -2.6224 4.6185, 3.1398 -2.5926 4.5881, 3.1398 -2.6276 4.594, 3.1398 -2.6057 4.5604, 3.1398 -2.6368 4.5742, 3.1398 -2.6501 4.5577, 3.1358 -2.7292 4.4994, 3.1358 -2.8026 4.4994, 3.1358 -2.6256 4.5368, 3.1358 -2.6836 4.505, 3.1358 -2.6804 4.5063, 3.1358 -2.6532 4.5169, 3.1358 -2.6057 4.5604, 3.1358 -2.5926 4.5881, 3.1358 -2.5861 4.6193, 3.1358 -2.5853 4.6363, 3.1358 -2.5898 4.6733, 3.1358 -2.5998 4.6987, 3.1358 -2.6163 4.7219, 3.1358 -2.6256 4.731, 3.1358 -2.6535 4.75, 3.1358 -2.6804 4.7598, 3.1358 -2.6858 4.7618, 3.1358 -2.7265 4.7663, 3.1358 -2.8026 4.7663, 3.1358 -2.7279 4.7356, 3.1358 -2.7682 4.7356, 3.1358 -2.7682 4.5298, 3.1358 -2.7294 4.5298, 3.1358 -2.6501 4.5577, 3.1358 -2.655 4.5532, 3.1358 -2.6727 4.5416, 3.1358 -2.6955 4.5335, 3.1358 -2.6216 4.6353, 3.1358 -2.6224 4.6185, 3.1358 -2.6276 4.594, 3.1358 -2.6368 4.5742, 3.1358 -2.6508 4.7105, 3.1358 -2.6436 4.7034, 3.1358 -2.6332 4.6885, 3.1358 -2.6256 4.6691, 3.1358 -2.6935 4.7318, 3.1358 -2.6704 4.7235
            ]
        }
        coordIndex [
            0,1,2,-1,2,1,3,-1,4,0,5,-1,5,0,2,-1,6,4,7,-1,7,4,5,-1,8,6,9,-1,9,6,7,-1,10,8,11,-1,11,8,9,-1,1,10,3,-1,3,10,11,-1,6,8,4,-1,4,8,10,-1,4,10,0,-1,0,10,1,-1,12,13,14,-1,14,13,15,-1,14,16,12,-1,12,16,17,-1,12,17,18,-1,18,17,19,-1,18,19,20,-1,21,20,22,-1,22,20,19,-1,21,22,23,-1,21,23,24,-1,24,23,25,-1,24,25,26,-1,26,25,27,-1,26,27,28,-1,28,27,29,-1,28,29,30,-1,30,29,31,-1,30,31,32,-1,32,31,33,-1,32,33,34,-1,34,33,35,-1,34,35,36,-1,36,35,37,-1,36,37,38,-1,38,37,39,-1,38,39,40,-1,40,39,41,-1,40,41,42,-1,42,41,43,-1,42,43,44,-1,44,43,45,-1,44,45,46,-1,46,45,47,-1,46,47,48,-1,48,47,49,-1,48,49,50,-1,50,49,51,-1,50,51,52,-1,52,51,53,-1,52,53,54,-1,54,53,55,-1,54,55,56,-1,56,55,57,-1,56,57,58,-1,58,57,59,-1,58,59,60,-1,60,59,61,-1,60,61,62,-1,62,61,63,-1,62,63,64,-1,65,64,66,-1,66,64,63,-1,67,68,69,-1,65,66,70,-1,65,70,71,-1,71,70,72,-1,71,72,69,-1,69,72,73,-1,69,73,67,-1,68,67,74,-1,68,74,75,-1,74,76,75,-1,75,76,77,-1,75,77,78,-1,78,77,79,-1,78,79,80,-1,80,79,81,-1,80,81,82,-1,82,81,83,-1,82,83,84,-1,84,83,85,-1,84,85,86,-1,85,87,86,-1,86,87,88,-1,86,88,89,-1,89,88,90,-1,89,90,91,-1,91,90,92,-1,93,94,92,-1,92,94,95,-1,92,95,91,-1,93,96,94,-1,94,96,97,-1,94,97,98,-1,99,100,101,-1,101,100,98,-1,101,98,97,-1,102,103,99,-1,99,103,104,-1,99,104,100,-1,102,105,103,-1,103,105,15,-1,103,15,13,-1,62,64,65,-1,52,80,50,-1,50,80,82,-1,50,82,48,-1,48,82,84,-1,48,84,46,-1,62,65,60,-1,60,65,71,-1,60,71,58,-1,58,71,69,-1,58,69,56,-1,56,69,68,-1,56,68,54,-1,54,68,75,-1,54,75,52,-1,52,75,78,-1,52,78,80,-1,91,44,89,-1,89,44,46,-1,89,46,86,-1,86,46,84,-1,20,21,18,-1,18,21,24,-1,18,24,12,-1,12,24,26,-1,12,26,13,-1,13,26,28,-1,13,28,103,-1,103,28,30,-1,103,30,104,-1,104,30,32,-1,104,32,100,-1,100,32,34,-1,100,34,98,-1,98,34,36,-1,98,36,94,-1,94,36,38,-1,94,38,95,-1,95,38,40,-1,95,40,91,-1,91,40,42,-1,91,42,44,-1,106,107,108,-1,108,107,109,-1,110,111,112,-1,112,111,106,-1,112,106,108,-1,113,111,114,-1,114,111,110,-1,115,116,117,-1,117,116,113,-1,117,113,114,-1,118,116,119,-1,119,116,115,-1,120,121,122,-1,122,121,118,-1,122,118,119,-1,123,121,124,-1,124,121,120,-1,125,126,127,-1,127,126,123,-1,127,123,124,-1,128,126,129,-1,129,126,125,-1,130,131,132,-1,132,131,128,-1,132,128,129,-1,133,131,134,-1,134,131,130,-1,109,107,135,-1,135,107,133,-1,135,133,134,-1,133,107,106,-1,106,111,133,-1,133,111,113,-1,133,113,131,-1,126,128,123,-1,123,128,131,-1,123,131,121,-1,121,131,113,-1,121,113,118,-1,118,113,116,-1,136,137,138,-1,138,137,139,-1,138,139,140,-1,140,139,141,-1,140,141,142,-1,142,141,143,-1,142,143,144,-1,144,143,145,-1,144,145,146,-1,146,145,147,-1,146,147,148,-1,148,147,149,-1,148,149,150,-1,150,149,151,-1,150,151,152,-1,152,151,153,-1,152,153,154,-1,154,153,155,-1,154,155,156,-1,156,155,157,-1,156,157,158,-1,158,157,159,-1,158,159,160,-1,160,159,161,-1,160,161,162,-1,162,161,163,-1,162,163,164,-1,164,163,165,-1,164,165,166,-1,166,165,167,-1,166,167,168,-1,168,167,169,-1,168,169,136,-1,136,169,170,-1,136,170,137,-1,142,144,171,-1,171,144,172,-1,173,136,138,-1,142,171,174,-1,142,174,140,-1,140,174,175,-1,140,175,138,-1,138,175,176,-1,138,176,173,-1,136,173,177,-1,136,177,168,-1,168,177,178,-1,168,178,166,-1,166,178,179,-1,166,179,164,-1,164,179,180,-1,164,180,162,-1,162,180,181,-1,162,181,160,-1,160,181,182,-1,160,182,158,-1,158,182,183,-1,158,183,156,-1,156,183,184,-1,156,184,154,-1,154,184,185,-1,186,150,185,-1,185,150,152,-1,185,152,154,-1,186,187,150,-1,150,187,188,-1,150,188,148,-1,146,148,189,-1,189,148,188,-1,144,146,172,-1,172,146,189,-1,149,147,190,-1,190,147,191,-1,147,145,191,-1,191,145,192,-1,145,143,192,-1,192,143,193,-1,170,194,195,-1,170,195,137,-1,137,195,196,-1,137,196,139,-1,139,196,197,-1,139,197,141,-1,141,197,193,-1,141,193,143,-1,163,198,199,-1,163,199,165,-1,165,199,200,-1,165,200,167,-1,167,200,201,-1,167,201,169,-1,169,201,194,-1,169,194,170,-1,155,202,203,-1,155,203,157,-1,157,203,204,-1,157,204,159,-1,159,204,205,-1,159,205,161,-1,161,205,198,-1,161,198,163,-1,149,190,206,-1,149,206,151,-1,151,206,207,-1,151,207,153,-1,153,207,202,-1,153,202,155,-1,
        ]
    }
}
Shape{
    appearance Appearance {
        material  Material 	{
            diffuseColor 0.7529411764705882 0.7529411764705882 0.7529411764705882
            specularColor 0.3764705882352941 0.3764705882352941 0.3764705882352941
            ambientIntensity 0.7529
            transparency 0.0
            shininess 0.5
        }
    }
    geometry IndexedFaceSet {
        ccw TRUE
        solid FALSE
        coord DEF co Coordinate {
            point [
                3.1358 -2.7682 4.7356, 3.1358 -2.7682 4.5298, 3.1358 -2.7279 4.7356, 3.1358 -2.7294 4.5298, 3.1358 -2.6955 4.5335, 3.1358 -2.6727 4.5416, 3.1358 -2.655 4.5532, 3.1358 -2.6501 4.5577, 3.1358 -2.6368 4.5742, 3.1358 -2.6276 4.594, 3.1358 -2.6224 4.6185, 3.1358 -2.6216 4.6353, 3.1358 -2.6256 4.6691, 3.1358 -2.6332 4.6885, 3.1358 -2.6436 4.7034, 3.1358 -2.6508 4.7105, 3.1358 -2.6935 4.7318, 3.1358 -2.6704 4.7235
            ]
        }
        coordIndex [
            0,1,2,-1,2,1,3,-1,2,3,4,-1,4,5,2,-1,2,5,6,-1,2,6,7,-1,7,8,2,-1,2,8,9,-1,2,9,10,-1,10,11,2,-1,2,11,12,-1,2,12,13,-1,13,14,2,-1,2,14,15,-1,2,15,16,-1,16,15,17,-1,
        ]
    }
}
Shape{
    appearance Appearance {
        material  Material 	{
            diffuseColor 0.0 0.0 0.0
            specularColor 0.0 0.0 0.0
            ambientIntensity 0.0
            transparency 0.0
            shininess 0.5
        }
    }
    geometry IndexedFaceSet {
        ccw TRUE
        solid FALSE
        coord DEF co Coordinate {
            point [
                3.1398 -2.4959 4.6026, 3.1398 -2.5068 4.5724, 3.1398 -2.4063 4.6026, 3.1398 -2.3957 4.5724, 3.1398 -2.456 4.7135, 3.1398 -2.4689 4.7663, 3.1398 -2.5705 4.4994, 3.1398 -2.5325 4.4994, 3.1398 -2.4537 4.7215, 3.1398 -2.4516 4.7322, 3.1398 -2.432 4.7663, 3.1398 -2.4508 4.7322, 3.1398 -2.4486 4.7209, 3.1398 -2.4466 4.7135, 3.1398 -2.3304 4.4994, 3.1398 -2.3684 4.4994, 3.1358 -2.432 4.7663, 3.1358 -2.3304 4.4994, 3.1358 -2.4689 4.7663, 3.1358 -2.5705 4.4994, 3.1358 -2.4936 4.7014, 3.1358 -2.5325 4.4994, 3.1358 -2.5068 4.5724, 3.1358 -2.3957 4.5724, 3.1358 -2.4936 4.5724, 3.1358 -2.3684 4.4994, 3.1358 -2.4959 4.6026, 3.1358 -2.4063 4.6026, 3.1358 -2.4466 4.7135, 3.1358 -2.4508 4.7322, 3.1358 -2.4486 4.7209, 3.1358 -2.4516 4.7322, 3.1358 -2.456 4.7135, 3.1358 -2.4537 4.7215
            ]
        }
        coordIndex [
            0,1,2,-1,2,1,3,-1,4,5,0,-1,0,5,6,-1,0,6,1,-1,1,6,7,-1,4,8,5,-1,5,8,9,-1,5,9,10,-1,10,9,11,-1,10,11,12,-1,12,13,10,-1,10,13,2,-1,10,2,14,-1,14,2,3,-1,14,3,15,-1,10,14,16,-1,16,14,17,-1,5,10,18,-1,18,10,16,-1,19,6,20,-1,20,6,5,-1,20,5,18,-1,7,6,21,-1,21,6,19,-1,1,7,22,-1,22,7,21,-1,23,3,24,-1,24,3,1,-1,24,1,22,-1,15,3,25,-1,25,3,23,-1,14,15,17,-1,17,15,25,-1,0,2,26,-1,26,2,27,-1,2,13,27,-1,27,13,28,-1,11,29,30,-1,11,30,12,-1,12,30,28,-1,12,28,13,-1,11,9,29,-1,29,9,31,-1,4,32,33,-1,4,33,8,-1,8,33,31,-1,8,31,9,-1,4,0,32,-1,32,0,26,-1,
        ]
    }
}
Shape{
    appearance Appearance {
        material  Material 	{
            diffuseColor 0.7529411764705882 0.7529411764705882 0.7529411764705882
            specularColor 0.3764705882352941 0.3764705882352941 0.3764705882352941
            ambientIntensity 0.7529
            transparency 0.0
            shininess 0.5
        }
    }
    geometry IndexedFaceSet {
        ccw TRUE
        solid FALSE
        coord DEF co Coordinate {
            point [
                3.1358 -2.4508 4.7322, 3.1358 -2.4516 4.7322, 3.1358 -2.4486 4.7209, 3.1358 -2.4537 4.7215, 3.1358 -2.4466 4.7135, 3.1358 -2.456 4.7135, 3.1358 -2.4063 4.6026, 3.1358 -2.4959 4.6026
            ]
        }
        coordIndex [
            0,1,2,-1,2,1,3,-1,2,3,4,-1,4,3,5,-1,4,5,6,-1,6,5,7,-1,
        ]
    }
}
Shape{
    appearance Appearance {
        material  Material 	{
            diffuseColor 0.0 0.0 0.0
            specularColor 0.0 0.0 0.0
            ambientIntensity 0.0
            transparency 0.0
            shininess 0.5
        }
    }
    geometry IndexedFaceSet {
        ccw TRUE
        solid FALSE
        coord DEF co Coordinate {
            point [
                3.1398 -3.258 4.1064, 3.1398 -3.258 4.076, 3.1358 -3.258 4.1064, 3.1358 -3.258 4.076, 3.1398 -3.3671 4.1064, 3.1358 -3.3671 4.1064, 3.1398 -3.3671 4.1962, 3.1358 -3.3671 4.1962, 3.1398 -3.2716 4.1962, 3.1358 -3.2716 4.1962, 3.1398 -3.2716 4.2268, 3.1358 -3.2716 4.2268, 3.1398 -3.3671 4.2268, 3.1358 -3.3671 4.2268, 3.1398 -3.3671 4.3122, 3.1358 -3.3671 4.3069, 3.1358 -3.3671 4.3122, 3.1398 -3.264 4.3122, 3.1358 -3.264 4.3122, 3.1398 -3.264 4.3429, 3.1358 -3.264 4.3429, 3.1398 -3.4015 4.3429, 3.1358 -3.4015 4.3429, 3.1358 -3.4015 4.076, 3.1398 -3.4015 4.076, 3.1358 -3.4015 4.3069, 3.1398 -3.1071 4.1055, 3.1398 -3.1062 4.1055, 3.1398 -3.1084 4.1362, 3.1398 -3.1063 4.1511, 3.1398 -3.0728 4.1987, 3.1398 -3.1062 4.1534, 3.1398 -3.1062 4.1716, 3.1398 -3.1062 4.076, 3.1398 -3.0728 4.076, 3.1398 -3.1918 4.1351, 3.1398 -3.1901 4.1427, 3.1398 -3.2192 4.1572, 3.1398 -3.1133 4.1243, 3.1398 -3.1206 4.1145, 3.1398 -3.1123 4.0976, 3.1398 -3.1247 4.1104, 3.1398 -3.1228 4.0862, 3.1398 -3.1342 4.104, 3.1398 -3.135 4.0782, 3.1398 -3.1443 4.1003, 3.1398 -3.1486 4.0733, 3.1398 -3.1569 4.0989, 3.1398 -3.1655 4.0715, 3.1398 -3.1682 4.1002, 3.1398 -3.1855 4.0738, 3.1398 -3.1757 4.103, 3.1398 -3.1983 4.0786, 3.1398 -3.1824 4.1075, 3.1398 -3.2096 4.0865, 3.1398 -3.1852 4.1104, 3.1398 -3.2125 4.1668, 3.1398 -3.1872 4.1489, 3.1398 -3.2023 4.1757, 3.1398 -3.1832 4.1539, 3.1398 -3.1881 4.183, 3.1398 -3.2073 4.2532, 3.1398 -3.2073 4.2208, 3.1398 -3.2006 4.2572, 3.1398 -3.1842 4.2353, 3.1398 -3.1758 4.2668, 3.1398 -3.1633 4.2421, 3.1398 -3.1417 4.271, 3.1398 -3.1449 4.2438, 3.1398 -3.1415 4.271, 3.1398 -3.1334 4.2426, 3.1398 -3.1181 4.2684, 3.1398 -3.1257 4.2399, 3.1398 -3.1048 4.2637, 3.1398 -3.1198 4.236, 3.1398 -3.1791 4.1571, 3.1398 -3.1714 4.1608, 3.1398 -3.1627 4.1892, 3.1398 -3.1509 4.1656, 3.1398 -3.1062 4.1972, 3.1398 -3.2238 4.1454, 3.1398 -3.2259 4.1309, 3.1398 -3.1921 4.1297, 3.1398 -3.226 4.127, 3.1398 -3.1912 4.1221, 3.1398 -3.2241 4.1111, 3.1398 -3.189 4.116, 3.1398 -3.22 4.1, 3.1398 -3.2129 4.0898, 3.1398 -3.1074 4.2118, 3.1398 -3.0761 4.2269, 3.1398 -3.1108 4.2237, 3.1398 -3.0816 4.2412, 3.1398 -3.1147 4.2306, 3.1398 -3.0887 4.2515, 3.1398 -3.0943 4.2569, 3.1358 -3.1417 4.271, 3.1358 -3.1758 4.2668, 3.1358 -3.2006 4.2572, 3.1358 -3.2073 4.2532, 3.1358 -3.2073 4.2208, 3.1358 -3.1842 4.2353, 3.1358 -3.1633 4.2421, 3.1358 -3.1449 4.2438, 3.1358 -3.1334 4.2426, 3.1358 -3.1257 4.2399, 3.1358 -3.1198 4.236, 3.1358 -3.1147 4.2306, 3.1358 -3.1108 4.2237, 3.1358 -3.1074 4.2118, 3.1358 -3.1062 4.1972, 3.1358 -3.1627 4.1892, 3.1358 -3.1881 4.183, 3.1358 -3.2023 4.1757, 3.1358 -3.2125 4.1668, 3.1358 -3.2192 4.1572, 3.1358 -3.2238 4.1454, 3.1358 -3.2259 4.1309, 3.1358 -3.226 4.127, 3.1358 -3.2241 4.1111, 3.1358 -3.22 4.1, 3.1358 -3.2129 4.0898, 3.1358 -3.2096 4.0865, 3.1358 -3.1655 4.0715, 3.1358 -3.1849 4.0737, 3.1358 -3.1855 4.0738, 3.1358 -3.1983 4.0786, 3.1358 -3.1486 4.0733, 3.1358 -3.1474 4.0737, 3.1358 -3.135 4.0782, 3.1358 -3.1228 4.0862, 3.1358 -3.1123 4.0976, 3.1358 -3.1071 4.1055, 3.1358 -3.1062 4.1055, 3.1358 -3.1062 4.076, 3.1358 -3.0728 4.076, 3.1358 -3.0728 4.1987, 3.1358 -3.0761 4.2269, 3.1358 -3.0816 4.2412, 3.1358 -3.0887 4.2515, 3.1358 -3.0943 4.2569, 3.1358 -3.1048 4.2637, 3.1358 -3.1181 4.2684, 3.1358 -3.1415 4.271, 3.1358 -3.1832 4.1539, 3.1358 -3.1791 4.1571, 3.1358 -3.1714 4.1608, 3.1358 -3.1509 4.1656, 3.1358 -3.1921 4.1297, 3.1358 -3.1918 4.1351, 3.1358 -3.1901 4.1427, 3.1358 -3.1872 4.1489, 3.1358 -3.1824 4.1075, 3.1358 -3.1852 4.1104, 3.1358 -3.189 4.116, 3.1358 -3.1912 4.1221, 3.1358 -3.1569 4.0989, 3.1358 -3.1682 4.1002, 3.1358 -3.1757 4.103, 3.1358 -3.1206 4.1145, 3.1358 -3.1247 4.1104, 3.1358 -3.1342 4.104, 3.1358 -3.1443 4.1003, 3.1358 -3.1062 4.1534, 3.1358 -3.1063 4.1511, 3.1358 -3.1084 4.1362, 3.1358 -3.1133 4.1243, 3.1358 -3.1062 4.1716
            ]
        }
        coordIndex [
            0,1,2,-1,2,1,3,-1,4,0,5,-1,5,0,2,-1,6,4,7,-1,7,4,5,-1,8,6,9,-1,9,6,7,-1,10,8,11,-1,11,8,9,-1,12,10,13,-1,13,10,11,-1,12,13,14,-1,14,13,15,-1,14,15,16,-1,17,14,18,-1,18,14,16,-1,19,17,20,-1,20,17,18,-1,21,19,22,-1,22,19,20,-1,23,24,25,-1,25,24,21,-1,25,21,22,-1,1,24,3,-1,3,24,23,-1,24,1,0,-1,0,4,24,-1,24,4,6,-1,24,6,21,-1,17,19,14,-1,14,19,21,-1,14,21,12,-1,12,21,6,-1,12,6,10,-1,10,6,8,-1,26,27,28,-1,29,30,31,-1,31,30,32,-1,33,34,27,-1,27,34,30,-1,27,30,28,-1,28,30,29,-1,35,36,37,-1,28,38,26,-1,26,38,39,-1,26,39,40,-1,40,39,41,-1,40,41,42,-1,42,41,43,-1,42,43,44,-1,44,43,45,-1,44,45,46,-1,46,45,47,-1,46,47,48,-1,48,47,49,-1,48,49,50,-1,50,49,51,-1,50,51,52,-1,52,51,53,-1,52,53,54,-1,54,53,55,-1,37,36,56,-1,56,36,57,-1,56,57,58,-1,58,57,59,-1,58,59,60,-1,61,62,63,-1,63,62,64,-1,63,64,65,-1,65,64,66,-1,65,66,67,-1,67,66,68,-1,67,68,69,-1,69,68,70,-1,69,70,71,-1,71,70,72,-1,71,72,73,-1,73,72,74,-1,59,75,60,-1,60,75,76,-1,60,76,77,-1,77,76,78,-1,77,78,79,-1,37,80,35,-1,35,80,81,-1,35,81,82,-1,82,81,83,-1,82,83,84,-1,84,83,85,-1,84,85,86,-1,86,85,87,-1,86,87,55,-1,55,87,88,-1,55,88,54,-1,78,32,79,-1,79,32,30,-1,79,30,89,-1,89,30,90,-1,89,90,91,-1,91,90,92,-1,91,92,93,-1,93,92,94,-1,93,94,74,-1,74,94,95,-1,74,95,73,-1,67,96,97,-1,67,97,65,-1,65,97,98,-1,65,98,63,-1,63,98,99,-1,63,99,61,-1,62,61,100,-1,100,61,99,-1,62,100,101,-1,62,101,64,-1,64,101,102,-1,64,102,66,-1,66,102,103,-1,66,103,68,-1,68,103,104,-1,68,104,70,-1,70,104,105,-1,70,105,72,-1,72,105,106,-1,72,106,74,-1,74,106,107,-1,74,107,93,-1,93,107,108,-1,93,108,91,-1,91,108,109,-1,91,109,89,-1,89,109,110,-1,89,110,79,-1,77,79,111,-1,111,79,110,-1,77,111,112,-1,77,112,60,-1,60,112,113,-1,60,113,58,-1,58,113,114,-1,58,114,56,-1,56,114,115,-1,56,115,37,-1,37,115,116,-1,37,116,80,-1,80,116,117,-1,80,117,81,-1,81,117,118,-1,81,118,83,-1,83,118,119,-1,83,119,85,-1,85,119,120,-1,85,120,87,-1,87,120,121,-1,87,121,88,-1,88,121,122,-1,88,122,54,-1,123,48,124,-1,124,48,50,-1,124,50,125,-1,125,50,52,-1,125,52,126,-1,126,52,54,-1,126,54,122,-1,48,123,127,-1,48,127,46,-1,46,127,128,-1,46,128,44,-1,128,129,44,-1,44,129,130,-1,44,130,42,-1,42,130,131,-1,42,131,40,-1,40,131,132,-1,40,132,26,-1,27,26,133,-1,133,26,132,-1,33,27,134,-1,134,27,133,-1,34,33,135,-1,135,33,134,-1,30,34,136,-1,136,34,135,-1,30,136,137,-1,30,137,90,-1,90,137,138,-1,90,138,92,-1,92,138,139,-1,92,139,94,-1,94,139,140,-1,94,140,95,-1,95,140,141,-1,95,141,73,-1,73,141,142,-1,73,142,71,-1,71,142,143,-1,71,143,69,-1,69,143,96,-1,69,96,67,-1,59,144,145,-1,59,145,75,-1,75,145,146,-1,75,146,76,-1,76,146,147,-1,76,147,78,-1,82,148,149,-1,82,149,35,-1,35,149,150,-1,35,150,36,-1,36,150,151,-1,36,151,57,-1,57,151,144,-1,57,144,59,-1,53,152,153,-1,53,153,55,-1,55,153,154,-1,55,154,86,-1,86,154,155,-1,86,155,84,-1,84,155,148,-1,84,148,82,-1,47,156,157,-1,47,157,49,-1,49,157,158,-1,49,158,51,-1,51,158,152,-1,51,152,53,-1,39,159,160,-1,39,160,41,-1,41,160,161,-1,41,161,43,-1,43,161,162,-1,43,162,45,-1,45,162,156,-1,45,156,47,-1,31,163,164,-1,31,164,29,-1,29,164,165,-1,29,165,28,-1,28,165,166,-1,28,166,38,-1,38,166,159,-1,38,159,39,-1,31,32,163,-1,163,32,167,-1,32,78,167,-1,167,78,147,-1,
        ]
    }
}
Shape{
    appearance Appearance {
        material  Material 	{
            diffuseColor 0.7529411764705882 0.7529411764705882 0.7529411764705882
            specularColor 0.3764705882352941 0.3764705882352941 0.3764705882352941
            ambientIntensity 0.7529
            transparency 0.0
            shininess 0.5
        }
    }
    geometry IndexedFaceSet {
        ccw TRUE
        solid FALSE
        coord DEF co Coordinate {
            point [
                3.1358 -3.1063 4.1511, 3.1358 -3.1062 4.1534, 3.1358 -3.1832 4.1539, 3.1358 -3.1062 4.1716, 3.1358 -3.1509 4.1656, 3.1358 -3.1714 4.1608, 3.1358 -3.1791 4.1571, 3.1358 -3.1084 4.1362, 3.1358 -3.1872 4.1489, 3.1358 -3.1133 4.1243, 3.1358 -3.1852 4.1104, 3.1358 -3.1824 4.1075, 3.1358 -3.1247 4.1104, 3.1358 -3.189 4.116, 3.1358 -3.1342 4.104, 3.1358 -3.1443 4.1003, 3.1358 -3.1569 4.0989, 3.1358 -3.1901 4.1427, 3.1358 -3.1918 4.1351, 3.1358 -3.1206 4.1145, 3.1358 -3.1921 4.1297, 3.1358 -3.1912 4.1221, 3.1358 -3.1757 4.103, 3.1358 -3.1682 4.1002
            ]
        }
        coordIndex [
            0,1,2,-1,1,3,4,-1,4,5,1,-1,1,5,6,-1,1,6,2,-1,0,2,7,-1,7,2,8,-1,7,8,9,-1,10,11,12,-1,10,12,13,-1,14,12,15,-1,15,12,16,-1,8,17,9,-1,9,17,18,-1,9,18,19,-1,19,18,20,-1,19,20,12,-1,12,20,21,-1,12,21,13,-1,11,22,12,-1,12,22,23,-1,12,23,16,-1,
        ]
    }
}
Shape{
    appearance Appearance {
        material  Material 	{
            diffuseColor 0.0 0.0 0.0
            specularColor 0.0 0.0 0.0
            ambientIntensity 0.0
            transparency 0.0
            shininess 0.5
        }
    }
    geometry IndexedFaceSet {
        ccw TRUE
        solid FALSE
        coord DEF co Coordinate {
            point [
                3.1398 -2.9725 4.0988, 3.1358 -2.9725 4.0988, 3.1358 -2.9946 4.1015, 3.1398 -2.9946 4.1015, 3.1358 -3.0155 4.1097, 3.1398 -3.0155 4.1097, 3.1358 -3.0275 4.1172, 3.1398 -3.0275 4.1172, 3.1398 -3.0275 4.0827, 3.1358 -3.0275 4.0827, 3.1358 -2.9758 4.0715, 3.1398 -2.9758 4.0715, 3.1358 -2.9974 4.0737, 3.1398 -3.0041 4.0744, 3.1358 -3.0041 4.0744, 3.1398 -2.9454 4.0751, 3.1358 -2.9569 4.0737, 3.1358 -2.9454 4.0751, 3.1358 -2.9279 4.0819, 3.1398 -2.9279 4.0819, 3.1358 -2.9203 4.0866, 3.1398 -2.9203 4.0866, 3.1358 -2.9107 4.095, 3.1398 -2.9107 4.095, 3.1358 -2.9044 4.1039, 3.1398 -2.9044 4.1039, 3.1358 -2.9003 4.1145, 3.1398 -2.9003 4.1145, 3.1358 -2.8988 4.1278, 3.1398 -2.8988 4.1278, 3.1358 -2.9002 4.1404, 3.1398 -2.9002 4.1404, 3.1358 -2.9037 4.1502, 3.1398 -2.9037 4.1502, 3.1358 -2.91 4.1594, 3.1398 -2.91 4.1594, 3.1358 -2.9179 4.1665, 3.1398 -2.9179 4.1665, 3.1358 -2.9401 4.1788, 3.1398 -2.9401 4.1788, 3.1358 -2.9531 4.1841, 3.1398 -2.9531 4.1841, 3.1358 -2.9738 4.1931, 3.1398 -2.9738 4.1931, 3.1358 -2.9855 4.2004, 3.1398 -2.9855 4.2004, 3.1358 -2.9888 4.204, 3.1398 -2.9888 4.204, 3.1358 -2.9912 4.2085, 3.1398 -2.9912 4.2085, 3.1358 -2.9925 4.2137, 3.1398 -2.9925 4.2137, 3.1358 -2.9928 4.2182, 3.1398 -2.9928 4.2182, 3.1358 -2.9922 4.2235, 3.1398 -2.9922 4.2235, 3.1358 -2.9906 4.228, 3.1398 -2.9906 4.228, 3.1358 -2.9877 4.2323, 3.1398 -2.9877 4.2323, 3.1358 -2.9827 4.2367, 3.1398 -2.9827 4.2367, 3.1358 -2.9752 4.2407, 3.1398 -2.9752 4.2407, 3.1358 -2.9662 4.2431, 3.1398 -2.9662 4.2431, 3.1358 -2.9563 4.2438, 3.1398 -2.9563 4.2438, 3.1358 -2.933 4.241, 3.1398 -2.933 4.241, 3.1358 -2.9141 4.2337, 3.1398 -2.9141 4.2337, 3.1358 -2.9079 4.23, 3.1398 -2.9079 4.23, 3.1398 -2.9079 4.2625, 3.1358 -2.9079 4.2625, 3.1358 -2.9296 4.2689, 3.1398 -2.9296 4.2689, 3.1358 -2.9531 4.271, 3.1398 -2.9531 4.271, 3.1358 -2.9798 4.2678, 3.1398 -2.9798 4.2678, 3.1358 -2.9977 4.2608, 3.1398 -2.9977 4.2608, 3.1358 -3.0059 4.2558, 3.1398 -3.0059 4.2558, 3.1358 -3.0167 4.2458, 3.1398 -3.0167 4.2458, 3.1358 -3.0226 4.2367, 3.1398 -3.0226 4.2367, 3.1358 -3.0262 4.2259, 3.1398 -3.0262 4.2259, 3.1358 -3.0273 4.2152, 3.1398 -3.0273 4.2152, 3.1358 -3.0258 4.2021, 3.1398 -3.0258 4.2021, 3.1358 -3.0221 4.1919, 3.1398 -3.0221 4.1919, 3.1358 -3.0178 4.185, 3.1398 -3.0178 4.185, 3.1358 -3.0123 4.1793, 3.1398 -3.0123 4.1793, 3.1358 -2.9966 4.1689, 3.1398 -2.9966 4.1689, 3.1358 -2.9767 4.1598, 3.1398 -2.9767 4.1598, 3.1358 -2.9547 4.1506, 3.1398 -2.9547 4.1506, 3.1358 -2.9417 4.1427, 3.1398 -2.9417 4.1427, 3.1358 -2.9375 4.1384, 3.1398 -2.9375 4.1384, 3.1358 -2.9349 4.1339, 3.1398 -2.9349 4.1339, 3.1358 -2.9334 4.1287, 3.1398 -2.9334 4.1287, 3.1358 -2.9331 4.1246, 3.1398 -2.9331 4.1246, 3.1358 -2.9338 4.1182, 3.1398 -2.9338 4.1182, 3.1358 -2.9355 4.1134, 3.1398 -2.9355 4.1134, 3.1358 -2.9384 4.1091, 3.1398 -2.9384 4.1091, 3.1358 -2.9422 4.1057, 3.1398 -2.9422 4.1057, 3.1358 -2.9453 4.1039, 3.1398 -2.9453 4.1039, 3.1358 -2.9539 4.1007, 3.1398 -2.9539 4.1007, 3.1358 -2.971 4.0988, 3.1398 -2.971 4.0988, 3.1398 -2.733 4.2666, 3.1398 -2.6984 4.2666, 3.1358 -2.733 4.2666, 3.1358 -2.6984 4.2666, 3.1398 -2.7851 4.1231, 3.1358 -2.7851 4.1231, 3.1358 -2.7877 4.1142, 3.1398 -2.7877 4.1142, 3.1358 -2.7892 4.1076, 3.1398 -2.7892 4.1076, 3.1398 -2.7901 4.1076, 3.1358 -2.7901 4.1076, 3.1398 -2.7942 4.1233, 3.1358 -2.7942 4.1233, 3.1358 -2.844 4.2666, 3.1398 -2.844 4.2666, 3.1358 -2.8278 4.2202, 3.1398 -2.8814 4.2666, 3.1358 -2.8814 4.2666, 3.1358 -2.8066 4.0764, 3.1398 -2.8066 4.0764, 3.1358 -2.8278 4.1305, 3.1358 -2.8213 4.0417, 3.1398 -2.8213 4.0417, 3.1358 -2.8077 4.0737, 3.1358 -2.8278 4.0301, 3.1398 -2.8289 4.0282, 3.1358 -2.8289 4.0282, 3.1358 -2.8355 4.0215, 3.1398 -2.8355 4.0215, 3.1358 -2.8418 4.0177, 3.1398 -2.8418 4.0177, 3.1358 -2.8491 4.0154, 3.1398 -2.8491 4.0154, 3.1358 -2.8555 4.0149, 3.1398 -2.8555 4.0149, 3.1358 -2.8676 4.0164, 3.1398 -2.8676 4.0164, 3.1358 -2.8745 4.0187, 3.1398 -2.8745 4.0187, 3.1398 -2.8745 3.9889, 3.1358 -2.8745 3.9889, 3.1358 -2.8603 3.9865, 3.1398 -2.8603 3.9865, 3.1358 -2.8529 3.9862, 3.1398 -2.8529 3.9862, 3.1358 -2.8384 3.988, 3.1358 -2.8278 3.9923, 3.1398 -2.8253 3.9933, 3.1398 -2.8384 3.988, 3.1358 -2.8253 3.9933, 3.1358 -2.814 4.0014, 3.1398 -2.814 4.0014, 3.1358 -2.8002 4.0174, 3.1398 -2.8002 4.0174, 3.1358 -2.7849 4.0472, 3.1398 -2.7849 4.0472, 3.1358 -2.7744 4.0737, 3.1398 -2.5188 4.1064, 3.1398 -2.5188 4.076, 3.1358 -2.5188 4.1064, 3.1358 -2.5188 4.076, 3.1358 -2.6279 4.1064, 3.1398 -2.6279 4.1064, 3.1358 -2.5779 4.1064, 3.1398 -2.6279 4.1962, 3.1358 -2.6279 4.1962, 3.1358 -2.5325 4.1962, 3.1398 -2.5325 4.1962, 3.1358 -2.5779 4.1962, 3.1398 -2.5325 4.2268, 3.1358 -2.5325 4.2268, 3.1358 -2.6279 4.2268, 3.1398 -2.6279 4.2268, 3.1358 -2.5779 4.2268, 3.1398 -2.6279 4.3122, 3.1358 -2.6279 4.3069, 3.1358 -2.6279 4.3122, 3.1358 -2.5249 4.3122, 3.1398 -2.5249 4.3122, 3.1358 -2.5779 4.3122, 3.1398 -2.5249 4.3429, 3.1358 -2.5249 4.3429, 3.1358 -2.6624 4.3429, 3.1398 -2.6624 4.3429, 3.1358 -2.5779 4.3429, 3.1358 -2.6624 4.076, 3.1398 -2.6624 4.076, 3.1358 -2.6624 4.3069, 3.1358 -2.5779 4.076, 3.1398 -2.2914 4.1134, 3.1398 -2.3207 4.1298, 3.1398 -2.319 4.0935, 3.1398 -2.3384 4.1182, 3.1398 -2.3493 4.0816, 3.1398 -2.3612 4.1101, 3.1398 -2.395 4.076, 3.1398 -2.3952 4.1064, 3.1398 -2.4684 4.076, 3.1398 -2.4339 4.1064, 3.1398 -2.4684 4.3429, 3.1398 -2.4339 4.3122, 3.1398 -2.3923 4.3429, 3.1398 -2.3936 4.3122, 3.1398 -2.3515 4.3384, 3.1398 -2.3593 4.3084, 3.1398 -2.3193 4.3266, 3.1398 -2.3361 4.3001, 3.1398 -2.2914 4.3075, 3.1398 -2.3166 4.2871, 3.1398 -2.2821 4.2985, 3.1398 -2.3094 4.28, 3.1398 -2.2655 4.2753, 3.1398 -2.299 4.2651, 3.1398 -2.2556 4.2499, 3.1398 -2.2914 4.2457, 3.1398 -2.2511 4.2128, 3.1398 -2.2873 4.2119, 3.1398 -2.2519 4.1959, 3.1398 -2.2882 4.195, 3.1398 -2.2583 4.1646, 3.1398 -2.2934 4.1706, 3.1398 -2.2715 4.137, 3.1398 -2.3026 4.1508, 3.1398 -2.3158 4.1343, 3.1358 -2.395 4.076, 3.1358 -2.4684 4.076, 3.1358 -2.3493 4.0816, 3.1358 -2.319 4.0935, 3.1358 -2.2914 4.1134, 3.1358 -2.2715 4.137, 3.1358 -2.2583 4.1646, 3.1358 -2.2519 4.1959, 3.1358 -2.2511 4.2128, 3.1358 -2.2914 4.3075, 3.1358 -2.2907 4.3069, 3.1358 -2.2821 4.2985, 3.1358 -2.2655 4.2753, 3.1358 -2.2556 4.2499, 3.1358 -2.3193 4.3266, 3.1358 -2.3515 4.3384, 3.1358 -2.3923 4.3429, 3.1358 -2.4684 4.3429, 3.1358 -2.4684 4.3069, 3.1358 -2.3936 4.3122, 3.1358 -2.4339 4.3122, 3.1358 -2.4339 4.1064, 3.1358 -2.3952 4.1064, 3.1358 -2.3158 4.1343, 3.1358 -2.3207 4.1298, 3.1358 -2.3384 4.1182, 3.1358 -2.3612 4.1101, 3.1358 -2.2873 4.2119, 3.1358 -2.2882 4.195, 3.1358 -2.2934 4.1706, 3.1358 -2.3026 4.1508, 3.1358 -2.3166 4.2871, 3.1358 -2.3094 4.28, 3.1358 -2.299 4.2651, 3.1358 -2.2914 4.2457, 3.1358 -2.3593 4.3084, 3.1358 -2.3361 4.3001
            ]
        }
        coordIndex [
            0,1,2,-1,0,2,3,-1,3,2,4,-1,3,4,5,-1,5,4,6,-1,5,6,7,-1,8,7,9,-1,9,7,6,-1,10,11,12,-1,12,11,13,-1,12,13,14,-1,14,13,8,-1,14,8,9,-1,11,10,15,-1,15,10,16,-1,16,17,15,-1,15,17,18,-1,15,18,19,-1,19,18,20,-1,19,20,21,-1,21,20,22,-1,21,22,23,-1,23,22,24,-1,23,24,25,-1,25,24,26,-1,25,26,27,-1,27,26,28,-1,27,28,29,-1,29,28,30,-1,29,30,31,-1,31,30,32,-1,31,32,33,-1,33,32,34,-1,33,34,35,-1,35,34,36,-1,35,36,37,-1,37,36,38,-1,37,38,39,-1,39,38,40,-1,39,40,41,-1,41,40,42,-1,41,42,43,-1,43,42,44,-1,43,44,45,-1,45,44,46,-1,45,46,47,-1,47,46,48,-1,47,48,49,-1,49,48,50,-1,49,50,51,-1,51,50,52,-1,51,52,53,-1,53,52,54,-1,53,54,55,-1,55,54,56,-1,55,56,57,-1,57,56,58,-1,57,58,59,-1,59,58,60,-1,59,60,61,-1,61,60,62,-1,61,62,63,-1,63,62,64,-1,63,64,65,-1,65,64,66,-1,65,66,67,-1,67,66,68,-1,67,68,69,-1,69,68,70,-1,69,70,71,-1,71,70,72,-1,71,72,73,-1,74,73,75,-1,75,73,72,-1,74,75,76,-1,74,76,77,-1,77,76,78,-1,77,78,79,-1,79,78,80,-1,79,80,81,-1,81,80,82,-1,81,82,83,-1,83,82,84,-1,83,84,85,-1,85,84,86,-1,85,86,87,-1,87,86,88,-1,87,88,89,-1,89,88,90,-1,89,90,91,-1,91,90,92,-1,91,92,93,-1,93,92,94,-1,93,94,95,-1,95,94,96,-1,95,96,97,-1,97,96,98,-1,97,98,99,-1,99,98,100,-1,99,100,101,-1,101,100,102,-1,101,102,103,-1,103,102,104,-1,103,104,105,-1,105,104,106,-1,105,106,107,-1,107,106,108,-1,107,108,109,-1,109,108,110,-1,109,110,111,-1,111,110,112,-1,111,112,113,-1,113,112,114,-1,113,114,115,-1,115,114,116,-1,115,116,117,-1,117,116,118,-1,117,118,119,-1,119,118,120,-1,119,120,121,-1,121,120,122,-1,121,122,123,-1,123,122,124,-1,123,124,125,-1,125,124,126,-1,125,126,127,-1,127,126,128,-1,127,128,129,-1,129,128,130,-1,129,130,131,-1,131,130,1,-1,131,1,0,-1,57,59,85,-1,85,59,83,-1,83,59,61,-1,83,61,81,-1,121,23,25,-1,107,41,105,-1,105,41,43,-1,121,25,119,-1,119,25,27,-1,119,27,117,-1,117,27,29,-1,117,29,115,-1,115,29,31,-1,115,31,113,-1,113,31,33,-1,113,33,111,-1,111,33,35,-1,111,35,109,-1,109,35,37,-1,109,37,107,-1,107,37,39,-1,107,39,41,-1,23,121,21,-1,21,121,123,-1,21,123,19,-1,11,0,13,-1,13,0,3,-1,13,3,8,-1,8,3,5,-1,8,5,7,-1,61,63,81,-1,81,63,65,-1,81,65,79,-1,79,65,67,-1,79,67,77,-1,77,67,69,-1,77,69,74,-1,74,69,71,-1,74,71,73,-1,123,125,19,-1,19,125,127,-1,19,127,15,-1,15,127,129,-1,15,129,11,-1,11,129,131,-1,11,131,0,-1,85,87,57,-1,57,87,89,-1,57,89,55,-1,55,89,91,-1,55,91,53,-1,53,91,93,-1,53,93,51,-1,51,93,95,-1,51,95,49,-1,49,95,97,-1,49,97,47,-1,47,97,99,-1,47,99,45,-1,45,99,101,-1,45,101,43,-1,43,101,103,-1,43,103,105,-1,132,133,134,-1,134,133,135,-1,136,132,137,-1,137,132,134,-1,136,137,138,-1,136,138,139,-1,139,138,140,-1,139,140,141,-1,142,141,143,-1,143,141,140,-1,144,142,145,-1,145,142,143,-1,146,147,148,-1,148,147,144,-1,148,144,145,-1,149,147,150,-1,150,147,146,-1,151,152,153,-1,153,152,149,-1,153,149,150,-1,154,155,156,-1,156,155,152,-1,156,152,151,-1,154,157,155,-1,155,157,158,-1,157,159,158,-1,158,159,160,-1,158,160,161,-1,161,160,162,-1,161,162,163,-1,163,162,164,-1,163,164,165,-1,165,164,166,-1,165,166,167,-1,167,166,168,-1,167,168,169,-1,169,168,170,-1,169,170,171,-1,172,171,173,-1,173,171,170,-1,172,173,174,-1,172,174,175,-1,175,174,176,-1,175,176,177,-1,177,176,178,-1,179,180,178,-1,178,180,181,-1,178,181,177,-1,179,182,180,-1,180,182,183,-1,180,183,184,-1,184,183,185,-1,184,185,186,-1,186,185,187,-1,186,187,188,-1,135,133,189,-1,189,133,188,-1,189,188,187,-1,139,141,188,-1,133,132,188,-1,188,132,136,-1,188,136,139,-1,147,149,144,-1,144,149,152,-1,144,152,142,-1,141,142,188,-1,188,142,152,-1,188,152,186,-1,152,155,186,-1,186,155,158,-1,186,158,184,-1,184,158,161,-1,184,161,180,-1,180,161,163,-1,180,163,181,-1,181,163,165,-1,181,165,177,-1,177,165,167,-1,177,167,175,-1,175,167,169,-1,175,169,172,-1,172,169,171,-1,190,191,192,-1,192,191,193,-1,194,195,196,-1,196,195,190,-1,196,190,192,-1,197,195,198,-1,198,195,194,-1,199,200,201,-1,201,200,197,-1,201,197,198,-1,202,200,203,-1,203,200,199,-1,204,205,206,-1,206,205,202,-1,206,202,203,-1,205,204,207,-1,207,204,208,-1,207,208,209,-1,210,211,212,-1,212,211,207,-1,212,207,209,-1,213,211,214,-1,214,211,210,-1,215,216,217,-1,217,216,213,-1,217,213,214,-1,218,219,220,-1,220,219,216,-1,220,216,215,-1,193,191,221,-1,221,191,219,-1,221,219,218,-1,211,213,207,-1,207,213,216,-1,207,216,205,-1,191,190,219,-1,219,190,195,-1,219,195,197,-1,200,202,197,-1,197,202,205,-1,197,205,219,-1,219,205,216,-1,222,223,224,-1,224,223,225,-1,224,225,226,-1,226,225,227,-1,226,227,228,-1,228,227,229,-1,228,229,230,-1,230,229,231,-1,230,231,232,-1,232,231,233,-1,232,233,234,-1,234,233,235,-1,234,235,236,-1,236,235,237,-1,236,237,238,-1,238,237,239,-1,238,239,240,-1,240,239,241,-1,240,241,242,-1,242,241,243,-1,242,243,244,-1,244,243,245,-1,244,245,246,-1,246,245,247,-1,246,247,248,-1,248,247,249,-1,248,249,250,-1,250,249,251,-1,250,251,252,-1,252,251,253,-1,252,253,254,-1,254,253,255,-1,254,255,222,-1,222,255,256,-1,222,256,223,-1,228,230,257,-1,257,230,258,-1,228,257,259,-1,228,259,226,-1,226,259,260,-1,226,260,224,-1,224,260,261,-1,224,261,222,-1,222,261,262,-1,222,262,254,-1,254,262,263,-1,254,263,252,-1,252,263,264,-1,252,264,250,-1,250,264,265,-1,250,265,248,-1,266,240,267,-1,267,240,242,-1,267,242,268,-1,268,242,244,-1,268,244,269,-1,269,244,246,-1,269,246,270,-1,270,246,248,-1,270,248,265,-1,240,266,271,-1,240,271,238,-1,238,271,272,-1,238,272,236,-1,236,272,273,-1,236,273,234,-1,232,234,274,-1,274,234,273,-1,258,230,275,-1,275,230,232,-1,275,232,274,-1,235,233,276,-1,276,233,277,-1,233,231,277,-1,277,231,278,-1,231,229,278,-1,278,229,279,-1,256,280,281,-1,256,281,223,-1,223,281,282,-1,223,282,225,-1,225,282,283,-1,225,283,227,-1,227,283,279,-1,227,279,229,-1,249,284,285,-1,249,285,251,-1,251,285,286,-1,251,286,253,-1,253,286,287,-1,253,287,255,-1,255,287,280,-1,255,280,256,-1,241,288,289,-1,241,289,243,-1,243,289,290,-1,243,290,245,-1,245,290,291,-1,245,291,247,-1,247,291,284,-1,247,284,249,-1,235,276,292,-1,235,292,237,-1,237,292,293,-1,237,293,239,-1,239,293,288,-1,239,288,241,-1,
        ]
    }
}
Shape{
    appearance Appearance {
        material  Material 	{
            diffuseColor 0.7529411764705882 0.7529411764705882 0.7529411764705882
            specularColor 0.3764705882352941 0.3764705882352941 0.3764705882352941
            ambientIntensity 0.7529
            transparency 0.0
            shininess 0.5
        }
    }
    geometry IndexedFaceSet {
        ccw TRUE
        solid FALSE
        coord DEF co Coordinate {
            point [
                3.1358 -2.4339 4.3122, 3.1358 -2.4339 4.1064, 3.1358 -2.3936 4.3122, 3.1358 -2.3952 4.1064, 3.1358 -2.3612 4.1101, 3.1358 -2.3384 4.1182, 3.1358 -2.3207 4.1298, 3.1358 -2.3158 4.1343, 3.1358 -2.3026 4.1508, 3.1358 -2.2934 4.1706, 3.1358 -2.2882 4.195, 3.1358 -2.2873 4.2119, 3.1358 -2.2914 4.2457, 3.1358 -2.299 4.2651, 3.1358 -2.3094 4.28, 3.1358 -2.3166 4.2871, 3.1358 -2.3593 4.3084, 3.1358 -2.3361 4.3001
            ]
        }
        coordIndex [
            0,1,2,-1,2,1,3,-1,2,3,4,-1,4,5,2,-1,2,5,6,-1,2,6,7,-1,7,8,2,-1,2,8,9,-1,2,9,10,-1,10,11,2,-1,2,11,12,-1,2,12,13,-1,13,14,2,-1,2,14,15,-1,2,15,16,-1,16,15,17,-1,
        ]
    }
}
Shape{
    appearance Appearance {
        material  Material 	{
            diffuseColor 0.0 0.0 0.0
            specularColor 0.0 0.0 0.0
            ambientIntensity 0.0
            transparency 0.0
            shininess 0.5
        }
    }
    geometry IndexedFaceSet {
        ccw TRUE
        solid FALSE
        coord DEF co Coordinate {
            point [
                3.1398 -2.1617 4.1791, 3.1398 -2.1726 4.149, 3.1398 -2.0721 4.1791, 3.1398 -2.0614 4.149, 3.1398 -2.1217 4.2901, 3.1398 -2.1346 4.3429, 3.1398 -2.2363 4.076, 3.1398 -2.1982 4.076, 3.1398 -2.1194 4.298, 3.1398 -2.1174 4.3088, 3.1398 -2.0978 4.3429, 3.1398 -2.1166 4.3088, 3.1398 -2.1144 4.2975, 3.1398 -2.1124 4.2901, 3.1398 -1.9961 4.076, 3.1398 -2.0342 4.076, 3.1358 -2.0978 4.3429, 3.1358 -2.0841 4.3069, 3.1358 -1.9961 4.076, 3.1358 -2.1346 4.3429, 3.1358 -2.2363 4.076, 3.1358 -2.1483 4.3069, 3.1358 -2.1982 4.076, 3.1358 -2.1726 4.149, 3.1358 -2.0614 4.149, 3.1358 -2.0342 4.076, 3.1358 -2.1617 4.1791, 3.1358 -2.0721 4.1791, 3.1358 -2.1124 4.2901, 3.1358 -2.1166 4.3088, 3.1358 -2.1144 4.2975, 3.1358 -2.1174 4.3088, 3.1358 -2.1217 4.2901, 3.1358 -2.1194 4.298
            ]
        }
        coordIndex [
            0,1,2,-1,2,1,3,-1,4,5,0,-1,0,5,6,-1,0,6,1,-1,1,6,7,-1,4,8,5,-1,5,8,9,-1,5,9,10,-1,10,9,11,-1,10,11,12,-1,12,13,10,-1,10,13,2,-1,10,2,14,-1,14,2,3,-1,14,3,15,-1,16,10,17,-1,17,10,14,-1,17,14,18,-1,5,10,19,-1,19,10,16,-1,20,6,21,-1,21,6,5,-1,21,5,19,-1,7,6,22,-1,22,6,20,-1,1,7,23,-1,23,7,22,-1,3,1,24,-1,24,1,23,-1,15,3,25,-1,25,3,24,-1,14,15,18,-1,18,15,25,-1,0,2,26,-1,26,2,27,-1,2,13,27,-1,27,13,28,-1,11,29,30,-1,11,30,12,-1,12,30,28,-1,12,28,13,-1,11,9,29,-1,29,9,31,-1,4,32,33,-1,4,33,8,-1,8,33,31,-1,8,31,9,-1,4,0,32,-1,32,0,26,-1,
        ]
    }
}
Shape{
    appearance Appearance {
        material  Material 	{
            diffuseColor 0.7529411764705882 0.7529411764705882 0.7529411764705882
            specularColor 0.3764705882352941 0.3764705882352941 0.3764705882352941
            ambientIntensity 0.7529
            transparency 0.0
            shininess 0.5
        }
    }
    geometry IndexedFaceSet {
        ccw TRUE
        solid FALSE
        coord DEF co Coordinate {
            point [
                3.1358 -2.1166 4.3088, 3.1358 -2.1174 4.3088, 3.1358 -2.1144 4.2975, 3.1358 -2.1194 4.298, 3.1358 -2.1124 4.2901, 3.1358 -2.1217 4.2901, 3.1358 -2.0721 4.1791, 3.1358 -2.1617 4.1791
            ]
        }
        coordIndex [
            0,1,2,-1,2,1,3,-1,2,3,4,-1,4,3,5,-1,4,5,6,-1,6,5,7,-1,
        ]
    }
}
Shape{
    appearance Appearance {
        material  Material 	{
            diffuseColor 0.0 0.0 0.0
            specularColor 0.0 0.0 0.0
            ambientIntensity 0.0
            transparency 0.0
            shininess 0.5
        }
    }
    geometry IndexedFaceSet {
        ccw TRUE
        solid FALSE
        coord DEF co Coordinate {
            point [
                3.1398 -4.5803 4.0382, 3.1398 -4.5521 4.0034, 3.1398 -4.5974 4.206, 3.1398 -3.7378 4.3388, 3.1398 -3.7423 4.3019, 3.1398 -3.6294 4.2707, 3.1398 -4.4052 4.21, 3.1398 -4.3875 4.2037, 3.1398 -4.2292 4.1586, 3.1398 -4.3723 4.1934, 3.1398 -4.36 4.1798, 3.1398 -3.9636 4.299, 3.1398 -4.0224 4.3996, 3.1398 -4.2767 4.2667, 3.1398 -4.4209 4.2117, 3.1398 -4.4703 4.0826, 3.1398 -4.4551 4.0721, 3.1398 -4.515 3.9754, 3.1398 -4.4376 4.0656, 3.1398 -4.6387 4.2314, 3.1398 -4.6315 4.089, 3.1398 -4.5993 4.0789, 3.1398 -4.3518 4.1642, 3.1398 -4.3474 4.1466, 3.1398 -4.2292 4.1396, 3.1398 -4.3474 4.1291, 3.1398 -4.4369 4.2099, 3.1398 -4.4642 4.3257, 3.1398 -4.4536 4.204, 3.1398 -4.5061 4.3097, 3.1398 -4.4688 4.194, 3.1398 -4.5449 4.2827, 3.1398 -4.4813 4.1805, 3.1398 -4.5763 4.2469, 3.1398 -4.4901 4.164, 3.1398 -4.4945 4.1458, 3.1398 -3.9009 4.4868, 3.1398 -3.8858 4.4868, 3.1398 -3.808 4.5893, 3.1398 -3.8497 4.4824, 3.1398 -3.7972 4.5857, 3.1398 -3.8166 4.4697, 3.1398 -3.7408 4.5573, 3.1398 -3.6897 4.5135, 3.1398 -4.4348 4.5495, 3.1398 -4.4209 4.5419, 3.1398 -4.4797 4.6804, 3.1398 -4.3937 4.5992, 3.1398 -4.4408 4.7257, 3.1398 -4.3518 4.6505, 3.1398 -4.3962 4.7639, 3.1398 -4.2991 4.6896, 3.1398 -4.3502 4.7924, 3.1398 -4.35 4.3185, 3.1398 -4.3958 4.3299, 3.1398 -4.419 4.3312, 3.1398 -3.6537 4.2109, 3.1398 -3.7554 4.2681, 3.1398 -3.6903 4.1605, 3.1398 -3.9104 4.7392, 3.1398 -3.9787 4.6462, 3.1398 -3.8485 4.6678, 3.1398 -3.9374 4.5937, 3.1398 -3.9101 4.5317, 3.1398 -4.6727 4.2663, 3.1398 -4.7511 4.1699, 3.1398 -4.6991 4.1243, 3.1398 -4.7056 4.4264, 3.1398 -4.83 4.3985, 3.1398 -4.7112 4.3806, 3.1398 -4.8308 4.3768, 3.1398 -4.709 4.3516, 3.1398 -4.8234 4.3099, 3.1398 -4.6955 4.3051, 3.1398 -4.798 4.2388, 3.1398 -4.7579 4.1777, 3.1398 -3.7872 4.4491, 3.1398 -3.7651 4.4245, 3.1398 -3.6512 4.4593, 3.1398 -3.7475 4.3917, 3.1398 -3.6284 4.4012, 3.1398 -3.7387 4.3552, 3.1398 -3.6201 4.3407, 3.1398 -3.6202 4.3329, 3.1398 -3.7762 4.2385, 3.1398 -3.7789 4.2356, 3.1398 -3.7438 4.1156, 3.1398 -3.807 4.2128, 3.1398 -3.8018 4.0877, 3.1398 -3.8405 4.1973, 3.1398 -3.863 4.0751, 3.1398 -3.8744 4.1908, 3.1398 -3.975 4.0751, 3.1398 -3.9598 4.1908, 3.1398 -3.9846 4.0765, 3.1398 -4.2627 4.8263, 3.1398 -4.2371 4.7149, 3.1398 -4.1685 4.8379, 3.1398 -4.1666 4.724, 3.1398 -4.0903 4.8297, 3.1398 -4.1048 4.7168, 3.1398 -3.9951 4.7961, 3.1398 -4.0451 4.6946, 3.1398 -3.9915 4.6582, 3.1398 -4.4774 4.5649, 3.1398 -4.5015 4.683, 3.1398 -4.5215 4.5703, 3.1398 -4.5234 4.6842, 3.1398 -4.5409 4.5693, 3.1398 -4.5906 4.6767, 3.1398 -4.5878 4.5583, 3.1398 -4.6614 4.6513, 3.1398 -4.6301 4.5359, 3.1398 -4.725 4.6085, 3.1398 -4.6631 4.5066, 3.1398 -4.7416 4.5931, 3.1398 -4.6894 4.4688, 3.1398 -4.7834 4.5408, 3.1398 -4.8153 4.4734, 3.1398 -4.4823 4.0964, 3.1398 -4.4904 4.1121, 3.1398 -4.4945 4.1296, 3.1398 -4.3098 4.2969, 3.1398 -4.4712 3.957, 3.1398 -4.4264 3.95, 3.1398 -4.4209 4.0637, 3.1398 -4.419 3.9498, 3.1398 -4.4048 4.0654, 3.1398 -4.3731 3.9555, 3.1398 -4.3881 4.0713, 3.1398 -4.3308 3.9717, 3.1398 -4.3733 4.0811, 3.1398 -4.293 3.998, 3.1398 -4.3608 4.0946, 3.1398 -4.2637 4.0309, 3.1398 -4.3519 4.1109, 3.1398 -4.2413 4.0733, 3.1398 -4.2302 4.1201, 3.1398 -3.9693 4.1926, 3.1398 -4.0152 4.0952, 3.1398 -4.0097 4.0897, 3.1398 -3.9852 4.191, 3.1398 -3.9983 4.186, 3.1398 -4.0297 4.1392, 3.1398 -4.03 4.1339, 3.1398 -4.0283 4.1201, 3.1398 -4.0234 4.1072, 3.1398 -3.9636 4.1913, 3.1398 -3.9972 4.0812, 3.1398 -3.9712 4.1927, 3.1398 -4.01 4.1779, 3.1398 -4.0196 4.1671, 3.1398 -4.0265 4.1538, 3.1358 -3.6201 4.3407, 3.1358 -3.6284 4.4012, 3.1358 -3.6512 4.4593, 3.1358 -3.6781 4.4971, 3.1358 -3.6897 4.5135, 3.1358 -3.7408 4.5573, 3.1358 -3.7972 4.5857, 3.1358 -3.808 4.5893, 3.1358 -3.8485 4.6678, 3.1358 -3.9104 4.7392, 3.1358 -3.954 4.7685, 3.1358 -3.9951 4.7961, 3.1358 -4.0903 4.8297, 3.1358 -4.1685 4.8379, 3.1358 -4.2627 4.8263, 3.1358 -4.3502 4.7924, 3.1358 -4.3887 4.7685, 3.1358 -4.3962 4.7639, 3.1358 -4.4408 4.7257, 3.1358 -4.4797 4.6804, 3.1358 -4.5015 4.683, 3.1358 -4.5234 4.6842, 3.1358 -4.5906 4.6767, 3.1358 -4.6614 4.6513, 3.1358 -4.725 4.6085, 3.1358 -4.7416 4.5931, 3.1358 -4.7834 4.5408, 3.1358 -4.804 4.4971, 3.1358 -4.8153 4.4734, 3.1358 -4.83 4.3985, 3.1358 -4.8308 4.3768, 3.1358 -4.8234 4.3099, 3.1358 -4.8223 4.3069, 3.1358 -4.798 4.2388, 3.1358 -4.7579 4.1777, 3.1358 -4.7511 4.1699, 3.1358 -4.6991 4.1243, 3.1358 -4.6315 4.089, 3.1358 -4.5993 4.0789, 3.1358 -4.5969 4.0737, 3.1358 -4.5803 4.0382, 3.1358 -4.5521 4.0034, 3.1358 -4.515 3.9754, 3.1358 -4.4975 3.968, 3.1358 -4.4712 3.957, 3.1358 -4.4264 3.95, 3.1358 -4.419 3.9498, 3.1358 -4.2292 4.1396, 3.1358 -4.3731 3.9555, 3.1358 -4.3404 3.968, 3.1358 -4.3308 3.9717, 3.1358 -4.293 3.998, 3.1358 -4.2637 4.0309, 3.1358 -4.2413 4.0733, 3.1358 -4.2412 4.0737, 3.1358 -4.2302 4.1201, 3.1358 -4.2292 4.1586, 3.1358 -3.9636 4.299, 3.1358 -4.0224 4.3996, 3.1358 -3.9682 4.3069, 3.1358 -4.2767 4.2667, 3.1358 -4.1997 4.3069, 3.1358 -4.3098 4.2969, 3.1358 -4.3285 4.3069, 3.1358 -4.35 4.3185, 3.1358 -4.3958 4.3299, 3.1358 -4.419 4.3312, 3.1358 -4.4642 4.3257, 3.1358 -4.5061 4.3097, 3.1358 -4.5101 4.3069, 3.1358 -4.5449 4.2827, 3.1358 -4.5763 4.2469, 3.1358 -4.5974 4.206, 3.1358 -4.7112 4.3806, 3.1358 -4.6387 4.2314, 3.1358 -4.6727 4.2663, 3.1358 -4.6955 4.3051, 3.1358 -4.696 4.3069, 3.1358 -4.709 4.3516, 3.1358 -4.6894 4.4688, 3.1358 -4.7056 4.4264, 3.1358 -4.6696 4.4971, 3.1358 -4.6631 4.5066, 3.1358 -4.6301 4.5359, 3.1358 -4.5878 4.5583, 3.1358 -4.5409 4.5693, 3.1358 -4.5215 4.5703, 3.1358 -4.4774 4.5649, 3.1358 -4.4348 4.5495, 3.1358 -4.4209 4.5419, 3.1358 -4.3937 4.5992, 3.1358 -4.3518 4.6505, 3.1358 -4.2991 4.6896, 3.1358 -4.2371 4.7149, 3.1358 -4.1666 4.724, 3.1358 -4.1048 4.7168, 3.1358 -4.0451 4.6946, 3.1358 -3.9915 4.6582, 3.1358 -3.9787 4.6462, 3.1358 -3.9374 4.5937, 3.1358 -3.9101 4.5317, 3.1358 -3.903 4.4971, 3.1358 -3.9009 4.4868, 3.1358 -3.8858 4.4868, 3.1358 -3.8497 4.4824, 3.1358 -3.8166 4.4697, 3.1358 -3.7872 4.4491, 3.1358 -3.7651 4.4245, 3.1358 -3.7475 4.3917, 3.1358 -3.7387 4.3552, 3.1358 -3.7378 4.3388, 3.1358 -3.7417 4.3069, 3.1358 -3.7423 4.3019, 3.1358 -3.7554 4.2681, 3.1358 -3.7762 4.2385, 3.1358 -3.7789 4.2356, 3.1358 -3.807 4.2128, 3.1358 -3.8405 4.1973, 3.1358 -3.8744 4.1908, 3.1358 -3.9598 4.1908, 3.1358 -3.9636 4.1913, 3.1358 -3.9693 4.1926, 3.1358 -3.9712 4.1927, 3.1358 -3.9852 4.191, 3.1358 -3.9983 4.186, 3.1358 -4.01 4.1779, 3.1358 -4.0196 4.1671, 3.1358 -4.0265 4.1538, 3.1358 -4.0297 4.1392, 3.1358 -4.03 4.1339, 3.1358 -4.0283 4.1201, 3.1358 -4.0234 4.1072, 3.1358 -4.0152 4.0952, 3.1358 -4.0097 4.0897, 3.1358 -3.9972 4.0812, 3.1358 -3.9846 4.0765, 3.1358 -3.975 4.0751, 3.1358 -3.863 4.0751, 3.1358 -3.8018 4.0877, 3.1358 -3.7438 4.1156, 3.1358 -3.6903 4.1605, 3.1358 -3.6537 4.2109, 3.1358 -3.6294 4.2707, 3.1358 -3.6241 4.3069, 3.1358 -3.6202 4.3329, 3.1358 -4.4209 4.2117, 3.1358 -4.4052 4.21, 3.1358 -4.3875 4.2037, 3.1358 -4.3723 4.1934, 3.1358 -4.36 4.1798, 3.1358 -4.3518 4.1642, 3.1358 -4.3474 4.1466, 3.1358 -4.3474 4.1291, 3.1358 -4.3519 4.1109, 3.1358 -4.3608 4.0946, 3.1358 -4.3733 4.0811, 3.1358 -4.3881 4.0713, 3.1358 -4.4048 4.0654, 3.1358 -4.4209 4.0637, 3.1358 -4.4376 4.0656, 3.1358 -4.4551 4.0721, 3.1358 -4.4703 4.0826, 3.1358 -4.4823 4.0964, 3.1358 -4.4904 4.1121, 3.1358 -4.4945 4.1296, 3.1358 -4.4945 4.1458, 3.1358 -4.4901 4.164, 3.1358 -4.4813 4.1805, 3.1358 -4.4688 4.194, 3.1358 -4.4536 4.204, 3.1358 -4.4369 4.2099
            ]
        }
        coordIndex [
            0,1,2,-1,3,4,5,-1,6,7,8,-1,8,7,9,-1,8,9,10,-1,11,12,8,-1,8,12,13,-1,8,13,6,-1,6,13,14,-1,15,1,16,-1,16,1,17,-1,16,17,18,-1,19,20,2,-1,2,20,21,-1,2,21,0,-1,10,22,8,-1,8,22,23,-1,8,23,24,-1,24,23,25,-1,26,27,28,-1,28,27,29,-1,28,29,30,-1,30,29,31,-1,30,31,32,-1,32,31,33,-1,32,33,34,-1,34,33,2,-1,34,2,35,-1,36,37,38,-1,38,37,39,-1,38,39,40,-1,40,39,41,-1,40,41,42,-1,42,41,43,-1,44,45,46,-1,46,45,47,-1,46,47,48,-1,48,47,49,-1,48,49,50,-1,50,49,51,-1,50,51,52,-1,53,54,26,-1,26,54,55,-1,26,55,27,-1,5,4,56,-1,56,4,57,-1,56,57,58,-1,59,60,61,-1,61,60,62,-1,61,62,38,-1,38,62,63,-1,38,63,36,-1,64,65,19,-1,19,65,66,-1,19,66,20,-1,67,68,69,-1,69,68,70,-1,69,70,71,-1,71,70,72,-1,71,72,73,-1,73,72,74,-1,73,74,64,-1,64,74,75,-1,64,75,65,-1,41,76,43,-1,43,76,77,-1,43,77,78,-1,78,77,79,-1,78,79,80,-1,80,79,81,-1,80,81,82,-1,82,81,3,-1,82,3,83,-1,83,3,5,-1,57,84,58,-1,58,84,85,-1,58,85,86,-1,86,85,87,-1,86,87,88,-1,88,87,89,-1,88,89,90,-1,90,89,91,-1,90,91,92,-1,92,91,93,-1,92,93,94,-1,52,51,95,-1,95,51,96,-1,95,96,97,-1,97,96,98,-1,97,98,99,-1,99,98,100,-1,99,100,101,-1,101,100,102,-1,101,102,59,-1,59,102,103,-1,59,103,60,-1,44,46,104,-1,104,46,105,-1,104,105,106,-1,106,105,107,-1,106,107,108,-1,108,107,109,-1,108,109,110,-1,110,109,111,-1,110,111,112,-1,112,111,113,-1,112,113,114,-1,114,113,115,-1,114,115,116,-1,116,115,117,-1,116,117,67,-1,67,117,118,-1,67,118,68,-1,15,119,1,-1,1,119,120,-1,1,120,2,-1,2,120,121,-1,2,121,35,-1,14,13,26,-1,26,13,122,-1,26,122,53,-1,17,123,18,-1,18,123,124,-1,18,124,125,-1,125,124,126,-1,125,126,127,-1,127,126,128,-1,127,128,129,-1,129,128,130,-1,129,130,131,-1,131,130,132,-1,131,132,133,-1,133,132,134,-1,133,134,135,-1,135,134,136,-1,135,136,25,-1,25,136,137,-1,25,137,24,-1,138,139,140,-1,141,142,143,-1,144,145,138,-1,138,145,146,-1,138,146,139,-1,93,147,94,-1,94,147,138,-1,94,138,148,-1,148,138,140,-1,144,138,143,-1,143,138,149,-1,143,149,141,-1,142,150,143,-1,143,150,151,-1,143,151,152,-1,82,153,154,-1,82,154,80,-1,80,154,155,-1,80,155,78,-1,78,155,156,-1,78,156,43,-1,156,157,43,-1,43,157,158,-1,43,158,42,-1,42,158,159,-1,42,159,40,-1,40,159,160,-1,40,160,38,-1,38,160,161,-1,38,161,61,-1,61,161,162,-1,61,162,59,-1,101,59,163,-1,163,59,162,-1,163,164,101,-1,101,164,165,-1,101,165,99,-1,99,165,166,-1,99,166,97,-1,97,166,167,-1,97,167,95,-1,95,167,168,-1,95,168,52,-1,52,168,50,-1,50,168,169,-1,50,169,170,-1,50,170,171,-1,50,171,48,-1,48,171,172,-1,48,172,46,-1,46,172,173,-1,46,173,105,-1,105,173,174,-1,105,174,107,-1,107,174,175,-1,107,175,109,-1,109,175,176,-1,109,176,111,-1,111,176,177,-1,111,177,113,-1,113,177,178,-1,113,178,115,-1,115,178,179,-1,115,179,117,-1,117,179,180,-1,117,180,118,-1,180,181,118,-1,118,181,182,-1,118,182,68,-1,68,182,183,-1,68,183,70,-1,70,183,184,-1,70,184,72,-1,72,184,185,-1,72,185,74,-1,185,186,74,-1,74,186,187,-1,74,187,75,-1,75,187,188,-1,75,188,65,-1,65,188,189,-1,65,189,66,-1,66,189,190,-1,66,190,20,-1,20,190,191,-1,20,191,21,-1,21,191,192,-1,21,192,0,-1,192,193,0,-1,0,193,194,-1,0,194,1,-1,1,194,195,-1,1,195,17,-1,17,195,196,-1,17,196,123,-1,196,197,123,-1,123,197,198,-1,123,198,124,-1,124,198,199,-1,124,199,126,-1,200,24,137,-1,126,199,201,-1,202,130,201,-1,201,130,128,-1,201,128,126,-1,202,203,130,-1,130,203,204,-1,130,204,132,-1,132,204,205,-1,132,205,134,-1,134,205,206,-1,134,206,136,-1,136,206,207,-1,136,207,137,-1,137,207,208,-1,137,208,200,-1,8,24,209,-1,209,24,200,-1,11,8,210,-1,210,8,209,-1,211,12,212,-1,212,12,11,-1,212,11,210,-1,213,13,214,-1,214,13,12,-1,214,12,211,-1,13,213,215,-1,13,215,122,-1,122,215,216,-1,122,216,53,-1,216,217,53,-1,53,217,218,-1,53,218,54,-1,54,218,219,-1,54,219,55,-1,55,219,220,-1,55,220,27,-1,27,220,221,-1,27,221,29,-1,29,221,222,-1,29,222,31,-1,222,223,31,-1,31,223,224,-1,31,224,33,-1,33,224,225,-1,33,225,2,-1,226,69,71,-1,2,225,227,-1,2,227,19,-1,19,227,228,-1,19,228,64,-1,64,228,229,-1,64,229,73,-1,73,229,230,-1,73,230,71,-1,71,230,231,-1,71,231,226,-1,232,67,233,-1,233,67,69,-1,233,69,226,-1,234,114,232,-1,232,114,116,-1,232,116,67,-1,234,235,114,-1,114,235,236,-1,114,236,112,-1,112,236,237,-1,112,237,110,-1,110,237,238,-1,110,238,108,-1,108,238,239,-1,108,239,106,-1,106,239,240,-1,106,240,104,-1,104,240,241,-1,104,241,44,-1,44,241,242,-1,44,242,45,-1,45,242,243,-1,45,243,47,-1,47,243,244,-1,47,244,49,-1,49,244,245,-1,49,245,51,-1,51,245,246,-1,51,246,96,-1,96,246,247,-1,96,247,98,-1,98,247,248,-1,98,248,100,-1,100,248,249,-1,100,249,102,-1,102,249,250,-1,102,250,103,-1,103,250,251,-1,103,251,60,-1,60,251,252,-1,60,252,62,-1,62,252,253,-1,62,253,63,-1,63,253,36,-1,36,253,254,-1,36,254,255,-1,37,36,256,-1,256,36,255,-1,37,256,257,-1,37,257,39,-1,39,257,258,-1,39,258,41,-1,41,258,259,-1,41,259,76,-1,76,259,260,-1,76,260,77,-1,77,260,261,-1,77,261,79,-1,79,261,262,-1,79,262,81,-1,81,262,263,-1,81,263,3,-1,3,263,4,-1,4,263,264,-1,264,265,4,-1,4,265,266,-1,4,266,57,-1,57,266,267,-1,57,267,84,-1,84,267,268,-1,84,268,85,-1,85,268,269,-1,85,269,87,-1,87,269,270,-1,87,270,89,-1,89,270,271,-1,89,271,91,-1,93,91,272,-1,272,91,271,-1,93,272,273,-1,93,273,147,-1,147,273,274,-1,147,274,138,-1,138,274,275,-1,138,275,149,-1,149,275,276,-1,149,276,141,-1,141,276,277,-1,141,277,142,-1,142,277,278,-1,142,278,150,-1,150,278,279,-1,150,279,151,-1,151,279,280,-1,151,280,152,-1,152,280,281,-1,152,281,143,-1,143,281,282,-1,143,282,144,-1,144,282,283,-1,144,283,145,-1,145,283,284,-1,145,284,146,-1,146,284,285,-1,146,285,139,-1,139,285,286,-1,139,286,140,-1,140,286,287,-1,140,287,148,-1,148,287,288,-1,148,288,94,-1,94,288,289,-1,94,289,92,-1,90,92,290,-1,290,92,289,-1,90,290,291,-1,90,291,88,-1,88,291,292,-1,88,292,86,-1,86,292,293,-1,86,293,58,-1,153,82,83,-1,58,293,294,-1,58,294,56,-1,56,294,295,-1,56,295,5,-1,5,295,296,-1,5,296,83,-1,83,296,297,-1,83,297,153,-1,14,298,299,-1,14,299,6,-1,6,299,300,-1,6,300,7,-1,7,300,301,-1,7,301,9,-1,9,301,302,-1,9,302,10,-1,10,302,303,-1,10,303,22,-1,22,303,304,-1,22,304,23,-1,23,304,305,-1,23,305,25,-1,25,305,306,-1,25,306,135,-1,135,306,307,-1,135,307,133,-1,133,307,308,-1,133,308,131,-1,131,308,309,-1,131,309,129,-1,129,309,310,-1,129,310,127,-1,127,310,311,-1,127,311,125,-1,125,311,312,-1,125,312,18,-1,18,312,313,-1,18,313,16,-1,16,313,314,-1,16,314,15,-1,15,314,315,-1,15,315,119,-1,119,315,316,-1,119,316,120,-1,120,316,317,-1,120,317,121,-1,121,317,318,-1,121,318,35,-1,35,318,319,-1,35,319,34,-1,34,319,320,-1,34,320,32,-1,32,320,321,-1,32,321,30,-1,30,321,322,-1,30,322,28,-1,28,322,323,-1,28,323,26,-1,26,323,298,-1,26,298,14,-1,
        ]
    }
}
Shape{
    appearance Appearance {
        material  Material 	{
            diffuseColor 0.7529411764705882 0.7529411764705882 0.7529411764705882
            specularColor 0.3764705882352941 0.3764705882352941 0.3764705882352941
            ambientIntensity 0.7529
            transparency 0.0
            shininess 0.5
        }
    }
    geometry IndexedFaceSet {
        ccw TRUE
        solid FALSE
        coord DEF co Coordinate {
            point [
                3.1358 -4.4209 4.2117, 3.1358 -4.4209 4.0637, 3.1358 -4.4048 4.0654, 3.1358 -4.4536 4.204, 3.1358 -4.4945 4.1458, 3.1358 -4.4369 4.2099, 3.1358 -4.4945 4.1296, 3.1358 -4.3474 4.1466, 3.1358 -4.3518 4.1642, 3.1358 -4.36 4.1798, 3.1358 -4.3723 4.1934, 3.1358 -4.4904 4.1121, 3.1358 -4.4823 4.0964, 3.1358 -4.4703 4.0826, 3.1358 -4.3875 4.2037, 3.1358 -4.4052 4.21, 3.1358 -4.4688 4.194, 3.1358 -4.4813 4.1805, 3.1358 -4.4901 4.164, 3.1358 -4.4551 4.0721, 3.1358 -4.4376 4.0656, 3.1358 -4.3881 4.0713, 3.1358 -4.3733 4.0811, 3.1358 -4.3474 4.1291, 3.1358 -4.3608 4.0946, 3.1358 -4.3519 4.1109, 3.1555 0.1362 -1.1703, 3.1358 0.1362 -1.1703, 3.1358 0.1402 -1.2009, 3.1555 0.1402 -1.2009, 3.1358 0.152 -1.2294, 3.1555 0.152 -1.2294, 3.1358 0.1708 -1.2538, 3.1555 0.1708 -1.2538, 3.1358 0.1953 -1.2726, 3.1555 0.1953 -1.2726, 3.1358 0.2238 -1.2844, 3.1555 0.2238 -1.2844, 3.1358 0.2543 -1.2884, 3.1555 0.2543 -1.2884, 3.1358 0.2849 -1.2844, 3.1555 0.2849 -1.2844, 3.1358 0.3134 -1.2726, 3.1555 0.3134 -1.2726, 3.1358 0.3378 -1.2538, 3.1555 0.3378 -1.2538, 3.1358 0.3566 -1.2294, 3.1555 0.3566 -1.2294, 3.1358 0.3684 -1.2009, 3.1555 0.3684 -1.2009, 3.1358 0.3724 -1.1703, 3.1555 0.3724 -1.1703, 3.1555 0.3724 -0.0481, 3.1358 0.3724 -0.0481, 3.1358 0.3684 -0.0175, 3.1555 0.3684 -0.0175, 3.1358 0.3566 0.0109, 3.1555 0.3566 0.0109, 3.1358 0.3378 0.0354, 3.1555 0.3378 0.0354, 3.1358 0.3134 0.0542, 3.1555 0.3134 0.0542, 3.1358 0.2849 0.066, 3.1555 0.2849 0.066, 3.1358 0.2543 0.07, 3.1555 0.2543 0.07, 3.1358 0.2238 0.066, 3.1555 0.2238 0.066, 3.1358 0.1953 0.0542, 3.1555 0.1953 0.0542, 3.1358 0.1708 0.0354, 3.1555 0.1708 0.0354, 3.1358 0.152 0.0109, 3.1555 0.152 0.0109, 3.1358 0.1402 -0.0175, 3.1555 0.1402 -0.0175, 3.1358 0.1362 -0.0481, 3.1555 0.1362 -0.0481, -3.1555 0.3724 -1.1703, -3.1358 0.3724 -1.1703, -3.1358 0.3684 -1.2009, -3.1555 0.3684 -1.2009, -3.1358 0.3566 -1.2294, -3.1555 0.3566 -1.2294, -3.1358 0.3378 -1.2538, -3.1555 0.3378 -1.2538, -3.1358 0.3134 -1.2726, -3.1555 0.3134 -1.2726, -3.1358 0.2849 -1.2844, -3.1555 0.2849 -1.2844, -3.1358 0.2543 -1.2884, -3.1555 0.2543 -1.2884, -3.1358 0.2238 -1.2844, -3.1555 0.2238 -1.2844, -3.1358 0.1953 -1.2726, -3.1555 0.1953 -1.2726, -3.1358 0.1708 -1.2538, -3.1555 0.1708 -1.2538, -3.1358 0.152 -1.2294, -3.1555 0.152 -1.2294, -3.1358 0.1402 -1.2009, -3.1555 0.1402 -1.2009, -3.1358 0.1362 -1.1703, -3.1555 0.1362 -1.1703, -3.1555 0.1362 -0.0481, -3.1358 0.1362 -0.0481, -3.1358 0.1402 -0.0175, -3.1555 0.1402 -0.0175, -3.1358 0.152 0.0109, -3.1555 0.152 0.0109, -3.1358 0.1708 0.0354, -3.1555 0.1708 0.0354, -3.1358 0.1953 0.0542, -3.1555 0.1953 0.0542, -3.1358 0.2238 0.066, -3.1555 0.2238 0.066, -3.1358 0.2543 0.07, -3.1555 0.2543 0.07, -3.1358 0.2849 0.066, -3.1555 0.2849 0.066, -3.1358 0.3134 0.0542, -3.1555 0.3134 0.0542, -3.1358 0.3378 0.0354, -3.1555 0.3378 0.0354, -3.1358 0.3566 0.0109, -3.1555 0.3566 0.0109, -3.1358 0.3684 -0.0175, -3.1555 0.3684 -0.0175, -3.1358 0.3724 -0.0481, -3.1555 0.3724 -0.0481, 3.0374 3.0415 0.5118, 3.1358 3.0415 0.5118, 3.0374 1.7506 0.5118, 3.1358 1.7506 0.5118, 3.1358 3.0415 5.1488, 3.0374 3.0415 5.1488, 3.0374 2.7231 1.3704, 3.0374 2.7231 1.847, 3.0374 2.1931 1.3704, 3.0374 2.1931 1.847, 3.0374 1.7506 4.202, 3.1358 2.1931 1.3704, 3.1358 2.1931 1.847, 3.1358 2.7231 1.3704, 3.1358 2.7231 1.847, 3.1358 1.7506 4.202, -3.1358 3.0415 0.5118, -3.0374 3.0415 0.5118, -3.1358 1.7506 0.5118, -3.0374 1.7506 0.5118, -3.0374 3.0415 5.1488, -3.1358 3.0415 5.1488, -3.0374 2.1931 1.3704, -3.0374 2.1931 1.847, -3.0374 2.7231 1.3704, -3.0374 2.7231 1.847, -3.0374 1.7506 4.202, -3.1358 2.7231 1.3704, -3.1358 2.7231 1.847, -3.1358 2.1931 1.3704, -3.1358 2.1931 1.847, -3.1358 1.7506 4.202
            ]
        }
        coordIndex [
            0,1,2,-1,3,4,5,-1,5,4,6,-1,5,6,0,-1,7,8,2,-1,2,8,9,-1,2,9,10,-1,6,11,0,-1,0,11,12,-1,0,12,13,-1,10,14,2,-1,2,14,15,-1,2,15,0,-1,3,16,4,-1,4,16,17,-1,4,17,18,-1,13,19,0,-1,0,19,20,-1,0,20,1,-1,2,21,7,-1,7,21,22,-1,7,22,23,-1,23,22,24,-1,23,24,25,-1,26,27,28,-1,26,28,29,-1,29,28,30,-1,29,30,31,-1,31,30,32,-1,31,32,33,-1,33,32,34,-1,33,34,35,-1,35,34,36,-1,35,36,37,-1,37,36,38,-1,37,38,39,-1,39,38,40,-1,39,40,41,-1,41,40,42,-1,41,42,43,-1,43,42,44,-1,43,44,45,-1,45,44,46,-1,45,46,47,-1,47,46,48,-1,47,48,49,-1,49,48,50,-1,49,50,51,-1,52,51,53,-1,53,51,50,-1,52,53,54,-1,52,54,55,-1,55,54,56,-1,55,56,57,-1,57,56,58,-1,57,58,59,-1,59,58,60,-1,59,60,61,-1,61,60,62,-1,61,62,63,-1,63,62,64,-1,63,64,65,-1,65,64,66,-1,65,66,67,-1,67,66,68,-1,67,68,69,-1,69,68,70,-1,69,70,71,-1,71,70,72,-1,71,72,73,-1,73,72,74,-1,73,74,75,-1,75,74,76,-1,75,76,77,-1,26,77,27,-1,27,77,76,-1,49,51,39,-1,77,26,51,-1,63,65,77,-1,77,65,67,-1,77,67,69,-1,51,52,77,-1,77,52,55,-1,77,55,57,-1,69,71,77,-1,77,71,73,-1,77,73,75,-1,26,29,51,-1,51,29,31,-1,51,31,33,-1,41,43,45,-1,57,59,77,-1,77,59,61,-1,77,61,63,-1,33,35,51,-1,51,35,37,-1,51,37,39,-1,41,45,39,-1,39,45,47,-1,39,47,49,-1,78,79,80,-1,78,80,81,-1,81,80,82,-1,81,82,83,-1,83,82,84,-1,83,84,85,-1,85,84,86,-1,85,86,87,-1,87,86,88,-1,87,88,89,-1,89,88,90,-1,89,90,91,-1,91,90,92,-1,91,92,93,-1,93,92,94,-1,93,94,95,-1,95,94,96,-1,95,96,97,-1,97,96,98,-1,97,98,99,-1,99,98,100,-1,99,100,101,-1,101,100,102,-1,101,102,103,-1,104,103,105,-1,105,103,102,-1,104,105,106,-1,104,106,107,-1,107,106,108,-1,107,108,109,-1,109,108,110,-1,109,110,111,-1,111,110,112,-1,111,112,113,-1,113,112,114,-1,113,114,115,-1,115,114,116,-1,115,116,117,-1,117,116,118,-1,117,118,119,-1,119,118,120,-1,119,120,121,-1,121,120,122,-1,121,122,123,-1,123,122,124,-1,123,124,125,-1,125,124,126,-1,125,126,127,-1,127,126,128,-1,127,128,129,-1,78,129,79,-1,79,129,128,-1,101,103,91,-1,78,103,129,-1,129,103,104,-1,129,104,127,-1,93,95,97,-1,104,113,115,-1,115,117,104,-1,104,117,119,-1,104,119,121,-1,113,104,111,-1,111,104,107,-1,111,107,109,-1,78,81,103,-1,103,81,83,-1,103,83,85,-1,85,87,103,-1,103,87,89,-1,103,89,91,-1,93,97,91,-1,91,97,99,-1,91,99,101,-1,121,123,104,-1,104,123,125,-1,104,125,127,-1,130,131,132,-1,132,131,133,-1,134,131,135,-1,135,131,130,-1,130,136,137,-1,136,130,138,-1,138,130,132,-1,138,132,139,-1,139,132,140,-1,139,140,137,-1,137,140,135,-1,137,135,130,-1,133,141,142,-1,141,133,143,-1,143,133,131,-1,143,131,144,-1,144,131,134,-1,144,134,142,-1,142,134,145,-1,142,145,133,-1,145,140,133,-1,133,140,132,-1,134,135,145,-1,145,135,140,-1,139,137,142,-1,142,137,144,-1,137,136,144,-1,144,136,143,-1,136,138,143,-1,143,138,141,-1,138,139,141,-1,141,139,142,-1,146,147,148,-1,148,147,149,-1,147,146,150,-1,150,146,151,-1,149,152,153,-1,152,149,154,-1,154,149,147,-1,154,147,155,-1,155,147,150,-1,155,150,153,-1,153,150,156,-1,153,156,149,-1,146,157,158,-1,157,146,159,-1,159,146,148,-1,159,148,160,-1,160,148,161,-1,160,161,158,-1,158,161,151,-1,158,151,146,-1,156,150,161,-1,161,150,151,-1,149,156,148,-1,148,156,161,-1,154,155,157,-1,157,155,158,-1,155,153,158,-1,158,153,160,-1,153,152,160,-1,160,152,159,-1,152,154,159,-1,159,154,157,-1,
        ]
    }
}