#VRML V2.0 utf8
# 3D model generated by easyeda2kicad.py (https://github.com/uPesy/easyeda2kicad.py)

Shape{
    appearance Appearance {
        material  Material 	{
            diffuseColor 1.0 1.0 1.0
            specularColor 0.5019607843137255 0.5019607843137255 0.5019607843137255
            ambientIntensity 1.0
            transparency 0.0
            shininess 0.5
        }
    }
    geometry IndexedFaceSet {
        ccw TRUE
        solid FALSE
        coord DEF co Coordinate {
            point [
                -3.0276 2.6898 6.4567, -3.0315 2.6898 6.4567, -3.0288 2.7102 6.4567, -2.7532 -0.3673 6.4567, -2.7532 -1.2848 6.4567, -3.0276 -3.5701 6.4567, 3.0315 -3.5701 6.4567, 3.0288 -3.5904 6.4567, 3.0276 -3.5701 6.4567, 3.0209 -3.6094 6.4567, 3.0084 -3.6257 6.4567, 2.9528 -3.6488 6.4567, 2.9528 -3.6449 6.4567, 2.9731 -3.6461 6.4567, 2.9921 -3.6382 6.4567, -2.639 0.4201 6.4567, -2.639 -0.3673 6.4567, -2.7532 0.4201 6.4567, -3.0084 -3.6257 6.4567, -3.0209 -3.6094 6.4567, -2.9528 -3.6449 6.4567, -3.0288 -3.5904 6.4567, 3.0288 2.7102 6.4567, 3.0315 2.6898 6.4567, 3.0276 2.6898 6.4567, 2.9528 2.7646 6.4567, 2.9528 2.7685 6.4567, 2.9731 2.7658 6.4567, 2.639 -0.3673 6.4567, 2.639 0.4201 6.4567, 2.7532 -0.3673 6.4567, 2.7532 0.4201 6.4567, 2.7532 -1.2848 6.4567, -3.0315 -3.5701 6.4567, -2.9528 -3.6488 6.4567, -2.9731 -3.6461 6.4567, -2.9921 -3.6382 6.4567, 3.0084 2.7455 6.4567, 3.0209 2.7292 6.4567, 2.7532 1.3376 6.4567, 1.3601 1.3376 6.4567, 1.3601 2.0087 6.4567, 0.799 2.0087 6.4567, 0.799 2.6921 6.4567, 2.9921 2.758 6.4567, -2.9528 2.7646 6.4567, -0.799 2.6921 6.4567, -0.799 2.0087 6.4567, -2.9731 2.7658 6.4567, -2.9921 2.758 6.4567, -3.0209 2.7292 6.4567, -3.0084 2.7455 6.4567, -1.3601 2.0087 6.4567, -1.3601 1.3376 6.4567, -2.7532 1.3376 6.4567, -2.9528 2.7685 6.4567, 2.7532 0.4201 6.5354, 2.639 0.4201 6.5354, 2.639 -0.3673 6.5354, 3.0276 -3.5701 6.5354, 2.9528 -3.6449 6.5354, 2.9528 -3.6488 6.5354, 2.9731 -3.6461 6.5354, 2.9921 -3.6382 6.5354, 3.0084 -3.6257 6.5354, 3.0209 -3.6094 6.5354, 3.0288 -3.5904 6.5354, 3.0315 -3.5701 6.5354, -3.0276 -3.5701 6.5354, -3.0315 -3.5701 6.5354, -3.0288 -3.5904 6.5354, 3.0315 2.6898 6.5354, 3.0288 2.7102 6.5354, 3.0276 2.6898 6.5354, 2.7532 -0.3673 6.5354, 2.7532 -1.2848 6.5354, -2.7532 -1.2848 6.5354, -2.9528 -3.6449 6.5354, -2.9528 2.7646 6.5354, -2.9528 2.7685 6.5354, -2.9731 2.7658 6.5354, -3.0084 -3.6257 6.5354, -2.9921 -3.6382 6.5354, -2.9731 -3.6461 6.5354, -2.9528 -3.6488 6.5354, -2.639 -0.3673 6.5354, -2.639 0.4201 6.5354, -2.7532 -0.3673 6.5354, -2.7532 0.4201 6.5354, -3.0276 2.6898 6.5354, -3.0209 -3.6094 6.5354, -2.7532 1.3376 6.5354, -1.3601 1.3376 6.5354, -1.3601 2.0087 6.5354, -0.799 2.0087 6.5354, -0.799 2.6921 6.5354, -2.9921 2.758 6.5354, -3.0084 2.7455 6.5354, -3.0209 2.7292 6.5354, -3.0288 2.7102 6.5354, -3.0315 2.6898 6.5354, 2.9528 2.7646 6.5354, 0.799 2.6921 6.5354, 0.799 2.0087 6.5354, 1.3601 2.0087 6.5354, 3.0209 2.7292 6.5354, 3.0084 2.7455 6.5354, 1.3601 1.3376 6.5354, 2.7532 1.3376 6.5354, 2.9528 2.7685 6.5354, 2.9731 2.7658 6.5354, 2.9921 2.758 6.5354, -3.1496 2.0599 0.0787, -3.1496 2.0599 0.1614, -3.1475 2.0599 0.143, -3.1414 2.0599 0.1255, -3.1316 2.0599 0.1099, -3.1185 2.0599 0.0968, -3.1028 2.0599 0.0869, -3.0853 2.0599 0.0808, -3.0709 2.0599 0.0788, -3.1185 2.4929 0.0968, -3.1316 2.4929 0.1099, -3.1496 2.4929 0.0787, -3.1414 2.4929 0.1255, -3.1475 2.4929 0.143, -3.1496 2.4929 0.1614, -3.0709 2.4929 0.0788, -3.0853 2.4929 0.0808, -3.1028 2.4929 0.0869, 3.1496 2.4929 0.1614, 3.1468 2.4929 0.14, 3.1496 2.4929 0.0787, 3.1385 2.4929 0.1201, 3.1254 2.4929 0.103, 3.1083 2.4929 0.0898, 3.0883 2.4929 0.0816, 3.0709 2.4929 0.0788, 3.1254 2.0599 0.103, 3.1385 2.0599 0.1201, 3.1496 2.0599 0.0787, 3.1468 2.0599 0.14, 3.1496 2.0599 0.1614, 3.0709 2.0599 0.0788, 3.0883 2.0599 0.0816, 3.1083 2.0599 0.0898, -3.1496 2.5717 0.1575, -3.1496 2.7646 6.1052, -3.1496 2.5921 0.1548, -3.1496 2.6111 0.1469, -3.1496 2.4956 0.0991, -3.1496 2.5035 0.1181, -3.1496 2.6504 0.0787, -3.1496 2.6477 0.0991, -3.1496 2.7646 0.0787, -3.1496 2.6399 0.1181, -3.1496 2.6274 0.1344, -3.1496 2.5513 0.1548, -3.1496 2.5323 0.1469, -3.1496 2.516 0.1344, -3.1496 2.0572 0.0991, -3.1496 2.0493 0.1181, -3.1496 2.0368 0.1344, -3.1496 2.0205 0.1469, -3.1496 -2.1173 4.9213, -3.1496 1.5807 4.9213, -3.1496 1.1714 0.0991, -3.1496 1.1635 0.1181, -3.1496 1.6764 0.1569, -3.1496 1.151 0.1344, -3.1496 1.1347 0.1469, -3.1496 1.1157 0.1548, -3.1496 1.0953 0.1575, -3.1496 1.0749 0.1548, -3.1496 1.0559 0.1469, -3.1496 1.0396 0.1344, -3.1496 1.0271 0.1181, -3.1496 -2.1173 0.0787, -3.1496 1.0192 0.0991, -3.1496 1.0166 0.0787, -3.1496 2.0015 0.1548, -3.1496 1.9811 0.1575, -3.1496 1.9608 0.1548, -3.1496 1.9051 0.0991, -3.1496 1.9024 0.0787, -3.1496 1.7646 0.0787, -3.1496 1.6579 0.1524, -3.1496 1.6411 0.1435, -3.1496 1.6269 0.131, -3.1496 1.9418 0.1469, -3.1496 1.9255 0.1344, -3.1496 1.9129 0.1181, -3.1496 1.4612 -1.2925, -3.1496 1.4103 -1.2992, -3.1496 1.6071 -1.1024, -3.1496 1.3709 -1.2992, -3.1496 1.6071 0.0787, -3.1496 1.2725 -1.2728, -3.1496 1.2317 -1.2416, -3.1496 1.2004 -1.2008, -3.1496 1.6161 0.1153, -3.1496 1.6094 0.0976, -3.1496 1.174 0.0787, -3.1496 1.174 -1.1024, -3.1496 1.1808 -1.1533, -3.1496 1.7306 0.1435, -3.1496 1.7138 0.1524, -3.1496 1.6953 0.1569, -3.1496 1.7623 0.0976, -3.1496 1.7556 0.1153, -3.1496 1.7448 0.131, -3.1496 1.3199 -1.2925, -3.1496 1.6004 -1.1533, -3.1496 1.5807 -1.2008, -3.1496 1.5087 -1.2728, -3.1496 1.5495 -1.2416, -3.0709 2.6477 0.0991, -3.0709 2.6504 0.0787, -3.0709 2.7646 0.0787, -3.0709 2.0205 0.1469, -3.0709 2.0368 0.1344, -3.0709 2.0599 0.1614, -3.0709 2.0015 0.1548, -3.0709 2.0493 0.1181, -3.0709 2.0572 0.0991, -3.0709 2.5323 0.1469, -3.0709 2.5513 0.1548, -3.0709 2.7646 6.1052, -3.0709 2.5717 0.1575, -3.0709 2.5921 0.1548, -3.0709 1.0271 0.1181, -3.0709 -2.1173 4.9213, -3.0709 1.0192 0.0991, -3.0709 -2.1173 0.0787, -3.0709 1.0166 0.0787, -3.0709 1.0396 0.1344, -3.0709 1.0559 0.1469, -3.0709 1.0749 0.1548, -3.0709 2.4956 0.0991, -3.0709 2.4929 0.1614, -3.0709 2.5035 0.1181, -3.0709 2.516 0.1344, -3.0709 1.9608 0.1548, -3.0709 1.9811 0.1575, -3.0709 1.9418 0.1469, -3.0709 1.6071 0.0787, -3.0709 1.6094 0.0976, -3.0709 1.174 0.0787, -3.0709 1.5807 4.9213, -3.0709 2.6111 0.1469, -3.0709 2.6274 0.1344, -3.0709 2.6399 0.1181, -3.0709 1.6269 0.131, -3.0709 1.6411 0.1435, -3.0709 1.1714 0.0991, -3.0709 1.6071 -1.1024, -3.0709 1.3709 -1.2992, -3.0709 1.151 0.1344, -3.0709 1.1635 0.1181, -3.0709 1.6764 0.1569, -3.0709 1.6579 0.1524, -3.0709 1.6953 0.1569, -3.0709 1.6161 0.1153, -3.0709 1.7646 0.0787, -3.0709 1.9024 0.0787, -3.0709 1.7623 0.0976, -3.0709 1.9051 0.0991, -3.0709 1.7556 0.1153, -3.0709 1.7448 0.131, -3.0709 1.9255 0.1344, -3.0709 1.9129 0.1181, -3.0709 1.7138 0.1524, -3.0709 1.7306 0.1435, -3.0709 1.0953 0.1575, -3.0709 1.1157 0.1548, -3.0709 1.1347 0.1469, -3.0709 1.1808 -1.1533, -3.0709 1.2004 -1.2008, -3.0709 1.174 -1.1024, -3.0709 1.2317 -1.2416, -3.0709 1.2725 -1.2728, -3.0709 1.3199 -1.2925, -3.0709 1.5495 -1.2416, -3.0709 1.5807 -1.2008, -3.0709 1.5087 -1.2728, -3.0709 1.4612 -1.2925, -3.0709 1.4103 -1.2992, -3.0709 1.6004 -1.1533, 3.1496 2.6477 0.0991, 3.1496 2.6504 0.0787, 3.1496 2.7646 0.0787, 3.1496 2.0205 0.1469, 3.1496 2.0368 0.1344, 3.1496 -2.1173 0.0787, 3.1496 1.0166 0.0787, 3.1496 1.0192 0.0991, 3.1496 2.0015 0.1548, 3.1496 2.0493 0.1181, 3.1496 2.0572 0.0991, 3.1496 2.5323 0.1469, 3.1496 2.5513 0.1548, 3.1496 2.7646 6.1052, 3.1496 2.5717 0.1575, 3.1496 2.5921 0.1548, 3.1496 1.0749 0.1548, 3.1496 -2.1173 4.9213, 3.1496 1.0559 0.1469, 3.1496 1.0396 0.1344, 3.1496 1.6269 0.131, 3.1496 1.6411 0.1435, 3.1496 1.1714 0.0991, 3.1496 2.4956 0.0991, 3.1496 2.5035 0.1181, 3.1496 2.516 0.1344, 3.1496 1.0271 0.1181, 3.1496 1.9811 0.1575, 3.1496 1.9608 0.1548, 3.1496 1.9418 0.1469, 3.1496 1.6161 0.1153, 3.1496 1.151 0.1344, 3.1496 1.1635 0.1181, 3.1496 1.6764 0.1569, 3.1496 1.6579 0.1524, 3.1496 1.5807 4.9213, 3.1496 2.6111 0.1469, 3.1496 2.6274 0.1344, 3.1496 2.6399 0.1181, 3.1496 1.6953 0.1569, 3.1496 1.7646 0.0787, 3.1496 1.9024 0.0787, 3.1496 1.7623 0.0976, 3.1496 1.9051 0.0991, 3.1496 1.7556 0.1153, 3.1496 1.7448 0.131, 3.1496 1.9255 0.1344, 3.1496 1.9129 0.1181, 3.1496 1.7138 0.1524, 3.1496 1.7306 0.1435, 3.1496 1.0953 0.1575, 3.1496 1.1157 0.1548, 3.1496 1.1347 0.1469, 3.1496 1.174 0.0787, 3.1496 1.174 -1.1024, 3.1496 1.3709 -1.2992, 3.1496 1.6094 0.0976, 3.1496 1.6071 0.0787, 3.1496 1.6071 -1.1024, 3.1496 1.4103 -1.2992, 3.1496 1.4612 -1.2925, 3.1496 1.1808 -1.1533, 3.1496 1.2004 -1.2008, 3.1496 1.3199 -1.2925, 3.1496 1.2317 -1.2416, 3.1496 1.2725 -1.2728, 3.1496 1.5087 -1.2728, 3.1496 1.5495 -1.2416, 3.1496 1.6004 -1.1533, 3.1496 1.5807 -1.2008, 3.0709 1.0192 0.0991, 3.0709 1.0166 0.0787, 3.0709 -2.1173 0.0787, 3.0709 2.0599 0.1614, 3.0709 -2.1173 4.9213, 3.0709 2.4929 0.1614, 3.0709 1.5807 4.9213, 3.0709 2.7646 6.1052, 3.0709 1.1714 0.0991, 3.0709 1.1635 0.1181, 3.0709 1.6764 0.1569, 3.0709 2.5717 0.1575, 3.0709 2.5921 0.1548, 3.0709 2.6111 0.1469, 3.0709 2.0493 0.1181, 3.0709 2.0572 0.0991, 3.0709 2.4956 0.0991, 3.0709 2.5035 0.1181, 3.0709 2.0368 0.1344, 3.0709 2.0205 0.1469, 3.0709 2.0015 0.1548, 3.0709 1.0953 0.1575, 3.0709 1.0749 0.1548, 3.0709 2.6504 0.0787, 3.0709 2.6477 0.0991, 3.0709 2.7646 0.0787, 3.0709 2.6399 0.1181, 3.0709 2.6274 0.1344, 3.0709 2.5513 0.1548, 3.0709 2.5323 0.1469, 3.0709 2.516 0.1344, 3.0709 1.6579 0.1524, 3.0709 1.6411 0.1435, 3.0709 1.6269 0.131, 3.0709 1.9811 0.1575, 3.0709 1.9608 0.1548, 3.0709 1.9418 0.1469, 3.0709 1.9051 0.0991, 3.0709 1.9024 0.0787, 3.0709 1.7646 0.0787, 3.0709 1.0559 0.1469, 3.0709 1.0396 0.1344, 3.0709 1.0271 0.1181, 3.0709 1.151 0.1344, 3.0709 1.1347 0.1469, 3.0709 1.1157 0.1548, 3.0709 1.7556 0.1153, 3.0709 1.7623 0.0976, 3.0709 1.9255 0.1344, 3.0709 1.9129 0.1181, 3.0709 1.6953 0.1569, 3.0709 1.7448 0.131, 3.0709 1.7306 0.1435, 3.0709 1.7138 0.1524, 3.0709 1.4612 -1.2925, 3.0709 1.4103 -1.2992, 3.0709 1.6071 -1.1024, 3.0709 1.3709 -1.2992, 3.0709 1.6071 0.0787, 3.0709 1.6161 0.1153, 3.0709 1.6094 0.0976, 3.0709 1.174 0.0787, 3.0709 1.174 -1.1024, 3.0709 1.6004 -1.1533, 3.0709 1.5807 -1.2008, 3.0709 1.5495 -1.2416, 3.0709 1.2725 -1.2728, 3.0709 1.2317 -1.2416, 3.0709 1.3199 -1.2925, 3.0709 1.2004 -1.2008, 3.0709 1.1808 -1.1533, 3.0709 1.5087 -1.2728, 3.1496 -2.3102 4.9213, 3.0709 -2.3102 4.9213, 3.1496 -2.4609 4.9213, 3.0709 -2.4609 4.9213, 3.0669 -3.7275 0.0787, 3.0669 -3.7275 6.1052, -3.0669 -3.7275 0.0787, 2.9528 -3.7275 6.1052, -3.0669 -3.7275 6.1052, -2.9528 -3.7275 6.1052, -2.9528 -3.7275 6.4528, 2.9528 -3.7275 6.4528, 2.9528 -3.6488 6.1052, 3.0669 -3.6488 6.1052, 3.0669 -3.6488 0.0787, -3.0669 -3.6488 0.0787, -3.0669 -3.6488 6.1052, -2.9528 -3.6488 6.1052, -2.9528 -3.6488 6.4528, 2.9528 -3.6488 6.4528, -3.0669 2.8473 0.0787, -3.0669 2.8473 6.1052, 3.0669 2.8473 0.0787, -2.9528 2.8473 6.1052, 3.0669 2.8473 6.1052, 2.9528 2.8473 6.1052, 2.9528 2.8473 6.4528, -2.9528 2.8473 6.4528, -2.9528 2.7685 6.1052, -3.0669 2.7685 6.1052, -3.0669 2.7685 0.0787, 3.0669 2.7685 0.0787, 3.0669 2.7685 6.1052, 2.9528 2.7685 6.1052, 2.9528 2.7685 6.4528, -2.9528 2.7685 6.4528, -3.0314 2.6898 6.4538, -3.0315 2.6898 6.4528, -3.1102 2.6898 6.4528, -3.1086 2.6898 6.4665, -3.0286 2.6898 6.4566, -3.1077 2.6898 6.474, -3.103 2.6898 6.486, -3.1011 2.6898 6.491, -3.0594 2.6898 6.5294, -3.0414 2.6898 6.5343, -3.0407 2.6898 6.5345, -3.0295 2.6898 6.4562, -3.0303 2.6898 6.4555, -3.031 2.6898 6.4547, -3.0925 2.6898 6.5034, -3.0899 2.6898 6.5071, -3.0781 2.6898 6.5177, -3.0742 2.6898 6.5212, -3.061 2.6898 6.5285, -3.1096 -3.5701 6.4636, -3.1102 -3.5701 6.4528, -3.0286 -3.5701 6.4566, -3.0295 -3.5701 6.4562, -3.0315 -3.5701 6.4528, -3.0314 -3.5701 6.4538, -3.031 -3.5701 6.4547, -3.0303 -3.5701 6.4555, -3.0414 -3.5701 6.5339, -3.0488 -3.5701 6.5328, -3.0608 -3.5701 6.5281, -3.0676 -3.5701 6.5253, -3.0781 -3.5701 6.5176, -3.0835 -3.5701 6.5136, -3.0925 -3.5701 6.5033, -3.0966 -3.5701 6.4985, -3.1031 -3.5701 6.4861, -3.105 -3.5701 6.4824, -3.1089 -3.5701 6.4666, -3.1102 2.6898 6.1417, -3.0315 2.6898 6.1417, -3.0315 -3.5701 6.1417, -3.1102 -3.5701 6.1417, -3.1102 -2.3889 4.9606, -3.1102 1.5087 4.9606, -3.0315 1.5087 4.9606, -3.0315 -2.3889 4.9606, 3.0314 -3.5701 6.4538, 3.0315 -3.5701 6.4528, 3.1102 -3.5701 6.4528, 3.1086 -3.5701 6.4665, 3.0286 -3.5701 6.4566, 3.1077 -3.5701 6.474, 3.103 -3.5701 6.486, 3.1011 -3.5701 6.491, 3.0295 -3.5701 6.4562, 3.0303 -3.5701 6.4555, 3.031 -3.5701 6.4547, 3.0925 -3.5701 6.5034, 3.0899 -3.5701 6.5071, 3.0781 -3.5701 6.5177, 3.0742 -3.5701 6.5212, 3.061 -3.5701 6.5285, 3.0594 -3.5701 6.5294, 3.0414 -3.5701 6.5343, 3.0407 -3.5701 6.5345, 3.1096 2.6898 6.4636, 3.1102 2.6898 6.4528, 3.0286 2.6898 6.4566, 3.0295 2.6898 6.4562, 3.0315 2.6898 6.4528, 3.0314 2.6898 6.4538, 3.031 2.6898 6.4547, 3.0303 2.6898 6.4555, 3.0414 2.6898 6.5339, 3.0488 2.6898 6.5328, 3.0608 2.6898 6.5281, 3.0676 2.6898 6.5253, 3.0781 2.6898 6.5176, 3.0835 2.6898 6.5136, 3.0925 2.6898 6.5033, 3.0966 2.6898 6.4985, 3.1031 2.6898 6.4861, 3.105 2.6898 6.4824, 3.1089 2.6898 6.4666, 3.1102 -3.5701 6.1417, 3.0315 -3.5701 6.1417, 3.0315 2.6898 6.1417, 3.1102 2.6898 6.1417, 3.1102 1.5087 4.9606, 3.1102 -2.3889 4.9606, 3.0315 -2.3889 4.9606, 3.0315 1.5087 4.9606, 2.9528 2.7684 6.4538, 2.9528 2.7964 6.5294, 2.9528 2.7785 6.5343, 2.9528 2.7778 6.5345, 2.9528 2.7656 6.4566, 2.9528 2.8456 6.4665, 2.9528 2.8382 6.491, 2.9528 2.8295 6.5034, 2.9528 2.827 6.5071, 2.9528 2.8152 6.5177, 2.9528 2.8113 6.5212, 2.9528 2.798 6.5285, 2.9528 2.8447 6.474, 2.9528 2.8401 6.486, 2.9528 2.7666 6.4562, 2.9528 2.7674 6.4555, 2.9528 2.768 6.4547, -2.9528 2.8466 6.4636, -2.9528 2.7656 6.4566, -2.9528 2.7666 6.4562, -2.9528 2.7784 6.5339, -2.9528 2.7859 6.5328, -2.9528 2.7978 6.5281, -2.9528 2.7684 6.4538, -2.9528 2.768 6.4547, -2.9528 2.7674 6.4555, -2.9528 2.8046 6.5253, -2.9528 2.8151 6.5176, -2.9528 2.8206 6.5136, -2.9528 2.8295 6.5033, -2.9528 2.8337 6.4985, -2.9528 2.8402 6.4861, -2.9528 2.8421 6.4824, -2.9528 2.8459 6.4666, -2.9528 -3.6487 6.4538, -2.9528 -3.7259 6.4665, -2.9528 -3.6767 6.5294, -2.9528 -3.6587 6.5343, -2.9528 -3.658 6.5345, -2.9528 -3.6459 6.4566, -2.9528 -3.725 6.474, -2.9528 -3.7203 6.486, -2.9528 -3.7184 6.491, -2.9528 -3.7098 6.5034, -2.9528 -3.7072 6.5071, -2.9528 -3.6954 6.5177, -2.9528 -3.6915 6.5212, -2.9528 -3.6783 6.5285, -2.9528 -3.6468 6.4562, -2.9528 -3.6476 6.4555, -2.9528 -3.6483 6.4547, 2.9528 -3.7269 6.4636, 2.9528 -3.6459 6.4566, 2.9528 -3.6468 6.4562, 2.9528 -3.6587 6.5339, 2.9528 -3.6661 6.5328, 2.9528 -3.6781 6.5281, 2.9528 -3.6487 6.4538, 2.9528 -3.6483 6.4547, 2.9528 -3.6476 6.4555, 2.9528 -3.6849 6.5253, 2.9528 -3.6954 6.5176, 2.9528 -3.7008 6.5136, 2.9528 -3.7098 6.5033, 2.9528 -3.7139 6.4985, 2.9528 -3.7204 6.4861, 2.9528 -3.7223 6.4824, 2.9528 -3.7262 6.4666, 3.0678 2.7684 0.0787, 3.0853 2.8452 0.0787, 3.0686 2.7681 0.0787, 3.1028 2.8391 0.0787, 3.0694 2.7677 0.0787, 3.1185 2.8292 0.0787, 3.07 2.767 0.0787, 3.1316 2.8161 0.0787, 3.0705 2.7663 0.0787, 3.1414 2.8005 0.0787, 3.0708 2.7655 0.0787, 3.1475 2.783 0.0787, 3.0853 2.8452 6.1052, 3.1028 2.8391 6.1052, 3.1185 2.8292 6.1052, 3.1316 2.8161 6.1052, 3.1414 2.8005 6.1052, 3.1475 2.783 6.1052, 3.0708 2.7655 6.1052, 3.0705 2.7663 6.1052, 3.07 2.767 6.1052, 3.0694 2.7677 6.1052, 3.0686 2.7681 6.1052, 3.0678 2.7684 6.1052, -3.0883 2.8445 0.0787, -3.0678 2.7684 0.0787, -3.1083 2.8362 0.0787, -3.0686 2.7681 0.0787, -3.1254 2.8231 0.0787, -3.0708 2.7655 0.0787, -3.1468 2.786 0.0787, -3.0705 2.7663 0.0787, -3.1385 2.8059 0.0787, -3.07 2.767 0.0787, -3.0694 2.7677 0.0787, -3.0883 2.8445 6.1052, -3.1083 2.8362 6.1052, -3.1254 2.8231 6.1052, -3.1385 2.8059 6.1052, -3.1468 2.786 6.1052, -3.0708 2.7655 6.1052, -3.0705 2.7663 6.1052, -3.07 2.767 6.1052, -3.0694 2.7677 6.1052, -3.0686 2.7681 6.1052, -3.0678 2.7684 6.1052, 3.0883 -3.7247 0.0787, 3.0678 -3.6487 0.0787, 3.1083 -3.7165 0.0787, 3.0686 -3.6484 0.0787, 3.1254 -3.7033 0.0787, 3.0709 -3.6449 0.0787, 3.1496 -3.6449 0.0787, 3.0708 -3.6457 0.0787, 3.1468 -3.6663 0.0787, 3.0705 -3.6466 0.0787, 3.1385 -3.6862 0.0787, 3.07 -3.6473 0.0787, 3.0694 -3.6479 0.0787, 3.0883 -3.7247 6.1052, 3.1083 -3.7165 6.1052, 3.1254 -3.7033 6.1052, 3.1385 -3.6862 6.1052, 3.1468 -3.6663 6.1052, 3.1496 -3.6449 6.1052, 3.0709 -3.6449 6.1052, 3.0708 -3.6457 6.1052, 3.0705 -3.6466 6.1052, 3.07 -3.6473 6.1052, 3.0694 -3.6479 6.1052, 3.0686 -3.6484 6.1052, 3.0678 -3.6487 6.1052, 3.0709 -2.3102 0.0787, 3.1496 -2.3102 0.0787, -3.0678 -3.6487 0.0787, -3.0853 -3.7255 0.0787, -3.0686 -3.6484 0.0787, -3.1028 -3.7193 0.0787, -3.0694 -3.6479 0.0787, -3.1185 -3.7095 0.0787, -3.07 -3.6473 0.0787, -3.1316 -3.6964 0.0787, -3.0705 -3.6466 0.0787, -3.1414 -3.6807 0.0787, -3.0708 -3.6457 0.0787, -3.1475 -3.6633 0.0787, -3.0709 -3.6449 0.0787, -3.1496 -3.6449 0.0787, -3.0853 -3.7255 6.1052, -3.1028 -3.7193 6.1052, -3.1185 -3.7095 6.1052, -3.1316 -3.6964 6.1052, -3.1414 -3.6807 6.1052, -3.1475 -3.6633 6.1052, -3.1496 -3.6449 6.1052, -3.0709 -3.6449 6.1052, -3.0708 -3.6457 6.1052, -3.0705 -3.6466 6.1052, -3.07 -3.6473 6.1052, -3.0694 -3.6479 6.1052, -3.0686 -3.6484 6.1052, -3.0678 -3.6487 6.1052, -3.0709 -2.4609 4.9213, -3.0709 -2.3102 4.9213, -3.1496 -2.4609 4.9213, -3.1496 -2.3102 4.9213, -3.1496 -2.3102 0.0787, -3.0709 -2.3102 0.0787, 3.0689 2.4929 0.158, 3.0697 2.4929 0.1586, 3.0703 2.4929 0.1595, 3.0707 2.4929 0.1604, 3.0669 2.4929 0.0787, 3.0669 2.4929 0.1575, 3.0679 2.4929 0.1576, 3.0707 2.0599 0.1604, 3.0703 2.0599 0.1595, 3.0697 2.0599 0.1586, 3.0669 2.0599 0.1575, 3.0669 2.0599 0.0787, 3.0679 2.0599 0.1576, 3.0689 2.0599 0.158, 2.7559 2.0599 0.1575, 2.7559 2.0599 0.0787, 2.7559 2.4929 0.0787, 2.7559 2.4929 0.1575, -3.0669 2.0599 0.0787, -3.0669 2.0599 0.1575, -3.0678 2.0599 0.1576, -3.0686 2.0599 0.1579, -3.0694 2.0599 0.1583, -3.07 2.0599 0.159, -3.0705 2.0599 0.1597, -3.0708 2.0599 0.1605, -3.0669 2.4929 0.1575, -3.0669 2.4929 0.0787, -3.0678 2.4929 0.1576, -3.0686 2.4929 0.1579, -3.0694 2.4929 0.1583, -3.0708 2.4929 0.1605, -3.0705 2.4929 0.1597, -3.07 2.4929 0.159, -2.7559 2.4929 0.1575, -2.7559 2.4929 0.0787, -2.7559 2.0599 0.0787, -2.7559 2.0599 0.1575, -2.638 0.4201 6.4566, -2.6176 0.4201 6.5326, -2.637 0.4201 6.4562, -2.5977 0.4201 6.5244, -2.6362 0.4201 6.4555, -2.5806 0.4201 6.5112, -2.6356 0.4201 6.4547, -2.5674 0.4201 6.4941, -2.6352 0.4201 6.4538, -2.5592 0.4201 6.4742, -2.6351 0.4201 6.4528, -2.5563 0.4201 6.4528, -2.6351 -0.3673 6.4528, -2.5563 -0.3673 6.4528, -2.6352 -0.3673 6.4538, -2.5592 -0.3673 6.4742, -2.6356 -0.3673 6.4547, -2.5674 -0.3673 6.4941, -2.6362 -0.3673 6.4555, -2.5806 -0.3673 6.5112, -2.637 -0.3673 6.4562, -2.5977 -0.3673 6.5244, -2.638 -0.3673 6.4566, -2.6176 -0.3673 6.5326, -2.6351 -0.3673 5.748, -2.5563 -0.3673 5.748, -2.5563 0.4201 5.748, -2.6351 0.4201 5.748, 2.638 -0.3673 6.4566, 2.6176 -0.3673 6.5326, 2.637 -0.3673 6.4562, 2.5977 -0.3673 6.5244, 2.6362 -0.3673 6.4555, 2.5806 -0.3673 6.5112, 2.6356 -0.3673 6.4547, 2.5674 -0.3673 6.4941, 2.6352 -0.3673 6.4538, 2.5592 -0.3673 6.4742, 2.6351 -0.3673 6.4528, 2.5563 -0.3673 6.4528, 2.6351 0.4201 6.4528, 2.5563 0.4201 6.4528, 2.6352 0.4201 6.4538, 2.5592 0.4201 6.4742, 2.6356 0.4201 6.4547, 2.5674 0.4201 6.4941, 2.6362 0.4201 6.4555, 2.5806 0.4201 6.5112, 2.637 0.4201 6.4562, 2.5977 0.4201 6.5244, 2.638 0.4201 6.4566, 2.6176 0.4201 6.5326, 2.6351 0.4201 5.748, 2.5563 0.4201 5.748, 2.5563 -0.3673 5.748, 2.6351 -0.3673 5.748
            ]
        }
        coordIndex [
            0,1,2,-1,3,4,5,-1,6,7,8,-1,8,7,9,-1,8,9,10,-1,11,12,13,-1,13,12,8,-1,13,8,14,-1,14,8,10,-1,15,16,17,-1,17,16,3,-1,18,19,20,-1,20,19,21,-1,22,23,24,-1,25,26,27,-1,28,29,30,-1,30,29,31,-1,31,24,30,-1,30,24,8,-1,30,8,32,-1,32,8,12,-1,32,12,4,-1,4,12,20,-1,4,20,5,-1,5,20,21,-1,5,21,33,-1,34,35,20,-1,20,35,36,-1,20,36,18,-1,37,38,22,-1,31,39,24,-1,24,39,40,-1,24,40,41,-1,41,42,43,-1,37,22,44,-1,44,22,24,-1,44,24,27,-1,27,24,41,-1,27,41,25,-1,25,41,43,-1,25,43,45,-1,45,43,46,-1,45,46,47,-1,48,2,49,-1,49,2,50,-1,49,50,51,-1,47,52,45,-1,45,52,53,-1,45,53,54,-1,3,5,17,-1,17,5,0,-1,17,0,54,-1,54,0,2,-1,54,2,45,-1,45,2,48,-1,45,48,55,-1,56,57,58,-1,59,60,61,-1,61,62,59,-1,59,62,63,-1,59,63,64,-1,64,65,59,-1,59,65,66,-1,59,66,67,-1,68,69,70,-1,71,72,73,-1,73,72,74,-1,73,74,59,-1,59,74,75,-1,59,75,60,-1,60,75,76,-1,60,76,77,-1,78,79,80,-1,81,82,77,-1,77,82,83,-1,77,83,84,-1,85,86,87,-1,87,86,88,-1,88,89,87,-1,87,89,68,-1,87,68,76,-1,76,68,70,-1,76,70,77,-1,77,70,90,-1,77,90,81,-1,88,91,89,-1,89,91,92,-1,89,92,93,-1,93,94,95,-1,89,96,97,-1,97,98,89,-1,89,98,99,-1,89,99,100,-1,96,89,80,-1,80,89,93,-1,80,93,78,-1,78,93,95,-1,78,95,101,-1,95,102,101,-1,101,102,103,-1,101,103,104,-1,72,105,106,-1,104,107,101,-1,101,107,108,-1,101,108,72,-1,72,108,56,-1,72,56,74,-1,74,56,58,-1,109,101,110,-1,110,101,72,-1,110,72,111,-1,111,72,106,-1,57,56,29,-1,29,56,31,-1,85,87,16,-1,16,87,3,-1,112,113,114,-1,114,115,112,-1,112,115,116,-1,112,116,117,-1,117,118,112,-1,112,118,119,-1,112,119,120,-1,121,122,123,-1,122,124,123,-1,123,124,125,-1,123,125,126,-1,127,128,123,-1,123,128,129,-1,123,129,121,-1,130,131,132,-1,132,131,133,-1,132,133,134,-1,134,135,132,-1,132,135,136,-1,132,136,137,-1,138,139,140,-1,140,139,141,-1,140,141,142,-1,143,144,140,-1,140,144,145,-1,140,145,138,-1,146,147,148,-1,148,147,149,-1,123,126,150,-1,150,126,151,-1,152,153,154,-1,154,153,155,-1,154,155,147,-1,147,155,156,-1,147,156,149,-1,146,157,147,-1,147,157,158,-1,147,158,126,-1,126,158,159,-1,126,159,151,-1,112,160,113,-1,113,160,161,-1,113,161,162,-1,162,163,113,-1,113,163,164,-1,113,164,126,-1,126,164,165,-1,126,165,147,-1,166,167,168,-1,168,167,169,-1,168,169,170,-1,171,172,164,-1,164,172,173,-1,164,173,174,-1,174,175,164,-1,164,175,176,-1,164,176,177,-1,177,176,178,-1,177,178,179,-1,163,180,164,-1,164,180,181,-1,164,181,182,-1,183,184,185,-1,168,186,166,-1,166,186,187,-1,166,187,188,-1,182,189,164,-1,164,189,190,-1,164,190,191,-1,192,193,194,-1,194,193,195,-1,194,195,196,-1,197,198,199,-1,188,200,166,-1,166,200,201,-1,166,201,202,-1,202,201,196,-1,202,196,203,-1,203,196,195,-1,203,195,204,-1,205,206,191,-1,191,206,207,-1,191,207,164,-1,164,207,168,-1,164,168,171,-1,171,168,170,-1,185,208,183,-1,183,208,209,-1,183,209,191,-1,191,209,210,-1,191,210,205,-1,204,195,199,-1,199,195,211,-1,199,211,197,-1,194,212,192,-1,192,212,213,-1,192,213,214,-1,214,213,215,-1,216,217,218,-1,219,220,221,-1,219,221,222,-1,220,223,221,-1,221,223,224,-1,221,224,120,-1,225,226,227,-1,227,226,228,-1,227,228,229,-1,230,231,232,-1,232,231,233,-1,232,233,234,-1,230,235,231,-1,231,235,236,-1,231,236,237,-1,127,238,239,-1,239,238,240,-1,239,240,241,-1,242,243,231,-1,242,231,244,-1,245,246,247,-1,243,222,231,-1,231,222,221,-1,231,221,248,-1,248,221,239,-1,248,239,227,-1,227,239,241,-1,227,241,225,-1,229,249,227,-1,227,249,250,-1,227,250,218,-1,218,250,251,-1,218,251,216,-1,252,253,254,-1,255,245,256,-1,257,258,259,-1,259,258,254,-1,259,254,260,-1,260,254,253,-1,259,261,231,-1,247,246,254,-1,254,246,262,-1,254,262,252,-1,263,264,265,-1,265,264,266,-1,265,266,267,-1,267,266,268,-1,244,231,269,-1,269,231,261,-1,269,261,270,-1,270,261,271,-1,270,271,266,-1,266,271,272,-1,266,272,268,-1,237,273,231,-1,231,273,274,-1,231,274,259,-1,259,274,275,-1,259,275,257,-1,276,277,256,-1,245,247,256,-1,256,247,278,-1,256,278,276,-1,279,280,277,-1,277,280,281,-1,277,281,256,-1,282,283,284,-1,284,283,285,-1,256,286,255,-1,255,286,285,-1,255,285,287,-1,287,285,283,-1,288,289,290,-1,291,292,142,-1,293,294,295,-1,291,142,296,-1,292,297,142,-1,142,297,298,-1,142,298,140,-1,299,300,301,-1,301,300,302,-1,301,302,303,-1,304,305,306,-1,306,305,307,-1,308,309,310,-1,132,311,130,-1,130,311,312,-1,130,312,313,-1,293,295,305,-1,305,295,314,-1,305,314,307,-1,315,305,316,-1,316,305,317,-1,308,310,318,-1,319,320,321,-1,321,320,310,-1,321,310,322,-1,322,310,309,-1,315,296,305,-1,305,296,142,-1,305,142,323,-1,323,142,130,-1,323,130,301,-1,301,130,313,-1,301,313,299,-1,303,324,301,-1,301,324,325,-1,301,325,290,-1,290,325,326,-1,290,326,288,-1,321,327,305,-1,328,329,330,-1,330,329,331,-1,330,331,332,-1,332,331,333,-1,317,305,334,-1,334,305,327,-1,334,327,335,-1,335,327,336,-1,335,336,331,-1,331,336,337,-1,331,337,333,-1,304,338,305,-1,305,338,339,-1,305,339,321,-1,321,339,340,-1,321,340,319,-1,341,342,343,-1,318,310,344,-1,344,310,341,-1,344,341,345,-1,345,341,343,-1,345,343,346,-1,346,343,347,-1,346,347,348,-1,342,349,343,-1,343,349,350,-1,343,350,351,-1,351,350,352,-1,351,352,353,-1,348,354,346,-1,346,354,355,-1,346,355,356,-1,356,355,357,-1,358,359,360,-1,361,362,363,-1,363,362,364,-1,363,364,365,-1,366,367,368,-1,369,365,370,-1,370,365,371,-1,372,361,373,-1,373,361,143,-1,137,363,374,-1,374,363,375,-1,372,376,361,-1,361,376,377,-1,361,377,362,-1,362,377,378,-1,362,379,380,-1,381,382,383,-1,383,382,384,-1,383,384,365,-1,365,384,385,-1,365,385,371,-1,369,386,365,-1,365,386,387,-1,365,387,363,-1,363,387,388,-1,363,388,375,-1,368,389,366,-1,366,389,390,-1,366,390,391,-1,378,392,362,-1,362,392,393,-1,362,393,394,-1,395,396,397,-1,380,398,362,-1,362,398,399,-1,362,399,360,-1,360,399,400,-1,360,400,358,-1,367,401,368,-1,368,401,402,-1,368,402,403,-1,404,394,405,-1,405,394,406,-1,405,406,397,-1,397,406,407,-1,397,407,395,-1,408,368,362,-1,362,368,403,-1,362,403,379,-1,404,409,394,-1,394,409,410,-1,394,410,362,-1,362,410,411,-1,362,411,408,-1,412,413,414,-1,414,413,415,-1,414,415,416,-1,391,417,366,-1,366,417,418,-1,366,418,419,-1,419,418,416,-1,419,416,420,-1,420,416,415,-1,421,422,423,-1,424,425,426,-1,426,425,427,-1,426,427,415,-1,415,427,428,-1,415,428,420,-1,421,423,414,-1,414,423,429,-1,414,429,412,-1,264,263,184,-1,184,263,185,-1,329,328,396,-1,396,328,397,-1,234,233,179,-1,179,233,177,-1,152,154,217,-1,217,154,218,-1,381,383,289,-1,289,383,290,-1,30,32,74,-1,74,32,75,-1,87,76,3,-1,3,76,4,-1,430,431,432,-1,432,431,433,-1,362,305,364,-1,364,305,323,-1,434,435,436,-1,436,435,437,-1,438,436,439,-1,439,436,437,-1,439,437,440,-1,440,437,441,-1,442,443,444,-1,445,446,447,-1,448,449,447,-1,447,449,442,-1,447,442,445,-1,445,442,444,-1,444,434,445,-1,445,434,436,-1,450,451,452,-1,452,451,453,-1,454,452,455,-1,455,452,453,-1,455,453,456,-1,456,453,457,-1,458,459,460,-1,461,462,463,-1,464,465,463,-1,463,465,458,-1,463,458,461,-1,461,458,460,-1,452,461,450,-1,450,461,460,-1,69,33,21,-1,69,21,70,-1,70,21,19,-1,70,19,90,-1,90,19,18,-1,90,18,81,-1,81,18,36,-1,81,36,82,-1,82,36,35,-1,82,35,83,-1,83,35,34,-1,83,34,84,-1,79,55,48,-1,79,48,80,-1,80,48,49,-1,80,49,96,-1,96,49,51,-1,96,51,97,-1,97,51,50,-1,97,50,98,-1,98,50,2,-1,98,2,99,-1,99,2,1,-1,99,1,100,-1,71,23,22,-1,71,22,72,-1,72,22,38,-1,72,38,105,-1,105,38,37,-1,105,37,106,-1,106,37,44,-1,106,44,111,-1,111,44,27,-1,111,27,110,-1,110,27,26,-1,110,26,109,-1,61,11,13,-1,61,13,62,-1,62,13,14,-1,62,14,63,-1,63,14,10,-1,63,10,64,-1,64,10,9,-1,64,9,65,-1,65,9,7,-1,65,7,66,-1,66,7,6,-1,66,6,67,-1,466,467,468,-1,1,468,469,-1,1,0,470,-1,469,471,1,-1,1,471,472,-1,1,472,473,-1,474,475,1,-1,1,475,476,-1,1,476,100,-1,470,477,1,-1,1,477,478,-1,1,478,468,-1,468,478,479,-1,468,479,466,-1,473,480,1,-1,1,480,481,-1,1,481,482,-1,482,483,1,-1,1,483,484,-1,1,484,474,-1,485,486,33,-1,5,33,487,-1,487,33,488,-1,489,490,486,-1,486,490,491,-1,486,491,33,-1,33,491,492,-1,33,492,488,-1,69,493,33,-1,33,493,494,-1,33,494,495,-1,495,496,33,-1,33,496,497,-1,33,497,498,-1,498,499,33,-1,33,499,500,-1,33,500,501,-1,501,502,33,-1,33,502,503,-1,33,503,485,-1,69,68,89,-1,89,100,69,-1,69,100,476,-1,69,476,493,-1,493,476,475,-1,493,475,494,-1,494,475,474,-1,494,474,495,-1,495,474,484,-1,495,484,496,-1,496,484,483,-1,496,483,497,-1,497,483,482,-1,497,482,498,-1,498,482,481,-1,498,481,499,-1,499,481,480,-1,499,480,500,-1,500,480,473,-1,500,473,501,-1,501,473,472,-1,501,472,502,-1,502,472,471,-1,502,471,503,-1,503,471,469,-1,503,469,485,-1,485,469,468,-1,485,468,486,-1,489,467,490,-1,490,467,466,-1,490,466,491,-1,491,466,479,-1,491,479,492,-1,492,479,478,-1,492,478,488,-1,488,478,477,-1,488,477,487,-1,487,477,470,-1,487,470,5,-1,5,470,0,-1,504,468,505,-1,505,468,467,-1,506,489,507,-1,507,489,486,-1,507,486,508,-1,508,486,468,-1,508,468,509,-1,509,468,504,-1,510,505,511,-1,511,505,467,-1,511,467,506,-1,506,467,489,-1,510,511,509,-1,509,511,508,-1,512,513,514,-1,6,514,515,-1,6,8,516,-1,515,517,6,-1,6,517,518,-1,6,518,519,-1,516,520,6,-1,6,520,521,-1,6,521,514,-1,514,521,522,-1,514,522,512,-1,519,523,6,-1,6,523,524,-1,6,524,525,-1,525,526,6,-1,6,526,527,-1,6,527,528,-1,528,529,6,-1,6,529,530,-1,6,530,67,-1,531,532,23,-1,533,24,23,-1,533,23,534,-1,535,536,532,-1,532,536,537,-1,532,537,23,-1,23,537,538,-1,23,538,534,-1,71,539,23,-1,23,539,540,-1,23,540,541,-1,541,542,23,-1,23,542,543,-1,23,543,544,-1,544,545,23,-1,23,545,546,-1,23,546,547,-1,547,548,23,-1,23,548,549,-1,23,549,531,-1,71,73,59,-1,59,67,71,-1,71,67,530,-1,71,530,539,-1,539,530,529,-1,539,529,540,-1,540,529,528,-1,540,528,541,-1,541,528,527,-1,541,527,542,-1,542,527,526,-1,542,526,543,-1,543,526,525,-1,543,525,544,-1,544,525,524,-1,544,524,545,-1,545,524,523,-1,545,523,546,-1,546,523,519,-1,546,519,547,-1,547,519,518,-1,547,518,548,-1,548,518,517,-1,548,517,549,-1,549,517,515,-1,549,515,531,-1,531,515,514,-1,531,514,532,-1,535,513,536,-1,536,513,512,-1,536,512,537,-1,537,512,522,-1,537,522,538,-1,538,522,521,-1,538,521,534,-1,534,521,520,-1,534,520,533,-1,533,520,516,-1,533,516,24,-1,24,516,8,-1,550,514,551,-1,551,514,513,-1,552,535,553,-1,553,535,532,-1,553,532,554,-1,554,532,514,-1,554,514,555,-1,555,514,550,-1,556,551,557,-1,557,551,513,-1,557,513,552,-1,552,513,535,-1,556,557,555,-1,555,557,554,-1,558,464,456,-1,559,560,26,-1,26,560,561,-1,26,561,109,-1,26,25,562,-1,26,456,563,-1,564,565,26,-1,26,565,566,-1,26,566,567,-1,567,568,26,-1,26,568,569,-1,26,569,559,-1,563,570,26,-1,26,570,571,-1,26,571,564,-1,562,572,26,-1,26,572,573,-1,26,573,456,-1,456,573,574,-1,456,574,558,-1,575,457,55,-1,45,55,576,-1,576,55,577,-1,79,578,55,-1,55,578,579,-1,55,579,580,-1,465,581,457,-1,457,581,582,-1,457,582,55,-1,55,582,583,-1,55,583,577,-1,580,584,55,-1,55,584,585,-1,55,585,586,-1,586,587,55,-1,55,587,588,-1,55,588,589,-1,589,590,55,-1,55,590,591,-1,55,591,575,-1,78,101,79,-1,79,101,109,-1,79,109,578,-1,109,561,578,-1,578,561,560,-1,578,560,579,-1,579,560,559,-1,579,559,580,-1,580,559,569,-1,580,569,584,-1,584,569,568,-1,584,568,585,-1,585,568,567,-1,585,567,586,-1,586,567,566,-1,586,566,587,-1,587,566,565,-1,587,565,588,-1,588,565,564,-1,588,564,589,-1,589,564,571,-1,589,571,590,-1,590,571,570,-1,590,570,591,-1,591,570,563,-1,591,563,575,-1,575,563,456,-1,575,456,457,-1,465,464,581,-1,581,464,558,-1,581,558,582,-1,582,558,574,-1,582,574,583,-1,583,574,573,-1,583,573,577,-1,577,573,572,-1,577,572,576,-1,576,572,562,-1,576,562,45,-1,45,562,25,-1,455,456,463,-1,463,456,464,-1,458,465,453,-1,453,465,457,-1,592,448,440,-1,34,440,593,-1,594,595,34,-1,34,595,596,-1,34,596,84,-1,34,20,597,-1,593,598,34,-1,34,598,599,-1,34,599,600,-1,600,601,34,-1,34,601,602,-1,34,602,603,-1,603,604,34,-1,34,604,605,-1,34,605,594,-1,597,606,34,-1,34,606,607,-1,34,607,440,-1,440,607,608,-1,440,608,592,-1,609,441,11,-1,12,11,610,-1,610,11,611,-1,61,612,11,-1,11,612,613,-1,11,613,614,-1,449,615,441,-1,441,615,616,-1,441,616,11,-1,11,616,617,-1,11,617,611,-1,614,618,11,-1,11,618,619,-1,11,619,620,-1,620,621,11,-1,11,621,622,-1,11,622,623,-1,623,624,11,-1,11,624,625,-1,11,625,609,-1,60,77,61,-1,61,77,84,-1,61,84,612,-1,84,596,612,-1,612,596,595,-1,612,595,613,-1,613,595,594,-1,613,594,614,-1,614,594,605,-1,614,605,618,-1,618,605,604,-1,618,604,619,-1,619,604,603,-1,619,603,620,-1,620,603,602,-1,620,602,621,-1,621,602,601,-1,621,601,622,-1,622,601,600,-1,622,600,623,-1,623,600,599,-1,623,599,624,-1,624,599,598,-1,624,598,625,-1,625,598,593,-1,625,593,609,-1,609,593,440,-1,609,440,441,-1,449,448,615,-1,615,448,592,-1,615,592,616,-1,616,592,608,-1,616,608,617,-1,617,608,607,-1,617,607,611,-1,611,607,606,-1,611,606,610,-1,610,606,597,-1,610,597,12,-1,12,597,20,-1,439,440,447,-1,447,440,448,-1,442,449,437,-1,437,449,441,-1,505,510,504,-1,504,510,509,-1,511,506,508,-1,508,506,507,-1,551,556,550,-1,550,556,555,-1,557,552,554,-1,554,552,553,-1,461,452,626,-1,626,452,627,-1,626,627,628,-1,628,627,629,-1,628,629,630,-1,630,629,631,-1,630,631,632,-1,632,631,633,-1,632,633,634,-1,634,633,635,-1,634,635,636,-1,636,635,637,-1,636,637,383,-1,383,637,290,-1,452,454,638,-1,452,638,627,-1,627,638,639,-1,627,639,629,-1,629,639,640,-1,629,640,631,-1,631,640,641,-1,631,641,633,-1,633,641,642,-1,633,642,635,-1,635,642,643,-1,635,643,637,-1,637,643,301,-1,637,301,290,-1,383,365,636,-1,636,365,644,-1,636,644,634,-1,634,644,645,-1,634,645,632,-1,632,645,646,-1,632,646,630,-1,630,646,647,-1,630,647,628,-1,628,647,648,-1,628,648,626,-1,626,648,649,-1,626,649,461,-1,461,649,462,-1,294,293,359,-1,359,293,360,-1,293,305,360,-1,360,305,362,-1,450,460,650,-1,650,460,651,-1,650,651,652,-1,652,651,653,-1,652,653,654,-1,218,154,655,-1,655,154,656,-1,655,656,657,-1,657,656,658,-1,657,658,659,-1,659,658,654,-1,659,654,660,-1,660,654,653,-1,451,450,650,-1,451,650,661,-1,661,650,652,-1,661,652,662,-1,662,652,654,-1,662,654,663,-1,663,654,658,-1,663,658,664,-1,664,658,656,-1,664,656,665,-1,665,656,154,-1,665,154,147,-1,227,218,666,-1,666,218,655,-1,666,655,667,-1,667,655,657,-1,667,657,668,-1,668,657,659,-1,668,659,669,-1,669,659,660,-1,669,660,670,-1,670,660,653,-1,670,653,671,-1,671,653,651,-1,671,651,459,-1,459,651,460,-1,165,164,248,-1,248,164,231,-1,164,177,231,-1,231,177,233,-1,434,444,672,-1,672,444,673,-1,672,673,674,-1,674,673,675,-1,674,675,676,-1,677,678,679,-1,679,678,680,-1,679,680,681,-1,681,680,682,-1,681,682,683,-1,683,682,676,-1,683,676,684,-1,684,676,675,-1,435,434,672,-1,435,672,685,-1,685,672,674,-1,685,674,686,-1,686,674,676,-1,686,676,687,-1,687,676,682,-1,687,682,688,-1,688,682,680,-1,688,680,689,-1,689,680,678,-1,689,678,690,-1,691,677,692,-1,692,677,679,-1,692,679,693,-1,693,679,681,-1,693,681,694,-1,694,681,683,-1,694,683,695,-1,695,683,684,-1,695,684,696,-1,696,684,675,-1,696,675,697,-1,697,675,673,-1,697,673,443,-1,443,673,444,-1,698,699,677,-1,677,699,678,-1,699,430,678,-1,678,430,432,-1,678,432,690,-1,431,698,433,-1,433,698,677,-1,433,677,691,-1,430,699,431,-1,431,699,698,-1,445,436,700,-1,700,436,701,-1,700,701,702,-1,702,701,703,-1,702,703,704,-1,704,703,705,-1,704,705,706,-1,706,705,707,-1,706,707,708,-1,708,707,709,-1,708,709,710,-1,710,709,711,-1,710,711,712,-1,712,711,713,-1,436,438,714,-1,436,714,701,-1,701,714,715,-1,701,715,703,-1,703,715,716,-1,703,716,705,-1,705,716,717,-1,705,717,707,-1,707,717,718,-1,707,718,709,-1,709,718,719,-1,709,719,711,-1,711,719,720,-1,711,720,713,-1,712,721,710,-1,710,721,722,-1,710,722,708,-1,708,722,723,-1,708,723,706,-1,706,723,724,-1,706,724,704,-1,704,724,725,-1,704,725,702,-1,702,725,726,-1,702,726,700,-1,700,726,727,-1,700,727,445,-1,445,727,446,-1,728,729,730,-1,730,729,731,-1,732,733,713,-1,713,733,712,-1,731,732,730,-1,730,732,713,-1,730,713,720,-1,733,729,712,-1,712,729,728,-1,712,728,721,-1,732,731,733,-1,733,731,729,-1,248,227,165,-1,165,227,147,-1,721,728,720,-1,720,728,730,-1,365,364,301,-1,301,364,323,-1,433,691,432,-1,432,691,690,-1,94,47,95,-1,95,47,46,-1,95,46,102,-1,102,46,43,-1,102,43,103,-1,103,43,42,-1,103,42,104,-1,104,42,41,-1,104,41,107,-1,107,41,40,-1,107,40,108,-1,108,40,39,-1,56,108,31,-1,31,108,39,-1,75,32,76,-1,76,32,4,-1,17,54,88,-1,88,54,91,-1,91,54,92,-1,92,54,53,-1,92,53,93,-1,93,53,52,-1,93,52,94,-1,94,52,47,-1,17,88,15,-1,15,88,86,-1,30,74,28,-1,28,74,58,-1,414,416,346,-1,346,416,345,-1,414,346,356,-1,414,356,421,-1,421,356,357,-1,421,357,422,-1,422,357,355,-1,422,355,423,-1,423,355,354,-1,423,354,429,-1,429,354,348,-1,429,348,412,-1,412,348,347,-1,412,347,413,-1,415,413,343,-1,343,413,347,-1,415,343,351,-1,415,351,426,-1,426,351,353,-1,426,353,424,-1,424,353,352,-1,424,352,425,-1,425,352,350,-1,425,350,427,-1,427,350,349,-1,427,349,428,-1,428,349,342,-1,428,342,420,-1,419,420,341,-1,341,420,342,-1,278,247,203,-1,203,247,202,-1,278,203,204,-1,278,204,276,-1,276,204,199,-1,276,199,277,-1,277,199,198,-1,277,198,279,-1,279,198,197,-1,279,197,280,-1,280,197,211,-1,280,211,281,-1,281,211,195,-1,281,195,256,-1,286,256,193,-1,193,256,195,-1,286,193,192,-1,286,192,285,-1,285,192,214,-1,285,214,284,-1,284,214,215,-1,284,215,282,-1,282,215,213,-1,282,213,283,-1,283,213,212,-1,283,212,287,-1,287,212,194,-1,287,194,255,-1,245,255,196,-1,196,255,194,-1,185,263,208,-1,208,263,265,-1,208,265,209,-1,209,265,267,-1,209,267,210,-1,210,267,268,-1,210,268,205,-1,205,268,272,-1,205,272,206,-1,206,272,271,-1,206,271,207,-1,207,271,261,-1,207,261,168,-1,168,261,259,-1,168,259,186,-1,186,259,260,-1,186,260,187,-1,187,260,253,-1,187,253,188,-1,188,253,252,-1,188,252,200,-1,200,252,262,-1,200,262,201,-1,201,262,246,-1,201,246,196,-1,196,246,245,-1,202,247,166,-1,166,247,254,-1,166,254,167,-1,167,254,258,-1,167,258,169,-1,169,258,257,-1,169,257,170,-1,170,257,275,-1,170,275,171,-1,171,275,274,-1,171,274,172,-1,172,274,273,-1,172,273,173,-1,173,273,237,-1,173,237,174,-1,174,237,236,-1,174,236,175,-1,175,236,235,-1,175,235,176,-1,176,235,230,-1,176,230,178,-1,178,230,232,-1,178,232,179,-1,179,232,234,-1,419,341,366,-1,366,341,310,-1,366,310,367,-1,367,310,320,-1,367,320,401,-1,401,320,319,-1,401,319,402,-1,402,319,340,-1,402,340,403,-1,403,340,339,-1,403,339,379,-1,379,339,338,-1,379,338,380,-1,380,338,304,-1,380,304,398,-1,398,304,306,-1,398,306,399,-1,399,306,307,-1,399,307,400,-1,400,307,314,-1,400,314,358,-1,358,314,295,-1,358,295,359,-1,359,295,294,-1,397,328,405,-1,405,328,330,-1,405,330,404,-1,404,330,332,-1,404,332,409,-1,409,332,333,-1,409,333,410,-1,410,333,337,-1,410,337,411,-1,411,337,336,-1,411,336,408,-1,408,336,327,-1,408,327,368,-1,368,327,321,-1,368,321,389,-1,389,321,322,-1,389,322,390,-1,390,322,309,-1,390,309,391,-1,391,309,308,-1,391,308,417,-1,417,308,318,-1,417,318,418,-1,418,318,344,-1,418,344,416,-1,416,344,345,-1,112,120,160,-1,160,120,224,-1,160,224,161,-1,161,224,223,-1,161,223,162,-1,162,223,220,-1,162,220,163,-1,163,220,219,-1,163,219,180,-1,180,219,222,-1,180,222,181,-1,181,222,243,-1,181,243,182,-1,182,243,242,-1,182,242,189,-1,189,242,244,-1,189,244,190,-1,190,244,269,-1,190,269,191,-1,191,269,270,-1,191,270,183,-1,183,270,266,-1,183,266,184,-1,184,266,264,-1,152,217,153,-1,153,217,216,-1,153,216,155,-1,155,216,251,-1,155,251,156,-1,156,251,250,-1,156,250,149,-1,149,250,249,-1,149,249,148,-1,148,249,229,-1,148,229,146,-1,146,229,228,-1,146,228,157,-1,157,228,226,-1,157,226,158,-1,158,226,225,-1,158,225,159,-1,159,225,241,-1,159,241,151,-1,151,241,240,-1,151,240,150,-1,150,240,238,-1,150,238,123,-1,123,238,127,-1,143,140,373,-1,373,140,298,-1,373,298,372,-1,372,298,297,-1,372,297,376,-1,376,297,292,-1,376,292,377,-1,377,292,291,-1,377,291,378,-1,378,291,296,-1,378,296,392,-1,392,296,315,-1,392,315,393,-1,393,315,316,-1,393,316,394,-1,394,316,317,-1,394,317,406,-1,406,317,334,-1,406,334,407,-1,407,334,335,-1,407,335,395,-1,395,335,331,-1,395,331,396,-1,396,331,329,-1,381,289,382,-1,382,289,288,-1,382,288,384,-1,384,288,326,-1,384,326,385,-1,385,326,325,-1,385,325,371,-1,371,325,324,-1,371,324,370,-1,370,324,303,-1,370,303,369,-1,369,303,302,-1,369,302,386,-1,386,302,300,-1,386,300,387,-1,387,300,299,-1,387,299,388,-1,388,299,313,-1,388,313,375,-1,375,313,312,-1,375,312,374,-1,374,312,311,-1,374,311,137,-1,137,311,132,-1,734,735,137,-1,735,736,137,-1,137,736,737,-1,137,737,363,-1,738,739,137,-1,137,739,740,-1,137,740,734,-1,361,741,143,-1,143,741,742,-1,143,742,743,-1,744,745,746,-1,746,745,143,-1,746,143,747,-1,747,143,743,-1,144,135,145,-1,145,135,134,-1,145,134,138,-1,138,134,133,-1,138,133,139,-1,139,133,131,-1,139,131,141,-1,141,131,130,-1,141,130,142,-1,745,738,143,-1,143,738,137,-1,143,137,144,-1,144,137,136,-1,144,136,135,-1,739,744,740,-1,740,744,746,-1,740,746,734,-1,734,746,747,-1,734,747,735,-1,735,747,743,-1,735,743,736,-1,736,743,742,-1,736,742,737,-1,737,742,741,-1,737,741,363,-1,363,741,361,-1,748,749,744,-1,744,749,745,-1,750,751,738,-1,738,751,739,-1,749,750,745,-1,745,750,738,-1,739,751,744,-1,744,751,748,-1,750,749,751,-1,751,749,748,-1,752,753,120,-1,120,753,754,-1,754,755,120,-1,120,755,756,-1,120,756,757,-1,757,758,120,-1,120,758,759,-1,120,759,221,-1,760,761,762,-1,762,761,127,-1,762,127,763,-1,763,127,764,-1,127,239,765,-1,765,766,127,-1,127,766,767,-1,127,767,764,-1,128,118,129,-1,129,118,117,-1,129,117,121,-1,121,117,116,-1,121,116,122,-1,122,116,115,-1,122,115,124,-1,124,115,114,-1,124,114,125,-1,125,114,113,-1,125,113,126,-1,761,752,127,-1,127,752,120,-1,127,120,128,-1,128,120,119,-1,128,119,118,-1,753,760,754,-1,754,760,762,-1,754,762,755,-1,755,762,763,-1,755,763,756,-1,756,763,764,-1,756,764,757,-1,757,764,767,-1,757,767,758,-1,758,767,766,-1,758,766,759,-1,759,766,765,-1,759,765,221,-1,221,765,239,-1,768,769,760,-1,760,769,761,-1,770,771,752,-1,752,771,753,-1,769,770,761,-1,761,770,752,-1,753,771,760,-1,760,771,768,-1,770,769,771,-1,771,769,768,-1,15,86,772,-1,772,86,773,-1,772,773,774,-1,774,773,775,-1,774,775,776,-1,776,775,777,-1,776,777,778,-1,778,777,779,-1,778,779,780,-1,780,779,781,-1,780,781,782,-1,782,781,783,-1,784,785,786,-1,786,785,787,-1,786,787,788,-1,788,787,789,-1,788,789,790,-1,790,789,791,-1,790,791,792,-1,792,791,793,-1,792,793,794,-1,794,793,795,-1,794,795,16,-1,16,795,85,-1,86,85,795,-1,86,795,773,-1,773,795,793,-1,773,793,775,-1,775,793,791,-1,775,791,777,-1,777,791,789,-1,777,789,779,-1,779,789,787,-1,779,787,781,-1,781,787,785,-1,781,785,783,-1,782,784,780,-1,780,784,786,-1,780,786,778,-1,778,786,788,-1,778,788,776,-1,776,788,790,-1,776,790,774,-1,774,790,792,-1,774,792,772,-1,772,792,794,-1,772,794,15,-1,15,794,16,-1,796,797,784,-1,784,797,785,-1,798,799,783,-1,783,799,782,-1,797,798,785,-1,785,798,783,-1,782,799,784,-1,784,799,796,-1,798,797,799,-1,799,797,796,-1,28,58,800,-1,800,58,801,-1,800,801,802,-1,802,801,803,-1,802,803,804,-1,804,803,805,-1,804,805,806,-1,806,805,807,-1,806,807,808,-1,808,807,809,-1,808,809,810,-1,810,809,811,-1,812,813,814,-1,814,813,815,-1,814,815,816,-1,816,815,817,-1,816,817,818,-1,818,817,819,-1,818,819,820,-1,820,819,821,-1,820,821,822,-1,822,821,823,-1,822,823,29,-1,29,823,57,-1,58,57,823,-1,58,823,801,-1,801,823,821,-1,801,821,803,-1,803,821,819,-1,803,819,805,-1,805,819,817,-1,805,817,807,-1,807,817,815,-1,807,815,809,-1,809,815,813,-1,809,813,811,-1,810,812,808,-1,808,812,814,-1,808,814,806,-1,806,814,816,-1,806,816,804,-1,804,816,818,-1,804,818,802,-1,802,818,820,-1,802,820,800,-1,800,820,822,-1,800,822,28,-1,28,822,29,-1,824,825,812,-1,812,825,813,-1,826,827,811,-1,811,827,810,-1,825,826,813,-1,813,826,811,-1,810,827,812,-1,812,827,824,-1,826,825,827,-1,827,825,824,-1,147,227,665,-1,665,227,666,-1,665,666,664,-1,664,666,667,-1,664,667,663,-1,458,453,459,-1,459,453,451,-1,459,451,671,-1,671,451,661,-1,671,661,670,-1,670,661,662,-1,670,662,669,-1,669,662,663,-1,669,663,668,-1,668,663,667,-1,365,301,644,-1,644,301,643,-1,644,643,645,-1,645,643,642,-1,645,642,646,-1,646,642,641,-1,646,641,647,-1,647,641,640,-1,647,640,648,-1,648,640,639,-1,648,639,649,-1,649,639,638,-1,649,638,462,-1,462,638,454,-1,462,454,463,-1,463,454,455,-1,721,720,722,-1,722,720,719,-1,722,719,723,-1,723,719,718,-1,723,718,724,-1,724,718,717,-1,724,717,725,-1,725,717,716,-1,725,716,726,-1,726,716,715,-1,726,715,727,-1,727,715,714,-1,727,714,446,-1,446,714,438,-1,446,438,447,-1,447,438,439,-1,690,691,689,-1,689,691,692,-1,689,692,688,-1,688,692,693,-1,688,693,687,-1,442,437,443,-1,443,437,435,-1,443,435,697,-1,697,435,685,-1,697,685,696,-1,696,685,686,-1,696,686,695,-1,695,686,687,-1,695,687,694,-1,694,687,693,-1,
        ]
    }
}
Shape{
    appearance Appearance {
        material  Material 	{
            diffuseColor 0.25098039215686274 0.25098039215686274 0.25098039215686274
            specularColor 0.12549019607843137 0.12549019607843137 0.12549019607843137
            ambientIntensity 0.251
            transparency 0.0
            shininess 0.5
        }
    }
    geometry IndexedFaceSet {
        ccw TRUE
        solid FALSE
        coord DEF co Coordinate {
            point [
                -2.3514 -2.6606 0.0787, -2.3514 -1.3377 0.0787, -1.5039 -1.3377 0.0787, -0.6174 -3.6449 0.0787, -0.6174 -2.6606 0.0787, -0.5884 -2.6606 0.0787, 0.5831 -0.2384 0.0787, 0.5831 -0.5888 0.0787, 0.5291 -0.5888 0.0787, 0.6359 -0.6321 0.0787, 1.0039 -1.3377 0.0787, 0.5291 -0.6321 0.0787, 0.5291 -1.3377 0.0787, 0.4342 -0.6321 0.0787, 0.4174 -1.3377 0.0787, 0.4174 -0.236 0.0787, 0.5291 -0.236 0.0787, 1.0039 -0.236 0.0787, 0.6359 -0.2384 0.0787, 0.4342 -0.5888 0.0787, -0.6174 -0.236 0.0787, -0.6174 -0.5936 0.0787, -0.7517 -0.2384 0.0787, -0.9131 -0.236 0.0787, -0.6028 -0.6321 0.0787, -0.5884 -1.3377 0.0787, -0.6174 -0.6321 0.0787, -0.6174 -1.3377 0.0787, -0.6605 -0.6321 0.0787, -0.9581 -0.6321 0.0787, -0.9131 -0.6321 0.0787, -0.9131 -1.3377 0.0787, -0.9005 -0.6321 0.0787, -0.8607 -0.5216 0.0787, -0.698 -0.5216 0.0787, -0.8045 -0.2384 0.0787, -0.9131 -0.5167 0.0787, -1.5039 -0.236 0.0787, 1.813 -2.2736 0.0787, 1.8391 -2.2536 0.0787, 3.0276 -2.6606 0.0787, 1.8591 -2.2275 0.0787, 1.6388 -2.6606 0.0787, 1.75 -2.2905 0.0787, 1.7826 -2.2862 0.0787, 1.8717 -2.1971 0.0787, 1.876 -2.1645 0.0787, 3.0276 -1.3377 0.0787, 1.8717 -2.1319 0.0787, 1.8591 -2.1015 0.0787, 1.6609 -2.2536 0.0787, 1.6409 -2.2275 0.0787, 1.6388 -2.2224 0.0787, 1.687 -2.2736 0.0787, 1.7174 -2.2862 0.0787, 1.75 -2.0386 0.0787, 1.7174 -2.0428 0.0787, 1.6388 -1.3377 0.0787, 1.687 -2.0554 0.0787, 1.6609 -2.0755 0.0787, 1.8391 -2.0755 0.0787, 1.813 -2.0554 0.0787, 1.7826 -2.0428 0.0787, 1.6283 -2.1971 0.0787, 1.4961 -2.6606 0.0787, 1.624 -2.1645 0.0787, 1.6409 -2.1015 0.0787, 1.6388 -2.1067 0.0787, 1.4961 -1.3377 0.0787, 1.6283 -2.1319 0.0787, -1.9488 -0.2232 0.0787, -1.8265 -0.1294 0.0787, -1.7327 -0.0071 0.0787, -1.6737 0.1354 0.0787, -1.6535 0.2882 0.0787, -1.5039 1.8236 0.0787, -1.6737 0.4411 0.0787, -1.7327 0.5835 0.0787, -2.2441 0.8788 0.0787, -2.3514 1.8236 0.0787, -2.0912 0.8586 0.0787, -1.8265 0.7058 0.0787, -1.9488 0.7996 0.0787, -2.3969 -0.2822 0.0787, -2.3514 -0.2882 0.0787, -2.2441 -0.3023 0.0787, -2.0912 -0.2822 0.0787, -1.9796 -0.236 0.0787, -2.7555 -0.0071 0.0787, -2.6617 -0.1294 0.0787, -3.0276 -0.236 0.0787, -2.5394 -0.2232 0.0787, -2.5086 -0.236 0.0787, -3.0276 -1.3377 0.0787, -2.6617 0.7058 0.0787, -2.7555 0.5835 0.0787, -3.0276 1.8236 0.0787, -2.3514 0.8646 0.0787, -2.3969 0.8586 0.0787, -2.5394 0.7996 0.0787, -2.8145 0.4411 0.0787, -2.8346 0.2882 0.0787, -2.8145 0.1354 0.0787, 2.5086 -0.236 0.0787, 3.0276 -0.236 0.0787, 2.3969 -0.2822 0.0787, 2.2441 -0.3023 0.0787, 2.0912 -0.2822 0.0787, 1.9796 -0.236 0.0787, 2.3969 0.8586 0.0787, 2.2441 0.8788 0.0787, 1.6388 1.8236 0.0787, 2.5394 -0.2232 0.0787, 2.6617 -0.1294 0.0787, 2.7555 -0.0071 0.0787, 2.7555 0.5835 0.0787, 2.6617 0.7058 0.0787, 3.0276 1.8236 0.0787, 2.5394 0.7996 0.0787, 2.0912 0.8586 0.0787, 1.9488 0.7996 0.0787, 1.8265 0.7058 0.0787, 1.7327 0.5835 0.0787, 1.6737 0.4411 0.0787, 1.6535 0.2882 0.0787, 2.8145 0.1354 0.0787, 2.8346 0.2882 0.0787, 2.8145 0.4411 0.0787, 1.6388 -0.236 0.0787, 1.9488 -0.2232 0.0787, 1.8265 -0.1294 0.0787, 1.6737 0.1354 0.0787, 1.7327 -0.0071 0.0787, 3.0288 2.7102 0.0787, 3.0315 2.6898 0.0787, 3.0276 2.6898 0.0787, 2.5591 2.6504 0.0787, 1.6388 2.7646 0.0787, 2.9528 2.7646 0.0787, 3.0084 2.7455 0.0787, 3.0209 2.7292 0.0787, 3.0276 2.6504 0.0787, 2.5591 1.9024 0.0787, 3.0276 1.9024 0.0787, 2.9528 2.7685 0.0787, 2.9731 2.7658 0.0787, 2.9921 2.758 0.0787, 1.4961 1.8236 0.0787, 1.4961 2.7646 0.0787, 1.0039 1.8236 0.0787, 1.0039 2.7646 0.0787, 0.5291 1.8236 0.0787, 0.5291 2.7646 0.0787, 0.4174 1.8236 0.0787, 0.4174 2.7646 0.0787, 0.1198 1.8236 0.0787, 0.1198 2.7646 0.0787, 0.0693 1.8236 0.0787, 0.0693 2.7646 0.0787, -0.475 1.8236 0.0787, -0.475 2.7646 0.0787, -0.5884 1.8236 0.0787, -0.5884 2.7646 0.0787, -0.6174 1.8236 0.0787, -0.6174 2.7646 0.0787, -0.9131 1.8236 0.0787, -0.9131 2.7646 0.0787, -1.5039 2.7646 0.0787, -2.3514 2.7646 0.0787, -2.5591 2.6504 0.0787, -3.0276 2.6504 0.0787, -3.0276 2.6898 0.0787, -3.0276 1.9024 0.0787, -2.5591 1.9024 0.0787, -2.9528 2.7646 0.0787, -3.0288 2.7102 0.0787, -3.0209 2.7292 0.0787, -3.0084 2.7455 0.0787, -3.0315 2.6898 0.0787, -2.9921 2.758 0.0787, -2.9731 2.7658 0.0787, -2.9528 2.7685 0.0787, -3.0276 -2.6606 0.0787, -3.0276 -3.5701 0.0787, -2.3514 -3.6449 0.0787, -2.9528 -3.6449 0.0787, -2.9528 -3.6488 0.0787, -2.9731 -3.6461 0.0787, -2.9921 -3.6382 0.0787, -3.0084 -3.6257 0.0787, -3.0315 -3.5701 0.0787, -3.0288 -3.5904 0.0787, -3.0209 -3.6094 0.0787, -1.6665 -3.0653 0.0787, -1.6909 -3.0465 0.0787, -1.5039 -2.6606 0.0787, -1.7194 -3.0347 0.0787, -1.75 -3.0307 0.0787, -1.7806 -3.0347 0.0787, -1.8091 -3.0465 0.0787, -1.8335 -3.0653 0.0787, -1.8523 -3.0897 0.0787, -1.7194 -3.2629 0.0787, -1.6909 -3.2511 0.0787, -1.5039 -3.6449 0.0787, -1.6665 -3.2323 0.0787, -1.6319 -3.1488 0.0787, -1.6359 -3.1182 0.0787, -1.6477 -3.0897 0.0787, -1.8523 -3.2078 0.0787, -1.8335 -3.2323 0.0787, -1.8091 -3.2511 0.0787, -1.7806 -3.2629 0.0787, -1.75 -3.2669 0.0787, -1.6477 -3.2078 0.0787, -1.6359 -3.1794 0.0787, -1.8641 -3.1182 0.0787, -1.8681 -3.1488 0.0787, -1.8641 -3.1794 0.0787, -0.9131 -2.6606 0.0787, -0.75 -3.0307 0.0787, -0.6477 -3.0897 0.0787, -0.6665 -3.0653 0.0787, -0.7806 -3.0347 0.0787, -0.8091 -3.0465 0.0787, -0.8335 -3.0653 0.0787, -0.6909 -3.0465 0.0787, -0.7194 -3.0347 0.0787, -0.8523 -3.0897 0.0787, -0.8641 -3.1182 0.0787, -0.8681 -3.1488 0.0787, -0.8641 -3.1794 0.0787, -0.8523 -3.2078 0.0787, -0.9131 -3.6449 0.0787, -0.8335 -3.2323 0.0787, -0.7194 -3.2629 0.0787, -0.6909 -3.2511 0.0787, -0.6665 -3.2323 0.0787, -0.6477 -3.2078 0.0787, -0.6359 -3.1794 0.0787, -0.6319 -3.1488 0.0787, -0.6359 -3.1182 0.0787, -0.8091 -3.2511 0.0787, -0.7806 -3.2629 0.0787, -0.75 -3.2669 0.0787, 0.3091 -3.2511 0.0787, 0.3335 -3.2323 0.0787, 0.4174 -3.6449 0.0787, 0.2194 -3.0347 0.0787, 0.1909 -3.0465 0.0787, 0.1198 -2.6606 0.0787, 0.1665 -3.0653 0.0787, 0.1477 -3.0897 0.0787, 0.1359 -3.1182 0.0787, 0.1319 -3.1488 0.0787, 0.1359 -3.1794 0.0787, 0.1477 -3.2078 0.0787, 0.1198 -3.6449 0.0787, 0.1665 -3.2323 0.0787, 0.1909 -3.2511 0.0787, 0.2194 -3.2629 0.0787, 0.25 -3.2669 0.0787, 0.2806 -3.2629 0.0787, 0.3335 -3.0653 0.0787, 0.3091 -3.0465 0.0787, 0.4174 -2.6606 0.0787, 0.2806 -3.0347 0.0787, 0.25 -3.0307 0.0787, -0.5884 -3.6449 0.0787, -0.475 -2.6606 0.0787, -0.475 -3.6449 0.0787, 0.0693 -2.6606 0.0787, 0.0693 -3.6449 0.0787, 0.3523 -3.2078 0.0787, 0.3641 -3.1794 0.0787, 0.3681 -3.1488 0.0787, 0.3641 -3.1182 0.0787, 0.3523 -3.0897 0.0787, 0.5291 -2.6606 0.0787, 0.5291 -3.6449 0.0787, 1.0039 -2.6606 0.0787, 1.0039 -3.6449 0.0787, 1.1665 -3.2323 0.0787, 1.1909 -3.2511 0.0787, 1.2194 -3.0347 0.0787, 1.25 -3.0307 0.0787, 1.2806 -3.0347 0.0787, 1.3091 -3.0465 0.0787, 1.3091 -3.2511 0.0787, 1.3335 -3.2323 0.0787, 1.4961 -3.6449 0.0787, 1.3681 -3.1488 0.0787, 1.3641 -3.1182 0.0787, 1.1909 -3.0465 0.0787, 1.1665 -3.0653 0.0787, 1.1477 -3.0897 0.0787, 1.1477 -3.2078 0.0787, 1.3523 -3.2078 0.0787, 1.3641 -3.1794 0.0787, 1.3523 -3.0897 0.0787, 1.3335 -3.0653 0.0787, 1.1359 -3.1182 0.0787, 1.1319 -3.1488 0.0787, 1.1359 -3.1794 0.0787, 1.2194 -3.2629 0.0787, 1.25 -3.2669 0.0787, 1.2806 -3.2629 0.0787, 3.0276 -3.5701 0.0787, 3.0315 -3.5701 0.0787, 3.0288 -3.5904 0.0787, 3.0209 -3.6094 0.0787, 3.0084 -3.6257 0.0787, 2.9921 -3.6382 0.0787, 2.9731 -3.6461 0.0787, 1.6388 -3.6449 0.0787, 2.9528 -3.6449 0.0787, 2.9528 -3.6488 0.0787, -0.2571 -0.6321 0.0787, 0.0693 -1.3377 0.0787, -0.3642 -0.6321 0.0787, -0.475 -1.3377 0.0787, -0.4129 -0.6278 0.0787, -0.4583 -0.6143 0.0787, -0.0219 -0.2816 0.0787, -0.0219 -0.4112 0.0787, -0.1707 -0.2816 0.0787, -0.1611 -0.4112 0.0787, 0.0693 -0.236 0.0787, -0.2571 -0.2384 0.0787, -0.475 -0.236 0.0787, -0.3683 -0.2384 0.0787, -0.4251 -0.2444 0.0787, 0.0309 -0.6321 0.0787, 0.0309 -0.2384 0.0787, -0.1707 -0.2384 0.0787, -0.1611 -0.4544 0.0787, -0.1803 -0.6321 0.0787, -0.1803 -0.5888 0.0787, -0.0219 -0.5888 0.0787, -0.0219 -0.4544 0.0787, -0.5685 -0.4829 0.0787, -0.5544 -0.5242 0.0787, -0.5145 -0.2897 0.0787, -0.5423 -0.3206 0.0787, -0.5884 -0.236 0.0787, -0.5318 -0.5594 0.0787, -0.4994 -0.5904 0.0787, -0.475 -0.6046 0.0787, -0.4712 -0.2606 0.0787, -0.475 -0.2632 0.0787, -0.514 -0.2893 0.0787, -0.5606 -0.3544 0.0787, -0.5712 -0.3932 0.0787, -0.574 -0.4303 0.0787, 0.1077 -0.6117 0.0787, 0.1077 -0.5684 0.0787, 0.1077 -0.302 0.0787, 0.1148 -0.5724 0.0787, 0.1198 -0.2968 0.0787, 0.1198 -0.5742 0.0787, 0.1565 -0.5879 0.0787, 0.3459 -0.4088 0.0787, 0.2387 -0.2811 0.0787, 0.2682 -0.2918 0.0787, 0.1521 -0.283 0.0787, 0.1999 -0.2768 0.0787, 0.3478 -0.4394 0.0787, 0.3438 -0.482 0.0787, 0.3331 -0.5159 0.0787, 0.3168 -0.5432 0.0787, 0.2984 -0.5627 0.0787, 0.2742 -0.579 0.0787, 0.2954 -0.31 0.0787, 0.3192 -0.3362 0.0787, 0.3354 -0.3666 0.0787, 0.2455 -0.5895 0.0787, 0.2088 -0.5937 0.0787, 0.1656 -0.236 0.0787, 0.1533 -0.2368 0.0787, 0.1198 -0.236 0.0787, 0.1198 -0.2459 0.0787, 0.1077 -0.2492 0.0787, 0.1198 -1.3377 0.0787, 0.1198 -0.6166 0.0787, 0.1497 -0.6289 0.0787, 0.3027 -0.6187 0.0787, 0.3344 -0.5985 0.0787, 0.364 -0.5673 0.0787, 0.385 -0.5299 0.0787, 0.3798 -0.3421 0.0787, 0.3568 -0.3052 0.0787, 0.3212 -0.2711 0.0787, 0.2838 -0.2495 0.0787, 0.2399 -0.2368 0.0787, 0.2298 -0.236 0.0787, 0.2053 -0.6367 0.0787, 0.2161 -0.6369 0.0787, 0.2646 -0.6318 0.0787, 0.3968 -0.4882 0.0787, 0.4006 -0.4426 0.0787, 0.395 -0.3867 0.0787, -1.2826 -2.0428 0.0787, -1.313 -2.0554 0.0787, -1.1283 -2.1971 0.0787, -1.124 -2.1645 0.0787, -1.1283 -2.1319 0.0787, -1.1409 -2.1015 0.0787, -1.1609 -2.0755 0.0787, -1.187 -2.0554 0.0787, -1.2174 -2.0428 0.0787, -1.25 -2.0386 0.0787, -1.3391 -2.0755 0.0787, -1.3591 -2.1015 0.0787, -1.3717 -2.1319 0.0787, -1.376 -2.1645 0.0787, -1.3717 -2.1971 0.0787, -1.3591 -2.2275 0.0787, -1.3391 -2.2536 0.0787, -1.313 -2.2736 0.0787, -1.187 -2.2736 0.0787, -1.1609 -2.2536 0.0787, -1.1409 -2.2275 0.0787, -1.2826 -2.2862 0.0787, -1.25 -2.2905 0.0787, -1.2174 -2.2862 0.0787, -0.187 -2.2736 0.0787, -0.1609 -2.2536 0.0787, -0.2826 -2.0428 0.0787, -0.313 -2.0554 0.0787, -0.376 -2.1645 0.0787, -0.3717 -2.1971 0.0787, -0.1409 -2.2275 0.0787, -0.1283 -2.1971 0.0787, -0.124 -2.1645 0.0787, -0.3391 -2.0755 0.0787, -0.3591 -2.1015 0.0787, -0.3717 -2.1319 0.0787, -0.1283 -2.1319 0.0787, -0.1409 -2.1015 0.0787, -0.1609 -2.0755 0.0787, -0.187 -2.0554 0.0787, -0.2174 -2.0428 0.0787, -0.25 -2.0386 0.0787, -0.3591 -2.2275 0.0787, -0.3391 -2.2536 0.0787, -0.313 -2.2736 0.0787, -0.2826 -2.2862 0.0787, -0.25 -2.2905 0.0787, -0.2174 -2.2862 0.0787, 0.75 -2.0386 0.0787, 0.7174 -2.0428 0.0787, 0.687 -2.0554 0.0787, 0.6609 -2.0755 0.0787, 0.6409 -2.1015 0.0787, 0.6283 -2.1319 0.0787, 0.624 -2.1645 0.0787, 0.813 -2.2736 0.0787, 0.8391 -2.2536 0.0787, 0.7826 -2.0428 0.0787, 0.813 -2.0554 0.0787, 0.6283 -2.1971 0.0787, 0.6409 -2.2275 0.0787, 0.6609 -2.2536 0.0787, 0.687 -2.2736 0.0787, 0.7174 -2.2862 0.0787, 0.75 -2.2905 0.0787, 0.7826 -2.2862 0.0787, 0.8591 -2.2275 0.0787, 0.8717 -2.1971 0.0787, 0.876 -2.1645 0.0787, 0.8717 -2.1319 0.0787, 0.8591 -2.1015 0.0787, 0.8391 -2.0755 0.0787, 1.4961 -0.236 0.0787, 0.2004 -0.2336 0.0787, -2.7532 -1.2848 5.0412, -2.7532 -1.2848 6.4567, -2.1246 -1.2848 6.4567, -2.1246 -1.2848 5.0412, -2.7532 -1.2848 1.7323, -2.1246 -1.2848 1.7323, -1.2598 -1.2848 3.4098, -1.1811 -1.2848 1.7323, -1.4961 -1.2848 3.4098, -1.4961 -1.2848 3.6256, -1.2598 -1.2848 3.6256, -1.1811 -1.2848 5.0412, -0.7874 -1.2848 5.0412, -0.8661 -1.2848 3.6256, -1.1024 -1.2848 3.6256, -1.1024 -1.2848 3.4098, -0.8661 -1.2848 3.4098, -0.7874 -1.2848 1.7323, -0.3937 -1.2848 5.0412, -0.4724 -1.2848 3.6256, -0.7087 -1.2848 3.6256, -0.7087 -1.2848 3.4098, -0.4724 -1.2848 3.4098, -0.3937 -1.2848 1.7323, 0.0 -1.2848 5.0412, -0.0787 -1.2848 3.6256, -0.315 -1.2848 3.6256, -0.315 -1.2848 3.4098, -0.0787 -1.2848 3.4098, 0.0 -1.2848 1.7323, 0.3937 -1.2848 5.0412, 0.315 -1.2848 3.6256, 0.0787 -1.2848 3.6256, 0.0787 -1.2848 3.4098, 0.315 -1.2848 3.4098, 0.3937 -1.2848 1.7323, 0.7874 -1.2848 5.0412, 0.7087 -1.2848 3.6256, 0.4724 -1.2848 3.6256, 0.4724 -1.2848 3.4098, 0.7087 -1.2848 3.4098, 0.7874 -1.2848 1.7323, 1.1811 -1.2848 5.0412, 1.1024 -1.2848 3.6256, 0.8661 -1.2848 3.6256, 0.8661 -1.2848 3.4098, 1.1024 -1.2848 3.4098, 1.1811 -1.2848 1.7323, 1.2598 -1.2848 3.6256, 1.2598 -1.2848 3.4098, 1.4961 -1.2848 3.6256, 2.7532 -1.2848 5.0412, 1.4961 -1.2848 3.4098, 2.7532 -1.2848 1.7323, -1.1811 -1.2848 6.4567, -0.7874 -1.2848 6.4567, -0.3937 -1.2848 6.4567, 0.0 -1.2848 6.4567, 0.3937 -1.2848 6.4567, 0.7874 -1.2848 6.4567, 1.1811 -1.2848 6.4567, 2.7532 -1.2848 6.4567, 2.7532 -0.7362 1.7323, 1.1811 -0.7362 1.7323, 1.3601 1.3376 1.7323, 1.3601 2.0087 1.7323, 1.1811 2.0087 1.7323, 1.1024 -0.0465 1.7323, 1.1024 -0.1876 1.7323, 0.799 2.6921 1.7323, 0.7874 2.6921 1.7323, 0.799 2.0087 1.7323, 0.7874 -0.7362 1.7323, 0.8661 -0.1876 1.7323, 0.8661 -0.0465 1.7323, 1.2598 -0.0465 1.7323, 2.7532 1.3376 1.7323, 1.4961 -0.0465 1.7323, 1.4961 -0.1876 1.7323, 1.2598 -0.1876 1.7323, -2.7532 1.3376 1.7323, -2.7532 -0.7362 1.7323, -2.1246 -0.7362 1.7323, -1.1811 2.0087 1.7323, -1.3601 2.0087 1.7323, -1.3601 1.3376 1.7323, -1.2598 -0.0465 1.7323, -1.2598 -0.1876 1.7323, -1.1811 -0.7362 1.7323, -1.4961 -0.1876 1.7323, -1.4961 -0.0465 1.7323, -2.1246 1.3376 1.7323, -0.7874 2.6921 1.7323, -0.799 2.6921 1.7323, -0.799 2.0087 1.7323, -0.8661 -0.0465 1.7323, -0.8661 -0.1876 1.7323, -0.7874 -0.7362 1.7323, -1.1024 -0.1876 1.7323, -1.1024 -0.0465 1.7323, 0.4724 -0.0465 1.7323, 0.3937 2.6921 1.7323, 0.3937 -0.7362 1.7323, 0.7087 -0.0465 1.7323, 0.7087 -0.1876 1.7323, 0.4724 -0.1876 1.7323, 0.0787 -0.0465 1.7323, 0.0 2.6921 1.7323, 0.0 -0.7362 1.7323, 0.315 -0.0465 1.7323, 0.315 -0.1876 1.7323, 0.0787 -0.1876 1.7323, -0.315 -0.0465 1.7323, -0.3937 2.6921 1.7323, -0.3937 -0.7362 1.7323, -0.0787 -0.0465 1.7323, -0.0787 -0.1876 1.7323, -0.315 -0.1876 1.7323, -0.7087 -0.0465 1.7323, -0.4724 -0.0465 1.7323, -0.4724 -0.1876 1.7323, -0.7087 -0.1876 1.7323, -2.0866 -0.281 -0.1181, -2.0866 -0.281 -0.748, -1.9488 -0.2232 -0.748, -2.4016 0.8574 -0.1181, -2.4016 0.8574 -0.748, -2.5394 0.7996 -0.748, -2.3969 0.8586 -0.1181, -2.2441 0.8788 -0.1181, -2.0866 0.8574 -0.1181, -2.0912 0.8586 -0.1181, -2.0912 -0.2822 -0.1181, -2.2441 -0.3023 -0.1181, -2.3969 -0.2822 -0.1181, -2.4016 -0.281 -0.1181, -2.6617 0.7058 -0.748, -2.7555 0.5835 -0.748, -2.8145 0.4411 -0.748, -2.8346 0.2882 -0.748, -2.8145 0.1354 -0.748, -2.7555 -0.0071 -0.748, -2.6617 -0.1294 -0.748, -2.5394 -0.2232 -0.748, -2.4016 -0.281 -0.748, -1.8265 -0.1294 -0.748, -1.7327 -0.0071 -0.748, -1.6737 0.1354 -0.748, -1.6535 0.2882 -0.748, -1.6737 0.4411 -0.748, -1.7327 0.5835 -0.748, -1.8265 0.7058 -0.748, -1.9488 0.7996 -0.748, -2.0866 0.8574 -0.748, -1.9783 0.8156 -1.2205, -2.0866 0.8574 -1.2205, -2.0866 0.9387 -0.748, -1.9429 -0.3095 -0.748, -2.0866 -0.3623 -0.748, -2.0866 -0.281 -1.2205, -1.9783 -0.2391 -1.2205, -1.8582 -0.1588 -1.2205, -1.8067 -0.2184 -0.748, -1.7612 -0.0517 -1.2205, -1.6968 -0.097 -0.748, -1.6931 0.0758 -1.2205, -1.6196 0.0474 -0.748, -1.658 0.216 -1.2205, -1.5798 0.2063 -0.748, -1.658 0.3605 -1.2205, -1.5798 0.3701 -0.748, -1.6931 0.5007 -1.2205, -1.6196 0.529 -0.748, -1.7612 0.6281 -1.2205, -1.6968 0.6734 -0.748, -1.8582 0.7352 -1.2205, -1.8067 0.7948 -0.748, -1.9429 0.8859 -0.748, -2.5453 0.8859 -0.748, -2.4016 0.9387 -0.748, -2.4016 0.8574 -1.2205, -2.5099 -0.2391 -1.2205, -2.4016 -0.281 -1.2205, -2.4016 -0.3623 -0.748, -2.5099 0.8156 -1.2205, -2.63 0.7352 -1.2205, -2.6815 0.7948 -0.748, -2.727 0.6281 -1.2205, -2.7914 0.6734 -0.748, -2.7951 0.5007 -1.2205, -2.8686 0.529 -0.748, -2.8302 0.3605 -1.2205, -2.9084 0.3701 -0.748, -2.8302 0.216 -1.2205, -2.9084 0.2063 -0.748, -2.7951 0.0758 -1.2205, -2.8686 0.0474 -0.748, -2.727 -0.0517 -1.2205, -2.7914 -0.097 -0.748, -2.63 -0.1588 -1.2205, -2.6815 -0.2184 -0.748, -2.5453 -0.3095 -0.748, 1.9429 0.8859 -0.748, 2.0866 0.9387 -0.748, 2.0866 0.8574 -1.2205, 1.9783 -0.2391 -1.2205, 2.0866 -0.281 -1.2205, 2.0866 -0.3623 -0.748, 1.9783 0.8156 -1.2205, 1.8582 0.7352 -1.2205, 1.8067 0.7948 -0.748, 1.7612 0.6281 -1.2205, 1.6968 0.6734 -0.748, 1.6931 0.5007 -1.2205, 1.6196 0.529 -0.748, 1.658 0.3605 -1.2205, 1.5798 0.3701 -0.748, 1.658 0.216 -1.2205, 1.5798 0.2063 -0.748, 1.6931 0.0758 -1.2205, 1.6196 0.0474 -0.748, 1.7612 -0.0517 -1.2205, 1.6968 -0.097 -0.748, 1.8582 -0.1588 -1.2205, 1.8067 -0.2184 -0.748, 1.9429 -0.3095 -0.748, 2.0866 0.8574 -0.748, 1.9488 0.7996 -0.748, 1.8265 0.7058 -0.748, 1.7327 0.5835 -0.748, 1.6737 0.4411 -0.748, 1.6535 0.2882 -0.748, 2.0866 -0.281 -0.748, 1.9488 -0.2232 -0.748, 1.8265 -0.1294 -0.748, 1.7327 -0.0071 -0.748, 1.6737 0.1354 -0.748, 3.0276 2.6898 6.4567, 3.0315 2.6898 6.4567, 3.0288 2.7102 6.4567, 3.0276 -3.5701 6.4567, 2.9528 -3.6449 6.4567, 2.9528 -3.6488 6.4567, 2.9731 -3.6461 6.4567, 2.9921 -3.6382 6.4567, 3.0084 -3.6257 6.4567, 3.0209 -3.6094 6.4567, 3.0288 -3.5904 6.4567, 3.0315 -3.5701 6.4567, -3.0276 -3.5701 6.4567, -3.0315 -3.5701 6.4567, -3.0288 -3.5904 6.4567, -3.0209 -3.6094 6.4567, -2.9528 -3.6449 6.4567, -3.0084 -3.6257 6.4567, -3.0288 2.7102 6.4567, -3.0315 2.6898 6.4567, -3.0276 2.6898 6.4567, -2.9528 2.7646 6.4567, -2.9528 2.7685 6.4567, -2.9731 2.7658 6.4567, -2.9921 -3.6382 6.4567, -2.9731 -3.6461 6.4567, -2.9528 -3.6488 6.4567, -2.7532 1.3376 6.4567, -1.3601 1.3376 6.4567, -1.3601 2.0087 6.4567, -0.799 2.0087 6.4567, -0.799 2.6921 6.4567, -2.9921 2.758 6.4567, -3.0084 2.7455 6.4567, -3.0209 2.7292 6.4567, 2.9528 2.7646 6.4567, 0.799 2.6921 6.4567, 0.799 2.0087 6.4567, 3.0209 2.7292 6.4567, 3.0084 2.7455 6.4567, 2.9921 2.758 6.4567, 2.9731 2.7658 6.4567, 1.3601 2.0087 6.4567, 1.3601 1.3376 6.4567, 2.7532 1.3376 6.4567, 2.9528 2.7685 6.4567, 3.0276 1.9024 0.2756, 3.0276 2.6504 0.2756, -3.0276 2.6504 0.2756, -3.0276 1.9024 0.2756, 2.4016 -0.281 -0.1181, 2.4016 -0.281 -0.748, 2.5394 -0.2232 -0.748, 2.0866 0.8574 -0.1181, 2.0912 0.8586 -0.1181, 2.2441 0.8788 -0.1181, 2.4016 0.8574 -0.1181, 2.3969 0.8586 -0.1181, 2.3969 -0.2822 -0.1181, 2.2441 -0.3023 -0.1181, 2.0912 -0.2822 -0.1181, 2.0866 -0.281 -0.1181, 2.6617 -0.1294 -0.748, 2.7555 -0.0071 -0.748, 2.8145 0.1354 -0.748, 2.8346 0.2882 -0.748, 2.8145 0.4411 -0.748, 2.7555 0.5835 -0.748, 2.6617 0.7058 -0.748, 2.5394 0.7996 -0.748, 2.4016 0.8574 -0.748, 2.5099 0.8156 -1.2205, 2.4016 0.8574 -1.2205, 2.4016 0.9387 -0.748, 2.5453 -0.3095 -0.748, 2.4016 -0.3623 -0.748, 2.4016 -0.281 -1.2205, 2.5099 -0.2391 -1.2205, 2.63 -0.1588 -1.2205, 2.6815 -0.2184 -0.748, 2.727 -0.0517 -1.2205, 2.7914 -0.097 -0.748, 2.7951 0.0758 -1.2205, 2.8686 0.0474 -0.748, 2.8302 0.216 -1.2205, 2.9084 0.2063 -0.748, 2.8302 0.3605 -1.2205, 2.9084 0.3701 -0.748, 2.7951 0.5007 -1.2205, 2.8686 0.529 -0.748, 2.727 0.6281 -1.2205, 2.7914 0.6734 -0.748, 2.63 0.7352 -1.2205, 2.6815 0.7948 -0.748, 2.5453 0.8859 -0.748, -2.5591 2.6504 0.2756, -2.5591 1.9024 0.2756, 2.5591 1.9024 0.2756, 2.5591 2.6504 0.2756
            ]
        }
        coordIndex [
            0,1,2,-1,3,4,5,-1,6,7,8,-1,9,10,11,-1,11,10,12,-1,11,12,13,-1,13,12,14,-1,13,14,15,-1,16,17,18,-1,18,6,16,-1,16,6,8,-1,16,8,15,-1,15,8,19,-1,15,19,13,-1,20,21,22,-1,20,22,23,-1,24,25,26,-1,26,25,27,-1,26,27,28,-1,29,30,31,-1,31,30,32,-1,33,34,32,-1,32,34,28,-1,32,28,31,-1,31,28,27,-1,22,35,23,-1,23,35,36,-1,23,36,37,-1,37,36,29,-1,37,29,2,-1,2,29,31,-1,38,39,40,-1,40,39,41,-1,42,43,44,-1,41,45,40,-1,40,45,46,-1,40,46,47,-1,47,46,48,-1,47,48,49,-1,50,42,51,-1,51,42,52,-1,50,53,42,-1,42,53,54,-1,42,54,43,-1,55,56,57,-1,57,56,58,-1,57,58,59,-1,49,60,47,-1,47,60,61,-1,47,61,57,-1,57,61,62,-1,57,62,55,-1,52,42,63,-1,63,42,64,-1,63,64,65,-1,59,66,57,-1,57,66,67,-1,57,67,68,-1,68,67,69,-1,68,69,65,-1,37,70,71,-1,71,72,37,-1,37,72,73,-1,37,73,74,-1,75,76,77,-1,78,79,80,-1,80,79,75,-1,77,81,75,-1,75,81,82,-1,75,82,80,-1,83,84,1,-1,1,84,85,-1,1,85,2,-1,2,85,86,-1,2,86,37,-1,37,86,87,-1,37,87,70,-1,88,89,90,-1,89,91,90,-1,90,91,92,-1,90,92,93,-1,94,95,96,-1,78,97,79,-1,79,97,98,-1,79,98,96,-1,96,98,99,-1,96,99,94,-1,95,100,96,-1,96,100,101,-1,96,101,90,-1,90,101,102,-1,90,102,88,-1,103,104,105,-1,105,104,47,-1,105,47,106,-1,106,47,57,-1,106,57,107,-1,107,57,108,-1,109,110,111,-1,103,112,104,-1,104,112,113,-1,104,113,114,-1,115,116,117,-1,117,116,118,-1,117,118,109,-1,110,119,111,-1,111,119,120,-1,111,120,121,-1,121,122,111,-1,111,122,123,-1,111,123,124,-1,114,125,104,-1,104,125,126,-1,104,126,117,-1,117,126,127,-1,117,127,115,-1,108,128,129,-1,129,128,130,-1,124,131,128,-1,128,131,132,-1,128,132,130,-1,133,134,135,-1,136,137,138,-1,139,140,138,-1,138,140,133,-1,133,135,138,-1,138,135,141,-1,138,141,136,-1,136,142,111,-1,109,111,117,-1,117,111,142,-1,117,142,143,-1,144,145,138,-1,138,145,146,-1,138,146,139,-1,136,111,137,-1,137,111,147,-1,137,147,148,-1,148,147,149,-1,148,149,150,-1,150,149,151,-1,150,151,152,-1,152,151,153,-1,152,153,154,-1,154,153,155,-1,154,155,156,-1,156,155,157,-1,156,157,158,-1,158,157,159,-1,158,159,160,-1,160,159,161,-1,160,161,162,-1,162,161,163,-1,162,163,164,-1,164,163,165,-1,164,165,166,-1,166,165,75,-1,166,75,167,-1,167,75,79,-1,167,79,168,-1,169,170,171,-1,96,172,79,-1,79,172,173,-1,79,173,168,-1,168,173,169,-1,168,169,174,-1,175,176,174,-1,174,176,177,-1,169,171,174,-1,174,171,178,-1,174,178,175,-1,177,179,174,-1,174,179,180,-1,174,180,181,-1,92,83,93,-1,93,83,1,-1,93,1,182,-1,182,1,0,-1,182,0,183,-1,183,0,184,-1,183,184,185,-1,186,187,185,-1,185,187,188,-1,185,188,189,-1,190,183,191,-1,191,183,185,-1,191,185,192,-1,192,185,189,-1,193,194,195,-1,195,194,196,-1,195,196,197,-1,198,199,0,-1,0,199,200,-1,0,200,201,-1,202,203,204,-1,204,203,205,-1,206,207,195,-1,195,207,208,-1,195,208,193,-1,184,209,210,-1,210,211,184,-1,184,211,212,-1,184,212,204,-1,204,212,213,-1,204,213,202,-1,205,214,204,-1,204,214,215,-1,204,215,206,-1,201,216,0,-1,0,216,217,-1,0,217,184,-1,184,217,218,-1,184,218,209,-1,219,4,220,-1,221,222,4,-1,220,223,219,-1,219,223,224,-1,219,224,225,-1,222,226,4,-1,4,226,227,-1,4,227,220,-1,225,228,219,-1,219,228,229,-1,219,229,230,-1,231,232,233,-1,233,232,234,-1,206,195,204,-1,204,195,219,-1,204,219,233,-1,233,219,230,-1,233,230,231,-1,235,236,3,-1,3,236,237,-1,3,237,238,-1,238,239,3,-1,3,239,240,-1,3,240,4,-1,4,240,241,-1,4,241,221,-1,234,242,233,-1,233,242,243,-1,233,243,3,-1,3,243,244,-1,3,244,235,-1,245,246,247,-1,248,249,250,-1,250,249,251,-1,251,252,250,-1,250,252,253,-1,250,253,254,-1,255,256,257,-1,257,256,258,-1,257,258,259,-1,259,260,257,-1,257,260,261,-1,257,261,247,-1,247,261,262,-1,247,262,245,-1,263,264,265,-1,265,264,266,-1,265,266,250,-1,250,266,267,-1,250,267,248,-1,268,269,270,-1,270,269,271,-1,270,271,272,-1,272,271,250,-1,272,250,257,-1,257,250,254,-1,257,254,255,-1,246,273,247,-1,247,273,274,-1,247,274,275,-1,275,276,265,-1,265,276,277,-1,265,277,263,-1,275,265,247,-1,247,265,278,-1,247,278,279,-1,279,278,280,-1,279,280,281,-1,282,283,281,-1,284,280,285,-1,285,280,64,-1,285,64,286,-1,286,64,287,-1,288,289,290,-1,291,292,64,-1,284,293,280,-1,280,293,294,-1,280,294,295,-1,282,281,296,-1,289,297,290,-1,290,297,298,-1,290,298,291,-1,292,299,64,-1,64,299,300,-1,64,300,287,-1,295,301,280,-1,280,301,302,-1,280,302,281,-1,281,302,303,-1,281,303,296,-1,283,304,281,-1,281,304,305,-1,281,305,290,-1,290,305,306,-1,290,306,288,-1,307,42,40,-1,40,42,44,-1,40,44,38,-1,308,309,307,-1,307,309,310,-1,310,311,307,-1,307,311,312,-1,307,312,313,-1,291,64,290,-1,290,64,42,-1,290,42,314,-1,314,42,307,-1,314,307,315,-1,315,307,313,-1,315,313,316,-1,317,318,319,-1,319,318,320,-1,319,320,321,-1,321,320,322,-1,323,324,325,-1,325,324,326,-1,327,328,329,-1,329,328,330,-1,329,330,331,-1,332,333,327,-1,327,333,334,-1,327,334,328,-1,328,334,325,-1,328,325,317,-1,317,325,326,-1,317,326,335,-1,332,318,336,-1,336,318,317,-1,336,317,337,-1,337,317,335,-1,337,335,338,-1,338,335,339,-1,340,341,25,-1,342,343,344,-1,341,345,25,-1,25,345,346,-1,25,346,320,-1,320,346,347,-1,320,347,322,-1,331,348,329,-1,329,348,349,-1,329,349,344,-1,344,349,350,-1,344,350,342,-1,343,351,344,-1,344,351,352,-1,344,352,353,-1,21,20,24,-1,24,20,344,-1,24,344,25,-1,25,344,353,-1,25,353,340,-1,354,327,355,-1,355,327,356,-1,355,356,357,-1,357,356,358,-1,357,358,359,-1,359,358,360,-1,361,362,363,-1,358,364,361,-1,361,364,365,-1,361,365,362,-1,361,366,358,-1,358,366,367,-1,358,367,368,-1,368,369,358,-1,358,369,370,-1,358,370,371,-1,363,372,361,-1,361,372,373,-1,361,373,374,-1,371,375,358,-1,358,375,376,-1,358,376,360,-1,377,378,379,-1,379,378,380,-1,379,380,327,-1,327,380,381,-1,327,381,356,-1,332,327,318,-1,318,327,354,-1,318,354,382,-1,382,354,383,-1,382,383,384,-1,385,386,14,-1,14,386,387,-1,14,387,388,-1,389,390,15,-1,15,390,391,-1,391,392,15,-1,15,392,393,-1,15,393,394,-1,384,395,382,-1,382,395,396,-1,382,396,14,-1,14,396,397,-1,14,397,385,-1,388,398,14,-1,14,398,399,-1,14,399,15,-1,15,399,400,-1,15,400,389,-1,401,402,2,-1,403,404,219,-1,405,406,31,-1,31,406,407,-1,407,408,31,-1,31,408,409,-1,31,409,2,-1,2,409,410,-1,2,410,401,-1,402,411,2,-1,2,411,412,-1,2,412,413,-1,195,414,415,-1,415,416,195,-1,195,416,417,-1,195,417,418,-1,419,420,219,-1,219,420,421,-1,219,421,403,-1,413,414,2,-1,2,414,195,-1,2,195,0,-1,0,195,197,-1,0,197,198,-1,418,422,195,-1,195,422,423,-1,195,423,219,-1,219,423,424,-1,219,424,419,-1,320,5,25,-1,25,5,4,-1,25,4,27,-1,27,4,219,-1,27,219,31,-1,31,219,404,-1,31,404,405,-1,425,426,271,-1,427,428,320,-1,429,430,269,-1,426,431,271,-1,271,431,432,-1,271,432,433,-1,428,434,320,-1,320,434,435,-1,320,435,436,-1,436,429,320,-1,320,429,269,-1,320,269,5,-1,5,269,268,-1,5,268,3,-1,433,437,318,-1,318,437,438,-1,318,438,439,-1,439,440,318,-1,318,440,441,-1,318,441,320,-1,320,441,442,-1,320,442,427,-1,430,443,269,-1,269,443,444,-1,269,444,445,-1,445,446,269,-1,269,446,447,-1,269,447,271,-1,271,447,448,-1,271,448,425,-1,377,379,155,-1,155,379,327,-1,155,327,157,-1,157,327,329,-1,157,329,159,-1,159,329,344,-1,159,344,161,-1,161,344,20,-1,161,20,163,-1,163,20,23,-1,163,23,165,-1,165,23,37,-1,165,37,75,-1,75,37,74,-1,75,74,76,-1,449,450,12,-1,12,450,451,-1,12,451,452,-1,452,453,12,-1,12,453,454,-1,12,454,455,-1,280,456,457,-1,449,12,458,-1,458,12,10,-1,458,10,459,-1,433,318,271,-1,271,318,382,-1,271,382,250,-1,250,382,14,-1,250,14,265,-1,265,14,12,-1,265,12,278,-1,278,12,455,-1,278,455,460,-1,460,461,278,-1,278,461,462,-1,278,462,463,-1,463,464,278,-1,278,464,465,-1,278,465,280,-1,280,465,466,-1,280,466,456,-1,457,467,280,-1,280,467,468,-1,280,468,469,-1,470,471,10,-1,10,471,472,-1,10,472,459,-1,65,64,68,-1,68,64,280,-1,68,280,10,-1,10,280,469,-1,10,469,470,-1,108,57,128,-1,128,57,68,-1,128,68,473,-1,473,68,10,-1,473,10,17,-1,17,10,9,-1,17,9,18,-1,124,128,111,-1,111,128,473,-1,111,473,147,-1,147,473,17,-1,147,17,149,-1,149,17,16,-1,149,16,151,-1,151,16,15,-1,151,15,153,-1,153,15,394,-1,153,394,155,-1,155,394,474,-1,155,474,377,-1,475,476,477,-1,475,478,479,-1,479,478,480,-1,481,482,483,-1,483,482,480,-1,483,480,484,-1,484,480,478,-1,484,478,485,-1,485,478,486,-1,487,488,486,-1,486,488,489,-1,486,489,490,-1,491,492,490,-1,490,492,482,-1,490,482,486,-1,486,482,481,-1,486,481,485,-1,493,494,487,-1,487,494,495,-1,487,495,496,-1,497,498,496,-1,496,498,492,-1,496,492,487,-1,487,492,491,-1,487,491,488,-1,499,500,493,-1,493,500,501,-1,493,501,502,-1,503,504,502,-1,502,504,498,-1,502,498,493,-1,493,498,497,-1,493,497,494,-1,505,506,499,-1,499,506,507,-1,499,507,508,-1,509,510,508,-1,508,510,504,-1,508,504,499,-1,499,504,503,-1,499,503,500,-1,511,512,505,-1,505,512,513,-1,505,513,514,-1,515,516,514,-1,514,516,510,-1,514,510,505,-1,505,510,509,-1,505,509,506,-1,517,518,511,-1,511,518,519,-1,511,519,520,-1,521,522,520,-1,520,522,516,-1,520,516,511,-1,511,516,515,-1,511,515,512,-1,517,523,524,-1,523,517,525,-1,525,517,526,-1,525,526,527,-1,527,526,528,-1,527,528,524,-1,524,528,522,-1,524,522,517,-1,517,522,521,-1,517,521,518,-1,475,477,478,-1,478,477,529,-1,478,529,486,-1,486,529,530,-1,486,530,487,-1,487,530,531,-1,487,531,493,-1,493,531,532,-1,493,532,499,-1,499,532,533,-1,499,533,505,-1,505,533,534,-1,505,534,511,-1,511,534,535,-1,511,535,517,-1,517,535,536,-1,517,536,526,-1,528,537,538,-1,539,540,541,-1,542,543,538,-1,544,545,546,-1,546,545,547,-1,538,543,547,-1,543,548,547,-1,547,548,549,-1,547,549,546,-1,546,549,541,-1,549,542,541,-1,541,542,538,-1,541,538,539,-1,539,538,550,-1,539,550,551,-1,551,550,552,-1,551,552,537,-1,537,552,553,-1,537,553,538,-1,538,553,554,-1,538,554,550,-1,555,556,557,-1,558,559,560,-1,561,562,563,-1,563,562,557,-1,557,562,564,-1,557,564,565,-1,555,557,566,-1,566,557,565,-1,566,565,560,-1,560,565,561,-1,560,561,558,-1,567,568,569,-1,570,571,572,-1,572,571,563,-1,563,571,573,-1,563,573,574,-1,561,563,558,-1,558,563,574,-1,558,574,569,-1,575,576,577,-1,576,575,545,-1,545,575,578,-1,545,578,547,-1,547,578,579,-1,547,579,577,-1,577,579,580,-1,577,580,575,-1,581,582,583,-1,582,581,576,-1,576,581,584,-1,576,584,577,-1,577,584,585,-1,577,585,583,-1,583,585,586,-1,583,586,581,-1,587,588,589,-1,588,587,582,-1,582,587,590,-1,582,590,583,-1,583,590,591,-1,583,591,589,-1,589,591,592,-1,589,592,587,-1,574,570,569,-1,569,570,572,-1,569,572,567,-1,567,572,593,-1,567,593,588,-1,588,593,594,-1,588,594,589,-1,589,594,595,-1,589,595,572,-1,572,595,596,-1,572,596,593,-1,528,538,522,-1,522,538,547,-1,522,547,516,-1,516,547,577,-1,516,577,510,-1,510,577,583,-1,510,583,504,-1,504,583,589,-1,504,589,498,-1,498,589,572,-1,498,572,492,-1,492,572,563,-1,492,563,482,-1,482,563,557,-1,482,557,480,-1,480,557,556,-1,480,556,479,-1,597,598,599,-1,600,601,602,-1,603,600,99,-1,99,98,603,-1,603,98,97,-1,603,97,604,-1,604,97,78,-1,604,78,80,-1,82,605,80,-1,80,605,606,-1,80,606,604,-1,597,70,87,-1,597,87,607,-1,87,86,607,-1,607,86,85,-1,607,85,608,-1,608,85,84,-1,608,84,609,-1,609,84,83,-1,609,83,610,-1,610,83,92,-1,610,92,91,-1,600,602,99,-1,99,602,611,-1,99,611,94,-1,94,611,612,-1,94,612,95,-1,95,612,613,-1,95,613,100,-1,100,613,614,-1,100,614,101,-1,101,614,615,-1,101,615,102,-1,102,615,616,-1,102,616,88,-1,88,616,617,-1,88,617,89,-1,89,617,618,-1,89,618,91,-1,91,618,619,-1,91,619,610,-1,597,599,70,-1,70,599,620,-1,70,620,71,-1,71,620,621,-1,71,621,72,-1,72,621,622,-1,72,622,73,-1,73,622,623,-1,73,623,74,-1,74,623,624,-1,74,624,76,-1,76,624,625,-1,76,625,77,-1,77,625,626,-1,77,626,81,-1,81,626,627,-1,81,627,82,-1,82,627,628,-1,82,628,605,-1,629,630,631,-1,632,633,634,-1,634,635,632,-1,632,635,636,-1,632,636,637,-1,637,636,638,-1,637,638,639,-1,639,638,640,-1,639,640,641,-1,641,640,642,-1,641,642,643,-1,643,642,644,-1,643,644,645,-1,645,644,646,-1,645,646,647,-1,647,646,648,-1,647,648,649,-1,649,648,650,-1,649,650,651,-1,651,650,629,-1,651,629,652,-1,652,629,631,-1,653,654,655,-1,656,657,658,-1,655,659,653,-1,653,659,660,-1,653,660,661,-1,661,660,662,-1,661,662,663,-1,663,662,664,-1,663,664,665,-1,665,664,666,-1,665,666,667,-1,667,666,668,-1,667,668,669,-1,669,668,670,-1,669,670,671,-1,671,670,672,-1,671,672,673,-1,673,672,674,-1,673,674,675,-1,675,674,656,-1,675,656,676,-1,676,656,658,-1,631,628,652,-1,652,628,627,-1,652,627,651,-1,651,627,626,-1,651,626,649,-1,649,626,625,-1,649,625,647,-1,647,625,624,-1,647,624,645,-1,645,624,623,-1,598,633,599,-1,599,633,632,-1,599,632,620,-1,620,632,637,-1,620,637,621,-1,621,637,639,-1,621,639,622,-1,622,639,641,-1,622,641,623,-1,623,641,643,-1,623,643,645,-1,658,619,676,-1,676,619,618,-1,676,618,675,-1,675,618,617,-1,675,617,673,-1,673,617,616,-1,673,616,671,-1,671,616,615,-1,671,615,669,-1,669,615,614,-1,601,654,602,-1,602,654,653,-1,602,653,611,-1,611,653,661,-1,611,661,612,-1,612,661,663,-1,612,663,613,-1,613,663,665,-1,613,665,614,-1,614,665,667,-1,614,667,669,-1,634,630,635,-1,635,630,629,-1,635,629,636,-1,646,644,648,-1,648,644,650,-1,644,642,650,-1,650,642,640,-1,650,640,629,-1,629,640,638,-1,629,638,636,-1,655,657,656,-1,655,656,659,-1,659,656,674,-1,659,674,672,-1,662,668,664,-1,664,668,666,-1,672,670,659,-1,659,670,668,-1,659,668,660,-1,660,668,662,-1,677,678,679,-1,680,681,682,-1,679,683,677,-1,677,683,684,-1,677,684,685,-1,685,684,686,-1,685,686,687,-1,687,686,688,-1,687,688,689,-1,689,688,690,-1,689,690,691,-1,691,690,692,-1,691,692,693,-1,693,692,694,-1,693,694,695,-1,695,694,696,-1,695,696,697,-1,697,696,698,-1,697,698,699,-1,699,698,680,-1,699,680,700,-1,700,680,682,-1,701,678,702,-1,702,678,677,-1,702,677,703,-1,703,677,685,-1,703,685,704,-1,704,685,687,-1,704,687,705,-1,705,687,689,-1,705,689,706,-1,682,707,700,-1,700,707,708,-1,700,708,699,-1,699,708,709,-1,699,709,697,-1,697,709,710,-1,697,710,695,-1,695,710,711,-1,695,711,693,-1,693,711,706,-1,693,706,691,-1,691,706,689,-1,679,681,680,-1,698,696,690,-1,690,696,694,-1,690,694,692,-1,698,690,680,-1,680,690,688,-1,680,688,686,-1,686,684,680,-1,680,684,683,-1,680,683,679,-1,712,713,714,-1,715,716,717,-1,717,718,715,-1,715,718,719,-1,715,719,720,-1,720,721,715,-1,715,721,722,-1,715,722,723,-1,724,725,726,-1,726,727,728,-1,728,727,729,-1,536,535,716,-1,730,731,732,-1,733,734,735,-1,729,736,728,-1,728,736,737,-1,728,737,738,-1,535,534,716,-1,716,534,533,-1,716,533,728,-1,476,739,732,-1,732,739,740,-1,732,740,741,-1,741,742,743,-1,744,745,746,-1,746,730,744,-1,744,730,732,-1,744,732,735,-1,735,732,741,-1,735,741,733,-1,733,741,743,-1,733,743,747,-1,747,743,748,-1,747,748,749,-1,533,532,728,-1,728,532,531,-1,728,531,530,-1,750,751,714,-1,714,751,752,-1,714,752,753,-1,749,754,747,-1,747,754,755,-1,747,755,756,-1,716,715,536,-1,536,715,712,-1,536,712,756,-1,756,712,714,-1,756,714,747,-1,747,714,753,-1,747,753,757,-1,732,724,476,-1,476,724,726,-1,476,726,477,-1,477,726,728,-1,477,728,529,-1,529,728,530,-1,316,717,315,-1,315,717,716,-1,308,723,722,-1,308,722,309,-1,309,722,721,-1,309,721,310,-1,310,721,720,-1,310,720,311,-1,311,720,719,-1,311,719,312,-1,312,719,718,-1,312,718,313,-1,313,718,717,-1,313,717,316,-1,307,715,308,-1,308,715,723,-1,117,143,758,-1,307,40,715,-1,715,40,47,-1,715,47,104,-1,104,117,715,-1,715,117,758,-1,715,758,712,-1,712,758,759,-1,712,759,135,-1,135,759,141,-1,134,713,135,-1,135,713,712,-1,144,757,753,-1,144,753,145,-1,145,753,752,-1,145,752,146,-1,146,752,751,-1,146,751,139,-1,139,751,750,-1,139,750,140,-1,140,750,714,-1,140,714,133,-1,133,714,713,-1,133,713,134,-1,138,747,144,-1,144,747,757,-1,138,137,747,-1,747,137,148,-1,160,733,747,-1,160,162,733,-1,733,162,164,-1,733,164,166,-1,166,167,733,-1,733,167,168,-1,733,168,174,-1,148,150,747,-1,747,150,152,-1,747,152,154,-1,154,156,747,-1,747,156,158,-1,747,158,160,-1,181,734,174,-1,174,734,733,-1,178,731,730,-1,178,730,175,-1,175,730,746,-1,175,746,176,-1,176,746,745,-1,176,745,177,-1,177,745,744,-1,177,744,179,-1,179,744,735,-1,179,735,180,-1,180,735,734,-1,180,734,181,-1,171,732,178,-1,178,732,731,-1,171,170,760,-1,96,90,724,-1,90,93,724,-1,724,93,182,-1,724,182,183,-1,172,96,761,-1,761,96,724,-1,761,724,760,-1,760,724,732,-1,760,732,171,-1,190,725,183,-1,183,725,724,-1,186,738,737,-1,186,737,187,-1,187,737,736,-1,187,736,188,-1,188,736,729,-1,188,729,189,-1,189,729,727,-1,189,727,192,-1,192,727,726,-1,192,726,191,-1,191,726,725,-1,191,725,190,-1,185,728,186,-1,186,728,738,-1,185,184,728,-1,728,184,204,-1,247,279,716,-1,716,279,281,-1,270,272,716,-1,716,272,257,-1,716,257,247,-1,204,233,728,-1,728,233,3,-1,728,3,716,-1,716,3,268,-1,716,268,270,-1,281,290,716,-1,716,290,314,-1,716,314,315,-1,762,763,764,-1,765,701,702,-1,766,765,120,-1,109,767,110,-1,110,767,766,-1,110,766,119,-1,119,766,120,-1,118,768,109,-1,109,768,769,-1,109,769,767,-1,762,112,103,-1,762,103,770,-1,103,105,770,-1,770,105,106,-1,770,106,771,-1,771,106,107,-1,771,107,772,-1,772,107,773,-1,773,107,108,-1,773,108,129,-1,765,702,120,-1,120,702,703,-1,120,703,121,-1,121,703,704,-1,121,704,122,-1,122,704,705,-1,122,705,123,-1,123,705,706,-1,123,706,124,-1,124,706,711,-1,124,711,131,-1,131,711,710,-1,131,710,132,-1,132,710,709,-1,132,709,130,-1,130,709,708,-1,130,708,129,-1,129,708,707,-1,129,707,773,-1,762,764,112,-1,112,764,774,-1,112,774,113,-1,113,774,775,-1,113,775,114,-1,114,775,776,-1,114,776,125,-1,125,776,777,-1,125,777,126,-1,126,777,778,-1,126,778,127,-1,127,778,779,-1,127,779,115,-1,115,779,780,-1,115,780,116,-1,116,780,781,-1,116,781,118,-1,118,781,782,-1,118,782,768,-1,783,784,785,-1,786,787,788,-1,788,789,786,-1,786,789,790,-1,786,790,791,-1,791,790,792,-1,791,792,793,-1,793,792,794,-1,793,794,795,-1,795,794,796,-1,795,796,797,-1,797,796,798,-1,797,798,799,-1,799,798,800,-1,799,800,801,-1,801,800,802,-1,801,802,803,-1,803,802,804,-1,803,804,805,-1,805,804,783,-1,805,783,806,-1,806,783,785,-1,785,782,806,-1,806,782,781,-1,806,781,805,-1,805,781,780,-1,805,780,803,-1,803,780,779,-1,803,779,801,-1,801,779,778,-1,801,778,799,-1,799,778,777,-1,763,787,764,-1,764,787,786,-1,764,786,774,-1,774,786,791,-1,774,791,775,-1,775,791,793,-1,775,793,776,-1,776,793,795,-1,776,795,777,-1,777,795,797,-1,777,797,799,-1,789,788,783,-1,783,788,784,-1,796,794,792,-1,783,804,789,-1,789,804,802,-1,789,802,800,-1,800,798,789,-1,789,798,796,-1,789,796,790,-1,790,796,792,-1,768,762,769,-1,769,762,770,-1,769,770,767,-1,767,770,766,-1,773,765,772,-1,772,765,766,-1,772,766,771,-1,771,766,770,-1,707,682,681,-1,679,678,701,-1,765,773,701,-1,701,773,707,-1,701,707,679,-1,679,707,681,-1,788,787,784,-1,784,787,763,-1,785,784,782,-1,782,784,763,-1,782,763,768,-1,768,763,762,-1,634,633,630,-1,630,633,598,-1,631,630,628,-1,628,630,598,-1,628,598,605,-1,605,598,597,-1,619,658,657,-1,655,654,601,-1,600,610,601,-1,601,610,619,-1,601,619,655,-1,655,619,657,-1,610,600,609,-1,609,600,603,-1,605,597,606,-1,606,597,607,-1,603,604,609,-1,609,604,606,-1,609,606,608,-1,608,606,607,-1,807,808,760,-1,760,808,761,-1,807,760,169,-1,169,760,170,-1,173,172,808,-1,808,172,761,-1,808,807,173,-1,173,807,169,-1,809,810,758,-1,758,810,759,-1,136,141,810,-1,810,141,759,-1,809,758,142,-1,142,758,143,-1,810,809,136,-1,136,809,142,-1,
        ]
    }
}
Shape{
    appearance Appearance {
        material  Material 	{
            diffuseColor 0.7529411764705882 0.7529411764705882 0.7529411764705882
            specularColor 0.3764705882352941 0.3764705882352941 0.3764705882352941
            ambientIntensity 0.7529
            transparency 0.0
            shininess 0.5
        }
    }
    geometry IndexedFaceSet {
        ccw TRUE
        solid FALSE
        coord DEF co Coordinate {
            point [
                -1.75 -3.2669 0.0787, -1.7194 -3.2629 -1.2992, -1.7194 -3.2629 0.0787, -1.6909 -3.2511 -1.2992, -1.6909 -3.2511 0.0787, -1.6665 -3.2323 -1.2992, -1.6665 -3.2323 0.0787, -1.6477 -3.2078 -1.2992, -1.6477 -3.2078 0.0787, -1.6359 -3.1794 -1.2992, -1.6359 -3.1794 0.0787, -1.6319 -3.1488 -1.2992, -1.6319 -3.1488 0.0787, -1.6359 -3.1182 -1.2992, -1.6359 -3.1182 0.0787, -1.6477 -3.0897 -1.2992, -1.6477 -3.0897 0.0787, -1.6665 -3.0653 -1.2992, -1.6665 -3.0653 0.0787, -1.6909 -3.0465 -1.2992, -1.6909 -3.0465 0.0787, -1.7194 -3.0347 -1.2992, -1.7194 -3.0347 0.0787, -1.75 -3.0307 -1.2992, -1.75 -3.0307 0.0787, -1.7806 -3.0347 -1.2992, -1.7806 -3.0347 0.0787, -1.8091 -3.0465 -1.2992, -1.8091 -3.0465 0.0787, -1.8335 -3.0653 -1.2992, -1.8335 -3.0653 0.0787, -1.8523 -3.0897 -1.2992, -1.8523 -3.0897 0.0787, -1.8641 -3.1182 -1.2992, -1.8641 -3.1182 0.0787, -1.8681 -3.1488 -1.2992, -1.8681 -3.1488 0.0787, -1.8641 -3.1794 -1.2992, -1.8641 -3.1794 0.0787, -1.8523 -3.2078 -1.2992, -1.8523 -3.2078 0.0787, -1.8335 -3.2323 -1.2992, -1.8335 -3.2323 0.0787, -1.8091 -3.2511 -1.2992, -1.8091 -3.2511 0.0787, -1.7806 -3.2629 -1.2992, -1.7806 -3.2629 0.0787, -1.75 -3.2669 -1.2992, -1.75 -3.1488 -1.2992, -1.25 -2.2905 0.0787, -1.2174 -2.2862 -1.2992, -1.2174 -2.2862 0.0787, -1.187 -2.2736 -1.2992, -1.187 -2.2736 0.0787, -1.1609 -2.2536 -1.2992, -1.1609 -2.2536 0.0787, -1.1409 -2.2275 -1.2992, -1.1409 -2.2275 0.0787, -1.1283 -2.1971 -1.2992, -1.1283 -2.1971 0.0787, -1.124 -2.1645 -1.2992, -1.124 -2.1645 0.0787, -1.1283 -2.1319 -1.2992, -1.1283 -2.1319 0.0787, -1.1409 -2.1015 -1.2992, -1.1409 -2.1015 0.0787, -1.1609 -2.0755 -1.2992, -1.1609 -2.0755 0.0787, -1.187 -2.0554 -1.2992, -1.187 -2.0554 0.0787, -1.2174 -2.0428 -1.2992, -1.2174 -2.0428 0.0787, -1.25 -2.0386 -1.2992, -1.25 -2.0386 0.0787, -1.2826 -2.0428 -1.2992, -1.2826 -2.0428 0.0787, -1.313 -2.0554 -1.2992, -1.313 -2.0554 0.0787, -1.3391 -2.0755 -1.2992, -1.3391 -2.0755 0.0787, -1.3591 -2.1015 -1.2992, -1.3591 -2.1015 0.0787, -1.3717 -2.1319 -1.2992, -1.3717 -2.1319 0.0787, -1.376 -2.1645 -1.2992, -1.376 -2.1645 0.0787, -1.3717 -2.1971 -1.2992, -1.3717 -2.1971 0.0787, -1.3591 -2.2275 -1.2992, -1.3591 -2.2275 0.0787, -1.3391 -2.2536 -1.2992, -1.3391 -2.2536 0.0787, -1.313 -2.2736 -1.2992, -1.313 -2.2736 0.0787, -1.2826 -2.2862 -1.2992, -1.2826 -2.2862 0.0787, -1.25 -2.2905 -1.2992, -1.25 -2.1645 -1.2992, -0.75 -3.2669 0.0787, -0.7194 -3.2629 -1.2992, -0.7194 -3.2629 0.0787, -0.6909 -3.2511 -1.2992, -0.6909 -3.2511 0.0787, -0.6665 -3.2323 -1.2992, -0.6665 -3.2323 0.0787, -0.6477 -3.2078 -1.2992, -0.6477 -3.2078 0.0787, -0.6359 -3.1794 -1.2992, -0.6359 -3.1794 0.0787, -0.6319 -3.1488 -1.2992, -0.6319 -3.1488 0.0787, -0.6359 -3.1182 -1.2992, -0.6359 -3.1182 0.0787, -0.6477 -3.0897 -1.2992, -0.6477 -3.0897 0.0787, -0.6665 -3.0653 -1.2992, -0.6665 -3.0653 0.0787, -0.6909 -3.0465 -1.2992, -0.6909 -3.0465 0.0787, -0.7194 -3.0347 -1.2992, -0.7194 -3.0347 0.0787, -0.75 -3.0307 -1.2992, -0.75 -3.0307 0.0787, -0.7806 -3.0347 -1.2992, -0.7806 -3.0347 0.0787, -0.8091 -3.0465 -1.2992, -0.8091 -3.0465 0.0787, -0.8335 -3.0653 -1.2992, -0.8335 -3.0653 0.0787, -0.8523 -3.0897 -1.2992, -0.8523 -3.0897 0.0787, -0.8641 -3.1182 -1.2992, -0.8641 -3.1182 0.0787, -0.8681 -3.1488 -1.2992, -0.8681 -3.1488 0.0787, -0.8641 -3.1794 -1.2992, -0.8641 -3.1794 0.0787, -0.8523 -3.2078 -1.2992, -0.8523 -3.2078 0.0787, -0.8335 -3.2323 -1.2992, -0.8335 -3.2323 0.0787, -0.8091 -3.2511 -1.2992, -0.8091 -3.2511 0.0787, -0.7806 -3.2629 -1.2992, -0.7806 -3.2629 0.0787, -0.75 -3.2669 -1.2992, -0.75 -3.1488 -1.2992, -0.25 -2.2905 0.0787, -0.2174 -2.2862 -1.2992, -0.2174 -2.2862 0.0787, -0.187 -2.2736 -1.2992, -0.187 -2.2736 0.0787, -0.1609 -2.2536 -1.2992, -0.1609 -2.2536 0.0787, -0.1409 -2.2275 -1.2992, -0.1409 -2.2275 0.0787, -0.1283 -2.1971 -1.2992, -0.1283 -2.1971 0.0787, -0.124 -2.1645 -1.2992, -0.124 -2.1645 0.0787, -0.1283 -2.1319 -1.2992, -0.1283 -2.1319 0.0787, -0.1409 -2.1015 -1.2992, -0.1409 -2.1015 0.0787, -0.1609 -2.0755 -1.2992, -0.1609 -2.0755 0.0787, -0.187 -2.0554 -1.2992, -0.187 -2.0554 0.0787, -0.2174 -2.0428 -1.2992, -0.2174 -2.0428 0.0787, -0.25 -2.0386 -1.2992, -0.25 -2.0386 0.0787, -0.2826 -2.0428 -1.2992, -0.2826 -2.0428 0.0787, -0.313 -2.0554 -1.2992, -0.313 -2.0554 0.0787, -0.3391 -2.0755 -1.2992, -0.3391 -2.0755 0.0787, -0.3591 -2.1015 -1.2992, -0.3591 -2.1015 0.0787, -0.3717 -2.1319 -1.2992, -0.3717 -2.1319 0.0787, -0.376 -2.1645 -1.2992, -0.376 -2.1645 0.0787, -0.3717 -2.1971 -1.2992, -0.3717 -2.1971 0.0787, -0.3591 -2.2275 -1.2992, -0.3591 -2.2275 0.0787, -0.3391 -2.2536 -1.2992, -0.3391 -2.2536 0.0787, -0.313 -2.2736 -1.2992, -0.313 -2.2736 0.0787, -0.2826 -2.2862 -1.2992, -0.2826 -2.2862 0.0787, -0.25 -2.2905 -1.2992, -0.25 -2.1645 -1.2992, 0.25 -3.2669 0.0787, 0.2806 -3.2629 -1.2992, 0.2806 -3.2629 0.0787, 0.3091 -3.2511 -1.2992, 0.3091 -3.2511 0.0787, 0.3335 -3.2323 -1.2992, 0.3335 -3.2323 0.0787, 0.3523 -3.2078 -1.2992, 0.3523 -3.2078 0.0787, 0.3641 -3.1794 -1.2992, 0.3641 -3.1794 0.0787, 0.3681 -3.1488 -1.2992, 0.3681 -3.1488 0.0787, 0.3641 -3.1182 -1.2992, 0.3641 -3.1182 0.0787, 0.3523 -3.0897 -1.2992, 0.3523 -3.0897 0.0787, 0.3335 -3.0653 -1.2992, 0.3335 -3.0653 0.0787, 0.3091 -3.0465 -1.2992, 0.3091 -3.0465 0.0787, 0.2806 -3.0347 -1.2992, 0.2806 -3.0347 0.0787, 0.25 -3.0307 -1.2992, 0.25 -3.0307 0.0787, 0.2194 -3.0347 -1.2992, 0.2194 -3.0347 0.0787, 0.1909 -3.0465 -1.2992, 0.1909 -3.0465 0.0787, 0.1665 -3.0653 -1.2992, 0.1665 -3.0653 0.0787, 0.1477 -3.0897 -1.2992, 0.1477 -3.0897 0.0787, 0.1359 -3.1182 -1.2992, 0.1359 -3.1182 0.0787, 0.1319 -3.1488 -1.2992, 0.1319 -3.1488 0.0787, 0.1359 -3.1794 -1.2992, 0.1359 -3.1794 0.0787, 0.1477 -3.2078 -1.2992, 0.1477 -3.2078 0.0787, 0.1665 -3.2323 -1.2992, 0.1665 -3.2323 0.0787, 0.1909 -3.2511 -1.2992, 0.1909 -3.2511 0.0787, 0.2194 -3.2629 -1.2992, 0.2194 -3.2629 0.0787, 0.25 -3.2669 -1.2992, 0.25 -3.1488 -1.2992, 0.75 -2.2905 0.0787, 0.7826 -2.2862 -1.2992, 0.7826 -2.2862 0.0787, 0.813 -2.2736 -1.2992, 0.813 -2.2736 0.0787, 0.8391 -2.2536 -1.2992, 0.8391 -2.2536 0.0787, 0.8591 -2.2275 -1.2992, 0.8591 -2.2275 0.0787, 0.8717 -2.1971 -1.2992, 0.8717 -2.1971 0.0787, 0.876 -2.1645 -1.2992, 0.876 -2.1645 0.0787, 0.8717 -2.1319 -1.2992, 0.8717 -2.1319 0.0787, 0.8591 -2.1015 -1.2992, 0.8591 -2.1015 0.0787, 0.8391 -2.0755 -1.2992, 0.8391 -2.0755 0.0787, 0.813 -2.0554 -1.2992, 0.813 -2.0554 0.0787, 0.7826 -2.0428 -1.2992, 0.7826 -2.0428 0.0787, 0.75 -2.0386 -1.2992, 0.75 -2.0386 0.0787, 0.7174 -2.0428 -1.2992, 0.7174 -2.0428 0.0787, 0.687 -2.0554 -1.2992, 0.687 -2.0554 0.0787, 0.6609 -2.0755 -1.2992, 0.6609 -2.0755 0.0787, 0.6409 -2.1015 -1.2992, 0.6409 -2.1015 0.0787, 0.6283 -2.1319 -1.2992, 0.6283 -2.1319 0.0787, 0.624 -2.1645 -1.2992, 0.624 -2.1645 0.0787, 0.6283 -2.1971 -1.2992, 0.6283 -2.1971 0.0787, 0.6409 -2.2275 -1.2992, 0.6409 -2.2275 0.0787, 0.6609 -2.2536 -1.2992, 0.6609 -2.2536 0.0787, 0.687 -2.2736 -1.2992, 0.687 -2.2736 0.0787, 0.7174 -2.2862 -1.2992, 0.7174 -2.2862 0.0787, 0.75 -2.2905 -1.2992, 0.75 -2.1645 -1.2992, 1.25 -3.2669 0.0787, 1.2806 -3.2629 -1.2992, 1.2806 -3.2629 0.0787, 1.3091 -3.2511 -1.2992, 1.3091 -3.2511 0.0787, 1.3335 -3.2323 -1.2992, 1.3335 -3.2323 0.0787, 1.3523 -3.2078 -1.2992, 1.3523 -3.2078 0.0787, 1.3641 -3.1794 -1.2992, 1.3641 -3.1794 0.0787, 1.3681 -3.1488 -1.2992, 1.3681 -3.1488 0.0787, 1.3641 -3.1182 -1.2992, 1.3641 -3.1182 0.0787, 1.3523 -3.0897 -1.2992, 1.3523 -3.0897 0.0787, 1.3335 -3.0653 -1.2992, 1.3335 -3.0653 0.0787, 1.3091 -3.0465 -1.2992, 1.3091 -3.0465 0.0787, 1.2806 -3.0347 -1.2992, 1.2806 -3.0347 0.0787, 1.25 -3.0307 -1.2992, 1.25 -3.0307 0.0787, 1.2194 -3.0347 -1.2992, 1.2194 -3.0347 0.0787, 1.1909 -3.0465 -1.2992, 1.1909 -3.0465 0.0787, 1.1665 -3.0653 -1.2992, 1.1665 -3.0653 0.0787, 1.1477 -3.0897 -1.2992, 1.1477 -3.0897 0.0787, 1.1359 -3.1182 -1.2992, 1.1359 -3.1182 0.0787, 1.1319 -3.1488 -1.2992, 1.1319 -3.1488 0.0787, 1.1359 -3.1794 -1.2992, 1.1359 -3.1794 0.0787, 1.1477 -3.2078 -1.2992, 1.1477 -3.2078 0.0787, 1.1665 -3.2323 -1.2992, 1.1665 -3.2323 0.0787, 1.1909 -3.2511 -1.2992, 1.1909 -3.2511 0.0787, 1.2194 -3.2629 -1.2992, 1.2194 -3.2629 0.0787, 1.25 -3.2669 -1.2992, 1.25 -3.1488 -1.2992, 1.6409 -2.2275 0.0787, 1.6388 -2.2224 0.0787, 1.6283 -2.1971 -1.2992, 1.6283 -2.1971 0.0787, 1.624 -2.1645 0.0787, 1.624 -2.1645 -1.2992, 1.6283 -2.1319 0.0787, 1.6283 -2.1319 -1.2992, 1.6388 -2.1067 0.0787, 1.6409 -2.1015 -1.2992, 1.6409 -2.2275 -1.2992, 1.6609 -2.2536 -1.2992, 1.6609 -2.2536 0.0787, 1.687 -2.2736 -1.2992, 1.687 -2.2736 0.0787, 1.7174 -2.2862 -1.2992, 1.7174 -2.2862 0.0787, 1.75 -2.2905 -1.2992, 1.75 -2.2905 0.0787, 1.7826 -2.2862 -1.2992, 1.7826 -2.2862 0.0787, 1.813 -2.2736 -1.2992, 1.813 -2.2736 0.0787, 1.8391 -2.2536 -1.2992, 1.8391 -2.2536 0.0787, 1.8591 -2.2275 -1.2992, 1.8591 -2.2275 0.0787, 1.8717 -2.1971 -1.2992, 1.8717 -2.1971 0.0787, 1.876 -2.1645 -1.2992, 1.876 -2.1645 0.0787, 1.8717 -2.1319 -1.2992, 1.8717 -2.1319 0.0787, 1.8591 -2.1015 -1.2992, 1.8591 -2.1015 0.0787, 1.8391 -2.0755 -1.2992, 1.8391 -2.0755 0.0787, 1.813 -2.0554 -1.2992, 1.813 -2.0554 0.0787, 1.7826 -2.0428 -1.2992, 1.7826 -2.0428 0.0787, 1.75 -2.0386 -1.2992, 1.75 -2.0386 0.0787, 1.7174 -2.0428 -1.2992, 1.7174 -2.0428 0.0787, 1.687 -2.0554 -1.2992, 1.687 -2.0554 0.0787, 1.6609 -2.0755 -1.2992, 1.6609 -2.0755 0.0787, 1.6409 -2.1015 0.0787, 1.75 -2.1645 -1.2992
            ]
        }
        coordIndex [
            0,1,2,-1,2,1,3,-1,2,3,4,-1,4,3,5,-1,4,5,6,-1,6,5,7,-1,6,7,8,-1,8,7,9,-1,8,9,10,-1,10,9,11,-1,10,11,12,-1,12,11,13,-1,12,13,14,-1,14,13,15,-1,14,15,16,-1,16,15,17,-1,16,17,18,-1,18,17,19,-1,18,19,20,-1,20,19,21,-1,20,21,22,-1,22,21,23,-1,22,23,24,-1,24,23,25,-1,24,25,26,-1,26,25,27,-1,26,27,28,-1,28,27,29,-1,28,29,30,-1,30,29,31,-1,30,31,32,-1,32,31,33,-1,32,33,34,-1,34,33,35,-1,34,35,36,-1,36,35,37,-1,36,37,38,-1,38,37,39,-1,38,39,40,-1,40,39,41,-1,40,41,42,-1,42,41,43,-1,42,43,44,-1,44,43,45,-1,44,45,46,-1,46,45,47,-1,46,47,0,-1,0,47,1,-1,27,25,48,-1,48,25,23,-1,48,23,21,-1,33,31,48,-1,48,31,29,-1,48,29,27,-1,39,37,48,-1,48,37,35,-1,48,35,33,-1,45,43,48,-1,48,43,41,-1,48,41,39,-1,3,1,48,-1,48,1,47,-1,48,47,45,-1,9,7,48,-1,48,7,5,-1,48,5,3,-1,15,13,48,-1,48,13,11,-1,48,11,9,-1,21,19,48,-1,48,19,17,-1,48,17,15,-1,49,50,51,-1,51,50,52,-1,51,52,53,-1,53,52,54,-1,53,54,55,-1,55,54,56,-1,55,56,57,-1,57,56,58,-1,57,58,59,-1,59,58,60,-1,59,60,61,-1,61,60,62,-1,61,62,63,-1,63,62,64,-1,63,64,65,-1,65,64,66,-1,65,66,67,-1,67,66,68,-1,67,68,69,-1,69,68,70,-1,69,70,71,-1,71,70,72,-1,71,72,73,-1,73,72,74,-1,73,74,75,-1,75,74,76,-1,75,76,77,-1,77,76,78,-1,77,78,79,-1,79,78,80,-1,79,80,81,-1,81,80,82,-1,81,82,83,-1,83,82,84,-1,83,84,85,-1,85,84,86,-1,85,86,87,-1,87,86,88,-1,87,88,89,-1,89,88,90,-1,89,90,91,-1,91,90,92,-1,91,92,93,-1,93,92,94,-1,93,94,95,-1,95,94,96,-1,95,96,49,-1,49,96,50,-1,76,74,97,-1,97,74,72,-1,97,72,70,-1,82,80,97,-1,97,80,78,-1,97,78,76,-1,88,86,97,-1,97,86,84,-1,97,84,82,-1,94,92,97,-1,97,92,90,-1,97,90,88,-1,52,50,97,-1,97,50,96,-1,97,96,94,-1,58,56,97,-1,97,56,54,-1,97,54,52,-1,64,62,97,-1,97,62,60,-1,97,60,58,-1,70,68,97,-1,97,68,66,-1,97,66,64,-1,98,99,100,-1,100,99,101,-1,100,101,102,-1,102,101,103,-1,102,103,104,-1,104,103,105,-1,104,105,106,-1,106,105,107,-1,106,107,108,-1,108,107,109,-1,108,109,110,-1,110,109,111,-1,110,111,112,-1,112,111,113,-1,112,113,114,-1,114,113,115,-1,114,115,116,-1,116,115,117,-1,116,117,118,-1,118,117,119,-1,118,119,120,-1,120,119,121,-1,120,121,122,-1,122,121,123,-1,122,123,124,-1,124,123,125,-1,124,125,126,-1,126,125,127,-1,126,127,128,-1,128,127,129,-1,128,129,130,-1,130,129,131,-1,130,131,132,-1,132,131,133,-1,132,133,134,-1,134,133,135,-1,134,135,136,-1,136,135,137,-1,136,137,138,-1,138,137,139,-1,138,139,140,-1,140,139,141,-1,140,141,142,-1,142,141,143,-1,142,143,144,-1,144,143,145,-1,144,145,98,-1,98,145,99,-1,125,123,146,-1,146,123,121,-1,146,121,119,-1,131,129,146,-1,146,129,127,-1,146,127,125,-1,137,135,146,-1,146,135,133,-1,146,133,131,-1,143,141,146,-1,146,141,139,-1,146,139,137,-1,101,99,146,-1,146,99,145,-1,146,145,143,-1,107,105,146,-1,146,105,103,-1,146,103,101,-1,113,111,146,-1,146,111,109,-1,146,109,107,-1,119,117,146,-1,146,117,115,-1,146,115,113,-1,147,148,149,-1,149,148,150,-1,149,150,151,-1,151,150,152,-1,151,152,153,-1,153,152,154,-1,153,154,155,-1,155,154,156,-1,155,156,157,-1,157,156,158,-1,157,158,159,-1,159,158,160,-1,159,160,161,-1,161,160,162,-1,161,162,163,-1,163,162,164,-1,163,164,165,-1,165,164,166,-1,165,166,167,-1,167,166,168,-1,167,168,169,-1,169,168,170,-1,169,170,171,-1,171,170,172,-1,171,172,173,-1,173,172,174,-1,173,174,175,-1,175,174,176,-1,175,176,177,-1,177,176,178,-1,177,178,179,-1,179,178,180,-1,179,180,181,-1,181,180,182,-1,181,182,183,-1,183,182,184,-1,183,184,185,-1,185,184,186,-1,185,186,187,-1,187,186,188,-1,187,188,189,-1,189,188,190,-1,189,190,191,-1,191,190,192,-1,191,192,193,-1,193,192,194,-1,193,194,147,-1,147,194,148,-1,174,172,195,-1,195,172,170,-1,195,170,168,-1,180,178,195,-1,195,178,176,-1,195,176,174,-1,186,184,195,-1,195,184,182,-1,195,182,180,-1,192,190,195,-1,195,190,188,-1,195,188,186,-1,150,148,195,-1,195,148,194,-1,195,194,192,-1,156,154,195,-1,195,154,152,-1,195,152,150,-1,162,160,195,-1,195,160,158,-1,195,158,156,-1,168,166,195,-1,195,166,164,-1,195,164,162,-1,196,197,198,-1,198,197,199,-1,198,199,200,-1,200,199,201,-1,200,201,202,-1,202,201,203,-1,202,203,204,-1,204,203,205,-1,204,205,206,-1,206,205,207,-1,206,207,208,-1,208,207,209,-1,208,209,210,-1,210,209,211,-1,210,211,212,-1,212,211,213,-1,212,213,214,-1,214,213,215,-1,214,215,216,-1,216,215,217,-1,216,217,218,-1,218,217,219,-1,218,219,220,-1,220,219,221,-1,220,221,222,-1,222,221,223,-1,222,223,224,-1,224,223,225,-1,224,225,226,-1,226,225,227,-1,226,227,228,-1,228,227,229,-1,228,229,230,-1,230,229,231,-1,230,231,232,-1,232,231,233,-1,232,233,234,-1,234,233,235,-1,234,235,236,-1,236,235,237,-1,236,237,238,-1,238,237,239,-1,238,239,240,-1,240,239,241,-1,240,241,242,-1,242,241,243,-1,242,243,196,-1,196,243,197,-1,223,221,244,-1,244,221,219,-1,244,219,217,-1,229,227,244,-1,244,227,225,-1,244,225,223,-1,235,233,244,-1,244,233,231,-1,244,231,229,-1,241,239,244,-1,244,239,237,-1,244,237,235,-1,199,197,244,-1,244,197,243,-1,244,243,241,-1,205,203,244,-1,244,203,201,-1,244,201,199,-1,211,209,244,-1,244,209,207,-1,244,207,205,-1,217,215,244,-1,244,215,213,-1,244,213,211,-1,245,246,247,-1,247,246,248,-1,247,248,249,-1,249,248,250,-1,249,250,251,-1,251,250,252,-1,251,252,253,-1,253,252,254,-1,253,254,255,-1,255,254,256,-1,255,256,257,-1,257,256,258,-1,257,258,259,-1,259,258,260,-1,259,260,261,-1,261,260,262,-1,261,262,263,-1,263,262,264,-1,263,264,265,-1,265,264,266,-1,265,266,267,-1,267,266,268,-1,267,268,269,-1,269,268,270,-1,269,270,271,-1,271,270,272,-1,271,272,273,-1,273,272,274,-1,273,274,275,-1,275,274,276,-1,275,276,277,-1,277,276,278,-1,277,278,279,-1,279,278,280,-1,279,280,281,-1,281,280,282,-1,281,282,283,-1,283,282,284,-1,283,284,285,-1,285,284,286,-1,285,286,287,-1,287,286,288,-1,287,288,289,-1,289,288,290,-1,289,290,291,-1,291,290,292,-1,291,292,245,-1,245,292,246,-1,272,270,293,-1,293,270,268,-1,293,268,266,-1,278,276,293,-1,293,276,274,-1,293,274,272,-1,284,282,293,-1,293,282,280,-1,293,280,278,-1,290,288,293,-1,293,288,286,-1,293,286,284,-1,248,246,293,-1,293,246,292,-1,293,292,290,-1,254,252,293,-1,293,252,250,-1,293,250,248,-1,260,258,293,-1,293,258,256,-1,293,256,254,-1,266,264,293,-1,293,264,262,-1,293,262,260,-1,294,295,296,-1,296,295,297,-1,296,297,298,-1,298,297,299,-1,298,299,300,-1,300,299,301,-1,300,301,302,-1,302,301,303,-1,302,303,304,-1,304,303,305,-1,304,305,306,-1,306,305,307,-1,306,307,308,-1,308,307,309,-1,308,309,310,-1,310,309,311,-1,310,311,312,-1,312,311,313,-1,312,313,314,-1,314,313,315,-1,314,315,316,-1,316,315,317,-1,316,317,318,-1,318,317,319,-1,318,319,320,-1,320,319,321,-1,320,321,322,-1,322,321,323,-1,322,323,324,-1,324,323,325,-1,324,325,326,-1,326,325,327,-1,326,327,328,-1,328,327,329,-1,328,329,330,-1,330,329,331,-1,330,331,332,-1,332,331,333,-1,332,333,334,-1,334,333,335,-1,334,335,336,-1,336,335,337,-1,336,337,338,-1,338,337,339,-1,338,339,340,-1,340,339,341,-1,340,341,294,-1,294,341,295,-1,321,319,342,-1,342,319,317,-1,342,317,315,-1,327,325,342,-1,342,325,323,-1,342,323,321,-1,333,331,342,-1,342,331,329,-1,342,329,327,-1,339,337,342,-1,342,337,335,-1,342,335,333,-1,297,295,342,-1,342,295,341,-1,342,341,339,-1,303,301,342,-1,342,301,299,-1,342,299,297,-1,309,307,342,-1,342,307,305,-1,342,305,303,-1,315,313,342,-1,342,313,311,-1,342,311,309,-1,343,344,345,-1,344,346,345,-1,345,346,347,-1,345,347,348,-1,348,347,349,-1,348,349,350,-1,350,349,351,-1,350,351,352,-1,345,353,343,-1,343,353,354,-1,343,354,355,-1,355,354,356,-1,355,356,357,-1,357,356,358,-1,357,358,359,-1,359,358,360,-1,359,360,361,-1,361,360,362,-1,361,362,363,-1,363,362,364,-1,363,364,365,-1,365,364,366,-1,365,366,367,-1,367,366,368,-1,367,368,369,-1,369,368,370,-1,369,370,371,-1,371,370,372,-1,371,372,373,-1,373,372,374,-1,373,374,375,-1,375,374,376,-1,375,376,377,-1,377,376,378,-1,377,378,379,-1,379,378,380,-1,379,380,381,-1,381,380,382,-1,381,382,383,-1,383,382,384,-1,383,384,385,-1,385,384,386,-1,385,386,387,-1,387,386,388,-1,387,388,389,-1,389,388,390,-1,389,390,391,-1,391,390,352,-1,391,352,392,-1,392,352,351,-1,388,386,393,-1,393,386,384,-1,393,384,382,-1,350,352,393,-1,393,352,390,-1,393,390,388,-1,353,345,393,-1,393,345,348,-1,393,348,350,-1,358,356,393,-1,393,356,354,-1,393,354,353,-1,364,362,393,-1,393,362,360,-1,393,360,358,-1,370,368,393,-1,393,368,366,-1,393,366,364,-1,376,374,393,-1,393,374,372,-1,393,372,370,-1,382,380,393,-1,393,380,378,-1,393,378,376,-1,
        ]
    }
}
Shape{
    appearance Appearance {
        material  Material 	{
            diffuseColor 0.25098039215686274 0.25098039215686274 0.25098039215686274
            specularColor 0.12549019607843137 0.12549019607843137 0.12549019607843137
            ambientIntensity 0.251
            transparency 0.0
            shininess 0.5
        }
    }
    geometry IndexedFaceSet {
        ccw TRUE
        solid FALSE
        coord DEF co Coordinate {
            point [
                0.799 2.6921 1.7323, 0.799 2.0087 1.7323, 0.799 2.6921 6.4567, 0.799 2.0087 6.4567, 1.3601 2.0087 1.7323, 1.3601 2.0087 6.4567, 1.1811 2.0087 1.7323, 1.3601 1.3376 1.7323, 1.3601 1.3376 6.4567, 2.7532 1.3376 1.7323, 2.7532 1.3376 6.4567, 2.7532 -1.2848 6.4567, 2.7532 -0.7362 1.7323, 2.7532 -1.2848 5.0412, 2.7532 -1.2848 1.7323, -2.7532 1.3376 6.4567, -2.7532 -1.2848 6.4567, -2.7532 -1.2848 5.0412, -2.7532 1.3376 1.7323, -2.7532 -0.7362 1.7323, -2.7532 -1.2848 1.7323, -1.3601 1.3376 1.7323, -1.3601 1.3376 6.4567, -2.1246 1.3376 1.7323, -1.3601 2.0087 1.7323, -1.3601 2.0087 6.4567, -0.799 2.0087 1.7323, -0.799 2.0087 6.4567, -1.1811 2.0087 1.7323, -0.799 2.6921 1.7323, -0.799 2.6921 6.4567, -0.7874 2.6921 1.7323, -0.3937 2.6921 1.7323, 0.0 2.6921 1.7323, 0.3937 2.6921 1.7323, 0.7874 2.6921 1.7323
            ]
        }
        coordIndex [
            0,1,2,-1,2,1,3,-1,4,5,6,-1,6,5,3,-1,6,3,1,-1,4,7,5,-1,5,7,8,-1,7,9,8,-1,8,9,10,-1,10,9,11,-1,11,9,12,-1,11,12,13,-1,13,12,14,-1,15,16,17,-1,18,15,19,-1,19,15,17,-1,19,17,20,-1,21,22,23,-1,23,22,15,-1,23,15,18,-1,21,24,22,-1,22,24,25,-1,26,27,28,-1,28,27,25,-1,28,25,24,-1,26,29,27,-1,27,29,30,-1,2,30,29,-1,29,31,2,-1,2,31,32,-1,2,32,33,-1,33,34,2,-1,2,34,35,-1,2,35,0,-1,
        ]
    }
}
Shape{
    appearance Appearance {
        material  Material 	{
            diffuseColor 1.0 1.0 0.0
            specularColor 0.5019607843137255 0.5019607843137255 0.0
            ambientIntensity 0.886
            transparency 0.0
            shininess 0.5
        }
    }
    geometry IndexedFaceSet {
        ccw TRUE
        solid FALSE
        coord DEF co Coordinate {
            point [
                0.315 -1.2848 3.6256, 0.315 -0.0465 1.7323, 0.0787 -1.2848 3.6256, 0.0787 -0.0465 1.7323, 0.0787 -0.1876 1.7323, 0.315 -0.1876 1.7323, 0.0787 -1.2848 3.4098, 0.315 -1.2848 3.4098, 0.7087 -1.2848 3.6256, 0.7087 -0.0465 1.7323, 0.4724 -1.2848 3.6256, 0.4724 -0.0465 1.7323, 0.4724 -0.1876 1.7323, 0.7087 -0.1876 1.7323, 0.4724 -1.2848 3.4098, 0.7087 -1.2848 3.4098, 1.1024 -1.2848 3.6256, 1.1024 -0.0465 1.7323, 0.8661 -1.2848 3.6256, 0.8661 -0.0465 1.7323, 0.8661 -0.1876 1.7323, 1.1024 -0.1876 1.7323, 0.8661 -1.2848 3.4098, 1.1024 -1.2848 3.4098, 1.4961 -1.2848 3.6256, 1.4961 -0.0465 1.7323, 1.2598 -1.2848 3.6256, 1.2598 -0.0465 1.7323, 1.2598 -0.1876 1.7323, 1.4961 -0.1876 1.7323, 1.2598 -1.2848 3.4098, 1.4961 -1.2848 3.4098, -0.0787 -1.2848 3.6256, -0.0787 -0.0465 1.7323, -0.315 -1.2848 3.6256, -0.315 -0.0465 1.7323, -0.315 -0.1876 1.7323, -0.0787 -0.1876 1.7323, -0.315 -1.2848 3.4098, -0.0787 -1.2848 3.4098, -0.4724 -1.2848 3.6256, -0.4724 -0.0465 1.7323, -0.7087 -1.2848 3.6256, -0.7087 -0.0465 1.7323, -0.7087 -0.1876 1.7323, -0.4724 -0.1876 1.7323, -0.7087 -1.2848 3.4098, -0.4724 -1.2848 3.4098, -0.8661 -1.2848 3.6256, -0.8661 -0.0465 1.7323, -1.1024 -1.2848 3.6256, -1.1024 -0.0465 1.7323, -1.1024 -0.1876 1.7323, -0.8661 -0.1876 1.7323, -1.1024 -1.2848 3.4098, -0.8661 -1.2848 3.4098, -1.2598 -1.2848 3.6256, -1.2598 -0.0465 1.7323, -1.4961 -1.2848 3.6256, -1.4961 -0.0465 1.7323, -1.4961 -0.1876 1.7323, -1.2598 -0.1876 1.7323, -1.4961 -1.2848 3.4098, -1.2598 -1.2848 3.4098
            ]
        }
        coordIndex [
            0,1,2,-1,2,1,3,-1,4,5,6,-1,6,5,7,-1,7,5,0,-1,0,5,1,-1,3,4,2,-1,2,4,6,-1,8,9,10,-1,10,9,11,-1,12,13,14,-1,14,13,15,-1,15,13,8,-1,8,13,9,-1,11,12,10,-1,10,12,14,-1,16,17,18,-1,18,17,19,-1,20,21,22,-1,22,21,23,-1,23,21,16,-1,16,21,17,-1,19,20,18,-1,18,20,22,-1,24,25,26,-1,26,25,27,-1,28,29,30,-1,30,29,31,-1,31,29,24,-1,24,29,25,-1,27,28,26,-1,26,28,30,-1,32,33,34,-1,34,33,35,-1,36,37,38,-1,38,37,39,-1,39,37,32,-1,32,37,33,-1,35,36,34,-1,34,36,38,-1,40,41,42,-1,42,41,43,-1,44,45,46,-1,46,45,47,-1,47,45,40,-1,40,45,41,-1,43,44,42,-1,42,44,46,-1,48,49,50,-1,50,49,51,-1,52,53,54,-1,54,53,55,-1,55,53,48,-1,48,53,49,-1,51,52,50,-1,50,52,54,-1,56,57,58,-1,58,57,59,-1,60,61,62,-1,62,61,63,-1,63,61,56,-1,56,61,57,-1,59,60,58,-1,58,60,62,-1,
        ]
    }
}
Shape{
    appearance Appearance {
        material  Material 	{
            diffuseColor 0.0 0.0 0.0
            specularColor 0.0 0.0 0.0
            ambientIntensity 0.0
            transparency 0.0
            shininess 0.5
        }
    }
    geometry IndexedFaceSet {
        ccw TRUE
        solid FALSE
        coord DEF co Coordinate {
            point [
                -0.8045 -0.2384 0.0787, -0.8045 -0.2384 0.0791, -0.9131 -0.5167 0.0787, -0.9581 -0.6321 0.0791, -0.9581 -0.6321 0.0787, -0.9131 -0.6321 0.0787, -0.9005 -0.6321 0.0791, -0.9005 -0.6321 0.0787, -0.8607 -0.5216 0.0791, -0.8607 -0.5216 0.0787, -0.698 -0.5216 0.0791, -0.698 -0.5216 0.0787, -0.6605 -0.6321 0.0791, -0.6605 -0.6321 0.0787, -0.6174 -0.6321 0.0787, -0.6028 -0.6321 0.0791, -0.6028 -0.6321 0.0787, -0.6174 -0.5936 0.0787, -0.7517 -0.2384 0.0791, -0.7517 -0.2384 0.0787, -0.7113 -0.4784 0.0791, -0.7701 -0.314 0.0791, -0.7738 -0.3003 0.0791, -0.7764 -0.2864 0.0791, -0.7776 -0.2864 0.0791, -0.7802 -0.3003 0.0791, -0.7837 -0.314 0.0791, -0.843 -0.4784 0.0791, -0.7113 -0.4784 0.0787, -0.843 -0.4784 0.0787, -0.7701 -0.314 0.0787, -0.7738 -0.3003 0.0787, -0.7764 -0.2864 0.0787, -0.7776 -0.2864 0.0787, -0.7802 -0.3003 0.0787, -0.7837 -0.314 0.0787, -0.3642 -0.6321 0.0791, -0.2571 -0.6321 0.0791, -0.3642 -0.6321 0.0787, -0.2571 -0.6321 0.0787, -0.2571 -0.2384 0.0791, -0.2571 -0.2384 0.0787, -0.3683 -0.2384 0.0791, -0.3683 -0.2384 0.0787, -0.574 -0.4303 0.0791, -0.574 -0.4303 0.0787, -0.5712 -0.3932 0.0787, -0.5712 -0.3932 0.0791, -0.5606 -0.3544 0.0787, -0.5606 -0.3544 0.0791, -0.5423 -0.3206 0.0787, -0.5423 -0.3206 0.0791, -0.5145 -0.2897 0.0787, -0.5145 -0.2897 0.0791, -0.514 -0.2893 0.0787, -0.514 -0.2893 0.0791, -0.475 -0.2632 0.0787, -0.4712 -0.2606 0.0791, -0.4712 -0.2606 0.0787, -0.4251 -0.2444 0.0787, -0.4251 -0.2444 0.0791, -0.4129 -0.6278 0.0787, -0.4129 -0.6278 0.0791, -0.4583 -0.6143 0.0787, -0.4583 -0.6143 0.0791, -0.475 -0.6046 0.0787, -0.4994 -0.5904 0.0791, -0.4994 -0.5904 0.0787, -0.5318 -0.5594 0.0787, -0.5318 -0.5594 0.0791, -0.5544 -0.5242 0.0787, -0.5544 -0.5242 0.0791, -0.5685 -0.4829 0.0787, -0.5685 -0.4829 0.0791, -0.495 -0.3368 0.0791, -0.4759 -0.3165 0.0791, -0.4471 -0.2979 0.0791, -0.4146 -0.2865 0.0791, -0.368 -0.2816 0.0791, -0.31 -0.2816 0.0791, -0.31 -0.5888 0.0791, -0.3659 -0.5888 0.0791, -0.4074 -0.585 0.0791, -0.4405 -0.5746 0.0791, -0.4674 -0.5587 0.0791, -0.4895 -0.5369 0.0791, -0.5061 -0.5097 0.0791, -0.5176 -0.4727 0.0791, -0.5212 -0.4314 0.0791, -0.5179 -0.3922 0.0791, -0.5087 -0.3611 0.0791, -0.368 -0.2816 0.0787, -0.31 -0.2816 0.0787, -0.4146 -0.2865 0.0787, -0.4471 -0.2979 0.0787, -0.4759 -0.3165 0.0787, -0.495 -0.3368 0.0787, -0.5087 -0.3611 0.0787, -0.5179 -0.3922 0.0787, -0.5212 -0.4314 0.0787, -0.5176 -0.4727 0.0787, -0.5061 -0.5097 0.0787, -0.4895 -0.5369 0.0787, -0.4674 -0.5587 0.0787, -0.4405 -0.5746 0.0787, -0.4074 -0.585 0.0787, -0.3659 -0.5888 0.0787, -0.31 -0.5888 0.0787, -0.1803 -0.5888 0.0791, -0.1803 -0.6321 0.0791, -0.1803 -0.5888 0.0787, -0.1803 -0.6321 0.0787, 0.0309 -0.6321 0.0791, 0.0309 -0.6321 0.0787, 0.0309 -0.2384 0.0791, 0.0309 -0.2384 0.0787, -0.1707 -0.2384 0.0791, -0.1707 -0.2384 0.0787, -0.1707 -0.2816 0.0791, -0.1707 -0.2816 0.0787, -0.0219 -0.2816 0.0791, -0.0219 -0.2816 0.0787, -0.0219 -0.4112 0.0791, -0.0219 -0.4112 0.0787, -0.1611 -0.4112 0.0791, -0.1611 -0.4112 0.0787, -0.1611 -0.4544 0.0791, -0.1611 -0.4544 0.0787, -0.0219 -0.4544 0.0791, -0.0219 -0.4544 0.0787, -0.0219 -0.5888 0.0791, -0.0219 -0.5888 0.0787, 0.1077 -0.5684 0.0791, 0.1077 -0.6117 0.0791, 0.1077 -0.5684 0.0787, 0.1077 -0.6117 0.0787, 0.1198 -0.6166 0.0787, 0.1497 -0.6289 0.0791, 0.1497 -0.6289 0.0787, 0.2053 -0.6367 0.0791, 0.2053 -0.6367 0.0787, 0.2161 -0.6369 0.0791, 0.2161 -0.6369 0.0787, 0.4006 -0.4426 0.0791, 0.4006 -0.4426 0.0787, 0.3968 -0.4882 0.0787, 0.3968 -0.4882 0.0791, 0.385 -0.5299 0.0787, 0.385 -0.5299 0.0791, 0.364 -0.5673 0.0787, 0.364 -0.5673 0.0791, 0.3344 -0.5985 0.0787, 0.3344 -0.5985 0.0791, 0.3027 -0.6187 0.0787, 0.3027 -0.6187 0.0791, 0.2646 -0.6318 0.0787, 0.2646 -0.6318 0.0791, 0.2399 -0.2368 0.0791, 0.2004 -0.2336 0.0791, 0.2298 -0.236 0.0787, 0.2004 -0.2336 0.0787, 0.2399 -0.2368 0.0787, 0.2838 -0.2495 0.0787, 0.2838 -0.2495 0.0791, 0.3212 -0.2711 0.0787, 0.3212 -0.2711 0.0791, 0.3568 -0.3052 0.0787, 0.3568 -0.3052 0.0791, 0.3798 -0.3421 0.0787, 0.3798 -0.3421 0.0791, 0.395 -0.3867 0.0787, 0.395 -0.3867 0.0791, 0.1077 -0.2492 0.0791, 0.1077 -0.2492 0.0787, 0.1198 -0.2459 0.0787, 0.1533 -0.2368 0.0791, 0.1656 -0.236 0.0787, 0.1533 -0.2368 0.0787, 0.1077 -0.302 0.0791, 0.1077 -0.302 0.0787, 0.1198 -0.2968 0.0787, 0.1521 -0.283 0.0791, 0.1521 -0.283 0.0787, 0.1999 -0.2768 0.0791, 0.1999 -0.2768 0.0787, 0.3478 -0.4394 0.0791, 0.3478 -0.4394 0.0787, 0.3459 -0.4088 0.0787, 0.3459 -0.4088 0.0791, 0.3354 -0.3666 0.0787, 0.3354 -0.3666 0.0791, 0.3192 -0.3362 0.0787, 0.3192 -0.3362 0.0791, 0.2954 -0.31 0.0787, 0.2954 -0.31 0.0791, 0.2682 -0.2918 0.0787, 0.2682 -0.2918 0.0791, 0.2387 -0.2811 0.0787, 0.2387 -0.2811 0.0791, 0.2088 -0.5937 0.0791, 0.2088 -0.5937 0.0787, 0.2455 -0.5895 0.0787, 0.2455 -0.5895 0.0791, 0.2742 -0.579 0.0787, 0.2742 -0.579 0.0791, 0.2984 -0.5627 0.0787, 0.2984 -0.5627 0.0791, 0.3168 -0.5432 0.0787, 0.3168 -0.5432 0.0791, 0.3331 -0.5159 0.0787, 0.3331 -0.5159 0.0791, 0.3438 -0.482 0.0787, 0.3438 -0.482 0.0791, 0.1565 -0.5879 0.0791, 0.1148 -0.5724 0.0787, 0.1148 -0.5724 0.0791, 0.1198 -0.5742 0.0787, 0.1565 -0.5879 0.0787, 0.4342 -0.5888 0.0791, 0.4342 -0.6321 0.0791, 0.4342 -0.5888 0.0787, 0.4342 -0.6321 0.0787, 0.5291 -0.6321 0.0787, 0.6359 -0.6321 0.0791, 0.6359 -0.6321 0.0787, 0.6359 -0.2384 0.0791, 0.6359 -0.2384 0.0787, 0.5831 -0.2384 0.0791, 0.5831 -0.2384 0.0787, 0.5831 -0.5888 0.0791, 0.5831 -0.5888 0.0787, 0.5291 -0.5888 0.0787
            ]
        }
        coordIndex [
            0,1,2,-1,2,1,3,-1,2,3,4,-1,4,3,5,-1,5,3,6,-1,5,6,7,-1,6,8,7,-1,7,8,9,-1,8,10,9,-1,9,10,11,-1,10,12,11,-1,11,12,13,-1,13,12,14,-1,14,12,15,-1,14,15,16,-1,16,15,17,-1,17,15,18,-1,17,18,19,-1,18,1,19,-1,19,1,0,-1,20,21,18,-1,15,12,10,-1,21,22,18,-1,18,22,23,-1,18,23,1,-1,1,23,24,-1,1,24,25,-1,25,26,1,-1,1,26,27,-1,1,27,3,-1,6,3,8,-1,8,3,27,-1,8,27,10,-1,10,27,20,-1,10,20,15,-1,15,20,18,-1,20,27,28,-1,28,27,29,-1,21,20,30,-1,30,20,28,-1,21,30,31,-1,21,31,22,-1,22,31,32,-1,22,32,23,-1,24,23,33,-1,33,23,32,-1,24,33,34,-1,24,34,25,-1,25,34,35,-1,25,35,26,-1,27,26,29,-1,29,26,35,-1,36,37,38,-1,38,37,39,-1,37,40,39,-1,39,40,41,-1,40,42,41,-1,41,42,43,-1,44,45,46,-1,44,46,47,-1,47,46,48,-1,47,48,49,-1,49,48,50,-1,49,50,51,-1,51,50,52,-1,51,52,53,-1,53,52,54,-1,53,54,55,-1,55,54,56,-1,55,56,57,-1,56,58,57,-1,57,58,59,-1,57,59,60,-1,60,59,43,-1,60,43,42,-1,36,38,61,-1,36,61,62,-1,62,61,63,-1,62,63,64,-1,64,63,65,-1,64,65,66,-1,65,67,66,-1,66,67,68,-1,66,68,69,-1,69,68,70,-1,69,70,71,-1,71,70,72,-1,71,72,73,-1,73,72,45,-1,73,45,44,-1,49,51,74,-1,74,51,53,-1,74,53,75,-1,75,53,55,-1,75,55,76,-1,76,55,57,-1,76,57,77,-1,77,57,60,-1,77,60,78,-1,78,60,42,-1,78,42,79,-1,79,42,40,-1,79,40,80,-1,80,40,37,-1,80,37,81,-1,81,37,36,-1,81,36,82,-1,82,36,62,-1,82,62,83,-1,83,62,64,-1,83,64,84,-1,84,64,66,-1,84,66,85,-1,85,66,69,-1,85,69,86,-1,86,69,71,-1,86,71,87,-1,87,71,73,-1,87,73,88,-1,88,73,44,-1,88,44,89,-1,89,44,47,-1,89,47,90,-1,90,47,49,-1,90,49,74,-1,78,79,91,-1,91,79,92,-1,78,91,93,-1,78,93,77,-1,77,93,94,-1,77,94,76,-1,76,94,95,-1,76,95,75,-1,75,95,96,-1,75,96,74,-1,74,96,97,-1,74,97,90,-1,90,97,98,-1,90,98,89,-1,89,98,99,-1,89,99,88,-1,88,99,100,-1,88,100,87,-1,87,100,101,-1,87,101,86,-1,86,101,102,-1,86,102,85,-1,85,102,103,-1,85,103,84,-1,84,103,104,-1,84,104,83,-1,83,104,105,-1,83,105,82,-1,82,105,106,-1,82,106,81,-1,80,81,107,-1,107,81,106,-1,79,80,92,-1,92,80,107,-1,108,109,110,-1,110,109,111,-1,109,112,111,-1,111,112,113,-1,112,114,113,-1,113,114,115,-1,114,116,115,-1,115,116,117,-1,116,118,117,-1,117,118,119,-1,118,120,119,-1,119,120,121,-1,120,122,121,-1,121,122,123,-1,122,124,123,-1,123,124,125,-1,124,126,125,-1,125,126,127,-1,126,128,127,-1,127,128,129,-1,128,130,129,-1,129,130,131,-1,130,108,131,-1,131,108,110,-1,112,109,108,-1,108,130,112,-1,112,130,128,-1,112,128,114,-1,118,116,120,-1,120,116,114,-1,120,114,122,-1,122,114,128,-1,122,128,124,-1,124,128,126,-1,132,133,134,-1,134,133,135,-1,135,133,136,-1,136,133,137,-1,136,137,138,-1,138,137,139,-1,138,139,140,-1,140,139,141,-1,140,141,142,-1,143,144,145,-1,143,145,146,-1,146,145,147,-1,146,147,148,-1,148,147,149,-1,148,149,150,-1,150,149,151,-1,150,151,152,-1,152,151,153,-1,152,153,154,-1,154,153,155,-1,154,155,156,-1,156,155,142,-1,156,142,141,-1,157,158,159,-1,159,158,160,-1,159,161,157,-1,157,161,162,-1,157,162,163,-1,163,162,164,-1,163,164,165,-1,165,164,166,-1,165,166,167,-1,167,166,168,-1,167,168,169,-1,169,168,170,-1,169,170,171,-1,171,170,144,-1,171,144,143,-1,172,173,174,-1,172,174,175,-1,160,158,176,-1,176,158,175,-1,176,175,177,-1,177,175,174,-1,172,178,173,-1,173,178,179,-1,179,178,180,-1,180,178,181,-1,180,181,182,-1,182,181,183,-1,182,183,184,-1,185,186,187,-1,185,187,188,-1,188,187,189,-1,188,189,190,-1,190,189,191,-1,190,191,192,-1,192,191,193,-1,192,193,194,-1,194,193,195,-1,194,195,196,-1,196,195,197,-1,196,197,198,-1,198,197,184,-1,198,184,183,-1,199,200,201,-1,199,201,202,-1,202,201,203,-1,202,203,204,-1,204,203,205,-1,204,205,206,-1,206,205,207,-1,206,207,208,-1,208,207,209,-1,208,209,210,-1,210,209,211,-1,210,211,212,-1,212,211,186,-1,212,186,185,-1,200,199,213,-1,132,134,214,-1,132,214,215,-1,215,214,216,-1,215,216,213,-1,213,216,217,-1,213,217,200,-1,202,141,199,-1,199,141,139,-1,199,139,213,-1,213,139,137,-1,213,137,215,-1,215,137,133,-1,215,133,132,-1,178,172,181,-1,181,172,175,-1,181,175,183,-1,183,175,158,-1,183,158,198,-1,198,158,157,-1,198,157,196,-1,196,157,163,-1,196,163,194,-1,194,163,165,-1,194,165,192,-1,192,165,167,-1,192,167,190,-1,190,167,169,-1,190,169,188,-1,188,169,171,-1,188,171,185,-1,185,171,143,-1,185,143,212,-1,212,143,146,-1,212,146,210,-1,210,146,148,-1,210,148,208,-1,208,148,150,-1,208,150,206,-1,206,150,152,-1,206,152,204,-1,204,152,154,-1,204,154,202,-1,202,154,156,-1,202,156,141,-1,218,219,220,-1,220,219,221,-1,221,219,222,-1,222,219,223,-1,222,223,224,-1,223,225,224,-1,224,225,226,-1,225,227,226,-1,226,227,228,-1,227,229,228,-1,228,229,230,-1,230,229,231,-1,231,229,218,-1,231,218,220,-1,227,225,229,-1,229,225,223,-1,229,223,218,-1,218,223,219,-1,
        ]
    }
}
Shape{
    appearance Appearance {
        material  Material 	{
            diffuseColor 0.25098039215686274 0.25098039215686274 0.25098039215686274
            specularColor 0.12549019607843137 0.12549019607843137 0.12549019607843137
            ambientIntensity 0.251
            transparency 0.0
            shininess 0.5
        }
    }
    geometry IndexedFaceSet {
        ccw TRUE
        solid FALSE
        coord DEF co Coordinate {
            point [
                -0.7113 -0.4784 0.0787, -0.843 -0.4784 0.0787, -0.7701 -0.314 0.0787, -0.7837 -0.314 0.0787, -0.7738 -0.3003 0.0787, -0.7802 -0.3003 0.0787, -0.7764 -0.2864 0.0787, -0.7776 -0.2864 0.0787, -0.31 -0.2816 0.0787, -0.31 -0.5888 0.0787, -0.368 -0.2816 0.0787, -0.3659 -0.5888 0.0787, -0.4074 -0.585 0.0787, -0.5212 -0.4314 0.0787, -0.5179 -0.3922 0.0787, -0.5087 -0.3611 0.0787, -0.4146 -0.2865 0.0787, -0.4405 -0.5746 0.0787, -0.4674 -0.5587 0.0787, -0.4895 -0.5369 0.0787, -0.5061 -0.5097 0.0787, -0.5176 -0.4727 0.0787, -0.495 -0.3368 0.0787, -0.4759 -0.3165 0.0787, -0.4471 -0.2979 0.0787
            ]
        }
        coordIndex [
            0,1,2,-1,2,1,3,-1,2,3,4,-1,4,3,5,-1,4,5,6,-1,6,5,7,-1,8,9,10,-1,10,9,11,-1,10,11,12,-1,13,14,10,-1,10,14,15,-1,10,15,16,-1,12,17,10,-1,10,17,18,-1,10,18,19,-1,19,20,10,-1,10,20,21,-1,10,21,13,-1,22,23,15,-1,15,23,24,-1,15,24,16,-1,
        ]
    }
}