#VRML V2.0 utf8
# 3D model generated by easyeda2kicad.py (https://github.com/uPesy/easyeda2kicad.py)

Shape{
    appearance Appearance {
        material  Material 	{
            diffuseColor 0.996078431372549 0.8705882352941177 0.7607843137254902
            specularColor 0.4980392156862745 0.43529411764705883 0.3803921568627451
            ambientIntensity 0.8956
            transparency 0.0
            shininess 0.5
        }
    }
    geometry IndexedFaceSet {
        ccw TRUE
        solid FALSE
        coord DEF co Coordinate {
            point [
                0.065 -1.1791 3.3649, 0.065 -1.1791 3.2466, 0.1182 -1.1791 3.2466, 0.4537 -1.1791 3.3182, 0.4559 -1.1791 3.2999, 0.4596 -1.1791 3.366, 0.951 -1.1791 3.1912, 0.951 -1.1791 3.366, 0.6267 -1.1791 3.366, 0.1727 -1.1791 3.3648, 0.1827 -1.1791 3.366, 0.1296 -1.1791 3.366, 0.657 -1.1791 3.8488, 0.6267 -1.1791 3.8578, 0.6267 -1.1791 3.6492, 0.2756 -1.1791 3.0192, 0.2703 -1.1791 3.0186, 0.3035 -1.1791 3.0186, 0.245 -1.1791 3.0193, 0.2425 -1.1791 3.0202, 0.2425 -1.1791 3.0186, -0.8561 -1.1791 1.7857, -0.8511 -1.1791 1.7812, -0.487 -1.1791 2.9602, -0.2437 -1.1791 3.377, -0.2278 -1.1791 3.366, -0.0068 -1.1791 3.366, -0.2066 -1.1791 3.3513, -0.1738 -1.1791 3.3129, -0.0691 -1.1791 3.1912, -0.0068 -1.1791 3.1912, -0.0774 -1.1791 3.212, -0.0968 -1.1791 3.239, -0.1225 -1.1791 3.2608, -0.1554 -1.1791 3.2764, -0.1507 -1.1791 3.2748, -0.0068 -1.1791 3.6492, -0.2908 -1.1791 3.3952, -0.936 -1.1791 3.6492, -0.3785 -1.1791 3.3959, -0.3357 -1.1791 3.4007, -0.9604 -1.1791 3.6219, -0.4457 -1.1791 3.366, -0.4225 -1.1791 3.38, -0.9649 -1.1791 3.6168, -1.004 -1.1791 3.5618, -1.0114 -1.1791 3.5513, -1.0415 -1.1791 3.4969, -1.0507 -1.1791 3.4804, -1.0728 -1.1791 3.4275, -1.0831 -1.1791 3.4031, -1.0941 -1.1791 3.366, -0.4495 -1.1791 3.3637, -1.1271 -1.1791 3.195, -1.1274 -1.1791 3.1912, -0.6644 -1.1791 3.1912, -0.6602 -1.1791 3.2149, -0.645 -1.1791 3.2491, -0.6222 -1.1791 3.2783, -0.5505 -1.1791 3.3192, -0.5131 -1.1791 3.3238, -0.4718 -1.1791 3.3446, -0.5022 -1.1791 3.3232, -0.4913 -1.1791 3.3219, -1.1237 -1.1791 3.2353, -0.6158 -1.1791 3.2844, -0.5856 -1.1791 3.3056, -1.0978 -1.1791 3.3539, -1.1078 -1.1791 3.3204, -1.116 -1.1791 3.2763, -0.5973 -1.1791 3.0414, -0.627 -1.1791 3.0667, -1.1319 -1.1791 3.0186, -0.563 -1.1791 3.0247, -0.6486 -1.1791 3.0977, -0.6622 -1.1791 3.133, -1.1319 -1.1791 3.1102, -0.6668 -1.1791 3.1701, -1.1313 -1.1791 3.146, -0.6665 -1.1791 3.1792, -1.1319 -1.1791 2.9657, -0.5002 -1.1791 2.9657, -0.5089 -1.1791 2.9694, -0.5511 -1.1791 3.0212, -0.5499 -1.1791 3.0186, -0.5415 -1.1791 3.0008, -0.5274 -1.1791 2.9834, -0.0068 -1.1791 1.6142, -0.438 -1.1791 2.9595, -0.3445 -1.1791 1.6142, -0.4609 -1.1791 2.9566, -0.4695 -1.1791 1.6224, -0.4293 -1.1791 1.619, -0.3802 -1.1791 1.6148, -1.1141 -1.1791 2.2202, -1.0979 -1.1791 2.1578, -1.0924 -1.1791 2.1363, -1.0728 -1.1791 2.0843, -1.0627 -1.1791 2.0575, -1.0413 -1.1791 2.015, -1.026 -1.1791 1.9848, -1.0035 -1.1791 1.9503, -0.9818 -1.1791 1.9169, -0.9598 -1.1791 1.8904, -0.6374 -1.1791 1.663, -0.5881 -1.1791 1.6483, -0.4646 -1.1791 2.9567, -0.5546 -1.1791 1.6383, -0.5106 -1.1791 1.6301, -0.7856 -1.1791 1.7347, -0.7311 -1.1791 1.7045, -1.1278 -1.1791 2.3167, -1.1274 -1.1791 2.3089, -1.1164 -1.1791 2.2354, -0.796 -1.1791 1.7421, -0.7147 -1.1791 1.6954, -0.6617 -1.1791 1.6732, -1.1319 -1.1791 2.4016, -0.9305 -1.1791 1.855, -0.9112 -1.1791 1.8349, -0.372 -1.1791 3.0186, -0.3721 -1.1791 3.0182, -0.0068 -1.1791 2.9657, -0.3833 -1.1791 2.9971, -0.3979 -1.1791 2.9807, -0.4168 -1.1791 2.9676, -0.4216 -1.1791 2.9657, -0.2509 -1.1791 3.0746, -0.2444 -1.1791 3.0771, -0.2332 -1.1791 3.1312, -0.3898 -1.1791 3.1151, -0.2626 -1.1791 3.1815, -0.4063 -1.1791 3.1302, -0.4265 -1.1791 3.141, -0.2567 -1.1791 3.0704, -0.0778 -1.1791 3.0882, -0.0966 -1.1791 3.062, -0.0068 -1.1791 3.0186, -0.1208 -1.1791 3.1594, -0.1252 -1.1791 3.1777, -0.1325 -1.1791 3.1912, -0.6047 -1.1791 3.1912, -0.0658 -1.1791 3.183, -0.0615 -1.1791 3.1521, -0.0658 -1.1791 3.1182, -0.237 -1.1791 3.0781, -0.2361 -1.1791 3.078, -0.2332 -1.1791 3.0774, -0.5991 -1.1791 3.1342, -0.5878 -1.1791 3.1149, -0.5396 -1.1791 3.1051, -0.5708 -1.1791 3.0975, -0.5501 -1.1791 3.0847, -0.5045 -1.1791 3.1365, -0.5239 -1.1791 3.1231, -0.607 -1.1791 3.172, -0.6059 -1.1791 3.1574, -0.4836 -1.1791 3.1446, -0.4609 -1.1791 3.1473, -0.4494 -1.1791 3.1467, -0.1224 -1.1791 3.0401, -0.1514 -1.1791 3.0259, -0.1829 -1.1791 3.0193, -0.2664 -1.1791 3.0487, -0.2662 -1.1791 3.0524, -0.366 -1.1791 3.061, -0.2643 -1.1791 3.0596, -0.2606 -1.1791 3.0661, -0.1396 -1.1791 3.101, -0.1291 -1.1791 3.1158, -0.1226 -1.1791 3.1327, -0.1203 -1.1791 3.1511, -0.2389 -1.1791 3.0193, -0.2443 -1.1791 3.0201, -0.2505 -1.1791 3.0226, -0.2567 -1.1791 3.027, -0.2589 -1.1791 3.0292, -0.263 -1.1791 3.0352, -0.2655 -1.1791 3.0416, -0.3666 -1.1791 3.0417, -0.366 -1.1791 3.0515, -0.2313 -1.1791 3.0771, -0.1886 -1.1791 3.0771, -0.1716 -1.1791 3.0804, -0.1549 -1.1791 3.0881, -0.1408 -1.1791 3.0996, -0.2223 -1.1791 3.2821, -0.2437 -1.1791 3.3077, -0.4619 -1.1791 3.2527, -0.2462 -1.1791 3.3099, -0.2728 -1.1791 3.3284, -0.4474 -1.1791 3.2827, -0.4687 -1.1791 3.2564, -0.4899 -1.1791 3.2641, -0.134 -1.1791 3.194, -0.145 -1.1791 3.2063, -0.1943 -1.1791 3.2251, -0.1597 -1.1791 3.2165, -0.1763 -1.1791 3.2229, -0.2019 -1.1791 3.2251, -0.2077 -1.1791 3.2516, -0.5454 -1.1791 3.2608, -0.5666 -1.1791 3.2496, -0.522 -1.1791 3.2664, -0.5829 -1.1791 3.235, -0.5961 -1.1791 3.2161, -0.4261 -1.1791 3.3081, -0.3026 -1.1791 3.3398, -0.4007 -1.1791 3.3267, -0.3347 -1.1791 3.3437, -0.3697 -1.1791 3.3393, -0.5122 -1.1791 3.2669, -0.6042 -1.1791 3.195, 0.4861 -1.1791 3.1378, 0.4823 -1.1791 3.0951, 0.5018 -1.1791 3.1912, 0.4596 -1.1791 3.0951, 0.4596 -1.1791 3.0349, 0.4892 -1.1791 3.0349, 0.4823 -1.1791 3.0798, 0.4596 -1.1791 3.0798, 0.4346 -1.1791 3.0798, 0.4346 -1.1791 3.0349, 0.4596 -1.1791 3.1378, 0.4346 -1.1791 3.1378, 0.4346 -1.1791 3.0951, 0.3994 -1.1791 3.115, 0.3614 -1.1791 3.0186, 0.4174 -1.1791 3.0197, 0.4596 -1.1791 3.0186, 0.3347 -1.1791 3.1912, 0.4174 -1.1791 3.1532, 0.4596 -1.1791 3.1912, 0.4596 -1.1791 3.1532, 0.4861 -1.1791 3.1532, 0.3515 -1.1791 3.0434, 0.3535 -1.1791 3.0355, 0.354 -1.1791 3.0355, 0.5018 -1.1791 3.0186, 0.4892 -1.1791 3.0197, 0.4596 -1.1791 3.0197, 0.3547 -1.1791 3.0388, 0.356 -1.1791 3.0433, 0.3347 -1.1791 3.0918, 0.3821 -1.1791 3.115, 0.2348 -1.1791 3.0403, 0.2179 -1.1791 3.1912, 0.2179 -1.1791 3.0186, 0.2348 -1.1791 3.0231, 0.2415 -1.1791 3.0362, 0.2425 -1.1791 3.0358, 0.2425 -1.1791 3.0713, 0.2397 -1.1791 3.0742, 0.2375 -1.1791 3.0777, 0.2356 -1.1791 3.0828, 0.2349 -1.1791 3.0893, 0.2356 -1.1791 3.0953, 0.2424 -1.1791 3.0714, 0.2425 -1.1791 2.9657, 0.2607 -1.1791 3.0175, 0.2511 -1.1791 3.0186, 0.2946 -1.1791 3.113, 0.2946 -1.1791 3.0967, 0.2456 -1.1791 3.1096, 0.2511 -1.1791 3.1128, 0.2425 -1.1791 3.1912, 0.2376 -1.1791 3.1007, 0.2407 -1.1791 3.1052, 0.2425 -1.1791 3.1069, 0.2984 -1.1791 3.0389, 0.2963 -1.1791 3.0336, 0.2932 -1.1791 3.0292, 0.2604 -1.1791 3.116, 0.272 -1.1791 3.1172, 0.3035 -1.1791 3.1912, 0.2838 -1.1791 3.1162, 0.2936 -1.1791 3.0614, 0.2967 -1.1791 3.0568, 0.2985 -1.1791 3.0519, 0.2992 -1.1791 3.0456, 0.2884 -1.1791 3.025, 0.2845 -1.1791 3.0226, 0.2704 -1.1791 3.1036, 0.2655 -1.1791 3.1033, 0.2521 -1.1791 3.0908, 0.261 -1.1791 3.1021, 0.2572 -1.1791 3.1001, 0.2523 -1.1791 3.0886, 0.253 -1.1791 3.086, 0.2542 -1.1791 3.0837, 0.2558 -1.1791 3.0819, 0.2617 -1.1791 3.0783, 0.2811 -1.1791 3.1025, 0.272 -1.1791 3.0738, 0.2906 -1.1791 3.0991, 0.2785 -1.1791 3.0711, 0.2896 -1.1791 3.065, 0.2547 -1.1791 3.0979, 0.2533 -1.1791 3.0957, 0.2525 -1.1791 3.0935, 0.252 -1.1791 3.0323, 0.2602 -1.1791 3.0616, 0.2503 -1.1791 3.0662, 0.2623 -1.1791 3.0311, 0.2631 -1.1791 3.0311, 0.2712 -1.1791 3.057, 0.2716 -1.1791 3.0321, 0.282 -1.1791 3.044, 0.2819 -1.1791 3.0461, 0.2759 -1.1791 3.0337, 0.2775 -1.1791 3.0346, 0.2794 -1.1791 3.0363, 0.2808 -1.1791 3.0384, 0.2817 -1.1791 3.0408, 0.2811 -1.1791 3.0487, 0.2798 -1.1791 3.0509, 0.2777 -1.1791 3.0531, 0.5507 -1.1791 3.2679, 0.5018 -1.1791 3.2679, 0.5643 -1.1791 3.2314, 0.5834 -1.1791 3.2314, 0.6267 -1.1791 3.1912, 0.5326 -1.1791 3.3649, 0.4633 -1.1791 3.2314, 0.4823 -1.1791 3.2314, 0.4952 -1.1791 3.2679, 0.319 -1.1791 3.3495, 0.3347 -1.1791 3.366, 0.319 -1.1791 3.3649, 0.3035 -1.1791 3.366, 0.3035 -1.1791 3.3649, 0.3152 -1.1791 3.3068, 0.3152 -1.1791 3.2915, 0.2675 -1.1791 3.2915, 0.2675 -1.1791 3.2466, 0.3035 -1.1791 3.2466, 0.3035 -1.1791 3.3495, 0.3035 -1.1791 3.3068, 0.2675 -1.1791 3.3495, 0.2675 -1.1791 3.3068, 0.2503 -1.1791 3.2314, 0.3035 -1.1791 3.2314, 0.322 -1.1791 3.2314, 0.322 -1.1791 3.2466, 0.3035 -1.1791 3.2915, 0.2503 -1.1791 3.3649, 0.2425 -1.1791 3.366, -0.7613 -1.1791 3.7918, -0.7958 -1.1791 3.7693, -0.8291 -1.1791 3.7475, -0.8556 -1.1791 3.7256, -0.4293 -1.1791 3.8936, -0.4371 -1.1791 3.8932, -0.5107 -1.1791 3.8822, -0.5258 -1.1791 3.8799, -0.891 -1.1791 3.6963, -0.9112 -1.1791 3.6769, -0.5882 -1.1791 3.8637, -0.6097 -1.1791 3.8581, -0.6618 -1.1791 3.8385, -0.6886 -1.1791 3.8284, -0.7311 -1.1791 3.807, 0.3642 -1.1791 3.8976, 0.3347 -1.1791 3.6492, 0.3999 -1.1791 3.897, 0.4596 -1.1791 3.6492, 0.4489 -1.1791 3.8928, 0.5018 -1.1791 3.6492, 0.4892 -1.1791 3.8894, 0.4596 -1.1791 3.8919, 0.5743 -1.1791 3.8735, 0.5302 -1.1791 3.8817, 0.5018 -1.1791 3.8871, 0.6078 -1.1791 3.8635, 0.9502 -1.1791 3.6568, 0.951 -1.1791 3.6558, 0.951 -1.1791 3.6492, 0.9565 -1.1791 3.6492, 0.9308 -1.1791 3.6769, 0.8758 -1.1791 3.7261, 0.8708 -1.1791 3.7306, 0.8157 -1.1791 3.7697, 0.8052 -1.1791 3.7771, 0.7508 -1.1791 3.8073, 0.7343 -1.1791 3.8164, 0.6814 -1.1791 3.8386, 1.0014 -1.1791 3.5949, 0.9795 -1.1791 3.6214, 1.1145 -1.1791 3.366, 1.112 -1.1791 3.3755, 1.0925 -1.1791 3.4275, 1.0824 -1.1791 3.4543, 1.0609 -1.1791 3.4968, 1.0457 -1.1791 3.5271, 1.0232 -1.1791 3.5615, 1.1477 -1.1791 3.1912, 1.1475 -1.1791 3.1951, 1.1471 -1.1791 3.2029, 1.1361 -1.1791 3.2764, 1.1338 -1.1791 3.2916, 1.1176 -1.1791 3.354, 1.1516 -1.1791 3.1102, 0.951 -1.1791 3.0186, 1.1516 -1.1791 3.0186, 1.1433 -1.1791 2.2766, 1.1468 -1.1791 2.3168, 0.951 -1.1791 2.9657, 1.1027 -1.1791 2.1087, 1.1174 -1.1791 2.1579, 1.1274 -1.1791 2.1915, 1.1357 -1.1791 2.2355, 1.1509 -1.1791 2.3658, 1.1516 -1.1791 2.4016, 1.1516 -1.1791 2.9657, 0.951 -1.1791 1.8575, 0.9801 -1.1791 1.89, 0.9846 -1.1791 1.895, 1.0236 -1.1791 1.95, 1.0311 -1.1791 1.9605, 1.0612 -1.1791 2.0149, 1.0703 -1.1791 2.0314, 1.0925 -1.1791 2.0843, 0.9308 -1.1791 1.8349, 0.6267 -1.1791 2.9657, 0.9107 -1.1791 1.8155, 0.6294 -1.1791 1.6537, 0.6814 -1.1791 1.6733, 0.7082 -1.1791 1.6834, 0.7507 -1.1791 1.7048, 0.781 -1.1791 1.7201, 0.8154 -1.1791 1.7426, 0.8488 -1.1791 1.7643, 0.8753 -1.1791 1.7863, 0.4596 -1.1791 2.9657, 0.5018 -1.1791 1.6254, 0.5018 -1.1791 2.9657, 0.5303 -1.1791 1.6297, 0.5455 -1.1791 1.6319, 0.6079 -1.1791 1.6481, 0.6267 -1.1791 1.653, 0.3642 -1.1791 1.6142, 0.449 -1.1791 1.6183, 0.3347 -1.1791 2.9657, 0.4568 -1.1791 1.6186, 0.4596 -1.1791 1.6191, 0.2179 -1.1791 3.2347, 0.2213 -1.1791 3.2358, 0.2236 -1.1791 3.237, 0.2236 -1.1791 3.2535, 0.1921 -1.1791 3.3516, 0.1858 -1.1791 3.3513, 0.2179 -1.1791 3.2509, 0.2085 -1.1791 3.3496, 0.2236 -1.1791 3.3437, 0.2221 -1.1791 3.3445, 0.2179 -1.1791 3.3461, 0.1743 -1.1791 3.3488, 0.164 -1.1791 3.3437, 0.1557 -1.1791 3.3368, 0.1548 -1.1791 3.3358, 0.1484 -1.1791 3.3265, 0.1439 -1.1791 3.315, 0.1417 -1.1791 3.2966, 0.1419 -1.1791 3.2906, 0.2104 -1.1791 3.2476, 0.1953 -1.1791 3.2448, 0.1891 -1.1791 3.2445, 0.1443 -1.1791 3.2775, 0.1487 -1.1791 3.2669, 0.1548 -1.1791 3.2586, 0.1586 -1.1791 3.255, 0.1775 -1.1791 3.2457, 0.1676 -1.1791 3.2491, 0.2063 -1.1791 3.366, 0.2094 -1.1791 3.3658, 0.2179 -1.1791 3.366, 0.2179 -1.1791 3.3633, 0.2236 -1.1791 3.3617, 0.1332 -1.1791 3.3348, 0.1429 -1.1791 3.3475, 0.1462 -1.1791 3.3506, 0.1587 -1.1791 3.3594, 0.1296 -1.1791 3.0186, 0.1296 -1.1791 3.1912, 0.1216 -1.1791 3.1912, 0.1296 -1.1791 3.2653, 0.1216 -1.1791 3.366, 0.1269 -1.1791 3.32, 0.1296 -1.1791 3.3263, 0.1263 -1.1791 3.2739, 0.1236 -1.1791 3.2956, 0.1239 -1.1791 3.3026, 0.1641 -1.1791 3.2325, 0.1515 -1.1791 3.2385, 0.1408 -1.1791 3.2474, 0.1397 -1.1791 3.2486, 0.1317 -1.1791 3.26, 0.207 -1.1791 3.2311, 0.1866 -1.1791 3.2292, 0.1785 -1.1791 3.2296, 0.1426 -1.1791 3.0654, 0.1449 -1.1791 3.0921, 0.1392 -1.1791 3.0607, 0.1368 -1.1791 3.0548, 0.1955 -1.1791 3.0197, 0.1749 -1.1791 3.0186, 0.1384 -1.1791 3.032, 0.1364 -1.1791 3.0376, 0.1494 -1.1791 3.021, 0.1558 -1.1791 3.0186, 0.1561 -1.1791 3.0186, 0.1881 -1.1791 3.1162, 0.1951 -1.1791 3.1141, 0.1955 -1.1791 3.0345, 0.195 -1.1791 3.0345, 0.1907 -1.1791 3.0283, 0.1851 -1.1791 3.0233, 0.1478 -1.1791 3.0698, 0.1551 -1.1791 3.0735, 0.1547 -1.1791 3.0985, 0.1672 -1.1791 3.0763, 0.1818 -1.1791 3.103, 0.1761 -1.1791 3.1036, 0.1651 -1.1791 3.1024, 0.1438 -1.1791 3.025, 0.1419 -1.1791 3.0268, 0.2006 -1.1791 3.1109, 0.205 -1.1791 3.1065, 0.2084 -1.1791 3.1011, 0.1819 -1.1791 3.0213, 0.1753 -1.1791 3.0186, 0.1449 -1.1791 3.1083, 0.1484 -1.1791 3.1104, 0.1608 -1.1791 3.1152, 0.1777 -1.1791 3.1172, 0.1356 -1.1791 3.0452, 0.1357 -1.1791 3.0477, 0.1955 -1.1791 3.0803, 0.1949 -1.1791 3.0877, 0.1931 -1.1791 3.0936, 0.1912 -1.1791 3.0971, 0.211 -1.1791 3.0933, 0.2122 -1.1791 3.0811, 0.2122 -1.1791 3.0197, 0.1887 -1.1791 3.0998, 0.1857 -1.1791 3.1017, 0.3347 -1.1791 3.0186, 0.3347 -1.1791 3.047, 0.3079 -1.1791 3.115, 0.3266 -1.1791 3.115, 0.3453 -1.1791 3.0199, 0.3447 -1.1791 3.0186, 0.3379 -1.1791 3.0026, 0.3035 -1.1791 2.9657, 0.3113 -1.1791 2.9762, 0.3113 -1.1791 2.9911, 0.3315 -1.1791 2.9931, 0.3346 -1.1791 2.9965, 0.3347 -1.1791 2.9966, 0.3148 -1.1791 2.9899, 0.3208 -1.1791 2.9892, 0.3347 -1.1791 2.9778, 0.3289 -1.1791 2.9756, 0.3221 -1.1791 2.9748, 0.3184 -1.1791 2.975, 0.325 -1.1791 2.9897, 0.3287 -1.1791 2.9911, 0.3561 -1.1791 3.0053, 0.3486 -1.1791 2.9906, 0.3424 -1.1791 2.9832, 0.3413 -1.1791 2.9822, 0.3355 -1.1791 2.9781, 0.6495 -1.1791 3.0197, 0.6304 -1.1791 3.0197, 0.6267 -1.1791 3.0186, 0.7315 -1.1791 3.0197, 0.7179 -1.1791 3.0562, 0.6623 -1.1791 3.0562, 0.6813 -1.1791 3.1532, 0.6997 -1.1791 3.1532, 0.7505 -1.1791 3.0197, 0.5018 -1.1791 3.366, 0.5141 -1.1791 3.3649, 0.5018 -1.1791 3.3324, 0.6159 -1.1791 3.1192, 0.6208 -1.1791 3.1065, 0.623 -1.1791 3.0881, 0.6226 -1.1791 3.0796, 0.6194 -1.1791 3.064, 0.6128 -1.1791 3.0502, 0.6029 -1.1791 3.0384, 0.5889 -1.1791 3.0284, 0.5737 -1.1791 3.0225, 0.5511 -1.1791 3.0197, 0.5144 -1.1791 3.0197, 0.5144 -1.1791 3.1532, 0.5524 -1.1791 3.1532, 0.5728 -1.1791 3.1509, 0.5889 -1.1791 3.145, 0.6029 -1.1791 3.1355, 0.6076 -1.1791 3.1309, 0.3473 -1.1791 3.2314, 0.4488 -1.1791 3.3309, 0.4555 -1.1791 3.2913, 0.4523 -1.1791 3.2757, 0.4457 -1.1791 3.2619, 0.4358 -1.1791 3.2501, 0.4218 -1.1791 3.2401, 0.4066 -1.1791 3.2342, 0.384 -1.1791 3.2314, 0.3473 -1.1791 3.3649, 0.3853 -1.1791 3.3649, 0.4057 -1.1791 3.3626, 0.4218 -1.1791 3.3567, 0.4358 -1.1791 3.3472, 0.4405 -1.1791 3.3426, 0.1658 -1.1791 3.0175, 0.1296 -1.1791 2.9657, 0.2179 -1.1791 2.9657, 0.2179 -1.1791 3.6492, 0.2425 -1.1791 3.6492, 0.3035 -1.1791 3.6492, 0.3347 -1.1791 1.6142, 0.3035 -1.1791 1.6142, 0.2425 -1.1791 1.6142, 0.2179 -1.1791 1.6142, 0.1296 -1.1791 1.6142, 0.1216 -1.1791 2.9657, 0.1216 -1.1791 1.6142, 0.1196 -1.1791 3.0349, 0.1196 -1.1791 3.0197, 0.1216 -1.1791 3.0186, 0.0478 -1.1791 3.0197, 0.1166 -1.1791 3.1378, 0.0478 -1.1791 3.1532, 0.1166 -1.1791 3.1532, 0.065 -1.1791 3.0798, 0.065 -1.1791 3.0349, 0.1128 -1.1791 3.0798, 0.1128 -1.1791 3.0951, 0.065 -1.1791 3.0951, 0.065 -1.1791 3.1378, 0.0478 -1.1791 3.2314, 0.0478 -1.1791 3.3649, 0.1182 -1.1791 3.2314, 0.1216 -1.1791 3.6492, 0.1296 -1.1791 3.6492, 0.1919 -1.1791 3.3671, 0.3347 -1.1791 3.8976, 0.3035 -1.1791 3.8976, 0.2425 -1.1791 3.8976, 0.2179 -1.1791 3.8976, 0.1296 -1.1791 3.8976, 0.1216 -1.1791 3.8976, -0.0068 -1.1791 3.8976, -0.3445 -1.1791 3.8976, 1.1909 0.8288 -1.1811, 0.8366 0.8288 -1.1811, 1.1909 1.1437 -1.1811, 0.8366 1.1831 -1.1811, 1.1516 1.1831 -1.1811, 1.1582 1.1825 -1.1811, 1.1904 1.1503 -1.1811, 1.1674 1.1797 -1.1811, 1.1758 1.1748 -1.1811, 1.1826 1.1679 -1.1811, 1.1876 1.1596 -1.1811, -0.8169 1.1831 -1.1811, -0.8169 0.8288 -1.1811, -1.1319 1.1831 -1.1811, -1.1713 0.8288 -1.1811, -1.1713 1.1437 -1.1811, -1.1707 1.1503 -1.1811, -1.1385 1.1825 -1.1811, -1.1679 1.1596 -1.1811, -1.163 1.1679 -1.1811, -1.1561 1.1748 -1.1811, -1.1478 1.1797 -1.1811, 0.8366 0.8288 0.0394, 0.8366 1.1831 0.0394, -0.8169 0.8288 0.0394, -0.8169 1.1831 0.0394, 0.8366 -0.8248 -1.1811, 1.1909 -0.8248 -1.1811, 0.8366 -1.1791 -1.1811, 1.1909 -1.1398 -1.1811, 1.1516 -1.1791 -1.1811, 1.1582 -1.1786 -1.1811, 1.1904 -1.1463 -1.1811, 1.1876 -1.1556 -1.1811, 1.1826 -1.164 -1.1811, 1.1758 -1.1708 -1.1811, 1.1674 -1.1758 -1.1811, -2.5924 0.7006 3.6809, -2.5902 0.7438 3.6495, -2.5904 0.7408 3.6459, -2.6706 -0.9851 3.3671, -2.6703 -0.9823 3.3725, -2.6704 -0.9783 3.37, -2.7141 -1.0803 2.3367, -2.7136 -1.0853 2.3475, -2.7137 -1.0808 2.3492, -2.8618 1.0846 3.1753, -2.8615 1.0873 3.1694, -2.8616 1.0829 3.1677, -2.9053 0.3197 3.8723, -2.9048 0.3313 3.8697, -2.905 0.3299 3.8651, -3.053 -0.3158 1.6392, -3.0527 -0.3221 1.6406, -3.0528 -0.3208 1.6452, -3.0964 0.7014 1.8297, -3.0959 0.6914 1.8213, -3.096 0.6886 1.8251, -3.2441 -0.6976 3.6824, -3.2438 -0.6918 3.6874, -3.2439 -0.689 3.6836, -3.3917 0.7018 1.8292, -3.3916 0.7 1.8277, -3.3917 0.6972 1.8315, -3.435 1.1627 2.7559, -3.4345 1.1633 2.7444, -3.4346 1.1586 2.7444, -3.5826 -1.1591 2.7559, -3.5824 -1.1594 2.7622, -3.5825 -1.1547 2.7622, -3.7303 1.1633 2.7559, -3.7302 1.1634 2.7549, -3.7303 1.1587 2.7549, -3.7735 0.7015 3.6822, -3.7731 0.7104 3.6763, -3.7732 0.7075 3.6725, -3.9211 -0.6977 1.8294, -3.9209 -0.7022 1.8323, -3.921 -0.6993 1.836, -3.9646 0.3196 1.6395, -3.9641 0.308 1.6355, -3.9642 0.3068 1.6401, -4.1122 -0.3157 3.8726, -4.112 -0.3093 3.8748, -4.1121 -0.3081 3.8703, -4.1292 -0.4366 3.7826, -4.1424 -0.4285 3.7648, -4.1487 -0.5581 3.6991, -4.1157 0.5361 3.6965, -4.136 0.5313 3.6863, -4.1424 0.4036 3.7481, -4.1118 0.9243 3.299, -4.1349 0.9193 3.295, -4.1411 0.8408 3.4106, -4.122 0.7599 2.0015, -4.1425 0.7668 1.9934, -4.1484 0.8587 2.0984, -2.8494 -0.8531 3.472, -2.8577 -0.8692 3.4858, -2.8638 -0.957 3.3658, -2.6333 -0.8563 1.9735, -2.6391 -0.75 1.8708, -2.6359 -0.7339 1.8898, -2.6765 0.109 1.6001, -2.6822 0.2476 1.6208, -2.679 0.2423 1.6451, -2.7288 1.0826 2.3373, -2.7319 1.1094 2.406, -2.7287 1.0857 2.4135, -2.7724 0.9873 3.366, -2.7751 0.9523 3.4236, -2.7719 0.9319 3.4093, -2.8242 -0.1051 3.912, -2.83 -0.2489 3.8899, -2.8268 -0.2436 3.8655, -2.8765 -1.0786 3.1745, -2.8797 -1.1071 3.1007, -2.8765 -1.0833 3.0932, -2.8853 -1.1387 2.9691, -2.886 -1.1428 2.9518, -2.8828 -1.1182 2.9475, -2.8938 -1.1574 2.756, -2.8978 -1.1548 2.6525, -2.8946 -1.13 2.6547, -2.9023 -1.1377 2.5428, -2.904 -1.1314 2.5024, -2.9008 -1.1071 2.5078, -2.9111 -1.08 2.3368, -2.9167 -1.0254 2.2142, -2.9135 -1.0033 2.2258, -2.9286 -0.8559 1.9738, -2.929 -0.8502 1.9668, -2.9258 -0.8318 1.9837, -2.9458 -0.5149 1.7178, -2.9473 -0.484 1.7011, -2.9441 -0.4736 1.7237, -2.9547 -0.3155 1.6402, -2.9599 -0.1913 1.6107, -2.9567 -0.1871 1.6353, -2.9634 -0.1049 1.6018, -2.9659 -0.0413 1.5953, -2.9627 -0.0403 1.6202, -2.9894 0.519 1.7177, -2.9906 0.5461 1.7298, -2.9874 0.5344 1.7519, -2.9982 0.7009 1.8303, -3.0029 0.793 1.9056, -2.9997 0.7761 1.9238, -3.0066 0.8587 1.975, -3.0087 0.8956 2.0141, -3.0055 0.8765 2.0301, -3.0329 1.1424 2.5428, -3.0339 1.1477 2.5653, -3.0307 1.1231 2.5695, -3.0499 1.1415 2.969, -3.0518 1.1342 3.0147, -3.0486 1.1099 3.0092, -3.0762 0.8596 3.5378, -3.0768 0.8505 3.5489, -3.0736 0.8323 3.5319, -3.0847 0.7006 3.6809, -3.0888 0.6184 3.7402, -3.0856 0.6051 3.7191, -3.0935 0.5187 3.7938, -3.0951 0.483 3.813, -3.0919 0.4727 3.7903, -3.1023 0.3196 3.8719, -3.1078 0.1899 3.902, -3.1046 0.1858 3.8774, -3.1194 -0.1052 3.9121, -3.1196 -0.1094 3.912, -3.1164 -0.107 3.8871, -3.137 -0.515 3.7939, -3.1385 -0.5469 3.7794, -3.1353 -0.5352 3.7574, -3.1458 -0.697 3.6816, -3.1507 -0.7929 3.6027, -3.1475 -0.7759 3.5844, -3.1543 -0.8546 3.5368, -3.1566 -0.8951 3.4936, -3.1534 -0.8758 3.4777, -3.1806 -1.1382 2.969, -3.1817 -1.1446 2.9412, -3.1785 -1.12 2.9371, -3.1891 -1.1577 2.756, -3.1935 -1.1538 2.6419, -3.1903 -1.129 2.6443, -3.1976 -1.1375 2.5429, -3.1997 -1.129 2.4918, -3.1965 -1.1047 2.4974, -3.2239 -0.8555 1.9742, -3.2247 -0.843 1.9591, -3.2214 -0.8248 1.9761, -3.2411 -0.5147 1.7181, -3.243 -0.4741 1.6965, -3.2398 -0.4638 1.7193, -3.2671 0.1091 1.6, -3.2675 0.1187 1.6004, -3.2642 0.1162 1.6252, -3.2758 0.3191 1.641, -3.28 0.4157 1.6707, -3.2768 0.4069 1.694, -3.2847 0.5188 1.7181, -3.2864 0.5557 1.735, -3.2831 0.5438 1.7569, -3.2934 0.7011 1.83, -3.2986 0.8007 1.9128, -3.2954 0.7836 1.9309, -3.3105 0.9893 2.1446, -3.3106 0.9906 2.1464, -3.3074 0.9694 2.1595, -3.3282 1.1419 2.5429, -3.3296 1.1494 2.576, -3.3264 1.1247 2.5799, -3.3367 1.1619 2.7558, -3.3414 1.1572 2.8753, -3.3382 1.1324 2.8727, -3.3452 1.1413 2.9689, -3.3475 1.1317 3.0253, -3.3443 1.1075 3.0196, -3.3715 0.8592 3.5375, -3.3725 0.8433 3.5566, -3.3693 0.8252 3.5394, -3.38 0.7008 3.6812, -3.3845 0.6092 3.746, -3.3813 0.5961 3.7247, -3.3887 0.5186 3.7936, -3.3909 0.4731 3.8175, -3.3877 0.4629 3.7947, -3.4147 -0.1051 3.9115, -3.4153 -0.12 3.9109, -3.4121 -0.1174 3.8861, -3.4323 -0.5148 3.7936, -3.4342 -0.5565 3.7742, -3.431 -0.5445 3.7524, -3.4581 -0.9851 3.367, -3.4584 -0.9895 3.3608, -3.4552 -0.9682 3.3478, -3.467 -1.0788 3.1747, -3.4712 -1.1134 3.0798, -3.468 -1.0894 3.0728, -3.4758 -1.1378 2.9689, -3.4774 -1.1462 2.9305, -3.4742 -1.1216 2.9267, -3.4843 -1.1581 2.756, -3.4892 -1.1527 2.6312, -3.486 -1.1279 2.6339, -3.5017 -1.0809 2.3364, -3.5018 -1.0803 2.3345, -3.4986 -1.057 2.3435, -3.5191 -0.8551 1.9745, -3.5203 -0.8357 1.9514, -3.5171 -0.8177 1.9687, -3.5276 -0.6969 1.8305, -3.5324 -0.6006 1.763, -3.5292 -0.5876 1.7843, -3.5364 -0.5146 1.7184, -3.5387 -0.4641 1.6921, -3.5355 -0.4541 1.7149, -3.5624 0.1091 1.6006, -3.5632 0.1293 1.6015, -3.5599 0.1266 1.6263, -3.58 0.5187 1.7183, -3.5821 0.5652 1.7402, -3.5789 0.5531 1.762, -3.6058 0.9888 2.1449, -3.6063 0.9963 2.1557, -3.6031 0.9749 2.1686, -3.6146 1.0829 2.3371, -3.6191 1.1188 2.4373, -3.6158 1.0949 2.4441, -3.6235 1.1416 2.5429, -3.6253 1.151 2.5866, -3.6221 1.1263 2.5903, -3.632 1.1623 2.7559, -3.6371 1.1561 2.8859, -3.6339 1.1313 2.8831, -3.6493 1.0845 3.1753, -3.6496 1.0823 3.1824, -3.6464 1.0591 3.1732, -3.6668 0.8589 3.5372, -3.6682 0.836 3.5642, -3.665 0.818 3.5469, -3.6752 0.701 3.6815, -3.6802 0.5999 3.7516, -3.677 0.587 3.7302, -3.6929 0.3198 3.8729, -3.693 0.318 3.8735, -3.6898 0.3112 3.8495, -3.71 -0.1051 3.911, -3.711 -0.1307 3.9097, -3.7078 -0.1279 3.8849, -3.7187 -0.3153 3.8712, -3.7236 -0.427 3.8352, -3.7204 -0.4178 3.812, -3.7276 -0.5147 3.7934, -3.7299 -0.566 3.769, -3.7267 -0.5538 3.7472, -3.7534 -0.9846 3.3667, -3.7542 -0.9951 3.3515, -3.7509 -0.9737 3.3387, -3.7711 -1.1375 2.9689, -3.7731 -1.1478 2.9199, -3.7699 -1.1231 2.9163, -3.797 -1.0803 2.3366, -3.7975 -1.0763 2.3244, -3.7943 -1.0531 2.3336, -3.8058 -0.9837 2.1457, -3.8101 -0.9262 2.0578, -3.8069 -0.9062 2.0727, -3.8144 -0.8549 1.9747, -3.816 -0.8284 1.9439, -3.8128 -0.8105 1.9613, -3.8229 -0.6972 1.8302, -3.8281 -0.5913 1.7574, -3.8249 -0.5785 1.7789, -3.8405 -0.3157 1.6393, -3.8408 -0.3088 1.6368, -3.8376 -0.3021 1.6609, -3.8576 0.1091 1.601, -3.8589 0.1399 1.6027, -3.8556 0.137 1.6275, -3.8663 0.3193 1.6404, -3.8714 0.436 1.6787, -3.8682 0.4268 1.7018, -3.884 0.7019 1.8291, -3.884 0.7023 1.8294, -3.8808 0.6873 1.8493, -3.901 0.9883 2.1452, -3.902 1.0018 2.165, -3.8988 0.9804 2.1777, -3.9187 1.1413 2.543, -3.921 1.1525 2.5972, -3.9178 1.1278 2.6007, -3.9358 1.1412 2.9689, -3.939 1.1265 3.0464, -3.9358 1.1023 3.0402, -3.9446 1.084 3.1751, -3.9454 1.0782 3.1925, -3.9421 1.0551 3.1832, -3.9535 0.9878 3.3662, -3.958 0.9269 3.4583, -3.9547 0.907 3.4433, -3.9621 0.8587 3.537, -3.9639 0.8286 3.5717, -3.9607 0.8108 3.5542, -3.9705 0.7013 3.6818, -3.976 0.5906 3.7571, -3.9727 0.5779 3.7357, -3.9882 0.3196 3.8723, -3.9887 0.3075 3.8764, -3.9855 0.3009 3.8524, -4.0053 -0.1051 3.9106, -4.0067 -0.1413 3.9085, -4.0035 -0.1383 3.8837, -4.014 -0.3154 3.8716, -4.0193 -0.4371 3.8311, -4.0161 -0.4278 3.808, -4.0316 -0.6977 3.6824, -4.0319 -0.7026 3.6792, -4.0287 -0.6875 3.6594, -4.0487 -0.9842 3.3664, -4.0499 -1.0006 3.3421, -4.0467 -0.9791 3.3295, -4.0576 -1.0795 3.1749, -4.0626 -1.1192 3.0588, -4.0594 -1.0952 3.0523, -4.0664 -1.1373 2.9688, -4.0688 -1.1493 2.9093, -4.0656 -1.1246 2.9059, -4.0922 -1.0797 2.3368, -4.0932 -1.0722 2.3143, -4.09 -1.0491 2.3237, -4.1097 -0.8547 1.9749, -4.1117 -0.821 1.9364, -4.1085 -0.8033 1.9539, -4.1269 -0.5146 1.7185, -4.1302 -0.444 1.6835, -4.127 -0.4344 1.7066, -4.1358 -0.3155 1.6398, -4.1366 -0.2983 1.634, -4.1334 -0.2918 1.6581, -4.1445 -0.1051 1.6014, -4.1487 0.0009 1.5945, -4.1454 0.0009 1.6194, -4.1529 0.109 1.6014, -4.1546 0.1506 1.604, -4.1514 0.1475 1.6288, -4.1634 0.5423 1.7748, -4.1634 0.5621 1.7893, -4.1621 0.5613 1.791, -2.5886 0.974 3.2876, -2.5886 0.9798 3.2737, -2.5962 0.9716 3.2689, -2.5886 1.0816 2.8809, -2.5886 1.0826 2.8538, -2.594 1.0793 2.8533, -2.5886 1.0823 2.7242, -2.5886 1.0818 2.7143, -2.6085 1.0715 2.7139, -2.5886 1.0386 2.4724, -2.5886 1.0267 2.4379, -2.5962 1.0241 2.4383, -2.5886 0.922 2.2117, -2.5886 0.9027 2.183, -2.6065 0.8994 2.1842, -2.5886 0.7455 1.9929, -2.5886 0.723 1.9731, -2.5946 0.7227 1.9731, -2.5886 -0.5346 1.8287, -2.5886 -0.5776 1.855, -2.6021 -0.5828 1.8479, -2.5886 -0.6839 1.9279, -2.5886 -0.6927 1.9356, -2.596 -0.6962 1.9319, -2.5886 -0.8836 2.1325, -2.5886 -0.8863 2.1364, -2.6015 -0.8965 2.1299, -2.5886 -1.1219 2.8833, -2.5886 -1.1223 2.9217, -2.5931 -1.1332 2.8111, -2.5886 -1.1244 2.9811, -2.5886 -1.1255 2.9891, -2.59 -1.1396 2.9693, -2.5886 -1.1267 2.9945, -2.5886 -1.1286 2.9997, -2.5886 -1.1298 3.0016, -2.5886 -1.1309 3.0026, -2.5886 -1.1316 3.0031, -2.5886 -1.1325 3.0035, -2.5886 -1.1327 3.0036, -2.5963 -1.1581 2.8124, -2.5903 -1.1409 2.9624, -2.5886 -1.1223 2.9242, -2.5886 -1.1227 2.9512, -2.5886 -1.123 2.9592, -2.5886 -1.1234 2.9691, -2.5886 -1.1026 2.6451, -2.5886 -1.1054 2.6669, -2.5907 -1.1098 2.6665, -2.5886 -1.1117 2.7159, -2.5989 -1.1309 2.6651, -2.5886 -1.1156 2.7462, -2.5886 -1.1177 2.7726, -2.5886 -1.1191 2.8104, -2.5886 -1.0575 2.4641, -2.5886 -1.0753 2.5249, -2.5968 -1.0886 2.5223, -2.5886 -1.0818 2.5469, -2.5886 -0.9316 2.2012, -2.5886 -0.9643 2.2569, -2.5952 -0.971 2.2536, -2.5886 -0.9809 2.2853, -2.5886 -1.0229 2.373, -2.5886 -1.0282 2.3871, -2.589 -1.0287 2.3869, -2.5886 -1.03 2.3917, -2.6031 -1.0483 2.3804, -2.5886 -0.823 2.0587, -2.5886 -0.7563 1.9904, -2.5886 -0.7946 2.0296, -2.5902 -0.7961 2.0283, -2.5886 -0.8205 2.0563, -2.6075 -0.8077 2.0186, -2.5886 -0.6149 1.8777, -2.5886 -0.3194 1.7389, -2.5886 -0.362 1.7518, -2.5944 -0.3205 1.7363, -2.5886 -0.4399 1.7826, -2.6084 -0.4578 1.7787, -2.5886 -0.4503 1.7867, -2.5886 -0.4526 1.7879, -2.5886 -0.282 1.7276, -2.6007 -0.1835 1.7028, -2.5886 -0.1903 1.7077, -2.5886 -0.0026 1.6918, -2.5886 -0.0443 1.6935, -2.6067 -0.0453 1.6876, -2.5886 -0.0971 1.6957, -2.5886 -0.1823 1.7066, -2.5886 0.0826 1.6953, -2.6125 0.0921 1.6904, -2.5886 0.0925 1.6966, -2.5886 0.1122 1.699, -2.5938 0.23 1.7171, -2.5886 0.1752 1.7069, -2.5886 0.3653 1.7573, -2.5886 0.357 1.7539, -2.6002 0.3651 1.7563, -2.5886 0.2667 1.7264, -2.5886 0.23 1.7185, -2.5886 0.4378 1.7862, -2.6066 0.4942 1.8132, -2.5886 0.4944 1.8145, -2.5886 0.6149 1.8869, -2.5886 0.6147 1.8868, -2.6129 0.614 1.8861, -2.5886 0.6014 1.8769, -2.5886 0.5215 1.828, -2.6189 0.7216 1.9729, -2.5886 0.6774 1.933, -2.5886 0.8691 2.1332, -2.5886 0.819 2.0711, -2.6004 0.8171 2.072, -2.5886 0.8102 2.0603, -2.5886 0.9609 2.2818, -2.5886 1.0077 2.3832, -2.5886 0.9733 2.3058, -2.5898 0.9731 2.3059, -2.5886 1.0808 2.6918, -2.5886 1.0684 2.5982, -2.6025 1.057 2.5756, -2.5886 1.064 2.575, -2.5886 1.062 2.5647, -2.5886 1.0417 3.1046, -2.5886 1.0641 3.0101, -2.6001 1.0574 2.993, -2.5886 1.0667 2.9956, -2.5886 1.0701 2.9762, -2.5886 1.0116 3.1971, -2.5886 1.0314 3.1364, -2.5896 1.0305 3.136, -2.5886 1.04 3.1098, -2.6065 1.0168 3.1302, -2.5886 0.9289 3.3759, -2.5886 0.8752 3.4641, -2.5886 0.9117 3.4042, -2.5893 0.9113 3.4037, -2.5886 0.9212 3.3886, -2.6025 0.8956 3.392, -2.5886 0.7748 3.6165, -2.5935 0.7278 3.6302, -2.5886 0.7749 3.6158, -2.5886 0.775 3.6152, -2.5886 0.7797 3.6039, -2.5886 0.7804 3.6026, -2.5886 0.8312 3.5275, -2.5953 0.8196 3.5162, -2.5886 0.8204 3.543, -2.5886 0.8105 3.5573, -2.5886 0.7757 3.6221, -2.5886 0.7752 3.6213, -2.5886 0.7749 3.6208, -2.5886 0.7746 3.6193, -2.5886 0.7746 3.6189, -4.1634 -1.1301 3.0002, -4.1634 -1.1306 3.0, -4.1617 -1.124 3.0406, -4.1634 -1.1283 3.0015, -4.1634 -1.132 2.9996, -4.1634 -1.1326 2.9995, -4.1634 -1.1336 2.9996, -4.1634 -1.0927 3.0643, -4.1634 -1.107 3.0362, -4.1618 -1.1194 3.0395, -4.1634 -1.1183 3.0139, -4.1634 -1.1192 3.0125, -4.1634 -1.127 3.0025, -4.1634 -1.1274 3.0021, -4.1634 -1.0065 3.232, -4.1634 -1.0399 3.1725, -4.1586 -1.0531 3.1777, -4.1634 -1.043 3.167, -4.1634 -1.0892 3.0714, -4.1598 -0.9707 3.304, -4.1634 -0.9643 3.3004, -4.1634 -0.9883 3.2643, -4.1634 -0.8232 3.4776, -4.1634 -0.8735 3.423, -4.1535 -0.8904 3.4269, -4.1634 -0.8776 3.4177, -4.1634 -0.9336 3.3464, -4.1634 -0.7378 3.5588, -4.1634 -0.7793 3.5204, -4.1608 -0.7821 3.5231, -4.1634 -0.8082 3.4938, -4.1634 -0.6706 3.6102, -4.1634 -0.7078 3.5833, -4.1549 -0.6768 3.6176, -4.1634 -0.5094 3.7079, -4.1634 -0.5484 3.6888, -4.1634 -0.5505 3.6874, -4.1634 -0.6299 3.6397, -4.159 -0.422 3.7511, -4.1634 -0.4633 3.7306, -4.1634 -0.4203 3.7474, -4.1526 -0.2866 3.7984, -4.1634 -0.3453 3.7749, -4.1634 -0.375 3.7651, -4.1634 -0.1603 3.8157, -4.1634 -0.2533 3.7993, -4.1634 -0.2842 3.7911, -4.1634 -0.0681 3.8239, -4.1634 -0.1453 3.817, -4.1464 -0.1474 3.8272, -4.1608 -0.007 3.8262, -4.1634 -0.0069 3.8242, -4.1634 -0.0668 3.824, -4.1634 0.0291 3.8244, -4.1549 0.1308 3.8185, -4.1634 0.1234 3.8164, -4.1634 0.1307 3.8151, -4.1634 0.4019 3.7418, -4.1634 0.3927 3.746, -4.1634 0.3063 3.7768, -4.1487 0.2689 3.7925, -4.1634 0.268 3.7868, -4.1634 0.2158 3.8005, -4.1634 0.5603 3.6609, -4.1634 0.5283 3.6789, -4.1591 0.5289 3.6803, -4.1634 0.4787 3.7069, -4.1634 0.4435 3.7229, -4.1634 0.704 3.5541, -4.1634 0.6451 3.6019, -4.1529 0.6456 3.6032, -4.1634 0.6374 3.6082, -4.1634 0.7721 3.4887, -4.1634 0.7486 3.5112, -4.1469 0.7495 3.5131, -4.1634 0.8663 3.3739, -4.1634 0.8404 3.4092, -4.1634 0.8338 3.4182, -4.1591 0.9194 3.2939, -4.1634 0.8891 3.3428, -4.1634 0.9193 3.2937, -4.1634 1.0114 3.0986, -4.1634 0.9835 3.1679, -4.1528 0.9824 3.1679, -4.1634 0.9764 3.1857, -4.1634 0.9337 3.2702, -4.1634 1.0566 2.9267, -4.1634 1.0387 3.009, -4.1464 1.0283 3.0347, -4.1634 1.0309 3.0346, -4.1634 1.0651 2.8623, -4.1634 1.0605 2.8973, -4.1402 1.056 2.8976, -4.1634 1.0734 2.7385, -4.1634 1.0724 2.7594, -4.159 1.0713 2.7596, -4.1634 1.0691 2.8327, -4.1634 1.0594 2.5604, -4.1634 1.0667 2.6209, -4.1531 1.0629 2.6219, -4.1634 1.0696 2.6441, -4.1634 1.0402 2.4664, -4.1634 1.0433 2.4814, -4.1469 1.0362 2.484, -4.161 1.0007 2.3449, -4.1634 1.0014 2.3445, -4.1634 1.0132 2.3749, -4.1634 0.9418 2.2101, -4.1634 0.9431 2.2128, -4.1546 0.9376 2.2164, -4.1634 0.9786 2.2862, -4.1634 0.8346 2.0449, -4.1634 0.8368 2.0475, -4.1634 0.8675 2.0909, -4.1634 0.8926 2.1264, -4.154 0.6709 1.889, -4.1634 0.6773 1.88, -4.1634 0.7121 1.9103, -4.1634 0.7743 1.9733, -4.1599 0.777 1.9823, -4.1634 0.7795 1.9796, -4.1478 0.5516 1.8088, -4.1634 0.5902 1.8101, -4.1634 0.6346 1.8428, -4.1634 0.4359 1.7077, -4.1634 0.4437 1.7124, -4.1557 0.4288 1.7255, -4.1634 0.3609 1.6523, -4.1634 0.3609 1.6527, -4.1576 0.294 1.6576, -4.1616 0.3197 1.6392, -4.1634 0.3611 1.6514, -4.1634 0.361 1.6539, -4.1634 0.3617 1.6558, -4.1634 0.3619 1.6563, -4.1634 0.3646 1.66, -4.1634 0.368 1.6634, -4.1634 0.3734 1.6679, -4.1634 0.3817 1.6739, -4.1634 0.3944 1.6824, -4.1634 0.414 1.6945, -4.1608 0.3003 1.6335, -4.1396 -0.1454 1.629, -4.1428 -0.1487 1.6043, -4.1206 -0.5693 1.7735, -4.1238 -0.5819 1.7519, -4.1144 -0.6932 1.8568, -4.1176 -0.7085 1.8371, -4.1181 -0.6975 1.8297, -4.1058 -0.9197 2.0492, -4.0964 -0.9827 2.1885, -4.0996 -1.0044 2.1761, -4.1011 -0.984 2.1455, -4.0868 -1.1212 2.4602, -4.0749 -1.1592 2.7559, -4.0806 -1.1502 2.61, -4.0774 -1.1255 2.613, -4.0834 -1.1372 2.543, -4.0715 -1.1345 2.7595, -4.0747 -1.1594 2.7596, -4.053 -1.0463 3.1948, -4.0563 -1.0693 3.2044, -4.0437 -0.9151 3.4685, -4.0346 -0.7982 3.563, -4.0378 -0.8157 3.5807, -4.0401 -0.8546 3.5368, -4.0229 -0.5146 3.7933, -4.0257 -0.5755 3.7636, -4.0225 -0.5631 3.7419, -4.0097 -0.2849 3.8556, -4.0129 -0.2911 3.8797, -4.0008 0.0083 3.9173, -3.9917 0.1546 3.8821, -3.9949 0.158 3.9068, -3.9969 0.109 3.9102, -3.9793 0.5185 3.7933, -3.9823 0.453 3.8262, -3.9791 0.4433 3.8032, -3.9665 0.7013 3.6517, -3.9697 0.7167 3.6714, -3.9485 0.9893 3.3187, -3.9517 1.011 3.331, -3.9296 1.1301 2.8936, -3.9328 1.1548 2.8965, -3.9237 1.1384 2.7472, -3.9269 1.1634 2.7469, -3.9273 1.1629 2.7559, -3.9148 1.1218 2.4477, -3.9052 1.0482 2.3121, -3.9084 1.0712 2.3024, -3.9099 1.0832 2.337, -3.8958 0.9158 2.0391, -3.8867 0.7985 1.9452, -3.8899 0.8159 1.9274, -3.8924 0.8585 1.975, -3.8752 0.5186 1.7185, -3.8778 0.5747 1.7455, -3.8746 0.5624 1.7672, -3.8618 0.2837 1.6549, -3.8651 0.2898 1.6307, -3.853 -0.0096 1.5945, -3.8439 -0.1558 1.6304, -3.8471 -0.1593 1.6057, -3.8492 -0.105 1.6017, -3.8317 -0.5146 1.7185, -3.8345 -0.4541 1.6878, -3.8313 -0.4443 1.7107, -3.8187 -0.7015 1.8633, -3.8219 -0.7169 1.8437, -3.8007 -0.988 2.1978, -3.8039 -1.0098 2.1856, -3.7849 -1.1515 2.6206, -3.7881 -1.1372 2.543, -3.7879 -1.0997 2.4768, -3.7911 -1.1239 2.4707, -3.7759 -1.1344 2.7698, -3.7791 -1.1594 2.7702, -3.7796 -1.1586 2.756, -3.7669 -1.1164 3.0693, -3.7573 -1.0422 3.2046, -3.7605 -1.0651 3.2145, -3.7623 -1.0791 3.1748, -3.748 -0.9085 3.4769, -3.7364 -0.6977 3.6825, -3.7421 -0.8082 3.5881, -3.7389 -0.7908 3.5702, -3.7448 -0.8545 3.5367, -3.733 -0.6791 3.6657, -3.7362 -0.694 3.6857, -3.714 -0.2746 3.8582, -3.7172 -0.2806 3.8824, -3.7051 0.0189 3.9172, -3.696 0.165 3.8806, -3.6992 0.1686 3.9053, -3.7016 0.109 3.91, -3.684 0.5185 3.7934, -3.6866 0.4631 3.8219, -3.6834 0.4531 3.799, -3.6708 0.7095 3.6453, -3.674 0.7251 3.6647, -3.6622 0.9334 3.4497, -3.6528 0.9946 3.3094, -3.656 1.0164 3.3215, -3.6582 0.9875 3.3661, -3.6405 1.1412 2.9689, -3.6433 1.1292 3.0358, -3.6401 1.1049 3.0299, -3.628 1.1383 2.7369, -3.6312 1.1632 2.7364, -3.6095 1.044 2.3023, -3.6127 1.0669 2.2923, -3.5972 0.8585 1.9751, -3.6001 0.9091 2.0307, -3.5969 0.8897 2.0463, -3.591 0.7911 1.938, -3.5943 0.8084 1.9201, -3.5851 0.6788 1.843, -3.5883 0.6937 1.8229, -3.5887 0.7015 1.8296, -3.5757 0.4259 1.6746, -3.5661 0.2734 1.6523, -3.5693 0.2793 1.6281, -3.5711 0.3192 1.6408, -3.5573 -0.0202 1.5947, -3.5453 -0.3158 1.6391, -3.5514 -0.17 1.6073, -3.5481 -0.1662 1.632, -3.5539 -0.105 1.6018, -3.5419 -0.3123 1.6638, -3.5451 -0.3193 1.6398, -3.523 -0.7097 1.8698, -3.5262 -0.7253 1.8504, -3.5144 -0.9326 2.0664, -3.5049 -0.9932 2.2071, -3.5082 -1.0151 2.1951, -3.5105 -0.9835 2.1458, -3.4929 -1.1373 2.5429, -3.4954 -1.1265 2.4812, -3.4922 -1.1022 2.4871, -3.4802 -1.1342 2.7801, -3.4834 -1.1592 2.7807, -3.4616 -1.0379 3.2144, -3.4648 -1.0607 3.2245, -3.4464 -0.8006 3.5954, -3.4495 -0.8546 3.5367, -3.4491 -0.8825 3.4696, -3.4523 -0.9018 3.4853, -3.4373 -0.6706 3.672, -3.4405 -0.6854 3.6921, -3.4411 -0.6973 3.682, -3.4278 -0.4168 3.8392, -3.4183 -0.2643 3.8608, -3.4215 -0.2701 3.885, -3.4234 -0.3152 3.8709, -3.4062 0.0288 3.8921, -3.4095 0.0294 3.917, -3.3976 0.3197 3.8724, -3.4035 0.1793 3.9037, -3.4003 0.1754 3.8791, -3.4063 0.1089 3.91, -3.394 0.3214 3.8466, -3.3973 0.3285 3.8705, -3.3751 0.7177 3.6387, -3.3783 0.7335 3.658, -3.3665 0.9398 3.4411, -3.354 1.0848 3.1754, -3.3603 1.0216 3.312, -3.3571 0.9997 3.3001, -3.3629 0.9874 3.366, -3.3507 1.0629 3.1633, -3.3539 1.0862 3.1722, -3.3323 1.1381 2.7265, -3.3355 1.163 2.7259, -3.3233 1.1158 2.4268, -3.3137 1.0397 2.2925, -3.3169 1.0625 2.2823, -3.3194 1.0827 2.3372, -3.3019 0.8585 1.9751, -3.3044 0.9024 2.0224, -3.3012 0.8831 2.0381, -3.2894 0.6704 1.8367, -3.2926 0.685 1.8165, -3.2704 0.263 1.6498, -3.2736 0.2687 1.6255, -3.2557 -0.1806 1.6089, -3.2587 -0.105 1.6019, -3.2584 -0.03 1.6199, -3.2616 -0.0307 1.595, -3.2462 -0.3226 1.6668, -3.2494 -0.3297 1.6429, -3.25 -0.3157 1.6397, -3.2366 -0.6098 1.7687, -3.2273 -0.7178 1.8764, -3.2305 -0.7336 1.8572, -3.2323 -0.6967 1.8308, -3.2187 -0.939 2.0751, -3.2064 -1.0805 2.3366, -3.2124 -1.0203 2.2046, -3.2092 -0.9983 2.2164, -3.2153 -0.9834 2.1458, -3.2028 -1.0609 2.3535, -3.206 -1.0842 2.3447, -3.1845 -1.134 2.7904, -3.1877 -1.1589 2.7912, -3.1755 -1.1103 3.0902, -3.1629 -0.9853 3.3672, -3.1691 -1.0563 3.2345, -3.1659 -1.0336 3.2241, -3.1717 -1.0787 3.1746, -3.1595 -0.9626 3.3568, -3.1627 -0.9838 3.37, -3.1415 -0.6621 3.6782, -3.1448 -0.6767 3.6984, -3.1321 -0.4066 3.8431, -3.1225 -0.2539 3.8632, -3.1258 -0.2595 3.8875, -3.1282 -0.3152 3.8707, -3.111 0.1089 3.91, -3.1138 0.0399 3.9167, -3.1106 0.0391 3.8918, -3.0983 0.3316 3.8435, -3.1015 0.3389 3.8674, -3.0794 0.7258 3.6321, -3.0826 0.7417 3.6513, -3.0676 0.9873 3.366, -3.0708 0.9461 3.4324, -3.0676 0.9258 3.4179, -3.0614 1.0048 3.2907, -3.0646 1.0268 3.3024, -3.055 1.0667 3.1533, -3.0582 1.0901 3.162, -3.0588 1.0842 3.1751, -3.0457 1.1583 2.8646, -3.0366 1.1378 2.7162, -3.0399 1.1627 2.7153, -3.0414 1.1615 2.7559, -3.0276 1.1127 2.4164, -3.0152 0.989 2.1448, -3.0212 1.058 2.2724, -3.018 1.0353 2.2828, -3.0241 1.0826 2.3373, -3.0116 0.9638 2.1505, -3.0149 0.9849 2.1372, -2.9937 0.6618 1.8306, -2.9969 0.6762 1.8103, -2.9842 0.4055 1.6668, -2.9718 0.1091 1.5995, -2.9779 0.2582 1.6231, -2.9747 0.2527 1.6474, -2.9805 0.3191 1.6412, -2.9685 0.1058 1.6242, -2.9718 0.108 1.5993, -2.9505 -0.3328 1.6699, -2.9537 -0.3402 1.646, -2.9409 -0.619 1.7745, -2.9316 -0.7259 1.8831, -2.9348 -0.7419 1.864, -2.9371 -0.6966 1.831, -2.92 -0.9833 2.1458, -2.923 -0.9452 2.0838, -2.9198 -0.9249 2.0982, -2.9071 -1.0646 2.3635, -2.9103 -1.088 2.355, -2.8888 -1.1336 2.8008, -2.892 -1.1585 2.8018, -2.8676 -0.9847 3.3669, -2.8733 -1.0517 3.2444, -2.8701 -1.0291 3.2339, -2.855 -0.7852 3.6099, -2.859 -0.8548 3.5369, -2.8609 -0.8883 3.5018, -2.867 -0.978 3.3792, -2.8428 -0.5373 3.7845, -2.849 -0.6679 3.7047, -2.8458 -0.6535 3.6843, -2.8364 -0.3964 3.8469, -2.8418 -0.5152 3.7943, -2.8396 -0.5257 3.7624, -2.8181 0.0505 3.9163, -2.8239 -0.0987 3.9129, -2.8207 -0.0966 3.8881, -2.8121 0.2005 3.9002, -2.8158 0.1089 3.9101, -2.8149 0.0494 3.8914, -2.7994 0.4929 3.8085, -2.8058 0.3493 3.8642, -2.8026 0.3418 3.8404, -2.7931 0.6276 3.7344, -2.7982 0.5189 3.7942, -2.7962 0.4824 3.7859, -2.7811 0.8577 3.5411, -2.7869 0.7499 3.6444, -2.7837 0.7338 3.6254, -2.7688 1.0319 3.2927, -2.7561 1.1366 3.0041, -2.7624 1.0939 3.1517, -2.7592 1.0704 3.1433, -2.75 1.1592 2.854, -2.7547 1.1419 2.9691, -2.7529 1.1122 2.9989, -2.7382 1.1458 2.5547, -2.7442 1.1623 2.7047, -2.741 1.1374 2.7059, -2.7255 1.0534 2.2625, -2.713 0.8888 2.0059, -2.7191 0.979 2.128, -2.7159 0.9581 2.1416, -2.7072 0.7853 1.8984, -2.7113 0.8589 1.9748, -2.7098 0.8698 2.0221, -2.6949 0.5364 1.7248, -2.7012 0.6674 1.804, -2.698 0.6532 1.8245, -2.6885 0.3952 1.6631, -2.6941 0.5192 1.7173, -2.6917 0.525 1.7469, -2.6702 -0.0518 1.5957, -2.6761 0.0974 1.5984, -2.6728 0.0954 1.6233, -2.6642 -0.2019 1.6125, -2.6681 -0.1049 1.6017, -2.667 -0.0506 1.6206, -2.6515 -0.4939 1.7057, -2.6579 -0.3506 1.6493, -2.6547 -0.343 1.673, -2.6452 -0.6282 1.7803, -2.6505 -0.5151 1.7174, -2.6483 -0.4832 1.7282, -2.6273 -0.9514 2.0927, -2.6333 -0.8573 1.9746, -2.6301 -0.8388 1.9913, -2.621 -1.0304 2.2239, -2.6247 -0.9834 2.1458, -2.6241 -0.9309 2.1069, -2.6082 -1.1337 2.513, -2.6146 -1.0918 2.3652, -2.6114 -1.0683 2.3736, -2.6021 -1.1557 2.6632, -2.607 -1.1381 2.5427, -2.605 -1.1093 2.5181, -2.5985 -1.1572 2.7559, -2.8505 -0.6968 3.6813, -2.8518 -0.7683 3.5915, -2.8436 -0.7542 3.5758, -2.8293 -0.7408 3.5605, -2.8376 -0.6416 3.6669, -2.8233 -0.6303 3.65, -2.8059 -0.6221 3.6373, -2.6158 -0.9134 2.1187, -2.6218 -0.823 2.0054, -2.6159 -1.0795 2.337, -2.6178 -1.0082 2.2353, -2.6095 -0.9893 2.2447, -2.8313 -0.5162 3.7436, -2.817 -0.5072 3.7254, -2.7997 -0.5008 3.7117, -2.7792 -0.4965 3.702, -2.6588 -0.0494 1.6418, -2.6646 0.0939 1.6444, -2.6445 -0.048 1.662, -2.6503 0.0927 1.6646, -2.6271 -0.0466 1.677, -2.6329 0.0922 1.6797, -2.6594 -0.3154 1.6406, -2.661 -0.1975 1.6371, -2.6528 -0.1935 1.6578, -2.6385 -0.1894 1.6777, -2.6211 -0.1861 1.6924, -2.6465 -0.3363 1.6931, -2.6322 -0.3296 1.7123, -2.6148 -0.3244 1.7264, -2.6418 -0.6965 1.831, -2.642 -0.6146 1.8012, -2.6338 -0.6029 1.8189, -2.6401 -0.474 1.7472, -2.6195 -0.5915 1.8356, -2.6258 -0.4648 1.7654, -2.6276 -0.72 1.9058, -2.6134 -0.7064 1.9209, -2.8329 -0.3152 3.8706, -2.8332 -0.3879 3.8234, -2.8249 -0.3809 3.8035, -2.8106 -0.3744 3.7842, -2.7933 -0.3698 3.7699, -2.7728 -0.3669 3.7596, -2.748 -0.3659 3.7538, -2.7029 0.7006 1.8306, -2.704 0.7685 1.9168, -2.6897 0.6413 1.842, -2.6958 0.7544 1.9326, -2.6755 0.6301 1.8589, -2.6815 0.7411 1.9479, -2.6581 0.622 1.8716, -2.6641 0.7314 1.9595, -2.6376 0.6165 1.8808, -2.6436 0.7248 1.9679, -2.6835 0.5155 1.7658, -2.6692 0.5066 1.7841, -2.6518 0.5002 1.7977, -2.6313 0.496 1.8075, -2.6852 0.3191 1.6413, -2.6853 0.3868 1.6866, -2.6771 0.3799 1.7066, -2.6628 0.3735 1.7258, -2.6454 0.369 1.7402, -2.6249 0.3662 1.7505, -2.6707 0.2381 1.6659, -2.6564 0.2343 1.6858, -2.6391 0.2318 1.7007, -2.6186 0.2303 1.7112, -2.8186 -0.2393 3.8448, -2.8043 -0.2354 3.8249, -2.7869 -0.2327 3.8101, -2.7665 -0.2312 3.7995, -2.7417 -0.2309 3.7936, -2.7174 -0.232 3.7939, -2.8125 -0.0951 3.867, -2.7982 -0.0938 3.8467, -2.7808 -0.0931 3.8317, -2.7603 -0.093 3.821, -2.7356 -0.0935 3.8151, -2.7113 -0.0945 3.8156, -2.6882 -0.096 3.8218, -2.7199 0.9885 2.145, -2.7223 1.0308 2.2731, -2.7077 0.9404 2.1532, -2.714 1.0118 2.2823, -2.6934 0.9236 2.1646, -2.6997 0.9936 2.2914, -2.676 0.9113 2.1733, -2.6824 0.9803 2.2984, -2.6556 0.9028 2.1797, -2.6619 0.971 2.3036, -2.6308 0.8984 2.1837, -2.6371 0.9661 2.307, -2.6129 0.967 2.3077, -2.5886 0.9695 2.2973, -2.7016 0.8538 2.0359, -2.6873 0.8386 2.0494, -2.6699 0.8275 2.0596, -2.6494 0.8199 2.0671, -2.6247 0.8161 2.0716, -2.8066 0.0483 3.8703, -2.7923 0.0469 3.85, -2.775 0.0456 3.835, -2.7545 0.0444 3.8244, -2.7298 0.0432 3.8186, -2.7055 0.0422 3.8192, -2.6824 0.0415 3.8255, -2.6621 0.0411 3.8369, -2.7462 1.1612 2.7559, -2.7468 1.1344 2.8519, -2.7327 1.1162 2.7071, -2.7385 1.1133 2.8504, -2.7184 1.096 2.7085, -2.7242 1.093 2.8492, -2.701 1.081 2.7098, -2.7069 1.078 2.8486, -2.6806 1.0704 2.711, -2.6864 1.0673 2.8484, -2.6558 1.0646 2.7123, -2.6616 1.0614 2.8489, -2.6316 1.0652 2.7132, -2.6374 1.0618 2.85, -2.6143 1.0681 2.8514, -2.5886 1.0851 2.7861, -2.7376 1.1429 2.5427, -2.7349 1.1213 2.5591, -2.7267 1.1005 2.563, -2.7124 1.0806 2.567, -2.695 1.0659 2.5703, -2.6746 1.0555 2.5729, -2.6498 1.05 2.5749, -2.6256 1.0506 2.5757, -2.7204 1.0656 2.4201, -2.7061 1.0464 2.4267, -2.6888 1.0322 2.4319, -2.6683 1.0223 2.4359, -2.6435 1.017 2.4386, -2.6193 1.0178 2.4393, -2.8071 0.3194 3.8714, -2.8089 0.1962 3.8757, -2.8006 0.1923 3.8549, -2.7863 0.1884 3.835, -2.769 0.1852 3.8202, -2.7485 0.1826 3.8099, -2.7238 0.1806 3.8043, -2.6995 0.1797 3.805, -2.6764 0.1799 3.8114, -2.6561 0.1809 3.8227, -2.6394 0.1828 3.8378, -2.7447 1.0915 2.9946, -2.751 1.0504 3.1363, -2.7304 1.0715 2.9908, -2.7367 1.0312 3.1299, -2.713 1.0567 2.9882, -2.7193 1.0168 3.1253, -2.6925 1.0461 2.9867, -2.6989 1.0065 3.1225, -2.6678 1.0402 2.9864, -2.6741 1.0007 3.1214, -2.6435 1.0405 2.9875, -2.6498 1.0009 3.1225, -2.6204 1.0465 2.9897, -2.6268 1.0065 3.1256, -2.7944 0.3353 3.8203, -2.7801 0.3287 3.8011, -2.7627 0.3236 3.7869, -2.7422 0.3196 3.777, -2.7175 0.3169 3.7717, -2.6932 0.3162 3.7725, -2.6701 0.3171 3.7788, -2.6498 0.3197 3.7899, -2.6332 0.3236 3.8046, -2.62 0.3288 3.8235, -2.7635 1.0837 3.1749, -2.7656 1.0097 3.2813, -2.7574 0.9909 3.2717, -2.7637 0.9144 3.3973, -2.7431 0.9726 3.2628, -2.7494 0.8975 3.3861, -2.7257 0.959 3.2564, -2.732 0.8848 3.378, -2.7053 0.9492 3.2522, -2.7115 0.8757 3.3725, -2.6805 0.9436 3.2504, -2.6868 0.8703 3.3699, -2.6562 0.9436 3.2515, -2.6625 0.8702 3.371, -2.6332 0.9487 3.2552, -2.6394 0.8748 3.3755, -2.6128 0.9584 3.2612, -2.6191 0.8836 3.3827, -2.788 0.4732 3.7668, -2.7737 0.4641 3.7486, -2.7563 0.4572 3.7353, -2.7358 0.452 3.726, -2.7111 0.4486 3.7211, -2.6868 0.4479 3.722, -2.6637 0.4498 3.7281, -2.6434 0.4538 3.7387, -2.6268 0.4595 3.7529, -2.6136 0.4673 3.7708, -2.606 0.4753 3.7889, -2.781 0.8601 3.5382, -2.7779 0.8393 3.5243, -2.7697 0.8236 3.5102, -2.7755 0.72 3.6094, -2.7554 0.8083 3.4969, -2.7612 0.7066 3.5942, -2.738 0.7967 3.4872, -2.7438 0.6964 3.5831, -2.7176 0.7884 3.4806, -2.7234 0.6889 3.5754, -2.6928 0.7834 3.4773, -2.6986 0.6844 3.5716, -2.6685 0.7831 3.4784, -2.6743 0.684 3.5726, -2.6454 0.7871 3.4834, -2.6513 0.6873 3.5781, -2.6251 0.7949 3.4917, -2.6309 0.6939 3.5873, -2.6085 0.8056 3.5025, -2.6143 0.7032 3.5994, -2.6011 0.7153 3.6148, -2.7894 0.7005 3.6808, -2.7899 0.6141 3.7134, -2.7816 0.6025 3.6958, -2.7673 0.5911 3.6789, -2.75 0.5825 3.6666, -2.7295 0.5761 3.6581, -2.7047 0.5721 3.6537, -2.6805 0.5716 3.6547, -2.6574 0.5742 3.6605, -2.6371 0.5795 3.6705, -2.6204 0.5871 3.6837, -2.6072 0.5971 3.7005, -2.5996 0.6075 3.7174, -2.5965 0.6183 3.7347, -4.1522 -0.9881 3.3135, -4.149 -1.0059 3.3235, -4.1428 -0.9227 3.4508, -4.1476 -0.7964 3.5364, -4.14 -0.8107 3.5501, -4.1342 -0.7017 3.6481, -4.131 -0.7144 3.664, -4.1248 -0.5893 3.75, -4.1228 -0.297 3.8316, -4.1152 -0.3025 3.8506, -4.109 -0.1563 3.8811, -4.1058 -0.1592 3.9013, -4.0999 -0.0101 3.9125, -4.1298 -0.1501 3.8423, -4.1239 -0.0087 3.8528, -4.1107 -0.0094 3.8723, -4.1048 0.1344 3.8645, -4.0972 0.1365 3.8842, -4.091 0.2832 3.8569, -4.0879 0.2881 3.8766, -4.0815 0.4338 3.829, -4.1346 0.1314 3.8298, -4.1284 0.2709 3.8036, -4.1118 0.2741 3.8186, -4.1054 0.4122 3.7733, -4.0922 0.419 3.7915, -4.0858 0.5523 3.7273, -4.0782 0.5619 3.7447, -4.072 0.6867 3.6627, -4.0689 0.699 3.679, -4.063 0.8122 3.5814, -4.1221 0.4071 3.7589, -4.099 0.5431 3.7101, -4.0928 0.6636 3.6309, -4.0796 0.675 3.6467, -4.0737 0.7843 3.5525, -4.0661 0.798 3.5668, -4.0602 0.8957 3.4576, -4.0571 0.9118 3.4702, -4.0509 0.9975 3.3449, -4.1095 0.6549 3.6183, -4.0869 0.7709 3.5382, -4.0678 0.8803 3.4451, -4.054 0.98 3.3344, -4.0445 1.0666 3.2081, -4.1298 0.6487 3.6088, -4.1239 0.7533 3.5183, -4.1035 0.7607 3.5269, -4.0977 0.8536 3.4228, -4.081 0.8652 3.4327, -4.0748 0.9465 3.3138, -4.0616 0.963 3.3241, -4.0553 1.0297 3.1921, -4.0477 1.0479 3.2001, -4.0413 1.0974 3.0579, -4.0381 1.1171 3.0633, -4.0319 1.1478 2.9144, -4.118 0.8452 3.4152, -4.0915 0.9336 3.3055, -4.0684 1.0119 3.184, -4.0489 1.0784 3.0524, -4.0351 1.1275 2.9116, -4.026 1.1586 2.7654, -4.1054 0.988 3.1724, -4.0851 0.9981 3.1775, -4.0787 1.0451 3.0421, -4.0621 1.0597 3.0467, -4.0558 1.0887 2.9055, -4.0427 1.1079 2.9086, -4.0368 1.1184 2.7647, -4.0292 1.1382 2.7651, -4.0233 1.13 2.6188, -4.0201 1.1502 2.6164, -4.0139 1.122 2.4671, -4.1221 1.0286 3.0357, -4.1159 1.0564 2.8987, -4.0928 1.0625 2.9005, -4.0869 1.0723 2.7625, -4.0666 1.0836 2.7634, -4.0607 1.0756 2.624, -4.0441 1.0908 2.6228, -4.0379 1.064 2.4813, -4.0247 1.083 2.4769, -4.0183 1.0366 2.3364, -4.0107 1.0551 2.3292, -4.0043 0.9894 2.1937, -4.0012 1.0072 2.1836, -3.995 0.9235 2.0568, -4.1342 1.0655 2.7605, -4.1284 1.0572 2.6236, -4.1041 1.0579 2.6245, -4.0979 1.0315 2.4873, -4.0748 1.0379 2.4866, -4.0684 0.9932 2.352, -4.0481 1.004 2.3485, -4.0418 0.9413 2.2195, -4.0251 0.9549 2.2125, -4.0189 0.8754 2.0923, -4.0057 0.8912 2.0808, -3.9998 0.7968 1.9718, -3.9922 0.8111 1.9581, -3.9863 0.7016 1.8605, -3.9832 0.7142 1.8445, -3.977 0.5886 1.759, -4.1634 1.0193 2.3955, -4.1406 0.9912 2.3497, -4.1342 0.9288 2.2224, -4.1094 0.9242 2.2262, -4.1032 0.8468 2.1099, -4.0789 0.8478 2.1103, -4.073 0.7575 2.0067, -4.0499 0.7626 2.0029, -4.044 0.6593 1.9112, -4.0237 0.6669 1.9027, -4.0175 0.5494 1.823, -4.0009 0.5576 1.8101, -3.9945 0.4277 1.745, -3.9813 0.4358 1.7272, -3.9749 0.2959 1.6788, -3.9674 0.3014 1.6598, -3.9611 0.1551 1.63, -3.958 0.1579 1.6098, -3.9521 0.0088 1.5992, -4.1162 0.6564 1.9102, -4.0914 0.6536 1.9154, -4.0852 0.5378 1.8373, -4.0609 0.539 1.8373, -4.0546 0.4128 1.7744, -4.0315 0.4161 1.7689, -4.0251 0.282 1.7228, -4.0048 0.2857 1.7121, -3.9986 0.1464 1.6839, -3.9819 0.1491 1.6689, -3.976 0.0077 1.659, -3.9628 0.0083 1.6395, -3.9569 -0.1356 1.6479, -3.9493 -0.1378 1.6282, -3.9431 -0.2843 1.6563, -3.94 -0.2894 1.6365, -3.9336 -0.4349 1.6849, -4.1414 0.4215 1.7444, -4.124 0.4164 1.7586, -4.1177 0.2808 1.7126, -4.0972 0.2789 1.723, -4.091 0.1411 1.6956, -4.0662 0.1413 1.7016, -4.0603 0.0042 1.6924, -4.0361 0.0052 1.6919, -4.0302 -0.1319 1.7003, -4.0071 -0.1318 1.6939, -4.0009 -0.2698 1.7206, -3.9806 -0.2719 1.7095, -3.9742 -0.4078 1.7549, -3.9575 -0.413 1.7405, -3.9512 -0.5436 1.8043, -3.938 -0.5529 1.7871, -3.9318 -0.6751 1.8682, -3.9242 -0.687 1.8523, -3.9183 -0.7977 1.9486, -3.9151 -0.812 1.9341, -3.9092 -0.9111 2.0458, -4.1634 0.4255 1.7014, -4.1493 0.2888 1.6781, -4.1431 0.145 1.6498, -4.1288 0.1429 1.67, -4.1229 0.0018 1.6609, -4.1055 0.0024 1.6759, -4.0997 -0.1367 1.6849, -4.0792 -0.1345 1.6953, -4.073 -0.2723 1.7223, -4.0482 -0.2699 1.7277, -4.0419 -0.4034 1.7727, -4.0176 -0.4027 1.7718, -4.0112 -0.5293 1.834, -3.9881 -0.5316 1.828, -3.9819 -0.6487 1.906, -3.9616 -0.6549 1.8965, -3.9557 -0.7602 1.9884, -3.9391 -0.7705 1.9771, -3.9332 -0.8644 2.0831, -3.92 -0.8795 2.0707, -3.9138 -0.9617 2.1922, -3.9062 -0.9787 2.182, -3.8998 -1.046 2.3167, -3.8966 -1.0648 2.3087, -3.8903 -1.1145 2.4537, -4.1313 -0.1424 1.65, -4.1251 -0.2861 1.6784, -4.1108 -0.2804 1.6979, -4.1045 -0.4178 1.7445, -4.0871 -0.4114 1.7582, -4.0807 -0.5397 1.8216, -4.0602 -0.5337 1.8304, -4.054 -0.6504 1.9086, -4.0293 -0.646 1.9126, -4.0234 -0.7493 2.0032, -3.9991 -0.749 2.0021, -3.9932 -0.8398 2.1051, -3.9701 -0.8443 2.1005, -3.9639 -0.9229 2.2171, -3.9436 -0.9322 2.2107, -3.9372 -0.9961 2.339, -3.9206 -1.01 2.3325, -3.9142 -1.0571 2.4701, -3.901 -1.0758 2.4645, -3.8948 -1.1047 2.6083, -3.8872 -1.1243 2.6054, -3.8813 -1.1343 2.7518, -3.8782 -1.1547 2.7517, -3.8723 -1.1456 2.9008, -4.1187 -0.426 1.726, -4.1124 -0.5585 1.7916, -4.0981 -0.5478 1.8089, -4.0919 -0.6672 1.8892, -4.0745 -0.6575 1.9007, -4.0686 -0.7622 1.9928, -4.0481 -0.7541 1.9997, -4.0422 -0.8453 2.1035, -4.0175 -0.84 2.1062, -4.0113 -0.9179 2.2222, -3.987 -0.9179 2.2211, -3.9806 -0.9805 2.3474, -3.9575 -0.986 2.3441, -3.9512 -1.0318 2.4784, -3.9309 -1.0425 2.4746, -3.9246 -1.0703 2.614, -3.908 -1.0854 2.6113, -3.9021 -1.095 2.7527, -3.8889 -1.1145 2.7521, -3.883 -1.1057 2.896, -3.8754 -1.1254 2.8983, -3.8692 -1.097 3.0448, -3.8661 -1.1167 3.0499, -3.8597 -1.068 3.1953, -4.1062 -0.6801 1.8734, -4.086 -0.7734 1.9826, -4.0627 -0.8542 2.0976, -4.036 -0.9235 2.2201, -4.0049 -0.9804 2.3485, -3.9742 -1.0259 2.4809, -3.9449 -1.0592 2.6163, -3.9187 -1.0797 2.7533, -3.8962 -1.0862 2.894, -3.8768 -1.0777 3.04, -3.8628 -1.0491 3.1876, -3.8533 -1.0005 3.3329, -4.1003 -0.7881 1.9687, -4.0944 -0.8829 2.077, -4.0801 -0.8665 2.089, -4.0739 -0.9464 2.2086, -4.0565 -0.9331 2.2155, -4.0501 -0.9963 2.3439, -4.0297 -0.9862 2.3472, -4.0233 -1.0315 2.4814, -3.9985 -1.0256 2.482, -3.9923 -1.0527 2.619, -3.968 -1.0531 2.618, -3.9621 -1.0621 2.7551, -3.9391 -1.0684 2.7542, -3.9332 -1.0597 2.8921, -3.9129 -1.071 2.8927, -3.9066 -1.0438 3.0322, -3.89 -1.0587 3.0355, -3.8836 -1.0125 3.1733, -3.8704 -1.0307 3.1803, -3.8641 -0.9655 3.3131, -3.8565 -0.9828 3.3228, -3.8502 -0.9 3.4469, -3.8471 -0.9163 3.4593, -3.8412 -0.818 3.5718, -4.1026 -0.8999 2.0644, -4.0882 -0.9643 2.1989, -4.0675 -1.0105 2.3388, -4.0437 -1.042 2.4795, -4.0171 -1.0586 2.6193, -3.9864 -1.0615 2.7561, -3.9562 -1.0533 2.8922, -3.9269 -1.0327 3.0301, -3.9003 -0.9981 3.1681, -3.8772 -0.9484 3.3037, -3.8578 -0.8841 3.4351, -3.8444 -0.8035 3.5574, -3.8353 -0.706 3.6706, -4.0818 -1.0295 2.3315, -4.0754 -1.0765 2.4716, -4.0611 -1.0568 2.4763, -4.0549 -1.0843 2.6175, -4.0375 -1.0693 2.6187, -4.0316 -1.078 2.7579, -4.0112 -1.0674 2.7571, -4.0053 -1.0583 2.8949, -3.9805 -1.0526 2.8931, -3.9743 -1.0256 3.0302, -3.95 -1.0263 3.0294, -3.9437 -0.9811 3.1629, -3.9206 -0.9873 3.1645, -3.9142 -0.9246 3.2917, -3.8939 -0.9348 3.2967, -3.8877 -0.8559 3.4148, -3.871 -0.8684 3.4236, -3.8651 -0.7751 3.5301, -3.852 -0.7893 3.5436, -3.8461 -0.6811 3.639, -3.8385 -0.6935 3.6545, -3.8322 -0.5697 3.7379, -3.8291 -0.58 3.7555, -3.8227 -0.4427 3.8237, -4.0633 -1.1134 2.7592, -4.0574 -1.1036 2.9029, -4.0431 -1.0836 2.8997, -4.0369 -1.0554 3.0407, -4.0195 -1.041 3.0362, -4.0131 -0.9948 3.1716, -3.9927 -0.9853 3.1668, -3.9863 -0.9223 3.2937, -3.9616 -0.9177 3.2899, -3.9553 -0.8398 3.4059, -3.9311 -0.8408 3.4054, -3.9252 -0.7501 3.5086, -3.9021 -0.7553 3.5124, -3.8962 -0.6515 3.6037, -3.8759 -0.659 3.6121, -3.8697 -0.541 3.6914, -3.853 -0.5493 3.7043, -3.8466 -0.419 3.7688, -3.8335 -0.427 3.7867, -3.8271 -0.2869 3.8344, -3.8195 -0.2923 3.8534, -3.8133 -0.1459 3.8825, -3.8101 -0.1486 3.9028, -3.8042 0.0004 3.9126, -4.0448 -1.0269 3.1864, -4.0384 -0.961 3.3186, -4.0241 -0.9437 3.3079, -4.0179 -0.8632 3.4271, -4.0006 -0.8517 3.4174, -3.9947 -0.7594 3.5218, -3.9742 -0.7525 3.5137, -3.9683 -0.6485 3.6046, -3.9436 -0.6458 3.5994, -3.9373 -0.5296 3.677, -3.9131 -0.5307 3.677, -3.9067 -0.4042 3.7394, -3.8836 -0.4075 3.7448, -3.8772 -0.2732 3.7903, -3.8569 -0.2768 3.801, -3.8507 -0.1375 3.8286, -3.8341 -0.1401 3.8436, -3.8282 0.0012 3.8528, -3.815 0.0007 3.8724, -3.8091 0.1446 3.8632, -3.8015 0.1469 3.8829, -3.7953 0.2934 3.8542, -3.7921 0.2986 3.8739, -3.7858 0.4439 3.8249, -4.0204 -0.6749 3.6424, -4.0142 -0.5528 3.7235, -3.9999 -0.5432 3.7056, -3.9936 -0.4128 3.7693, -3.9762 -0.4077 3.7552, -3.9698 -0.272 3.8006, -3.9493 -0.2701 3.7901, -3.9431 -0.1322 3.8168, -3.9184 -0.1324 3.8109, -3.9125 0.0046 3.8194, -3.8882 0.0036 3.8199, -3.8823 0.1407 3.8109, -3.8592 0.1406 3.8173, -3.853 0.2786 3.7899, -3.8327 0.2807 3.8011, -3.8263 0.4165 3.755, -3.8097 0.4217 3.7694, -3.8033 0.552 3.705, -3.7901 0.5614 3.7221, -3.7839 0.6832 3.6405, -3.7763 0.6951 3.6563, -3.7704 0.8053 3.5595, -3.7673 0.8197 3.574, -3.7614 0.9183 3.4618, -4.0015 -0.2798 3.8351, -3.9953 -0.1359 3.8627, -3.981 -0.1339 3.8425, -3.9751 0.0072 3.8509, -3.9577 0.0064 3.8359, -3.9518 0.1456 3.8263, -3.9313 0.1434 3.8159, -3.9251 0.2811 3.7882, -3.9004 0.2786 3.7828, -3.894 0.412 3.7372, -3.8697 0.4113 3.7381, -3.8634 0.5376 3.6753, -3.8403 0.5399 3.6813, -3.8341 0.6566 3.6028, -3.8138 0.6628 3.6122, -3.8079 0.7676 3.52, -3.7912 0.778 3.5312, -3.7853 0.8715 3.4247, -3.7721 0.8866 3.437, -3.7659 0.9683 3.3151, -3.7583 0.9853 3.3253, -3.7519 1.052 3.1902, -3.7488 1.0708 3.1981, -3.7424 1.1199 3.0529, -3.9773 0.2951 3.832, -3.9709 0.4348 3.7838, -3.9566 0.4265 3.7653, -3.9502 0.5562 3.7003, -3.9328 0.548 3.6877, -3.9266 0.6654 3.6081, -3.9062 0.6582 3.6002, -3.9003 0.7615 3.5086, -3.8755 0.7567 3.5052, -3.8696 0.847 3.4017, -3.8454 0.8468 3.4028, -3.8391 0.9243 3.2864, -3.8161 0.9293 3.2904, -3.8097 0.9919 3.1631, -3.7894 1.002 3.1681, -3.783 1.0478 3.0323, -3.7663 1.0623 3.0368, -3.7601 1.09 2.8954, -3.747 1.1093 2.8984, -3.7411 1.1184 2.7546, -3.7335 1.1383 2.7549, -3.7276 1.1286 2.6083, -3.7244 1.1489 2.6058, -3.7182 1.1193 2.4566, -3.9583 0.6881 3.6352, -3.9524 0.7956 3.5396, -3.9381 0.7808 3.5257, -3.9322 0.8735 3.4188, -3.9148 0.8612 3.4102, -3.9086 0.9395 3.2919, -3.8882 0.9299 3.2874, -3.8818 0.992 3.16, -3.857 0.9863 3.1587, -3.8507 1.0309 3.025, -3.8264 1.0311 3.0261, -3.8202 1.0577 2.8889, -3.7971 1.0638 2.8907, -3.7912 1.0723 2.7528, -3.7709 1.0837 2.7536, -3.765 1.0743 2.6141, -3.7483 1.0895 2.6128, -3.7421 1.0614 2.4714, -3.7289 1.0804 2.4668, -3.7226 1.0326 2.3267, -3.715 1.051 2.3193, -3.7086 0.9841 2.1845, -3.7054 1.0018 2.1742, -3.6992 0.917 2.0483, -3.9403 0.9708 3.3084, -3.9339 1.0354 3.1755, -3.9196 1.0164 3.1683, -3.9132 1.062 3.0306, -3.8959 1.0473 3.0274, -3.8897 1.0738 2.8881, -3.8692 1.0632 2.8876, -3.8633 1.0713 2.7499, -3.8386 1.0655 2.7509, -3.8327 1.0559 2.6138, -3.8084 1.0566 2.6147, -3.8022 1.029 2.4776, -3.7791 1.0353 2.4769, -3.7727 0.9894 2.3427, -3.7524 1.0001 2.3391, -3.746 0.9362 2.2108, -3.7294 0.9497 2.2036, -3.7232 0.8692 2.0842, -3.71 0.885 2.0726, -3.7041 0.7896 1.9647, -3.6965 0.8038 1.9508, -3.6906 0.6933 1.8541, -3.6875 0.7057 1.8379, -3.6812 0.5793 1.7536, -3.9275 1.0818 3.0352, -3.9213 1.1091 2.8913, -3.907 1.0889 2.8893, -3.9012 1.097 2.7482, -3.8838 1.0819 2.749, -3.8779 1.072 2.6098, -3.8574 1.0616 2.6121, -3.8512 1.0336 2.4743, -3.8264 1.0282 2.4768, -3.8201 0.9823 2.3436, -3.7958 0.9832 2.3443, -3.7894 0.9201 2.2182, -3.7663 0.9261 2.2158, -3.7601 0.8473 2.0994, -3.7398 0.8568 2.0931, -3.7339 0.7643 1.9885, -3.7173 0.7755 1.9782, -3.7114 0.6688 1.8849, -3.6982 0.681 1.8697, -3.692 0.5589 1.7883, -3.6844 0.569 1.7712, -3.678 0.4338 1.7049, -3.6749 0.4416 1.686, -3.6685 0.2963 1.6373, -3.9155 1.1173 2.7476, -3.8953 1.0869 2.6071, -3.8717 1.0436 2.4708, -3.8448 0.9873 2.3404, -3.8137 0.9192 2.2176, -3.7832 0.8418 2.1025, -3.7543 0.7558 1.996, -3.728 0.659 1.8966, -3.7052 0.5488 1.805, -3.6856 0.4261 1.7231, -3.6716 0.2911 1.657, -3.6623 0.1473 1.6084, -3.9095 1.1069 2.6038, -3.9033 1.0774 2.4603, -3.889 1.058 2.4661, -3.8827 1.0104 2.329, -3.8653 0.9968 2.3355, -3.8589 0.9325 2.2077, -3.8384 0.9237 2.2138, -3.8322 0.8447 2.0977, -3.8075 0.8408 2.1021, -3.8016 0.7496 1.9995, -3.7773 0.7507 1.9998, -3.7714 0.6469 1.9096, -3.7483 0.6515 1.9051, -3.7421 0.5343 1.8273, -3.7218 0.5406 1.8179, -3.7154 0.4118 1.7549, -3.6988 0.4182 1.741, -3.6924 0.2804 1.6949, -3.6792 0.2858 1.6761, -3.673 0.1419 1.6482, -3.6654 0.1446 1.6286, -3.6596 -0.0016 1.6196, -3.6564 -0.0017 1.5992, -3.6505 -0.1508 1.6094, -3.9116 1.0977 2.4544, -3.8969 1.0289 2.3206, -3.8763 0.9451 2.1995, -3.8527 0.8526 2.0905, -3.8264 0.753 1.9947, -3.7957 0.6458 1.9094, -3.7652 0.5303 1.8323, -3.7357 0.4068 1.7651, -3.7091 0.2759 1.7095, -3.6862 0.139 1.6676, -3.6672 -0.0018 1.6394, -3.6536 -0.1482 1.6296, -3.6443 -0.2999 1.6393, -3.8906 0.9623 2.1887, -3.8844 0.8797 2.0678, -3.8701 0.8641 2.0807, -3.8642 0.77 1.9753, -3.8468 0.7599 1.9865, -3.8409 0.6543 1.8952, -3.8205 0.6485 1.9042, -3.8142 0.5313 1.8267, -3.7895 0.5292 1.8323, -3.7831 0.4024 1.7707, -3.7588 0.4036 1.7706, -3.7525 0.2698 1.7261, -3.7294 0.2723 1.7202, -3.7232 0.1343 1.6938, -3.7029 0.1365 1.6826, -3.697 -0.0028 1.6742, -3.6803 -0.0022 1.659, -3.6744 -0.1437 1.6687, -3.6612 -0.1458 1.6493, -3.655 -0.2897 1.6782, -3.6474 -0.2946 1.659, -3.641 -0.4371 1.7079, -3.6379 -0.4449 1.689, -3.6315 -0.582 1.7575, -3.8726 0.6747 1.8663, -3.8664 0.5522 1.7858, -3.8521 0.5427 1.8037, -3.8457 0.412 1.7405, -3.8283 0.407 1.7547, -3.8219 0.2711 1.71, -3.8015 0.2692 1.7205, -3.7953 0.1313 1.6944, -3.7705 0.1315 1.7003, -3.7646 -0.0054 1.6924, -3.7404 -0.0044 1.6919, -3.7345 -0.1416 1.7016, -3.7114 -0.1416 1.6952, -3.7052 -0.2795 1.7232, -3.6849 -0.2817 1.7121, -3.6785 -0.4172 1.7588, -3.6618 -0.4225 1.7444, -3.6554 -0.5525 1.8094, -3.6423 -0.562 1.7923, -3.6361 -0.6833 1.8745, -3.6285 -0.6953 1.8587, -3.6226 -0.805 1.9559, -3.6194 -0.8194 1.9415, -3.6135 -0.9176 2.0543, -3.8536 0.2787 1.6754, -3.8474 0.1348 1.6485, -3.8331 0.1329 1.6687, -3.8272 -0.0082 1.6609, -3.8099 -0.0074 1.676, -3.804 -0.1466 1.6862, -3.7835 -0.1443 1.6966, -3.7773 -0.282 1.725, -3.7525 -0.2795 1.7303, -3.7461 -0.4127 1.7766, -3.7219 -0.412 1.7757, -3.7155 -0.5379 1.839, -3.6924 -0.5403 1.8331, -3.6862 -0.6565 1.9121, -3.6659 -0.6628 1.9026, -3.66 -0.7671 1.9953, -3.6434 -0.7775 1.9841, -3.6375 -0.8706 2.0911, -3.6243 -0.8858 2.0789, -3.618 -0.967 2.2012, -3.6104 -0.984 2.1912, -3.6041 -1.0501 2.3265, -3.6009 -1.0689 2.3188, -3.5946 -1.1173 2.4642, -3.8294 -0.2962 1.6812, -3.823 -0.4357 1.73, -3.8087 -0.4273 1.7485, -3.8024 -0.5567 1.8141, -3.785 -0.5484 1.8267, -3.7788 -0.6654 1.9068, -3.7583 -0.6582 1.9147, -3.7524 -0.761 2.0066, -3.7277 -0.7561 2.01, -3.7218 -0.846 2.114, -3.6975 -0.8458 2.1129, -3.6913 -0.9228 2.2297, -3.6682 -0.9279 2.2258, -3.6618 -0.9898 2.3534, -3.6415 -1.0 2.3484, -3.6351 -1.0451 2.4844, -3.6185 -1.0597 2.48, -3.6123 -1.0867 2.6214, -3.5991 -1.106 2.6185, -3.5932 -1.1145 2.7622, -3.5856 -1.1343 2.7621, -3.5797 -1.124 2.9087, -3.5766 -1.1442 2.9114, -3.5703 -1.1139 3.0604, -3.8104 -0.6882 1.8797, -3.8046 -0.7952 1.9759, -3.7903 -0.7803 1.9897, -3.7844 -0.8726 2.097, -3.767 -0.8602 2.1056, -3.7608 -0.9381 2.2243, -3.7403 -0.9284 2.2288, -3.7339 -0.99 2.3565, -3.7092 -0.9842 2.3578, -3.7028 -1.0282 2.4916, -3.6785 -1.0284 2.4905, -3.6723 -1.0543 2.6278, -3.6492 -1.0605 2.6261, -3.6434 -1.0684 2.7639, -3.6231 -1.0797 2.7631, -3.6171 -1.0697 2.9027, -3.6005 -1.0849 2.9041, -3.5943 -1.0561 3.0454, -3.5811 -1.075 3.0501, -3.5747 -1.0267 3.19, -3.5671 -1.045 3.1974, -3.5607 -0.9775 3.332, -3.5576 -0.9951 3.3422, -3.5514 -0.9097 3.4678, -3.7924 -0.9695 2.2079, -3.786 -1.0334 2.3412, -3.7718 -1.0144 2.3483, -3.7654 -1.0593 2.4862, -3.748 -1.0446 2.4893, -3.7418 -1.0705 2.6286, -3.7214 -1.0598 2.6291, -3.7155 -1.0673 2.7668, -3.6907 -1.0615 2.7657, -3.6848 -1.0513 2.9029, -3.6605 -1.052 2.902, -3.6543 -1.0237 3.039, -3.6312 -1.0301 3.0398, -3.6248 -0.9835 3.1738, -3.6045 -0.9942 3.1774, -3.5982 -0.9297 3.3054, -3.5815 -0.9432 3.3126, -3.5753 -0.8622 3.4316, -3.5621 -0.8778 3.4432, -3.5563 -0.7821 3.5507, -3.5487 -0.7962 3.5647, -3.5427 -0.6851 3.6609, -3.5396 -0.6975 3.6771, -3.5334 -0.5706 3.7609, -3.7797 -1.0791 2.4817, -3.7735 -1.1057 2.6257, -3.7592 -1.0855 2.6275, -3.7533 -1.093 2.7685, -3.7359 -1.0779 2.7677, -3.73 -1.0674 2.9069, -3.7096 -1.057 2.9047, -3.7033 -1.0283 3.0423, -3.6786 -1.0229 3.0398, -3.6722 -0.9764 3.1728, -3.6479 -0.9773 3.1721, -3.6416 -0.9137 3.2979, -3.6185 -0.9196 3.3004, -3.6123 -0.8403 3.4163, -3.592 -0.8497 3.4227, -3.5861 -0.7569 3.5267, -3.5695 -0.768 3.5372, -3.5635 -0.6608 3.63, -3.5503 -0.673 3.6453, -3.5441 -0.5504 3.7261, -3.5365 -0.5604 3.7432, -3.5301 -0.4249 3.809, -3.527 -0.4326 3.8278, -3.5206 -0.2871 3.8759, -3.7817 -1.1268 2.6235, -3.7676 -1.1133 2.7693, -3.7474 -1.0822 2.9097, -3.7238 -1.0383 3.0459, -3.697 -0.9814 3.1761, -3.6658 -0.9127 3.2985, -3.6354 -0.8348 3.4132, -3.6064 -0.7484 3.5192, -3.5802 -0.651 3.6182, -3.5573 -0.5404 3.7094, -3.5377 -0.4172 3.7907, -3.5238 -0.282 3.8561, -3.5144 -0.138 3.9041, -3.7617 -1.1022 2.9131, -3.7555 -1.0721 3.0566, -3.7412 -1.0526 3.0506, -3.7348 -1.0044 3.1875, -3.7174 -0.9908 3.181, -3.711 -0.9259 3.3085, -3.6906 -0.9172 3.3023, -3.6844 -0.8377 3.418, -3.6596 -0.8338 3.4136, -3.6538 -0.7422 3.5157, -3.6295 -0.7433 3.5154, -3.6236 -0.639 3.6052, -3.6005 -0.6436 3.6097, -3.5943 -0.526 3.687, -3.574 -0.5323 3.6964, -3.5676 -0.4032 3.7588, -3.5509 -0.4095 3.7728, -3.5446 -0.2715 3.8182, -3.5314 -0.2768 3.837, -3.5252 -0.1328 3.8642, -3.5176 -0.1355 3.8838, -3.5117 0.0108 3.8922, -3.5086 0.0108 3.9126, -3.5026 0.1601 3.9017, -3.7637 -1.0923 3.0626, -3.7491 -1.0229 3.196, -3.7284 -0.9385 3.3168, -3.7049 -0.8456 3.4252, -3.6785 -0.7456 3.5205, -3.6478 -0.6379 3.6054, -3.6173 -0.522 3.682, -3.5879 -0.3982 3.7487, -3.5612 -0.2671 3.8036, -3.5384 -0.13 3.8449, -3.5193 0.0108 3.8723, -3.5058 0.1574 3.8815, -3.4964 0.3091 3.8711, -3.7427 -0.9557 3.3276, -3.7365 -0.8726 3.4481, -3.7222 -0.857 3.4351, -3.7164 -0.7625 3.5399, -3.699 -0.7524 3.5287, -3.6931 -0.6464 3.6196, -3.6726 -0.6406 3.6106, -3.6664 -0.5229 3.6876, -3.6416 -0.5209 3.682, -3.6352 -0.3939 3.743, -3.611 -0.395 3.7431, -3.6046 -0.261 3.7869, -3.5815 -0.2635 3.7928, -3.5753 -0.1254 3.8187, -3.555 -0.1276 3.8298, -3.5491 0.0117 3.8375, -3.5325 0.0112 3.8528, -3.5266 0.1527 3.8424, -3.5134 0.1549 3.8619, -3.5072 0.2987 3.8322, -3.4996 0.3037 3.8514, -3.4932 0.446 3.8019, -3.49 0.4539 3.8207, -3.4837 0.5906 3.7516, -3.7247 -0.6666 3.6486, -3.7185 -0.5437 3.7286, -3.7042 -0.5342 3.7107, -3.6978 -0.4032 3.7732, -3.6804 -0.3983 3.759, -3.6741 -0.2622 3.8031, -3.6536 -0.2604 3.7926, -3.6474 -0.1224 3.818, -3.6227 -0.1227 3.8121, -3.6168 0.0142 3.8193, -3.5925 0.0132 3.8199, -3.5866 0.1505 3.8095, -3.5635 0.1504 3.8159, -3.5573 0.2883 3.7873, -3.537 0.2905 3.7984, -3.5306 0.4259 3.7511, -3.514 0.4312 3.7654, -3.5076 0.5609 3.6998, -3.4944 0.5704 3.7168, -3.4882 0.6913 3.6341, -3.4806 0.7034 3.6499, -3.4748 0.8125 3.5522, -3.4716 0.8271 3.5666, -3.4657 0.9248 3.4533, -3.7057 -0.2697 3.8377, -3.6996 -0.1257 3.8639, -3.6853 -0.1239 3.8437, -3.6794 0.0171 3.8508, -3.662 0.0162 3.8358, -3.6561 0.1555 3.8249, -3.6356 0.1532 3.8145, -3.6294 0.2908 3.7855, -3.6046 0.2883 3.7802, -3.5983 0.4212 3.7333, -3.574 0.4205 3.7342, -3.5676 0.5461 3.6703, -3.5445 0.5486 3.6762, -3.5384 0.6644 3.5967, -3.5181 0.6707 3.6061, -3.5122 0.7745 3.513, -3.4955 0.785 3.5242, -3.4896 0.8776 3.4166, -3.4764 0.8929 3.4288, -3.4702 0.9735 3.306, -3.4626 0.9906 3.316, -3.4562 1.056 3.1803, -3.4531 1.0749 3.188, -3.4467 1.1226 3.0424, -3.6815 0.3052 3.8292, -3.6751 0.4445 3.7797, -3.6609 0.436 3.7613, -3.6545 0.565 3.6951, -3.6371 0.5567 3.6825, -3.6309 0.6733 3.6019, -3.6105 0.666 3.5941, -3.6046 0.7683 3.5017, -3.5798 0.7634 3.4984, -3.5739 0.8529 3.3938, -3.5496 0.8527 3.3949, -3.5434 0.9292 3.2778, -3.5203 0.9343 3.2817, -3.5139 0.9957 3.1537, -3.4936 1.0059 3.1587, -3.4873 1.0503 3.0225, -3.4706 1.0649 3.0269, -3.4644 1.0912 2.8854, -3.4512 1.1106 2.8882, -3.4454 1.1184 2.7445, -3.4378 1.1382 2.7446, -3.4319 1.1272 2.5979, -3.4287 1.1474 2.5951, -3.4225 1.1164 2.4462, -3.6626 0.6962 3.6289, -3.6567 0.8027 3.5323, -3.6424 0.7878 3.5186, -3.6365 0.8796 3.4107, -3.6191 0.8672 3.4023, -3.6129 0.9445 3.2831, -3.5924 0.9349 3.2786, -3.5861 0.9958 3.1507, -3.5613 0.99 3.1494, -3.5549 1.0333 3.0154, -3.5307 1.0336 3.0165, -3.5245 1.0588 2.8792, -3.5014 1.065 2.8808, -3.4955 1.0723 2.7431, -3.4752 1.0836 2.7438, -3.4693 1.073 2.6042, -3.4526 1.0882 2.6027, -3.4464 1.0587 2.4615, -3.4332 1.0776 2.4567, -3.4268 1.0286 2.317, -3.4192 1.0469 2.3095, -3.4129 0.9787 2.1753, -3.4097 0.9963 2.1649, -3.4035 0.9104 2.0399, -3.6382 1.0393 3.1657, -3.6318 1.0844 3.025, -3.6175 1.0645 3.0206, -3.6113 1.09 2.8793, -3.594 1.075 2.8782, -3.5881 1.0818 2.7392, -3.5676 1.0712 2.7402, -3.5617 1.0602 2.6023, -3.537 1.0546 2.6041, -3.5307 1.0256 2.4672, -3.5064 1.0263 2.468, -3.5001 0.9792 2.3351, -3.477 0.9854 2.3334, -3.4706 0.921 2.2072, -3.4503 0.9311 2.2021, -3.4441 0.8506 2.0852, -3.4275 0.863 2.0762, -3.4216 0.7685 1.9712, -3.4084 0.7824 1.9575, -3.4025 0.6728 1.8634, -3.3949 0.6849 1.8477, -3.3887 0.5598 1.7659, -3.3855 0.5698 1.7482, -3.3791 0.4315 1.6819, -3.6198 1.1172 2.7375, -3.6138 1.1054 2.5936, -3.5995 1.0854 2.5971, -3.5933 1.0552 2.4563, -3.5759 1.0409 2.461, -3.5695 0.9928 2.3262, -3.5491 0.9833 2.3311, -3.5427 0.9186 2.2052, -3.518 0.9141 2.209, -3.5118 0.8347 2.0944, -3.4875 0.8357 2.0948, -3.4817 0.7438 1.9931, -3.4586 0.7489 1.9892, -3.4526 0.6436 1.8992, -3.4323 0.651 1.8906, -3.4261 0.5318 1.8129, -3.4094 0.5398 1.7999, -3.4031 0.4086 1.7371, -3.3899 0.4163 1.7192, -3.3835 0.2757 1.6735, -3.3759 0.2808 1.6544, -3.3697 0.1342 1.6273, -3.3666 0.1367 1.6071, -3.3607 -0.0121 1.5993, -3.6012 1.0247 2.311, -3.5949 0.957 2.1797, -3.5806 0.9398 2.1907, -3.5744 0.8578 2.0728, -3.557 0.8464 2.0827, -3.5511 0.7529 1.9797, -3.5307 0.7461 1.9879, -3.5248 0.6406 1.8982, -3.5 0.6379 1.9035, -3.4938 0.5205 1.8274, -3.4695 0.5217 1.8274, -3.4631 0.3943 1.7668, -3.44 0.3975 1.7613, -3.4336 0.2626 1.7177, -3.4133 0.2661 1.707, -3.4072 0.1266 1.6814, -3.3905 0.129 1.6663, -3.3847 -0.0122 1.6591, -3.3715 -0.0119 1.6395, -3.3655 -0.156 1.6507, -3.3579 -0.1586 1.631, -3.3517 -0.3049 1.6618, -3.3485 -0.3103 1.6422, -3.3422 -0.4549 1.6933, -3.5887 0.8733 2.0597, -3.5828 0.7766 1.9534, -3.5685 0.7629 1.9684, -3.5626 0.6548 1.8767, -3.5452 0.6463 1.8892, -3.539 0.527 1.8121, -3.5185 0.5225 1.8218, -3.5121 0.3944 1.7612, -3.4874 0.3932 1.767, -3.481 0.259 1.7239, -3.4567 0.2601 1.7237, -3.4506 0.1228 1.6988, -3.4275 0.1245 1.6926, -3.4216 -0.0133 1.6857, -3.4013 -0.0126 1.6743, -3.3954 -0.1522 1.6853, -3.3787 -0.1537 1.6701, -3.3725 -0.2949 1.6999, -3.3593 -0.2998 1.681, -3.3529 -0.4393 1.7304, -3.3453 -0.4469 1.7121, -3.3389 -0.5809 1.7805, -3.3358 -0.5913 1.763, -3.3296 -0.7162 1.8492, -3.5769 0.6665 1.8601, -3.5563 0.5337 1.7986, -3.5326 0.3975 1.751, -3.5058 0.2595 1.718, -3.4748 0.1218 1.6992, -3.4447 -0.0141 1.692, -3.4157 -0.1514 1.6966, -3.3891 -0.2914 1.7148, -3.3661 -0.432 1.7485, -3.3465 -0.571 1.7977, -3.3328 -0.7035 1.8652, -3.3238 -0.8268 1.949, -3.5706 0.5431 1.7806, -3.5643 0.4094 1.7176, -3.55 0.4024 1.7367, -3.5436 0.2642 1.6927, -3.5262 0.2613 1.7075, -3.52 0.1218 1.6826, -3.4996 0.1215 1.6933, -3.4937 -0.0162 1.6867, -3.469 -0.0151 1.6925, -3.463 -0.1523 1.7037, -3.4388 -0.1514 1.703, -3.4325 -0.2883 1.7322, -3.4094 -0.2891 1.7259, -3.403 -0.4228 1.7734, -3.3827 -0.4266 1.7627, -3.3764 -0.554 1.8281, -3.3597 -0.5613 1.8147, -3.3535 -0.6797 1.8965, -3.3404 -0.6914 1.8809, -3.3345 -0.7981 1.9773, -3.3269 -0.8122 1.9633, -3.321 -0.9078 2.0751, -3.3178 -0.9241 2.0628, -3.3116 -1.0071 2.1904, -3.5725 0.4168 1.6979, -3.5579 0.2686 1.6729, -3.5374 0.1228 1.6676, -3.5142 -0.0171 1.6761, -3.4878 -0.1541 1.698, -3.4568 -0.2891 1.733, -3.4261 -0.4212 1.7796, -3.3967 -0.5489 1.8382, -3.3702 -0.6707 1.9088, -3.3477 -0.7845 1.9912, -3.3286 -0.892 2.0872, -3.3147 -0.9893 2.2004, -3.3052 -1.073 2.3289, -3.5517 0.1246 1.6473, -3.5459 -0.019 1.6408, -3.5316 -0.0181 1.6611, -3.5256 -0.1594 1.6728, -3.5082 -0.1565 1.6876, -3.502 -0.2954 1.7177, -3.4815 -0.2917 1.7277, -3.4752 -0.4251 1.7755, -3.4504 -0.4218 1.7805, -3.444 -0.547 1.8451, -3.4198 -0.5465 1.8441, -3.4136 -0.661 1.9237, -3.3905 -0.6643 1.9182, -3.3847 -0.7664 2.0108, -3.3643 -0.774 2.0023, -3.3584 -0.8648 2.1089, -3.3418 -0.8767 2.0992, -3.3355 -0.9553 2.2203, -3.3223 -0.9721 2.2103, -3.3159 -1.0357 2.344, -3.3083 -1.0541 2.3365, -3.302 -1.1002 2.4797, -3.2988 -1.12 2.4747, -3.2927 -1.1472 2.6239, -3.5337 -0.3063 1.684, -3.5273 -0.4453 1.7342, -3.513 -0.4367 1.7526, -3.5066 -0.5655 1.8194, -3.4893 -0.5571 1.8319, -3.4831 -0.6732 1.913, -3.4626 -0.6659 1.9208, -3.4568 -0.7677 2.0136, -3.432 -0.7628 2.0169, -3.4261 -0.8519 2.1219, -3.4018 -0.8517 2.1208, -3.3956 -0.9277 2.2384, -3.3725 -0.9328 2.2345, -3.3661 -0.9936 2.3628, -3.3458 -1.0038 2.3578, -3.3394 -1.0476 2.4942, -3.3228 -1.0622 2.4899, -3.3166 -1.0879 2.6314, -3.3034 -1.1072 2.6287, -3.2975 -1.1144 2.7724, -3.29 -1.1342 2.7724, -3.284 -1.1225 2.9191, -3.2809 -1.1427 2.922, -3.2746 -1.111 3.0708, -3.5147 -0.6962 1.8862, -3.5089 -0.8022 1.9831, -3.4946 -0.7872 1.9968, -3.4887 -0.8787 2.1051, -3.4713 -0.8662 2.1136, -3.465 -0.943 2.2331, -3.4446 -0.9333 2.2376, -3.4382 -0.9937 2.3658, -3.4134 -0.9879 2.367, -3.4071 -1.0306 2.5013, -3.3828 -1.0309 2.5002, -3.3766 -1.0554 2.6375, -3.3535 -1.0616 2.6359, -3.3477 -1.0682 2.7736, -3.3274 -1.0796 2.7729, -3.3214 -1.0683 2.9126, -3.3048 -1.0835 2.9141, -3.2985 -1.0533 3.0553, -3.2854 -1.0722 3.0602, -3.279 -1.0225 3.1996, -3.2714 -1.0408 3.2073, -3.265 -0.972 3.3411, -3.2619 -0.9896 3.3515, -3.2557 -0.9031 3.4761, -3.4903 -1.0373 2.351, -3.484 -1.0816 2.4918, -3.4697 -1.0618 2.4961, -3.4635 -1.0866 2.6376, -3.4461 -1.0716 2.6385, -3.4403 -1.0778 2.7775, -3.4198 -1.0672 2.7765, -3.4139 -1.0556 2.9145, -3.3891 -1.0499 2.9126, -3.3829 -1.0202 3.0494, -3.3586 -1.021 3.0486, -3.3522 -0.9733 3.1813, -3.3291 -0.9795 3.183, -3.3228 -0.9144 3.3089, -3.3024 -0.9245 3.3141, -3.2963 -0.8436 3.4305, -3.2796 -0.8559 3.4395, -3.2738 -0.7609 3.5441, -3.2606 -0.7749 3.5578, -3.2546 -0.6647 3.6515, -3.247 -0.6767 3.6672, -3.2408 -0.5512 3.7485, -3.2376 -0.5612 3.7663, -3.2313 -0.4225 3.8319, -3.4719 -1.1131 2.7794, -3.466 -1.1007 2.9233, -3.4517 -1.0807 2.9197, -3.4454 -1.0498 3.0605, -3.4281 -1.0356 3.0557, -3.4217 -0.9868 3.1903, -3.4012 -0.9774 3.1853, -3.3949 -0.9121 3.3109, -3.3701 -0.9076 3.307, -3.3639 -0.8277 3.4213, -3.3397 -0.8287 3.4208, -3.3338 -0.7364 3.5221, -3.3107 -0.7414 3.526, -3.3048 -0.6357 3.6156, -3.2845 -0.643 3.6242, -3.2782 -0.5234 3.7014, -3.2616 -0.5314 3.7144, -3.2552 -0.3999 3.7766, -3.242 -0.4075 3.7946, -3.2356 -0.2667 3.8396, -3.228 -0.2717 3.8587, -3.2219 -0.1251 3.8851, -3.2187 -0.1274 3.9053, -3.2129 0.0213 3.9124, -3.4534 -1.0187 3.2056, -3.447 -0.9503 3.3365, -3.4327 -0.9332 3.3255, -3.4265 -0.8507 3.443, -3.4091 -0.8394 3.433, -3.4033 -0.7454 3.5355, -3.3828 -0.7386 3.5273, -3.3769 -0.6327 3.6165, -3.3521 -0.63 3.6112, -3.3459 -0.5122 3.6868, -3.3216 -0.5133 3.6868, -3.3152 -0.3857 3.7468, -3.2921 -0.3888 3.7524, -3.2858 -0.2538 3.7953, -3.2655 -0.2572 3.8061, -3.2593 -0.1177 3.8309, -3.2427 -0.12 3.846, -3.2368 0.0211 3.8527, -3.2236 0.021 3.8722, -3.2177 0.1651 3.8604, -3.2101 0.1678 3.88, -3.2038 0.314 3.8485, -3.2007 0.3195 3.8682, -3.1943 0.4639 3.8164, -3.4408 -0.8662 3.4561, -3.435 -0.769 3.5619, -3.4207 -0.7553 3.5469, -3.4147 -0.6467 3.6381, -3.3974 -0.6384 3.6256, -3.3911 -0.5186 3.7021, -3.3706 -0.5142 3.6924, -3.3643 -0.3857 3.7525, -3.3395 -0.3846 3.7467, -3.3331 -0.2503 3.7891, -3.3089 -0.2513 3.7893, -3.3027 -0.114 3.8136, -3.2796 -0.1156 3.8198, -3.2738 0.0221 3.8261, -3.2535 0.0215 3.8374, -3.2475 0.1611 3.8258, -3.2309 0.1627 3.841, -3.2246 0.3039 3.8105, -3.2114 0.3088 3.8294, -3.205 0.4481 3.7794, -3.1974 0.4558 3.7976, -3.1911 0.5894 3.7286, -3.1879 0.5999 3.7461, -3.1818 0.7243 3.6593, -3.4432 -0.7834 3.5773, -3.429 -0.6583 3.6548, -3.4085 -0.5253 3.7157, -3.3847 -0.3888 3.7627, -3.3579 -0.2507 3.795, -3.327 -0.113 3.8132, -3.2969 0.0229 3.8197, -3.2678 0.1602 3.8145, -3.2413 0.3003 3.7956, -3.2182 0.4407 3.7613, -3.1987 0.5794 3.7115, -3.1849 0.7116 3.6434, -3.1759 0.8344 3.5591, -3.4228 -0.5346 3.7337, -3.4164 -0.4005 3.7961, -3.4021 -0.3937 3.777, -3.3957 -0.2553 3.8203, -3.3784 -0.2524 3.8055, -3.3722 -0.1129 3.8298, -3.3517 -0.1126 3.8191, -3.3459 0.025 3.825, -3.3211 0.0238 3.8192, -3.3152 0.1611 3.8074, -3.2909 0.1602 3.8081, -3.2847 0.297 3.7782, -3.2616 0.2979 3.7846, -3.2552 0.4314 3.7364, -3.2349 0.4352 3.747, -3.2285 0.5623 3.6811, -3.2119 0.5697 3.6945, -3.2057 0.6876 3.6122, -3.1925 0.6994 3.6277, -3.1867 0.8056 3.5309, -3.1791 0.8197 3.5448, -3.1731 0.9149 3.4325, -3.17 0.9312 3.4447, -3.1637 1.0137 3.3167, -3.4246 -0.4079 3.8159, -3.41 -0.2596 3.8401, -3.3896 -0.1139 3.8448, -3.3663 0.026 3.8356, -3.3399 0.163 3.8131, -3.3089 0.2978 3.7774, -3.2783 0.4297 3.7302, -3.2488 0.5572 3.671, -3.2223 0.6785 3.5999, -3.1999 0.7919 3.517, -3.1807 0.8991 3.4205, -3.1669 0.9958 3.3067, -3.1573 1.079 3.1779, -3.4039 -0.1155 3.865, -3.398 0.028 3.8709, -3.3837 0.027 3.8507, -3.3778 0.1683 3.8382, -3.3604 0.1654 3.8235, -3.3541 0.3042 3.7927, -3.3337 0.3004 3.7828, -3.3273 0.4337 3.7343, -3.3025 0.4304 3.7293, -3.2962 0.5552 3.6642, -3.2719 0.5547 3.6651, -3.2657 0.6688 3.585, -3.2427 0.6721 3.5906, -3.2368 0.7738 3.4976, -3.2165 0.7814 3.506, -3.2105 0.8718 3.3989, -3.1939 0.8837 3.4085, -3.1876 0.9618 3.287, -3.1745 0.9786 3.2969, -3.1681 1.0416 3.1629, -3.1605 1.06 3.1704, -3.1541 1.1055 3.027, -3.151 1.1253 3.0319, -3.1448 1.1517 2.8827, -3.3858 0.3152 3.8264, -3.3794 0.4541 3.7755, -3.3651 0.4454 3.7571, -3.3588 0.5738 3.6898, -3.3414 0.5654 3.6773, -3.3352 0.681 3.5957, -3.3148 0.6737 3.5879, -3.3089 0.775 3.4947, -3.2842 0.7701 3.4914, -3.2782 0.8588 3.3859, -3.2539 0.8586 3.387, -3.2477 0.9341 3.2691, -3.2246 0.9392 3.2729, -3.2182 0.9994 3.1444, -3.1979 1.0096 3.1492, -3.1916 1.0527 3.0127, -3.1749 1.0674 3.0169, -3.1687 1.0924 2.8754, -3.1555 1.1118 2.878, -3.1497 1.1182 2.7344, -3.1421 1.1381 2.7342, -3.1361 1.1257 2.5875, -3.133 1.1459 2.5845, -3.1267 1.1135 2.4358, -3.3669 0.7042 3.6224, -3.3611 0.8097 3.525, -3.3468 0.7946 3.5114, -3.3408 0.8857 3.4026, -3.3234 0.8731 3.3942, -3.3172 0.9494 3.2743, -3.2967 0.9397 3.2699, -3.2903 0.9995 3.1413, -3.2656 0.9937 3.1401, -3.2592 1.0357 3.0057, -3.2349 1.036 3.0068, -3.2288 1.0599 2.8694, -3.2057 1.0661 2.871, -3.1999 1.0721 2.7334, -3.1795 1.0834 2.734, -3.1736 1.0715 2.5943, -3.1569 1.0867 2.5926, -3.1507 1.0559 2.4516, -3.1375 1.0747 2.4466, -3.1311 1.0244 2.3074, -3.1235 1.0426 2.2997, -3.1172 0.9733 2.1662, -3.114 0.9907 2.1556, -3.1078 0.9038 2.0315, -3.3425 1.0431 3.156, -3.3361 1.0868 3.0149, -3.3218 1.067 3.0107, -3.3156 1.0911 2.8692, -3.2983 1.0761 2.8683, -3.2924 1.0816 2.7294, -3.272 1.071 2.7305, -3.266 1.0588 2.5925, -3.2412 1.0531 2.5943, -3.235 1.0228 2.4577, -3.2107 1.0236 2.4584, -3.2043 0.9752 2.3259, -3.1812 0.9814 2.3242, -3.1749 0.9158 2.1986, -3.1546 0.9259 2.1934, -3.1484 0.8444 2.0774, -3.1318 0.8567 2.0683, -3.1259 0.7613 1.9643, -3.1127 0.7752 1.9505, -3.1068 0.6645 1.8573, -3.0992 0.6764 1.8414, -3.0929 0.5505 1.7608, -3.0898 0.5604 1.7429, -3.0834 0.4214 1.6779, -3.3241 1.1169 2.7274, -3.3181 1.1039 2.5834, -3.3038 1.0839 2.5871, -3.2976 1.0524 2.4464, -3.2802 1.0381 2.4513, -3.2738 0.9887 2.3169, -3.2534 0.9793 2.3219, -3.247 0.9134 2.1966, -3.2222 0.909 2.2005, -3.2161 0.8286 2.0867, -3.1918 0.8296 2.0871, -3.186 0.7368 1.9864, -3.1629 0.7419 1.9825, -3.1569 0.6356 1.8932, -3.1366 0.643 1.8846, -3.1304 0.5229 1.8079, -3.1137 0.5309 1.7949, -3.1073 0.399 1.7334, -3.0941 0.4066 1.7153, -3.0878 0.2656 1.671, -3.0802 0.2705 1.6518, -3.074 0.1238 1.6262, -3.0709 0.1261 1.6059, -3.065 -0.0226 1.5995, -3.2991 0.9515 2.1708, -3.293 0.8669 2.0517, -3.2787 0.8515 2.0649, -3.2728 0.7557 1.9615, -3.2555 0.7458 1.9729, -3.2495 0.6383 1.8833, -3.229 0.6327 1.8923, -3.2228 0.5137 1.817, -3.198 0.5118 1.8226, -3.1916 0.3838 1.7633, -3.1674 0.385 1.7632, -3.161 0.2505 1.7213, -3.1379 0.2529 1.7154, -3.1318 0.1147 1.6915, -3.1115 0.1167 1.6803, -3.1056 -0.0224 1.6745, -3.089 -0.0221 1.6592, -3.083 -0.1638 1.6716, -3.0698 -0.1663 1.6522, -3.0636 -0.3098 1.6839, -3.056 -0.3151 1.6648, -3.0496 -0.4567 1.7163, -3.0464 -0.4649 1.6976, -3.0401 -0.6006 1.7686, -3.2812 0.6581 1.854, -3.2749 0.534 1.7756, -3.2606 0.5247 1.7937, -3.2542 0.3928 1.733, -3.2369 0.3881 1.7473, -3.2305 0.2515 1.7051, -3.21 0.2498 1.7157, -3.2039 0.1117 1.6922, -3.1791 0.112 1.6981, -3.1733 -0.0247 1.6927, -3.149 -0.0237 1.6922, -3.143 -0.1611 1.7045, -3.12 -0.1612 1.6981, -3.1137 -0.2988 1.7287, -3.0934 -0.3012 1.7176, -3.087 -0.4359 1.7668, -3.0704 -0.4415 1.7526, -3.064 -0.5701 1.82, -3.0508 -0.5799 1.8031, -3.0447 -0.6995 1.8873, -3.0371 -0.7117 1.8717, -3.0312 -0.8193 1.9707, -3.0281 -0.8341 1.9565, -3.0221 -0.9305 2.0714, -3.2622 0.2584 1.6705, -3.256 0.1143 1.6462, -3.2417 0.1128 1.6665, -3.2359 -0.028 1.6613, -3.2185 -0.027 1.6763, -3.2125 -0.1664 1.6891, -3.1921 -0.1639 1.6995, -3.1858 -0.3013 1.7305, -3.1611 -0.2987 1.7358, -3.1547 -0.431 1.7845, -3.1304 -0.4303 1.7837, -3.124 -0.555 1.8493, -3.101 -0.5575 1.8434, -3.0948 -0.672 1.9243, -3.0745 -0.6785 1.9151, -3.0687 -0.7808 2.0094, -3.052 -0.7914 1.9984, -3.046 -0.8827 2.1074, -3.0329 -0.8982 2.0955, -3.0266 -0.9772 2.2195, -3.019 -0.9944 2.2098, -3.0126 -1.058 2.3464, -3.0095 -1.077 2.339, -3.0031 -1.1226 2.4851, -3.2502 -0.0291 1.641, -3.2442 -0.1731 1.6544, -3.2299 -0.1694 1.6744, -3.2237 -0.31 1.7063, -3.2063 -0.3051 1.7205, -3.1999 -0.4394 1.7702, -3.1794 -0.4343 1.7796, -3.1731 -0.5594 1.8458, -3.1483 -0.5555 1.8502, -3.1422 -0.6691 1.9309, -3.1179 -0.6687 1.9298, -3.1121 -0.7692 2.0228, -3.089 -0.7732 2.0178, -3.083 -0.8621 2.1243, -3.0627 -0.8708 2.1169, -3.0564 -0.9472 2.2372, -3.0398 -0.9603 2.2293, -3.0334 -1.0215 2.3612, -3.0202 -1.0395 2.3538, -3.0139 -1.0835 2.4949, -3.0063 -1.1028 2.49, -3.0001 -1.128 2.6367, -2.997 -1.1483 2.6345, -2.9911 -1.1544 2.7832, -3.2524 -0.1767 1.6336, -3.2379 -0.3163 1.6869, -3.2173 -0.4461 1.7568, -3.1935 -0.5657 1.8372, -3.1669 -0.6736 1.927, -3.1363 -0.7695 2.0239, -3.1061 -0.8576 2.1288, -3.0767 -0.9377 2.2433, -3.05 -1.0075 2.3673, -3.027 -1.0647 2.4999, -3.0077 -1.1083 2.639, -2.9943 -1.134 2.7827, -2.9851 -1.1411 2.9326, -3.2316 -0.4549 1.7385, -3.2252 -0.5853 1.8077, -3.2109 -0.5742 1.8247, -3.2047 -0.691 1.908, -3.1874 -0.6809 1.9192, -3.1815 -0.7827 2.0139, -3.1611 -0.7744 2.0206, -3.1551 -0.863 2.1272, -3.1304 -0.8577 2.1299, -3.1241 -0.9325 2.2483, -3.0998 -0.9325 2.2471, -3.0934 -0.9916 2.3753, -3.0704 -0.9972 2.3721, -3.064 -1.0392 2.5075, -3.0437 -1.05 2.5041, -3.0375 -1.0739 2.6437, -3.0209 -1.089 2.6415, -3.0151 -1.0946 2.7825, -3.0019 -1.1142 2.7825, -2.9959 -1.1013 2.9267, -2.9883 -1.121 2.9295, -2.982 -1.0884 3.0756, -2.9789 -1.108 3.0813, -2.9725 -1.0552 3.2253, -3.2334 -0.5967 1.7899, -3.219 -0.7042 1.8926, -3.1989 -0.7941 2.004, -3.1756 -0.8721 2.1216, -3.1489 -0.9382 2.2463, -3.1177 -0.9915 2.3764, -3.0871 -1.0332 2.5098, -3.0578 -1.0627 2.6457, -3.0317 -1.0794 2.7828, -3.0091 -1.082 2.9242, -2.9896 -1.0693 3.0702, -2.9756 -1.0365 3.217, -2.9661 -0.984 3.3608, -3.2132 -0.8092 1.9905, -3.2072 -0.9014 2.1018, -3.1929 -0.8847 2.1133, -3.1867 -0.9614 2.2354, -3.1693 -0.9479 2.242, -3.1629 -1.0075 2.3722, -3.1425 -0.9973 2.3752, -3.1361 -1.0388 2.5105, -3.1114 -1.0329 2.5109, -3.1052 -1.0561 2.6483, -3.0809 -1.0565 2.6472, -3.0751 -1.0617 2.7841, -3.052 -1.068 2.7833, -3.046 -1.0555 2.9215, -3.0257 -1.0668 2.9225, -3.0195 -1.0356 3.0615, -3.0028 -1.0505 3.0652, -2.9964 -1.0003 3.2017, -2.9832 -1.0183 3.2092, -2.9769 -0.9495 3.34, -2.9693 -0.9665 3.3502, -2.9631 -0.8806 3.4716, -2.96 -0.8964 3.4844, -2.9542 -0.7955 3.5938, -3.1946 -1.041 2.3608, -3.1882 -1.0841 2.502, -3.1739 -1.0642 2.5061, -3.1678 -1.0877 2.6476, -3.1504 -1.0726 2.6484, -3.1446 -1.0775 2.7873, -3.1241 -1.0669 2.7862, -3.1181 -1.054 2.9243, -3.0934 -1.0484 2.9223, -3.0871 -1.0174 3.0589, -3.0629 -1.0182 3.0582, -3.0565 -0.9693 3.1905, -3.0334 -0.9754 3.1922, -3.027 -0.9092 3.3175, -3.0067 -0.9193 3.3227, -3.0006 -0.8373 3.4383, -2.9839 -0.8496 3.4474, -2.9781 -0.7537 3.551, -2.9649 -0.7675 3.5648, -2.9589 -0.6564 3.6576, -2.9513 -0.6682 3.6735, -2.9451 -0.5418 3.7536, -2.9419 -0.5517 3.7715, -2.9355 -0.4124 3.8358, -3.1762 -1.1128 2.7895, -3.1703 -1.0991 2.9335, -3.156 -1.0792 2.9298, -3.1497 -1.0469 3.0703, -3.1323 -1.0327 3.0654, -3.126 -0.9827 3.1996, -3.1055 -0.9733 3.1945, -3.0991 -0.9068 3.3194, -3.0744 -0.9024 3.3155, -3.0682 -0.8215 3.4289, -3.044 -0.8225 3.4285, -3.0381 -0.7294 3.5288, -3.015 -0.7344 3.5327, -3.0091 -0.6277 3.6215, -2.9888 -0.635 3.6302, -2.9825 -0.5145 3.7063, -2.9659 -0.5224 3.7194, -2.9595 -0.3903 3.7803, -2.9463 -0.3977 3.7984, -2.9399 -0.2565 3.842, -2.9323 -0.2614 3.8613, -2.9262 -0.1147 3.8862, -2.923 -0.1168 3.9065, -2.9172 0.0319 3.9122, -3.1513 -0.9448 3.3454, -3.1451 -0.8597 3.4641, -3.1308 -0.8443 3.4508, -3.125 -0.7481 3.5537, -3.1076 -0.7383 3.5423, -3.1016 -0.6303 3.6315, -3.0812 -0.6247 3.6224, -3.0749 -0.5054 3.6972, -3.0502 -0.5035 3.6916, -3.0438 -0.3752 3.7503, -3.0195 -0.3763 3.7504, -3.0132 -0.2417 3.7917, -2.9901 -0.244 3.7976, -2.9839 -0.1058 3.8208, -2.9636 -0.1077 3.832, -2.9578 0.0313 3.8372, -2.9411 0.0311 3.8525, -2.9351 0.1728 3.8395, -2.922 0.1753 3.8588, -2.9157 0.3188 3.8265, -2.9081 0.3242 3.8455, -2.9017 0.4656 3.7933, -2.8986 0.4738 3.812, -2.8922 0.6092 3.7404, -3.1333 -0.65 3.6608, -3.127 -0.5254 3.7387, -3.1128 -0.5162 3.7206, -3.1064 -0.384 3.7806, -3.089 -0.3794 3.7663, -3.0826 -0.2426 3.8078, -3.0622 -0.241 3.7973, -3.056 -0.1028 3.8201, -3.0313 -0.1032 3.8142, -3.0254 0.0335 3.8189, -3.0012 0.0325 3.8195, -2.9952 0.17 3.8066, -2.9721 0.17 3.813, -2.9658 0.3075 3.7817, -2.9455 0.31 3.7928, -2.9391 0.4445 3.7429, -2.9225 0.4502 3.7571, -2.9161 0.5784 3.6892, -2.903 0.5883 3.706, -2.8968 0.7074 3.6213, -2.8892 0.7197 3.6368, -2.8834 0.8269 3.5374, -2.8802 0.8416 3.5515, -2.8743 0.9376 3.436, -3.1082 -0.1053 3.8661, -3.1023 0.0381 3.8707, -3.088 0.037 3.8504, -3.0821 0.1783 3.8366, -3.0647 0.1753 3.8219, -3.0584 0.3139 3.7899, -3.038 0.31 3.7799, -3.0316 0.4428 3.7302, -3.0068 0.4395 3.7252, -3.0005 0.5637 3.659, -2.9762 0.5631 3.6599, -2.97 0.6764 3.5789, -2.947 0.6797 3.5844, -2.9411 0.7805 3.4905, -2.9208 0.7881 3.4989, -2.9148 0.8777 3.3908, -2.8982 0.8897 3.4003, -2.8919 0.9667 3.278, -2.8787 0.9836 3.2877, -2.8723 1.0454 3.1531, -2.8647 1.0638 3.1604, -2.8584 1.1079 3.0167, -2.8552 1.1278 3.0214, -2.8491 1.1528 2.8721, -3.0901 0.3253 3.8234, -3.0837 0.4637 3.7712, -3.0694 0.4548 3.7529, -3.063 0.5825 3.6844, -3.0457 0.5739 3.672, -3.0395 0.6887 3.5894, -3.0191 0.6813 3.5817, -3.0132 0.7817 3.4877, -2.9885 0.7768 3.4844, -2.9825 0.8646 3.378, -2.9582 0.8644 3.3791, -2.952 0.9389 3.2603, -2.9289 0.944 3.2641, -2.9225 1.003 3.135, -2.9022 1.0133 3.1397, -2.8958 1.0551 3.0028, -2.8792 1.0698 3.007, -2.873 1.0934 2.8653, -2.8598 1.1128 2.8677, -2.854 1.118 2.7242, -2.8464 1.1378 2.7239, -2.8404 1.1241 2.5771, -2.8373 1.1443 2.5739, -2.831 1.1104 2.4253, -3.0712 0.7121 3.6159, -3.0654 0.8167 3.5177, -3.0511 0.8015 3.5042, -3.0451 0.8916 3.3944, -3.0277 0.879 3.3861, -3.0214 0.9542 3.2654, -3.001 0.9445 3.2611, -2.9946 1.0031 3.1319, -2.9698 0.9972 3.1308, -2.9635 1.038 2.9961, -2.9392 1.0383 2.9971, -2.9331 1.0609 2.8597, -2.91 1.0671 2.8612, -2.9042 1.0719 2.7237, -2.8839 1.0832 2.7241, -2.8779 1.07 2.5844, -2.8612 1.0851 2.5826, -2.855 1.053 2.4417, -2.8418 1.0718 2.4366, -2.8354 1.0201 2.2978, -2.8278 1.0383 2.2899, -2.8214 0.9677 2.1571, -2.8183 0.9851 2.1464, -2.8121 0.897 2.0232, -3.0594 0.9084 3.4058, -3.0531 0.986 3.281, -3.0388 0.9678 3.2719, -3.0324 1.0276 3.1395, -3.0151 1.0133 3.1349, -3.0087 1.0545 2.998, -2.9883 1.0439 2.9964, -2.9821 1.0664 2.8582, -2.9573 1.0605 2.8587, -2.9515 1.0649 2.722, -2.9273 1.0655 2.7229, -2.9213 1.0523 2.5855, -2.8982 1.0587 2.5854, -2.8919 1.0271 2.4479, -2.8716 1.0381 2.4455, -2.8652 0.988 2.3111, -2.8486 1.0021 2.3054, -2.8422 0.9339 2.1773, -2.829 0.9507 2.1674, -2.8229 0.8657 2.0485, -2.8153 0.8812 2.0361, -2.8095 0.7816 1.9292, -2.8063 0.7956 1.9144, -2.8003 0.6799 1.8187, -3.0467 1.0468 3.1461, -3.0261 1.0693 3.0007, -3.0026 1.0771 2.8584, -2.9763 1.0708 2.7208, -2.9455 1.0516 2.5846, -2.915 1.0208 2.4489, -2.8855 0.9773 2.315, -2.8589 0.9206 2.1848, -2.8361 0.8503 2.0605, -2.8171 0.7678 1.9435, -2.8035 0.6679 1.8352, -2.7941 0.5508 1.7377, -3.0404 1.0892 3.0048, -3.0342 1.1124 2.8606, -3.0199 1.0921 2.8592, -3.0141 1.0964 2.7184, -2.9967 1.0813 2.7196, -2.9908 1.0676 2.5801, -2.9703 1.0572 2.5827, -2.964 1.0253 2.4454, -2.9393 1.02 2.4481, -2.9329 0.9703 2.3161, -2.9086 0.9712 2.3168, -2.9023 0.9047 2.1926, -2.8792 0.9106 2.1901, -2.873 0.8289 2.0763, -2.8527 0.8381 2.0697, -2.8469 0.7431 1.9681, -2.8302 0.7541 1.9574, -2.8243 0.6443 1.8667, -2.8111 0.6561 1.8512, -2.8048 0.5315 1.773, -2.7972 0.5411 1.7557, -2.7908 0.404 1.6931, -2.7877 0.4113 1.6741, -2.7813 0.2649 1.6295, -3.0425 1.1335 2.8623, -3.0284 1.1166 2.7172, -3.0081 1.0823 2.577, -2.9845 1.0352 2.4416, -2.9576 0.9752 2.3128, -2.9265 0.9037 2.1921, -2.8961 0.8234 2.0796, -2.8672 0.7348 1.9758, -2.8409 0.6349 1.8787, -2.818 0.5218 1.79, -2.7984 0.3968 1.7116, -2.7845 0.2602 1.6493, -2.7752 0.1155 1.6048, -3.0224 1.1022 2.5732, -3.0162 1.0687 2.4301, -3.0019 1.0494 2.4366, -2.9955 0.9979 2.3008, -2.9781 0.9845 2.3076, -2.9717 0.9167 2.1818, -2.9513 0.9082 2.1881, -2.9451 0.8262 2.0746, -2.9204 0.8224 2.0791, -2.9146 0.7287 1.9795, -2.8903 0.7298 1.9797, -2.8843 0.6231 1.892, -2.8612 0.6276 1.8874, -2.8549 0.508 1.8127, -2.8346 0.514 1.8031, -2.8282 0.3834 1.7437, -2.8116 0.3894 1.7297, -2.8052 0.2505 1.6875, -2.7921 0.2554 1.6686, -2.7859 0.1112 1.6448, -2.7783 0.1134 1.6251, -2.7725 -0.0326 1.6201, -2.7694 -0.0332 1.5997, -2.7634 -0.1826 1.614, -3.0034 0.946 2.162, -2.9973 0.8604 2.0438, -2.983 0.8451 2.0571, -2.9772 0.7484 1.9547, -2.9598 0.7386 1.9662, -2.9538 0.6302 1.8774, -2.9333 0.6246 1.8865, -2.9271 0.5049 1.8122, -2.9023 0.503 1.8178, -2.8959 0.3745 1.7598, -2.8716 0.3756 1.7596, -2.8653 0.2408 1.719, -2.8422 0.2431 1.7131, -2.8361 0.1049 1.6905, -2.8158 0.1068 1.6793, -2.8099 -0.0323 1.6748, -2.7933 -0.0321 1.6595, -2.7873 -0.1739 1.6732, -2.7741 -0.1765 1.6538, -2.7678 -0.3199 1.6868, -2.7602 -0.3254 1.6678, -2.7538 -0.4665 1.7207, -2.7507 -0.4748 1.7021, -2.7444 -0.6098 1.7742, -2.9855 0.6497 1.848, -2.9792 0.5247 1.7707, -2.9649 0.5157 1.7888, -2.9585 0.3832 1.7294, -2.9411 0.3786 1.7437, -2.9348 0.2416 1.7029, -2.9143 0.2401 1.7134, -2.9082 0.1019 1.6912, -2.8834 0.1023 1.6971, -2.8776 -0.0344 1.693, -2.8533 -0.0334 1.6925, -2.8473 -0.1709 1.706, -2.8243 -0.171 1.6996, -2.818 -0.3084 1.7315, -2.7977 -0.3109 1.7205, -2.7913 -0.4452 1.771, -2.7746 -0.4509 1.7568, -2.7683 -0.5788 1.8254, -2.7551 -0.5888 1.8085, -2.749 -0.7074 1.8938, -2.7414 -0.7198 1.8783, -2.7355 -0.8265 1.9782, -2.7324 -0.8413 1.9642, -2.7264 -0.9368 2.0801, -2.9603 0.1041 1.6453, -2.9545 -0.0392 1.6413, -2.9402 -0.038 1.6616, -2.9342 -0.1794 1.676, -2.9168 -0.1763 1.6907, -2.9106 -0.3148 1.7234, -2.8901 -0.3109 1.7333, -2.8837 -0.4435 1.7837, -2.8589 -0.4401 1.7886, -2.8526 -0.5639 1.8555, -2.8283 -0.5634 1.8545, -2.8222 -0.6763 1.9361, -2.7991 -0.6796 1.9306, -2.7933 -0.7798 2.0249, -2.773 -0.7876 2.0165, -2.767 -0.8767 2.1251, -2.7503 -0.8887 2.1156, -2.7441 -0.9652 2.2383, -2.7309 -0.9822 2.2287, -2.7245 -1.0433 2.3636, -2.7169 -1.0618 2.3564, -2.7105 -1.1052 2.5003, -2.7074 -1.1251 2.4957, -2.7013 -1.1494 2.645, -2.9422 -0.3263 1.69, -2.9358 -0.4645 1.7428, -2.9215 -0.4555 1.761, -2.9152 -0.5829 1.8301, -2.8978 -0.5743 1.8425, -2.8917 -0.6886 1.9256, -2.8712 -0.6812 1.9332, -2.8654 -0.7811 2.0277, -2.8406 -0.7761 2.0309, -2.8346 -0.8635 2.1379, -2.8104 -0.8634 2.1368, -2.8041 -0.9373 2.2559, -2.781 -0.9424 2.2521, -2.7746 -1.0008 2.3815, -2.7543 -1.0111 2.3768, -2.748 -1.0523 2.5139, -2.7313 -1.067 2.5099, -2.7252 -1.09 2.6515, -2.712 -1.1094 2.6492, -2.7062 -1.1139 2.7927, -2.6986 -1.1337 2.7931, -2.6926 -1.1193 2.9399, -2.6894 -1.1395 2.9432, -2.6832 -1.1049 3.0917, -2.9175 -0.8162 1.9979, -2.9115 -0.9075 2.1103, -2.8972 -0.8906 2.1216, -2.891 -0.9663 2.2445, -2.8736 -0.9527 2.2509, -2.8672 -1.0111 2.3817, -2.8467 -1.0008 2.3846, -2.8404 -1.0411 2.5203, -2.8156 -1.0352 2.5206, -2.8095 -1.057 2.658, -2.7852 -1.0574 2.657, -2.7794 -1.0614 2.7937, -2.7563 -1.0677 2.793, -2.7503 -1.0539 2.9313, -2.73 -1.0652 2.9324, -2.7237 -1.0327 3.0712, -2.7071 -1.0475 3.075, -2.7007 -0.996 3.2111, -2.6875 -1.014 3.2188, -2.6812 -0.944 3.3489, -2.6736 -0.9609 3.3592, -2.6674 -0.8739 3.4797, -2.6643 -0.8897 3.4927, -2.6585 -0.7878 3.601, -2.8989 -1.0447 2.3706, -2.8925 -1.0864 2.5121, -2.8782 -1.0665 2.5161, -2.8721 -1.0886 2.6576, -2.8547 -1.0736 2.6583, -2.8489 -1.0772 2.7971, -2.8284 -1.0666 2.7959, -2.8224 -1.0524 2.934, -2.7977 -1.0468 2.9321, -2.7914 -1.0145 3.0685, -2.7671 -1.0153 3.0677, -2.7607 -0.9651 3.1996, -2.7377 -0.9713 3.2014, -2.7313 -0.9039 3.326, -2.711 -0.914 3.3313, -2.7049 -0.831 3.446, -2.6882 -0.8432 3.4552, -2.6824 -0.7465 3.5578, -2.6692 -0.7601 3.5718, -2.6632 -0.648 3.6637, -2.6556 -0.6597 3.6797, -2.6493 -0.5325 3.7587, -2.6462 -0.5421 3.7767, -2.6398 -0.4022 3.8397, -2.8806 -1.1125 2.7997, -2.8746 -1.0974 2.9437, -2.8603 -1.0775 2.9398, -2.854 -1.0439 3.0802, -2.8366 -1.0298 3.0751, -2.8302 -0.9784 3.2088, -2.8098 -0.9691 3.2036, -2.8034 -0.9015 3.3279, -2.7787 -0.8971 3.3239, -2.7725 -0.8153 3.4364, -2.7483 -0.8163 3.436, -2.7424 -0.7223 3.5354, -2.7194 -0.7273 3.5394, -2.7134 -0.6196 3.6273, -2.6931 -0.6268 3.636, -2.6868 -0.5056 3.7111, -2.6701 -0.5133 3.7243, -2.6637 -0.3806 3.784, -2.6505 -0.3879 3.8021, -2.6442 -0.2464 3.8444, -2.6366 -0.251 3.8637, -2.6305 -0.1043 3.8872, -2.6273 -0.1062 3.9075, -2.6215 0.0424 3.9119, -2.8683 -1.0632 3.0867, -2.8619 -1.01 3.2247, -2.8476 -0.9918 3.2157, -2.8413 -0.9224 3.3429, -2.8239 -0.9101 3.3343, -2.8177 -0.8268 3.4484, -2.7973 -0.8191 3.441, -2.7915 -0.7245 3.5406, -2.7667 -0.7212 3.5357, -2.7607 -0.6141 3.6228, -2.7364 -0.6152 3.6227, -2.7302 -0.4958 3.6963, -2.7071 -0.4996 3.7015, -2.7007 -0.37 3.7595, -2.6804 -0.3747 3.7699, -2.674 -0.2376 3.8107, -2.6574 -0.2416 3.8255, -2.6513 -0.0999 3.8481, -2.6381 -0.1022 3.8675, -2.6323 0.0413 3.8717, -2.6247 0.0417 3.8915, -2.6187 0.1886 3.8768, -2.6155 0.1919 3.8969, -2.6092 0.3403 3.862, -2.8556 -0.9393 3.3542, -2.8351 -0.8379 3.4586, -2.8119 -0.7311 3.549, -2.7855 -0.6166 3.6282, -2.7544 -0.4947 3.6963, -2.7238 -0.367 3.7539, -2.6943 -0.2343 3.7999, -2.6679 -0.0978 3.833, -2.6454 0.0411 3.8522, -2.6263 0.1856 3.8572, -2.6124 0.3344 3.8425, -2.6028 0.4837 3.8075, -4.1554 -1.0721 3.1852, -4.1558 -1.0803 3.1752, -4.1553 -1.0765 3.187, -4.146 -0.9064 3.4386, -4.1369 -0.8253 3.5643, -4.1384 -0.8549 3.5371, -4.1368 -0.8287 3.5676, -4.1489 -1.01 3.3258, -4.147 -0.9837 3.3661, -4.1427 -0.9265 3.4536, -4.1418 -0.6893 3.6326, -4.128 -0.5788 3.7325, -4.1184 -0.4527 3.8195, -4.1211 -0.5146 3.7933, -4.1183 -0.4546 3.8238, -4.1309 -0.7173 3.6678, -4.1299 -0.6972 3.6816, -4.1247 -0.5917 3.7541, -4.1356 -0.5685 3.7156, -4.1216 -0.4446 3.8007, -4.136 -0.2913 3.8129, -4.1166 -0.1533 3.8615, -4.1031 -0.0098 3.8921, -4.0941 0.1389 3.9045, -4.0951 0.1091 3.9108, -4.0939 0.1394 3.9092, -4.1057 -0.1598 3.906, -4.1036 -0.105 3.9101, -4.0998 -0.0101 3.9173, -4.1405 -0.0079 3.8375, -4.118 0.1326 3.845, -4.0986 0.2785 3.8376, -4.0846 0.4262 3.81, -4.0751 0.5719 3.7624, -4.0775 0.5186 3.7934, -4.075 0.5742 3.7666, -4.0877 0.2893 3.8812, -4.0864 0.3193 3.8714, -4.0814 0.4356 3.8334, -4.0688 0.7019 3.6828, -4.0688 0.7019 3.6827, -4.0629 0.8156 3.5848, -4.0603 0.8585 3.5368, -4.057 0.9155 3.4731, -4.0517 0.9884 3.3666, -4.0508 1.0016 3.3473, -4.0444 1.071 3.2099, -4.0429 1.0832 3.1748, -4.038 1.1216 3.0646, -4.034 1.1414 2.9689, -4.0318 1.1524 2.9151, -4.0259 1.1634 2.7654, -4.0255 1.1628 2.7559, -4.1285 0.9825 3.169, -4.099 1.0344 3.0383, -4.0725 1.0736 2.9028, -4.0499 1.0989 2.7641, -4.0309 1.1103 2.6209, -4.0171 1.1023 2.4722, -4.0075 1.074 2.3216, -4.0082 1.084 2.3367, -4.0074 1.0784 2.3198, -4.02 1.1549 2.6158, -4.017 1.1412 2.543, -4.0138 1.1266 2.4659, -4.11 1.066 2.7615, -4.081 1.0643 2.6246, -4.0545 1.0491 2.4845, -4.0315 1.0184 2.3433, -4.0119 0.9721 2.2033, -3.9981 0.9072 2.069, -3.989 0.8256 1.9438, -3.9907 0.8587 1.9748, -3.9889 0.829 1.9405, -4.0011 1.0113 2.1813, -3.9993 0.9877 2.1456, -3.9948 0.9272 2.0539, -4.1222 1.0308 2.4865, -4.0915 0.987 2.3535, -4.0621 0.9311 2.2245, -4.0355 0.8629 2.101, -4.013 0.7825 1.9852, -3.9939 0.6892 1.876, -3.9801 0.5782 1.7766, -3.9706 0.4517 1.6902, -3.9735 0.5185 1.7185, -3.9705 0.4535 1.6858, -3.983 0.7171 1.8407, -3.9823 0.7013 1.83, -3.9768 0.591 1.7549, -4.1158 0.9861 2.3528, -4.0851 0.9251 2.2268, -4.0558 0.8534 2.1072, -4.0296 0.7712 1.9955, -4.0071 0.6768 1.8911, -3.9877 0.568 1.7935, -3.9737 0.4437 1.709, -4.128 0.8508 2.1055, -4.0973 0.7564 2.0063, -4.0671 0.6547 1.9156, -4.0378 0.543 1.8323, -4.0112 0.4212 1.7588, -3.9881 0.2903 1.6975, -3.9687 0.1521 1.6496, -3.9552 0.0086 1.6196, -3.9462 -0.1402 1.608, -3.9475 -0.1051 1.6012, -3.9461 -0.1408 1.6033, -3.9579 0.1585 1.6051, -3.9559 0.109 1.6016, -3.952 0.0088 1.5945, -4.1366 0.6623 1.9013, -4.11 0.5399 1.8317, -4.0788 0.4117 1.7745, -4.0482 0.2794 1.7287, -4.0189 0.1441 1.695, -3.9927 0.007 1.6742, -3.9701 -0.1336 1.6674, -3.9507 -0.2796 1.6755, -3.9368 -0.4272 1.7038, -3.9272 -0.5727 1.752, -3.9299 -0.5146 1.7185, -3.9271 -0.575 1.748, -3.9399 -0.2906 1.632, -3.9388 -0.3154 1.6402, -3.9335 -0.4367 1.6805, -4.1304 0.5446 1.8221, -4.1036 0.413 1.7687, -4.0724 0.2783 1.7289, -4.042 0.1423 1.7012, -4.013 0.0061 1.6856, -3.9868 -0.1324 1.6826, -3.9639 -0.2751 1.6945, -3.9444 -0.42 1.7222, -3.9304 -0.5626 1.7698, -4.135 0.2841 1.6978, -4.1114 0.1416 1.685, -4.0851 0.0032 1.6866, -4.0544 -0.1328 1.701, -4.024 -0.2691 1.727, -3.9945 -0.4043 1.7656, -3.9678 -0.5366 1.8178, -3.945 -0.6637 1.884, -3.9259 -0.7839 1.9629, -3.9124 -0.895 2.0584, -3.903 -0.9963 2.1716, -3.9041 -0.9842 2.1454, -3.9029 -1.0004 2.1692, -3.915 -0.8153 1.9308, -3.9127 -0.8546 1.975, -3.9091 -0.9148 2.0429, -4.1372 0.0012 1.6406, -4.117 -0.1393 1.67, -4.0935 -0.2759 1.7123, -4.0666 -0.4066 1.7677, -4.0355 -0.5299 1.8349, -4.005 -0.6456 1.9116, -3.976 -0.7528 1.997, -3.9498 -0.8527 2.093, -3.927 -0.9451 2.2025, -3.9074 -1.0278 2.3246, -3.8934 -1.0949 2.4591, -3.8841 -1.1445 2.6027, -3.8864 -1.1373 2.543, -3.8839 -1.1492 2.6021, -3.8965 -1.0691 2.3069, -3.8952 -1.0794 2.3369, -3.8902 -1.1191 2.4525, -3.8781 -1.1594 2.7517, -3.8779 -1.1592 2.7559, -3.8722 -1.1503 2.9014, -3.8694 -1.1372 2.9688, -3.8659 -1.1213 3.0511, -3.8605 -1.0798 3.175, -3.8596 -1.0724 3.1971, -3.8532 -1.0046 3.3353, -3.8517 -0.9839 3.3663, -3.847 -0.92 3.4622, -3.8431 -0.8547 3.5369, -3.8411 -0.8213 3.5751, -3.8352 -0.7089 3.6744, -3.8346 -0.6975 3.6821, -4.0836 -1.097 2.4665, -4.0692 -1.1045 2.6154, -4.049 -1.0931 2.7586, -4.0257 -1.0687 2.8971, -3.9991 -1.0309 3.0326, -3.9679 -0.9803 3.1636, -3.9373 -0.9187 3.2893, -3.908 -0.8464 3.4085, -3.8818 -0.7638 3.5198, -3.8592 -0.6688 3.6238, -3.8398 -0.5595 3.7209, -3.8259 -0.4348 3.8049, -3.8163 -0.2976 3.8731, -3.817 -0.3155 3.872, -3.8162 -0.2988 3.8777, -3.829 -0.5823 3.7596, -3.8258 -0.5146 3.7933, -3.8226 -0.4445 3.8281, -4.0512 -1.0748 3.0465, -4.0305 -1.0084 3.178, -4.0068 -0.9311 3.2998, -3.9801 -0.8438 3.4102, -3.9494 -0.7491 3.5089, -3.9193 -0.6469 3.5992, -3.89 -0.5347 3.682, -3.8633 -0.4126 3.755, -3.8403 -0.2814 3.8156, -3.8209 -0.1431 3.8629, -3.8074 0.0005 3.8922, -3.7983 0.1495 3.9032, -3.7999 0.109 3.9104, -3.7982 0.1501 3.9078, -3.81 -0.1492 3.9074, -3.8083 -0.1051 3.9104, -3.8041 0.0004 3.9173, -4.0322 -0.8789 3.44, -4.012 -0.7695 3.533, -3.9888 -0.6543 3.6136, -3.9621 -0.5316 3.6826, -3.931 -0.4031 3.7392, -3.9003 -0.2706 3.7844, -3.871 -0.1352 3.8174, -3.8448 0.0019 3.8376, -3.8223 0.1426 3.8438, -3.8029 0.2886 3.835, -3.7889 0.4361 3.806, -3.7794 0.5813 3.7571, -3.7823 0.5185 3.7933, -3.7793 0.5837 3.7612, -3.792 0.2998 3.8785, -3.7912 0.3194 3.8719, -3.7856 0.4457 3.8292, -4.0405 -0.8955 3.4532, -4.0263 -0.7835 3.5478, -4.0061 -0.663 3.6259, -3.9826 -0.5362 3.6922, -3.9557 -0.4044 3.745, -3.9246 -0.2696 3.7842, -3.8941 -0.1335 3.8113, -3.8651 0.0027 3.8263, -3.8389 0.1413 3.8286, -3.8161 0.284 3.816, -3.7965 0.4288 3.7876, -3.7825 0.5711 3.7394, -4.0078 -0.42 3.7883, -3.9872 -0.2752 3.8153, -3.9636 -0.1327 3.8275, -3.9372 0.0056 3.8253, -3.9066 0.1416 3.8102, -3.8761 0.2778 3.7836, -3.8466 0.4129 3.7443, -3.82 0.5449 3.6914, -3.7971 0.6717 3.6247, -3.778 0.7914 3.5454, -3.7645 0.9022 3.4493, -3.7552 1.003 3.3355, -3.7564 0.988 3.3663, -3.7551 1.0071 3.3379, -3.7672 0.823 3.5774, -3.7651 0.8586 3.5369, -3.7613 0.9221 3.4647, -3.9894 0.0078 3.8712, -3.9692 0.1483 3.8411, -3.9456 0.2847 3.7982, -3.9188 0.4152 3.7422, -3.8876 0.5381 3.6744, -3.8571 0.6534 3.5972, -3.8282 0.7602 3.5114, -3.802 0.8597 3.4149, -3.7791 0.9516 3.3049, -3.7595 1.0338 3.1824, -3.7456 1.1002 3.0476, -3.7362 1.1492 2.9038, -3.7388 1.1412 2.9688, -3.7361 1.1539 2.9044, -3.7487 1.0752 3.1999, -3.7476 1.0836 3.175, -3.7423 1.1245 3.0541, -3.9976 0.0082 3.8924, -3.9835 0.1515 3.8612, -3.963 0.2893 3.8126, -3.9392 0.42 3.7517, -3.9124 0.542 3.6789, -3.8814 0.6539 3.5962, -3.8513 0.7563 3.5063, -3.8223 0.8513 3.4074, -3.7957 0.9387 3.2967, -3.7727 1.0159 3.1745, -3.7532 1.0811 3.0423, -3.7394 1.1289 2.9012, -3.9645 0.5669 3.7176, -3.944 0.6752 3.6196, -3.9207 0.7696 3.5156, -3.8944 0.8522 3.4044, -3.8634 0.9244 3.2853, -3.8328 0.9864 3.1598, -3.8033 1.037 3.0286, -3.7768 1.0749 2.8929, -3.7543 1.0989 2.7542, -3.7352 1.109 2.6107, -3.7213 1.0996 2.4619, -3.7118 1.0699 2.3115, -3.7129 1.0835 2.3369, -3.7117 1.0743 2.3097, -3.7243 1.1536 2.6051, -3.7217 1.1412 2.543, -3.7181 1.1238 2.4554, -3.9465 0.89 3.4307, -3.926 0.9529 3.2988, -3.9022 1.0022 3.1632, -3.8754 1.0368 3.0255, -3.8445 1.0573 2.8879, -3.8143 1.066 2.7519, -3.7853 1.063 2.6148, -3.7588 1.0465 2.4747, -3.7357 1.0144 2.3338, -3.7162 0.9669 2.1942, -3.7024 0.9008 2.0607, -3.6934 0.8182 1.9364, -3.6954 0.8586 1.975, -3.6933 0.8216 1.933, -3.7053 1.0059 2.1719, -3.704 0.9881 2.1454, -3.6991 0.9207 2.0454, -3.6873 0.7086 1.8342, -3.687 0.7016 1.8295, -3.6811 0.5816 1.7495, -3.6782 0.5186 1.7185, -3.6747 0.4434 1.6817, -3.6693 0.3194 1.6401, -3.6684 0.2975 1.6327, -3.6622 0.1478 1.6037, -3.6606 0.109 1.6013, -3.6563 -0.0017 1.5945, -3.6522 -0.105 1.6015, -3.6504 -0.1515 1.6047, -3.6442 -0.3011 1.6347, -3.6435 -0.3156 1.6397, -3.8926 0.8962 2.0545, -3.8785 0.7838 1.9605, -3.8583 0.6629 1.8828, -3.8347 0.5358 1.8171, -3.8079 0.4037 1.7649, -3.7767 0.2687 1.7264, -3.7463 0.1326 1.6999, -3.7173 -0.0035 1.6856, -3.6911 -0.1423 1.6839, -3.6682 -0.285 1.6972, -3.6486 -0.4297 1.7263, -3.6347 -0.5718 1.7751, -3.6253 -0.7078 1.8426, -3.6259 -0.6974 1.8299, -3.6252 -0.7107 1.8388, -3.6378 -0.4468 1.6847, -3.6346 -0.5146 1.7185, -3.6314 -0.5844 1.7534, -3.86 0.4191 1.7215, -3.8393 0.2742 1.6952, -3.8157 0.1317 1.6837, -3.7894 -0.0065 1.6866, -3.7587 -0.1425 1.7023, -3.7282 -0.2787 1.7296, -3.6988 -0.4136 1.7695, -3.6721 -0.5453 1.8229, -3.6492 -0.6717 1.8902, -3.6302 -0.7911 1.97, -3.6167 -0.9014 2.0667, -3.6073 -1.0017 2.181, -3.6088 -0.9839 2.1456, -3.6072 -1.0058 2.1786, -3.6193 -0.8228 1.9382, -3.6174 -0.8547 1.9749, -3.6134 -0.9214 2.0514, -3.8415 -0.0089 1.6406, -3.8213 -0.1493 1.6714, -3.7977 -0.2856 1.7149, -3.7709 -0.4159 1.7716, -3.7398 -0.5385 1.84, -3.7093 -0.6533 1.9176, -3.6803 -0.7596 2.0038, -3.6541 -0.8588 2.1009, -3.6312 -0.9502 2.2113, -3.6117 -1.0318 2.3343, -3.5977 -1.0976 2.4694, -3.5884 -1.1459 2.6133, -3.5911 -1.1372 2.543, -3.5882 -1.1506 2.6127, -3.6008 -1.0733 2.317, -3.5999 -1.0799 2.3367, -3.5944 -1.1219 2.463, -3.8498 -0.0093 1.6195, -3.8356 -0.1526 1.6513, -3.8151 -0.2903 1.7006, -3.7913 -0.4208 1.7621, -3.7645 -0.5423 1.8354, -3.7336 -0.6538 1.9186, -3.7034 -0.7558 2.0089, -3.6744 -0.8503 2.1084, -3.6479 -0.9373 2.2195, -3.6249 -1.0139 2.3421, -3.6053 -1.0785 2.4746, -3.5915 -1.1256 2.6158, -3.8166 -0.5675 1.7969, -3.7962 -0.6752 1.8954, -3.7729 -0.7691 1.9997, -3.7465 -0.8513 2.1113, -3.7155 -0.9229 2.2308, -3.6849 -0.9843 2.3566, -3.6554 -1.0343 2.488, -3.6289 -1.0716 2.6239, -3.6064 -1.0949 2.7626, -3.5873 -1.1043 2.9063, -3.5735 -1.0942 3.0551, -3.564 -1.0638 3.2053, -3.5653 -1.0793 3.1749, -3.5638 -1.0682 3.2072, -3.5765 -1.1489 2.912, -3.5741 -1.1373 2.9688, -3.5702 -1.1185 3.0617, -3.7987 -0.8892 2.0852, -3.7781 -0.9515 2.2175, -3.7544 -1.0001 2.3533, -3.7276 -1.0341 2.4911, -3.6966 -1.0539 2.6288, -3.6665 -1.062 2.7647, -3.6375 -1.0584 2.9019, -3.6109 -1.0412 3.042, -3.5879 -1.0085 3.1828, -3.5683 -0.9603 3.3221, -3.5545 -0.8936 3.4552, -3.5455 -0.8106 3.5791, -3.5478 -0.8546 3.5368, -3.5454 -0.8139 3.5825, -3.5575 -0.9992 3.3447, -3.5564 -0.9843 3.3665, -3.5513 -0.9134 3.4707, -3.5395 -0.7004 3.6809, -3.5394 -0.6978 3.6826, -3.5333 -0.5729 3.7651, -3.5306 -0.5146 3.7933, -3.5269 -0.4344 3.8322, -3.5217 -0.3154 3.8715, -3.5205 -0.2883 3.8805, -3.5143 -0.1386 3.9088, -3.513 -0.1051 3.9107, -3.5085 0.0109 3.9173, -3.5046 0.109 3.9102, -3.5025 0.1607 3.9064, -3.4963 0.3103 3.8756, -3.4959 0.3196 3.8724, -3.7448 -0.889 3.4614, -3.7307 -0.7763 3.5549, -3.7104 -0.6549 3.6321, -3.6868 -0.5274 3.6972, -3.66 -0.3951 3.7488, -3.6289 -0.2599 3.7867, -3.5984 -0.1237 3.8125, -3.5695 0.0124 3.8262, -3.5432 0.1512 3.8272, -3.5203 0.294 3.8133, -3.5008 0.4384 3.7835, -3.4868 0.5803 3.734, -3.4775 0.7159 3.666, -3.4782 0.7012 3.6817, -3.4774 0.7189 3.6697, -3.4899 0.4557 3.825, -3.487 0.5185 3.7933, -3.4835 0.5931 3.7557, -3.7121 -0.4103 3.7923, -3.6915 -0.2652 3.8178, -3.6679 -0.1228 3.8287, -3.6416 0.0153 3.8252, -3.6109 0.1514 3.8089, -3.5804 0.2874 3.7809, -3.5509 0.4222 3.7404, -3.5242 0.5537 3.6863, -3.5014 0.6797 3.6185, -3.4824 0.7986 3.5382, -3.4688 0.9086 3.4409, -3.4594 1.0084 3.3261, -3.4612 0.9877 3.3662, -3.4593 1.0125 3.3284, -3.4715 0.8304 3.5699, -3.4698 0.8588 3.537, -3.4656 0.9286 3.4561, -3.4529 1.0793 3.1898, -3.4523 1.0841 3.1752, -3.4466 1.1272 3.0436, -3.4435 1.1412 2.9689, -3.6937 0.0179 3.8711, -3.6735 0.1583 3.8397, -3.6499 0.2944 3.7955, -3.623 0.4244 3.7383, -3.5919 0.5467 3.6693, -3.5614 0.6612 3.5912, -3.5325 0.767 3.5045, -3.5063 0.8658 3.4069, -3.4834 0.9567 3.296, -3.4638 1.0377 3.1727, -3.4498 1.1029 3.0373, -3.4405 1.1505 2.8933, -3.4404 1.1552 2.8938, -3.7019 0.0184 3.8923, -3.6878 0.1617 3.8597, -3.6672 0.2992 3.8098, -3.6435 0.4294 3.7477, -3.6167 0.5506 3.6738, -3.5857 0.6616 3.5901, -3.5556 0.7631 3.4994, -3.5266 0.8572 3.3995, -3.5 0.9438 3.2879, -3.477 1.0198 3.165, -3.4574 1.0837 3.0322, -3.4437 1.1302 2.8908, -3.6688 0.5759 3.7122, -3.6483 0.6831 3.6133, -3.6251 0.7765 3.5086, -3.5987 0.8582 3.3966, -3.5677 0.9293 3.2766, -3.537 0.9901 3.1505, -3.5076 1.0395 3.0189, -3.4811 1.0762 2.883, -3.4586 1.0989 2.7442, -3.4395 1.1076 2.6004, -3.4256 1.0968 2.4516, -3.4161 1.0657 2.3015, -3.4176 1.0831 2.337, -3.416 1.07 2.2996, -3.4286 1.1521 2.5945, -3.4264 1.1414 2.543, -3.4224 1.121 2.4449, -3.6508 0.8962 3.4225, -3.6303 0.958 3.2899, -3.6065 1.006 3.1538, -3.5797 1.0393 3.0158, -3.5487 1.0584 2.8782, -3.5186 1.0659 2.7423, -3.4896 1.0617 2.605, -3.4631 1.0438 2.4649, -3.44 1.0104 2.3243, -3.4205 0.9616 2.1852, -3.4067 0.8943 2.0524, -3.3977 0.8108 1.929, -3.4002 0.8585 1.9751, -3.3976 0.8141 1.9256, -3.4096 1.0003 2.1625, -3.4088 0.9885 2.1452, -3.4034 0.9141 2.0369, -3.659 0.9133 3.4349, -3.6446 0.976 3.2993, -3.6239 1.0202 3.1587, -3.6001 1.0498 3.0176, -3.5735 1.0644 2.8778, -3.5429 1.0654 2.7413, -3.5127 1.0553 2.605, -3.4834 1.0327 2.4672, -3.4567 0.9961 2.3297, -3.4337 0.9445 2.1948, -3.4143 0.8786 2.0645, -3.4008 0.7965 1.9435, -3.6256 1.1103 2.881, -3.6055 1.0969 2.7383, -3.5822 1.0706 2.5999, -3.5555 1.0309 2.4647, -3.5243 0.9784 2.3344, -3.4937 0.9151 2.2096, -3.4644 0.8412 2.0916, -3.4383 0.7573 1.9817, -3.4157 0.6607 1.8788, -3.3963 0.5498 1.7831, -3.3823 0.4239 1.7009, -3.3728 0.2859 1.6346, -3.374 0.3193 1.6405, -3.3726 0.287 1.63, -3.3854 0.5721 1.7441, -3.3829 0.5186 1.7184, -3.379 0.4333 1.6775, -3.6076 1.0746 2.4502, -3.5869 1.0063 2.3196, -3.5632 0.9273 2.199, -3.5365 0.8386 2.0899, -3.5059 0.7427 1.9928, -3.4757 0.639 1.9037, -3.4464 0.5256 1.8223, -3.4197 0.4024 1.7511, -3.3967 0.2705 1.6923, -3.3773 0.1317 1.647, -3.3639 -0.0119 1.6197, -3.3548 -0.1614 1.6108, -3.3569 -0.105 1.6017, -3.3547 -0.1621 1.6061, -3.3665 0.1372 1.6024, -3.3654 0.1091 1.6009, -3.3606 -0.0122 1.5946, -3.3484 -0.3116 1.6376, -3.3482 -0.3158 1.6391, -3.342 -0.4568 1.6889, -3.3394 -0.5146 1.7185, -3.3357 -0.5938 1.7589, -3.3306 -0.6971 1.8303, -3.3295 -0.7191 1.8455, -3.3237 -0.8302 1.9457, -3.3221 -0.8549 1.9747, -3.3177 -0.9279 2.06, -3.3135 -0.9836 2.1457, -3.3115 -1.0112 2.1881, -3.3051 -1.0774 2.3271, -3.3047 -1.0804 2.3365, -3.5541 -0.0196 1.6196, -3.5399 -0.1629 1.6528, -3.5194 -0.3001 1.7034, -3.4956 -0.4301 1.7661, -3.4688 -0.5509 1.8406, -3.4379 -0.6615 1.9247, -3.4077 -0.7625 2.0158, -3.3787 -0.8563 2.1163, -3.3522 -0.9423 2.2283, -3.3291 -1.0177 2.3516, -3.3096 -1.0811 2.4847, -3.2958 -1.1269 2.6262, -3.2868 -1.1546 2.7726, -3.2873 -1.1585 2.756, -3.2867 -1.1593 2.7727, -3.2987 -1.1246 2.4735, -3.2959 -1.1372 2.5429, -3.2925 -1.1518 2.6233, -3.5209 -0.5764 1.8023, -3.5005 -0.6831 1.9017, -3.4772 -0.7759 2.0068, -3.4508 -0.8572 2.1192, -3.4198 -0.9277 2.2395, -3.3892 -0.988 2.3659, -3.3597 -1.0368 2.4977, -3.3332 -1.0728 2.6338, -3.3107 -1.0948 2.7725, -3.2916 -1.1029 2.9165, -3.2778 -1.0914 3.0653, -3.2682 -1.0596 3.2153, -3.27 -1.079 3.1748, -3.2681 -1.0639 3.2172, -3.2807 -1.1474 2.9227, -3.2788 -1.1376 2.9689, -3.2745 -1.1156 3.0721, -3.5029 -0.8953 2.0935, -3.4824 -0.9565 2.2264, -3.4587 -1.0039 2.3627, -3.4318 -1.0365 2.5008, -3.4009 -1.055 2.6385, -3.3708 -1.0619 2.7744, -3.3417 -1.057 2.9117, -3.3152 -1.0385 3.0518, -3.2922 -1.0044 3.1923, -3.2726 -0.9549 3.3311, -3.2588 -0.8871 3.4635, -3.2498 -0.8031 3.5865, -3.2525 -0.8545 3.5367, -3.2497 -0.8063 3.5899, -3.2617 -0.9936 3.354, -3.2611 -0.9847 3.3668, -3.2556 -0.9068 3.4791, -3.5112 -0.9125 2.0812, -3.4967 -0.9746 2.2171, -3.476 -1.0181 2.3579, -3.4523 -1.047 2.4991, -3.4257 -1.0609 2.6389, -3.395 -1.0613 2.7754, -3.3648 -1.0506 2.9117, -3.3355 -1.0274 3.0494, -3.3088 -0.9902 3.1868, -3.2858 -0.9379 3.3214, -3.2664 -0.8715 3.4513, -3.253 -0.7888 3.5719, -3.4778 -1.1069 2.6359, -3.4576 -1.0928 2.7785, -3.4343 -1.0659 2.9168, -3.4076 -1.0256 3.0519, -3.3765 -0.9724 3.182, -3.3458 -0.9085 3.3065, -3.3166 -0.8342 3.4241, -3.2904 -0.7499 3.5336, -3.2678 -0.6527 3.6361, -3.2484 -0.5413 3.7313, -3.2344 -0.415 3.8129, -3.2249 -0.2767 3.8785, -3.2264 -0.3153 3.8711, -3.2248 -0.2778 3.8831, -3.2375 -0.5634 3.7704, -3.2353 -0.5147 3.7935, -3.2311 -0.4243 3.8363, -3.4597 -1.0692 3.0666, -3.4391 -1.0003 3.197, -3.4153 -0.9207 3.3171, -3.3887 -0.8316 3.4257, -3.3581 -0.7353 3.5224, -3.3279 -0.6311 3.6111, -3.2985 -0.5172 3.6919, -3.2718 -0.3937 3.7626, -3.2488 -0.2615 3.8207, -3.2295 -0.1226 3.8654, -3.216 0.0211 3.892, -3.2069 0.1707 3.9002, -3.2093 0.1089 3.91, -3.2068 0.1714 3.9049, -3.2186 -0.1279 3.91, -3.2177 -0.1051 3.9111, -3.2128 0.0214 3.9172, -3.2006 0.3198 3.8729, -3.2006 0.3208 3.8727, -3.1942 0.4658 3.8207, -3.1917 0.5186 3.7934, -3.1878 0.6024 3.7501, -3.183 0.7009 3.6814, -3.1817 0.7273 3.663, -3.1758 0.8378 3.5623, -3.1745 0.859 3.5373, -3.1699 0.935 3.4475, -3.1659 0.9875 3.366, -3.1636 1.0178 3.3189, -3.1572 1.0834 3.1796, -3.157 1.0847 3.1754, -3.3921 0.1719 3.8582, -3.3715 0.309 3.807, -3.3478 0.4387 3.7437, -3.3209 0.5591 3.6687, -3.29 0.6693 3.584, -3.2599 0.7698 3.4925, -3.2309 0.8632 3.3915, -3.2043 0.9487 3.2791, -3.1813 1.0236 3.1554, -3.1617 1.0863 3.022, -3.1479 1.1314 2.8804, -3.139 1.1585 2.7339, -3.1397 1.1622 2.7559, -3.1388 1.1632 2.7338, -3.1509 1.1298 3.033, -3.1482 1.1412 2.9689, -3.1447 1.1564 2.8832, -3.3731 0.5848 3.7068, -3.3526 0.691 3.607, -3.3294 0.7833 3.5015, -3.303 0.8641 3.3886, -3.272 0.9341 3.2679, -3.2413 0.9938 3.1412, -3.2119 1.0419 3.0092, -3.1854 1.0773 2.8731, -3.1629 1.0987 2.7343, -3.1437 1.1061 2.5902, -3.1299 1.0939 2.4414, -3.1204 1.0614 2.2915, -3.1223 1.0828 2.3371, -3.1202 1.0657 2.2896, -3.1329 1.1506 2.5838, -3.1312 1.1417 2.5429, -3.1266 1.118 2.4344, -3.1139 0.9948 2.1532, -3.1135 0.9889 2.1449, -3.1077 0.9074 2.0285, -3.1049 0.8585 1.9751, -3.3551 0.9024 3.4141, -3.3346 0.963 3.2809, -3.3108 1.0097 3.1444, -3.284 1.0416 3.0061, -3.253 1.0595 2.8684, -3.2229 1.0658 2.7326, -3.1939 1.0602 2.5952, -3.1673 1.041 2.4552, -3.1443 1.0063 2.3148, -3.1247 0.9562 2.1763, -3.111 0.8878 2.0442, -3.102 0.8032 1.9217, -3.1019 0.8065 1.9183, -3.3633 0.9196 3.4264, -3.3488 0.981 3.2902, -3.3282 1.024 3.1491, -3.3044 1.0522 3.0078, -3.2778 1.0654 2.868, -3.2472 1.0652 2.7316, -3.217 1.0538 2.5952, -3.1876 1.0299 2.4576, -3.1609 0.9921 2.3204, -3.1379 0.9393 2.186, -3.1186 0.8722 2.0565, -3.1051 0.7891 1.9364, -3.3299 1.1114 2.8708, -3.3098 1.0967 2.7284, -3.2865 1.0691 2.59, -3.2598 1.0281 2.4551, -3.2286 0.9744 2.3252, -3.198 0.9099 2.2011, -3.1687 0.8351 2.0839, -3.1426 0.7503 1.9748, -3.12 0.6525 1.8727, -3.1005 0.5407 1.778, -3.0865 0.414 1.6969, -3.077 0.2754 1.632, -3.0788 0.3192 1.6408, -3.0769 0.2765 1.6274, -3.0897 0.5626 1.7388, -3.0877 0.5187 1.7182, -3.0833 0.4231 1.6735, -3.3119 1.0717 2.4402, -3.2912 1.0022 2.3101, -3.2675 0.9221 2.1904, -3.2408 0.8325 2.0823, -3.2102 0.7358 1.9861, -3.18 0.6311 1.8978, -3.1507 0.5168 1.8175, -3.124 0.3929 1.7474, -3.101 0.2605 1.6899, -3.0816 0.1215 1.6459, -3.0682 -0.0223 1.6199, -3.0591 -0.172 1.6124, -3.0617 -0.105 1.6019, -3.059 -0.1728 1.6077, -3.0708 0.1266 1.6012, -3.0701 0.1091 1.6004, -3.0649 -0.0228 1.5948, -3.3201 1.0919 2.4339, -3.3055 1.0205 2.3014, -3.2848 0.9345 2.1819, -3.2613 0.8402 2.0749, -3.235 0.7391 1.9812, -3.2043 0.63 1.8977, -3.1738 0.5129 1.8226, -3.1443 0.3881 1.7576, -3.1176 0.2563 1.7046, -3.0948 0.1189 1.6652, -3.0758 -0.0221 1.6397, -3.0622 -0.169 1.6326, -3.2871 0.7693 1.9464, -3.2669 0.6466 1.8707, -3.2432 0.5181 1.8072, -3.2164 0.385 1.7575, -3.1853 0.2494 1.7216, -3.1549 0.1131 1.6977, -3.1259 -0.023 1.6858, -3.0997 -0.1621 1.6867, -3.0767 -0.3048 1.7027, -3.0572 -0.4489 1.7346, -3.0432 -0.59 1.786, -3.0339 -0.7245 1.8558, -3.0353 -0.6969 1.8306, -3.0338 -0.7275 1.8521, -3.0463 -0.4668 1.6933, -3.0441 -0.5146 1.7183, -3.04 -0.6031 1.7645, -3.2685 0.3996 1.7138, -3.2479 0.2543 1.6903, -3.2243 0.1119 1.6815, -3.198 -0.0259 1.6869, -3.1673 -0.162 1.7051, -3.1368 -0.2979 1.735, -3.1073 -0.432 1.7775, -3.0807 -0.5627 1.8333, -3.0578 -0.6876 1.9028, -3.0388 -0.8052 1.9846, -3.0253 -0.914 2.0836, -3.0159 -1.0123 2.1999, -3.0183 -0.9834 2.1458, -3.0157 -1.0165 2.1976, -3.028 -0.8375 1.9533, -3.0269 -0.8552 1.9744, -3.022 -0.9343 2.0687, -3.0094 -1.081 2.3364, -3.0093 -1.0814 2.3373, -3.003 -1.1272 2.4841, -3.0006 -1.1373 2.5429, -2.9968 -1.153 2.634, -2.9921 -1.158 2.756, -2.991 -1.1591 2.7833, -2.985 -1.1458 2.9333, -2.9835 -1.1379 2.9689, -2.9788 -1.1125 3.0826, -2.9747 -1.0788 3.1746, -2.9724 -1.0595 3.2272, -2.966 -0.988 3.3633, -2.9658 -0.9852 3.3671, -3.2155 -0.9187 2.0897, -3.201 -0.9796 2.2262, -3.1803 -1.0218 2.3675, -3.1566 -1.0494 2.5089, -3.13 -1.062 2.6487, -3.0994 -1.0611 2.785, -3.0691 -1.0491 2.9215, -3.0398 -1.0246 3.0591, -3.0131 -0.9861 3.1961, -2.9901 -0.9326 3.3302, -2.9707 -0.865 3.4593, -2.9573 -0.7814 3.579, -2.9482 -0.6803 3.6899, -2.9488 -0.6973 3.6819, -2.9481 -0.6831 3.6938, -2.9599 -0.9001 3.4874, -2.9573 -0.8546 3.5367, -2.954 -0.7987 3.5972, -3.1821 -1.1079 2.6461, -3.162 -1.0926 2.7884, -3.1386 -1.0644 2.9267, -3.1119 -1.0228 3.0616, -3.0807 -0.9684 3.1912, -3.0501 -0.9034 3.315, -3.0209 -0.828 3.4318, -2.9947 -0.7428 3.5404, -2.9721 -0.6445 3.6421, -2.9527 -0.5321 3.7363, -2.9387 -0.405 3.8168, -2.9292 -0.2662 3.8811, -2.9311 -0.3152 3.8708, -2.9291 -0.2672 3.8857, -2.9418 -0.5539 3.7757, -2.94 -0.5148 3.7937, -2.9354 -0.4141 3.8402, -3.164 -1.0662 3.0767, -3.1433 -0.9961 3.2064, -3.1196 -0.9154 3.3257, -3.093 -0.8254 3.4334, -3.0624 -0.7283 3.5291, -3.0322 -0.6232 3.6169, -3.0028 -0.5084 3.6967, -2.9761 -0.3842 3.7663, -2.9531 -0.2516 3.8231, -2.9338 -0.1124 3.8665, -2.9203 0.0314 3.8918, -2.9112 0.1813 3.8986, -2.914 0.1089 3.9099, -2.9111 0.182 3.9033, -2.9229 -0.1173 3.9112, -2.9224 -0.1052 3.9117, -2.9171 0.032 3.9169, -3.1723 -1.0864 3.083, -3.1576 -1.0144 3.2152, -3.137 -0.9279 3.3342, -3.1134 -0.8331 3.4407, -3.0872 -0.7316 3.534, -3.0564 -0.6221 3.6171, -3.0259 -0.5046 3.6916, -2.9964 -0.3794 3.756, -2.9698 -0.2474 3.8084, -2.947 -0.1099 3.8471, -2.9279 0.0311 3.872, -2.9144 0.1782 3.8784, -3.1393 -0.7616 3.5689, -3.119 -0.6385 3.6441, -3.0954 -0.5097 3.707, -3.0685 -0.3764 3.7561, -3.0374 -0.2406 3.7914, -3.007 -0.1042 3.8146, -2.9781 0.0318 3.8259, -2.9518 0.171 3.8243, -2.9289 0.3137 3.8076, -2.9093 0.4577 3.7751, -2.8954 0.5985 3.723, -2.8861 0.7326 3.6527, -2.8877 0.7007 3.6811, -2.8859 0.7356 3.6563, -2.8985 0.4758 3.8163, -2.8964 0.5186 3.7936, -2.8921 0.6116 3.7444, -3.1207 -0.3907 3.7998, -3.1 -0.2453 3.8226, -3.0765 -0.103 3.8308, -3.0502 0.0347 3.8248, -3.0195 0.1709 3.8059, -2.9889 0.3066 3.7754, -2.9595 0.4406 3.7323, -2.9328 0.571 3.6758, -2.91 0.6954 3.6059, -2.891 0.8126 3.5236, -2.8774 0.9211 3.424, -2.868 1.0189 3.3072, -2.8706 0.9873 3.366, -2.8679 1.023 3.3094, -2.8801 0.8451 3.5547, -2.8792 0.8593 3.5376, -2.8741 0.9414 3.4388, -3.1289 -0.3979 3.8197, -3.1143 -0.2494 3.8425, -3.0939 -0.1038 3.8458, -3.0707 0.0358 3.8354, -3.0442 0.1728 3.8115, -3.0132 0.3074 3.7746, -2.9825 0.4388 3.7261, -2.9531 0.5657 3.6658, -2.9266 0.6863 3.5936, -2.9042 0.7988 3.5098, -2.885 0.9052 3.4122, -2.8711 1.001 3.2974, -3.0963 0.1821 3.8566, -3.0758 0.3189 3.8041, -3.052 0.448 3.7395, -3.0252 0.5676 3.6634, -2.9943 0.6769 3.5778, -2.9642 0.7765 3.4855, -2.9351 0.869 3.3835, -2.9086 0.9536 3.2702, -2.8855 1.0273 3.1458, -2.866 1.0887 3.0119, -2.8522 1.1325 2.87, -2.8433 1.1582 2.7234, -2.8444 1.1618 2.7558, -2.8432 1.1629 2.7233, -2.8551 1.1324 3.0225, -2.8529 1.1414 2.9689, -2.849 1.1575 2.8725, -3.0773 0.5937 3.7013, -3.0569 0.6988 3.6006, -3.0337 0.79 3.4944, -3.0073 0.8699 3.3806, -2.9762 0.9389 3.2592, -2.9456 0.9974 3.1319, -2.9161 1.0443 2.9995, -2.8897 1.0783 2.8632, -2.8672 1.0985 2.7243, -2.848 1.1045 2.58, -2.8342 1.0909 2.4311, -2.8246 1.0569 2.2816, -2.8271 1.0827 2.3372, -2.8245 1.0612 2.2796, -2.8372 1.1489 2.5732, -2.8359 1.142 2.5429, -2.8309 1.115 2.424, -2.8182 0.9894 2.1445, -2.8182 0.9891 2.1439, -2.812 0.9007 2.0202, -2.8096 0.8586 1.9751, -2.8062 0.7989 1.911, -2.8012 0.7011 1.8301, -2.8002 0.6827 1.8149, -2.7939 0.5531 1.7336, -2.7924 0.5189 1.718, -2.7876 0.4129 1.6696, -2.7835 0.3191 1.6411, -2.7812 0.2659 1.6249, -2.7751 0.1159 1.6001, -2.7748 0.1091 1.5999, -3.0244 1.0888 2.4237, -3.0098 1.0162 2.2918, -2.9891 0.9291 2.1732, -2.9656 0.8339 2.0672, -2.9393 0.732 1.9745, -2.9086 0.622 1.8919, -2.878 0.5042 1.8178, -2.8486 0.3787 1.754, -2.8219 0.2465 1.7022, -2.7991 0.1089 1.6642, -2.7801 -0.0322 1.64, -2.7665 -0.1794 1.6342, -2.7571 -0.3312 1.6482, -2.7577 -0.3156 1.6398, -2.757 -0.3326 1.6437, -2.7692 -0.0333 1.595, -2.7664 -0.105 1.6019, -2.7632 -0.1834 1.6094, -2.9914 0.7619 1.9395, -2.9712 0.6384 1.8648, -2.9475 0.5092 1.8024, -2.9207 0.3756 1.754, -2.8896 0.2397 1.7193, -2.8592 0.1033 1.6967, -2.8302 -0.0327 1.6861, -2.8039 -0.172 1.6883, -2.781 -0.3147 1.7057, -2.7614 -0.4585 1.7388, -2.7475 -0.599 1.7916, -2.7382 -0.7327 1.8625, -2.74 -0.6967 1.8308, -2.7381 -0.7357 1.8589, -2.7506 -0.4768 1.6978, -2.7488 -0.5147 1.7181, -2.7442 -0.6123 1.7702, -2.9728 0.3898 1.7102, -2.9522 0.2443 1.688, -2.9286 0.102 1.6806, -2.9024 -0.0356 1.6872, -2.8716 -0.1718 1.7067, -2.8411 -0.3074 1.7379, -2.8116 -0.4412 1.7816, -2.7849 -0.5713 1.8386, -2.7621 -0.6954 1.9092, -2.7431 -0.8122 1.9919, -2.7295 -0.9202 2.0921, -2.7201 -1.0175 2.2094, -2.723 -0.9833 2.1458, -2.72 -1.0217 2.2072, -2.7323 -0.8447 1.961, -2.7316 -0.8556 1.9741, -2.7263 -0.9406 2.0774, -2.981 0.3969 1.6902, -2.9664 0.2483 1.6681, -2.946 0.1028 1.6655, -2.9228 -0.0368 1.6766, -2.8964 -0.1737 1.7011, -2.8653 -0.3082 1.7386, -2.8347 -0.4394 1.7878, -2.8052 -0.566 1.8487, -2.7788 -0.6862 1.9213, -2.7563 -0.7983 2.0056, -2.7371 -0.9043 2.1039, -2.7233 -0.9995 2.2191, -2.9485 -0.1833 1.6561, -2.9279 -0.3198 1.7092, -2.9042 -0.4486 1.7744, -2.8774 -0.5679 1.8511, -2.8465 -0.6767 1.9371, -2.8164 -0.7758 2.0299, -2.7873 -0.868 2.1323, -2.7607 -0.952 2.2461, -2.7377 -1.0252 2.3709, -2.7181 -1.0859 2.505, -2.7044 -1.1291 2.6471, -2.6954 -1.1541 2.7937, -2.6968 -1.1576 2.756, -2.6953 -1.1588 2.7938, -2.7073 -1.1297 2.4946, -2.7053 -1.1375 2.5428, -2.7011 -1.1541 2.6446, -2.9295 -0.5941 1.8132, -2.909 -0.6987 1.9144, -2.8859 -0.7894 2.021, -2.8594 -0.8688 2.1353, -2.8284 -0.9373 2.257, -2.7977 -0.9952 2.3846, -2.7683 -1.0414 2.5172, -2.7418 -1.0749 2.6536, -2.7194 -1.0944 2.7925, -2.7002 -1.0997 2.9369, -2.6863 -1.0854 3.0858, -2.6768 -1.0507 3.2352, -2.6794 -1.0787 3.1746, -2.6767 -1.055 3.2372, -2.6893 -1.1441 2.9439, -2.6883 -1.1383 2.969, -2.683 -1.1094 3.093, -2.9377 -0.6057 1.7955, -2.9233 -0.7121 1.8992, -2.9032 -0.8009 2.0113, -2.8799 -0.878 2.1298, -2.8531 -0.9429 2.2552, -2.822 -0.995 2.3857, -2.7914 -1.0355 2.5195, -2.7621 -1.0637 2.6555, -2.736 -1.0791 2.7926, -2.7134 -1.0804 2.9342, -2.6939 -1.0663 3.0803, -2.6799 -1.0321 3.2268, -2.9053 -0.9845 2.2355, -2.8846 -1.0255 2.3771, -2.8608 -1.0516 2.5187, -2.8343 -1.0629 2.6585, -2.8037 -1.0608 2.7947, -2.7734 -1.0475 2.9312, -2.744 -1.0217 3.0687, -2.7174 -0.9819 3.2054, -2.6944 -0.9272 3.3389, -2.675 -0.8585 3.4673, -2.6616 -0.7738 3.5861, -2.6525 -0.6716 3.6962, -2.6535 -0.697 3.6816, -2.6524 -0.6744 3.7001, -2.6642 -0.8933 3.4957, -2.662 -0.8547 3.5368, -2.6584 -0.791 3.6044, -2.8864 -1.1089 2.6563, -2.8663 -1.0922 2.7984, -2.8429 -1.0628 2.9366, -2.8162 -1.0198 3.0712, -2.785 -0.9642 3.2003, -2.7544 -0.8981 3.3234, -2.7252 -0.8218 3.4394, -2.6991 -0.7356 3.5471, -2.6764 -0.6362 3.6481, -2.6569 -0.5229 3.7413, -2.6429 -0.395 3.8206, -2.6335 -0.2556 3.8835, -2.6359 -0.3152 3.8707, -2.6333 -0.2567 3.8882, -2.6461 -0.5443 3.7808, -2.6447 -0.515 3.794, -2.6397 -0.4039 3.8441, -2.6272 -0.1067 3.9122, -2.6272 -0.1052 3.9123, -2.6214 0.0426 3.9166, -2.6187 0.1089 3.91, -2.6154 0.1927 3.9016, -2.6101 0.3195 3.8717, -2.6091 0.3417 3.8665, -2.6027 0.4857 3.8118, -2.6012 0.5188 3.7939, -2.5964 0.6209 3.7387, -4.1634 -0.3159 1.6388, -4.1634 -0.8563 1.9735, -4.1634 -1.081 2.3364, -2.5886 -0.9855 3.3673, -4.1634 -1.1397 2.9693, -2.5886 -1.081 3.1755, -2.5886 -0.8563 3.5383, -2.5886 -0.6979 3.6827, -2.5886 -0.5157 3.7956, -2.5886 -0.3159 3.873, -2.5886 -0.1052 3.9124, -2.5886 0.1091 3.9124, -2.5886 0.3198 3.873, -2.5886 0.5197 3.7956, -2.5886 0.7019 3.6827, -4.1634 -1.1594 2.7559, -4.1634 -1.1397 2.5425, -4.1634 -0.9855 2.1445, -4.1634 -0.6979 1.8291, -4.1634 -0.5157 1.7162, -4.1634 -0.1052 1.5994, -4.1634 0.1091 1.5994, -4.1634 0.3198 1.6388, 0.9846 -0.859 3.937, 1.0236 -0.8039 3.937, -1.1319 0.3563 3.937, -0.4371 1.1393 3.937, -0.5107 1.1282 3.937, 1.1433 -0.4774 3.937, 1.1468 -0.4371 3.937, 1.1509 -0.3881 3.937, 1.1516 -0.3524 3.937, 1.1516 0.3563 3.937, 1.1475 0.4411 3.937, 1.1471 0.4489 3.937, 1.1361 0.5225 3.937, 1.1338 0.5376 3.937, -0.6374 -1.0909 3.937, -0.5881 -1.1056 3.937, 0.9107 -0.9384 3.937, 0.9308 -0.919 3.937, 0.9801 -0.864 3.937, 1.1176 0.6 3.937, 1.112 0.6216 3.937, 1.0925 0.6736 3.937, -0.8291 0.9936 3.937, -0.8556 0.9716 3.937, -0.8561 -0.9683 3.937, -0.8511 -0.9727 3.937, -0.796 -1.0118 3.937, 0.4568 -1.1353 3.937, 0.5303 -1.1243 3.937, 0.5455 -1.122 3.937, 0.6079 -1.1058 3.937, 1.0311 -0.7934 3.937, 1.0612 -0.739 3.937, 1.0703 -0.7225 3.937, -0.9604 0.8679 3.937, -0.9649 0.8629 3.937, -1.004 0.8079 3.937, -1.0114 0.7974 3.937, -1.0415 0.743 3.937, -1.0978 0.6 3.937, -1.1078 0.5664 3.937, -1.116 0.5224 3.937, 0.6294 -1.1002 3.937, 0.6814 -1.0806 3.937, 0.7082 -1.0706 3.937, 0.7507 -1.0491 3.937, 0.781 -1.0339 3.937, 0.8154 -1.0114 3.937, 0.8488 -0.9896 3.937, 0.8753 -0.9677 3.937, 1.0925 -0.6696 3.937, 1.1027 -0.6452 3.937, 1.1174 -0.596 3.937, 1.1274 -0.5625 3.937, 1.1357 -0.5184 3.937, 1.0824 0.7004 3.937, 1.0609 0.7429 3.937, 1.0457 0.7731 3.937, 0.8157 1.0158 3.937, 0.8708 0.9767 3.937, 0.8758 0.9722 3.937, 0.8052 1.0232 3.937, 0.7508 1.0533 3.937, 0.7343 1.0625 3.937, 0.6814 1.0847 3.937, 0.657 1.0949 3.937, 0.6078 1.1096 3.937, -0.5258 1.1259 3.937, -0.5882 1.1098 3.937, -0.6097 1.1042 3.937, -0.6618 1.0846 3.937, -0.6886 1.0745 3.937, -0.7311 1.0531 3.937, -0.7613 1.0378 3.937, -0.7958 1.0153 3.937, -0.891 0.9424 3.937, -0.9112 0.923 3.937, -0.5546 -1.1156 3.937, -0.5106 -1.1239 3.937, -0.4695 -1.1315 3.937, 1.0232 0.8076 3.937, 1.0014 0.8409 3.937, 0.9795 0.8675 3.937, -1.1237 0.4813 3.937, -1.1271 0.4411 3.937, -1.0728 0.6736 3.937, -1.0831 0.6492 3.937, -1.0507 0.7265 3.937, -1.1313 0.3921 3.937, -1.1319 -0.3524 3.937, -1.1278 -0.4372 3.937, -1.1274 -0.445 3.937, -0.7856 -1.0192 3.937, -0.7311 -1.0494 3.937, -0.7147 -1.0585 3.937, -0.6617 -1.0807 3.937, -0.4293 -1.1349 3.937, -0.3802 -1.1391 3.937, -0.3445 -1.1398 3.937, 0.3642 -1.1398 3.937, 0.449 -1.1357 3.937, 0.9502 0.9029 3.937, 0.9308 0.923 3.937, 0.5743 1.1196 3.937, 0.5302 1.1278 3.937, 0.4892 1.1355 3.937, 0.4489 1.1389 3.937, 0.3999 1.1431 3.937, 0.3642 1.1437 3.937, -0.3445 1.1437 3.937, -0.4293 1.1396 3.937, -1.0627 -0.6964 3.937, -1.0413 -0.7389 3.937, -1.026 -0.7692 3.937, -1.1164 -0.5185 3.937, -1.1141 -0.5337 3.937, -1.0979 -0.5961 3.937, -1.0924 -0.6176 3.937, -1.0728 -0.6696 3.937, -1.0035 -0.8036 3.937, -0.9818 -0.837 3.937, -0.9598 -0.8635 3.937, -0.9305 -0.8989 3.937, -0.9112 -0.919 3.937, 1.0236 1.1831 3.5618, -0.9604 1.1831 1.89, 0.9846 1.1831 3.6168, 0.9801 1.1831 3.6219, -1.0728 1.1831 3.4275, -1.0627 1.1831 3.4543, -1.0413 1.1831 3.4968, 0.8488 1.1831 3.7475, 0.8753 1.1831 3.7256, -0.7613 1.1831 1.7201, -0.7958 1.1831 1.7426, 1.1475 1.1831 2.3167, -1.026 1.1831 3.5271, -1.0035 1.1831 3.5615, -0.9818 1.1831 3.5949, -0.9598 1.1831 3.6214, -0.7856 1.1831 3.7771, -0.7311 1.1831 3.8073, -0.7147 1.1831 3.8164, -0.8561 1.1831 3.7261, -0.8511 1.1831 3.7306, -0.796 1.1831 3.7697, 0.9107 1.1831 3.6963, 0.9308 1.1831 3.6769, -0.9649 1.1831 1.895, -1.004 1.1831 1.95, -1.1274 1.1831 3.2029, -1.1164 1.1831 3.2764, -0.9305 1.1831 3.6568, -0.9112 1.1831 3.6769, -0.6617 1.1831 3.8386, -0.6374 1.1831 3.8488, -0.5881 1.1831 3.8635, 0.4568 1.1831 3.8932, 0.5303 1.1831 3.8822, 1.0311 1.1831 3.5513, 1.0612 1.1831 3.4969, 1.0703 1.1831 3.4804, 1.0925 1.1831 3.4275, 1.1027 1.1831 3.4031, 1.1174 1.1831 3.3539, 1.1274 1.1831 3.3204, 1.1357 1.1831 3.2763, 1.1433 1.1831 3.2353, 1.0014 1.1831 1.9169, 0.9795 1.1831 1.8904, 1.1361 1.1831 2.2354, 0.657 1.1831 1.663, 0.6078 1.1831 1.6483, -0.4371 1.1831 1.6186, -0.5107 1.1831 1.6297, -0.5258 1.1831 1.6319, -0.8291 1.1831 1.7643, -0.8556 1.1831 1.7863, -0.891 1.1831 1.8155, -1.0114 1.1831 1.9605, -1.0415 1.1831 2.0149, -1.0507 1.1831 2.0314, 1.1468 1.1831 3.195, 1.1509 1.1831 3.146, 1.1516 1.1831 3.1102, -0.9112 1.1831 1.8349, 1.1516 1.1831 2.4016, -1.0728 1.1831 2.0843, -1.0831 1.1831 2.1087, -1.0978 1.1831 2.1579, -0.5546 1.1831 3.8735, -0.5106 1.1831 3.8817, -0.4695 1.1831 3.8894, 0.5455 1.1831 3.8799, 0.6079 1.1831 3.8637, 0.6294 1.1831 3.8581, 0.6814 1.1831 3.8385, 0.7082 1.1831 3.8284, 0.7507 1.1831 3.807, 0.781 1.1831 3.7918, 0.8154 1.1831 3.7693, -0.5882 1.1831 1.6481, -0.6097 1.1831 1.6537, -0.6618 1.1831 1.6733, -0.6886 1.1831 1.6834, -0.7311 1.1831 1.7048, -1.1078 1.1831 2.1915, -1.116 1.1831 2.2355, -1.1237 1.1831 2.2766, -1.1141 1.1831 3.2916, -1.0979 1.1831 3.354, -1.0924 1.1831 3.3755, 0.9502 1.1831 1.855, 1.1471 1.1831 2.3089, 0.9308 1.1831 1.8349, 0.8758 1.1831 1.7857, 0.8708 1.1831 1.7812, 0.5743 1.1831 1.6383, 0.5302 1.1831 1.6301, 0.4892 1.1831 1.6224, -1.1271 1.1831 2.3168, -1.1313 1.1831 2.3658, -1.1319 1.1831 2.4016, -1.1319 1.1831 3.1102, -1.1278 1.1831 3.1951, -0.4293 1.1831 3.8928, -0.3802 1.1831 3.897, -0.3445 1.1831 3.8976, 0.3642 1.1831 3.8976, 0.449 1.1831 3.8936, 1.1176 1.1831 2.1578, 1.112 1.1831 2.1363, 1.0925 1.1831 2.0843, 1.0609 1.1831 2.015, 1.0457 1.1831 1.9848, 1.0232 1.1831 1.9503, 0.8157 1.1831 1.7421, 0.8052 1.1831 1.7347, 0.7508 1.1831 1.7045, 0.7343 1.1831 1.6954, 0.6814 1.1831 1.6732, 0.4489 1.1831 1.619, 0.3999 1.1831 1.6148, 0.3642 1.1831 1.6142, -0.3445 1.1831 1.6142, -0.4293 1.1831 1.6183, 1.0824 1.1831 2.0575, 1.1338 1.1831 2.2202, -0.6097 -1.1002 1.5748, -0.6618 -1.0806 1.5748, -0.6182 -0.8799 1.5748, -1.0507 -0.7225 1.5748, -1.0728 -0.6696 1.5748, -0.901 -0.5834 1.5748, -0.3445 -1.1398 1.5748, -0.4293 -1.1357 1.5748, -0.4399 -0.9829 1.5748, -0.4371 -1.1353 1.5748, -1.0831 -0.6452 1.5748, -1.0978 -0.596 1.5748, -1.1078 -0.5625 1.5748, -1.116 -0.5184 1.5748, -1.1237 -0.4774 1.5748, -0.9953 -0.4004 1.5748, -0.6886 -1.0706 1.5748, -0.7311 -1.0491 1.5748, -0.7613 -1.0339 1.5748, -0.5107 -1.1243 1.5748, -0.5258 -1.122 1.5748, -0.5882 -1.1058 1.5748, -0.2454 -1.0502 1.5748, -0.0417 -1.0795 1.5748, 0.3642 -1.1398 1.5748, 0.1639 -1.0697 1.5748, 0.3999 -1.1391 1.5748, 0.3639 -1.0212 1.5748, -0.6182 0.8839 1.5748, -0.5546 1.1196 1.5748, -0.4399 0.9868 1.5748, -0.5106 1.1278 1.5748, -0.4695 1.1355 1.5748, -1.1271 -0.4371 1.5748, -1.1313 -0.3881 1.5748, -1.0533 -0.2029 1.5748, -1.1319 -0.3524 1.5748, -1.0728 0.002 1.5748, -1.1319 0.3563 1.5748, -1.0533 0.2069 1.5748, -0.9953 0.4044 1.5748, -0.891 -0.9384 1.5748, -0.9112 -0.919 1.5748, -0.7737 -0.7452 1.5748, -0.9604 -0.864 1.5748, -0.9649 -0.859 1.5748, -0.7958 -1.0114 1.5748, -0.8291 -0.9896 1.5748, -0.8556 -0.9677 1.5748, 0.8758 -0.9683 1.5748, 0.8708 -0.9727 1.5748, 0.7188 -0.8163 1.5748, 0.8157 -1.0118 1.5748, 0.8052 -1.0192 1.5748, 0.6814 -1.0807 1.5748, 0.5512 -0.9356 1.5748, 0.7343 -1.0585 1.5748, 0.7508 -1.0494 1.5748, 1.0824 -0.6964 1.5748, 1.0609 -0.7389 1.5748, 0.8609 -0.6673 1.5748, 1.0487 -0.303 1.5748, 1.1516 -0.3524 1.5748, 0.9722 -0.4941 1.5748, 1.1475 -0.4372 1.5748, 1.1471 -0.445 1.5748, 1.1361 -0.5185 1.5748, 1.1338 -0.5337 1.5748, 0.9846 0.8629 1.5748, 1.0236 0.8079 1.5748, 0.8609 0.6712 1.5748, -0.4293 1.1389 1.5748, -0.3802 1.1431 1.5748, -0.2454 1.0541 1.5748, -0.3445 1.1437 1.5748, -0.0417 1.0834 1.5748, 0.3642 1.1437 1.5748, 0.1639 1.0736 1.5748, -0.7856 1.0232 1.5748, -0.7311 1.0533 1.5748, -0.7147 1.0625 1.5748, -0.6617 1.0847 1.5748, -0.6374 1.0949 1.5748, -0.5881 1.1096 1.5748, -0.9818 0.8409 1.5748, -0.9598 0.8675 1.5748, -0.7737 0.7491 1.5748, -0.9305 0.9029 1.5748, -0.9112 0.923 1.5748, -1.1141 0.5376 1.5748, -1.0979 0.6 1.5748, -0.901 0.5873 1.5748, -1.004 -0.8039 1.5748, -1.0114 -0.7934 1.5748, -1.0415 -0.739 1.5748, 0.657 -1.0909 1.5748, 0.6078 -1.1056 1.5748, 0.5743 -1.1156 1.5748, 1.1176 -0.5961 1.5748, 1.112 -0.6176 1.5748, 1.0925 -0.6696 1.5748, 1.0457 -0.7692 1.5748, 1.0232 -0.8036 1.5748, 1.0014 -0.837 1.5748, 0.781 1.0378 1.5748, 0.8154 1.0153 1.5748, 0.7188 0.8202 1.5748, 0.8488 0.9936 1.5748, 0.8753 0.9716 1.5748, 0.3639 1.0251 1.5748, 0.449 1.1396 1.5748, 0.5512 0.9396 1.5748, 0.4568 1.1393 1.5748, 0.5303 1.1282 1.5748, 0.5455 1.1259 1.5748, 0.6079 1.1098 1.5748, 0.6294 1.1042 1.5748, -0.8561 0.9722 1.5748, -0.8511 0.9767 1.5748, -0.796 1.0158 1.5748, 0.5302 -1.1239 1.5748, 0.4892 -1.1315 1.5748, 0.4489 -1.1349 1.5748, 0.9795 -0.8635 1.5748, 0.9502 -0.8989 1.5748, 0.9308 -0.919 1.5748, 1.1274 0.5664 1.5748, 1.1357 0.5224 1.5748, 0.9722 0.4981 1.5748, 1.1433 0.4813 1.5748, 1.0876 -0.1009 1.5748, 1.0876 0.1049 1.5748, 1.1516 0.3563 1.5748, 1.0487 0.307 1.5748, 1.1509 0.3921 1.5748, 1.1468 0.4411 1.5748, -1.1278 0.4411 1.5748, -1.1274 0.4489 1.5748, -1.1164 0.5225 1.5748, -1.0924 0.6216 1.5748, -1.0728 0.6736 1.5748, -1.0627 0.7004 1.5748, 1.0311 0.7974 1.5748, 1.0612 0.743 1.5748, 1.0703 0.7265 1.5748, 0.6814 1.0846 1.5748, 0.7082 1.0745 1.5748, 0.7507 1.0531 1.5748, -1.0413 0.7429 1.5748, -1.026 0.7731 1.5748, -1.0035 0.8076 1.5748, 1.0925 0.6736 1.5748, 1.1027 0.6492 1.5748, 1.1174 0.6 1.5748, 0.9107 0.9424 1.5748, 0.9308 0.923 1.5748, 0.9801 0.8679 1.5748, -1.1713 0.7974 1.7347, -1.1713 0.743 1.7045, -1.1713 0.6129 1.898, -1.1713 -0.6452 3.8488, -1.1713 -0.596 3.8635, -1.1713 -0.5246 3.668, -1.1713 -0.5625 3.8735, -1.1713 -0.5184 3.8817, -1.1713 -0.4774 3.8894, -1.1713 -0.4371 3.8928, -1.1713 -0.3425 3.7511, -1.1713 -0.3881 3.897, -1.1713 -0.1479 3.7983, -1.1713 -0.3524 3.8976, -1.1713 0.0521 3.8079, -1.1713 0.3563 3.8976, -1.1713 0.2503 3.7794, -1.1713 -0.9341 3.2385, -1.1713 -1.0085 3.0526, -1.1713 -1.1398 3.1102, -1.1713 -0.8259 3.4069, -1.1713 -1.1002 3.3755, -1.1713 -1.0806 3.4275, -1.1713 -1.0706 3.4543, -1.1713 -1.0491 3.4968, -1.1713 -0.9727 1.895, -1.1713 -1.0118 1.95, -1.1713 -0.8259 2.1049, -1.1713 1.1259 2.2202, -1.1713 1.1098 2.1578, -1.1713 0.8879 2.1865, -1.1713 0.9797 2.3645, -1.1713 1.0361 2.5566, -1.1713 1.1437 2.4016, -1.1713 1.0551 2.7559, -1.1713 1.1437 3.1102, -1.1713 1.0361 2.9552, -1.1713 1.1431 3.146, -1.1713 0.9797 3.1473, -1.1713 -1.0339 3.5271, -1.1713 -1.0114 3.5615, -1.1713 -0.9896 3.5949, -1.1713 -1.1357 3.1951, -1.1713 -1.1353 3.2029, -1.1713 -1.1243 3.2764, -1.1713 -1.122 3.2916, -1.1713 -1.1058 3.354, -1.1713 0.9936 1.9169, -1.1713 0.9716 1.8904, -1.1713 0.7642 2.0292, -1.1713 0.9424 1.855, -1.1713 0.923 1.8349, -1.1713 1.0745 2.0575, -1.1713 1.0531 2.015, -1.1713 1.0378 1.9848, -1.1713 1.0153 1.9503, -1.1713 0.8879 3.3253, -1.1713 1.1355 3.2353, -1.1713 1.1389 3.195, -1.1713 -0.864 3.7261, -1.1713 -0.859 3.7306, -1.1713 -0.6877 3.5518, -1.1713 -0.8039 3.7697, -1.1713 -0.7934 3.7771, -1.1713 -0.9677 3.6214, -1.1713 -0.9384 3.6568, -1.1713 -0.919 3.6769, -1.1713 -0.8635 1.7863, -1.1713 -0.8989 1.8155, -1.1713 -0.6877 1.96, -1.1713 -0.919 1.8349, -1.1713 -0.9683 1.89, -1.1713 -0.7692 1.7201, -1.1713 -0.8036 1.7426, -1.1713 -0.837 1.7643, -1.1713 0.4813 1.6224, -1.1713 0.4411 1.619, -1.1713 0.4395 1.7979, -1.1713 0.3921 1.6148, -1.1713 0.2503 1.7324, -1.1713 0.3563 1.6142, -1.1713 0.0521 1.704, -1.1713 -0.3524 1.6142, -1.1713 -0.1479 1.7135, -1.1713 0.7265 1.6954, -1.1713 0.6736 1.6732, -1.1713 0.6492 1.663, -1.1713 0.8679 1.7857, -1.1713 0.8629 1.7812, -1.1713 0.8079 1.7421, -1.1713 1.1396 2.3167, -1.1713 1.1393 2.3089, -1.1713 1.1282 2.2354, -1.1713 1.1042 2.1363, -1.1713 1.0846 2.0843, -1.1713 1.0625 3.4804, -1.1713 1.0847 3.4275, -1.1713 1.0949 3.4031, -1.1713 1.1096 3.3539, -1.1713 1.1196 3.3204, -1.1713 1.1278 3.2763, -1.1713 0.7731 3.7918, -1.1713 0.8076 3.7693, -1.1713 0.6129 3.6138, -1.1713 0.8409 3.7475, -1.1713 0.7642 3.4827, -1.1713 0.8675 3.7256, -1.1713 0.9029 3.6963, -1.1713 0.6216 3.8581, -1.1713 0.6736 3.8385, -1.1713 -0.739 3.8073, -1.1713 -0.7225 3.8164, -1.1713 -0.6696 3.8386, -1.1713 -1.0464 2.856, -1.1713 -1.0512 2.7559, -1.1713 -1.1398 2.4016, -1.1713 -1.1156 2.1915, -1.1713 -1.1239 2.2355, -1.1713 -0.9341 2.2733, -1.1713 -1.1315 2.2766, -1.1713 -1.0192 1.9605, -1.1713 -1.0494 2.0149, -1.1713 -1.0585 2.0314, -1.1713 0.6 1.6483, -1.1713 0.5664 1.6383, -1.1713 0.5224 1.6301, -1.1713 0.923 3.6769, -1.1713 0.9722 3.6219, -1.1713 0.9767 3.6168, -1.1713 0.7004 3.8284, -1.1713 0.7429 3.807, -1.1713 0.4395 3.7139, -1.1713 0.4411 3.8936, -1.1713 0.4489 3.8932, -1.1713 -1.0464 2.6558, -1.1713 -1.0085 2.4592, -1.1713 -1.1391 2.3658, -1.1713 -1.1349 2.3168, -1.1713 -0.5185 1.6297, -1.1713 -0.5337 1.6319, -1.1713 -0.5246 1.8439, -1.1713 -0.5961 1.6481, -1.1713 -0.6176 1.6537, -1.1713 1.0158 3.5618, -1.1713 1.0232 3.5513, -1.1713 1.0533 3.4969, -1.1713 -1.0807 2.0843, -1.1713 -1.0909 2.1087, -1.1713 -1.1056 2.1579, -1.1713 -0.6696 1.6733, -1.1713 -0.6964 1.6834, -1.1713 -0.7389 1.7048, -1.1713 -0.3425 1.7607, -1.1713 -0.4372 1.6183, -1.1713 -0.445 1.6186, -1.1713 0.5225 3.8822, -1.1713 0.5376 3.8799, -1.1713 0.6 3.8637, 1.1909 0.8629 3.7306, 1.1909 0.8079 3.7697, 1.1909 -0.864 1.7857, 1.1909 0.7974 3.7771, 1.1909 0.743 3.8073, 1.1909 -1.1002 2.1363, 1.1909 -1.0806 2.0843, 1.1909 0.5224 3.8817, 1.1909 0.8679 3.7261, 1.1909 -0.859 1.7812, 1.1909 -0.8039 1.7421, 1.1909 -0.7934 1.7347, 1.1909 -0.739 1.7045, 1.1909 -0.7225 1.6954, 1.1909 -0.4774 1.6224, 1.1909 -0.4371 1.619, 1.1909 -0.3881 1.6148, 1.1909 -0.3524 1.6142, 1.1909 0.3563 1.6142, 1.1909 0.4411 1.6183, 1.1909 0.4489 1.6186, 1.1909 1.1396 3.1951, 1.1909 0.5225 1.6297, 1.1909 0.5376 1.6319, 1.1909 1.0625 2.0314, 1.1909 1.0847 2.0843, 1.1909 0.7265 3.8164, 1.1909 0.6736 3.8386, 1.1909 0.6492 3.8488, 1.1909 0.6 3.8635, 1.1909 0.5664 3.8735, 1.1909 -0.919 3.6769, 1.1909 -0.9683 3.6219, 1.1909 -0.7389 3.807, 1.1909 -0.6696 1.6732, 1.1909 -0.6452 1.663, 1.1909 -0.596 1.6483, 1.1909 -0.5625 1.6383, 1.1909 -0.5184 1.6301, 1.1909 0.6 1.6481, 1.1909 0.6216 1.6537, 1.1909 0.6736 1.6733, 1.1909 1.1393 3.2029, 1.1909 1.1282 3.2764, 1.1909 1.1259 3.2916, 1.1909 1.1098 3.354, 1.1909 1.1042 3.3755, 1.1909 1.0846 3.4275, 1.1909 -0.8036 3.7693, 1.1909 -0.837 3.7475, 1.1909 -0.8635 3.7256, 1.1909 -0.9727 3.6168, 1.1909 -1.0118 3.5618, 1.1909 -0.6964 3.8284, 1.1909 -1.0706 2.0575, 1.1909 -1.0491 2.015, 1.1909 -1.0339 1.9848, 1.1909 -1.0114 1.9503, 1.1909 -0.9896 1.9169, 1.1909 -0.9677 1.8904, 1.1909 -0.9384 1.855, 1.1909 -0.919 1.8349, 1.1909 1.0745 3.4543, 1.1909 1.0531 3.4968, 1.1909 1.0378 3.5271, 1.1909 1.0153 3.5615, 1.1909 0.9936 3.5949, 1.1909 0.9716 3.6214, 1.1909 0.4813 3.8894, 1.1909 0.4411 3.8928, 1.1909 0.3921 3.897, 1.1909 0.3563 3.8976, 1.1909 -0.3524 3.8976, 1.1909 -0.4372 3.8936, 1.1909 -0.445 3.8932, 1.1909 -0.5185 3.8822, 1.1909 -0.5337 3.8799, 1.1909 -0.5961 3.8637, 1.1909 -0.6176 3.8581, 1.1909 -0.6696 3.8385, 1.1909 -1.0909 3.4031, 1.1909 -1.1056 3.3539, 1.1909 -1.1156 3.3204, 1.1909 0.7004 1.6834, 1.1909 0.7429 1.7048, 1.1909 0.7731 1.7201, 1.1909 0.8076 1.7426, 1.1909 0.8409 1.7643, 1.1909 0.8675 1.7863, 1.1909 1.0158 1.95, 1.1909 0.9767 1.895, 1.1909 0.9722 1.89, 1.1909 1.0232 1.9605, 1.1909 1.0533 2.0149, 1.1909 1.0949 2.1087, 1.1909 1.1096 2.1579, 1.1909 1.1196 2.1915, 1.1909 0.9424 3.6568, 1.1909 0.923 3.6769, 1.1909 -0.7692 3.7918, 1.1909 -0.8989 3.6963, 1.1909 -1.0192 3.5513, 1.1909 -1.0494 3.4969, 1.1909 -1.0585 3.4804, 1.1909 -1.0807 3.4275, 1.1909 0.9029 1.8155, 1.1909 0.923 1.8349, 1.1909 1.1278 2.2355, 1.1909 1.1355 2.2766, 1.1909 1.1389 2.3168, 1.1909 1.1431 2.3658, 1.1909 1.1437 2.4016, 1.1909 -1.1239 3.2763, 1.1909 -1.1315 3.2353, 1.1909 -1.1349 3.195, 1.1909 1.1437 3.1102, 1.1909 -1.1391 3.146, 1.1909 -1.1398 3.1102, 1.1909 -1.1398 2.4016, 1.1909 -1.1357 2.3167, 1.1909 -1.1353 2.3089, 1.1909 -1.1243 2.2354, 1.1909 -1.122 2.2202, 1.1909 -1.1058 2.1578, -2.5886 -1.0464 2.856, -2.5886 -0.1479 1.7135, -2.5886 0.0521 1.704, -2.5886 -0.3425 1.7607, -2.5886 -0.8259 2.1049, -2.5886 -1.0085 2.4592, -2.5886 -0.9341 2.2733, -2.5886 -0.9341 3.2385, -2.5886 -1.0085 3.0526, -2.5886 -0.5246 1.8439, -2.5886 -0.6877 1.96, -2.5886 1.0361 2.9552, -2.5886 -1.0464 2.6558, -2.5886 -1.0512 2.7559, -2.5886 0.8879 3.3253, -2.5886 0.2503 1.7324, -2.5886 -0.8259 3.4069, -2.5886 -0.6877 3.5518, -2.5886 -0.5246 3.668, -2.5886 -0.3425 3.7511, -2.5886 -0.1479 3.7983, -2.5886 0.0521 3.8079, -2.5886 0.6129 3.6138, -2.5886 0.2503 3.7794, -2.5886 1.0551 2.7559, -2.5886 0.9797 2.3645, -2.5886 1.0361 2.5566, -2.5886 0.8879 2.1865, -2.5886 0.6129 1.898, -2.5886 0.4395 3.7139, -2.5886 0.9797 3.1473, -2.5886 0.4395 1.7979, -2.5886 0.7642 3.4827, -2.5886 0.7642 2.0292, -4.1634 0.2036 3.7695, -4.1634 0.5761 1.8966, -4.1634 -0.7288 3.4867, -4.1634 0.3975 1.8011, -4.1634 0.002 3.7894, -4.1634 -0.1996 3.7695, -4.1634 -0.8573 3.3301, -4.1634 1.0156 2.5543, -4.1634 -0.3935 3.7107, -4.1634 -0.5722 3.6152, -4.1634 0.2036 1.7423, -4.1634 0.8613 3.3301, -4.1634 -1.0116 2.9575, -4.1634 -1.0315 2.7559, -4.1634 -1.0116 2.5543, -4.1634 -0.9528 2.3604, -4.1634 -0.8573 2.1817, -4.1634 -0.7288 2.0251, -4.1634 -0.5722 1.8966, -4.1634 -0.1996 1.7423, -4.1634 0.002 1.7224, -4.1634 1.0156 2.9575, -4.1634 0.3975 3.7107, -4.1634 0.5761 3.6152, -4.1634 0.7327 2.0251, -4.1634 0.8613 2.1817, -4.1634 0.9568 2.3604, -4.1634 1.0354 2.7559, -4.1634 0.9568 3.1514, -4.1634 -0.9528 3.1514, -4.1634 -0.3935 1.8011, -4.1634 0.7327 3.4867, -4.4784 -1.0315 2.7559, -4.4784 -1.0116 2.9575, -4.4784 -0.9528 3.1514, -4.4784 -0.8573 3.3301, -4.4784 -0.7288 3.4867, -4.4784 -0.5722 3.6152, -4.4784 -0.3935 3.7107, -4.4784 -0.1996 3.7695, -4.4784 0.002 3.7894, -4.4784 0.2036 3.7695, -4.4784 0.3975 3.7107, -4.4784 0.5761 3.6152, -4.4784 0.7327 3.4867, -4.4784 0.8613 3.3301, -4.4784 0.9568 3.1514, -4.4784 1.0156 2.9575, -4.4784 1.0354 2.7559, -4.4784 1.0156 2.5543, -4.4784 0.9568 2.3604, -4.4784 0.8613 2.1817, -4.4784 0.7327 2.0251, -4.4784 0.5761 1.8966, -4.4784 0.3975 1.8011, -4.4784 0.2036 1.7423, -4.4784 0.002 1.7224, -4.4784 -0.1996 1.7423, -4.4784 -0.3935 1.8011, -4.4784 -0.5722 1.8966, -4.4784 -0.7288 2.0251, -4.4784 -0.8573 2.1817, -4.4784 -0.9528 2.3604, -4.4784 -1.0116 2.5543, -4.5571 0.0946 3.6369, -4.5571 0.1882 3.6923, -4.5571 0.2757 3.5984, -4.5571 0.3673 3.638, -4.5571 0.4449 3.5231, -4.5571 0.5324 3.5497, -4.5571 0.5947 3.4142, -4.5571 0.6771 3.431, -4.5571 0.7186 3.2766, -4.5571 0.7958 3.2863, -4.5571 0.8112 3.1162, -4.5571 0.884 3.1213, -4.5571 0.8684 2.9401, -4.5571 0.9384 2.9422, -4.5571 0.8878 2.7559, -4.5571 0.9567 2.7559, -4.5571 0.8684 2.5717, -4.5571 0.9384 2.5697, -4.5571 0.8112 2.3956, -4.5571 0.884 2.3906, -4.5571 0.7186 2.2352, -4.5571 0.7958 2.2255, -4.5571 0.5947 2.0976, -4.5571 0.6771 2.0808, -4.5571 0.4449 1.9888, -4.5571 0.5324 1.9621, -4.5571 0.2757 1.9134, -4.5571 0.3673 1.8739, -4.5571 0.0946 1.8749, -4.5571 0.1882 1.8195, -4.5571 0.002 1.8012, -4.5571 -0.0906 1.8749, -4.5571 -0.1843 1.8195, -4.5571 -0.2718 1.9134, -4.5571 -0.3634 1.8739, -4.5571 -0.4409 1.9888, -4.5571 -0.5284 1.9621, -4.5571 -0.5908 2.0976, -4.5571 -0.6731 2.0808, -4.5571 -0.7147 2.2352, -4.5571 -0.7918 2.2255, -4.5571 -0.8073 2.3956, -4.5571 -0.8801 2.3906, -4.5571 -0.8645 2.5717, -4.5571 -0.9344 2.5697, -4.5571 -0.8838 2.7559, -4.5571 -0.9527 2.7559, -4.5571 -0.8645 2.9401, -4.5571 -0.9344 2.9422, -4.5571 -0.8073 3.1162, -4.5571 -0.8801 3.1213, -4.5571 -0.7147 3.2766, -4.5571 -0.7918 3.2863, -4.5571 -0.5908 3.4142, -4.5571 -0.6731 3.431, -4.5571 -0.4409 3.5231, -4.5571 -0.5284 3.5497, -4.5571 -0.2718 3.5984, -4.5571 -0.3634 3.638, -4.5571 -0.0906 3.6369, -4.5571 -0.1843 3.6923, -4.5571 0.002 3.7106, -3.9665 -0.8838 2.7559, -3.9665 -0.8645 2.9401, -3.9665 -0.8073 3.1162, -3.9665 -0.7147 3.2766, -3.9665 -0.5908 3.4142, -3.9665 -0.4409 3.5231, -3.9665 -0.2718 3.5984, -3.9665 -0.0906 3.6369, -3.9665 0.0946 3.6369, -3.9665 0.2757 3.5984, -3.9665 0.4449 3.5231, -3.9665 0.5947 3.4142, -3.9665 0.7186 3.2766, -3.9665 0.8112 3.1162, -3.9665 0.8684 2.9401, -3.9665 0.8878 2.7559, -3.9665 0.8684 2.5717, -3.9665 0.8112 2.3956, -3.9665 0.7186 2.2352, -3.9665 0.5947 2.0976, -3.9665 0.4449 1.9888, -3.9665 0.2757 1.9134, -3.9665 0.0946 1.8749, -3.9665 -0.0906 1.8749, -3.9665 -0.2718 1.9134, -3.9665 -0.4409 1.9888, -3.9665 -0.5908 2.0976, -3.9665 -0.7147 2.2352, -3.9665 -0.8073 2.3956, -3.9665 -0.8645 2.5717
            ]
        }
        coordIndex [
            0,1,2,-1,3,4,5,-1,6,7,8,-1,9,10,11,-1,12,13,14,-1,15,16,17,-1,18,19,20,-1,21,22,23,-1,24,25,26,-1,26,25,27,-1,26,27,28,-1,29,30,31,-1,31,30,26,-1,31,26,32,-1,32,26,33,-1,28,34,26,-1,26,34,35,-1,26,35,33,-1,36,37,24,-1,38,39,36,-1,36,39,40,-1,36,40,37,-1,41,42,38,-1,38,42,43,-1,38,43,39,-1,41,44,42,-1,42,44,45,-1,42,45,46,-1,46,47,42,-1,42,47,48,-1,42,48,49,-1,49,50,42,-1,42,50,51,-1,42,51,52,-1,53,54,55,-1,56,57,51,-1,51,57,58,-1,51,59,52,-1,52,59,60,-1,52,60,61,-1,61,60,62,-1,61,62,63,-1,53,55,64,-1,58,65,51,-1,51,65,66,-1,51,66,59,-1,51,67,56,-1,56,67,68,-1,56,68,55,-1,55,68,69,-1,55,69,64,-1,70,71,72,-1,70,72,73,-1,71,74,72,-1,72,74,75,-1,72,75,76,-1,76,75,77,-1,76,77,78,-1,78,77,54,-1,54,77,79,-1,54,79,55,-1,80,81,82,-1,83,73,84,-1,84,73,72,-1,84,72,85,-1,85,72,80,-1,85,80,86,-1,86,80,82,-1,87,88,89,-1,89,88,90,-1,91,92,90,-1,90,92,93,-1,90,93,89,-1,94,95,23,-1,23,95,96,-1,23,96,97,-1,97,98,23,-1,23,98,99,-1,23,99,100,-1,100,101,23,-1,23,101,102,-1,23,102,103,-1,104,105,106,-1,106,105,107,-1,106,107,90,-1,90,107,108,-1,90,108,91,-1,109,110,106,-1,111,112,23,-1,23,112,113,-1,23,113,94,-1,23,22,106,-1,106,22,114,-1,106,114,109,-1,110,115,106,-1,106,115,116,-1,106,116,104,-1,81,80,23,-1,23,80,117,-1,23,117,111,-1,103,118,23,-1,23,118,119,-1,23,119,21,-1,120,121,122,-1,122,121,123,-1,123,124,122,-1,122,124,125,-1,122,125,126,-1,127,128,129,-1,130,131,132,-1,132,131,133,-1,127,129,134,-1,135,136,137,-1,138,139,131,-1,131,139,140,-1,131,140,141,-1,29,142,30,-1,30,142,143,-1,30,143,137,-1,137,143,144,-1,137,144,135,-1,128,145,129,-1,129,145,146,-1,129,146,147,-1,148,149,150,-1,150,149,151,-1,150,151,152,-1,153,141,154,-1,154,141,155,-1,154,155,150,-1,150,155,156,-1,150,156,148,-1,153,157,141,-1,141,157,158,-1,141,158,131,-1,131,158,159,-1,131,159,133,-1,136,160,137,-1,137,160,161,-1,137,161,162,-1,163,164,165,-1,165,164,166,-1,165,166,129,-1,129,166,167,-1,129,167,134,-1,168,169,129,-1,129,169,170,-1,129,170,131,-1,131,170,171,-1,131,171,138,-1,172,173,120,-1,173,174,120,-1,120,174,175,-1,120,175,176,-1,176,177,120,-1,120,177,178,-1,120,178,179,-1,179,178,163,-1,179,163,180,-1,180,163,165,-1,147,181,129,-1,129,181,182,-1,129,182,183,-1,183,184,129,-1,129,184,185,-1,129,185,168,-1,186,187,188,-1,187,189,188,-1,188,189,190,-1,188,190,191,-1,140,188,141,-1,141,188,192,-1,141,192,193,-1,194,195,196,-1,196,195,197,-1,196,197,198,-1,194,196,140,-1,140,196,199,-1,140,199,188,-1,188,199,200,-1,188,200,186,-1,201,202,203,-1,203,202,204,-1,203,204,205,-1,191,190,206,-1,206,190,207,-1,206,207,208,-1,208,207,209,-1,208,209,210,-1,193,211,141,-1,141,211,203,-1,141,203,212,-1,212,203,205,-1,213,214,215,-1,214,213,216,-1,217,218,219,-1,219,220,217,-1,217,220,221,-1,217,221,222,-1,213,223,216,-1,216,223,224,-1,216,224,225,-1,226,227,228,-1,228,227,229,-1,230,231,232,-1,232,231,233,-1,232,233,215,-1,215,233,234,-1,215,234,213,-1,235,236,237,-1,214,219,215,-1,215,219,218,-1,215,218,238,-1,238,218,239,-1,238,239,229,-1,229,239,240,-1,229,240,228,-1,237,241,235,-1,235,241,242,-1,235,242,243,-1,243,242,244,-1,243,244,230,-1,230,244,226,-1,230,226,231,-1,231,226,228,-1,245,246,247,-1,20,19,247,-1,247,19,248,-1,247,248,245,-1,249,250,251,-1,252,253,245,-1,253,254,245,-1,245,254,255,-1,245,255,246,-1,246,255,256,-1,249,251,245,-1,245,251,257,-1,245,257,252,-1,258,259,260,-1,261,262,17,-1,263,264,265,-1,256,266,246,-1,246,266,267,-1,246,267,265,-1,265,267,268,-1,265,268,263,-1,269,270,17,-1,17,270,271,-1,264,272,265,-1,265,272,273,-1,265,273,274,-1,274,273,275,-1,274,275,261,-1,276,277,262,-1,262,277,278,-1,262,278,17,-1,17,278,279,-1,17,279,269,-1,271,280,17,-1,17,280,281,-1,17,281,15,-1,282,283,284,-1,284,283,285,-1,284,285,286,-1,284,287,282,-1,282,287,288,-1,282,288,289,-1,289,290,282,-1,282,290,291,-1,282,291,292,-1,292,291,293,-1,292,293,294,-1,294,293,295,-1,294,295,262,-1,262,295,296,-1,262,296,276,-1,297,298,286,-1,286,298,299,-1,286,299,284,-1,300,301,250,-1,250,301,302,-1,250,302,251,-1,300,303,301,-1,301,303,304,-1,301,304,305,-1,305,304,306,-1,305,307,308,-1,306,309,305,-1,305,309,310,-1,305,310,311,-1,311,312,305,-1,305,312,313,-1,305,313,307,-1,308,314,305,-1,305,314,315,-1,305,315,316,-1,317,318,319,-1,319,318,215,-1,319,215,320,-1,320,215,321,-1,320,321,322,-1,323,232,324,-1,324,232,215,-1,324,215,325,-1,325,215,318,-1,326,327,328,-1,328,327,329,-1,328,329,330,-1,331,332,230,-1,333,334,335,-1,326,336,337,-1,337,336,338,-1,337,338,339,-1,340,265,341,-1,341,265,274,-1,341,274,342,-1,342,274,230,-1,342,230,343,-1,343,230,332,-1,343,332,335,-1,335,332,344,-1,335,344,333,-1,330,329,345,-1,345,329,346,-1,345,346,340,-1,347,348,36,-1,36,348,349,-1,36,349,350,-1,351,352,36,-1,36,352,353,-1,36,353,354,-1,350,355,36,-1,36,355,356,-1,36,356,38,-1,354,357,36,-1,36,357,358,-1,36,358,359,-1,359,360,36,-1,36,360,361,-1,36,361,347,-1,362,363,364,-1,364,363,365,-1,364,365,366,-1,367,368,365,-1,365,368,369,-1,365,369,366,-1,370,371,367,-1,367,371,372,-1,367,372,368,-1,14,13,367,-1,367,13,373,-1,367,373,370,-1,374,14,375,-1,375,14,376,-1,375,376,377,-1,374,378,14,-1,14,378,379,-1,14,379,380,-1,380,381,14,-1,14,381,382,-1,14,382,383,-1,383,384,14,-1,14,384,385,-1,14,385,12,-1,386,387,7,-1,7,388,389,-1,389,390,7,-1,7,390,391,-1,7,391,392,-1,392,393,7,-1,7,393,394,-1,7,394,386,-1,395,396,6,-1,6,396,397,-1,397,398,6,-1,6,398,399,-1,6,399,7,-1,7,399,400,-1,7,400,388,-1,395,6,401,-1,401,6,402,-1,401,402,403,-1,404,405,406,-1,407,408,406,-1,408,409,406,-1,406,409,410,-1,406,410,404,-1,405,411,406,-1,406,411,412,-1,406,412,413,-1,414,415,406,-1,406,415,416,-1,416,417,406,-1,406,417,418,-1,406,418,419,-1,419,420,406,-1,406,420,421,-1,406,421,407,-1,414,406,422,-1,422,406,423,-1,422,423,424,-1,425,426,423,-1,423,426,427,-1,427,428,423,-1,423,428,429,-1,423,429,430,-1,430,431,423,-1,423,431,432,-1,423,432,424,-1,433,434,435,-1,435,434,436,-1,436,437,435,-1,435,437,438,-1,435,438,423,-1,423,438,439,-1,423,439,425,-1,440,441,442,-1,442,441,443,-1,442,443,433,-1,433,443,444,-1,433,444,434,-1,445,246,446,-1,446,246,265,-1,446,265,447,-1,447,265,448,-1,449,450,451,-1,449,451,452,-1,340,346,265,-1,265,346,453,-1,265,453,448,-1,448,453,454,-1,448,454,451,-1,451,454,455,-1,451,455,452,-1,450,456,451,-1,451,456,457,-1,451,457,458,-1,458,459,451,-1,451,459,460,-1,451,460,461,-1,461,462,451,-1,451,462,463,-1,451,463,464,-1,464,463,465,-1,465,463,466,-1,466,463,467,-1,466,467,468,-1,468,469,466,-1,466,469,470,-1,466,470,471,-1,471,470,472,-1,473,474,475,-1,475,474,476,-1,475,476,346,-1,346,476,477,-1,346,477,453,-1,11,478,479,-1,479,480,11,-1,11,480,481,-1,11,481,9,-1,482,483,484,-1,484,483,485,-1,486,487,11,-1,11,487,488,-1,11,488,478,-1,485,489,484,-1,484,489,490,-1,484,490,486,-1,486,490,491,-1,486,491,487,-1,492,493,483,-1,483,493,494,-1,494,495,483,-1,483,495,496,-1,483,496,485,-1,445,497,246,-1,246,497,498,-1,246,498,483,-1,483,498,499,-1,483,499,492,-1,500,501,502,-1,502,501,503,-1,504,505,247,-1,482,506,507,-1,508,482,509,-1,509,482,510,-1,511,512,246,-1,513,514,504,-1,504,514,515,-1,504,515,516,-1,500,517,501,-1,501,517,518,-1,501,518,519,-1,519,518,520,-1,521,522,520,-1,520,522,523,-1,520,523,519,-1,508,524,482,-1,482,524,525,-1,482,525,506,-1,512,526,246,-1,246,526,527,-1,246,527,528,-1,516,529,504,-1,504,529,530,-1,504,530,505,-1,531,532,483,-1,483,532,533,-1,483,533,246,-1,246,533,534,-1,246,534,511,-1,507,535,482,-1,482,535,536,-1,482,536,483,-1,483,536,503,-1,483,503,531,-1,531,503,501,-1,537,538,520,-1,520,538,539,-1,520,539,540,-1,528,541,246,-1,246,541,542,-1,246,542,247,-1,247,542,543,-1,247,543,504,-1,540,544,520,-1,520,544,545,-1,520,545,521,-1,546,547,17,-1,17,547,548,-1,261,17,274,-1,274,17,548,-1,274,548,230,-1,230,548,549,-1,230,549,243,-1,550,547,551,-1,551,547,546,-1,551,546,552,-1,553,554,555,-1,556,557,546,-1,546,557,558,-1,546,558,552,-1,259,258,16,-1,16,258,553,-1,16,553,17,-1,17,553,555,-1,17,555,546,-1,546,555,559,-1,546,559,560,-1,561,562,442,-1,442,562,563,-1,442,563,553,-1,553,563,564,-1,553,564,554,-1,560,565,546,-1,546,565,566,-1,546,566,556,-1,567,568,433,-1,567,433,227,-1,568,569,433,-1,433,569,570,-1,433,570,442,-1,442,570,571,-1,442,571,561,-1,572,573,574,-1,575,576,577,-1,574,573,321,-1,321,573,578,-1,321,578,579,-1,577,572,575,-1,575,572,574,-1,575,574,580,-1,580,574,402,-1,580,402,579,-1,579,402,6,-1,579,6,321,-1,321,6,8,-1,321,8,322,-1,322,8,581,-1,322,581,582,-1,582,581,583,-1,584,585,321,-1,321,585,586,-1,321,586,574,-1,574,586,587,-1,574,587,588,-1,588,589,574,-1,574,589,590,-1,574,590,591,-1,591,592,574,-1,574,592,593,-1,574,593,238,-1,238,593,594,-1,238,594,215,-1,594,595,215,-1,215,595,596,-1,215,596,321,-1,321,596,597,-1,321,597,598,-1,598,599,321,-1,321,599,600,-1,321,600,584,-1,227,433,229,-1,229,433,435,-1,229,435,238,-1,238,435,423,-1,238,423,574,-1,574,423,406,-1,574,406,402,-1,402,406,413,-1,402,413,403,-1,337,331,326,-1,326,331,230,-1,326,230,327,-1,327,230,601,-1,3,5,602,-1,603,604,232,-1,232,604,605,-1,232,605,606,-1,583,581,323,-1,323,581,5,-1,323,5,232,-1,232,5,4,-1,232,4,603,-1,606,607,232,-1,232,607,608,-1,232,608,230,-1,230,608,609,-1,230,609,601,-1,601,610,327,-1,327,610,611,-1,327,611,5,-1,5,611,612,-1,5,612,613,-1,613,614,5,-1,5,614,615,-1,5,615,602,-1,616,617,505,-1,505,617,618,-1,505,618,247,-1,247,618,258,-1,247,258,20,-1,20,258,260,-1,20,260,18,-1,473,475,619,-1,619,475,346,-1,619,346,620,-1,620,346,329,-1,620,329,621,-1,621,329,327,-1,621,327,363,-1,363,327,5,-1,363,5,365,-1,365,5,581,-1,365,581,367,-1,367,581,8,-1,367,8,14,-1,14,8,7,-1,14,7,376,-1,376,7,387,-1,376,387,377,-1,440,442,622,-1,622,442,553,-1,622,553,623,-1,623,553,258,-1,623,258,624,-1,624,258,618,-1,624,618,625,-1,625,618,617,-1,625,617,626,-1,627,628,626,-1,628,122,87,-1,87,122,126,-1,87,126,88,-1,628,627,122,-1,122,627,137,-1,122,137,120,-1,120,137,162,-1,120,162,172,-1,629,630,631,-1,631,630,632,-1,616,510,617,-1,617,510,482,-1,617,482,631,-1,631,482,484,-1,631,484,629,-1,629,484,633,-1,626,617,627,-1,627,617,631,-1,627,631,137,-1,137,631,632,-1,137,632,30,-1,30,632,634,-1,30,634,484,-1,484,634,635,-1,484,635,633,-1,636,637,638,-1,638,637,629,-1,638,629,639,-1,639,629,633,-1,639,633,640,-1,640,633,641,-1,642,643,26,-1,26,643,0,-1,26,0,486,-1,486,0,2,-1,486,2,484,-1,484,2,644,-1,484,644,30,-1,30,644,642,-1,30,642,26,-1,24,26,36,-1,36,26,486,-1,36,486,645,-1,645,486,11,-1,645,11,646,-1,646,11,10,-1,646,10,619,-1,619,10,647,-1,619,647,473,-1,362,648,363,-1,363,648,649,-1,363,649,621,-1,621,649,650,-1,621,650,620,-1,620,650,651,-1,620,651,619,-1,619,651,652,-1,619,652,646,-1,646,652,653,-1,646,653,645,-1,645,653,654,-1,645,654,36,-1,36,654,655,-1,36,655,351,-1,656,657,658,-1,658,657,659,-1,659,660,658,-1,658,660,661,-1,658,661,662,-1,662,661,663,-1,663,664,662,-1,662,664,665,-1,662,665,666,-1,667,668,669,-1,669,668,670,-1,670,671,669,-1,669,671,672,-1,669,672,673,-1,674,675,676,-1,674,676,672,-1,672,676,677,-1,672,677,673,-1,678,679,657,-1,657,679,659,-1,668,667,680,-1,680,667,681,-1,682,683,684,-1,684,683,685,-1,684,685,686,-1,686,685,687,-1,687,685,688,-1,687,688,689,-1,689,690,687,-1,687,690,691,-1,687,691,692,-1,693,694,695,-1,696,697,698,-1,699,700,701,-1,702,703,704,-1,705,706,707,-1,708,709,710,-1,711,712,713,-1,714,715,716,-1,717,718,719,-1,720,721,722,-1,723,724,725,-1,726,727,728,-1,729,730,731,-1,732,733,734,-1,735,736,737,-1,738,739,740,-1,741,742,743,-1,744,745,746,-1,747,748,749,-1,750,751,752,-1,753,754,755,-1,756,757,758,-1,759,760,761,-1,762,763,764,-1,765,766,767,-1,768,769,770,-1,771,772,773,-1,774,775,776,-1,777,778,779,-1,780,781,782,-1,783,784,785,-1,786,787,788,-1,789,790,791,-1,792,793,794,-1,795,796,797,-1,798,799,800,-1,801,802,803,-1,804,805,806,-1,807,808,809,-1,810,811,812,-1,813,814,815,-1,816,817,818,-1,819,820,821,-1,822,823,824,-1,825,826,827,-1,828,829,830,-1,831,832,833,-1,834,835,836,-1,837,838,839,-1,840,841,842,-1,843,844,845,-1,846,847,848,-1,849,850,851,-1,852,853,854,-1,855,856,857,-1,858,859,860,-1,861,862,863,-1,864,865,866,-1,867,868,869,-1,870,871,872,-1,873,874,875,-1,876,877,878,-1,879,880,881,-1,882,883,884,-1,885,886,887,-1,888,889,890,-1,891,892,893,-1,894,895,896,-1,897,898,899,-1,900,901,902,-1,903,904,905,-1,906,907,908,-1,909,910,911,-1,912,913,914,-1,915,916,917,-1,918,919,920,-1,921,922,923,-1,924,925,926,-1,927,928,929,-1,930,931,932,-1,933,934,935,-1,936,937,938,-1,939,940,941,-1,942,943,944,-1,945,946,947,-1,948,949,950,-1,951,952,953,-1,954,955,956,-1,957,958,959,-1,960,961,962,-1,963,964,965,-1,966,967,968,-1,969,970,971,-1,972,973,974,-1,975,976,977,-1,978,979,980,-1,981,982,983,-1,984,985,986,-1,987,988,989,-1,990,991,992,-1,993,994,995,-1,996,997,998,-1,999,1000,1001,-1,1002,1003,1004,-1,1005,1006,1007,-1,1008,1009,1010,-1,1011,1012,1013,-1,1014,1015,1016,-1,1017,1018,1019,-1,1020,1021,1022,-1,1023,1024,1025,-1,1026,1027,1028,-1,1029,1030,1031,-1,1032,1033,1034,-1,1035,1036,1037,-1,1038,1039,1040,-1,1041,1042,1043,-1,1044,1045,1046,-1,1047,1048,1049,-1,1050,1051,1052,-1,1053,1054,1055,-1,1056,1057,1058,-1,1059,1060,1061,-1,1062,1063,1064,-1,1065,1066,1067,-1,1068,1069,1070,-1,1071,1072,1073,-1,1074,1075,1076,-1,1077,1078,1079,-1,1079,1078,1080,-1,1080,1081,1079,-1,1079,1081,1082,-1,1079,1082,1083,-1,1083,1084,1079,-1,1079,1084,1085,-1,1079,1085,1086,-1,1087,1076,1088,-1,1088,1076,1075,-1,1088,1075,1089,-1,1089,1090,1088,-1,1088,1090,1091,-1,1088,1091,1079,-1,1079,1091,1092,-1,1079,1092,1077,-1,1093,1094,1095,-1,1095,1094,1096,-1,1095,1096,1097,-1,1098,1099,1076,-1,1076,1099,1100,-1,1076,1100,1074,-1,1101,1102,1103,-1,1103,1102,1104,-1,1105,1106,1107,-1,1107,1106,1108,-1,1109,1110,1111,-1,1111,1110,1112,-1,1111,1112,1113,-1,1071,1073,1114,-1,1115,1116,1117,-1,1117,1116,1118,-1,1117,1118,1119,-1,1068,1070,1120,-1,1121,1122,1123,-1,1123,1122,1124,-1,1123,1124,1125,-1,1125,1124,1126,-1,1125,1126,1127,-1,1121,1123,1128,-1,1128,1123,1129,-1,1128,1129,1130,-1,1131,1132,1133,-1,1133,1132,1134,-1,1133,1134,1129,-1,1129,1134,1135,-1,1129,1135,1130,-1,1131,1133,1136,-1,1136,1133,1137,-1,1136,1137,1138,-1,1138,1137,1139,-1,1139,1137,1140,-1,1139,1140,1141,-1,1142,1143,1144,-1,1144,1143,1145,-1,1144,1145,1140,-1,1140,1145,1146,-1,1140,1146,1141,-1,1142,1144,1147,-1,1147,1144,1148,-1,1147,1148,1149,-1,1150,1151,1152,-1,1152,1151,1153,-1,1152,1153,1148,-1,1148,1153,1154,-1,1148,1154,1149,-1,1152,1155,1150,-1,1150,1155,1064,-1,1150,1064,1156,-1,1156,1064,1063,-1,1157,1158,1159,-1,1159,1158,1160,-1,1059,1061,1161,-1,1162,1163,1164,-1,1165,1166,1167,-1,1167,1166,1168,-1,1167,1168,1169,-1,1170,1171,1172,-1,1172,1171,1173,-1,1172,1173,1174,-1,1175,1176,1177,-1,1177,1176,1178,-1,1177,1178,1179,-1,1047,1049,1180,-1,1181,1182,1183,-1,1183,1182,1184,-1,1183,1184,1185,-1,695,1186,1187,-1,1187,1186,1188,-1,1188,1189,1187,-1,1187,1189,1190,-1,1187,1190,1191,-1,1192,1193,1194,-1,1194,1193,1187,-1,1194,1187,1195,-1,1195,1187,1191,-1,694,1196,695,-1,695,1196,1197,-1,695,1197,1198,-1,1198,1199,695,-1,695,1199,1200,-1,695,1200,1186,-1,1201,1202,1203,-1,1201,1203,1204,-1,1202,1205,1203,-1,1203,1205,1206,-1,1203,1206,1207,-1,1208,1209,1210,-1,1210,1209,1211,-1,1211,1212,1210,-1,1210,1212,1213,-1,1210,1213,1214,-1,1215,1216,1217,-1,1217,1216,1218,-1,1217,1218,1219,-1,1220,1221,1222,-1,1223,1224,1225,-1,1225,1224,1226,-1,1225,1226,1227,-1,1228,1229,1230,-1,1230,1229,1231,-1,1232,1233,1234,-1,1234,1233,1228,-1,1235,1236,743,-1,743,1236,1237,-1,743,1237,1238,-1,1235,1239,1240,-1,1240,1239,1241,-1,1242,1243,1244,-1,1245,1246,1242,-1,1242,1246,1247,-1,1242,1247,1243,-1,1248,1249,1250,-1,1250,1249,1245,-1,1251,1252,1253,-1,1254,1255,1256,-1,1256,1255,1257,-1,1252,1251,1254,-1,746,1258,1259,-1,1259,1260,1261,-1,1261,1260,1262,-1,1261,1262,1263,-1,1264,1265,1266,-1,1266,1265,1267,-1,1266,1267,1268,-1,1269,1270,1271,-1,1271,1270,1272,-1,1271,1272,1264,-1,1273,1274,1275,-1,1275,1274,1269,-1,1276,1277,749,-1,749,1277,1278,-1,1276,1279,1280,-1,1280,1279,1281,-1,1282,1283,1284,-1,1284,1283,1285,-1,1284,1285,1286,-1,1287,1288,1289,-1,1289,1288,1290,-1,1289,1290,1282,-1,1291,1292,1293,-1,1293,1292,1287,-1,1294,1295,1296,-1,1296,1295,1297,-1,1298,1299,1300,-1,1300,1299,1301,-1,1300,1301,1294,-1,1302,1303,1304,-1,1304,1303,1298,-1,1305,1306,1307,-1,1308,1309,1310,-1,1310,1309,1311,-1,1306,1305,1311,-1,1312,1313,752,-1,752,1313,1314,-1,752,1314,1315,-1,1316,1317,1318,-1,1318,1319,1320,-1,1320,1319,1321,-1,1320,1321,1312,-1,1322,1323,1324,-1,1325,1326,1327,-1,1327,1326,1044,-1,1328,1329,1330,-1,1331,1332,1328,-1,1329,1333,1330,-1,1330,1333,1334,-1,1330,1334,1335,-1,1335,1336,1330,-1,1330,1336,1337,-1,1330,1337,1338,-1,1338,1339,1330,-1,1330,1339,1340,-1,1330,1340,1341,-1,1331,1328,1342,-1,1342,1328,1330,-1,1342,1330,1042,-1,1343,1344,1038,-1,1035,1037,1033,-1,1345,1346,1032,-1,1347,1348,1349,-1,1348,1347,1030,-1,1029,1031,1350,-1,1351,1352,1353,-1,1352,1351,1027,-1,1026,1028,1354,-1,1355,1356,1357,-1,1357,1356,1358,-1,1359,1360,1355,-1,1360,1359,1024,-1,1361,1362,1020,-1,1362,1361,1018,-1,1017,1019,1363,-1,1364,1365,1366,-1,1365,1364,1015,-1,1367,1368,1369,-1,1369,1368,1014,-1,1370,1371,1011,-1,1371,1370,1009,-1,1008,1010,1372,-1,1373,1374,1375,-1,1374,1373,1006,-1,1376,1377,1378,-1,1378,1377,1005,-1,1379,1380,1002,-1,1380,1379,1000,-1,1381,1382,996,-1,993,995,991,-1,1383,1384,990,-1,1385,1386,1387,-1,1386,1385,988,-1,987,989,1388,-1,1389,1390,1391,-1,1390,1389,985,-1,984,986,1392,-1,1393,1394,1395,-1,1394,1393,982,-1,1396,1397,1398,-1,1398,1397,981,-1,1399,1400,978,-1,1400,1399,976,-1,975,977,1401,-1,1402,1403,1404,-1,1403,1402,973,-1,1405,1406,1407,-1,1407,1406,972,-1,1408,1409,969,-1,1409,1408,967,-1,1410,1411,963,-1,1412,1413,1414,-1,1414,1413,1415,-1,1414,1415,960,-1,1416,1417,1418,-1,1417,1416,958,-1,957,959,1419,-1,1420,1421,1422,-1,1421,1420,955,-1,954,956,1423,-1,1424,1425,1426,-1,1426,1425,1427,-1,1428,1429,1424,-1,1429,1428,952,-1,1430,1431,948,-1,1431,1430,946,-1,945,947,1432,-1,1433,1434,1435,-1,1434,1433,943,-1,1436,1437,1438,-1,1438,1437,942,-1,1439,1440,939,-1,1440,1439,937,-1,936,938,1441,-1,1442,1443,1444,-1,1443,1442,934,-1,1445,1446,1447,-1,1447,1446,933,-1,1448,1449,930,-1,1449,1448,928,-1,1450,1451,924,-1,1452,1453,1454,-1,1454,1453,921,-1,1455,1456,1452,-1,1457,1458,1459,-1,1458,1457,919,-1,918,920,1460,-1,1461,1462,1463,-1,1462,1461,916,-1,915,917,1464,-1,1465,1466,1467,-1,1467,1466,1468,-1,1469,1470,1465,-1,1470,1469,913,-1,1471,1472,909,-1,1472,1471,907,-1,906,908,1473,-1,1474,1475,1476,-1,1475,1474,904,-1,1477,1478,1479,-1,1479,1478,903,-1,1480,1481,900,-1,1481,1480,898,-1,1482,1483,894,-1,1484,1485,1486,-1,1486,1485,1487,-1,1486,1487,891,-1,1488,1489,1490,-1,1489,1488,889,-1,888,890,1491,-1,1492,1493,1494,-1,1493,1492,886,-1,1495,1496,885,-1,1497,1498,1499,-1,1499,1498,1500,-1,1501,1502,1497,-1,1502,1501,883,-1,1503,1504,879,-1,1504,1503,877,-1,876,878,1505,-1,1506,1507,1508,-1,1508,1507,1509,-1,1510,1511,1506,-1,1511,1510,874,-1,1512,1513,870,-1,1513,1512,868,-1,867,869,1514,-1,1515,1516,1517,-1,1516,1515,865,-1,1518,1519,1520,-1,1520,1519,864,-1,1521,1522,861,-1,1522,1521,859,-1,1523,1524,855,-1,1525,1526,1527,-1,1527,1526,1528,-1,1527,1528,852,-1,1529,1530,1531,-1,1530,1529,850,-1,849,851,1532,-1,1533,1534,1535,-1,1534,1533,847,-1,846,848,1536,-1,1537,1538,1539,-1,1539,1538,1540,-1,1541,1542,1537,-1,1542,1541,844,-1,1543,1544,840,-1,1544,1543,838,-1,837,839,1545,-1,1546,1547,1548,-1,1548,1547,1549,-1,1550,1551,1546,-1,1551,1550,835,-1,1552,1553,831,-1,1553,1552,829,-1,828,830,1554,-1,1555,1556,1557,-1,1556,1555,826,-1,1558,1559,1560,-1,1560,1559,825,-1,1561,1562,822,-1,1562,1561,820,-1,1563,1564,816,-1,1565,1566,1567,-1,1567,1566,813,-1,1568,1569,1565,-1,1570,1571,1572,-1,1571,1570,811,-1,810,812,1573,-1,1574,1575,1576,-1,1575,1574,808,-1,807,809,1577,-1,1578,1579,1580,-1,1580,1579,1581,-1,1582,1583,1578,-1,1583,1582,805,-1,1584,1585,801,-1,1585,1584,799,-1,798,800,1586,-1,1587,1588,1589,-1,1589,1588,1590,-1,1591,1592,1587,-1,1592,1591,796,-1,1593,1594,792,-1,1594,1593,790,-1,789,791,1595,-1,1596,1597,1598,-1,1597,1596,787,-1,1599,1600,1601,-1,1601,1600,786,-1,1602,1603,783,-1,1603,1602,781,-1,1604,1605,777,-1,774,776,772,-1,1606,1607,1608,-1,1608,1607,771,-1,1609,1610,754,-1,754,1610,1611,-1,754,1611,755,-1,755,1611,1612,-1,755,1612,1606,-1,1613,1614,1615,-1,1616,1617,1618,-1,1619,1620,1621,-1,1622,1623,1624,-1,1625,1626,1627,-1,1628,1629,1630,-1,1631,1632,1633,-1,765,767,1634,-1,1635,1636,1637,-1,1638,1639,1640,-1,1641,1642,1643,-1,762,764,1644,-1,1645,1646,1647,-1,1648,1649,1650,-1,1651,1652,1653,-1,1654,1655,1656,-1,1657,1658,1659,-1,1660,1661,1662,-1,1663,1664,1665,-1,1666,1667,1668,-1,1669,1670,1671,-1,1672,1673,1674,-1,1675,1676,1677,-1,1678,1679,1680,-1,1087,1681,1076,-1,1076,1681,1097,-1,1076,1097,1098,-1,1098,1097,1096,-1,1682,1609,1683,-1,1683,1609,754,-1,1683,754,1684,-1,1684,754,753,-1,1684,753,1685,-1,1679,1675,1680,-1,1680,1675,1677,-1,1680,1677,1103,-1,1103,1677,1113,-1,1103,1113,1101,-1,1101,1113,1112,-1,1681,1678,1097,-1,1097,1678,1680,-1,1097,1680,1095,-1,1095,1680,1103,-1,1095,1103,1093,-1,1093,1103,1104,-1,1614,1682,1615,-1,1615,1682,1683,-1,1615,1683,1686,-1,1686,1683,1684,-1,1686,1684,1687,-1,1687,1684,1685,-1,1687,1685,1688,-1,1673,1669,1674,-1,1674,1669,1671,-1,1674,1671,1689,-1,1689,1671,1690,-1,1689,1690,1073,-1,1073,1690,1119,-1,1073,1119,1114,-1,1114,1119,1118,-1,1691,1672,1692,-1,1692,1672,1674,-1,1692,1674,1693,-1,1693,1674,1689,-1,1693,1689,1107,-1,1107,1689,1073,-1,1107,1073,1105,-1,1105,1073,1072,-1,1676,1691,1677,-1,1677,1691,1692,-1,1677,1692,1113,-1,1113,1692,1693,-1,1113,1693,1111,-1,1111,1693,1107,-1,1111,1107,1109,-1,1109,1107,1108,-1,1617,1613,1618,-1,1618,1613,1615,-1,1618,1615,1694,-1,1694,1615,1686,-1,1694,1686,1695,-1,1695,1686,1687,-1,1695,1687,1696,-1,1696,1687,1688,-1,1696,1688,1697,-1,1661,1657,1662,-1,1662,1657,1659,-1,1662,1659,1698,-1,1698,1659,1699,-1,1698,1699,1700,-1,1700,1699,1701,-1,1700,1701,1702,-1,1702,1701,1703,-1,1704,1660,1705,-1,1705,1660,1662,-1,1705,1662,1706,-1,1706,1662,1698,-1,1706,1698,1707,-1,1707,1698,1700,-1,1707,1700,1708,-1,1708,1700,1702,-1,1664,1704,1665,-1,1665,1704,1705,-1,1665,1705,1709,-1,1709,1705,1706,-1,1709,1706,1710,-1,1710,1706,1707,-1,1710,1707,1711,-1,1711,1707,1708,-1,1712,1666,1713,-1,1713,1666,1668,-1,1713,1668,1714,-1,1714,1668,1715,-1,1714,1715,1716,-1,1716,1715,1717,-1,1716,1717,1067,-1,1067,1717,1125,-1,1067,1125,1065,-1,1065,1125,1127,-1,757,1712,758,-1,758,1712,1713,-1,758,1713,1718,-1,1718,1713,1714,-1,1718,1714,1719,-1,1719,1714,1716,-1,1719,1716,1070,-1,1070,1716,1067,-1,1070,1067,1120,-1,1120,1067,1066,-1,1670,756,1671,-1,1671,756,758,-1,1671,758,1690,-1,1690,758,1718,-1,1690,1718,1119,-1,1119,1718,1719,-1,1119,1719,1117,-1,1117,1719,1070,-1,1117,1070,1115,-1,1115,1070,1069,-1,1720,1616,1721,-1,1721,1616,1618,-1,1721,1618,1722,-1,1722,1618,1694,-1,1722,1694,1723,-1,1723,1694,1695,-1,1723,1695,1724,-1,1724,1695,1696,-1,1724,1696,1725,-1,1725,1696,1697,-1,1725,1697,1726,-1,1652,1727,1653,-1,1653,1727,1728,-1,1653,1728,1729,-1,1729,1728,1730,-1,1729,1730,1731,-1,1731,1730,1732,-1,1731,1732,1733,-1,1733,1732,1734,-1,1733,1734,1735,-1,1735,1734,1736,-1,1655,1651,1656,-1,1656,1651,1653,-1,1656,1653,1737,-1,1737,1653,1729,-1,1737,1729,1738,-1,1738,1729,1731,-1,1738,1731,1739,-1,1739,1731,1733,-1,1739,1733,1740,-1,1740,1733,1735,-1,1741,1654,1742,-1,1742,1654,1656,-1,1742,1656,1743,-1,1743,1656,1737,-1,1743,1737,1744,-1,1744,1737,1738,-1,1744,1738,1745,-1,1745,1738,1739,-1,1745,1739,1746,-1,1746,1739,1740,-1,760,1741,761,-1,761,1741,1742,-1,761,1742,1747,-1,1747,1742,1743,-1,1747,1743,1748,-1,1748,1743,1744,-1,1748,1744,1749,-1,1749,1744,1745,-1,1749,1745,1750,-1,1750,1745,1746,-1,1667,1663,1668,-1,1668,1663,1665,-1,1668,1665,1715,-1,1715,1665,1709,-1,1715,1709,1717,-1,1717,1709,1710,-1,1717,1710,1125,-1,1125,1710,1711,-1,1125,1711,1123,-1,1123,1711,1708,-1,1123,1708,1129,-1,1129,1708,1702,-1,1129,1702,1133,-1,1133,1702,1703,-1,1133,1703,1137,-1,769,1720,770,-1,770,1720,1721,-1,770,1721,1751,-1,1751,1721,1722,-1,1751,1722,1752,-1,1752,1722,1723,-1,1752,1723,1753,-1,1753,1723,1724,-1,1753,1724,1754,-1,1754,1724,1725,-1,1754,1725,1755,-1,1755,1725,1726,-1,1755,1726,1756,-1,1658,759,1659,-1,1659,759,761,-1,1659,761,1699,-1,1699,761,1747,-1,1699,1747,1701,-1,1701,1747,1748,-1,1701,1748,1703,-1,1703,1748,1749,-1,1703,1749,1137,-1,1137,1749,1750,-1,1137,1750,1140,-1,1140,1750,1746,-1,1140,1746,1144,-1,1144,1746,1740,-1,1144,1740,1148,-1,1148,1740,1735,-1,1148,1735,1152,-1,1152,1735,1736,-1,1152,1736,1155,-1,1620,768,1621,-1,1621,768,770,-1,1621,770,1757,-1,1757,770,1751,-1,1757,1751,1758,-1,1758,1751,1752,-1,1758,1752,1759,-1,1759,1752,1753,-1,1759,1753,1760,-1,1760,1753,1754,-1,1760,1754,1761,-1,1761,1754,1755,-1,1761,1755,1762,-1,1762,1755,1756,-1,1762,1756,1763,-1,1646,1764,1647,-1,1647,1764,1765,-1,1647,1765,1766,-1,1766,1765,1767,-1,1766,1767,1768,-1,1768,1767,1769,-1,1768,1769,1770,-1,1770,1769,1771,-1,1770,1771,1772,-1,1772,1771,1773,-1,1772,1773,1774,-1,1774,1773,1775,-1,1774,1775,1061,-1,1061,1775,1776,-1,1061,1776,1161,-1,1161,1776,1164,-1,1161,1164,1777,-1,1777,1164,1163,-1,1649,1645,1650,-1,1650,1645,1647,-1,1650,1647,1778,-1,1778,1647,1766,-1,1778,1766,1779,-1,1779,1766,1768,-1,1779,1768,1780,-1,1780,1768,1770,-1,1780,1770,1781,-1,1781,1770,1772,-1,1781,1772,1782,-1,1782,1772,1774,-1,1782,1774,1159,-1,1159,1774,1061,-1,1159,1061,1157,-1,1157,1061,1060,-1,1727,1648,1728,-1,1728,1648,1650,-1,1728,1650,1730,-1,1730,1650,1778,-1,1730,1778,1732,-1,1732,1778,1779,-1,1732,1779,1734,-1,1734,1779,1780,-1,1734,1780,1736,-1,1736,1780,1781,-1,1736,1781,1155,-1,1155,1781,1782,-1,1155,1782,1064,-1,1064,1782,1159,-1,1064,1159,1062,-1,1062,1159,1160,-1,1623,1619,1624,-1,1624,1619,1621,-1,1624,1621,1783,-1,1783,1621,1757,-1,1783,1757,1784,-1,1784,1757,1758,-1,1784,1758,1785,-1,1785,1758,1759,-1,1785,1759,1786,-1,1786,1759,1760,-1,1786,1760,1787,-1,1787,1760,1761,-1,1787,1761,1788,-1,1788,1761,1762,-1,1788,1762,1789,-1,1789,1762,1763,-1,1789,1763,1790,-1,1642,1791,1643,-1,1643,1791,1792,-1,1643,1792,1793,-1,1793,1792,1794,-1,1793,1794,1795,-1,1795,1794,1796,-1,1795,1796,1797,-1,1797,1796,1798,-1,1797,1798,1799,-1,1799,1798,1800,-1,1799,1800,1801,-1,1801,1800,1802,-1,1801,1802,1803,-1,1803,1802,1804,-1,1803,1804,1055,-1,1055,1804,1805,-1,1055,1805,1053,-1,1053,1805,1052,-1,1053,1052,1806,-1,1806,1052,1051,-1,1807,1641,1808,-1,1808,1641,1643,-1,1808,1643,1809,-1,1809,1643,1793,-1,1809,1793,1810,-1,1810,1793,1795,-1,1810,1795,1811,-1,1811,1795,1797,-1,1811,1797,1812,-1,1812,1797,1799,-1,1812,1799,1813,-1,1813,1799,1801,-1,1813,1801,1814,-1,1814,1801,1803,-1,1814,1803,1167,-1,1167,1803,1055,-1,1167,1055,1165,-1,1165,1055,1054,-1,763,1807,764,-1,764,1807,1808,-1,764,1808,1815,-1,1815,1808,1809,-1,1815,1809,1816,-1,1816,1809,1810,-1,1816,1810,1817,-1,1817,1810,1811,-1,1817,1811,1818,-1,1818,1811,1812,-1,1818,1812,1819,-1,1819,1812,1813,-1,1819,1813,1820,-1,1820,1813,1814,-1,1820,1814,1058,-1,1058,1814,1167,-1,1058,1167,1056,-1,1056,1167,1169,-1,1764,1644,1765,-1,1765,1644,764,-1,1765,764,1767,-1,1767,764,1815,-1,1767,1815,1769,-1,1769,1815,1816,-1,1769,1816,1771,-1,1771,1816,1817,-1,1771,1817,1773,-1,1773,1817,1818,-1,1773,1818,1775,-1,1775,1818,1819,-1,1775,1819,1776,-1,1776,1819,1820,-1,1776,1820,1164,-1,1164,1820,1058,-1,1164,1058,1162,-1,1162,1058,1057,-1,1821,1622,1822,-1,1822,1622,1624,-1,1822,1624,1823,-1,1823,1624,1783,-1,1823,1783,1824,-1,1824,1783,1784,-1,1824,1784,1825,-1,1825,1784,1785,-1,1825,1785,1826,-1,1826,1785,1786,-1,1826,1786,1827,-1,1827,1786,1787,-1,1827,1787,1828,-1,1828,1787,1788,-1,1828,1788,1829,-1,1829,1788,1789,-1,1829,1789,1830,-1,1830,1789,1790,-1,1830,1790,1831,-1,1639,1635,1640,-1,1640,1635,1637,-1,1640,1637,1832,-1,1832,1637,1833,-1,1832,1833,1834,-1,1834,1833,1835,-1,1834,1835,1836,-1,1836,1835,1837,-1,1836,1837,1838,-1,1838,1837,1839,-1,1838,1839,1840,-1,1840,1839,1841,-1,1840,1841,1842,-1,1842,1841,1843,-1,1842,1843,1844,-1,1844,1843,1845,-1,1844,1845,1172,-1,1172,1845,1179,-1,1172,1179,1170,-1,1170,1179,1178,-1,1791,1638,1792,-1,1792,1638,1640,-1,1792,1640,1794,-1,1794,1640,1832,-1,1794,1832,1796,-1,1796,1832,1834,-1,1796,1834,1798,-1,1798,1834,1836,-1,1798,1836,1800,-1,1800,1836,1838,-1,1800,1838,1802,-1,1802,1838,1840,-1,1802,1840,1804,-1,1804,1840,1842,-1,1804,1842,1805,-1,1805,1842,1844,-1,1805,1844,1052,-1,1052,1844,1172,-1,1052,1172,1050,-1,1050,1172,1174,-1,1626,1821,1627,-1,1627,1821,1822,-1,1627,1822,1846,-1,1846,1822,1823,-1,1846,1823,1847,-1,1847,1823,1824,-1,1847,1824,1848,-1,1848,1824,1825,-1,1848,1825,1849,-1,1849,1825,1826,-1,1849,1826,1850,-1,1850,1826,1827,-1,1850,1827,1851,-1,1851,1827,1828,-1,1851,1828,1852,-1,1852,1828,1829,-1,1852,1829,1853,-1,1853,1829,1830,-1,1853,1830,1854,-1,1854,1830,1831,-1,1854,1831,1855,-1,1856,1634,1857,-1,1857,1634,767,-1,1857,767,1858,-1,1858,767,1859,-1,1858,1859,1860,-1,1860,1859,1861,-1,1860,1861,1862,-1,1862,1861,1863,-1,1862,1863,1864,-1,1864,1863,1865,-1,1864,1865,1866,-1,1866,1865,1867,-1,1866,1867,1868,-1,1868,1867,1869,-1,1868,1869,1870,-1,1870,1869,1871,-1,1870,1871,1872,-1,1872,1871,1873,-1,1872,1873,1049,-1,1049,1873,1185,-1,1049,1185,1180,-1,1180,1185,1184,-1,1636,1856,1637,-1,1637,1856,1857,-1,1637,1857,1833,-1,1833,1857,1858,-1,1833,1858,1835,-1,1835,1858,1860,-1,1835,1860,1837,-1,1837,1860,1862,-1,1837,1862,1839,-1,1839,1862,1864,-1,1839,1864,1841,-1,1841,1864,1866,-1,1841,1866,1843,-1,1843,1866,1868,-1,1843,1868,1845,-1,1845,1868,1870,-1,1845,1870,1179,-1,1179,1870,1872,-1,1179,1872,1177,-1,1177,1872,1049,-1,1177,1049,1175,-1,1175,1049,1048,-1,1629,1625,1630,-1,1630,1625,1627,-1,1630,1627,1874,-1,1874,1627,1846,-1,1874,1846,1875,-1,1875,1846,1847,-1,1875,1847,1876,-1,1876,1847,1848,-1,1876,1848,1877,-1,1877,1848,1849,-1,1877,1849,1878,-1,1878,1849,1850,-1,1878,1850,1879,-1,1879,1850,1851,-1,1879,1851,1880,-1,1880,1851,1852,-1,1880,1852,1881,-1,1881,1852,1853,-1,1881,1853,1882,-1,1882,1853,1854,-1,1882,1854,1883,-1,1883,1854,1855,-1,1883,1855,1884,-1,1885,1631,1886,-1,1886,1631,1633,-1,1886,1633,1887,-1,1887,1633,1888,-1,1887,1888,1889,-1,1889,1888,1890,-1,1889,1890,1891,-1,1891,1890,1892,-1,1891,1892,1893,-1,1893,1892,1894,-1,1893,1894,1895,-1,1895,1894,1896,-1,1895,1896,1897,-1,1897,1896,1898,-1,1897,1898,1899,-1,1899,1898,1900,-1,1899,1900,1901,-1,1901,1900,1902,-1,1901,1902,1903,-1,1903,1902,1904,-1,1903,1904,1193,-1,1193,1904,1905,-1,1193,1905,1187,-1,766,1885,767,-1,767,1885,1886,-1,767,1886,1859,-1,1859,1886,1887,-1,1859,1887,1861,-1,1861,1887,1889,-1,1861,1889,1863,-1,1863,1889,1891,-1,1863,1891,1865,-1,1865,1891,1893,-1,1865,1893,1867,-1,1867,1893,1895,-1,1867,1895,1869,-1,1869,1895,1897,-1,1869,1897,1871,-1,1871,1897,1899,-1,1871,1899,1873,-1,1873,1899,1901,-1,1873,1901,1185,-1,1185,1901,1903,-1,1185,1903,1183,-1,1183,1903,1193,-1,1183,1193,1181,-1,1181,1193,1192,-1,1906,1628,1907,-1,1907,1628,1630,-1,1907,1630,1908,-1,1908,1630,1874,-1,1908,1874,1909,-1,1909,1874,1875,-1,1909,1875,1910,-1,1910,1875,1876,-1,1910,1876,1911,-1,1911,1876,1877,-1,1911,1877,1912,-1,1912,1877,1878,-1,1912,1878,1913,-1,1913,1878,1879,-1,1913,1879,1914,-1,1914,1879,1880,-1,1914,1880,1915,-1,1915,1880,1881,-1,1915,1881,1916,-1,1916,1881,1882,-1,1916,1882,1917,-1,1917,1882,1883,-1,1917,1883,1918,-1,1918,1883,1884,-1,1918,1884,1919,-1,1215,1217,1920,-1,1920,1217,1921,-1,1920,1921,1922,-1,1223,1225,1923,-1,1923,1225,1924,-1,1923,1924,1925,-1,1925,1924,1926,-1,1925,1926,1927,-1,742,741,1928,-1,1928,741,1929,-1,1928,1929,1930,-1,1930,1929,1931,-1,1930,1931,1932,-1,1245,1242,1250,-1,1250,1242,1933,-1,1250,1933,1934,-1,1934,1933,1935,-1,1934,1935,1936,-1,1936,1935,1937,-1,1936,1937,1938,-1,1938,1937,1939,-1,1938,1939,1940,-1,1254,1251,1255,-1,1255,1251,1941,-1,1255,1941,1942,-1,1942,1941,1943,-1,1942,1943,1944,-1,1944,1943,1945,-1,1944,1945,1946,-1,1946,1945,1947,-1,1946,1947,1948,-1,1948,1947,1949,-1,1948,1949,1950,-1,1259,1261,746,-1,746,1261,1951,-1,746,1951,744,-1,744,1951,1952,-1,744,1952,1953,-1,1953,1952,1954,-1,1953,1954,1955,-1,1955,1954,1956,-1,1955,1956,1957,-1,1957,1956,1958,-1,1957,1958,1959,-1,745,744,1960,-1,1960,744,1953,-1,1960,1953,1961,-1,1961,1953,1955,-1,1961,1955,1962,-1,1962,1955,1957,-1,1962,1957,1963,-1,1963,1957,1959,-1,1963,1959,1964,-1,1264,1266,1271,-1,1271,1266,1965,-1,1271,1965,1966,-1,1966,1965,1967,-1,1966,1967,1968,-1,1968,1967,1969,-1,1968,1969,1970,-1,1970,1969,1971,-1,1970,1971,1972,-1,1972,1971,1973,-1,1972,1973,1974,-1,1974,1973,1975,-1,1974,1975,1976,-1,1269,1271,1275,-1,1275,1271,1966,-1,1275,1966,1977,-1,1977,1966,1968,-1,1977,1968,1978,-1,1978,1968,1970,-1,1978,1970,1979,-1,1979,1970,1972,-1,1979,1972,1980,-1,1980,1972,1974,-1,1980,1974,1981,-1,1981,1974,1976,-1,1981,1976,1982,-1,748,747,1983,-1,1983,747,1984,-1,1983,1984,1985,-1,1985,1984,1986,-1,1985,1986,1987,-1,1987,1986,1988,-1,1987,1988,1989,-1,1989,1988,1990,-1,1989,1990,1991,-1,1991,1990,1992,-1,1991,1992,1993,-1,1282,1284,1289,-1,1289,1284,1994,-1,1289,1994,1995,-1,1995,1994,1996,-1,1995,1996,1997,-1,1997,1996,1998,-1,1997,1998,1999,-1,1999,1998,2000,-1,1999,2000,2001,-1,2001,2000,2002,-1,2001,2002,2003,-1,2003,2002,2004,-1,2003,2004,2005,-1,2005,2004,2006,-1,2005,2006,2007,-1,1296,2008,2009,-1,2009,2008,2010,-1,2009,2010,2011,-1,2011,2010,2012,-1,2011,2012,2013,-1,2013,2012,2014,-1,2013,2014,2015,-1,2015,2014,2016,-1,2015,2016,2017,-1,2017,2016,2018,-1,2017,2018,2019,-1,2019,2018,2020,-1,2019,2020,2021,-1,2021,2020,2022,-1,2021,2022,2023,-1,1307,2024,1305,-1,1305,2024,2025,-1,1305,2025,2026,-1,2026,2025,2027,-1,2026,2027,2028,-1,2028,2027,2029,-1,2028,2029,2030,-1,2030,2029,2031,-1,2030,2031,2032,-1,2032,2031,2033,-1,2032,2033,2034,-1,2034,2033,2035,-1,2034,2035,2036,-1,2036,2035,2037,-1,2036,2037,2038,-1,2038,2037,2039,-1,2038,2039,2040,-1,2040,2039,2041,-1,2040,2041,2042,-1,751,750,2043,-1,2043,750,2044,-1,2043,2044,2045,-1,2045,2044,2046,-1,2045,2046,2047,-1,2047,2046,2048,-1,2047,2048,2049,-1,2049,2048,2050,-1,2049,2050,2051,-1,2051,2050,2052,-1,2051,2052,2053,-1,2053,2052,2054,-1,2053,2054,2055,-1,2055,2054,2056,-1,2055,2056,2057,-1,2057,2056,2058,-1,2057,2058,2059,-1,1045,1323,1046,-1,1046,1323,1322,-1,1046,1322,2060,-1,2060,1322,2061,-1,2060,2061,2062,-1,2062,2061,2063,-1,2062,2063,2064,-1,2064,2063,2065,-1,2064,2065,2066,-1,2066,2065,2067,-1,2066,2067,2068,-1,2068,2067,2069,-1,2068,2069,2070,-1,2070,2069,2071,-1,2070,2071,2072,-1,2072,2071,2073,-1,2072,2073,2074,-1,2074,2073,2075,-1,2074,2075,2076,-1,2076,2075,2077,-1,2076,2077,2078,-1,2078,2077,2079,-1,2078,2079,2080,-1,1341,2081,1330,-1,1330,2081,2082,-1,1330,2082,2083,-1,2083,2082,2084,-1,2083,2084,2085,-1,2085,2084,2086,-1,2085,2086,2087,-1,2087,2086,2088,-1,2087,2088,2089,-1,2089,2088,2090,-1,2089,2090,2091,-1,2091,2090,2092,-1,2091,2092,2093,-1,2093,2092,2094,-1,2093,2094,2095,-1,2095,2094,2096,-1,2095,2096,2097,-1,2097,2096,2098,-1,2097,2098,2099,-1,2099,2098,2100,-1,2099,2100,2101,-1,2101,2100,2102,-1,2101,2102,2103,-1,2103,2102,2104,-1,2103,2104,2105,-1,1038,1040,1343,-1,1343,1040,2106,-1,1343,2106,2107,-1,2107,2106,2108,-1,2107,2108,2109,-1,2109,2108,2110,-1,2109,2110,2111,-1,2111,2110,2112,-1,2111,2112,2113,-1,2113,2112,2114,-1,2113,2114,2115,-1,2115,2114,2116,-1,2115,2116,2117,-1,2117,2116,2118,-1,2117,2118,2119,-1,2119,2118,2120,-1,2119,2120,2121,-1,2121,2120,2122,-1,2121,2122,2123,-1,2123,2122,2124,-1,2123,2124,2125,-1,2125,2124,2126,-1,2125,2126,2127,-1,2127,2126,2128,-1,2127,2128,2129,-1,1033,1037,1034,-1,1034,1037,2130,-1,1034,2130,2131,-1,2131,2130,2132,-1,2131,2132,2133,-1,2133,2132,2134,-1,2133,2134,2135,-1,2135,2134,2136,-1,2135,2136,2137,-1,2137,2136,2138,-1,2137,2138,2139,-1,2139,2138,2140,-1,2139,2140,2141,-1,2141,2140,2142,-1,2141,2142,2143,-1,2143,2142,2144,-1,2143,2144,2145,-1,2145,2144,2146,-1,2145,2146,2147,-1,2147,2146,2148,-1,2147,2148,2149,-1,2149,2148,2150,-1,2149,2150,2151,-1,2151,2150,2152,-1,2151,2152,2153,-1,1032,1034,1345,-1,1345,1034,2131,-1,1345,2131,2154,-1,2154,2131,2133,-1,2154,2133,2155,-1,2155,2133,2135,-1,2155,2135,2156,-1,2156,2135,2137,-1,2156,2137,2157,-1,2157,2137,2139,-1,2157,2139,2158,-1,2158,2139,2141,-1,2158,2141,2159,-1,2159,2141,2143,-1,2159,2143,2160,-1,2160,2143,2145,-1,2160,2145,2161,-1,2161,2145,2147,-1,2161,2147,2162,-1,2162,2147,2149,-1,2162,2149,2163,-1,2163,2149,2151,-1,2163,2151,2164,-1,2164,2151,2153,-1,2164,2153,2165,-1,1030,1347,1031,-1,1031,1347,2166,-1,1031,2166,2167,-1,2167,2166,2168,-1,2167,2168,2169,-1,2169,2168,2170,-1,2169,2170,2171,-1,2171,2170,2172,-1,2171,2172,2173,-1,2173,2172,2174,-1,2173,2174,2175,-1,2175,2174,2176,-1,2175,2176,2177,-1,2177,2176,2178,-1,2177,2178,2179,-1,2179,2178,2180,-1,2179,2180,2181,-1,2181,2180,2182,-1,2181,2182,2183,-1,2183,2182,2184,-1,2183,2184,2185,-1,2185,2184,2186,-1,2185,2186,2187,-1,2187,2186,2188,-1,2187,2188,2189,-1,1350,1031,2190,-1,2190,1031,2167,-1,2190,2167,2191,-1,2191,2167,2169,-1,2191,2169,2192,-1,2192,2169,2171,-1,2192,2171,2193,-1,2193,2171,2173,-1,2193,2173,2194,-1,2194,2173,2175,-1,2194,2175,2195,-1,2195,2175,2177,-1,2195,2177,2196,-1,2196,2177,2179,-1,2196,2179,2197,-1,2197,2179,2181,-1,2197,2181,2198,-1,2198,2181,2183,-1,2198,2183,2199,-1,2199,2183,2185,-1,2199,2185,2200,-1,2200,2185,2187,-1,2200,2187,2201,-1,2201,2187,2189,-1,2201,2189,2202,-1,1027,1351,1028,-1,1028,1351,2203,-1,1028,2203,2204,-1,2204,2203,2205,-1,2204,2205,2206,-1,2206,2205,2207,-1,2206,2207,2208,-1,2208,2207,2209,-1,2208,2209,2210,-1,2210,2209,2211,-1,2210,2211,2212,-1,2212,2211,2213,-1,2212,2213,2214,-1,2214,2213,2215,-1,2214,2215,2216,-1,2216,2215,2217,-1,2216,2217,2218,-1,2218,2217,2219,-1,2218,2219,2220,-1,2220,2219,2221,-1,2220,2221,2222,-1,2222,2221,2223,-1,2222,2223,2224,-1,2224,2223,2225,-1,2224,2225,2226,-1,1355,1357,1359,-1,1359,1357,2227,-1,1359,2227,2228,-1,2228,2227,2229,-1,2228,2229,2230,-1,2230,2229,2231,-1,2230,2231,2232,-1,2232,2231,2233,-1,2232,2233,2234,-1,2234,2233,2235,-1,2234,2235,2236,-1,2236,2235,2237,-1,2236,2237,2238,-1,2238,2237,2239,-1,2238,2239,2240,-1,2240,2239,2241,-1,2240,2241,2242,-1,2242,2241,2243,-1,2242,2243,2244,-1,2244,2243,2245,-1,2244,2245,2246,-1,2246,2245,2247,-1,2246,2247,2248,-1,2248,2247,2249,-1,2248,2249,2250,-1,1020,1022,1361,-1,1361,1022,2251,-1,1361,2251,2252,-1,2252,2251,2253,-1,2252,2253,2254,-1,2254,2253,2255,-1,2254,2255,2256,-1,2256,2255,2257,-1,2256,2257,2258,-1,2258,2257,2259,-1,2258,2259,2260,-1,2260,2259,2261,-1,2260,2261,2262,-1,2262,2261,2263,-1,2262,2263,2264,-1,2264,2263,2265,-1,2264,2265,2266,-1,2266,2265,2267,-1,2266,2267,2268,-1,2268,2267,2269,-1,2268,2269,2270,-1,2270,2269,2271,-1,2270,2271,2272,-1,2272,2271,2273,-1,2272,2273,2274,-1,1015,1364,1016,-1,1016,1364,2275,-1,1016,2275,2276,-1,2276,2275,2277,-1,2276,2277,2278,-1,2278,2277,2279,-1,2278,2279,2280,-1,2280,2279,2281,-1,2280,2281,2282,-1,2282,2281,2283,-1,2282,2283,2284,-1,2284,2283,2285,-1,2284,2285,2286,-1,2286,2285,2287,-1,2286,2287,2288,-1,2288,2287,2289,-1,2288,2289,2290,-1,2290,2289,2291,-1,2290,2291,2292,-1,2292,2291,2293,-1,2292,2293,2294,-1,2294,2293,2295,-1,2294,2295,2296,-1,2296,2295,2297,-1,2296,2297,2298,-1,1011,1013,1370,-1,1370,1013,2299,-1,1370,2299,2300,-1,2300,2299,2301,-1,2300,2301,2302,-1,2302,2301,2303,-1,2302,2303,2304,-1,2304,2303,2305,-1,2304,2305,2306,-1,2306,2305,2307,-1,2306,2307,2308,-1,2308,2307,2309,-1,2308,2309,2310,-1,2310,2309,2311,-1,2310,2311,2312,-1,2312,2311,2313,-1,2312,2313,2314,-1,2314,2313,2315,-1,2314,2315,2316,-1,2316,2315,2317,-1,2316,2317,2318,-1,2318,2317,2319,-1,2318,2319,2320,-1,2320,2319,2321,-1,2320,2321,2322,-1,1006,1373,1007,-1,1007,1373,2323,-1,1007,2323,2324,-1,2324,2323,2325,-1,2324,2325,2326,-1,2326,2325,2327,-1,2326,2327,2328,-1,2328,2327,2329,-1,2328,2329,2330,-1,2330,2329,2331,-1,2330,2331,2332,-1,2332,2331,2333,-1,2332,2333,2334,-1,2334,2333,2335,-1,2334,2335,2336,-1,2336,2335,2337,-1,2336,2337,2338,-1,2338,2337,2339,-1,2338,2339,2340,-1,2340,2339,2341,-1,2340,2341,2342,-1,2342,2341,2343,-1,2342,2343,2344,-1,2344,2343,2345,-1,2344,2345,2346,-1,1002,1004,1379,-1,1379,1004,2347,-1,1379,2347,2348,-1,2348,2347,2349,-1,2348,2349,2350,-1,2350,2349,2351,-1,2350,2351,2352,-1,2352,2351,2353,-1,2352,2353,2354,-1,2354,2353,2355,-1,2354,2355,2356,-1,2356,2355,2357,-1,2356,2357,2358,-1,2358,2357,2359,-1,2358,2359,2360,-1,2360,2359,2361,-1,2360,2361,2362,-1,2362,2361,2363,-1,2362,2363,2364,-1,2364,2363,2365,-1,2364,2365,2366,-1,2366,2365,2367,-1,2366,2367,2368,-1,2368,2367,2369,-1,2368,2369,2370,-1,996,998,1381,-1,1381,998,2371,-1,1381,2371,2372,-1,2372,2371,2373,-1,2372,2373,2374,-1,2374,2373,2375,-1,2374,2375,2376,-1,2376,2375,2377,-1,2376,2377,2378,-1,2378,2377,2379,-1,2378,2379,2380,-1,2380,2379,2381,-1,2380,2381,2382,-1,2382,2381,2383,-1,2382,2383,2384,-1,2384,2383,2385,-1,2384,2385,2386,-1,2386,2385,2387,-1,2386,2387,2388,-1,2388,2387,2389,-1,2388,2389,2390,-1,2390,2389,2391,-1,2390,2391,2392,-1,2392,2391,2393,-1,2392,2393,2394,-1,991,995,992,-1,992,995,2395,-1,992,2395,2396,-1,2396,2395,2397,-1,2396,2397,2398,-1,2398,2397,2399,-1,2398,2399,2400,-1,2400,2399,2401,-1,2400,2401,2402,-1,2402,2401,2403,-1,2402,2403,2404,-1,2404,2403,2405,-1,2404,2405,2406,-1,2406,2405,2407,-1,2406,2407,2408,-1,2408,2407,2409,-1,2408,2409,2410,-1,2410,2409,2411,-1,2410,2411,2412,-1,2412,2411,2413,-1,2412,2413,2414,-1,2414,2413,2415,-1,2414,2415,2416,-1,2416,2415,2417,-1,2416,2417,2418,-1,990,992,1383,-1,1383,992,2396,-1,1383,2396,2419,-1,2419,2396,2398,-1,2419,2398,2420,-1,2420,2398,2400,-1,2420,2400,2421,-1,2421,2400,2402,-1,2421,2402,2422,-1,2422,2402,2404,-1,2422,2404,2423,-1,2423,2404,2406,-1,2423,2406,2424,-1,2424,2406,2408,-1,2424,2408,2425,-1,2425,2408,2410,-1,2425,2410,2426,-1,2426,2410,2412,-1,2426,2412,2427,-1,2427,2412,2414,-1,2427,2414,2428,-1,2428,2414,2416,-1,2428,2416,2429,-1,2429,2416,2418,-1,2429,2418,2430,-1,988,1385,989,-1,989,1385,2431,-1,989,2431,2432,-1,2432,2431,2433,-1,2432,2433,2434,-1,2434,2433,2435,-1,2434,2435,2436,-1,2436,2435,2437,-1,2436,2437,2438,-1,2438,2437,2439,-1,2438,2439,2440,-1,2440,2439,2441,-1,2440,2441,2442,-1,2442,2441,2443,-1,2442,2443,2444,-1,2444,2443,2445,-1,2444,2445,2446,-1,2446,2445,2447,-1,2446,2447,2448,-1,2448,2447,2449,-1,2448,2449,2450,-1,2450,2449,2451,-1,2450,2451,2452,-1,2452,2451,2453,-1,2452,2453,2454,-1,1388,989,2455,-1,2455,989,2432,-1,2455,2432,2456,-1,2456,2432,2434,-1,2456,2434,2457,-1,2457,2434,2436,-1,2457,2436,2458,-1,2458,2436,2438,-1,2458,2438,2459,-1,2459,2438,2440,-1,2459,2440,2460,-1,2460,2440,2442,-1,2460,2442,2461,-1,2461,2442,2444,-1,2461,2444,2462,-1,2462,2444,2446,-1,2462,2446,2463,-1,2463,2446,2448,-1,2463,2448,2464,-1,2464,2448,2450,-1,2464,2450,2465,-1,2465,2450,2452,-1,2465,2452,2466,-1,2466,2452,2454,-1,2466,2454,2467,-1,985,1389,986,-1,986,1389,2468,-1,986,2468,2469,-1,2469,2468,2470,-1,2469,2470,2471,-1,2471,2470,2472,-1,2471,2472,2473,-1,2473,2472,2474,-1,2473,2474,2475,-1,2475,2474,2476,-1,2475,2476,2477,-1,2477,2476,2478,-1,2477,2478,2479,-1,2479,2478,2480,-1,2479,2480,2481,-1,2481,2480,2482,-1,2481,2482,2483,-1,2483,2482,2484,-1,2483,2484,2485,-1,2485,2484,2486,-1,2485,2486,2487,-1,2487,2486,2488,-1,2487,2488,2489,-1,2489,2488,2490,-1,2489,2490,2491,-1,982,1393,983,-1,983,1393,2492,-1,983,2492,2493,-1,2493,2492,2494,-1,2493,2494,2495,-1,2495,2494,2496,-1,2495,2496,2497,-1,2497,2496,2498,-1,2497,2498,2499,-1,2499,2498,2500,-1,2499,2500,2501,-1,2501,2500,2502,-1,2501,2502,2503,-1,2503,2502,2504,-1,2503,2504,2505,-1,2505,2504,2506,-1,2505,2506,2507,-1,2507,2506,2508,-1,2507,2508,2509,-1,2509,2508,2510,-1,2509,2510,2511,-1,2511,2510,2512,-1,2511,2512,2513,-1,2513,2512,2514,-1,2513,2514,2515,-1,978,980,1399,-1,1399,980,2516,-1,1399,2516,2517,-1,2517,2516,2518,-1,2517,2518,2519,-1,2519,2518,2520,-1,2519,2520,2521,-1,2521,2520,2522,-1,2521,2522,2523,-1,2523,2522,2524,-1,2523,2524,2525,-1,2525,2524,2526,-1,2525,2526,2527,-1,2527,2526,2528,-1,2527,2528,2529,-1,2529,2528,2530,-1,2529,2530,2531,-1,2531,2530,2532,-1,2531,2532,2533,-1,2533,2532,2534,-1,2533,2534,2535,-1,2535,2534,2536,-1,2535,2536,2537,-1,2537,2536,2538,-1,2537,2538,2539,-1,973,1402,974,-1,974,1402,2540,-1,974,2540,2541,-1,2541,2540,2542,-1,2541,2542,2543,-1,2543,2542,2544,-1,2543,2544,2545,-1,2545,2544,2546,-1,2545,2546,2547,-1,2547,2546,2548,-1,2547,2548,2549,-1,2549,2548,2550,-1,2549,2550,2551,-1,2551,2550,2552,-1,2551,2552,2553,-1,2553,2552,2554,-1,2553,2554,2555,-1,2555,2554,2556,-1,2555,2556,2557,-1,2557,2556,2558,-1,2557,2558,2559,-1,2559,2558,2560,-1,2559,2560,2561,-1,2561,2560,2562,-1,2561,2562,2563,-1,969,971,1408,-1,1408,971,2564,-1,1408,2564,2565,-1,2565,2564,2566,-1,2565,2566,2567,-1,2567,2566,2568,-1,2567,2568,2569,-1,2569,2568,2570,-1,2569,2570,2571,-1,2571,2570,2572,-1,2571,2572,2573,-1,2573,2572,2574,-1,2573,2574,2575,-1,2575,2574,2576,-1,2575,2576,2577,-1,2577,2576,2578,-1,2577,2578,2579,-1,2579,2578,2580,-1,2579,2580,2581,-1,2581,2580,2582,-1,2581,2582,2583,-1,2583,2582,2584,-1,2583,2584,2585,-1,2585,2584,2586,-1,2585,2586,2587,-1,963,965,1410,-1,1410,965,2588,-1,1410,2588,2589,-1,2589,2588,2590,-1,2589,2590,2591,-1,2591,2590,2592,-1,2591,2592,2593,-1,2593,2592,2594,-1,2593,2594,2595,-1,2595,2594,2596,-1,2595,2596,2597,-1,2597,2596,2598,-1,2597,2598,2599,-1,2599,2598,2600,-1,2599,2600,2601,-1,2601,2600,2602,-1,2601,2602,2603,-1,2603,2602,2604,-1,2603,2604,2605,-1,2605,2604,2606,-1,2605,2606,2607,-1,2607,2606,2608,-1,2607,2608,2609,-1,2609,2608,2610,-1,2609,2610,2611,-1,960,962,1414,-1,1414,962,2612,-1,1414,2612,2613,-1,2613,2612,2614,-1,2613,2614,2615,-1,2615,2614,2616,-1,2615,2616,2617,-1,2617,2616,2618,-1,2617,2618,2619,-1,2619,2618,2620,-1,2619,2620,2621,-1,2621,2620,2622,-1,2621,2622,2623,-1,2623,2622,2624,-1,2623,2624,2625,-1,2625,2624,2626,-1,2625,2626,2627,-1,2627,2626,2628,-1,2627,2628,2629,-1,2629,2628,2630,-1,2629,2630,2631,-1,2631,2630,2632,-1,2631,2632,2633,-1,2633,2632,2634,-1,2633,2634,2635,-1,1412,1414,2636,-1,2636,1414,2613,-1,2636,2613,2637,-1,2637,2613,2615,-1,2637,2615,2638,-1,2638,2615,2617,-1,2638,2617,2639,-1,2639,2617,2619,-1,2639,2619,2640,-1,2640,2619,2621,-1,2640,2621,2641,-1,2641,2621,2623,-1,2641,2623,2642,-1,2642,2623,2625,-1,2642,2625,2643,-1,2643,2625,2627,-1,2643,2627,2644,-1,2644,2627,2629,-1,2644,2629,2645,-1,2645,2629,2631,-1,2645,2631,2646,-1,2646,2631,2633,-1,2646,2633,2647,-1,2647,2633,2635,-1,2647,2635,2648,-1,958,1416,959,-1,959,1416,2649,-1,959,2649,2650,-1,2650,2649,2651,-1,2650,2651,2652,-1,2652,2651,2653,-1,2652,2653,2654,-1,2654,2653,2655,-1,2654,2655,2656,-1,2656,2655,2657,-1,2656,2657,2658,-1,2658,2657,2659,-1,2658,2659,2660,-1,2660,2659,2661,-1,2660,2661,2662,-1,2662,2661,2663,-1,2662,2663,2664,-1,2664,2663,2665,-1,2664,2665,2666,-1,2666,2665,2667,-1,2666,2667,2668,-1,2668,2667,2669,-1,2668,2669,2670,-1,2670,2669,2671,-1,2670,2671,2672,-1,1419,959,2673,-1,2673,959,2650,-1,2673,2650,2674,-1,2674,2650,2652,-1,2674,2652,2675,-1,2675,2652,2654,-1,2675,2654,2676,-1,2676,2654,2656,-1,2676,2656,2677,-1,2677,2656,2658,-1,2677,2658,2678,-1,2678,2658,2660,-1,2678,2660,2679,-1,2679,2660,2662,-1,2679,2662,2680,-1,2680,2662,2664,-1,2680,2664,2681,-1,2681,2664,2666,-1,2681,2666,2682,-1,2682,2666,2668,-1,2682,2668,2683,-1,2683,2668,2670,-1,2683,2670,2684,-1,2684,2670,2672,-1,2684,2672,2685,-1,955,1420,956,-1,956,1420,2686,-1,956,2686,2687,-1,2687,2686,2688,-1,2687,2688,2689,-1,2689,2688,2690,-1,2689,2690,2691,-1,2691,2690,2692,-1,2691,2692,2693,-1,2693,2692,2694,-1,2693,2694,2695,-1,2695,2694,2696,-1,2695,2696,2697,-1,2697,2696,2698,-1,2697,2698,2699,-1,2699,2698,2700,-1,2699,2700,2701,-1,2701,2700,2702,-1,2701,2702,2703,-1,2703,2702,2704,-1,2703,2704,2705,-1,2705,2704,2706,-1,2705,2706,2707,-1,2707,2706,2708,-1,2707,2708,2709,-1,1424,1426,1428,-1,1428,1426,2710,-1,1428,2710,2711,-1,2711,2710,2712,-1,2711,2712,2713,-1,2713,2712,2714,-1,2713,2714,2715,-1,2715,2714,2716,-1,2715,2716,2717,-1,2717,2716,2718,-1,2717,2718,2719,-1,2719,2718,2720,-1,2719,2720,2721,-1,2721,2720,2722,-1,2721,2722,2723,-1,2723,2722,2724,-1,2723,2724,2725,-1,2725,2724,2726,-1,2725,2726,2727,-1,2727,2726,2728,-1,2727,2728,2729,-1,2729,2728,2730,-1,2729,2730,2731,-1,2731,2730,2732,-1,2731,2732,2733,-1,948,950,1430,-1,1430,950,2734,-1,1430,2734,2735,-1,2735,2734,2736,-1,2735,2736,2737,-1,2737,2736,2738,-1,2737,2738,2739,-1,2739,2738,2740,-1,2739,2740,2741,-1,2741,2740,2742,-1,2741,2742,2743,-1,2743,2742,2744,-1,2743,2744,2745,-1,2745,2744,2746,-1,2745,2746,2747,-1,2747,2746,2748,-1,2747,2748,2749,-1,2749,2748,2750,-1,2749,2750,2751,-1,2751,2750,2752,-1,2751,2752,2753,-1,2753,2752,2754,-1,2753,2754,2755,-1,2755,2754,2756,-1,2755,2756,2757,-1,943,1433,944,-1,944,1433,2758,-1,944,2758,2759,-1,2759,2758,2760,-1,2759,2760,2761,-1,2761,2760,2762,-1,2761,2762,2763,-1,2763,2762,2764,-1,2763,2764,2765,-1,2765,2764,2766,-1,2765,2766,2767,-1,2767,2766,2768,-1,2767,2768,2769,-1,2769,2768,2770,-1,2769,2770,2771,-1,2771,2770,2772,-1,2771,2772,2773,-1,2773,2772,2774,-1,2773,2774,2775,-1,2775,2774,2776,-1,2775,2776,2777,-1,2777,2776,2778,-1,2777,2778,2779,-1,2779,2778,2780,-1,2779,2780,2781,-1,939,941,1439,-1,1439,941,2782,-1,1439,2782,2783,-1,2783,2782,2784,-1,2783,2784,2785,-1,2785,2784,2786,-1,2785,2786,2787,-1,2787,2786,2788,-1,2787,2788,2789,-1,2789,2788,2790,-1,2789,2790,2791,-1,2791,2790,2792,-1,2791,2792,2793,-1,2793,2792,2794,-1,2793,2794,2795,-1,2795,2794,2796,-1,2795,2796,2797,-1,2797,2796,2798,-1,2797,2798,2799,-1,2799,2798,2800,-1,2799,2800,2801,-1,2801,2800,2802,-1,2801,2802,2803,-1,2803,2802,2804,-1,2803,2804,2805,-1,934,1442,935,-1,935,1442,2806,-1,935,2806,2807,-1,2807,2806,2808,-1,2807,2808,2809,-1,2809,2808,2810,-1,2809,2810,2811,-1,2811,2810,2812,-1,2811,2812,2813,-1,2813,2812,2814,-1,2813,2814,2815,-1,2815,2814,2816,-1,2815,2816,2817,-1,2817,2816,2818,-1,2817,2818,2819,-1,2819,2818,2820,-1,2819,2820,2821,-1,2821,2820,2822,-1,2821,2822,2823,-1,2823,2822,2824,-1,2823,2824,2825,-1,2825,2824,2826,-1,2825,2826,2827,-1,2827,2826,2828,-1,2827,2828,2829,-1,930,932,1448,-1,1448,932,2830,-1,1448,2830,2831,-1,2831,2830,2832,-1,2831,2832,2833,-1,2833,2832,2834,-1,2833,2834,2835,-1,2835,2834,2836,-1,2835,2836,2837,-1,2837,2836,2838,-1,2837,2838,2839,-1,2839,2838,2840,-1,2839,2840,2841,-1,2841,2840,2842,-1,2841,2842,2843,-1,2843,2842,2844,-1,2843,2844,2845,-1,2845,2844,2846,-1,2845,2846,2847,-1,2847,2846,2848,-1,2847,2848,2849,-1,2849,2848,2850,-1,2849,2850,2851,-1,2851,2850,2852,-1,2851,2852,2853,-1,924,926,1450,-1,1450,926,2854,-1,1450,2854,2855,-1,2855,2854,2856,-1,2855,2856,2857,-1,2857,2856,2858,-1,2857,2858,2859,-1,2859,2858,2860,-1,2859,2860,2861,-1,2861,2860,2862,-1,2861,2862,2863,-1,2863,2862,2864,-1,2863,2864,2865,-1,2865,2864,2866,-1,2865,2866,2867,-1,2867,2866,2868,-1,2867,2868,2869,-1,2869,2868,2870,-1,2869,2870,2871,-1,2871,2870,2872,-1,2871,2872,2873,-1,2873,2872,2874,-1,2873,2874,2875,-1,2875,2874,2876,-1,2875,2876,2877,-1,921,923,1454,-1,1454,923,2878,-1,1454,2878,2879,-1,2879,2878,2880,-1,2879,2880,2881,-1,2881,2880,2882,-1,2881,2882,2883,-1,2883,2882,2884,-1,2883,2884,2885,-1,2885,2884,2886,-1,2885,2886,2887,-1,2887,2886,2888,-1,2887,2888,2889,-1,2889,2888,2890,-1,2889,2890,2891,-1,2891,2890,2892,-1,2891,2892,2893,-1,2893,2892,2894,-1,2893,2894,2895,-1,2895,2894,2896,-1,2895,2896,2897,-1,2897,2896,2898,-1,2897,2898,2899,-1,2899,2898,2900,-1,2899,2900,2901,-1,1452,1454,1455,-1,1455,1454,2879,-1,1455,2879,2902,-1,2902,2879,2881,-1,2902,2881,2903,-1,2903,2881,2883,-1,2903,2883,2904,-1,2904,2883,2885,-1,2904,2885,2905,-1,2905,2885,2887,-1,2905,2887,2906,-1,2906,2887,2889,-1,2906,2889,2907,-1,2907,2889,2891,-1,2907,2891,2908,-1,2908,2891,2893,-1,2908,2893,2909,-1,2909,2893,2895,-1,2909,2895,2910,-1,2910,2895,2897,-1,2910,2897,2911,-1,2911,2897,2899,-1,2911,2899,2912,-1,2912,2899,2901,-1,2912,2901,2913,-1,919,1457,920,-1,920,1457,2914,-1,920,2914,2915,-1,2915,2914,2916,-1,2915,2916,2917,-1,2917,2916,2918,-1,2917,2918,2919,-1,2919,2918,2920,-1,2919,2920,2921,-1,2921,2920,2922,-1,2921,2922,2923,-1,2923,2922,2924,-1,2923,2924,2925,-1,2925,2924,2926,-1,2925,2926,2927,-1,2927,2926,2928,-1,2927,2928,2929,-1,2929,2928,2930,-1,2929,2930,2931,-1,2931,2930,2932,-1,2931,2932,2933,-1,2933,2932,2934,-1,2933,2934,2935,-1,2935,2934,2936,-1,2935,2936,2937,-1,1460,920,2938,-1,2938,920,2915,-1,2938,2915,2939,-1,2939,2915,2917,-1,2939,2917,2940,-1,2940,2917,2919,-1,2940,2919,2941,-1,2941,2919,2921,-1,2941,2921,2942,-1,2942,2921,2923,-1,2942,2923,2943,-1,2943,2923,2925,-1,2943,2925,2944,-1,2944,2925,2927,-1,2944,2927,2945,-1,2945,2927,2929,-1,2945,2929,2946,-1,2946,2929,2931,-1,2946,2931,2947,-1,2947,2931,2933,-1,2947,2933,2948,-1,2948,2933,2935,-1,2948,2935,2949,-1,2949,2935,2937,-1,2949,2937,2950,-1,916,1461,917,-1,917,1461,2951,-1,917,2951,2952,-1,2952,2951,2953,-1,2952,2953,2954,-1,2954,2953,2955,-1,2954,2955,2956,-1,2956,2955,2957,-1,2956,2957,2958,-1,2958,2957,2959,-1,2958,2959,2960,-1,2960,2959,2961,-1,2960,2961,2962,-1,2962,2961,2963,-1,2962,2963,2964,-1,2964,2963,2965,-1,2964,2965,2966,-1,2966,2965,2967,-1,2966,2967,2968,-1,2968,2967,2969,-1,2968,2969,2970,-1,2970,2969,2971,-1,2970,2971,2972,-1,2972,2971,2973,-1,2972,2973,2974,-1,1465,1467,1469,-1,1469,1467,2975,-1,1469,2975,2976,-1,2976,2975,2977,-1,2976,2977,2978,-1,2978,2977,2979,-1,2978,2979,2980,-1,2980,2979,2981,-1,2980,2981,2982,-1,2982,2981,2983,-1,2982,2983,2984,-1,2984,2983,2985,-1,2984,2985,2986,-1,2986,2985,2987,-1,2986,2987,2988,-1,2988,2987,2989,-1,2988,2989,2990,-1,2990,2989,2991,-1,2990,2991,2992,-1,2992,2991,2993,-1,2992,2993,2994,-1,2994,2993,2995,-1,2994,2995,2996,-1,2996,2995,2997,-1,2996,2997,2998,-1,909,911,1471,-1,1471,911,2999,-1,1471,2999,3000,-1,3000,2999,3001,-1,3000,3001,3002,-1,3002,3001,3003,-1,3002,3003,3004,-1,3004,3003,3005,-1,3004,3005,3006,-1,3006,3005,3007,-1,3006,3007,3008,-1,3008,3007,3009,-1,3008,3009,3010,-1,3010,3009,3011,-1,3010,3011,3012,-1,3012,3011,3013,-1,3012,3013,3014,-1,3014,3013,3015,-1,3014,3015,3016,-1,3016,3015,3017,-1,3016,3017,3018,-1,3018,3017,3019,-1,3018,3019,3020,-1,3020,3019,3021,-1,3020,3021,3022,-1,904,1474,905,-1,905,1474,3023,-1,905,3023,3024,-1,3024,3023,3025,-1,3024,3025,3026,-1,3026,3025,3027,-1,3026,3027,3028,-1,3028,3027,3029,-1,3028,3029,3030,-1,3030,3029,3031,-1,3030,3031,3032,-1,3032,3031,3033,-1,3032,3033,3034,-1,3034,3033,3035,-1,3034,3035,3036,-1,3036,3035,3037,-1,3036,3037,3038,-1,3038,3037,3039,-1,3038,3039,3040,-1,3040,3039,3041,-1,3040,3041,3042,-1,3042,3041,3043,-1,3042,3043,3044,-1,3044,3043,3045,-1,3044,3045,3046,-1,900,902,1480,-1,1480,902,3047,-1,1480,3047,3048,-1,3048,3047,3049,-1,3048,3049,3050,-1,3050,3049,3051,-1,3050,3051,3052,-1,3052,3051,3053,-1,3052,3053,3054,-1,3054,3053,3055,-1,3054,3055,3056,-1,3056,3055,3057,-1,3056,3057,3058,-1,3058,3057,3059,-1,3058,3059,3060,-1,3060,3059,3061,-1,3060,3061,3062,-1,3062,3061,3063,-1,3062,3063,3064,-1,3064,3063,3065,-1,3064,3065,3066,-1,3066,3065,3067,-1,3066,3067,3068,-1,3068,3067,3069,-1,3068,3069,3070,-1,894,896,1482,-1,1482,896,3071,-1,1482,3071,3072,-1,3072,3071,3073,-1,3072,3073,3074,-1,3074,3073,3075,-1,3074,3075,3076,-1,3076,3075,3077,-1,3076,3077,3078,-1,3078,3077,3079,-1,3078,3079,3080,-1,3080,3079,3081,-1,3080,3081,3082,-1,3082,3081,3083,-1,3082,3083,3084,-1,3084,3083,3085,-1,3084,3085,3086,-1,3086,3085,3087,-1,3086,3087,3088,-1,3088,3087,3089,-1,3088,3089,3090,-1,3090,3089,3091,-1,3090,3091,3092,-1,3092,3091,3093,-1,3092,3093,3094,-1,891,893,1486,-1,1486,893,3095,-1,1486,3095,3096,-1,3096,3095,3097,-1,3096,3097,3098,-1,3098,3097,3099,-1,3098,3099,3100,-1,3100,3099,3101,-1,3100,3101,3102,-1,3102,3101,3103,-1,3102,3103,3104,-1,3104,3103,3105,-1,3104,3105,3106,-1,3106,3105,3107,-1,3106,3107,3108,-1,3108,3107,3109,-1,3108,3109,3110,-1,3110,3109,3111,-1,3110,3111,3112,-1,3112,3111,3113,-1,3112,3113,3114,-1,3114,3113,3115,-1,3114,3115,3116,-1,3116,3115,3117,-1,3116,3117,3118,-1,1484,1486,3119,-1,3119,1486,3096,-1,3119,3096,3120,-1,3120,3096,3098,-1,3120,3098,3121,-1,3121,3098,3100,-1,3121,3100,3122,-1,3122,3100,3102,-1,3122,3102,3123,-1,3123,3102,3104,-1,3123,3104,3124,-1,3124,3104,3106,-1,3124,3106,3125,-1,3125,3106,3108,-1,3125,3108,3126,-1,3126,3108,3110,-1,3126,3110,3127,-1,3127,3110,3112,-1,3127,3112,3128,-1,3128,3112,3114,-1,3128,3114,3129,-1,3129,3114,3116,-1,3129,3116,3130,-1,3130,3116,3118,-1,3130,3118,3131,-1,889,1488,890,-1,890,1488,3132,-1,890,3132,3133,-1,3133,3132,3134,-1,3133,3134,3135,-1,3135,3134,3136,-1,3135,3136,3137,-1,3137,3136,3138,-1,3137,3138,3139,-1,3139,3138,3140,-1,3139,3140,3141,-1,3141,3140,3142,-1,3141,3142,3143,-1,3143,3142,3144,-1,3143,3144,3145,-1,3145,3144,3146,-1,3145,3146,3147,-1,3147,3146,3148,-1,3147,3148,3149,-1,3149,3148,3150,-1,3149,3150,3151,-1,3151,3150,3152,-1,3151,3152,3153,-1,3153,3152,3154,-1,3153,3154,3155,-1,1491,890,3156,-1,3156,890,3133,-1,3156,3133,3157,-1,3157,3133,3135,-1,3157,3135,3158,-1,3158,3135,3137,-1,3158,3137,3159,-1,3159,3137,3139,-1,3159,3139,3160,-1,3160,3139,3141,-1,3160,3141,3161,-1,3161,3141,3143,-1,3161,3143,3162,-1,3162,3143,3145,-1,3162,3145,3163,-1,3163,3145,3147,-1,3163,3147,3164,-1,3164,3147,3149,-1,3164,3149,3165,-1,3165,3149,3151,-1,3165,3151,3166,-1,3166,3151,3153,-1,3166,3153,3167,-1,3167,3153,3155,-1,3167,3155,3168,-1,886,1492,887,-1,887,1492,3169,-1,887,3169,3170,-1,3170,3169,3171,-1,3170,3171,3172,-1,3172,3171,3173,-1,3172,3173,3174,-1,3174,3173,3175,-1,3174,3175,3176,-1,3176,3175,3177,-1,3176,3177,3178,-1,3178,3177,3179,-1,3178,3179,3180,-1,3180,3179,3181,-1,3180,3181,3182,-1,3182,3181,3183,-1,3182,3183,3184,-1,3184,3183,3185,-1,3184,3185,3186,-1,3186,3185,3187,-1,3186,3187,3188,-1,3188,3187,3189,-1,3188,3189,3190,-1,3190,3189,3191,-1,3190,3191,3192,-1,1497,1499,1501,-1,1501,1499,3193,-1,1501,3193,3194,-1,3194,3193,3195,-1,3194,3195,3196,-1,3196,3195,3197,-1,3196,3197,3198,-1,3198,3197,3199,-1,3198,3199,3200,-1,3200,3199,3201,-1,3200,3201,3202,-1,3202,3201,3203,-1,3202,3203,3204,-1,3204,3203,3205,-1,3204,3205,3206,-1,3206,3205,3207,-1,3206,3207,3208,-1,3208,3207,3209,-1,3208,3209,3210,-1,3210,3209,3211,-1,3210,3211,3212,-1,3212,3211,3213,-1,3212,3213,3214,-1,3214,3213,3215,-1,3214,3215,3216,-1,879,881,1503,-1,1503,881,3217,-1,1503,3217,3218,-1,3218,3217,3219,-1,3218,3219,3220,-1,3220,3219,3221,-1,3220,3221,3222,-1,3222,3221,3223,-1,3222,3223,3224,-1,3224,3223,3225,-1,3224,3225,3226,-1,3226,3225,3227,-1,3226,3227,3228,-1,3228,3227,3229,-1,3228,3229,3230,-1,3230,3229,3231,-1,3230,3231,3232,-1,3232,3231,3233,-1,3232,3233,3234,-1,3234,3233,3235,-1,3234,3235,3236,-1,3236,3235,3237,-1,3236,3237,3238,-1,3238,3237,3239,-1,3238,3239,3240,-1,1506,1508,1510,-1,1510,1508,3241,-1,1510,3241,3242,-1,3242,3241,3243,-1,3242,3243,3244,-1,3244,3243,3245,-1,3244,3245,3246,-1,3246,3245,3247,-1,3246,3247,3248,-1,3248,3247,3249,-1,3248,3249,3250,-1,3250,3249,3251,-1,3250,3251,3252,-1,3252,3251,3253,-1,3252,3253,3254,-1,3254,3253,3255,-1,3254,3255,3256,-1,3256,3255,3257,-1,3256,3257,3258,-1,3258,3257,3259,-1,3258,3259,3260,-1,3260,3259,3261,-1,3260,3261,3262,-1,3262,3261,3263,-1,3262,3263,3264,-1,870,872,1512,-1,1512,872,3265,-1,1512,3265,3266,-1,3266,3265,3267,-1,3266,3267,3268,-1,3268,3267,3269,-1,3268,3269,3270,-1,3270,3269,3271,-1,3270,3271,3272,-1,3272,3271,3273,-1,3272,3273,3274,-1,3274,3273,3275,-1,3274,3275,3276,-1,3276,3275,3277,-1,3276,3277,3278,-1,3278,3277,3279,-1,3278,3279,3280,-1,3280,3279,3281,-1,3280,3281,3282,-1,3282,3281,3283,-1,3282,3283,3284,-1,3284,3283,3285,-1,3284,3285,3286,-1,3286,3285,3287,-1,3286,3287,3288,-1,865,1515,866,-1,866,1515,3289,-1,866,3289,3290,-1,3290,3289,3291,-1,3290,3291,3292,-1,3292,3291,3293,-1,3292,3293,3294,-1,3294,3293,3295,-1,3294,3295,3296,-1,3296,3295,3297,-1,3296,3297,3298,-1,3298,3297,3299,-1,3298,3299,3300,-1,3300,3299,3301,-1,3300,3301,3302,-1,3302,3301,3303,-1,3302,3303,3304,-1,3304,3303,3305,-1,3304,3305,3306,-1,3306,3305,3307,-1,3306,3307,3308,-1,3308,3307,3309,-1,3308,3309,3310,-1,3310,3309,3311,-1,3310,3311,3312,-1,861,863,1521,-1,1521,863,3313,-1,1521,3313,3314,-1,3314,3313,3315,-1,3314,3315,3316,-1,3316,3315,3317,-1,3316,3317,3318,-1,3318,3317,3319,-1,3318,3319,3320,-1,3320,3319,3321,-1,3320,3321,3322,-1,3322,3321,3323,-1,3322,3323,3324,-1,3324,3323,3325,-1,3324,3325,3326,-1,3326,3325,3327,-1,3326,3327,3328,-1,3328,3327,3329,-1,3328,3329,3330,-1,3330,3329,3331,-1,3330,3331,3332,-1,3332,3331,3333,-1,3332,3333,3334,-1,3334,3333,3335,-1,3334,3335,3336,-1,855,857,1523,-1,1523,857,3337,-1,1523,3337,3338,-1,3338,3337,3339,-1,3338,3339,3340,-1,3340,3339,3341,-1,3340,3341,3342,-1,3342,3341,3343,-1,3342,3343,3344,-1,3344,3343,3345,-1,3344,3345,3346,-1,3346,3345,3347,-1,3346,3347,3348,-1,3348,3347,3349,-1,3348,3349,3350,-1,3350,3349,3351,-1,3350,3351,3352,-1,3352,3351,3353,-1,3352,3353,3354,-1,3354,3353,3355,-1,3354,3355,3356,-1,3356,3355,3357,-1,3356,3357,3358,-1,3358,3357,3359,-1,3358,3359,3360,-1,852,854,1527,-1,1527,854,3361,-1,1527,3361,3362,-1,3362,3361,3363,-1,3362,3363,3364,-1,3364,3363,3365,-1,3364,3365,3366,-1,3366,3365,3367,-1,3366,3367,3368,-1,3368,3367,3369,-1,3368,3369,3370,-1,3370,3369,3371,-1,3370,3371,3372,-1,3372,3371,3373,-1,3372,3373,3374,-1,3374,3373,3375,-1,3374,3375,3376,-1,3376,3375,3377,-1,3376,3377,3378,-1,3378,3377,3379,-1,3378,3379,3380,-1,3380,3379,3381,-1,3380,3381,3382,-1,3382,3381,3383,-1,3382,3383,3384,-1,1525,1527,3385,-1,3385,1527,3362,-1,3385,3362,3386,-1,3386,3362,3364,-1,3386,3364,3387,-1,3387,3364,3366,-1,3387,3366,3388,-1,3388,3366,3368,-1,3388,3368,3389,-1,3389,3368,3370,-1,3389,3370,3390,-1,3390,3370,3372,-1,3390,3372,3391,-1,3391,3372,3374,-1,3391,3374,3392,-1,3392,3374,3376,-1,3392,3376,3393,-1,3393,3376,3378,-1,3393,3378,3394,-1,3394,3378,3380,-1,3394,3380,3395,-1,3395,3380,3382,-1,3395,3382,3396,-1,3396,3382,3384,-1,3396,3384,3397,-1,850,1529,851,-1,851,1529,3398,-1,851,3398,3399,-1,3399,3398,3400,-1,3399,3400,3401,-1,3401,3400,3402,-1,3401,3402,3403,-1,3403,3402,3404,-1,3403,3404,3405,-1,3405,3404,3406,-1,3405,3406,3407,-1,3407,3406,3408,-1,3407,3408,3409,-1,3409,3408,3410,-1,3409,3410,3411,-1,3411,3410,3412,-1,3411,3412,3413,-1,3413,3412,3414,-1,3413,3414,3415,-1,3415,3414,3416,-1,3415,3416,3417,-1,3417,3416,3418,-1,3417,3418,3419,-1,3419,3418,3420,-1,3419,3420,3421,-1,1532,851,3422,-1,3422,851,3399,-1,3422,3399,3423,-1,3423,3399,3401,-1,3423,3401,3424,-1,3424,3401,3403,-1,3424,3403,3425,-1,3425,3403,3405,-1,3425,3405,3426,-1,3426,3405,3407,-1,3426,3407,3427,-1,3427,3407,3409,-1,3427,3409,3428,-1,3428,3409,3411,-1,3428,3411,3429,-1,3429,3411,3413,-1,3429,3413,3430,-1,3430,3413,3415,-1,3430,3415,3431,-1,3431,3415,3417,-1,3431,3417,3432,-1,3432,3417,3419,-1,3432,3419,3433,-1,3433,3419,3421,-1,3433,3421,3434,-1,847,1533,848,-1,848,1533,3435,-1,848,3435,3436,-1,3436,3435,3437,-1,3436,3437,3438,-1,3438,3437,3439,-1,3438,3439,3440,-1,3440,3439,3441,-1,3440,3441,3442,-1,3442,3441,3443,-1,3442,3443,3444,-1,3444,3443,3445,-1,3444,3445,3446,-1,3446,3445,3447,-1,3446,3447,3448,-1,3448,3447,3449,-1,3448,3449,3450,-1,3450,3449,3451,-1,3450,3451,3452,-1,3452,3451,3453,-1,3452,3453,3454,-1,3454,3453,3455,-1,3454,3455,3456,-1,3456,3455,3457,-1,3456,3457,3458,-1,1537,1539,1541,-1,1541,1539,3459,-1,1541,3459,3460,-1,3460,3459,3461,-1,3460,3461,3462,-1,3462,3461,3463,-1,3462,3463,3464,-1,3464,3463,3465,-1,3464,3465,3466,-1,3466,3465,3467,-1,3466,3467,3468,-1,3468,3467,3469,-1,3468,3469,3470,-1,3470,3469,3471,-1,3470,3471,3472,-1,3472,3471,3473,-1,3472,3473,3474,-1,3474,3473,3475,-1,3474,3475,3476,-1,3476,3475,3477,-1,3476,3477,3478,-1,3478,3477,3479,-1,3478,3479,3480,-1,3480,3479,3481,-1,3480,3481,3482,-1,840,842,1543,-1,1543,842,3483,-1,1543,3483,3484,-1,3484,3483,3485,-1,3484,3485,3486,-1,3486,3485,3487,-1,3486,3487,3488,-1,3488,3487,3489,-1,3488,3489,3490,-1,3490,3489,3491,-1,3490,3491,3492,-1,3492,3491,3493,-1,3492,3493,3494,-1,3494,3493,3495,-1,3494,3495,3496,-1,3496,3495,3497,-1,3496,3497,3498,-1,3498,3497,3499,-1,3498,3499,3500,-1,3500,3499,3501,-1,3500,3501,3502,-1,3502,3501,3503,-1,3502,3503,3504,-1,3504,3503,3505,-1,3504,3505,3506,-1,1546,1548,1550,-1,1550,1548,3507,-1,1550,3507,3508,-1,3508,3507,3509,-1,3508,3509,3510,-1,3510,3509,3511,-1,3510,3511,3512,-1,3512,3511,3513,-1,3512,3513,3514,-1,3514,3513,3515,-1,3514,3515,3516,-1,3516,3515,3517,-1,3516,3517,3518,-1,3518,3517,3519,-1,3518,3519,3520,-1,3520,3519,3521,-1,3520,3521,3522,-1,3522,3521,3523,-1,3522,3523,3524,-1,3524,3523,3525,-1,3524,3525,3526,-1,3526,3525,3527,-1,3526,3527,3528,-1,3528,3527,3529,-1,3528,3529,3530,-1,831,833,1552,-1,1552,833,3531,-1,1552,3531,3532,-1,3532,3531,3533,-1,3532,3533,3534,-1,3534,3533,3535,-1,3534,3535,3536,-1,3536,3535,3537,-1,3536,3537,3538,-1,3538,3537,3539,-1,3538,3539,3540,-1,3540,3539,3541,-1,3540,3541,3542,-1,3542,3541,3543,-1,3542,3543,3544,-1,3544,3543,3545,-1,3544,3545,3546,-1,3546,3545,3547,-1,3546,3547,3548,-1,3548,3547,3549,-1,3548,3549,3550,-1,3550,3549,3551,-1,3550,3551,3552,-1,3552,3551,3553,-1,3552,3553,3554,-1,826,1555,827,-1,827,1555,3555,-1,827,3555,3556,-1,3556,3555,3557,-1,3556,3557,3558,-1,3558,3557,3559,-1,3558,3559,3560,-1,3560,3559,3561,-1,3560,3561,3562,-1,3562,3561,3563,-1,3562,3563,3564,-1,3564,3563,3565,-1,3564,3565,3566,-1,3566,3565,3567,-1,3566,3567,3568,-1,3568,3567,3569,-1,3568,3569,3570,-1,3570,3569,3571,-1,3570,3571,3572,-1,3572,3571,3573,-1,3572,3573,3574,-1,3574,3573,3575,-1,3574,3575,3576,-1,3576,3575,3577,-1,3576,3577,3578,-1,822,824,1561,-1,1561,824,3579,-1,1561,3579,3580,-1,3580,3579,3581,-1,3580,3581,3582,-1,3582,3581,3583,-1,3582,3583,3584,-1,3584,3583,3585,-1,3584,3585,3586,-1,3586,3585,3587,-1,3586,3587,3588,-1,3588,3587,3589,-1,3588,3589,3590,-1,3590,3589,3591,-1,3590,3591,3592,-1,3592,3591,3593,-1,3592,3593,3594,-1,3594,3593,3595,-1,3594,3595,3596,-1,3596,3595,3597,-1,3596,3597,3598,-1,3598,3597,3599,-1,3598,3599,3600,-1,3600,3599,3601,-1,3600,3601,3602,-1,816,818,1563,-1,1563,818,3603,-1,1563,3603,3604,-1,3604,3603,3605,-1,3604,3605,3606,-1,3606,3605,3607,-1,3606,3607,3608,-1,3608,3607,3609,-1,3608,3609,3610,-1,3610,3609,3611,-1,3610,3611,3612,-1,3612,3611,3613,-1,3612,3613,3614,-1,3614,3613,3615,-1,3614,3615,3616,-1,3616,3615,3617,-1,3616,3617,3618,-1,3618,3617,3619,-1,3618,3619,3620,-1,3620,3619,3621,-1,3620,3621,3622,-1,3622,3621,3623,-1,3622,3623,3624,-1,3624,3623,3625,-1,3624,3625,3626,-1,813,815,1567,-1,1567,815,3627,-1,1567,3627,3628,-1,3628,3627,3629,-1,3628,3629,3630,-1,3630,3629,3631,-1,3630,3631,3632,-1,3632,3631,3633,-1,3632,3633,3634,-1,3634,3633,3635,-1,3634,3635,3636,-1,3636,3635,3637,-1,3636,3637,3638,-1,3638,3637,3639,-1,3638,3639,3640,-1,3640,3639,3641,-1,3640,3641,3642,-1,3642,3641,3643,-1,3642,3643,3644,-1,3644,3643,3645,-1,3644,3645,3646,-1,3646,3645,3647,-1,3646,3647,3648,-1,3648,3647,3649,-1,3648,3649,3650,-1,1565,1567,1568,-1,1568,1567,3628,-1,1568,3628,3651,-1,3651,3628,3630,-1,3651,3630,3652,-1,3652,3630,3632,-1,3652,3632,3653,-1,3653,3632,3634,-1,3653,3634,3654,-1,3654,3634,3636,-1,3654,3636,3655,-1,3655,3636,3638,-1,3655,3638,3656,-1,3656,3638,3640,-1,3656,3640,3657,-1,3657,3640,3642,-1,3657,3642,3658,-1,3658,3642,3644,-1,3658,3644,3659,-1,3659,3644,3646,-1,3659,3646,3660,-1,3660,3646,3648,-1,3660,3648,3661,-1,3661,3648,3650,-1,3661,3650,3662,-1,811,1570,812,-1,812,1570,3663,-1,812,3663,3664,-1,3664,3663,3665,-1,3664,3665,3666,-1,3666,3665,3667,-1,3666,3667,3668,-1,3668,3667,3669,-1,3668,3669,3670,-1,3670,3669,3671,-1,3670,3671,3672,-1,3672,3671,3673,-1,3672,3673,3674,-1,3674,3673,3675,-1,3674,3675,3676,-1,3676,3675,3677,-1,3676,3677,3678,-1,3678,3677,3679,-1,3678,3679,3680,-1,3680,3679,3681,-1,3680,3681,3682,-1,3682,3681,3683,-1,3682,3683,3684,-1,3684,3683,3685,-1,3684,3685,3686,-1,1573,812,3687,-1,3687,812,3664,-1,3687,3664,3688,-1,3688,3664,3666,-1,3688,3666,3689,-1,3689,3666,3668,-1,3689,3668,3690,-1,3690,3668,3670,-1,3690,3670,3691,-1,3691,3670,3672,-1,3691,3672,3692,-1,3692,3672,3674,-1,3692,3674,3693,-1,3693,3674,3676,-1,3693,3676,3694,-1,3694,3676,3678,-1,3694,3678,3695,-1,3695,3678,3680,-1,3695,3680,3696,-1,3696,3680,3682,-1,3696,3682,3697,-1,3697,3682,3684,-1,3697,3684,3698,-1,3698,3684,3686,-1,3698,3686,3699,-1,808,1574,809,-1,809,1574,3700,-1,809,3700,3701,-1,3701,3700,3702,-1,3701,3702,3703,-1,3703,3702,3704,-1,3703,3704,3705,-1,3705,3704,3706,-1,3705,3706,3707,-1,3707,3706,3708,-1,3707,3708,3709,-1,3709,3708,3710,-1,3709,3710,3711,-1,3711,3710,3712,-1,3711,3712,3713,-1,3713,3712,3714,-1,3713,3714,3715,-1,3715,3714,3716,-1,3715,3716,3717,-1,3717,3716,3718,-1,3717,3718,3719,-1,3719,3718,3720,-1,3719,3720,3721,-1,3721,3720,3722,-1,3721,3722,3723,-1,1578,1580,1582,-1,1582,1580,3724,-1,1582,3724,3725,-1,3725,3724,3726,-1,3725,3726,3727,-1,3727,3726,3728,-1,3727,3728,3729,-1,3729,3728,3730,-1,3729,3730,3731,-1,3731,3730,3732,-1,3731,3732,3733,-1,3733,3732,3734,-1,3733,3734,3735,-1,3735,3734,3736,-1,3735,3736,3737,-1,3737,3736,3738,-1,3737,3738,3739,-1,3739,3738,3740,-1,3739,3740,3741,-1,3741,3740,3742,-1,3741,3742,3743,-1,3743,3742,3744,-1,3743,3744,3745,-1,3745,3744,3746,-1,3745,3746,3747,-1,801,803,1584,-1,1584,803,3748,-1,1584,3748,3749,-1,3749,3748,3750,-1,3749,3750,3751,-1,3751,3750,3752,-1,3751,3752,3753,-1,3753,3752,3754,-1,3753,3754,3755,-1,3755,3754,3756,-1,3755,3756,3757,-1,3757,3756,3758,-1,3757,3758,3759,-1,3759,3758,3760,-1,3759,3760,3761,-1,3761,3760,3762,-1,3761,3762,3763,-1,3763,3762,3764,-1,3763,3764,3765,-1,3765,3764,3766,-1,3765,3766,3767,-1,3767,3766,3768,-1,3767,3768,3769,-1,3769,3768,3770,-1,3769,3770,3771,-1,1587,1589,1591,-1,1591,1589,3772,-1,1591,3772,3773,-1,3773,3772,3774,-1,3773,3774,3775,-1,3775,3774,3776,-1,3775,3776,3777,-1,3777,3776,3778,-1,3777,3778,3779,-1,3779,3778,3780,-1,3779,3780,3781,-1,3781,3780,3782,-1,3781,3782,3783,-1,3783,3782,3784,-1,3783,3784,3785,-1,3785,3784,3786,-1,3785,3786,3787,-1,3787,3786,3788,-1,3787,3788,3789,-1,3789,3788,3790,-1,3789,3790,3791,-1,3791,3790,3792,-1,3791,3792,3793,-1,3793,3792,3794,-1,3793,3794,3795,-1,792,794,1593,-1,1593,794,3796,-1,1593,3796,3797,-1,3797,3796,3798,-1,3797,3798,3799,-1,3799,3798,3800,-1,3799,3800,3801,-1,3801,3800,3802,-1,3801,3802,3803,-1,3803,3802,3804,-1,3803,3804,3805,-1,3805,3804,3806,-1,3805,3806,3807,-1,3807,3806,3808,-1,3807,3808,3809,-1,3809,3808,3810,-1,3809,3810,3811,-1,3811,3810,3812,-1,3811,3812,3813,-1,3813,3812,3814,-1,3813,3814,3815,-1,3815,3814,3816,-1,3815,3816,3817,-1,3817,3816,3818,-1,3817,3818,3819,-1,787,1596,788,-1,788,1596,3820,-1,788,3820,3821,-1,3821,3820,3822,-1,3821,3822,3823,-1,3823,3822,3824,-1,3823,3824,3825,-1,3825,3824,3826,-1,3825,3826,3827,-1,3827,3826,3828,-1,3827,3828,3829,-1,3829,3828,3830,-1,3829,3830,3831,-1,3831,3830,3832,-1,3831,3832,3833,-1,3833,3832,3834,-1,3833,3834,3835,-1,3835,3834,3836,-1,3835,3836,3837,-1,3837,3836,3838,-1,3837,3838,3839,-1,3839,3838,3840,-1,3839,3840,3841,-1,3841,3840,3842,-1,3841,3842,3843,-1,783,785,1602,-1,1602,785,3844,-1,1602,3844,3845,-1,3845,3844,3846,-1,3845,3846,3847,-1,3847,3846,3848,-1,3847,3848,3849,-1,3849,3848,3850,-1,3849,3850,3851,-1,3851,3850,3852,-1,3851,3852,3853,-1,3853,3852,3854,-1,3853,3854,3855,-1,3855,3854,3856,-1,3855,3856,3857,-1,3857,3856,3858,-1,3857,3858,3859,-1,3859,3858,3860,-1,3859,3860,3861,-1,3861,3860,3862,-1,3861,3862,3863,-1,3863,3862,3864,-1,3863,3864,3865,-1,3865,3864,3866,-1,3865,3866,3867,-1,777,779,1604,-1,1604,779,3868,-1,1604,3868,3869,-1,3869,3868,3870,-1,3869,3870,3871,-1,3871,3870,3872,-1,3871,3872,3873,-1,3873,3872,3874,-1,3873,3874,3875,-1,3875,3874,3876,-1,3875,3876,3877,-1,3877,3876,3878,-1,3877,3878,3879,-1,3879,3878,3880,-1,3879,3880,3881,-1,3881,3880,3882,-1,3881,3882,3883,-1,3883,3882,3884,-1,3883,3884,3885,-1,3885,3884,3886,-1,3885,3886,3887,-1,3887,3886,3888,-1,3887,3888,3889,-1,3889,3888,3890,-1,3889,3890,3891,-1,772,776,773,-1,773,776,3892,-1,773,3892,3893,-1,3893,3892,3894,-1,3893,3894,3895,-1,3895,3894,3896,-1,3895,3896,3897,-1,3897,3896,3898,-1,3897,3898,3899,-1,3899,3898,3900,-1,3899,3900,3901,-1,3901,3900,3902,-1,3901,3902,3903,-1,3903,3902,3904,-1,3903,3904,3905,-1,3905,3904,3906,-1,3905,3906,3907,-1,3907,3906,3908,-1,3907,3908,3909,-1,3909,3908,3910,-1,3909,3910,3911,-1,3911,3910,3912,-1,3911,3912,3913,-1,3913,3912,3914,-1,3913,3914,3915,-1,771,773,1608,-1,1608,773,3893,-1,1608,3893,3916,-1,3916,3893,3895,-1,3916,3895,3917,-1,3917,3895,3897,-1,3917,3897,3918,-1,3918,3897,3899,-1,3918,3899,3919,-1,3919,3899,3901,-1,3919,3901,3920,-1,3920,3901,3903,-1,3920,3903,3921,-1,3921,3903,3905,-1,3921,3905,3922,-1,3922,3905,3907,-1,3922,3907,3923,-1,3923,3907,3909,-1,3923,3909,3924,-1,3924,3909,3911,-1,3924,3911,3925,-1,3925,3911,3913,-1,3925,3913,3926,-1,3926,3913,3915,-1,3926,3915,3927,-1,1214,1204,1210,-1,1210,1204,1203,-1,1210,1203,3928,-1,3928,1203,3929,-1,3928,3929,3930,-1,3930,1921,3928,-1,3928,1921,1217,-1,3928,1217,1210,-1,1210,1217,1219,-1,1210,1219,1208,-1,1222,1215,1220,-1,1220,1215,1920,-1,1220,1920,3931,-1,3931,1920,1922,-1,3931,1922,3932,-1,3932,1922,3933,-1,3932,3933,3934,-1,3930,3935,1921,-1,1921,3935,3936,-1,1921,3936,1922,-1,1922,3936,3937,-1,1922,3937,3933,-1,3934,1926,3932,-1,3932,1926,1924,-1,3932,1924,3931,-1,3931,1924,1225,-1,3931,1225,1220,-1,1220,1225,1227,-1,1220,1227,1221,-1,1231,1223,1230,-1,1230,1223,1923,-1,1230,1923,3938,-1,3938,1923,1925,-1,3938,1925,3939,-1,3939,1925,1927,-1,3939,1927,3940,-1,3940,1927,3941,-1,3940,3941,3942,-1,3934,3943,1926,-1,1926,3943,3944,-1,1926,3944,1927,-1,1927,3944,3945,-1,1927,3945,3941,-1,1228,1230,1234,-1,1234,1230,3938,-1,1234,3938,3946,-1,3946,3938,3939,-1,3946,3939,3947,-1,3947,3939,3940,-1,3947,3940,740,-1,740,3940,3942,-1,740,3942,738,-1,739,1931,740,-1,740,1931,1929,-1,740,1929,3947,-1,3947,1929,741,-1,3947,741,3946,-1,3946,741,743,-1,3946,743,1234,-1,1234,743,1238,-1,1234,1238,1232,-1,1235,743,1239,-1,1239,743,742,-1,1239,742,3948,-1,3948,742,1928,-1,3948,1928,3949,-1,3949,1928,1930,-1,3949,1930,3950,-1,3950,1930,1932,-1,3950,1932,3951,-1,3951,1932,3952,-1,3951,3952,3953,-1,739,3954,1931,-1,1931,3954,3955,-1,1931,3955,1932,-1,1932,3955,3956,-1,1932,3956,3952,-1,3953,1939,3951,-1,3951,1939,1937,-1,3951,1937,3950,-1,3950,1937,1935,-1,3950,1935,3949,-1,3949,1935,1933,-1,3949,1933,3948,-1,3948,1933,1242,-1,3948,1242,1239,-1,1239,1242,1244,-1,1239,1244,1241,-1,1248,1250,3957,-1,3957,1250,1934,-1,3957,1934,3958,-1,3958,1934,1936,-1,3958,1936,3959,-1,3959,1936,1938,-1,3959,1938,3960,-1,3960,1938,1940,-1,3960,1940,3961,-1,3961,1940,3962,-1,3961,3962,3963,-1,3953,3964,1939,-1,1939,3964,3965,-1,1939,3965,1940,-1,1940,3965,3966,-1,1940,3966,3962,-1,1253,1248,1251,-1,1251,1248,3957,-1,1251,3957,1941,-1,1941,3957,3958,-1,1941,3958,1943,-1,1943,3958,3959,-1,1943,3959,1945,-1,1945,3959,3960,-1,1945,3960,1947,-1,1947,3960,3961,-1,1947,3961,1949,-1,1949,3961,3963,-1,3963,3967,1949,-1,1949,3967,3968,-1,1949,3968,1950,-1,1950,3968,3969,-1,1950,3969,3970,-1,3970,1958,1950,-1,1950,1958,1956,-1,1950,1956,1948,-1,1948,1956,1954,-1,1948,1954,1946,-1,1946,1954,1952,-1,1946,1952,1944,-1,1944,1952,1951,-1,1944,1951,1942,-1,1942,1951,1261,-1,1942,1261,1255,-1,1255,1261,1263,-1,1255,1263,1257,-1,3970,3971,1958,-1,1958,3971,3972,-1,1958,3972,1959,-1,1959,3972,3973,-1,1959,3973,1964,-1,1964,3973,3974,-1,1964,3974,3975,-1,3975,1975,1964,-1,1964,1975,1973,-1,1964,1973,1963,-1,1963,1973,1971,-1,1963,1971,1962,-1,1962,1971,1969,-1,1962,1969,1961,-1,1961,1969,1967,-1,1961,1967,1960,-1,1960,1967,1965,-1,1960,1965,745,-1,745,1965,1266,-1,745,1266,746,-1,746,1266,1268,-1,746,1268,1258,-1,3975,3976,1975,-1,1975,3976,3977,-1,1975,3977,1976,-1,1976,3977,3978,-1,1976,3978,1982,-1,1982,3978,3979,-1,1982,3979,3980,-1,3980,1992,1982,-1,1982,1992,1990,-1,1982,1990,1981,-1,1981,1990,1988,-1,1981,1988,1980,-1,1980,1988,1986,-1,1980,1986,1979,-1,1979,1986,1984,-1,1979,1984,1978,-1,1978,1984,747,-1,1978,747,1977,-1,1977,747,749,-1,1977,749,1275,-1,1275,749,1278,-1,1275,1278,1273,-1,1276,749,1279,-1,1279,749,748,-1,1279,748,3981,-1,3981,748,1983,-1,3981,1983,3982,-1,3982,1983,1985,-1,3982,1985,3983,-1,3983,1985,1987,-1,3983,1987,3984,-1,3984,1987,1989,-1,3984,1989,3985,-1,3985,1989,1991,-1,3985,1991,3986,-1,3986,1991,1993,-1,3986,1993,3987,-1,3987,1993,3988,-1,3987,3988,3989,-1,3980,3990,1992,-1,1992,3990,3991,-1,1992,3991,1993,-1,1993,3991,3992,-1,1993,3992,3988,-1,3989,2006,3987,-1,3987,2006,2004,-1,3987,2004,3986,-1,3986,2004,2002,-1,3986,2002,3985,-1,3985,2002,2000,-1,3985,2000,3984,-1,3984,2000,1998,-1,3984,1998,3983,-1,3983,1998,1996,-1,3983,1996,3982,-1,3982,1996,1994,-1,3982,1994,3981,-1,3981,1994,1284,-1,3981,1284,1279,-1,1279,1284,1286,-1,1279,1286,1281,-1,1287,1289,1293,-1,1293,1289,1995,-1,1293,1995,3993,-1,3993,1995,1997,-1,3993,1997,3994,-1,3994,1997,1999,-1,3994,1999,3995,-1,3995,1999,2001,-1,3995,2001,3996,-1,3996,2001,2003,-1,3996,2003,3997,-1,3997,2003,2005,-1,3997,2005,3998,-1,3998,2005,2007,-1,3998,2007,3999,-1,3999,2007,4000,-1,3999,4000,4001,-1,3989,4002,2006,-1,2006,4002,4003,-1,2006,4003,2007,-1,2007,4003,4004,-1,2007,4004,4000,-1,1297,1291,1296,-1,1296,1291,1293,-1,1296,1293,2008,-1,2008,1293,3993,-1,2008,3993,2010,-1,2010,3993,3994,-1,2010,3994,2012,-1,2012,3994,3995,-1,2012,3995,2014,-1,2014,3995,3996,-1,2014,3996,2016,-1,2016,3996,3997,-1,2016,3997,2018,-1,2018,3997,3998,-1,2018,3998,2020,-1,2020,3998,3999,-1,2020,3999,2022,-1,2022,3999,4001,-1,1294,1296,1300,-1,1300,1296,2009,-1,1300,2009,4005,-1,4005,2009,2011,-1,4005,2011,4006,-1,4006,2011,2013,-1,4006,2013,4007,-1,4007,2013,2015,-1,4007,2015,4008,-1,4008,2015,2017,-1,4008,2017,4009,-1,4009,2017,2019,-1,4009,2019,4010,-1,4010,2019,2021,-1,4010,2021,4011,-1,4011,2021,2023,-1,4011,2023,4012,-1,4012,2023,4013,-1,4012,4013,4014,-1,4001,4015,2022,-1,2022,4015,4016,-1,2022,4016,2023,-1,2023,4016,4017,-1,2023,4017,4013,-1,1298,1300,1304,-1,1304,1300,4005,-1,1304,4005,4018,-1,4018,4005,4006,-1,4018,4006,4019,-1,4019,4006,4007,-1,4019,4007,4020,-1,4020,4007,4008,-1,4020,4008,4021,-1,4021,4008,4009,-1,4021,4009,4022,-1,4022,4009,4010,-1,4022,4010,4023,-1,4023,4010,4011,-1,4023,4011,4024,-1,4024,4011,4012,-1,4024,4012,737,-1,737,4012,4014,-1,737,4014,735,-1,736,2041,737,-1,737,2041,2039,-1,737,2039,4024,-1,4024,2039,2037,-1,4024,2037,4023,-1,4023,2037,2035,-1,4023,2035,4022,-1,4022,2035,2033,-1,4022,2033,4021,-1,4021,2033,2031,-1,4021,2031,4020,-1,4020,2031,2029,-1,4020,2029,4019,-1,4019,2029,2027,-1,4019,2027,4018,-1,4018,2027,2025,-1,4018,2025,1304,-1,1304,2025,2024,-1,1304,2024,1302,-1,1311,1305,1310,-1,1310,1305,2026,-1,1310,2026,4025,-1,4025,2026,2028,-1,4025,2028,4026,-1,4026,2028,2030,-1,4026,2030,4027,-1,4027,2030,2032,-1,4027,2032,4028,-1,4028,2032,2034,-1,4028,2034,4029,-1,4029,2034,2036,-1,4029,2036,4030,-1,4030,2036,2038,-1,4030,2038,4031,-1,4031,2038,2040,-1,4031,2040,4032,-1,4032,2040,2042,-1,4032,2042,4033,-1,4033,2042,4034,-1,4033,4034,4035,-1,736,4036,2041,-1,2041,4036,4037,-1,2041,4037,2042,-1,2042,4037,4038,-1,2042,4038,4034,-1,4035,2058,4033,-1,4033,2058,2056,-1,4033,2056,4032,-1,4032,2056,2054,-1,4032,2054,4031,-1,4031,2054,2052,-1,4031,2052,4030,-1,4030,2052,2050,-1,4030,2050,4029,-1,4029,2050,2048,-1,4029,2048,4028,-1,4028,2048,2046,-1,4028,2046,4027,-1,4027,2046,2044,-1,4027,2044,4026,-1,4026,2044,750,-1,4026,750,4025,-1,4025,750,752,-1,4025,752,1310,-1,1310,752,1315,-1,1310,1315,1308,-1,1312,752,1320,-1,1320,752,751,-1,1320,751,4039,-1,4039,751,2043,-1,4039,2043,4040,-1,4040,2043,2045,-1,4040,2045,4041,-1,4041,2045,2047,-1,4041,2047,4042,-1,4042,2047,2049,-1,4042,2049,4043,-1,4043,2049,2051,-1,4043,2051,4044,-1,4044,2051,2053,-1,4044,2053,4045,-1,4045,2053,2055,-1,4045,2055,4046,-1,4046,2055,2057,-1,4046,2057,4047,-1,4047,2057,2059,-1,4047,2059,4048,-1,4048,2059,4049,-1,4048,4049,4050,-1,4035,4051,2058,-1,2058,4051,4052,-1,2058,4052,2059,-1,2059,4052,4053,-1,2059,4053,4049,-1,1318,1320,1316,-1,1316,1320,4039,-1,1316,4039,4054,-1,4054,4039,4040,-1,4054,4040,4055,-1,4055,4040,4041,-1,4055,4041,4056,-1,4056,4041,4042,-1,4056,4042,4057,-1,4057,4042,4043,-1,4057,4043,4058,-1,4058,4043,4044,-1,4058,4044,4059,-1,4059,4044,4045,-1,4059,4045,4060,-1,4060,4045,4046,-1,4060,4046,4061,-1,4061,4046,4047,-1,4061,4047,4062,-1,4062,4047,4048,-1,4062,4048,734,-1,734,4048,4050,-1,734,4050,732,-1,733,2079,734,-1,734,2079,2077,-1,734,2077,4062,-1,4062,2077,2075,-1,4062,2075,4061,-1,4061,2075,2073,-1,4061,2073,4060,-1,4060,2073,2071,-1,4060,2071,4059,-1,4059,2071,2069,-1,4059,2069,4058,-1,4058,2069,2067,-1,4058,2067,4057,-1,4057,2067,2065,-1,4057,2065,4056,-1,4056,2065,2063,-1,4056,2063,4055,-1,4055,2063,2061,-1,4055,2061,4054,-1,4054,2061,1322,-1,4054,1322,1316,-1,1316,1322,1324,-1,1316,1324,1317,-1,1044,1046,1327,-1,1327,1046,2060,-1,1327,2060,4063,-1,4063,2060,2062,-1,4063,2062,4064,-1,4064,2062,2064,-1,4064,2064,4065,-1,4065,2064,2066,-1,4065,2066,4066,-1,4066,2066,2068,-1,4066,2068,4067,-1,4067,2068,2070,-1,4067,2070,4068,-1,4068,2070,2072,-1,4068,2072,4069,-1,4069,2072,2074,-1,4069,2074,4070,-1,4070,2074,2076,-1,4070,2076,4071,-1,4071,2076,2078,-1,4071,2078,4072,-1,4072,2078,2080,-1,4072,2080,4073,-1,4073,2080,4074,-1,4073,4074,4075,-1,733,4076,2079,-1,2079,4076,4077,-1,2079,4077,2080,-1,2080,4077,4078,-1,2080,4078,4074,-1,4075,2104,4073,-1,4073,2104,2102,-1,4073,2102,4072,-1,4072,2102,2100,-1,4072,2100,4071,-1,4071,2100,2098,-1,4071,2098,4070,-1,4070,2098,2096,-1,4070,2096,4069,-1,4069,2096,2094,-1,4069,2094,4068,-1,4068,2094,2092,-1,4068,2092,4067,-1,4067,2092,2090,-1,4067,2090,4066,-1,4066,2090,2088,-1,4066,2088,4065,-1,4065,2088,2086,-1,4065,2086,4064,-1,4064,2086,2084,-1,4064,2084,4063,-1,4063,2084,2082,-1,4063,2082,1327,-1,1327,2082,2081,-1,1327,2081,1325,-1,1042,1330,1043,-1,1043,1330,2083,-1,1043,2083,4079,-1,4079,2083,2085,-1,4079,2085,4080,-1,4080,2085,2087,-1,4080,2087,4081,-1,4081,2087,2089,-1,4081,2089,4082,-1,4082,2089,2091,-1,4082,2091,4083,-1,4083,2091,2093,-1,4083,2093,4084,-1,4084,2093,2095,-1,4084,2095,4085,-1,4085,2095,2097,-1,4085,2097,4086,-1,4086,2097,2099,-1,4086,2099,4087,-1,4087,2099,2101,-1,4087,2101,4088,-1,4088,2101,2103,-1,4088,2103,4089,-1,4089,2103,2105,-1,4089,2105,4090,-1,4090,2105,4091,-1,4090,4091,4092,-1,4075,4093,2104,-1,2104,4093,4094,-1,2104,4094,2105,-1,2105,4094,4095,-1,2105,4095,4091,-1,4092,2128,4090,-1,4090,2128,2126,-1,4090,2126,4089,-1,4089,2126,2124,-1,4089,2124,4088,-1,4088,2124,2122,-1,4088,2122,4087,-1,4087,2122,2120,-1,4087,2120,4086,-1,4086,2120,2118,-1,4086,2118,4085,-1,4085,2118,2116,-1,4085,2116,4084,-1,4084,2116,2114,-1,4084,2114,4083,-1,4083,2114,2112,-1,4083,2112,4082,-1,4082,2112,2110,-1,4082,2110,4081,-1,4081,2110,2108,-1,4081,2108,4080,-1,4080,2108,2106,-1,4080,2106,4079,-1,4079,2106,1040,-1,4079,1040,1043,-1,1043,1040,1039,-1,1043,1039,1041,-1,4092,4096,2128,-1,2128,4096,4097,-1,2128,4097,2129,-1,2129,4097,4098,-1,2129,4098,4099,-1,4099,2152,2129,-1,2129,2152,2150,-1,2129,2150,2127,-1,2127,2150,2148,-1,2127,2148,2125,-1,2125,2148,2146,-1,2125,2146,2123,-1,2123,2146,2144,-1,2123,2144,2121,-1,2121,2144,2142,-1,2121,2142,2119,-1,2119,2142,2140,-1,2119,2140,2117,-1,2117,2140,2138,-1,2117,2138,2115,-1,2115,2138,2136,-1,2115,2136,2113,-1,2113,2136,2134,-1,2113,2134,2111,-1,2111,2134,2132,-1,2111,2132,2109,-1,2109,2132,2130,-1,2109,2130,2107,-1,2107,2130,1037,-1,2107,1037,1343,-1,1343,1037,1036,-1,1343,1036,1344,-1,4099,4100,2152,-1,2152,4100,4101,-1,2152,4101,2153,-1,2153,4101,4102,-1,2153,4102,2165,-1,2165,4102,4103,-1,2165,4103,4104,-1,4104,2188,2165,-1,2165,2188,2186,-1,2165,2186,2164,-1,2164,2186,2184,-1,2164,2184,2163,-1,2163,2184,2182,-1,2163,2182,2162,-1,2162,2182,2180,-1,2162,2180,2161,-1,2161,2180,2178,-1,2161,2178,2160,-1,2160,2178,2176,-1,2160,2176,2159,-1,2159,2176,2174,-1,2159,2174,2158,-1,2158,2174,2172,-1,2158,2172,2157,-1,2157,2172,2170,-1,2157,2170,2156,-1,2156,2170,2168,-1,2156,2168,2155,-1,2155,2168,2166,-1,2155,2166,2154,-1,2154,2166,1347,-1,2154,1347,1345,-1,1345,1347,1349,-1,1345,1349,1346,-1,4104,4105,2188,-1,2188,4105,4106,-1,2188,4106,2189,-1,2189,4106,4107,-1,2189,4107,2202,-1,2202,4107,4108,-1,2202,4108,4109,-1,4109,2225,2202,-1,2202,2225,2223,-1,2202,2223,2201,-1,2201,2223,2221,-1,2201,2221,2200,-1,2200,2221,2219,-1,2200,2219,2199,-1,2199,2219,2217,-1,2199,2217,2198,-1,2198,2217,2215,-1,2198,2215,2197,-1,2197,2215,2213,-1,2197,2213,2196,-1,2196,2213,2211,-1,2196,2211,2195,-1,2195,2211,2209,-1,2195,2209,2194,-1,2194,2209,2207,-1,2194,2207,2193,-1,2193,2207,2205,-1,2193,2205,2192,-1,2192,2205,2203,-1,2192,2203,2191,-1,2191,2203,1351,-1,2191,1351,2190,-1,2190,1351,1353,-1,2190,1353,1350,-1,1354,1028,4110,-1,4110,1028,2204,-1,4110,2204,4111,-1,4111,2204,2206,-1,4111,2206,4112,-1,4112,2206,2208,-1,4112,2208,4113,-1,4113,2208,2210,-1,4113,2210,4114,-1,4114,2210,2212,-1,4114,2212,4115,-1,4115,2212,2214,-1,4115,2214,4116,-1,4116,2214,2216,-1,4116,2216,4117,-1,4117,2216,2218,-1,4117,2218,4118,-1,4118,2218,2220,-1,4118,2220,4119,-1,4119,2220,2222,-1,4119,2222,4120,-1,4120,2222,2224,-1,4120,2224,4121,-1,4121,2224,2226,-1,4121,2226,4122,-1,4122,2226,4123,-1,4122,4123,4124,-1,4109,4125,2225,-1,2225,4125,4126,-1,2225,4126,2226,-1,2226,4126,4127,-1,2226,4127,4123,-1,4124,2249,4122,-1,4122,2249,2247,-1,4122,2247,4121,-1,4121,2247,2245,-1,4121,2245,4120,-1,4120,2245,2243,-1,4120,2243,4119,-1,4119,2243,2241,-1,4119,2241,4118,-1,4118,2241,2239,-1,4118,2239,4117,-1,4117,2239,2237,-1,4117,2237,4116,-1,4116,2237,2235,-1,4116,2235,4115,-1,4115,2235,2233,-1,4115,2233,4114,-1,4114,2233,2231,-1,4114,2231,4113,-1,4113,2231,2229,-1,4113,2229,4112,-1,4112,2229,2227,-1,4112,2227,4111,-1,4111,2227,1357,-1,4111,1357,4110,-1,4110,1357,1358,-1,4110,1358,1354,-1,1024,1359,1025,-1,1025,1359,2228,-1,1025,2228,4128,-1,4128,2228,2230,-1,4128,2230,4129,-1,4129,2230,2232,-1,4129,2232,4130,-1,4130,2232,2234,-1,4130,2234,4131,-1,4131,2234,2236,-1,4131,2236,4132,-1,4132,2236,2238,-1,4132,2238,4133,-1,4133,2238,2240,-1,4133,2240,4134,-1,4134,2240,2242,-1,4134,2242,4135,-1,4135,2242,2244,-1,4135,2244,4136,-1,4136,2244,2246,-1,4136,2246,4137,-1,4137,2246,2248,-1,4137,2248,4138,-1,4138,2248,2250,-1,4138,2250,4139,-1,4139,2250,4140,-1,4139,4140,4141,-1,4124,4142,2249,-1,2249,4142,4143,-1,2249,4143,2250,-1,2250,4143,4144,-1,2250,4144,4140,-1,4141,2273,4139,-1,4139,2273,2271,-1,4139,2271,4138,-1,4138,2271,2269,-1,4138,2269,4137,-1,4137,2269,2267,-1,4137,2267,4136,-1,4136,2267,2265,-1,4136,2265,4135,-1,4135,2265,2263,-1,4135,2263,4134,-1,4134,2263,2261,-1,4134,2261,4133,-1,4133,2261,2259,-1,4133,2259,4132,-1,4132,2259,2257,-1,4132,2257,4131,-1,4131,2257,2255,-1,4131,2255,4130,-1,4130,2255,2253,-1,4130,2253,4129,-1,4129,2253,2251,-1,4129,2251,4128,-1,4128,2251,1022,-1,4128,1022,1025,-1,1025,1022,1021,-1,1025,1021,1023,-1,1018,1361,1019,-1,1019,1361,2252,-1,1019,2252,4145,-1,4145,2252,2254,-1,4145,2254,4146,-1,4146,2254,2256,-1,4146,2256,4147,-1,4147,2256,2258,-1,4147,2258,4148,-1,4148,2258,2260,-1,4148,2260,4149,-1,4149,2260,2262,-1,4149,2262,4150,-1,4150,2262,2264,-1,4150,2264,4151,-1,4151,2264,2266,-1,4151,2266,4152,-1,4152,2266,2268,-1,4152,2268,4153,-1,4153,2268,2270,-1,4153,2270,4154,-1,4154,2270,2272,-1,4154,2272,4155,-1,4155,2272,2274,-1,4155,2274,4156,-1,4156,2274,4157,-1,4156,4157,4158,-1,4141,4159,2273,-1,2273,4159,4160,-1,2273,4160,2274,-1,2274,4160,4161,-1,2274,4161,4157,-1,1363,1019,4162,-1,4162,1019,4145,-1,4162,4145,4163,-1,4163,4145,4146,-1,4163,4146,4164,-1,4164,4146,4147,-1,4164,4147,4165,-1,4165,4147,4148,-1,4165,4148,4166,-1,4166,4148,4149,-1,4166,4149,4167,-1,4167,4149,4150,-1,4167,4150,4168,-1,4168,4150,4151,-1,4168,4151,4169,-1,4169,4151,4152,-1,4169,4152,4170,-1,4170,4152,4153,-1,4170,4153,4171,-1,4171,4153,4154,-1,4171,4154,4172,-1,4172,4154,4155,-1,4172,4155,4173,-1,4173,4155,4156,-1,4173,4156,731,-1,731,4156,4158,-1,731,4158,729,-1,730,2297,731,-1,731,2297,2295,-1,731,2295,4173,-1,4173,2295,2293,-1,4173,2293,4172,-1,4172,2293,2291,-1,4172,2291,4171,-1,4171,2291,2289,-1,4171,2289,4170,-1,4170,2289,2287,-1,4170,2287,4169,-1,4169,2287,2285,-1,4169,2285,4168,-1,4168,2285,2283,-1,4168,2283,4167,-1,4167,2283,2281,-1,4167,2281,4166,-1,4166,2281,2279,-1,4166,2279,4165,-1,4165,2279,2277,-1,4165,2277,4164,-1,4164,2277,2275,-1,4164,2275,4163,-1,4163,2275,1364,-1,4163,1364,4162,-1,4162,1364,1366,-1,4162,1366,1363,-1,1014,1016,1369,-1,1369,1016,2276,-1,1369,2276,4174,-1,4174,2276,2278,-1,4174,2278,4175,-1,4175,2278,2280,-1,4175,2280,4176,-1,4176,2280,2282,-1,4176,2282,4177,-1,4177,2282,2284,-1,4177,2284,4178,-1,4178,2284,2286,-1,4178,2286,4179,-1,4179,2286,2288,-1,4179,2288,4180,-1,4180,2288,2290,-1,4180,2290,4181,-1,4181,2290,2292,-1,4181,2292,4182,-1,4182,2292,2294,-1,4182,2294,4183,-1,4183,2294,2296,-1,4183,2296,4184,-1,4184,2296,2298,-1,4184,2298,4185,-1,4185,2298,4186,-1,4185,4186,4187,-1,730,4188,2297,-1,2297,4188,4189,-1,2297,4189,2298,-1,2298,4189,4190,-1,2298,4190,4186,-1,4187,2321,4185,-1,4185,2321,2319,-1,4185,2319,4184,-1,4184,2319,2317,-1,4184,2317,4183,-1,4183,2317,2315,-1,4183,2315,4182,-1,4182,2315,2313,-1,4182,2313,4181,-1,4181,2313,2311,-1,4181,2311,4180,-1,4180,2311,2309,-1,4180,2309,4179,-1,4179,2309,2307,-1,4179,2307,4178,-1,4178,2307,2305,-1,4178,2305,4177,-1,4177,2305,2303,-1,4177,2303,4176,-1,4176,2303,2301,-1,4176,2301,4175,-1,4175,2301,2299,-1,4175,2299,4174,-1,4174,2299,1013,-1,4174,1013,1369,-1,1369,1013,1012,-1,1369,1012,1367,-1,1009,1370,1010,-1,1010,1370,2300,-1,1010,2300,4191,-1,4191,2300,2302,-1,4191,2302,4192,-1,4192,2302,2304,-1,4192,2304,4193,-1,4193,2304,2306,-1,4193,2306,4194,-1,4194,2306,2308,-1,4194,2308,4195,-1,4195,2308,2310,-1,4195,2310,4196,-1,4196,2310,2312,-1,4196,2312,4197,-1,4197,2312,2314,-1,4197,2314,4198,-1,4198,2314,2316,-1,4198,2316,4199,-1,4199,2316,2318,-1,4199,2318,4200,-1,4200,2318,2320,-1,4200,2320,4201,-1,4201,2320,2322,-1,4201,2322,4202,-1,4202,2322,4203,-1,4202,4203,4204,-1,4187,4205,2321,-1,2321,4205,4206,-1,2321,4206,2322,-1,2322,4206,4207,-1,2322,4207,4203,-1,1372,1010,4208,-1,4208,1010,4191,-1,4208,4191,4209,-1,4209,4191,4192,-1,4209,4192,4210,-1,4210,4192,4193,-1,4210,4193,4211,-1,4211,4193,4194,-1,4211,4194,4212,-1,4212,4194,4195,-1,4212,4195,4213,-1,4213,4195,4196,-1,4213,4196,4214,-1,4214,4196,4197,-1,4214,4197,4215,-1,4215,4197,4198,-1,4215,4198,4216,-1,4216,4198,4199,-1,4216,4199,4217,-1,4217,4199,4200,-1,4217,4200,4218,-1,4218,4200,4201,-1,4218,4201,4219,-1,4219,4201,4202,-1,4219,4202,728,-1,728,4202,4204,-1,728,4204,726,-1,727,2345,728,-1,728,2345,2343,-1,728,2343,4219,-1,4219,2343,2341,-1,4219,2341,4218,-1,4218,2341,2339,-1,4218,2339,4217,-1,4217,2339,2337,-1,4217,2337,4216,-1,4216,2337,2335,-1,4216,2335,4215,-1,4215,2335,2333,-1,4215,2333,4214,-1,4214,2333,2331,-1,4214,2331,4213,-1,4213,2331,2329,-1,4213,2329,4212,-1,4212,2329,2327,-1,4212,2327,4211,-1,4211,2327,2325,-1,4211,2325,4210,-1,4210,2325,2323,-1,4210,2323,4209,-1,4209,2323,1373,-1,4209,1373,4208,-1,4208,1373,1375,-1,4208,1375,1372,-1,1005,1007,1378,-1,1378,1007,2324,-1,1378,2324,4220,-1,4220,2324,2326,-1,4220,2326,4221,-1,4221,2326,2328,-1,4221,2328,4222,-1,4222,2328,2330,-1,4222,2330,4223,-1,4223,2330,2332,-1,4223,2332,4224,-1,4224,2332,2334,-1,4224,2334,4225,-1,4225,2334,2336,-1,4225,2336,4226,-1,4226,2336,2338,-1,4226,2338,4227,-1,4227,2338,2340,-1,4227,2340,4228,-1,4228,2340,2342,-1,4228,2342,4229,-1,4229,2342,2344,-1,4229,2344,4230,-1,4230,2344,2346,-1,4230,2346,4231,-1,4231,2346,4232,-1,4231,4232,4233,-1,727,4234,2345,-1,2345,4234,4235,-1,2345,4235,2346,-1,2346,4235,4236,-1,2346,4236,4232,-1,4233,2369,4231,-1,4231,2369,2367,-1,4231,2367,4230,-1,4230,2367,2365,-1,4230,2365,4229,-1,4229,2365,2363,-1,4229,2363,4228,-1,4228,2363,2361,-1,4228,2361,4227,-1,4227,2361,2359,-1,4227,2359,4226,-1,4226,2359,2357,-1,4226,2357,4225,-1,4225,2357,2355,-1,4225,2355,4224,-1,4224,2355,2353,-1,4224,2353,4223,-1,4223,2353,2351,-1,4223,2351,4222,-1,4222,2351,2349,-1,4222,2349,4221,-1,4221,2349,2347,-1,4221,2347,4220,-1,4220,2347,1004,-1,4220,1004,1378,-1,1378,1004,1003,-1,1378,1003,1376,-1,1000,1379,1001,-1,1001,1379,2348,-1,1001,2348,4237,-1,4237,2348,2350,-1,4237,2350,4238,-1,4238,2350,2352,-1,4238,2352,4239,-1,4239,2352,2354,-1,4239,2354,4240,-1,4240,2354,2356,-1,4240,2356,4241,-1,4241,2356,2358,-1,4241,2358,4242,-1,4242,2358,2360,-1,4242,2360,4243,-1,4243,2360,2362,-1,4243,2362,4244,-1,4244,2362,2364,-1,4244,2364,4245,-1,4245,2364,2366,-1,4245,2366,4246,-1,4246,2366,2368,-1,4246,2368,4247,-1,4247,2368,2370,-1,4247,2370,4248,-1,4248,2370,4249,-1,4248,4249,4250,-1,4233,4251,2369,-1,2369,4251,4252,-1,2369,4252,2370,-1,2370,4252,4253,-1,2370,4253,4249,-1,4250,2393,4248,-1,4248,2393,2391,-1,4248,2391,4247,-1,4247,2391,2389,-1,4247,2389,4246,-1,4246,2389,2387,-1,4246,2387,4245,-1,4245,2387,2385,-1,4245,2385,4244,-1,4244,2385,2383,-1,4244,2383,4243,-1,4243,2383,2381,-1,4243,2381,4242,-1,4242,2381,2379,-1,4242,2379,4241,-1,4241,2379,2377,-1,4241,2377,4240,-1,4240,2377,2375,-1,4240,2375,4239,-1,4239,2375,2373,-1,4239,2373,4238,-1,4238,2373,2371,-1,4238,2371,4237,-1,4237,2371,998,-1,4237,998,1001,-1,1001,998,997,-1,1001,997,999,-1,4250,4254,2393,-1,2393,4254,4255,-1,2393,4255,2394,-1,2394,4255,4256,-1,2394,4256,4257,-1,4257,2417,2394,-1,2394,2417,2415,-1,2394,2415,2392,-1,2392,2415,2413,-1,2392,2413,2390,-1,2390,2413,2411,-1,2390,2411,2388,-1,2388,2411,2409,-1,2388,2409,2386,-1,2386,2409,2407,-1,2386,2407,2384,-1,2384,2407,2405,-1,2384,2405,2382,-1,2382,2405,2403,-1,2382,2403,2380,-1,2380,2403,2401,-1,2380,2401,2378,-1,2378,2401,2399,-1,2378,2399,2376,-1,2376,2399,2397,-1,2376,2397,2374,-1,2374,2397,2395,-1,2374,2395,2372,-1,2372,2395,995,-1,2372,995,1381,-1,1381,995,994,-1,1381,994,1382,-1,4257,4258,2417,-1,2417,4258,4259,-1,2417,4259,2418,-1,2418,4259,4260,-1,2418,4260,2430,-1,2430,4260,4261,-1,2430,4261,4262,-1,4262,2453,2430,-1,2430,2453,2451,-1,2430,2451,2429,-1,2429,2451,2449,-1,2429,2449,2428,-1,2428,2449,2447,-1,2428,2447,2427,-1,2427,2447,2445,-1,2427,2445,2426,-1,2426,2445,2443,-1,2426,2443,2425,-1,2425,2443,2441,-1,2425,2441,2424,-1,2424,2441,2439,-1,2424,2439,2423,-1,2423,2439,2437,-1,2423,2437,2422,-1,2422,2437,2435,-1,2422,2435,2421,-1,2421,2435,2433,-1,2421,2433,2420,-1,2420,2433,2431,-1,2420,2431,2419,-1,2419,2431,1385,-1,2419,1385,1383,-1,1383,1385,1387,-1,1383,1387,1384,-1,4262,4263,2453,-1,2453,4263,4264,-1,2453,4264,2454,-1,2454,4264,4265,-1,2454,4265,2467,-1,2467,4265,4266,-1,2467,4266,4267,-1,4267,2490,2467,-1,2467,2490,2488,-1,2467,2488,2466,-1,2466,2488,2486,-1,2466,2486,2465,-1,2465,2486,2484,-1,2465,2484,2464,-1,2464,2484,2482,-1,2464,2482,2463,-1,2463,2482,2480,-1,2463,2480,2462,-1,2462,2480,2478,-1,2462,2478,2461,-1,2461,2478,2476,-1,2461,2476,2460,-1,2460,2476,2474,-1,2460,2474,2459,-1,2459,2474,2472,-1,2459,2472,2458,-1,2458,2472,2470,-1,2458,2470,2457,-1,2457,2470,2468,-1,2457,2468,2456,-1,2456,2468,1389,-1,2456,1389,2455,-1,2455,1389,1391,-1,2455,1391,1388,-1,1392,986,4268,-1,4268,986,2469,-1,4268,2469,4269,-1,4269,2469,2471,-1,4269,2471,4270,-1,4270,2471,2473,-1,4270,2473,4271,-1,4271,2473,2475,-1,4271,2475,4272,-1,4272,2475,2477,-1,4272,2477,4273,-1,4273,2477,2479,-1,4273,2479,4274,-1,4274,2479,2481,-1,4274,2481,4275,-1,4275,2481,2483,-1,4275,2483,4276,-1,4276,2483,2485,-1,4276,2485,4277,-1,4277,2485,2487,-1,4277,2487,4278,-1,4278,2487,2489,-1,4278,2489,4279,-1,4279,2489,2491,-1,4279,2491,4280,-1,4280,2491,4281,-1,4280,4281,4282,-1,4267,4283,2490,-1,2490,4283,4284,-1,2490,4284,2491,-1,2491,4284,4285,-1,2491,4285,4281,-1,4282,2514,4280,-1,4280,2514,2512,-1,4280,2512,4279,-1,4279,2512,2510,-1,4279,2510,4278,-1,4278,2510,2508,-1,4278,2508,4277,-1,4277,2508,2506,-1,4277,2506,4276,-1,4276,2506,2504,-1,4276,2504,4275,-1,4275,2504,2502,-1,4275,2502,4274,-1,4274,2502,2500,-1,4274,2500,4273,-1,4273,2500,2498,-1,4273,2498,4272,-1,4272,2498,2496,-1,4272,2496,4271,-1,4271,2496,2494,-1,4271,2494,4270,-1,4270,2494,2492,-1,4270,2492,4269,-1,4269,2492,1393,-1,4269,1393,4268,-1,4268,1393,1395,-1,4268,1395,1392,-1,981,983,1398,-1,1398,983,2493,-1,1398,2493,4286,-1,4286,2493,2495,-1,4286,2495,4287,-1,4287,2495,2497,-1,4287,2497,4288,-1,4288,2497,2499,-1,4288,2499,4289,-1,4289,2499,2501,-1,4289,2501,4290,-1,4290,2501,2503,-1,4290,2503,4291,-1,4291,2503,2505,-1,4291,2505,4292,-1,4292,2505,2507,-1,4292,2507,4293,-1,4293,2507,2509,-1,4293,2509,4294,-1,4294,2509,2511,-1,4294,2511,4295,-1,4295,2511,2513,-1,4295,2513,4296,-1,4296,2513,2515,-1,4296,2515,4297,-1,4297,2515,4298,-1,4297,4298,4299,-1,4282,4300,2514,-1,2514,4300,4301,-1,2514,4301,2515,-1,2515,4301,4302,-1,2515,4302,4298,-1,4299,2538,4297,-1,4297,2538,2536,-1,4297,2536,4296,-1,4296,2536,2534,-1,4296,2534,4295,-1,4295,2534,2532,-1,4295,2532,4294,-1,4294,2532,2530,-1,4294,2530,4293,-1,4293,2530,2528,-1,4293,2528,4292,-1,4292,2528,2526,-1,4292,2526,4291,-1,4291,2526,2524,-1,4291,2524,4290,-1,4290,2524,2522,-1,4290,2522,4289,-1,4289,2522,2520,-1,4289,2520,4288,-1,4288,2520,2518,-1,4288,2518,4287,-1,4287,2518,2516,-1,4287,2516,4286,-1,4286,2516,980,-1,4286,980,1398,-1,1398,980,979,-1,1398,979,1396,-1,976,1399,977,-1,977,1399,2517,-1,977,2517,4303,-1,4303,2517,2519,-1,4303,2519,4304,-1,4304,2519,2521,-1,4304,2521,4305,-1,4305,2521,2523,-1,4305,2523,4306,-1,4306,2523,2525,-1,4306,2525,4307,-1,4307,2525,2527,-1,4307,2527,4308,-1,4308,2527,2529,-1,4308,2529,4309,-1,4309,2529,2531,-1,4309,2531,4310,-1,4310,2531,2533,-1,4310,2533,4311,-1,4311,2533,2535,-1,4311,2535,4312,-1,4312,2535,2537,-1,4312,2537,4313,-1,4313,2537,2539,-1,4313,2539,4314,-1,4314,2539,4315,-1,4314,4315,4316,-1,4299,4317,2538,-1,2538,4317,4318,-1,2538,4318,2539,-1,2539,4318,4319,-1,2539,4319,4315,-1,1401,977,4320,-1,4320,977,4303,-1,4320,4303,4321,-1,4321,4303,4304,-1,4321,4304,4322,-1,4322,4304,4305,-1,4322,4305,4323,-1,4323,4305,4306,-1,4323,4306,4324,-1,4324,4306,4307,-1,4324,4307,4325,-1,4325,4307,4308,-1,4325,4308,4326,-1,4326,4308,4309,-1,4326,4309,4327,-1,4327,4309,4310,-1,4327,4310,4328,-1,4328,4310,4311,-1,4328,4311,4329,-1,4329,4311,4312,-1,4329,4312,4330,-1,4330,4312,4313,-1,4330,4313,4331,-1,4331,4313,4314,-1,4331,4314,725,-1,725,4314,4316,-1,725,4316,723,-1,724,2562,725,-1,725,2562,2560,-1,725,2560,4331,-1,4331,2560,2558,-1,4331,2558,4330,-1,4330,2558,2556,-1,4330,2556,4329,-1,4329,2556,2554,-1,4329,2554,4328,-1,4328,2554,2552,-1,4328,2552,4327,-1,4327,2552,2550,-1,4327,2550,4326,-1,4326,2550,2548,-1,4326,2548,4325,-1,4325,2548,2546,-1,4325,2546,4324,-1,4324,2546,2544,-1,4324,2544,4323,-1,4323,2544,2542,-1,4323,2542,4322,-1,4322,2542,2540,-1,4322,2540,4321,-1,4321,2540,1402,-1,4321,1402,4320,-1,4320,1402,1404,-1,4320,1404,1401,-1,972,974,1407,-1,1407,974,2541,-1,1407,2541,4332,-1,4332,2541,2543,-1,4332,2543,4333,-1,4333,2543,2545,-1,4333,2545,4334,-1,4334,2545,2547,-1,4334,2547,4335,-1,4335,2547,2549,-1,4335,2549,4336,-1,4336,2549,2551,-1,4336,2551,4337,-1,4337,2551,2553,-1,4337,2553,4338,-1,4338,2553,2555,-1,4338,2555,4339,-1,4339,2555,2557,-1,4339,2557,4340,-1,4340,2557,2559,-1,4340,2559,4341,-1,4341,2559,2561,-1,4341,2561,4342,-1,4342,2561,2563,-1,4342,2563,4343,-1,4343,2563,4344,-1,4343,4344,4345,-1,724,4346,2562,-1,2562,4346,4347,-1,2562,4347,2563,-1,2563,4347,4348,-1,2563,4348,4344,-1,4345,2586,4343,-1,4343,2586,2584,-1,4343,2584,4342,-1,4342,2584,2582,-1,4342,2582,4341,-1,4341,2582,2580,-1,4341,2580,4340,-1,4340,2580,2578,-1,4340,2578,4339,-1,4339,2578,2576,-1,4339,2576,4338,-1,4338,2576,2574,-1,4338,2574,4337,-1,4337,2574,2572,-1,4337,2572,4336,-1,4336,2572,2570,-1,4336,2570,4335,-1,4335,2570,2568,-1,4335,2568,4334,-1,4334,2568,2566,-1,4334,2566,4333,-1,4333,2566,2564,-1,4333,2564,4332,-1,4332,2564,971,-1,4332,971,1407,-1,1407,971,970,-1,1407,970,1405,-1,967,1408,968,-1,968,1408,2565,-1,968,2565,4349,-1,4349,2565,2567,-1,4349,2567,4350,-1,4350,2567,2569,-1,4350,2569,4351,-1,4351,2569,2571,-1,4351,2571,4352,-1,4352,2571,2573,-1,4352,2573,4353,-1,4353,2573,2575,-1,4353,2575,4354,-1,4354,2575,2577,-1,4354,2577,4355,-1,4355,2577,2579,-1,4355,2579,4356,-1,4356,2579,2581,-1,4356,2581,4357,-1,4357,2581,2583,-1,4357,2583,4358,-1,4358,2583,2585,-1,4358,2585,4359,-1,4359,2585,2587,-1,4359,2587,4360,-1,4360,2587,4361,-1,4360,4361,4362,-1,4345,4363,2586,-1,2586,4363,4364,-1,2586,4364,2587,-1,2587,4364,4365,-1,2587,4365,4361,-1,4362,2610,4360,-1,4360,2610,2608,-1,4360,2608,4359,-1,4359,2608,2606,-1,4359,2606,4358,-1,4358,2606,2604,-1,4358,2604,4357,-1,4357,2604,2602,-1,4357,2602,4356,-1,4356,2602,2600,-1,4356,2600,4355,-1,4355,2600,2598,-1,4355,2598,4354,-1,4354,2598,2596,-1,4354,2596,4353,-1,4353,2596,2594,-1,4353,2594,4352,-1,4352,2594,2592,-1,4352,2592,4351,-1,4351,2592,2590,-1,4351,2590,4350,-1,4350,2590,2588,-1,4350,2588,4349,-1,4349,2588,965,-1,4349,965,968,-1,968,965,964,-1,968,964,966,-1,4362,4366,2610,-1,2610,4366,4367,-1,2610,4367,2611,-1,2611,4367,4368,-1,2611,4368,4369,-1,4369,2634,2611,-1,2611,2634,2632,-1,2611,2632,2609,-1,2609,2632,2630,-1,2609,2630,2607,-1,2607,2630,2628,-1,2607,2628,2605,-1,2605,2628,2626,-1,2605,2626,2603,-1,2603,2626,2624,-1,2603,2624,2601,-1,2601,2624,2622,-1,2601,2622,2599,-1,2599,2622,2620,-1,2599,2620,2597,-1,2597,2620,2618,-1,2597,2618,2595,-1,2595,2618,2616,-1,2595,2616,2593,-1,2593,2616,2614,-1,2593,2614,2591,-1,2591,2614,2612,-1,2591,2612,2589,-1,2589,2612,962,-1,2589,962,1410,-1,1410,962,961,-1,1410,961,1411,-1,4369,4370,2634,-1,2634,4370,4371,-1,2634,4371,2635,-1,2635,4371,4372,-1,2635,4372,2648,-1,2648,4372,4373,-1,2648,4373,4374,-1,4374,2671,2648,-1,2648,2671,2669,-1,2648,2669,2647,-1,2647,2669,2667,-1,2647,2667,2646,-1,2646,2667,2665,-1,2646,2665,2645,-1,2645,2665,2663,-1,2645,2663,2644,-1,2644,2663,2661,-1,2644,2661,2643,-1,2643,2661,2659,-1,2643,2659,2642,-1,2642,2659,2657,-1,2642,2657,2641,-1,2641,2657,2655,-1,2641,2655,2640,-1,2640,2655,2653,-1,2640,2653,2639,-1,2639,2653,2651,-1,2639,2651,2638,-1,2638,2651,2649,-1,2638,2649,2637,-1,2637,2649,1416,-1,2637,1416,2636,-1,2636,1416,1418,-1,2636,1418,1412,-1,4374,4375,2671,-1,2671,4375,4376,-1,2671,4376,2672,-1,2672,4376,4377,-1,2672,4377,2685,-1,2685,4377,4378,-1,2685,4378,4379,-1,4379,2708,2685,-1,2685,2708,2706,-1,2685,2706,2684,-1,2684,2706,2704,-1,2684,2704,2683,-1,2683,2704,2702,-1,2683,2702,2682,-1,2682,2702,2700,-1,2682,2700,2681,-1,2681,2700,2698,-1,2681,2698,2680,-1,2680,2698,2696,-1,2680,2696,2679,-1,2679,2696,2694,-1,2679,2694,2678,-1,2678,2694,2692,-1,2678,2692,2677,-1,2677,2692,2690,-1,2677,2690,2676,-1,2676,2690,2688,-1,2676,2688,2675,-1,2675,2688,2686,-1,2675,2686,2674,-1,2674,2686,1420,-1,2674,1420,2673,-1,2673,1420,1422,-1,2673,1422,1419,-1,1423,956,4380,-1,4380,956,2687,-1,4380,2687,4381,-1,4381,2687,2689,-1,4381,2689,4382,-1,4382,2689,2691,-1,4382,2691,4383,-1,4383,2691,2693,-1,4383,2693,4384,-1,4384,2693,2695,-1,4384,2695,4385,-1,4385,2695,2697,-1,4385,2697,4386,-1,4386,2697,2699,-1,4386,2699,4387,-1,4387,2699,2701,-1,4387,2701,4388,-1,4388,2701,2703,-1,4388,2703,4389,-1,4389,2703,2705,-1,4389,2705,4390,-1,4390,2705,2707,-1,4390,2707,4391,-1,4391,2707,2709,-1,4391,2709,4392,-1,4392,2709,4393,-1,4392,4393,4394,-1,4379,4395,2708,-1,2708,4395,4396,-1,2708,4396,2709,-1,2709,4396,4397,-1,2709,4397,4393,-1,4394,2732,4392,-1,4392,2732,2730,-1,4392,2730,4391,-1,4391,2730,2728,-1,4391,2728,4390,-1,4390,2728,2726,-1,4390,2726,4389,-1,4389,2726,2724,-1,4389,2724,4388,-1,4388,2724,2722,-1,4388,2722,4387,-1,4387,2722,2720,-1,4387,2720,4386,-1,4386,2720,2718,-1,4386,2718,4385,-1,4385,2718,2716,-1,4385,2716,4384,-1,4384,2716,2714,-1,4384,2714,4383,-1,4383,2714,2712,-1,4383,2712,4382,-1,4382,2712,2710,-1,4382,2710,4381,-1,4381,2710,1426,-1,4381,1426,4380,-1,4380,1426,1427,-1,4380,1427,1423,-1,952,1428,953,-1,953,1428,2711,-1,953,2711,4398,-1,4398,2711,2713,-1,4398,2713,4399,-1,4399,2713,2715,-1,4399,2715,4400,-1,4400,2715,2717,-1,4400,2717,4401,-1,4401,2717,2719,-1,4401,2719,4402,-1,4402,2719,2721,-1,4402,2721,4403,-1,4403,2721,2723,-1,4403,2723,4404,-1,4404,2723,2725,-1,4404,2725,4405,-1,4405,2725,2727,-1,4405,2727,4406,-1,4406,2727,2729,-1,4406,2729,4407,-1,4407,2729,2731,-1,4407,2731,4408,-1,4408,2731,2733,-1,4408,2733,4409,-1,4409,2733,4410,-1,4409,4410,4411,-1,4394,4412,2732,-1,2732,4412,4413,-1,2732,4413,2733,-1,2733,4413,4414,-1,2733,4414,4410,-1,4411,2756,4409,-1,4409,2756,2754,-1,4409,2754,4408,-1,4408,2754,2752,-1,4408,2752,4407,-1,4407,2752,2750,-1,4407,2750,4406,-1,4406,2750,2748,-1,4406,2748,4405,-1,4405,2748,2746,-1,4405,2746,4404,-1,4404,2746,2744,-1,4404,2744,4403,-1,4403,2744,2742,-1,4403,2742,4402,-1,4402,2742,2740,-1,4402,2740,4401,-1,4401,2740,2738,-1,4401,2738,4400,-1,4400,2738,2736,-1,4400,2736,4399,-1,4399,2736,2734,-1,4399,2734,4398,-1,4398,2734,950,-1,4398,950,953,-1,953,950,949,-1,953,949,951,-1,4411,4415,2756,-1,2756,4415,4416,-1,2756,4416,2757,-1,2757,4416,4417,-1,2757,4417,4418,-1,946,1430,947,-1,947,1430,2735,-1,947,2735,4419,-1,4419,2735,2737,-1,4419,2737,4420,-1,4420,2737,2739,-1,4420,2739,4421,-1,4421,2739,2741,-1,4421,2741,4422,-1,4422,2741,2743,-1,4422,2743,4423,-1,4423,2743,2745,-1,4423,2745,4424,-1,4424,2745,2747,-1,4424,2747,4425,-1,4425,2747,2749,-1,4425,2749,4426,-1,4426,2749,2751,-1,4426,2751,4427,-1,4427,2751,2753,-1,4427,2753,4428,-1,4428,2753,2755,-1,4428,2755,4429,-1,4429,2755,2757,-1,4429,2757,4430,-1,4430,2757,4418,-1,4430,4418,4431,-1,1432,947,4432,-1,4432,947,4419,-1,4432,4419,4433,-1,4433,4419,4420,-1,4433,4420,4434,-1,4434,4420,4421,-1,4434,4421,4435,-1,4435,4421,4422,-1,4435,4422,4436,-1,4436,4422,4423,-1,4436,4423,4437,-1,4437,4423,4424,-1,4437,4424,4438,-1,4438,4424,4425,-1,4438,4425,4439,-1,4439,4425,4426,-1,4439,4426,4440,-1,4440,4426,4427,-1,4440,4427,4441,-1,4441,4427,4428,-1,4441,4428,4442,-1,4442,4428,4429,-1,4442,4429,4443,-1,4443,4429,4430,-1,4443,4430,722,-1,722,4430,4431,-1,722,4431,720,-1,721,2780,722,-1,722,2780,2778,-1,722,2778,4443,-1,4443,2778,2776,-1,4443,2776,4442,-1,4442,2776,2774,-1,4442,2774,4441,-1,4441,2774,2772,-1,4441,2772,4440,-1,4440,2772,2770,-1,4440,2770,4439,-1,4439,2770,2768,-1,4439,2768,4438,-1,4438,2768,2766,-1,4438,2766,4437,-1,4437,2766,2764,-1,4437,2764,4436,-1,4436,2764,2762,-1,4436,2762,4435,-1,4435,2762,2760,-1,4435,2760,4434,-1,4434,2760,2758,-1,4434,2758,4433,-1,4433,2758,1433,-1,4433,1433,4432,-1,4432,1433,1435,-1,4432,1435,1432,-1,942,944,1438,-1,1438,944,2759,-1,1438,2759,4444,-1,4444,2759,2761,-1,4444,2761,4445,-1,4445,2761,2763,-1,4445,2763,4446,-1,4446,2763,2765,-1,4446,2765,4447,-1,4447,2765,2767,-1,4447,2767,4448,-1,4448,2767,2769,-1,4448,2769,4449,-1,4449,2769,2771,-1,4449,2771,4450,-1,4450,2771,2773,-1,4450,2773,4451,-1,4451,2773,2775,-1,4451,2775,4452,-1,4452,2775,2777,-1,4452,2777,4453,-1,4453,2777,2779,-1,4453,2779,4454,-1,4454,2779,2781,-1,4454,2781,4455,-1,4455,2781,4456,-1,4455,4456,4457,-1,721,4458,2780,-1,2780,4458,4459,-1,2780,4459,2781,-1,2781,4459,4460,-1,2781,4460,4456,-1,4457,2804,4455,-1,4455,2804,2802,-1,4455,2802,4454,-1,4454,2802,2800,-1,4454,2800,4453,-1,4453,2800,2798,-1,4453,2798,4452,-1,4452,2798,2796,-1,4452,2796,4451,-1,4451,2796,2794,-1,4451,2794,4450,-1,4450,2794,2792,-1,4450,2792,4449,-1,4449,2792,2790,-1,4449,2790,4448,-1,4448,2790,2788,-1,4448,2788,4447,-1,4447,2788,2786,-1,4447,2786,4446,-1,4446,2786,2784,-1,4446,2784,4445,-1,4445,2784,2782,-1,4445,2782,4444,-1,4444,2782,941,-1,4444,941,1438,-1,1438,941,940,-1,1438,940,1436,-1,937,1439,938,-1,938,1439,2783,-1,938,2783,4461,-1,4461,2783,2785,-1,4461,2785,4462,-1,4462,2785,2787,-1,4462,2787,4463,-1,4463,2787,2789,-1,4463,2789,4464,-1,4464,2789,2791,-1,4464,2791,4465,-1,4465,2791,2793,-1,4465,2793,4466,-1,4466,2793,2795,-1,4466,2795,4467,-1,4467,2795,2797,-1,4467,2797,4468,-1,4468,2797,2799,-1,4468,2799,4469,-1,4469,2799,2801,-1,4469,2801,4470,-1,4470,2801,2803,-1,4470,2803,4471,-1,4471,2803,2805,-1,4471,2805,4472,-1,4472,2805,4473,-1,4472,4473,4474,-1,4457,4475,2804,-1,2804,4475,4476,-1,2804,4476,2805,-1,2805,4476,4477,-1,2805,4477,4473,-1,1441,938,4478,-1,4478,938,4461,-1,4478,4461,4479,-1,4479,4461,4462,-1,4479,4462,4480,-1,4480,4462,4463,-1,4480,4463,4481,-1,4481,4463,4464,-1,4481,4464,4482,-1,4482,4464,4465,-1,4482,4465,4483,-1,4483,4465,4466,-1,4483,4466,4484,-1,4484,4466,4467,-1,4484,4467,4485,-1,4485,4467,4468,-1,4485,4468,4486,-1,4486,4468,4469,-1,4486,4469,4487,-1,4487,4469,4470,-1,4487,4470,4488,-1,4488,4470,4471,-1,4488,4471,4489,-1,4489,4471,4472,-1,4489,4472,719,-1,719,4472,4474,-1,719,4474,717,-1,718,2828,719,-1,719,2828,2826,-1,719,2826,4489,-1,4489,2826,2824,-1,4489,2824,4488,-1,4488,2824,2822,-1,4488,2822,4487,-1,4487,2822,2820,-1,4487,2820,4486,-1,4486,2820,2818,-1,4486,2818,4485,-1,4485,2818,2816,-1,4485,2816,4484,-1,4484,2816,2814,-1,4484,2814,4483,-1,4483,2814,2812,-1,4483,2812,4482,-1,4482,2812,2810,-1,4482,2810,4481,-1,4481,2810,2808,-1,4481,2808,4480,-1,4480,2808,2806,-1,4480,2806,4479,-1,4479,2806,1442,-1,4479,1442,4478,-1,4478,1442,1444,-1,4478,1444,1441,-1,933,935,1447,-1,1447,935,2807,-1,1447,2807,4490,-1,4490,2807,2809,-1,4490,2809,4491,-1,4491,2809,2811,-1,4491,2811,4492,-1,4492,2811,2813,-1,4492,2813,4493,-1,4493,2813,2815,-1,4493,2815,4494,-1,4494,2815,2817,-1,4494,2817,4495,-1,4495,2817,2819,-1,4495,2819,4496,-1,4496,2819,2821,-1,4496,2821,4497,-1,4497,2821,2823,-1,4497,2823,4498,-1,4498,2823,2825,-1,4498,2825,4499,-1,4499,2825,2827,-1,4499,2827,4500,-1,4500,2827,2829,-1,4500,2829,4501,-1,4501,2829,4502,-1,4501,4502,4503,-1,718,4504,2828,-1,2828,4504,4505,-1,2828,4505,2829,-1,2829,4505,4506,-1,2829,4506,4502,-1,4503,2852,4501,-1,4501,2852,2850,-1,4501,2850,4500,-1,4500,2850,2848,-1,4500,2848,4499,-1,4499,2848,2846,-1,4499,2846,4498,-1,4498,2846,2844,-1,4498,2844,4497,-1,4497,2844,2842,-1,4497,2842,4496,-1,4496,2842,2840,-1,4496,2840,4495,-1,4495,2840,2838,-1,4495,2838,4494,-1,4494,2838,2836,-1,4494,2836,4493,-1,4493,2836,2834,-1,4493,2834,4492,-1,4492,2834,2832,-1,4492,2832,4491,-1,4491,2832,2830,-1,4491,2830,4490,-1,4490,2830,932,-1,4490,932,1447,-1,1447,932,931,-1,1447,931,1445,-1,928,1448,929,-1,929,1448,2831,-1,929,2831,4507,-1,4507,2831,2833,-1,4507,2833,4508,-1,4508,2833,2835,-1,4508,2835,4509,-1,4509,2835,2837,-1,4509,2837,4510,-1,4510,2837,2839,-1,4510,2839,4511,-1,4511,2839,2841,-1,4511,2841,4512,-1,4512,2841,2843,-1,4512,2843,4513,-1,4513,2843,2845,-1,4513,2845,4514,-1,4514,2845,2847,-1,4514,2847,4515,-1,4515,2847,2849,-1,4515,2849,4516,-1,4516,2849,2851,-1,4516,2851,4517,-1,4517,2851,2853,-1,4517,2853,4518,-1,4518,2853,4519,-1,4518,4519,4520,-1,4503,4521,2852,-1,2852,4521,4522,-1,2852,4522,2853,-1,2853,4522,4523,-1,2853,4523,4519,-1,4520,2876,4518,-1,4518,2876,2874,-1,4518,2874,4517,-1,4517,2874,2872,-1,4517,2872,4516,-1,4516,2872,2870,-1,4516,2870,4515,-1,4515,2870,2868,-1,4515,2868,4514,-1,4514,2868,2866,-1,4514,2866,4513,-1,4513,2866,2864,-1,4513,2864,4512,-1,4512,2864,2862,-1,4512,2862,4511,-1,4511,2862,2860,-1,4511,2860,4510,-1,4510,2860,2858,-1,4510,2858,4509,-1,4509,2858,2856,-1,4509,2856,4508,-1,4508,2856,2854,-1,4508,2854,4507,-1,4507,2854,926,-1,4507,926,929,-1,929,926,925,-1,929,925,927,-1,4520,4524,2876,-1,2876,4524,4525,-1,2876,4525,2877,-1,2877,4525,4526,-1,2877,4526,4527,-1,4527,2900,2877,-1,2877,2900,2898,-1,2877,2898,2875,-1,2875,2898,2896,-1,2875,2896,2873,-1,2873,2896,2894,-1,2873,2894,2871,-1,2871,2894,2892,-1,2871,2892,2869,-1,2869,2892,2890,-1,2869,2890,2867,-1,2867,2890,2888,-1,2867,2888,2865,-1,2865,2888,2886,-1,2865,2886,2863,-1,2863,2886,2884,-1,2863,2884,2861,-1,2861,2884,2882,-1,2861,2882,2859,-1,2859,2882,2880,-1,2859,2880,2857,-1,2857,2880,2878,-1,2857,2878,2855,-1,2855,2878,923,-1,2855,923,1450,-1,1450,923,922,-1,1450,922,1451,-1,4527,4528,2900,-1,2900,4528,4529,-1,2900,4529,2901,-1,2901,4529,4530,-1,2901,4530,2913,-1,2913,4530,4531,-1,2913,4531,4532,-1,4532,2936,2913,-1,2913,2936,2934,-1,2913,2934,2912,-1,2912,2934,2932,-1,2912,2932,2911,-1,2911,2932,2930,-1,2911,2930,2910,-1,2910,2930,2928,-1,2910,2928,2909,-1,2909,2928,2926,-1,2909,2926,2908,-1,2908,2926,2924,-1,2908,2924,2907,-1,2907,2924,2922,-1,2907,2922,2906,-1,2906,2922,2920,-1,2906,2920,2905,-1,2905,2920,2918,-1,2905,2918,2904,-1,2904,2918,2916,-1,2904,2916,2903,-1,2903,2916,2914,-1,2903,2914,2902,-1,2902,2914,1457,-1,2902,1457,1455,-1,1455,1457,1459,-1,1455,1459,1456,-1,4532,4533,2936,-1,2936,4533,4534,-1,2936,4534,2937,-1,2937,4534,4535,-1,2937,4535,2950,-1,2950,4535,4536,-1,2950,4536,4537,-1,4537,2973,2950,-1,2950,2973,2971,-1,2950,2971,2949,-1,2949,2971,2969,-1,2949,2969,2948,-1,2948,2969,2967,-1,2948,2967,2947,-1,2947,2967,2965,-1,2947,2965,2946,-1,2946,2965,2963,-1,2946,2963,2945,-1,2945,2963,2961,-1,2945,2961,2944,-1,2944,2961,2959,-1,2944,2959,2943,-1,2943,2959,2957,-1,2943,2957,2942,-1,2942,2957,2955,-1,2942,2955,2941,-1,2941,2955,2953,-1,2941,2953,2940,-1,2940,2953,2951,-1,2940,2951,2939,-1,2939,2951,1461,-1,2939,1461,2938,-1,2938,1461,1463,-1,2938,1463,1460,-1,1464,917,4538,-1,4538,917,2952,-1,4538,2952,4539,-1,4539,2952,2954,-1,4539,2954,4540,-1,4540,2954,2956,-1,4540,2956,4541,-1,4541,2956,2958,-1,4541,2958,4542,-1,4542,2958,2960,-1,4542,2960,4543,-1,4543,2960,2962,-1,4543,2962,4544,-1,4544,2962,2964,-1,4544,2964,4545,-1,4545,2964,2966,-1,4545,2966,4546,-1,4546,2966,2968,-1,4546,2968,4547,-1,4547,2968,2970,-1,4547,2970,4548,-1,4548,2970,2972,-1,4548,2972,4549,-1,4549,2972,2974,-1,4549,2974,4550,-1,4550,2974,4551,-1,4550,4551,4552,-1,4537,4553,2973,-1,2973,4553,4554,-1,2973,4554,2974,-1,2974,4554,4555,-1,2974,4555,4551,-1,4552,2997,4550,-1,4550,2997,2995,-1,4550,2995,4549,-1,4549,2995,2993,-1,4549,2993,4548,-1,4548,2993,2991,-1,4548,2991,4547,-1,4547,2991,2989,-1,4547,2989,4546,-1,4546,2989,2987,-1,4546,2987,4545,-1,4545,2987,2985,-1,4545,2985,4544,-1,4544,2985,2983,-1,4544,2983,4543,-1,4543,2983,2981,-1,4543,2981,4542,-1,4542,2981,2979,-1,4542,2979,4541,-1,4541,2979,2977,-1,4541,2977,4540,-1,4540,2977,2975,-1,4540,2975,4539,-1,4539,2975,1467,-1,4539,1467,4538,-1,4538,1467,1468,-1,4538,1468,1464,-1,913,1469,914,-1,914,1469,2976,-1,914,2976,4556,-1,4556,2976,2978,-1,4556,2978,4557,-1,4557,2978,2980,-1,4557,2980,4558,-1,4558,2980,2982,-1,4558,2982,4559,-1,4559,2982,2984,-1,4559,2984,4560,-1,4560,2984,2986,-1,4560,2986,4561,-1,4561,2986,2988,-1,4561,2988,4562,-1,4562,2988,2990,-1,4562,2990,4563,-1,4563,2990,2992,-1,4563,2992,4564,-1,4564,2992,2994,-1,4564,2994,4565,-1,4565,2994,2996,-1,4565,2996,4566,-1,4566,2996,2998,-1,4566,2998,4567,-1,4567,2998,4568,-1,4567,4568,4569,-1,4552,4570,2997,-1,2997,4570,4571,-1,2997,4571,2998,-1,2998,4571,4572,-1,2998,4572,4568,-1,4569,3021,4567,-1,4567,3021,3019,-1,4567,3019,4566,-1,4566,3019,3017,-1,4566,3017,4565,-1,4565,3017,3015,-1,4565,3015,4564,-1,4564,3015,3013,-1,4564,3013,4563,-1,4563,3013,3011,-1,4563,3011,4562,-1,4562,3011,3009,-1,4562,3009,4561,-1,4561,3009,3007,-1,4561,3007,4560,-1,4560,3007,3005,-1,4560,3005,4559,-1,4559,3005,3003,-1,4559,3003,4558,-1,4558,3003,3001,-1,4558,3001,4557,-1,4557,3001,2999,-1,4557,2999,4556,-1,4556,2999,911,-1,4556,911,914,-1,914,911,910,-1,914,910,912,-1,907,1471,908,-1,908,1471,3000,-1,908,3000,4573,-1,4573,3000,3002,-1,4573,3002,4574,-1,4574,3002,3004,-1,4574,3004,4575,-1,4575,3004,3006,-1,4575,3006,4576,-1,4576,3006,3008,-1,4576,3008,4577,-1,4577,3008,3010,-1,4577,3010,4578,-1,4578,3010,3012,-1,4578,3012,4579,-1,4579,3012,3014,-1,4579,3014,4580,-1,4580,3014,3016,-1,4580,3016,4581,-1,4581,3016,3018,-1,4581,3018,4582,-1,4582,3018,3020,-1,4582,3020,4583,-1,4583,3020,3022,-1,4583,3022,4584,-1,4584,3022,4585,-1,4584,4585,4586,-1,4569,4587,3021,-1,3021,4587,4588,-1,3021,4588,3022,-1,3022,4588,4589,-1,3022,4589,4585,-1,1473,908,4590,-1,4590,908,4573,-1,4590,4573,4591,-1,4591,4573,4574,-1,4591,4574,4592,-1,4592,4574,4575,-1,4592,4575,4593,-1,4593,4575,4576,-1,4593,4576,4594,-1,4594,4576,4577,-1,4594,4577,4595,-1,4595,4577,4578,-1,4595,4578,4596,-1,4596,4578,4579,-1,4596,4579,4597,-1,4597,4579,4580,-1,4597,4580,4598,-1,4598,4580,4581,-1,4598,4581,4599,-1,4599,4581,4582,-1,4599,4582,4600,-1,4600,4582,4583,-1,4600,4583,4601,-1,4601,4583,4584,-1,4601,4584,716,-1,716,4584,4586,-1,716,4586,714,-1,715,3045,716,-1,716,3045,3043,-1,716,3043,4601,-1,4601,3043,3041,-1,4601,3041,4600,-1,4600,3041,3039,-1,4600,3039,4599,-1,4599,3039,3037,-1,4599,3037,4598,-1,4598,3037,3035,-1,4598,3035,4597,-1,4597,3035,3033,-1,4597,3033,4596,-1,4596,3033,3031,-1,4596,3031,4595,-1,4595,3031,3029,-1,4595,3029,4594,-1,4594,3029,3027,-1,4594,3027,4593,-1,4593,3027,3025,-1,4593,3025,4592,-1,4592,3025,3023,-1,4592,3023,4591,-1,4591,3023,1474,-1,4591,1474,4590,-1,4590,1474,1476,-1,4590,1476,1473,-1,903,905,1479,-1,1479,905,3024,-1,1479,3024,4602,-1,4602,3024,3026,-1,4602,3026,4603,-1,4603,3026,3028,-1,4603,3028,4604,-1,4604,3028,3030,-1,4604,3030,4605,-1,4605,3030,3032,-1,4605,3032,4606,-1,4606,3032,3034,-1,4606,3034,4607,-1,4607,3034,3036,-1,4607,3036,4608,-1,4608,3036,3038,-1,4608,3038,4609,-1,4609,3038,3040,-1,4609,3040,4610,-1,4610,3040,3042,-1,4610,3042,4611,-1,4611,3042,3044,-1,4611,3044,4612,-1,4612,3044,3046,-1,4612,3046,4613,-1,4613,3046,4614,-1,4613,4614,4615,-1,715,4616,3045,-1,3045,4616,4617,-1,3045,4617,3046,-1,3046,4617,4618,-1,3046,4618,4614,-1,4615,3069,4613,-1,4613,3069,3067,-1,4613,3067,4612,-1,4612,3067,3065,-1,4612,3065,4611,-1,4611,3065,3063,-1,4611,3063,4610,-1,4610,3063,3061,-1,4610,3061,4609,-1,4609,3061,3059,-1,4609,3059,4608,-1,4608,3059,3057,-1,4608,3057,4607,-1,4607,3057,3055,-1,4607,3055,4606,-1,4606,3055,3053,-1,4606,3053,4605,-1,4605,3053,3051,-1,4605,3051,4604,-1,4604,3051,3049,-1,4604,3049,4603,-1,4603,3049,3047,-1,4603,3047,4602,-1,4602,3047,902,-1,4602,902,1479,-1,1479,902,901,-1,1479,901,1477,-1,898,1480,899,-1,899,1480,3048,-1,899,3048,4619,-1,4619,3048,3050,-1,4619,3050,4620,-1,4620,3050,3052,-1,4620,3052,4621,-1,4621,3052,3054,-1,4621,3054,4622,-1,4622,3054,3056,-1,4622,3056,4623,-1,4623,3056,3058,-1,4623,3058,4624,-1,4624,3058,3060,-1,4624,3060,4625,-1,4625,3060,3062,-1,4625,3062,4626,-1,4626,3062,3064,-1,4626,3064,4627,-1,4627,3064,3066,-1,4627,3066,4628,-1,4628,3066,3068,-1,4628,3068,4629,-1,4629,3068,3070,-1,4629,3070,4630,-1,4630,3070,4631,-1,4630,4631,4632,-1,4615,4633,3069,-1,3069,4633,4634,-1,3069,4634,3070,-1,3070,4634,4635,-1,3070,4635,4631,-1,4632,3093,4630,-1,4630,3093,3091,-1,4630,3091,4629,-1,4629,3091,3089,-1,4629,3089,4628,-1,4628,3089,3087,-1,4628,3087,4627,-1,4627,3087,3085,-1,4627,3085,4626,-1,4626,3085,3083,-1,4626,3083,4625,-1,4625,3083,3081,-1,4625,3081,4624,-1,4624,3081,3079,-1,4624,3079,4623,-1,4623,3079,3077,-1,4623,3077,4622,-1,4622,3077,3075,-1,4622,3075,4621,-1,4621,3075,3073,-1,4621,3073,4620,-1,4620,3073,3071,-1,4620,3071,4619,-1,4619,3071,896,-1,4619,896,899,-1,899,896,895,-1,899,895,897,-1,4632,4636,3093,-1,3093,4636,4637,-1,3093,4637,3094,-1,3094,4637,4638,-1,3094,4638,4639,-1,4639,3117,3094,-1,3094,3117,3115,-1,3094,3115,3092,-1,3092,3115,3113,-1,3092,3113,3090,-1,3090,3113,3111,-1,3090,3111,3088,-1,3088,3111,3109,-1,3088,3109,3086,-1,3086,3109,3107,-1,3086,3107,3084,-1,3084,3107,3105,-1,3084,3105,3082,-1,3082,3105,3103,-1,3082,3103,3080,-1,3080,3103,3101,-1,3080,3101,3078,-1,3078,3101,3099,-1,3078,3099,3076,-1,3076,3099,3097,-1,3076,3097,3074,-1,3074,3097,3095,-1,3074,3095,3072,-1,3072,3095,893,-1,3072,893,1482,-1,1482,893,892,-1,1482,892,1483,-1,4639,4640,3117,-1,3117,4640,4641,-1,3117,4641,3118,-1,3118,4641,4642,-1,3118,4642,3131,-1,3131,4642,4643,-1,3131,4643,4644,-1,4644,3154,3131,-1,3131,3154,3152,-1,3131,3152,3130,-1,3130,3152,3150,-1,3130,3150,3129,-1,3129,3150,3148,-1,3129,3148,3128,-1,3128,3148,3146,-1,3128,3146,3127,-1,3127,3146,3144,-1,3127,3144,3126,-1,3126,3144,3142,-1,3126,3142,3125,-1,3125,3142,3140,-1,3125,3140,3124,-1,3124,3140,3138,-1,3124,3138,3123,-1,3123,3138,3136,-1,3123,3136,3122,-1,3122,3136,3134,-1,3122,3134,3121,-1,3121,3134,3132,-1,3121,3132,3120,-1,3120,3132,1488,-1,3120,1488,3119,-1,3119,1488,1490,-1,3119,1490,1484,-1,4644,4645,3154,-1,3154,4645,4646,-1,3154,4646,3155,-1,3155,4646,4647,-1,3155,4647,3168,-1,3168,4647,4648,-1,3168,4648,4649,-1,4649,3191,3168,-1,3168,3191,3189,-1,3168,3189,3167,-1,3167,3189,3187,-1,3167,3187,3166,-1,3166,3187,3185,-1,3166,3185,3165,-1,3165,3185,3183,-1,3165,3183,3164,-1,3164,3183,3181,-1,3164,3181,3163,-1,3163,3181,3179,-1,3163,3179,3162,-1,3162,3179,3177,-1,3162,3177,3161,-1,3161,3177,3175,-1,3161,3175,3160,-1,3160,3175,3173,-1,3160,3173,3159,-1,3159,3173,3171,-1,3159,3171,3158,-1,3158,3171,3169,-1,3158,3169,3157,-1,3157,3169,1492,-1,3157,1492,3156,-1,3156,1492,1494,-1,3156,1494,1491,-1,885,887,1495,-1,1495,887,3170,-1,1495,3170,4650,-1,4650,3170,3172,-1,4650,3172,4651,-1,4651,3172,3174,-1,4651,3174,4652,-1,4652,3174,3176,-1,4652,3176,4653,-1,4653,3176,3178,-1,4653,3178,4654,-1,4654,3178,3180,-1,4654,3180,4655,-1,4655,3180,3182,-1,4655,3182,4656,-1,4656,3182,3184,-1,4656,3184,4657,-1,4657,3184,3186,-1,4657,3186,4658,-1,4658,3186,3188,-1,4658,3188,4659,-1,4659,3188,3190,-1,4659,3190,4660,-1,4660,3190,3192,-1,4660,3192,4661,-1,4661,3192,4662,-1,4661,4662,4663,-1,4649,4664,3191,-1,3191,4664,4665,-1,3191,4665,3192,-1,3192,4665,4666,-1,3192,4666,4662,-1,4663,3215,4661,-1,4661,3215,3213,-1,4661,3213,4660,-1,4660,3213,3211,-1,4660,3211,4659,-1,4659,3211,3209,-1,4659,3209,4658,-1,4658,3209,3207,-1,4658,3207,4657,-1,4657,3207,3205,-1,4657,3205,4656,-1,4656,3205,3203,-1,4656,3203,4655,-1,4655,3203,3201,-1,4655,3201,4654,-1,4654,3201,3199,-1,4654,3199,4653,-1,4653,3199,3197,-1,4653,3197,4652,-1,4652,3197,3195,-1,4652,3195,4651,-1,4651,3195,3193,-1,4651,3193,4650,-1,4650,3193,1499,-1,4650,1499,1495,-1,1495,1499,1500,-1,1495,1500,1496,-1,883,1501,884,-1,884,1501,3194,-1,884,3194,4667,-1,4667,3194,3196,-1,4667,3196,4668,-1,4668,3196,3198,-1,4668,3198,4669,-1,4669,3198,3200,-1,4669,3200,4670,-1,4670,3200,3202,-1,4670,3202,4671,-1,4671,3202,3204,-1,4671,3204,4672,-1,4672,3204,3206,-1,4672,3206,4673,-1,4673,3206,3208,-1,4673,3208,4674,-1,4674,3208,3210,-1,4674,3210,4675,-1,4675,3210,3212,-1,4675,3212,4676,-1,4676,3212,3214,-1,4676,3214,4677,-1,4677,3214,3216,-1,4677,3216,4678,-1,4678,3216,4679,-1,4678,4679,4680,-1,4663,4681,3215,-1,3215,4681,4682,-1,3215,4682,3216,-1,3216,4682,4683,-1,3216,4683,4679,-1,4680,3239,4678,-1,4678,3239,3237,-1,4678,3237,4677,-1,4677,3237,3235,-1,4677,3235,4676,-1,4676,3235,3233,-1,4676,3233,4675,-1,4675,3233,3231,-1,4675,3231,4674,-1,4674,3231,3229,-1,4674,3229,4673,-1,4673,3229,3227,-1,4673,3227,4672,-1,4672,3227,3225,-1,4672,3225,4671,-1,4671,3225,3223,-1,4671,3223,4670,-1,4670,3223,3221,-1,4670,3221,4669,-1,4669,3221,3219,-1,4669,3219,4668,-1,4668,3219,3217,-1,4668,3217,4667,-1,4667,3217,881,-1,4667,881,884,-1,884,881,880,-1,884,880,882,-1,4680,4684,3239,-1,3239,4684,4685,-1,3239,4685,3240,-1,3240,4685,4686,-1,3240,4686,4687,-1,877,1503,878,-1,878,1503,3218,-1,878,3218,4688,-1,4688,3218,3220,-1,4688,3220,4689,-1,4689,3220,3222,-1,4689,3222,4690,-1,4690,3222,3224,-1,4690,3224,4691,-1,4691,3224,3226,-1,4691,3226,4692,-1,4692,3226,3228,-1,4692,3228,4693,-1,4693,3228,3230,-1,4693,3230,4694,-1,4694,3230,3232,-1,4694,3232,4695,-1,4695,3232,3234,-1,4695,3234,4696,-1,4696,3234,3236,-1,4696,3236,4697,-1,4697,3236,3238,-1,4697,3238,4698,-1,4698,3238,3240,-1,4698,3240,4699,-1,4699,3240,4687,-1,4699,4687,4700,-1,1505,878,4701,-1,4701,878,4688,-1,4701,4688,4702,-1,4702,4688,4689,-1,4702,4689,4703,-1,4703,4689,4690,-1,4703,4690,4704,-1,4704,4690,4691,-1,4704,4691,4705,-1,4705,4691,4692,-1,4705,4692,4706,-1,4706,4692,4693,-1,4706,4693,4707,-1,4707,4693,4694,-1,4707,4694,4708,-1,4708,4694,4695,-1,4708,4695,4709,-1,4709,4695,4696,-1,4709,4696,4710,-1,4710,4696,4697,-1,4710,4697,4711,-1,4711,4697,4698,-1,4711,4698,4712,-1,4712,4698,4699,-1,4712,4699,713,-1,713,4699,4700,-1,713,4700,711,-1,712,3263,713,-1,713,3263,3261,-1,713,3261,4712,-1,4712,3261,3259,-1,4712,3259,4711,-1,4711,3259,3257,-1,4711,3257,4710,-1,4710,3257,3255,-1,4710,3255,4709,-1,4709,3255,3253,-1,4709,3253,4708,-1,4708,3253,3251,-1,4708,3251,4707,-1,4707,3251,3249,-1,4707,3249,4706,-1,4706,3249,3247,-1,4706,3247,4705,-1,4705,3247,3245,-1,4705,3245,4704,-1,4704,3245,3243,-1,4704,3243,4703,-1,4703,3243,3241,-1,4703,3241,4702,-1,4702,3241,1508,-1,4702,1508,4701,-1,4701,1508,1509,-1,4701,1509,1505,-1,874,1510,875,-1,875,1510,3242,-1,875,3242,4713,-1,4713,3242,3244,-1,4713,3244,4714,-1,4714,3244,3246,-1,4714,3246,4715,-1,4715,3246,3248,-1,4715,3248,4716,-1,4716,3248,3250,-1,4716,3250,4717,-1,4717,3250,3252,-1,4717,3252,4718,-1,4718,3252,3254,-1,4718,3254,4719,-1,4719,3254,3256,-1,4719,3256,4720,-1,4720,3256,3258,-1,4720,3258,4721,-1,4721,3258,3260,-1,4721,3260,4722,-1,4722,3260,3262,-1,4722,3262,4723,-1,4723,3262,3264,-1,4723,3264,4724,-1,4724,3264,4725,-1,4724,4725,4726,-1,712,4727,3263,-1,3263,4727,4728,-1,3263,4728,3264,-1,3264,4728,4729,-1,3264,4729,4725,-1,4726,3287,4724,-1,4724,3287,3285,-1,4724,3285,4723,-1,4723,3285,3283,-1,4723,3283,4722,-1,4722,3283,3281,-1,4722,3281,4721,-1,4721,3281,3279,-1,4721,3279,4720,-1,4720,3279,3277,-1,4720,3277,4719,-1,4719,3277,3275,-1,4719,3275,4718,-1,4718,3275,3273,-1,4718,3273,4717,-1,4717,3273,3271,-1,4717,3271,4716,-1,4716,3271,3269,-1,4716,3269,4715,-1,4715,3269,3267,-1,4715,3267,4714,-1,4714,3267,3265,-1,4714,3265,4713,-1,4713,3265,872,-1,4713,872,875,-1,875,872,871,-1,875,871,873,-1,868,1512,869,-1,869,1512,3266,-1,869,3266,4730,-1,4730,3266,3268,-1,4730,3268,4731,-1,4731,3268,3270,-1,4731,3270,4732,-1,4732,3270,3272,-1,4732,3272,4733,-1,4733,3272,3274,-1,4733,3274,4734,-1,4734,3274,3276,-1,4734,3276,4735,-1,4735,3276,3278,-1,4735,3278,4736,-1,4736,3278,3280,-1,4736,3280,4737,-1,4737,3280,3282,-1,4737,3282,4738,-1,4738,3282,3284,-1,4738,3284,4739,-1,4739,3284,3286,-1,4739,3286,4740,-1,4740,3286,3288,-1,4740,3288,4741,-1,4741,3288,4742,-1,4741,4742,4743,-1,4726,4744,3287,-1,3287,4744,4745,-1,3287,4745,3288,-1,3288,4745,4746,-1,3288,4746,4742,-1,1514,869,4747,-1,4747,869,4730,-1,4747,4730,4748,-1,4748,4730,4731,-1,4748,4731,4749,-1,4749,4731,4732,-1,4749,4732,4750,-1,4750,4732,4733,-1,4750,4733,4751,-1,4751,4733,4734,-1,4751,4734,4752,-1,4752,4734,4735,-1,4752,4735,4753,-1,4753,4735,4736,-1,4753,4736,4754,-1,4754,4736,4737,-1,4754,4737,4755,-1,4755,4737,4738,-1,4755,4738,4756,-1,4756,4738,4739,-1,4756,4739,4757,-1,4757,4739,4740,-1,4757,4740,4758,-1,4758,4740,4741,-1,4758,4741,710,-1,710,4741,4743,-1,710,4743,708,-1,709,3311,710,-1,710,3311,3309,-1,710,3309,4758,-1,4758,3309,3307,-1,4758,3307,4757,-1,4757,3307,3305,-1,4757,3305,4756,-1,4756,3305,3303,-1,4756,3303,4755,-1,4755,3303,3301,-1,4755,3301,4754,-1,4754,3301,3299,-1,4754,3299,4753,-1,4753,3299,3297,-1,4753,3297,4752,-1,4752,3297,3295,-1,4752,3295,4751,-1,4751,3295,3293,-1,4751,3293,4750,-1,4750,3293,3291,-1,4750,3291,4749,-1,4749,3291,3289,-1,4749,3289,4748,-1,4748,3289,1515,-1,4748,1515,4747,-1,4747,1515,1517,-1,4747,1517,1514,-1,864,866,1520,-1,1520,866,3290,-1,1520,3290,4759,-1,4759,3290,3292,-1,4759,3292,4760,-1,4760,3292,3294,-1,4760,3294,4761,-1,4761,3294,3296,-1,4761,3296,4762,-1,4762,3296,3298,-1,4762,3298,4763,-1,4763,3298,3300,-1,4763,3300,4764,-1,4764,3300,3302,-1,4764,3302,4765,-1,4765,3302,3304,-1,4765,3304,4766,-1,4766,3304,3306,-1,4766,3306,4767,-1,4767,3306,3308,-1,4767,3308,4768,-1,4768,3308,3310,-1,4768,3310,4769,-1,4769,3310,3312,-1,4769,3312,4770,-1,4770,3312,4771,-1,4770,4771,4772,-1,709,4773,3311,-1,3311,4773,4774,-1,3311,4774,3312,-1,3312,4774,4775,-1,3312,4775,4771,-1,4772,3335,4770,-1,4770,3335,3333,-1,4770,3333,4769,-1,4769,3333,3331,-1,4769,3331,4768,-1,4768,3331,3329,-1,4768,3329,4767,-1,4767,3329,3327,-1,4767,3327,4766,-1,4766,3327,3325,-1,4766,3325,4765,-1,4765,3325,3323,-1,4765,3323,4764,-1,4764,3323,3321,-1,4764,3321,4763,-1,4763,3321,3319,-1,4763,3319,4762,-1,4762,3319,3317,-1,4762,3317,4761,-1,4761,3317,3315,-1,4761,3315,4760,-1,4760,3315,3313,-1,4760,3313,4759,-1,4759,3313,863,-1,4759,863,1520,-1,1520,863,862,-1,1520,862,1518,-1,859,1521,860,-1,860,1521,3314,-1,860,3314,4776,-1,4776,3314,3316,-1,4776,3316,4777,-1,4777,3316,3318,-1,4777,3318,4778,-1,4778,3318,3320,-1,4778,3320,4779,-1,4779,3320,3322,-1,4779,3322,4780,-1,4780,3322,3324,-1,4780,3324,4781,-1,4781,3324,3326,-1,4781,3326,4782,-1,4782,3326,3328,-1,4782,3328,4783,-1,4783,3328,3330,-1,4783,3330,4784,-1,4784,3330,3332,-1,4784,3332,4785,-1,4785,3332,3334,-1,4785,3334,4786,-1,4786,3334,3336,-1,4786,3336,4787,-1,4787,3336,4788,-1,4787,4788,4789,-1,4772,4790,3335,-1,3335,4790,4791,-1,3335,4791,3336,-1,3336,4791,4792,-1,3336,4792,4788,-1,4789,3359,4787,-1,4787,3359,3357,-1,4787,3357,4786,-1,4786,3357,3355,-1,4786,3355,4785,-1,4785,3355,3353,-1,4785,3353,4784,-1,4784,3353,3351,-1,4784,3351,4783,-1,4783,3351,3349,-1,4783,3349,4782,-1,4782,3349,3347,-1,4782,3347,4781,-1,4781,3347,3345,-1,4781,3345,4780,-1,4780,3345,3343,-1,4780,3343,4779,-1,4779,3343,3341,-1,4779,3341,4778,-1,4778,3341,3339,-1,4778,3339,4777,-1,4777,3339,3337,-1,4777,3337,4776,-1,4776,3337,857,-1,4776,857,860,-1,860,857,856,-1,860,856,858,-1,4789,4793,3359,-1,3359,4793,4794,-1,3359,4794,3360,-1,3360,4794,4795,-1,3360,4795,4796,-1,4796,3383,3360,-1,3360,3383,3381,-1,3360,3381,3358,-1,3358,3381,3379,-1,3358,3379,3356,-1,3356,3379,3377,-1,3356,3377,3354,-1,3354,3377,3375,-1,3354,3375,3352,-1,3352,3375,3373,-1,3352,3373,3350,-1,3350,3373,3371,-1,3350,3371,3348,-1,3348,3371,3369,-1,3348,3369,3346,-1,3346,3369,3367,-1,3346,3367,3344,-1,3344,3367,3365,-1,3344,3365,3342,-1,3342,3365,3363,-1,3342,3363,3340,-1,3340,3363,3361,-1,3340,3361,3338,-1,3338,3361,854,-1,3338,854,1523,-1,1523,854,853,-1,1523,853,1524,-1,4796,4797,3383,-1,3383,4797,4798,-1,3383,4798,3384,-1,3384,4798,4799,-1,3384,4799,3397,-1,3397,4799,4800,-1,3397,4800,4801,-1,4801,3420,3397,-1,3397,3420,3418,-1,3397,3418,3396,-1,3396,3418,3416,-1,3396,3416,3395,-1,3395,3416,3414,-1,3395,3414,3394,-1,3394,3414,3412,-1,3394,3412,3393,-1,3393,3412,3410,-1,3393,3410,3392,-1,3392,3410,3408,-1,3392,3408,3391,-1,3391,3408,3406,-1,3391,3406,3390,-1,3390,3406,3404,-1,3390,3404,3389,-1,3389,3404,3402,-1,3389,3402,3388,-1,3388,3402,3400,-1,3388,3400,3387,-1,3387,3400,3398,-1,3387,3398,3386,-1,3386,3398,1529,-1,3386,1529,3385,-1,3385,1529,1531,-1,3385,1531,1525,-1,4801,4802,3420,-1,3420,4802,4803,-1,3420,4803,3421,-1,3421,4803,4804,-1,3421,4804,3434,-1,3434,4804,4805,-1,3434,4805,4806,-1,4806,3457,3434,-1,3434,3457,3455,-1,3434,3455,3433,-1,3433,3455,3453,-1,3433,3453,3432,-1,3432,3453,3451,-1,3432,3451,3431,-1,3431,3451,3449,-1,3431,3449,3430,-1,3430,3449,3447,-1,3430,3447,3429,-1,3429,3447,3445,-1,3429,3445,3428,-1,3428,3445,3443,-1,3428,3443,3427,-1,3427,3443,3441,-1,3427,3441,3426,-1,3426,3441,3439,-1,3426,3439,3425,-1,3425,3439,3437,-1,3425,3437,3424,-1,3424,3437,3435,-1,3424,3435,3423,-1,3423,3435,1533,-1,3423,1533,3422,-1,3422,1533,1535,-1,3422,1535,1532,-1,1536,848,4807,-1,4807,848,3436,-1,4807,3436,4808,-1,4808,3436,3438,-1,4808,3438,4809,-1,4809,3438,3440,-1,4809,3440,4810,-1,4810,3440,3442,-1,4810,3442,4811,-1,4811,3442,3444,-1,4811,3444,4812,-1,4812,3444,3446,-1,4812,3446,4813,-1,4813,3446,3448,-1,4813,3448,4814,-1,4814,3448,3450,-1,4814,3450,4815,-1,4815,3450,3452,-1,4815,3452,4816,-1,4816,3452,3454,-1,4816,3454,4817,-1,4817,3454,3456,-1,4817,3456,4818,-1,4818,3456,3458,-1,4818,3458,4819,-1,4819,3458,4820,-1,4819,4820,4821,-1,4806,4822,3457,-1,3457,4822,4823,-1,3457,4823,3458,-1,3458,4823,4824,-1,3458,4824,4820,-1,4821,3481,4819,-1,4819,3481,3479,-1,4819,3479,4818,-1,4818,3479,3477,-1,4818,3477,4817,-1,4817,3477,3475,-1,4817,3475,4816,-1,4816,3475,3473,-1,4816,3473,4815,-1,4815,3473,3471,-1,4815,3471,4814,-1,4814,3471,3469,-1,4814,3469,4813,-1,4813,3469,3467,-1,4813,3467,4812,-1,4812,3467,3465,-1,4812,3465,4811,-1,4811,3465,3463,-1,4811,3463,4810,-1,4810,3463,3461,-1,4810,3461,4809,-1,4809,3461,3459,-1,4809,3459,4808,-1,4808,3459,1539,-1,4808,1539,4807,-1,4807,1539,1540,-1,4807,1540,1536,-1,844,1541,845,-1,845,1541,3460,-1,845,3460,4825,-1,4825,3460,3462,-1,4825,3462,4826,-1,4826,3462,3464,-1,4826,3464,4827,-1,4827,3464,3466,-1,4827,3466,4828,-1,4828,3466,3468,-1,4828,3468,4829,-1,4829,3468,3470,-1,4829,3470,4830,-1,4830,3470,3472,-1,4830,3472,4831,-1,4831,3472,3474,-1,4831,3474,4832,-1,4832,3474,3476,-1,4832,3476,4833,-1,4833,3476,3478,-1,4833,3478,4834,-1,4834,3478,3480,-1,4834,3480,4835,-1,4835,3480,3482,-1,4835,3482,4836,-1,4836,3482,4837,-1,4836,4837,4838,-1,4821,4839,3481,-1,3481,4839,4840,-1,3481,4840,3482,-1,3482,4840,4841,-1,3482,4841,4837,-1,4838,3505,4836,-1,4836,3505,3503,-1,4836,3503,4835,-1,4835,3503,3501,-1,4835,3501,4834,-1,4834,3501,3499,-1,4834,3499,4833,-1,4833,3499,3497,-1,4833,3497,4832,-1,4832,3497,3495,-1,4832,3495,4831,-1,4831,3495,3493,-1,4831,3493,4830,-1,4830,3493,3491,-1,4830,3491,4829,-1,4829,3491,3489,-1,4829,3489,4828,-1,4828,3489,3487,-1,4828,3487,4827,-1,4827,3487,3485,-1,4827,3485,4826,-1,4826,3485,3483,-1,4826,3483,4825,-1,4825,3483,842,-1,4825,842,845,-1,845,842,841,-1,845,841,843,-1,838,1543,839,-1,839,1543,3484,-1,839,3484,4842,-1,4842,3484,3486,-1,4842,3486,4843,-1,4843,3486,3488,-1,4843,3488,4844,-1,4844,3488,3490,-1,4844,3490,4845,-1,4845,3490,3492,-1,4845,3492,4846,-1,4846,3492,3494,-1,4846,3494,4847,-1,4847,3494,3496,-1,4847,3496,4848,-1,4848,3496,3498,-1,4848,3498,4849,-1,4849,3498,3500,-1,4849,3500,4850,-1,4850,3500,3502,-1,4850,3502,4851,-1,4851,3502,3504,-1,4851,3504,4852,-1,4852,3504,3506,-1,4852,3506,4853,-1,4853,3506,4854,-1,4853,4854,4855,-1,4838,4856,3505,-1,3505,4856,4857,-1,3505,4857,3506,-1,3506,4857,4858,-1,3506,4858,4854,-1,1545,839,4859,-1,4859,839,4842,-1,4859,4842,4860,-1,4860,4842,4843,-1,4860,4843,4861,-1,4861,4843,4844,-1,4861,4844,4862,-1,4862,4844,4845,-1,4862,4845,4863,-1,4863,4845,4846,-1,4863,4846,4864,-1,4864,4846,4847,-1,4864,4847,4865,-1,4865,4847,4848,-1,4865,4848,4866,-1,4866,4848,4849,-1,4866,4849,4867,-1,4867,4849,4850,-1,4867,4850,4868,-1,4868,4850,4851,-1,4868,4851,4869,-1,4869,4851,4852,-1,4869,4852,4870,-1,4870,4852,4853,-1,4870,4853,707,-1,707,4853,4855,-1,707,4855,705,-1,706,3529,707,-1,707,3529,3527,-1,707,3527,4870,-1,4870,3527,3525,-1,4870,3525,4869,-1,4869,3525,3523,-1,4869,3523,4868,-1,4868,3523,3521,-1,4868,3521,4867,-1,4867,3521,3519,-1,4867,3519,4866,-1,4866,3519,3517,-1,4866,3517,4865,-1,4865,3517,3515,-1,4865,3515,4864,-1,4864,3515,3513,-1,4864,3513,4863,-1,4863,3513,3511,-1,4863,3511,4862,-1,4862,3511,3509,-1,4862,3509,4861,-1,4861,3509,3507,-1,4861,3507,4860,-1,4860,3507,1548,-1,4860,1548,4859,-1,4859,1548,1549,-1,4859,1549,1545,-1,835,1550,836,-1,836,1550,3508,-1,836,3508,4871,-1,4871,3508,3510,-1,4871,3510,4872,-1,4872,3510,3512,-1,4872,3512,4873,-1,4873,3512,3514,-1,4873,3514,4874,-1,4874,3514,3516,-1,4874,3516,4875,-1,4875,3516,3518,-1,4875,3518,4876,-1,4876,3518,3520,-1,4876,3520,4877,-1,4877,3520,3522,-1,4877,3522,4878,-1,4878,3522,3524,-1,4878,3524,4879,-1,4879,3524,3526,-1,4879,3526,4880,-1,4880,3526,3528,-1,4880,3528,4881,-1,4881,3528,3530,-1,4881,3530,4882,-1,4882,3530,4883,-1,4882,4883,4884,-1,706,4885,3529,-1,3529,4885,4886,-1,3529,4886,3530,-1,3530,4886,4887,-1,3530,4887,4883,-1,4884,3553,4882,-1,4882,3553,3551,-1,4882,3551,4881,-1,4881,3551,3549,-1,4881,3549,4880,-1,4880,3549,3547,-1,4880,3547,4879,-1,4879,3547,3545,-1,4879,3545,4878,-1,4878,3545,3543,-1,4878,3543,4877,-1,4877,3543,3541,-1,4877,3541,4876,-1,4876,3541,3539,-1,4876,3539,4875,-1,4875,3539,3537,-1,4875,3537,4874,-1,4874,3537,3535,-1,4874,3535,4873,-1,4873,3535,3533,-1,4873,3533,4872,-1,4872,3533,3531,-1,4872,3531,4871,-1,4871,3531,833,-1,4871,833,836,-1,836,833,832,-1,836,832,834,-1,829,1552,830,-1,830,1552,3532,-1,830,3532,4888,-1,4888,3532,3534,-1,4888,3534,4889,-1,4889,3534,3536,-1,4889,3536,4890,-1,4890,3536,3538,-1,4890,3538,4891,-1,4891,3538,3540,-1,4891,3540,4892,-1,4892,3540,3542,-1,4892,3542,4893,-1,4893,3542,3544,-1,4893,3544,4894,-1,4894,3544,3546,-1,4894,3546,4895,-1,4895,3546,3548,-1,4895,3548,4896,-1,4896,3548,3550,-1,4896,3550,4897,-1,4897,3550,3552,-1,4897,3552,4898,-1,4898,3552,3554,-1,4898,3554,4899,-1,4899,3554,4900,-1,4899,4900,4901,-1,4884,4902,3553,-1,3553,4902,4903,-1,3553,4903,3554,-1,3554,4903,4904,-1,3554,4904,4900,-1,1554,830,4905,-1,4905,830,4888,-1,4905,4888,4906,-1,4906,4888,4889,-1,4906,4889,4907,-1,4907,4889,4890,-1,4907,4890,4908,-1,4908,4890,4891,-1,4908,4891,4909,-1,4909,4891,4892,-1,4909,4892,4910,-1,4910,4892,4893,-1,4910,4893,4911,-1,4911,4893,4894,-1,4911,4894,4912,-1,4912,4894,4895,-1,4912,4895,4913,-1,4913,4895,4896,-1,4913,4896,4914,-1,4914,4896,4897,-1,4914,4897,4915,-1,4915,4897,4898,-1,4915,4898,4916,-1,4916,4898,4899,-1,4916,4899,704,-1,704,4899,4901,-1,704,4901,702,-1,703,3577,704,-1,704,3577,3575,-1,704,3575,4916,-1,4916,3575,3573,-1,4916,3573,4915,-1,4915,3573,3571,-1,4915,3571,4914,-1,4914,3571,3569,-1,4914,3569,4913,-1,4913,3569,3567,-1,4913,3567,4912,-1,4912,3567,3565,-1,4912,3565,4911,-1,4911,3565,3563,-1,4911,3563,4910,-1,4910,3563,3561,-1,4910,3561,4909,-1,4909,3561,3559,-1,4909,3559,4908,-1,4908,3559,3557,-1,4908,3557,4907,-1,4907,3557,3555,-1,4907,3555,4906,-1,4906,3555,1555,-1,4906,1555,4905,-1,4905,1555,1557,-1,4905,1557,1554,-1,825,827,1560,-1,1560,827,3556,-1,1560,3556,4917,-1,4917,3556,3558,-1,4917,3558,4918,-1,4918,3558,3560,-1,4918,3560,4919,-1,4919,3560,3562,-1,4919,3562,4920,-1,4920,3562,3564,-1,4920,3564,4921,-1,4921,3564,3566,-1,4921,3566,4922,-1,4922,3566,3568,-1,4922,3568,4923,-1,4923,3568,3570,-1,4923,3570,4924,-1,4924,3570,3572,-1,4924,3572,4925,-1,4925,3572,3574,-1,4925,3574,4926,-1,4926,3574,3576,-1,4926,3576,4927,-1,4927,3576,3578,-1,4927,3578,4928,-1,4928,3578,4929,-1,4928,4929,4930,-1,703,4931,3577,-1,3577,4931,4932,-1,3577,4932,3578,-1,3578,4932,4933,-1,3578,4933,4929,-1,4930,3601,4928,-1,4928,3601,3599,-1,4928,3599,4927,-1,4927,3599,3597,-1,4927,3597,4926,-1,4926,3597,3595,-1,4926,3595,4925,-1,4925,3595,3593,-1,4925,3593,4924,-1,4924,3593,3591,-1,4924,3591,4923,-1,4923,3591,3589,-1,4923,3589,4922,-1,4922,3589,3587,-1,4922,3587,4921,-1,4921,3587,3585,-1,4921,3585,4920,-1,4920,3585,3583,-1,4920,3583,4919,-1,4919,3583,3581,-1,4919,3581,4918,-1,4918,3581,3579,-1,4918,3579,4917,-1,4917,3579,824,-1,4917,824,1560,-1,1560,824,823,-1,1560,823,1558,-1,820,1561,821,-1,821,1561,3580,-1,821,3580,4934,-1,4934,3580,3582,-1,4934,3582,4935,-1,4935,3582,3584,-1,4935,3584,4936,-1,4936,3584,3586,-1,4936,3586,4937,-1,4937,3586,3588,-1,4937,3588,4938,-1,4938,3588,3590,-1,4938,3590,4939,-1,4939,3590,3592,-1,4939,3592,4940,-1,4940,3592,3594,-1,4940,3594,4941,-1,4941,3594,3596,-1,4941,3596,4942,-1,4942,3596,3598,-1,4942,3598,4943,-1,4943,3598,3600,-1,4943,3600,4944,-1,4944,3600,3602,-1,4944,3602,4945,-1,4945,3602,4946,-1,4945,4946,4947,-1,4930,4948,3601,-1,3601,4948,4949,-1,3601,4949,3602,-1,3602,4949,4950,-1,3602,4950,4946,-1,4947,3625,4945,-1,4945,3625,3623,-1,4945,3623,4944,-1,4944,3623,3621,-1,4944,3621,4943,-1,4943,3621,3619,-1,4943,3619,4942,-1,4942,3619,3617,-1,4942,3617,4941,-1,4941,3617,3615,-1,4941,3615,4940,-1,4940,3615,3613,-1,4940,3613,4939,-1,4939,3613,3611,-1,4939,3611,4938,-1,4938,3611,3609,-1,4938,3609,4937,-1,4937,3609,3607,-1,4937,3607,4936,-1,4936,3607,3605,-1,4936,3605,4935,-1,4935,3605,3603,-1,4935,3603,4934,-1,4934,3603,818,-1,4934,818,821,-1,821,818,817,-1,821,817,819,-1,4947,4951,3625,-1,3625,4951,4952,-1,3625,4952,3626,-1,3626,4952,4953,-1,3626,4953,4954,-1,4954,3649,3626,-1,3626,3649,3647,-1,3626,3647,3624,-1,3624,3647,3645,-1,3624,3645,3622,-1,3622,3645,3643,-1,3622,3643,3620,-1,3620,3643,3641,-1,3620,3641,3618,-1,3618,3641,3639,-1,3618,3639,3616,-1,3616,3639,3637,-1,3616,3637,3614,-1,3614,3637,3635,-1,3614,3635,3612,-1,3612,3635,3633,-1,3612,3633,3610,-1,3610,3633,3631,-1,3610,3631,3608,-1,3608,3631,3629,-1,3608,3629,3606,-1,3606,3629,3627,-1,3606,3627,3604,-1,3604,3627,815,-1,3604,815,1563,-1,1563,815,814,-1,1563,814,1564,-1,4954,4955,3649,-1,3649,4955,4956,-1,3649,4956,3650,-1,3650,4956,4957,-1,3650,4957,3662,-1,3662,4957,4958,-1,3662,4958,4959,-1,4959,3685,3662,-1,3662,3685,3683,-1,3662,3683,3661,-1,3661,3683,3681,-1,3661,3681,3660,-1,3660,3681,3679,-1,3660,3679,3659,-1,3659,3679,3677,-1,3659,3677,3658,-1,3658,3677,3675,-1,3658,3675,3657,-1,3657,3675,3673,-1,3657,3673,3656,-1,3656,3673,3671,-1,3656,3671,3655,-1,3655,3671,3669,-1,3655,3669,3654,-1,3654,3669,3667,-1,3654,3667,3653,-1,3653,3667,3665,-1,3653,3665,3652,-1,3652,3665,3663,-1,3652,3663,3651,-1,3651,3663,1570,-1,3651,1570,1568,-1,1568,1570,1572,-1,1568,1572,1569,-1,4959,4960,3685,-1,3685,4960,4961,-1,3685,4961,3686,-1,3686,4961,4962,-1,3686,4962,3699,-1,3699,4962,4963,-1,3699,4963,4964,-1,4964,3722,3699,-1,3699,3722,3720,-1,3699,3720,3698,-1,3698,3720,3718,-1,3698,3718,3697,-1,3697,3718,3716,-1,3697,3716,3696,-1,3696,3716,3714,-1,3696,3714,3695,-1,3695,3714,3712,-1,3695,3712,3694,-1,3694,3712,3710,-1,3694,3710,3693,-1,3693,3710,3708,-1,3693,3708,3692,-1,3692,3708,3706,-1,3692,3706,3691,-1,3691,3706,3704,-1,3691,3704,3690,-1,3690,3704,3702,-1,3690,3702,3689,-1,3689,3702,3700,-1,3689,3700,3688,-1,3688,3700,1574,-1,3688,1574,3687,-1,3687,1574,1576,-1,3687,1576,1573,-1,1577,809,4965,-1,4965,809,3701,-1,4965,3701,4966,-1,4966,3701,3703,-1,4966,3703,4967,-1,4967,3703,3705,-1,4967,3705,4968,-1,4968,3705,3707,-1,4968,3707,4969,-1,4969,3707,3709,-1,4969,3709,4970,-1,4970,3709,3711,-1,4970,3711,4971,-1,4971,3711,3713,-1,4971,3713,4972,-1,4972,3713,3715,-1,4972,3715,4973,-1,4973,3715,3717,-1,4973,3717,4974,-1,4974,3717,3719,-1,4974,3719,4975,-1,4975,3719,3721,-1,4975,3721,4976,-1,4976,3721,3723,-1,4976,3723,4977,-1,4977,3723,4978,-1,4977,4978,4979,-1,4964,4980,3722,-1,3722,4980,4981,-1,3722,4981,3723,-1,3723,4981,4982,-1,3723,4982,4978,-1,4979,3746,4977,-1,4977,3746,3744,-1,4977,3744,4976,-1,4976,3744,3742,-1,4976,3742,4975,-1,4975,3742,3740,-1,4975,3740,4974,-1,4974,3740,3738,-1,4974,3738,4973,-1,4973,3738,3736,-1,4973,3736,4972,-1,4972,3736,3734,-1,4972,3734,4971,-1,4971,3734,3732,-1,4971,3732,4970,-1,4970,3732,3730,-1,4970,3730,4969,-1,4969,3730,3728,-1,4969,3728,4968,-1,4968,3728,3726,-1,4968,3726,4967,-1,4967,3726,3724,-1,4967,3724,4966,-1,4966,3724,1580,-1,4966,1580,4965,-1,4965,1580,1581,-1,4965,1581,1577,-1,805,1582,806,-1,806,1582,3725,-1,806,3725,4983,-1,4983,3725,3727,-1,4983,3727,4984,-1,4984,3727,3729,-1,4984,3729,4985,-1,4985,3729,3731,-1,4985,3731,4986,-1,4986,3731,3733,-1,4986,3733,4987,-1,4987,3733,3735,-1,4987,3735,4988,-1,4988,3735,3737,-1,4988,3737,4989,-1,4989,3737,3739,-1,4989,3739,4990,-1,4990,3739,3741,-1,4990,3741,4991,-1,4991,3741,3743,-1,4991,3743,4992,-1,4992,3743,3745,-1,4992,3745,4993,-1,4993,3745,3747,-1,4993,3747,4994,-1,4994,3747,4995,-1,4994,4995,4996,-1,4979,4997,3746,-1,3746,4997,4998,-1,3746,4998,3747,-1,3747,4998,4999,-1,3747,4999,4995,-1,4996,3770,4994,-1,4994,3770,3768,-1,4994,3768,4993,-1,4993,3768,3766,-1,4993,3766,4992,-1,4992,3766,3764,-1,4992,3764,4991,-1,4991,3764,3762,-1,4991,3762,4990,-1,4990,3762,3760,-1,4990,3760,4989,-1,4989,3760,3758,-1,4989,3758,4988,-1,4988,3758,3756,-1,4988,3756,4987,-1,4987,3756,3754,-1,4987,3754,4986,-1,4986,3754,3752,-1,4986,3752,4985,-1,4985,3752,3750,-1,4985,3750,4984,-1,4984,3750,3748,-1,4984,3748,4983,-1,4983,3748,803,-1,4983,803,806,-1,806,803,802,-1,806,802,804,-1,799,1584,800,-1,800,1584,3749,-1,800,3749,5000,-1,5000,3749,3751,-1,5000,3751,5001,-1,5001,3751,3753,-1,5001,3753,5002,-1,5002,3753,3755,-1,5002,3755,5003,-1,5003,3755,3757,-1,5003,3757,5004,-1,5004,3757,3759,-1,5004,3759,5005,-1,5005,3759,3761,-1,5005,3761,5006,-1,5006,3761,3763,-1,5006,3763,5007,-1,5007,3763,3765,-1,5007,3765,5008,-1,5008,3765,3767,-1,5008,3767,5009,-1,5009,3767,3769,-1,5009,3769,5010,-1,5010,3769,3771,-1,5010,3771,5011,-1,5011,3771,5012,-1,5011,5012,5013,-1,4996,5014,3770,-1,3770,5014,5015,-1,3770,5015,3771,-1,3771,5015,5016,-1,3771,5016,5012,-1,1586,800,5017,-1,5017,800,5000,-1,5017,5000,5018,-1,5018,5000,5001,-1,5018,5001,5019,-1,5019,5001,5002,-1,5019,5002,5020,-1,5020,5002,5003,-1,5020,5003,5021,-1,5021,5003,5004,-1,5021,5004,5022,-1,5022,5004,5005,-1,5022,5005,5023,-1,5023,5005,5006,-1,5023,5006,5024,-1,5024,5006,5007,-1,5024,5007,5025,-1,5025,5007,5008,-1,5025,5008,5026,-1,5026,5008,5009,-1,5026,5009,5027,-1,5027,5009,5010,-1,5027,5010,5028,-1,5028,5010,5011,-1,5028,5011,701,-1,701,5011,5013,-1,701,5013,699,-1,700,3794,701,-1,701,3794,3792,-1,701,3792,5028,-1,5028,3792,3790,-1,5028,3790,5027,-1,5027,3790,3788,-1,5027,3788,5026,-1,5026,3788,3786,-1,5026,3786,5025,-1,5025,3786,3784,-1,5025,3784,5024,-1,5024,3784,3782,-1,5024,3782,5023,-1,5023,3782,3780,-1,5023,3780,5022,-1,5022,3780,3778,-1,5022,3778,5021,-1,5021,3778,3776,-1,5021,3776,5020,-1,5020,3776,3774,-1,5020,3774,5019,-1,5019,3774,3772,-1,5019,3772,5018,-1,5018,3772,1589,-1,5018,1589,5017,-1,5017,1589,1590,-1,5017,1590,1586,-1,796,1591,797,-1,797,1591,3773,-1,797,3773,5029,-1,5029,3773,3775,-1,5029,3775,5030,-1,5030,3775,3777,-1,5030,3777,5031,-1,5031,3777,3779,-1,5031,3779,5032,-1,5032,3779,3781,-1,5032,3781,5033,-1,5033,3781,3783,-1,5033,3783,5034,-1,5034,3783,3785,-1,5034,3785,5035,-1,5035,3785,3787,-1,5035,3787,5036,-1,5036,3787,3789,-1,5036,3789,5037,-1,5037,3789,3791,-1,5037,3791,5038,-1,5038,3791,3793,-1,5038,3793,5039,-1,5039,3793,3795,-1,5039,3795,5040,-1,5040,3795,5041,-1,5040,5041,5042,-1,700,5043,3794,-1,3794,5043,5044,-1,3794,5044,3795,-1,3795,5044,5045,-1,3795,5045,5041,-1,5042,3818,5040,-1,5040,3818,3816,-1,5040,3816,5039,-1,5039,3816,3814,-1,5039,3814,5038,-1,5038,3814,3812,-1,5038,3812,5037,-1,5037,3812,3810,-1,5037,3810,5036,-1,5036,3810,3808,-1,5036,3808,5035,-1,5035,3808,3806,-1,5035,3806,5034,-1,5034,3806,3804,-1,5034,3804,5033,-1,5033,3804,3802,-1,5033,3802,5032,-1,5032,3802,3800,-1,5032,3800,5031,-1,5031,3800,3798,-1,5031,3798,5030,-1,5030,3798,3796,-1,5030,3796,5029,-1,5029,3796,794,-1,5029,794,797,-1,797,794,793,-1,797,793,795,-1,790,1593,791,-1,791,1593,3797,-1,791,3797,5046,-1,5046,3797,3799,-1,5046,3799,5047,-1,5047,3799,3801,-1,5047,3801,5048,-1,5048,3801,3803,-1,5048,3803,5049,-1,5049,3803,3805,-1,5049,3805,5050,-1,5050,3805,3807,-1,5050,3807,5051,-1,5051,3807,3809,-1,5051,3809,5052,-1,5052,3809,3811,-1,5052,3811,5053,-1,5053,3811,3813,-1,5053,3813,5054,-1,5054,3813,3815,-1,5054,3815,5055,-1,5055,3815,3817,-1,5055,3817,5056,-1,5056,3817,3819,-1,5056,3819,5057,-1,5057,3819,5058,-1,5057,5058,5059,-1,5042,5060,3818,-1,3818,5060,5061,-1,3818,5061,3819,-1,3819,5061,5062,-1,3819,5062,5058,-1,1595,791,5063,-1,5063,791,5046,-1,5063,5046,5064,-1,5064,5046,5047,-1,5064,5047,5065,-1,5065,5047,5048,-1,5065,5048,5066,-1,5066,5048,5049,-1,5066,5049,5067,-1,5067,5049,5050,-1,5067,5050,5068,-1,5068,5050,5051,-1,5068,5051,5069,-1,5069,5051,5052,-1,5069,5052,5070,-1,5070,5052,5053,-1,5070,5053,5071,-1,5071,5053,5054,-1,5071,5054,5072,-1,5072,5054,5055,-1,5072,5055,5073,-1,5073,5055,5056,-1,5073,5056,5074,-1,5074,5056,5057,-1,5074,5057,698,-1,698,5057,5059,-1,698,5059,696,-1,697,3842,698,-1,698,3842,3840,-1,698,3840,5074,-1,5074,3840,3838,-1,5074,3838,5073,-1,5073,3838,3836,-1,5073,3836,5072,-1,5072,3836,3834,-1,5072,3834,5071,-1,5071,3834,3832,-1,5071,3832,5070,-1,5070,3832,3830,-1,5070,3830,5069,-1,5069,3830,3828,-1,5069,3828,5068,-1,5068,3828,3826,-1,5068,3826,5067,-1,5067,3826,3824,-1,5067,3824,5066,-1,5066,3824,3822,-1,5066,3822,5065,-1,5065,3822,3820,-1,5065,3820,5064,-1,5064,3820,1596,-1,5064,1596,5063,-1,5063,1596,1598,-1,5063,1598,1595,-1,786,788,1601,-1,1601,788,3821,-1,1601,3821,5075,-1,5075,3821,3823,-1,5075,3823,5076,-1,5076,3823,3825,-1,5076,3825,5077,-1,5077,3825,3827,-1,5077,3827,5078,-1,5078,3827,3829,-1,5078,3829,5079,-1,5079,3829,3831,-1,5079,3831,5080,-1,5080,3831,3833,-1,5080,3833,5081,-1,5081,3833,3835,-1,5081,3835,5082,-1,5082,3835,3837,-1,5082,3837,5083,-1,5083,3837,3839,-1,5083,3839,5084,-1,5084,3839,3841,-1,5084,3841,5085,-1,5085,3841,3843,-1,5085,3843,5086,-1,5086,3843,5087,-1,5086,5087,5088,-1,697,5089,3842,-1,3842,5089,5090,-1,3842,5090,3843,-1,3843,5090,5091,-1,3843,5091,5087,-1,5088,3866,5086,-1,5086,3866,3864,-1,5086,3864,5085,-1,5085,3864,3862,-1,5085,3862,5084,-1,5084,3862,3860,-1,5084,3860,5083,-1,5083,3860,3858,-1,5083,3858,5082,-1,5082,3858,3856,-1,5082,3856,5081,-1,5081,3856,3854,-1,5081,3854,5080,-1,5080,3854,3852,-1,5080,3852,5079,-1,5079,3852,3850,-1,5079,3850,5078,-1,5078,3850,3848,-1,5078,3848,5077,-1,5077,3848,3846,-1,5077,3846,5076,-1,5076,3846,3844,-1,5076,3844,5075,-1,5075,3844,785,-1,5075,785,1601,-1,1601,785,784,-1,1601,784,1599,-1,781,1602,782,-1,782,1602,3845,-1,782,3845,5092,-1,5092,3845,3847,-1,5092,3847,5093,-1,5093,3847,3849,-1,5093,3849,5094,-1,5094,3849,3851,-1,5094,3851,5095,-1,5095,3851,3853,-1,5095,3853,5096,-1,5096,3853,3855,-1,5096,3855,5097,-1,5097,3855,3857,-1,5097,3857,5098,-1,5098,3857,3859,-1,5098,3859,5099,-1,5099,3859,3861,-1,5099,3861,5100,-1,5100,3861,3863,-1,5100,3863,5101,-1,5101,3863,3865,-1,5101,3865,5102,-1,5102,3865,3867,-1,5102,3867,5103,-1,5103,3867,5104,-1,5103,5104,5105,-1,5088,5106,3866,-1,3866,5106,5107,-1,3866,5107,3867,-1,3867,5107,5108,-1,3867,5108,5104,-1,5105,3890,5103,-1,5103,3890,3888,-1,5103,3888,5102,-1,5102,3888,3886,-1,5102,3886,5101,-1,5101,3886,3884,-1,5101,3884,5100,-1,5100,3884,3882,-1,5100,3882,5099,-1,5099,3882,3880,-1,5099,3880,5098,-1,5098,3880,3878,-1,5098,3878,5097,-1,5097,3878,3876,-1,5097,3876,5096,-1,5096,3876,3874,-1,5096,3874,5095,-1,5095,3874,3872,-1,5095,3872,5094,-1,5094,3872,3870,-1,5094,3870,5093,-1,5093,3870,3868,-1,5093,3868,5092,-1,5092,3868,779,-1,5092,779,782,-1,782,779,778,-1,782,778,780,-1,5105,5109,3890,-1,3890,5109,5110,-1,3890,5110,3891,-1,3891,5110,5111,-1,3891,5111,5112,-1,5112,3914,3891,-1,3891,3914,3912,-1,3891,3912,3889,-1,3889,3912,3910,-1,3889,3910,3887,-1,3887,3910,3908,-1,3887,3908,3885,-1,3885,3908,3906,-1,3885,3906,3883,-1,3883,3906,3904,-1,3883,3904,3881,-1,3881,3904,3902,-1,3881,3902,3879,-1,3879,3902,3900,-1,3879,3900,3877,-1,3877,3900,3898,-1,3877,3898,3875,-1,3875,3898,3896,-1,3875,3896,3873,-1,3873,3896,3894,-1,3873,3894,3871,-1,3871,3894,3892,-1,3871,3892,3869,-1,3869,3892,776,-1,3869,776,1604,-1,1604,776,775,-1,1604,775,1605,-1,5112,5113,3914,-1,3914,5113,5114,-1,3914,5114,3915,-1,3915,5114,5115,-1,3915,5115,3927,-1,3927,5115,5116,-1,3927,5116,5117,-1,1606,1608,755,-1,755,1608,3916,-1,755,3916,753,-1,753,3916,3917,-1,753,3917,1685,-1,1685,3917,3918,-1,1685,3918,1688,-1,1688,3918,3919,-1,1688,3919,1697,-1,1697,3919,3920,-1,1697,3920,1726,-1,1726,3920,3921,-1,1726,3921,1756,-1,1756,3921,3922,-1,1756,3922,1763,-1,1763,3922,3923,-1,1763,3923,1790,-1,1790,3923,3924,-1,1790,3924,1831,-1,1831,3924,3925,-1,1831,3925,1855,-1,1855,3925,3926,-1,1855,3926,1884,-1,1884,3926,3927,-1,1884,3927,1919,-1,1919,3927,5117,-1,1919,5117,5118,-1,1632,1906,1633,-1,1633,1906,1907,-1,1633,1907,1888,-1,1888,1907,1908,-1,1888,1908,1890,-1,1890,1908,1909,-1,1890,1909,1892,-1,1892,1909,1910,-1,1892,1910,1894,-1,1894,1910,1911,-1,1894,1911,1896,-1,1896,1911,1912,-1,1896,1912,1898,-1,1898,1912,1913,-1,1898,1913,1900,-1,1900,1913,1914,-1,1900,1914,1902,-1,1902,1914,1915,-1,1902,1915,1904,-1,1904,1915,1916,-1,1904,1916,1905,-1,1905,1916,1917,-1,1905,1917,1187,-1,1187,1917,1918,-1,1187,1918,695,-1,695,1918,1919,-1,695,1919,693,-1,693,1919,5118,-1,1036,1035,5119,-1,1030,1029,5120,-1,1027,1026,5121,-1,697,696,5122,-1,1021,1207,1023,-1,1023,1207,5123,-1,1023,5123,1024,-1,3968,3967,1003,-1,1003,3967,3963,-1,1003,3963,1376,-1,1376,3963,3962,-1,1376,3962,1377,-1,1377,3962,3966,-1,1377,3966,1005,-1,1005,3966,3965,-1,1005,3965,1006,-1,1006,3965,3964,-1,1006,3964,1374,-1,1374,3964,3953,-1,1374,3953,1375,-1,1375,3953,3952,-1,1375,3952,1372,-1,1372,3952,3956,-1,1372,3956,1008,-1,1008,3956,3955,-1,1008,3955,1009,-1,1009,3955,3954,-1,1009,3954,1371,-1,1371,3954,739,-1,1371,739,1011,-1,1011,739,738,-1,1011,738,1012,-1,1012,738,3942,-1,1012,3942,1367,-1,1367,3942,3941,-1,1367,3941,1368,-1,1368,3941,3945,-1,1368,3945,1014,-1,1014,3945,3944,-1,1014,3944,1015,-1,1015,3944,3943,-1,1015,3943,1365,-1,1365,3943,3934,-1,1365,3934,1366,-1,1366,3934,3933,-1,1366,3933,1363,-1,1363,3933,3937,-1,1363,3937,1017,-1,1017,3937,3936,-1,1017,3936,1018,-1,1018,3936,3935,-1,1018,3935,1362,-1,1362,3935,3930,-1,1362,3930,1020,-1,1020,3930,3929,-1,1020,3929,1021,-1,1021,3929,1203,-1,1021,1203,1207,-1,999,3970,1000,-1,1000,3970,3969,-1,1000,3969,1380,-1,1380,3969,3968,-1,1380,3968,1002,-1,1002,3968,1003,-1,903,4318,904,-1,904,4318,4317,-1,904,4317,1475,-1,1475,4317,4299,-1,1475,4299,1476,-1,1476,4299,4298,-1,1476,4298,1473,-1,1473,4298,4302,-1,1473,4302,906,-1,906,4302,4301,-1,906,4301,907,-1,907,4301,4300,-1,907,4300,1472,-1,1472,4300,4282,-1,1472,4282,909,-1,909,4282,4281,-1,909,4281,910,-1,910,4281,4285,-1,910,4285,912,-1,912,4285,4284,-1,912,4284,913,-1,913,4284,4283,-1,913,4283,1470,-1,1470,4283,4267,-1,1470,4267,1465,-1,1465,4267,4266,-1,1465,4266,1466,-1,1466,4266,4265,-1,1466,4265,1468,-1,1468,4265,4264,-1,1468,4264,1464,-1,1464,4264,4263,-1,1464,4263,915,-1,915,4263,4262,-1,915,4262,916,-1,916,4262,4261,-1,916,4261,1462,-1,1462,4261,4260,-1,1462,4260,1463,-1,1463,4260,4259,-1,1463,4259,1460,-1,1460,4259,4258,-1,1460,4258,918,-1,918,4258,4257,-1,918,4257,919,-1,919,4257,4256,-1,919,4256,1458,-1,1458,4256,4255,-1,1458,4255,1459,-1,1459,4255,4254,-1,1459,4254,1456,-1,1456,4254,4250,-1,1456,4250,1452,-1,1452,4250,4249,-1,1452,4249,1453,-1,1453,4249,4253,-1,1453,4253,921,-1,921,4253,4252,-1,921,4252,922,-1,922,4252,4251,-1,922,4251,1451,-1,1451,4251,4233,-1,1451,4233,924,-1,924,4233,4232,-1,924,4232,925,-1,925,4232,4236,-1,925,4236,927,-1,927,4236,4235,-1,927,4235,928,-1,928,4235,4234,-1,928,4234,1449,-1,1449,4234,727,-1,1449,727,930,-1,930,727,726,-1,930,726,931,-1,931,726,4204,-1,931,4204,1445,-1,1445,4204,4203,-1,1445,4203,1446,-1,1446,4203,4207,-1,1446,4207,933,-1,933,4207,4206,-1,933,4206,934,-1,934,4206,4205,-1,934,4205,1443,-1,1443,4205,4187,-1,1443,4187,1444,-1,1444,4187,4186,-1,1444,4186,1441,-1,1441,4186,4190,-1,1441,4190,936,-1,936,4190,4189,-1,936,4189,937,-1,937,4189,4188,-1,937,4188,1440,-1,1440,4188,730,-1,1440,730,939,-1,939,730,729,-1,939,729,940,-1,940,729,4158,-1,940,4158,1436,-1,1436,4158,4157,-1,1436,4157,1437,-1,1437,4157,4161,-1,1437,4161,942,-1,942,4161,4160,-1,942,4160,943,-1,943,4160,4159,-1,943,4159,1434,-1,1434,4159,4141,-1,1434,4141,1435,-1,1435,4141,4140,-1,1435,4140,1432,-1,1432,4140,4144,-1,1432,4144,945,-1,945,4144,4143,-1,945,4143,946,-1,946,4143,4142,-1,946,4142,1431,-1,1431,4142,4124,-1,1431,4124,948,-1,948,4124,4123,-1,948,4123,949,-1,949,4123,4127,-1,949,4127,951,-1,951,4127,4126,-1,951,4126,952,-1,952,4126,4125,-1,952,4125,1429,-1,1429,4125,4109,-1,1429,4109,1424,-1,1424,4109,4108,-1,1424,4108,1425,-1,1425,4108,4107,-1,1425,4107,1427,-1,1427,4107,4106,-1,1427,4106,1423,-1,1423,4106,4105,-1,1423,4105,954,-1,954,4105,4104,-1,954,4104,955,-1,955,4104,4103,-1,955,4103,1421,-1,1421,4103,4102,-1,1421,4102,1422,-1,1422,4102,4101,-1,1422,4101,1419,-1,1419,4101,4100,-1,1419,4100,957,-1,957,4100,4099,-1,957,4099,958,-1,958,4099,4098,-1,958,4098,1417,-1,1417,4098,4097,-1,1417,4097,1418,-1,1418,4097,4096,-1,1418,4096,1412,-1,1412,4096,4092,-1,1412,4092,1413,-1,1413,4092,4091,-1,1413,4091,1415,-1,1415,4091,4095,-1,1415,4095,960,-1,960,4095,4094,-1,960,4094,961,-1,961,4094,4093,-1,961,4093,1411,-1,1411,4093,4075,-1,1411,4075,963,-1,963,4075,4074,-1,963,4074,964,-1,964,4074,4078,-1,964,4078,966,-1,966,4078,4077,-1,966,4077,967,-1,967,4077,4076,-1,967,4076,1409,-1,1409,4076,733,-1,1409,733,969,-1,969,733,732,-1,969,732,970,-1,970,732,4050,-1,970,4050,1405,-1,1405,4050,4049,-1,1405,4049,1406,-1,1406,4049,4053,-1,1406,4053,972,-1,972,4053,4052,-1,972,4052,973,-1,973,4052,4051,-1,973,4051,1403,-1,1403,4051,4035,-1,1403,4035,1404,-1,1404,4035,4034,-1,1404,4034,1401,-1,1401,4034,4038,-1,1401,4038,975,-1,975,4038,4037,-1,975,4037,976,-1,976,4037,4036,-1,976,4036,1400,-1,1400,4036,736,-1,1400,736,978,-1,978,736,735,-1,978,735,979,-1,979,735,4014,-1,979,4014,1396,-1,1396,4014,4013,-1,1396,4013,1397,-1,1397,4013,4017,-1,1397,4017,981,-1,981,4017,4016,-1,981,4016,982,-1,982,4016,4015,-1,982,4015,1394,-1,1394,4015,4001,-1,1394,4001,1395,-1,1395,4001,4000,-1,1395,4000,1392,-1,1392,4000,4004,-1,1392,4004,984,-1,984,4004,4003,-1,984,4003,985,-1,985,4003,4002,-1,985,4002,1390,-1,1390,4002,3989,-1,1390,3989,1391,-1,1391,3989,3988,-1,1391,3988,1388,-1,1388,3988,3992,-1,1388,3992,987,-1,987,3992,3991,-1,987,3991,988,-1,988,3991,3990,-1,988,3990,1386,-1,1386,3990,3980,-1,1386,3980,1387,-1,1387,3980,3979,-1,1387,3979,1384,-1,1384,3979,3978,-1,1384,3978,990,-1,990,3978,3977,-1,990,3977,991,-1,991,3977,3976,-1,991,3976,993,-1,993,3976,3975,-1,993,3975,994,-1,994,3975,3974,-1,994,3974,1382,-1,1382,3974,3973,-1,1382,3973,996,-1,996,3973,3972,-1,996,3972,997,-1,997,3972,3971,-1,997,3971,999,-1,999,3971,3970,-1,1575,4663,1576,-1,1576,4663,4662,-1,1576,4662,1573,-1,1573,4662,4666,-1,1573,4666,810,-1,810,4666,4665,-1,810,4665,811,-1,811,4665,4664,-1,811,4664,1571,-1,1571,4664,4649,-1,1571,4649,1572,-1,1572,4649,4648,-1,1572,4648,1569,-1,1569,4648,4647,-1,1569,4647,1565,-1,1565,4647,4646,-1,1565,4646,1566,-1,1566,4646,4645,-1,1566,4645,813,-1,813,4645,4644,-1,813,4644,814,-1,814,4644,4643,-1,814,4643,1564,-1,1564,4643,4642,-1,1564,4642,816,-1,816,4642,4641,-1,816,4641,817,-1,817,4641,4640,-1,817,4640,819,-1,819,4640,4639,-1,819,4639,820,-1,820,4639,4638,-1,820,4638,1562,-1,1562,4638,4637,-1,1562,4637,822,-1,822,4637,4636,-1,822,4636,823,-1,823,4636,4632,-1,823,4632,1558,-1,1558,4632,4631,-1,1558,4631,1559,-1,1559,4631,4635,-1,1559,4635,825,-1,825,4635,4634,-1,825,4634,826,-1,826,4634,4633,-1,826,4633,1556,-1,1556,4633,4615,-1,1556,4615,1557,-1,1557,4615,4614,-1,1557,4614,1554,-1,1554,4614,4618,-1,1554,4618,828,-1,828,4618,4617,-1,828,4617,829,-1,829,4617,4616,-1,829,4616,1553,-1,1553,4616,715,-1,1553,715,831,-1,831,715,714,-1,831,714,832,-1,832,714,4586,-1,832,4586,834,-1,834,4586,4585,-1,834,4585,835,-1,835,4585,4589,-1,835,4589,1551,-1,1551,4589,4588,-1,1551,4588,1546,-1,1546,4588,4587,-1,1546,4587,1547,-1,1547,4587,4569,-1,1547,4569,1549,-1,1549,4569,4568,-1,1549,4568,1545,-1,1545,4568,4572,-1,1545,4572,837,-1,837,4572,4571,-1,837,4571,838,-1,838,4571,4570,-1,838,4570,1544,-1,1544,4570,4552,-1,1544,4552,840,-1,840,4552,4551,-1,840,4551,841,-1,841,4551,4555,-1,841,4555,843,-1,843,4555,4554,-1,843,4554,844,-1,844,4554,4553,-1,844,4553,1542,-1,1542,4553,4537,-1,1542,4537,1537,-1,1537,4537,4536,-1,1537,4536,1538,-1,1538,4536,4535,-1,1538,4535,1540,-1,1540,4535,4534,-1,1540,4534,1536,-1,1536,4534,4533,-1,1536,4533,846,-1,846,4533,4532,-1,846,4532,847,-1,847,4532,4531,-1,847,4531,1534,-1,1534,4531,4530,-1,1534,4530,1535,-1,1535,4530,4529,-1,1535,4529,1532,-1,1532,4529,4528,-1,1532,4528,849,-1,849,4528,4527,-1,849,4527,850,-1,850,4527,4526,-1,850,4526,1530,-1,1530,4526,4525,-1,1530,4525,1531,-1,1531,4525,4524,-1,1531,4524,1525,-1,1525,4524,4520,-1,1525,4520,1526,-1,1526,4520,4519,-1,1526,4519,1528,-1,1528,4519,4523,-1,1528,4523,852,-1,852,4523,4522,-1,852,4522,853,-1,853,4522,4521,-1,853,4521,1524,-1,1524,4521,4503,-1,1524,4503,855,-1,855,4503,4502,-1,855,4502,856,-1,856,4502,4506,-1,856,4506,858,-1,858,4506,4505,-1,858,4505,859,-1,859,4505,4504,-1,859,4504,1522,-1,1522,4504,718,-1,1522,718,861,-1,861,718,717,-1,861,717,862,-1,862,717,4474,-1,862,4474,1518,-1,1518,4474,4473,-1,1518,4473,1519,-1,1519,4473,4477,-1,1519,4477,864,-1,864,4477,4476,-1,864,4476,865,-1,865,4476,4475,-1,865,4475,1516,-1,1516,4475,4457,-1,1516,4457,1517,-1,1517,4457,4456,-1,1517,4456,1514,-1,1514,4456,4460,-1,1514,4460,867,-1,867,4460,4459,-1,867,4459,868,-1,868,4459,4458,-1,868,4458,1513,-1,1513,4458,721,-1,1513,721,870,-1,870,721,720,-1,870,720,871,-1,871,720,4431,-1,871,4431,873,-1,873,4431,4418,-1,873,4418,874,-1,874,4418,4417,-1,874,4417,1511,-1,1511,4417,4416,-1,1511,4416,1506,-1,1506,4416,4415,-1,1506,4415,1507,-1,1507,4415,4411,-1,1507,4411,1509,-1,1509,4411,4410,-1,1509,4410,1505,-1,1505,4410,4414,-1,1505,4414,876,-1,876,4414,4413,-1,876,4413,877,-1,877,4413,4412,-1,877,4412,1504,-1,1504,4412,4394,-1,1504,4394,879,-1,879,4394,4393,-1,879,4393,880,-1,880,4393,4397,-1,880,4397,882,-1,882,4397,4396,-1,882,4396,883,-1,883,4396,4395,-1,883,4395,1502,-1,1502,4395,4379,-1,1502,4379,1497,-1,1497,4379,4378,-1,1497,4378,1498,-1,1498,4378,4377,-1,1498,4377,1500,-1,1500,4377,4376,-1,1500,4376,1496,-1,1496,4376,4375,-1,1496,4375,885,-1,885,4375,4374,-1,885,4374,886,-1,886,4374,4373,-1,886,4373,1493,-1,1493,4373,4372,-1,1493,4372,1494,-1,1494,4372,4371,-1,1494,4371,1491,-1,1491,4371,4370,-1,1491,4370,888,-1,888,4370,4369,-1,888,4369,889,-1,889,4369,4368,-1,889,4368,1489,-1,1489,4368,4367,-1,1489,4367,1490,-1,1490,4367,4366,-1,1490,4366,1484,-1,1484,4366,4362,-1,1484,4362,1485,-1,1485,4362,4361,-1,1485,4361,1487,-1,1487,4361,4365,-1,1487,4365,891,-1,891,4365,4364,-1,891,4364,892,-1,892,4364,4363,-1,892,4363,1483,-1,1483,4363,4345,-1,1483,4345,894,-1,894,4345,4344,-1,894,4344,895,-1,895,4344,4348,-1,895,4348,897,-1,897,4348,4347,-1,897,4347,898,-1,898,4347,4346,-1,898,4346,1481,-1,1481,4346,724,-1,1481,724,900,-1,900,724,723,-1,900,723,901,-1,901,723,4316,-1,901,4316,1477,-1,1477,4316,4315,-1,1477,4315,1478,-1,1478,4315,4319,-1,1478,4319,903,-1,903,4319,4318,-1,5122,696,5124,-1,696,5059,5124,-1,5124,5059,5058,-1,5124,5058,1086,-1,1086,5058,5062,-1,1086,5062,1079,-1,1079,5062,5061,-1,1079,5061,1088,-1,1088,5061,5060,-1,1088,5060,1087,-1,1087,5060,5042,-1,1087,5042,1681,-1,1681,5042,5041,-1,1681,5041,1678,-1,1678,5041,5045,-1,1678,5045,1679,-1,1679,5045,5044,-1,1679,5044,1675,-1,1675,5044,5043,-1,1675,5043,1676,-1,1676,5043,700,-1,1676,700,1691,-1,1691,700,699,-1,1691,699,1672,-1,1672,699,5013,-1,1672,5013,1673,-1,1673,5013,5012,-1,1673,5012,1669,-1,1669,5012,5016,-1,1669,5016,1670,-1,1670,5016,5015,-1,1670,5015,756,-1,756,5015,5014,-1,756,5014,757,-1,757,5014,4996,-1,757,4996,1712,-1,1712,4996,4995,-1,1712,4995,1666,-1,1666,4995,4999,-1,1666,4999,1667,-1,1667,4999,4998,-1,1667,4998,1663,-1,1663,4998,4997,-1,1663,4997,1664,-1,1664,4997,4979,-1,1664,4979,1704,-1,1704,4979,4978,-1,1704,4978,1660,-1,1660,4978,4982,-1,1660,4982,1661,-1,1661,4982,4981,-1,1661,4981,1657,-1,1657,4981,4980,-1,1657,4980,1658,-1,1658,4980,4964,-1,1658,4964,759,-1,759,4964,4963,-1,759,4963,760,-1,760,4963,4962,-1,760,4962,1741,-1,1741,4962,4961,-1,1741,4961,1654,-1,1654,4961,4960,-1,1654,4960,1655,-1,1655,4960,4959,-1,1655,4959,1651,-1,1651,4959,4958,-1,1651,4958,1652,-1,1652,4958,4957,-1,1652,4957,1727,-1,1727,4957,4956,-1,1727,4956,1648,-1,1648,4956,4955,-1,1648,4955,1649,-1,1649,4955,4954,-1,1649,4954,1645,-1,1645,4954,4953,-1,1645,4953,1646,-1,1646,4953,4952,-1,1646,4952,1764,-1,1764,4952,4951,-1,1764,4951,1644,-1,1644,4951,4947,-1,1644,4947,762,-1,762,4947,4946,-1,762,4946,763,-1,763,4946,4950,-1,763,4950,1807,-1,1807,4950,4949,-1,1807,4949,1641,-1,1641,4949,4948,-1,1641,4948,1642,-1,1642,4948,4930,-1,1642,4930,1791,-1,1791,4930,4929,-1,1791,4929,1638,-1,1638,4929,4933,-1,1638,4933,1639,-1,1639,4933,4932,-1,1639,4932,1635,-1,1635,4932,4931,-1,1635,4931,1636,-1,1636,4931,703,-1,1636,703,1856,-1,1856,703,702,-1,1856,702,1634,-1,1634,702,4901,-1,1634,4901,765,-1,765,4901,4900,-1,765,4900,766,-1,766,4900,4904,-1,766,4904,1885,-1,1885,4904,4903,-1,1885,4903,1631,-1,1631,4903,4902,-1,1631,4902,1632,-1,1632,4902,4884,-1,1632,4884,1906,-1,1906,4884,4883,-1,1906,4883,1628,-1,1628,4883,4887,-1,1628,4887,1629,-1,1629,4887,4886,-1,1629,4886,1625,-1,1625,4886,4885,-1,1625,4885,1626,-1,1626,4885,706,-1,1626,706,1821,-1,1821,706,705,-1,1821,705,1622,-1,1622,705,4855,-1,1622,4855,1623,-1,1623,4855,4854,-1,1623,4854,1619,-1,1619,4854,4858,-1,1619,4858,1620,-1,1620,4858,4857,-1,1620,4857,768,-1,768,4857,4856,-1,768,4856,769,-1,769,4856,4838,-1,769,4838,1720,-1,1720,4838,4837,-1,1720,4837,1616,-1,1616,4837,4841,-1,1616,4841,1617,-1,1617,4841,4840,-1,1617,4840,1613,-1,1613,4840,4839,-1,1613,4839,1614,-1,1614,4839,4821,-1,1614,4821,1682,-1,1682,4821,4820,-1,1682,4820,1609,-1,1609,4820,4824,-1,1609,4824,1610,-1,1610,4824,4823,-1,1610,4823,1611,-1,1611,4823,4822,-1,1611,4822,1612,-1,1612,4822,4806,-1,1612,4806,1606,-1,1606,4806,4805,-1,1606,4805,1607,-1,1607,4805,4804,-1,1607,4804,771,-1,771,4804,4803,-1,771,4803,772,-1,772,4803,4802,-1,772,4802,774,-1,774,4802,4801,-1,774,4801,775,-1,775,4801,4800,-1,775,4800,1605,-1,1605,4800,4799,-1,1605,4799,777,-1,777,4799,4798,-1,777,4798,778,-1,778,4798,4797,-1,778,4797,780,-1,780,4797,4796,-1,780,4796,781,-1,781,4796,4795,-1,781,4795,1603,-1,1603,4795,4794,-1,1603,4794,783,-1,783,4794,4793,-1,783,4793,784,-1,784,4793,4789,-1,784,4789,1599,-1,1599,4789,4788,-1,1599,4788,1600,-1,1600,4788,4792,-1,1600,4792,786,-1,786,4792,4791,-1,786,4791,787,-1,787,4791,4790,-1,787,4790,1597,-1,1597,4790,4772,-1,1597,4772,1598,-1,1598,4772,4771,-1,1598,4771,1595,-1,1595,4771,4775,-1,1595,4775,789,-1,789,4775,4774,-1,789,4774,790,-1,790,4774,4773,-1,790,4773,1594,-1,1594,4773,709,-1,1594,709,792,-1,792,709,708,-1,792,708,793,-1,793,708,4743,-1,793,4743,795,-1,795,4743,4742,-1,795,4742,796,-1,796,4742,4746,-1,796,4746,1592,-1,1592,4746,4745,-1,1592,4745,1587,-1,1587,4745,4744,-1,1587,4744,1588,-1,1588,4744,4726,-1,1588,4726,1590,-1,1590,4726,4725,-1,1590,4725,1586,-1,1586,4725,4729,-1,1586,4729,798,-1,798,4729,4728,-1,798,4728,799,-1,799,4728,4727,-1,799,4727,1585,-1,1585,4727,712,-1,1585,712,801,-1,801,712,711,-1,801,711,802,-1,802,711,4700,-1,802,4700,804,-1,804,4700,4687,-1,804,4687,805,-1,805,4687,4686,-1,805,4686,1583,-1,1583,4686,4685,-1,1583,4685,1578,-1,1578,4685,4684,-1,1578,4684,1579,-1,1579,4684,4680,-1,1579,4680,1581,-1,1581,4680,4679,-1,1581,4679,1577,-1,1577,4679,4683,-1,1577,4683,807,-1,807,4683,4682,-1,807,4682,808,-1,808,4682,4681,-1,808,4681,1575,-1,1575,4681,4663,-1,697,5122,5089,-1,5089,5122,5125,-1,5089,5125,5090,-1,5126,5087,5125,-1,5125,5087,5091,-1,5125,5091,5090,-1,5127,5106,5126,-1,5126,5106,5088,-1,5126,5088,5087,-1,5105,5104,5128,-1,5128,5104,5108,-1,5128,5108,5127,-1,5127,5108,5107,-1,5127,5107,5106,-1,5105,5128,5109,-1,5109,5128,5129,-1,5109,5129,5110,-1,5110,5129,5111,-1,5111,5129,5130,-1,5111,5130,5112,-1,5131,5114,5130,-1,5130,5114,5113,-1,5130,5113,5112,-1,5132,5116,5131,-1,5131,5116,5115,-1,5131,5115,5114,-1,5133,5118,5132,-1,5132,5118,5117,-1,5132,5117,5116,-1,1196,694,5133,-1,5133,694,693,-1,5133,693,5118,-1,1024,5123,1360,-1,1360,5123,5134,-1,1360,5134,1355,-1,1355,5134,1356,-1,1356,5134,5135,-1,1356,5135,1358,-1,5121,1026,5135,-1,5135,1026,1354,-1,5135,1354,1358,-1,1027,5121,1352,-1,1352,5121,5136,-1,1352,5136,1353,-1,5120,1029,5136,-1,5136,1029,1350,-1,5136,1350,1353,-1,1030,5120,1348,-1,1348,5120,5137,-1,1348,5137,1349,-1,1349,5137,1346,-1,1346,5137,5138,-1,1346,5138,1032,-1,5119,1035,5138,-1,5138,1035,1033,-1,5138,1033,1032,-1,1036,5119,1344,-1,1344,5119,5139,-1,1344,5139,1038,-1,1038,5139,1039,-1,1039,5139,5140,-1,1039,5140,1041,-1,1332,1331,5141,-1,5141,1331,1342,-1,5141,1342,5140,-1,5140,1342,1042,-1,5140,1042,1041,-1,5142,5143,5144,-1,5145,5146,5144,-1,5147,5148,5144,-1,5144,5148,5149,-1,5149,5150,5144,-1,5144,5150,5151,-1,5144,5151,5152,-1,5152,5153,5144,-1,5144,5153,5154,-1,5144,5154,5155,-1,5156,5157,5144,-1,5158,5159,5144,-1,5144,5159,5160,-1,5144,5160,5142,-1,5155,5161,5144,-1,5144,5161,5162,-1,5144,5162,5163,-1,5164,5165,5144,-1,5166,5167,5168,-1,5169,5170,5144,-1,5144,5170,5171,-1,5144,5171,5172,-1,5143,5173,5144,-1,5144,5173,5174,-1,5144,5174,5175,-1,5144,5176,5177,-1,5177,5178,5144,-1,5144,5178,5179,-1,5144,5179,5180,-1,5181,5182,5183,-1,5172,5184,5144,-1,5144,5184,5185,-1,5144,5185,5186,-1,5186,5187,5144,-1,5144,5187,5188,-1,5144,5188,5189,-1,5189,5190,5144,-1,5144,5190,5191,-1,5144,5191,5158,-1,5175,5192,5144,-1,5144,5192,5193,-1,5144,5193,5194,-1,5194,5195,5144,-1,5144,5195,5196,-1,5144,5196,5147,-1,5163,5197,5144,-1,5144,5197,5198,-1,5144,5198,5199,-1,5200,5144,5201,-1,5201,5144,5202,-1,5200,5203,5144,-1,5144,5203,5204,-1,5144,5204,5205,-1,5205,5206,5144,-1,5144,5206,5207,-1,5144,5207,5208,-1,5146,5209,5144,-1,5144,5209,5210,-1,5144,5210,5211,-1,5211,5212,5144,-1,5144,5212,5213,-1,5144,5213,5214,-1,5214,5215,5144,-1,5144,5215,5216,-1,5144,5216,5164,-1,5165,5217,5144,-1,5144,5217,5218,-1,5144,5218,5176,-1,5157,5219,5144,-1,5144,5219,5220,-1,5144,5220,5221,-1,5199,5222,5144,-1,5144,5222,5223,-1,5144,5223,5224,-1,5225,5226,5183,-1,5183,5226,5227,-1,5183,5227,5181,-1,5181,5227,5228,-1,5180,5229,5144,-1,5144,5229,5227,-1,5144,5227,5230,-1,5230,5227,5226,-1,5231,5232,5168,-1,5168,5232,5233,-1,5231,5168,5144,-1,5144,5168,5234,-1,5144,5234,5235,-1,5235,5236,5144,-1,5144,5236,5237,-1,5144,5237,5156,-1,5221,5238,5144,-1,5144,5238,5239,-1,5144,5239,5240,-1,5240,5241,5144,-1,5144,5241,5242,-1,5144,5242,5169,-1,5224,5243,5144,-1,5144,5243,5244,-1,5144,5244,5202,-1,5208,5245,5144,-1,5144,5245,5246,-1,5144,5246,5247,-1,5247,5248,5144,-1,5144,5248,5249,-1,5144,5249,5250,-1,5250,5251,5144,-1,5144,5251,5252,-1,5144,5252,5145,-1,5253,5254,5168,-1,5168,5254,5255,-1,5233,5256,5168,-1,5168,5256,5257,-1,5168,5257,5258,-1,5258,5259,5168,-1,5168,5259,5260,-1,5168,5260,5253,-1,5255,5261,5168,-1,5168,5261,5262,-1,5168,5262,5263,-1,5263,5264,5168,-1,5168,5264,5265,-1,5168,5265,5166,-1,5266,5267,5268,-1,5268,5267,5269,-1,5270,5271,5272,-1,5273,5274,5267,-1,5275,5276,5277,-1,5278,5279,5267,-1,5267,5279,5280,-1,5267,5280,5281,-1,5282,5283,5267,-1,5267,5283,5284,-1,5285,5286,5267,-1,5267,5286,5287,-1,5267,5287,5282,-1,5274,5288,5267,-1,5267,5288,5289,-1,5267,5289,5269,-1,5278,5267,5272,-1,5272,5267,5290,-1,5272,5290,5291,-1,5292,5293,5272,-1,5281,5294,5267,-1,5267,5294,5295,-1,5267,5295,5285,-1,5284,5296,5267,-1,5267,5296,5297,-1,5267,5297,5298,-1,5299,5300,5267,-1,5266,5301,5267,-1,5267,5301,5302,-1,5267,5302,5303,-1,5303,5304,5267,-1,5267,5304,5305,-1,5267,5305,5306,-1,5306,5307,5267,-1,5267,5307,5308,-1,5267,5308,5309,-1,5310,5311,5312,-1,5313,5314,5277,-1,5315,5316,5277,-1,5277,5316,5317,-1,5276,5318,5277,-1,5277,5318,5319,-1,5277,5319,5320,-1,5291,5321,5272,-1,5272,5321,5322,-1,5272,5322,5323,-1,5309,5324,5267,-1,5267,5324,5325,-1,5267,5325,5326,-1,5320,5327,5277,-1,5277,5327,5267,-1,5277,5267,5328,-1,5328,5267,5326,-1,5323,5329,5272,-1,5272,5329,5330,-1,5272,5330,5331,-1,5298,5332,5267,-1,5267,5332,5333,-1,5267,5333,5334,-1,5300,5335,5267,-1,5267,5335,5336,-1,5267,5336,5337,-1,5337,5338,5267,-1,5267,5338,5339,-1,5267,5339,5340,-1,5340,5341,5267,-1,5267,5341,5342,-1,5267,5342,5273,-1,5317,5343,5277,-1,5277,5343,5344,-1,5277,5344,5345,-1,5345,5346,5277,-1,5277,5346,5347,-1,5277,5347,5275,-1,5331,5348,5272,-1,5272,5348,5349,-1,5272,5349,5350,-1,5293,5351,5272,-1,5272,5351,5352,-1,5272,5352,5270,-1,5270,5352,5353,-1,5354,5277,5311,-1,5311,5277,5355,-1,5311,5355,5312,-1,5354,5356,5277,-1,5277,5356,5357,-1,5277,5357,5358,-1,5314,5359,5277,-1,5277,5359,5360,-1,5277,5360,5361,-1,5350,5362,5272,-1,5272,5362,5363,-1,5272,5363,5364,-1,5364,5365,5272,-1,5272,5365,5366,-1,5272,5366,5292,-1,5334,5367,5267,-1,5267,5367,5368,-1,5267,5368,5369,-1,5369,5370,5267,-1,5267,5370,5371,-1,5267,5371,5299,-1,5372,5373,5374,-1,5375,5376,5312,-1,5312,5376,5377,-1,5312,5377,5310,-1,5358,5378,5277,-1,5277,5378,5379,-1,5277,5379,5380,-1,5380,5381,5277,-1,5277,5381,5382,-1,5277,5382,5313,-1,5361,5383,5277,-1,5277,5383,5384,-1,5277,5384,5385,-1,5385,5386,5277,-1,5277,5386,5387,-1,5277,5387,5315,-1,5388,5375,5374,-1,5374,5375,5312,-1,5374,5312,5372,-1,5372,5312,5389,-1,5390,5391,5392,-1,5393,5394,5395,-1,5396,5397,5398,-1,5398,5397,5399,-1,5394,5400,5395,-1,5395,5400,5401,-1,5395,5401,5402,-1,5402,5403,5395,-1,5395,5403,5404,-1,5395,5404,5405,-1,5391,5406,5392,-1,5392,5406,5407,-1,5392,5407,5408,-1,5399,5409,5398,-1,5398,5409,5410,-1,5398,5410,5392,-1,5392,5410,5411,-1,5392,5411,5390,-1,5398,5412,5396,-1,5396,5412,5413,-1,5396,5413,5414,-1,5414,5413,5415,-1,5414,5415,5416,-1,5416,5415,5417,-1,5418,5419,5420,-1,5420,5419,5421,-1,5420,5421,5422,-1,5404,5423,5405,-1,5405,5423,5424,-1,5405,5424,5425,-1,5425,5424,5426,-1,5425,5426,5427,-1,5427,5426,5428,-1,5427,5428,5429,-1,5429,5428,5430,-1,5431,5432,5433,-1,5433,5432,5434,-1,5433,5434,5435,-1,5408,5436,5392,-1,5392,5436,5437,-1,5392,5437,5433,-1,5433,5437,5438,-1,5433,5438,5431,-1,5439,5440,5441,-1,5441,5440,5442,-1,5441,5442,5443,-1,5444,5445,5446,-1,5446,5445,5441,-1,5446,5441,5447,-1,5447,5441,5443,-1,5448,5449,5450,-1,5451,5452,5453,-1,5453,5452,5454,-1,5454,5455,5453,-1,5453,5455,5456,-1,5453,5456,5457,-1,5458,5459,5460,-1,5422,5461,5420,-1,5420,5461,5462,-1,5420,5462,5463,-1,5463,5462,5464,-1,5463,5464,5465,-1,5465,5464,5466,-1,5465,5466,5467,-1,5468,5469,5418,-1,5418,5469,5470,-1,5418,5470,5471,-1,5471,5472,5418,-1,5418,5472,5473,-1,5418,5473,5419,-1,5474,5475,5476,-1,5476,5475,5477,-1,5476,5477,5478,-1,5479,5480,5481,-1,5435,5482,5433,-1,5433,5482,5483,-1,5433,5483,5395,-1,5395,5483,5484,-1,5395,5484,5393,-1,5444,5485,5445,-1,5445,5485,5486,-1,5445,5486,5487,-1,5457,5488,5453,-1,5453,5488,5489,-1,5453,5489,5450,-1,5450,5489,5490,-1,5450,5490,5448,-1,5449,5491,5450,-1,5450,5491,5492,-1,5450,5492,5493,-1,5494,5495,5496,-1,5496,5495,5497,-1,5496,5497,5498,-1,5467,5466,5499,-1,5499,5466,5500,-1,5499,5500,5501,-1,5501,5500,5502,-1,5501,5502,5503,-1,5503,5504,5501,-1,5501,5504,5505,-1,5501,5505,5506,-1,5478,5507,5476,-1,5476,5507,5508,-1,5476,5508,5418,-1,5418,5508,5509,-1,5418,5509,5468,-1,5487,5510,5445,-1,5445,5510,5511,-1,5445,5511,5417,-1,5417,5511,5512,-1,5417,5512,5416,-1,5493,5513,5450,-1,5450,5513,5514,-1,5450,5514,5441,-1,5441,5514,5515,-1,5441,5515,5439,-1,5516,5517,5518,-1,5518,5517,5519,-1,5451,5520,5452,-1,5452,5520,5521,-1,5452,5521,5522,-1,5522,5521,5523,-1,5522,5523,5524,-1,5524,5523,5518,-1,5524,5518,5525,-1,5525,5518,5519,-1,5428,5526,5430,-1,5430,5526,5527,-1,5430,5527,5481,-1,5481,5527,5528,-1,5481,5528,5479,-1,5480,5529,5481,-1,5481,5529,5530,-1,5481,5530,5531,-1,5459,5532,5460,-1,5460,5532,5533,-1,5460,5533,5534,-1,5506,5535,5501,-1,5501,5535,5536,-1,5501,5536,5496,-1,5496,5536,5537,-1,5496,5537,5494,-1,5531,5538,5481,-1,5481,5538,5539,-1,5481,5539,5476,-1,5476,5539,5540,-1,5476,5540,5474,-1,5534,5541,5460,-1,5460,5541,5542,-1,5460,5542,5518,-1,5518,5542,5543,-1,5518,5543,5516,-1,5498,5544,5496,-1,5496,5544,5545,-1,5496,5545,5460,-1,5460,5545,5546,-1,5460,5546,5458,-1,5547,5548,5549,-1,5550,5551,5552,-1,5552,5551,5553,-1,5552,5553,5554,-1,5554,5555,5552,-1,5552,5555,5556,-1,5552,5556,5557,-1,5557,5556,5558,-1,5557,5558,5559,-1,5559,5558,5560,-1,5559,5560,5561,-1,5561,5560,5562,-1,5561,5562,5563,-1,5564,5565,5566,-1,5567,5564,5568,-1,5568,5569,5567,-1,5567,5569,5570,-1,5567,5570,5571,-1,5572,5573,5574,-1,5575,5576,5577,-1,5578,5579,5580,-1,5580,5579,5581,-1,5580,5581,5582,-1,5582,5581,5583,-1,5582,5583,5584,-1,5584,5583,5585,-1,5571,5586,5567,-1,5567,5586,5587,-1,5567,5587,5588,-1,5566,5589,5564,-1,5564,5589,5590,-1,5564,5590,5591,-1,5591,5592,5564,-1,5564,5592,5593,-1,5564,5593,5568,-1,5594,5595,5596,-1,5596,5595,5597,-1,5596,5597,5598,-1,5599,5600,5577,-1,5577,5600,5601,-1,5577,5601,5596,-1,5596,5601,5602,-1,5596,5602,5594,-1,5603,5604,5585,-1,5585,5604,5605,-1,5585,5605,5584,-1,5606,5607,5608,-1,5608,5607,5609,-1,5608,5609,5610,-1,5588,5611,5567,-1,5567,5611,5612,-1,5567,5612,5608,-1,5608,5612,5613,-1,5608,5613,5606,-1,5614,5615,5616,-1,5616,5615,5617,-1,5616,5617,5574,-1,5574,5617,5618,-1,5574,5618,5572,-1,5619,5620,5616,-1,5616,5620,5621,-1,5616,5621,5614,-1,5622,5623,5624,-1,5624,5623,5625,-1,5624,5625,5626,-1,5626,5625,5627,-1,5626,5627,5628,-1,5628,5627,5629,-1,5628,5629,5630,-1,5548,5631,5549,-1,5549,5631,5632,-1,5549,5632,5633,-1,5598,5634,5596,-1,5596,5634,5635,-1,5596,5635,5549,-1,5549,5635,5636,-1,5549,5636,5547,-1,5580,5637,5578,-1,5578,5637,5638,-1,5578,5638,5577,-1,5577,5638,5639,-1,5577,5639,5575,-1,5576,5640,5577,-1,5577,5640,5641,-1,5577,5641,5599,-1,5642,5643,5603,-1,5603,5643,5644,-1,5603,5644,5645,-1,5645,5646,5603,-1,5603,5646,5647,-1,5603,5647,5604,-1,5648,5649,5650,-1,5650,5649,5651,-1,5650,5651,5652,-1,5652,5651,5653,-1,5652,5653,5654,-1,5655,5656,5650,-1,5610,5657,5608,-1,5608,5657,5658,-1,5608,5658,5552,-1,5552,5658,5659,-1,5552,5659,5550,-1,5565,5660,5566,-1,5566,5660,5661,-1,5566,5661,5662,-1,5663,5664,5665,-1,5665,5664,5666,-1,5573,5667,5574,-1,5574,5667,5668,-1,5574,5668,5669,-1,5633,5670,5549,-1,5549,5670,5671,-1,5549,5671,5624,-1,5624,5671,5672,-1,5624,5672,5622,-1,5654,5673,5652,-1,5652,5673,5674,-1,5652,5674,5675,-1,5656,5676,5650,-1,5650,5676,5677,-1,5650,5677,5648,-1,5563,5562,5678,-1,5678,5562,5679,-1,5678,5679,5680,-1,5661,5681,5662,-1,5662,5681,5682,-1,5662,5682,5683,-1,5683,5682,5665,-1,5683,5665,5684,-1,5684,5665,5666,-1,5685,5686,5687,-1,5687,5686,5688,-1,5687,5688,5689,-1,5675,5690,5652,-1,5652,5690,5691,-1,5652,5691,5603,-1,5603,5691,5692,-1,5603,5692,5642,-1,5669,5693,5574,-1,5574,5693,5694,-1,5574,5694,5665,-1,5665,5694,5695,-1,5665,5695,5663,-1,5689,5696,5687,-1,5687,5696,5697,-1,5687,5697,5616,-1,5616,5697,5698,-1,5616,5698,5619,-1,5630,5629,5699,-1,5699,5629,5700,-1,5699,5700,5687,-1,5687,5700,5701,-1,5687,5701,5685,-1,5680,5702,5678,-1,5678,5702,5703,-1,5678,5703,5650,-1,5650,5703,5704,-1,5650,5704,5655,-1,5705,5706,5707,-1,5707,5706,5708,-1,5707,5708,5709,-1,5710,5711,5712,-1,5705,5707,5713,-1,5713,5707,5714,-1,5713,5714,5715,-1,5715,5716,5713,-1,5713,5716,5717,-1,5713,5717,5718,-1,5719,5720,5713,-1,5713,5720,5721,-1,5721,5722,5713,-1,5713,5722,5723,-1,5713,5723,5724,-1,5724,5725,5726,-1,5726,5725,5727,-1,5726,5727,5728,-1,5729,5730,5726,-1,5709,5731,5707,-1,5707,5731,5732,-1,5707,5732,5733,-1,5733,5734,5707,-1,5707,5734,5735,-1,5707,5735,5712,-1,5736,5737,5738,-1,5718,5739,5713,-1,5713,5739,5740,-1,5713,5740,5741,-1,5741,5742,5713,-1,5713,5742,5743,-1,5713,5743,5719,-1,5728,5744,5726,-1,5726,5744,5745,-1,5726,5745,5746,-1,5726,5747,5724,-1,5724,5747,5748,-1,5724,5748,5749,-1,5749,5750,5724,-1,5724,5750,5751,-1,5724,5751,5752,-1,5753,5754,5755,-1,5737,5756,5738,-1,5738,5756,5757,-1,5738,5757,5758,-1,5711,5759,5712,-1,5712,5759,5760,-1,5712,5760,5761,-1,5761,5762,5712,-1,5712,5762,5763,-1,5712,5763,5764,-1,5764,5765,5712,-1,5712,5765,5766,-1,5712,5766,5707,-1,5752,5767,5724,-1,5724,5767,5768,-1,5724,5768,5769,-1,5769,5770,5724,-1,5724,5770,5771,-1,5724,5771,5772,-1,5773,5774,5757,-1,5757,5774,5775,-1,5757,5775,5776,-1,5776,5777,5757,-1,5757,5777,5778,-1,5757,5778,5779,-1,5779,5780,5757,-1,5757,5780,5781,-1,5757,5781,5782,-1,5782,5783,5757,-1,5757,5783,5784,-1,5757,5784,5758,-1,5785,5786,5712,-1,5712,5786,5787,-1,5746,5788,5726,-1,5726,5788,5789,-1,5726,5789,5790,-1,5790,5791,5726,-1,5726,5791,5792,-1,5726,5792,5793,-1,5794,5726,5795,-1,5795,5726,5796,-1,5794,5797,5726,-1,5726,5797,5798,-1,5726,5798,5729,-1,5730,5799,5726,-1,5726,5799,5800,-1,5726,5800,5801,-1,5772,5802,5724,-1,5724,5802,5803,-1,5724,5803,5713,-1,5738,5804,5753,-1,5753,5755,5738,-1,5738,5755,5805,-1,5738,5805,5736,-1,5773,5757,5712,-1,5712,5757,5806,-1,5712,5806,5807,-1,5807,5808,5712,-1,5712,5808,5809,-1,5712,5809,5785,-1,5793,5810,5726,-1,5726,5810,5811,-1,5726,5811,5796,-1,5812,5813,5814,-1,5814,5815,5816,-1,5787,5817,5712,-1,5712,5817,5818,-1,5712,5818,5819,-1,5801,5812,5726,-1,5726,5812,5814,-1,5726,5814,5820,-1,5820,5814,5816,-1,5819,5821,5712,-1,5712,5821,5822,-1,5712,5822,5823,-1,5823,5824,5712,-1,5712,5824,5825,-1,5712,5825,5826,-1,5826,5827,5712,-1,5712,5827,5828,-1,5712,5828,5710,-1,5124,1086,1085,-1,1075,1074,5829,-1,5125,5122,5124,-1,5133,5132,5131,-1,1135,1134,5830,-1,5830,1134,1132,-1,5830,1132,5831,-1,1124,1122,5832,-1,1114,5833,1071,-1,1071,5833,1072,-1,5834,1101,1112,-1,1132,1131,5831,-1,5831,1131,1136,-1,5831,1136,1138,-1,1072,5833,1105,-1,1105,5833,5835,-1,1105,5835,1106,-1,1101,5834,1102,-1,1083,1082,5836,-1,5836,1082,1081,-1,5836,1081,5837,-1,5837,1081,1080,-1,1196,5133,1197,-1,1197,5133,5131,-1,1197,5131,1198,-1,5838,1065,1127,-1,1114,1118,5833,-1,5833,1118,1116,-1,5833,1116,5839,-1,5839,1116,1115,-1,5839,1115,1069,-1,5124,1085,5125,-1,5125,1085,1084,-1,5125,1084,1083,-1,1050,1174,5840,-1,1122,1121,5832,-1,5832,1121,1128,-1,5832,1128,5830,-1,5830,1128,1130,-1,5830,1130,1135,-1,5838,1127,5832,-1,5832,1127,1126,-1,5832,1126,1124,-1,1069,1068,5839,-1,5839,1068,1120,-1,5839,1120,5838,-1,5838,1120,1066,-1,5838,1066,1065,-1,1112,1110,5834,-1,5834,1110,1109,-1,5834,1109,5835,-1,5835,1109,1108,-1,5835,1108,1106,-1,1102,5834,1104,-1,1104,5834,5841,-1,1104,5841,1093,-1,1074,1100,5829,-1,5829,1100,1099,-1,5829,1099,5842,-1,1080,1078,5837,-1,5837,1078,1077,-1,5837,1077,1092,-1,1047,1180,5843,-1,1138,1139,5831,-1,5831,1139,1141,-1,5831,1141,5844,-1,5844,1141,1146,-1,5844,1146,1145,-1,1099,1098,5842,-1,5842,1098,1096,-1,5842,1096,5841,-1,5841,1096,1094,-1,5841,1094,1093,-1,1083,5836,5125,-1,5125,5836,5845,-1,5125,5845,5126,-1,5126,5845,5846,-1,5126,5846,5127,-1,5127,5846,5847,-1,5127,5847,5128,-1,5128,5847,5848,-1,5128,5848,5129,-1,5129,5848,5849,-1,5129,5849,5850,-1,1190,1189,5851,-1,5850,5852,5129,-1,5129,5852,1198,-1,5129,1198,5130,-1,5130,1198,5131,-1,1054,1053,5853,-1,5853,1053,1806,-1,5853,1806,5840,-1,5840,1806,1051,-1,5840,1051,1050,-1,1163,1162,5854,-1,5854,1162,1057,-1,5854,1057,5855,-1,5855,1057,1056,-1,5855,1056,1169,-1,1157,1060,5856,-1,1151,1150,5857,-1,1092,1091,5837,-1,5837,1091,1090,-1,5837,1090,5829,-1,5829,1090,1089,-1,5829,1089,1075,-1,5852,5858,1198,-1,1198,5858,5851,-1,1198,5851,1199,-1,1199,5851,1200,-1,1178,1176,5859,-1,5859,1176,1175,-1,5859,1175,5843,-1,5843,1175,1048,-1,5843,1048,1047,-1,1060,1059,5856,-1,5856,1059,1161,-1,5856,1161,5854,-1,5854,1161,1777,-1,5854,1777,1163,-1,1189,1188,5851,-1,5851,1188,1186,-1,5851,1186,1200,-1,1147,5860,1142,-1,1142,5860,5844,-1,1142,5844,1143,-1,1143,5844,1145,-1,1192,1194,5861,-1,5861,1194,1195,-1,5861,1195,5851,-1,5851,1195,1191,-1,5851,1191,1190,-1,1180,1184,5843,-1,5843,1184,1182,-1,5843,1182,5861,-1,5861,1182,1181,-1,5861,1181,1192,-1,1174,1173,5840,-1,5840,1173,1171,-1,5840,1171,5859,-1,5859,1171,1170,-1,5859,1170,1178,-1,1169,1168,5855,-1,5855,1168,1166,-1,5855,1166,5853,-1,5853,1166,1165,-1,5853,1165,1054,-1,1157,5856,1158,-1,1158,5856,5862,-1,1158,5862,1160,-1,1150,1156,5857,-1,5857,1156,1063,-1,5857,1063,5862,-1,5862,1063,1062,-1,5862,1062,1160,-1,1147,1149,5860,-1,5860,1149,1154,-1,5860,1154,5857,-1,5857,1154,1153,-1,5857,1153,1151,-1,5681,5661,5842,-1,5842,5661,5829,-1,5842,5841,5681,-1,5681,5841,5834,-1,5681,5834,5682,-1,5682,5834,5835,-1,5682,5835,5665,-1,5665,5835,5833,-1,5665,5833,5574,-1,5574,5833,5839,-1,5574,5839,5616,-1,5616,5839,5838,-1,5616,5838,5687,-1,5687,5838,5832,-1,5687,5832,5699,-1,5699,5832,5830,-1,5699,5830,5630,-1,5630,5830,5831,-1,5630,5831,5628,-1,5628,5831,5844,-1,5628,5844,5626,-1,5626,5844,5860,-1,5626,5860,5624,-1,5624,5860,5857,-1,5624,5857,5549,-1,5549,5857,5862,-1,5549,5862,5596,-1,5596,5862,5856,-1,5596,5856,5577,-1,5577,5856,5854,-1,5577,5854,5578,-1,5578,5854,5855,-1,5578,5855,5579,-1,5579,5855,5853,-1,5579,5853,5581,-1,5581,5853,5840,-1,5581,5840,5583,-1,5583,5840,5859,-1,5583,5859,5585,-1,5585,5859,5843,-1,5585,5843,5603,-1,5603,5843,5861,-1,5603,5861,5652,-1,5652,5861,5851,-1,5652,5851,5650,-1,5650,5851,5858,-1,5650,5858,5678,-1,5678,5858,5852,-1,5678,5852,5563,-1,5563,5852,5850,-1,5563,5850,5561,-1,5561,5850,5849,-1,5561,5849,5559,-1,5559,5849,5848,-1,5559,5848,5557,-1,5557,5848,5847,-1,5557,5847,5552,-1,5552,5847,5846,-1,5552,5846,5608,-1,5608,5846,5845,-1,5608,5845,5567,-1,5567,5845,5836,-1,5567,5836,5564,-1,5564,5836,5837,-1,5564,5837,5565,-1,5565,5837,5829,-1,5565,5829,5660,-1,5660,5829,5661,-1,5141,5140,5139,-1,1257,1263,5863,-1,1317,1324,5864,-1,1231,1229,5865,-1,1326,1325,5866,-1,1253,1252,5867,-1,5867,1252,1254,-1,5867,1254,5863,-1,5863,1254,1256,-1,5863,1256,1257,-1,1246,1245,5868,-1,5868,1245,1249,-1,5868,1249,5867,-1,5867,1249,1248,-1,5867,1248,1253,-1,1221,1227,5869,-1,1299,1298,5870,-1,1241,1244,5871,-1,5871,1244,1243,-1,5871,1243,5868,-1,5868,1243,1247,-1,5868,1247,1246,-1,5872,1238,1237,-1,1338,1337,5873,-1,5873,1337,1336,-1,5873,1336,1335,-1,1276,1280,5874,-1,5123,5875,5134,-1,5134,5875,5876,-1,5134,5876,5135,-1,5135,5876,5877,-1,5135,5877,5121,-1,5121,5877,5878,-1,5121,5878,5136,-1,5136,5878,5879,-1,5136,5879,5120,-1,5120,5879,5880,-1,5120,5880,5137,-1,5137,5880,5881,-1,5137,5881,5138,-1,5882,5883,1333,-1,1333,5883,5873,-1,1333,5873,1334,-1,1334,5873,1335,-1,5884,1290,1288,-1,1258,1268,5885,-1,5885,1268,1267,-1,5885,1267,5886,-1,5886,1267,1265,-1,5886,1265,1264,-1,1263,1262,5863,-1,5863,1262,1260,-1,5863,1260,5885,-1,5885,1260,1259,-1,5885,1259,1258,-1,1227,1226,5869,-1,5869,1226,1224,-1,5869,1224,5865,-1,5865,1224,1223,-1,5865,1223,1231,-1,5123,1207,1206,-1,1312,1321,5887,-1,5887,1321,1319,-1,5887,1319,5864,-1,5864,1319,1318,-1,5864,1318,1317,-1,1308,1315,5888,-1,5888,1315,1314,-1,5888,1314,5887,-1,5887,1314,1313,-1,5887,1313,1312,-1,1307,1306,5889,-1,5889,1306,1311,-1,5889,1311,5888,-1,5888,1311,1309,-1,5888,1309,1308,-1,1288,1287,5884,-1,5884,1287,1292,-1,5884,1292,5890,-1,5890,1292,1291,-1,5890,1291,1297,-1,1290,5884,1282,-1,1282,5884,5891,-1,1282,5891,1283,-1,1276,5874,1277,-1,1237,1236,5872,-1,5872,1236,1235,-1,5872,1235,5871,-1,5871,1235,1240,-1,5871,1240,1241,-1,1229,1228,5865,-1,5865,1228,1233,-1,5865,1233,5872,-1,5872,1233,1232,-1,5872,1232,1238,-1,1221,5869,1222,-1,1222,5869,5892,-1,1222,5892,1215,-1,1333,1329,5882,-1,5882,1329,5138,-1,5882,5138,5893,-1,5893,5138,5881,-1,1324,1323,5864,-1,5864,1323,1045,-1,5864,1045,5866,-1,5866,1045,1044,-1,5866,1044,1326,-1,1298,1303,5870,-1,5870,1303,1302,-1,5870,1302,5889,-1,5889,1302,2024,-1,5889,2024,1307,-1,1297,1295,5890,-1,5890,1295,1294,-1,5890,1294,5870,-1,5870,1294,1301,-1,5870,1301,1299,-1,1264,1272,5886,-1,5886,1272,1270,-1,5886,1270,5894,-1,5894,1270,1269,-1,1204,1214,5875,-1,5875,1214,1213,-1,5875,1213,1212,-1,1332,5141,1328,-1,1328,5141,5139,-1,1328,5139,1329,-1,1329,5139,5119,-1,1329,5119,5138,-1,5866,1340,5873,-1,5873,1340,1339,-1,5873,1339,1338,-1,1206,1205,5123,-1,5123,1205,1202,-1,5123,1202,5875,-1,5875,1202,1201,-1,5875,1201,1204,-1,1325,2081,5866,-1,5866,2081,1341,-1,5866,1341,1340,-1,1280,1281,5874,-1,5874,1281,1286,-1,5874,1286,5891,-1,5891,1286,1285,-1,5891,1285,1283,-1,1212,1211,5875,-1,5875,1211,1209,-1,5875,1209,1208,-1,1269,1274,5894,-1,5894,1274,1273,-1,5894,1273,5874,-1,5874,1273,1278,-1,5874,1278,1277,-1,1208,1219,5875,-1,5875,1219,1218,-1,5875,1218,5892,-1,5892,1218,1216,-1,5892,1216,1215,-1,5895,5875,5896,-1,5896,5875,5892,-1,5896,5892,5897,-1,5897,5892,5869,-1,5897,5869,5898,-1,5898,5869,5865,-1,5898,5865,5899,-1,5899,5865,5872,-1,5899,5872,5900,-1,5900,5872,5871,-1,5900,5871,5901,-1,5901,5871,5868,-1,5901,5868,5902,-1,5902,5868,5867,-1,5902,5867,5903,-1,5903,5867,5863,-1,5903,5863,5904,-1,5904,5863,5885,-1,5904,5885,5905,-1,5905,5885,5886,-1,5905,5886,5906,-1,5906,5886,5894,-1,5906,5894,5907,-1,5907,5894,5874,-1,5907,5874,5908,-1,5908,5874,5891,-1,5908,5891,5909,-1,5909,5891,5884,-1,5909,5884,5910,-1,5910,5884,5890,-1,5910,5890,5911,-1,5911,5890,5870,-1,5911,5870,5912,-1,5912,5870,5889,-1,5912,5889,5913,-1,5913,5889,5888,-1,5913,5888,5914,-1,5914,5888,5887,-1,5914,5887,5915,-1,5915,5887,5864,-1,5915,5864,5916,-1,5916,5864,5866,-1,5916,5866,5917,-1,5917,5866,5873,-1,5917,5873,5918,-1,5918,5873,5883,-1,5918,5883,5919,-1,5919,5883,5882,-1,5919,5882,5920,-1,5920,5882,5893,-1,5920,5893,5921,-1,5921,5893,5881,-1,5921,5881,5922,-1,5922,5881,5880,-1,5922,5880,5923,-1,5923,5880,5879,-1,5923,5879,5924,-1,5924,5879,5878,-1,5924,5878,5925,-1,5925,5878,5877,-1,5925,5877,5926,-1,5926,5877,5876,-1,5926,5876,5895,-1,5895,5876,5875,-1,5927,5928,5929,-1,5929,5928,5930,-1,5929,5930,5931,-1,5931,5930,5932,-1,5931,5932,5933,-1,5933,5932,5934,-1,5933,5934,5935,-1,5935,5934,5936,-1,5935,5936,5937,-1,5937,5936,5938,-1,5937,5938,5939,-1,5939,5938,5940,-1,5939,5940,5941,-1,5941,5940,5942,-1,5941,5942,5943,-1,5943,5942,5944,-1,5943,5944,5945,-1,5945,5944,5946,-1,5945,5946,5947,-1,5947,5946,5948,-1,5947,5948,5949,-1,5949,5948,5950,-1,5949,5950,5951,-1,5951,5950,5952,-1,5951,5952,5953,-1,5953,5952,5954,-1,5953,5954,5955,-1,5954,5956,5955,-1,5955,5956,5957,-1,5955,5957,5958,-1,5958,5957,5959,-1,5958,5959,5960,-1,5960,5959,5961,-1,5960,5961,5962,-1,5962,5961,5963,-1,5962,5963,5964,-1,5964,5963,5965,-1,5964,5965,5966,-1,5966,5965,5967,-1,5966,5967,5968,-1,5968,5967,5969,-1,5968,5969,5970,-1,5970,5969,5971,-1,5970,5971,5972,-1,5972,5971,5973,-1,5972,5973,5974,-1,5974,5973,5975,-1,5974,5975,5976,-1,5976,5975,5977,-1,5976,5977,5978,-1,5978,5977,5979,-1,5978,5979,5980,-1,5980,5979,5981,-1,5980,5981,5982,-1,5982,5981,5983,-1,5982,5983,5984,-1,5984,5983,5985,-1,5984,5985,5986,-1,5986,5985,5987,-1,5986,5987,5927,-1,5927,5987,5988,-1,5927,5988,5928,-1,5911,5940,5910,-1,5910,5940,5938,-1,5910,5938,5909,-1,5909,5938,5936,-1,5909,5936,5908,-1,5908,5936,5934,-1,5908,5934,5907,-1,5907,5934,5932,-1,5907,5932,5906,-1,5906,5932,5930,-1,5906,5930,5905,-1,5905,5930,5928,-1,5905,5928,5904,-1,5904,5928,5988,-1,5904,5988,5903,-1,5903,5988,5987,-1,5903,5987,5902,-1,5902,5987,5985,-1,5902,5985,5901,-1,5901,5985,5983,-1,5901,5983,5900,-1,5900,5983,5981,-1,5900,5981,5899,-1,5899,5981,5979,-1,5899,5979,5898,-1,5898,5979,5977,-1,5898,5977,5897,-1,5897,5977,5975,-1,5897,5975,5896,-1,5896,5975,5973,-1,5896,5973,5895,-1,5895,5973,5971,-1,5895,5971,5926,-1,5926,5971,5969,-1,5926,5969,5925,-1,5925,5969,5967,-1,5925,5967,5924,-1,5924,5967,5965,-1,5924,5965,5923,-1,5923,5965,5963,-1,5923,5963,5922,-1,5922,5963,5961,-1,5922,5961,5921,-1,5921,5961,5959,-1,5921,5959,5920,-1,5920,5959,5957,-1,5920,5957,5919,-1,5919,5957,5956,-1,5919,5956,5918,-1,5918,5956,5954,-1,5918,5954,5917,-1,5917,5954,5952,-1,5917,5952,5916,-1,5916,5952,5950,-1,5916,5950,5915,-1,5915,5950,5948,-1,5915,5948,5914,-1,5914,5948,5946,-1,5914,5946,5913,-1,5913,5946,5944,-1,5913,5944,5912,-1,5912,5944,5942,-1,5912,5942,5911,-1,5911,5942,5940,-1,5989,5972,5990,-1,5990,5972,5974,-1,5990,5974,5991,-1,5991,5974,5976,-1,5991,5976,5992,-1,5992,5976,5978,-1,5992,5978,5993,-1,5993,5978,5980,-1,5993,5980,5994,-1,5994,5980,5982,-1,5994,5982,5995,-1,5995,5982,5984,-1,5995,5984,5996,-1,5996,5984,5986,-1,5996,5986,5997,-1,5997,5986,5927,-1,5997,5927,5998,-1,5998,5927,5929,-1,5998,5929,5999,-1,5999,5929,5931,-1,5999,5931,6000,-1,6000,5931,5933,-1,6000,5933,6001,-1,6001,5933,5935,-1,6001,5935,6002,-1,6002,5935,5937,-1,6002,5937,6003,-1,6003,5937,5939,-1,6003,5939,6004,-1,6004,5939,5941,-1,6004,5941,6005,-1,6005,5941,5943,-1,6005,5943,6006,-1,6006,5943,5945,-1,6006,5945,6007,-1,6007,5945,5947,-1,6007,5947,6008,-1,6008,5947,5949,-1,6008,5949,6009,-1,6009,5949,5951,-1,6009,5951,6010,-1,6010,5951,5953,-1,6010,5953,6011,-1,6011,5953,5955,-1,6011,5955,6012,-1,6012,5955,5958,-1,6012,5958,6013,-1,6013,5958,5960,-1,6013,5960,6014,-1,6014,5960,5962,-1,6014,5962,6015,-1,6015,5962,5964,-1,6015,5964,6016,-1,6016,5964,5966,-1,6016,5966,6017,-1,6017,5966,5968,-1,6017,5968,6018,-1,6018,5968,5970,-1,6018,5970,5989,-1,5989,5970,5972,-1,
        ]
    }
}
Shape{
    appearance Appearance {
        material  Material 	{
            diffuseColor 1.0 1.0 1.0
            specularColor 0.5019607843137255 0.5019607843137255 0.5019607843137255
            ambientIntensity 1.0
            transparency 0.0
            shininess 0.5
        }
    }
    geometry IndexedFaceSet {
        ccw TRUE
        solid FALSE
        coord DEF co Coordinate {
            point [
                -3.9665 -0.2642 2.8272, -3.9665 -0.8073 3.1162, -3.9665 -0.2367 2.8937, -3.9665 -0.7147 3.2766, -3.9665 -0.1929 2.9508, -3.9665 -0.5908 3.4142, -3.9665 -0.1358 2.9946, -3.9665 -0.4409 3.5231, -3.9665 -0.0693 3.0221, -3.9665 0.0733 2.4897, -3.9665 0.0946 1.8749, -3.9665 0.002 2.4803, -3.9665 -0.0906 1.8749, -3.9665 -0.0693 2.4897, -3.9665 -0.2718 1.9134, -3.9665 -0.1358 2.5172, -3.9665 -0.4409 1.9888, -3.9665 -0.1929 2.561, -3.9665 -0.5908 2.0976, -3.9665 -0.2367 2.6181, -3.9665 0.2406 2.6181, -3.9665 0.7186 2.2352, -3.9665 0.1969 2.561, -3.9665 0.5947 2.0976, -3.9665 0.1398 2.5172, -3.9665 0.4449 1.9888, -3.9665 0.2757 1.9134, -3.9665 -0.2718 3.5984, -3.9665 -0.0906 3.6369, -3.9665 0.002 3.0315, -3.9665 0.0946 3.6369, -3.9665 0.0733 3.0221, -3.9665 0.2757 3.5984, -3.9665 0.1398 2.9946, -3.9665 0.4449 3.5231, -3.9665 0.1969 2.9508, -3.9665 0.5947 3.4142, -3.9665 0.2406 2.8937, -3.9665 -0.7147 2.2352, -3.9665 -0.8073 2.3956, -3.9665 -0.2642 2.6846, -3.9665 -0.8645 2.5717, -3.9665 -0.2736 2.7559, -3.9665 -0.8838 2.7559, -3.9665 -0.8645 2.9401, -3.9665 0.7186 3.2766, -3.9665 0.8112 3.1162, -3.9665 0.2682 2.8272, -3.9665 0.8684 2.9401, -3.9665 0.2776 2.7559, -3.9665 0.8878 2.7559, -3.9665 0.2682 2.6846, -3.9665 0.8684 2.5717, -3.9665 0.8112 2.3956
            ]
        }
        coordIndex [
            0,1,2,-1,2,1,3,-1,2,3,4,-1,4,3,5,-1,4,5,6,-1,6,5,7,-1,6,7,8,-1,9,10,11,-1,11,10,12,-1,11,12,13,-1,13,12,14,-1,13,14,15,-1,15,14,16,-1,15,16,17,-1,17,16,18,-1,17,18,19,-1,20,21,22,-1,22,21,23,-1,22,23,24,-1,24,23,25,-1,24,25,9,-1,9,25,26,-1,9,26,10,-1,7,27,8,-1,8,27,28,-1,8,28,29,-1,29,28,30,-1,29,30,31,-1,31,30,32,-1,31,32,33,-1,33,32,34,-1,33,34,35,-1,35,34,36,-1,35,36,37,-1,18,38,19,-1,19,38,39,-1,19,39,40,-1,40,39,41,-1,40,41,42,-1,42,41,43,-1,42,43,0,-1,0,43,44,-1,0,44,1,-1,36,45,37,-1,37,45,46,-1,37,46,47,-1,47,46,48,-1,47,48,49,-1,49,48,50,-1,49,50,51,-1,51,50,52,-1,51,52,20,-1,20,52,53,-1,20,53,21,-1,
        ]
    }
}
Shape{
    appearance Appearance {
        material  Material 	{
            diffuseColor 1.0 1.0 0.0
            specularColor 0.5019607843137255 0.5019607843137255 0.0
            ambientIntensity 0.886
            transparency 0.0
            shininess 0.5
        }
    }
    geometry IndexedFaceSet {
        ccw TRUE
        solid FALSE
        coord DEF co Coordinate {
            point [
                -2.7854 -0.1949 2.7559, -3.8878 -0.1949 2.7559, -2.7854 -0.1882 2.8069, -3.8878 -0.1882 2.8069, -2.7854 -0.1685 2.8543, -3.8878 -0.1685 2.8543, -2.7854 -0.1372 2.8951, -3.8878 -0.1372 2.8951, -2.7854 -0.0964 2.9264, -3.8878 -0.0964 2.9264, -2.7854 -0.049 2.9461, -3.8878 -0.049 2.9461, -2.7854 0.002 2.9528, -3.8878 0.002 2.9528, -2.7854 0.0529 2.9461, -3.8878 0.0529 2.9461, -2.7854 0.1004 2.9264, -3.8878 0.1004 2.9264, -2.7854 0.1412 2.8951, -3.8878 0.1412 2.8951, -2.7854 0.1725 2.8543, -3.8878 0.1725 2.8543, -2.7854 0.1921 2.8069, -3.8878 0.1921 2.8069, -2.7854 0.1988 2.7559, -3.8878 0.1988 2.7559, -2.7854 0.1921 2.705, -3.8878 0.1921 2.705, -2.7854 0.1725 2.6575, -3.8878 0.1725 2.6575, -2.7854 0.1412 2.6167, -3.8878 0.1412 2.6167, -2.7854 0.1004 2.5854, -3.8878 0.1004 2.5854, -2.7854 0.0529 2.5658, -3.8878 0.0529 2.5658, -2.7854 0.002 2.5591, -3.8878 0.002 2.5591, -2.7854 -0.049 2.5658, -3.8878 -0.049 2.5658, -2.7854 -0.0964 2.5854, -3.8878 -0.0964 2.5854, -2.7854 -0.1372 2.6167, -3.8878 -0.1372 2.6167, -2.7854 -0.1685 2.6575, -3.8878 -0.1685 2.6575, -2.7854 -0.1882 2.705, -3.8878 -0.1882 2.705, -2.7854 0.002 2.7559
            ]
        }
        coordIndex [
            0,1,2,-1,2,1,3,-1,2,3,4,-1,4,3,5,-1,4,5,6,-1,6,5,7,-1,6,7,8,-1,8,7,9,-1,8,9,10,-1,10,9,11,-1,10,11,12,-1,12,11,13,-1,12,13,14,-1,14,13,15,-1,14,15,16,-1,16,15,17,-1,16,17,18,-1,18,17,19,-1,18,19,20,-1,20,19,21,-1,20,21,22,-1,22,21,23,-1,22,23,24,-1,24,23,25,-1,24,25,26,-1,26,25,27,-1,26,27,28,-1,28,27,29,-1,28,29,30,-1,30,29,31,-1,30,31,32,-1,32,31,33,-1,32,33,34,-1,34,33,35,-1,34,35,36,-1,36,35,37,-1,36,37,38,-1,38,37,39,-1,38,39,40,-1,40,39,41,-1,40,41,42,-1,42,41,43,-1,42,43,44,-1,44,43,45,-1,44,45,46,-1,46,45,47,-1,46,47,0,-1,0,47,1,-1,44,46,48,-1,48,46,0,-1,48,0,2,-1,38,40,48,-1,48,40,42,-1,48,42,44,-1,32,34,48,-1,48,34,36,-1,48,36,38,-1,26,28,48,-1,48,28,30,-1,48,30,32,-1,20,22,48,-1,48,22,24,-1,48,24,26,-1,14,16,48,-1,48,16,18,-1,48,18,20,-1,8,10,48,-1,48,10,12,-1,48,12,14,-1,2,4,48,-1,48,4,6,-1,48,6,8,-1,
        ]
    }
}
Shape{
    appearance Appearance {
        material  Material 	{
            diffuseColor 0.996078431372549 0.8705882352941177 0.7607843137254902
            specularColor 0.4980392156862745 0.43529411764705883 0.3803921568627451
            ambientIntensity 0.8956
            transparency 0.0
            shininess 0.5
        }
    }
    geometry IndexedFaceSet {
        ccw TRUE
        solid FALSE
        coord DEF co Coordinate {
            point [
                -3.8878 -0.1882 2.8069, -3.9665 -0.2642 2.8272, -3.8878 -0.1685 2.8543, -3.9665 -0.2367 2.8937, -3.8878 -0.1372 2.8951, -3.9665 -0.1929 2.9508, -3.8878 -0.0964 2.9264, -3.9665 -0.1358 2.9946, -3.8878 -0.049 2.9461, -3.9665 -0.0693 3.0221, -3.8878 0.002 2.9528, -3.9665 0.002 3.0315, -3.8878 0.0529 2.9461, -3.9665 0.0733 3.0221, -3.8878 0.1004 2.9264, -3.9665 0.1398 2.9946, -3.8878 0.1412 2.8951, -3.9665 0.1969 2.9508, -3.8878 0.1725 2.8543, -3.9665 0.2406 2.8937, -3.8878 0.1921 2.8069, -3.9665 0.2682 2.8272, -3.8878 0.1988 2.7559, -3.9665 0.2776 2.7559, -3.8878 0.1921 2.705, -3.9665 0.2682 2.6846, -3.8878 0.1725 2.6575, -3.9665 0.2406 2.6181, -3.8878 0.1412 2.6167, -3.9665 0.1969 2.561, -3.8878 0.1004 2.5854, -3.9665 0.1398 2.5172, -3.8878 0.0529 2.5658, -3.9665 0.0733 2.4897, -3.8878 0.002 2.5591, -3.9665 0.002 2.4803, -3.8878 -0.049 2.5658, -3.9665 -0.0693 2.4897, -3.8878 -0.0964 2.5854, -3.9665 -0.1358 2.5172, -3.8878 -0.1372 2.6167, -3.9665 -0.1929 2.561, -3.8878 -0.1685 2.6575, -3.9665 -0.2367 2.6181, -3.8878 -0.1882 2.705, -3.9665 -0.2642 2.6846, -3.8878 -0.1949 2.7559, -3.9665 -0.2736 2.7559, -1.1619 0.923 1.7545, -1.166 0.923 1.7803, -1.1608 0.9719 1.786, -1.1625 1.0034 1.8349, -1.1539 1.0274 1.8349, -1.1521 1.0217 1.8128, -1.119 1.0894 1.8349, -1.0993 1.1111 1.8349, -1.0788 1.0906 1.7613, -1.1384 1.0367 1.7942, -1.1259 1.0581 1.7959, -1.1155 1.0458 1.7591, -1.1553 0.9688 1.7636, -1.1603 0.923 1.7444, -1.148 0.966 1.7423, -1.1649 0.975 1.8096, -1.1553 0.9943 1.7891, -1.1428 1.01 1.7719, -1.166 0.9777 1.8349, -1.1639 0.9996 1.8349, -1.1596 0.9989 1.8113, -1.148 1.0156 1.7919, -1.1362 1.0053 1.7526, -1.1384 0.9637 1.7212, -1.1155 0.9988 1.7121, -1.1259 0.962 1.6998, -1.0788 0.9965 1.6673, -1.0993 0.923 1.6468, -1.0511 1.0629 1.695, -1.0649 1.0298 1.6812, -1.097 1.0366 1.7213, -1.0649 1.0767 1.7281, -1.1713 0.923 1.8349, -1.1706 0.923 1.8094, -1.1702 0.923 1.8069, -1.1469 1.0471 1.8349, -1.1446 1.0506 1.8349, -1.1307 1.0716 1.8349, -1.1305 0.923 1.6865, -1.1407 0.923 1.6995, -1.1442 0.923 1.7074, -1.1542 0.923 1.7305, -0.9112 1.1824 1.8094, -0.9112 1.1778 1.7803, -0.9364 1.1767 1.7829, -0.9519 1.1503 1.7212, -0.9502 1.1377 1.6998, -0.987 1.1273 1.7121, -0.9741 1.1546 1.7478, -0.9825 1.1671 1.7891, -0.9601 1.1726 1.786, -0.957 1.1671 1.7636, -0.9542 1.1598 1.7423, -0.9348 1.1714 1.7589, -0.9112 1.1737 1.7545, -1.0038 1.1598 1.7919, -0.9935 1.148 1.7526, -1.0249 1.1503 1.7942, -1.034 1.1273 1.7591, -1.0463 1.1377 1.7959, -1.0248 1.1089 1.7213, -1.018 1.0767 1.6812, -0.9847 1.0906 1.6673, -0.9112 1.1111 1.6468, -1.0017 1.1721 1.8349, -0.9916 1.1737 1.8349, -0.9658 1.1778 1.8349, -0.9392 1.182 1.8349, -0.9366 1.1824 1.8349, -0.9112 1.1831 1.8349, -0.9112 1.1721 1.7444, -0.9112 1.166 1.7305, -0.9333 1.1639 1.7362, -0.9112 1.156 1.7074, -0.9112 1.1525 1.6995, -0.9112 1.1424 1.6865, -1.0595 1.1424 1.8349, -1.0466 1.1525 1.8349, -1.0387 1.156 1.8349, -1.0156 1.166 1.8349, 1.1815 1.0034 1.8349, 1.1856 0.9776 1.8349, 1.1805 0.9719 1.786, 1.1822 0.923 1.7545, 1.1736 0.923 1.7305, 1.1718 0.9451 1.7362, 1.1387 0.923 1.6685, 1.119 0.923 1.6468, 1.0985 0.9965 1.6673, 1.1581 0.9637 1.7212, 1.1456 0.962 1.6998, 1.1351 0.9988 1.7121, 1.175 0.9943 1.7891, 1.1799 1.0135 1.8349, 1.1677 1.0156 1.7919, 1.1846 0.9483 1.7829, 1.175 0.9688 1.7636, 1.1625 0.986 1.7478, 1.1857 0.923 1.7802, 1.1835 0.923 1.7583, 1.1792 0.9466 1.7589, 1.1677 0.966 1.7423, 1.1559 1.0053 1.7526, 1.1581 1.0367 1.7942, 1.1351 1.0458 1.7591, 1.1456 1.0581 1.7959, 1.0985 1.0906 1.7613, 1.119 1.1111 1.8349, 1.0707 1.0629 1.695, 1.0846 1.0767 1.7281, 1.1167 1.0366 1.7213, 1.0846 1.0298 1.6812, 1.1909 0.923 1.8349, 1.1903 0.9484 1.8349, 1.1899 0.951 1.8349, 1.1665 0.923 1.7108, 1.1642 0.923 1.7073, 1.1504 0.923 1.6863, 1.1502 1.0713 1.8349, 1.1604 1.0584 1.8349, 1.1638 1.0505 1.8349, 1.1739 1.0274 1.8349, 0.9308 0.9484 1.5755, 0.9308 0.9776 1.5801, 0.9561 0.975 1.5812, 0.9715 1.0367 1.6076, 0.9699 1.0581 1.6201, 1.0067 1.0458 1.6306, 0.9938 1.01 1.6033, 1.0021 0.9688 1.5908, 0.9798 0.9719 1.5852, 0.9767 0.9943 1.5908, 0.9738 1.0156 1.5981, 0.9545 0.9989 1.5865, 0.9308 1.0034 1.5842, 1.0235 0.966 1.5981, 1.0131 1.0053 1.6099, 1.0445 0.9637 1.6076, 1.0537 0.9988 1.6306, 1.0659 0.962 1.6201, 1.0445 1.0366 1.649, 1.0377 1.0767 1.6812, 1.0044 1.0906 1.6673, 0.9308 1.1111 1.6468, 1.0213 0.923 1.5858, 1.0112 0.923 1.5842, 0.9855 0.923 1.5801, 0.9588 0.923 1.5759, 0.9563 0.923 1.5755, 0.9308 0.923 1.5748, 0.9308 1.0135 1.5858, 0.9308 1.0274 1.5919, 0.9529 1.0217 1.594, 0.9308 1.0505 1.6019, 0.9308 1.0584 1.6053, 0.9308 1.0713 1.6155, 1.0792 0.923 1.6155, 1.0662 0.923 1.6053, 1.0583 0.923 1.6019, 1.0352 0.923 1.5919, -0.9112 -1.1697 1.7545, -0.9112 -1.1738 1.7803, -0.9601 -1.1687 1.786, -0.9916 -1.1704 1.8349, -1.0156 -1.1618 1.8349, -1.0099 -1.1599 1.8128, -1.0776 -1.1269 1.8349, -1.0993 -1.1072 1.8349, -1.0788 -1.0867 1.7613, -1.0249 -1.1463 1.7942, -1.0463 -1.1338 1.7959, -1.034 -1.1233 1.7591, -0.957 -1.1631 1.7636, -0.9112 -1.1681 1.7444, -0.9542 -1.1559 1.7423, -0.9632 -1.1728 1.8096, -0.9825 -1.1631 1.7891, -0.9982 -1.1507 1.7719, -0.9659 -1.1738 1.8349, -0.9878 -1.1717 1.8349, -0.9871 -1.1674 1.8113, -1.0038 -1.1559 1.7919, -0.9935 -1.144 1.7526, -0.9519 -1.1463 1.7212, -0.987 -1.1233 1.7121, -0.9502 -1.1338 1.6998, -0.9847 -1.0867 1.6673, -0.9112 -1.1072 1.6468, -1.0511 -1.0589 1.695, -1.018 -1.0727 1.6812, -1.0248 -1.1049 1.7213, -1.0649 -1.0727 1.7281, -0.9112 -1.1791 1.8349, -0.9112 -1.1785 1.8094, -0.9112 -1.1781 1.8069, -1.0353 -1.1547 1.8349, -1.0388 -1.1524 1.8349, -1.0598 -1.1386 1.8349, -0.9112 -1.1384 1.6865, -0.9112 -1.1486 1.6995, -0.9112 -1.152 1.7074, -0.9112 -1.1621 1.7305, -1.1706 -0.919 1.8094, -1.166 -0.919 1.7803, -1.1649 -0.9443 1.7829, -1.1384 -0.9597 1.7212, -1.1259 -0.9581 1.6998, -1.1155 -0.9948 1.7121, -1.1428 -0.982 1.7478, -1.1553 -0.9903 1.7891, -1.1608 -0.968 1.786, -1.1553 -0.9649 1.7636, -1.148 -0.962 1.7423, -1.1596 -0.9427 1.7589, -1.1619 -0.919 1.7545, -1.148 -1.0117 1.7919, -1.1362 -1.0013 1.7526, -1.1384 -1.0327 1.7942, -1.1155 -1.0419 1.7591, -1.1259 -1.0541 1.7959, -1.097 -1.0327 1.7213, -1.0649 -1.0259 1.6812, -1.0788 -0.9926 1.6673, -1.0993 -0.919 1.6468, -1.1603 -1.0095 1.8349, -1.1619 -0.9994 1.8349, -1.166 -0.9736 1.8349, -1.1702 -0.947 1.8349, -1.1706 -0.9445 1.8349, -1.1713 -0.919 1.8349, -1.1603 -0.919 1.7444, -1.1542 -0.919 1.7305, -1.1521 -0.9411 1.7362, -1.1442 -0.919 1.7074, -1.1407 -0.919 1.6995, -1.1305 -0.919 1.6865, -1.1305 -1.0674 1.8349, -1.1407 -1.0544 1.8349, -1.1442 -1.0465 1.8349, -1.1542 -1.0234 1.8349, -0.9916 0.923 3.9276, -0.9658 0.923 3.9317, -0.9601 0.9719 3.9266, -0.9112 1.0034 3.9283, -0.9112 1.0274 3.9197, -0.9333 1.0217 3.9178, -0.9112 1.0894 3.8848, -0.9112 1.1111 3.8651, -0.9847 1.0906 3.8445, -0.9519 1.0367 3.9042, -0.9502 1.0581 3.8917, -0.987 1.0458 3.8812, -0.9825 0.9688 3.921, -1.0017 0.923 3.926, -1.0038 0.966 3.9137, -0.9364 0.975 3.9307, -0.957 0.9943 3.921, -0.9741 1.01 3.9085, -0.9112 0.9777 3.9317, -0.9112 0.9996 3.9296, -0.9348 0.9989 3.9253, -0.9542 1.0156 3.9137, -0.9935 1.0053 3.9019, -1.0249 0.9637 3.9042, -1.034 0.9988 3.8812, -1.0463 0.962 3.8917, -1.0788 0.9965 3.8445, -1.0993 0.923 3.8651, -1.0511 1.0629 3.8168, -1.0649 1.0298 3.8306, -1.0248 1.0366 3.8628, -1.018 1.0767 3.8306, -0.9112 0.923 3.937, -0.9366 0.923 3.9364, -0.9392 0.923 3.936, -0.9112 1.0471 3.9126, -0.9112 1.0506 3.9103, -0.9112 1.0716 3.8965, -1.0595 0.923 3.8963, -1.0466 0.923 3.9065, -1.0387 0.923 3.9099, -1.0156 0.923 3.92, -0.9366 1.1824 3.6769, -0.9658 1.1778 3.6769, -0.9632 1.1767 3.7022, -1.0249 1.1503 3.7176, -1.0463 1.1377 3.7159, -1.034 1.1273 3.7527, -0.9982 1.1546 3.7399, -0.957 1.1671 3.7482, -0.9601 1.1726 3.7258, -0.9825 1.1671 3.7227, -1.0038 1.1598 3.7199, -0.9871 1.1714 3.7006, -0.9916 1.1737 3.6769, -0.9542 1.1598 3.7695, -0.9935 1.148 3.7592, -0.9519 1.1503 3.7906, -0.987 1.1273 3.7997, -0.9502 1.1377 3.812, -1.0248 1.1089 3.7905, -1.0649 1.0767 3.7838, -1.0788 1.0906 3.7505, -1.0993 1.1111 3.6769, -0.9112 1.1721 3.7674, -0.9112 1.1737 3.7573, -0.9112 1.1778 3.7315, -0.9112 1.182 3.7049, -0.9112 1.1824 3.7024, -0.9112 1.1831 3.6769, -1.0017 1.1721 3.6769, -1.0156 1.166 3.6769, -1.0099 1.1639 3.699, -1.0387 1.156 3.6769, -1.0466 1.1525 3.6769, -1.0595 1.1424 3.6769, -0.9112 1.1424 3.8253, -0.9112 1.1525 3.8123, -0.9112 1.156 3.8044, -0.9112 1.166 3.7813, 0.9308 1.0034 3.9276, 0.9308 0.9776 3.9317, 0.9798 0.9719 3.9266, 1.0113 0.923 3.9283, 1.0352 0.923 3.9197, 1.0295 0.9451 3.9178, 1.0972 0.923 3.8848, 1.119 0.923 3.8651, 1.0985 0.9965 3.8445, 1.0445 0.9637 3.9042, 1.0659 0.962 3.8917, 1.0537 0.9988 3.8812, 0.9767 0.9943 3.921, 0.9308 1.0135 3.926, 0.9738 1.0156 3.9137, 0.9829 0.9483 3.9307, 1.0021 0.9688 3.921, 1.0179 0.986 3.9085, 0.9856 0.923 3.9317, 1.0075 0.923 3.9296, 1.0068 0.9466 3.9253, 1.0235 0.966 3.9137, 1.0131 1.0053 3.9019, 0.9715 1.0367 3.9042, 1.0067 1.0458 3.8812, 0.9699 1.0581 3.8917, 1.0044 1.0906 3.8445, 0.9308 1.1111 3.8651, 1.0707 1.0629 3.8168, 1.0377 1.0767 3.8306, 1.0445 1.0366 3.8628, 1.0846 1.0298 3.8306, 0.9308 0.923 3.937, 0.9308 0.9484 3.9364, 0.9308 0.951 3.936, 1.055 0.923 3.9126, 1.0585 0.923 3.9103, 1.0795 0.923 3.8965, 0.9308 1.0713 3.8963, 0.9308 1.0584 3.9065, 0.9308 1.0505 3.9099, 0.9308 1.0274 3.92, 1.1903 0.9484 3.6769, 1.1856 0.9776 3.6769, 1.1846 0.975 3.7022, 1.1581 1.0367 3.7176, 1.1456 1.0581 3.7159, 1.1351 1.0458 3.7527, 1.1625 1.01 3.7399, 1.175 0.9688 3.7482, 1.1805 0.9719 3.7258, 1.175 0.9943 3.7227, 1.1677 1.0156 3.7199, 1.1792 0.9989 3.7006, 1.1815 1.0034 3.6769, 1.1677 0.966 3.7695, 1.1559 1.0053 3.7592, 1.1581 0.9637 3.7906, 1.1351 0.9988 3.7997, 1.1456 0.962 3.812, 1.1167 1.0366 3.7905, 1.0846 1.0767 3.7838, 1.0985 1.0906 3.7505, 1.119 1.1111 3.6769, 1.1799 0.923 3.7674, 1.1815 0.923 3.7573, 1.1856 0.923 3.7315, 1.1899 0.923 3.7049, 1.1903 0.923 3.7024, 1.1909 0.923 3.6769, 1.1799 1.0135 3.6769, 1.1739 1.0274 3.6769, 1.1718 1.0217 3.699, 1.1638 1.0505 3.6769, 1.1604 1.0584 3.6769, 1.1502 1.0713 3.6769, 1.1502 0.923 3.8253, 1.1604 0.923 3.8123, 1.1638 0.923 3.8044, 1.1739 0.923 3.7813, 1.0112 -1.1697 1.8349, 0.9855 -1.1738 1.8349, 0.9798 -1.1687 1.786, 0.9308 -1.1704 1.7545, 0.9308 -1.1618 1.7305, 0.9529 -1.1599 1.7362, 0.9308 -1.1269 1.6685, 0.9308 -1.1072 1.6468, 1.0044 -1.0867 1.6673, 0.9715 -1.1463 1.7212, 0.9699 -1.1338 1.6998, 1.0067 -1.1233 1.7121, 1.0021 -1.1631 1.7891, 1.0213 -1.1681 1.8349, 1.0235 -1.1559 1.7919, 0.9561 -1.1728 1.7829, 0.9767 -1.1631 1.7636, 0.9938 -1.1507 1.7478, 0.9308 -1.1738 1.7802, 0.9308 -1.1717 1.7583, 0.9545 -1.1674 1.7589, 0.9738 -1.1559 1.7423, 1.0131 -1.144 1.7526, 1.0445 -1.1463 1.7942, 1.0537 -1.1233 1.7591, 1.0659 -1.1338 1.7959, 1.0985 -1.0867 1.7613, 1.119 -1.1072 1.8349, 1.0707 -1.0589 1.695, 1.0846 -1.0727 1.7281, 1.0445 -1.1049 1.7213, 1.0377 -1.0727 1.6812, 0.9308 -1.1791 1.8349, 0.9563 -1.1785 1.8349, 0.9588 -1.1781 1.8349, 0.9308 -1.1547 1.7108, 0.9308 -1.1524 1.7073, 0.9308 -1.1386 1.6863, 1.0792 -1.1384 1.8349, 1.0662 -1.1486 1.8349, 1.0583 -1.152 1.8349, 1.0352 -1.1621 1.8349, 0.9563 -0.919 1.5755, 0.9855 -0.919 1.5801, 0.9829 -0.9443 1.5812, 1.0445 -0.9597 1.6076, 1.0659 -0.9581 1.6201, 1.0537 -0.9948 1.6306, 1.0179 -0.982 1.6033, 0.9767 -0.9903 1.5908, 0.9798 -0.968 1.5852, 1.0021 -0.9649 1.5908, 1.0235 -0.962 1.5981, 1.0068 -0.9427 1.5865, 1.0112 -0.919 1.5842, 0.9738 -1.0117 1.5981, 1.0131 -1.0013 1.6099, 0.9715 -1.0327 1.6076, 1.0067 -1.0419 1.6306, 0.9699 -1.0541 1.6201, 1.0445 -1.0327 1.649, 1.0846 -1.0259 1.6812, 1.0985 -0.9926 1.6673, 1.119 -0.919 1.6468, 0.9308 -1.0095 1.5858, 0.9308 -0.9994 1.5842, 0.9308 -0.9736 1.5801, 0.9308 -0.947 1.5759, 0.9308 -0.9445 1.5755, 0.9308 -0.919 1.5748, 1.0213 -0.919 1.5858, 1.0352 -0.919 1.5919, 1.0295 -0.9411 1.594, 1.0583 -0.919 1.6019, 1.0662 -0.919 1.6053, 1.0792 -0.919 1.6155, 0.9308 -1.0674 1.6155, 0.9308 -1.0544 1.6053, 0.9308 -1.0465 1.6019, 0.9308 -1.0234 1.5919, -0.9366 -0.919 3.9364, -0.9658 -0.919 3.9317, -0.9632 -0.9443 3.9307, -1.0249 -0.9597 3.9042, -1.0463 -0.9581 3.8917, -1.034 -0.9948 3.8812, -0.9982 -0.982 3.9085, -0.957 -0.9903 3.921, -0.9601 -0.968 3.9266, -0.9825 -0.9649 3.921, -1.0038 -0.962 3.9137, -0.9871 -0.9427 3.9253, -0.9916 -0.919 3.9276, -0.9542 -1.0117 3.9137, -0.9935 -1.0013 3.9019, -0.9519 -1.0327 3.9042, -0.987 -1.0419 3.8812, -0.9502 -1.0541 3.8917, -0.9847 -1.0867 3.8445, -0.9112 -1.1072 3.8651, -1.0511 -1.0589 3.8168, -1.018 -1.0727 3.8306, -1.0248 -1.0327 3.8628, -1.0649 -1.0259 3.8306, -1.0788 -0.9926 3.8445, -1.0993 -0.919 3.8651, -0.9112 -1.0095 3.926, -0.9112 -0.9994 3.9276, -0.9112 -0.9736 3.9317, -0.9112 -0.947 3.936, -0.9112 -0.9445 3.9364, -0.9112 -0.919 3.937, -1.0017 -0.919 3.926, -1.0156 -0.919 3.92, -1.0099 -0.9411 3.9178, -1.0387 -0.919 3.9099, -1.0466 -0.919 3.9065, -1.0595 -0.919 3.8963, -0.9112 -1.0674 3.8963, -0.9112 -1.0544 3.9065, -0.9112 -1.0465 3.9099, -0.9112 -1.0234 3.92, -1.1706 -0.9445 3.6769, -1.166 -0.9736 3.6769, -1.1649 -0.9711 3.7022, -1.1384 -0.9597 3.7906, -1.1259 -0.9581 3.812, -1.1307 -0.919 3.8256, -1.1384 -1.0327 3.7176, -1.1259 -1.0541 3.7159, -1.1155 -1.0419 3.7527, -1.1428 -1.0061 3.7399, -1.1553 -0.9903 3.7227, -1.148 -1.0117 3.7199, -1.1596 -0.995 3.7006, -1.1608 -0.968 3.7258, -1.1619 -0.9994 3.6769, -1.119 -0.919 3.8433, -1.1155 -0.9948 3.7997, -1.1362 -1.0013 3.7592, -1.148 -0.962 3.7695, -1.1553 -0.9649 3.7482, -1.097 -1.0327 3.7905, -1.0649 -1.0727 3.7838, -1.0788 -1.0867 3.7505, -1.0993 -1.1072 3.6769, -1.1713 -0.919 3.6769, -1.1686 -0.919 3.7048, -1.166 -0.919 3.7317, -1.1639 -0.919 3.7535, -1.1603 -1.0095 3.6769, -1.1542 -1.0234 3.6769, -1.1521 -1.0177 3.699, -1.1442 -1.0465 3.6769, -1.1407 -1.0544 3.6769, -1.1305 -1.0674 3.6769, -1.1446 -0.919 3.8045, -1.1469 -0.919 3.801, -1.1539 -0.919 3.7813, -1.1625 -0.919 3.7573, 0.9563 -1.1785 3.6769, 0.9855 -1.1738 3.6769, 0.9829 -1.1728 3.7022, 1.0445 -1.1463 3.7176, 1.0659 -1.1338 3.7159, 1.0537 -1.1233 3.7527, 1.0179 -1.1507 3.7399, 0.9767 -1.1631 3.7482, 0.9798 -1.1687 3.7258, 1.0021 -1.1631 3.7227, 1.0235 -1.1559 3.7199, 1.0068 -1.1674 3.7006, 1.0112 -1.1697 3.6769, 0.9738 -1.1559 3.7695, 1.0131 -1.144 3.7592, 0.9715 -1.1463 3.7906, 1.0067 -1.1233 3.7997, 0.9699 -1.1338 3.812, 1.0044 -1.0867 3.8445, 0.9308 -1.1072 3.8651, 1.0707 -1.0589 3.8168, 1.0377 -1.0727 3.8306, 1.0445 -1.1049 3.7905, 1.0846 -1.0727 3.7838, 1.0985 -1.0867 3.7505, 1.119 -1.1072 3.6769, 0.9308 -1.1681 3.7674, 0.9308 -1.1697 3.7573, 0.9308 -1.1738 3.7315, 0.9308 -1.1781 3.7049, 0.9308 -1.1785 3.7024, 0.9308 -1.1791 3.6769, 1.0213 -1.1681 3.6769, 1.0352 -1.1621 3.6769, 1.0295 -1.1599 3.699, 1.0583 -1.152 3.6769, 1.0662 -1.1486 3.6769, 1.0792 -1.1384 3.6769, 0.9308 -1.1384 3.8253, 0.9308 -1.1486 3.8123, 0.9308 -1.152 3.8044, 0.9308 -1.1621 3.7813, 1.1903 -0.919 3.7024, 1.1856 -0.919 3.7315, 1.1846 -0.9443 3.729, 1.1581 -1.0327 3.7176, 1.1456 -1.0541 3.7159, 1.1504 -1.0677 3.6769, 1.1581 -0.9597 3.7906, 1.1456 -0.9581 3.812, 1.1351 -0.9948 3.7997, 1.1625 -0.982 3.764, 1.175 -0.9649 3.7482, 1.1677 -0.962 3.7695, 1.1792 -0.9427 3.7529, 1.1805 -0.968 3.7258, 1.1815 -0.919 3.7573, 1.1387 -1.0854 3.6769, 1.1351 -1.0419 3.7527, 1.1559 -1.0013 3.7592, 1.1677 -1.0117 3.7199, 1.175 -0.9903 3.7227, 1.1167 -1.0327 3.7905, 1.0846 -1.0259 3.8306, 1.0985 -0.9926 3.8445, 1.119 -0.919 3.8651, 1.1909 -0.919 3.6769, 1.1883 -0.9469 3.6769, 1.1857 -0.9738 3.6769, 1.1835 -0.9956 3.6769, 1.1799 -0.919 3.7674, 1.1739 -0.919 3.7813, 1.1718 -0.9411 3.7756, 1.1638 -0.919 3.8044, 1.1604 -0.919 3.8123, 1.1502 -0.919 3.8253, 1.1642 -1.0466 3.6769, 1.1665 -1.0432 3.6769, 1.1736 -1.0234 3.6769, 1.1822 -0.9995 3.6769, 0.3642 -1.1474 3.9361, 0.3642 -1.1548 3.9339, 0.449 -1.1505 3.9342, 0.5743 -1.1791 3.8735, 0.6078 -1.1791 3.8635, 0.6081 -1.1781 3.8749, 0.449 -1.1785 3.9006, 0.5304 -1.1784 3.8903, 0.5304 -1.1757 3.8998, 0.3999 -1.1791 3.897, 0.4489 -1.1791 3.8928, 0.7511 -1.072 3.935, 0.6818 -1.0968 3.9355, 0.6818 -1.1138 3.9305, 0.6814 -1.0806 3.937, 0.7082 -1.0706 3.937, 0.7507 -1.0491 3.937, 0.781 -1.0339 3.937, 0.876 -1.0103 3.934, 0.8753 -0.9677 3.937, 0.8488 -0.9896 3.937, 0.9107 -0.9384 3.937, 0.9308 -0.9738 3.9317, 0.9308 -0.919 3.937, 0.9308 -1.0432 3.9126, 0.816 -1.0734 3.9259, 0.9308 -1.0466 3.9103, 0.8162 -1.1025 3.9098, 0.9308 -1.0677 3.8965, 0.9308 -1.0234 3.9197, 0.9308 -0.9995 3.9283, 0.9308 -0.9956 3.9296, 0.816 -1.0431 3.9345, 0.8154 -1.0114 3.937, 0.682 -1.1316 3.9208, 0.8164 -1.1294 3.8872, 0.6821 -1.1487 3.9066, 0.8162 -1.152 3.8604, 0.682 -1.1629 3.8895, 0.6818 -1.1726 3.8717, 0.7512 -1.1704 3.8528, 0.816 -1.1681 3.8313, 0.876 -1.1761 3.7681, 0.876 -1.1656 3.8075, 0.816 -1.1766 3.8009, 0.7511 -1.1772 3.8299, 0.7508 -1.1791 3.8073, 0.8052 -1.1791 3.7771, 0.8157 -1.1791 3.7697, 0.8708 -1.1791 3.7306, 0.8758 -1.1791 3.7261, 0.5305 -1.1705 3.9102, 0.5306 -1.1624 3.9203, 0.3642 -1.1708 3.9218, 0.3642 -1.1723 3.9194, 0.3642 -1.1758 3.9135, 0.3642 -1.176 3.9127, 0.3642 -1.1783 3.9053, 0.3642 -1.1786 3.9042, 0.3642 -1.1791 3.8976, 0.4596 -1.1791 3.8919, 0.4892 -1.1791 3.8894, 0.5018 -1.1791 3.8871, 0.5302 -1.1791 3.8817, 0.449 -1.1427 3.9363, 0.3642 -1.1463 3.9365, 0.449 -1.1357 3.937, 0.3642 -1.1398 3.937, 0.5304 -1.1419 3.9335, 0.5304 -1.1325 3.9362, 0.6079 -1.1058 3.937, 0.5455 -1.122 3.937, 0.5303 -1.1243 3.937, 0.4568 -1.1353 3.937, 0.3642 -1.1556 3.9337, 0.5305 -1.1523 3.9283, 0.6081 -1.1296 3.9323, 0.6081 -1.117 3.936, 0.6294 -1.1002 3.937, 0.3642 -1.1615 3.9302, 0.3642 -1.164 3.9287, 0.3642 -1.1674 3.9253, 0.9308 -1.0854 3.8848, 0.6267 -1.1791 3.8578, 0.657 -1.1791 3.8488, 0.6818 -1.1777 3.8547, 0.6814 -1.1791 3.8386, 0.7343 -1.1791 3.8164, 0.1216 -1.1791 3.8976, -0.0068 -1.1791 3.8976, -0.3445 -1.1783 3.9042, -0.3445 -1.1791 3.8976, 0.1296 -1.1791 3.8976, 0.2179 -1.1791 3.8976, 0.2425 -1.1791 3.8976, 0.3035 -1.1791 3.8976, 0.3347 -1.1791 3.8976, -0.3445 -1.1755 3.9134, -0.3445 -1.1758 3.9126, -0.3445 -1.178 3.9069, -0.3445 -1.1782 3.9053, -0.3445 -1.1556 3.9336, -0.3445 -1.1632 3.9293, -0.3445 -1.1639 3.9286, -0.3445 -1.1689 3.9241, -0.3445 -1.1706 3.9217, -0.3445 -1.1722 3.9193, -0.3445 -1.1746 3.9159, -0.3445 -1.155 3.9339, -0.3445 -1.1548 3.934, -0.3445 -1.1474 3.936, -0.3445 -1.1463 3.9363, -0.3445 -1.1455 3.9366, -0.3445 -1.1398 3.937, 1.0445 -0.9597 3.9042, 1.0659 -0.9581 3.8917, 1.0795 -0.919 3.8965, 0.9529 -1.0177 3.9178, 0.9715 -1.0327 3.9042, 0.9699 -1.0541 3.8917, 1.0067 -1.0419 3.8812, 0.9561 -0.9711 3.9307, 0.9767 -0.9903 3.921, 0.9798 -0.968 3.9266, 0.9938 -1.0061 3.9085, 0.9545 -0.995 3.9253, 0.9738 -1.0117 3.9137, 1.0972 -0.919 3.8848, 1.0537 -0.9948 3.8812, 1.0131 -1.0013 3.9019, 1.0235 -0.962 3.9137, 1.0021 -0.9649 3.921, 1.0445 -1.0327 3.8628, 0.9587 -0.919 3.9343, 0.9856 -0.919 3.9317, 1.0075 -0.919 3.9296, 1.0585 -0.919 3.9103, 1.055 -0.919 3.9126, 1.0352 -0.919 3.9197, 1.0113 -0.919 3.9283, -0.7147 -1.0585 3.937, -0.7311 -1.0494 3.937, -0.7315 -1.072 3.935, -0.7856 -1.0192 3.937, -0.796 -1.0118 3.937, -0.7963 -1.0431 3.9345, -0.8511 -0.9727 3.937, -0.8561 -0.9683 3.937, -0.8563 -1.0103 3.934, -0.7613 -1.1791 3.7918, -0.7311 -1.1791 3.807, -0.7315 -1.1772 3.8299, -0.3802 -1.1391 3.937, -0.4293 -1.1349 3.937, -0.4293 -1.1427 3.9363, -0.4695 -1.1315 3.937, -0.5106 -1.1239 3.937, -0.5107 -1.1325 3.9362, -0.5546 -1.1156 3.937, -0.5884 -1.117 3.936, -0.5881 -1.1056 3.937, -0.6621 -1.0968 3.9355, -0.6374 -1.0909 3.937, -0.6617 -1.0807 3.937, -0.5108 -1.1523 3.9283, -0.5109 -1.1624 3.9203, -0.6623 -1.1316 3.9208, -0.5108 -1.1419 3.9335, -0.6625 -1.1487 3.9066, -0.6623 -1.1629 3.8895, -0.5108 -1.1705 3.9102, -0.6621 -1.1726 3.8717, -0.5884 -1.1744 3.8875, -0.4293 -1.1785 3.9006, -0.5107 -1.1784 3.8903, -0.5107 -1.1791 3.8822, -0.5108 -1.1757 3.8998, -0.4294 -1.1763 3.9084, -0.6886 -1.1791 3.8284, -0.6618 -1.1791 3.8385, -0.6621 -1.1777 3.8547, -0.6097 -1.1791 3.8581, -0.5884 -1.1781 3.8749, -0.5882 -1.1791 3.8637, -0.5258 -1.1791 3.8799, -0.9112 -1.1547 3.801, -0.7963 -1.1681 3.8313, -0.9112 -1.1524 3.8045, -0.7966 -1.152 3.8604, -0.9112 -1.1386 3.8256, -0.9112 -1.1738 3.7317, -0.9112 -1.1791 3.6769, -0.891 -1.1791 3.6963, -0.9112 -1.1618 3.7813, -0.9112 -1.1704 3.7573, -0.8563 -1.1761 3.7681, -0.9112 -1.1717 3.7535, -0.8556 -1.1791 3.7256, -0.8291 -1.1791 3.7475, -0.7963 -1.1766 3.8009, -0.7958 -1.1791 3.7693, -0.8563 -1.0496 3.9235, -0.7315 -1.0949 3.9283, -0.6621 -1.1138 3.9305, -0.7963 -1.0734 3.9259, -0.7966 -1.1025 3.9098, -0.7967 -1.1294 3.8872, -0.9112 -1.1269 3.8433, -0.4293 -1.1791 3.8936, -0.4371 -1.1791 3.8932, 1.1592 -1.1783 3.1102, 1.1666 -1.176 3.1102, 1.1623 -1.1763 3.1951, 1.1582 -1.1786 3.1102, 1.1545 -1.1785 3.1951, 1.1903 -1.1427 3.1951, 1.1902 -1.1325 3.2765, 1.1875 -1.1419 3.2765, 1.0838 -1.1772 3.4972, 1.1086 -1.1777 3.4278, 1.1256 -1.1726 3.4278, 1.0925 -1.1791 3.4275, 1.0824 -1.1791 3.4543, 1.0609 -1.1791 3.4968, 1.0457 -1.1791 3.5271, 0.9565 -1.1791 3.6492, 0.9795 -1.1791 3.6214, 1.0221 -1.1761 3.622, 1.0014 -1.1791 3.5949, 0.951 -1.1791 3.6558, 0.9502 -1.1791 3.6568, 1.0852 -1.1681 3.5621, 1.0549 -1.1766 3.562, 1.0232 -1.1791 3.5615, 1.1144 -1.152 3.5623, 1.1434 -1.1629 3.4281, 1.1412 -1.1294 3.5625, 1.1605 -1.1487 3.4282, 1.1638 -1.1025 3.5623, 1.1747 -1.1316 3.4281, 1.1844 -1.1138 3.4278, 1.1879 -1.0103 3.622, 1.1774 -1.0496 3.622, 1.1822 -1.0949 3.4972, 1.1799 -1.0734 3.5621, 1.1884 -1.0431 3.562, 1.189 -1.072 3.4972, 1.1909 -1.0494 3.4969, 1.1909 -1.0192 3.5513, 1.1909 -1.0118 3.5618, 1.1909 -0.9727 3.6168, 1.1909 -0.9683 3.6219, 1.1823 -1.1523 3.2766, 1.1742 -1.1624 3.2766, 1.1826 -1.164 3.1102, 1.1841 -1.1615 3.1102, 1.1876 -1.1556 3.1102, 1.1878 -1.1548 3.1102, 1.1901 -1.1474 3.1102, 1.1909 -1.1391 3.146, 1.1904 -1.1463 3.1102, 1.1909 -1.1398 3.1102, 1.1909 -1.1349 3.195, 1.1909 -1.1315 3.2353, 1.1909 -1.1239 3.2763, 1.1516 -1.1791 3.1102, 1.1477 -1.1791 3.1912, 1.1475 -1.1791 3.1951, 1.1537 -1.1757 3.2765, 1.1443 -1.1784 3.2765, 1.1176 -1.1791 3.354, 1.1338 -1.1791 3.2916, 1.1361 -1.1791 3.2764, 1.1471 -1.1791 3.2029, 1.1289 -1.1781 3.3542, 1.112 -1.1791 3.3755, 1.1145 -1.1791 3.366, 1.1674 -1.1758 3.1102, 1.1641 -1.1705 3.2766, 1.1414 -1.1744 3.3542, 1.1733 -1.1723 3.1102, 1.1758 -1.1708 3.1102, 1.1792 -1.1674 3.1102, 1.1909 -1.1156 3.3204, 1.1909 -1.1056 3.3539, 1.1899 -1.117 3.3542, 1.1895 -1.0968 3.4278, 1.1909 -1.0909 3.4031, 1.1909 -1.0807 3.4275, 1.1909 -1.0585 3.4804, 1.1904 -0.3524 3.9042, 1.1901 -0.3524 3.9053, 1.1903 -0.4372 3.9006, 1.1909 -0.7692 3.7918, 1.1909 -0.7389 3.807, 1.189 -0.7393 3.8299, 1.1876 -0.3524 3.9135, 1.1841 -0.3524 3.9194, 1.1823 -0.5187 3.9102, 1.1509 -0.3881 3.937, 1.1468 -0.4371 3.937, 1.1545 -0.4372 3.9363, 1.1433 -0.4774 3.937, 1.1357 -0.5184 3.937, 1.1443 -0.5186 3.9362, 1.1274 -0.5625 3.937, 1.1289 -0.5963 3.936, 1.1537 -0.5186 3.9335, 1.1256 -0.67 3.9305, 1.1742 -0.5187 3.9203, 1.1641 -0.5187 3.9283, 1.1434 -0.6702 3.9208, 1.1666 -0.3524 3.9339, 1.1592 -0.3524 3.9361, 1.1582 -0.3524 3.9365, 1.1516 -0.3524 3.937, 1.1844 -0.67 3.8717, 1.1862 -0.5963 3.8875, 1.1747 -0.6702 3.8895, 1.1605 -0.6703 3.9066, 1.1826 -0.3524 3.9218, 1.1902 -0.5186 3.8903, 1.1909 -0.5185 3.8822, 1.1878 -0.3524 3.9127, 1.1881 -0.4372 3.9084, 1.1875 -0.5186 3.8998, 1.1909 -0.6964 3.8284, 1.1909 -0.6696 3.8385, 1.1895 -0.6699 3.8547, 1.1909 -0.6176 3.8581, 1.1899 -0.5963 3.8749, 1.1909 -0.5961 3.8637, 1.1909 -0.5337 3.8799, 1.1909 -0.8989 3.6963, 1.1879 -0.8641 3.7681, 1.1909 -0.8635 3.7256, 1.1909 -0.837 3.7475, 1.1799 -0.8042 3.8313, 1.1884 -0.8042 3.8009, 1.1909 -0.8036 3.7693, 0.9801 -0.864 3.937, 1.0221 -0.8641 3.934, 1.0614 -0.8642 3.9235, 1.0549 -0.8042 3.9345, 1.0838 -0.7393 3.935, 1.0612 -0.739 3.937, 1.0311 -0.7934 3.937, 1.0236 -0.8039 3.937, 0.9846 -0.859 3.937, 1.1174 -0.596 3.937, 1.1027 -0.6452 3.937, 1.1086 -0.6699 3.9355, 1.0925 -0.6696 3.937, 1.0703 -0.7225 3.937, 1.1067 -0.7394 3.9283, 1.1144 -0.8044 3.9098, 1.0852 -0.8042 3.9259, 1.1412 -0.8046 3.8872, 1.1638 -0.8044 3.8604, 1.1909 -0.3524 3.8976, 1.1909 -0.4372 3.8936, 1.1909 -0.445 3.8932, 1.1792 -0.3524 3.9253, 1.1758 -0.3524 3.9287, 1.1733 -0.3524 3.9302, 1.1674 -0.3524 3.9337, -1.0249 -1.1463 3.7176, -1.0463 -1.1338 3.7159, -1.0598 -1.1386 3.6769, -0.9333 -1.1599 3.7756, -0.9519 -1.1463 3.7906, -0.9502 -1.1338 3.812, -0.987 -1.1233 3.7997, -0.9364 -1.1728 3.729, -0.957 -1.1631 3.7482, -0.9601 -1.1687 3.7258, -0.9741 -1.1507 3.764, -0.9348 -1.1674 3.7529, -0.9542 -1.1559 3.7695, -1.0776 -1.1269 3.6769, -1.034 -1.1233 3.7527, -0.9935 -1.144 3.7592, -1.0038 -1.1559 3.7199, -0.9825 -1.1631 3.7227, -1.0248 -1.1049 3.7905, -0.939 -1.1764 3.6769, -0.9659 -1.1738 3.6769, -0.9878 -1.1717 3.6769, -1.0388 -1.1524 3.6769, -1.0353 -1.1547 3.6769, -1.0156 -1.1618 3.6769, -0.9916 -1.1704 3.6769, 1.1909 -1.1398 2.4016, 1.1516 -1.1791 3.0186, 1.1516 -1.1791 2.9657, 1.1516 -1.1791 2.4016, 1.1573 -1.1787 2.4016, 1.1898 -1.149 2.4016, 1.19 -1.1474 2.4016, 1.1901 -1.1463 2.4016, 1.1864 -1.158 2.4016, 1.1873 -1.1555 2.4016, 1.1877 -1.1547 2.4016, 1.1581 -1.1785 2.4016, 1.1592 -1.1782 2.4016, 1.1666 -1.1761 2.4016, 1.1668 -1.176 2.4016, 1.1674 -1.1757 2.4016, 1.175 -1.1714 2.4016, 1.1757 -1.1707 2.4016, 1.1807 -1.1662 2.4016, 1.1824 -1.1638 2.4016, 1.184 -1.1614 2.4016, 1.1516 0.3563 3.937, 1.1909 0.3563 3.8976, 1.1905 0.3563 3.9033, 1.1903 0.3563 3.9042, 1.19 0.3563 3.9053, 1.1879 0.3563 3.9127, 1.1878 0.3563 3.9129, 1.1875 0.3563 3.9135, 1.1832 0.3563 3.9211, 1.1826 0.3563 3.9218, 1.178 0.3563 3.9268, 1.1756 0.3563 3.9285, 1.1733 0.3563 3.9301, 1.1698 0.3563 3.9325, 1.1673 0.3563 3.9334, 1.1665 0.3563 3.9337, 1.1608 0.3563 3.9359, 1.1592 0.3563 3.9361, 1.1581 0.3563 3.9362, -1.1385 -0.3524 3.9365, -1.1395 -0.3524 3.9361, -1.1348 -0.4372 3.9363, -1.026 -0.7692 3.937, -1.0413 -0.7389 3.937, -1.0642 -0.7393 3.935, -1.1478 -0.3524 3.9337, -1.1536 -0.3524 3.9302, -1.1445 -0.5187 3.9283, -1.1713 -0.3881 3.897, -1.1713 -0.4371 3.8928, -1.1706 -0.4372 3.9006, -1.1713 -0.4774 3.8894, -1.1713 -0.5184 3.8817, -1.1705 -0.5186 3.8903, -1.1713 -0.5625 3.8735, -1.1702 -0.5963 3.8749, -1.1678 -0.5186 3.8998, -1.1647 -0.67 3.8717, -1.1545 -0.5187 3.9203, -1.1626 -0.5187 3.9102, -1.1551 -0.6702 3.8895, -1.1682 -0.3524 3.9127, -1.1704 -0.3524 3.9053, -1.1707 -0.3524 3.9042, -1.1713 -0.3524 3.8976, -1.1059 -0.67 3.9305, -1.1217 -0.5963 3.9323, -1.1237 -0.6702 3.9208, -1.1409 -0.6703 3.9066, -1.1561 -0.3524 3.9287, -1.1246 -0.5186 3.9362, -1.1164 -0.5185 3.937, -1.1469 -0.3524 3.9339, -1.1426 -0.4372 3.9342, -1.1341 -0.5186 3.9335, -1.0627 -0.6964 3.937, -1.0728 -0.6696 3.937, -1.0889 -0.6699 3.9355, -1.0924 -0.6176 3.937, -1.1092 -0.5963 3.936, -1.0979 -0.5961 3.937, -1.1141 -0.5337 3.937, -0.9305 -0.8989 3.937, -1.0024 -0.8641 3.934, -0.9598 -0.8635 3.937, -0.9818 -0.837 3.937, -1.0655 -0.8042 3.9259, -1.0352 -0.8042 3.9345, -1.0035 -0.8036 3.937, -1.1713 -0.864 3.7261, -1.1683 -0.8641 3.7681, -1.1578 -0.8642 3.8075, -1.1688 -0.8042 3.8009, -1.1693 -0.7393 3.8299, -1.1713 -0.739 3.8073, -1.1713 -0.7934 3.7771, -1.1713 -0.8039 3.7697, -1.1713 -0.859 3.7306, -1.1713 -0.596 3.8635, -1.1713 -0.6452 3.8488, -1.1698 -0.6699 3.8547, -1.1713 -0.6696 3.8386, -1.1713 -0.7225 3.8164, -1.1626 -0.7394 3.8528, -1.1441 -0.8044 3.8604, -1.1602 -0.8042 3.8313, -1.1215 -0.8046 3.8872, -1.0947 -0.8044 3.9098, -1.1319 -0.3524 3.937, -1.1278 -0.4372 3.937, -1.1274 -0.445 3.937, -1.1595 -0.3524 3.9253, -1.163 -0.3524 3.9218, -1.1644 -0.3524 3.9194, -1.1679 -0.3524 3.9135, -1.1704 -1.1474 3.1102, -1.1682 -1.1548 3.1102, -1.1684 -1.1505 3.1951, -1.1078 -1.1791 3.3204, -1.0978 -1.1791 3.3539, -1.1092 -1.1781 3.3542, -1.1348 -1.1785 3.1951, -1.1246 -1.1784 3.2765, -1.1341 -1.1757 3.2765, -1.1693 -1.072 3.4972, -1.1698 -1.0968 3.4278, -1.1647 -1.1138 3.4278, -1.1713 -1.0806 3.4275, -1.1713 -1.0706 3.4543, -1.1713 -1.0491 3.4968, -1.1713 -1.0339 3.5271, -1.1713 -0.9384 3.6568, -1.1713 -0.9677 3.6214, -1.1683 -1.0103 3.622, -1.1713 -0.9896 3.5949, -1.1602 -1.0734 3.5621, -1.1688 -1.0431 3.562, -1.1713 -1.0114 3.5615, -1.1441 -1.1025 3.5623, -1.1551 -1.1316 3.4281, -1.1215 -1.1294 3.5625, -1.1409 -1.1487 3.4282, -1.0947 -1.152 3.5623, -1.1237 -1.1629 3.4281, -1.1059 -1.1726 3.4278, -1.0024 -1.1761 3.622, -1.0352 -1.1766 3.562, -1.004 -1.1791 3.5618, -1.0418 -1.1656 3.622, -1.0871 -1.1704 3.4972, -1.0655 -1.1681 3.5621, -1.0642 -1.1772 3.4972, -1.0415 -1.1791 3.4969, -1.0114 -1.1791 3.5513, -1.1445 -1.1705 3.2766, -1.1545 -1.1624 3.2766, -1.1561 -1.1708 3.1102, -1.1313 -1.1791 3.146, -1.1274 -1.1791 3.1912, -1.1536 -1.1723 3.1102, -1.1478 -1.1758 3.1102, -1.1469 -1.176 3.1102, -1.1395 -1.1783 3.1102, -1.1385 -1.1786 3.1102, -1.1319 -1.1791 3.1102, -1.1271 -1.1791 3.195, -1.1237 -1.1791 3.2353, -1.116 -1.1791 3.2763, -1.1706 -1.1427 3.1951, -1.1707 -1.1463 3.1102, -1.1713 -1.1357 3.1951, -1.1713 -1.1398 3.1102, -1.1678 -1.1419 3.2765, -1.1705 -1.1325 3.2765, -1.1713 -1.1058 3.354, -1.1713 -1.122 3.2916, -1.1713 -1.1243 3.2764, -1.1713 -1.1353 3.2029, -1.1679 -1.1556 3.1102, -1.1626 -1.1523 3.2766, -1.1665 -1.1296 3.3542, -1.1702 -1.117 3.3542, -1.1713 -1.1002 3.3755, -1.1644 -1.1615 3.1102, -1.163 -1.164 3.1102, -1.1595 -1.1674 3.1102, -0.9649 -1.1791 3.6168, -0.9604 -1.1791 3.6219, -0.936 -1.1791 3.6492, -1.0941 -1.1791 3.366, -1.0831 -1.1791 3.4031, -1.0889 -1.1777 3.4278, -1.0728 -1.1791 3.4275, -1.0507 -1.1791 3.4804, 0.3642 -1.1783 1.6065, 0.3642 -1.176 1.5991, 0.449 -1.1763 1.6035, 0.3642 -1.1786 1.6076, 0.449 -1.1785 1.6112, 0.449 -1.1427 1.5755, 0.5304 -1.1325 1.5756, 0.5304 -1.1419 1.5783, 0.7511 -1.1772 1.6819, 0.6818 -1.1777 1.6571, 0.6818 -1.1726 1.6402, 0.6814 -1.1791 1.6733, 0.7082 -1.1791 1.6834, 0.7507 -1.1791 1.7048, 0.781 -1.1791 1.7201, 0.876 -1.1761 1.7437, 0.8753 -1.1791 1.7863, 0.8488 -1.1791 1.7643, 0.9107 -1.1791 1.8155, 0.816 -1.1681 1.6805, 0.8162 -1.152 1.6514, 0.816 -1.1766 1.7109, 0.8154 -1.1791 1.7426, 0.682 -1.1629 1.6224, 0.8164 -1.1294 1.6246, 0.6821 -1.1487 1.6052, 0.8162 -1.1025 1.602, 0.682 -1.1316 1.591, 0.6818 -1.1138 1.5813, 0.7512 -1.0949 1.5835, 0.816 -1.0734 1.5859, 0.876 -1.0103 1.5778, 0.876 -1.0496 1.5883, 0.816 -1.0431 1.5773, 0.7511 -1.072 1.5768, 0.7508 -1.0494 1.5748, 0.8052 -1.0192 1.5748, 0.8157 -1.0118 1.5748, 0.8708 -0.9727 1.5748, 0.8758 -0.9683 1.5748, 0.5305 -1.1523 1.5835, 0.5306 -1.1624 1.5915, 0.3642 -1.164 1.5831, 0.3642 -1.1615 1.5817, 0.3642 -1.1556 1.5781, 0.3642 -1.1548 1.5779, 0.3642 -1.1474 1.5757, 0.3999 -1.1391 1.5748, 0.3642 -1.1463 1.5754, 0.3642 -1.1398 1.5748, 0.4489 -1.1349 1.5748, 0.4892 -1.1315 1.5748, 0.5302 -1.1239 1.5748, 0.3642 -1.1791 1.6142, 0.449 -1.1791 1.6183, 0.4568 -1.1791 1.6186, 0.5304 -1.1784 1.6215, 0.5018 -1.1791 1.6254, 0.4596 -1.1791 1.6191, 0.5304 -1.1757 1.612, 0.6079 -1.1791 1.6481, 0.5455 -1.1791 1.6319, 0.5303 -1.1791 1.6297, 0.6081 -1.1781 1.6369, 0.6294 -1.1791 1.6537, 0.6267 -1.1791 1.653, 0.3642 -1.1758 1.5983, 0.5305 -1.1705 1.6016, 0.6081 -1.1744 1.6244, 0.3642 -1.1723 1.5924, 0.3642 -1.1708 1.59, 0.3642 -1.1674 1.5865, 0.5743 -1.1156 1.5748, 0.6078 -1.1056 1.5748, 0.6081 -1.117 1.5759, 0.6818 -1.0968 1.5763, 0.657 -1.0909 1.5748, 0.6814 -1.0807 1.5748, 0.7343 -1.0585 1.5748, 1.0703 -1.1791 2.0314, 1.0612 -1.1791 2.0149, 1.0838 -1.1772 2.0146, 1.0311 -1.1791 1.9605, 1.0236 -1.1791 1.95, 1.0549 -1.1766 1.9498, 0.9846 -1.1791 1.895, 0.9801 -1.1791 1.89, 1.0221 -1.1761 1.8898, 1.1909 -1.0339 1.9848, 1.1909 -1.0491 2.015, 1.189 -1.072 2.0146, 1.1509 -1.1791 2.3658, 1.1468 -1.1791 2.3168, 1.1545 -1.1785 2.3167, 1.1433 -1.1791 2.2766, 1.1357 -1.1791 2.2355, 1.1443 -1.1784 2.2353, 1.1274 -1.1791 2.1915, 1.1289 -1.1781 2.1577, 1.1174 -1.1791 2.1579, 1.1086 -1.1777 2.084, 1.1027 -1.1791 2.1087, 1.0925 -1.1791 2.0843, 1.1641 -1.1705 2.2352, 1.1742 -1.1624 2.2352, 1.1434 -1.1629 2.0838, 1.1537 -1.1757 2.2353, 1.1605 -1.1487 2.0836, 1.1747 -1.1316 2.0838, 1.1823 -1.1523 2.2352, 1.1844 -1.1138 2.084, 1.1862 -1.1296 2.1576, 1.1903 -1.1427 2.3167, 1.1902 -1.1325 2.2353, 1.1909 -1.1243 2.2354, 1.1875 -1.1419 2.2353, 1.1881 -1.1505 2.3167, 1.1909 -1.0706 2.0575, 1.1909 -1.0806 2.0843, 1.1895 -1.0968 2.084, 1.1909 -1.1002 2.1363, 1.1899 -1.117 2.1577, 1.1909 -1.1058 2.1578, 1.1909 -1.122 2.2202, 1.1665 -1.0432 1.8349, 1.1799 -1.0734 1.9498, 1.1642 -1.0466 1.8349, 1.1638 -1.1025 1.9495, 1.1504 -1.0677 1.8349, 1.1857 -0.9738 1.8349, 1.1909 -0.919 1.8349, 1.1909 -0.9384 1.855, 1.1736 -1.0234 1.8349, 1.1822 -0.9995 1.8349, 1.1879 -1.0103 1.8898, 1.1835 -0.9956 1.8349, 1.1909 -0.9677 1.8904, 1.1909 -0.9896 1.9169, 1.1884 -1.0431 1.9498, 1.1909 -1.0114 1.9503, 0.951 -1.1791 1.8575, 1.0614 -1.1656 1.8898, 1.1067 -1.1704 2.0146, 1.1256 -1.1726 2.084, 1.0852 -1.1681 1.9498, 1.1144 -1.152 1.9495, 1.1412 -1.1294 1.9493, 1.1387 -1.0854 1.8349, 1.1909 -1.1357 2.3167, 1.1909 -1.1353 2.3089, 1.1623 0.4412 3.9342, 1.1903 0.4412 3.9006, 1.1902 0.5226 3.8903, 1.1875 0.5226 3.8998, 1.0838 0.7433 3.935, 1.1086 0.6739 3.9355, 1.1256 0.6739 3.9305, 1.0925 0.6736 3.937, 1.0824 0.7004 3.937, 1.0609 0.7429 3.937, 1.0457 0.7731 3.937, 1.0221 0.8681 3.934, 0.9795 0.8675 3.937, 1.0014 0.8409 3.937, 0.9502 0.9029 3.937, 1.0852 0.8081 3.9259, 1.1144 0.8084 3.9098, 1.0549 0.8081 3.9345, 1.0232 0.8076 3.937, 1.1434 0.6741 3.9208, 1.1412 0.8085 3.8872, 1.1605 0.6743 3.9066, 1.1638 0.8084 3.8604, 1.1747 0.6741 3.8895, 1.1844 0.6739 3.8717, 1.1822 0.7433 3.8528, 1.1799 0.8081 3.8313, 1.1879 0.8681 3.7681, 1.1774 0.8681 3.8075, 1.1884 0.8081 3.8009, 1.189 0.7433 3.8299, 1.1909 0.743 3.8073, 1.1909 0.7974 3.7771, 1.1909 0.8079 3.7697, 1.1909 0.8629 3.7306, 1.1909 0.8679 3.7261, 1.1823 0.5226 3.9102, 1.1742 0.5227 3.9203, 1.1909 0.3921 3.897, 1.1909 0.4411 3.8928, 1.1909 0.4813 3.8894, 1.1909 0.5224 3.8817, 1.1475 0.4411 3.937, 1.1545 0.4412 3.9363, 1.1641 0.5226 3.9283, 1.1537 0.5226 3.9335, 1.1443 0.5226 3.9362, 1.1176 0.6 3.937, 1.1338 0.5376 3.937, 1.1361 0.5225 3.937, 1.1471 0.4489 3.937, 1.1414 0.6002 3.9323, 1.1289 0.6002 3.936, 1.112 0.6216 3.937, 1.1909 0.5664 3.8735, 1.1909 0.6 3.8635, 1.1899 0.6002 3.8749, 1.1895 0.6739 3.8547, 1.1909 0.6492 3.8488, 1.1909 0.6736 3.8386, 1.1909 0.7265 3.8164, 0.3642 1.1822 3.9053, 0.3642 1.18 3.9127, 0.449 1.1802 3.9084, 0.449 1.1467 3.9363, 0.5304 1.1364 3.9362, 0.5304 1.1459 3.9335, 0.7511 1.1811 3.8299, 0.6818 1.1816 3.8547, 0.6818 1.1765 3.8717, 0.6814 1.1831 3.8385, 0.7082 1.1831 3.8284, 0.7507 1.1831 3.807, 0.781 1.1831 3.7918, 0.876 1.1801 3.7681, 0.8753 1.1831 3.7256, 0.8488 1.1831 3.7475, 0.9107 1.1831 3.6963, 0.9308 1.1778 3.7317, 0.9308 1.1831 3.6769, 0.9308 1.1587 3.801, 0.816 1.172 3.8313, 0.9308 1.1564 3.8045, 0.8162 1.1559 3.8604, 0.9308 1.1425 3.8256, 0.9308 1.1658 3.7813, 0.9308 1.1743 3.7573, 0.9308 1.1757 3.7535, 0.816 1.1806 3.8009, 0.8154 1.1831 3.7693, 0.682 1.1669 3.8895, 0.8164 1.1333 3.8872, 0.6821 1.1527 3.9066, 0.8162 1.1065 3.9098, 0.682 1.1355 3.9208, 0.6818 1.1177 3.9305, 0.7512 1.0989 3.9283, 0.816 1.0774 3.9259, 0.876 1.0142 3.934, 0.876 1.0536 3.9235, 0.816 1.047 3.9345, 0.7511 1.076 3.935, 0.7508 1.0533 3.937, 0.8052 1.0232 3.937, 0.8157 1.0158 3.937, 0.8708 0.9767 3.937, 0.8758 0.9722 3.937, 0.5305 1.1563 3.9283, 0.5306 1.1664 3.9203, 0.3642 1.1679 3.9287, 0.3642 1.1655 3.9302, 0.3642 1.1596 3.9337, 0.3642 1.1587 3.9339, 0.3642 1.1514 3.9361, 0.3999 1.1431 3.937, 0.3642 1.1503 3.9365, 0.3642 1.1437 3.937, 0.4489 1.1389 3.937, 0.4892 1.1355 3.937, 0.5302 1.1278 3.937, 0.449 1.1824 3.9006, 0.3642 1.1825 3.9042, 0.449 1.1831 3.8936, 0.3642 1.1831 3.8976, 0.5304 1.1796 3.8998, 0.5304 1.1823 3.8903, 0.6079 1.1831 3.8637, 0.5455 1.1831 3.8799, 0.5303 1.1831 3.8822, 0.4568 1.1831 3.8932, 0.3642 1.1797 3.9135, 0.5305 1.1744 3.9102, 0.6081 1.1783 3.8875, 0.6081 1.182 3.8749, 0.6294 1.1831 3.8581, 0.3642 1.1762 3.9194, 0.3642 1.1748 3.9218, 0.3642 1.1713 3.9253, 0.9308 1.1308 3.8433, 0.5743 1.1196 3.937, 0.6078 1.1096 3.937, 0.6081 1.121 3.936, 0.6818 1.1007 3.9355, 0.657 1.0949 3.937, 0.6814 1.0847 3.937, 0.7343 1.0625 3.937, -0.3445 1.162 3.9325, -0.3445 1.1595 3.9334, -0.3445 1.1437 3.937, -0.3445 1.1503 3.9362, -0.3445 1.1831 3.8976, -0.3445 1.1827 3.9033, -0.3445 1.1587 3.9337, -0.3445 1.153 3.9359, -0.3445 1.1514 3.9361, -0.3445 1.1654 3.9301, -0.3445 1.1678 3.9285, -0.3445 1.1701 3.9268, -0.3445 1.1747 3.9218, -0.3445 1.1753 3.9211, -0.3445 1.1796 3.9135, -0.3445 1.1824 3.9042, -0.3445 1.1821 3.9053, -0.3445 1.18 3.9127, -0.3445 1.18 3.9129, -1.1667 0.3563 3.9159, -1.1677 0.3563 3.9134, -1.1713 0.3563 3.8976, -1.1705 0.3563 3.9042, -1.168 0.3563 3.9126, -1.1701 0.3563 3.9069, -1.1703 0.3563 3.9053, -1.1644 0.3563 3.9193, -1.1627 0.3563 3.9217, -1.1611 0.3563 3.9241, -1.156 0.3563 3.9286, -1.1553 0.3563 3.9293, -1.1477 0.3563 3.9336, -1.1471 0.3563 3.9339, -1.1469 0.3563 3.934, -1.1395 0.3563 3.936, -1.1385 0.3563 3.9363, -1.1376 0.3563 3.9366, -1.1319 0.3563 3.937, -1.1477 -1.1755 2.4016, -1.1319 -1.1791 3.0186, -1.1319 -1.1791 2.9657, -1.1713 -1.1398 2.4016, -1.1708 -1.1455 2.4016, -1.1706 -1.1463 2.4016, -1.1703 -1.1474 2.4016, -1.1682 -1.1548 2.4016, -1.1682 -1.155 2.4016, -1.1678 -1.1556 2.4016, -1.1635 -1.1632 2.4016, -1.1629 -1.1639 2.4016, -1.1583 -1.1689 2.4016, -1.1559 -1.1706 2.4016, -1.1536 -1.1722 2.4016, -1.1501 -1.1746 2.4016, -1.1319 -1.1791 2.4016, -1.1385 -1.1783 2.4016, -1.1396 -1.1782 2.4016, -1.1412 -1.178 2.4016, -1.1469 -1.1758 2.4016, -0.3445 -1.1398 1.5748, -0.3445 -1.1463 1.5756, -0.0068 -1.1791 1.6142, -0.3445 -1.1791 1.6142, -0.3445 -1.1787 1.6085, 0.3347 -1.1791 1.6142, 0.3035 -1.1791 1.6142, 0.2425 -1.1791 1.6142, 0.2179 -1.1791 1.6142, 0.1296 -1.1791 1.6142, 0.1216 -1.1791 1.6142, -0.3445 -1.1474 1.5757, -0.3445 -1.149 1.5759, -0.3445 -1.1547 1.5781, -0.3445 -1.1555 1.5784, -0.3445 -1.158 1.5793, -0.3445 -1.1614 1.5817, -0.3445 -1.1638 1.5833, -0.3445 -1.1662 1.585, -0.3445 -1.1707 1.59, -0.3445 -1.1714 1.5907, -0.3445 -1.1757 1.5984, -0.3445 -1.1785 1.6076, -0.3445 -1.1782 1.6066, -0.3445 -1.1761 1.5991, -0.3445 -1.176 1.599, 1.1581 -0.9597 1.7212, 1.1456 -0.9581 1.6998, 1.1504 -0.919 1.6863, 1.1718 -1.0177 1.8128, 1.1581 -1.0327 1.7942, 1.1456 -1.0541 1.7959, 1.1351 -1.0419 1.7591, 1.1846 -0.9711 1.8096, 1.175 -0.9903 1.7891, 1.1805 -0.968 1.786, 1.1625 -1.0061 1.7719, 1.1792 -0.995 1.8113, 1.1677 -1.0117 1.7919, 1.1387 -0.919 1.6685, 1.1351 -0.9948 1.7121, 1.1559 -1.0013 1.7526, 1.1677 -0.962 1.7423, 1.175 -0.9649 1.7636, 1.1167 -1.0327 1.7213, 1.1883 -0.919 1.8071, 1.1857 -0.919 1.7802, 1.1835 -0.919 1.7583, 1.1642 -0.919 1.7073, 1.1665 -0.919 1.7108, 1.1736 -0.919 1.7305, 1.1822 -0.919 1.7545, 1.0445 1.1503 3.7176, 1.0659 1.1377 3.7159, 1.0795 1.1425 3.6769, 0.9529 1.1639 3.7756, 0.9715 1.1503 3.7906, 0.9699 1.1377 3.812, 1.0067 1.1273 3.7997, 0.9561 1.1767 3.729, 0.9767 1.1671 3.7482, 0.9798 1.1726 3.7258, 0.9938 1.1546 3.764, 0.9545 1.1714 3.7529, 0.9738 1.1598 3.7695, 1.0972 1.1308 3.6769, 1.0537 1.1273 3.7527, 1.0131 1.148 3.7592, 1.0235 1.1598 3.7199, 1.0021 1.1671 3.7227, 1.0445 1.1089 3.7905, 0.9587 1.1804 3.6769, 0.9856 1.1778 3.6769, 1.0075 1.1757 3.6769, 1.0585 1.1564 3.6769, 1.055 1.1587 3.6769, 1.0352 1.1658 3.6769, 1.0113 1.1743 3.6769, -0.7147 1.1831 3.8164, -0.7311 1.1831 3.8073, -0.7315 1.1811 3.8299, -0.7856 1.1831 3.7771, -0.796 1.1831 3.7697, -0.7963 1.1806 3.8009, -0.8511 1.1831 3.7306, -0.8561 1.1831 3.7261, -0.8563 1.1801 3.7681, -0.7613 1.0378 3.937, -0.7311 1.0531 3.937, -0.7315 1.076 3.935, -0.3802 1.1831 3.897, -0.4293 1.1831 3.8928, -0.4293 1.1824 3.9006, -0.4695 1.1831 3.8894, -0.5106 1.1831 3.8817, -0.5107 1.1823 3.8903, -0.5546 1.1831 3.8735, -0.5884 1.182 3.8749, -0.5881 1.1831 3.8635, -0.6621 1.1816 3.8547, -0.6374 1.1831 3.8488, -0.6617 1.1831 3.8386, -0.5108 1.1744 3.9102, -0.5109 1.1664 3.9203, -0.6623 1.1669 3.8895, -0.5108 1.1796 3.8998, -0.6625 1.1527 3.9066, -0.6623 1.1355 3.9208, -0.5108 1.1563 3.9283, -0.6621 1.1177 3.9305, -0.5884 1.1335 3.9323, -0.4293 1.1467 3.9363, -0.5107 1.1364 3.9362, -0.5107 1.1282 3.937, -0.5108 1.1459 3.9335, -0.4294 1.1544 3.9342, -0.6886 1.0745 3.937, -0.6618 1.0846 3.937, -0.6621 1.1007 3.9355, -0.6097 1.1042 3.937, -0.5884 1.121 3.936, -0.5882 1.1098 3.937, -0.5258 1.1259 3.937, -0.7963 1.0774 3.9259, -0.7966 1.1065 3.9098, -0.891 0.9424 3.937, -0.8563 1.0142 3.934, -0.8556 0.9716 3.937, -0.8291 0.9936 3.937, -0.7963 1.047 3.9345, -0.7958 1.0153 3.937, -0.8563 1.1696 3.8075, -0.7315 1.1744 3.8528, -0.6621 1.1765 3.8717, -0.7963 1.172 3.8313, -0.7966 1.1559 3.8604, -0.7967 1.1333 3.8872, -0.4293 1.1396 3.937, -0.4371 1.1393 3.937, -1.1684 0.4412 3.9084, -1.1348 0.4412 3.9363, -1.1246 0.5226 3.9362, -1.1341 0.5226 3.9335, -1.1693 0.7433 3.8299, -1.1698 0.6739 3.8547, -1.1647 0.6739 3.8717, -1.1713 0.6736 3.8385, -1.1713 0.7004 3.8284, -1.1713 0.7429 3.807, -1.1713 0.7731 3.7918, -1.1683 0.8681 3.7681, -1.1713 0.8675 3.7256, -1.1713 0.8409 3.7475, -1.1713 0.9029 3.6963, -1.166 0.923 3.7317, -1.1713 0.923 3.6769, -1.1469 0.923 3.801, -1.1602 0.8081 3.8313, -1.1446 0.923 3.8045, -1.1441 0.8084 3.8604, -1.1307 0.923 3.8256, -1.1539 0.923 3.7813, -1.1625 0.923 3.7573, -1.1639 0.923 3.7535, -1.1688 0.8081 3.8009, -1.1713 0.8076 3.7693, -1.1551 0.6741 3.8895, -1.1215 0.8085 3.8872, -1.1409 0.6743 3.9066, -1.0947 0.8084 3.9098, -1.1237 0.6741 3.9208, -1.1059 0.6739 3.9305, -1.0871 0.7433 3.9283, -1.0655 0.8081 3.9259, -1.0024 0.8681 3.934, -1.0418 0.8681 3.9235, -1.0352 0.8081 3.9345, -1.0642 0.7433 3.935, -1.0415 0.743 3.937, -1.0114 0.7974 3.937, -1.004 0.8079 3.937, -0.9649 0.8629 3.937, -0.9604 0.8679 3.937, -1.1445 0.5226 3.9283, -1.1545 0.5227 3.9203, -1.1313 0.3921 3.937, -1.1271 0.4411 3.937, -1.1237 0.4813 3.937, -1.116 0.5224 3.937, -1.1713 0.4411 3.8936, -1.1706 0.4412 3.9006, -1.1626 0.5226 3.9102, -1.1678 0.5226 3.8998, -1.1705 0.5226 3.8903, -1.1713 0.6 3.8637, -1.1713 0.5376 3.8799, -1.1713 0.5225 3.8822, -1.1713 0.4489 3.8932, -1.1665 0.6002 3.8875, -1.1702 0.6002 3.8749, -1.1713 0.6216 3.8581, -1.119 0.923 3.8433, -1.1078 0.5664 3.937, -1.0978 0.6 3.937, -1.1092 0.6002 3.936, -1.0889 0.6739 3.9355, -1.0831 0.6492 3.937, -1.0728 0.6736 3.937, -1.0507 0.7265 3.937, -1.1713 -1.0585 2.0314, -1.1713 -1.0494 2.0149, -1.1693 -1.072 2.0146, -1.1713 -1.0192 1.9605, -1.1713 -1.0118 1.95, -1.1688 -1.0431 1.9498, -1.1713 -0.9727 1.895, -1.1713 -0.9683 1.89, -1.1683 -1.0103 1.8898, -1.026 -1.1791 1.9848, -1.0413 -1.1791 2.015, -1.0642 -1.1772 2.0146, -1.1713 -1.1391 2.3658, -1.1713 -1.1349 2.3168, -1.1706 -1.1427 2.3167, -1.1713 -1.1315 2.2766, -1.1713 -1.1239 2.2355, -1.1705 -1.1325 2.2353, -1.1713 -1.1156 2.1915, -1.1702 -1.117 2.1577, -1.1713 -1.1056 2.1579, -1.1698 -1.0968 2.084, -1.1713 -1.0909 2.1087, -1.1713 -1.0807 2.0843, -1.1626 -1.1523 2.2352, -1.1545 -1.1624 2.2352, -1.1551 -1.1316 2.0838, -1.1678 -1.1419 2.2353, -1.1409 -1.1487 2.0836, -1.1237 -1.1629 2.0838, -1.1445 -1.1705 2.2352, -1.1059 -1.1726 2.084, -1.1217 -1.1744 2.1576, -1.1348 -1.1785 2.3167, -1.1246 -1.1784 2.2353, -1.1164 -1.1791 2.2354, -1.1341 -1.1757 2.2353, -1.1426 -1.1763 2.3167, -1.0627 -1.1791 2.0575, -1.0728 -1.1791 2.0843, -1.0889 -1.1777 2.084, -1.0924 -1.1791 2.1363, -1.1092 -1.1781 2.1577, -1.0979 -1.1791 2.1578, -1.1141 -1.1791 2.2202, -1.0655 -1.1681 1.9498, -1.0947 -1.152 1.9495, -0.9305 -1.1791 1.855, -1.0024 -1.1761 1.8898, -0.9598 -1.1791 1.8904, -0.9818 -1.1791 1.9169, -1.0352 -1.1766 1.9498, -1.0035 -1.1791 1.9503, -1.1578 -1.0496 1.8898, -1.1626 -1.0949 2.0146, -1.1647 -1.1138 2.084, -1.1602 -1.0734 1.9498, -1.1441 -1.1025 1.9495, -1.1215 -1.1294 1.9493, -1.1278 -1.1791 2.3167, -1.1274 -1.1791 2.3089, -0.7147 -1.1791 1.6954, -0.7311 -1.1791 1.7045, -0.7315 -1.1772 1.6819, -0.7856 -1.1791 1.7347, -0.796 -1.1791 1.7421, -0.7963 -1.1766 1.7109, -0.8511 -1.1791 1.7812, -0.8561 -1.1791 1.7857, -0.8563 -1.1761 1.7437, -0.7613 -1.0339 1.5748, -0.7311 -1.0491 1.5748, -0.7315 -1.072 1.5768, -0.3802 -1.1791 1.6148, -0.4293 -1.1791 1.619, -0.4293 -1.1785 1.6112, -0.4695 -1.1791 1.6224, -0.5106 -1.1791 1.6301, -0.5107 -1.1784 1.6215, -0.5546 -1.1791 1.6383, -0.5884 -1.1781 1.6369, -0.5881 -1.1791 1.6483, -0.6621 -1.1777 1.6571, -0.6374 -1.1791 1.663, -0.6617 -1.1791 1.6732, -0.5108 -1.1705 1.6016, -0.5109 -1.1624 1.5915, -0.6623 -1.1629 1.6224, -0.5108 -1.1757 1.612, -0.6625 -1.1487 1.6052, -0.6623 -1.1316 1.591, -0.5108 -1.1523 1.5835, -0.6621 -1.1138 1.5813, -0.5884 -1.1296 1.5795, -0.4293 -1.1427 1.5755, -0.5107 -1.1325 1.5756, -0.5107 -1.1243 1.5748, -0.5108 -1.1419 1.5783, -0.4294 -1.1505 1.5776, -0.6886 -1.0706 1.5748, -0.6618 -1.0806 1.5748, -0.6621 -1.0968 1.5763, -0.6097 -1.1002 1.5748, -0.5884 -1.117 1.5759, -0.5882 -1.1058 1.5748, -0.5258 -1.122 1.5748, -0.9112 -1.0432 1.5992, -0.7963 -1.0734 1.5859, -0.9112 -1.0466 1.6015, -0.7966 -1.1025 1.602, -0.9112 -1.0677 1.6153, -0.9112 -0.9738 1.5801, -0.9112 -0.919 1.5748, -0.891 -0.9384 1.5748, -0.9112 -1.0234 1.5921, -0.9112 -0.9995 1.5836, -0.8563 -1.0103 1.5778, -0.9112 -0.9956 1.5822, -0.8556 -0.9677 1.5748, -0.8291 -0.9896 1.5748, -0.7963 -1.0431 1.5773, -0.7958 -1.0114 1.5748, -0.8563 -1.1656 1.7043, -0.7315 -1.1704 1.659, -0.6621 -1.1726 1.6402, -0.7963 -1.1681 1.6805, -0.7966 -1.152 1.6514, -0.7967 -1.1294 1.6246, -0.9112 -1.0854 1.627, -0.4293 -1.1357 1.5748, -0.4371 -1.1353 1.5748, 1.1592 -0.3524 1.5757, 1.1666 -0.3524 1.5779, 1.1623 -0.4372 1.5776, 1.1903 -0.4372 1.6112, 1.1902 -0.5186 1.6215, 1.1875 -0.5186 1.612, 1.0838 -0.7393 1.5768, 1.1086 -0.6699 1.5763, 1.1256 -0.67 1.5813, 1.0925 -0.6696 1.5748, 1.0824 -0.6964 1.5748, 1.0609 -0.7389 1.5748, 1.0457 -0.7692 1.5748, 0.9502 -0.8989 1.5748, 0.9795 -0.8635 1.5748, 1.0221 -0.8641 1.5778, 1.0014 -0.837 1.5748, 1.0852 -0.8042 1.5859, 1.0549 -0.8042 1.5773, 1.0232 -0.8036 1.5748, 1.1144 -0.8044 1.602, 1.1434 -0.6702 1.591, 1.1412 -0.8046 1.6246, 1.1605 -0.6703 1.6052, 1.1638 -0.8044 1.6514, 1.1747 -0.6702 1.6224, 1.1844 -0.67 1.6402, 1.1879 -0.8641 1.7437, 1.1774 -0.8642 1.7043, 1.1822 -0.7394 1.659, 1.1799 -0.8042 1.6805, 1.1884 -0.8042 1.7109, 1.189 -0.7393 1.6819, 1.1909 -0.739 1.7045, 1.1909 -0.7934 1.7347, 1.1909 -0.8039 1.7421, 1.1909 -0.859 1.7812, 1.1909 -0.864 1.7857, 1.1823 -0.5187 1.6016, 1.1742 -0.5187 1.5915, 1.1826 -0.3524 1.59, 1.1841 -0.3524 1.5924, 1.1876 -0.3524 1.5983, 1.1878 -0.3524 1.5991, 1.1901 -0.3524 1.6065, 1.1909 -0.3881 1.6148, 1.1904 -0.3524 1.6076, 1.1909 -0.3524 1.6142, 1.1909 -0.4371 1.619, 1.1909 -0.4774 1.6224, 1.1909 -0.5184 1.6301, 1.1545 -0.4372 1.5755, 1.1582 -0.3524 1.5754, 1.1475 -0.4372 1.5748, 1.1516 -0.3524 1.5748, 1.1537 -0.5186 1.5783, 1.1443 -0.5186 1.5756, 1.1176 -0.5961 1.5748, 1.1338 -0.5337 1.5748, 1.1361 -0.5185 1.5748, 1.1471 -0.445 1.5748, 1.1674 -0.3524 1.5781, 1.1641 -0.5187 1.5835, 1.1414 -0.5963 1.5795, 1.1289 -0.5963 1.5759, 1.112 -0.6176 1.5748, 1.1733 -0.3524 1.5817, 1.1758 -0.3524 1.5831, 1.1792 -0.3524 1.5865, 1.1909 -0.5625 1.6383, 1.1909 -0.596 1.6483, 1.1899 -0.5963 1.6369, 1.1895 -0.6699 1.6571, 1.1909 -0.6452 1.663, 1.1909 -0.6696 1.6732, 1.1909 -0.7225 1.6954, 1.1904 1.1503 3.1102, 1.1901 1.1514 3.1102, 1.1903 1.1467 3.1951, 1.1909 1.0378 3.5271, 1.1909 1.0531 3.4968, 1.189 1.076 3.4972, 1.1876 1.1596 3.1102, 1.1841 1.1655 3.1102, 1.1823 1.1563 3.2766, 1.1509 1.1831 3.146, 1.1468 1.1831 3.195, 1.1545 1.1824 3.1951, 1.1433 1.1831 3.2353, 1.1357 1.1831 3.2763, 1.1443 1.1823 3.2765, 1.1274 1.1831 3.3204, 1.1289 1.182 3.3542, 1.1537 1.1796 3.2765, 1.1256 1.1765 3.4278, 1.1742 1.1664 3.2766, 1.1641 1.1744 3.2766, 1.1434 1.1669 3.4281, 1.1666 1.18 3.1102, 1.1592 1.1822 3.1102, 1.1582 1.1825 3.1102, 1.1516 1.1831 3.1102, 1.1844 1.1177 3.4278, 1.1862 1.1335 3.3542, 1.1747 1.1355 3.4281, 1.1605 1.1527 3.4282, 1.1826 1.1679 3.1102, 1.1902 1.1364 3.2765, 1.1909 1.1282 3.2764, 1.1878 1.1587 3.1102, 1.1881 1.1544 3.1951, 1.1875 1.1459 3.2765, 1.1909 1.0745 3.4543, 1.1909 1.0846 3.4275, 1.1895 1.1007 3.4278, 1.1909 1.1042 3.3755, 1.1899 1.121 3.3542, 1.1909 1.1098 3.354, 1.1909 1.1259 3.2916, 1.1909 0.9424 3.6568, 1.1879 1.0142 3.622, 1.1909 0.9716 3.6214, 1.1909 0.9936 3.5949, 1.1799 1.0774 3.5621, 1.1884 1.047 3.562, 1.1909 1.0153 3.5615, 0.9801 1.1831 3.6219, 1.0221 1.1801 3.622, 1.0614 1.1696 3.622, 1.0549 1.1806 3.562, 1.0838 1.1811 3.4972, 1.0612 1.1831 3.4969, 1.0311 1.1831 3.5513, 1.0236 1.1831 3.5618, 0.9846 1.1831 3.6168, 1.1174 1.1831 3.3539, 1.1027 1.1831 3.4031, 1.1086 1.1816 3.4278, 1.0925 1.1831 3.4275, 1.0703 1.1831 3.4804, 1.1067 1.1744 3.4972, 1.1144 1.1559 3.5623, 1.0852 1.172 3.5621, 1.1412 1.1333 3.5625, 1.1638 1.1065 3.5623, 1.1909 1.1437 3.1102, 1.1909 1.1396 3.1951, 1.1909 1.1393 3.2029, 1.1792 1.1713 3.1102, 1.1758 1.1748 3.1102, 1.1733 1.1762 3.1102, 1.1674 1.1797 3.1102, -1.1384 1.0367 3.7176, -1.1259 1.0581 3.7159, -1.1307 1.0716 3.6769, -1.1521 0.9451 3.7756, -1.1384 0.9637 3.7906, -1.1259 0.962 3.812, -1.1155 0.9988 3.7997, -1.1649 0.9483 3.729, -1.1553 0.9688 3.7482, -1.1608 0.9719 3.7258, -1.1428 0.986 3.764, -1.1596 0.9466 3.7529, -1.148 0.966 3.7695, -1.119 1.0894 3.6769, -1.1155 1.0458 3.7527, -1.1362 1.0053 3.7592, -1.148 1.0156 3.7199, -1.1553 0.9943 3.7227, -1.097 1.0366 3.7905, -1.1686 0.9508 3.6769, -1.166 0.9777 3.6769, -1.1639 0.9996 3.6769, -1.1446 1.0506 3.6769, -1.1469 1.0471 3.6769, -1.1539 1.0274 3.6769, -1.1625 1.0034 3.6769, -1.0249 -0.9597 1.6076, -1.0463 -0.9581 1.6201, -1.0598 -0.919 1.6153, -0.9333 -1.0177 1.594, -0.9519 -1.0327 1.6076, -0.9502 -1.0541 1.6201, -0.987 -1.0419 1.6306, -0.9364 -0.9711 1.5812, -0.957 -0.9903 1.5908, -0.9601 -0.968 1.5852, -0.9741 -1.0061 1.6033, -0.9348 -0.995 1.5865, -0.9542 -1.0117 1.5981, -1.0776 -0.919 1.627, -1.034 -0.9948 1.6306, -0.9935 -1.0013 1.6099, -1.0038 -0.962 1.5981, -0.9825 -0.9649 1.5908, -1.0248 -1.0327 1.649, -0.939 -0.919 1.5775, -0.9659 -0.919 1.5801, -0.9878 -0.919 1.5822, -1.0388 -0.919 1.6015, -1.0353 -0.919 1.5992, -1.0156 -0.919 1.5921, -0.9916 -0.919 1.5836, 1.1909 0.3563 1.6142, 1.1901 0.3563 1.6076, 1.1516 0.3563 1.5748, 1.1573 0.3563 1.5752, 1.19 0.3563 1.6065, 1.1898 0.3563 1.6049, 1.1877 0.3563 1.5992, 1.1873 0.3563 1.5984, 1.1864 0.3563 1.5959, 1.184 0.3563 1.5925, 1.1824 0.3563 1.5901, 1.1807 0.3563 1.5877, 1.1757 0.3563 1.5832, 1.175 0.3563 1.5826, 1.1674 0.3563 1.5782, 1.1581 0.3563 1.5755, 1.1592 0.3563 1.5758, 1.1666 0.3563 1.5779, 1.1668 0.3563 1.5779, 1.1516 1.1831 2.4016, 1.1909 1.1437 2.4016, 1.1905 1.1494 2.4016, 1.1903 1.1503 2.4016, 1.19 1.1513 2.4016, 1.1879 1.1588 2.4016, 1.1878 1.1589 2.4016, 1.1875 1.1595 2.4016, 1.1832 1.1672 2.4016, 1.1826 1.1678 2.4016, 1.178 1.1729 2.4016, 1.1756 1.1745 2.4016, 1.1608 1.1819 2.4016, 1.1592 1.1821 2.4016, 1.1581 1.1823 2.4016, 1.1733 1.1762 2.4016, 1.1698 1.1786 2.4016, 1.1673 1.1795 2.4016, 1.1665 1.1798 2.4016, -1.1385 1.1825 3.1102, -1.1395 1.1822 3.1102, -1.1348 1.1824 3.1951, -1.026 1.1831 3.5271, -1.0413 1.1831 3.4968, -1.0642 1.1811 3.4972, -1.1478 1.1797 3.1102, -1.1536 1.1762 3.1102, -1.1445 1.1744 3.2766, -1.1713 1.1431 3.146, -1.1713 1.1389 3.195, -1.1706 1.1467 3.1951, -1.1713 1.1355 3.2353, -1.1713 1.1278 3.2763, -1.1705 1.1364 3.2765, -1.1713 1.1196 3.3204, -1.1702 1.121 3.3542, -1.1678 1.1459 3.2765, -1.1647 1.1177 3.4278, -1.1545 1.1664 3.2766, -1.1626 1.1563 3.2766, -1.1551 1.1355 3.4281, -1.1682 1.1587 3.1102, -1.1704 1.1514 3.1102, -1.1707 1.1503 3.1102, -1.1713 1.1437 3.1102, -1.1059 1.1765 3.4278, -1.1217 1.1783 3.3542, -1.1237 1.1669 3.4281, -1.1409 1.1527 3.4282, -1.1561 1.1748 3.1102, -1.1246 1.1823 3.2765, -1.1164 1.1831 3.2764, -1.1469 1.18 3.1102, -1.1426 1.1802 3.1951, -1.1341 1.1796 3.2765, -1.0627 1.1831 3.4543, -1.0728 1.1831 3.4275, -1.0889 1.1816 3.4278, -1.0924 1.1831 3.3755, -1.1092 1.182 3.3542, -1.0979 1.1831 3.354, -1.1141 1.1831 3.2916, -0.9305 1.1831 3.6568, -1.0024 1.1801 3.622, -0.9598 1.1831 3.6214, -0.9818 1.1831 3.5949, -1.0655 1.172 3.5621, -1.0352 1.1806 3.562, -1.0035 1.1831 3.5615, -1.1713 0.9722 3.6219, -1.1683 1.0142 3.622, -1.1578 1.0536 3.622, -1.1688 1.047 3.562, -1.1693 1.076 3.4972, -1.1713 1.0533 3.4969, -1.1713 1.0232 3.5513, -1.1713 1.0158 3.5618, -1.1713 0.9767 3.6168, -1.1713 1.1096 3.3539, -1.1713 1.0949 3.4031, -1.1698 1.1007 3.4278, -1.1713 1.0847 3.4275, -1.1713 1.0625 3.4804, -1.1626 1.0989 3.4972, -1.1441 1.1065 3.5623, -1.1602 1.0774 3.5621, -1.1215 1.1333 3.5625, -1.0947 1.1559 3.5623, -1.1319 1.1831 3.1102, -1.1278 1.1831 3.1951, -1.1274 1.1831 3.2029, -1.1595 1.1713 3.1102, -1.163 1.1679 3.1102, -1.1644 1.1655 3.1102, -1.1679 1.1596 3.1102, -1.1704 -0.3524 1.6065, -1.1682 -0.3524 1.5991, -1.1684 -0.4372 1.6035, -1.1348 -0.4372 1.5755, -1.1246 -0.5186 1.5756, -1.1341 -0.5186 1.5783, -1.1693 -0.7393 1.6819, -1.1698 -0.6699 1.6571, -1.1647 -0.67 1.6402, -1.1713 -0.6696 1.6733, -1.1713 -0.6964 1.6834, -1.1713 -0.7389 1.7048, -1.1713 -0.7692 1.7201, -1.1713 -0.8989 1.8155, -1.1713 -0.8635 1.7863, -1.1683 -0.8641 1.7437, -1.1713 -0.837 1.7643, -1.1602 -0.8042 1.6805, -1.1688 -0.8042 1.7109, -1.1713 -0.8036 1.7426, -1.1441 -0.8044 1.6514, -1.1551 -0.6702 1.6224, -1.1215 -0.8046 1.6246, -1.1409 -0.6703 1.6052, -1.0947 -0.8044 1.602, -1.1237 -0.6702 1.591, -1.1059 -0.67 1.5813, -1.0024 -0.8641 1.5778, -1.0418 -0.8642 1.5883, -1.0871 -0.7394 1.5835, -1.0655 -0.8042 1.5859, -1.0352 -0.8042 1.5773, -1.0642 -0.7393 1.5768, -1.0415 -0.739 1.5748, -1.0114 -0.7934 1.5748, -1.004 -0.8039 1.5748, -0.9649 -0.859 1.5748, -0.9604 -0.864 1.5748, -1.1445 -0.5187 1.5835, -1.1545 -0.5187 1.5915, -1.1561 -0.3524 1.5831, -1.1536 -0.3524 1.5817, -1.1478 -0.3524 1.5781, -1.1469 -0.3524 1.5779, -1.1395 -0.3524 1.5757, -1.1313 -0.3881 1.5748, -1.1385 -0.3524 1.5754, -1.1319 -0.3524 1.5748, -1.1271 -0.4371 1.5748, -1.1237 -0.4774 1.5748, -1.116 -0.5184 1.5748, -1.1706 -0.4372 1.6112, -1.1707 -0.3524 1.6076, -1.1713 -0.4372 1.6183, -1.1713 -0.3524 1.6142, -1.1678 -0.5186 1.612, -1.1705 -0.5186 1.6215, -1.1713 -0.5961 1.6481, -1.1713 -0.5337 1.6319, -1.1713 -0.5185 1.6297, -1.1713 -0.445 1.6186, -1.1679 -0.3524 1.5983, -1.1626 -0.5187 1.6016, -1.1665 -0.5963 1.6244, -1.1702 -0.5963 1.6369, -1.1713 -0.6176 1.6537, -1.1644 -0.3524 1.5924, -1.163 -0.3524 1.59, -1.1595 -0.3524 1.5865, -1.1078 -0.5625 1.5748, -1.0978 -0.596 1.5748, -1.1092 -0.5963 1.5759, -1.0889 -0.6699 1.5763, -1.0831 -0.6452 1.5748, -1.0728 -0.6696 1.5748, -1.0507 -0.7225 1.5748, 1.0703 0.7265 1.5748, 1.0612 0.743 1.5748, 1.0838 0.7433 1.5768, 1.0311 0.7974 1.5748, 1.0236 0.8079 1.5748, 1.0549 0.8081 1.5773, 0.9846 0.8629 1.5748, 0.9801 0.8679 1.5748, 1.0221 0.8681 1.5778, 1.1909 0.7731 1.7201, 1.1909 0.7429 1.7048, 1.189 0.7433 1.6819, 1.1509 0.3921 1.5748, 1.1468 0.4411 1.5748, 1.1545 0.4412 1.5755, 1.1433 0.4813 1.5748, 1.1357 0.5224 1.5748, 1.1443 0.5226 1.5756, 1.1274 0.5664 1.5748, 1.1289 0.6002 1.5759, 1.1174 0.6 1.5748, 1.1086 0.6739 1.5763, 1.1027 0.6492 1.5748, 1.0925 0.6736 1.5748, 1.1641 0.5226 1.5835, 1.1742 0.5227 1.5915, 1.1434 0.6741 1.591, 1.1537 0.5226 1.5783, 1.1605 0.6743 1.6052, 1.1747 0.6741 1.6224, 1.1823 0.5226 1.6016, 1.1844 0.6739 1.6402, 1.1862 0.6002 1.6244, 1.1903 0.4412 1.6112, 1.1902 0.5226 1.6215, 1.1909 0.5225 1.6297, 1.1875 0.5226 1.612, 1.1881 0.4412 1.6035, 1.1909 0.7004 1.6834, 1.1909 0.6736 1.6733, 1.1895 0.6739 1.6571, 1.1909 0.6216 1.6537, 1.1899 0.6002 1.6369, 1.1909 0.6 1.6481, 1.1909 0.5376 1.6319, 1.1799 0.8081 1.6805, 1.1638 0.8084 1.6514, 1.1909 0.9029 1.8155, 1.1879 0.8681 1.7437, 1.1909 0.8675 1.7863, 1.1909 0.8409 1.7643, 1.1884 0.8081 1.7109, 1.1909 0.8076 1.7426, 1.0614 0.8681 1.5883, 1.1067 0.7433 1.5835, 1.1256 0.6739 1.5813, 1.0852 0.8081 1.5859, 1.1144 0.8084 1.602, 1.1412 0.8085 1.6246, 1.1909 0.4411 1.6183, 1.1909 0.4489 1.6186, 1.1623 1.1802 2.3167, 1.1903 1.1467 2.3167, 1.1902 1.1364 2.2353, 1.1875 1.1459 2.2353, 1.0838 1.1811 2.0146, 1.1086 1.1816 2.084, 1.1256 1.1765 2.084, 1.0925 1.1831 2.0843, 1.0824 1.1831 2.0575, 1.0609 1.1831 2.015, 1.0457 1.1831 1.9848, 1.0221 1.1801 1.8898, 0.9795 1.1831 1.8904, 1.0014 1.1831 1.9169, 0.9502 1.1831 1.855, 0.9856 1.1778 1.8349, 0.9308 1.1831 1.8349, 1.055 1.1587 1.8349, 1.0852 1.172 1.9498, 1.0585 1.1564 1.8349, 1.1144 1.1559 1.9495, 1.0795 1.1425 1.8349, 1.0352 1.1658 1.8349, 1.0113 1.1743 1.8349, 1.0075 1.1757 1.8349, 1.0549 1.1806 1.9498, 1.0232 1.1831 1.9503, 1.1434 1.1669 2.0838, 1.1412 1.1333 1.9493, 1.1605 1.1527 2.0836, 1.1638 1.1065 1.9495, 1.1747 1.1355 2.0838, 1.1844 1.1177 2.084, 1.1822 1.0989 2.0146, 1.1799 1.0774 1.9498, 1.1879 1.0142 1.8898, 1.1774 1.0536 1.8898, 1.1884 1.047 1.9498, 1.189 1.076 2.0146, 1.1909 1.0533 2.0149, 1.1909 1.0232 1.9605, 1.1909 1.0158 1.95, 1.1909 0.9767 1.895, 1.1909 0.9722 1.89, 1.1823 1.1563 2.2352, 1.1742 1.1664 2.2352, 1.1909 1.1431 2.3658, 1.1909 1.1389 2.3168, 1.1909 1.1355 2.2766, 1.1909 1.1278 2.2355, 1.1475 1.1831 2.3167, 1.1545 1.1824 2.3167, 1.1641 1.1744 2.2352, 1.1537 1.1796 2.2353, 1.1443 1.1823 2.2353, 1.1176 1.1831 2.1578, 1.1338 1.1831 2.2202, 1.1361 1.1831 2.2354, 1.1471 1.1831 2.3089, 1.1414 1.1783 2.1576, 1.1289 1.182 2.1577, 1.112 1.1831 2.1363, 1.0972 1.1308 1.8349, 1.1909 1.1196 2.1915, 1.1909 1.1096 2.1579, 1.1899 1.121 2.1577, 1.1895 1.1007 2.084, 1.1909 1.0949 2.1087, 1.1909 1.0847 2.0843, 1.1909 1.0625 2.0314, -1.1667 1.162 2.4016, -1.1677 1.1595 2.4016, -1.1713 1.1437 2.4016, -1.1319 1.1831 2.4016, -1.1376 1.1827 2.4016, -1.168 1.1587 2.4016, -1.1701 1.153 2.4016, -1.1703 1.1514 2.4016, -1.1705 1.1503 2.4016, -1.1644 1.1654 2.4016, -1.1627 1.1678 2.4016, -1.1611 1.1701 2.4016, -1.156 1.1747 2.4016, -1.1553 1.1753 2.4016, -1.1477 1.1796 2.4016, -1.1385 1.1824 2.4016, -1.1395 1.1821 2.4016, -1.1469 1.18 2.4016, -1.1471 1.18 2.4016, -1.1385 0.3563 1.5756, -1.1319 0.3563 1.5748, -1.1713 0.3563 1.6142, -1.1708 0.3563 1.6085, -1.1706 0.3563 1.6076, -1.1703 0.3563 1.6066, -1.1682 0.3563 1.5991, -1.1682 0.3563 1.599, -1.1678 0.3563 1.5984, -1.1635 0.3563 1.5907, -1.1629 0.3563 1.59, -1.1583 0.3563 1.585, -1.1559 0.3563 1.5833, -1.1536 0.3563 1.5817, -1.1501 0.3563 1.5793, -1.1477 0.3563 1.5784, -1.1469 0.3563 1.5781, -1.1412 0.3563 1.5759, -1.1396 0.3563 1.5757, 0.9715 1.1503 1.7212, 0.9699 1.1377 1.6998, 0.9308 1.1425 1.6863, 1.0295 1.1639 1.8128, 1.0445 1.1503 1.7942, 1.0659 1.1377 1.7959, 1.0537 1.1273 1.7591, 0.9829 1.1767 1.8096, 1.0021 1.1671 1.7891, 0.9798 1.1726 1.786, 1.0179 1.1546 1.7719, 1.0068 1.1714 1.8113, 1.0235 1.1598 1.7919, 0.9308 1.1308 1.6685, 1.0067 1.1273 1.7121, 1.0131 1.148 1.7526, 0.9738 1.1598 1.7423, 0.9767 1.1671 1.7636, 1.0445 1.1089 1.7213, 0.9308 1.1804 1.8071, 0.9308 1.1778 1.7802, 0.9308 1.1757 1.7583, 0.9308 1.1564 1.7073, 0.9308 1.1587 1.7108, 0.9308 1.1658 1.7305, 0.9308 1.1743 1.7545, -1.1684 1.1544 2.3167, -1.1348 1.1824 2.3167, -1.1246 1.1823 2.2353, -1.1341 1.1796 2.2353, -1.1693 1.076 2.0146, -1.1698 1.1007 2.084, -1.1647 1.1177 2.084, -1.1713 1.0846 2.0843, -1.1713 1.0745 2.0575, -1.1713 1.0531 2.015, -1.1713 1.0378 1.9848, -1.1683 1.0142 1.8898, -1.1713 0.9716 1.8904, -1.1713 0.9936 1.9169, -1.1713 0.9424 1.855, -1.1602 1.0774 1.9498, -1.1441 1.1065 1.9495, -1.1688 1.047 1.9498, -1.1713 1.0153 1.9503, -1.1551 1.1355 2.0838, -1.1215 1.1333 1.9493, -1.1409 1.1527 2.0836, -1.0947 1.1559 1.9495, -1.1237 1.1669 2.0838, -1.1059 1.1765 2.084, -1.0871 1.1744 2.0146, -1.0655 1.172 1.9498, -1.0024 1.1801 1.8898, -1.0418 1.1696 1.8898, -1.0352 1.1806 1.9498, -1.0642 1.1811 2.0146, -1.0415 1.1831 2.0149, -1.0114 1.1831 1.9605, -1.004 1.1831 1.95, -0.9649 1.1831 1.895, -0.9604 1.1831 1.89, -1.1445 1.1744 2.2352, -1.1545 1.1664 2.2352, -1.1313 1.1831 2.3658, -1.1271 1.1831 2.3168, -1.1237 1.1831 2.2766, -1.116 1.1831 2.2355, -1.1713 1.1396 2.3167, -1.1706 1.1467 2.3167, -1.1626 1.1563 2.2352, -1.1678 1.1459 2.2353, -1.1705 1.1364 2.2353, -1.1713 1.1098 2.1578, -1.1713 1.1259 2.2202, -1.1713 1.1282 2.2354, -1.1713 1.1393 2.3089, -1.1665 1.1335 2.1576, -1.1702 1.121 2.1577, -1.1713 1.1042 2.1363, -1.1078 1.1831 2.1915, -1.0978 1.1831 2.1579, -1.1092 1.182 2.1577, -1.0889 1.1816 2.084, -1.0831 1.1831 2.1087, -1.0728 1.1831 2.0843, -1.0507 1.1831 2.0314, -1.1713 0.7265 1.6954, -1.1713 0.743 1.7045, -1.1693 0.7433 1.6819, -1.1713 0.7974 1.7347, -1.1713 0.8079 1.7421, -1.1688 0.8081 1.7109, -1.1713 0.8629 1.7812, -1.1713 0.8679 1.7857, -1.1683 0.8681 1.7437, -1.026 0.7731 1.5748, -1.0413 0.7429 1.5748, -1.0642 0.7433 1.5768, -1.1713 0.3921 1.6148, -1.1713 0.4411 1.619, -1.1706 0.4412 1.6112, -1.1713 0.4813 1.6224, -1.1713 0.5224 1.6301, -1.1705 0.5226 1.6215, -1.1713 0.5664 1.6383, -1.1702 0.6002 1.6369, -1.1713 0.6 1.6483, -1.1698 0.6739 1.6571, -1.1713 0.6492 1.663, -1.1713 0.6736 1.6732, -1.1626 0.5226 1.6016, -1.1545 0.5227 1.5915, -1.1551 0.6741 1.6224, -1.1678 0.5226 1.612, -1.1409 0.6743 1.6052, -1.1237 0.6741 1.591, -1.1445 0.5226 1.5835, -1.1059 0.6739 1.5813, -1.1217 0.6002 1.5795, -1.1348 0.4412 1.5755, -1.1246 0.5226 1.5756, -1.1164 0.5225 1.5748, -1.1341 0.5226 1.5783, -1.1426 0.4412 1.5776, -1.0627 0.7004 1.5748, -1.0728 0.6736 1.5748, -1.0889 0.6739 1.5763, -1.0924 0.6216 1.5748, -1.1092 0.6002 1.5759, -1.0979 0.6 1.5748, -1.1141 0.5376 1.5748, -1.0353 0.923 1.5992, -1.0655 0.8081 1.5859, -1.0388 0.923 1.6015, -1.0947 0.8084 1.602, -1.0598 0.923 1.6153, -0.9659 0.923 1.5801, -0.9112 0.923 1.5748, -0.9305 0.9029 1.5748, -1.0156 0.923 1.5921, -0.9916 0.923 1.5836, -1.0024 0.8681 1.5778, -0.9878 0.923 1.5822, -0.9598 0.8675 1.5748, -0.9818 0.8409 1.5748, -1.0352 0.8081 1.5773, -1.0035 0.8076 1.5748, -1.1578 0.8681 1.7043, -1.1626 0.7433 1.659, -1.1647 0.6739 1.6402, -1.1602 0.8081 1.6805, -1.1441 0.8084 1.6514, -1.1215 0.8085 1.6246, -1.0776 0.923 1.627, -1.1278 0.4411 1.5748, -1.1274 0.4489 1.5748, 0.3642 1.1514 1.5757, 0.3642 1.1587 1.5779, 0.449 1.1544 1.5776, 0.449 1.1824 1.6112, 0.5304 1.1823 1.6215, 0.5304 1.1796 1.612, 0.7511 1.076 1.5768, 0.6818 1.1007 1.5763, 0.6818 1.1177 1.5813, 0.6814 1.0846 1.5748, 0.7082 1.0745 1.5748, 0.7507 1.0531 1.5748, 0.781 1.0378 1.5748, 0.9107 0.9424 1.5748, 0.8753 0.9716 1.5748, 0.876 1.0142 1.5778, 0.8488 0.9936 1.5748, 0.816 1.0774 1.5859, 0.816 1.047 1.5773, 0.8154 1.0153 1.5748, 0.8162 1.1065 1.602, 0.682 1.1355 1.591, 0.8164 1.1333 1.6246, 0.6821 1.1527 1.6052, 0.8162 1.1559 1.6514, 0.682 1.1669 1.6224, 0.6818 1.1765 1.6402, 0.876 1.1801 1.7437, 0.876 1.1696 1.7043, 0.7512 1.1744 1.659, 0.816 1.172 1.6805, 0.816 1.1806 1.7109, 0.7511 1.1811 1.6819, 0.7508 1.1831 1.7045, 0.8052 1.1831 1.7347, 0.8157 1.1831 1.7421, 0.8708 1.1831 1.7812, 0.8758 1.1831 1.7857, 0.5305 1.1744 1.6016, 0.5306 1.1664 1.5915, 0.3642 1.1748 1.59, 0.3642 1.1762 1.5924, 0.3642 1.1797 1.5983, 0.3642 1.18 1.5991, 0.3642 1.1822 1.6065, 0.3999 1.1831 1.6148, 0.3642 1.1825 1.6076, 0.3642 1.1831 1.6142, 0.4489 1.1831 1.619, 0.4892 1.1831 1.6224, 0.5302 1.1831 1.6301, 0.449 1.1467 1.5755, 0.3642 1.1503 1.5754, 0.449 1.1396 1.5748, 0.3642 1.1437 1.5748, 0.5304 1.1459 1.5783, 0.5304 1.1364 1.5756, 0.6079 1.1098 1.5748, 0.5455 1.1259 1.5748, 0.5303 1.1282 1.5748, 0.4568 1.1393 1.5748, 0.3642 1.1596 1.5781, 0.5305 1.1563 1.5835, 0.6081 1.1335 1.5795, 0.6081 1.121 1.5759, 0.6294 1.1042 1.5748, 0.3642 1.1655 1.5817, 0.3642 1.1679 1.5831, 0.3642 1.1713 1.5865, 0.5743 1.1831 1.6383, 0.6078 1.1831 1.6483, 0.6081 1.182 1.6369, 0.6818 1.1816 1.6571, 0.657 1.1831 1.663, 0.6814 1.1831 1.6732, 0.7343 1.1831 1.6954, -0.9519 1.0367 1.6076, -0.9502 1.0581 1.6201, -0.9112 1.0716 1.6153, -1.0099 0.9451 1.594, -1.0249 0.9637 1.6076, -1.0463 0.962 1.6201, -1.034 0.9988 1.6306, -0.9632 0.9483 1.5812, -0.9825 0.9688 1.5908, -0.9601 0.9719 1.5852, -0.9982 0.986 1.6033, -0.9871 0.9466 1.5865, -1.0038 0.966 1.5981, -0.9112 1.0894 1.627, -0.987 1.0458 1.6306, -0.9935 1.0053 1.6099, -0.9542 1.0156 1.5981, -0.957 0.9943 1.5908, -1.0248 1.0366 1.649, -0.9112 0.9508 1.5775, -0.9112 0.9777 1.5801, -0.9112 0.9996 1.5822, -0.9112 1.0506 1.6015, -0.9112 1.0471 1.5992, -0.9112 1.0274 1.5921, -0.9112 1.0034 1.5836, -0.3445 1.1503 1.5755, -0.3445 1.1831 1.6142, -0.3445 1.1494 1.5752, -0.3445 1.1437 1.5748, -0.3445 1.1819 1.6049, -0.3445 1.1821 1.6065, -0.3445 1.1823 1.6076, -0.3445 1.1786 1.5959, -0.3445 1.1795 1.5984, -0.3445 1.1798 1.5992, -0.3445 1.1595 1.5782, -0.3445 1.1672 1.5826, -0.3445 1.1678 1.5832, -0.3445 1.1729 1.5877, -0.3445 1.1745 1.5901, -0.3445 1.1762 1.5925, -0.3445 1.1589 1.5779, -0.3445 1.1588 1.5779, -0.3445 1.1513 1.5758, -0.7613 1.1831 1.7201, -0.7311 1.1831 1.7048, -0.7315 1.1811 1.6819, -0.3802 1.1431 1.5748, -0.4293 1.1389 1.5748, -0.4293 1.1467 1.5755, -0.4695 1.1355 1.5748, -0.5106 1.1278 1.5748, -0.5107 1.1364 1.5756, -0.5546 1.1196 1.5748, -0.5884 1.121 1.5759, -0.5108 1.1459 1.5783, -0.6621 1.1177 1.5813, -0.5108 1.1563 1.5835, -0.5109 1.1664 1.5915, -0.6623 1.1355 1.591, -0.6625 1.1527 1.6052, -0.6623 1.1669 1.6224, -0.5108 1.1744 1.6016, -0.6621 1.1765 1.6402, -0.5884 1.1783 1.6244, -0.4293 1.1824 1.6112, -0.5107 1.1823 1.6215, -0.5107 1.1831 1.6297, -0.5108 1.1796 1.612, -0.4294 1.1802 1.6035, -0.6886 1.1831 1.6834, -0.6618 1.1831 1.6733, -0.6621 1.1816 1.6571, -0.6097 1.1831 1.6537, -0.5884 1.182 1.6369, -0.5882 1.1831 1.6481, -0.5258 1.1831 1.6319, -0.891 1.1831 1.8155, -0.8563 1.1801 1.7437, -0.8556 1.1831 1.7863, -0.8291 1.1831 1.7643, -0.7963 1.172 1.6805, -0.7963 1.1806 1.7109, -0.7958 1.1831 1.7426, -0.8561 0.9722 1.5748, -0.8563 1.0142 1.5778, -0.8563 1.0536 1.5883, -0.7963 1.047 1.5773, -0.7315 1.076 1.5768, -0.7311 1.0533 1.5748, -0.7856 1.0232 1.5748, -0.796 1.0158 1.5748, -0.8511 0.9767 1.5748, -0.5881 1.1096 1.5748, -0.6374 1.0949 1.5748, -0.6621 1.1007 1.5763, -0.6617 1.0847 1.5748, -0.7147 1.0625 1.5748, -0.7315 1.0989 1.5835, -0.7966 1.1065 1.602, -0.7963 1.0774 1.5859, -0.7967 1.1333 1.6246, -0.7966 1.1559 1.6514, -0.4293 1.1831 1.6183, -0.4371 1.1831 1.6186, 1.0925 0.002 1.1811, 1.0876 0.1049 1.1811, 1.0876 0.1049 1.5748, 1.0487 0.307 1.1811, 1.0487 0.307 1.5748, 0.9722 0.4981 1.1811, 0.9722 0.4981 1.5748, 0.8609 0.6712 1.1811, 0.8609 0.6712 1.5748, 0.7188 0.8202 1.1811, 0.7188 0.8202 1.5748, 0.5512 0.9396 1.1811, 0.5512 0.9396 1.5748, 0.3639 1.0251 1.1811, 0.3639 1.0251 1.5748, 0.1639 1.0736 1.1811, 0.1639 1.0736 1.5748, -0.0417 1.0834 1.1811, -0.0417 1.0834 1.5748, -0.2454 1.0541 1.1811, -0.2454 1.0541 1.5748, -0.4399 0.9868 1.1811, -0.4399 0.9868 1.5748, -0.6182 0.8839 1.1811, -0.6182 0.8839 1.5748, -0.7737 0.7491 1.1811, -0.7737 0.7491 1.5748, -0.901 0.5873 1.1811, -0.901 0.5873 1.5748, -0.9953 0.4044 1.1811, -0.9953 0.4044 1.5748, -1.0533 0.2069 1.1811, -1.0533 0.2069 1.5748, -1.0728 0.002 1.1811, -1.0728 0.002 1.5748, -1.0533 -0.2029 1.1811, -1.0533 -0.2029 1.5748, -0.9953 -0.4004 1.1811, -0.9953 -0.4004 1.5748, -0.901 -0.5834 1.1811, -0.901 -0.5834 1.5748, -0.7737 -0.7452 1.1811, -0.7737 -0.7452 1.5748, -0.6182 -0.8799 1.1811, -0.6182 -0.8799 1.5748, -0.4399 -0.9829 1.1811, -0.4399 -0.9829 1.5748, -0.2454 -1.0502 1.1811, -0.2454 -1.0502 1.5748, -0.0417 -1.0795 1.1811, -0.0417 -1.0795 1.5748, 0.1639 -1.0697 1.1811, 0.1639 -1.0697 1.5748, 0.3639 -1.0212 1.1811, 0.3639 -1.0212 1.5748, 0.5512 -0.9356 1.1811, 0.5512 -0.9356 1.5748, 0.7188 -0.8163 1.1811, 0.7188 -0.8163 1.5748, 0.8609 -0.6673 1.1811, 0.8609 -0.6673 1.5748, 0.9722 -0.4941 1.1811, 0.9722 -0.4941 1.5748, 1.0487 -0.303 1.1811, 1.0487 -0.303 1.5748, 1.0876 -0.1009 1.1811, 1.0876 -0.1009 1.5748, -1.1319 -1.1791 -1.1811, -0.8169 -1.1791 -1.1811, -1.1319 -1.1791 0.3543, -0.8169 -1.1791 0.0394, 0.8366 -1.1791 -1.1811, 1.1516 -1.1791 -1.1811, 0.8366 -1.1791 0.0394, 1.1516 -1.1791 0.3543, 1.1475 -1.1791 0.4392, 1.1471 -1.1791 0.447, 1.1361 -1.1791 0.5205, 1.0014 -1.1791 0.839, 0.9795 -1.1791 0.8655, 0.8157 -1.1791 1.0138, 0.8708 -1.1791 0.9747, 0.8758 -1.1791 0.9702, -0.6886 -1.1791 1.0725, -0.7311 -1.1791 1.0511, -0.7613 -1.1791 1.0359, -1.116 -1.1791 0.5204, -1.1237 -1.1791 0.4794, -1.1271 -1.1791 0.4391, 1.1338 -1.1791 0.5357, 1.1176 -1.1791 0.5981, 1.112 -1.1791 0.6196, 0.4892 -1.1791 1.1335, 0.4489 -1.1791 1.1369, 0.3999 -1.1791 1.1411, 0.3642 -1.1791 1.1417, -0.3445 -1.1791 1.1417, -0.4293 -1.1791 1.1377, -0.4371 -1.1791 1.1373, -0.7958 -1.1791 1.0134, -0.8291 -1.1791 0.9916, -0.8556 -1.1791 0.9696, -0.9604 -1.1791 0.866, -0.9649 -1.1791 0.8609, -1.004 -1.1791 0.8059, -1.0114 -1.1791 0.7954, 1.0925 -1.1791 0.6716, 1.0824 -1.1791 0.6984, 1.0609 -1.1791 0.7409, 1.0457 -1.1791 0.7712, 1.0232 -1.1791 0.8056, 0.9502 -1.1791 0.9009, 0.9308 -1.1791 0.921, 0.8052 -1.1791 1.0212, 0.7508 -1.1791 1.0514, 0.7343 -1.1791 1.0605, -0.5107 -1.1791 1.1262, -0.5258 -1.1791 1.124, -0.5882 -1.1791 1.1078, -0.6097 -1.1791 1.1022, -0.6618 -1.1791 1.0826, -0.891 -1.1791 0.9404, -0.9112 -1.1791 0.921, -1.0415 -1.1791 0.741, -1.0507 -1.1791 0.7245, -1.0728 -1.1791 0.6716, -1.0831 -1.1791 0.6472, -1.0978 -1.1791 0.598, -1.1313 -1.1791 0.3901, -1.1078 -1.1791 0.5645, 0.6814 -1.1791 1.0827, 0.657 -1.1791 1.0929, 0.6078 -1.1791 1.1076, 0.5743 -1.1791 1.1176, 0.5302 -1.1791 1.1258, -1.1713 -0.8248 -1.1811, -1.1713 -1.1398 -1.1811, -1.1713 -0.8248 0.0394, -1.1713 -1.1398 0.3543, -1.1713 -1.1357 0.4392, -1.1713 1.0158 0.8059, -1.1713 0.9767 0.8609, -1.1713 0.9722 0.866, -1.1713 1.1437 -1.1811, -1.1713 0.8288 -1.1811, -1.1713 1.1437 0.3543, -1.1713 0.8288 0.0394, -1.1713 1.1431 0.3901, -1.1713 1.1389 0.4391, -1.1713 1.1355 0.4794, -1.1713 -1.1353 0.447, -1.1713 -1.1243 0.5205, -1.1713 -1.122 0.5357, -1.1713 -0.6452 1.0929, -1.1713 -0.596 1.1076, -1.1713 0.7004 1.0725, -1.1713 0.7429 1.0511, -1.1713 0.7731 1.0359, -1.1713 1.0232 0.7954, -1.1713 1.0533 0.741, -1.1713 1.0625 0.7245, -1.1713 1.0847 0.6716, -1.1713 1.0949 0.6472, -1.1713 1.1096 0.598, -1.1713 1.1196 0.5645, -1.1713 1.1278 0.5204, -1.1713 -0.864 0.9702, -1.1713 -0.859 0.9747, -1.1713 -0.5625 1.1176, -1.1713 -0.5184 1.1258, -1.1713 -0.4774 1.1335, -1.1713 0.8076 1.0134, -1.1713 0.8409 0.9916, -1.1713 0.8675 0.9696, -1.1713 -1.1058 0.5981, -1.1713 -1.1002 0.6196, -1.1713 -1.0806 0.6716, -1.1713 -1.0706 0.6984, -1.1713 -1.0491 0.7409, -1.1713 -1.0339 0.7712, -1.1713 -0.8039 1.0138, -1.1713 -0.7934 1.0212, -1.1713 -0.739 1.0514, -1.1713 -0.7225 1.0605, -1.1713 -0.6696 1.0827, -1.1713 0.4489 1.1373, -1.1713 0.5225 1.1262, -1.1713 0.5376 1.124, -1.1713 0.6 1.1078, -1.1713 0.6216 1.1022, -1.1713 0.6736 1.0826, -1.1713 0.9029 0.9404, -1.1713 0.923 0.921, -1.1713 -1.0114 0.8056, -1.1713 -0.9896 0.839, -1.1713 -0.9677 0.8655, -1.1713 -0.4371 1.1369, -1.1713 -0.3881 1.1411, -1.1713 -0.3524 1.1417, -1.1713 0.3563 1.1417, -1.1713 0.4411 1.1377, -1.1713 -0.9384 0.9009, -1.1713 -0.919 0.921, -1.0924 1.1831 0.6196, -1.0728 1.1831 0.6716, 0.8366 1.1831 0.0394, 0.4568 1.1831 1.1373, 0.5303 1.1831 1.1262, 0.5455 1.1831 1.124, 1.1274 1.1831 0.5645, 1.1357 1.1831 0.5204, 1.1433 1.1831 0.4794, 1.1468 1.1831 0.4391, 1.1516 1.1831 -1.1811, 0.8366 1.1831 -1.1811, 1.1516 1.1831 0.3543, 1.1509 1.1831 0.3901, -1.1274 1.1831 0.447, -1.1164 1.1831 0.5205, -1.0627 1.1831 0.6984, -1.0413 1.1831 0.7409, -1.026 1.1831 0.7712, -1.0035 1.1831 0.8056, -0.9818 1.1831 0.839, -0.9598 1.1831 0.8655, -0.6374 1.1831 1.0929, -0.5881 1.1831 1.1076, 0.6079 1.1831 1.1078, 0.6294 1.1831 1.1022, 0.6814 1.1831 1.0826, 0.7082 1.1831 1.0725, 0.7507 1.1831 1.0511, 0.781 1.1831 1.0359, 0.8154 1.1831 1.0134, 0.8488 1.1831 0.9916, 0.8753 1.1831 0.9696, 1.0311 1.1831 0.7954, 1.0612 1.1831 0.741, 1.0703 1.1831 0.7245, 1.0925 1.1831 0.6716, 1.1027 1.1831 0.6472, 1.1174 1.1831 0.598, -0.8169 1.1831 -1.1811, -1.1319 1.1831 -1.1811, -0.8169 1.1831 0.0394, -1.1319 1.1831 0.3543, -1.1278 1.1831 0.4392, -1.1141 1.1831 0.5357, -1.0979 1.1831 0.5981, -0.8561 1.1831 0.9702, -0.8511 1.1831 0.9747, -0.9305 1.1831 0.9009, -0.9112 1.1831 0.921, -0.5546 1.1831 1.1176, -0.5106 1.1831 1.1258, -0.4695 1.1831 1.1335, 0.9801 1.1831 0.866, 0.9846 1.1831 0.8609, 1.0236 1.1831 0.8059, -0.796 1.1831 1.0138, -0.7856 1.1831 1.0212, -0.7311 1.1831 1.0514, -0.7147 1.1831 1.0605, -0.6617 1.1831 1.0827, -0.4293 1.1831 1.1369, -0.3802 1.1831 1.1411, -0.3445 1.1831 1.1417, 0.3642 1.1831 1.1417, 0.449 1.1831 1.1377, 0.9107 1.1831 0.9404, 0.9308 1.1831 0.921, 1.1909 -1.1398 0.3543, 1.1909 -1.1398 -1.1811, 1.1909 -0.8248 -1.1811, 1.1909 0.8288 -1.1811, 1.1909 1.1437 -1.1811, 1.1909 0.8288 0.0394, 1.1909 1.1437 0.3543, 1.1909 1.1396 0.4392, 1.1909 -0.8248 0.0394, 1.1909 -0.445 1.1373, 1.1909 -0.5185 1.1262, 1.1909 -0.5337 1.124, 1.1909 1.1393 0.447, 1.1909 1.1282 0.5205, 1.1909 1.1259 0.5357, 1.1909 1.1098 0.5981, 1.1909 1.1042 0.6196, 1.1909 1.0846 0.6716, 1.1909 0.6492 1.0929, 1.1909 0.6 1.1076, 1.1909 -0.5961 1.1078, 1.1909 -0.6176 1.1022, 1.1909 -0.6696 1.0826, 1.1909 -0.6964 1.0725, 1.1909 -0.7389 1.0511, 1.1909 -1.1391 0.3901, 1.1909 0.8679 0.9702, 1.1909 0.8629 0.9747, 1.1909 -1.0118 0.8059, 1.1909 -1.0192 0.7954, 1.1909 -1.0494 0.741, 1.1909 -1.0909 0.6472, 1.1909 -1.0807 0.6716, 1.1909 -0.7692 1.0359, 1.1909 -0.8036 1.0134, 1.1909 -0.837 0.9916, 1.1909 -0.8635 0.9696, 1.1909 1.0745 0.6984, 1.1909 1.0531 0.7409, 1.1909 1.0378 0.7712, 1.1909 1.0153 0.8056, 1.1909 0.9936 0.839, 1.1909 0.9716 0.8655, 1.1909 0.9424 0.9009, 1.1909 0.923 0.921, 1.1909 0.8079 1.0138, 1.1909 0.7974 1.0212, 1.1909 0.743 1.0514, 1.1909 0.7265 1.0605, 1.1909 0.6736 1.0827, 1.1909 0.5664 1.1176, 1.1909 0.5224 1.1258, 1.1909 0.4813 1.1335, 1.1909 -1.1056 0.598, 1.1909 -1.1156 0.5645, 1.1909 -1.1239 0.5204, 1.1909 -1.1315 0.4794, 1.1909 -1.1349 0.4391, 1.1909 -0.8989 0.9404, 1.1909 -1.0585 0.7245, 1.1909 -0.919 0.921, 1.1909 -0.9683 0.866, 1.1909 -0.9727 0.8609, 1.1909 0.4411 1.1369, 1.1909 0.3921 1.1411, 1.1909 0.3563 1.1417, 1.1909 -0.3524 1.1417, 1.1909 -0.4372 1.1377, -1.0507 0.7265 1.1811, -1.0728 0.6736 1.1811, -0.7856 -1.0192 1.1811, -0.7311 -1.0494 1.1811, -1.1141 -0.5337 1.1811, -1.0979 -0.5961 1.1811, 0.9846 -0.859 1.1811, 1.0236 -0.8039 1.1811, -1.0924 -0.6176 1.1811, -1.0728 -0.6696 1.1811, -1.0627 -0.6964 1.1811, 0.3642 -1.1398 1.1811, 0.449 -1.1357 1.1811, -0.9818 -0.837 1.1811, -0.9598 -0.8635 1.1811, -0.9305 -0.8989 1.1811, -0.9112 -0.919 1.1811, -1.1319 -0.3524 1.1811, -1.1278 -0.4372 1.1811, -1.1274 -0.445 1.1811, -1.1164 -0.5185 1.1811, -1.1319 0.3563 1.1811, -1.1313 0.3921 1.1811, 1.1274 -0.5625 1.1811, 1.1357 -0.5184 1.1811, 1.1433 -0.4774 1.1811, 1.0311 -0.7934 1.1811, 1.0612 -0.739 1.1811, 1.0703 -0.7225 1.1811, 0.781 -1.0339 1.1811, 0.8154 -1.0114 1.1811, 0.8488 -0.9896 1.1811, 0.8753 -0.9677 1.1811, -0.8561 -0.9683 1.1811, -0.8511 -0.9727 1.1811, -0.796 -1.0118 1.1811, -1.0413 -0.7389 1.1811, -1.026 -0.7692 1.1811, -1.0035 -0.8036 1.1811, -1.0831 0.6492 1.1811, -1.0978 0.6 1.1811, -1.1078 0.5664 1.1811, -1.116 0.5224 1.1811, -1.1237 0.4813 1.1811, -1.1271 0.4411 1.1811, -0.891 0.9424 1.1811, -0.9112 0.923 1.1811, -0.9604 0.8679 1.1811, -0.9649 0.8629 1.1811, -1.004 0.8079 1.1811, -1.0114 0.7974 1.1811, -1.0415 0.743 1.1811, -0.6097 1.1042 1.1811, -0.6618 1.0846 1.1811, -0.3445 1.1437 1.1811, -0.4293 1.1396 1.1811, -0.4371 1.1393 1.1811, 0.3999 1.1431 1.1811, 0.3642 1.1437 1.1811, 1.1516 -0.3524 1.1811, 1.1509 -0.3881 1.1811, 1.1468 -0.4371 1.1811, 0.6294 -1.1002 1.1811, 0.6814 -1.0806 1.1811, 0.7082 -1.0706 1.1811, 0.7507 -1.0491 1.1811, 0.4568 -1.1353 1.1811, 0.5303 -1.1243 1.1811, 0.5455 -1.122 1.1811, 0.6079 -1.1058 1.1811, -0.3445 -1.1398 1.1811, -0.3802 -1.1391 1.1811, -0.4293 -1.1349 1.1811, -0.4695 -1.1315 1.1811, -0.7147 -1.0585 1.1811, -0.6617 -1.0807 1.1811, -0.6374 -1.0909 1.1811, -0.5881 -1.1056 1.1811, -0.5546 -1.1156 1.1811, -0.5106 -1.1239 1.1811, -0.7613 1.0378 1.1811, -0.7958 1.0153 1.1811, -0.8291 0.9936 1.1811, -0.8556 0.9716 1.1811, -0.5107 1.1282 1.1811, -0.5258 1.1259 1.1811, -0.5882 1.1098 1.1811, -0.6886 1.0745 1.1811, -0.7311 1.0531 1.1811, 0.657 1.0949 1.1811, 0.6078 1.1096 1.1811, 0.5743 1.1196 1.1811, 1.1471 0.4489 1.1811, 1.1361 0.5225 1.1811, 1.0925 -0.6696 1.1811, 1.1027 -0.6452 1.1811, 1.1174 -0.596 1.1811, 0.9107 -0.9384 1.1811, 0.9308 -0.919 1.1811, 0.9801 -0.864 1.1811, 0.5302 1.1278 1.1811, 0.4892 1.1355 1.1811, 0.4489 1.1389 1.1811, 1.112 0.6216 1.1811, 1.0925 0.6736 1.1811, 1.0824 0.7004 1.1811, 1.0609 0.7429 1.1811, 1.0457 0.7731 1.1811, 1.0232 0.8076 1.1811, 1.0014 0.8409 1.1811, 1.1338 0.5376 1.1811, 1.1176 0.6 1.1811, 1.1516 0.3563 1.1811, 0.8758 0.9722 1.1811, 0.8708 0.9767 1.1811, 0.8157 1.0158 1.1811, 0.8052 1.0232 1.1811, 0.9795 0.8675 1.1811, 0.9502 0.9029 1.1811, 0.9308 0.923 1.1811, 1.1475 0.4411 1.1811, 0.7508 1.0533 1.1811, 0.7343 1.0625 1.1811, 0.6814 1.0847 1.1811, -0.8169 -0.8248 -1.1811, -1.1561 -1.1708 -1.1811, -1.163 -1.164 -1.1811, -1.1679 -1.1556 -1.1811, -1.1707 -1.1463 -1.1811, -1.1385 -1.1786 -1.1811, -1.1478 -1.1758 -1.1811, 0.9308 1.0034 1.1717, 0.9308 0.9776 1.1758, 0.9798 0.9719 1.1707, 1.0113 0.923 1.1724, 1.0352 0.923 1.1638, 1.0295 0.9451 1.1619, 1.0972 0.923 1.1289, 1.119 0.923 1.1091, 1.0985 0.9965 1.0886, 1.0445 0.9637 1.1483, 1.0659 0.962 1.1358, 1.0537 0.9988 1.1253, 0.9767 0.9943 1.1651, 0.9308 1.0135 1.1701, 0.9738 1.0156 1.1578, 0.9829 0.9483 1.1748, 1.0021 0.9688 1.1651, 1.0179 0.986 1.1526, 0.9856 0.923 1.1758, 1.0075 0.923 1.1737, 1.0068 0.9466 1.1694, 1.0235 0.966 1.1578, 1.0131 1.0053 1.146, 0.9715 1.0367 1.1483, 1.0067 1.0458 1.1253, 0.9699 1.0581 1.1358, 1.0044 1.0906 1.0886, 0.9308 1.1111 1.1091, 1.0707 1.0629 1.0609, 1.0377 1.0767 1.0747, 1.0445 1.0366 1.1069, 1.0846 1.0298 1.0747, 0.9308 0.9484 1.1805, 0.9308 0.951 1.1801, 1.055 0.923 1.1567, 1.0585 0.923 1.1544, 1.0795 0.923 1.1406, 0.9308 1.0713 1.1404, 0.9308 1.0584 1.1506, 0.9308 1.0505 1.154, 0.9308 1.0274 1.164, 1.1903 0.9484 0.921, 1.1856 0.9776 0.921, 1.1846 0.975 0.9463, 1.1581 1.0367 0.9617, 1.1456 1.0581 0.96, 1.1351 1.0458 0.9968, 1.1625 1.01 0.984, 1.175 0.9688 0.9923, 1.1805 0.9719 0.9699, 1.175 0.9943 0.9668, 1.1677 1.0156 0.964, 1.1792 0.9989 0.9447, 1.1815 1.0034 0.921, 1.1677 0.966 1.0136, 1.1559 1.0053 1.0033, 1.1581 0.9637 1.0347, 1.1351 0.9988 1.0438, 1.1456 0.962 1.0561, 1.1167 1.0366 1.0346, 1.0846 1.0767 1.0279, 1.0985 1.0906 0.9946, 1.119 1.1111 0.921, 1.1799 0.923 1.0115, 1.1815 0.923 1.0014, 1.1856 0.923 0.9756, 1.1899 0.923 0.949, 1.1903 0.923 0.9465, 1.1799 1.0135 0.921, 1.1739 1.0274 0.921, 1.1718 1.0217 0.9431, 1.1638 1.0505 0.921, 1.1604 1.0584 0.921, 1.1502 1.0713 0.921, 1.1502 0.923 1.0694, 1.1604 0.923 1.0564, 1.1638 0.923 1.0485, 1.1739 0.923 1.0254, -1.1619 1.0034 0.921, -1.166 0.9776 0.921, -1.1608 0.9719 0.9699, -1.1625 0.923 1.0014, -1.1539 0.923 1.0254, -1.1521 0.9451 1.0197, -1.119 0.923 1.0874, -1.0993 0.923 1.1091, -1.0788 0.9965 1.0886, -1.1384 0.9637 1.0347, -1.1259 0.962 1.0561, -1.1155 0.9988 1.0438, -1.1553 0.9943 0.9668, -1.1603 1.0135 0.921, -1.148 1.0156 0.964, -1.1649 0.9483 0.9731, -1.1553 0.9688 0.9923, -1.1428 0.986 1.0081, -1.166 0.923 0.9757, -1.1639 0.923 0.9976, -1.1596 0.9466 0.997, -1.148 0.966 1.0136, -1.1362 1.0053 1.0033, -1.1384 1.0367 0.9617, -1.1155 1.0458 0.9968, -1.1259 1.0581 0.96, -1.0788 1.0906 0.9946, -1.0993 1.1111 0.921, -1.0511 1.0629 1.0609, -1.0649 1.0767 1.0279, -1.097 1.0366 1.0346, -1.0649 1.0298 1.0747, -1.1706 0.9484 0.921, -1.1702 0.951 0.921, -1.1469 0.923 1.0451, -1.1446 0.923 1.0486, -1.1307 0.923 1.0696, -1.1305 1.0713 0.921, -1.1407 1.0584 0.921, -1.1442 1.0505 0.921, -1.1542 1.0274 0.921, -0.9112 0.9484 1.1805, -0.9112 0.9776 1.1758, -0.9364 0.975 1.1748, -0.9519 1.0367 1.1483, -0.9502 1.0581 1.1358, -0.987 1.0458 1.1253, -0.9741 1.01 1.1526, -0.9825 0.9688 1.1651, -0.9601 0.9719 1.1707, -0.957 0.9943 1.1651, -0.9542 1.0156 1.1578, -0.9348 0.9989 1.1694, -0.9112 1.0034 1.1717, -1.0038 0.966 1.1578, -0.9935 1.0053 1.146, -1.0249 0.9637 1.1483, -1.034 0.9988 1.1253, -1.0463 0.962 1.1358, -1.0248 1.0366 1.1069, -1.018 1.0767 1.0747, -0.9847 1.0906 1.0886, -0.9112 1.1111 1.1091, -1.0017 0.923 1.1701, -0.9916 0.923 1.1717, -0.9658 0.923 1.1758, -0.9392 0.923 1.1801, -0.9366 0.923 1.1805, -0.9112 1.0135 1.1701, -0.9112 1.0274 1.164, -0.9333 1.0217 1.1619, -0.9112 1.0505 1.154, -0.9112 1.0584 1.1506, -0.9112 1.0713 1.1404, -1.0595 0.923 1.1404, -1.0466 0.923 1.1506, -1.0387 0.923 1.154, -1.0156 0.923 1.164, 0.9308 -1.1697 1.0014, 0.9308 -1.1738 0.9756, 0.9798 -1.1687 0.9699, 1.0113 -1.1704 0.921, 1.0352 -1.1618 0.921, 1.0295 -1.1599 0.9431, 1.0972 -1.1269 0.921, 1.119 -1.1072 0.921, 1.0985 -1.0867 0.9946, 1.0445 -1.1463 0.9617, 1.0659 -1.1338 0.96, 1.0537 -1.1233 0.9968, 0.9767 -1.1631 0.9923, 0.9308 -1.1681 1.0115, 0.9738 -1.1559 1.0136, 0.9829 -1.1728 0.9463, 1.0021 -1.1631 0.9668, 1.0179 -1.1507 0.984, 0.9856 -1.1738 0.921, 1.0075 -1.1717 0.921, 1.0068 -1.1674 0.9447, 1.0235 -1.1559 0.964, 1.0131 -1.144 1.0033, 0.9715 -1.1463 1.0347, 1.0067 -1.1233 1.0438, 0.9699 -1.1338 1.0561, 1.0044 -1.0867 1.0886, 0.9308 -1.1072 1.1091, 1.0707 -1.0589 1.0609, 1.0377 -1.0727 1.0747, 1.0445 -1.1049 1.0346, 1.0846 -1.0727 1.0279, 0.9308 -1.1785 0.9465, 0.9308 -1.1781 0.949, 1.055 -1.1547 0.921, 1.0585 -1.1524 0.921, 1.0795 -1.1386 0.921, 0.9308 -1.1384 1.0694, 0.9308 -1.1486 1.0564, 0.9308 -1.152 1.0485, 0.9308 -1.1621 1.0254, 1.1903 -0.919 0.9465, 1.1856 -0.919 0.9756, 1.1846 -0.9443 0.9731, 1.1581 -0.9597 1.0347, 1.1456 -0.9581 1.0561, 1.1351 -0.9948 1.0438, 1.1625 -0.982 1.0081, 1.175 -0.9903 0.9668, 1.1805 -0.968 0.9699, 1.175 -0.9649 0.9923, 1.1677 -0.962 1.0136, 1.1792 -0.9427 0.997, 1.1815 -0.919 1.0014, 1.1677 -1.0117 0.964, 1.1559 -1.0013 1.0033, 1.1581 -1.0327 0.9617, 1.1351 -1.0419 0.9968, 1.1456 -1.0541 0.96, 1.1167 -1.0327 1.0346, 1.0846 -1.0259 1.0747, 1.0985 -0.9926 1.0886, 1.119 -0.919 1.1091, 1.1799 -1.0095 0.921, 1.1815 -0.9994 0.921, 1.1856 -0.9736 0.921, 1.1899 -0.947 0.921, 1.1903 -0.9445 0.921, 1.1799 -0.919 1.0115, 1.1739 -0.919 1.0254, 1.1718 -0.9411 1.0197, 1.1638 -0.919 1.0485, 1.1604 -0.919 1.0564, 1.1502 -0.919 1.0694, 1.1502 -1.0674 0.921, 1.1604 -1.0544 0.921, 1.1638 -1.0465 0.921, 1.1739 -1.0234 0.921, -0.9112 -1.1785 0.9465, -0.9112 -1.1738 0.9756, -0.9364 -1.1728 0.9731, -0.9519 -1.1463 1.0347, -0.9502 -1.1338 1.0561, -0.987 -1.1233 1.0438, -0.9741 -1.1507 1.0081, -0.9825 -1.1631 0.9668, -0.9601 -1.1687 0.9699, -0.957 -1.1631 0.9923, -0.9542 -1.1559 1.0136, -0.9348 -1.1674 0.997, -0.9112 -1.1697 1.0014, -1.0038 -1.1559 0.964, -0.9935 -1.144 1.0033, -1.0249 -1.1463 0.9617, -1.034 -1.1233 0.9968, -1.0463 -1.1338 0.96, -1.0788 -1.0867 0.9946, -1.0993 -1.1072 0.921, -1.0511 -1.0589 1.0609, -1.0649 -1.0727 1.0279, -1.0248 -1.1049 1.0346, -1.018 -1.0727 1.0747, -0.9847 -1.0867 1.0886, -0.9112 -1.1072 1.1091, -1.0017 -1.1681 0.921, -0.9916 -1.1697 0.921, -0.9658 -1.1738 0.921, -0.9392 -1.1781 0.921, -0.9366 -1.1785 0.921, -0.9112 -1.1681 1.0115, -0.9112 -1.1621 1.0254, -0.9333 -1.1599 1.0197, -0.9112 -1.152 1.0485, -0.9112 -1.1486 1.0564, -0.9112 -1.1384 1.0694, -1.0595 -1.1384 0.921, -1.0466 -1.1486 0.921, -1.0387 -1.152 0.921, -1.0156 -1.1621 0.921, -0.9366 -0.919 1.1805, -0.9658 -0.919 1.1758, -0.9632 -0.9443 1.1748, -0.9519 -1.0327 1.1483, -0.9502 -1.0541 1.1358, -0.9112 -1.0677 1.1406, -1.0249 -0.9597 1.1483, -1.0463 -0.9581 1.1358, -1.034 -0.9948 1.1253, -0.9982 -0.982 1.1526, -0.9825 -0.9649 1.1651, -1.0038 -0.962 1.1578, -0.9871 -0.9427 1.1694, -0.9601 -0.968 1.1707, -0.9916 -0.919 1.1717, -0.9112 -1.0854 1.1289, -0.987 -1.0419 1.1253, -0.9935 -1.0013 1.146, -0.9542 -1.0117 1.1578, -0.957 -0.9903 1.1651, -1.0248 -1.0327 1.1069, -1.0649 -1.0259 1.0747, -1.0788 -0.9926 1.0886, -1.0993 -0.919 1.1091, -0.9112 -0.9469 1.1784, -0.9112 -0.9738 1.1758, -0.9112 -0.9956 1.1737, -1.0017 -0.919 1.1701, -1.0156 -0.919 1.164, -1.0099 -0.9411 1.1619, -1.0387 -0.919 1.154, -1.0466 -0.919 1.1506, -1.0595 -0.919 1.1404, -0.9112 -1.0466 1.1544, -0.9112 -1.0432 1.1567, -0.9112 -1.0234 1.1638, -0.9112 -0.9995 1.1724, -1.1376 -1.1787 0.3543, -1.1385 -1.1785 0.3543, -1.1395 -1.1782 0.3543, -1.1469 -1.1761 0.3543, -1.1471 -1.176 0.3543, -1.1477 -1.1757 0.3543, -1.1553 -1.1714 0.3543, -1.156 -1.1707 0.3543, -1.1611 -1.1662 0.3543, -1.1627 -1.1638 0.3543, -1.1644 -1.1614 0.3543, -1.1701 -1.149 0.3543, -1.1703 -1.1474 0.3543, -1.1705 -1.1463 0.3543, -1.1667 -1.158 0.3543, -1.1677 -1.1555 0.3543, -1.168 -1.1547 0.3543, -1.1684 -1.1505 0.4392, -1.1348 -1.1785 0.4392, -1.1246 -1.1784 0.5206, -1.1341 -1.1757 0.5206, -1.1693 -1.072 0.7413, -1.1698 -1.0968 0.6719, -1.1647 -1.1138 0.6719, -1.1683 -1.0103 0.8661, -1.166 -0.9738 0.921, -1.1469 -1.0432 0.921, -1.1602 -1.0734 0.8062, -1.1446 -1.0466 0.921, -1.1441 -1.1025 0.8064, -1.1307 -1.0677 0.921, -1.1539 -1.0234 0.921, -1.1625 -0.9995 0.921, -1.1639 -0.9956 0.921, -1.1688 -1.0431 0.8061, -1.1551 -1.1316 0.6722, -1.1215 -1.1294 0.8066, -1.1409 -1.1487 0.6723, -1.0947 -1.152 0.8064, -1.1237 -1.1629 0.6722, -1.1059 -1.1726 0.6719, -1.0871 -1.1704 0.7413, -1.0655 -1.1681 0.8062, -1.0024 -1.1761 0.8661, -1.0418 -1.1656 0.8661, -1.0352 -1.1766 0.8061, -1.0642 -1.1772 0.7413, -1.1445 -1.1705 0.5207, -1.1545 -1.1624 0.5207, -1.1706 -1.1427 0.4392, -1.1626 -1.1523 0.5207, -1.1678 -1.1419 0.5206, -1.1705 -1.1325 0.5206, -1.1665 -1.1296 0.5983, -1.1702 -1.117 0.5983, -1.119 -1.0854 0.921, -1.1092 -1.1781 0.5983, -1.0889 -1.1777 0.6719, -1.1384 -0.9597 1.0347, -1.1259 -0.9581 1.0561, -1.1307 -0.919 1.0696, -1.1521 -1.0177 0.9431, -1.1384 -1.0327 0.9617, -1.1259 -1.0541 0.96, -1.1155 -1.0419 0.9968, -1.1649 -0.9711 0.9463, -1.1553 -0.9903 0.9668, -1.1608 -0.968 0.9699, -1.1428 -1.0061 0.984, -1.1596 -0.995 0.9447, -1.148 -1.0117 0.964, -1.119 -0.919 1.0874, -1.1155 -0.9948 1.0438, -1.1362 -1.0013 1.0033, -1.148 -0.962 1.0136, -1.1553 -0.9649 0.9923, -1.097 -1.0327 1.0346, -1.1686 -0.919 0.9488, -1.166 -0.919 0.9757, -1.1639 -0.919 0.9976, -1.1446 -0.919 1.0486, -1.1469 -0.919 1.0451, -1.1539 -0.919 1.0254, -1.1625 -0.919 1.0014, -0.3445 -1.1783 1.1494, -0.3445 -1.176 1.1568, -0.4294 -1.1763 1.1525, -0.4293 -1.1427 1.1804, -0.5107 -1.1325 1.1803, -0.5108 -1.1419 1.1776, -0.7315 -1.1772 1.074, -0.6621 -1.1777 1.0988, -0.6621 -1.1726 1.1157, -0.8563 -1.1761 1.0122, -0.7963 -1.1681 1.0754, -0.7963 -1.1766 1.045, -0.7966 -1.152 1.1045, -0.6623 -1.1629 1.1335, -0.7967 -1.1294 1.1313, -0.6625 -1.1487 1.1507, -0.7966 -1.1025 1.1539, -0.6623 -1.1316 1.1649, -0.6621 -1.1138 1.1746, -0.8563 -1.0103 1.1781, -0.8563 -1.0496 1.1676, -0.7315 -1.0949 1.1724, -0.7963 -1.0734 1.17, -0.7963 -1.0431 1.1786, -0.7315 -1.072 1.1791, -0.5108 -1.1523 1.1724, -0.5109 -1.1624 1.1644, -0.3445 -1.164 1.1728, -0.3445 -1.1615 1.1743, -0.3445 -1.1556 1.1778, -0.3445 -1.1548 1.178, -0.3445 -1.1474 1.1802, -0.3445 -1.1463 1.1805, -0.4293 -1.1785 1.1447, -0.3445 -1.1786 1.1483, -0.5108 -1.1757 1.1439, -0.5107 -1.1784 1.1344, -0.3445 -1.1758 1.1576, -0.5108 -1.1705 1.1543, -0.5884 -1.1744 1.1316, -0.5884 -1.1781 1.119, -0.3445 -1.1723 1.1635, -0.3445 -1.1708 1.1659, -0.3445 -1.1674 1.1694, -0.5884 -1.117 1.18, -0.6621 -1.0968 1.1796, -1.1385 -0.3524 1.1805, -1.1395 -0.3524 1.1802, -1.1348 -0.4372 1.1804, -1.0642 -0.7393 1.1791, -1.1478 -0.3524 1.1778, -1.1536 -0.3524 1.1743, -1.1445 -0.5187 1.1724, -1.1706 -0.4372 1.1447, -1.1705 -0.5186 1.1344, -1.1702 -0.5963 1.119, -1.1678 -0.5186 1.1439, -1.1647 -0.67 1.1157, -1.1545 -0.5187 1.1644, -1.1626 -0.5187 1.1543, -1.1551 -0.6702 1.1335, -1.1682 -0.3524 1.1568, -1.1704 -0.3524 1.1494, -1.1707 -0.3524 1.1483, -1.1059 -0.67 1.1746, -1.1217 -0.5963 1.1764, -1.1237 -0.6702 1.1649, -1.1409 -0.6703 1.1507, -1.1561 -0.3524 1.1728, -1.1246 -0.5186 1.1803, -1.1469 -0.3524 1.178, -1.1426 -0.4372 1.1783, -1.1341 -0.5186 1.1776, -1.0889 -0.6699 1.1796, -1.1092 -0.5963 1.18, -1.0024 -0.8641 1.1781, -1.0655 -0.8042 1.17, -1.0352 -0.8042 1.1786, -1.1683 -0.8641 1.0122, -1.1578 -0.8642 1.0516, -1.1688 -0.8042 1.045, -1.1693 -0.7393 1.074, -1.1698 -0.6699 1.0988, -1.1626 -0.7394 1.0969, -1.1441 -0.8044 1.1045, -1.1602 -0.8042 1.0754, -1.1215 -0.8046 1.1313, -1.0947 -0.8044 1.1539, -1.1595 -0.3524 1.1694, -1.163 -0.3524 1.1659, -1.1644 -0.3524 1.1635, -1.1679 -0.3524 1.1576, 1.1582 -1.1786 -1.1811, 1.1905 -1.1455 0.3543, 1.1879 -1.1548 0.3543, 1.1878 -1.155 0.3543, 1.1876 -1.1556 -1.1811, 1.1904 -1.1463 -1.1811, 1.1903 -1.1463 0.3543, 1.19 -1.1474 0.3543, 1.1875 -1.1556 0.3543, 1.1832 -1.1632 0.3543, 1.1826 -1.164 -1.1811, 1.1826 -1.1639 0.3543, 1.178 -1.1689 0.3543, 1.1758 -1.1708 -1.1811, 1.1756 -1.1706 0.3543, 1.1674 -1.1758 -1.1811, 1.1733 -1.1722 0.3543, 1.1608 -1.178 0.3543, 1.1592 -1.1782 0.3543, 1.1581 -1.1783 0.3543, 1.1698 -1.1746 0.3543, 1.1673 -1.1755 0.3543, 1.1665 -1.1758 0.3543, 0.3642 -1.1787 1.1474, 0.3642 -1.1785 1.1483, 0.3642 -1.1782 1.1494, 0.3642 -1.1761 1.1568, 0.3642 -1.176 1.157, 0.3642 -1.1757 1.1576, 0.3642 -1.1714 1.1652, 0.3642 -1.1707 1.1659, 0.3642 -1.1662 1.1709, 0.3642 -1.1638 1.1726, 0.3642 -1.149 1.18, 0.3642 -1.1474 1.1802, 0.3642 -1.1463 1.1803, 0.3642 -1.1614 1.1742, 0.3642 -1.158 1.1766, 0.3642 -1.1555 1.1775, 0.3642 -1.1547 1.1778, -1.1667 0.3563 1.16, -1.1677 0.3563 1.1575, -1.1705 0.3563 1.1483, -1.168 0.3563 1.1567, -1.1701 0.3563 1.151, -1.1703 0.3563 1.1494, -1.1644 0.3563 1.1634, -1.1627 0.3563 1.1658, -1.1611 0.3563 1.1682, -1.156 0.3563 1.1727, -1.1553 0.3563 1.1733, -1.1477 0.3563 1.1777, -1.1471 0.3563 1.178, -1.1469 0.3563 1.1781, -1.1395 0.3563 1.1801, -1.1385 0.3563 1.1804, -1.1376 0.3563 1.1807, -1.1385 1.1825 -1.1811, -1.1708 1.1494 0.3543, -1.1707 1.1503 -1.1811, -1.1706 1.1503 0.3543, -1.1679 1.1596 -1.1811, -1.1703 1.1513 0.3543, -1.1682 1.1588 0.3543, -1.1682 1.1589 0.3543, -1.1678 1.1595 0.3543, -1.1635 1.1672 0.3543, -1.163 1.1679 -1.1811, -1.1629 1.1678 0.3543, -1.1583 1.1729 0.3543, -1.1561 1.1748 -1.1811, -1.1559 1.1745 0.3543, -1.1478 1.1797 -1.1811, -1.1536 1.1762 0.3543, -1.1412 1.1819 0.3543, -1.1396 1.1821 0.3543, -1.1385 1.1823 0.3543, -1.1501 1.1786 0.3543, -1.1477 1.1795 0.3543, -1.1469 1.1798 0.3543, 1.1623 -1.1763 0.4392, 1.1903 -1.1427 0.4392, 1.1902 -1.1325 0.5206, 1.1875 -1.1419 0.5206, 1.0838 -1.1772 0.7413, 1.1086 -1.1777 0.6719, 1.1256 -1.1726 0.6719, 1.0221 -1.1761 0.8661, 1.0852 -1.1681 0.8062, 1.1144 -1.152 0.8064, 1.0549 -1.1766 0.8061, 1.1434 -1.1629 0.6722, 1.1412 -1.1294 0.8066, 1.1605 -1.1487 0.6723, 1.1638 -1.1025 0.8064, 1.1747 -1.1316 0.6722, 1.1844 -1.1138 0.6719, 1.1822 -1.0949 0.7413, 1.1799 -1.0734 0.8062, 1.1879 -1.0103 0.8661, 1.1774 -1.0496 0.8661, 1.1884 -1.0431 0.8061, 1.189 -1.072 0.7413, 1.1823 -1.1523 0.5207, 1.1742 -1.1624 0.5207, 1.1545 -1.1785 0.4392, 1.1641 -1.1705 0.5207, 1.1537 -1.1757 0.5206, 1.1443 -1.1784 0.5206, 1.1414 -1.1744 0.5983, 1.1289 -1.1781 0.5983, 1.1899 -1.117 0.5983, 1.1895 -1.0968 0.6719, 0.7511 -1.1772 1.074, 0.816 -1.1766 1.045, 0.876 -1.1761 1.0122, 0.7511 -1.072 1.1791, 0.449 -1.1785 1.1447, 0.5304 -1.1784 1.1344, 0.6081 -1.1781 1.119, 0.6818 -1.1777 1.0988, 0.5305 -1.1705 1.1543, 0.5306 -1.1624 1.1644, 0.682 -1.1629 1.1335, 0.5304 -1.1757 1.1439, 0.6821 -1.1487 1.1507, 0.682 -1.1316 1.1649, 0.5305 -1.1523 1.1724, 0.6818 -1.1138 1.1746, 0.6081 -1.1296 1.1764, 0.449 -1.1427 1.1804, 0.5304 -1.1325 1.1803, 0.5304 -1.1419 1.1776, 0.449 -1.1505 1.1783, 0.6818 -1.0968 1.1796, 0.6081 -1.117 1.18, 0.9308 -1.0432 1.1567, 0.816 -1.0734 1.17, 0.9308 -1.0466 1.1544, 0.8162 -1.1025 1.1539, 0.9308 -1.0677 1.1406, 0.9308 -0.9738 1.1758, 0.9308 -1.0234 1.1638, 0.9308 -0.9995 1.1724, 0.876 -1.0103 1.1781, 0.9308 -0.9956 1.1737, 0.816 -1.0431 1.1786, 0.876 -1.1656 1.0516, 0.7512 -1.1704 1.0969, 0.6818 -1.1726 1.1157, 0.816 -1.1681 1.0754, 0.8162 -1.152 1.1045, 0.8164 -1.1294 1.1313, 0.9308 -1.0854 1.1289, -1.1684 0.4412 1.1525, -1.1348 0.4412 1.1804, -1.1246 0.5226 1.1803, -1.1341 0.5226 1.1776, -1.1693 0.7433 1.074, -1.1698 0.6739 1.0988, -1.1647 0.6739 1.1157, -1.1683 0.8681 1.0122, -1.1602 0.8081 1.0754, -1.1441 0.8084 1.1045, -1.1688 0.8081 1.045, -1.1551 0.6741 1.1335, -1.1215 0.8085 1.1313, -1.1409 0.6743 1.1507, -1.0947 0.8084 1.1539, -1.1237 0.6741 1.1649, -1.1059 0.6739 1.1746, -1.0871 0.7433 1.1724, -1.0655 0.8081 1.17, -1.0024 0.8681 1.1781, -1.0418 0.8681 1.1676, -1.0352 0.8081 1.1786, -1.0642 0.7433 1.1791, -1.1445 0.5226 1.1724, -1.1545 0.5227 1.1644, -1.1706 0.4412 1.1447, -1.1626 0.5226 1.1543, -1.1678 0.5226 1.1439, -1.1705 0.5226 1.1344, -1.1665 0.6002 1.1316, -1.1702 0.6002 1.119, -1.1092 0.6002 1.18, -1.0889 0.6739 1.1796, -1.1426 1.1802 0.4392, -1.1706 1.1467 0.4392, -1.1705 1.1364 0.5206, -1.1678 1.1459 0.5206, -1.0642 1.1811 0.7413, -1.0889 1.1816 0.6719, -1.1059 1.1765 0.6719, -1.0024 1.1801 0.8661, -0.9659 1.1778 0.921, -1.0353 1.1587 0.921, -1.0655 1.172 0.8062, -1.0388 1.1564 0.921, -1.0947 1.1559 0.8064, -1.0598 1.1425 0.921, -1.0156 1.1658 0.921, -0.9916 1.1743 0.921, -0.9878 1.1757 0.921, -1.0352 1.1806 0.8061, -1.1237 1.1669 0.6722, -1.1215 1.1333 0.8066, -1.1409 1.1527 0.6723, -1.1441 1.1065 0.8064, -1.1551 1.1355 0.6722, -1.1647 1.1177 0.6719, -1.1626 1.0989 0.7413, -1.1602 1.0774 0.8062, -1.1683 1.0142 0.8661, -1.1578 1.0536 0.8661, -1.1688 1.047 0.8061, -1.1693 1.076 0.7413, -1.1626 1.1563 0.5207, -1.1545 1.1664 0.5207, -1.1348 1.1824 0.4392, -1.1445 1.1744 0.5207, -1.1341 1.1796 0.5206, -1.1246 1.1823 0.5206, -1.1217 1.1783 0.5983, -1.1092 1.182 0.5983, -1.0776 1.1308 0.921, -1.1702 1.121 0.5983, -1.1698 1.1007 0.6719, 1.0445 -0.9597 1.1483, 1.0659 -0.9581 1.1358, 1.0795 -0.919 1.1406, 0.9529 -1.0177 1.1619, 0.9715 -1.0327 1.1483, 0.9699 -1.0541 1.1358, 1.0067 -1.0419 1.1253, 0.9561 -0.9711 1.1748, 0.9767 -0.9903 1.1651, 0.9798 -0.968 1.1707, 0.9938 -1.0061 1.1526, 0.9545 -0.995 1.1694, 0.9738 -1.0117 1.1578, 1.0972 -0.919 1.1289, 1.0537 -0.9948 1.1253, 1.0131 -1.0013 1.146, 1.0235 -0.962 1.1578, 1.0021 -0.9649 1.1651, 1.0445 -1.0327 1.1069, 0.9587 -0.919 1.1784, 0.9856 -0.919 1.1758, 1.0075 -0.919 1.1737, 1.0585 -0.919 1.1544, 1.055 -0.919 1.1567, 1.0352 -0.919 1.1638, 1.0113 -0.919 1.1724, -0.9519 1.1503 1.0347, -0.9502 1.1377 1.0561, -0.9112 1.1425 1.0696, -1.0099 1.1639 0.9431, -1.0249 1.1503 0.9617, -1.0463 1.1377 0.96, -1.034 1.1273 0.9968, -0.9632 1.1767 0.9463, -0.9825 1.1671 0.9668, -0.9601 1.1726 0.9699, -0.9982 1.1546 0.984, -0.9871 1.1714 0.9447, -1.0038 1.1598 0.964, -0.9112 1.1308 1.0874, -0.987 1.1273 1.0438, -0.9935 1.148 1.0033, -0.9542 1.1598 1.0136, -0.957 1.1671 0.9923, -1.0248 1.1089 1.0346, -0.9112 1.1804 0.9488, -0.9112 1.1778 0.9757, -0.9112 1.1757 0.9976, -0.9112 1.1564 1.0486, -0.9112 1.1587 1.0451, -0.9112 1.1658 1.0254, -0.9112 1.1743 1.0014, 1.1901 -0.3524 1.1494, 1.1878 -0.3524 1.1568, 1.1881 -0.4372 1.1525, 1.1545 -0.4372 1.1804, 1.1443 -0.5186 1.1803, 1.1537 -0.5186 1.1776, 1.189 -0.7393 1.074, 1.1895 -0.6699 1.0988, 1.1844 -0.67 1.1157, 1.1879 -0.8641 1.0122, 1.1799 -0.8042 1.0754, 1.1884 -0.8042 1.045, 1.1638 -0.8044 1.1045, 1.1747 -0.6702 1.1335, 1.1412 -0.8046 1.1313, 1.1605 -0.6703 1.1507, 1.1144 -0.8044 1.1539, 1.1434 -0.6702 1.1649, 1.1256 -0.67 1.1746, 1.0221 -0.8641 1.1781, 1.0614 -0.8642 1.1676, 1.1067 -0.7394 1.1724, 1.0852 -0.8042 1.17, 1.0549 -0.8042 1.1786, 1.0838 -0.7393 1.1791, 1.1641 -0.5187 1.1724, 1.1742 -0.5187 1.1644, 1.1758 -0.3524 1.1728, 1.1733 -0.3524 1.1743, 1.1674 -0.3524 1.1778, 1.1666 -0.3524 1.178, 1.1592 -0.3524 1.1802, 1.1582 -0.3524 1.1805, 1.1903 -0.4372 1.1447, 1.1904 -0.3524 1.1483, 1.1875 -0.5186 1.1439, 1.1902 -0.5186 1.1344, 1.1876 -0.3524 1.1576, 1.1823 -0.5187 1.1543, 1.1862 -0.5963 1.1316, 1.1899 -0.5963 1.119, 1.1841 -0.3524 1.1635, 1.1826 -0.3524 1.1659, 1.1792 -0.3524 1.1694, 1.1289 -0.5963 1.18, 1.1086 -0.6699 1.1796, -0.3445 1.1503 1.1805, -0.3445 1.1514 1.1802, -0.4293 1.1467 1.1804, -0.7315 1.076 1.1791, -0.3445 1.1596 1.1778, -0.3445 1.1655 1.1743, -0.5108 1.1563 1.1724, -0.4293 1.1824 1.1447, -0.5107 1.1823 1.1344, -0.5884 1.182 1.119, -0.5108 1.1796 1.1439, -0.6621 1.1765 1.1157, -0.5109 1.1664 1.1644, -0.5108 1.1744 1.1543, -0.6623 1.1669 1.1335, -0.3445 1.18 1.1568, -0.3445 1.1822 1.1494, -0.3445 1.1825 1.1483, -0.6621 1.1177 1.1746, -0.5884 1.1335 1.1764, -0.6623 1.1355 1.1649, -0.6625 1.1527 1.1507, -0.3445 1.1679 1.1728, -0.5107 1.1364 1.1803, -0.3445 1.1587 1.178, -0.4294 1.1544 1.1783, -0.5108 1.1459 1.1776, -0.6621 1.1007 1.1796, -0.5884 1.121 1.18, -0.8563 1.0142 1.1781, -0.7963 1.0774 1.17, -0.7963 1.047 1.1786, -0.8563 1.1801 1.0122, -0.8563 1.1696 1.0516, -0.7963 1.1806 1.045, -0.7315 1.1811 1.074, -0.6621 1.1816 1.0988, -0.7315 1.1744 1.0969, -0.7966 1.1559 1.1045, -0.7963 1.172 1.0754, -0.7967 1.1333 1.1313, -0.7966 1.1065 1.1539, -0.3445 1.1713 1.1694, -0.3445 1.1748 1.1659, -0.3445 1.1762 1.1635, -0.3445 1.1797 1.1576, 1.1905 0.3563 1.1474, 1.1903 0.3563 1.1483, 1.19 0.3563 1.1494, 1.1879 0.3563 1.1568, 1.1878 0.3563 1.157, 1.1875 0.3563 1.1576, 1.1832 0.3563 1.1652, 1.1826 0.3563 1.1659, 1.178 0.3563 1.1709, 1.1756 0.3563 1.1726, 1.1733 0.3563 1.1742, 1.1698 0.3563 1.1766, 1.1673 0.3563 1.1775, 1.1665 0.3563 1.1778, 1.1608 0.3563 1.18, 1.1592 0.3563 1.1802, 1.1581 0.3563 1.1803, 0.3642 1.1823 1.1483, 0.3642 1.1821 1.1494, 0.3642 1.1819 1.151, 0.3642 1.1798 1.1567, 0.3642 1.1795 1.1575, 0.3642 1.1786 1.16, 0.3642 1.1762 1.1634, 0.3642 1.1745 1.1658, 0.3642 1.1729 1.1682, 0.3642 1.1678 1.1727, 0.3642 1.1672 1.1733, 0.3642 1.1595 1.1777, 0.3642 1.1589 1.178, 0.3642 1.1588 1.1781, 0.3642 1.1513 1.1801, 0.3642 1.1503 1.1804, 0.3642 1.1494 1.1807, 1.189 0.7433 1.074, 1.1884 0.8081 1.045, 1.1879 0.8681 1.0122, 1.0838 0.7433 1.1791, 1.1903 0.4412 1.1447, 1.1902 0.5226 1.1344, 1.1899 0.6002 1.119, 1.1895 0.6739 1.0988, 1.1823 0.5226 1.1543, 1.1742 0.5227 1.1644, 1.1747 0.6741 1.1335, 1.1875 0.5226 1.1439, 1.1605 0.6743 1.1507, 1.1434 0.6741 1.1649, 1.1641 0.5226 1.1724, 1.1256 0.6739 1.1746, 1.1414 0.6002 1.1764, 1.1545 0.4412 1.1804, 1.1443 0.5226 1.1803, 1.1537 0.5226 1.1776, 1.1623 0.4412 1.1783, 1.1086 0.6739 1.1796, 1.1289 0.6002 1.18, 1.0852 0.8081 1.17, 1.1144 0.8084 1.1539, 1.0221 0.8681 1.1781, 1.0549 0.8081 1.1786, 1.1774 0.8681 1.0516, 1.1822 0.7433 1.0969, 1.1844 0.6739 1.1157, 1.1799 0.8081 1.0754, 1.1638 0.8084 1.1045, 1.1412 0.8085 1.1313, 0.449 1.1802 1.1525, 0.449 1.1467 1.1804, 0.5304 1.1364 1.1803, 0.5304 1.1459 1.1776, 0.7511 1.1811 1.074, 0.6818 1.1816 1.0988, 0.6818 1.1765 1.1157, 0.876 1.1801 1.0122, 0.9308 1.1778 0.9757, 0.9308 1.1587 1.0451, 0.816 1.172 1.0754, 0.9308 1.1564 1.0486, 0.8162 1.1559 1.1045, 0.9308 1.1425 1.0696, 0.9308 1.1658 1.0254, 0.9308 1.1743 1.0014, 0.9308 1.1757 0.9976, 0.816 1.1806 1.045, 0.682 1.1669 1.1335, 0.8164 1.1333 1.1313, 0.6821 1.1527 1.1507, 0.8162 1.1065 1.1539, 0.682 1.1355 1.1649, 0.6818 1.1177 1.1746, 0.7512 1.0989 1.1724, 0.816 1.0774 1.17, 0.876 1.0142 1.1781, 0.876 1.0536 1.1676, 0.816 1.047 1.1786, 0.7511 1.076 1.1791, 0.5305 1.1563 1.1724, 0.5306 1.1664 1.1644, 0.449 1.1824 1.1447, 0.5305 1.1744 1.1543, 0.5304 1.1796 1.1439, 0.5304 1.1823 1.1344, 0.6081 1.1783 1.1316, 0.6081 1.182 1.119, 0.9308 1.1308 1.0874, 0.6081 1.121 1.18, 0.6818 1.1007 1.1796, 1.0445 1.1503 0.9617, 1.0659 1.1377 0.96, 1.0795 1.1425 0.921, 0.9529 1.1639 1.0197, 0.9715 1.1503 1.0347, 0.9699 1.1377 1.0561, 1.0067 1.1273 1.0438, 0.9561 1.1767 0.9731, 0.9767 1.1671 0.9923, 0.9798 1.1726 0.9699, 0.9938 1.1546 1.0081, 0.9545 1.1714 0.997, 0.9738 1.1598 1.0136, 1.0972 1.1308 0.921, 1.0537 1.1273 0.9968, 1.0131 1.148 1.0033, 1.0235 1.1598 0.964, 1.0021 1.1671 0.9668, 1.0445 1.1089 1.0346, 0.9587 1.1804 0.921, 0.9856 1.1778 0.921, 1.0075 1.1757 0.921, 1.0585 1.1564 0.921, 1.055 1.1587 0.921, 1.0352 1.1658 0.921, 1.0113 1.1743 0.921, 1.1901 1.1514 0.3543, 1.1878 1.1587 0.3543, 1.1881 1.1544 0.4392, 1.1545 1.1824 0.4392, 1.1443 1.1823 0.5206, 1.1537 1.1796 0.5206, 1.189 1.076 0.7413, 1.1895 1.1007 0.6719, 1.1844 1.1177 0.6719, 1.1879 1.0142 0.8661, 1.1799 1.0774 0.8062, 1.1884 1.047 0.8061, 1.1638 1.1065 0.8064, 1.1747 1.1355 0.6722, 1.1412 1.1333 0.8066, 1.1605 1.1527 0.6723, 1.1144 1.1559 0.8064, 1.1434 1.1669 0.6722, 1.1256 1.1765 0.6719, 1.0221 1.1801 0.8661, 1.0614 1.1696 0.8661, 1.1067 1.1744 0.7413, 1.0852 1.172 0.8062, 1.0549 1.1806 0.8061, 1.0838 1.1811 0.7413, 1.1641 1.1744 0.5207, 1.1742 1.1664 0.5207, 1.1758 1.1748 0.3543, 1.1733 1.1762 0.3543, 1.1674 1.1797 0.3543, 1.1666 1.18 0.3543, 1.1592 1.1822 0.3543, 1.1582 1.1825 0.3543, 1.1903 1.1467 0.4392, 1.1904 1.1503 0.3543, 1.1875 1.1459 0.5206, 1.1902 1.1364 0.5206, 1.1876 1.1596 0.3543, 1.1823 1.1563 0.5207, 1.1862 1.1335 0.5983, 1.1899 1.121 0.5983, 1.1841 1.1655 0.3543, 1.1826 1.1679 0.3543, 1.1792 1.1713 0.3543, 1.1289 1.182 0.5983, 1.1086 1.1816 0.6719, 1.1582 1.1825 -1.1811, 1.1674 1.1797 -1.1811, 1.1758 1.1748 -1.1811, 1.1826 1.1679 -1.1811, 1.1876 1.1596 -1.1811, 1.1904 1.1503 -1.1811, -0.7578 -0.1732 0.0394, -0.7776 0.002 0.0394, -0.7578 0.1772 0.0394, -0.6996 0.3436 0.0394, 0.8366 0.8288 0.0394, 0.7972 0.002 0.0394, 0.7775 0.1772 0.0394, -0.8169 0.8288 0.0394, 0.0098 0.7894 0.0394, -0.1654 0.7696 0.0394, -0.6996 -0.3397 0.0394, -0.6058 -0.489 0.0394, -0.8169 -0.8248 0.0394, -0.4811 -0.6136 0.0394, -0.3318 -0.7074 0.0394, -0.3318 0.7114 0.0394, -0.4811 0.6176 0.0394, -0.6058 0.4929 0.0394, 0.7193 0.3436 0.0394, 0.6254 0.4929 0.0394, 0.5008 0.6176 0.0394, 0.3515 0.7114 0.0394, 0.7775 -0.1732 0.0394, 0.7193 -0.3397 0.0394, 0.185 0.7696 0.0394, -0.1654 -0.7657 0.0394, 0.0098 -0.7854 0.0394, 0.185 -0.7657 0.0394, 0.3515 -0.7074 0.0394, 0.8366 -0.8248 0.0394, 0.5008 -0.6136 0.0394, 0.6254 -0.489 0.0394, 0.8366 -0.8248 -1.1811, -0.8169 0.8288 -1.1811, 0.8366 0.8288 -1.1811
            ]
        }
        coordIndex [
            0,1,2,-1,2,1,3,-1,2,3,4,-1,4,3,5,-1,4,5,6,-1,6,5,7,-1,6,7,8,-1,8,7,9,-1,8,9,10,-1,10,9,11,-1,10,11,12,-1,12,11,13,-1,12,13,14,-1,14,13,15,-1,14,15,16,-1,16,15,17,-1,16,17,18,-1,18,17,19,-1,18,19,20,-1,20,19,21,-1,20,21,22,-1,22,21,23,-1,22,23,24,-1,24,23,25,-1,24,25,26,-1,26,25,27,-1,26,27,28,-1,28,27,29,-1,28,29,30,-1,30,29,31,-1,30,31,32,-1,32,31,33,-1,32,33,34,-1,34,33,35,-1,34,35,36,-1,36,35,37,-1,36,37,38,-1,38,37,39,-1,38,39,40,-1,40,39,41,-1,40,41,42,-1,42,41,43,-1,42,43,44,-1,44,43,45,-1,44,45,46,-1,46,45,47,-1,46,47,0,-1,0,47,1,-1,48,49,50,-1,51,52,53,-1,54,55,56,-1,57,58,59,-1,48,60,61,-1,61,60,62,-1,49,63,50,-1,50,63,64,-1,50,64,65,-1,66,67,63,-1,63,67,68,-1,63,68,64,-1,64,68,69,-1,64,69,65,-1,48,50,60,-1,60,50,65,-1,60,65,62,-1,62,65,70,-1,62,70,71,-1,71,70,72,-1,71,72,73,-1,73,72,74,-1,73,74,75,-1,76,77,78,-1,76,78,79,-1,79,78,59,-1,79,59,56,-1,56,59,58,-1,56,58,54,-1,80,66,81,-1,81,66,63,-1,81,63,82,-1,82,63,49,-1,53,52,57,-1,52,83,57,-1,57,83,84,-1,57,84,58,-1,58,84,85,-1,58,85,54,-1,75,86,73,-1,73,86,87,-1,73,87,71,-1,71,87,88,-1,71,88,62,-1,62,88,89,-1,62,89,61,-1,67,51,68,-1,68,51,53,-1,68,53,69,-1,69,53,57,-1,69,57,65,-1,65,57,59,-1,65,59,70,-1,70,59,78,-1,70,78,72,-1,72,78,77,-1,72,77,74,-1,90,91,92,-1,93,94,95,-1,96,97,98,-1,96,99,100,-1,100,99,101,-1,96,98,99,-1,99,98,92,-1,99,92,101,-1,101,92,91,-1,101,91,102,-1,97,96,103,-1,103,96,104,-1,103,104,105,-1,105,104,106,-1,105,106,107,-1,107,106,56,-1,107,56,55,-1,76,79,108,-1,76,108,109,-1,109,108,95,-1,109,95,110,-1,110,95,94,-1,110,94,111,-1,103,112,97,-1,97,112,113,-1,97,113,98,-1,98,113,114,-1,98,114,92,-1,92,114,115,-1,92,115,90,-1,90,115,116,-1,90,116,117,-1,118,119,120,-1,120,119,121,-1,120,121,93,-1,93,121,122,-1,93,122,94,-1,94,122,123,-1,94,123,111,-1,55,124,107,-1,107,124,125,-1,107,125,105,-1,105,125,126,-1,105,126,103,-1,103,126,127,-1,103,127,112,-1,102,118,101,-1,101,118,120,-1,101,120,100,-1,100,120,93,-1,100,93,96,-1,96,93,95,-1,96,95,104,-1,104,95,108,-1,104,108,106,-1,106,108,79,-1,106,79,56,-1,128,129,130,-1,131,132,133,-1,134,135,136,-1,137,138,139,-1,128,140,141,-1,141,140,142,-1,129,143,130,-1,130,143,144,-1,130,144,145,-1,146,147,143,-1,143,147,148,-1,143,148,144,-1,144,148,149,-1,144,149,145,-1,128,130,140,-1,140,130,145,-1,140,145,142,-1,142,145,150,-1,142,150,151,-1,151,150,152,-1,151,152,153,-1,153,152,154,-1,153,154,155,-1,156,157,158,-1,156,158,159,-1,159,158,139,-1,159,139,136,-1,136,139,138,-1,136,138,134,-1,160,146,161,-1,161,146,143,-1,161,143,162,-1,162,143,129,-1,133,132,137,-1,132,163,137,-1,137,163,164,-1,137,164,138,-1,138,164,165,-1,138,165,134,-1,155,166,153,-1,153,166,167,-1,153,167,151,-1,151,167,168,-1,151,168,142,-1,142,168,169,-1,142,169,141,-1,147,131,148,-1,148,131,133,-1,148,133,149,-1,149,133,137,-1,149,137,145,-1,145,137,139,-1,145,139,150,-1,150,139,158,-1,150,158,152,-1,152,158,157,-1,152,157,154,-1,170,171,172,-1,173,174,175,-1,176,177,178,-1,176,179,180,-1,180,179,181,-1,176,178,179,-1,179,178,172,-1,179,172,181,-1,181,172,171,-1,181,171,182,-1,177,176,183,-1,183,176,184,-1,183,184,185,-1,185,184,186,-1,185,186,187,-1,187,186,136,-1,187,136,135,-1,156,159,188,-1,156,188,189,-1,189,188,175,-1,189,175,190,-1,190,175,174,-1,190,174,191,-1,183,192,177,-1,177,192,193,-1,177,193,178,-1,178,193,194,-1,178,194,172,-1,172,194,195,-1,172,195,170,-1,170,195,196,-1,170,196,197,-1,198,199,200,-1,200,199,201,-1,200,201,173,-1,173,201,202,-1,173,202,174,-1,174,202,203,-1,174,203,191,-1,135,204,187,-1,187,204,205,-1,187,205,185,-1,185,205,206,-1,185,206,183,-1,183,206,207,-1,183,207,192,-1,182,198,181,-1,181,198,200,-1,181,200,180,-1,180,200,173,-1,180,173,176,-1,176,173,175,-1,176,175,184,-1,184,175,188,-1,184,188,186,-1,186,188,159,-1,186,159,136,-1,208,209,210,-1,211,212,213,-1,214,215,216,-1,217,218,219,-1,208,220,221,-1,221,220,222,-1,209,223,210,-1,210,223,224,-1,210,224,225,-1,226,227,223,-1,223,227,228,-1,223,228,224,-1,224,228,229,-1,224,229,225,-1,208,210,220,-1,220,210,225,-1,220,225,222,-1,222,225,230,-1,222,230,231,-1,231,230,232,-1,231,232,233,-1,233,232,234,-1,233,234,235,-1,236,237,238,-1,236,238,239,-1,239,238,219,-1,239,219,216,-1,216,219,218,-1,216,218,214,-1,240,226,241,-1,241,226,223,-1,241,223,242,-1,242,223,209,-1,213,212,217,-1,212,243,217,-1,217,243,244,-1,217,244,218,-1,218,244,245,-1,218,245,214,-1,235,246,233,-1,233,246,247,-1,233,247,231,-1,231,247,248,-1,231,248,222,-1,222,248,249,-1,222,249,221,-1,227,211,228,-1,228,211,213,-1,228,213,229,-1,229,213,217,-1,229,217,225,-1,225,217,219,-1,225,219,230,-1,230,219,238,-1,230,238,232,-1,232,238,237,-1,232,237,234,-1,250,251,252,-1,253,254,255,-1,256,257,258,-1,256,259,260,-1,260,259,261,-1,256,258,259,-1,259,258,252,-1,259,252,261,-1,261,252,251,-1,261,251,262,-1,257,256,263,-1,263,256,264,-1,263,264,265,-1,265,264,266,-1,265,266,267,-1,267,266,216,-1,267,216,215,-1,236,239,268,-1,236,268,269,-1,269,268,255,-1,269,255,270,-1,270,255,254,-1,270,254,271,-1,263,272,257,-1,257,272,273,-1,257,273,258,-1,258,273,274,-1,258,274,252,-1,252,274,275,-1,252,275,250,-1,250,275,276,-1,250,276,277,-1,278,279,280,-1,280,279,281,-1,280,281,253,-1,253,281,282,-1,253,282,254,-1,254,282,283,-1,254,283,271,-1,215,284,267,-1,267,284,285,-1,267,285,265,-1,265,285,286,-1,265,286,263,-1,263,286,287,-1,263,287,272,-1,262,278,261,-1,261,278,280,-1,261,280,260,-1,260,280,253,-1,260,253,256,-1,256,253,255,-1,256,255,264,-1,264,255,268,-1,264,268,266,-1,266,268,239,-1,266,239,216,-1,288,289,290,-1,291,292,293,-1,294,295,296,-1,297,298,299,-1,288,300,301,-1,301,300,302,-1,289,303,290,-1,290,303,304,-1,290,304,305,-1,306,307,303,-1,303,307,308,-1,303,308,304,-1,304,308,309,-1,304,309,305,-1,288,290,300,-1,300,290,305,-1,300,305,302,-1,302,305,310,-1,302,310,311,-1,311,310,312,-1,311,312,313,-1,313,312,314,-1,313,314,315,-1,316,317,318,-1,316,318,319,-1,319,318,299,-1,319,299,296,-1,296,299,298,-1,296,298,294,-1,320,306,321,-1,321,306,303,-1,321,303,322,-1,322,303,289,-1,293,292,297,-1,292,323,297,-1,297,323,324,-1,297,324,298,-1,298,324,325,-1,298,325,294,-1,315,326,313,-1,313,326,327,-1,313,327,311,-1,311,327,328,-1,311,328,302,-1,302,328,329,-1,302,329,301,-1,307,291,308,-1,308,291,293,-1,308,293,309,-1,309,293,297,-1,309,297,305,-1,305,297,299,-1,305,299,310,-1,310,299,318,-1,310,318,312,-1,312,318,317,-1,312,317,314,-1,330,331,332,-1,333,334,335,-1,336,337,338,-1,336,339,340,-1,340,339,341,-1,336,338,339,-1,339,338,332,-1,339,332,341,-1,341,332,331,-1,341,331,342,-1,337,336,343,-1,343,336,344,-1,343,344,345,-1,345,344,346,-1,345,346,347,-1,347,346,296,-1,347,296,295,-1,316,319,348,-1,316,348,349,-1,349,348,335,-1,349,335,350,-1,350,335,334,-1,350,334,351,-1,343,352,337,-1,337,352,353,-1,337,353,338,-1,338,353,354,-1,338,354,332,-1,332,354,355,-1,332,355,330,-1,330,355,356,-1,330,356,357,-1,358,359,360,-1,360,359,361,-1,360,361,333,-1,333,361,362,-1,333,362,334,-1,334,362,363,-1,334,363,351,-1,295,364,347,-1,347,364,365,-1,347,365,345,-1,345,365,366,-1,345,366,343,-1,343,366,367,-1,343,367,352,-1,342,358,341,-1,341,358,360,-1,341,360,340,-1,340,360,333,-1,340,333,336,-1,336,333,335,-1,336,335,344,-1,344,335,348,-1,344,348,346,-1,346,348,319,-1,346,319,296,-1,368,369,370,-1,371,372,373,-1,374,375,376,-1,377,378,379,-1,368,380,381,-1,381,380,382,-1,369,383,370,-1,370,383,384,-1,370,384,385,-1,386,387,383,-1,383,387,388,-1,383,388,384,-1,384,388,389,-1,384,389,385,-1,368,370,380,-1,380,370,385,-1,380,385,382,-1,382,385,390,-1,382,390,391,-1,391,390,392,-1,391,392,393,-1,393,392,394,-1,393,394,395,-1,396,397,398,-1,396,398,399,-1,399,398,379,-1,399,379,376,-1,376,379,378,-1,376,378,374,-1,400,386,401,-1,401,386,383,-1,401,383,402,-1,402,383,369,-1,373,372,377,-1,372,403,377,-1,377,403,404,-1,377,404,378,-1,378,404,405,-1,378,405,374,-1,395,406,393,-1,393,406,407,-1,393,407,391,-1,391,407,408,-1,391,408,382,-1,382,408,409,-1,382,409,381,-1,387,371,388,-1,388,371,373,-1,388,373,389,-1,389,373,377,-1,389,377,385,-1,385,377,379,-1,385,379,390,-1,390,379,398,-1,390,398,392,-1,392,398,397,-1,392,397,394,-1,410,411,412,-1,413,414,415,-1,416,417,418,-1,416,419,420,-1,420,419,421,-1,416,418,419,-1,419,418,412,-1,419,412,421,-1,421,412,411,-1,421,411,422,-1,417,416,423,-1,423,416,424,-1,423,424,425,-1,425,424,426,-1,425,426,427,-1,427,426,376,-1,427,376,375,-1,396,399,428,-1,396,428,429,-1,429,428,415,-1,429,415,430,-1,430,415,414,-1,430,414,431,-1,423,432,417,-1,417,432,433,-1,417,433,418,-1,418,433,434,-1,418,434,412,-1,412,434,435,-1,412,435,410,-1,410,435,436,-1,410,436,437,-1,438,439,440,-1,440,439,441,-1,440,441,413,-1,413,441,442,-1,413,442,414,-1,414,442,443,-1,414,443,431,-1,375,444,427,-1,427,444,445,-1,427,445,425,-1,425,445,446,-1,425,446,423,-1,423,446,447,-1,423,447,432,-1,422,438,421,-1,421,438,440,-1,421,440,420,-1,420,440,413,-1,420,413,416,-1,416,413,415,-1,416,415,424,-1,424,415,428,-1,424,428,426,-1,426,428,399,-1,426,399,376,-1,448,449,450,-1,451,452,453,-1,454,455,456,-1,457,458,459,-1,448,460,461,-1,461,460,462,-1,449,463,450,-1,450,463,464,-1,450,464,465,-1,466,467,463,-1,463,467,468,-1,463,468,464,-1,464,468,469,-1,464,469,465,-1,448,450,460,-1,460,450,465,-1,460,465,462,-1,462,465,470,-1,462,470,471,-1,471,470,472,-1,471,472,473,-1,473,472,474,-1,473,474,475,-1,476,477,478,-1,476,478,479,-1,479,478,459,-1,479,459,456,-1,456,459,458,-1,456,458,454,-1,480,466,481,-1,481,466,463,-1,481,463,482,-1,482,463,449,-1,453,452,457,-1,452,483,457,-1,457,483,484,-1,457,484,458,-1,458,484,485,-1,458,485,454,-1,475,486,473,-1,473,486,487,-1,473,487,471,-1,471,487,488,-1,471,488,462,-1,462,488,489,-1,462,489,461,-1,467,451,468,-1,468,451,453,-1,468,453,469,-1,469,453,457,-1,469,457,465,-1,465,457,459,-1,465,459,470,-1,470,459,478,-1,470,478,472,-1,472,478,477,-1,472,477,474,-1,490,491,492,-1,493,494,495,-1,496,497,498,-1,496,499,500,-1,500,499,501,-1,496,498,499,-1,499,498,492,-1,499,492,501,-1,501,492,491,-1,501,491,502,-1,497,496,503,-1,503,496,504,-1,503,504,505,-1,505,504,506,-1,505,506,507,-1,507,506,456,-1,507,456,455,-1,476,479,508,-1,476,508,509,-1,509,508,495,-1,509,495,510,-1,510,495,494,-1,510,494,511,-1,503,512,497,-1,497,512,513,-1,497,513,498,-1,498,513,514,-1,498,514,492,-1,492,514,515,-1,492,515,490,-1,490,515,516,-1,490,516,517,-1,518,519,520,-1,520,519,521,-1,520,521,493,-1,493,521,522,-1,493,522,494,-1,494,522,523,-1,494,523,511,-1,455,524,507,-1,507,524,525,-1,507,525,505,-1,505,525,526,-1,505,526,503,-1,503,526,527,-1,503,527,512,-1,502,518,501,-1,501,518,520,-1,501,520,500,-1,500,520,493,-1,500,493,496,-1,496,493,495,-1,496,495,504,-1,504,495,508,-1,504,508,506,-1,506,508,479,-1,506,479,456,-1,528,529,530,-1,531,532,533,-1,534,535,536,-1,534,537,538,-1,538,537,539,-1,534,536,537,-1,537,536,530,-1,537,530,539,-1,539,530,529,-1,539,529,540,-1,535,534,541,-1,541,534,542,-1,541,542,543,-1,543,542,544,-1,543,544,545,-1,545,544,546,-1,545,546,547,-1,548,549,550,-1,548,550,551,-1,551,550,533,-1,551,533,552,-1,552,533,532,-1,552,532,553,-1,541,554,535,-1,535,554,555,-1,535,555,536,-1,536,555,556,-1,536,556,530,-1,530,556,557,-1,530,557,528,-1,528,557,558,-1,528,558,559,-1,560,561,562,-1,562,561,563,-1,562,563,531,-1,531,563,564,-1,531,564,532,-1,532,564,565,-1,532,565,553,-1,547,566,545,-1,545,566,567,-1,545,567,543,-1,543,567,568,-1,543,568,541,-1,541,568,569,-1,541,569,554,-1,540,560,539,-1,539,560,562,-1,539,562,538,-1,538,562,531,-1,538,531,534,-1,534,531,533,-1,534,533,542,-1,542,533,550,-1,542,550,544,-1,544,550,549,-1,544,549,546,-1,570,571,572,-1,573,574,575,-1,576,577,578,-1,579,580,581,-1,581,580,582,-1,579,583,580,-1,580,583,572,-1,580,572,582,-1,582,572,571,-1,582,571,584,-1,575,574,585,-1,553,585,552,-1,552,585,574,-1,552,574,586,-1,586,574,573,-1,586,573,587,-1,587,573,588,-1,587,588,579,-1,579,588,589,-1,579,589,583,-1,548,551,590,-1,548,590,591,-1,591,590,578,-1,591,578,592,-1,592,578,577,-1,592,577,593,-1,594,570,595,-1,595,570,572,-1,595,572,596,-1,596,572,583,-1,596,583,597,-1,597,583,589,-1,598,599,600,-1,600,599,601,-1,600,601,576,-1,576,601,602,-1,576,602,577,-1,577,602,603,-1,577,603,593,-1,575,604,573,-1,573,604,605,-1,573,605,588,-1,588,605,606,-1,588,606,589,-1,589,606,607,-1,589,607,597,-1,584,598,582,-1,582,598,600,-1,582,600,581,-1,581,600,576,-1,581,576,579,-1,579,576,578,-1,579,578,587,-1,587,578,590,-1,587,590,586,-1,586,590,551,-1,586,551,552,-1,608,609,610,-1,611,612,613,-1,614,615,616,-1,614,617,618,-1,618,617,619,-1,614,616,617,-1,617,616,610,-1,617,610,619,-1,619,610,609,-1,619,609,620,-1,615,614,621,-1,621,614,622,-1,621,622,623,-1,623,622,624,-1,623,624,625,-1,625,624,626,-1,625,626,627,-1,628,629,630,-1,628,630,631,-1,631,630,613,-1,631,613,632,-1,632,613,612,-1,632,612,633,-1,621,634,615,-1,615,634,635,-1,615,635,616,-1,616,635,636,-1,616,636,610,-1,610,636,637,-1,610,637,608,-1,608,637,638,-1,608,638,639,-1,640,641,642,-1,642,641,643,-1,642,643,611,-1,611,643,644,-1,611,644,612,-1,612,644,645,-1,612,645,633,-1,627,646,625,-1,625,646,647,-1,625,647,623,-1,623,647,648,-1,623,648,621,-1,621,648,649,-1,621,649,634,-1,620,640,619,-1,619,640,642,-1,619,642,618,-1,618,642,611,-1,618,611,614,-1,614,611,613,-1,614,613,622,-1,622,613,630,-1,622,630,624,-1,624,630,629,-1,624,629,626,-1,650,651,652,-1,653,654,655,-1,656,657,658,-1,659,660,661,-1,661,660,662,-1,659,663,660,-1,660,663,652,-1,660,652,662,-1,662,652,651,-1,662,651,664,-1,655,654,665,-1,633,665,632,-1,632,665,654,-1,632,654,666,-1,666,654,653,-1,666,653,667,-1,667,653,668,-1,667,668,659,-1,659,668,669,-1,659,669,663,-1,628,631,670,-1,628,670,671,-1,671,670,658,-1,671,658,672,-1,672,658,657,-1,672,657,673,-1,674,650,675,-1,675,650,652,-1,675,652,676,-1,676,652,663,-1,676,663,677,-1,677,663,669,-1,678,679,680,-1,680,679,681,-1,680,681,656,-1,656,681,682,-1,656,682,657,-1,657,682,683,-1,657,683,673,-1,655,684,653,-1,653,684,685,-1,653,685,668,-1,668,685,686,-1,668,686,669,-1,669,686,687,-1,669,687,677,-1,664,678,662,-1,662,678,680,-1,662,680,661,-1,661,680,656,-1,661,656,659,-1,659,656,658,-1,659,658,667,-1,667,658,670,-1,667,670,666,-1,666,670,631,-1,666,631,632,-1,688,689,690,-1,691,692,693,-1,694,695,696,-1,697,698,694,-1,699,700,701,-1,702,700,703,-1,703,700,699,-1,703,699,704,-1,704,699,705,-1,706,707,708,-1,707,706,709,-1,709,706,710,-1,709,710,711,-1,712,713,714,-1,714,713,715,-1,714,715,716,-1,717,718,706,-1,706,718,719,-1,706,719,710,-1,712,717,713,-1,713,717,706,-1,713,706,720,-1,720,706,708,-1,720,708,721,-1,721,705,720,-1,720,705,699,-1,720,699,713,-1,713,699,701,-1,713,701,715,-1,715,701,722,-1,715,722,723,-1,723,722,724,-1,723,724,725,-1,725,724,726,-1,726,727,725,-1,725,727,728,-1,725,728,729,-1,635,634,730,-1,649,648,731,-1,731,648,647,-1,731,647,729,-1,732,733,734,-1,734,735,732,-1,732,735,736,-1,732,736,730,-1,730,736,737,-1,730,737,738,-1,739,740,741,-1,741,742,739,-1,739,742,743,-1,739,743,696,-1,696,743,744,-1,696,744,694,-1,694,744,745,-1,694,745,697,-1,697,745,746,-1,697,746,747,-1,698,748,694,-1,694,748,749,-1,694,749,695,-1,695,749,750,-1,695,750,751,-1,688,752,753,-1,753,752,754,-1,753,754,755,-1,688,690,752,-1,752,690,756,-1,752,756,757,-1,758,759,757,-1,757,759,760,-1,757,760,752,-1,752,760,761,-1,752,761,754,-1,689,762,690,-1,690,762,763,-1,690,763,756,-1,756,763,764,-1,756,764,757,-1,757,764,765,-1,757,765,758,-1,758,765,766,-1,762,767,763,-1,763,767,768,-1,763,768,740,-1,740,768,769,-1,740,769,741,-1,639,638,738,-1,738,638,637,-1,738,637,730,-1,730,637,636,-1,730,636,635,-1,729,647,725,-1,725,647,646,-1,725,646,723,-1,723,646,627,-1,723,627,715,-1,715,627,770,-1,715,770,716,-1,771,772,773,-1,773,772,774,-1,773,774,733,-1,733,774,775,-1,733,775,734,-1,692,771,693,-1,693,771,773,-1,693,773,727,-1,727,773,733,-1,727,733,728,-1,728,733,732,-1,728,732,729,-1,729,732,730,-1,729,730,731,-1,731,730,634,-1,731,634,649,-1,751,691,695,-1,695,691,693,-1,695,693,696,-1,696,693,727,-1,696,727,739,-1,739,727,726,-1,739,726,740,-1,740,726,724,-1,740,724,763,-1,763,724,722,-1,763,722,764,-1,764,722,701,-1,764,701,765,-1,765,701,700,-1,765,700,766,-1,766,700,702,-1,776,746,777,-1,777,746,778,-1,777,778,779,-1,776,780,746,-1,746,780,781,-1,746,781,782,-1,782,783,746,-1,746,783,784,-1,746,784,747,-1,743,785,744,-1,744,785,786,-1,744,786,745,-1,745,786,787,-1,745,787,746,-1,746,787,788,-1,746,788,778,-1,789,790,768,-1,768,790,791,-1,768,791,769,-1,769,791,792,-1,769,792,741,-1,741,792,793,-1,741,793,742,-1,742,793,794,-1,742,794,743,-1,743,794,795,-1,743,795,785,-1,768,767,789,-1,789,767,762,-1,789,762,796,-1,796,762,797,-1,797,762,689,-1,797,689,798,-1,798,689,688,-1,798,688,799,-1,799,688,753,-1,799,753,800,-1,800,753,755,-1,800,755,801,-1,802,803,804,-1,718,717,805,-1,770,627,626,-1,806,807,808,-1,809,810,811,-1,811,810,812,-1,710,719,809,-1,809,719,813,-1,809,813,810,-1,810,813,814,-1,810,814,812,-1,804,803,815,-1,673,815,672,-1,672,815,803,-1,672,803,816,-1,816,803,802,-1,816,802,817,-1,817,802,818,-1,817,818,812,-1,812,818,819,-1,812,819,811,-1,628,671,820,-1,628,820,629,-1,629,820,808,-1,629,808,626,-1,626,808,807,-1,626,807,770,-1,711,710,821,-1,821,710,809,-1,821,809,822,-1,822,809,811,-1,822,811,823,-1,823,811,819,-1,805,717,806,-1,717,712,806,-1,806,712,714,-1,806,714,807,-1,807,714,716,-1,807,716,770,-1,804,824,802,-1,802,824,825,-1,802,825,818,-1,818,825,826,-1,818,826,819,-1,819,826,827,-1,819,827,823,-1,719,718,813,-1,813,718,805,-1,813,805,814,-1,814,805,806,-1,814,806,812,-1,812,806,808,-1,812,808,817,-1,817,808,820,-1,817,820,816,-1,816,820,671,-1,816,671,672,-1,828,829,830,-1,831,832,833,-1,834,835,836,-1,837,838,839,-1,840,841,842,-1,843,844,845,-1,845,844,846,-1,845,846,847,-1,847,846,848,-1,847,848,849,-1,849,848,850,-1,849,850,851,-1,800,801,840,-1,852,789,796,-1,853,852,854,-1,855,797,842,-1,842,797,798,-1,842,798,840,-1,840,798,799,-1,840,799,800,-1,856,857,858,-1,857,859,860,-1,794,793,858,-1,858,793,853,-1,858,853,856,-1,856,853,854,-1,778,788,861,-1,861,788,787,-1,861,862,863,-1,857,860,858,-1,858,860,864,-1,858,864,865,-1,865,786,785,-1,865,785,858,-1,858,785,795,-1,858,795,794,-1,866,867,868,-1,868,867,869,-1,868,869,870,-1,870,869,871,-1,870,871,862,-1,862,871,872,-1,862,872,863,-1,873,874,875,-1,875,874,876,-1,875,876,877,-1,878,879,880,-1,881,882,883,-1,883,882,884,-1,883,884,878,-1,878,880,883,-1,883,880,885,-1,883,885,886,-1,873,881,874,-1,874,881,883,-1,874,883,887,-1,887,883,886,-1,887,886,888,-1,834,836,832,-1,559,558,835,-1,835,558,557,-1,835,557,836,-1,836,557,556,-1,836,556,555,-1,554,569,889,-1,889,569,568,-1,889,568,567,-1,831,833,829,-1,829,833,830,-1,830,833,890,-1,830,890,891,-1,832,836,833,-1,833,836,892,-1,833,892,890,-1,890,892,893,-1,890,893,891,-1,841,843,842,-1,842,843,845,-1,842,845,855,-1,855,845,847,-1,855,847,891,-1,891,847,849,-1,891,849,830,-1,830,849,851,-1,830,851,828,-1,555,554,836,-1,836,554,889,-1,836,889,892,-1,892,889,567,-1,892,567,893,-1,893,567,566,-1,893,566,894,-1,894,566,547,-1,894,547,876,-1,876,547,895,-1,876,895,877,-1,779,778,896,-1,896,778,861,-1,896,861,897,-1,897,861,863,-1,793,792,853,-1,853,792,791,-1,853,791,852,-1,852,791,790,-1,852,790,789,-1,838,866,839,-1,839,866,868,-1,839,868,859,-1,859,868,870,-1,859,870,860,-1,860,870,862,-1,860,862,864,-1,864,862,861,-1,864,861,865,-1,865,861,787,-1,865,787,786,-1,888,837,887,-1,887,837,839,-1,887,839,874,-1,874,839,859,-1,874,859,876,-1,876,859,857,-1,876,857,894,-1,894,857,856,-1,894,856,893,-1,893,856,854,-1,893,854,891,-1,891,854,852,-1,891,852,855,-1,855,852,796,-1,855,796,797,-1,898,899,900,-1,901,898,902,-1,903,904,905,-1,906,907,908,-1,909,907,910,-1,910,907,906,-1,910,906,911,-1,911,906,912,-1,913,914,915,-1,915,914,916,-1,917,609,918,-1,918,609,608,-1,918,608,639,-1,915,641,640,-1,917,913,609,-1,609,913,915,-1,609,915,620,-1,620,915,640,-1,643,641,919,-1,919,641,915,-1,919,915,920,-1,920,915,916,-1,920,916,921,-1,921,912,920,-1,920,912,906,-1,920,906,919,-1,919,906,908,-1,919,908,922,-1,922,908,923,-1,922,923,924,-1,924,923,925,-1,924,925,926,-1,926,925,927,-1,926,927,928,-1,676,677,929,-1,929,677,687,-1,930,686,685,-1,928,931,926,-1,926,931,932,-1,926,932,930,-1,933,934,935,-1,935,936,933,-1,933,936,937,-1,933,937,929,-1,929,937,938,-1,929,938,939,-1,940,941,942,-1,942,943,940,-1,940,943,944,-1,940,944,905,-1,905,944,945,-1,905,945,903,-1,903,945,946,-1,903,946,947,-1,947,946,948,-1,947,948,949,-1,947,950,903,-1,903,950,951,-1,903,951,904,-1,904,951,952,-1,953,901,954,-1,954,901,902,-1,954,902,955,-1,898,900,902,-1,902,900,956,-1,902,956,957,-1,958,959,957,-1,957,959,960,-1,957,960,902,-1,902,960,961,-1,902,961,955,-1,962,963,964,-1,899,965,900,-1,900,965,966,-1,900,966,956,-1,956,966,967,-1,956,967,957,-1,957,967,962,-1,957,962,958,-1,958,962,964,-1,965,968,966,-1,966,968,969,-1,966,969,941,-1,941,969,970,-1,941,970,942,-1,676,929,675,-1,675,929,939,-1,675,939,674,-1,685,684,930,-1,930,684,655,-1,930,655,926,-1,926,655,665,-1,926,665,924,-1,924,665,633,-1,924,633,922,-1,922,633,645,-1,922,645,919,-1,919,645,644,-1,919,644,643,-1,971,972,973,-1,973,972,974,-1,973,974,928,-1,928,974,934,-1,928,934,931,-1,931,934,933,-1,931,933,932,-1,932,933,929,-1,932,929,930,-1,930,929,687,-1,930,687,686,-1,972,975,974,-1,974,975,976,-1,974,976,934,-1,934,976,977,-1,934,977,935,-1,952,971,904,-1,904,971,973,-1,904,973,905,-1,905,973,928,-1,905,928,940,-1,940,928,927,-1,940,927,941,-1,941,927,925,-1,941,925,966,-1,966,925,923,-1,966,923,967,-1,967,923,908,-1,967,908,962,-1,962,908,907,-1,962,907,963,-1,963,907,909,-1,978,979,980,-1,981,982,983,-1,984,985,986,-1,987,988,989,-1,990,991,992,-1,992,991,993,-1,992,993,994,-1,988,990,989,-1,989,990,992,-1,989,992,995,-1,995,992,994,-1,995,994,996,-1,997,998,999,-1,995,1000,989,-1,989,1000,1001,-1,989,1001,987,-1,987,1001,1002,-1,987,1002,1003,-1,1004,1005,1006,-1,1006,1005,986,-1,1006,986,1007,-1,985,1008,986,-1,986,1008,997,-1,986,997,1007,-1,1007,997,999,-1,980,1009,1010,-1,1011,984,1012,-1,1012,984,986,-1,1012,986,1013,-1,1013,986,1005,-1,1014,1015,1016,-1,1016,1015,1017,-1,1016,1017,1018,-1,1018,1017,1019,-1,1018,1019,1009,-1,1009,1019,1020,-1,1009,1020,1010,-1,674,1021,650,-1,650,1021,651,-1,679,678,1022,-1,1022,678,664,-1,1022,664,651,-1,651,1021,1022,-1,1022,1021,1023,-1,1022,1023,1024,-1,681,679,1025,-1,1025,679,1022,-1,1025,1022,1026,-1,1026,1022,1024,-1,1026,1024,1027,-1,1028,711,821,-1,1028,821,1029,-1,821,822,1029,-1,1029,822,823,-1,1029,823,827,-1,1030,826,825,-1,1031,1032,1033,-1,1033,1034,1031,-1,1031,1034,1035,-1,1031,1035,1029,-1,1029,1035,1036,-1,1029,1036,1028,-1,1037,1038,1039,-1,1039,1038,1040,-1,1039,1040,1032,-1,1032,1040,1041,-1,1032,1041,1033,-1,996,1042,1043,-1,1043,1042,1044,-1,1043,1044,1030,-1,993,1037,994,-1,994,1037,1039,-1,994,1039,996,-1,996,1039,1032,-1,996,1032,1042,-1,1042,1032,1031,-1,1042,1031,1044,-1,1044,1031,1029,-1,1044,1029,1030,-1,1030,1029,827,-1,1030,827,826,-1,825,824,1030,-1,1030,824,804,-1,1030,804,1043,-1,1043,804,815,-1,1043,815,1045,-1,1045,815,673,-1,1045,673,1046,-1,1046,673,683,-1,1046,683,1025,-1,1025,683,682,-1,1025,682,681,-1,1047,978,1048,-1,1048,978,980,-1,1048,980,1049,-1,1049,980,1010,-1,1008,1050,997,-1,997,1050,1051,-1,997,1051,998,-1,998,1051,1052,-1,998,1052,1053,-1,982,1014,983,-1,983,1014,1016,-1,983,1016,1004,-1,1004,1016,1018,-1,1004,1018,1005,-1,1005,1018,1009,-1,1005,1009,1013,-1,1013,1009,980,-1,1013,980,1012,-1,1012,980,979,-1,1012,979,1011,-1,1027,981,1026,-1,1026,981,983,-1,1026,983,1025,-1,1025,983,1004,-1,1025,1004,1046,-1,1046,1004,1006,-1,1046,1006,1045,-1,1045,1006,1007,-1,1045,1007,1043,-1,1043,1007,999,-1,1043,999,996,-1,996,999,998,-1,996,998,995,-1,995,998,1053,-1,995,1053,1000,-1,1054,1055,1056,-1,882,881,1057,-1,895,547,546,-1,1058,1059,1060,-1,1061,1062,1063,-1,1063,1062,1064,-1,878,884,1061,-1,1061,884,1065,-1,1061,1065,1062,-1,1062,1065,1066,-1,1062,1066,1064,-1,1056,1055,1067,-1,593,1067,592,-1,592,1067,1055,-1,592,1055,1068,-1,1068,1055,1054,-1,1068,1054,1069,-1,1069,1054,1070,-1,1069,1070,1064,-1,1064,1070,1071,-1,1064,1071,1063,-1,548,591,1072,-1,548,1072,549,-1,549,1072,1060,-1,549,1060,546,-1,546,1060,1059,-1,546,1059,895,-1,879,878,1073,-1,1073,878,1061,-1,1073,1061,1074,-1,1074,1061,1063,-1,1074,1063,1075,-1,1075,1063,1071,-1,1057,881,1058,-1,881,873,1058,-1,1058,873,875,-1,1058,875,1059,-1,1059,875,877,-1,1059,877,895,-1,1056,1076,1054,-1,1054,1076,1077,-1,1054,1077,1070,-1,1070,1077,1078,-1,1070,1078,1071,-1,1071,1078,1079,-1,1071,1079,1075,-1,884,882,1065,-1,1065,882,1057,-1,1065,1057,1066,-1,1066,1057,1058,-1,1066,1058,1064,-1,1064,1058,1060,-1,1064,1060,1069,-1,1069,1060,1072,-1,1069,1072,1068,-1,1068,1072,591,-1,1068,591,592,-1,1080,949,948,-1,953,1081,901,-1,901,1081,1082,-1,1082,1083,1084,-1,945,1085,946,-1,946,1085,1086,-1,946,1086,948,-1,948,1086,1087,-1,948,1087,1080,-1,943,1088,944,-1,944,1088,1089,-1,944,1089,945,-1,945,1089,1090,-1,945,1090,1085,-1,1082,1084,901,-1,901,1084,1091,-1,901,1091,898,-1,898,1091,1092,-1,898,1092,899,-1,899,1092,1093,-1,899,1093,965,-1,1093,1094,965,-1,965,1094,1095,-1,965,1095,968,-1,968,1095,1096,-1,968,1096,969,-1,969,1096,1097,-1,969,1097,970,-1,970,1097,1098,-1,970,1098,942,-1,942,1098,1099,-1,942,1099,943,-1,943,1099,1100,-1,943,1100,1088,-1,1101,1003,1002,-1,1047,1102,1103,-1,1047,1103,978,-1,978,1103,1104,-1,978,1104,979,-1,979,1104,1105,-1,979,1105,1011,-1,1011,1105,1106,-1,1011,1106,984,-1,1106,1107,984,-1,984,1107,1108,-1,984,1108,985,-1,985,1108,1109,-1,985,1109,1008,-1,1008,1109,1110,-1,1008,1110,1050,-1,1050,1110,1111,-1,1050,1111,1051,-1,1051,1111,1112,-1,1051,1112,1052,-1,1112,1113,1052,-1,1052,1113,1114,-1,1052,1114,1053,-1,1053,1114,1115,-1,1053,1115,1000,-1,1115,1116,1000,-1,1000,1116,1117,-1,1000,1117,1001,-1,1001,1117,1118,-1,1001,1118,1002,-1,1002,1118,1119,-1,1002,1119,1101,-1,1120,1121,1122,-1,1123,1124,1125,-1,1126,1127,1128,-1,1129,1130,1131,-1,1132,1133,1134,-1,1134,1133,1135,-1,1134,1135,1136,-1,1130,1132,1131,-1,1131,1132,1134,-1,1131,1134,1137,-1,1137,1134,1136,-1,1137,1136,1138,-1,1139,1140,1141,-1,1137,1142,1131,-1,1131,1142,1143,-1,1131,1143,1129,-1,1129,1143,1144,-1,1129,1144,1145,-1,1146,1147,1148,-1,1148,1147,1128,-1,1148,1128,1149,-1,1127,1150,1128,-1,1128,1150,1139,-1,1128,1139,1149,-1,1149,1139,1141,-1,1122,1151,1152,-1,1153,1126,1154,-1,1154,1126,1128,-1,1154,1128,1155,-1,1155,1128,1147,-1,1156,1157,1158,-1,1158,1157,1159,-1,1158,1159,1160,-1,1160,1159,1161,-1,1160,1161,1151,-1,1151,1161,1162,-1,1151,1162,1152,-1,559,1163,528,-1,528,1163,529,-1,561,560,1164,-1,1164,560,540,-1,1164,540,529,-1,529,1163,1164,-1,1164,1163,1165,-1,1164,1165,1166,-1,563,561,1167,-1,1167,561,1164,-1,1167,1164,1168,-1,1168,1164,1166,-1,1168,1166,1169,-1,1170,594,595,-1,1170,595,1171,-1,595,596,1171,-1,1171,596,597,-1,1171,597,607,-1,1172,606,605,-1,1173,1174,1175,-1,1175,1176,1173,-1,1173,1176,1177,-1,1173,1177,1171,-1,1171,1177,1178,-1,1171,1178,1170,-1,1179,1180,1181,-1,1181,1180,1182,-1,1181,1182,1174,-1,1174,1182,1183,-1,1174,1183,1175,-1,1138,1184,1185,-1,1185,1184,1186,-1,1185,1186,1172,-1,1135,1179,1136,-1,1136,1179,1181,-1,1136,1181,1138,-1,1138,1181,1174,-1,1138,1174,1184,-1,1184,1174,1173,-1,1184,1173,1186,-1,1186,1173,1171,-1,1186,1171,1172,-1,1172,1171,607,-1,1172,607,606,-1,605,604,1172,-1,1172,604,575,-1,1172,575,1185,-1,1185,575,585,-1,1185,585,1187,-1,1187,585,553,-1,1187,553,1188,-1,1188,553,565,-1,1188,565,1167,-1,1167,565,564,-1,1167,564,563,-1,1189,1120,1190,-1,1190,1120,1122,-1,1190,1122,1191,-1,1191,1122,1152,-1,1150,1192,1139,-1,1139,1192,1193,-1,1139,1193,1140,-1,1140,1193,1194,-1,1140,1194,1195,-1,1124,1156,1125,-1,1125,1156,1158,-1,1125,1158,1146,-1,1146,1158,1160,-1,1146,1160,1147,-1,1147,1160,1151,-1,1147,1151,1155,-1,1155,1151,1122,-1,1155,1122,1154,-1,1154,1122,1121,-1,1154,1121,1153,-1,1169,1123,1168,-1,1168,1123,1125,-1,1168,1125,1167,-1,1167,1125,1146,-1,1167,1146,1188,-1,1188,1146,1148,-1,1188,1148,1187,-1,1187,1148,1149,-1,1187,1149,1185,-1,1185,1149,1141,-1,1185,1141,1138,-1,1138,1141,1140,-1,1138,1140,1137,-1,1137,1140,1195,-1,1137,1195,1142,-1,1196,1197,1198,-1,1199,1200,1201,-1,1202,1203,1204,-1,1205,1206,1207,-1,1208,1206,1209,-1,1209,1206,1205,-1,1209,1205,1210,-1,1210,1205,1211,-1,1212,1213,1214,-1,1214,1213,1215,-1,1214,599,598,-1,598,584,1214,-1,1214,584,571,-1,1214,571,1212,-1,1212,571,570,-1,1212,570,594,-1,601,599,1216,-1,1216,599,1214,-1,1216,1214,1217,-1,1217,1214,1215,-1,1217,1215,1218,-1,1218,1211,1217,-1,1217,1211,1205,-1,1217,1205,1216,-1,1216,1205,1207,-1,1216,1207,1219,-1,1219,1207,1220,-1,1219,1220,1221,-1,1221,1220,1222,-1,1221,1222,1223,-1,1223,1222,1224,-1,1223,1224,1225,-1,1074,1075,1226,-1,1226,1075,1079,-1,1226,1227,1228,-1,1229,1078,1077,-1,1225,1230,1223,-1,1223,1230,1231,-1,1223,1231,1229,-1,1232,1233,1227,-1,1227,1233,1234,-1,1227,1234,1228,-1,1235,1236,1237,-1,1238,1239,1202,-1,1237,1240,1235,-1,1235,1240,1241,-1,1235,1241,1204,-1,1204,1241,1242,-1,1204,1242,1202,-1,1202,1242,1243,-1,1202,1243,1238,-1,1238,1243,1244,-1,1238,1244,1245,-1,1239,1246,1202,-1,1202,1246,1247,-1,1202,1247,1203,-1,1203,1247,1248,-1,1196,1249,1250,-1,1250,1249,1251,-1,1250,1251,1252,-1,1196,1198,1249,-1,1249,1198,1253,-1,1249,1253,1254,-1,1255,1256,1254,-1,1254,1256,1257,-1,1254,1257,1249,-1,1249,1257,1258,-1,1249,1258,1251,-1,1197,1259,1198,-1,1198,1259,1260,-1,1198,1260,1253,-1,1253,1260,1261,-1,1253,1261,1254,-1,1254,1261,1262,-1,1254,1262,1255,-1,1255,1262,1263,-1,1259,1264,1260,-1,1260,1264,1265,-1,1260,1265,1236,-1,1236,1265,1266,-1,1236,1266,1237,-1,1228,1267,1226,-1,1226,1267,1268,-1,1226,1268,1074,-1,1074,1268,1269,-1,1074,1269,1073,-1,1073,1269,879,-1,1077,1076,1229,-1,1229,1076,1056,-1,1229,1056,1223,-1,1223,1056,1067,-1,1223,1067,1221,-1,1221,1067,593,-1,1221,593,1219,-1,1219,593,603,-1,1219,603,1216,-1,1216,603,602,-1,1216,602,601,-1,1270,1271,1272,-1,1272,1271,1273,-1,1272,1273,1232,-1,1232,1273,1274,-1,1232,1274,1233,-1,1200,1270,1201,-1,1201,1270,1272,-1,1201,1272,1225,-1,1225,1272,1232,-1,1225,1232,1230,-1,1230,1232,1227,-1,1230,1227,1231,-1,1231,1227,1226,-1,1231,1226,1229,-1,1229,1226,1079,-1,1229,1079,1078,-1,1248,1199,1203,-1,1203,1199,1201,-1,1203,1201,1204,-1,1204,1201,1225,-1,1204,1225,1235,-1,1235,1225,1224,-1,1235,1224,1236,-1,1236,1224,1222,-1,1236,1222,1260,-1,1260,1222,1220,-1,1260,1220,1261,-1,1261,1220,1207,-1,1261,1207,1262,-1,1262,1207,1206,-1,1262,1206,1263,-1,1263,1206,1208,-1,1275,1276,1277,-1,1278,1275,1279,-1,1280,1281,1282,-1,1283,1284,1285,-1,1286,1284,1287,-1,1287,1284,1283,-1,1287,1283,1288,-1,1288,1283,1289,-1,1290,1291,1292,-1,1291,1290,1293,-1,1293,1290,466,-1,1293,466,480,-1,483,1294,484,-1,484,1294,1295,-1,484,1295,485,-1,452,451,1290,-1,1290,451,467,-1,1290,467,466,-1,483,452,1294,-1,1294,452,1290,-1,1294,1290,1296,-1,1296,1290,1292,-1,1296,1292,1297,-1,1297,1289,1296,-1,1296,1289,1283,-1,1296,1283,1294,-1,1294,1283,1285,-1,1294,1285,1295,-1,1295,1285,1298,-1,1295,1298,1299,-1,1299,1298,1300,-1,1299,1300,1301,-1,1301,1300,1302,-1,1302,1303,1301,-1,1301,1303,1304,-1,1301,1304,1305,-1,513,512,1306,-1,527,526,1307,-1,1307,526,525,-1,1307,525,1305,-1,1308,1309,1310,-1,1310,1311,1308,-1,1308,1311,1312,-1,1308,1312,1306,-1,1306,1312,1313,-1,1306,1313,1314,-1,1315,1316,1317,-1,1317,1318,1315,-1,1315,1318,1319,-1,1315,1319,1282,-1,1282,1319,1320,-1,1282,1320,1280,-1,1280,1320,1321,-1,1280,1321,1322,-1,1322,1321,1323,-1,1322,1323,1324,-1,1322,1325,1280,-1,1280,1325,1326,-1,1280,1326,1281,-1,1281,1326,1327,-1,1328,1278,1329,-1,1329,1278,1279,-1,1329,1279,1330,-1,1331,1332,1279,-1,1279,1332,1333,-1,1279,1333,1330,-1,1275,1277,1279,-1,1279,1277,1334,-1,1279,1334,1331,-1,1335,1336,1331,-1,1331,1336,1337,-1,1331,1337,1332,-1,1338,1339,1340,-1,1276,1341,1277,-1,1277,1341,1342,-1,1277,1342,1334,-1,1334,1342,1343,-1,1334,1343,1331,-1,1331,1343,1338,-1,1331,1338,1335,-1,1335,1338,1340,-1,1341,1344,1342,-1,1342,1344,1345,-1,1342,1345,1316,-1,1316,1345,1346,-1,1316,1346,1317,-1,517,516,1314,-1,1314,516,515,-1,1314,515,1306,-1,1306,515,514,-1,1306,514,513,-1,1305,525,1301,-1,1301,525,524,-1,1301,524,1299,-1,1299,524,455,-1,1299,455,1295,-1,1295,455,454,-1,1295,454,485,-1,1347,1348,1349,-1,1349,1348,1350,-1,1349,1350,1303,-1,1303,1350,1309,-1,1303,1309,1304,-1,1304,1309,1308,-1,1304,1308,1305,-1,1305,1308,1306,-1,1305,1306,1307,-1,1307,1306,512,-1,1307,512,527,-1,1348,1351,1350,-1,1350,1351,1352,-1,1350,1352,1309,-1,1309,1352,1353,-1,1309,1353,1310,-1,1327,1347,1281,-1,1281,1347,1349,-1,1281,1349,1282,-1,1282,1349,1303,-1,1282,1303,1315,-1,1315,1303,1302,-1,1315,1302,1316,-1,1316,1302,1300,-1,1316,1300,1342,-1,1342,1300,1298,-1,1342,1298,1343,-1,1343,1298,1285,-1,1343,1285,1338,-1,1338,1285,1284,-1,1338,1284,1339,-1,1339,1284,1286,-1,1354,1355,1356,-1,1357,1358,1359,-1,1360,1361,1362,-1,1363,1364,1365,-1,1366,1367,1368,-1,1369,1370,1371,-1,1371,1370,1372,-1,1371,1372,1373,-1,1373,1372,1374,-1,1373,1374,1375,-1,1375,1374,1376,-1,1375,1376,1377,-1,1084,1083,1366,-1,1378,1095,1094,-1,1379,1378,1380,-1,1381,1093,1368,-1,1368,1093,1092,-1,1368,1092,1366,-1,1366,1092,1091,-1,1366,1091,1084,-1,1382,1383,1384,-1,1383,1385,1386,-1,1100,1099,1384,-1,1384,1099,1379,-1,1384,1379,1382,-1,1382,1379,1380,-1,1087,1086,1387,-1,1387,1086,1085,-1,1387,1388,1389,-1,1383,1386,1384,-1,1384,1386,1390,-1,1384,1390,1391,-1,1391,1090,1089,-1,1391,1089,1384,-1,1384,1089,1088,-1,1384,1088,1100,-1,1392,1393,1394,-1,1394,1393,1395,-1,1394,1395,1396,-1,1396,1395,1397,-1,1396,1397,1388,-1,1388,1397,1398,-1,1388,1398,1389,-1,1399,1400,1401,-1,1401,1400,1402,-1,1401,1402,1403,-1,1404,1405,1406,-1,1407,1408,1409,-1,1409,1408,1410,-1,1409,1410,1404,-1,1404,1406,1409,-1,1409,1406,1411,-1,1409,1411,1412,-1,1399,1407,1400,-1,1400,1407,1409,-1,1400,1409,1413,-1,1413,1409,1412,-1,1413,1412,1414,-1,1360,1362,1358,-1,480,481,1415,-1,1415,481,482,-1,1415,482,1361,-1,1361,482,449,-1,1361,449,1362,-1,1362,449,448,-1,461,489,1416,-1,1416,489,488,-1,1416,488,487,-1,1357,1359,1355,-1,1355,1359,1356,-1,1356,1359,1417,-1,1356,1417,1418,-1,1358,1362,1359,-1,1359,1362,1419,-1,1359,1419,1417,-1,1417,1419,1420,-1,1417,1420,1418,-1,1367,1369,1368,-1,1368,1369,1371,-1,1368,1371,1381,-1,1381,1371,1373,-1,1381,1373,1418,-1,1418,1373,1375,-1,1418,1375,1356,-1,1356,1375,1377,-1,1356,1377,1354,-1,448,461,1362,-1,1362,461,1416,-1,1362,1416,1419,-1,1419,1416,487,-1,1419,487,1420,-1,1420,487,486,-1,1420,486,1421,-1,1421,486,475,-1,1421,475,1402,-1,1402,475,1422,-1,1402,1422,1403,-1,1080,1087,1423,-1,1423,1087,1387,-1,1423,1387,1424,-1,1424,1387,1389,-1,1099,1098,1379,-1,1379,1098,1097,-1,1379,1097,1378,-1,1378,1097,1096,-1,1378,1096,1095,-1,1364,1392,1365,-1,1365,1392,1394,-1,1365,1394,1385,-1,1385,1394,1396,-1,1385,1396,1386,-1,1386,1396,1388,-1,1386,1388,1390,-1,1390,1388,1387,-1,1390,1387,1391,-1,1391,1387,1085,-1,1391,1085,1090,-1,1414,1363,1413,-1,1413,1363,1365,-1,1413,1365,1400,-1,1400,1365,1385,-1,1400,1385,1402,-1,1402,1385,1383,-1,1402,1383,1421,-1,1421,1383,1382,-1,1421,1382,1420,-1,1420,1382,1380,-1,1420,1380,1418,-1,1418,1380,1378,-1,1418,1378,1381,-1,1381,1378,1094,-1,1381,1094,1093,-1,1117,1116,1425,-1,1426,1427,1428,-1,1429,1430,1431,-1,1432,1430,1433,-1,1433,1430,1429,-1,1433,1429,1434,-1,1434,1429,1435,-1,1436,1437,1438,-1,1437,1436,1439,-1,1439,1436,386,-1,1439,386,400,-1,403,1440,404,-1,404,1440,1441,-1,404,1441,405,-1,372,371,1436,-1,1436,371,387,-1,1436,387,386,-1,403,372,1440,-1,1440,372,1436,-1,1440,1436,1442,-1,1442,1436,1438,-1,1442,1438,1443,-1,1443,1435,1442,-1,1442,1435,1429,-1,1442,1429,1440,-1,1440,1429,1431,-1,1440,1431,1441,-1,1441,1431,1444,-1,1441,1444,1445,-1,1445,1444,1446,-1,1445,1446,1447,-1,1447,1446,1448,-1,1448,1449,1447,-1,1447,1449,1450,-1,1447,1450,1451,-1,433,432,1452,-1,447,446,1453,-1,1453,446,445,-1,1453,445,1451,-1,1454,1455,1456,-1,1456,1457,1454,-1,1454,1457,1458,-1,1454,1458,1452,-1,1452,1458,1459,-1,1452,1459,1460,-1,1109,1461,1110,-1,1110,1461,1462,-1,1103,1102,1463,-1,1109,1108,1461,-1,1461,1108,1107,-1,1461,1107,1428,-1,1428,1107,1106,-1,1428,1106,1426,-1,1426,1106,1105,-1,1426,1105,1463,-1,1463,1105,1104,-1,1463,1104,1103,-1,1463,1464,1426,-1,1426,1464,1465,-1,1426,1465,1427,-1,1427,1465,1466,-1,1467,1101,1119,-1,1467,1119,1468,-1,1468,1119,1118,-1,1468,1118,1117,-1,1469,1115,1114,-1,1117,1425,1468,-1,1468,1425,1470,-1,1468,1470,1471,-1,1472,1473,1471,-1,1471,1473,1474,-1,1471,1474,1468,-1,1468,1474,1475,-1,1468,1475,1467,-1,1116,1115,1425,-1,1425,1115,1469,-1,1425,1469,1470,-1,1470,1469,1476,-1,1470,1476,1471,-1,1471,1476,1477,-1,1471,1477,1472,-1,1472,1477,1478,-1,1114,1113,1469,-1,1469,1113,1112,-1,1469,1112,1462,-1,1462,1112,1111,-1,1462,1111,1110,-1,437,436,1460,-1,1460,436,435,-1,1460,435,1452,-1,1452,435,434,-1,1452,434,433,-1,1451,445,1447,-1,1447,445,444,-1,1447,444,1445,-1,1445,444,375,-1,1445,375,1441,-1,1441,375,374,-1,1441,374,405,-1,1479,1480,1481,-1,1481,1480,1482,-1,1481,1482,1449,-1,1449,1482,1455,-1,1449,1455,1450,-1,1450,1455,1454,-1,1450,1454,1451,-1,1451,1454,1452,-1,1451,1452,1453,-1,1453,1452,432,-1,1453,432,447,-1,1480,1483,1482,-1,1482,1483,1484,-1,1482,1484,1455,-1,1455,1484,1485,-1,1455,1485,1456,-1,1466,1479,1427,-1,1427,1479,1481,-1,1427,1481,1428,-1,1428,1481,1449,-1,1428,1449,1461,-1,1461,1449,1448,-1,1461,1448,1462,-1,1462,1448,1446,-1,1462,1446,1469,-1,1469,1446,1444,-1,1469,1444,1476,-1,1476,1444,1431,-1,1476,1431,1477,-1,1477,1431,1430,-1,1477,1430,1478,-1,1478,1430,1432,-1,1486,1487,1488,-1,1489,1490,1491,-1,1492,1493,1494,-1,1495,1493,1496,-1,1496,1493,1492,-1,1496,1492,1497,-1,1497,1492,1498,-1,1499,1500,1501,-1,1500,1499,1502,-1,1502,1499,1503,-1,1502,1503,1504,-1,1505,1506,1507,-1,1507,1506,1508,-1,1507,1508,1509,-1,1510,1511,1499,-1,1499,1511,1512,-1,1499,1512,1503,-1,1505,1510,1506,-1,1506,1510,1499,-1,1506,1499,1513,-1,1513,1499,1501,-1,1513,1501,1514,-1,1514,1498,1513,-1,1513,1498,1492,-1,1513,1492,1506,-1,1506,1492,1494,-1,1506,1494,1508,-1,1508,1494,1515,-1,1508,1515,1516,-1,1516,1515,1517,-1,1516,1517,1518,-1,1518,1517,1519,-1,1519,1520,1518,-1,1518,1520,1521,-1,1518,1521,1522,-1,368,381,1523,-1,409,408,1524,-1,1524,408,407,-1,1524,407,1522,-1,1525,1526,1527,-1,1527,1528,1525,-1,1525,1528,1529,-1,1525,1529,1523,-1,1523,1529,1530,-1,1523,1530,1531,-1,1532,1533,1534,-1,1534,1535,1532,-1,1532,1535,1536,-1,1532,1536,1491,-1,1491,1536,1537,-1,1491,1537,1489,-1,1489,1537,1538,-1,1489,1538,1539,-1,1539,1538,1540,-1,1539,1540,1541,-1,1539,1542,1489,-1,1489,1542,1543,-1,1489,1543,1490,-1,1490,1543,1544,-1,1486,1545,1546,-1,1546,1545,1547,-1,1546,1547,1548,-1,1486,1488,1545,-1,1545,1488,1549,-1,1545,1549,1550,-1,1551,1552,1550,-1,1550,1552,1553,-1,1550,1553,1545,-1,1545,1553,1554,-1,1545,1554,1547,-1,1487,1555,1488,-1,1488,1555,1556,-1,1488,1556,1549,-1,1549,1556,1557,-1,1549,1557,1550,-1,1550,1557,1558,-1,1550,1558,1551,-1,1551,1558,1559,-1,1555,1560,1556,-1,1556,1560,1561,-1,1556,1561,1533,-1,1533,1561,1562,-1,1533,1562,1534,-1,400,401,1531,-1,1531,401,402,-1,1531,402,1523,-1,1523,402,369,-1,1523,369,368,-1,1522,407,1518,-1,1518,407,406,-1,1518,406,1516,-1,1516,406,395,-1,1516,395,1508,-1,1508,395,1563,-1,1508,1563,1509,-1,1564,1565,1566,-1,1566,1565,1567,-1,1566,1567,1520,-1,1520,1567,1526,-1,1520,1526,1521,-1,1521,1526,1525,-1,1521,1525,1522,-1,1522,1525,1523,-1,1522,1523,1524,-1,1524,1523,381,-1,1524,381,409,-1,1565,1568,1567,-1,1567,1568,1569,-1,1567,1569,1526,-1,1526,1569,1570,-1,1526,1570,1527,-1,1544,1564,1490,-1,1490,1564,1566,-1,1490,1566,1491,-1,1491,1566,1520,-1,1491,1520,1532,-1,1532,1520,1519,-1,1532,1519,1533,-1,1533,1519,1517,-1,1533,1517,1556,-1,1556,1517,1515,-1,1556,1515,1557,-1,1557,1515,1494,-1,1557,1494,1558,-1,1558,1494,1493,-1,1558,1493,1559,-1,1559,1493,1495,-1,1571,1572,1536,-1,1541,1540,1573,-1,1573,1540,1574,-1,1548,1575,1576,-1,1536,1572,1537,-1,1537,1572,1577,-1,1537,1577,1538,-1,1538,1577,1578,-1,1538,1578,1540,-1,1540,1578,1579,-1,1540,1579,1574,-1,1571,1536,1580,-1,1580,1536,1535,-1,1580,1535,1581,-1,1581,1535,1534,-1,1581,1534,1582,-1,1582,1534,1562,-1,1582,1562,1583,-1,1583,1562,1561,-1,1583,1561,1584,-1,1584,1561,1585,-1,1585,1561,1560,-1,1585,1560,1555,-1,1548,1576,1546,-1,1546,1576,1586,-1,1546,1586,1486,-1,1486,1586,1587,-1,1486,1587,1487,-1,1487,1587,1588,-1,1487,1588,1555,-1,1555,1588,1589,-1,1555,1589,1585,-1,1590,1591,1195,-1,1145,1144,1592,-1,1592,1144,1593,-1,1195,1591,1142,-1,1142,1591,1594,-1,1142,1594,1143,-1,1143,1594,1595,-1,1143,1595,1144,-1,1144,1595,1596,-1,1144,1596,1593,-1,1590,1195,1597,-1,1597,1195,1194,-1,1597,1194,1598,-1,1598,1194,1193,-1,1598,1193,1599,-1,1599,1193,1192,-1,1599,1192,1600,-1,1600,1192,1150,-1,1600,1150,1601,-1,1601,1150,1127,-1,1601,1127,1602,-1,1602,1127,1126,-1,1602,1126,1603,-1,1603,1126,1604,-1,1604,1126,1153,-1,1604,1153,1605,-1,1605,1153,1121,-1,1605,1121,1606,-1,1606,1121,1120,-1,1606,1120,1607,-1,1607,1120,1189,-1,1607,1189,1608,-1,1242,1241,1609,-1,1610,1245,1244,-1,1610,1244,1611,-1,1252,1612,1613,-1,1252,1613,1250,-1,1250,1613,1614,-1,1250,1614,1196,-1,1196,1614,1615,-1,1196,1615,1197,-1,1197,1615,1616,-1,1197,1616,1259,-1,1616,1617,1259,-1,1259,1617,1618,-1,1259,1618,1264,-1,1264,1618,1265,-1,1618,1619,1265,-1,1265,1619,1620,-1,1265,1620,1266,-1,1266,1620,1621,-1,1266,1621,1237,-1,1237,1621,1622,-1,1237,1622,1240,-1,1240,1622,1623,-1,1240,1623,1241,-1,1241,1623,1624,-1,1241,1624,1609,-1,1625,1611,1626,-1,1626,1611,1244,-1,1626,1244,1627,-1,1627,1244,1243,-1,1627,1243,1628,-1,1628,1243,1242,-1,1628,1242,1629,-1,1629,1242,1609,-1,1324,1323,1630,-1,1630,1323,1631,-1,1632,1633,1634,-1,1278,1328,1635,-1,1635,1636,1278,-1,1278,1636,1637,-1,1278,1637,1638,-1,1638,1639,1278,-1,1278,1639,1640,-1,1278,1640,1632,-1,1631,1323,1641,-1,1641,1323,1321,-1,1641,1321,1642,-1,1642,1321,1320,-1,1642,1320,1643,-1,1643,1320,1644,-1,1644,1320,1319,-1,1644,1319,1645,-1,1645,1319,1318,-1,1645,1318,1646,-1,1646,1318,1647,-1,1647,1318,1317,-1,1647,1317,1648,-1,1648,1317,1346,-1,1648,1346,1649,-1,1649,1346,1345,-1,1649,1345,1650,-1,1650,1345,1651,-1,1651,1345,1344,-1,1651,1344,1341,-1,1632,1634,1278,-1,1278,1634,1652,-1,1278,1652,1275,-1,1275,1652,1653,-1,1275,1653,1276,-1,1276,1653,1654,-1,1276,1654,1341,-1,1341,1654,1655,-1,1341,1655,1651,-1,1656,1657,1658,-1,1408,1407,1659,-1,1422,475,474,-1,1660,1661,1662,-1,1663,1664,1665,-1,1665,1664,1666,-1,1404,1410,1663,-1,1663,1410,1667,-1,1663,1667,1664,-1,1664,1667,1668,-1,1664,1668,1666,-1,1658,1657,1669,-1,511,1669,510,-1,510,1669,1657,-1,510,1657,1670,-1,1670,1657,1656,-1,1670,1656,1671,-1,1671,1656,1672,-1,1671,1672,1666,-1,1666,1672,1673,-1,1666,1673,1665,-1,476,509,1674,-1,476,1674,477,-1,477,1674,1662,-1,477,1662,474,-1,474,1662,1661,-1,474,1661,1422,-1,1405,1404,1675,-1,1675,1404,1663,-1,1675,1663,1676,-1,1676,1663,1665,-1,1676,1665,1677,-1,1677,1665,1673,-1,1659,1407,1660,-1,1407,1399,1660,-1,1660,1399,1401,-1,1660,1401,1661,-1,1661,1401,1403,-1,1661,1403,1422,-1,1658,1678,1656,-1,1656,1678,1679,-1,1656,1679,1672,-1,1672,1679,1680,-1,1672,1680,1673,-1,1673,1680,1681,-1,1673,1681,1677,-1,1410,1408,1667,-1,1667,1408,1659,-1,1667,1659,1668,-1,1668,1659,1660,-1,1668,1660,1666,-1,1666,1660,1662,-1,1666,1662,1671,-1,1671,1662,1674,-1,1671,1674,1670,-1,1670,1674,509,-1,1670,509,510,-1,1682,1683,1684,-1,1511,1510,1685,-1,1563,395,394,-1,1686,1687,1688,-1,1689,1690,1691,-1,1691,1690,1692,-1,1503,1512,1689,-1,1689,1512,1693,-1,1689,1693,1690,-1,1690,1693,1694,-1,1690,1694,1692,-1,1684,1683,1695,-1,431,1695,430,-1,430,1695,1683,-1,430,1683,1696,-1,1696,1683,1682,-1,1696,1682,1697,-1,1697,1682,1698,-1,1697,1698,1692,-1,1692,1698,1699,-1,1692,1699,1691,-1,396,429,1700,-1,396,1700,397,-1,397,1700,1688,-1,397,1688,394,-1,394,1688,1687,-1,394,1687,1563,-1,1504,1503,1701,-1,1701,1503,1689,-1,1701,1689,1702,-1,1702,1689,1691,-1,1702,1691,1703,-1,1703,1691,1699,-1,1685,1510,1686,-1,1510,1505,1686,-1,1686,1505,1507,-1,1686,1507,1687,-1,1687,1507,1509,-1,1687,1509,1563,-1,1684,1704,1682,-1,1682,1704,1705,-1,1682,1705,1698,-1,1698,1705,1706,-1,1698,1706,1699,-1,1699,1706,1707,-1,1699,1707,1703,-1,1512,1511,1693,-1,1693,1511,1685,-1,1693,1685,1694,-1,1694,1685,1686,-1,1694,1686,1692,-1,1692,1686,1688,-1,1692,1688,1697,-1,1697,1688,1700,-1,1697,1700,1696,-1,1696,1700,429,-1,1696,429,430,-1,1708,1709,1710,-1,1711,1712,1713,-1,1714,1715,1716,-1,1717,1718,1719,-1,1720,1721,1722,-1,1723,1724,1725,-1,1725,1724,1726,-1,1725,1726,1727,-1,1727,1726,1728,-1,1727,1728,1729,-1,1729,1728,1730,-1,1729,1730,1731,-1,1576,1575,1720,-1,1732,1585,1589,-1,1733,1732,1734,-1,1735,1588,1722,-1,1722,1588,1587,-1,1722,1587,1720,-1,1720,1587,1586,-1,1720,1586,1576,-1,1736,1737,1738,-1,1737,1739,1740,-1,1580,1581,1738,-1,1738,1581,1733,-1,1738,1733,1736,-1,1736,1733,1734,-1,1574,1579,1741,-1,1741,1579,1578,-1,1741,1742,1743,-1,1737,1740,1738,-1,1738,1740,1744,-1,1738,1744,1745,-1,1745,1577,1572,-1,1745,1572,1738,-1,1738,1572,1571,-1,1738,1571,1580,-1,1746,1747,1748,-1,1748,1747,1749,-1,1748,1749,1750,-1,1750,1749,1751,-1,1750,1751,1742,-1,1742,1751,1752,-1,1742,1752,1743,-1,323,1753,324,-1,324,1753,1754,-1,324,1754,325,-1,306,320,1755,-1,292,291,1756,-1,1756,291,307,-1,1756,307,306,-1,306,1755,1756,-1,1756,1755,1757,-1,1756,1757,1758,-1,323,292,1753,-1,1753,292,1756,-1,1753,1756,1759,-1,1759,1756,1758,-1,1759,1758,1760,-1,1714,1716,1712,-1,357,356,1715,-1,1715,356,355,-1,1715,355,1716,-1,1716,355,354,-1,1716,354,353,-1,352,367,1761,-1,1761,367,366,-1,1761,366,365,-1,1711,1713,1709,-1,1709,1713,1710,-1,1710,1713,1762,-1,1710,1762,1763,-1,1712,1716,1713,-1,1713,1716,1764,-1,1713,1764,1762,-1,1762,1764,1765,-1,1762,1765,1763,-1,1721,1723,1722,-1,1722,1723,1725,-1,1722,1725,1735,-1,1735,1725,1727,-1,1735,1727,1763,-1,1763,1727,1729,-1,1763,1729,1710,-1,1710,1729,1731,-1,1710,1731,1708,-1,353,352,1716,-1,1716,352,1761,-1,1716,1761,1764,-1,1764,1761,365,-1,1764,365,1765,-1,1765,365,364,-1,1765,364,1766,-1,1766,364,295,-1,1766,295,1754,-1,1754,295,294,-1,1754,294,325,-1,1573,1574,1767,-1,1767,1574,1741,-1,1767,1741,1768,-1,1768,1741,1743,-1,1581,1582,1733,-1,1733,1582,1583,-1,1733,1583,1732,-1,1732,1583,1584,-1,1732,1584,1585,-1,1718,1746,1719,-1,1719,1746,1748,-1,1719,1748,1739,-1,1739,1748,1750,-1,1739,1750,1740,-1,1740,1750,1742,-1,1740,1742,1744,-1,1744,1742,1741,-1,1744,1741,1745,-1,1745,1741,1578,-1,1745,1578,1577,-1,1760,1717,1759,-1,1759,1717,1719,-1,1759,1719,1753,-1,1753,1719,1739,-1,1753,1739,1754,-1,1754,1739,1737,-1,1754,1737,1766,-1,1766,1737,1736,-1,1766,1736,1765,-1,1765,1736,1734,-1,1765,1734,1763,-1,1763,1734,1732,-1,1763,1732,1735,-1,1735,1732,1589,-1,1735,1589,1588,-1,1595,1594,1769,-1,1770,1771,1772,-1,1773,1774,1775,-1,1776,1774,1777,-1,1777,1774,1773,-1,1777,1773,1778,-1,1778,1773,1779,-1,1780,1781,1782,-1,1781,1780,1783,-1,1783,1780,1784,-1,1783,1784,1785,-1,1786,1787,1788,-1,1788,1787,1789,-1,1788,1789,1790,-1,1791,1792,1780,-1,1780,1792,1793,-1,1780,1793,1784,-1,1786,1791,1787,-1,1787,1791,1780,-1,1787,1780,1794,-1,1794,1780,1782,-1,1794,1782,1795,-1,1795,1779,1794,-1,1794,1779,1773,-1,1794,1773,1787,-1,1787,1773,1775,-1,1787,1775,1789,-1,1789,1775,1796,-1,1789,1796,1797,-1,1797,1796,1798,-1,1797,1798,1799,-1,1799,1798,1800,-1,1800,1801,1799,-1,1799,1801,1802,-1,1799,1802,1803,-1,288,301,1804,-1,329,328,1805,-1,1805,328,327,-1,1805,327,1803,-1,1806,1807,1808,-1,1808,1809,1806,-1,1806,1809,1810,-1,1806,1810,1804,-1,1804,1810,1811,-1,1804,1811,1812,-1,1601,1813,1600,-1,1600,1813,1814,-1,1607,1608,1815,-1,1601,1602,1813,-1,1813,1602,1603,-1,1813,1603,1772,-1,1772,1603,1604,-1,1772,1604,1770,-1,1770,1604,1605,-1,1770,1605,1815,-1,1815,1605,1606,-1,1815,1606,1607,-1,1815,1816,1770,-1,1770,1816,1817,-1,1770,1817,1771,-1,1771,1817,1818,-1,1819,1592,1593,-1,1819,1593,1820,-1,1820,1593,1596,-1,1820,1596,1595,-1,1821,1591,1590,-1,1595,1769,1820,-1,1820,1769,1822,-1,1820,1822,1823,-1,1824,1825,1823,-1,1823,1825,1826,-1,1823,1826,1820,-1,1820,1826,1827,-1,1820,1827,1819,-1,1594,1591,1769,-1,1769,1591,1821,-1,1769,1821,1822,-1,1822,1821,1828,-1,1822,1828,1823,-1,1823,1828,1829,-1,1823,1829,1824,-1,1824,1829,1830,-1,1590,1597,1821,-1,1821,1597,1598,-1,1821,1598,1814,-1,1814,1598,1599,-1,1814,1599,1600,-1,320,321,1812,-1,1812,321,322,-1,1812,322,1804,-1,1804,322,289,-1,1804,289,288,-1,1803,327,1799,-1,1799,327,326,-1,1799,326,1797,-1,1797,326,315,-1,1797,315,1789,-1,1789,315,1831,-1,1789,1831,1790,-1,1832,1833,1834,-1,1834,1833,1835,-1,1834,1835,1801,-1,1801,1835,1807,-1,1801,1807,1802,-1,1802,1807,1806,-1,1802,1806,1803,-1,1803,1806,1804,-1,1803,1804,1805,-1,1805,1804,301,-1,1805,301,329,-1,1833,1836,1835,-1,1835,1836,1837,-1,1835,1837,1807,-1,1807,1837,1838,-1,1807,1838,1808,-1,1818,1832,1771,-1,1771,1832,1834,-1,1771,1834,1772,-1,1772,1834,1801,-1,1772,1801,1813,-1,1813,1801,1800,-1,1813,1800,1814,-1,1814,1800,1798,-1,1814,1798,1821,-1,1821,1798,1796,-1,1821,1796,1828,-1,1828,1796,1775,-1,1828,1775,1829,-1,1829,1775,1774,-1,1829,1774,1830,-1,1830,1774,1776,-1,1839,1840,1841,-1,1842,1843,1844,-1,1845,1846,1847,-1,1848,1849,1850,-1,1851,1852,1853,-1,1854,1855,1856,-1,1856,1855,1857,-1,1856,1857,1858,-1,1858,1857,1859,-1,1858,1859,1860,-1,1860,1859,1861,-1,1860,1861,1862,-1,1613,1612,1851,-1,1863,1618,1617,-1,1864,1863,1865,-1,1866,1616,1853,-1,1853,1616,1615,-1,1853,1615,1851,-1,1851,1615,1614,-1,1851,1614,1613,-1,1867,1868,1869,-1,1868,1870,1871,-1,1623,1622,1869,-1,1869,1622,1864,-1,1869,1864,1867,-1,1867,1864,1865,-1,1626,1627,1872,-1,1872,1627,1628,-1,1872,1873,1874,-1,1868,1871,1869,-1,1869,1871,1875,-1,1869,1875,1876,-1,1876,1629,1609,-1,1876,1609,1869,-1,1869,1609,1624,-1,1869,1624,1623,-1,1877,1878,1879,-1,1879,1878,1880,-1,1879,1880,1881,-1,1881,1880,1882,-1,1881,1882,1873,-1,1873,1882,1883,-1,1873,1883,1874,-1,243,1884,244,-1,244,1884,1885,-1,244,1885,245,-1,226,240,1886,-1,212,211,1887,-1,1887,211,227,-1,1887,227,226,-1,226,1886,1887,-1,1887,1886,1888,-1,1887,1888,1889,-1,243,212,1884,-1,1884,212,1887,-1,1884,1887,1890,-1,1890,1887,1889,-1,1890,1889,1891,-1,1845,1847,1843,-1,277,276,1846,-1,1846,276,275,-1,1846,275,1847,-1,1847,275,274,-1,1847,274,273,-1,272,287,1892,-1,1892,287,286,-1,1892,286,285,-1,1842,1844,1840,-1,1840,1844,1841,-1,1841,1844,1893,-1,1841,1893,1894,-1,1843,1847,1844,-1,1844,1847,1895,-1,1844,1895,1893,-1,1893,1895,1896,-1,1893,1896,1894,-1,1852,1854,1853,-1,1853,1854,1856,-1,1853,1856,1866,-1,1866,1856,1858,-1,1866,1858,1894,-1,1894,1858,1860,-1,1894,1860,1841,-1,1841,1860,1862,-1,1841,1862,1839,-1,273,272,1847,-1,1847,272,1892,-1,1847,1892,1895,-1,1895,1892,285,-1,1895,285,1896,-1,1896,285,284,-1,1896,284,1897,-1,1897,284,215,-1,1897,215,1885,-1,1885,215,214,-1,1885,214,245,-1,1625,1626,1898,-1,1898,1626,1872,-1,1898,1872,1899,-1,1899,1872,1874,-1,1622,1621,1864,-1,1864,1621,1620,-1,1864,1620,1863,-1,1863,1620,1619,-1,1863,1619,1618,-1,1849,1877,1850,-1,1850,1877,1879,-1,1850,1879,1870,-1,1870,1879,1881,-1,1870,1881,1871,-1,1871,1881,1873,-1,1871,1873,1875,-1,1875,1873,1872,-1,1875,1872,1876,-1,1876,1872,1628,-1,1876,1628,1629,-1,1891,1848,1890,-1,1890,1848,1850,-1,1890,1850,1884,-1,1884,1850,1870,-1,1884,1870,1885,-1,1885,1870,1868,-1,1885,1868,1897,-1,1897,1868,1867,-1,1897,1867,1896,-1,1896,1867,1865,-1,1896,1865,1894,-1,1894,1865,1863,-1,1894,1863,1866,-1,1866,1863,1617,-1,1866,1617,1616,-1,1900,1901,1902,-1,1903,1904,1905,-1,1906,1907,1908,-1,1909,1910,1911,-1,1912,1913,1914,-1,1915,1916,1917,-1,1917,1916,1918,-1,1917,1918,1919,-1,1919,1918,1920,-1,1919,1920,1921,-1,1921,1920,1922,-1,1921,1922,1923,-1,1634,1633,1912,-1,1924,1651,1655,-1,1925,1924,1926,-1,1927,1654,1914,-1,1914,1654,1653,-1,1914,1653,1912,-1,1912,1653,1652,-1,1912,1652,1634,-1,1928,1929,1930,-1,1929,1931,1932,-1,1646,1647,1930,-1,1930,1647,1925,-1,1930,1925,1928,-1,1928,1925,1926,-1,1631,1641,1933,-1,1933,1641,1642,-1,1933,1934,1935,-1,1929,1932,1930,-1,1930,1932,1936,-1,1930,1936,1937,-1,1937,1643,1644,-1,1937,1644,1930,-1,1930,1644,1645,-1,1930,1645,1646,-1,1938,1939,1940,-1,1940,1939,1941,-1,1940,1941,1942,-1,1942,1941,1943,-1,1942,1943,1934,-1,1934,1943,1944,-1,1934,1944,1935,-1,1945,1946,1947,-1,1947,1946,1948,-1,1947,1948,1949,-1,1950,1951,1952,-1,1953,1954,1955,-1,1955,1954,1956,-1,1955,1956,1950,-1,1950,1952,1955,-1,1955,1952,1957,-1,1955,1957,1958,-1,1945,1953,1946,-1,1946,1953,1955,-1,1946,1955,1959,-1,1959,1955,1958,-1,1959,1958,1960,-1,1906,1908,1904,-1,240,241,1907,-1,1907,241,242,-1,1907,242,1908,-1,1908,242,209,-1,1908,209,208,-1,221,249,1961,-1,1961,249,248,-1,1961,248,247,-1,1903,1905,1901,-1,1901,1905,1902,-1,1902,1905,1962,-1,1902,1962,1963,-1,1904,1908,1905,-1,1905,1908,1964,-1,1905,1964,1962,-1,1962,1964,1965,-1,1962,1965,1963,-1,1913,1915,1914,-1,1914,1915,1917,-1,1914,1917,1927,-1,1927,1917,1919,-1,1927,1919,1963,-1,1963,1919,1921,-1,1963,1921,1902,-1,1902,1921,1923,-1,1902,1923,1900,-1,208,221,1908,-1,1908,221,1961,-1,1908,1961,1964,-1,1964,1961,247,-1,1964,247,1965,-1,1965,247,246,-1,1965,246,1966,-1,1966,246,235,-1,1966,235,1948,-1,1948,235,1967,-1,1948,1967,1949,-1,1630,1631,1968,-1,1968,1631,1933,-1,1968,1933,1969,-1,1969,1933,1935,-1,1647,1648,1925,-1,1925,1648,1649,-1,1925,1649,1924,-1,1924,1649,1650,-1,1924,1650,1651,-1,1910,1938,1911,-1,1911,1938,1940,-1,1911,1940,1931,-1,1931,1940,1942,-1,1931,1942,1932,-1,1932,1942,1934,-1,1932,1934,1936,-1,1936,1934,1933,-1,1936,1933,1937,-1,1937,1933,1642,-1,1937,1642,1643,-1,1960,1909,1959,-1,1959,1909,1911,-1,1959,1911,1946,-1,1946,1911,1931,-1,1946,1931,1948,-1,1948,1931,1929,-1,1948,1929,1966,-1,1966,1929,1928,-1,1966,1928,1965,-1,1965,1928,1926,-1,1965,1926,1963,-1,1963,1926,1924,-1,1963,1924,1927,-1,1927,1924,1655,-1,1927,1655,1654,-1,1970,1971,1972,-1,1973,1974,1975,-1,1976,1977,1978,-1,1979,1977,1980,-1,1980,1977,1976,-1,1980,1976,1981,-1,1981,1976,1982,-1,1983,1984,1985,-1,1985,1984,1986,-1,1985,519,518,-1,518,502,1985,-1,1985,502,491,-1,1985,491,1983,-1,1983,491,490,-1,1983,490,517,-1,521,519,1987,-1,1987,519,1985,-1,1987,1985,1988,-1,1988,1985,1986,-1,1988,1986,1989,-1,1989,1982,1988,-1,1988,1982,1976,-1,1988,1976,1987,-1,1987,1976,1978,-1,1987,1978,1990,-1,1990,1978,1991,-1,1990,1991,1992,-1,1992,1991,1993,-1,1992,1993,1994,-1,1994,1993,1995,-1,1994,1995,1996,-1,1676,1677,1997,-1,1997,1677,1681,-1,1998,1680,1679,-1,1996,1999,1994,-1,1994,1999,2000,-1,1994,2000,1998,-1,2001,2002,2003,-1,2003,2004,2001,-1,2001,2004,2005,-1,2001,2005,1997,-1,1997,2005,2006,-1,1997,2006,2007,-1,2008,2009,2010,-1,2010,2011,2008,-1,2008,2011,2012,-1,2008,2012,1975,-1,1975,2012,2013,-1,1975,2013,1973,-1,1973,2013,2014,-1,1973,2014,2015,-1,2015,2014,2016,-1,2015,2016,2017,-1,2015,2018,1973,-1,1973,2018,2019,-1,1973,2019,1974,-1,1974,2019,2020,-1,1970,2021,2022,-1,2022,2021,2023,-1,2022,2023,2024,-1,1970,1972,2021,-1,2021,1972,2025,-1,2021,2025,2026,-1,2027,2028,2026,-1,2026,2028,2029,-1,2026,2029,2021,-1,2021,2029,2030,-1,2021,2030,2023,-1,1971,2031,1972,-1,1972,2031,2032,-1,1972,2032,2025,-1,2025,2032,2033,-1,2025,2033,2026,-1,2026,2033,2034,-1,2026,2034,2027,-1,2027,2034,2035,-1,2031,2036,2032,-1,2032,2036,2037,-1,2032,2037,2009,-1,2009,2037,2038,-1,2009,2038,2010,-1,1676,1997,1675,-1,1675,1997,2007,-1,1675,2007,1405,-1,1679,1678,1998,-1,1998,1678,1658,-1,1998,1658,1994,-1,1994,1658,1669,-1,1994,1669,1992,-1,1992,1669,511,-1,1992,511,1990,-1,1990,511,523,-1,1990,523,1987,-1,1987,523,522,-1,1987,522,521,-1,2039,2040,2041,-1,2041,2040,2042,-1,2041,2042,1996,-1,1996,2042,2002,-1,1996,2002,1999,-1,1999,2002,2001,-1,1999,2001,2000,-1,2000,2001,1997,-1,2000,1997,1998,-1,1998,1997,1681,-1,1998,1681,1680,-1,2040,2043,2042,-1,2042,2043,2044,-1,2042,2044,2002,-1,2002,2044,2045,-1,2002,2045,2003,-1,2020,2039,1974,-1,1974,2039,2041,-1,1974,2041,1975,-1,1975,2041,1996,-1,1975,1996,2008,-1,2008,1996,1995,-1,2008,1995,2009,-1,2009,1995,1993,-1,2009,1993,2032,-1,2032,1993,1991,-1,2032,1991,2033,-1,2033,1991,1978,-1,2033,1978,2034,-1,2034,1978,1977,-1,2034,1977,2035,-1,2035,1977,1979,-1,2046,2047,2048,-1,2049,2050,2051,-1,2052,2053,2054,-1,2055,2056,2057,-1,2058,2059,2060,-1,2060,2059,2061,-1,2060,2061,2062,-1,2056,2058,2057,-1,2057,2058,2060,-1,2057,2060,2063,-1,2063,2060,2062,-1,2063,2062,2064,-1,2065,2066,2067,-1,2063,2068,2057,-1,2057,2068,2069,-1,2057,2069,2055,-1,2055,2069,2070,-1,2055,2070,2071,-1,2072,2073,2074,-1,2074,2073,2054,-1,2074,2054,2075,-1,2053,2076,2054,-1,2054,2076,2065,-1,2054,2065,2075,-1,2075,2065,2067,-1,2048,2077,2078,-1,2079,2052,2080,-1,2080,2052,2054,-1,2080,2054,2081,-1,2081,2054,2073,-1,2082,2083,2084,-1,2084,2083,2085,-1,2084,2085,2086,-1,2086,2085,2087,-1,2086,2087,2077,-1,2077,2087,2088,-1,2077,2088,2078,-1,437,2089,410,-1,410,2089,411,-1,439,438,2090,-1,2090,438,422,-1,2090,422,411,-1,411,2089,2090,-1,2090,2089,2091,-1,2090,2091,2092,-1,441,439,2093,-1,2093,439,2090,-1,2093,2090,2094,-1,2094,2090,2092,-1,2094,2092,2095,-1,2096,1504,1701,-1,2096,1701,2097,-1,1701,1702,2097,-1,2097,1702,1703,-1,2097,1703,1707,-1,2098,1706,1705,-1,2099,2100,2101,-1,2101,2102,2099,-1,2099,2102,2103,-1,2099,2103,2097,-1,2097,2103,2104,-1,2097,2104,2096,-1,2105,2106,2107,-1,2107,2106,2108,-1,2107,2108,2100,-1,2100,2108,2109,-1,2100,2109,2101,-1,2064,2110,2111,-1,2111,2110,2112,-1,2111,2112,2098,-1,2061,2105,2062,-1,2062,2105,2107,-1,2062,2107,2064,-1,2064,2107,2100,-1,2064,2100,2110,-1,2110,2100,2099,-1,2110,2099,2112,-1,2112,2099,2097,-1,2112,2097,2098,-1,2098,2097,1707,-1,2098,1707,1706,-1,1705,1704,2098,-1,2098,1704,1684,-1,2098,1684,2111,-1,2111,1684,1695,-1,2111,1695,2113,-1,2113,1695,431,-1,2113,431,2114,-1,2114,431,443,-1,2114,443,2093,-1,2093,443,442,-1,2093,442,441,-1,2115,2046,2116,-1,2116,2046,2048,-1,2116,2048,2117,-1,2117,2048,2078,-1,2076,2118,2065,-1,2065,2118,2119,-1,2065,2119,2066,-1,2066,2119,2120,-1,2066,2120,2121,-1,2050,2082,2051,-1,2051,2082,2084,-1,2051,2084,2072,-1,2072,2084,2086,-1,2072,2086,2073,-1,2073,2086,2077,-1,2073,2077,2081,-1,2081,2077,2048,-1,2081,2048,2080,-1,2080,2048,2047,-1,2080,2047,2079,-1,2095,2049,2094,-1,2094,2049,2051,-1,2094,2051,2093,-1,2093,2051,2072,-1,2093,2072,2114,-1,2114,2072,2074,-1,2114,2074,2113,-1,2113,2074,2075,-1,2113,2075,2111,-1,2111,2075,2067,-1,2111,2067,2064,-1,2064,2067,2066,-1,2064,2066,2063,-1,2063,2066,2121,-1,2063,2121,2068,-1,2122,2123,2124,-1,1792,1791,2125,-1,1831,315,314,-1,2126,2127,2128,-1,2129,2130,2131,-1,2131,2130,2132,-1,1784,1793,2129,-1,2129,1793,2133,-1,2129,2133,2130,-1,2130,2133,2134,-1,2130,2134,2132,-1,2124,2123,2135,-1,351,2135,350,-1,350,2135,2123,-1,350,2123,2136,-1,2136,2123,2122,-1,2136,2122,2137,-1,2137,2122,2138,-1,2137,2138,2132,-1,2132,2138,2139,-1,2132,2139,2131,-1,316,349,2140,-1,316,2140,317,-1,317,2140,2128,-1,317,2128,314,-1,314,2128,2127,-1,314,2127,1831,-1,1785,1784,2141,-1,2141,1784,2129,-1,2141,2129,2142,-1,2142,2129,2131,-1,2142,2131,2143,-1,2143,2131,2139,-1,2125,1791,2126,-1,1791,1786,2126,-1,2126,1786,1788,-1,2126,1788,2127,-1,2127,1788,1790,-1,2127,1790,1831,-1,2124,2144,2122,-1,2122,2144,2145,-1,2122,2145,2138,-1,2138,2145,2146,-1,2138,2146,2139,-1,2139,2146,2147,-1,2139,2147,2143,-1,1793,1792,2133,-1,2133,1792,2125,-1,2133,2125,2134,-1,2134,2125,2126,-1,2134,2126,2132,-1,2132,2126,2128,-1,2132,2128,2137,-1,2137,2128,2140,-1,2137,2140,2136,-1,2136,2140,349,-1,2136,349,350,-1,2148,2149,2150,-1,1954,1953,2151,-1,1967,235,234,-1,2152,2153,2154,-1,2155,2156,2157,-1,2157,2156,2158,-1,1950,1956,2155,-1,2155,1956,2159,-1,2155,2159,2156,-1,2156,2159,2160,-1,2156,2160,2158,-1,2150,2149,2161,-1,271,2161,270,-1,270,2161,2149,-1,270,2149,2162,-1,2162,2149,2148,-1,2162,2148,2163,-1,2163,2148,2164,-1,2163,2164,2158,-1,2158,2164,2165,-1,2158,2165,2157,-1,236,269,2166,-1,236,2166,237,-1,237,2166,2154,-1,237,2154,234,-1,234,2154,2153,-1,234,2153,1967,-1,1951,1950,2167,-1,2167,1950,2155,-1,2167,2155,2168,-1,2168,2155,2157,-1,2168,2157,2169,-1,2169,2157,2165,-1,2151,1953,2152,-1,1953,1945,2152,-1,2152,1945,1947,-1,2152,1947,2153,-1,2153,1947,1949,-1,2153,1949,1967,-1,2150,2170,2148,-1,2148,2170,2171,-1,2148,2171,2164,-1,2164,2171,2172,-1,2164,2172,2165,-1,2165,2172,2173,-1,2165,2173,2169,-1,1956,1954,2159,-1,2159,1954,2151,-1,2159,2151,2160,-1,2160,2151,2152,-1,2160,2152,2158,-1,2158,2152,2154,-1,2158,2154,2163,-1,2163,2154,2166,-1,2163,2166,2162,-1,2162,2166,269,-1,2162,269,270,-1,2017,2016,2174,-1,2174,2016,2175,-1,2024,2176,2177,-1,2175,2016,2178,-1,2178,2016,2014,-1,2178,2014,2179,-1,2179,2014,2013,-1,2179,2013,2180,-1,2180,2013,2181,-1,2181,2013,2012,-1,2181,2012,2182,-1,2182,2012,2011,-1,2182,2011,2183,-1,2183,2011,2184,-1,2184,2011,2010,-1,2184,2010,2185,-1,2185,2010,2038,-1,2185,2038,2186,-1,2186,2038,2037,-1,2186,2037,2187,-1,2187,2037,2188,-1,2188,2037,2036,-1,2188,2036,2031,-1,2024,2177,2022,-1,2022,2177,2189,-1,2022,2189,1970,-1,1970,2189,2190,-1,1970,2190,1971,-1,1971,2190,2191,-1,1971,2191,2031,-1,2031,2191,2192,-1,2031,2192,2188,-1,2193,2071,2070,-1,2115,2194,2195,-1,2115,2195,2046,-1,2046,2195,2196,-1,2046,2196,2047,-1,2047,2196,2197,-1,2047,2197,2079,-1,2079,2197,2198,-1,2079,2198,2052,-1,2198,2199,2052,-1,2052,2199,2200,-1,2052,2200,2053,-1,2053,2200,2201,-1,2053,2201,2076,-1,2076,2201,2202,-1,2076,2202,2118,-1,2118,2202,2203,-1,2118,2203,2119,-1,2119,2203,2204,-1,2119,2204,2120,-1,2068,2205,2069,-1,2069,2205,2206,-1,2069,2206,2070,-1,2070,2206,2207,-1,2070,2207,2193,-1,2204,2208,2120,-1,2120,2208,2209,-1,2120,2209,2121,-1,2121,2209,2210,-1,2121,2210,2068,-1,2068,2210,2211,-1,2068,2211,2205,-1,2212,2213,2214,-1,2215,2216,2217,-1,2218,2219,2220,-1,2221,2222,2223,-1,2224,2225,2226,-1,2226,2225,2227,-1,2226,2227,2228,-1,2222,2224,2223,-1,2223,2224,2226,-1,2223,2226,2229,-1,2229,2226,2228,-1,2229,2228,2230,-1,2231,2232,2233,-1,2229,2234,2223,-1,2223,2234,2235,-1,2223,2235,2221,-1,2221,2235,2236,-1,2221,2236,2237,-1,2238,2239,2240,-1,2240,2239,2220,-1,2240,2220,2241,-1,2219,2242,2220,-1,2220,2242,2231,-1,2220,2231,2241,-1,2241,2231,2233,-1,2214,2243,2244,-1,2245,2218,2246,-1,2246,2218,2220,-1,2246,2220,2247,-1,2247,2220,2239,-1,2248,2249,2250,-1,2250,2249,2251,-1,2250,2251,2252,-1,2252,2251,2253,-1,2252,2253,2243,-1,2243,2253,2254,-1,2243,2254,2244,-1,357,2255,330,-1,330,2255,331,-1,359,358,2256,-1,2256,358,342,-1,2256,342,331,-1,331,2255,2256,-1,2256,2255,2257,-1,2256,2257,2258,-1,361,359,2259,-1,2259,359,2256,-1,2259,2256,2260,-1,2260,2256,2258,-1,2260,2258,2261,-1,2262,1785,2141,-1,2262,2141,2263,-1,2141,2142,2263,-1,2263,2142,2143,-1,2263,2143,2147,-1,2264,2146,2145,-1,2265,2266,2267,-1,2267,2268,2265,-1,2265,2268,2269,-1,2265,2269,2263,-1,2263,2269,2270,-1,2263,2270,2262,-1,2271,2272,2273,-1,2273,2272,2274,-1,2273,2274,2266,-1,2266,2274,2275,-1,2266,2275,2267,-1,2230,2276,2277,-1,2277,2276,2278,-1,2277,2278,2264,-1,2227,2271,2228,-1,2228,2271,2273,-1,2228,2273,2230,-1,2230,2273,2266,-1,2230,2266,2276,-1,2276,2266,2265,-1,2276,2265,2278,-1,2278,2265,2263,-1,2278,2263,2264,-1,2264,2263,2147,-1,2264,2147,2146,-1,2145,2144,2264,-1,2264,2144,2124,-1,2264,2124,2277,-1,2277,2124,2135,-1,2277,2135,2279,-1,2279,2135,351,-1,2279,351,2280,-1,2280,351,363,-1,2280,363,2259,-1,2259,363,362,-1,2259,362,361,-1,2281,2212,2282,-1,2282,2212,2214,-1,2282,2214,2283,-1,2283,2214,2244,-1,2242,2284,2231,-1,2231,2284,2285,-1,2231,2285,2232,-1,2232,2285,2286,-1,2232,2286,2287,-1,2216,2248,2217,-1,2217,2248,2250,-1,2217,2250,2238,-1,2238,2250,2252,-1,2238,2252,2239,-1,2239,2252,2243,-1,2239,2243,2247,-1,2247,2243,2214,-1,2247,2214,2246,-1,2246,2214,2213,-1,2246,2213,2245,-1,2261,2215,2260,-1,2260,2215,2217,-1,2260,2217,2259,-1,2259,2217,2238,-1,2259,2238,2280,-1,2280,2238,2240,-1,2280,2240,2279,-1,2279,2240,2241,-1,2279,2241,2277,-1,2277,2241,2233,-1,2277,2233,2230,-1,2230,2233,2232,-1,2230,2232,2229,-1,2229,2232,2287,-1,2229,2287,2234,-1,2288,2289,2290,-1,2291,2292,2293,-1,2294,2295,2296,-1,2297,2295,2298,-1,2298,2295,2294,-1,2298,2294,2299,-1,2299,2294,2300,-1,2301,2302,2303,-1,2303,2302,2304,-1,2303,279,278,-1,278,262,2303,-1,2303,262,251,-1,2303,251,2301,-1,2301,251,250,-1,2301,250,277,-1,281,279,2305,-1,2305,279,2303,-1,2305,2303,2306,-1,2306,2303,2304,-1,2306,2304,2307,-1,2307,2300,2306,-1,2306,2300,2294,-1,2306,2294,2305,-1,2305,2294,2296,-1,2305,2296,2308,-1,2308,2296,2309,-1,2308,2309,2310,-1,2310,2309,2311,-1,2310,2311,2312,-1,2312,2311,2313,-1,2312,2313,2314,-1,2168,2169,2315,-1,2315,2169,2173,-1,2316,2172,2171,-1,2314,2317,2312,-1,2312,2317,2318,-1,2312,2318,2316,-1,2319,2320,2321,-1,2321,2322,2319,-1,2319,2322,2323,-1,2319,2323,2315,-1,2315,2323,2324,-1,2315,2324,2325,-1,2326,2327,2328,-1,2328,2329,2326,-1,2326,2329,2330,-1,2326,2330,2293,-1,2293,2330,2331,-1,2293,2331,2291,-1,2291,2331,2332,-1,2291,2332,2333,-1,2333,2332,2334,-1,2333,2334,2335,-1,2333,2336,2291,-1,2291,2336,2337,-1,2291,2337,2292,-1,2292,2337,2338,-1,2288,2339,2340,-1,2340,2339,2341,-1,2340,2341,2342,-1,2288,2290,2339,-1,2339,2290,2343,-1,2339,2343,2344,-1,2345,2346,2344,-1,2344,2346,2347,-1,2344,2347,2339,-1,2339,2347,2348,-1,2339,2348,2341,-1,2289,2349,2290,-1,2290,2349,2350,-1,2290,2350,2343,-1,2343,2350,2351,-1,2343,2351,2344,-1,2344,2351,2352,-1,2344,2352,2345,-1,2345,2352,2353,-1,2349,2354,2350,-1,2350,2354,2355,-1,2350,2355,2327,-1,2327,2355,2356,-1,2327,2356,2328,-1,2168,2315,2167,-1,2167,2315,2325,-1,2167,2325,1951,-1,2171,2170,2316,-1,2316,2170,2150,-1,2316,2150,2312,-1,2312,2150,2161,-1,2312,2161,2310,-1,2310,2161,271,-1,2310,271,2308,-1,2308,271,283,-1,2308,283,2305,-1,2305,283,282,-1,2305,282,281,-1,2357,2358,2359,-1,2359,2358,2360,-1,2359,2360,2314,-1,2314,2360,2320,-1,2314,2320,2317,-1,2317,2320,2319,-1,2317,2319,2318,-1,2318,2319,2315,-1,2318,2315,2316,-1,2316,2315,2173,-1,2316,2173,2172,-1,2358,2361,2360,-1,2360,2361,2362,-1,2360,2362,2320,-1,2320,2362,2363,-1,2320,2363,2321,-1,2338,2357,2292,-1,2292,2357,2359,-1,2292,2359,2293,-1,2293,2359,2314,-1,2293,2314,2326,-1,2326,2314,2313,-1,2326,2313,2327,-1,2327,2313,2311,-1,2327,2311,2350,-1,2350,2311,2309,-1,2350,2309,2351,-1,2351,2309,2296,-1,2351,2296,2352,-1,2352,2296,2295,-1,2352,2295,2353,-1,2353,2295,2297,-1,2364,2365,2366,-1,2367,2368,2369,-1,2370,2371,2372,-1,2373,2374,2375,-1,2376,2377,2378,-1,2379,2380,2381,-1,2381,2380,2382,-1,2381,2382,2383,-1,2383,2382,2384,-1,2383,2384,2385,-1,2385,2384,2386,-1,2385,2386,2387,-1,2177,2176,2376,-1,2388,2188,2192,-1,2389,2388,2390,-1,2391,2191,2378,-1,2378,2191,2190,-1,2378,2190,2376,-1,2376,2190,2189,-1,2376,2189,2177,-1,2392,2393,2394,-1,2393,2395,2396,-1,2183,2184,2394,-1,2394,2184,2389,-1,2394,2389,2392,-1,2392,2389,2390,-1,2175,2178,2397,-1,2397,2178,2179,-1,2397,2398,2399,-1,2393,2396,2394,-1,2394,2396,2400,-1,2394,2400,2401,-1,2401,2180,2181,-1,2401,2181,2394,-1,2394,2181,2182,-1,2394,2182,2183,-1,2402,2403,2404,-1,2404,2403,2405,-1,2404,2405,2406,-1,2406,2405,2407,-1,2406,2407,2398,-1,2398,2407,2408,-1,2398,2408,2399,-1,163,2409,164,-1,164,2409,2410,-1,164,2410,165,-1,146,160,2411,-1,132,131,2412,-1,2412,131,147,-1,2412,147,146,-1,146,2411,2412,-1,2412,2411,2413,-1,2412,2413,2414,-1,163,132,2409,-1,2409,132,2412,-1,2409,2412,2415,-1,2415,2412,2414,-1,2415,2414,2416,-1,2370,2372,2368,-1,197,196,2371,-1,2371,196,195,-1,2371,195,2372,-1,2372,195,194,-1,2372,194,193,-1,192,207,2417,-1,2417,207,206,-1,2417,206,205,-1,2367,2369,2365,-1,2365,2369,2366,-1,2366,2369,2418,-1,2366,2418,2419,-1,2368,2372,2369,-1,2369,2372,2420,-1,2369,2420,2418,-1,2418,2420,2421,-1,2418,2421,2419,-1,2377,2379,2378,-1,2378,2379,2381,-1,2378,2381,2391,-1,2391,2381,2383,-1,2391,2383,2419,-1,2419,2383,2385,-1,2419,2385,2366,-1,2366,2385,2387,-1,2366,2387,2364,-1,193,192,2372,-1,2372,192,2417,-1,2372,2417,2420,-1,2420,2417,205,-1,2420,205,2421,-1,2421,205,204,-1,2421,204,2422,-1,2422,204,135,-1,2422,135,2410,-1,2410,135,134,-1,2410,134,165,-1,2174,2175,2423,-1,2423,2175,2397,-1,2423,2397,2424,-1,2424,2397,2399,-1,2184,2185,2389,-1,2389,2185,2186,-1,2389,2186,2388,-1,2388,2186,2187,-1,2388,2187,2188,-1,2374,2402,2375,-1,2375,2402,2404,-1,2375,2404,2395,-1,2395,2404,2406,-1,2395,2406,2396,-1,2396,2406,2398,-1,2396,2398,2400,-1,2400,2398,2397,-1,2400,2397,2401,-1,2401,2397,2179,-1,2401,2179,2180,-1,2416,2373,2415,-1,2415,2373,2375,-1,2415,2375,2409,-1,2409,2375,2395,-1,2409,2395,2410,-1,2410,2395,2393,-1,2410,2393,2422,-1,2422,2393,2392,-1,2422,2392,2421,-1,2421,2392,2390,-1,2421,2390,2419,-1,2419,2390,2388,-1,2419,2388,2391,-1,2391,2388,2192,-1,2391,2192,2191,-1,2205,2211,2425,-1,2426,2427,2428,-1,2429,2430,2431,-1,2432,2430,2433,-1,2433,2430,2429,-1,2433,2429,2434,-1,2434,2429,2435,-1,2436,2437,2438,-1,2437,2436,2439,-1,2439,2436,2440,-1,2439,2440,2441,-1,2442,2443,2444,-1,2444,2443,2445,-1,2444,2445,2446,-1,2447,2448,2436,-1,2436,2448,2449,-1,2436,2449,2440,-1,2442,2447,2443,-1,2443,2447,2436,-1,2443,2436,2450,-1,2450,2436,2438,-1,2450,2438,2451,-1,2451,2435,2450,-1,2450,2435,2429,-1,2450,2429,2443,-1,2443,2429,2431,-1,2443,2431,2445,-1,2445,2431,2452,-1,2445,2452,2453,-1,2453,2452,2454,-1,2453,2454,2455,-1,2455,2454,2456,-1,2456,2457,2455,-1,2455,2457,2458,-1,2455,2458,2459,-1,128,141,2460,-1,169,168,2461,-1,2461,168,167,-1,2461,167,2459,-1,2462,2463,2464,-1,2464,2465,2462,-1,2462,2465,2466,-1,2462,2466,2460,-1,2460,2466,2467,-1,2460,2467,2468,-1,2201,2469,2202,-1,2202,2469,2470,-1,2195,2194,2471,-1,2201,2200,2469,-1,2469,2200,2199,-1,2469,2199,2428,-1,2428,2199,2198,-1,2428,2198,2426,-1,2426,2198,2197,-1,2426,2197,2471,-1,2471,2197,2196,-1,2471,2196,2195,-1,2471,2472,2426,-1,2426,2472,2473,-1,2426,2473,2427,-1,2427,2473,2474,-1,2475,2193,2207,-1,2475,2207,2476,-1,2476,2207,2206,-1,2476,2206,2205,-1,2477,2210,2209,-1,2205,2425,2476,-1,2476,2425,2478,-1,2476,2478,2479,-1,2480,2481,2479,-1,2479,2481,2482,-1,2479,2482,2476,-1,2476,2482,2483,-1,2476,2483,2475,-1,2211,2210,2425,-1,2425,2210,2477,-1,2425,2477,2478,-1,2478,2477,2484,-1,2478,2484,2479,-1,2479,2484,2485,-1,2479,2485,2480,-1,2480,2485,2486,-1,2209,2208,2477,-1,2477,2208,2204,-1,2477,2204,2470,-1,2470,2204,2203,-1,2470,2203,2202,-1,160,161,2468,-1,2468,161,162,-1,2468,162,2460,-1,2460,162,129,-1,2460,129,128,-1,2459,167,2455,-1,2455,167,166,-1,2455,166,2453,-1,2453,166,155,-1,2453,155,2445,-1,2445,155,2487,-1,2445,2487,2446,-1,2488,2489,2490,-1,2490,2489,2491,-1,2490,2491,2457,-1,2457,2491,2463,-1,2457,2463,2458,-1,2458,2463,2462,-1,2458,2462,2459,-1,2459,2462,2460,-1,2459,2460,2461,-1,2461,2460,141,-1,2461,141,169,-1,2489,2492,2491,-1,2491,2492,2493,-1,2491,2493,2463,-1,2463,2493,2494,-1,2463,2494,2464,-1,2474,2488,2427,-1,2427,2488,2490,-1,2427,2490,2428,-1,2428,2490,2457,-1,2428,2457,2469,-1,2469,2457,2456,-1,2469,2456,2470,-1,2470,2456,2454,-1,2470,2454,2477,-1,2477,2454,2452,-1,2477,2452,2484,-1,2484,2452,2431,-1,2484,2431,2485,-1,2485,2431,2430,-1,2485,2430,2486,-1,2486,2430,2432,-1,2495,2496,2287,-1,2497,2237,2236,-1,2281,2498,2499,-1,2287,2496,2234,-1,2496,2500,2234,-1,2234,2500,2501,-1,2234,2501,2235,-1,2235,2501,2502,-1,2235,2502,2236,-1,2236,2502,2503,-1,2236,2503,2497,-1,2495,2287,2504,-1,2504,2287,2286,-1,2504,2286,2505,-1,2505,2286,2285,-1,2505,2285,2506,-1,2506,2285,2284,-1,2506,2284,2507,-1,2507,2284,2242,-1,2507,2242,2508,-1,2508,2242,2509,-1,2509,2242,2219,-1,2509,2219,2218,-1,2281,2499,2212,-1,2212,2499,2510,-1,2212,2510,2213,-1,2213,2510,2511,-1,2213,2511,2245,-1,2245,2511,2512,-1,2245,2512,2218,-1,2218,2512,2513,-1,2218,2513,2509,-1,2514,2515,2334,-1,2334,2515,2335,-1,2342,2516,2517,-1,2342,2517,2340,-1,2340,2517,2518,-1,2340,2518,2288,-1,2518,2519,2288,-1,2288,2519,2520,-1,2288,2520,2289,-1,2289,2520,2521,-1,2289,2521,2349,-1,2349,2521,2522,-1,2349,2522,2354,-1,2354,2522,2355,-1,2522,2523,2355,-1,2355,2523,2524,-1,2355,2524,2356,-1,2356,2524,2525,-1,2356,2525,2328,-1,2328,2525,2526,-1,2328,2526,2329,-1,2526,2527,2329,-1,2329,2527,2528,-1,2329,2528,2330,-1,2330,2528,2529,-1,2330,2529,2331,-1,2331,2529,2530,-1,2331,2530,2332,-1,2332,2530,2531,-1,2332,2531,2334,-1,2334,2531,2532,-1,2334,2532,2514,-1,2533,2534,2535,-1,2448,2447,2536,-1,2487,155,154,-1,2537,2538,2539,-1,2540,2541,2542,-1,2542,2541,2543,-1,2440,2449,2540,-1,2540,2449,2544,-1,2540,2544,2541,-1,2541,2544,2545,-1,2541,2545,2543,-1,2535,2534,2546,-1,191,2546,190,-1,190,2546,2534,-1,190,2534,2547,-1,2547,2534,2533,-1,2547,2533,2548,-1,2548,2533,2549,-1,2548,2549,2543,-1,2543,2549,2550,-1,2543,2550,2542,-1,156,189,2551,-1,156,2551,157,-1,157,2551,2539,-1,157,2539,154,-1,154,2539,2538,-1,154,2538,2487,-1,2441,2440,2552,-1,2552,2440,2540,-1,2552,2540,2553,-1,2553,2540,2542,-1,2553,2542,2554,-1,2554,2542,2550,-1,2536,2447,2537,-1,2447,2442,2537,-1,2537,2442,2444,-1,2537,2444,2538,-1,2538,2444,2446,-1,2538,2446,2487,-1,2535,2555,2533,-1,2533,2555,2556,-1,2533,2556,2549,-1,2549,2556,2557,-1,2549,2557,2550,-1,2550,2557,2558,-1,2550,2558,2554,-1,2449,2448,2544,-1,2544,2448,2536,-1,2544,2536,2545,-1,2545,2536,2537,-1,2545,2537,2543,-1,2543,2537,2539,-1,2543,2539,2548,-1,2548,2539,2551,-1,2548,2551,2547,-1,2547,2551,189,-1,2547,189,190,-1,2501,2500,2559,-1,2560,2561,2562,-1,2563,2564,2565,-1,2566,2564,2567,-1,2567,2564,2563,-1,2567,2563,2568,-1,2568,2563,2569,-1,2570,2571,2572,-1,2571,2570,2573,-1,2573,2570,66,-1,2573,66,80,-1,83,2574,84,-1,84,2574,2575,-1,84,2575,85,-1,52,51,2570,-1,2570,51,67,-1,2570,67,66,-1,83,52,2574,-1,2574,52,2570,-1,2574,2570,2576,-1,2576,2570,2572,-1,2576,2572,2577,-1,2577,2569,2576,-1,2576,2569,2563,-1,2576,2563,2574,-1,2574,2563,2565,-1,2574,2565,2575,-1,2575,2565,2578,-1,2575,2578,2579,-1,2579,2578,2580,-1,2579,2580,2581,-1,2581,2580,2582,-1,2582,2583,2581,-1,2581,2583,2584,-1,2581,2584,2585,-1,113,112,2586,-1,127,126,2587,-1,2587,126,125,-1,2587,125,2585,-1,2588,2589,2590,-1,2590,2591,2588,-1,2588,2591,2592,-1,2588,2592,2586,-1,2586,2592,2593,-1,2586,2593,2594,-1,2508,2595,2507,-1,2507,2595,2596,-1,2499,2498,2597,-1,2508,2509,2595,-1,2595,2509,2513,-1,2595,2513,2562,-1,2562,2513,2512,-1,2562,2512,2560,-1,2560,2512,2511,-1,2560,2511,2597,-1,2597,2511,2510,-1,2597,2510,2499,-1,2597,2598,2560,-1,2560,2598,2599,-1,2560,2599,2561,-1,2561,2599,2600,-1,2601,2497,2503,-1,2601,2503,2602,-1,2602,2503,2502,-1,2602,2502,2501,-1,2603,2496,2495,-1,2501,2559,2602,-1,2602,2559,2604,-1,2602,2604,2605,-1,2606,2607,2605,-1,2605,2607,2608,-1,2605,2608,2602,-1,2602,2608,2609,-1,2602,2609,2601,-1,2500,2496,2559,-1,2559,2496,2603,-1,2559,2603,2604,-1,2604,2603,2610,-1,2604,2610,2605,-1,2605,2610,2611,-1,2605,2611,2606,-1,2606,2611,2612,-1,2495,2504,2603,-1,2603,2504,2505,-1,2603,2505,2596,-1,2596,2505,2506,-1,2596,2506,2507,-1,117,116,2594,-1,2594,116,115,-1,2594,115,2586,-1,2586,115,114,-1,2586,114,113,-1,2585,125,2581,-1,2581,125,124,-1,2581,124,2579,-1,2579,124,55,-1,2579,55,2575,-1,2575,55,54,-1,2575,54,85,-1,2613,2614,2615,-1,2615,2614,2616,-1,2615,2616,2583,-1,2583,2616,2589,-1,2583,2589,2584,-1,2584,2589,2588,-1,2584,2588,2585,-1,2585,2588,2586,-1,2585,2586,2587,-1,2587,2586,112,-1,2587,112,127,-1,2614,2617,2616,-1,2616,2617,2618,-1,2616,2618,2589,-1,2589,2618,2619,-1,2589,2619,2590,-1,2600,2613,2561,-1,2561,2613,2615,-1,2561,2615,2562,-1,2562,2615,2583,-1,2562,2583,2595,-1,2595,2583,2582,-1,2595,2582,2596,-1,2596,2582,2580,-1,2596,2580,2603,-1,2603,2580,2578,-1,2603,2578,2610,-1,2610,2578,2565,-1,2610,2565,2611,-1,2611,2565,2564,-1,2611,2564,2612,-1,2612,2564,2566,-1,2620,2621,2622,-1,2623,2624,2625,-1,2626,2627,2628,-1,2629,2630,2631,-1,2632,2633,2634,-1,2635,2636,2637,-1,2637,2636,2638,-1,2637,2638,2639,-1,2639,2638,2640,-1,2639,2640,2641,-1,2641,2640,2642,-1,2641,2642,2643,-1,2517,2516,2632,-1,2644,2522,2521,-1,2645,2644,2646,-1,2647,2520,2634,-1,2634,2520,2519,-1,2634,2519,2632,-1,2632,2519,2518,-1,2632,2518,2517,-1,2648,2649,2650,-1,2649,2651,2652,-1,2527,2526,2650,-1,2650,2526,2645,-1,2650,2645,2648,-1,2648,2645,2646,-1,2514,2532,2653,-1,2653,2532,2531,-1,2653,2654,2655,-1,2649,2652,2650,-1,2650,2652,2656,-1,2650,2656,2657,-1,2657,2530,2529,-1,2657,2529,2650,-1,2650,2529,2528,-1,2650,2528,2527,-1,2658,2659,2660,-1,2660,2659,2661,-1,2660,2661,2662,-1,2662,2661,2663,-1,2662,2663,2654,-1,2654,2663,2664,-1,2654,2664,2655,-1,2665,2666,2667,-1,2667,2666,2668,-1,2667,2668,2669,-1,2670,2671,2672,-1,2673,2674,2675,-1,2675,2674,2676,-1,2675,2676,2670,-1,2670,2672,2675,-1,2675,2672,2677,-1,2675,2677,2678,-1,2665,2673,2666,-1,2666,2673,2675,-1,2666,2675,2679,-1,2679,2675,2678,-1,2679,2678,2680,-1,2626,2628,2624,-1,80,81,2627,-1,2627,81,82,-1,2627,82,2628,-1,2628,82,49,-1,2628,49,48,-1,61,89,2681,-1,2681,89,88,-1,2681,88,87,-1,2623,2625,2621,-1,2621,2625,2622,-1,2622,2625,2682,-1,2622,2682,2683,-1,2624,2628,2625,-1,2625,2628,2684,-1,2625,2684,2682,-1,2682,2684,2685,-1,2682,2685,2683,-1,2633,2635,2634,-1,2634,2635,2637,-1,2634,2637,2647,-1,2647,2637,2639,-1,2647,2639,2683,-1,2683,2639,2641,-1,2683,2641,2622,-1,2622,2641,2643,-1,2622,2643,2620,-1,48,61,2628,-1,2628,61,2681,-1,2628,2681,2684,-1,2684,2681,87,-1,2684,87,2685,-1,2685,87,86,-1,2685,86,2686,-1,2686,86,75,-1,2686,75,2668,-1,2668,75,2687,-1,2668,2687,2669,-1,2515,2514,2688,-1,2688,2514,2653,-1,2688,2653,2689,-1,2689,2653,2655,-1,2526,2525,2645,-1,2645,2525,2524,-1,2645,2524,2644,-1,2644,2524,2523,-1,2644,2523,2522,-1,2630,2658,2631,-1,2631,2658,2660,-1,2631,2660,2651,-1,2651,2660,2662,-1,2651,2662,2652,-1,2652,2662,2654,-1,2652,2654,2656,-1,2656,2654,2653,-1,2656,2653,2657,-1,2657,2653,2531,-1,2657,2531,2530,-1,2680,2629,2679,-1,2679,2629,2631,-1,2679,2631,2666,-1,2666,2631,2651,-1,2666,2651,2668,-1,2668,2651,2649,-1,2668,2649,2686,-1,2686,2649,2648,-1,2686,2648,2685,-1,2685,2648,2646,-1,2685,2646,2683,-1,2683,2646,2644,-1,2683,2644,2647,-1,2647,2644,2521,-1,2647,2521,2520,-1,2690,2691,2692,-1,2693,2694,2695,-1,2696,2697,2698,-1,2699,2697,2700,-1,2700,2697,2696,-1,2700,2696,2701,-1,2701,2696,2702,-1,2703,2704,2705,-1,2705,2704,2706,-1,2705,199,198,-1,198,182,2705,-1,2705,182,171,-1,2705,171,2703,-1,2703,171,170,-1,2703,170,197,-1,201,199,2707,-1,2707,199,2705,-1,2707,2705,2708,-1,2708,2705,2706,-1,2708,2706,2709,-1,2709,2702,2708,-1,2708,2702,2696,-1,2708,2696,2707,-1,2707,2696,2698,-1,2707,2698,2710,-1,2710,2698,2711,-1,2710,2711,2712,-1,2712,2711,2713,-1,2712,2713,2714,-1,2714,2713,2715,-1,2714,2715,2716,-1,2553,2554,2717,-1,2717,2554,2558,-1,2718,2557,2556,-1,2716,2719,2714,-1,2714,2719,2720,-1,2714,2720,2718,-1,2721,2722,2723,-1,2723,2724,2721,-1,2721,2724,2725,-1,2721,2725,2717,-1,2717,2725,2726,-1,2717,2726,2727,-1,2728,2729,2730,-1,2730,2731,2728,-1,2728,2731,2732,-1,2728,2732,2695,-1,2695,2732,2733,-1,2695,2733,2693,-1,2693,2733,2734,-1,2693,2734,2735,-1,2735,2734,2736,-1,2735,2736,2737,-1,2735,2738,2693,-1,2693,2738,2739,-1,2693,2739,2694,-1,2694,2739,2740,-1,2690,2741,2742,-1,2742,2741,2743,-1,2742,2743,2744,-1,2690,2692,2741,-1,2741,2692,2745,-1,2741,2745,2746,-1,2747,2748,2746,-1,2746,2748,2749,-1,2746,2749,2741,-1,2741,2749,2750,-1,2741,2750,2743,-1,2691,2751,2692,-1,2692,2751,2752,-1,2692,2752,2745,-1,2745,2752,2753,-1,2745,2753,2746,-1,2746,2753,2754,-1,2746,2754,2747,-1,2747,2754,2755,-1,2751,2756,2752,-1,2752,2756,2757,-1,2752,2757,2729,-1,2729,2757,2758,-1,2729,2758,2730,-1,2553,2717,2552,-1,2552,2717,2727,-1,2552,2727,2441,-1,2556,2555,2718,-1,2718,2555,2535,-1,2718,2535,2714,-1,2714,2535,2546,-1,2714,2546,2712,-1,2712,2546,191,-1,2712,191,2710,-1,2710,191,203,-1,2710,203,2707,-1,2707,203,202,-1,2707,202,201,-1,2759,2760,2761,-1,2761,2760,2762,-1,2761,2762,2716,-1,2716,2762,2722,-1,2716,2722,2719,-1,2719,2722,2721,-1,2719,2721,2720,-1,2720,2721,2717,-1,2720,2717,2718,-1,2718,2717,2558,-1,2718,2558,2557,-1,2760,2763,2762,-1,2762,2763,2764,-1,2762,2764,2722,-1,2722,2764,2765,-1,2722,2765,2723,-1,2740,2759,2694,-1,2694,2759,2761,-1,2694,2761,2695,-1,2695,2761,2716,-1,2695,2716,2728,-1,2728,2716,2715,-1,2728,2715,2729,-1,2729,2715,2713,-1,2729,2713,2752,-1,2752,2713,2711,-1,2752,2711,2753,-1,2753,2711,2698,-1,2753,2698,2754,-1,2754,2698,2697,-1,2754,2697,2755,-1,2755,2697,2699,-1,2766,2767,2768,-1,2674,2673,2769,-1,2687,75,74,-1,2770,2771,2772,-1,2773,2774,2775,-1,2775,2774,2776,-1,2670,2676,2773,-1,2773,2676,2777,-1,2773,2777,2774,-1,2774,2777,2778,-1,2774,2778,2776,-1,2768,2767,2779,-1,111,2779,110,-1,110,2779,2767,-1,110,2767,2780,-1,2780,2767,2766,-1,2780,2766,2781,-1,2781,2766,2782,-1,2781,2782,2776,-1,2776,2782,2783,-1,2776,2783,2775,-1,76,109,2784,-1,76,2784,77,-1,77,2784,2772,-1,77,2772,74,-1,74,2772,2771,-1,74,2771,2687,-1,2671,2670,2785,-1,2785,2670,2773,-1,2785,2773,2786,-1,2786,2773,2775,-1,2786,2775,2787,-1,2787,2775,2783,-1,2769,2673,2770,-1,2673,2665,2770,-1,2770,2665,2667,-1,2770,2667,2771,-1,2771,2667,2669,-1,2771,2669,2687,-1,2768,2788,2766,-1,2766,2788,2789,-1,2766,2789,2782,-1,2782,2789,2790,-1,2782,2790,2783,-1,2783,2790,2791,-1,2783,2791,2787,-1,2676,2674,2777,-1,2777,2674,2769,-1,2777,2769,2778,-1,2778,2769,2770,-1,2778,2770,2776,-1,2776,2770,2772,-1,2776,2772,2781,-1,2781,2772,2784,-1,2781,2784,2780,-1,2780,2784,109,-1,2780,109,110,-1,2690,2742,2792,-1,2793,2737,2736,-1,2792,2742,2794,-1,2794,2742,2744,-1,2794,2744,2795,-1,2733,2796,2734,-1,2734,2796,2797,-1,2734,2797,2736,-1,2736,2797,2798,-1,2736,2798,2793,-1,2731,2799,2732,-1,2732,2799,2800,-1,2732,2800,2733,-1,2733,2800,2801,-1,2733,2801,2796,-1,2802,2803,2757,-1,2757,2803,2804,-1,2757,2804,2758,-1,2758,2804,2805,-1,2758,2805,2730,-1,2730,2805,2806,-1,2730,2806,2731,-1,2731,2806,2807,-1,2731,2807,2799,-1,2757,2756,2802,-1,2802,2756,2751,-1,2802,2751,2808,-1,2808,2751,2691,-1,2808,2691,2809,-1,2809,2691,2690,-1,2809,2690,2810,-1,2810,2690,2792,-1,2811,2812,2813,-1,2814,2815,2816,-1,2817,2818,2819,-1,2819,2818,2820,-1,2819,2820,2821,-1,2794,2795,2814,-1,2815,2817,2816,-1,2816,2817,2819,-1,2816,2819,2822,-1,2822,2819,2821,-1,2822,2821,2823,-1,2824,2802,2808,-1,2825,2824,2826,-1,2822,2809,2816,-1,2816,2809,2810,-1,2816,2810,2814,-1,2814,2810,2792,-1,2814,2792,2794,-1,2827,2828,2829,-1,2828,2830,2831,-1,2807,2806,2829,-1,2829,2806,2825,-1,2829,2825,2827,-1,2827,2825,2826,-1,2798,2797,2832,-1,2832,2797,2796,-1,2832,2833,2834,-1,2828,2831,2829,-1,2829,2831,2835,-1,2829,2835,2836,-1,2836,2801,2800,-1,2836,2800,2829,-1,2829,2800,2799,-1,2829,2799,2807,-1,2837,2838,2839,-1,2839,2838,2840,-1,2839,2840,2841,-1,2841,2840,2842,-1,2841,2842,2833,-1,2833,2842,2843,-1,2833,2843,2834,-1,117,2844,90,-1,90,2844,91,-1,119,118,2845,-1,2845,118,102,-1,2845,102,91,-1,91,2844,2845,-1,2845,2844,2846,-1,2845,2846,2847,-1,121,119,2848,-1,2848,119,2845,-1,2848,2845,2849,-1,2849,2845,2847,-1,2849,2847,2850,-1,2851,2671,2785,-1,2851,2785,2852,-1,2785,2786,2852,-1,2852,2786,2787,-1,2852,2787,2791,-1,2853,2790,2789,-1,2854,2855,2856,-1,2856,2857,2854,-1,2854,2857,2858,-1,2854,2858,2852,-1,2852,2858,2859,-1,2852,2859,2851,-1,2860,2861,2862,-1,2862,2861,2863,-1,2862,2863,2855,-1,2855,2863,2864,-1,2855,2864,2856,-1,2823,2865,2866,-1,2866,2865,2867,-1,2866,2867,2853,-1,2820,2860,2821,-1,2821,2860,2862,-1,2821,2862,2823,-1,2823,2862,2855,-1,2823,2855,2865,-1,2865,2855,2854,-1,2865,2854,2867,-1,2867,2854,2852,-1,2867,2852,2853,-1,2853,2852,2791,-1,2853,2791,2790,-1,2789,2788,2853,-1,2853,2788,2768,-1,2853,2768,2866,-1,2866,2768,2779,-1,2866,2779,2868,-1,2868,2779,111,-1,2868,111,2869,-1,2869,111,123,-1,2869,123,2848,-1,2848,123,122,-1,2848,122,121,-1,2793,2798,2870,-1,2870,2798,2832,-1,2870,2832,2871,-1,2871,2832,2834,-1,2806,2805,2825,-1,2825,2805,2804,-1,2825,2804,2824,-1,2824,2804,2803,-1,2824,2803,2802,-1,2812,2837,2813,-1,2813,2837,2839,-1,2813,2839,2830,-1,2830,2839,2841,-1,2830,2841,2831,-1,2831,2841,2833,-1,2831,2833,2835,-1,2835,2833,2832,-1,2835,2832,2836,-1,2836,2832,2796,-1,2836,2796,2801,-1,2850,2811,2849,-1,2849,2811,2813,-1,2849,2813,2848,-1,2848,2813,2830,-1,2848,2830,2869,-1,2869,2830,2828,-1,2869,2828,2868,-1,2868,2828,2827,-1,2868,2827,2866,-1,2866,2827,2826,-1,2866,2826,2823,-1,2823,2826,2824,-1,2823,2824,2822,-1,2822,2824,2808,-1,2822,2808,2809,-1,2872,2873,2874,-1,2874,2873,2875,-1,2874,2875,2876,-1,2876,2875,2877,-1,2876,2877,2878,-1,2878,2877,2879,-1,2878,2879,2880,-1,2880,2879,2881,-1,2880,2881,2882,-1,2882,2881,2883,-1,2882,2883,2884,-1,2884,2883,2885,-1,2884,2885,2886,-1,2886,2885,2887,-1,2886,2887,2888,-1,2888,2887,2889,-1,2888,2889,2890,-1,2890,2889,2891,-1,2890,2891,2892,-1,2892,2891,2893,-1,2892,2893,2894,-1,2894,2893,2895,-1,2894,2895,2896,-1,2896,2895,2897,-1,2896,2897,2898,-1,2898,2897,2899,-1,2898,2899,2900,-1,2900,2899,2901,-1,2900,2901,2902,-1,2902,2901,2903,-1,2902,2903,2904,-1,2904,2903,2905,-1,2904,2905,2906,-1,2906,2905,2907,-1,2906,2907,2908,-1,2908,2907,2909,-1,2908,2909,2910,-1,2910,2909,2911,-1,2910,2911,2912,-1,2912,2911,2913,-1,2912,2913,2914,-1,2914,2913,2915,-1,2914,2915,2916,-1,2916,2915,2917,-1,2916,2917,2918,-1,2918,2917,2919,-1,2918,2919,2920,-1,2920,2919,2921,-1,2920,2921,2922,-1,2922,2921,2923,-1,2922,2923,2924,-1,2924,2923,2925,-1,2924,2925,2926,-1,2926,2925,2927,-1,2926,2927,2928,-1,2928,2927,2929,-1,2928,2929,2930,-1,2930,2929,2931,-1,2930,2931,2932,-1,2932,2931,2933,-1,2932,2933,2934,-1,2934,2933,2935,-1,2934,2935,2936,-1,2936,2935,2937,-1,2936,2937,2938,-1,2938,2937,2872,-1,2938,2872,2874,-1,2939,2940,2941,-1,2941,2940,2942,-1,2943,2944,2945,-1,2945,2944,2946,-1,2945,2946,2942,-1,2942,2946,2947,-1,2942,2947,2941,-1,2941,2947,2948,-1,2941,2948,2949,-1,2950,2951,2941,-1,2952,2941,2953,-1,2953,2941,2954,-1,2955,2956,2941,-1,2941,2956,2957,-1,2958,2959,2960,-1,2949,2961,2941,-1,2941,2961,2962,-1,2941,2962,2963,-1,2964,2965,2941,-1,2941,2965,2966,-1,2941,2966,2967,-1,2967,2968,2941,-1,2941,2968,2969,-1,2941,2969,2970,-1,2957,2971,2941,-1,2941,2971,2972,-1,2941,2972,2973,-1,2974,2975,2941,-1,2941,2975,2976,-1,2941,2976,2977,-1,2963,2978,2941,-1,2941,2978,2979,-1,2941,2979,2980,-1,2980,2981,2941,-1,2941,2981,2982,-1,2941,2982,2950,-1,2951,2983,2941,-1,2941,2983,2984,-1,2941,2984,2954,-1,2952,2985,2941,-1,2941,2985,2986,-1,2941,2986,2987,-1,2970,2988,2941,-1,2941,2988,2989,-1,2941,2989,2990,-1,2990,2991,2941,-1,2941,2991,2992,-1,2941,2992,2955,-1,2973,2993,2941,-1,2941,2993,2994,-1,2941,2994,2974,-1,2977,2995,2941,-1,2941,2995,2996,-1,2941,2996,2997,-1,2997,2998,2941,-1,2941,2998,2999,-1,2941,2999,3000,-1,3001,2958,2999,-1,2999,2958,2960,-1,2999,2960,3000,-1,2987,3002,2941,-1,2941,3002,3003,-1,2941,3003,3004,-1,3004,3005,2941,-1,2941,3005,3006,-1,2941,3006,2964,-1,3007,3008,3009,-1,3009,3008,3010,-1,3009,3010,3011,-1,3012,3009,3013,-1,3013,3009,3014,-1,3015,3016,3017,-1,3017,3016,3018,-1,3017,3018,3019,-1,3019,3018,3009,-1,3019,3009,3020,-1,3020,3009,3021,-1,3011,3022,3009,-1,3009,3022,3023,-1,3009,3023,3024,-1,3025,3026,3009,-1,3027,3028,3009,-1,3009,3028,3029,-1,3012,3030,3009,-1,3009,3030,3031,-1,3009,3031,3032,-1,3032,3033,3009,-1,3009,3033,3034,-1,3009,3034,3035,-1,3035,3036,3009,-1,3009,3036,3037,-1,3009,3037,3021,-1,3009,3038,3039,-1,3026,3040,3009,-1,3009,3040,3041,-1,3009,3041,3042,-1,3029,3043,3009,-1,3009,3043,3044,-1,3009,3044,3045,-1,3024,3046,3009,-1,3009,3046,3047,-1,3009,3047,3048,-1,3048,3049,3009,-1,3009,3049,3050,-1,3009,3050,3051,-1,3039,3052,3009,-1,3009,3052,3053,-1,3009,3053,3054,-1,3054,3055,3009,-1,3009,3055,3056,-1,3009,3056,3025,-1,3057,3058,3009,-1,3009,3058,3059,-1,3009,3059,3060,-1,3060,3061,3009,-1,3009,3061,3062,-1,3009,3062,3027,-1,3045,3063,3009,-1,3009,3063,3064,-1,3009,3064,3014,-1,3051,3065,3009,-1,3009,3065,3066,-1,3009,3066,3067,-1,3042,3068,3009,-1,3009,3068,3069,-1,3009,3069,3070,-1,3070,3071,3009,-1,3009,3071,3072,-1,3009,3072,3057,-1,3067,3073,3009,-1,3009,3073,3074,-1,3009,3074,3038,-1,3075,3076,3077,-1,3078,3079,3077,-1,3077,3079,3080,-1,3081,3082,3077,-1,3077,3082,3083,-1,3077,3083,3084,-1,3085,3086,3087,-1,3087,3086,3077,-1,3087,3077,3088,-1,3088,3077,3084,-1,3089,3090,3077,-1,3076,3091,3077,-1,3077,3091,3092,-1,3077,3092,3093,-1,3093,3094,3077,-1,3077,3094,3095,-1,3077,3095,3096,-1,3097,3098,3077,-1,3080,3099,3077,-1,3077,3099,3100,-1,3077,3100,3101,-1,3101,3102,3077,-1,3077,3102,3103,-1,3077,3103,3104,-1,3104,3105,3077,-1,3077,3105,3106,-1,3077,3106,3107,-1,3108,3109,3077,-1,3077,3109,3110,-1,3077,3110,3111,-1,3111,3112,3077,-1,3077,3112,3113,-1,3077,3113,3081,-1,3114,3115,3116,-1,3116,3115,3117,-1,3116,3117,3077,-1,3077,3117,3118,-1,3077,3118,3089,-1,3090,3119,3077,-1,3077,3119,3120,-1,3077,3120,3075,-1,3077,3121,3122,-1,3096,3123,3077,-1,3077,3123,3124,-1,3077,3124,3121,-1,3098,3125,3077,-1,3077,3125,3126,-1,3077,3126,3127,-1,3128,3129,3077,-1,3077,3129,3130,-1,3077,3130,3108,-1,3122,3131,3077,-1,3077,3131,3132,-1,3077,3132,3133,-1,3133,3134,3077,-1,3077,3134,3135,-1,3077,3135,3097,-1,3127,3136,3077,-1,3077,3136,3137,-1,3077,3137,3138,-1,3138,3139,3077,-1,3077,3139,3140,-1,3077,3140,3078,-1,3107,3141,3077,-1,3077,3141,3142,-1,3077,3142,3128,-1,3143,3144,3145,-1,3146,3147,3148,-1,3148,3147,3149,-1,3149,3150,3148,-1,3148,3150,3143,-1,3148,3143,3151,-1,3151,3143,3145,-1,3152,3153,3143,-1,3143,3153,3154,-1,3150,3155,3143,-1,3143,3155,3156,-1,3143,3156,3157,-1,3157,3158,3143,-1,3143,3158,3159,-1,3143,3159,3160,-1,3161,3162,3143,-1,3154,3163,3143,-1,3143,3163,3164,-1,3143,3164,3165,-1,3165,3166,3143,-1,3143,3166,3167,-1,3143,3167,3168,-1,3143,3169,3170,-1,3171,3172,3173,-1,3174,3167,3175,-1,3175,3167,3176,-1,3176,3177,3175,-1,3175,3177,3178,-1,3175,3178,3179,-1,3160,3180,3143,-1,3143,3180,3181,-1,3143,3181,3182,-1,3182,3183,3143,-1,3143,3183,3184,-1,3143,3184,3185,-1,3185,3186,3143,-1,3143,3186,3187,-1,3143,3187,3169,-1,3170,3188,3143,-1,3143,3188,3189,-1,3143,3189,3190,-1,3190,3191,3143,-1,3143,3191,3192,-1,3143,3192,3161,-1,3162,3193,3143,-1,3143,3193,3194,-1,3143,3194,3195,-1,3174,3196,3167,-1,3167,3196,3197,-1,3167,3197,3198,-1,3198,3199,3167,-1,3167,3199,3200,-1,3167,3200,3168,-1,3201,3173,3179,-1,3179,3173,3202,-1,3179,3202,3175,-1,3201,3203,3173,-1,3173,3203,3204,-1,3173,3204,3171,-1,3171,3204,3205,-1,3195,3206,3143,-1,3143,3206,3207,-1,3143,3207,3208,-1,3208,3209,3143,-1,3143,3209,3210,-1,3143,3210,3152,-1,3211,3212,2899,-1,3213,3214,2915,-1,3215,3216,2911,-1,3217,3218,2931,-1,3216,3219,2911,-1,2911,3219,3220,-1,2911,3220,3221,-1,3222,3223,2925,-1,3224,3225,2913,-1,2913,3225,3226,-1,2913,3226,3227,-1,3228,3229,2909,-1,2909,3229,3230,-1,2909,3230,2911,-1,2911,3230,3231,-1,2911,3231,3215,-1,2909,2907,3228,-1,3228,2907,2905,-1,3228,2905,3232,-1,3232,2905,2903,-1,3232,2903,3233,-1,3233,2903,2901,-1,3234,3235,2933,-1,2933,3235,3236,-1,3218,3237,2931,-1,2931,3237,3238,-1,2931,3238,3239,-1,3240,3241,2929,-1,2929,3241,3242,-1,2929,3242,3243,-1,3227,3244,2913,-1,2913,3244,3245,-1,2913,3245,2915,-1,2915,3245,3246,-1,2915,3246,3213,-1,3221,3247,2911,-1,2911,3247,3248,-1,2911,3248,2913,-1,2913,3248,3249,-1,2913,3249,3224,-1,3212,3250,2899,-1,2899,3250,3251,-1,2899,3251,3252,-1,3252,3253,2899,-1,2899,3253,3254,-1,2899,3254,2901,-1,2901,3254,3255,-1,2901,3255,3233,-1,3256,3257,2897,-1,2897,3257,3258,-1,2897,3258,3259,-1,3259,3260,2897,-1,2897,3260,3261,-1,2897,3261,2899,-1,2899,3261,3262,-1,2899,3262,3211,-1,3263,3264,2895,-1,3265,3266,2893,-1,2893,3266,3267,-1,2885,3268,2887,-1,2887,3268,3269,-1,2887,3269,2889,-1,2889,3269,3265,-1,2889,3265,2891,-1,2891,3265,2893,-1,3270,2935,3271,-1,3271,2935,2933,-1,3271,2933,3272,-1,3272,2933,3236,-1,3273,3274,2927,-1,2927,3274,3275,-1,2927,3275,2929,-1,2929,3275,3276,-1,2929,3276,3240,-1,2925,3223,2927,-1,2927,3223,3277,-1,2927,3277,3278,-1,3278,3279,2927,-1,2927,3279,3280,-1,2927,3280,3273,-1,2925,2923,3222,-1,3222,2923,2921,-1,3222,2921,3281,-1,3281,2921,2919,-1,3281,2919,3282,-1,3282,2919,2917,-1,3282,2917,3283,-1,3283,2917,3284,-1,3214,3285,2915,-1,2915,3285,3286,-1,2915,3286,3287,-1,3287,3288,2915,-1,2915,3288,3289,-1,2915,3289,2917,-1,2917,3289,3290,-1,2917,3290,3284,-1,3291,3292,2895,-1,2895,3292,3293,-1,2895,3293,2897,-1,2897,3293,3294,-1,2897,3294,3256,-1,3267,3295,2893,-1,2893,3295,3296,-1,2893,3296,2895,-1,2895,3296,3297,-1,2895,3297,3263,-1,3264,3298,2895,-1,2895,3298,3299,-1,2895,3299,3291,-1,3300,3301,2883,-1,2883,3301,3302,-1,3303,3304,2877,-1,3239,3305,2931,-1,2931,3305,3306,-1,2931,3306,2933,-1,2933,3306,3307,-1,2933,3307,3234,-1,3243,3308,2929,-1,2929,3308,3309,-1,2929,3309,2931,-1,2931,3309,3310,-1,2931,3310,3217,-1,3302,3311,2883,-1,2883,3311,3312,-1,2883,3312,2885,-1,2885,3312,3313,-1,2885,3313,3268,-1,2879,2877,3314,-1,3314,3315,2879,-1,2879,3315,3316,-1,2879,3316,3317,-1,3317,3318,2879,-1,2879,3318,3319,-1,2879,3319,3320,-1,3304,3321,2877,-1,2877,3321,3322,-1,2877,3322,3314,-1,2875,2873,3323,-1,3323,2873,2872,-1,3323,2872,3270,-1,3270,2872,2937,-1,3270,2937,2935,-1,3324,3325,2881,-1,2881,3325,3326,-1,2881,3326,3327,-1,3320,3328,2879,-1,2879,3328,3329,-1,2879,3329,2881,-1,2881,3329,3330,-1,2881,3330,3324,-1,2875,3323,2877,-1,2877,3323,3331,-1,2877,3331,3303,-1,3327,3332,2881,-1,2881,3332,3333,-1,2881,3333,2883,-1,2883,3333,3334,-1,2883,3334,3300,-1,3335,2940,3007,-1,3007,2940,2939,-1,3007,2939,3008,-1,3336,3337,3338,-1,3008,2939,3339,-1,3339,2939,3340,-1,3339,3340,3338,-1,3338,3340,3341,-1,3338,3341,3336,-1,3342,3343,3344,-1,3345,3346,3347,-1,3348,3349,3350,-1,3351,3352,3353,-1,3342,3354,3355,-1,3355,3354,3356,-1,3343,3357,3344,-1,3344,3357,3358,-1,3344,3358,3359,-1,3360,3361,3357,-1,3357,3361,3362,-1,3357,3362,3358,-1,3358,3362,3363,-1,3358,3363,3359,-1,3342,3344,3354,-1,3354,3344,3359,-1,3354,3359,3356,-1,3356,3359,3364,-1,3356,3364,3365,-1,3365,3364,3366,-1,3365,3366,3367,-1,3367,3366,3368,-1,3367,3368,3369,-1,3370,3371,3372,-1,3370,3372,3373,-1,3373,3372,3353,-1,3373,3353,3350,-1,3350,3353,3352,-1,3350,3352,3348,-1,3330,3360,3374,-1,3374,3360,3357,-1,3374,3357,3375,-1,3375,3357,3343,-1,3347,3346,3351,-1,3346,3376,3351,-1,3351,3376,3377,-1,3351,3377,3352,-1,3352,3377,3378,-1,3352,3378,3348,-1,3369,3379,3367,-1,3367,3379,3380,-1,3367,3380,3365,-1,3365,3380,3381,-1,3365,3381,3356,-1,3356,3381,3382,-1,3356,3382,3355,-1,3361,3345,3362,-1,3362,3345,3347,-1,3362,3347,3363,-1,3363,3347,3351,-1,3363,3351,3359,-1,3359,3351,3353,-1,3359,3353,3364,-1,3364,3353,3372,-1,3364,3372,3366,-1,3366,3372,3371,-1,3366,3371,3368,-1,3383,3384,3385,-1,3386,3387,3388,-1,3389,3390,3391,-1,3389,3392,3393,-1,3393,3392,3394,-1,3389,3391,3392,-1,3392,3391,3385,-1,3392,3385,3394,-1,3394,3385,3384,-1,3394,3384,3395,-1,3390,3389,3396,-1,3396,3389,3397,-1,3396,3397,3398,-1,3398,3397,3399,-1,3398,3399,3400,-1,3400,3399,3350,-1,3400,3350,3349,-1,3370,3373,3401,-1,3370,3401,3402,-1,3402,3401,3388,-1,3402,3388,3403,-1,3403,3388,3387,-1,3403,3387,3404,-1,3396,3405,3390,-1,3390,3405,3406,-1,3390,3406,3391,-1,3391,3406,3407,-1,3391,3407,3385,-1,3385,3407,3408,-1,3385,3408,3383,-1,3383,3408,3409,-1,3383,3409,3187,-1,3410,3411,3412,-1,3412,3411,3413,-1,3412,3413,3386,-1,3386,3413,3414,-1,3386,3414,3387,-1,3387,3414,3415,-1,3387,3415,3404,-1,3349,3416,3400,-1,3400,3416,3417,-1,3400,3417,3398,-1,3398,3417,3418,-1,3398,3418,3396,-1,3396,3418,3419,-1,3396,3419,3405,-1,3395,3410,3394,-1,3394,3410,3412,-1,3394,3412,3393,-1,3393,3412,3386,-1,3393,3386,3389,-1,3389,3386,3388,-1,3389,3388,3397,-1,3397,3388,3401,-1,3397,3401,3399,-1,3399,3401,3373,-1,3399,3373,3350,-1,3420,3421,3422,-1,3423,3424,3425,-1,3426,3427,3428,-1,3429,3430,3431,-1,3420,3432,3433,-1,3433,3432,3434,-1,3421,3435,3422,-1,3422,3435,3436,-1,3422,3436,3437,-1,3438,3439,3435,-1,3435,3439,3440,-1,3435,3440,3436,-1,3436,3440,3441,-1,3436,3441,3437,-1,3420,3422,3432,-1,3432,3422,3437,-1,3432,3437,3434,-1,3434,3437,3442,-1,3434,3442,3443,-1,3443,3442,3444,-1,3443,3444,3445,-1,3445,3444,3446,-1,3445,3446,3447,-1,3448,3449,3450,-1,3448,3450,3451,-1,3451,3450,3431,-1,3451,3431,3428,-1,3428,3431,3430,-1,3428,3430,3426,-1,3064,3438,3452,-1,3452,3438,3435,-1,3452,3435,3453,-1,3453,3435,3421,-1,3425,3424,3429,-1,3424,3454,3429,-1,3429,3454,3455,-1,3429,3455,3430,-1,3430,3455,3456,-1,3430,3456,3426,-1,3447,3457,3445,-1,3445,3457,3458,-1,3445,3458,3443,-1,3443,3458,3459,-1,3443,3459,3434,-1,3434,3459,3460,-1,3434,3460,3433,-1,3439,3423,3440,-1,3440,3423,3425,-1,3440,3425,3441,-1,3441,3425,3429,-1,3441,3429,3437,-1,3437,3429,3431,-1,3437,3431,3442,-1,3442,3431,3450,-1,3442,3450,3444,-1,3444,3450,3449,-1,3444,3449,3446,-1,3461,3462,3463,-1,3464,3465,3466,-1,3467,3468,3469,-1,3467,3470,3471,-1,3471,3470,3472,-1,3467,3469,3470,-1,3470,3469,3463,-1,3470,3463,3472,-1,3472,3463,3462,-1,3472,3462,3473,-1,3468,3467,3474,-1,3474,3467,3475,-1,3474,3475,3476,-1,3476,3475,3477,-1,3476,3477,3478,-1,3478,3477,3428,-1,3478,3428,3427,-1,3448,3451,3479,-1,3448,3479,3480,-1,3480,3479,3466,-1,3480,3466,3481,-1,3481,3466,3465,-1,3481,3465,3482,-1,3474,3483,3468,-1,3468,3483,3484,-1,3468,3484,3469,-1,3469,3484,3485,-1,3469,3485,3463,-1,3463,3485,3486,-1,3463,3486,3461,-1,3461,3486,3487,-1,3461,3487,3257,-1,3488,3489,3490,-1,3490,3489,3491,-1,3490,3491,3464,-1,3464,3491,3492,-1,3464,3492,3465,-1,3465,3492,3493,-1,3465,3493,3482,-1,3427,3494,3478,-1,3478,3494,3495,-1,3478,3495,3476,-1,3476,3495,3496,-1,3476,3496,3474,-1,3474,3496,3497,-1,3474,3497,3483,-1,3473,3488,3472,-1,3472,3488,3490,-1,3472,3490,3471,-1,3471,3490,3464,-1,3471,3464,3467,-1,3467,3464,3466,-1,3467,3466,3475,-1,3475,3466,3479,-1,3475,3479,3477,-1,3477,3479,3451,-1,3477,3451,3428,-1,3498,3499,3500,-1,3501,3502,3503,-1,3504,3505,3506,-1,3507,3508,3509,-1,3498,3510,3511,-1,3511,3510,3512,-1,3499,3513,3500,-1,3500,3513,3514,-1,3500,3514,3515,-1,3516,3517,3513,-1,3513,3517,3518,-1,3513,3518,3514,-1,3514,3518,3519,-1,3514,3519,3515,-1,3498,3500,3510,-1,3510,3500,3515,-1,3510,3515,3512,-1,3512,3515,3520,-1,3512,3520,3521,-1,3521,3520,3522,-1,3521,3522,3523,-1,3523,3522,3524,-1,3523,3524,3525,-1,3526,3527,3528,-1,3526,3528,3529,-1,3529,3528,3509,-1,3529,3509,3506,-1,3506,3509,3508,-1,3506,3508,3504,-1,2984,3516,3530,-1,3530,3516,3513,-1,3530,3513,3531,-1,3531,3513,3499,-1,3503,3502,3507,-1,3502,3532,3507,-1,3507,3532,3533,-1,3507,3533,3508,-1,3508,3533,3534,-1,3508,3534,3504,-1,3525,3535,3523,-1,3523,3535,3536,-1,3523,3536,3521,-1,3521,3536,3537,-1,3521,3537,3512,-1,3512,3537,3538,-1,3512,3538,3511,-1,3517,3501,3518,-1,3518,3501,3503,-1,3518,3503,3519,-1,3519,3503,3507,-1,3519,3507,3515,-1,3515,3507,3509,-1,3515,3509,3520,-1,3520,3509,3528,-1,3520,3528,3522,-1,3522,3528,3527,-1,3522,3527,3524,-1,3539,3540,3541,-1,3542,3543,3544,-1,3545,3546,3547,-1,3545,3548,3549,-1,3549,3548,3550,-1,3545,3547,3548,-1,3548,3547,3541,-1,3548,3541,3550,-1,3550,3541,3540,-1,3550,3540,3551,-1,3546,3545,3552,-1,3552,3545,3553,-1,3552,3553,3554,-1,3554,3553,3555,-1,3554,3555,3556,-1,3556,3555,3506,-1,3556,3506,3505,-1,3526,3529,3557,-1,3526,3557,3558,-1,3558,3557,3544,-1,3558,3544,3559,-1,3559,3544,3543,-1,3559,3543,3560,-1,3552,3561,3546,-1,3546,3561,3562,-1,3546,3562,3547,-1,3547,3562,3563,-1,3547,3563,3541,-1,3541,3563,3564,-1,3541,3564,3539,-1,3539,3564,3565,-1,3539,3565,3203,-1,3566,3567,3568,-1,3568,3567,3569,-1,3568,3569,3542,-1,3542,3569,3570,-1,3542,3570,3543,-1,3543,3570,3571,-1,3543,3571,3560,-1,3505,3572,3556,-1,3556,3572,3573,-1,3556,3573,3554,-1,3554,3573,3574,-1,3554,3574,3552,-1,3552,3574,3575,-1,3552,3575,3561,-1,3551,3566,3550,-1,3550,3566,3568,-1,3550,3568,3549,-1,3549,3568,3542,-1,3549,3542,3545,-1,3545,3542,3544,-1,3545,3544,3553,-1,3553,3544,3557,-1,3553,3557,3555,-1,3555,3557,3529,-1,3555,3529,3506,-1,3576,3577,3578,-1,3579,3580,3581,-1,3582,3583,3584,-1,3582,3585,3586,-1,3586,3585,3587,-1,3582,3584,3585,-1,3585,3584,3578,-1,3585,3578,3587,-1,3587,3578,3577,-1,3587,3577,3588,-1,3583,3582,3589,-1,3589,3582,3590,-1,3589,3590,3591,-1,3591,3590,3592,-1,3591,3592,3593,-1,3593,3592,3594,-1,3593,3594,3595,-1,3596,3597,3598,-1,3596,3598,3599,-1,3599,3598,3581,-1,3599,3581,3600,-1,3600,3581,3580,-1,3600,3580,3601,-1,3589,3602,3583,-1,3583,3602,3603,-1,3583,3603,3584,-1,3584,3603,3604,-1,3584,3604,3578,-1,3578,3604,3605,-1,3578,3605,3576,-1,3576,3605,3606,-1,3576,3606,2994,-1,3607,3608,3609,-1,3609,3608,3610,-1,3609,3610,3579,-1,3579,3610,3611,-1,3579,3611,3580,-1,3580,3611,3612,-1,3580,3612,3601,-1,3595,3613,3593,-1,3593,3613,3614,-1,3593,3614,3591,-1,3591,3614,3615,-1,3591,3615,3589,-1,3589,3615,3616,-1,3589,3616,3602,-1,3588,3607,3587,-1,3587,3607,3609,-1,3587,3609,3586,-1,3586,3609,3579,-1,3586,3579,3582,-1,3582,3579,3581,-1,3582,3581,3590,-1,3590,3581,3598,-1,3590,3598,3592,-1,3592,3598,3597,-1,3592,3597,3594,-1,3617,3618,3619,-1,3620,3621,3622,-1,3623,3624,3625,-1,3626,3627,3628,-1,3628,3627,3629,-1,3626,3630,3627,-1,3627,3630,3619,-1,3627,3619,3629,-1,3629,3619,3618,-1,3629,3618,3631,-1,3622,3621,3632,-1,3601,3632,3600,-1,3600,3632,3621,-1,3600,3621,3633,-1,3633,3621,3620,-1,3633,3620,3634,-1,3634,3620,3635,-1,3634,3635,3626,-1,3626,3635,3636,-1,3626,3636,3630,-1,3596,3599,3637,-1,3596,3637,3638,-1,3638,3637,3625,-1,3638,3625,3639,-1,3639,3625,3624,-1,3639,3624,3640,-1,3227,3617,3641,-1,3641,3617,3619,-1,3641,3619,3642,-1,3642,3619,3630,-1,3642,3630,3643,-1,3643,3630,3636,-1,3644,3645,3646,-1,3646,3645,3647,-1,3646,3647,3623,-1,3623,3647,3648,-1,3623,3648,3624,-1,3624,3648,3649,-1,3624,3649,3640,-1,3622,3650,3620,-1,3620,3650,3651,-1,3620,3651,3635,-1,3635,3651,3652,-1,3635,3652,3636,-1,3636,3652,3653,-1,3636,3653,3643,-1,3631,3644,3629,-1,3629,3644,3646,-1,3629,3646,3628,-1,3628,3646,3623,-1,3628,3623,3626,-1,3626,3623,3625,-1,3626,3625,3634,-1,3634,3625,3637,-1,3634,3637,3633,-1,3633,3637,3599,-1,3633,3599,3600,-1,3010,3008,3339,-1,2939,2941,3654,-1,2939,3654,3340,-1,3340,3654,3655,-1,3340,3655,3341,-1,3655,3656,3341,-1,3341,3656,3657,-1,3341,3657,3658,-1,3658,3659,3341,-1,3341,3659,3660,-1,3341,3660,3336,-1,3660,3661,3336,-1,3336,3661,3662,-1,3336,3662,3337,-1,3337,3662,3663,-1,3337,3663,3338,-1,3338,3663,3664,-1,3665,3666,3339,-1,3339,3666,3667,-1,3339,3667,3010,-1,3664,3668,3338,-1,3338,3668,3669,-1,3338,3669,3339,-1,3339,3669,3670,-1,3339,3670,3665,-1,3665,3670,3671,-1,3672,3673,3674,-1,3675,3676,3677,-1,3048,3676,3049,-1,3049,3676,3675,-1,3049,3675,3050,-1,3050,3675,3051,-1,3678,3067,3066,-1,3067,3678,3073,-1,3073,3678,3679,-1,3073,3679,3074,-1,3680,3681,3682,-1,3682,3681,3683,-1,3682,3683,3684,-1,3685,3686,3678,-1,3678,3686,3687,-1,3678,3687,3679,-1,3680,3685,3681,-1,3681,3685,3678,-1,3681,3678,3688,-1,3688,3678,3066,-1,3688,3066,3065,-1,3065,3051,3688,-1,3688,3051,3675,-1,3688,3675,3681,-1,3681,3675,3677,-1,3681,3677,3683,-1,3683,3677,3689,-1,3683,3689,3690,-1,3690,3689,3691,-1,3690,3691,3692,-1,3692,3691,3693,-1,3693,3694,3692,-1,3692,3694,3695,-1,3692,3695,3696,-1,3603,3602,3697,-1,3616,3615,3698,-1,3698,3615,3614,-1,3698,3614,3696,-1,3699,3700,2995,-1,2995,2977,3699,-1,3699,2977,2976,-1,3699,2976,3697,-1,3697,2976,2975,-1,3697,2975,2974,-1,3660,3701,3661,-1,3661,3701,3702,-1,3654,2941,3000,-1,3660,3659,3701,-1,3701,3659,3658,-1,3701,3658,3674,-1,3674,3658,3657,-1,3674,3657,3672,-1,3672,3657,3656,-1,3672,3656,3000,-1,3000,3656,3655,-1,3000,3655,3654,-1,3000,2960,3672,-1,3672,2960,2959,-1,3672,2959,3673,-1,3673,2959,2958,-1,3011,3010,3667,-1,3011,3667,3703,-1,3703,3667,3666,-1,3703,3666,3665,-1,3704,3669,3668,-1,3665,3671,3703,-1,3703,3671,3705,-1,3703,3705,3706,-1,3046,3024,3706,-1,3706,3024,3023,-1,3706,3023,3703,-1,3703,3023,3022,-1,3703,3022,3011,-1,3670,3669,3671,-1,3671,3669,3704,-1,3671,3704,3705,-1,3705,3704,3707,-1,3705,3707,3706,-1,3706,3707,3708,-1,3706,3708,3046,-1,3046,3708,3047,-1,3668,3664,3704,-1,3704,3664,3663,-1,3704,3663,3702,-1,3702,3663,3662,-1,3702,3662,3661,-1,2994,3606,2974,-1,2974,3606,3605,-1,2974,3605,3697,-1,3697,3605,3604,-1,3697,3604,3603,-1,3696,3614,3692,-1,3692,3614,3613,-1,3692,3613,3690,-1,3690,3613,3595,-1,3690,3595,3683,-1,3683,3595,3709,-1,3683,3709,3684,-1,3001,2999,3710,-1,3710,2999,3711,-1,3710,3711,3694,-1,3694,3711,3700,-1,3694,3700,3695,-1,3695,3700,3699,-1,3695,3699,3696,-1,3696,3699,3697,-1,3696,3697,3698,-1,3698,3697,3602,-1,3698,3602,3616,-1,2999,2998,3711,-1,3711,2998,2997,-1,3711,2997,3700,-1,3700,2997,2996,-1,3700,2996,2995,-1,2958,3001,3673,-1,3673,3001,3710,-1,3673,3710,3674,-1,3674,3710,3694,-1,3674,3694,3701,-1,3701,3694,3693,-1,3701,3693,3702,-1,3702,3693,3691,-1,3702,3691,3704,-1,3704,3691,3689,-1,3704,3689,3707,-1,3707,3689,3677,-1,3707,3677,3708,-1,3708,3677,3676,-1,3708,3676,3047,-1,3047,3676,3048,-1,3712,3713,3714,-1,3686,3685,3715,-1,3709,3595,3594,-1,3716,3717,3718,-1,3719,3720,3721,-1,3721,3720,3722,-1,3679,3687,3719,-1,3719,3687,3723,-1,3719,3723,3720,-1,3720,3723,3724,-1,3720,3724,3722,-1,3714,3713,3725,-1,3640,3725,3639,-1,3639,3725,3713,-1,3639,3713,3726,-1,3726,3713,3712,-1,3726,3712,3727,-1,3727,3712,3728,-1,3727,3728,3722,-1,3722,3728,3729,-1,3722,3729,3721,-1,3596,3638,3730,-1,3596,3730,3597,-1,3597,3730,3718,-1,3597,3718,3594,-1,3594,3718,3717,-1,3594,3717,3709,-1,3074,3679,3731,-1,3731,3679,3719,-1,3731,3719,3732,-1,3732,3719,3721,-1,3732,3721,3733,-1,3733,3721,3729,-1,3715,3685,3716,-1,3685,3680,3716,-1,3716,3680,3682,-1,3716,3682,3717,-1,3717,3682,3684,-1,3717,3684,3709,-1,3714,3734,3712,-1,3712,3734,3735,-1,3712,3735,3728,-1,3728,3735,3736,-1,3728,3736,3729,-1,3729,3736,3737,-1,3729,3737,3733,-1,3687,3686,3723,-1,3723,3686,3715,-1,3723,3715,3724,-1,3724,3715,3716,-1,3724,3716,3722,-1,3722,3716,3718,-1,3722,3718,3727,-1,3727,3718,3730,-1,3727,3730,3726,-1,3726,3730,3638,-1,3726,3638,3639,-1,3738,3739,3740,-1,3741,3742,3743,-1,3744,3745,3746,-1,2992,3745,2955,-1,2955,3745,3744,-1,2955,3744,2956,-1,2956,3744,2957,-1,2993,2973,3747,-1,3747,2973,2972,-1,3747,3608,3607,-1,3607,3588,3747,-1,3747,3588,3577,-1,3747,3577,2993,-1,2993,3577,3576,-1,2993,3576,2994,-1,3610,3608,3748,-1,3748,3608,3747,-1,3748,3747,3749,-1,3749,3747,2972,-1,3749,2972,2971,-1,2971,2957,3749,-1,3749,2957,3744,-1,3749,3744,3748,-1,3748,3744,3746,-1,3748,3746,3750,-1,3750,3746,3751,-1,3750,3751,3752,-1,3752,3751,3753,-1,3752,3753,3754,-1,3754,3753,3755,-1,3754,3755,3756,-1,3642,3643,3757,-1,3757,3643,3653,-1,3758,3652,3651,-1,3756,3759,3754,-1,3754,3759,3760,-1,3754,3760,3758,-1,3761,3762,3214,-1,3214,3213,3761,-1,3761,3213,3246,-1,3761,3246,3757,-1,3757,3246,3245,-1,3757,3245,3244,-1,3763,3764,3765,-1,3765,3766,3763,-1,3763,3766,3767,-1,3763,3767,3743,-1,3743,3767,3768,-1,3743,3768,3741,-1,3741,3768,3769,-1,3741,3769,3282,-1,3282,3769,3770,-1,3282,3770,3281,-1,3282,3283,3741,-1,3741,3283,3284,-1,3741,3284,3742,-1,3742,3284,3290,-1,3738,3771,3772,-1,3772,3771,2969,-1,3772,2969,2968,-1,3738,3740,3771,-1,3771,3740,3773,-1,3771,3773,3774,-1,2990,2989,3774,-1,3774,2989,2988,-1,3774,2988,3771,-1,3771,2988,2970,-1,3771,2970,2969,-1,3739,3775,3740,-1,3740,3775,3776,-1,3740,3776,3773,-1,3773,3776,3777,-1,3773,3777,3774,-1,3774,3777,3778,-1,3774,3778,2990,-1,2990,3778,2991,-1,3775,3779,3776,-1,3776,3779,3780,-1,3776,3780,3764,-1,3764,3780,3781,-1,3764,3781,3765,-1,3642,3757,3641,-1,3641,3757,3244,-1,3641,3244,3227,-1,3651,3650,3758,-1,3758,3650,3622,-1,3758,3622,3754,-1,3754,3622,3632,-1,3754,3632,3752,-1,3752,3632,3601,-1,3752,3601,3750,-1,3750,3601,3612,-1,3750,3612,3748,-1,3748,3612,3611,-1,3748,3611,3610,-1,3289,3288,3782,-1,3782,3288,3783,-1,3782,3783,3756,-1,3756,3783,3762,-1,3756,3762,3759,-1,3759,3762,3761,-1,3759,3761,3760,-1,3760,3761,3757,-1,3760,3757,3758,-1,3758,3757,3653,-1,3758,3653,3652,-1,3288,3287,3783,-1,3783,3287,3286,-1,3783,3286,3762,-1,3762,3286,3285,-1,3762,3285,3214,-1,3290,3289,3742,-1,3742,3289,3782,-1,3742,3782,3743,-1,3743,3782,3756,-1,3743,3756,3763,-1,3763,3756,3755,-1,3763,3755,3764,-1,3764,3755,3753,-1,3764,3753,3776,-1,3776,3753,3751,-1,3776,3751,3777,-1,3777,3751,3746,-1,3777,3746,3778,-1,3778,3746,3745,-1,3778,3745,2991,-1,2991,3745,2992,-1,3784,3785,3786,-1,3248,3247,3787,-1,3788,3789,3790,-1,3069,3068,3791,-1,3042,3041,3792,-1,3792,3041,3040,-1,3792,3040,3793,-1,3068,3042,3791,-1,3791,3042,3792,-1,3791,3792,3794,-1,3794,3792,3793,-1,3794,3793,3795,-1,3796,3797,3798,-1,3794,3799,3791,-1,3791,3799,3800,-1,3791,3800,3069,-1,3069,3800,3801,-1,3069,3801,3070,-1,3802,3803,3804,-1,3804,3803,3790,-1,3804,3790,3805,-1,3789,3806,3790,-1,3790,3806,3796,-1,3790,3796,3805,-1,3805,3796,3798,-1,3786,3807,3231,-1,3808,3788,3809,-1,3809,3788,3790,-1,3809,3790,3810,-1,3810,3790,3803,-1,3221,3220,3811,-1,3811,3220,3219,-1,3811,3219,3812,-1,3812,3219,3216,-1,3812,3216,3807,-1,3807,3216,3215,-1,3807,3215,3231,-1,3227,3226,3617,-1,3617,3226,3618,-1,3645,3644,3813,-1,3813,3644,3631,-1,3813,3631,3618,-1,3618,3226,3813,-1,3813,3226,3225,-1,3813,3225,3224,-1,3647,3645,3814,-1,3814,3645,3813,-1,3814,3813,3815,-1,3815,3813,3224,-1,3815,3224,3249,-1,3038,3074,3731,-1,3038,3731,3816,-1,3731,3732,3816,-1,3816,3732,3733,-1,3816,3733,3737,-1,3817,3736,3735,-1,3818,3819,3054,-1,3054,3053,3818,-1,3818,3053,3052,-1,3818,3052,3816,-1,3816,3052,3039,-1,3816,3039,3038,-1,3026,3025,3820,-1,3820,3025,3056,-1,3820,3056,3819,-1,3819,3056,3055,-1,3819,3055,3054,-1,3795,3821,3822,-1,3822,3821,3823,-1,3822,3823,3817,-1,3040,3026,3793,-1,3793,3026,3820,-1,3793,3820,3795,-1,3795,3820,3819,-1,3795,3819,3821,-1,3821,3819,3818,-1,3821,3818,3823,-1,3823,3818,3816,-1,3823,3816,3817,-1,3817,3816,3737,-1,3817,3737,3736,-1,3735,3734,3817,-1,3817,3734,3714,-1,3817,3714,3822,-1,3822,3714,3725,-1,3822,3725,3824,-1,3824,3725,3640,-1,3824,3640,3825,-1,3825,3640,3649,-1,3825,3649,3814,-1,3814,3649,3648,-1,3814,3648,3647,-1,3228,3784,3229,-1,3229,3784,3786,-1,3229,3786,3230,-1,3230,3786,3231,-1,3806,3826,3796,-1,3796,3826,3827,-1,3796,3827,3797,-1,3797,3827,3828,-1,3797,3828,3829,-1,3247,3221,3787,-1,3787,3221,3811,-1,3787,3811,3802,-1,3802,3811,3812,-1,3802,3812,3803,-1,3803,3812,3807,-1,3803,3807,3810,-1,3810,3807,3786,-1,3810,3786,3809,-1,3809,3786,3785,-1,3809,3785,3808,-1,3249,3248,3815,-1,3815,3248,3787,-1,3815,3787,3814,-1,3814,3787,3802,-1,3814,3802,3825,-1,3825,3802,3804,-1,3825,3804,3824,-1,3824,3804,3805,-1,3824,3805,3822,-1,3822,3805,3798,-1,3822,3798,3795,-1,3795,3798,3797,-1,3795,3797,3794,-1,3794,3797,3829,-1,3794,3829,3799,-1,2946,2944,3830,-1,3144,3143,3831,-1,3832,3833,3834,-1,3144,3831,3835,-1,3835,3831,3836,-1,3835,3836,3834,-1,3834,3836,3837,-1,3834,3837,3832,-1,3833,3838,3834,-1,3834,3838,3839,-1,3834,3839,3840,-1,3839,3841,3840,-1,3840,3841,3842,-1,3840,3842,3843,-1,3843,3842,3844,-1,3843,3844,3845,-1,3845,3844,3846,-1,3847,3848,3830,-1,3830,3848,3849,-1,3830,3849,2946,-1,3846,3850,3845,-1,3845,3850,3851,-1,3845,3851,3830,-1,3830,3851,3852,-1,3830,3852,3847,-1,3222,3281,3770,-1,2968,2967,3853,-1,2968,3853,3772,-1,3772,3853,3854,-1,3772,3854,3738,-1,3738,3854,3855,-1,3738,3855,3739,-1,3739,3855,3856,-1,3739,3856,3775,-1,3856,3857,3775,-1,3775,3857,3858,-1,3775,3858,3779,-1,3779,3858,3859,-1,3779,3859,3780,-1,3780,3859,3860,-1,3780,3860,3781,-1,3781,3860,3861,-1,3781,3861,3765,-1,3765,3861,3862,-1,3765,3862,3766,-1,3768,3863,3769,-1,3769,3863,3864,-1,3769,3864,3770,-1,3770,3864,3865,-1,3770,3865,3222,-1,3862,3866,3766,-1,3766,3866,3867,-1,3766,3867,3767,-1,3767,3867,3868,-1,3767,3868,3768,-1,3768,3868,3869,-1,3768,3869,3863,-1,3870,3871,3829,-1,3070,3801,3071,-1,3071,3801,3872,-1,3829,3871,3799,-1,3799,3871,3873,-1,3799,3873,3800,-1,3800,3873,3874,-1,3800,3874,3801,-1,3801,3874,3875,-1,3801,3875,3872,-1,3870,3829,3876,-1,3876,3829,3828,-1,3876,3828,3877,-1,3877,3828,3827,-1,3877,3827,3878,-1,3878,3827,3826,-1,3878,3826,3879,-1,3879,3826,3806,-1,3879,3806,3880,-1,3880,3806,3789,-1,3880,3789,3881,-1,3881,3789,3788,-1,3881,3788,3882,-1,3882,3788,3883,-1,3883,3788,3808,-1,3883,3808,3884,-1,3884,3808,3785,-1,3884,3785,3885,-1,3885,3785,3784,-1,3885,3784,3886,-1,3886,3784,3228,-1,3886,3228,3232,-1,3117,3115,3887,-1,3015,3017,3888,-1,3015,3888,3889,-1,3889,3888,3890,-1,3889,3890,3891,-1,3890,3892,3891,-1,3891,3892,3893,-1,3891,3893,3894,-1,3894,3895,3891,-1,3891,3895,3896,-1,3891,3896,3897,-1,3896,3898,3897,-1,3897,3898,3899,-1,3897,3899,3900,-1,3900,3899,3901,-1,3900,3901,3902,-1,3902,3901,3903,-1,3904,3905,3887,-1,3887,3905,3906,-1,3887,3906,3117,-1,3903,3907,3902,-1,3902,3907,3908,-1,3902,3908,3887,-1,3887,3908,3909,-1,3887,3909,3904,-1,3847,3852,3910,-1,3911,3912,3913,-1,3914,3915,3916,-1,2978,3915,2979,-1,2979,3915,3914,-1,2979,3914,2980,-1,2980,3914,2981,-1,3917,2951,2950,-1,2951,3917,2983,-1,2983,3917,3516,-1,2983,3516,2984,-1,3532,3918,3533,-1,3533,3918,3919,-1,3533,3919,3534,-1,3502,3501,3917,-1,3917,3501,3517,-1,3917,3517,3516,-1,3532,3502,3918,-1,3918,3502,3917,-1,3918,3917,3920,-1,3920,3917,2950,-1,3920,2950,2982,-1,2982,2981,3920,-1,3920,2981,3914,-1,3920,3914,3918,-1,3918,3914,3916,-1,3918,3916,3919,-1,3919,3916,3921,-1,3919,3921,3922,-1,3922,3921,3923,-1,3922,3923,3924,-1,3924,3923,3925,-1,3925,3926,3924,-1,3924,3926,3927,-1,3924,3927,3928,-1,3562,3561,3929,-1,3575,3574,3930,-1,3930,3574,3573,-1,3930,3573,3928,-1,3931,3932,3173,-1,3173,3172,3931,-1,3931,3172,3171,-1,3931,3171,3929,-1,3929,3171,3205,-1,3929,3205,3204,-1,3839,3933,3841,-1,3841,3933,3934,-1,3831,3143,3168,-1,3839,3838,3933,-1,3933,3838,3833,-1,3933,3833,3913,-1,3913,3833,3832,-1,3913,3832,3911,-1,3911,3832,3837,-1,3911,3837,3168,-1,3168,3837,3836,-1,3168,3836,3831,-1,3168,3200,3911,-1,3911,3200,3199,-1,3911,3199,3912,-1,3912,3199,3198,-1,2947,2946,3849,-1,2947,3849,3935,-1,3935,3849,3848,-1,3935,3848,3847,-1,3936,3851,3850,-1,3847,3910,3935,-1,3935,3910,3937,-1,3935,3937,3938,-1,2962,2961,3938,-1,3938,2961,2949,-1,3938,2949,3935,-1,3935,2949,2948,-1,3935,2948,2947,-1,3852,3851,3910,-1,3910,3851,3936,-1,3910,3936,3937,-1,3937,3936,3939,-1,3937,3939,3938,-1,3938,3939,3940,-1,3938,3940,2962,-1,2962,3940,2963,-1,3850,3846,3936,-1,3936,3846,3844,-1,3936,3844,3934,-1,3934,3844,3842,-1,3934,3842,3841,-1,3203,3565,3204,-1,3204,3565,3564,-1,3204,3564,3929,-1,3929,3564,3563,-1,3929,3563,3562,-1,3928,3573,3924,-1,3924,3573,3572,-1,3924,3572,3922,-1,3922,3572,3505,-1,3922,3505,3919,-1,3919,3505,3504,-1,3919,3504,3534,-1,3197,3196,3941,-1,3941,3196,3942,-1,3941,3942,3926,-1,3926,3942,3932,-1,3926,3932,3927,-1,3927,3932,3931,-1,3927,3931,3928,-1,3928,3931,3929,-1,3928,3929,3930,-1,3930,3929,3561,-1,3930,3561,3575,-1,3196,3174,3942,-1,3942,3174,3175,-1,3942,3175,3932,-1,3932,3175,3202,-1,3932,3202,3173,-1,3198,3197,3912,-1,3912,3197,3941,-1,3912,3941,3913,-1,3913,3941,3926,-1,3913,3926,3933,-1,3933,3926,3925,-1,3933,3925,3934,-1,3934,3925,3923,-1,3934,3923,3936,-1,3936,3923,3921,-1,3936,3921,3939,-1,3939,3921,3916,-1,3939,3916,3940,-1,3940,3916,3915,-1,3940,3915,2963,-1,2963,3915,2978,-1,2987,2986,3943,-1,2985,2952,3944,-1,2953,2954,3945,-1,3240,3276,3946,-1,2966,2965,3947,-1,2964,3006,3948,-1,3948,3006,3005,-1,3948,3005,3949,-1,3949,3005,3004,-1,3949,3004,3950,-1,3950,3004,3003,-1,3950,3003,3002,-1,3853,2967,2966,-1,3951,3858,3857,-1,3952,3951,3953,-1,3954,3856,3947,-1,3947,3856,3855,-1,3947,3855,2966,-1,2966,3855,3854,-1,2966,3854,3853,-1,3955,3956,3957,-1,3956,3958,3959,-1,3866,3862,3957,-1,3957,3862,3952,-1,3957,3952,3955,-1,3955,3952,3953,-1,3865,3864,3960,-1,3960,3864,3863,-1,3960,3961,3278,-1,3956,3959,3957,-1,3957,3959,3962,-1,3957,3962,3963,-1,3963,3869,3868,-1,3963,3868,3957,-1,3957,3868,3867,-1,3957,3867,3866,-1,3275,3274,3964,-1,3964,3274,3273,-1,3964,3273,3965,-1,3965,3273,3280,-1,3965,3280,3961,-1,3961,3280,3279,-1,3961,3279,3278,-1,3966,3967,3968,-1,3968,3967,3969,-1,3968,3969,3970,-1,3971,3309,3308,-1,3972,3973,3974,-1,3974,3973,3975,-1,3974,3975,3971,-1,3971,3308,3974,-1,3974,3308,3243,-1,3974,3243,3242,-1,3966,3972,3967,-1,3967,3972,3974,-1,3967,3974,3976,-1,3976,3974,3242,-1,3976,3242,3241,-1,2953,3945,2952,-1,2984,3530,2954,-1,2954,3530,3531,-1,2954,3531,3945,-1,3945,3531,3499,-1,3945,3499,3498,-1,3511,3538,3977,-1,3977,3538,3537,-1,3977,3537,3536,-1,2985,3944,2986,-1,2986,3944,3943,-1,3943,3944,3978,-1,3943,3978,3979,-1,2952,3945,3944,-1,3944,3945,3980,-1,3944,3980,3978,-1,3978,3980,3981,-1,3978,3981,3979,-1,2965,2964,3947,-1,3947,2964,3948,-1,3947,3948,3954,-1,3954,3948,3949,-1,3954,3949,3979,-1,3979,3949,3950,-1,3979,3950,3943,-1,3943,3950,3002,-1,3943,3002,2987,-1,3498,3511,3945,-1,3945,3511,3977,-1,3945,3977,3980,-1,3980,3977,3536,-1,3980,3536,3981,-1,3981,3536,3535,-1,3981,3535,3982,-1,3982,3535,3525,-1,3982,3525,3969,-1,3969,3525,3983,-1,3969,3983,3970,-1,3222,3865,3223,-1,3223,3865,3960,-1,3223,3960,3277,-1,3277,3960,3278,-1,3862,3861,3952,-1,3952,3861,3860,-1,3952,3860,3951,-1,3951,3860,3859,-1,3951,3859,3858,-1,3276,3275,3946,-1,3946,3275,3964,-1,3946,3964,3958,-1,3958,3964,3965,-1,3958,3965,3959,-1,3959,3965,3961,-1,3959,3961,3962,-1,3962,3961,3960,-1,3962,3960,3963,-1,3963,3960,3863,-1,3963,3863,3869,-1,3241,3240,3976,-1,3976,3240,3946,-1,3976,3946,3967,-1,3967,3946,3958,-1,3967,3958,3969,-1,3969,3958,3956,-1,3969,3956,3982,-1,3982,3956,3955,-1,3982,3955,3981,-1,3981,3955,3953,-1,3981,3953,3979,-1,3979,3953,3951,-1,3979,3951,3954,-1,3954,3951,3857,-1,3954,3857,3856,-1,3874,3873,3984,-1,3985,3986,3987,-1,3988,3989,3990,-1,3062,3989,3027,-1,3027,3989,3988,-1,3027,3988,3028,-1,3028,3988,3029,-1,3991,3045,3044,-1,3045,3991,3063,-1,3063,3991,3438,-1,3063,3438,3064,-1,3454,3992,3455,-1,3455,3992,3993,-1,3455,3993,3456,-1,3424,3423,3991,-1,3991,3423,3439,-1,3991,3439,3438,-1,3454,3424,3992,-1,3992,3424,3991,-1,3992,3991,3994,-1,3994,3991,3044,-1,3994,3044,3043,-1,3043,3029,3994,-1,3994,3029,3988,-1,3994,3988,3992,-1,3992,3988,3990,-1,3992,3990,3993,-1,3993,3990,3995,-1,3993,3995,3996,-1,3996,3995,3997,-1,3996,3997,3998,-1,3998,3997,3999,-1,3999,4000,3998,-1,3998,4000,4001,-1,3998,4001,4002,-1,3484,3483,4003,-1,3497,3496,4004,-1,4004,3496,3495,-1,4004,3495,4002,-1,4005,4006,3262,-1,3262,3261,4005,-1,4005,3261,3260,-1,4005,3260,4003,-1,4003,3260,3259,-1,4003,3259,3258,-1,3880,4007,3879,-1,3879,4007,4008,-1,3886,3232,3233,-1,3880,3881,4007,-1,4007,3881,3882,-1,4007,3882,3987,-1,3987,3882,3883,-1,3987,3883,3985,-1,3985,3883,3884,-1,3985,3884,3233,-1,3233,3884,3885,-1,3233,3885,3886,-1,3233,3255,3985,-1,3985,3255,3254,-1,3985,3254,3986,-1,3986,3254,3253,-1,3072,3071,3872,-1,3072,3872,4009,-1,4009,3872,3875,-1,4009,3875,3874,-1,4010,3871,3870,-1,3874,3984,4009,-1,4009,3984,4011,-1,4009,4011,4012,-1,3060,3059,4012,-1,4012,3059,3058,-1,4012,3058,4009,-1,4009,3058,3057,-1,4009,3057,3072,-1,3873,3871,3984,-1,3984,3871,4010,-1,3984,4010,4011,-1,4011,4010,4013,-1,4011,4013,4012,-1,4012,4013,4014,-1,4012,4014,3060,-1,3060,4014,3061,-1,3870,3876,4010,-1,4010,3876,3877,-1,4010,3877,4008,-1,4008,3877,3878,-1,4008,3878,3879,-1,3257,3487,3258,-1,3258,3487,3486,-1,3258,3486,4003,-1,4003,3486,3485,-1,4003,3485,3484,-1,4002,3495,3998,-1,3998,3495,3494,-1,3998,3494,3996,-1,3996,3494,3427,-1,3996,3427,3993,-1,3993,3427,3426,-1,3993,3426,3456,-1,3252,3251,4015,-1,4015,3251,4016,-1,4015,4016,4000,-1,4000,4016,4006,-1,4000,4006,4001,-1,4001,4006,4005,-1,4001,4005,4002,-1,4002,4005,4003,-1,4002,4003,4004,-1,4004,4003,3483,-1,4004,3483,3497,-1,3251,3250,4016,-1,4016,3250,3212,-1,4016,3212,4006,-1,4006,3212,3211,-1,4006,3211,3262,-1,3253,3252,3986,-1,3986,3252,4015,-1,3986,4015,3987,-1,3987,4015,4000,-1,3987,4000,4007,-1,4007,4000,3999,-1,4007,3999,4008,-1,4008,3999,3997,-1,4008,3997,4010,-1,4010,3997,3995,-1,4010,3995,4013,-1,4013,3995,3990,-1,4013,3990,4014,-1,4014,3990,3989,-1,4014,3989,3061,-1,3061,3989,3062,-1,3904,3909,4017,-1,4018,4019,4020,-1,4021,4022,4023,-1,3076,4022,3091,-1,3091,4022,4021,-1,3091,4021,3092,-1,3092,4021,3093,-1,4024,3096,3095,-1,3096,4024,3123,-1,3123,4024,4025,-1,3123,4025,3124,-1,4026,4027,4028,-1,4028,4027,4029,-1,4028,4029,4030,-1,4031,4032,4024,-1,4024,4032,4033,-1,4024,4033,4025,-1,4026,4031,4027,-1,4027,4031,4024,-1,4027,4024,4034,-1,4034,4024,3095,-1,4034,3095,3094,-1,3094,3093,4034,-1,4034,3093,4021,-1,4034,4021,4027,-1,4027,4021,4023,-1,4027,4023,4029,-1,4029,4023,4035,-1,4029,4035,4036,-1,4036,4035,4037,-1,4036,4037,4038,-1,4038,4037,4039,-1,4039,4040,4038,-1,4038,4040,4041,-1,4038,4041,4042,-1,3420,3433,4043,-1,3460,3459,4044,-1,4044,3459,3458,-1,4044,3458,4042,-1,4045,4046,3031,-1,3031,3030,4045,-1,4045,3030,3012,-1,4045,3012,4043,-1,4043,3012,3013,-1,4043,3013,3014,-1,3896,4047,3898,-1,3898,4047,4048,-1,3888,3017,3019,-1,3896,3895,4047,-1,4047,3895,3894,-1,4047,3894,4020,-1,4020,3894,3893,-1,4020,3893,4018,-1,4018,3893,3892,-1,4018,3892,3019,-1,3019,3892,3890,-1,3019,3890,3888,-1,3019,3020,4018,-1,4018,3020,3021,-1,4018,3021,4019,-1,4019,3021,3037,-1,3118,3117,3906,-1,3118,3906,4049,-1,4049,3906,3905,-1,4049,3905,3904,-1,4050,3908,3907,-1,3904,4017,4049,-1,4049,4017,4051,-1,4049,4051,4052,-1,3120,3119,4052,-1,4052,3119,3090,-1,4052,3090,4049,-1,4049,3090,3089,-1,4049,3089,3118,-1,3909,3908,4017,-1,4017,3908,4050,-1,4017,4050,4051,-1,4051,4050,4053,-1,4051,4053,4052,-1,4052,4053,4054,-1,4052,4054,3120,-1,3120,4054,3075,-1,3907,3903,4050,-1,4050,3903,3901,-1,4050,3901,4048,-1,4048,3901,3899,-1,4048,3899,3898,-1,3064,3452,3014,-1,3014,3452,3453,-1,3014,3453,4043,-1,4043,3453,3421,-1,4043,3421,3420,-1,4042,3458,4038,-1,4038,3458,3457,-1,4038,3457,4036,-1,4036,3457,3447,-1,4036,3447,4029,-1,4029,3447,4055,-1,4029,4055,4030,-1,3036,3035,4056,-1,4056,3035,4057,-1,4056,4057,4040,-1,4040,4057,4046,-1,4040,4046,4041,-1,4041,4046,4045,-1,4041,4045,4042,-1,4042,4045,4043,-1,4042,4043,4044,-1,4044,4043,3433,-1,4044,3433,3460,-1,3035,3034,4057,-1,4057,3034,3033,-1,4057,3033,4046,-1,4046,3033,3032,-1,4046,3032,3031,-1,3037,3036,4019,-1,4019,3036,4056,-1,4019,4056,4020,-1,4020,4056,4040,-1,4020,4040,4047,-1,4047,4040,4039,-1,4047,4039,4048,-1,4048,4039,4037,-1,4048,4037,4050,-1,4050,4037,4035,-1,4050,4035,4053,-1,4053,4035,4023,-1,4053,4023,4054,-1,4054,4023,4022,-1,4054,4022,3075,-1,3075,4022,3076,-1,4058,4059,4060,-1,3973,3972,4061,-1,3983,3525,3524,-1,4062,4063,4064,-1,4065,4066,4067,-1,4067,4066,4068,-1,3971,3975,4065,-1,4065,3975,4069,-1,4065,4069,4066,-1,4066,4069,4070,-1,4066,4070,4068,-1,4060,4059,4071,-1,3560,4071,3559,-1,3559,4071,4059,-1,3559,4059,4072,-1,4072,4059,4058,-1,4072,4058,4073,-1,4073,4058,4074,-1,4073,4074,4068,-1,4068,4074,4075,-1,4068,4075,4067,-1,3526,3558,4076,-1,3526,4076,3527,-1,3527,4076,4064,-1,3527,4064,3524,-1,3524,4064,4063,-1,3524,4063,3983,-1,3309,3971,4077,-1,4077,3971,4065,-1,4077,4065,4078,-1,4078,4065,4067,-1,4078,4067,4079,-1,4079,4067,4075,-1,4061,3972,4062,-1,3972,3966,4062,-1,4062,3966,3968,-1,4062,3968,4063,-1,4063,3968,3970,-1,4063,3970,3983,-1,4060,4080,4058,-1,4058,4080,4081,-1,4058,4081,4074,-1,4074,4081,4082,-1,4074,4082,4075,-1,4075,4082,4083,-1,4075,4083,4079,-1,3975,3973,4069,-1,4069,3973,4061,-1,4069,4061,4070,-1,4070,4061,4062,-1,4070,4062,4068,-1,4068,4062,4064,-1,4068,4064,4073,-1,4073,4064,4076,-1,4073,4076,4072,-1,4072,4076,3558,-1,4072,3558,3559,-1,4084,4085,4086,-1,4032,4031,4087,-1,4055,3447,3446,-1,4088,4089,4090,-1,4091,4092,4093,-1,4093,4092,4094,-1,4025,4033,4091,-1,4091,4033,4095,-1,4091,4095,4092,-1,4092,4095,4096,-1,4092,4096,4094,-1,4086,4085,4097,-1,3482,4097,3481,-1,3481,4097,4085,-1,3481,4085,4098,-1,4098,4085,4084,-1,4098,4084,4099,-1,4099,4084,4100,-1,4099,4100,4094,-1,4094,4100,4101,-1,4094,4101,4093,-1,3448,3480,4102,-1,3448,4102,3449,-1,3449,4102,4090,-1,3449,4090,3446,-1,3446,4090,4089,-1,3446,4089,4055,-1,3124,4025,4103,-1,4103,4025,4091,-1,4103,4091,4104,-1,4104,4091,4093,-1,4104,4093,4105,-1,4105,4093,4101,-1,4087,4031,4088,-1,4031,4026,4088,-1,4088,4026,4028,-1,4088,4028,4089,-1,4089,4028,4030,-1,4089,4030,4055,-1,4086,4106,4084,-1,4084,4106,4107,-1,4084,4107,4100,-1,4100,4107,4108,-1,4100,4108,4101,-1,4101,4108,4109,-1,4101,4109,4105,-1,4033,4032,4095,-1,4095,4032,4087,-1,4095,4087,4096,-1,4096,4087,4088,-1,4096,4088,4094,-1,4094,4088,4090,-1,4094,4090,4099,-1,4099,4090,4102,-1,4099,4102,4098,-1,4098,4102,3480,-1,4098,3480,3481,-1,4110,4111,4112,-1,4113,4114,4115,-1,4116,4117,4118,-1,3165,4117,3166,-1,3166,4117,4116,-1,3166,4116,3167,-1,3167,4116,3176,-1,3201,3179,4119,-1,4119,3179,3178,-1,4119,3567,3566,-1,3566,3551,4119,-1,4119,3551,3540,-1,4119,3540,3201,-1,3201,3540,3539,-1,3201,3539,3203,-1,3569,3567,4120,-1,4120,3567,4119,-1,4120,4119,4121,-1,4121,4119,3178,-1,4121,3178,3177,-1,3177,3176,4121,-1,4121,3176,4116,-1,4121,4116,4120,-1,4120,4116,4118,-1,4120,4118,4122,-1,4122,4118,4123,-1,4122,4123,4124,-1,4124,4123,4125,-1,4124,4125,4126,-1,4126,4125,4127,-1,4126,4127,4128,-1,4078,4079,4129,-1,4129,4079,4083,-1,4130,4082,4081,-1,4128,4131,4126,-1,4126,4131,4132,-1,4126,4132,4130,-1,4133,4134,3238,-1,3238,3237,4133,-1,4133,3237,3218,-1,4133,3218,4129,-1,4129,3218,3217,-1,4129,3217,3310,-1,4135,4136,4137,-1,4137,4138,4135,-1,4135,4138,4139,-1,4135,4139,4115,-1,4115,4139,4140,-1,4115,4140,4113,-1,4113,4140,4141,-1,4113,4141,3271,-1,3271,4141,4142,-1,3271,4142,3270,-1,3271,3272,4113,-1,4113,3272,3236,-1,4113,3236,4114,-1,4114,3236,3235,-1,4110,4143,4144,-1,4144,4143,3210,-1,4144,3210,3209,-1,4110,4112,4143,-1,4143,4112,4145,-1,4143,4145,4146,-1,3163,3154,4146,-1,4146,3154,3153,-1,4146,3153,4143,-1,4143,3153,3152,-1,4143,3152,3210,-1,4111,4147,4112,-1,4112,4147,4148,-1,4112,4148,4145,-1,4145,4148,4149,-1,4145,4149,4146,-1,4146,4149,4150,-1,4146,4150,3163,-1,3163,4150,3164,-1,4147,4151,4148,-1,4148,4151,4152,-1,4148,4152,4136,-1,4136,4152,4153,-1,4136,4153,4137,-1,4078,4129,4077,-1,4077,4129,3310,-1,4077,3310,3309,-1,4081,4080,4130,-1,4130,4080,4060,-1,4130,4060,4126,-1,4126,4060,4071,-1,4126,4071,4124,-1,4124,4071,3560,-1,4124,3560,4122,-1,4122,3560,3571,-1,4122,3571,4120,-1,4120,3571,3570,-1,4120,3570,3569,-1,3234,3307,4154,-1,4154,3307,4155,-1,4154,4155,4128,-1,4128,4155,4134,-1,4128,4134,4131,-1,4131,4134,4133,-1,4131,4133,4132,-1,4132,4133,4129,-1,4132,4129,4130,-1,4130,4129,4083,-1,4130,4083,4082,-1,3307,3306,4155,-1,4155,3306,3305,-1,4155,3305,4134,-1,4134,3305,3239,-1,4134,3239,3238,-1,3235,3234,4114,-1,4114,3234,4154,-1,4114,4154,4115,-1,4115,4154,4128,-1,4115,4128,4135,-1,4135,4128,4127,-1,4135,4127,4136,-1,4136,4127,4125,-1,4136,4125,4148,-1,4148,4125,4123,-1,4148,4123,4149,-1,4149,4123,4118,-1,4149,4118,4150,-1,4150,4118,4117,-1,4150,4117,3164,-1,3164,4117,3165,-1,4156,4157,4158,-1,3291,3299,4159,-1,4160,4161,4162,-1,3137,3136,4163,-1,3127,3126,4164,-1,4164,3126,3125,-1,4164,3125,4165,-1,3136,3127,4163,-1,4163,3127,4164,-1,4163,4164,4166,-1,4166,4164,4165,-1,4166,4165,4167,-1,4168,4169,4170,-1,4166,4171,4163,-1,4163,4171,4172,-1,4163,4172,3137,-1,3137,4172,4173,-1,3137,4173,3138,-1,4174,4175,4176,-1,4176,4175,4162,-1,4176,4162,4177,-1,4161,4178,4162,-1,4162,4178,4168,-1,4162,4168,4177,-1,4177,4168,4170,-1,4158,4179,3295,-1,4180,4160,4181,-1,4181,4160,4162,-1,4181,4162,4182,-1,4182,4162,4175,-1,3298,3264,4183,-1,4183,3264,3263,-1,4183,3263,4184,-1,4184,3263,3297,-1,4184,3297,4179,-1,4179,3297,3296,-1,4179,3296,3295,-1,3257,3256,3461,-1,3461,3256,3462,-1,3489,3488,4185,-1,4185,3488,3473,-1,4185,3473,3462,-1,3462,3256,4185,-1,4185,3256,3294,-1,4185,3294,3293,-1,3491,3489,4186,-1,4186,3489,4185,-1,4186,4185,4187,-1,4187,4185,3293,-1,4187,3293,3292,-1,3121,3124,4103,-1,3121,4103,4188,-1,4103,4104,4188,-1,4188,4104,4105,-1,4188,4105,4109,-1,4189,4108,4107,-1,4190,4191,3133,-1,3133,3132,4190,-1,4190,3132,3131,-1,4190,3131,4188,-1,4188,3131,3122,-1,4188,3122,3121,-1,3098,3097,4192,-1,4192,3097,3135,-1,4192,3135,4191,-1,4191,3135,3134,-1,4191,3134,3133,-1,4167,4193,4194,-1,4194,4193,4195,-1,4194,4195,4189,-1,3125,3098,4165,-1,4165,3098,4192,-1,4165,4192,4167,-1,4167,4192,4191,-1,4167,4191,4193,-1,4193,4191,4190,-1,4193,4190,4195,-1,4195,4190,4188,-1,4195,4188,4189,-1,4189,4188,4109,-1,4189,4109,4108,-1,4107,4106,4189,-1,4189,4106,4086,-1,4189,4086,4194,-1,4194,4086,4097,-1,4194,4097,4196,-1,4196,4097,3482,-1,4196,3482,4197,-1,4197,3482,3493,-1,4197,3493,4186,-1,4186,3493,3492,-1,4186,3492,3491,-1,3265,4156,3266,-1,3266,4156,4158,-1,3266,4158,3267,-1,3267,4158,3295,-1,4178,4198,4168,-1,4168,4198,4199,-1,4168,4199,4169,-1,4169,4199,4200,-1,4169,4200,4201,-1,3299,3298,4159,-1,4159,3298,4183,-1,4159,4183,4174,-1,4174,4183,4184,-1,4174,4184,4175,-1,4175,4184,4179,-1,4175,4179,4182,-1,4182,4179,4158,-1,4182,4158,4181,-1,4181,4158,4157,-1,4181,4157,4180,-1,3292,3291,4187,-1,4187,3291,4159,-1,4187,4159,4186,-1,4186,4159,4174,-1,4186,4174,4197,-1,4197,4174,4176,-1,4197,4176,4196,-1,4196,4176,4177,-1,4196,4177,4194,-1,4194,4177,4170,-1,4194,4170,4167,-1,4167,4170,4169,-1,4167,4169,4166,-1,4166,4169,4201,-1,4166,4201,4171,-1,3323,3270,4142,-1,3209,3208,4202,-1,3209,4202,4144,-1,4144,4202,4203,-1,4144,4203,4110,-1,4110,4203,4204,-1,4110,4204,4111,-1,4111,4204,4205,-1,4111,4205,4147,-1,4205,4206,4147,-1,4147,4206,4207,-1,4147,4207,4151,-1,4151,4207,4208,-1,4151,4208,4152,-1,4152,4208,4209,-1,4152,4209,4153,-1,4153,4209,4210,-1,4153,4210,4137,-1,4137,4210,4211,-1,4137,4211,4138,-1,4211,4212,4138,-1,4138,4212,4213,-1,4138,4213,4139,-1,4139,4213,4214,-1,4139,4214,4140,-1,4214,4215,4140,-1,4140,4215,4216,-1,4140,4216,4141,-1,4141,4216,4217,-1,4141,4217,4142,-1,4142,4217,4218,-1,4142,4218,3323,-1,3138,4173,3139,-1,3139,4173,4219,-1,4219,4173,4220,-1,4220,4173,4172,-1,4220,4172,4221,-1,4221,4172,4222,-1,4222,4172,4171,-1,4222,4171,4223,-1,4223,4171,4201,-1,4223,4201,4224,-1,4224,4201,4225,-1,4225,4201,4200,-1,4225,4200,4226,-1,4226,4200,4199,-1,4226,4199,4227,-1,4227,4199,4198,-1,4227,4198,4228,-1,4228,4198,4178,-1,4228,4178,4229,-1,4229,4178,4161,-1,4229,4161,4230,-1,4230,4161,4160,-1,4230,4160,4231,-1,4231,4160,4232,-1,4232,4160,4180,-1,4232,4180,4233,-1,4233,4180,4157,-1,4233,4157,4234,-1,4234,4157,4156,-1,4234,4156,4235,-1,4235,4156,3265,-1,4235,3265,3269,-1,3191,3190,4236,-1,3189,3188,4237,-1,3170,3169,4238,-1,3318,3317,4239,-1,3207,3206,4240,-1,3195,3194,4241,-1,4241,3194,3193,-1,4241,3193,4242,-1,4242,3193,3162,-1,4242,3162,4243,-1,4243,3162,3161,-1,4243,3161,3192,-1,4202,3208,3207,-1,4244,4207,4206,-1,4245,4244,4246,-1,4247,4205,4240,-1,4240,4205,4204,-1,4240,4204,3207,-1,3207,4204,4203,-1,3207,4203,4202,-1,4248,4249,4250,-1,4249,4251,4252,-1,4212,4211,4250,-1,4250,4211,4245,-1,4250,4245,4248,-1,4248,4245,4246,-1,4218,4217,4253,-1,4253,4217,4216,-1,4253,4254,3304,-1,4249,4252,4250,-1,4250,4252,4255,-1,4250,4255,4256,-1,4256,4215,4214,-1,4256,4214,4250,-1,4250,4214,4213,-1,4250,4213,4212,-1,3316,3315,4257,-1,4257,3315,3314,-1,4257,3314,4258,-1,4258,3314,3322,-1,4258,3322,4254,-1,4254,3322,3321,-1,4254,3321,3304,-1,3376,4259,3377,-1,3377,4259,4260,-1,3377,4260,3378,-1,3360,3330,3329,-1,3346,3345,4261,-1,4261,3345,3361,-1,4261,3361,3360,-1,3360,3329,4261,-1,4261,3329,3328,-1,4261,3328,3320,-1,3376,3346,4259,-1,4259,3346,4261,-1,4259,4261,4262,-1,4262,4261,3320,-1,4262,3320,3319,-1,3170,4238,3188,-1,3187,3409,3169,-1,3169,3409,3408,-1,3169,3408,4238,-1,4238,3408,3407,-1,4238,3407,3406,-1,3405,3419,4263,-1,4263,3419,3418,-1,4263,3418,3417,-1,3189,4237,3190,-1,3190,4237,4236,-1,4236,4237,4264,-1,4236,4264,4265,-1,3188,4238,4237,-1,4237,4238,4266,-1,4237,4266,4264,-1,4264,4266,4267,-1,4264,4267,4265,-1,3206,3195,4240,-1,4240,3195,4241,-1,4240,4241,4247,-1,4247,4241,4242,-1,4247,4242,4265,-1,4265,4242,4243,-1,4265,4243,4236,-1,4236,4243,3192,-1,4236,3192,3191,-1,3406,3405,4238,-1,4238,3405,4263,-1,4238,4263,4266,-1,4266,4263,3417,-1,4266,3417,4267,-1,4267,3417,3416,-1,4267,3416,4268,-1,4268,3416,3349,-1,4268,3349,4260,-1,4260,3349,3348,-1,4260,3348,3378,-1,3323,4218,3331,-1,3331,4218,4253,-1,3331,4253,3303,-1,3303,4253,3304,-1,4211,4210,4245,-1,4245,4210,4209,-1,4245,4209,4244,-1,4244,4209,4208,-1,4244,4208,4207,-1,3317,3316,4239,-1,4239,3316,4257,-1,4239,4257,4251,-1,4251,4257,4258,-1,4251,4258,4252,-1,4252,4258,4254,-1,4252,4254,4255,-1,4255,4254,4253,-1,4255,4253,4256,-1,4256,4253,4216,-1,4256,4216,4215,-1,3319,3318,4262,-1,4262,3318,4239,-1,4262,4239,4259,-1,4259,4239,4251,-1,4259,4251,4260,-1,4260,4251,4249,-1,4260,4249,4268,-1,4268,4249,4248,-1,4268,4248,4267,-1,4267,4248,4246,-1,4267,4246,4265,-1,4265,4246,4244,-1,4265,4244,4247,-1,4247,4244,4206,-1,4247,4206,4205,-1,4221,4222,4269,-1,4270,4271,4272,-1,4273,4274,4275,-1,3101,4274,3102,-1,3102,4274,4273,-1,3102,4273,3103,-1,3103,4273,3104,-1,4276,3107,3106,-1,3107,4276,3141,-1,3141,4276,4277,-1,3141,4277,3142,-1,4278,4279,4280,-1,4280,4279,4281,-1,4280,4281,4282,-1,4283,4284,4276,-1,4276,4284,4285,-1,4276,4285,4277,-1,4278,4283,4279,-1,4279,4283,4276,-1,4279,4276,4286,-1,4286,4276,3106,-1,4286,3106,3105,-1,3105,3104,4286,-1,4286,3104,4273,-1,4286,4273,4279,-1,4279,4273,4275,-1,4279,4275,4281,-1,4281,4275,4287,-1,4281,4287,4288,-1,4288,4287,4289,-1,4288,4289,4290,-1,4290,4289,4291,-1,4291,4292,4290,-1,4290,4292,4293,-1,4290,4293,4294,-1,3342,3355,4295,-1,3382,3381,4296,-1,4296,3381,3380,-1,4296,3380,4294,-1,4297,4298,3332,-1,3332,3327,4297,-1,4297,3327,3326,-1,4297,3326,4295,-1,4295,3326,3325,-1,4295,3325,3324,-1,4229,4299,4228,-1,4228,4299,4300,-1,4235,3269,3268,-1,4229,4230,4299,-1,4299,4230,4231,-1,4299,4231,4272,-1,4272,4231,4232,-1,4272,4232,4270,-1,4270,4232,4233,-1,4270,4233,3268,-1,3268,4233,4234,-1,3268,4234,4235,-1,3268,3313,4270,-1,4270,3313,3312,-1,4270,3312,4271,-1,4271,3312,3311,-1,3140,3139,4219,-1,3140,4219,4301,-1,4301,4219,4220,-1,4301,4220,4221,-1,4302,4223,4224,-1,4221,4269,4301,-1,4301,4269,4303,-1,4301,4303,4304,-1,3099,3080,4304,-1,4304,3080,3079,-1,4304,3079,4301,-1,4301,3079,3078,-1,4301,3078,3140,-1,4222,4223,4269,-1,4269,4223,4302,-1,4269,4302,4303,-1,4303,4302,4305,-1,4303,4305,4304,-1,4304,4305,4306,-1,4304,4306,3099,-1,3099,4306,3100,-1,4224,4225,4302,-1,4302,4225,4226,-1,4302,4226,4300,-1,4300,4226,4227,-1,4300,4227,4228,-1,3330,3374,3324,-1,3324,3374,3375,-1,3324,3375,4295,-1,4295,3375,3343,-1,4295,3343,3342,-1,4294,3380,4290,-1,4290,3380,3379,-1,4290,3379,4288,-1,4288,3379,3369,-1,4288,3369,4281,-1,4281,3369,4307,-1,4281,4307,4282,-1,3302,3301,4308,-1,4308,3301,4309,-1,4308,4309,4292,-1,4292,4309,4298,-1,4292,4298,4293,-1,4293,4298,4297,-1,4293,4297,4294,-1,4294,4297,4295,-1,4294,4295,4296,-1,4296,4295,3355,-1,4296,3355,3382,-1,3301,3300,4309,-1,4309,3300,3334,-1,4309,3334,4298,-1,4298,3334,3333,-1,4298,3333,3332,-1,3311,3302,4271,-1,4271,3302,4308,-1,4271,4308,4272,-1,4272,4308,4292,-1,4272,4292,4299,-1,4299,4292,4291,-1,4299,4291,4300,-1,4300,4291,4289,-1,4300,4289,4302,-1,4302,4289,4287,-1,4302,4287,4305,-1,4305,4287,4275,-1,4305,4275,4306,-1,4306,4275,4274,-1,4306,4274,3100,-1,3100,4274,3101,-1,4310,4311,4312,-1,4284,4283,4313,-1,4307,3369,3368,-1,4314,4315,4316,-1,4317,4318,4319,-1,4319,4318,4320,-1,4277,4285,4317,-1,4317,4285,4321,-1,4317,4321,4318,-1,4318,4321,4322,-1,4318,4322,4320,-1,4312,4311,4323,-1,3404,4323,3403,-1,3403,4323,4311,-1,3403,4311,4324,-1,4324,4311,4310,-1,4324,4310,4325,-1,4325,4310,4326,-1,4325,4326,4320,-1,4320,4326,4327,-1,4320,4327,4319,-1,3370,3402,4328,-1,3370,4328,3371,-1,3371,4328,4316,-1,3371,4316,3368,-1,3368,4316,4315,-1,3368,4315,4307,-1,3142,4277,4329,-1,4329,4277,4317,-1,4329,4317,4330,-1,4330,4317,4319,-1,4330,4319,4331,-1,4331,4319,4327,-1,4313,4283,4314,-1,4283,4278,4314,-1,4314,4278,4280,-1,4314,4280,4315,-1,4315,4280,4282,-1,4315,4282,4307,-1,4312,4332,4310,-1,4310,4332,4333,-1,4310,4333,4326,-1,4326,4333,4334,-1,4326,4334,4327,-1,4327,4334,4335,-1,4327,4335,4331,-1,4285,4284,4321,-1,4321,4284,4313,-1,4321,4313,4322,-1,4322,4313,4314,-1,4322,4314,4320,-1,4320,4314,4316,-1,4320,4316,4325,-1,4325,4316,4328,-1,4325,4328,4324,-1,4324,4328,3402,-1,4324,3402,3403,-1,4336,4337,4338,-1,4339,4340,4341,-1,4342,4343,4344,-1,3160,4343,3180,-1,3180,4343,4342,-1,3180,4342,3181,-1,3181,4342,3182,-1,3186,3185,4345,-1,4345,3185,3184,-1,4345,3411,3410,-1,3410,3395,4345,-1,4345,3395,3384,-1,4345,3384,3186,-1,3186,3384,3383,-1,3186,3383,3187,-1,3413,3411,4346,-1,4346,3411,4345,-1,4346,4345,4347,-1,4347,4345,3184,-1,4347,3184,3183,-1,3183,3182,4347,-1,4347,3182,4342,-1,4347,4342,4346,-1,4346,4342,4344,-1,4346,4344,4348,-1,4348,4344,4349,-1,4348,4349,4350,-1,4350,4349,4351,-1,4350,4351,4352,-1,4352,4351,4353,-1,4352,4353,4354,-1,4330,4331,4355,-1,4355,4331,4335,-1,4356,4334,4333,-1,4354,4357,4352,-1,4352,4357,4358,-1,4352,4358,4356,-1,4359,4360,3109,-1,3109,3108,4359,-1,4359,3108,3130,-1,4359,3130,4355,-1,4355,3130,3129,-1,4355,3129,3128,-1,4361,4362,4363,-1,4363,4364,4361,-1,4361,4364,4365,-1,4361,4365,4341,-1,4341,4365,4366,-1,4341,4366,4339,-1,4339,4366,4367,-1,4339,4367,3088,-1,3088,4367,4368,-1,3088,4368,3087,-1,3088,3084,4339,-1,4339,3084,3083,-1,4339,3083,4340,-1,4340,3083,3082,-1,4336,4369,4370,-1,4370,4369,3150,-1,4370,3150,3149,-1,4336,4338,4369,-1,4369,4338,4371,-1,4369,4371,4372,-1,3158,3157,4372,-1,4372,3157,3156,-1,4372,3156,4369,-1,4369,3156,3155,-1,4369,3155,3150,-1,4337,4373,4338,-1,4338,4373,4374,-1,4338,4374,4371,-1,4371,4374,4375,-1,4371,4375,4372,-1,4372,4375,4376,-1,4372,4376,3158,-1,3158,4376,3159,-1,4373,4377,4374,-1,4374,4377,4378,-1,4374,4378,4362,-1,4362,4378,4379,-1,4362,4379,4363,-1,4330,4355,4329,-1,4329,4355,3128,-1,4329,3128,3142,-1,4333,4332,4356,-1,4356,4332,4312,-1,4356,4312,4352,-1,4352,4312,4323,-1,4352,4323,4350,-1,4350,4323,3404,-1,4350,3404,4348,-1,4348,3404,3415,-1,4348,3415,4346,-1,4346,3415,3414,-1,4346,3414,3413,-1,3081,3113,4380,-1,4380,3113,4381,-1,4380,4381,4354,-1,4354,4381,4360,-1,4354,4360,4357,-1,4357,4360,4359,-1,4357,4359,4358,-1,4358,4359,4355,-1,4358,4355,4356,-1,4356,4355,4335,-1,4356,4335,4334,-1,3113,3112,4381,-1,4381,3112,3111,-1,4381,3111,4360,-1,4360,3111,3110,-1,4360,3110,3109,-1,3082,3081,4340,-1,4340,3081,4380,-1,4340,4380,4341,-1,4341,4380,4354,-1,4341,4354,4361,-1,4361,4354,4353,-1,4361,4353,4362,-1,4362,4353,4351,-1,4362,4351,4374,-1,4374,4351,4349,-1,4374,4349,4375,-1,4375,4349,4344,-1,4375,4344,4376,-1,4376,4344,4343,-1,4376,4343,3159,-1,3159,4343,3160,-1,3087,4368,3085,-1,3085,4368,4382,-1,4382,4368,4383,-1,4383,4368,4367,-1,4383,4367,4366,-1,4366,4365,4383,-1,4383,4365,4364,-1,4383,4364,4384,-1,4364,4363,4384,-1,4384,4363,4379,-1,4384,4379,4385,-1,4385,4379,4378,-1,4385,4378,4386,-1,4336,4370,4387,-1,4387,4370,3149,-1,4387,3149,3147,-1,4378,4377,4386,-1,4386,4377,4373,-1,4386,4373,4387,-1,4387,4373,4337,-1,4387,4337,4336,-1,4388,3009,4389,-1,4389,3009,3018,-1,4389,3018,4390,-1,4390,3018,4391,-1,4392,4393,4394,-1,4395,4396,4397,-1,4388,4398,3009,-1,3009,4398,4399,-1,3009,4399,4400,-1,4400,4399,4401,-1,4400,4401,2942,-1,2942,4401,4402,-1,4397,4403,4395,-1,4395,4403,4404,-1,4395,4404,3018,-1,3018,4404,4405,-1,3018,4405,4391,-1,4394,4406,4392,-1,4392,4406,4407,-1,4392,4407,3077,-1,3077,4407,4408,-1,3077,4408,4409,-1,4392,3148,4393,-1,4393,3148,3151,-1,4393,3151,4410,-1,4410,3151,4411,-1,4395,3116,4396,-1,4396,3116,3077,-1,4396,3077,4412,-1,4412,3077,4409,-1,4402,4413,2942,-1,2942,4413,4414,-1,2942,4414,2945,-1,4414,4415,2945,-1,2945,4415,4416,-1,2945,4416,4417,-1,4417,4416,4418,-1,4417,4418,3151,-1,3151,4418,4419,-1,3151,4419,4411,-1,4420,2943,4417,-1,4417,2943,2945,-1,4400,2942,3335,-1,3335,2942,2940,-1,3335,3007,4400,-1,4400,3007,3009,-1,4395,3018,4421,-1,4421,3018,3016,-1,3148,4392,3146,-1,3146,4392,4422,-1,4417,3151,4420,-1,4420,3151,3145,-1,
        ]
    }
}
Shape{
    appearance Appearance {
        material  Material 	{
            diffuseColor 1.0 1.0 1.0
            specularColor 0.5019607843137255 0.5019607843137255 0.5019607843137255
            ambientIntensity 1.0
            transparency 0.0
            shininess 0.5
        }
    }
    geometry IndexedFaceSet {
        ccw TRUE
        solid FALSE
        coord DEF co Coordinate {
            point [
                0.7972 0.002 0.1181, 0.7972 0.002 0.0394, 0.7775 -0.1732 0.1181, 0.7775 -0.1732 0.0394, 0.7193 -0.3397 0.1181, 0.7193 -0.3397 0.0394, 0.6254 -0.489 0.1181, 0.6254 -0.489 0.0394, 0.5008 -0.6136 0.1181, 0.5008 -0.6136 0.0394, 0.3515 -0.7074 0.1181, 0.3515 -0.7074 0.0394, 0.185 -0.7657 0.1181, 0.185 -0.7657 0.0394, 0.0098 -0.7854 0.1181, 0.0098 -0.7854 0.0394, -0.1654 -0.7657 0.1181, -0.1654 -0.7657 0.0394, -0.3318 -0.7074 0.1181, -0.3318 -0.7074 0.0394, -0.4811 -0.6136 0.1181, -0.4811 -0.6136 0.0394, -0.6058 -0.489 0.1181, -0.6058 -0.489 0.0394, -0.6996 -0.3397 0.1181, -0.6996 -0.3397 0.0394, -0.7578 -0.1732 0.1181, -0.7578 -0.1732 0.0394, -0.7776 0.002 0.1181, -0.7776 0.002 0.0394, -0.7578 0.1772 0.1181, -0.7578 0.1772 0.0394, -0.6996 0.3436 0.1181, -0.6996 0.3436 0.0394, -0.6058 0.4929 0.1181, -0.6058 0.4929 0.0394, -0.4811 0.6176 0.1181, -0.4811 0.6176 0.0394, -0.3318 0.7114 0.1181, -0.3318 0.7114 0.0394, -0.1654 0.7696 0.1181, -0.1654 0.7696 0.0394, 0.0098 0.7894 0.1181, 0.0098 0.7894 0.0394, 0.185 0.7696 0.1181, 0.185 0.7696 0.0394, 0.3515 0.7114 0.1181, 0.3515 0.7114 0.0394, 0.5008 0.6176 0.1181, 0.5008 0.6176 0.0394, 0.6254 0.4929 0.1181, 0.6254 0.4929 0.0394, 0.7193 0.3436 0.1181, 0.7193 0.3436 0.0394, 0.7775 0.1772 0.1181, 0.7775 0.1772 0.0394, 0.2315 -0.126 0.1181, 0.1908 -0.179 0.1181, 0.1378 -0.2196 0.1181, 0.0761 -0.2452 0.1181, 0.0098 -0.2539 0.1181, -0.0564 -0.2452 0.1181, -0.1181 -0.2196 0.1181, -0.1711 -0.179 0.1181, -0.2118 0.1299 0.1181, -0.1711 0.1829 0.1181, -0.1181 0.2236 0.1181, -0.0564 0.2492 0.1181, 0.0098 0.2579 0.1181, 0.0761 0.2492 0.1181, 0.1378 0.2236 0.1181, 0.1908 0.1829 0.1181, -0.2118 -0.126 0.1181, -0.2374 -0.0643 0.1181, -0.2461 0.002 0.1181, -0.2374 0.0682 0.1181, 0.2315 0.1299 0.1181, 0.257 0.0682 0.1181, 0.2657 0.002 0.1181, 0.257 -0.0643 0.1181
            ]
        }
        coordIndex [
            0,1,2,-1,2,1,3,-1,2,3,4,-1,4,3,5,-1,4,5,6,-1,6,5,7,-1,6,7,8,-1,8,7,9,-1,8,9,10,-1,10,9,11,-1,10,11,12,-1,12,11,13,-1,12,13,14,-1,14,13,15,-1,14,15,16,-1,16,15,17,-1,16,17,18,-1,18,17,19,-1,18,19,20,-1,20,19,21,-1,20,21,22,-1,22,21,23,-1,22,23,24,-1,24,23,25,-1,24,25,26,-1,26,25,27,-1,26,27,28,-1,28,27,29,-1,28,29,30,-1,30,29,31,-1,30,31,32,-1,32,31,33,-1,32,33,34,-1,34,33,35,-1,34,35,36,-1,36,35,37,-1,36,37,38,-1,38,37,39,-1,38,39,40,-1,40,39,41,-1,40,41,42,-1,42,41,43,-1,42,43,44,-1,44,43,45,-1,44,45,46,-1,46,45,47,-1,46,47,48,-1,48,47,49,-1,48,49,50,-1,50,49,51,-1,50,51,52,-1,52,51,53,-1,52,53,54,-1,54,53,55,-1,54,55,0,-1,0,55,1,-1,56,6,57,-1,57,6,8,-1,57,8,58,-1,58,8,10,-1,58,10,59,-1,59,10,12,-1,59,12,60,-1,60,12,14,-1,60,14,61,-1,61,14,16,-1,61,16,62,-1,62,16,18,-1,62,18,63,-1,64,34,65,-1,65,34,36,-1,65,36,66,-1,66,36,38,-1,66,38,67,-1,67,38,40,-1,67,40,68,-1,68,40,42,-1,68,42,69,-1,69,42,44,-1,69,44,70,-1,70,44,46,-1,70,46,71,-1,18,20,63,-1,63,20,22,-1,63,22,72,-1,72,22,24,-1,72,24,73,-1,73,24,26,-1,73,26,74,-1,74,26,28,-1,74,28,75,-1,75,28,30,-1,75,30,64,-1,64,30,32,-1,64,32,34,-1,46,48,71,-1,71,48,50,-1,71,50,76,-1,76,50,52,-1,76,52,77,-1,77,52,54,-1,77,54,78,-1,78,54,0,-1,78,0,79,-1,79,0,2,-1,79,2,56,-1,56,2,4,-1,56,4,6,-1,
        ]
    }
}
Shape{
    appearance Appearance {
        material  Material 	{
            diffuseColor 1.0 1.0 0.5019607843137255
            specularColor 0.5019607843137255 0.5019607843137255 0.25098039215686274
            ambientIntensity 0.9432
            transparency 0.0
            shininess 0.5
        }
    }
    geometry IndexedFaceSet {
        ccw TRUE
        solid FALSE
        coord DEF co Coordinate {
            point [
                -0.1673 0.002 0.0394, -0.1613 -0.0439 -1.1024, -0.1613 -0.0439 0.0394, -0.1436 -0.0866 -1.1024, -0.1436 -0.0866 0.0394, -0.1154 -0.1233 -1.1024, -0.1154 -0.1233 0.0394, -0.0787 -0.1515 -1.1024, -0.0787 -0.1515 0.0394, -0.036 -0.1692 -1.1024, -0.036 -0.1692 0.0394, 0.0098 -0.1752 -1.1024, 0.0098 -0.1752 0.0394, 0.0557 -0.1692 -1.1024, 0.0557 -0.1692 0.0394, 0.0984 -0.1515 -1.1024, 0.0984 -0.1515 0.0394, 0.1351 -0.1233 -1.1024, 0.1351 -0.1233 0.0394, 0.1633 -0.0866 -1.1024, 0.1633 -0.0866 0.0394, 0.181 -0.0439 -1.1024, 0.181 -0.0439 0.0394, 0.187 0.002 -1.1024, 0.187 0.002 0.0394, 0.181 0.0478 -1.1024, 0.181 0.0478 0.0394, 0.1633 0.0906 -1.1024, 0.1633 0.0906 0.0394, 0.1351 0.1273 -1.1024, 0.1351 0.1273 0.0394, 0.0984 0.1554 -1.1024, 0.0984 0.1554 0.0394, 0.0557 0.1731 -1.1024, 0.0557 0.1731 0.0394, 0.0098 0.1791 -1.1024, 0.0098 0.1791 0.0394, -0.036 0.1731 -1.1024, -0.036 0.1731 0.0394, -0.0787 0.1554 -1.1024, -0.0787 0.1554 0.0394, -0.1154 0.1273 -1.1024, -0.1154 0.1273 0.0394, -0.1436 0.0906 -1.1024, -0.1436 0.0906 0.0394, -0.1613 0.0478 -1.1024, -0.1613 0.0478 0.0394, -0.1673 0.002 -1.1024, 0.0951 0.0512 -1.1811, 0.1049 0.0275 -1.1811, 0.0098 0.002 -1.1811, 0.1083 0.002 -1.1811, 0.1049 -0.0235 -1.1811, 0.0353 0.097 -1.1811, 0.059 0.0872 -1.1811, 0.0794 0.0716 -1.1811, -0.0394 0.0872 -1.1811, -0.0156 0.097 -1.1811, 0.0098 0.1004 -1.1811, -0.0852 0.0275 -1.1811, -0.0754 0.0512 -1.1811, -0.0598 0.0716 -1.1811, -0.0754 -0.0472 -1.1811, -0.0852 -0.0235 -1.1811, -0.0886 0.002 -1.1811, -0.0156 -0.0931 -1.1811, -0.0394 -0.0833 -1.1811, -0.0598 -0.0676 -1.1811, 0.059 -0.0833 -1.1811, 0.0353 -0.0931 -1.1811, 0.0098 -0.0964 -1.1811, 0.0951 -0.0472 -1.1811, 0.0794 -0.0676 -1.1811, 0.1836 -0.0446 0.0598, 0.1656 -0.0879 0.0598, 0.137 -0.1252 0.0598, 0.0998 -0.1538 0.0598, 0.0564 -0.1717 0.0598, 0.0098 -0.1779 0.0598, -0.0367 -0.1717 0.0598, -0.0801 -0.1538 0.0598, -0.1173 -0.1252 0.0598, -0.1459 -0.0879 0.0598, -0.1639 -0.0446 0.0598, -0.17 0.002 0.0598, -0.1639 0.0485 0.0598, -0.1459 0.0919 0.0598, -0.1173 0.1292 0.0598, -0.0801 0.1577 0.0598, -0.0367 0.1757 0.0598, 0.0098 0.1818 0.0598, 0.0564 0.1757 0.0598, 0.0998 0.1577 0.0598, 0.137 0.1292 0.0598, 0.1656 0.0919 0.0598, 0.1836 0.0485 0.0598, 0.1897 0.002 0.0598, 0.1912 -0.0466 0.0787, 0.1724 -0.0919 0.0787, 0.1426 -0.1308 0.0787, 0.1037 -0.1606 0.0787, 0.0584 -0.1793 0.0787, 0.0098 -0.1857 0.0787, -0.0388 -0.1793 0.0787, -0.084 -0.1606 0.0787, -0.1229 -0.1308 0.0787, -0.1527 -0.0919 0.0787, -0.1715 -0.0466 0.0787, -0.1779 0.002 0.0787, -0.1715 0.0506 0.0787, -0.1527 0.0958 0.0787, -0.1229 0.1347 0.0787, -0.084 0.1645 0.0787, -0.0388 0.1833 0.0787, 0.0098 0.1897 0.0787, 0.0584 0.1833 0.0787, 0.1037 0.1645 0.0787, 0.1426 0.1347 0.0787, 0.1724 0.0958 0.0787, 0.1912 0.0506 0.0787, 0.1975 0.002 0.0787, 0.2032 -0.0498 0.0951, 0.1832 -0.0981 0.0951, 0.1514 -0.1396 0.0951, 0.1099 -0.1714 0.0951, 0.0617 -0.1914 0.0951, 0.0098 -0.1982 0.0951, -0.042 -0.1914 0.0951, -0.0903 -0.1714 0.0951, -0.1317 -0.1396 0.0951, -0.1636 -0.0981 0.0951, -0.1836 -0.0498 0.0951, -0.1904 0.002 0.0951, -0.1836 0.0538 0.0951, -0.1636 0.1021 0.0951, -0.1317 0.1436 0.0951, -0.0903 0.1754 0.0951, -0.042 0.1954 0.0951, 0.0098 0.2022 0.0951, 0.0617 0.1954 0.0951, 0.1099 0.1754 0.0951, 0.1514 0.1436 0.0951, 0.1832 0.1021 0.0951, 0.2032 0.0538 0.0951, 0.2101 0.002 0.0951, 0.219 -0.0541 0.1076, 0.1974 -0.1063 0.1076, 0.1629 -0.1511 0.1076, 0.1181 -0.1855 0.1076, 0.0659 -0.2072 0.1076, 0.0098 -0.2146 0.1076, -0.0462 -0.2072 0.1076, -0.0984 -0.1855 0.1076, -0.1433 -0.1511 0.1076, -0.1777 -0.1063 0.1076, -0.1993 -0.0541 0.1076, -0.2067 0.002 0.1076, -0.1993 0.058 0.1076, -0.1777 0.1102 0.1076, -0.1433 0.1551 0.1076, -0.0984 0.1895 0.1076, -0.0462 0.2111 0.1076, 0.0098 0.2185 0.1076, 0.0659 0.2111 0.1076, 0.1181 0.1895 0.1076, 0.1629 0.1551 0.1076, 0.1974 0.1102 0.1076, 0.219 0.058 0.1076, 0.2264 0.002 0.1076, 0.2373 -0.059 0.1154, 0.2138 -0.1158 0.1154, 0.1764 -0.1646 0.1154, 0.1276 -0.202 0.1154, 0.0708 -0.2255 0.1154, 0.0098 -0.2335 0.1154, -0.0511 -0.2255 0.1154, -0.1079 -0.202 0.1154, -0.1567 -0.1646 0.1154, -0.1941 -0.1158 0.1154, -0.2177 -0.059 0.1154, -0.2257 0.002 0.1154, -0.2177 0.0629 0.1154, -0.1941 0.1197 0.1154, -0.1567 0.1685 0.1154, -0.1079 0.2059 0.1154, -0.0511 0.2295 0.1154, 0.0098 0.2375 0.1154, 0.0708 0.2295 0.1154, 0.1276 0.2059 0.1154, 0.1764 0.1685 0.1154, 0.2138 0.1197 0.1154, 0.2373 0.0629 0.1154, 0.2454 0.002 0.1154, 0.257 -0.0643 0.1181, 0.2315 -0.126 0.1181, 0.1908 -0.179 0.1181, 0.1378 -0.2196 0.1181, 0.0761 -0.2452 0.1181, 0.0098 -0.2539 0.1181, -0.0564 -0.2452 0.1181, -0.1181 -0.2196 0.1181, -0.1711 -0.179 0.1181, -0.2118 -0.126 0.1181, -0.2374 -0.0643 0.1181, -0.2461 0.002 0.1181, -0.2374 0.0682 0.1181, -0.2118 0.1299 0.1181, -0.1711 0.1829 0.1181, -0.1181 0.2236 0.1181, -0.0564 0.2492 0.1181, 0.0098 0.2579 0.1181, 0.0761 0.2492 0.1181, 0.1378 0.2236 0.1181, 0.1908 0.1829 0.1181, 0.2315 0.1299 0.1181, 0.257 0.0682 0.1181, 0.2657 0.002 0.1181
            ]
        }
        coordIndex [
            0,1,2,-1,2,1,3,-1,2,3,4,-1,4,3,5,-1,4,5,6,-1,6,5,7,-1,6,7,8,-1,8,7,9,-1,8,9,10,-1,10,9,11,-1,10,11,12,-1,12,11,13,-1,12,13,14,-1,14,13,15,-1,14,15,16,-1,16,15,17,-1,16,17,18,-1,18,17,19,-1,18,19,20,-1,20,19,21,-1,20,21,22,-1,22,21,23,-1,22,23,24,-1,24,23,25,-1,24,25,26,-1,26,25,27,-1,26,27,28,-1,28,27,29,-1,28,29,30,-1,30,29,31,-1,30,31,32,-1,32,31,33,-1,32,33,34,-1,34,33,35,-1,34,35,36,-1,36,35,37,-1,36,37,38,-1,38,37,39,-1,38,39,40,-1,40,39,41,-1,40,41,42,-1,42,41,43,-1,42,43,44,-1,44,43,45,-1,44,45,46,-1,46,45,47,-1,46,47,0,-1,0,47,1,-1,48,49,50,-1,50,49,51,-1,50,51,52,-1,53,54,50,-1,50,54,55,-1,50,55,48,-1,56,57,50,-1,50,57,58,-1,50,58,53,-1,59,60,50,-1,50,60,61,-1,50,61,56,-1,62,63,50,-1,50,63,64,-1,50,64,59,-1,65,66,50,-1,50,66,67,-1,50,67,62,-1,68,69,50,-1,50,69,70,-1,50,70,65,-1,52,71,50,-1,50,71,72,-1,50,72,68,-1,47,63,1,-1,1,63,62,-1,1,62,3,-1,3,62,67,-1,3,67,5,-1,5,67,66,-1,5,66,7,-1,7,66,65,-1,7,65,9,-1,9,65,70,-1,9,70,11,-1,11,70,69,-1,11,69,13,-1,13,69,68,-1,13,68,15,-1,15,68,72,-1,15,72,17,-1,17,72,71,-1,17,71,19,-1,19,71,52,-1,19,52,21,-1,21,52,51,-1,21,51,23,-1,23,51,49,-1,23,49,25,-1,25,49,48,-1,25,48,27,-1,27,48,55,-1,27,55,29,-1,29,55,54,-1,29,54,31,-1,31,54,53,-1,31,53,33,-1,33,53,58,-1,33,58,35,-1,35,58,57,-1,35,57,37,-1,37,57,56,-1,37,56,39,-1,39,56,61,-1,39,61,41,-1,41,61,60,-1,41,60,43,-1,43,60,59,-1,43,59,45,-1,45,59,64,-1,45,64,47,-1,47,64,63,-1,22,73,20,-1,20,73,74,-1,20,74,18,-1,18,74,75,-1,18,75,16,-1,16,75,76,-1,16,76,14,-1,14,76,77,-1,14,77,12,-1,12,77,78,-1,12,78,10,-1,10,78,79,-1,10,79,8,-1,8,79,80,-1,8,80,6,-1,6,80,81,-1,6,81,4,-1,4,81,82,-1,4,82,2,-1,2,82,83,-1,2,83,0,-1,0,83,84,-1,0,84,46,-1,46,84,85,-1,46,85,44,-1,44,85,86,-1,44,86,42,-1,42,86,87,-1,42,87,40,-1,40,87,88,-1,40,88,38,-1,38,88,89,-1,38,89,36,-1,36,89,90,-1,36,90,34,-1,34,90,91,-1,34,91,32,-1,32,91,92,-1,32,92,30,-1,30,92,93,-1,30,93,28,-1,28,93,94,-1,28,94,26,-1,26,94,95,-1,26,95,24,-1,24,95,96,-1,24,96,22,-1,22,96,73,-1,73,97,74,-1,74,97,98,-1,74,98,75,-1,75,98,99,-1,75,99,76,-1,76,99,100,-1,76,100,77,-1,77,100,101,-1,77,101,78,-1,78,101,102,-1,78,102,79,-1,79,102,103,-1,79,103,80,-1,80,103,104,-1,80,104,81,-1,81,104,105,-1,81,105,82,-1,82,105,106,-1,82,106,83,-1,83,106,107,-1,83,107,84,-1,84,107,108,-1,84,108,85,-1,85,108,109,-1,85,109,86,-1,86,109,110,-1,86,110,87,-1,87,110,111,-1,87,111,88,-1,88,111,112,-1,88,112,89,-1,89,112,113,-1,89,113,90,-1,90,113,114,-1,90,114,91,-1,91,114,115,-1,91,115,92,-1,92,115,116,-1,92,116,93,-1,93,116,117,-1,93,117,94,-1,94,117,118,-1,94,118,95,-1,95,118,119,-1,95,119,96,-1,96,119,120,-1,96,120,73,-1,73,120,97,-1,97,121,98,-1,98,121,122,-1,98,122,99,-1,99,122,123,-1,99,123,100,-1,100,123,124,-1,100,124,101,-1,101,124,125,-1,101,125,102,-1,102,125,126,-1,102,126,103,-1,103,126,127,-1,103,127,104,-1,104,127,128,-1,104,128,105,-1,105,128,129,-1,105,129,106,-1,106,129,130,-1,106,130,107,-1,107,130,131,-1,107,131,108,-1,108,131,132,-1,108,132,109,-1,109,132,133,-1,109,133,110,-1,110,133,134,-1,110,134,111,-1,111,134,135,-1,111,135,112,-1,112,135,136,-1,112,136,113,-1,113,136,137,-1,113,137,114,-1,114,137,138,-1,114,138,115,-1,115,138,139,-1,115,139,116,-1,116,139,140,-1,116,140,117,-1,117,140,141,-1,117,141,118,-1,118,141,142,-1,118,142,119,-1,119,142,143,-1,119,143,120,-1,120,143,144,-1,120,144,97,-1,97,144,121,-1,121,145,122,-1,122,145,146,-1,122,146,123,-1,123,146,147,-1,123,147,124,-1,124,147,148,-1,124,148,125,-1,125,148,149,-1,125,149,126,-1,126,149,150,-1,126,150,127,-1,127,150,151,-1,127,151,128,-1,128,151,152,-1,128,152,129,-1,129,152,153,-1,129,153,130,-1,130,153,154,-1,130,154,131,-1,131,154,155,-1,131,155,132,-1,132,155,156,-1,132,156,133,-1,133,156,157,-1,133,157,134,-1,134,157,158,-1,134,158,135,-1,135,158,159,-1,135,159,136,-1,136,159,160,-1,136,160,137,-1,137,160,161,-1,137,161,138,-1,138,161,162,-1,138,162,139,-1,139,162,163,-1,139,163,140,-1,140,163,164,-1,140,164,141,-1,141,164,165,-1,141,165,142,-1,142,165,166,-1,142,166,143,-1,143,166,167,-1,143,167,144,-1,144,167,168,-1,144,168,121,-1,121,168,145,-1,145,169,146,-1,146,169,170,-1,146,170,147,-1,147,170,171,-1,147,171,148,-1,148,171,172,-1,148,172,149,-1,149,172,173,-1,149,173,150,-1,150,173,174,-1,150,174,151,-1,151,174,175,-1,151,175,152,-1,152,175,176,-1,152,176,153,-1,153,176,177,-1,153,177,154,-1,154,177,178,-1,154,178,155,-1,155,178,179,-1,155,179,156,-1,156,179,180,-1,156,180,157,-1,157,180,181,-1,157,181,158,-1,158,181,182,-1,158,182,159,-1,159,182,183,-1,159,183,160,-1,160,183,184,-1,160,184,161,-1,161,184,185,-1,161,185,162,-1,162,185,186,-1,162,186,163,-1,163,186,187,-1,163,187,164,-1,164,187,188,-1,164,188,165,-1,165,188,189,-1,165,189,166,-1,166,189,190,-1,166,190,167,-1,167,190,191,-1,167,191,168,-1,168,191,192,-1,168,192,145,-1,145,192,169,-1,169,193,170,-1,170,193,194,-1,170,194,171,-1,171,194,195,-1,171,195,172,-1,172,195,196,-1,172,196,173,-1,173,196,197,-1,173,197,174,-1,174,197,198,-1,174,198,175,-1,175,198,199,-1,175,199,176,-1,176,199,200,-1,176,200,177,-1,177,200,201,-1,177,201,178,-1,178,201,202,-1,178,202,179,-1,179,202,203,-1,179,203,180,-1,180,203,204,-1,180,204,181,-1,181,204,205,-1,181,205,182,-1,182,205,206,-1,182,206,183,-1,183,206,207,-1,183,207,184,-1,184,207,208,-1,184,208,185,-1,185,208,209,-1,185,209,186,-1,186,209,210,-1,186,210,187,-1,187,210,211,-1,187,211,188,-1,188,211,212,-1,188,212,189,-1,189,212,213,-1,189,213,190,-1,190,213,214,-1,190,214,191,-1,191,214,215,-1,191,215,192,-1,192,215,216,-1,192,216,169,-1,169,216,193,-1,
        ]
    }
}
Shape{
    appearance Appearance {
        material  Material 	{
            diffuseColor 0.0 0.0 0.0
            specularColor 0.0 0.0 0.0
            ambientIntensity 0.0
            transparency 0.0
            shininess 0.5
        }
    }
    geometry IndexedFaceSet {
        ccw TRUE
        solid FALSE
        coord DEF co Coordinate {
            point [
                0.1182 -1.1831 3.2466, 0.1182 -1.1831 3.2314, 0.1182 -1.1791 3.2466, 0.1182 -1.1791 3.2314, 0.065 -1.1831 3.2466, 0.065 -1.1791 3.2466, 0.065 -1.1831 3.3649, 0.065 -1.1791 3.3649, 0.0478 -1.1831 3.3649, 0.0478 -1.1791 3.3649, 0.0478 -1.1831 3.2314, 0.0478 -1.1791 3.2314, 0.1866 -1.1831 3.2292, 0.1866 -1.1791 3.2292, 0.207 -1.1791 3.2311, 0.2179 -1.1791 3.2347, 0.2213 -1.1831 3.2358, 0.207 -1.1831 3.2311, 0.2213 -1.1791 3.2358, 0.2236 -1.1791 3.237, 0.2236 -1.1831 3.237, 0.2236 -1.1831 3.2535, 0.2236 -1.1791 3.2535, 0.2179 -1.1791 3.2509, 0.2104 -1.1831 3.2476, 0.2104 -1.1791 3.2476, 0.1953 -1.1791 3.2448, 0.1953 -1.1831 3.2448, 0.1891 -1.1791 3.2445, 0.1891 -1.1831 3.2445, 0.1775 -1.1791 3.2457, 0.1775 -1.1831 3.2457, 0.1676 -1.1791 3.2491, 0.1676 -1.1831 3.2491, 0.1586 -1.1791 3.255, 0.1586 -1.1831 3.255, 0.1548 -1.1791 3.2586, 0.1548 -1.1831 3.2586, 0.1487 -1.1791 3.2669, 0.1487 -1.1831 3.2669, 0.1443 -1.1791 3.2775, 0.1443 -1.1831 3.2775, 0.1419 -1.1791 3.2906, 0.1419 -1.1831 3.2906, 0.1417 -1.1791 3.2966, 0.1417 -1.1831 3.2966, 0.1439 -1.1791 3.315, 0.1439 -1.1831 3.315, 0.1484 -1.1791 3.3265, 0.1484 -1.1831 3.3265, 0.1548 -1.1791 3.3358, 0.1548 -1.1831 3.3358, 0.1557 -1.1791 3.3368, 0.1557 -1.1831 3.3368, 0.164 -1.1791 3.3437, 0.164 -1.1831 3.3437, 0.1743 -1.1791 3.3488, 0.1743 -1.1831 3.3488, 0.1858 -1.1791 3.3513, 0.1858 -1.1831 3.3513, 0.1921 -1.1791 3.3516, 0.1921 -1.1831 3.3516, 0.2085 -1.1791 3.3496, 0.2179 -1.1791 3.3461, 0.2221 -1.1831 3.3445, 0.2085 -1.1831 3.3496, 0.2221 -1.1791 3.3445, 0.2236 -1.1791 3.3437, 0.2236 -1.1831 3.3437, 0.2236 -1.1831 3.3617, 0.2236 -1.1791 3.3617, 0.2179 -1.1791 3.3633, 0.2094 -1.1831 3.3658, 0.1919 -1.1791 3.3671, 0.1919 -1.1831 3.3671, 0.2063 -1.1791 3.366, 0.2094 -1.1791 3.3658, 0.1827 -1.1791 3.366, 0.1727 -1.1831 3.3648, 0.1727 -1.1791 3.3648, 0.1587 -1.1791 3.3594, 0.1587 -1.1831 3.3594, 0.1462 -1.1791 3.3506, 0.1462 -1.1831 3.3506, 0.1429 -1.1791 3.3475, 0.1429 -1.1831 3.3475, 0.1332 -1.1791 3.3348, 0.1296 -1.1791 3.3263, 0.1269 -1.1831 3.32, 0.1332 -1.1831 3.3348, 0.1269 -1.1791 3.32, 0.1239 -1.1791 3.3026, 0.1239 -1.1831 3.3026, 0.1236 -1.1791 3.2956, 0.1236 -1.1831 3.2956, 0.1263 -1.1791 3.2739, 0.1296 -1.1791 3.2653, 0.1317 -1.1831 3.26, 0.1263 -1.1831 3.2739, 0.1317 -1.1791 3.26, 0.1397 -1.1791 3.2486, 0.1397 -1.1831 3.2486, 0.1408 -1.1791 3.2474, 0.1408 -1.1831 3.2474, 0.1515 -1.1791 3.2385, 0.1515 -1.1831 3.2385, 0.1641 -1.1791 3.2325, 0.1641 -1.1831 3.2325, 0.1785 -1.1791 3.2296, 0.1785 -1.1831 3.2296, 0.322 -1.1831 3.2466, 0.322 -1.1831 3.2314, 0.322 -1.1791 3.2466, 0.322 -1.1791 3.2314, 0.2675 -1.1791 3.2466, 0.2675 -1.1831 3.2466, 0.3035 -1.1791 3.2466, 0.2675 -1.1831 3.2915, 0.2675 -1.1791 3.2915, 0.3152 -1.1831 3.2915, 0.3035 -1.1791 3.2915, 0.3152 -1.1791 3.2915, 0.3152 -1.1831 3.3068, 0.3152 -1.1791 3.3068, 0.2675 -1.1791 3.3068, 0.2675 -1.1831 3.3068, 0.3035 -1.1791 3.3068, 0.2675 -1.1831 3.3495, 0.2675 -1.1791 3.3495, 0.319 -1.1791 3.3495, 0.319 -1.1831 3.3495, 0.3035 -1.1791 3.3495, 0.319 -1.1831 3.3649, 0.319 -1.1791 3.3649, 0.2503 -1.1791 3.3649, 0.2503 -1.1831 3.3649, 0.3035 -1.1791 3.3649, 0.2503 -1.1831 3.2314, 0.2503 -1.1791 3.2314, 0.3035 -1.1791 3.2314, 0.4358 -1.1831 3.2501, 0.422 -1.1831 3.2591, 0.4218 -1.1831 3.2401, 0.4133 -1.1831 3.2531, 0.4066 -1.1831 3.2342, 0.4023 -1.1831 3.2488, 0.384 -1.1831 3.2314, 0.3839 -1.1831 3.2466, 0.3473 -1.1831 3.2314, 0.3645 -1.1831 3.2466, 0.3473 -1.1831 3.3649, 0.3645 -1.1831 3.3495, 0.3853 -1.1831 3.3649, 0.3846 -1.1831 3.3495, 0.386 -1.1831 3.3495, 0.4057 -1.1831 3.3626, 0.4031 -1.1831 3.3473, 0.4218 -1.1831 3.3567, 0.4144 -1.1831 3.3429, 0.4358 -1.1831 3.3472, 0.4232 -1.1831 3.337, 0.4405 -1.1831 3.3426, 0.4269 -1.1831 3.3333, 0.4488 -1.1831 3.3309, 0.4321 -1.1831 3.3258, 0.4537 -1.1831 3.3182, 0.4358 -1.1831 3.316, 0.4559 -1.1831 3.2999, 0.4378 -1.1831 3.2994, 0.4555 -1.1831 3.2913, 0.4373 -1.1831 3.2902, 0.4523 -1.1831 3.2757, 0.4346 -1.1831 3.2782, 0.4457 -1.1831 3.2619, 0.4299 -1.1831 3.2683, 0.4235 -1.1831 3.2606, 0.384 -1.1791 3.2314, 0.3473 -1.1791 3.2314, 0.4066 -1.1791 3.2342, 0.4218 -1.1791 3.2401, 0.4358 -1.1791 3.2501, 0.4457 -1.1791 3.2619, 0.4523 -1.1791 3.2757, 0.4555 -1.1791 3.2913, 0.4559 -1.1791 3.2999, 0.4537 -1.1791 3.3182, 0.4488 -1.1791 3.3309, 0.4405 -1.1791 3.3426, 0.4358 -1.1791 3.3472, 0.4218 -1.1791 3.3567, 0.4057 -1.1791 3.3626, 0.3853 -1.1791 3.3649, 0.3473 -1.1791 3.3649, 0.3846 -1.1791 3.3495, 0.3645 -1.1791 3.3495, 0.3645 -1.1791 3.2466, 0.3839 -1.1791 3.2466, 0.4235 -1.1791 3.2606, 0.422 -1.1791 3.2591, 0.4133 -1.1791 3.2531, 0.4023 -1.1791 3.2488, 0.4378 -1.1791 3.2994, 0.4373 -1.1791 3.2902, 0.4346 -1.1791 3.2782, 0.4299 -1.1791 3.2683, 0.4232 -1.1791 3.337, 0.4269 -1.1791 3.3333, 0.4321 -1.1791 3.3258, 0.4358 -1.1791 3.316, 0.386 -1.1791 3.3495, 0.4031 -1.1791 3.3473, 0.4144 -1.1791 3.3429
            ]
        }
        coordIndex [
            0,1,2,-1,2,1,3,-1,4,0,5,-1,5,0,2,-1,6,4,7,-1,7,4,5,-1,8,6,9,-1,9,6,7,-1,10,8,11,-1,11,8,9,-1,1,10,3,-1,3,10,11,-1,6,8,4,-1,4,8,10,-1,4,10,0,-1,0,10,1,-1,12,13,14,-1,15,16,14,-1,14,16,17,-1,14,17,12,-1,15,18,16,-1,16,18,19,-1,16,19,20,-1,21,20,22,-1,22,20,19,-1,21,22,23,-1,21,23,24,-1,23,25,24,-1,24,25,26,-1,24,26,27,-1,27,26,28,-1,27,28,29,-1,29,28,30,-1,29,30,31,-1,31,30,32,-1,31,32,33,-1,33,32,34,-1,33,34,35,-1,35,34,36,-1,35,36,37,-1,37,36,38,-1,37,38,39,-1,39,38,40,-1,39,40,41,-1,41,40,42,-1,41,42,43,-1,43,42,44,-1,43,44,45,-1,45,44,46,-1,45,46,47,-1,47,46,48,-1,47,48,49,-1,49,48,50,-1,49,50,51,-1,51,50,52,-1,51,52,53,-1,53,52,54,-1,53,54,55,-1,55,54,56,-1,55,56,57,-1,57,56,58,-1,57,58,59,-1,59,58,60,-1,59,60,61,-1,61,60,62,-1,63,64,62,-1,62,64,65,-1,62,65,61,-1,63,66,64,-1,64,66,67,-1,64,67,68,-1,69,68,70,-1,70,68,67,-1,69,70,71,-1,69,71,72,-1,73,74,75,-1,75,74,72,-1,75,72,76,-1,76,72,71,-1,74,73,77,-1,74,77,78,-1,77,79,78,-1,78,79,80,-1,78,80,81,-1,81,80,82,-1,81,82,83,-1,83,82,84,-1,83,84,85,-1,85,84,86,-1,87,88,86,-1,86,88,89,-1,86,89,85,-1,87,90,88,-1,88,90,91,-1,88,91,92,-1,92,91,93,-1,92,93,94,-1,94,93,95,-1,96,97,95,-1,95,97,98,-1,95,98,94,-1,96,99,97,-1,97,99,100,-1,97,100,101,-1,101,100,102,-1,101,102,103,-1,103,102,104,-1,103,104,105,-1,105,104,106,-1,105,106,107,-1,107,106,108,-1,107,108,109,-1,109,108,13,-1,109,13,12,-1,55,57,78,-1,47,49,89,-1,89,49,85,-1,78,57,74,-1,94,45,92,-1,92,45,47,-1,92,47,88,-1,88,47,89,-1,57,59,74,-1,74,59,61,-1,74,61,72,-1,72,61,65,-1,72,65,69,-1,69,65,64,-1,69,64,68,-1,20,21,16,-1,16,21,24,-1,16,24,17,-1,17,24,27,-1,17,27,12,-1,12,27,29,-1,12,29,109,-1,109,29,31,-1,109,31,107,-1,107,31,33,-1,107,33,105,-1,105,33,35,-1,105,35,103,-1,103,35,37,-1,103,37,101,-1,101,37,39,-1,101,39,97,-1,97,39,98,-1,98,39,41,-1,98,41,94,-1,94,41,43,-1,94,43,45,-1,49,51,85,-1,85,51,53,-1,85,53,83,-1,83,53,55,-1,83,55,81,-1,81,55,78,-1,110,111,112,-1,112,111,113,-1,114,115,116,-1,116,115,110,-1,116,110,112,-1,117,115,118,-1,118,115,114,-1,117,118,119,-1,119,118,120,-1,119,120,121,-1,122,119,123,-1,123,119,121,-1,124,125,126,-1,126,125,122,-1,126,122,123,-1,127,125,128,-1,128,125,124,-1,129,130,131,-1,131,130,127,-1,131,127,128,-1,132,130,133,-1,133,130,129,-1,134,135,136,-1,136,135,132,-1,136,132,133,-1,137,135,138,-1,138,135,134,-1,113,111,139,-1,139,111,137,-1,139,137,138,-1,111,110,137,-1,137,110,115,-1,119,122,117,-1,117,122,125,-1,130,132,127,-1,127,132,135,-1,127,135,125,-1,125,135,137,-1,125,137,117,-1,117,137,115,-1,140,141,142,-1,142,141,143,-1,142,143,144,-1,144,143,145,-1,144,145,146,-1,146,145,147,-1,146,147,148,-1,148,147,149,-1,148,149,150,-1,150,149,151,-1,150,151,152,-1,151,153,152,-1,152,153,154,-1,152,154,155,-1,155,154,156,-1,155,156,157,-1,157,156,158,-1,157,158,159,-1,159,158,160,-1,159,160,161,-1,161,160,162,-1,161,162,163,-1,163,162,164,-1,163,164,165,-1,165,164,166,-1,165,166,167,-1,167,166,168,-1,167,168,169,-1,169,168,170,-1,169,170,171,-1,171,170,172,-1,171,172,173,-1,173,172,174,-1,173,174,140,-1,140,174,175,-1,140,175,141,-1,146,148,176,-1,176,148,177,-1,146,176,178,-1,146,178,144,-1,144,178,179,-1,144,179,142,-1,142,179,180,-1,142,180,140,-1,140,180,181,-1,140,181,173,-1,173,181,182,-1,173,182,171,-1,171,182,183,-1,171,183,169,-1,169,183,184,-1,169,184,167,-1,167,184,185,-1,167,185,165,-1,165,185,186,-1,165,186,163,-1,163,186,187,-1,163,187,161,-1,161,187,188,-1,161,188,159,-1,159,188,189,-1,159,189,157,-1,157,189,190,-1,157,190,155,-1,155,190,191,-1,155,191,152,-1,150,152,192,-1,192,152,191,-1,148,150,177,-1,177,150,192,-1,153,151,193,-1,193,151,194,-1,151,149,194,-1,194,149,195,-1,149,147,195,-1,195,147,196,-1,175,197,198,-1,175,198,141,-1,141,198,199,-1,141,199,143,-1,143,199,200,-1,143,200,145,-1,145,200,196,-1,145,196,147,-1,168,201,202,-1,168,202,170,-1,170,202,203,-1,170,203,172,-1,172,203,204,-1,172,204,174,-1,174,204,197,-1,174,197,175,-1,160,205,206,-1,160,206,162,-1,162,206,207,-1,162,207,164,-1,164,207,208,-1,164,208,166,-1,166,208,201,-1,166,201,168,-1,153,193,209,-1,153,209,154,-1,154,209,210,-1,154,210,156,-1,156,210,211,-1,156,211,158,-1,158,211,205,-1,158,205,160,-1,
        ]
    }
}
Shape{
    appearance Appearance {
        material  Material 	{
            diffuseColor 0.996078431372549 0.8705882352941177 0.7607843137254902
            specularColor 0.4980392156862745 0.43529411764705883 0.3803921568627451
            ambientIntensity 0.8956
            transparency 0.0
            shininess 0.5
        }
    }
    geometry IndexedFaceSet {
        ccw TRUE
        solid FALSE
        coord DEF co Coordinate {
            point [
                0.4133 -1.1791 3.2531, 0.422 -1.1791 3.2591, 0.386 -1.1791 3.3495, 0.3645 -1.1791 3.3495, 0.3645 -1.1791 3.2466, 0.3846 -1.1791 3.3495, 0.3839 -1.1791 3.2466, 0.4023 -1.1791 3.2488, 0.4235 -1.1791 3.2606, 0.4299 -1.1791 3.2683, 0.4346 -1.1791 3.2782, 0.4378 -1.1791 3.2994, 0.4232 -1.1791 3.337, 0.4144 -1.1791 3.3429, 0.4358 -1.1791 3.316, 0.4321 -1.1791 3.3258, 0.4269 -1.1791 3.3333, 0.4373 -1.1791 3.2902, 0.4031 -1.1791 3.3473
            ]
        }
        coordIndex [
            0,1,2,-1,3,4,5,-1,5,4,6,-1,5,6,2,-1,2,6,7,-1,2,7,0,-1,1,8,2,-1,2,8,9,-1,2,9,10,-1,11,12,13,-1,14,15,11,-1,11,15,16,-1,11,16,12,-1,10,17,2,-1,2,17,11,-1,2,11,18,-1,18,11,13,-1,
        ]
    }
}
Shape{
    appearance Appearance {
        material  Material 	{
            diffuseColor 0.0 0.0 0.0
            specularColor 0.0 0.0 0.0
            ambientIntensity 0.0
            transparency 0.0
            shininess 0.5
        }
    }
    geometry IndexedFaceSet {
        ccw TRUE
        solid FALSE
        coord DEF co Coordinate {
            point [
                0.5006 -1.1831 3.283, 0.4952 -1.1831 3.2679, 0.5454 -1.1831 3.283, 0.5507 -1.1831 3.2679, 0.5206 -1.1831 3.3385, 0.5141 -1.1831 3.3649, 0.4633 -1.1831 3.2314, 0.4823 -1.1831 3.2314, 0.5217 -1.1831 3.3425, 0.5228 -1.1831 3.3478, 0.5326 -1.1831 3.3649, 0.5232 -1.1831 3.3478, 0.5243 -1.1831 3.3422, 0.5253 -1.1831 3.3385, 0.5834 -1.1831 3.2314, 0.5643 -1.1831 3.2314, 0.5326 -1.1791 3.3649, 0.5834 -1.1791 3.2314, 0.5141 -1.1791 3.3649, 0.4633 -1.1791 3.2314, 0.5018 -1.1791 3.3324, 0.4823 -1.1791 3.2314, 0.4952 -1.1791 3.2679, 0.5507 -1.1791 3.2679, 0.5018 -1.1791 3.2679, 0.5643 -1.1791 3.2314, 0.5006 -1.1791 3.283, 0.5454 -1.1791 3.283, 0.5253 -1.1791 3.3385, 0.5232 -1.1791 3.3478, 0.5243 -1.1791 3.3422, 0.5228 -1.1791 3.3478, 0.5206 -1.1791 3.3385, 0.5217 -1.1791 3.3425
            ]
        }
        coordIndex [
            0,1,2,-1,2,1,3,-1,4,5,0,-1,0,5,6,-1,0,6,1,-1,1,6,7,-1,4,8,5,-1,5,8,9,-1,5,9,10,-1,10,9,11,-1,10,11,12,-1,12,13,10,-1,10,13,2,-1,10,2,14,-1,14,2,3,-1,14,3,15,-1,10,14,16,-1,16,14,17,-1,5,10,18,-1,18,10,16,-1,19,6,20,-1,20,6,5,-1,20,5,18,-1,7,6,21,-1,21,6,19,-1,1,7,22,-1,22,7,21,-1,23,3,24,-1,24,3,1,-1,24,1,22,-1,15,3,25,-1,25,3,23,-1,14,15,17,-1,17,15,25,-1,0,2,26,-1,26,2,27,-1,2,13,27,-1,27,13,28,-1,11,29,30,-1,11,30,12,-1,12,30,28,-1,12,28,13,-1,11,9,29,-1,29,9,31,-1,4,32,33,-1,4,33,8,-1,8,33,31,-1,8,31,9,-1,4,0,32,-1,32,0,26,-1,
        ]
    }
}
Shape{
    appearance Appearance {
        material  Material 	{
            diffuseColor 0.996078431372549 0.8705882352941177 0.7607843137254902
            specularColor 0.4980392156862745 0.43529411764705883 0.3803921568627451
            ambientIntensity 0.8956
            transparency 0.0
            shininess 0.5
        }
    }
    geometry IndexedFaceSet {
        ccw TRUE
        solid FALSE
        coord DEF co Coordinate {
            point [
                0.5232 -1.1791 3.3478, 0.5228 -1.1791 3.3478, 0.5243 -1.1791 3.3422, 0.5217 -1.1791 3.3425, 0.5253 -1.1791 3.3385, 0.5206 -1.1791 3.3385, 0.5454 -1.1791 3.283, 0.5006 -1.1791 3.283
            ]
        }
        coordIndex [
            0,1,2,-1,2,1,3,-1,2,3,4,-1,4,3,5,-1,4,5,6,-1,6,5,7,-1,
        ]
    }
}
Shape{
    appearance Appearance {
        material  Material 	{
            diffuseColor 0.0 0.0 0.0
            specularColor 0.0 0.0 0.0
            ambientIntensity 0.0
            transparency 0.0
            shininess 0.5
        }
    }
    geometry IndexedFaceSet {
        ccw TRUE
        solid FALSE
        coord DEF co Coordinate {
            point [
                0.1196 -1.1831 3.0349, 0.1196 -1.1831 3.0197, 0.1196 -1.1791 3.0349, 0.1196 -1.1791 3.0197, 0.065 -1.1831 3.0349, 0.065 -1.1791 3.0349, 0.065 -1.1831 3.0798, 0.065 -1.1791 3.0798, 0.1128 -1.1831 3.0798, 0.1128 -1.1791 3.0798, 0.1128 -1.1831 3.0951, 0.1128 -1.1791 3.0951, 0.065 -1.1831 3.0951, 0.065 -1.1791 3.0951, 0.065 -1.1831 3.1378, 0.065 -1.1791 3.1378, 0.1166 -1.1831 3.1378, 0.1166 -1.1791 3.1378, 0.1166 -1.1831 3.1532, 0.1166 -1.1791 3.1532, 0.0478 -1.1831 3.1532, 0.0478 -1.1791 3.1532, 0.0478 -1.1831 3.0197, 0.0478 -1.1791 3.0197, 0.1955 -1.1831 3.0197, 0.2122 -1.1831 3.0197, 0.1955 -1.1831 3.0345, 0.2122 -1.1831 3.0811, 0.1731 -1.1831 3.0645, 0.1955 -1.1831 3.0675, 0.1955 -1.1831 3.0584, 0.195 -1.1831 3.0345, 0.1862 -1.1831 3.0369, 0.1907 -1.1831 3.0283, 0.1815 -1.1831 3.0337, 0.1478 -1.1831 3.0698, 0.1426 -1.1831 3.0654, 0.155 -1.1831 3.0562, 0.1954 -1.1831 3.0573, 0.1944 -1.1831 3.0498, 0.1919 -1.1831 3.0439, 0.1883 -1.1831 3.039, 0.1449 -1.1831 3.1083, 0.1449 -1.1831 3.0921, 0.1484 -1.1831 3.1104, 0.1547 -1.1831 3.0985, 0.1608 -1.1831 3.1152, 0.1651 -1.1831 3.1024, 0.1777 -1.1831 3.1172, 0.1761 -1.1831 3.1036, 0.1881 -1.1831 3.1162, 0.1818 -1.1831 3.103, 0.1951 -1.1831 3.1141, 0.1857 -1.1831 3.1017, 0.2006 -1.1831 3.1109, 0.1887 -1.1831 3.0998, 0.205 -1.1831 3.1065, 0.1912 -1.1831 3.0971, 0.2084 -1.1831 3.1011, 0.1931 -1.1831 3.0936, 0.211 -1.1831 3.0933, 0.1949 -1.1831 3.0877, 0.1955 -1.1831 3.0803, 0.1535 -1.1831 3.0531, 0.1392 -1.1831 3.0607, 0.1527 -1.1831 3.0493, 0.1672 -1.1831 3.0763, 0.159 -1.1831 3.0602, 0.1628 -1.1831 3.0621, 0.156 -1.1831 3.0369, 0.1438 -1.1831 3.025, 0.1574 -1.1831 3.0355, 0.1494 -1.1831 3.021, 0.1607 -1.1831 3.0332, 0.1558 -1.1831 3.0186, 0.1645 -1.1831 3.0318, 0.1658 -1.1831 3.0175, 0.1701 -1.1831 3.0312, 0.1753 -1.1831 3.0186, 0.1764 -1.1831 3.0319, 0.1819 -1.1831 3.0213, 0.1851 -1.1831 3.0233, 0.157 -1.1831 3.0587, 0.1551 -1.1831 3.0735, 0.1368 -1.1831 3.0548, 0.1357 -1.1831 3.0477, 0.1525 -1.1831 3.0466, 0.1356 -1.1831 3.0452, 0.153 -1.1831 3.0428, 0.1364 -1.1831 3.0376, 0.1541 -1.1831 3.0397, 0.1384 -1.1831 3.032, 0.1419 -1.1831 3.0268, 0.1777 -1.1791 3.1172, 0.1608 -1.1791 3.1152, 0.1484 -1.1791 3.1104, 0.1449 -1.1791 3.1083, 0.1449 -1.1791 3.0921, 0.1547 -1.1791 3.0985, 0.1651 -1.1791 3.1024, 0.1761 -1.1791 3.1036, 0.1818 -1.1791 3.103, 0.1857 -1.1791 3.1017, 0.1887 -1.1791 3.0998, 0.1912 -1.1791 3.0971, 0.1931 -1.1791 3.0936, 0.1949 -1.1791 3.0877, 0.1955 -1.1791 3.0803, 0.1672 -1.1791 3.0763, 0.1551 -1.1791 3.0735, 0.1478 -1.1791 3.0698, 0.1426 -1.1791 3.0654, 0.1392 -1.1791 3.0607, 0.1368 -1.1791 3.0548, 0.1357 -1.1791 3.0477, 0.1356 -1.1791 3.0452, 0.1364 -1.1791 3.0376, 0.1384 -1.1791 3.032, 0.1419 -1.1791 3.0268, 0.1438 -1.1791 3.025, 0.1658 -1.1791 3.0175, 0.1561 -1.1791 3.0186, 0.1558 -1.1791 3.0186, 0.1494 -1.1791 3.021, 0.1749 -1.1791 3.0186, 0.1753 -1.1791 3.0186, 0.1819 -1.1791 3.0213, 0.1851 -1.1791 3.0233, 0.1907 -1.1791 3.0283, 0.195 -1.1791 3.0345, 0.1955 -1.1791 3.0345, 0.1955 -1.1791 3.0197, 0.2122 -1.1791 3.0197, 0.2122 -1.1791 3.0811, 0.211 -1.1791 3.0933, 0.2084 -1.1791 3.1011, 0.205 -1.1791 3.1065, 0.2006 -1.1791 3.1109, 0.1951 -1.1791 3.1141, 0.1881 -1.1791 3.1162, 0.157 -1.1791 3.0587, 0.159 -1.1791 3.0602, 0.1628 -1.1791 3.0621, 0.1731 -1.1791 3.0645, 0.1525 -1.1791 3.0466, 0.1527 -1.1791 3.0493, 0.1535 -1.1791 3.0531, 0.155 -1.1791 3.0562, 0.1574 -1.1791 3.0355, 0.156 -1.1791 3.0369, 0.1541 -1.1791 3.0397, 0.153 -1.1791 3.0428, 0.1701 -1.1791 3.0312, 0.1645 -1.1791 3.0318, 0.1607 -1.1791 3.0332, 0.1883 -1.1791 3.039, 0.1862 -1.1791 3.0369, 0.1815 -1.1791 3.0337, 0.1764 -1.1791 3.0319, 0.1955 -1.1791 3.0584, 0.1954 -1.1791 3.0573, 0.1944 -1.1791 3.0498, 0.1919 -1.1791 3.0439, 0.1955 -1.1791 3.0675
            ]
        }
        coordIndex [
            0,1,2,-1,2,1,3,-1,4,0,5,-1,5,0,2,-1,6,4,7,-1,7,4,5,-1,8,6,9,-1,9,6,7,-1,10,8,11,-1,11,8,9,-1,12,10,13,-1,13,10,11,-1,14,12,15,-1,15,12,13,-1,16,14,17,-1,17,14,15,-1,18,16,19,-1,19,16,17,-1,20,18,21,-1,21,18,19,-1,22,20,23,-1,23,20,21,-1,1,22,3,-1,3,22,23,-1,22,1,0,-1,0,4,22,-1,22,4,6,-1,22,6,20,-1,16,18,14,-1,14,18,20,-1,14,20,12,-1,12,20,6,-1,12,6,10,-1,10,6,8,-1,24,25,26,-1,26,25,27,-1,28,29,27,-1,27,29,30,-1,31,32,33,-1,33,32,34,-1,35,36,37,-1,30,38,27,-1,27,38,39,-1,27,39,26,-1,26,39,40,-1,26,40,31,-1,31,40,41,-1,31,41,32,-1,42,43,44,-1,44,43,45,-1,44,45,46,-1,46,45,47,-1,46,47,48,-1,48,47,49,-1,48,49,50,-1,50,49,51,-1,50,51,52,-1,52,51,53,-1,52,53,54,-1,54,53,55,-1,54,55,56,-1,56,55,57,-1,56,57,58,-1,58,57,59,-1,58,59,60,-1,60,59,61,-1,60,61,27,-1,27,61,62,-1,27,62,28,-1,37,36,63,-1,63,36,64,-1,63,64,65,-1,66,67,62,-1,62,67,68,-1,62,68,28,-1,69,70,71,-1,71,70,72,-1,71,72,73,-1,73,72,74,-1,73,74,75,-1,75,74,76,-1,75,76,77,-1,77,76,78,-1,77,78,79,-1,79,78,80,-1,79,80,34,-1,34,80,81,-1,34,81,33,-1,37,82,35,-1,35,82,67,-1,35,67,83,-1,83,67,66,-1,64,84,65,-1,65,84,85,-1,65,85,86,-1,86,85,87,-1,86,87,88,-1,88,87,89,-1,88,89,90,-1,90,89,91,-1,90,91,69,-1,69,91,92,-1,69,92,70,-1,48,93,94,-1,48,94,46,-1,46,94,95,-1,46,95,44,-1,44,95,96,-1,44,96,42,-1,43,42,97,-1,97,42,96,-1,43,97,98,-1,43,98,45,-1,45,98,99,-1,45,99,47,-1,47,99,100,-1,47,100,49,-1,49,100,101,-1,49,101,51,-1,51,101,102,-1,51,102,53,-1,53,102,103,-1,53,103,55,-1,55,103,104,-1,55,104,57,-1,57,104,105,-1,57,105,59,-1,59,105,106,-1,59,106,61,-1,61,106,107,-1,61,107,62,-1,66,62,108,-1,108,62,107,-1,66,108,109,-1,66,109,83,-1,83,109,110,-1,83,110,35,-1,35,110,111,-1,35,111,36,-1,36,111,112,-1,36,112,64,-1,64,112,113,-1,64,113,84,-1,84,113,114,-1,84,114,85,-1,85,114,115,-1,85,115,87,-1,87,115,116,-1,87,116,89,-1,89,116,117,-1,89,117,91,-1,91,117,118,-1,91,118,92,-1,92,118,119,-1,92,119,70,-1,120,76,121,-1,121,76,74,-1,121,74,122,-1,122,74,72,-1,122,72,123,-1,123,72,70,-1,123,70,119,-1,120,124,76,-1,76,124,78,-1,124,125,78,-1,78,125,126,-1,78,126,80,-1,80,126,127,-1,80,127,81,-1,81,127,128,-1,81,128,33,-1,33,128,129,-1,33,129,31,-1,26,31,130,-1,130,31,129,-1,24,26,131,-1,131,26,130,-1,25,24,132,-1,132,24,131,-1,27,25,133,-1,133,25,132,-1,27,133,134,-1,27,134,60,-1,60,134,135,-1,60,135,58,-1,58,135,136,-1,58,136,56,-1,56,136,137,-1,56,137,54,-1,54,137,138,-1,54,138,52,-1,52,138,139,-1,52,139,50,-1,50,139,93,-1,50,93,48,-1,82,140,141,-1,82,141,67,-1,67,141,142,-1,67,142,68,-1,68,142,143,-1,68,143,28,-1,86,144,145,-1,86,145,65,-1,65,145,146,-1,65,146,63,-1,63,146,147,-1,63,147,37,-1,37,147,140,-1,37,140,82,-1,71,148,149,-1,71,149,69,-1,69,149,150,-1,69,150,90,-1,90,150,151,-1,90,151,88,-1,88,151,144,-1,88,144,86,-1,77,152,153,-1,77,153,75,-1,75,153,154,-1,75,154,73,-1,73,154,148,-1,73,148,71,-1,41,155,156,-1,41,156,32,-1,32,156,157,-1,32,157,34,-1,34,157,158,-1,34,158,79,-1,79,158,152,-1,79,152,77,-1,30,159,160,-1,30,160,38,-1,38,160,161,-1,38,161,39,-1,39,161,162,-1,39,162,40,-1,40,162,155,-1,40,155,41,-1,30,29,159,-1,159,29,163,-1,29,28,163,-1,163,28,143,-1,
        ]
    }
}
Shape{
    appearance Appearance {
        material  Material 	{
            diffuseColor 0.996078431372549 0.8705882352941177 0.7607843137254902
            specularColor 0.4980392156862745 0.43529411764705883 0.3803921568627451
            ambientIntensity 0.8956
            transparency 0.0
            shininess 0.5
        }
    }
    geometry IndexedFaceSet {
        ccw TRUE
        solid FALSE
        coord DEF co Coordinate {
            point [
                0.1954 -1.1791 3.0573, 0.1955 -1.1791 3.0584, 0.157 -1.1791 3.0587, 0.1955 -1.1791 3.0675, 0.1731 -1.1791 3.0645, 0.1628 -1.1791 3.0621, 0.159 -1.1791 3.0602, 0.1944 -1.1791 3.0498, 0.155 -1.1791 3.0562, 0.1919 -1.1791 3.0439, 0.156 -1.1791 3.0369, 0.1574 -1.1791 3.0355, 0.1862 -1.1791 3.0369, 0.1541 -1.1791 3.0397, 0.1815 -1.1791 3.0337, 0.1764 -1.1791 3.0319, 0.1701 -1.1791 3.0312, 0.1535 -1.1791 3.0531, 0.1527 -1.1791 3.0493, 0.1883 -1.1791 3.039, 0.1525 -1.1791 3.0466, 0.153 -1.1791 3.0428, 0.1607 -1.1791 3.0332, 0.1645 -1.1791 3.0318
            ]
        }
        coordIndex [
            0,1,2,-1,1,3,4,-1,4,5,1,-1,1,5,6,-1,1,6,2,-1,0,2,7,-1,7,2,8,-1,7,8,9,-1,10,11,12,-1,10,12,13,-1,14,12,15,-1,15,12,16,-1,8,17,9,-1,9,17,18,-1,9,18,19,-1,19,18,20,-1,19,20,12,-1,12,20,21,-1,12,21,13,-1,11,22,12,-1,12,22,23,-1,12,23,16,-1,
        ]
    }
}
Shape{
    appearance Appearance {
        material  Material 	{
            diffuseColor 0.0 0.0 0.0
            specularColor 0.0 0.0 0.0
            ambientIntensity 0.0
            transparency 0.0
            shininess 0.5
        }
    }
    geometry IndexedFaceSet {
        ccw TRUE
        solid FALSE
        coord DEF co Coordinate {
            point [
                0.2348 -1.1791 3.0403, 0.2348 -1.1831 3.0403, 0.2415 -1.1831 3.0362, 0.2623 -1.1831 3.0311, 0.2623 -1.1791 3.0311, 0.252 -1.1791 3.0323, 0.252 -1.1831 3.0323, 0.2425 -1.1791 3.0358, 0.2415 -1.1791 3.0362, 0.2348 -1.1831 3.0231, 0.2348 -1.1791 3.0231, 0.245 -1.1831 3.0193, 0.2425 -1.1791 3.0202, 0.2607 -1.1791 3.0175, 0.2607 -1.1831 3.0175, 0.2511 -1.1791 3.0186, 0.245 -1.1791 3.0193, 0.2756 -1.1831 3.0192, 0.2703 -1.1791 3.0186, 0.2756 -1.1791 3.0192, 0.2845 -1.1791 3.0226, 0.2845 -1.1831 3.0226, 0.2884 -1.1791 3.025, 0.2884 -1.1831 3.025, 0.2932 -1.1791 3.0292, 0.2932 -1.1831 3.0292, 0.2963 -1.1791 3.0336, 0.2963 -1.1831 3.0336, 0.2984 -1.1791 3.0389, 0.2984 -1.1831 3.0389, 0.2992 -1.1791 3.0456, 0.2992 -1.1831 3.0456, 0.2985 -1.1791 3.0519, 0.2985 -1.1831 3.0519, 0.2967 -1.1791 3.0568, 0.2967 -1.1831 3.0568, 0.2936 -1.1791 3.0614, 0.2936 -1.1831 3.0614, 0.2896 -1.1791 3.065, 0.2896 -1.1831 3.065, 0.2785 -1.1791 3.0711, 0.2785 -1.1831 3.0711, 0.272 -1.1791 3.0738, 0.272 -1.1831 3.0738, 0.2617 -1.1791 3.0783, 0.2617 -1.1831 3.0783, 0.2558 -1.1791 3.0819, 0.2558 -1.1831 3.0819, 0.2542 -1.1791 3.0837, 0.2542 -1.1831 3.0837, 0.253 -1.1791 3.086, 0.253 -1.1831 3.086, 0.2523 -1.1791 3.0886, 0.2523 -1.1831 3.0886, 0.2521 -1.1791 3.0908, 0.2521 -1.1831 3.0908, 0.2525 -1.1791 3.0935, 0.2525 -1.1831 3.0935, 0.2533 -1.1791 3.0957, 0.2533 -1.1831 3.0957, 0.2547 -1.1791 3.0979, 0.2547 -1.1831 3.0979, 0.2572 -1.1791 3.1001, 0.2572 -1.1831 3.1001, 0.261 -1.1791 3.1021, 0.261 -1.1831 3.1021, 0.2655 -1.1791 3.1033, 0.2655 -1.1831 3.1033, 0.2704 -1.1791 3.1036, 0.2704 -1.1831 3.1036, 0.2811 -1.1791 3.1025, 0.2811 -1.1831 3.1025, 0.2906 -1.1791 3.0991, 0.2906 -1.1831 3.0991, 0.2946 -1.1791 3.0967, 0.2946 -1.1831 3.0967, 0.2946 -1.1831 3.113, 0.2946 -1.1791 3.113, 0.2838 -1.1791 3.1162, 0.2838 -1.1831 3.1162, 0.272 -1.1791 3.1172, 0.272 -1.1831 3.1172, 0.2604 -1.1791 3.116, 0.2604 -1.1831 3.116, 0.2511 -1.1791 3.1128, 0.2511 -1.1831 3.1128, 0.2456 -1.1791 3.1096, 0.2456 -1.1831 3.1096, 0.2407 -1.1831 3.1052, 0.2425 -1.1791 3.1069, 0.2407 -1.1791 3.1052, 0.2376 -1.1791 3.1007, 0.2376 -1.1831 3.1007, 0.2356 -1.1791 3.0953, 0.2356 -1.1831 3.0953, 0.2349 -1.1791 3.0893, 0.2349 -1.1831 3.0893, 0.2356 -1.1791 3.0828, 0.2356 -1.1831 3.0828, 0.2375 -1.1791 3.0777, 0.2375 -1.1831 3.0777, 0.2397 -1.1791 3.0742, 0.2397 -1.1831 3.0742, 0.2602 -1.1791 3.0616, 0.2602 -1.1831 3.0616, 0.2503 -1.1831 3.0662, 0.2424 -1.1791 3.0714, 0.2424 -1.1831 3.0714, 0.2425 -1.1791 3.0713, 0.2503 -1.1791 3.0662, 0.2712 -1.1791 3.057, 0.2712 -1.1831 3.057, 0.2777 -1.1791 3.0531, 0.2777 -1.1831 3.0531, 0.2798 -1.1791 3.0509, 0.2798 -1.1831 3.0509, 0.2811 -1.1791 3.0487, 0.2811 -1.1831 3.0487, 0.2819 -1.1791 3.0461, 0.2819 -1.1831 3.0461, 0.282 -1.1791 3.044, 0.282 -1.1831 3.044, 0.2817 -1.1791 3.0408, 0.2817 -1.1831 3.0408, 0.2808 -1.1791 3.0384, 0.2808 -1.1831 3.0384, 0.2794 -1.1791 3.0363, 0.2794 -1.1831 3.0363, 0.2775 -1.1791 3.0346, 0.2775 -1.1831 3.0346, 0.2759 -1.1791 3.0337, 0.2759 -1.1831 3.0337, 0.2716 -1.1791 3.0321, 0.2716 -1.1831 3.0321, 0.2631 -1.1791 3.0311, 0.2631 -1.1831 3.0311, 0.3821 -1.1831 3.115, 0.3994 -1.1831 3.115, 0.3821 -1.1791 3.115, 0.3994 -1.1791 3.115, 0.356 -1.1831 3.0433, 0.356 -1.1791 3.0433, 0.3547 -1.1791 3.0388, 0.3547 -1.1831 3.0388, 0.354 -1.1791 3.0355, 0.354 -1.1831 3.0355, 0.3535 -1.1831 3.0355, 0.3535 -1.1791 3.0355, 0.3515 -1.1831 3.0434, 0.3515 -1.1791 3.0434, 0.3266 -1.1791 3.115, 0.3266 -1.1831 3.115, 0.3347 -1.1791 3.0918, 0.3079 -1.1831 3.115, 0.3079 -1.1791 3.115, 0.3453 -1.1791 3.0199, 0.3453 -1.1831 3.0199, 0.3347 -1.1791 3.047, 0.3379 -1.1791 3.0026, 0.3379 -1.1831 3.0026, 0.3447 -1.1791 3.0186, 0.3347 -1.1791 2.9966, 0.3346 -1.1831 2.9965, 0.3346 -1.1791 2.9965, 0.3315 -1.1791 2.9931, 0.3315 -1.1831 2.9931, 0.3287 -1.1791 2.9911, 0.3287 -1.1831 2.9911, 0.325 -1.1791 2.9897, 0.325 -1.1831 2.9897, 0.3208 -1.1791 2.9892, 0.3208 -1.1831 2.9892, 0.3148 -1.1791 2.9899, 0.3148 -1.1831 2.9899, 0.3113 -1.1791 2.9911, 0.3113 -1.1831 2.9911, 0.3113 -1.1831 2.9762, 0.3113 -1.1791 2.9762, 0.3184 -1.1791 2.975, 0.3184 -1.1831 2.975, 0.3221 -1.1791 2.9748, 0.3221 -1.1831 2.9748, 0.3289 -1.1791 2.9756, 0.3289 -1.1831 2.9756, 0.3347 -1.1791 2.9778, 0.3355 -1.1831 2.9781, 0.3355 -1.1791 2.9781, 0.3413 -1.1791 2.9822, 0.3413 -1.1831 2.9822, 0.3424 -1.1791 2.9832, 0.3424 -1.1831 2.9832, 0.3486 -1.1791 2.9906, 0.3486 -1.1831 2.9906, 0.3561 -1.1791 3.0053, 0.3561 -1.1831 3.0053, 0.3614 -1.1791 3.0186, 0.4892 -1.1831 3.0349, 0.4892 -1.1831 3.0197, 0.4892 -1.1791 3.0349, 0.4892 -1.1791 3.0197, 0.4346 -1.1791 3.0349, 0.4346 -1.1831 3.0349, 0.4596 -1.1791 3.0349, 0.4346 -1.1831 3.0798, 0.4346 -1.1791 3.0798, 0.4823 -1.1791 3.0798, 0.4823 -1.1831 3.0798, 0.4596 -1.1791 3.0798, 0.4823 -1.1831 3.0951, 0.4823 -1.1791 3.0951, 0.4346 -1.1791 3.0951, 0.4346 -1.1831 3.0951, 0.4596 -1.1791 3.0951, 0.4346 -1.1831 3.1378, 0.4346 -1.1791 3.1378, 0.4861 -1.1791 3.1378, 0.4861 -1.1831 3.1378, 0.4596 -1.1791 3.1378, 0.4861 -1.1831 3.1532, 0.4861 -1.1791 3.1532, 0.4174 -1.1791 3.1532, 0.4174 -1.1831 3.1532, 0.4596 -1.1791 3.1532, 0.4174 -1.1831 3.0197, 0.4174 -1.1791 3.0197, 0.4596 -1.1791 3.0197, 0.6029 -1.1831 3.0384, 0.5891 -1.1831 3.0474, 0.5889 -1.1831 3.0284, 0.5805 -1.1831 3.0414, 0.5737 -1.1831 3.0225, 0.5694 -1.1831 3.0371, 0.5511 -1.1831 3.0197, 0.551 -1.1831 3.0349, 0.5144 -1.1831 3.0197, 0.5316 -1.1831 3.0349, 0.5144 -1.1831 3.1532, 0.5316 -1.1831 3.1378, 0.5524 -1.1831 3.1532, 0.5518 -1.1831 3.1378, 0.5531 -1.1831 3.1378, 0.5728 -1.1831 3.1509, 0.5702 -1.1831 3.1356, 0.5889 -1.1831 3.145, 0.5815 -1.1831 3.1312, 0.6029 -1.1831 3.1355, 0.5903 -1.1831 3.1253, 0.6076 -1.1831 3.1309, 0.594 -1.1831 3.1216, 0.6159 -1.1831 3.1192, 0.5992 -1.1831 3.1141, 0.6208 -1.1831 3.1065, 0.6029 -1.1831 3.1043, 0.623 -1.1831 3.0881, 0.6049 -1.1831 3.0877, 0.6226 -1.1831 3.0796, 0.6044 -1.1831 3.0785, 0.6194 -1.1831 3.064, 0.6017 -1.1831 3.0664, 0.6128 -1.1831 3.0502, 0.597 -1.1831 3.0566, 0.5907 -1.1831 3.0489, 0.5511 -1.1791 3.0197, 0.5144 -1.1791 3.0197, 0.5737 -1.1791 3.0225, 0.5889 -1.1791 3.0284, 0.6029 -1.1791 3.0384, 0.6128 -1.1791 3.0502, 0.6194 -1.1791 3.064, 0.6226 -1.1791 3.0796, 0.623 -1.1791 3.0881, 0.6208 -1.1791 3.1065, 0.6159 -1.1791 3.1192, 0.6076 -1.1791 3.1309, 0.6029 -1.1791 3.1355, 0.5889 -1.1791 3.145, 0.5728 -1.1791 3.1509, 0.5524 -1.1791 3.1532, 0.5144 -1.1791 3.1532, 0.5518 -1.1791 3.1378, 0.5316 -1.1791 3.1378, 0.5316 -1.1791 3.0349, 0.551 -1.1791 3.0349, 0.5907 -1.1791 3.0489, 0.5891 -1.1791 3.0474, 0.5805 -1.1791 3.0414, 0.5694 -1.1791 3.0371, 0.6049 -1.1791 3.0877, 0.6044 -1.1791 3.0785, 0.6017 -1.1791 3.0664, 0.597 -1.1791 3.0566, 0.5903 -1.1791 3.1253, 0.594 -1.1791 3.1216, 0.5992 -1.1791 3.1141, 0.6029 -1.1791 3.1043, 0.5531 -1.1791 3.1378, 0.5702 -1.1791 3.1356, 0.5815 -1.1791 3.1312
            ]
        }
        coordIndex [
            0,1,2,-1,3,4,5,-1,3,5,6,-1,6,5,7,-1,6,7,2,-1,2,7,8,-1,2,8,0,-1,9,1,10,-1,10,1,0,-1,9,10,11,-1,11,10,12,-1,13,14,15,-1,15,14,11,-1,15,11,16,-1,16,11,12,-1,14,13,17,-1,17,13,18,-1,18,19,17,-1,17,19,20,-1,17,20,21,-1,21,20,22,-1,21,22,23,-1,23,22,24,-1,23,24,25,-1,25,24,26,-1,25,26,27,-1,27,26,28,-1,27,28,29,-1,29,28,30,-1,29,30,31,-1,31,30,32,-1,31,32,33,-1,33,32,34,-1,33,34,35,-1,35,34,36,-1,35,36,37,-1,37,36,38,-1,37,38,39,-1,39,38,40,-1,39,40,41,-1,41,40,42,-1,41,42,43,-1,43,42,44,-1,43,44,45,-1,45,44,46,-1,45,46,47,-1,47,46,48,-1,47,48,49,-1,49,48,50,-1,49,50,51,-1,51,50,52,-1,51,52,53,-1,53,52,54,-1,53,54,55,-1,55,54,56,-1,55,56,57,-1,57,56,58,-1,57,58,59,-1,59,58,60,-1,59,60,61,-1,61,60,62,-1,61,62,63,-1,63,62,64,-1,63,64,65,-1,65,64,66,-1,65,66,67,-1,67,66,68,-1,67,68,69,-1,69,68,70,-1,69,70,71,-1,71,70,72,-1,71,72,73,-1,73,72,74,-1,73,74,75,-1,76,75,77,-1,77,75,74,-1,76,77,78,-1,76,78,79,-1,79,78,80,-1,79,80,81,-1,81,80,82,-1,81,82,83,-1,83,82,84,-1,83,84,85,-1,85,84,86,-1,85,86,87,-1,87,86,88,-1,88,86,89,-1,89,90,88,-1,88,90,91,-1,88,91,92,-1,92,91,93,-1,92,93,94,-1,94,93,95,-1,94,95,96,-1,96,95,97,-1,96,97,98,-1,98,97,99,-1,98,99,100,-1,100,99,101,-1,100,101,102,-1,103,104,105,-1,102,101,106,-1,102,106,107,-1,107,106,108,-1,107,108,105,-1,105,108,109,-1,105,109,103,-1,104,103,110,-1,104,110,111,-1,111,110,112,-1,111,112,113,-1,113,112,114,-1,113,114,115,-1,115,114,116,-1,115,116,117,-1,117,116,118,-1,117,118,119,-1,119,118,120,-1,119,120,121,-1,121,120,122,-1,121,122,123,-1,123,122,124,-1,123,124,125,-1,125,124,126,-1,125,126,127,-1,127,126,128,-1,127,128,129,-1,129,128,130,-1,129,130,131,-1,131,130,132,-1,131,132,133,-1,133,132,134,-1,133,134,135,-1,135,134,4,-1,135,4,3,-1,61,63,85,-1,85,63,83,-1,111,43,104,-1,104,43,45,-1,21,23,127,-1,127,23,25,-1,127,25,125,-1,125,25,27,-1,125,27,123,-1,123,27,29,-1,123,29,121,-1,121,29,31,-1,121,31,119,-1,119,31,33,-1,119,33,117,-1,117,33,35,-1,117,35,115,-1,115,35,37,-1,115,37,113,-1,113,37,39,-1,113,39,111,-1,111,39,41,-1,111,41,43,-1,14,3,11,-1,11,3,6,-1,11,6,9,-1,9,6,2,-1,9,2,1,-1,63,65,83,-1,83,65,67,-1,83,67,81,-1,81,67,69,-1,81,69,79,-1,79,69,71,-1,79,71,76,-1,76,71,73,-1,76,73,75,-1,127,129,21,-1,21,129,131,-1,21,131,17,-1,17,131,133,-1,17,133,14,-1,14,133,135,-1,14,135,3,-1,85,87,61,-1,61,87,88,-1,61,88,59,-1,59,88,92,-1,59,92,57,-1,57,92,94,-1,57,94,55,-1,55,94,96,-1,55,96,53,-1,53,96,98,-1,53,98,51,-1,51,98,100,-1,51,100,49,-1,49,100,102,-1,49,102,47,-1,47,102,107,-1,47,107,45,-1,45,107,105,-1,45,105,104,-1,136,137,138,-1,138,137,139,-1,140,136,141,-1,141,136,138,-1,140,141,142,-1,140,142,143,-1,143,142,144,-1,143,144,145,-1,146,145,147,-1,147,145,144,-1,148,146,149,-1,149,146,147,-1,150,151,152,-1,152,151,148,-1,152,148,149,-1,153,151,154,-1,154,151,150,-1,155,156,157,-1,157,156,153,-1,157,153,154,-1,158,159,160,-1,160,159,156,-1,160,156,155,-1,158,161,159,-1,159,161,162,-1,161,163,162,-1,162,163,164,-1,162,164,165,-1,165,164,166,-1,165,166,167,-1,167,166,168,-1,167,168,169,-1,169,168,170,-1,169,170,171,-1,171,170,172,-1,171,172,173,-1,173,172,174,-1,173,174,175,-1,176,175,177,-1,177,175,174,-1,176,177,178,-1,176,178,179,-1,179,178,180,-1,179,180,181,-1,181,180,182,-1,181,182,183,-1,183,182,184,-1,183,184,185,-1,184,186,185,-1,185,186,187,-1,185,187,188,-1,188,187,189,-1,188,189,190,-1,190,189,191,-1,190,191,192,-1,192,191,193,-1,192,193,194,-1,139,137,195,-1,195,137,194,-1,195,194,193,-1,143,145,194,-1,137,136,194,-1,194,136,140,-1,194,140,143,-1,151,153,148,-1,148,153,156,-1,148,156,146,-1,175,176,173,-1,173,176,179,-1,173,179,171,-1,171,179,181,-1,171,181,169,-1,169,181,183,-1,169,183,167,-1,167,183,185,-1,167,185,165,-1,145,146,194,-1,194,146,156,-1,194,156,192,-1,156,159,192,-1,192,159,162,-1,192,162,190,-1,190,162,165,-1,190,165,188,-1,188,165,185,-1,196,197,198,-1,198,197,199,-1,200,201,202,-1,202,201,196,-1,202,196,198,-1,203,201,204,-1,204,201,200,-1,205,206,207,-1,207,206,203,-1,207,203,204,-1,208,206,209,-1,209,206,205,-1,210,211,212,-1,212,211,208,-1,212,208,209,-1,213,211,214,-1,214,211,210,-1,215,216,217,-1,217,216,213,-1,217,213,214,-1,218,216,219,-1,219,216,215,-1,220,221,222,-1,222,221,218,-1,222,218,219,-1,223,221,224,-1,224,221,220,-1,199,197,225,-1,225,197,223,-1,225,223,224,-1,223,197,196,-1,196,201,223,-1,223,201,203,-1,223,203,221,-1,216,218,213,-1,213,218,221,-1,213,221,211,-1,211,221,203,-1,211,203,208,-1,208,203,206,-1,226,227,228,-1,228,227,229,-1,228,229,230,-1,230,229,231,-1,230,231,232,-1,232,231,233,-1,232,233,234,-1,234,233,235,-1,234,235,236,-1,236,235,237,-1,236,237,238,-1,237,239,238,-1,238,239,240,-1,238,240,241,-1,241,240,242,-1,241,242,243,-1,243,242,244,-1,243,244,245,-1,245,244,246,-1,245,246,247,-1,247,246,248,-1,247,248,249,-1,249,248,250,-1,249,250,251,-1,251,250,252,-1,251,252,253,-1,253,252,254,-1,253,254,255,-1,255,254,256,-1,255,256,257,-1,257,256,258,-1,257,258,259,-1,259,258,260,-1,259,260,226,-1,226,260,261,-1,226,261,227,-1,232,234,262,-1,262,234,263,-1,232,262,264,-1,232,264,230,-1,230,264,265,-1,230,265,228,-1,228,265,266,-1,228,266,226,-1,226,266,267,-1,226,267,259,-1,259,267,268,-1,259,268,257,-1,257,268,269,-1,257,269,255,-1,255,269,270,-1,255,270,253,-1,253,270,271,-1,253,271,251,-1,251,271,272,-1,251,272,249,-1,249,272,273,-1,249,273,247,-1,247,273,274,-1,247,274,245,-1,245,274,275,-1,245,275,243,-1,243,275,276,-1,243,276,241,-1,241,276,277,-1,241,277,238,-1,236,238,278,-1,278,238,277,-1,234,236,263,-1,263,236,278,-1,239,237,279,-1,279,237,280,-1,237,235,280,-1,280,235,281,-1,235,233,281,-1,281,233,282,-1,261,283,284,-1,261,284,227,-1,227,284,285,-1,227,285,229,-1,229,285,286,-1,229,286,231,-1,231,286,282,-1,231,282,233,-1,254,287,288,-1,254,288,256,-1,256,288,289,-1,256,289,258,-1,258,289,290,-1,258,290,260,-1,260,290,283,-1,260,283,261,-1,246,291,292,-1,246,292,248,-1,248,292,293,-1,248,293,250,-1,250,293,294,-1,250,294,252,-1,252,294,287,-1,252,287,254,-1,239,279,295,-1,239,295,240,-1,240,295,296,-1,240,296,242,-1,242,296,297,-1,242,297,244,-1,244,297,291,-1,244,291,246,-1,
        ]
    }
}
Shape{
    appearance Appearance {
        material  Material 	{
            diffuseColor 0.996078431372549 0.8705882352941177 0.7607843137254902
            specularColor 0.4980392156862745 0.43529411764705883 0.3803921568627451
            ambientIntensity 0.8956
            transparency 0.0
            shininess 0.5
        }
    }
    geometry IndexedFaceSet {
        ccw TRUE
        solid FALSE
        coord DEF co Coordinate {
            point [
                0.5805 -1.1791 3.0414, 0.5891 -1.1791 3.0474, 0.5531 -1.1791 3.1378, 0.5316 -1.1791 3.1378, 0.5316 -1.1791 3.0349, 0.5518 -1.1791 3.1378, 0.551 -1.1791 3.0349, 0.5694 -1.1791 3.0371, 0.5907 -1.1791 3.0489, 0.597 -1.1791 3.0566, 0.6017 -1.1791 3.0664, 0.6049 -1.1791 3.0877, 0.5903 -1.1791 3.1253, 0.5815 -1.1791 3.1312, 0.6029 -1.1791 3.1043, 0.5992 -1.1791 3.1141, 0.594 -1.1791 3.1216, 0.6044 -1.1791 3.0785, 0.5702 -1.1791 3.1356
            ]
        }
        coordIndex [
            0,1,2,-1,3,4,5,-1,5,4,6,-1,5,6,2,-1,2,6,7,-1,2,7,0,-1,1,8,2,-1,2,8,9,-1,2,9,10,-1,11,12,13,-1,14,15,11,-1,11,15,16,-1,11,16,12,-1,10,17,2,-1,2,17,11,-1,2,11,18,-1,18,11,13,-1,
        ]
    }
}
Shape{
    appearance Appearance {
        material  Material 	{
            diffuseColor 0.0 0.0 0.0
            specularColor 0.0 0.0 0.0
            ambientIntensity 0.0
            transparency 0.0
            shininess 0.5
        }
    }
    geometry IndexedFaceSet {
        ccw TRUE
        solid FALSE
        coord DEF co Coordinate {
            point [
                0.6677 -1.1831 3.0713, 0.6623 -1.1831 3.0562, 0.7125 -1.1831 3.0713, 0.7179 -1.1831 3.0562, 0.6877 -1.1831 3.1268, 0.6813 -1.1831 3.1532, 0.6304 -1.1831 3.0197, 0.6495 -1.1831 3.0197, 0.6889 -1.1831 3.1307, 0.6899 -1.1831 3.1361, 0.6997 -1.1831 3.1532, 0.6903 -1.1831 3.1361, 0.6914 -1.1831 3.1305, 0.6924 -1.1831 3.1268, 0.7505 -1.1831 3.0197, 0.7315 -1.1831 3.0197, 0.6997 -1.1791 3.1532, 0.7505 -1.1791 3.0197, 0.6813 -1.1791 3.1532, 0.6304 -1.1791 3.0197, 0.6495 -1.1791 3.0197, 0.6623 -1.1791 3.0562, 0.7179 -1.1791 3.0562, 0.7315 -1.1791 3.0197, 0.6677 -1.1791 3.0713, 0.7125 -1.1791 3.0713, 0.6924 -1.1791 3.1268, 0.6903 -1.1791 3.1361, 0.6914 -1.1791 3.1305, 0.6899 -1.1791 3.1361, 0.6877 -1.1791 3.1268, 0.6889 -1.1791 3.1307
            ]
        }
        coordIndex [
            0,1,2,-1,2,1,3,-1,4,5,0,-1,0,5,6,-1,0,6,1,-1,1,6,7,-1,4,8,5,-1,5,8,9,-1,5,9,10,-1,10,9,11,-1,10,11,12,-1,12,13,10,-1,10,13,2,-1,10,2,14,-1,14,2,3,-1,14,3,15,-1,10,14,16,-1,16,14,17,-1,5,10,18,-1,18,10,16,-1,6,5,19,-1,19,5,18,-1,7,6,20,-1,20,6,19,-1,1,7,21,-1,21,7,20,-1,3,1,22,-1,22,1,21,-1,15,3,23,-1,23,3,22,-1,14,15,17,-1,17,15,23,-1,0,2,24,-1,24,2,25,-1,2,13,25,-1,25,13,26,-1,11,27,28,-1,11,28,12,-1,12,28,26,-1,12,26,13,-1,11,9,27,-1,27,9,29,-1,4,30,31,-1,4,31,8,-1,8,31,29,-1,8,29,9,-1,4,0,30,-1,30,0,24,-1,
        ]
    }
}
Shape{
    appearance Appearance {
        material  Material 	{
            diffuseColor 0.996078431372549 0.8705882352941177 0.7607843137254902
            specularColor 0.4980392156862745 0.43529411764705883 0.3803921568627451
            ambientIntensity 0.8956
            transparency 0.0
            shininess 0.5
        }
    }
    geometry IndexedFaceSet {
        ccw TRUE
        solid FALSE
        coord DEF co Coordinate {
            point [
                0.6903 -1.1791 3.1361, 0.6899 -1.1791 3.1361, 0.6914 -1.1791 3.1305, 0.6889 -1.1791 3.1307, 0.6924 -1.1791 3.1268, 0.6877 -1.1791 3.1268, 0.7125 -1.1791 3.0713, 0.6677 -1.1791 3.0713
            ]
        }
        coordIndex [
            0,1,2,-1,2,1,3,-1,2,3,4,-1,4,3,5,-1,4,5,6,-1,6,5,7,-1,
        ]
    }
}
Shape{
    appearance Appearance {
        material  Material 	{
            diffuseColor 0.0 0.0 0.0
            specularColor 0.0 0.0 0.0
            ambientIntensity 0.0
            transparency 0.0
            shininess 0.5
        }
    }
    geometry IndexedFaceSet {
        ccw TRUE
        solid FALSE
        coord DEF co Coordinate {
            point [
                -0.5415 -1.1831 3.0008, -0.5274 -1.1831 2.9834, -0.5501 -1.1831 3.0847, -0.5666 -1.1831 3.2496, -0.5454 -1.1831 3.2608, -0.5505 -1.1831 3.3192, -0.4913 -1.1831 3.3219, -0.4619 -1.1831 3.2527, -0.4474 -1.1831 3.2827, -0.366 -1.1831 3.0515, -0.366 -1.1831 3.061, -0.4465 -1.1831 3.0842, -0.4555 -1.1831 3.087, -0.5708 -1.1831 3.0975, -0.563 -1.1831 3.0247, -0.5511 -1.1831 3.0212, -0.5131 -1.1831 3.3238, -0.4323 -1.1831 3.0728, -0.4279 -1.1831 3.0652, -0.3666 -1.1831 3.0417, -0.2332 -1.1831 3.1312, -0.2626 -1.1831 3.1815, -0.3898 -1.1831 3.1151, -0.4619 -1.1831 3.0876, -0.4709 -1.1831 3.0865, -0.4836 -1.1831 3.1446, -0.4792 -1.1831 3.0832, -0.5045 -1.1831 3.1365, -0.4866 -1.1831 3.078, -0.5239 -1.1831 3.1231, -0.4912 -1.1831 3.0732, -0.5396 -1.1831 3.1051, -0.4959 -1.1831 3.0652, -0.4985 -1.1831 3.0562, -0.4987 -1.1831 3.0469, -0.4265 -1.1831 3.141, -0.4494 -1.1831 3.1467, -0.4609 -1.1831 3.1473, -0.4387 -1.1831 3.0793, -0.2019 -1.1831 3.2251, -0.1943 -1.1831 3.2251, -0.1554 -1.1831 3.2764, -0.1763 -1.1831 3.2229, -0.1507 -1.1831 3.2748, -0.1597 -1.1831 3.2165, -0.1225 -1.1831 3.2608, -0.0968 -1.1831 3.239, -0.4718 -1.1831 3.3446, -0.4261 -1.1831 3.3081, -0.4495 -1.1831 3.3637, -0.4007 -1.1831 3.3267, -0.4225 -1.1831 3.38, -0.522 -1.1831 3.2664, -0.5122 -1.1831 3.2669, -0.5022 -1.1831 3.3232, -0.4899 -1.1831 3.2641, -0.4687 -1.1831 3.2564, -0.4967 -1.1831 3.0381, -0.4928 -1.1831 3.0302, -0.4063 -1.1831 3.1302, -0.0966 -1.1831 3.062, -0.1408 -1.1831 3.0996, -0.1224 -1.1831 3.0401, -0.1549 -1.1831 3.0881, -0.1514 -1.1831 3.0259, -0.1716 -1.1831 3.0804, -0.1829 -1.1831 3.0193, -0.1886 -1.1831 3.0771, -0.2389 -1.1831 3.0193, -0.2313 -1.1831 3.0771, -0.2443 -1.1831 3.0201, -0.145 -1.1831 3.2063, -0.134 -1.1831 3.194, -0.0774 -1.1831 3.212, -0.1252 -1.1831 3.1777, -0.0658 -1.1831 3.183, -0.1208 -1.1831 3.1594, -0.0615 -1.1831 3.1521, -0.1203 -1.1831 3.1511, -0.0658 -1.1831 3.1182, -0.1226 -1.1831 3.1327, -0.0778 -1.1831 3.0882, -0.1291 -1.1831 3.1158, -0.1396 -1.1831 3.101, -0.2066 -1.1831 3.3513, -0.2437 -1.1831 3.3077, -0.1738 -1.1831 3.3129, -0.2223 -1.1831 3.2821, -0.2077 -1.1831 3.2516, -0.6042 -1.1831 3.195, -0.6665 -1.1831 3.1792, -0.607 -1.1831 3.172, -0.6668 -1.1831 3.1701, -0.6059 -1.1831 3.1574, -0.6622 -1.1831 3.133, -0.5991 -1.1831 3.1342, -0.6486 -1.1831 3.0977, -0.5878 -1.1831 3.1149, -0.627 -1.1831 3.0667, -0.5973 -1.1831 3.0414, -0.3785 -1.1831 3.3959, -0.3697 -1.1831 3.3393, -0.3357 -1.1831 3.4007, -0.3347 -1.1831 3.3437, -0.2908 -1.1831 3.3952, -0.3026 -1.1831 3.3398, -0.2437 -1.1831 3.377, -0.2728 -1.1831 3.3284, -0.2462 -1.1831 3.3099, -0.5856 -1.1831 3.3056, -0.6158 -1.1831 3.2844, -0.5829 -1.1831 3.235, -0.6222 -1.1831 3.2783, -0.5961 -1.1831 3.2161, -0.645 -1.1831 3.2491, -0.6602 -1.1831 3.2149, -0.4253 -1.1831 3.0565, -0.425 -1.1831 3.0473, -0.3721 -1.1831 3.0182, -0.427 -1.1831 3.0382, -0.3833 -1.1831 2.9971, -0.4312 -1.1831 3.0299, -0.3979 -1.1831 2.9807, -0.4373 -1.1831 3.0229, -0.4168 -1.1831 2.9676, -0.4445 -1.1831 3.0179, -0.438 -1.1831 2.9595, -0.4528 -1.1831 3.0147, -0.4609 -1.1831 2.9566, -0.4619 -1.1831 3.0136, -0.4646 -1.1831 2.9567, -0.4635 -1.1831 3.0136, -0.487 -1.1831 2.9602, -0.472 -1.1831 3.015, -0.5089 -1.1831 2.9694, -0.4806 -1.1831 3.0187, -0.4878 -1.1831 3.0242, -0.2361 -1.1831 3.078, -0.2589 -1.1831 3.0292, -0.2567 -1.1831 3.027, -0.2332 -1.1831 3.0774, -0.2505 -1.1831 3.0226, -0.2664 -1.1831 3.0487, -0.2655 -1.1831 3.0416, -0.263 -1.1831 3.0352, -0.2444 -1.1831 3.0771, -0.2509 -1.1831 3.0746, -0.2662 -1.1831 3.0524, -0.2567 -1.1831 3.0704, -0.2606 -1.1831 3.0661, -0.2643 -1.1831 3.0596, -0.237 -1.1831 3.0781, -0.0615 -1.1791 3.1521, -0.0658 -1.1791 3.183, -0.0691 -1.1791 3.1912, -0.0774 -1.1791 3.212, -0.0968 -1.1791 3.239, -0.1225 -1.1791 3.2608, -0.1507 -1.1791 3.2748, -0.1554 -1.1791 3.2764, -0.1738 -1.1791 3.3129, -0.2066 -1.1791 3.3513, -0.2278 -1.1791 3.366, -0.2437 -1.1791 3.377, -0.2908 -1.1791 3.3952, -0.3357 -1.1791 3.4007, -0.3785 -1.1791 3.3959, -0.4225 -1.1791 3.38, -0.4457 -1.1791 3.366, -0.4495 -1.1791 3.3637, -0.4718 -1.1791 3.3446, -0.4913 -1.1791 3.3219, -0.5022 -1.1791 3.3232, -0.5131 -1.1791 3.3238, -0.5505 -1.1791 3.3192, -0.5856 -1.1791 3.3056, -0.6158 -1.1791 3.2844, -0.6222 -1.1791 3.2783, -0.6602 -1.1791 3.2149, -0.645 -1.1791 3.2491, -0.6644 -1.1791 3.1912, -0.6665 -1.1791 3.1792, -0.6668 -1.1791 3.1701, -0.6622 -1.1791 3.133, -0.6486 -1.1791 3.0977, -0.627 -1.1791 3.0667, -0.5973 -1.1791 3.0414, -0.563 -1.1791 3.0247, -0.5511 -1.1791 3.0212, -0.5499 -1.1791 3.0186, -0.5415 -1.1791 3.0008, -0.5274 -1.1791 2.9834, -0.5089 -1.1791 2.9694, -0.5002 -1.1791 2.9657, -0.487 -1.1791 2.9602, -0.4646 -1.1791 2.9567, -0.4609 -1.1791 2.9566, -0.366 -1.1791 3.0515, -0.438 -1.1791 2.9595, -0.4216 -1.1791 2.9657, -0.4168 -1.1791 2.9676, -0.3979 -1.1791 2.9807, -0.3833 -1.1791 2.9971, -0.3721 -1.1791 3.0182, -0.372 -1.1791 3.0186, -0.3666 -1.1791 3.0417, -0.366 -1.1791 3.061, -0.2332 -1.1791 3.1312, -0.2626 -1.1791 3.1815, -0.3898 -1.1791 3.1151, -0.4063 -1.1791 3.1302, -0.4265 -1.1791 3.141, -0.4494 -1.1791 3.1467, -0.4609 -1.1791 3.1473, -0.4836 -1.1791 3.1446, -0.5045 -1.1791 3.1365, -0.5239 -1.1791 3.1231, -0.5396 -1.1791 3.1051, -0.5501 -1.1791 3.0847, -0.5708 -1.1791 3.0975, -0.5878 -1.1791 3.1149, -0.5991 -1.1791 3.1342, -0.6059 -1.1791 3.1574, -0.607 -1.1791 3.172, -0.6047 -1.1791 3.1912, -0.6042 -1.1791 3.195, -0.5961 -1.1791 3.2161, -0.5829 -1.1791 3.235, -0.5666 -1.1791 3.2496, -0.5454 -1.1791 3.2608, -0.522 -1.1791 3.2664, -0.5122 -1.1791 3.2669, -0.4899 -1.1791 3.2641, -0.4687 -1.1791 3.2564, -0.4619 -1.1791 3.2527, -0.4474 -1.1791 3.2827, -0.4261 -1.1791 3.3081, -0.4007 -1.1791 3.3267, -0.3697 -1.1791 3.3393, -0.3347 -1.1791 3.3437, -0.3026 -1.1791 3.3398, -0.2728 -1.1791 3.3284, -0.2462 -1.1791 3.3099, -0.2437 -1.1791 3.3077, -0.2223 -1.1791 3.2821, -0.2077 -1.1791 3.2516, -0.2019 -1.1791 3.2251, -0.1943 -1.1791 3.2251, -0.1763 -1.1791 3.2229, -0.1597 -1.1791 3.2165, -0.145 -1.1791 3.2063, -0.134 -1.1791 3.194, -0.1325 -1.1791 3.1912, -0.1252 -1.1791 3.1777, -0.1208 -1.1791 3.1594, -0.1203 -1.1791 3.1511, -0.1226 -1.1791 3.1327, -0.1291 -1.1791 3.1158, -0.1396 -1.1791 3.101, -0.1408 -1.1791 3.0996, -0.1549 -1.1791 3.0881, -0.1716 -1.1791 3.0804, -0.1886 -1.1791 3.0771, -0.2313 -1.1791 3.0771, -0.2332 -1.1791 3.0774, -0.2361 -1.1791 3.078, -0.237 -1.1791 3.0781, -0.2444 -1.1791 3.0771, -0.2509 -1.1791 3.0746, -0.2567 -1.1791 3.0704, -0.2606 -1.1791 3.0661, -0.2643 -1.1791 3.0596, -0.2662 -1.1791 3.0524, -0.2664 -1.1791 3.0487, -0.2655 -1.1791 3.0416, -0.263 -1.1791 3.0352, -0.2589 -1.1791 3.0292, -0.2567 -1.1791 3.027, -0.2505 -1.1791 3.0226, -0.2443 -1.1791 3.0201, -0.2389 -1.1791 3.0193, -0.1829 -1.1791 3.0193, -0.1514 -1.1791 3.0259, -0.1224 -1.1791 3.0401, -0.0966 -1.1791 3.062, -0.0778 -1.1791 3.0882, -0.0658 -1.1791 3.1182, -0.4619 -1.1791 3.0876, -0.4555 -1.1791 3.087, -0.4465 -1.1791 3.0842, -0.4387 -1.1791 3.0793, -0.4323 -1.1791 3.0728, -0.4279 -1.1791 3.0652, -0.4253 -1.1791 3.0565, -0.425 -1.1791 3.0473, -0.427 -1.1791 3.0382, -0.4312 -1.1791 3.0299, -0.4373 -1.1791 3.0229, -0.4445 -1.1791 3.0179, -0.4528 -1.1791 3.0147, -0.4619 -1.1791 3.0136, -0.4635 -1.1791 3.0136, -0.472 -1.1791 3.015, -0.4806 -1.1791 3.0187, -0.4878 -1.1791 3.0242, -0.4928 -1.1791 3.0302, -0.4967 -1.1791 3.0381, -0.4987 -1.1791 3.0469, -0.4985 -1.1791 3.0562, -0.4959 -1.1791 3.0652, -0.4912 -1.1791 3.0732, -0.4866 -1.1791 3.078, -0.4792 -1.1791 3.0832, -0.4709 -1.1791 3.0865
            ]
        }
        coordIndex [
            0,1,2,-1,3,4,5,-1,6,7,8,-1,9,10,11,-1,11,10,12,-1,13,14,2,-1,2,14,15,-1,2,15,0,-1,5,4,16,-1,17,18,19,-1,20,21,10,-1,10,21,22,-1,10,22,12,-1,12,22,23,-1,24,25,26,-1,26,25,27,-1,26,27,28,-1,28,27,29,-1,28,29,30,-1,30,29,31,-1,30,31,32,-1,32,31,2,-1,32,2,33,-1,33,2,34,-1,35,36,24,-1,24,36,37,-1,24,37,25,-1,9,11,19,-1,19,11,38,-1,19,38,17,-1,39,40,41,-1,41,40,42,-1,41,42,43,-1,43,42,44,-1,43,44,45,-1,45,44,46,-1,6,8,47,-1,47,8,48,-1,47,48,49,-1,49,48,50,-1,49,50,51,-1,4,52,16,-1,16,52,53,-1,16,53,54,-1,54,53,55,-1,54,55,6,-1,6,55,56,-1,6,56,7,-1,34,2,57,-1,57,2,1,-1,57,1,58,-1,23,22,24,-1,24,22,59,-1,24,59,35,-1,60,61,62,-1,62,61,63,-1,62,63,64,-1,64,63,65,-1,64,65,66,-1,66,65,67,-1,66,67,68,-1,68,67,69,-1,68,69,70,-1,44,71,46,-1,46,71,72,-1,46,72,73,-1,73,72,74,-1,73,74,75,-1,75,74,76,-1,75,76,77,-1,77,76,78,-1,77,78,79,-1,79,78,80,-1,79,80,81,-1,81,80,82,-1,81,82,60,-1,60,82,83,-1,60,83,61,-1,84,85,86,-1,86,85,87,-1,86,87,41,-1,41,87,88,-1,41,88,39,-1,89,90,91,-1,91,90,92,-1,91,92,93,-1,93,92,94,-1,93,94,95,-1,95,94,96,-1,95,96,97,-1,97,96,98,-1,97,98,13,-1,13,98,99,-1,13,99,14,-1,51,50,100,-1,100,50,101,-1,100,101,102,-1,102,101,103,-1,102,103,104,-1,104,103,105,-1,104,105,106,-1,106,105,107,-1,106,107,84,-1,84,107,108,-1,84,108,85,-1,5,109,3,-1,3,109,110,-1,3,110,111,-1,111,110,112,-1,111,112,113,-1,113,112,114,-1,113,114,89,-1,89,114,115,-1,89,115,90,-1,18,116,19,-1,19,116,117,-1,19,117,118,-1,118,117,119,-1,118,119,120,-1,120,119,121,-1,120,121,122,-1,122,121,123,-1,122,123,124,-1,124,123,125,-1,124,125,126,-1,126,125,127,-1,126,127,128,-1,128,127,129,-1,128,129,130,-1,130,129,131,-1,130,131,132,-1,132,131,133,-1,132,133,134,-1,134,133,135,-1,134,135,1,-1,1,135,136,-1,1,136,58,-1,137,138,139,-1,69,140,70,-1,70,140,137,-1,70,137,141,-1,141,137,139,-1,142,143,137,-1,137,143,144,-1,137,144,138,-1,145,146,147,-1,146,148,147,-1,147,148,149,-1,147,149,150,-1,142,137,147,-1,147,137,151,-1,147,151,145,-1,77,152,153,-1,77,153,75,-1,75,153,154,-1,75,154,73,-1,154,155,73,-1,73,155,156,-1,73,156,46,-1,46,156,157,-1,46,157,45,-1,45,157,158,-1,45,158,43,-1,43,158,159,-1,43,159,41,-1,41,159,160,-1,41,160,86,-1,86,160,161,-1,86,161,84,-1,106,84,162,-1,162,84,161,-1,162,163,106,-1,106,163,164,-1,106,164,104,-1,104,164,165,-1,104,165,102,-1,102,165,166,-1,102,166,100,-1,100,166,167,-1,100,167,51,-1,51,167,49,-1,49,167,168,-1,49,168,169,-1,49,169,170,-1,49,170,47,-1,47,170,171,-1,47,171,6,-1,6,171,172,-1,6,172,54,-1,54,172,173,-1,54,173,16,-1,16,173,174,-1,16,174,5,-1,5,174,175,-1,5,175,109,-1,109,175,176,-1,109,176,110,-1,110,176,177,-1,110,177,112,-1,178,114,179,-1,179,114,112,-1,179,112,177,-1,180,90,178,-1,178,90,115,-1,178,115,114,-1,180,181,90,-1,90,181,182,-1,90,182,92,-1,92,182,183,-1,92,183,94,-1,94,183,184,-1,94,184,96,-1,96,184,185,-1,96,185,98,-1,98,185,186,-1,98,186,99,-1,99,186,187,-1,99,187,14,-1,14,187,188,-1,14,188,15,-1,15,188,189,-1,15,189,0,-1,189,190,0,-1,0,190,191,-1,0,191,1,-1,1,191,192,-1,1,192,134,-1,134,192,193,-1,134,193,132,-1,193,194,132,-1,132,194,195,-1,132,195,130,-1,130,195,196,-1,130,196,128,-1,197,9,19,-1,128,196,198,-1,199,124,198,-1,198,124,126,-1,198,126,128,-1,199,200,124,-1,124,200,201,-1,124,201,122,-1,122,201,202,-1,122,202,120,-1,120,202,203,-1,120,203,118,-1,118,203,204,-1,118,204,19,-1,19,204,205,-1,19,205,197,-1,10,9,206,-1,206,9,197,-1,20,10,207,-1,207,10,206,-1,21,20,208,-1,208,20,207,-1,22,21,209,-1,209,21,208,-1,22,209,210,-1,22,210,59,-1,59,210,211,-1,59,211,35,-1,35,211,212,-1,35,212,36,-1,36,212,213,-1,36,213,37,-1,37,213,214,-1,37,214,25,-1,25,214,215,-1,25,215,27,-1,27,215,216,-1,27,216,29,-1,29,216,217,-1,29,217,31,-1,31,217,218,-1,31,218,2,-1,2,218,219,-1,2,219,13,-1,13,219,220,-1,13,220,97,-1,97,220,221,-1,97,221,95,-1,95,221,222,-1,95,222,93,-1,93,222,223,-1,93,223,91,-1,91,223,89,-1,89,223,224,-1,224,225,89,-1,89,225,226,-1,89,226,113,-1,113,226,227,-1,113,227,111,-1,111,227,228,-1,111,228,3,-1,3,228,229,-1,3,229,4,-1,4,229,230,-1,4,230,52,-1,52,230,231,-1,52,231,53,-1,53,231,232,-1,53,232,55,-1,55,232,233,-1,55,233,56,-1,56,233,234,-1,56,234,7,-1,7,234,235,-1,7,235,8,-1,8,235,236,-1,8,236,48,-1,48,236,237,-1,48,237,50,-1,50,237,238,-1,50,238,101,-1,101,238,239,-1,101,239,103,-1,103,239,240,-1,103,240,105,-1,105,240,241,-1,105,241,107,-1,107,241,242,-1,107,242,108,-1,108,242,243,-1,108,243,85,-1,85,243,244,-1,85,244,87,-1,87,244,245,-1,87,245,88,-1,88,245,246,-1,88,246,39,-1,40,39,247,-1,247,39,246,-1,40,247,248,-1,40,248,42,-1,42,248,249,-1,42,249,44,-1,44,249,250,-1,44,250,71,-1,71,250,251,-1,71,251,72,-1,72,251,252,-1,72,252,74,-1,252,253,74,-1,74,253,254,-1,74,254,76,-1,76,254,255,-1,76,255,78,-1,78,255,256,-1,78,256,80,-1,80,256,257,-1,80,257,82,-1,82,257,258,-1,82,258,83,-1,83,258,259,-1,83,259,61,-1,61,259,260,-1,61,260,63,-1,63,260,261,-1,63,261,65,-1,65,261,262,-1,65,262,67,-1,69,67,263,-1,263,67,262,-1,69,263,264,-1,69,264,140,-1,140,264,265,-1,140,265,137,-1,137,265,266,-1,137,266,151,-1,151,266,267,-1,151,267,145,-1,145,267,268,-1,145,268,146,-1,146,268,269,-1,146,269,148,-1,148,269,270,-1,148,270,149,-1,149,270,271,-1,149,271,150,-1,150,271,272,-1,150,272,147,-1,147,272,273,-1,147,273,142,-1,142,273,274,-1,142,274,143,-1,143,274,275,-1,143,275,144,-1,144,275,276,-1,144,276,138,-1,138,276,277,-1,138,277,139,-1,139,277,278,-1,139,278,141,-1,141,278,279,-1,141,279,70,-1,70,279,280,-1,70,280,68,-1,66,68,281,-1,281,68,280,-1,66,281,282,-1,66,282,64,-1,64,282,283,-1,64,283,62,-1,62,283,284,-1,62,284,60,-1,60,284,285,-1,60,285,81,-1,81,285,286,-1,81,286,79,-1,79,286,152,-1,79,152,77,-1,23,287,288,-1,23,288,12,-1,12,288,289,-1,12,289,11,-1,11,289,290,-1,11,290,38,-1,38,290,291,-1,38,291,17,-1,17,291,292,-1,17,292,18,-1,18,292,293,-1,18,293,116,-1,116,293,294,-1,116,294,117,-1,117,294,295,-1,117,295,119,-1,119,295,296,-1,119,296,121,-1,121,296,297,-1,121,297,123,-1,123,297,298,-1,123,298,125,-1,125,298,299,-1,125,299,127,-1,127,299,300,-1,127,300,129,-1,129,300,301,-1,129,301,131,-1,131,301,302,-1,131,302,133,-1,133,302,303,-1,133,303,135,-1,135,303,304,-1,135,304,136,-1,136,304,305,-1,136,305,58,-1,58,305,306,-1,58,306,57,-1,57,306,307,-1,57,307,34,-1,34,307,308,-1,34,308,33,-1,33,308,309,-1,33,309,32,-1,32,309,310,-1,32,310,30,-1,30,310,311,-1,30,311,28,-1,28,311,312,-1,28,312,26,-1,26,312,313,-1,26,313,24,-1,24,313,287,-1,24,287,23,-1,
        ]
    }
}
Shape{
    appearance Appearance {
        material  Material 	{
            diffuseColor 0.996078431372549 0.8705882352941177 0.7607843137254902
            specularColor 0.4980392156862745 0.43529411764705883 0.3803921568627451
            ambientIntensity 0.8956
            transparency 0.0
            shininess 0.5
        }
    }
    geometry IndexedFaceSet {
        ccw TRUE
        solid FALSE
        coord DEF co Coordinate {
            point [
                -0.4709 -1.1791 3.0865, -0.4792 -1.1791 3.0832, -0.4635 -1.1791 3.0136, -0.4866 -1.1791 3.078, -0.4912 -1.1791 3.0732, -0.4555 -1.1791 3.087, -0.4619 -1.1791 3.0136, -0.4528 -1.1791 3.0147, -0.4619 -1.1791 3.0876, -0.4967 -1.1791 3.0381, -0.4928 -1.1791 3.0302, -0.4878 -1.1791 3.0242, -0.4373 -1.1791 3.0229, -0.4323 -1.1791 3.0728, -0.4387 -1.1791 3.0793, -0.4959 -1.1791 3.0652, -0.4985 -1.1791 3.0562, -0.4987 -1.1791 3.0469, -0.4806 -1.1791 3.0187, -0.472 -1.1791 3.015, -0.4445 -1.1791 3.0179, -0.4465 -1.1791 3.0842, -0.427 -1.1791 3.0382, -0.425 -1.1791 3.0473, -0.4312 -1.1791 3.0299, -0.4253 -1.1791 3.0565, -0.4279 -1.1791 3.0652
            ]
        }
        coordIndex [
            0,1,2,-1,2,1,3,-1,2,3,4,-1,5,6,7,-1,6,5,2,-1,2,5,8,-1,2,8,0,-1,9,10,4,-1,4,10,11,-1,12,13,14,-1,15,16,4,-1,4,16,17,-1,4,17,9,-1,11,18,4,-1,4,18,19,-1,4,19,2,-1,7,20,5,-1,5,20,12,-1,5,12,21,-1,21,12,14,-1,22,23,24,-1,24,23,25,-1,24,25,12,-1,12,25,26,-1,12,26,13,-1,
        ]
    }
}