#VRML V2.0 utf8
# 3D model generated by easyeda2kicad.py (https://github.com/uPesy/easyeda2kicad.py)

Shape{
    appearance Appearance {
        material  Material 	{
            diffuseColor 0.6470588235294118 0.6196078431372549 0.5882352941176471
            specularColor 0.45098039215686275 0.43529411764705883 0.4117647058823529
            ambientIntensity 0.6242
            transparency 0.0
            shininess 0.5
        }
    }
    geometry IndexedFaceSet {
        ccw TRUE
        solid FALSE
        coord DEF co Coordinate {
            point [
                -0.0612 -4.3996 0.3694, -0.0612 -1.6732 0.3694, 0.1548 -1.6732 0.3694, 1.61 -2.2358 0.3694, 1.5542 -3.4449 0.3694, 1.1932 -3.4449 0.3694, 2.2441 -4.8228 0.3694, 2.2441 -4.8425 0.3694, 1.1932 -4.8425 0.3694, 0.1548 -4.6985 0.3694, 0.1548 -4.3996 0.3694, 0.1836 -4.649 0.3694, 0.1836 -4.6814 0.3694, 0.2151 -4.6943 0.3694, 0.245 -4.6985 0.3694, 0.227 -4.3996 0.3694, 0.2178 -4.4003 0.3694, 0.1836 -4.4095 0.3694, 0.1836 -4.4492 0.3694, 0.2169 -4.4349 0.3694, 0.1889 -4.6519 0.3694, 0.2528 -4.4303 0.3694, 0.2819 -4.4335 0.3694, 0.304 -4.4415 0.3694, 0.3244 -4.4552 0.3694, 0.3422 -4.4749 0.3694, 0.3637 -4.5522 0.3694, 0.3607 -4.5842 0.3694, 0.3527 -4.6096 0.3694, 0.287 -4.6648 0.3694, 0.2594 -4.6679 0.3694, 0.3085 -4.6569 0.3694, 0.3266 -4.6447 0.3694, 0.3405 -4.6301 0.3694, 0.2202 -4.6636 0.3694, 0.3544 -4.4976 0.3694, 0.3623 -4.5293 0.3694, 0.2752 -4.3996 0.3694, 0.2531 -4.3978 0.3694, 0.3299 -4.6867 0.3694, 0.3537 -4.6715 0.3694, 0.4159 -4.6985 0.3694, 0.3704 -4.4516 0.3694, 0.3438 -4.426 0.3694, 0.4159 -4.3996 0.3694, 0.3157 -4.4098 0.3694, 0.4033 -4.5547 0.3694, 0.3991 -4.5127 0.3694, 0.3877 -4.4792 0.3694, 0.4159 -1.6732 0.3694, 0.2828 -4.4003 0.3694, 0.3758 -4.6482 0.3694, 0.3916 -4.6201 0.3694, 0.4004 -4.5888 0.3694, 0.2568 -4.7002 0.3694, 0.1548 -4.7736 0.3694, 0.2649 -4.7003 0.3694, 0.4159 -4.7736 0.3694, 0.2823 -4.6985 0.3694, 0.3013 -4.6965 0.3694, -2.2787 -4.7393 0.3694, -2.3031 -4.7205 0.3694, -1.6343 -4.6985 0.3694, -1.6264 -4.7017 0.3694, -2.2558 -4.7736 0.3694, -2.2599 -4.7638 0.3694, -0.7595 -4.7047 0.3694, -0.7358 -4.7017 0.3694, -0.4525 -4.7736 0.3694, -2.3316 -4.7087 0.3694, -2.3622 -4.7047 0.3694, -2.4016 -4.6985 0.3694, -2.4016 -4.7047 0.3694, -1.6027 -4.7047 0.3694, -2.2481 -4.7923 0.3694, -2.2441 -4.8228 0.3694, 2.2558 -4.7736 0.3694, 2.2481 -4.7923 0.3694, 1.1932 -4.7736 0.3694, 2.3316 -4.7087 0.3694, 2.3031 -4.7205 0.3694, 1.6343 -4.6985 0.3694, 2.2787 -4.7393 0.3694, 2.2599 -4.7638 0.3694, 1.6264 -4.7017 0.3694, 1.6027 -4.7047 0.3694, 2.3622 -4.7047 0.3694, 2.4016 -4.6985 0.3694, 2.4016 -4.7047 0.3694, 1.7044 -2.1457 0.3694, 1.6806 -2.1487 0.3694, 1.1932 -1.6732 0.3694, 1.6584 -2.1576 0.3694, 1.6141 -2.2122 0.3694, 1.6391 -2.1718 0.3694, 1.6241 -2.1904 0.3694, 2.4016 -1.6732 0.3694, 1.7337 -2.1482 0.3694, 1.7121 -2.1457 0.3694, 1.7875 -2.1832 0.3694, 1.7985 -2.202 0.3694, 1.805 -2.2228 0.3694, 1.7724 -2.1675 0.3694, 1.7542 -2.1556 0.3694, 1.6487 -4.6928 0.3694, 1.6679 -4.6786 0.3694, 1.683 -4.66 0.3694, 1.6929 -4.6382 0.3694, 1.6971 -4.6146 0.3694, 2.4016 -4.3996 0.3694, 1.707 -4.3996 0.3694, 1.8065 -2.2445 0.3694, 0.7595 -4.7047 0.3694, 1.1932 -4.7047 0.3694, 0.4285 -4.6643 0.3694, 0.4285 -4.6967 0.3694, 0.7135 -4.6928 0.3694, 0.7279 -4.6985 0.3694, 0.5797 -4.6967 0.3694, 0.7358 -4.7017 0.3694, 0.5401 -4.4014 0.3694, 0.5401 -4.6643 0.3694, 0.6693 -4.6382 0.3694, 0.6792 -4.66 0.3694, 0.6943 -4.6786 0.3694, 0.5797 -4.4014 0.3694, 0.6552 -4.3996 0.3694, 0.6651 -4.6146 0.3694, 0.7522 -2.2358 0.3694, 0.7481 -2.2122 0.3694, 0.7381 -2.1904 0.3694, 0.7231 -2.1718 0.3694, 0.808 -3.4449 0.3694, 0.6285 -2.1482 0.3694, 0.608 -2.1556 0.3694, 0.6501 -2.1457 0.3694, 0.7038 -2.1576 0.3694, 0.6816 -2.1487 0.3694, 0.6578 -2.1457 0.3694, 0.5898 -2.1675 0.3694, 0.5747 -2.1832 0.3694, 0.5637 -2.202 0.3694, 0.5557 -2.2445 0.3694, 0.5573 -2.2228 0.3694, -0.7481 -2.2122 0.3694, -1.6241 -2.1904 0.3694, -1.6391 -2.1718 0.3694, -0.7038 -2.1576 0.3694, -2.4016 -1.6732 0.3694, -0.6816 -2.1487 0.3694, -0.4525 -1.6732 0.3694, -0.7231 -2.1718 0.3694, -0.7381 -2.1904 0.3694, -1.7337 -2.1482 0.3694, -1.7542 -2.1556 0.3694, -0.5637 -2.202 0.3694, -0.5747 -2.1832 0.3694, -0.808 -3.4449 0.3694, -1.5542 -3.4449 0.3694, -0.7522 -2.2358 0.3694, -1.61 -2.2358 0.3694, -1.6141 -2.2122 0.3694, -1.7121 -2.1457 0.3694, -0.5898 -2.1675 0.3694, -0.608 -2.1556 0.3694, -0.6285 -2.1482 0.3694, -0.6501 -2.1457 0.3694, -0.6578 -2.1457 0.3694, -1.6584 -2.1576 0.3694, -1.6806 -2.1487 0.3694, -1.7044 -2.1457 0.3694, -1.7724 -2.1675 0.3694, -1.7875 -2.1832 0.3694, -1.7985 -2.202 0.3694, -0.7279 -4.6985 0.3694, -0.6158 -4.6967 0.3694, -0.5725 -4.6967 0.3694, -0.5427 -4.6139 0.3694, -0.4525 -4.6139 0.3694, -0.4525 -4.6985 0.3694, -0.4525 -4.4238 0.3694, -0.4609 -4.4014 0.3694, -0.4525 -4.3996 0.3694, -0.5005 -4.4014 0.3694, -0.7135 -4.6928 0.3694, -0.6943 -4.6786 0.3694, -0.6792 -4.66 0.3694, -0.6693 -4.6382 0.3694, -0.6651 -4.6146 0.3694, -0.6552 -4.3996 0.3694, -0.5557 -2.2445 0.3694, -0.5573 -2.2228 0.3694, -1.6929 -4.6382 0.3694, -1.683 -4.66 0.3694, -1.6679 -4.6786 0.3694, -1.6487 -4.6928 0.3694, -1.805 -2.2228 0.3694, -1.8065 -2.2445 0.3694, -2.4016 -4.3996 0.3694, -1.707 -4.3996 0.3694, -1.6971 -4.6146 0.3694, -0.4207 -4.6139 0.3694, -0.3925 -4.6967 0.3694, -0.3385 -4.6985 0.3694, -0.3493 -4.6967 0.3694, -0.3385 -4.3996 0.3694, -0.3385 -1.6732 0.3694, -0.3129 -4.6158 0.3694, -0.296 -4.6422 0.3694, -0.2717 -4.6655 0.3694, -0.2409 -4.6834 0.3694, -0.1734 -4.4014 0.3694, -0.216 -4.406 0.3694, -0.2506 -4.4181 0.3694, -0.2827 -4.4397 0.3694, -0.283 -4.4399 0.3694, -0.3039 -4.4631 0.3694, -0.3176 -4.4885 0.3694, -0.2068 -4.6935 0.3694, -0.1703 -4.6967 0.3694, -0.0612 -4.6985 0.3694, -0.09 -4.6967 0.3694, -0.09 -4.4014 0.3694, -0.3255 -4.5176 0.3694, -0.3277 -4.5454 0.3694, -0.3235 -4.5849 0.3694, -0.0252 -4.4014 0.3694, -0.0252 -4.4339 0.3694, -0.0324 -4.6643 0.3694, -0.0324 -4.6967 0.3694, 0.126 -4.6967 0.3694, 0.126 -4.4014 0.3694, 0.0864 -4.5635 0.3694, 0.0864 -4.6643 0.3694, -0.018 -4.5635 0.3694, -0.018 -4.5311 0.3694, 0.0864 -4.5311 0.3694, 0.0864 -4.4339 0.3694, -0.0612 -4.7736 0.3694, -0.3385 -4.7736 0.3694, 0.4159 -4.8425 0.3694, 0.1548 -4.8425 0.3694, -0.0612 -4.8425 0.3694, -0.3385 -4.8425 0.3694, -0.4525 -4.8425 0.3694, -2.2441 -4.8425 0.3694, 2.6378 0.8307 -0.0243, 2.6378 -0.752 -0.0243, 2.5197 0.8307 -0.0243, 2.5197 -0.752 -0.0243, -2.5197 0.8307 -0.0243, -2.5197 -0.752 -0.0243, -2.6378 0.8307 -0.0243, -2.6378 -0.752 -0.0243, 0.0855 -2.5636 5.8532, -0.0855 -2.5636 5.8532, 0.0887 -2.6332 5.9487, -0.0887 -2.6332 5.9487, 0.1825 -2.6931 5.7589, -0.18 -2.6371 5.7996, -0.1776 -2.6227 5.8102, -0.1756 -2.6181 5.8136, -0.1718 -2.6088 5.8203, -0.1658 -2.6003 5.8265, -0.1629 -2.5961 5.8295, -0.1511 -2.585 5.8376, -0.1511 -2.585 5.8376, -0.137 -2.576 5.8442, 0.1093 -2.5664 5.8512, -0.1316 -2.5737 5.8459, -0.1209 -2.5692 5.8492, 0.0974 -2.565 5.8522, -0.1093 -2.5664 5.8512, -0.1036 -2.5651 5.8522, 0.1035 -2.565 5.8522, 0.1208 -2.5692 5.8492, 0.1316 -2.5737 5.8459, 0.1368 -2.5759 5.8443, 0.151 -2.585 5.8377, 0.1511 -2.585 5.8376, 0.1628 -2.596 5.8296, 0.1658 -2.6003 5.8265, 0.1717 -2.6088 5.8203, 0.1756 -2.618 5.8136, 0.1775 -2.6226 5.8103, 0.18 -2.6371 5.7996, -0.1825 -2.6931 5.7589, 0.1872 -2.7938 5.6855, -0.1872 -2.7938 5.6855, 0.1892 -2.8371 5.6613, -0.1892 -2.8371 5.6613, 0.1916 -2.8901 5.647, -0.1916 -2.8901 5.647, 0.1935 -2.9307 5.6458, -0.1935 -2.9307 5.6458, 0.1954 -2.9719 5.6547, -0.1954 -2.9719 5.6547, 0.1976 -3.0195 5.677, -0.1976 -3.0195 5.677, 0.1993 -3.0569 5.707, -0.1993 -3.0569 5.707, 0.2021 -3.1162 5.7658, -0.2021 -3.1162 5.7658, 0.2061 -3.204 5.8531, -0.2061 -3.204 5.8531, 0.2078 -3.2405 5.881, -0.2078 -3.2405 5.881, 0.2092 -3.2711 5.8941, -0.2092 -3.2711 5.8941, 0.2111 -3.3113 5.9005, -0.2111 -3.3113 5.9005, 0.2181 -3.4646 5.9009, -0.2181 -3.4646 5.9009, -0.2181 -3.4646 6.0191, 0.2181 -3.4646 6.0191, 0.2115 -3.3213 6.019, -0.2115 -3.3213 6.019, 0.2084 -3.2532 6.0079, -0.2084 -3.2532 6.0079, 0.2046 -3.1704 5.9729, -0.2046 -3.1704 5.9729, 0.2016 -3.1059 5.9222, -0.2016 -3.1059 5.9222, 0.1972 -3.0098 5.8267, -0.1972 -3.0098 5.8267, 0.1954 -2.9718 5.7889, -0.1954 -2.9718 5.7889, 0.1945 -2.9519 5.7724, -0.1945 -2.9519 5.7724, 0.1939 -2.9389 5.7666, -0.1939 -2.9389 5.7666, 0.193 -2.9197 5.7634, -0.193 -2.9197 5.7634, 0.1924 -2.9069 5.763, -0.1924 -2.9069 5.763, 0.1918 -2.8927 5.765, -0.1918 -2.8927 5.765, 0.191 -2.8771 5.7716, -0.191 -2.8771 5.7716, 0.1869 -2.7887 5.8353, -0.1869 -2.7887 5.8353, 0.1832 -2.7067 5.8951, 0.1808 -2.6923 5.9056, 0.1788 -2.6876 5.909, 0.175 -2.6784 5.9157, 0.169 -2.6699 5.9219, 0.1661 -2.6657 5.925, 0.1543 -2.6546 5.9331, 0.1543 -2.6546 5.9331, 0.1402 -2.6455 5.9397, -0.1125 -2.636 5.9466, 0.1348 -2.6432 5.9413, 0.1241 -2.6388 5.9446, -0.1006 -2.6346 5.9477, 0.1125 -2.636 5.9466, 0.1068 -2.6346 5.9476, -0.1067 -2.6346 5.9476, -0.1241 -2.6387 5.9446, -0.1348 -2.6432 5.9414, -0.1401 -2.6455 5.9397, -0.1543 -2.6546 5.9331, -0.1543 -2.6546 5.9331, -0.166 -2.6656 5.9251, -0.169 -2.6699 5.9219, -0.175 -2.6783 5.9158, -0.1788 -2.6876 5.909, -0.1807 -2.6921 5.9057, -0.1832 -2.7067 5.8951, 2.5708 -4.2028 4.7741, 2.5708 -4.2028 5.0121, 2.4685 -4.2618 4.7761, 2.4685 -4.2618 5.01, 2.5197 -3.189 5.143, 2.5197 -3.189 4.6432, 2.5197 -3.2735 5.14, 2.5197 -3.2734 4.6461, 2.5183 -3.3578 5.1371, 2.5183 -3.3578 4.6491, 2.5071 -3.4103 4.6509, 2.5071 -3.4103 5.1352, 2.4818 -3.4613 4.6527, 2.4818 -3.4613 5.1335, 2.4139 -3.5532 5.1303, 2.4138 -3.5532 4.6559, 2.3452 -3.6447 5.1271, 2.3452 -3.6447 4.6591, 2.2911 -3.7247 4.6619, 2.2911 -3.7247 5.1243, 2.2703 -3.783 4.6639, 2.2703 -3.783 5.1222, 2.2639 -3.8373 4.6658, 2.2639 -3.8373 5.1203, 2.2673 -3.8772 4.6672, 2.2673 -3.8772 5.1189, 2.2838 -3.937 4.6693, 2.2838 -3.937 5.1169, 2.3416 -4.0419 4.6729, 2.3416 -4.0419 5.1132, 2.4208 -4.1791 4.6777, 2.4302 -4.1954 4.6801, 2.4332 -4.2006 4.6821, 2.4392 -4.211 4.6861, 2.4447 -4.2205 4.6922, 2.4474 -4.2252 4.6953, 2.4546 -4.2377 4.7076, 2.4546 -4.2377 4.7076, 2.4676 -4.2602 5.0224, 2.4667 -4.2587 4.7512, 2.4676 -4.2602 4.7572, 2.4676 -4.2602 5.0288, 2.4667 -4.2587 5.0349, 2.4649 -4.2555 4.7391, 2.462 -4.2505 4.728, 2.4649 -4.2556 5.047, 2.462 -4.2505 5.0582, 2.4606 -4.248 5.0637, 2.4605 -4.2479 4.7223, 2.4547 -4.2378 5.0785, 2.4546 -4.2377 5.0785, 2.4475 -4.2253 5.0907, 2.4447 -4.2205 5.0939, 2.4392 -4.211 5.1, 2.4332 -4.2006 5.104, 2.4303 -4.1955 5.106, 2.4208 -4.1791 5.1084, 2.4965 -4.074 4.6741, 2.5231 -4.1201 5.1105, 2.5325 -4.1363 5.1081, 2.5355 -4.1415 5.1061, 2.5415 -4.1519 5.1021, 2.547 -4.1614 5.096, 2.5497 -4.1662 5.0929, 2.5569 -4.1787 5.0806, 2.5569 -4.1787 5.0806, 2.5699 -4.2012 4.7616, 2.569 -4.1996 5.0369, 2.5699 -4.2012 5.031, 2.5699 -4.2012 4.7553, 2.569 -4.1996 4.7492, 2.5672 -4.1965 5.0491, 2.5643 -4.1914 5.0602, 2.5672 -4.1965 4.7371, 2.5643 -4.1915 4.7259, 2.5629 -4.189 4.7204, 2.5628 -4.1889 5.0659, 2.5569 -4.1787 4.7055, 2.5569 -4.1787 4.7055, 2.5498 -4.1663 4.6933, 2.547 -4.1614 4.6902, 2.5415 -4.152 4.684, 2.5355 -4.1415 4.68, 2.5325 -4.1364 4.6781, 2.5231 -4.1201 4.6757, 2.4965 -4.074 5.1121, 2.401 -3.9086 4.6683, 2.401 -3.9086 5.1178, 2.3872 -3.8783 4.6672, 2.3872 -3.8783 5.1189, 2.3821 -3.851 4.6663, 2.3821 -3.851 5.1199, 2.384 -3.8132 4.665, 2.384 -3.8132 5.1212, 2.3918 -3.7857 4.664, 2.3918 -3.7857 5.1221, 2.4273 -3.7321 4.6621, 2.4273 -3.7321 5.124, 2.5719 -3.5386 4.6554, 2.5719 -3.5386 5.1308, 2.6154 -3.4492 4.6522, 2.6154 -3.4492 5.1339, 2.6364 -3.3554 4.649, 2.6364 -3.3554 5.1372, 2.6378 -3.189 4.6432, 2.6378 -3.189 5.143, 2.5708 -4.2028 1.3764, 2.5708 -4.2028 1.6144, 2.4685 -4.2618 1.3785, 2.4685 -4.2618 1.6124, 2.5197 -3.189 1.7453, 2.5197 -3.189 1.2455, 2.5197 -3.2735 1.7424, 2.5197 -3.2734 1.2485, 2.5183 -3.3578 1.7394, 2.5183 -3.3578 1.2514, 2.5071 -3.4103 1.2533, 2.5071 -3.4103 1.7376, 2.4818 -3.4613 1.255, 2.4818 -3.4613 1.7358, 2.4139 -3.5532 1.7326, 2.4138 -3.5532 1.2582, 2.3452 -3.6447 1.7294, 2.3452 -3.6447 1.2614, 2.2911 -3.7247 1.2642, 2.2911 -3.7247 1.7266, 2.2703 -3.783 1.2663, 2.2703 -3.783 1.7246, 2.2639 -3.8373 1.2682, 2.2639 -3.8373 1.7227, 2.2673 -3.8772 1.2696, 2.2673 -3.8772 1.7213, 2.2838 -3.937 1.2716, 2.2838 -3.937 1.7192, 2.3416 -4.0419 1.2753, 2.3416 -4.0419 1.7155, 2.4208 -4.1791 1.2801, 2.4302 -4.1954 1.2825, 2.4332 -4.2006 1.2845, 2.4392 -4.211 1.2884, 2.4447 -4.2205 1.2946, 2.4474 -4.2252 1.2977, 2.4546 -4.2377 1.3099, 2.4546 -4.2377 1.3099, 2.4605 -4.2479 1.3247, 2.462 -4.2505 1.3303, 2.4649 -4.2555 1.3414, 2.4667 -4.2587 1.3536, 2.4676 -4.2602 1.3596, 2.4676 -4.2602 1.6312, 2.4667 -4.2587 1.6372, 2.4649 -4.2556 1.6493, 2.462 -4.2505 1.6605, 2.4606 -4.248 1.6661, 2.4547 -4.2378 1.6809, 2.4546 -4.2377 1.6809, 2.4475 -4.2253 1.6931, 2.4447 -4.2205 1.6962, 2.4392 -4.211 1.7024, 2.4332 -4.2006 1.7064, 2.4303 -4.1955 1.7083, 2.4208 -4.1791 1.7108, 2.4965 -4.074 1.2764, 2.5231 -4.1201 1.7128, 2.5325 -4.1363 1.7104, 2.5355 -4.1415 1.7085, 2.5415 -4.1519 1.7045, 2.547 -4.1614 1.6983, 2.5497 -4.1662 1.6953, 2.5569 -4.1787 1.683, 2.5569 -4.1787 1.683, 2.5699 -4.2012 1.364, 2.569 -4.1996 1.6393, 2.5699 -4.2012 1.6334, 2.5699 -4.2012 1.3576, 2.569 -4.1996 1.3516, 2.5672 -4.1965 1.6515, 2.5643 -4.1914 1.6626, 2.5672 -4.1965 1.3395, 2.5643 -4.1915 1.3283, 2.5629 -4.189 1.3227, 2.5628 -4.1889 1.6683, 2.5569 -4.1787 1.3079, 2.5569 -4.1787 1.3079, 2.5498 -4.1663 1.2957, 2.547 -4.1614 1.2925, 2.5415 -4.152 1.2864, 2.5355 -4.1415 1.2824, 2.5325 -4.1364 1.2805, 2.5231 -4.1201 1.278, 2.4965 -4.074 1.7144, 2.401 -3.9086 1.2707, 2.401 -3.9086 1.7202, 2.3872 -3.8783 1.2696, 2.3872 -3.8783 1.7213, 2.3821 -3.851 1.2686, 2.3821 -3.851 1.7222, 2.384 -3.8132 1.2673, 2.384 -3.8132 1.7235, 2.3918 -3.7857 1.2664, 2.3918 -3.7857 1.7245, 2.4273 -3.7321 1.2645, 2.4273 -3.7321 1.7264, 2.5719 -3.5386 1.2577, 2.5719 -3.5386 1.7331, 2.6154 -3.4492 1.2546, 2.6154 -3.4492 1.7362, 2.6364 -3.3554 1.2513, 2.6364 -3.3554 1.7395, 2.6378 -3.189 1.2455, 2.6378 -3.189 1.7453, -0.9429 -4.3943 2.5471, -1.4193 -4.3943 2.5471, -0.9461 -4.4639 2.4516, -1.4161 -4.4639 2.4516, -1.1811 -3.4449 2.4994, -0.808 -3.4449 2.4994, -0.815 -3.596 2.4993, -1.5472 -3.596 2.4997, -1.5542 -3.4449 2.5004, -0.8212 -3.73 2.4992, -1.5411 -3.73 2.4992, -0.8225 -3.7602 2.4953, -1.5397 -3.7602 2.4953, -0.8236 -3.7821 2.487, -1.5386 -3.7821 2.487, -0.8245 -3.8033 2.4725, -1.5377 -3.8033 2.4725, -0.83 -3.9211 2.3552, -1.5322 -3.9211 2.3552, -0.8325 -3.9753 2.3008, -1.5297 -3.9753 2.3008, -0.8342 -4.0125 2.2727, -1.528 -4.0125 2.2727, -0.8366 -4.0646 2.2504, -1.5256 -4.0646 2.2504, -0.8385 -4.1048 2.2437, -1.5238 -4.1048 2.2437, -0.8403 -4.145 2.2466, -1.5219 -4.145 2.2466, -0.8428 -4.1981 2.263, -1.5194 -4.1981 2.263, -0.845 -4.2474 2.2938, -1.5172 -4.2474 2.2938, -1.4967 -4.4275 2.4251, -1.4967 -4.4274 2.425, -0.8655 -4.4274 2.425, -0.8556 -4.4096 2.4121, -0.8556 -4.4097 2.4121, -1.5066 -4.4096 2.4121, -1.5066 -4.4097 2.4122, -0.8516 -4.3904 2.3981, -1.5106 -4.3904 2.3981, -1.4399 -4.4615 2.4498, -1.44 -4.4614 2.4498, -0.8805 -4.4425 2.4361, -0.8806 -4.4426 2.4361, -0.9014 -4.452 2.4429, -0.8999 -4.4541 2.4445, -0.8999 -4.4542 2.4445, -0.9221 -4.4614 2.4498, -0.9222 -4.4614 2.4498, -1.4569 -4.4564 2.4462, -1.4622 -4.454 2.4444, -1.4687 -4.451 2.4423, -1.4815 -4.4423 2.4359, -0.8655 -4.4275 2.4251, -1.4843 -4.4405 2.4346, -1.5056 -4.3492 2.5142, -1.5197 -4.1927 2.4001, -1.5095 -4.3399 2.5074, -1.5138 -4.3208 2.4935, -1.5114 -4.3353 2.5041, -1.4997 -4.3576 2.5203, -1.4967 -4.3618 2.5234, -1.4849 -4.373 2.5315, -1.4849 -4.373 2.5315, -1.4708 -4.382 2.5381, -1.4654 -4.3843 2.5398, -1.4547 -4.3888 2.543, -1.4431 -4.3916 2.5451, -1.4374 -4.3929 2.5461, -0.9249 -4.393 2.5461, -0.9191 -4.3916 2.5451, -0.9075 -4.3888 2.5431, -0.8968 -4.3843 2.5398, -0.8915 -4.3821 2.5382, -0.8773 -4.373 2.5315, -0.8773 -4.373 2.5315, -0.8656 -4.3619 2.5235, -0.8626 -4.3576 2.5203, -0.8566 -4.3492 2.5142, -0.8527 -4.3399 2.5074, -0.8509 -4.3354 2.5041, -0.8484 -4.3208 2.4935, -0.8425 -4.1927 2.4001, -0.8404 -4.1467 2.368, -1.5218 -4.1467 2.368, -0.8397 -4.1329 2.3629, -1.5225 -4.1329 2.3629, -0.8391 -4.1185 2.3613, -1.5231 -4.1185 2.3613, -0.8379 -4.0935 2.3638, -1.5243 -4.0935 2.3638, -0.8373 -4.0791 2.3688, -1.5249 -4.0791 2.3688, -0.8366 -4.0655 2.3781, -1.5256 -4.0655 2.3781, -1.5291 -3.9883 2.4552, -0.8331 -3.9883 2.4552, -1.5327 -3.9114 2.5325, -0.8161 -3.621 2.6182, -0.808 -3.4449 2.6194, -1.1811 -3.4449 2.6175, -0.8295 -3.9114 2.5325, -0.827 -3.8558 2.5767, -1.5352 -3.8558 2.5767, -0.8236 -3.7829 2.6078, -1.5386 -3.7829 2.6078, -0.8209 -3.7236 2.6174, -1.5413 -3.7236 2.6174, -1.5461 -3.621 2.6178, -1.5542 -3.4449 2.6185, 1.4193 -4.3943 2.5471, 0.9429 -4.3943 2.5471, 1.4161 -4.4639 2.4516, 0.9461 -4.4639 2.4516, 1.1811 -3.4449 2.4994, 1.5542 -3.4449 2.4994, 1.5472 -3.596 2.4993, 0.815 -3.596 2.4997, 0.808 -3.4449 2.5004, 1.5411 -3.73 2.4992, 0.8212 -3.73 2.4992, 1.5397 -3.7602 2.4953, 0.8225 -3.7602 2.4953, 1.5386 -3.7821 2.487, 0.8236 -3.7821 2.487, 1.5377 -3.8033 2.4725, 0.8245 -3.8033 2.4725, 1.5322 -3.9211 2.3552, 0.83 -3.9211 2.3552, 1.5297 -3.9753 2.3008, 0.8325 -3.9753 2.3008, 1.528 -4.0125 2.2727, 0.8342 -4.0125 2.2727, 1.5256 -4.0646 2.2504, 0.8366 -4.0646 2.2504, 1.5238 -4.1048 2.2437, 0.8385 -4.1048 2.2437, 1.5219 -4.145 2.2466, 0.8403 -4.145 2.2466, 1.5194 -4.1981 2.263, 0.8428 -4.1981 2.263, 1.5172 -4.2474 2.2938, 0.845 -4.2474 2.2938, 0.8655 -4.4275 2.4251, 0.8655 -4.4274 2.425, 1.4967 -4.4274 2.425, 1.5066 -4.4096 2.4121, 1.5066 -4.4097 2.4121, 0.8556 -4.4096 2.4121, 0.8556 -4.4097 2.4122, 1.5106 -4.3904 2.3981, 0.8516 -4.3904 2.3981, 1.4817 -4.4425 2.4361, 1.4816 -4.4426 2.4361, 1.4608 -4.452 2.4429, 1.4623 -4.4541 2.4445, 1.4623 -4.4542 2.4445, 0.9223 -4.4615 2.4498, 0.9222 -4.4614 2.4498, 1.4401 -4.4614 2.4498, 1.44 -4.4614 2.4498, 0.9053 -4.4564 2.4462, 0.9 -4.454 2.4444, 0.8935 -4.451 2.4423, 0.8807 -4.4423 2.4359, 1.4967 -4.4275 2.4251, 0.8779 -4.4405 2.4346, 1.5197 -4.1927 2.4001, 0.8484 -4.3208 2.4935, 0.8508 -4.3353 2.5041, 0.8527 -4.3399 2.5074, 0.8566 -4.3492 2.5142, 0.8626 -4.3576 2.5203, 0.8655 -4.3618 2.5234, 0.8773 -4.373 2.5315, 0.8773 -4.373 2.5315, 0.9191 -4.3916 2.5451, 1.4654 -4.3843 2.5398, 0.9075 -4.3888 2.543, 0.8968 -4.3843 2.5398, 1.4312 -4.393 2.5461, 0.9248 -4.3929 2.5461, 1.4373 -4.393 2.5461, 1.4431 -4.3916 2.5451, 1.4547 -4.3888 2.5431, 1.4707 -4.3821 2.5382, 0.8914 -4.382 2.5381, 1.4849 -4.373 2.5315, 1.4849 -4.373 2.5315, 1.4966 -4.3619 2.5235, 1.4996 -4.3576 2.5203, 1.5056 -4.3492 2.5142, 1.5095 -4.3399 2.5074, 1.5114 -4.3354 2.5041, 1.5138 -4.3208 2.4935, 0.8425 -4.1927 2.4001, 1.5218 -4.1467 2.368, 0.8404 -4.1467 2.368, 1.5225 -4.1329 2.3629, 0.8397 -4.1329 2.3629, 1.5231 -4.1185 2.3613, 0.8391 -4.1185 2.3613, 1.5243 -4.0935 2.3638, 0.8379 -4.0935 2.3638, 1.5249 -4.0791 2.3688, 0.8373 -4.0791 2.3688, 1.5256 -4.0655 2.3781, 0.8366 -4.0655 2.3781, 0.8331 -3.9883 2.4552, 1.5291 -3.9883 2.4552, 0.8295 -3.9114 2.5325, 1.5461 -3.621 2.6182, 1.5542 -3.4449 2.6194, 1.1811 -3.4449 2.6175, 1.5327 -3.9114 2.5325, 1.5352 -3.8558 2.5767, 0.827 -3.8558 2.5767, 1.5386 -3.7829 2.6078, 0.8236 -3.7829 2.6078, 1.5413 -3.7236 2.6174, 0.8209 -3.7236 2.6174, 0.8161 -3.621 2.6178, 0.808 -3.4449 2.6185, -1.4161 -4.4639 5.8532, -0.9461 -4.4639 5.8532, -1.4193 -4.3943 5.9487, -0.9429 -4.3943 5.9487, -1.4399 -4.4615 5.8514, -1.44 -4.4614 5.8514, -0.8939 -4.4445 5.839, -0.8655 -4.4275 5.8267, -0.8805 -4.4425 5.8376, -0.8806 -4.4426 5.8377, -0.8999 -4.4541 5.8461, -0.8999 -4.4542 5.8461, -0.9221 -4.4614 5.8514, -0.9222 -4.4614 5.8514, -1.4569 -4.4564 5.8478, -1.4622 -4.454 5.846, -1.4687 -4.451 5.8438, -1.4815 -4.4423 5.8375, -0.8516 -4.3904 5.7996, -0.8556 -4.4096 5.8136, -1.5172 -4.2474 5.6954, -1.5066 -4.4097 5.8137, -1.5066 -4.4096 5.8136, -0.8655 -4.4274 5.8266, -1.4843 -4.4405 5.8361, -1.4967 -4.4275 5.8267, -1.4967 -4.4274 5.8266, -0.8556 -4.4097 5.8137, -1.5106 -4.3904 5.7996, -0.845 -4.2474 5.6954, -1.5194 -4.1981 5.6646, -0.8428 -4.1981 5.6646, -1.5219 -4.145 5.6482, -0.8403 -4.145 5.6482, -1.5238 -4.1048 5.6453, -0.8385 -4.1048 5.6453, -1.5256 -4.0646 5.6519, -0.8366 -4.0646 5.6519, -1.528 -4.0125 5.6743, -0.8342 -4.0125 5.6743, -1.5297 -3.9753 5.7024, -0.8325 -3.9753 5.7024, -1.5322 -3.9211 5.7568, -0.83 -3.9211 5.7568, -1.5377 -3.8033 5.8741, -0.8245 -3.8033 5.8741, -1.5386 -3.7821 5.8886, -0.8236 -3.7821 5.8886, -1.5397 -3.7602 5.8969, -0.8225 -3.7602 5.8969, -1.5411 -3.73 5.9008, -0.8212 -3.73 5.9008, -1.5472 -3.596 5.9009, -0.815 -3.596 5.9009, -1.5542 -3.4449 5.9009, -0.808 -3.4449 5.9009, -0.808 -3.4449 6.0191, -1.5542 -3.4449 6.0191, -1.5461 -3.621 6.019, -0.8161 -3.621 6.019, -1.5413 -3.7236 6.019, -0.8209 -3.7236 6.019, -1.5386 -3.7829 6.0093, -0.8236 -3.7829 6.0093, -1.5352 -3.8558 5.9783, -0.827 -3.8558 5.9783, -1.5327 -3.9114 5.9341, -0.8295 -3.9114 5.9341, -0.8331 -3.9883 5.8568, -1.5291 -3.9883 5.8568, -0.8366 -4.0655 5.7797, -1.5256 -4.0655 5.7797, -1.5249 -4.0791 5.7704, -0.8373 -4.0791 5.7704, -1.5243 -4.0935 5.7653, -0.8379 -4.0935 5.7653, -1.5231 -4.1185 5.7629, -0.8391 -4.1185 5.7629, -1.5225 -4.1329 5.7645, -0.8397 -4.1329 5.7645, -1.5218 -4.1467 5.7696, -0.8404 -4.1467 5.7696, -1.5197 -4.1927 5.8017, -0.8425 -4.1927 5.8017, -1.5138 -4.3208 5.8951, -1.5114 -4.3353 5.9056, -1.5095 -4.3399 5.909, -1.5056 -4.3492 5.9157, -1.4997 -4.3576 5.9219, -1.4967 -4.3618 5.925, -1.4849 -4.373 5.9331, -1.4849 -4.373 5.9331, -0.931 -4.393 5.9477, -0.9249 -4.393 5.9476, -1.4374 -4.3929 5.9476, -1.4431 -4.3916 5.9466, -0.9191 -4.3916 5.9466, -0.9075 -4.3888 5.9446, -0.8968 -4.3843 5.9414, -0.8915 -4.3821 5.9397, -1.4654 -4.3843 5.9413, -1.4547 -4.3888 5.9446, -0.8773 -4.373 5.9331, -0.8773 -4.373 5.9331, -0.8656 -4.3619 5.9251, -1.4708 -4.382 5.9397, -0.8626 -4.3576 5.9219, -0.8566 -4.3492 5.9158, -0.8527 -4.3399 5.909, -0.8509 -4.3354 5.9057, -0.8484 -4.3208 5.8951, 0.9461 -4.4639 5.8532, 1.4161 -4.4639 5.8532, 0.9429 -4.3943 5.9487, 1.4193 -4.3943 5.9487, 1.4683 -4.4445 5.839, 1.4967 -4.4275 5.8267, 1.4817 -4.4425 5.8376, 1.4816 -4.4426 5.8377, 1.4623 -4.4541 5.8461, 1.4623 -4.4542 5.8461, 0.9223 -4.4615 5.8514, 0.9222 -4.4614 5.8514, 1.4401 -4.4614 5.8514, 1.44 -4.4614 5.8514, 0.9053 -4.4564 5.8478, 0.9 -4.454 5.846, 0.8935 -4.451 5.8438, 0.8807 -4.4423 5.8375, 1.5106 -4.3904 5.7996, 1.5066 -4.4096 5.8136, 0.845 -4.2474 5.6954, 0.8556 -4.4097 5.8137, 0.8556 -4.4096 5.8136, 1.4967 -4.4274 5.8266, 1.5066 -4.4097 5.8137, 0.8779 -4.4405 5.8361, 0.8655 -4.4275 5.8267, 0.8655 -4.4274 5.8266, 0.8516 -4.3904 5.7996, 1.5172 -4.2474 5.6954, 0.8428 -4.1981 5.6646, 1.5194 -4.1981 5.6646, 0.8403 -4.145 5.6482, 1.5219 -4.145 5.6482, 0.8385 -4.1048 5.6453, 1.5238 -4.1048 5.6453, 0.8366 -4.0646 5.6519, 1.5256 -4.0646 5.6519, 0.8342 -4.0125 5.6743, 1.528 -4.0125 5.6743, 0.8325 -3.9753 5.7024, 1.5297 -3.9753 5.7024, 0.83 -3.9211 5.7568, 1.5322 -3.9211 5.7568, 0.8245 -3.8033 5.8741, 1.5377 -3.8033 5.8741, 0.8236 -3.7821 5.8886, 1.5386 -3.7821 5.8886, 0.8225 -3.7602 5.8969, 1.5397 -3.7602 5.8969, 0.8212 -3.73 5.9008, 1.5411 -3.73 5.9008, 0.815 -3.596 5.9009, 1.5472 -3.596 5.9009, 0.808 -3.4449 5.9009, 1.5542 -3.4449 5.9009, 1.5542 -3.4449 6.0191, 0.808 -3.4449 6.0191, 0.8161 -3.621 6.019, 1.5461 -3.621 6.019, 0.8209 -3.7236 6.019, 1.5413 -3.7236 6.019, 0.8236 -3.7829 6.0093, 1.5386 -3.7829 6.0093, 0.827 -3.8558 5.9783, 1.5352 -3.8558 5.9783, 0.8295 -3.9114 5.9341, 1.5327 -3.9114 5.9341, 1.5291 -3.9883 5.8568, 0.8331 -3.9883 5.8568, 1.5256 -4.0655 5.7797, 0.8366 -4.0655 5.7797, 0.8373 -4.0791 5.7704, 1.5249 -4.0791 5.7704, 0.8379 -4.0935 5.7653, 1.5243 -4.0935 5.7653, 0.8391 -4.1185 5.7629, 1.5231 -4.1185 5.7629, 0.8397 -4.1329 5.7645, 1.5225 -4.1329 5.7645, 0.8404 -4.1467 5.7696, 1.5218 -4.1467 5.7696, 0.8425 -4.1927 5.8017, 1.5197 -4.1927 5.8017, 0.8484 -4.3208 5.8951, 0.8508 -4.3353 5.9056, 0.8527 -4.3399 5.909, 0.8566 -4.3492 5.9157, 0.8626 -4.3576 5.9219, 0.8655 -4.3618 5.925, 0.8773 -4.373 5.9331, 0.8773 -4.373 5.9331, 0.8914 -4.382 5.9397, 0.8968 -4.3843 5.9413, 0.9075 -4.3888 5.9446, 0.9191 -4.3916 5.9466, 0.9248 -4.3929 5.9476, 1.4373 -4.393 5.9476, 1.4431 -4.3916 5.9466, 1.4547 -4.3888 5.9446, 1.4654 -4.3843 5.9414, 1.4707 -4.3821 5.9397, 1.4849 -4.373 5.9331, 1.4849 -4.373 5.9331, 1.4966 -4.3619 5.9251, 1.4996 -4.3576 5.9219, 1.5056 -4.3492 5.9158, 1.5095 -4.3399 5.909, 1.5114 -4.3354 5.9057, 1.5138 -4.3208 5.8951, -2.5197 1.5945 0.0742, -2.6378 1.5945 0.0742, -2.5197 1.5945 5.7828, -2.6378 1.5945 5.7828, -2.5157 1.5945 5.8134, -2.6297 1.5945 5.844, -2.5039 1.5945 5.8419, -2.6061 1.5945 5.9009, -2.5686 1.5945 5.9499, -2.5 1.5945 5.8481, -2.5197 1.5945 5.9874, -2.5 1.5945 5.9976, 2.3622 -4.7047 0.4876, 2.4016 -4.7047 0.4876, 2.4321 -4.7047 0.4916, 2.4627 -4.7047 0.3775, 2.4606 -4.7047 0.5034, 2.5197 -4.7047 0.4011, 2.4851 -4.7047 0.5221, 2.5686 -4.7047 0.4386, 2.5039 -4.7047 0.5466, 2.6061 -4.7047 0.4876, 2.5157 -4.7047 0.5751, 2.6297 -4.7047 0.5445, 2.5197 -4.7047 0.6057, 2.6378 -4.7047 0.6057, 2.5197 -4.7047 0.645, 2.6378 -4.7047 0.645, 2.5197 -4.7047 5.7435, 2.6378 -4.7047 5.7435, 2.5197 -4.7047 5.7828, 2.6378 -4.7047 5.7828, 2.5157 -4.7047 5.8134, 2.6297 -4.7047 5.844, 2.5039 -4.7047 5.8419, 2.6061 -4.7047 5.9009, 2.4851 -4.7047 5.8663, 2.5686 -4.7047 5.9499, 2.4606 -4.7047 5.8851, 2.5197 -4.7047 5.9874, 2.4321 -4.7047 5.8969, 2.4627 -4.7047 6.011, 2.4016 -4.7047 5.9009, 2.4016 -4.7047 6.0191, 2.3622 -4.7047 5.9009, 2.3622 -4.7047 6.0191, -2.5197 -4.7047 0.645, -2.6378 -4.7047 0.645, -2.5197 -4.7047 0.6057, -2.6378 -4.7047 0.6057, -2.5157 -4.7047 0.5751, -2.6297 -4.7047 0.5445, -2.5039 -4.7047 0.5466, -2.6061 -4.7047 0.4876, -2.4851 -4.7047 0.5221, -2.5686 -4.7047 0.4386, -2.4606 -4.7047 0.5034, -2.5197 -4.7047 0.4011, -2.4321 -4.7047 0.4916, -2.4627 -4.7047 0.3775, -2.4016 -4.7047 0.4876, -2.3622 -4.7047 0.4876, -2.3622 -4.7047 5.9009, -2.3622 -4.7047 6.0191, -2.4016 -4.7047 5.9009, -2.4016 -4.7047 6.0191, -2.4321 -4.7047 5.8969, -2.4627 -4.7047 6.011, -2.4606 -4.7047 5.8851, -2.5197 -4.7047 5.9874, -2.4851 -4.7047 5.8663, -2.5686 -4.7047 5.9499, -2.5039 -4.7047 5.8419, -2.6061 -4.7047 5.9009, -2.5157 -4.7047 5.8134, -2.6297 -4.7047 5.844, -2.5197 -4.7047 5.7828, -2.6378 -4.7047 5.7828, -2.5197 -4.7047 5.7435, -2.6378 -4.7047 5.7435, -2.6378 -1.6732 0.6057, -2.6297 -1.6732 0.5445, -2.6061 -1.6732 0.4876, -2.5686 -1.6732 0.4386, -2.5197 -1.6732 0.4011, -2.4627 -1.6732 0.3775, 2.4627 -1.6732 0.3775, 2.5197 -1.6732 0.4011, 2.5686 -1.6732 0.4386, 2.6061 -1.6732 0.4876, 2.6297 -1.6732 0.5445, 2.6378 -1.6732 0.6057, 2.6378 -1.3887 -0.0243, 2.6378 -1.4764 0.6647, 2.6378 -4.3504 1.0033, 2.6378 -4.3759 1.0067, 2.6378 -4.8425 0.7631, 2.6378 -4.3996 1.0165, 2.6378 -4.42 1.0321, 2.6378 -1.9186 1.0321, 2.6378 -1.939 1.0165, 2.6378 -4.7923 0.7591, 2.6378 -4.7638 0.7473, 2.6378 -1.9882 1.0033, 2.6378 -4.7393 0.7286, 2.6378 -1.9029 1.0525, 2.6378 -1.4738 0.0516, 2.6378 -1.4661 0.0303, 2.6378 -1.396 -0.0226, 2.6378 1.4921 -0.0243, 2.6378 1.5945 0.0742, 2.6378 1.4961 -0.0243, 2.6378 -4.4356 1.0525, 2.6378 -4.4455 1.0763, 2.6378 -4.4488 1.1017, 2.6378 -4.8228 5.6253, 2.6378 -4.8425 5.6253, 2.6378 -4.4455 5.3122, 2.6378 -4.8228 0.7631, 2.6378 -1.4764 0.0742, 2.6378 -1.9174 1.1735, 2.6378 -1.9024 1.1533, 2.6378 -1.937 1.8017, 2.6378 -4.3759 4.4043, 2.6378 -4.3996 4.4141, 2.6378 -4.42 4.4298, 2.6378 -4.4356 4.4502, 2.6378 -4.4455 4.4739, 2.6378 -4.4488 4.4994, 2.6378 -4.4488 5.2868, 2.6378 -4.7205 0.7041, 2.6378 -4.7087 0.6756, 2.6378 -1.4537 0.0113, 2.6378 -1.4373 -0.0044, 2.6378 -1.4177 -0.0159, 2.6378 1.5657 0.0046, 2.6378 1.5911 0.0487, 2.6378 1.5813 0.025, 2.6378 -4.4488 1.8891, 2.6378 -4.4455 1.9146, 2.6378 -4.4356 1.9383, 2.6378 -4.42 1.9587, 2.6378 1.5215 -0.0209, 2.6378 1.5453 -0.0111, 2.6378 -1.9882 1.9876, 2.6378 -1.9627 1.9842, 2.6378 -1.9882 4.4009, 2.6378 -1.939 1.9744, 2.6378 -1.9186 1.9587, 2.6378 -1.9029 1.9383, 2.6378 -1.8931 1.9146, 2.6378 -1.8898 1.8891, 2.6378 -1.8898 1.8858, 2.6378 -1.893 1.8608, 2.6378 -1.9024 1.8375, 2.6378 -1.8898 1.1051, 2.6378 -1.8898 1.1017, 2.6378 -1.8931 1.0763, 2.6378 -4.3996 5.372, 2.6378 -4.3759 5.3818, 2.6378 -4.7205 5.6844, 2.6378 -1.939 5.372, 2.6378 -1.9186 5.3564, 2.6378 1.5945 5.7828, 2.6378 -1.9627 1.0067, 2.6378 -4.3996 1.9744, 2.6378 -4.3759 1.9842, 2.6378 -4.3504 1.9876, 2.6378 -4.7087 5.7129, 2.6378 -4.3504 5.3852, 2.6378 -1.9882 5.3852, 2.6378 -1.9627 5.3818, 2.6378 -1.893 1.13, 2.6378 -1.9174 1.8174, 2.6378 -1.8931 4.4739, 2.6378 -1.9029 5.336, 2.6378 -1.8931 5.3122, 2.6378 -1.8898 5.2868, 2.6378 -1.9024 4.551, 2.6378 -1.893 4.5277, 2.6378 -4.3504 4.4009, 2.6378 -4.42 5.3564, 2.6378 -4.7393 5.6599, 2.6378 -4.4356 5.336, 2.6378 -4.7638 5.6412, 2.6378 -4.7923 5.6294, 2.6378 -1.8898 5.2834, 2.6378 -1.893 5.2585, 2.6378 -1.9024 5.2352, 2.6378 -1.9029 4.4502, 2.6378 -1.9186 4.4298, 2.6378 -1.939 4.4141, 2.6378 -1.4797 0.6902, 2.6378 -1.9627 4.4043, 2.6378 -1.9848 1.7874, 2.6378 -1.9848 1.2035, 2.6378 -1.96 1.7915, 2.6378 -1.96 1.1994, 2.6378 -1.937 1.1892, 2.6378 -1.9174 5.215, 2.6378 -1.937 5.1993, 2.6378 -1.96 4.597, 2.6378 -1.8898 4.5027, 2.6378 -1.8898 4.4994, 2.6378 -1.5256 0.75, 2.6378 -1.5052 0.7343, 2.6378 -1.4896 0.7139, 2.6378 -1.9848 5.185, 2.6378 -1.937 4.5868, 2.6378 -1.9174 4.5711, 2.6378 -1.66 0.7139, 2.6378 -1.6444 0.7343, 2.6378 -1.624 0.75, 2.6378 -1.6003 0.7598, 2.6378 -1.5748 0.7631, 2.6378 -1.5493 0.7598, 2.6378 -1.96 5.1891, 2.6378 -1.9848 4.6011, 2.6378 -1.6732 0.6647, 2.6378 -1.6699 0.6902, 2.4627 1.6024 6.0108, 2.4573 1.6042 6.0124, 2.4016 1.5945 6.0191, 2.4386 1.616 6.0161, 2.403 1.596 6.019, 2.4293 1.6244 6.0174, 2.5197 1.5945 5.9874, 2.5 1.5945 5.9976, 2.4781 1.597 6.0063, 2.5686 1.5945 5.9499, 2.6061 1.5945 5.9009, 2.6297 1.5945 5.844, 1.8065 -2.2445 6.0191, 2.3031 -4.7205 6.0191, 2.3316 -4.7087 6.0191, 2.2787 -4.7393 6.0191, 1.6971 -4.6146 6.0191, 2.2599 -4.7638 6.0191, -1.6806 -2.1487 6.0191, -1.6584 -2.1576 6.0191, -2.4016 1.5945 6.0191, -2.2441 -4.8425 6.0191, 2.2441 -4.8425 6.0191, -2.2441 -4.8228 6.0191, -2.2481 -4.7923 6.0191, -0.6285 -2.1482 6.0191, -0.608 -2.1556 6.0191, -2.2599 -4.7638 6.0191, -0.7595 -4.7047 6.0191, -1.6027 -4.7047 6.0191, -1.6264 -4.7017 6.0191, -1.6487 -4.6928 6.0191, -1.6679 -4.6786 6.0191, -1.805 -2.2228 6.0191, -1.7985 -2.202 6.0191, -1.7542 -2.1556 6.0191, -1.7337 -2.1482 6.0191, -0.5557 -2.2445 6.0191, -0.5573 -2.2228 6.0191, -0.5637 -2.202 6.0191, 0.3162 -2.2954 6.0191, 0.3355 -2.3096 6.0191, -1.8065 -2.2445 6.0191, -0.7481 -2.2122 6.0191, -1.6391 -2.1718 6.0191, -1.6241 -2.1904 6.0191, -1.61 -2.2358 6.0191, -0.7381 -2.1904 6.0191, -0.7231 -2.1718 6.0191, -0.7038 -2.1576 6.0191, -0.5898 -2.1675 6.0191, -0.5747 -2.1832 6.0191, -1.7875 -2.1832 6.0191, -1.7724 -2.1675 6.0191, -1.7121 -2.1457 6.0191, -1.7044 -2.1457 6.0191, -1.6141 -2.2122 6.0191, -0.7522 -2.2358 6.0191, -0.6816 -2.1487 6.0191, -0.6578 -2.1457 6.0191, -0.6501 -2.1457 6.0191, 1.6487 -4.6928 6.0191, 1.6264 -4.7017 6.0191, -0.3078 -4.4369 6.0191, -0.33 -4.4458 6.0191, 0.2885 -4.4227 6.0191, -0.7135 -4.6928 6.0191, -0.7358 -4.7017 6.0191, 1.6584 -2.1576 6.0191, 0.7381 -2.1904 6.0191, 1.6391 -2.1718 6.0191, 0.7481 -2.2122 6.0191, 1.6241 -2.1904 6.0191, -1.683 -4.66 6.0191, -1.6929 -4.6382 6.0191, -2.2787 -4.7393 6.0191, -1.6971 -4.6146 6.0191, -2.3031 -4.7205 6.0191, -2.3316 -4.7087 6.0191, 2.2481 -4.7923 6.0191, 1.6929 -4.6382 6.0191, 2.2441 -4.8228 6.0191, 1.683 -4.66 6.0191, 1.6679 -4.6786 6.0191, 0.7135 -4.6928 6.0191, 0.6943 -4.6786 6.0191, -0.2703 -2.2835 6.0191, 0.2703 -2.2835 6.0191, 0.294 -2.2865 6.0191, 0.2735 -4.4041 6.0191, 0.2635 -4.3823 6.0191, -0.2735 -4.4041 6.0191, -0.3605 -2.35 6.0191, -0.3506 -2.3282 6.0191, -0.3355 -2.3096 6.0191, -0.3162 -2.2954 6.0191, -0.294 -2.2865 6.0191, 0.6285 -2.1482 6.0191, 0.6501 -2.1457 6.0191, 0.3506 -2.3282 6.0191, 0.3605 -2.35 6.0191, 0.5557 -2.2445 6.0191, 0.3646 -2.3736 6.0191, 0.6651 -4.6146 6.0191, 0.4559 -4.35 6.0191, 0.6693 -4.6382 6.0191, 0.7038 -2.1576 6.0191, 0.7231 -2.1718 6.0191, 1.7337 -2.1482 6.0191, 1.7542 -2.1556 6.0191, 1.7724 -2.1675 6.0191, 1.7875 -2.1832 6.0191, 1.7985 -2.202 6.0191, 1.805 -2.2228 6.0191, 1.6027 -4.7047 6.0191, 0.7595 -4.7047 6.0191, 0.7358 -4.7017 6.0191, -0.2885 -4.4227 6.0191, -0.6693 -4.6382 6.0191, -0.6792 -4.66 6.0191, -0.6943 -4.6786 6.0191, 0.6578 -2.1457 6.0191, 0.6816 -2.1487 6.0191, 1.6806 -2.1487 6.0191, 1.7044 -2.1457 6.0191, 1.7121 -2.1457 6.0191, 0.33 -4.4458 6.0191, 0.3078 -4.4369 6.0191, 0.5573 -2.2228 6.0191, 0.5637 -2.202 6.0191, 0.7522 -2.2358 6.0191, 1.61 -2.2358 6.0191, 1.6141 -2.2122 6.0191, 0.6792 -4.66 6.0191, 0.4543 -4.3717 6.0191, 0.4479 -4.3925 6.0191, -0.3615 -4.4488 6.0191, -0.3831 -4.4463 6.0191, 0.5747 -2.1832 6.0191, 0.5898 -2.1675 6.0191, 0.608 -2.1556 6.0191, 0.2594 -4.3587 6.0191, -0.2594 -4.3587 6.0191, -0.2635 -4.3823 6.0191, 0.4369 -4.4113 6.0191, 0.4218 -4.427 6.0191, 0.4036 -4.4389 6.0191, 0.3831 -4.4463 6.0191, -0.3538 -4.4488 6.0191, -0.4036 -4.4389 6.0191, -0.4218 -4.427 6.0191, -0.6651 -4.6146 6.0191, -0.4369 -4.4113 6.0191, -0.4479 -4.3925 6.0191, 0.3615 -4.4488 6.0191, 0.3538 -4.4488 6.0191, -0.4543 -4.3717 6.0191, -0.4559 -4.35 6.0191, -0.3646 -2.3736 6.0191, -2.4781 1.597 6.0063, -2.403 1.596 6.019, -2.4293 1.6244 6.0174, -2.4386 1.616 6.0161, -2.4627 1.6024 6.0108, -2.4573 1.6042 6.0124, -2.6378 -4.3504 5.3852, -2.6378 -4.3759 5.3818, -2.6378 -4.8228 0.7631, -2.6378 -4.8425 0.7631, -2.6378 -4.4455 1.0763, -2.6378 -4.4455 5.3122, -2.6378 -4.8425 5.6253, -2.6378 -4.8228 5.6253, -2.6378 -4.7205 0.7041, -2.6378 -4.3996 1.0165, -2.6378 -4.3759 1.0067, -2.6378 -1.9024 1.8375, -2.6378 -1.893 1.8608, -2.6378 -4.7923 5.6294, -2.6378 -4.7638 5.6412, -2.6378 -4.4356 5.336, -2.6378 -4.4488 1.1017, -2.6378 -1.4764 0.6647, -2.6378 -1.4797 0.6902, -2.6378 -1.9029 1.9383, -2.6378 -1.9186 1.9587, -2.6378 -4.4488 5.2868, -2.6378 -4.4488 4.4994, -2.6378 -4.4455 4.4739, -2.6378 -4.4356 4.4502, -2.6378 -4.42 4.4298, -2.6378 -4.3996 4.4141, -2.6378 -4.3759 4.4043, -2.6378 -1.9029 1.0525, -2.6378 -1.8931 1.0763, -2.6378 -1.8898 1.1017, -2.6378 -1.8898 1.8858, -2.6378 -1.8898 1.8891, -2.6378 -1.8931 1.9146, -2.6378 -1.9882 5.3852, -2.6378 -1.9627 5.3818, -2.6378 -4.42 1.0321, -2.6378 -4.7393 0.7286, -2.6378 -4.4356 1.0525, -2.6378 -4.7638 0.7473, -2.6378 -4.7923 0.7591, -2.6378 -1.8898 1.1051, -2.6378 -1.893 1.13, -2.6378 -1.9024 1.1533, -2.6378 -1.937 1.8017, -2.6378 -1.9174 1.1735, -2.6378 -1.9174 1.8174, -2.6378 -1.9029 5.336, -2.6378 -1.9186 5.3564, -2.6378 -1.939 5.372, -2.6378 -4.3759 1.9842, -2.6378 -4.3996 1.9744, -2.6378 -4.42 1.9587, -2.6378 -1.5256 0.75, -2.6378 -1.5493 0.7598, -2.6378 -1.939 1.0165, -2.6378 -1.5748 0.7631, -2.6378 -1.5967 0.7607, -2.6378 -1.9627 1.0067, -2.6378 -1.6635 0.7074, -2.6378 -1.6708 0.6866, -2.6378 1.5215 -0.0209, -2.6378 1.4961 -0.0243, -2.6378 -1.9186 1.0321, -2.6378 -1.5052 0.7343, -2.6378 -1.4896 0.7139, -2.6378 -1.8898 4.4994, -2.6378 -1.8898 4.5027, -2.6378 -4.42 5.3564, -2.6378 -4.7393 5.6599, -2.6378 -4.3996 5.372, -2.6378 -4.7205 5.6844, -2.6378 -4.7087 5.7129, -2.6378 -4.4356 1.9383, -2.6378 -4.4455 1.9146, -2.6378 -4.4488 1.8891, -2.6378 -1.9627 4.4043, -2.6378 -1.939 4.4141, -2.6378 -1.9882 1.9876, -2.6378 -1.9186 4.4298, -2.6378 -1.9029 4.4502, -2.6378 -4.3504 1.0033, -2.6378 -4.7087 0.6756, -2.6378 -1.9882 1.0033, -2.6378 -1.6732 0.6647, -2.6378 1.5911 0.0487, -2.6378 1.5813 0.025, -2.6378 1.5657 0.0046, -2.6378 -1.893 4.5277, -2.6378 -1.9024 4.551, -2.6378 -1.9174 4.5711, -2.6378 -1.96 5.1891, -2.6378 -1.937 5.1993, -2.6378 -1.937 4.5868, -2.6378 -1.8898 5.2834, -2.6378 -1.8898 5.2868, -2.6378 -1.8931 5.3122, -2.6378 -1.3887 -0.0243, -2.6378 -1.396 -0.0226, -2.6378 -1.9848 1.2035, -2.6378 -3.189 1.2455, -2.6378 -3.189 1.7453, -2.6378 -1.8931 4.4739, -2.6378 -1.9627 1.9842, -2.6378 -1.939 1.9744, -2.6378 -1.9174 5.215, -2.6378 -1.9024 5.2352, -2.6378 -1.893 5.2585, -2.6378 -1.6175 0.7534, -2.6378 -1.6362 0.7417, -2.6378 -1.6518 0.7261, -2.6378 1.5453 -0.0111, -2.6378 1.4921 -0.0243, -2.6378 -1.937 1.1892, -2.6378 -1.96 1.1994, -2.6378 -1.96 1.7915, -2.6378 -1.9848 1.7874, -2.6378 -4.3504 1.9876, -2.6378 -4.3504 4.4009, -2.6378 -1.9882 4.4009, -2.6378 -1.9848 4.6011, -2.6378 -3.189 4.6432, -2.6378 -3.189 5.143, -2.6378 -1.4177 -0.0159, -2.6378 -1.4738 0.0516, -2.6378 -1.4764 0.0742, -2.6378 -1.4373 -0.0044, -2.6378 -1.4537 0.0113, -2.6378 -1.4661 0.0303, -2.6378 -1.96 4.597, -2.6378 -1.9848 5.185, 2.5197 1.5945 0.0742, 2.5197 1.5945 5.7828, 2.5157 1.5945 5.8134, 2.5039 1.5945 5.8419, 2.5 1.5945 5.8481, -2.4016 -1.6732 0.4876, -2.4321 -1.6732 0.4916, -2.4606 -1.6732 0.5034, -2.4851 -1.6732 0.5221, -2.5039 -1.6732 0.5466, -2.5157 -1.6732 0.5751, -2.5197 -1.6732 0.6057, 2.4016 -1.6732 0.4876, 2.3316 -4.7087 0.4876, -2.3031 -4.7205 0.4876, -2.2787 -4.7393 0.4876, 2.2599 -4.7638 0.4876, -2.2599 -4.7638 0.4876, -2.2481 -4.7923 0.4876, 1.6929 -4.6382 0.4876, 1.683 -4.66 0.4876, 2.2787 -4.7393 0.4876, 1.7337 -2.1482 0.4876, 1.7542 -2.1556 0.4876, -1.6264 -4.7017 0.4876, -1.6487 -4.6928 0.4876, 1.7121 -2.1457 0.4876, -0.6693 -4.6382 0.4876, -0.6792 -4.66 0.4876, 0.7135 -4.6928 0.4876, -0.7038 -2.1576 0.4876, -1.6584 -2.1576 0.4876, -1.6391 -2.1718 0.4876, 1.6391 -2.1718 0.4876, 1.6241 -2.1904 0.4876, 1.6141 -2.2122 0.4876, 1.7724 -2.1675 0.4876, 1.7875 -2.1832 0.4876, 1.7985 -2.202 0.4876, 0.7595 -4.7047 0.4876, 0.7358 -4.7017 0.4876, -0.7135 -4.6928 0.4876, -0.6943 -4.6786 0.4876, -1.6679 -4.6786 0.4876, -1.683 -4.66 0.4876, -1.6929 -4.6382 0.4876, 1.6971 -4.6146 0.4876, 2.3031 -4.7205 0.4876, 1.8065 -2.2445 0.4876, 1.6679 -4.6786 0.4876, 1.6487 -4.6928 0.4876, 1.6264 -4.7017 0.4876, -0.7381 -2.1904 0.4876, -0.7231 -2.1718 0.4876, -1.6141 -2.2122 0.4876, -1.6241 -2.1904 0.4876, -0.5557 -2.2445 0.4876, 0.6792 -4.66 0.4876, -0.5573 -2.2228 0.4876, 0.6693 -4.6382 0.4876, -0.5637 -2.202 0.4876, -0.6816 -2.1487 0.4876, -1.6806 -2.1487 0.4876, 0.6816 -2.1487 0.4876, 0.7038 -2.1576 0.4876, 0.7231 -2.1718 0.4876, 0.7381 -2.1904 0.4876, 1.6584 -2.1576 0.4876, 1.6806 -2.1487 0.4876, 1.7044 -2.1457 0.4876, 1.805 -2.2228 0.4876, -2.2441 -4.8425 0.4876, 2.2441 -4.8425 0.4876, -2.2441 -4.8228 0.4876, 2.2441 -4.8228 0.4876, 2.2481 -4.7923 0.4876, 1.6027 -4.7047 0.4876, -1.8065 -2.2445 0.4876, -1.805 -2.2228 0.4876, -1.7985 -2.202 0.4876, -1.7875 -2.1832 0.4876, 0.7522 -2.2358 0.4876, 0.808 -3.4449 0.4856, 1.1811 -3.4449 0.4876, -0.7358 -4.7017 0.4876, -0.7595 -4.7047 0.4876, -1.6027 -4.7047 0.4876, -1.7724 -2.1675 0.4876, -1.7542 -2.1556 0.4876, -1.7337 -2.1482 0.4876, -1.7121 -2.1457 0.4876, -1.7044 -2.1457 0.4876, -1.1811 -3.4449 0.4876, -0.808 -3.4449 0.4851, -0.7522 -2.2358 0.4876, 0.7481 -2.2122 0.4876, 1.61 -2.2358 0.4876, 1.5542 -3.4449 0.4851, 0.6943 -4.6786 0.4876, -0.6651 -4.6146 0.4876, 0.5898 -2.1675 0.4876, 0.608 -2.1556 0.4876, -0.608 -2.1556 0.4876, 0.6285 -2.1482 0.4876, 0.6501 -2.1457 0.4876, -1.6971 -4.6146 0.4876, -2.3316 -4.7087 0.4876, -0.5898 -2.1675 0.4876, -0.5747 -2.1832 0.4876, 0.5637 -2.202 0.4876, -1.5542 -3.4449 0.4856, -1.61 -2.2358 0.4876, -0.7481 -2.2122 0.4876, 0.6578 -2.1457 0.4876, 0.5747 -2.1832 0.4876, -0.6578 -2.1457 0.4876, -0.6501 -2.1457 0.4876, -0.6285 -2.1482 0.4876, 0.6651 -4.6146 0.4876, 0.5557 -2.2445 0.4876, 0.5573 -2.2228 0.4876, 2.5197 -1.6732 0.6057, 2.5157 -1.6732 0.5751, 2.5039 -1.6732 0.5466, 2.4851 -1.6732 0.5221, 2.4606 -1.6732 0.5034, 2.4321 -1.6732 0.4916, 2.5197 -4.6063 3.7671, 2.5197 -1.6732 3.7671, 2.5197 -4.7244 3.649, 2.5197 -4.7244 2.7395, 2.5197 -4.8228 0.7631, 2.5197 -4.8425 0.7631, 2.5197 -4.4455 1.0763, 2.5197 -4.3504 5.3852, 2.5197 -4.3759 5.3818, 2.5197 -1.5256 0.75, 2.5197 -1.5052 0.7343, 2.5197 -1.4896 0.7139, 2.5197 -4.4488 1.1017, 2.5197 -1.8898 1.8891, 2.5197 -1.8931 1.9146, 2.5197 -1.9882 1.9876, 2.5197 -1.9627 1.9842, 2.5197 -1.939 1.9744, 2.5197 -1.9029 4.4502, 2.5197 -1.8931 4.4739, 2.5197 -1.9882 5.3852, 2.5197 -1.9627 5.3818, 2.5197 -4.8345 3.7101, 2.5197 -4.8425 3.649, 2.5197 -4.8425 5.6253, 2.5197 -4.7086 3.708, 2.5197 -4.6898 3.7325, 2.5197 -4.6654 3.7513, 2.5197 1.4921 -0.0243, 2.5197 -1.4797 0.6902, 2.5197 -1.4764 0.6647, 2.5197 -4.4356 1.9383, 2.5197 -4.4455 1.9146, 2.5197 -4.7733 2.5725, 2.5197 -4.8109 2.6214, 2.5197 -4.4455 5.3122, 2.5197 -4.8228 5.6253, 2.5197 -4.7204 3.6795, 2.5197 -4.6369 3.7631, 2.5197 1.5911 0.0487, 2.5197 1.5813 0.025, 2.5197 1.5657 0.0046, 2.5197 1.5453 -0.0111, 2.5197 -4.6063 2.5033, 2.5197 -4.3759 1.9842, 2.5197 -4.6674 2.5114, 2.5197 -4.3996 1.9744, 2.5197 -4.7244 2.535, 2.5197 -4.4488 1.8891, 2.5197 -4.8345 2.6784, 2.5197 -4.8425 2.7395, 2.5197 -1.9029 1.9383, 2.5197 -1.9186 1.9587, 2.5197 -4.7923 5.6294, 2.5197 -4.7638 5.6412, 2.5197 -4.4356 5.336, 2.5197 -4.6369 2.6254, 2.5197 -4.6654 2.6372, 2.5197 -4.6063 2.6214, 2.5197 -4.6898 2.656, 2.5197 -4.7086 2.6805, 2.5197 1.5215 -0.0209, 2.5197 1.4961 -0.0243, 2.5197 -1.3887 -0.0243, 2.5197 -1.396 -0.0226, 2.5197 -1.4764 0.0742, 2.5197 -1.4738 0.0516, 2.5197 -1.6732 2.6214, 2.5197 -1.6732 2.5033, 2.5197 -4.3504 1.9876, 2.5197 -1.5748 0.7631, 2.5197 -1.6003 0.7598, 2.5197 -1.8931 1.0763, 2.5197 -1.624 0.75, 2.5197 -1.9029 1.0525, 2.5197 -1.6444 0.7343, 2.5197 -1.66 0.7139, 2.5197 -1.939 1.0165, 2.5197 -1.6699 0.6902, 2.5197 -1.9627 1.0067, 2.5197 -1.6732 0.6647, 2.5197 -4.3504 1.0033, 2.5197 -1.9882 1.0033, 2.5197 -1.937 1.8017, 2.5197 -1.9174 1.8174, 2.5197 -1.9882 4.4009, 2.5197 -1.9627 4.4043, 2.5197 -1.6732 3.8852, 2.5197 -1.939 4.4141, 2.5197 -1.9186 4.4298, 2.5197 -4.7204 2.709, 2.5197 -1.8931 5.3122, 2.5197 -1.9029 5.336, 2.5197 -4.8109 3.7671, 2.5197 -4.4356 4.4502, 2.5197 -4.6674 3.8771, 2.5197 -4.4455 4.4739, 2.5197 -4.7244 3.8535, 2.5197 -1.4177 -0.0159, 2.5197 -1.4373 -0.0044, 2.5197 -1.4537 0.0113, 2.5197 -4.42 1.9587, 2.5197 -4.3996 1.0165, 2.5197 -1.8898 1.1017, 2.5197 -1.5493 0.7598, 2.5197 -1.9024 5.2352, 2.5197 -1.893 5.2585, 2.5197 -1.9186 1.0321, 2.5197 -4.3759 1.0067, 2.5197 -1.8898 1.1051, 2.5197 -1.893 1.13, 2.5197 -1.9024 1.1533, 2.5197 -1.9174 1.1735, 2.5197 -1.8898 4.4994, 2.5197 -1.8898 4.5027, 2.5197 -1.893 4.5277, 2.5197 -1.9186 5.3564, 2.5197 -1.939 5.372, 2.5197 -4.7733 3.816, 2.5197 -4.4488 4.4994, 2.5197 -4.4488 5.2868, 2.5197 -1.4661 0.0303, 2.5197 -4.7087 0.6756, 2.5197 -4.7205 0.7041, 2.5197 -4.42 1.0321, 2.5197 -4.7393 0.7286, 2.5197 -4.4356 1.0525, 2.5197 -4.7638 0.7473, 2.5197 -4.7923 0.7591, 2.5197 -1.9024 1.8375, 2.5197 -1.893 1.8608, 2.5197 -1.8898 1.8858, 2.5197 -1.8898 5.2834, 2.5197 -1.8898 5.2868, 2.5197 -4.42 5.3564, 2.5197 -4.7393 5.6599, 2.5197 -4.3996 5.372, 2.5197 -4.7205 5.6844, 2.5197 -4.7087 5.7129, 2.5197 -4.42 4.4298, 2.5197 -4.3996 4.4141, 2.5197 -4.6063 3.8852, 2.5197 -4.3759 4.4043, 2.5197 -4.3504 4.4009, 2.5197 -1.9848 1.2035, 2.5197 -1.9024 4.551, 2.5197 -1.9174 4.5711, 2.5197 -1.937 4.5868, 2.5197 -1.96 4.597, 2.5197 -1.9174 5.215, 2.5197 -1.937 5.1993, 2.5197 -1.937 1.1892, 2.5197 -1.96 1.1994, 2.5197 -1.96 1.7915, 2.5197 -1.9848 1.7874, 2.5197 -1.9848 4.6011, 2.5197 -1.9848 5.185, 2.5197 -1.96 5.1891, 2.4026 1.5957 5.9009, 2.4283 1.6254 5.8979, 2.4321 1.622 5.8968, 2.4851 1.5956 5.8663, 2.4478 1.6095 5.8915, 2.4574 1.6044 5.8867, 2.4606 1.6027 5.8851, 2.4781 1.597 5.8728, 2.4016 1.5945 5.9009, 2.4386 1.616 5.895, 0.6816 -2.1487 5.9009, 0.6578 -2.1457 5.9009, 1.6141 -2.2122 5.9009, -1.8065 -2.2445 5.9009, -2.3031 -4.7205 5.9009, -2.3316 -4.7087 5.9009, -0.7358 -4.7017 5.9009, -0.7135 -4.6928 5.9009, 2.2599 -4.7638 5.9009, 0.3355 -2.3096 5.9009, 0.3162 -2.2954 5.9009, 0.7381 -2.1904 5.9009, 0.7231 -2.1718 5.9009, 0.7038 -2.1576 5.9009, 1.6487 -4.6928 5.9009, 1.6679 -4.6786 5.9009, 2.2787 -4.7393 5.9009, -0.7595 -4.7047 5.9009, -2.2787 -4.7393 5.9009, -1.6971 -4.6146 5.9009, -2.2599 -4.7638 5.9009, -0.294 -2.2865 5.9009, -0.3162 -2.2954 5.9009, -2.4016 1.5945 5.9009, -0.3355 -2.3096 5.9009, -0.3506 -2.3282 5.9009, 1.683 -4.66 5.9009, 1.6929 -4.6382 5.9009, 2.3031 -4.7205 5.9009, 1.61 -2.2358 5.9009, 0.7522 -2.2358 5.9009, 0.7481 -2.2122 5.9009, -0.4218 -4.427 5.9009, -0.4036 -4.4389 5.9009, -0.6943 -4.6786 5.9009, 1.7875 -2.1832 5.9009, 1.7724 -2.1675 5.9009, 1.7542 -2.1556 5.9009, 1.7337 -2.1482 5.9009, -0.7038 -2.1576 5.9009, -0.7231 -2.1718 5.9009, -1.6141 -2.2122 5.9009, -0.7381 -2.1904 5.9009, -1.6241 -2.1904 5.9009, -1.6391 -2.1718 5.9009, -1.6584 -2.1576 5.9009, -1.6806 -2.1487 5.9009, 0.7595 -4.7047 5.9009, 1.6027 -4.7047 5.9009, 1.6264 -4.7017 5.9009, -1.6027 -4.7047 5.9009, 2.2481 -4.7923 5.9009, 2.2441 -4.8228 5.9009, 1.8065 -2.2445 5.9009, 1.805 -2.2228 5.9009, 1.7985 -2.202 5.9009, 1.7121 -2.1457 5.9009, 1.7044 -2.1457 5.9009, 1.6806 -2.1487 5.9009, 0.5747 -2.1832 5.9009, 0.3605 -2.35 5.9009, 0.5898 -2.1675 5.9009, 0.3506 -2.3282 5.9009, -0.4559 -4.35 5.9009, -0.4543 -4.3717 5.9009, -0.6792 -4.66 5.9009, -0.4479 -4.3925 5.9009, -0.4369 -4.4113 5.9009, -2.2481 -4.7923 5.9009, -1.6929 -4.6382 5.9009, -2.2441 -4.8228 5.9009, -1.683 -4.66 5.9009, -2.2441 -4.8425 5.9009, -1.6679 -4.6786 5.9009, -1.6487 -4.6928 5.9009, 0.294 -2.2865 5.9009, 0.2703 -2.2835 5.9009, -0.2703 -2.2835 5.9009, -0.5557 -2.2445 5.9009, -0.3646 -2.3736 5.9009, -0.6651 -4.6146 5.9009, -0.6693 -4.6382 5.9009, -1.7044 -2.1457 5.9009, -1.7121 -2.1457 5.9009, -1.7337 -2.1482 5.9009, -1.7542 -2.1556 5.9009, -1.7724 -2.1675 5.9009, -1.7875 -2.1832 5.9009, -1.7985 -2.202 5.9009, -1.805 -2.2228 5.9009, -0.2635 -4.3823 5.9009, 0.2885 -4.4227 5.9009, -0.2735 -4.4041 5.9009, -0.2885 -4.4227 5.9009, 2.2441 -4.8425 5.9009, -1.6264 -4.7017 5.9009, 0.6501 -2.1457 5.9009, 0.6285 -2.1482 5.9009, -0.6501 -2.1457 5.9009, -0.6285 -2.1482 5.9009, -0.608 -2.1556 5.9009, -0.6578 -2.1457 5.9009, -0.6816 -2.1487 5.9009, -0.7522 -2.2358 5.9009, -0.3831 -4.4463 5.9009, -0.3615 -4.4488 5.9009, -0.3538 -4.4488 5.9009, -0.33 -4.4458 5.9009, 0.6693 -4.6382 5.9009, 0.6792 -4.66 5.9009, 0.6943 -4.6786 5.9009, 0.7135 -4.6928 5.9009, 1.6971 -4.6146 5.9009, 2.3316 -4.7087 5.9009, 0.608 -2.1556 5.9009, -0.5573 -2.2228 5.9009, -0.3605 -2.35 5.9009, -0.7481 -2.2122 5.9009, -1.61 -2.2358 5.9009, 0.7358 -4.7017 5.9009, -0.3078 -4.4369 5.9009, -0.2594 -4.3587 5.9009, -0.5637 -2.202 5.9009, -0.5747 -2.1832 5.9009, -0.5898 -2.1675 5.9009, 0.2594 -4.3587 5.9009, 0.2635 -4.3823 5.9009, 0.2735 -4.4041 5.9009, 1.6584 -2.1576 5.9009, 1.6391 -2.1718 5.9009, 1.6241 -2.1904 5.9009, 0.3615 -4.4488 5.9009, 0.3831 -4.4463 5.9009, 0.4036 -4.4389 5.9009, 0.4218 -4.427 5.9009, 0.6651 -4.6146 5.9009, 0.4369 -4.4113 5.9009, 0.4479 -4.3925 5.9009, 0.4543 -4.3717 5.9009, 0.4559 -4.35 5.9009, 0.5557 -2.2445 5.9009, 0.3646 -2.3736 5.9009, 0.5573 -2.2228 5.9009, 0.5637 -2.202 5.9009, 0.3078 -4.4369 5.9009, 0.33 -4.4458 5.9009, 0.3538 -4.4488 5.9009, -2.4026 1.5957 5.9009, -2.4283 1.6254 5.8979, -2.4478 1.6095 5.8915, -2.4389 1.6164 5.8946, -2.4321 1.6216 5.8969, -2.4851 1.5956 5.8663, -2.4781 1.597 5.8728, -2.4606 1.6027 5.8851, -2.4573 1.6042 5.887, -2.5197 -4.6063 2.6214, -2.5197 -1.6732 2.6214, -2.5197 -1.6732 3.7671, -2.5197 -4.7204 3.6795, -2.5197 -4.7244 3.649, -2.5197 -4.6063 3.7671, -2.5197 -4.4455 4.4739, -2.5197 -4.8109 3.7671, -2.5197 -4.7733 3.816, -2.5197 -4.6654 3.7513, -2.5197 -4.6898 3.7325, -2.5197 -4.7086 3.708, -2.5197 -4.8228 5.6253, -2.5197 -4.8425 5.6253, -2.5197 -4.4455 5.3122, -2.5197 -4.7204 2.709, -2.5197 -4.7086 2.6805, -2.5197 -4.8345 2.6784, -2.5197 -4.8425 2.7395, -2.5197 -4.8425 0.7631, -2.5197 -4.4488 5.2868, -2.5197 -4.6369 3.7631, -2.5197 -4.7244 2.7395, -2.5197 1.5215 -0.0209, -2.5197 1.5453 -0.0111, -2.5197 1.5657 0.0046, -2.5197 1.5813 0.025, -2.5197 -4.4455 1.0763, -2.5197 -4.8228 0.7631, -2.5197 -1.5052 0.7343, -2.5197 -1.4896 0.7139, -2.5197 -1.4797 0.6902, -2.5197 -1.4764 0.6647, -2.5197 -4.7244 3.8535, -2.5197 -4.6674 3.8771, -2.5197 -4.4356 4.4502, -2.5197 -4.42 4.4298, -2.5197 -4.4488 4.4994, -2.5197 -4.8345 3.7101, -2.5197 -4.8425 3.649, -2.5197 -4.6898 2.656, -2.5197 -4.6654 2.6372, -2.5197 -4.6369 2.6254, -2.5197 -1.5256 0.75, -2.5197 -1.6732 2.5033, -2.5197 1.4921 -0.0243, -2.5197 1.4961 -0.0243, -2.5197 1.5911 0.0487, -2.5197 -1.6732 3.8852, -2.5197 -4.3996 5.372, -2.5197 -4.3759 5.3818, -2.5197 -4.7205 5.6844, -2.5197 -1.939 5.372, -2.5197 -1.9186 5.3564, -2.5197 -4.7923 0.7591, -2.5197 -4.7638 0.7473, -2.5197 -4.4356 1.0525, -2.5197 -4.7087 5.7129, -2.5197 -4.3504 5.3852, -2.5197 -1.9882 5.3852, -2.5197 -1.9627 5.3818, -2.5197 -4.3504 1.0033, -2.5197 -1.9882 1.0033, -2.5197 -1.9627 1.0067, -2.5197 -4.3759 1.0067, -2.5197 -4.3996 1.0165, -2.5197 -4.7087 0.6756, -2.5197 -4.8109 2.6214, -2.5197 -1.9627 1.9842, -2.5197 -1.939 1.9744, -2.5197 -1.396 -0.0226, -2.5197 -1.3887 -0.0243, -2.5197 -1.9627 4.4043, -2.5197 -1.9882 4.4009, -2.5197 -4.3504 4.4009, -2.5197 -4.6063 3.8852, -2.5197 -4.3759 4.4043, -2.5197 -4.3996 4.4141, -2.5197 -1.9029 5.336, -2.5197 -1.8931 5.3122, -2.5197 -1.8898 5.2868, -2.5197 -1.9024 4.551, -2.5197 -1.893 4.5277, -2.5197 -1.8931 4.4739, -2.5197 -1.9029 4.4502, -2.5197 -4.42 1.0321, -2.5197 -4.7393 0.7286, -2.5197 -4.7205 0.7041, -2.5197 -1.9186 1.9587, -2.5197 -1.9029 1.9383, -2.5197 -1.8931 1.9146, -2.5197 -1.9174 1.1735, -2.5197 -1.9024 1.1533, -2.5197 -1.937 1.8017, -2.5197 -1.939 1.0165, -2.5197 -1.6732 0.6647, -2.5197 -1.6708 0.6866, -2.5197 -4.42 5.3564, -2.5197 -4.7393 5.6599, -2.5197 -4.4356 5.336, -2.5197 -4.7638 5.6412, -2.5197 -4.7923 5.6294, -2.5197 -1.8898 5.2834, -2.5197 -1.893 5.2585, -2.5197 -1.9024 5.2352, -2.5197 -1.9186 4.4298, -2.5197 -1.939 4.4141, -2.5197 -4.4488 1.1017, -2.5197 -4.4488 1.8891, -2.5197 -4.4455 1.9146, -2.5197 -4.7733 2.5725, -2.5197 -4.6063 2.5033, -2.5197 -4.6674 2.5114, -2.5197 -4.3996 1.9744, -2.5197 -4.7244 2.535, -2.5197 -4.42 1.9587, -2.5197 -4.4356 1.9383, -2.5197 -1.9174 1.8174, -2.5197 -1.9024 1.8375, -2.5197 -1.4537 0.0113, -2.5197 -1.4373 -0.0044, -2.5197 -1.4661 0.0303, -2.5197 -1.4738 0.0516, -2.5197 -1.4764 0.0742, -2.5197 -1.4177 -0.0159, -2.5197 -1.9174 5.215, -2.5197 -1.937 5.1993, -2.5197 -1.96 4.597, -2.5197 -1.8898 4.5027, -2.5197 -1.8898 4.4994, -2.5197 -1.5967 0.7607, -2.5197 -1.5748 0.7631, -2.5197 -1.9029 1.0525, -2.5197 -1.5493 0.7598, -2.5197 -1.8931 1.0763, -2.5197 -1.8898 1.1017, -2.5197 -1.8898 1.1051, -2.5197 -1.6635 0.7074, -2.5197 -1.6518 0.7261, -2.5197 -1.9186 1.0321, -2.5197 -1.6362 0.7417, -2.5197 -1.6175 0.7534, -2.5197 -1.9848 5.185, -2.5197 -3.189 5.143, -2.5197 -3.189 4.6432, -2.5197 -1.937 4.5868, -2.5197 -1.9174 4.5711, -2.5197 -4.3759 1.9842, -2.5197 -4.3504 1.9876, -2.5197 -1.9882 1.9876, -2.5197 -1.893 1.13, -2.5197 -1.96 5.1891, -2.5197 -1.9848 4.6011, -2.5197 -1.8898 1.8891, -2.5197 -1.8898 1.8858, -2.5197 -1.893 1.8608, -2.5197 -3.189 1.7453, -2.5197 -3.189 1.2455, -2.5197 -1.9848 1.7874, -2.5197 -1.9848 1.2035, -2.5197 -1.96 1.7915, -2.5197 -1.96 1.1994, -2.5197 -1.937 1.1892, 2.126 -4.9803 6.2848, -2.126 -4.9803 6.2848, 2.126 -5.0984 6.2848, -2.126 -5.0984 6.2848, -2.2441 -4.8782 6.0237, -2.2441 -4.9087 5.9097, -2.2441 -4.9114 6.0375, -2.2441 -4.9705 5.9352, -2.2441 -4.94 6.0594, -2.2441 -5.0235 5.9759, -2.2441 -4.9619 6.0879, -2.2441 -5.0641 6.0289, -2.2441 -4.9756 6.1212, -2.2441 -5.0897 6.0906, -2.2441 -4.9803 6.1568, -2.2441 -5.0984 6.1568, 2.2441 -5.0984 6.1568, 2.2441 -5.0897 6.0906, 2.2441 -5.0641 6.0289, 2.2441 -5.0235 5.9759, 2.2441 -4.9705 5.9352, 2.2441 -4.9087 5.9097, 2.2441 -4.9803 6.1568, 2.2441 -4.9756 6.1212, 2.2441 -4.9619 6.0879, 2.2441 -4.94 6.0594, 2.2441 -4.9114 6.0375, 2.2441 -4.8782 6.0237, -2.2441 -4.9803 6.1667, -2.2441 -5.0984 6.1667, 2.2441 -5.0984 6.1667, 2.2095 -5.0984 6.2502, 2.2283 -5.0984 6.2257, 2.2401 -5.0984 6.1973, 2.185 -5.0984 6.269, 2.1566 -5.0984 6.2808, -2.1566 -5.0984 6.2808, -2.185 -5.0984 6.269, -2.2095 -5.0984 6.2502, -2.2283 -5.0984 6.2257, -2.2401 -5.0984 6.1973, 2.2441 -4.9803 6.1667, 2.1566 -4.9803 6.2808, 2.185 -4.9803 6.269, 2.2095 -4.9803 6.2502, 2.2283 -4.9803 6.2257, 2.2401 -4.9803 6.1973, -2.2095 -4.9803 6.2502, -2.2283 -4.9803 6.2257, -2.2401 -4.9803 6.1973, -2.185 -4.9803 6.269, -2.1566 -4.9803 6.2808, -2.8937 -4.9803 5.5072, -2.8937 -4.9803 0.8813, -2.8937 -5.0984 5.5072, -2.8937 -5.0984 0.8813, -2.6425 -4.8782 5.6253, -2.6425 -4.8782 0.7631, -2.6563 -4.9114 5.6253, -2.6563 -4.9114 0.7631, -2.6782 -4.94 5.6253, -2.6782 -4.94 0.7631, -2.7067 -4.9619 5.6253, -2.7067 -4.9619 0.7631, -2.7399 -4.9756 5.6253, -2.7399 -4.9756 0.7631, -2.7756 -4.9803 5.6253, -2.7756 -4.9803 0.7631, -2.5284 -4.9087 0.7631, -2.554 -4.9705 0.7631, -2.5946 -5.0235 0.7631, -2.6476 -5.0641 0.7631, -2.7094 -5.0897 0.7631, -2.7756 -5.0984 0.7631, -2.5284 -4.9087 5.6253, -2.7756 -5.0984 5.6253, -2.7094 -5.0897 5.6253, -2.6476 -5.0641 5.6253, -2.5946 -5.0235 5.6253, -2.554 -4.9705 5.6253, -2.8591 -4.9803 5.5908, -2.8346 -4.9803 5.6095, -2.8062 -4.9803 5.6213, -2.8779 -4.9803 5.5663, -2.8062 -4.9803 0.7672, -2.8346 -4.9803 0.779, -2.8897 -4.9803 0.8507, -2.8591 -4.9803 0.7977, -2.8779 -4.9803 0.8222, -2.8897 -4.9803 5.5378, -2.8897 -5.0984 5.5378, -2.8062 -5.0984 5.6213, -2.8346 -5.0984 5.6095, -2.8591 -5.0984 5.5908, -2.8779 -5.0984 5.5663, -2.8346 -5.0984 0.779, -2.8897 -5.0984 0.8507, -2.8591 -5.0984 0.7977, -2.8779 -5.0984 0.8222, -2.8062 -5.0984 0.7672, -2.126 -4.9803 0.1037, 2.126 -4.9803 0.1037, -2.126 -5.0984 0.1037, 2.126 -5.0984 0.1037, 2.2441 -4.8782 0.3647, 2.2441 -4.9087 0.4788, 2.2441 -4.9114 0.351, 2.2441 -4.9705 0.4533, 2.2441 -4.94 0.3291, 2.2441 -5.0235 0.4126, 2.2441 -4.9619 0.3005, 2.2441 -5.0641 0.3596, 2.2441 -4.9756 0.2673, 2.2441 -5.0897 0.2979, 2.2441 -4.9803 0.2316, 2.2441 -5.0984 0.2316, -2.2441 -5.0984 0.2316, -2.2441 -5.0897 0.2979, -2.2441 -5.0641 0.3596, -2.2441 -5.0235 0.4126, -2.2441 -4.9705 0.4533, -2.2441 -4.9087 0.4788, -2.2441 -4.9803 0.2316, -2.2441 -4.9756 0.2673, -2.2441 -4.9619 0.3005, -2.2441 -4.94 0.3291, -2.2441 -4.9114 0.351, -2.2441 -4.8782 0.3647, 2.2441 -4.9803 0.2218, 2.2441 -5.0984 0.2218, 2.1566 -5.0984 0.1077, 2.185 -5.0984 0.1195, -2.2441 -5.0984 0.2218, 2.2095 -5.0984 0.1383, 2.2283 -5.0984 0.1628, 2.2401 -5.0984 0.1912, -2.2283 -5.0984 0.1628, -2.2095 -5.0984 0.1383, -2.185 -5.0984 0.1195, -2.2401 -5.0984 0.1912, -2.1566 -5.0984 0.1077, -2.2441 -4.9803 0.2218, 2.1566 -4.9803 0.1077, 2.2401 -4.9803 0.1912, 2.2283 -4.9803 0.1628, 2.2095 -4.9803 0.1383, 2.185 -4.9803 0.1195, -2.1566 -4.9803 0.1077, -2.2401 -4.9803 0.1912, -2.185 -4.9803 0.1195, -2.2283 -4.9803 0.1628, -2.2095 -4.9803 0.1383, 2.8937 -4.9803 0.8813, 2.8937 -4.9803 5.5072, 2.8937 -5.0984 0.8813, 2.8937 -5.0984 5.5072, 2.5284 -4.9087 0.7631, 2.7756 -5.0984 0.7631, 2.7756 -5.0984 5.6253, 2.7094 -5.0897 5.6253, 2.5284 -4.9087 5.6253, 2.7094 -5.0897 0.7631, 2.6476 -5.0641 5.6253, 2.6476 -5.0641 0.7631, 2.5946 -5.0235 5.6253, 2.5946 -5.0235 0.7631, 2.554 -4.9705 5.6253, 2.554 -4.9705 0.7631, 2.7756 -4.9803 0.7631, 2.7399 -4.9756 0.7631, 2.7067 -4.9619 0.7631, 2.6782 -4.94 0.7631, 2.6563 -4.9114 0.7631, 2.6425 -4.8782 0.7631, 2.6425 -4.8782 5.6253, 2.6563 -4.9114 5.6253, 2.6782 -4.94 5.6253, 2.7067 -4.9619 5.6253, 2.7399 -4.9756 5.6253, 2.7756 -4.9803 5.6253, 2.8897 -5.0984 5.5378, 2.8779 -5.0984 5.5663, 2.8591 -5.0984 5.5908, 2.8062 -5.0984 5.6213, 2.8346 -5.0984 5.6095, 2.8062 -5.0984 0.7672, 2.8897 -5.0984 0.8507, 2.8346 -5.0984 0.779, 2.8591 -5.0984 0.7977, 2.8779 -5.0984 0.8222, 2.8062 -4.9803 5.6213, 2.8346 -4.9803 5.6095, 2.8591 -4.9803 5.5908, 2.8779 -4.9803 5.5663, 2.8897 -4.9803 5.5378, 2.8346 -4.9803 0.779, 2.8897 -4.9803 0.8507, 2.8591 -4.9803 0.7977, 2.8779 -4.9803 0.8222, 2.8062 -4.9803 0.7672, -2.5236 1.8701 0.0348, 2.5236 1.8701 0.0348, -2.5236 1.752 0.0348, 2.5236 1.752 0.0348, 2.4016 1.6929 6.0009, 2.4016 1.6929 5.8664, 2.4016 1.7323 5.9821, 2.4016 1.7058 5.8548, 2.4016 1.752 5.7435, 2.4016 1.8701 5.7435, 2.4016 1.7466 5.7842, 2.4016 1.8607 5.8148, 2.4016 1.7309 5.8222, 2.4016 1.8332 5.8813, 2.4016 1.7894 5.9383, -2.4202 1.6353 5.8956, -2.4232 1.6317 5.8964, 2.423 1.6315 5.8965, 2.4208 1.6352 5.8954, 2.4113 1.6502 5.8908, 2.407 1.6606 5.8864, 2.4038 1.6731 5.8797, -2.4113 1.6502 5.8908, -2.407 1.6606 5.8864, 2.404 1.671 5.8811, -2.4042 1.671 5.881, -2.4036 1.6732 5.8798, -2.4016 1.6929 5.8664, -2.4016 1.7058 5.8548, -2.4016 1.7309 5.8222, -2.4016 1.7466 5.7842, -2.4016 1.752 5.7435, -2.4016 1.8701 5.7435, -2.4016 1.8607 5.8148, -2.4016 1.8332 5.8813, -2.4016 1.7894 5.9383, -2.4016 1.7323 5.9821, -2.4016 1.6929 6.0009, 2.404 1.671 6.0082, 2.4059 1.6658 6.0095, -2.404 1.671 6.0082, -2.4059 1.6658 6.0095, 2.4113 1.6502 6.0134, -2.4113 1.6502 6.0134, 2.423 1.6315 6.0165, -2.423 1.6315 6.0165, 2.4016 1.8701 4.6214, 2.4016 1.752 4.6214, -2.4049 1.752 4.5959, -2.4148 1.752 4.5722, 2.4304 1.752 4.5518, 2.5236 1.752 4.523, 2.5 1.752 4.523, 2.4745 1.752 4.5263, 2.4508 1.752 4.5362, -2.4508 1.752 4.5362, -2.4745 1.752 4.5263, -2.5 1.752 4.523, -2.5236 1.752 4.523, 2.4148 1.752 4.5722, 2.4049 1.752 4.5959, -2.4304 1.752 4.5518, -2.4016 1.752 4.6214, -2.4016 1.8701 4.6214, 2.5 1.8701 4.523, 2.5236 1.8701 4.523, 2.4049 1.8701 4.5959, 2.4148 1.8701 4.5722, -2.4148 1.8701 4.5722, -2.5236 1.8701 4.523, -2.5 1.8701 4.523, -2.4049 1.8701 4.5959, 2.4304 1.8701 4.5518, 2.4508 1.8701 4.5362, 2.4745 1.8701 4.5263, -2.4745 1.8701 4.5263, -2.4508 1.8701 4.5362, -2.4304 1.8701 4.5518, -2.6417 1.185 0.1332, -2.6417 1.185 4.4246, -2.7598 1.185 0.1332, -2.7598 1.185 4.4246, -2.7598 1.2835 0.0348, -2.7598 1.6339 0.0348, -2.6417 1.2835 0.0348, -2.6417 1.6339 0.0348, -2.7598 1.6339 4.523, -2.7598 1.258 0.0382, -2.7598 1.2343 0.048, -2.7598 1.2139 0.0636, -2.7598 1.1884 0.1077, -2.7598 1.2343 4.5098, -2.7598 1.258 4.5196, -2.7598 1.2835 4.523, -2.7598 1.1982 0.084, -2.7598 1.1884 4.45, -2.7598 1.1982 4.4738, -2.7598 1.2139 4.4942, -2.6417 1.2835 4.523, -2.6417 1.6339 4.523, -2.6417 1.258 4.5196, -2.6417 1.2343 4.5098, -2.6417 1.2139 4.4942, -2.6417 1.1884 4.45, -2.6417 1.1982 4.4738, -2.6417 1.1884 0.1077, -2.6417 1.2343 0.048, -2.6417 1.258 0.0382, -2.6417 1.2139 0.0636, -2.6417 1.1982 0.084, -2.6377 1.6644 0.0348, -2.7518 1.695 0.0348, -2.6259 1.6929 0.0348, -2.7282 1.752 0.0348, -2.6071 1.7174 0.0348, -2.6907 1.8009 0.0348, -2.5827 1.7361 0.0348, -2.6417 1.8384 0.0348, -2.5542 1.7479 0.0348, -2.5848 1.862 0.0348, -2.5848 1.862 4.523, -2.6417 1.8384 4.523, -2.6907 1.8009 4.523, -2.7282 1.752 4.523, -2.7518 1.695 4.523, -2.5542 1.7479 4.523, -2.5827 1.7361 4.523, -2.6071 1.7174 4.523, -2.6259 1.6929 4.523, -2.6377 1.6644 4.523, 2.7598 1.185 0.1332, 2.7598 1.185 4.4246, 2.6417 1.185 0.1332, 2.6417 1.185 4.4246, 2.5542 1.7479 0.0348, 2.5848 1.862 0.0348, 2.5827 1.7361 0.0348, 2.6417 1.8384 0.0348, 2.6071 1.7174 0.0348, 2.6907 1.8009 0.0348, 2.6259 1.6929 0.0348, 2.7282 1.752 0.0348, 2.6377 1.6644 0.0348, 2.7518 1.695 0.0348, 2.6417 1.6339 0.0348, 2.7598 1.6339 0.0348, 2.7598 1.6339 4.523, 2.7518 1.695 4.523, 2.7282 1.752 4.523, 2.6907 1.8009 4.523, 2.6417 1.8384 4.523, 2.5848 1.862 4.523, 2.6417 1.6339 4.523, 2.6377 1.6644 4.523, 2.6259 1.6929 4.523, 2.6071 1.7174 4.523, 2.5827 1.7361 4.523, 2.5542 1.7479 4.523, 2.6417 1.2835 0.0348, 2.7598 1.2835 0.0348, 2.7598 1.2835 4.523, 2.7598 1.2343 4.5098, 2.7598 1.258 4.5196, 2.7598 1.2139 4.4942, 2.7598 1.1982 4.4738, 2.7598 1.1884 4.45, 2.7598 1.1884 0.1077, 2.7598 1.2343 0.048, 2.7598 1.258 0.0382, 2.7598 1.2139 0.0636, 2.7598 1.1982 0.084, 2.6417 1.2835 4.523, 2.6417 1.258 0.0382, 2.6417 1.2343 0.048, 2.6417 1.2139 0.0636, 2.6417 1.2343 4.5098, 2.6417 1.258 4.5196, 2.6417 1.1884 0.1077, 2.6417 1.2139 4.4942, 2.6417 1.1884 4.45, 2.6417 1.1982 4.4738, 2.6417 1.1982 0.084, -1.683 -4.66 3.879, -1.6929 -4.6382 3.883, -1.6975 -4.6063 3.8852, -1.6971 -4.6146 3.885, -1.6958 -4.6265 3.8843, 1.677 -4.6674 3.877, 1.6679 -4.6786 3.8739, -0.6943 -4.6786 3.8739, 0.7358 -4.7017 3.8651, 0.7243 -4.6979 3.8667, 0.7135 -4.6928 3.8688, 0.6943 -4.6786 3.8739, -0.6852 -4.6674 3.877, 1.6487 -4.6928 3.8688, 1.6379 -4.6979 3.8667, 1.6264 -4.7017 3.8651, 1.6147 -4.704 3.8641, 1.6027 -4.7047 3.8637, 0.7595 -4.7047 3.8637, -0.7243 -4.6979 3.8667, -0.7135 -4.6928 3.8688, 0.7475 -4.704 3.8641, -0.7358 -4.7017 3.8651, -0.7475 -4.704 3.8641, -0.7595 -4.7047 3.8637, -1.6027 -4.7047 3.8637, -1.6147 -4.704 3.8641, -1.6264 -4.7017 3.8651, -1.6379 -4.6979 3.8667, -1.6487 -4.6928 3.8688, -1.6679 -4.6786 3.8739, -1.677 -4.6674 3.877, 0.6852 -4.6674 3.877, 0.6792 -4.66 3.879, -0.6792 -4.66 3.879, 0.6693 -4.6382 3.883, -0.6693 -4.6382 3.883, 0.6664 -4.6265 3.8843, 0.6647 -4.6063 3.8852, -0.6647 -4.6063 3.8852, 0.6651 -4.6146 3.885, -0.6651 -4.6146 3.885, -0.6665 -4.6266 3.8843, 1.6958 -4.6266 3.8843, 1.6929 -4.6382 3.883, 1.683 -4.66 3.879, 1.6975 -4.6063 3.8852, 1.6971 -4.6146 3.885, 1.683 -4.66 2.5095, 1.6929 -4.6382 2.5055, 1.6975 -4.6063 2.5033, 1.6971 -4.6146 2.5034, 1.6958 -4.6265 2.5042, -1.677 -4.6674 2.5115, -1.6679 -4.6786 2.5146, 0.6943 -4.6786 2.5146, -0.7358 -4.7017 2.5234, -0.7243 -4.6979 2.5218, -0.7135 -4.6928 2.5197, -0.6943 -4.6786 2.5146, 0.6852 -4.6674 2.5115, -1.6487 -4.6928 2.5197, -1.6379 -4.6979 2.5218, -1.6264 -4.7017 2.5234, -1.6147 -4.704 2.5244, -1.6027 -4.7047 2.5248, -0.7595 -4.7047 2.5248, 0.7243 -4.6979 2.5218, 0.7135 -4.6928 2.5197, -0.7475 -4.704 2.5244, 0.7358 -4.7017 2.5234, 0.7475 -4.704 2.5244, 0.7595 -4.7047 2.5248, 1.6027 -4.7047 2.5248, 1.6147 -4.704 2.5244, 1.6264 -4.7017 2.5234, 1.6379 -4.6979 2.5218, 1.6487 -4.6928 2.5197, 1.6679 -4.6786 2.5146, 1.677 -4.6674 2.5115, -0.6852 -4.6674 2.5115, -0.6792 -4.66 2.5095, 0.6792 -4.66 2.5095, -0.6693 -4.6382 2.5055, 0.6693 -4.6382 2.5055, -0.6664 -4.6265 2.5042, -0.6647 -4.6063 2.5033, 0.6647 -4.6063 2.5033, -0.6651 -4.6146 2.5034, 0.6651 -4.6146 2.5034, 0.6665 -4.6266 2.5042, -1.6958 -4.6266 2.5042, -1.6929 -4.6382 2.5055, -1.683 -4.66 2.5095, -1.6975 -4.6063 2.5033, -1.6971 -4.6146 2.5034, 1.6391 -2.1718 2.5033, 1.6241 -2.1904 2.5033, 0.7481 -2.2122 2.5033, -0.6816 -2.1487 2.5033, -0.7038 -2.1576 2.5033, 1.6584 -2.1576 2.5033, 0.7381 -2.1904 2.5033, 0.7231 -2.1718 2.5033, 0.7038 -2.1576 2.5033, 1.6806 -2.1487 2.5033, 1.61 -2.2358 2.5033, 1.1811 -3.4449 2.5033, -0.6578 -2.1457 2.5033, -1.7337 -2.1482 2.5033, -1.7542 -2.1556 2.5033, 1.805 -2.2228 2.5033, 1.7985 -2.202 2.5033, 1.7875 -2.1832 2.5033, 1.6141 -2.2122 2.5033, 0.7522 -2.2358 2.5033, -1.7121 -2.1457 2.5033, 1.8065 -2.2445 2.5033, 1.7724 -2.1675 2.5033, 1.7542 -2.1556 2.5033, 1.7337 -2.1482 2.5033, -1.7724 -2.1675 2.5033, -1.7875 -2.1832 2.5033, -1.7985 -2.202 2.5033, -1.8065 -2.2445 2.5033, -1.805 -2.2228 2.5033, 1.7121 -2.1457 2.5033, 1.7044 -2.1457 2.5033, -0.7481 -2.2122 2.5033, -1.6241 -2.1904 2.5033, -0.7381 -2.1904 2.5033, -1.6391 -2.1718 2.5033, -0.7231 -2.1718 2.5033, -1.6584 -2.1576 2.5033, -1.6806 -2.1487 2.5033, -1.7044 -2.1457 2.5033, 0.6285 -2.1482 2.5033, 0.608 -2.1556 2.5033, 0.5898 -2.1675 2.5033, 0.5747 -2.1832 2.5033, 0.5637 -2.202 2.5033, 0.5573 -2.2228 2.5033, -1.1811 -3.4449 2.5033, -1.61 -2.2358 2.5033, 0.6816 -2.1487 2.5033, 0.6578 -2.1457 2.5033, 0.6501 -2.1457 2.5033, -0.5637 -2.202 2.5033, -0.5747 -2.1832 2.5033, -0.5898 -2.1675 2.5033, 0.5557 -2.2445 2.5033, -0.5557 -2.2445 2.5033, -0.5573 -2.2228 2.5033, -0.608 -2.1556 2.5033, -0.6285 -2.1482 2.5033, -0.6501 -2.1457 2.5033, -0.7522 -2.2358 2.5033, -1.6141 -2.2122 2.5033, 0.7481 -2.2122 2.6214, 1.6241 -2.1904 2.6214, 1.6391 -2.1718 2.6214, 0.7381 -2.1904 2.6214, 0.7231 -2.1718 2.6214, 0.7522 -2.2358 2.6214, 1.1811 -3.4449 2.6214, -1.805 -2.2228 2.6214, -1.7985 -2.202 2.6214, -1.7875 -2.1832 2.6214, -1.6806 -2.1487 2.6214, -1.6584 -2.1576 2.6214, -0.7038 -2.1576 2.6214, -1.6391 -2.1718 2.6214, -0.7231 -2.1718 2.6214, -1.6241 -2.1904 2.6214, -0.7381 -2.1904 2.6214, -0.7481 -2.2122 2.6214, 1.6141 -2.2122 2.6214, 1.61 -2.2358 2.6214, 1.7337 -2.1482 2.6214, 1.7542 -2.1556 2.6214, -1.6975 -4.6063 2.6214, -1.8065 -2.2445 2.6214, -1.7724 -2.1675 2.6214, -1.7542 -2.1556 2.6214, -1.7337 -2.1482 2.6214, 1.7121 -2.1457 2.6214, -1.7121 -2.1457 2.6214, -1.7044 -2.1457 2.6214, 1.7724 -2.1675 2.6214, 1.7875 -2.1832 2.6214, 1.7985 -2.202 2.6214, 1.6975 -4.6063 2.6214, 1.8065 -2.2445 2.6214, 1.805 -2.2228 2.6214, 0.5573 -2.2228 2.6214, 0.5637 -2.202 2.6214, 0.5747 -2.1832 2.6214, 0.5898 -2.1675 2.6214, 0.6578 -2.1457 2.6214, 0.6816 -2.1487 2.6214, 0.7038 -2.1576 2.6214, 1.6584 -2.1576 2.6214, 1.6806 -2.1487 2.6214, 1.7044 -2.1457 2.6214, -0.6816 -2.1487 2.6214, -0.6578 -2.1457 2.6214, -0.6501 -2.1457 2.6214, -0.6285 -2.1482 2.6214, -0.608 -2.1556 2.6214, -0.5898 -2.1675 2.6214, -0.5747 -2.1832 2.6214, -0.5637 -2.202 2.6214, 0.608 -2.1556 2.6214, 0.6285 -2.1482 2.6214, 0.6501 -2.1457 2.6214, -1.61 -2.2358 2.6214, -1.1811 -3.4449 2.6214, -0.5557 -2.2445 2.6214, -0.6647 -4.6063 2.6214, 0.6647 -4.6063 2.6214, -1.6141 -2.2122 2.6214, -0.7522 -2.2358 2.6214, -0.5573 -2.2228 2.6214, 0.5557 -2.2445 2.6214, 1.6959 -4.626 2.6231, 1.6933 -4.6369 2.6255, -1.6971 -4.6146 2.6217, -1.6959 -4.626 2.6231, -1.683 -4.66 2.6343, -1.6886 -4.6496 2.6296, -1.6929 -4.6381 2.6259, -1.6933 -4.6369 2.6254, -0.7358 -4.7017 2.6699, -0.7473 -4.7039 2.6731, 1.6529 -4.6896 2.6562, 1.6487 -4.6928 2.6591, 1.6381 -4.6979 2.6649, 1.6264 -4.7017 2.6699, 1.6149 -4.7039 2.6731, -0.7241 -4.6979 2.6649, 0.7595 -4.7047 2.6742, 1.6027 -4.7047 2.6742, -0.7595 -4.7047 2.6742, -1.6027 -4.7047 2.6742, -0.7135 -4.6928 2.6591, 0.7474 -4.7039 2.6731, -0.7093 -4.6896 2.6562, 0.7358 -4.7017 2.6699, 0.7242 -4.6979 2.6649, -1.6485 -4.6925 2.6589, -1.6536 -4.6898 2.656, -1.6679 -4.6786 2.6461, -1.6788 -4.6651 2.6376, -1.6148 -4.7039 2.6731, -1.6264 -4.7017 2.6699, -1.638 -4.6979 2.6649, -0.6693 -4.6382 2.6258, -0.6736 -4.6496 2.6296, 0.6834 -4.6651 2.6376, 0.7137 -4.6925 2.6589, 0.7086 -4.6898 2.656, -0.6943 -4.6786 2.6461, 0.6943 -4.6786 2.6461, -0.6828 -4.6654 2.6372, -0.6795 -4.6598 2.6345, -0.6689 -4.6369 2.6255, 0.6792 -4.66 2.6343, 0.6736 -4.6496 2.6296, 0.6693 -4.6381 2.6259, 0.6689 -4.6369 2.6254, -0.6663 -4.626 2.6231, 0.6651 -4.6146 2.6217, 0.6664 -4.626 2.6231, -0.6651 -4.6146 2.6217, 1.6929 -4.6382 2.6258, 1.6886 -4.6496 2.6296, 1.6827 -4.6598 2.6345, 1.6794 -4.6654 2.6372, 1.6679 -4.6786 2.6461, 1.6971 -4.6146 2.6217, -1.6959 -4.626 3.7654, -1.6933 -4.6369 3.763, 1.6975 -4.6063 3.7671, 1.6971 -4.6146 3.7668, 1.6959 -4.626 3.7654, 1.683 -4.66 3.7542, 1.6886 -4.6496 3.7589, 1.6929 -4.6381 3.7626, 1.6933 -4.6369 3.7631, 0.7358 -4.7017 3.7186, 0.7473 -4.7039 3.7154, -1.6529 -4.6896 3.7323, -1.6487 -4.6928 3.7294, -1.6381 -4.6979 3.7236, -1.6264 -4.7017 3.7186, -1.6149 -4.7039 3.7154, 0.7241 -4.6979 3.7236, -0.7595 -4.7047 3.7143, -1.6027 -4.7047 3.7143, 0.7595 -4.7047 3.7143, 1.6027 -4.7047 3.7143, 0.7135 -4.6928 3.7294, -0.7474 -4.7039 3.7154, 0.7093 -4.6896 3.7323, -0.7358 -4.7017 3.7186, -0.7242 -4.6979 3.7236, 1.6485 -4.6925 3.7296, 1.6536 -4.6898 3.7325, 1.6679 -4.6786 3.7424, 1.6788 -4.6651 3.7509, 1.6148 -4.7039 3.7154, 1.6264 -4.7017 3.7186, 1.638 -4.6979 3.7236, 0.6693 -4.6382 3.7627, 0.6736 -4.6496 3.7589, -0.6834 -4.6651 3.7509, -0.7137 -4.6925 3.7296, -0.7086 -4.6898 3.7325, 0.6943 -4.6786 3.7424, -0.6943 -4.6786 3.7424, 0.6828 -4.6654 3.7513, 0.6795 -4.6598 3.754, 0.6689 -4.6369 3.763, -0.6792 -4.66 3.7542, -0.6736 -4.6496 3.7589, -0.6693 -4.6381 3.7626, -0.6689 -4.6369 3.7631, 0.6663 -4.626 3.7654, -0.6651 -4.6146 3.7668, -0.6647 -4.6063 3.7671, 0.6647 -4.6063 3.7671, -0.6664 -4.626 3.7654, 0.6651 -4.6146 3.7668, -1.6929 -4.6382 3.7627, -1.6886 -4.6496 3.7589, -1.6827 -4.6598 3.754, -1.6794 -4.6654 3.7513, -1.6679 -4.6786 3.7424, -1.6975 -4.6063 3.7671, -1.6971 -4.6146 3.7668, 1.6391 -2.1718 3.7671, 1.6241 -2.1904 3.7671, 0.7481 -2.2122 3.7671, -0.6816 -2.1487 3.7671, -0.7038 -2.1576 3.7671, 1.6584 -2.1576 3.7671, 0.7381 -2.1904 3.7671, 0.7231 -2.1718 3.7671, 0.7038 -2.1576 3.7671, 1.61 -2.2358 3.7671, 1.5542 -3.4449 3.7671, 0.808 -3.4449 3.7671, 1.6806 -2.1487 3.7671, 1.6141 -2.2122 3.7671, 0.7522 -2.2358 3.7671, -0.6578 -2.1457 3.7671, -1.7337 -2.1482 3.7671, -1.7542 -2.1556 3.7671, 1.805 -2.2228 3.7671, 1.7985 -2.202 3.7671, 1.7875 -2.1832 3.7671, -1.7121 -2.1457 3.7671, 1.8065 -2.2445 3.7671, 1.7724 -2.1675 3.7671, 1.7542 -2.1556 3.7671, 1.7337 -2.1482 3.7671, -1.7724 -2.1675 3.7671, -1.7875 -2.1832 3.7671, -1.7985 -2.202 3.7671, -1.8065 -2.2445 3.7671, -1.805 -2.2228 3.7671, 1.7121 -2.1457 3.7671, 1.7044 -2.1457 3.7671, -0.7481 -2.2122 3.7671, -1.6241 -2.1904 3.7671, -0.7381 -2.1904 3.7671, -1.6391 -2.1718 3.7671, -0.7231 -2.1718 3.7671, -1.6584 -2.1576 3.7671, -1.6806 -2.1487 3.7671, -1.7044 -2.1457 3.7671, 0.6285 -2.1482 3.7671, 0.608 -2.1556 3.7671, 0.5898 -2.1675 3.7671, 0.5747 -2.1832 3.7671, 0.5637 -2.202 3.7671, 0.5573 -2.2228 3.7671, 0.6816 -2.1487 3.7671, 0.6578 -2.1457 3.7671, 0.6501 -2.1457 3.7671, -0.5637 -2.202 3.7671, -0.5747 -2.1832 3.7671, -0.5898 -2.1675 3.7671, 0.5557 -2.2445 3.7671, -0.5557 -2.2445 3.7671, -0.5573 -2.2228 3.7671, -0.608 -2.1556 3.7671, -0.6285 -2.1482 3.7671, -0.6501 -2.1457 3.7671, -0.808 -3.4449 3.7671, -1.5542 -3.4449 3.7671, -0.7522 -2.2358 3.7671, -1.61 -2.2358 3.7671, -1.6141 -2.2122 3.7671, -1.6806 -2.1487 3.8852, -1.6584 -2.1576 3.8852, -0.7038 -2.1576 3.8852, -1.6391 -2.1718 3.8852, 0.7481 -2.2122 3.8852, 0.7381 -2.1904 3.8852, 0.7231 -2.1718 3.8852, 0.7522 -2.2358 3.8852, 0.808 -3.4449 3.8852, 1.5542 -3.4449 3.8852, -0.7481 -2.2122 3.8852, -1.6241 -2.1904 3.8852, 1.61 -2.2358 3.8852, 1.6141 -2.2122 3.8852, 1.6241 -2.1904 3.8852, 1.6391 -2.1718 3.8852, -1.805 -2.2228 3.8852, -1.7985 -2.202 3.8852, -1.7875 -2.1832 3.8852, -0.7381 -2.1904 3.8852, -0.7231 -2.1718 3.8852, 1.7337 -2.1482 3.8852, 1.7542 -2.1556 3.8852, -1.8065 -2.2445 3.8852, -1.7724 -2.1675 3.8852, -1.7542 -2.1556 3.8852, -1.7337 -2.1482 3.8852, 1.7121 -2.1457 3.8852, -1.7121 -2.1457 3.8852, -1.7044 -2.1457 3.8852, -1.61 -2.2358 3.8852, -1.5542 -3.4449 3.8852, -0.808 -3.4449 3.8852, 1.7724 -2.1675 3.8852, 1.7875 -2.1832 3.8852, 1.7985 -2.202 3.8852, 1.8065 -2.2445 3.8852, 1.805 -2.2228 3.8852, -1.6141 -2.2122 3.8852, -0.7522 -2.2358 3.8852, 0.5573 -2.2228 3.8852, 0.5637 -2.202 3.8852, 0.5747 -2.1832 3.8852, 0.5898 -2.1675 3.8852, 0.6578 -2.1457 3.8852, 0.6816 -2.1487 3.8852, 0.7038 -2.1576 3.8852, 1.6584 -2.1576 3.8852, 1.6806 -2.1487 3.8852, 1.7044 -2.1457 3.8852, -0.6816 -2.1487 3.8852, -0.6578 -2.1457 3.8852, -0.6501 -2.1457 3.8852, -0.6285 -2.1482 3.8852, -0.608 -2.1556 3.8852, -0.5898 -2.1675 3.8852, -0.5747 -2.1832 3.8852, -0.5637 -2.202 3.8852, 0.608 -2.1556 3.8852, 0.6285 -2.1482 3.8852, 0.6501 -2.1457 3.8852, -0.5557 -2.2445 3.8852, -0.5573 -2.2228 3.8852, 0.5557 -2.2445 3.8852, 0.8484 -4.3208 3.8911, 0.8516 -4.3904 3.9865, 0.8425 -4.1927 3.9845, 0.845 -4.2474 4.0907, 0.8404 -4.1467 4.0165, 0.8428 -4.1981 4.1216, 0.8397 -4.1329 4.0217, 0.8403 -4.145 4.1379, 0.8391 -4.1185 4.0232, 0.8385 -4.1048 4.1408, 0.8379 -4.0935 4.0208, 0.8366 -4.0646 4.1342, 0.8373 -4.0791 4.0157, 0.8342 -4.0125 4.1118, 0.8366 -4.0655 4.0064, 0.8325 -3.9753 4.0838, 0.8331 -3.9883 3.9294, 0.83 -3.9211 4.0293, 0.8295 -3.9114 3.852, 0.8245 -3.8033 3.9121, 0.827 -3.8558 3.8079, 0.8236 -3.7821 3.8975, 0.8236 -3.7829 3.7768, 0.8225 -3.7602 3.8892, 0.8209 -3.7236 3.7671, 0.8212 -3.73 3.8854, 0.8161 -3.621 3.7671, 0.815 -3.596 3.8853, 1.5352 -3.8558 3.8079, 1.5377 -3.8033 3.9121, 1.5327 -3.9114 3.852, 1.5322 -3.9211 4.0293, 1.5106 -4.3904 3.9865, 1.5138 -4.3208 3.8911, 1.5172 -4.2474 4.0907, 1.5197 -4.1927 3.9845, 1.5194 -4.1981 4.1216, 1.5218 -4.1467 4.0165, 1.5219 -4.145 4.1379, 1.5225 -4.1329 4.0217, 1.5238 -4.1048 4.1408, 1.5231 -4.1185 4.0232, 1.5256 -4.0646 4.1342, 1.5243 -4.0935 4.0208, 1.528 -4.0125 4.1118, 1.5249 -4.0791 4.0157, 1.5297 -3.9753 4.0838, 1.5256 -4.0655 4.0064, 1.5291 -3.9883 3.9294, 1.5461 -3.621 3.7671, 1.5472 -3.596 3.8853, 1.5413 -3.7236 3.7671, 1.5411 -3.73 3.8854, 1.5386 -3.7829 3.7768, 1.5397 -3.7602 3.8892, 1.5386 -3.7821 3.8975, -0.827 -3.8558 3.8079, -0.8245 -3.8033 3.9121, -0.8295 -3.9114 3.852, -0.83 -3.9211 4.0293, -0.8516 -4.3904 3.9865, -0.8484 -4.3208 3.8911, -0.845 -4.2474 4.0907, -0.8425 -4.1927 3.9845, -0.8428 -4.1981 4.1216, -0.8404 -4.1467 4.0165, -0.8403 -4.145 4.1379, -0.8397 -4.1329 4.0217, -0.8385 -4.1048 4.1408, -0.8391 -4.1185 4.0232, -0.8366 -4.0646 4.1342, -0.8379 -4.0935 4.0208, -0.8342 -4.0125 4.1118, -0.8373 -4.0791 4.0157, -0.8325 -3.9753 4.0838, -0.8366 -4.0655 4.0064, -0.8331 -3.9883 3.9294, -0.8161 -3.621 3.7671, -0.815 -3.596 3.8853, -0.8209 -3.7236 3.7671, -0.8212 -3.73 3.8854, -0.8236 -3.7829 3.7768, -0.8225 -3.7602 3.8892, -0.8236 -3.7821 3.8975, -1.5472 -3.596 3.8853, -1.5461 -3.621 3.7671, -1.5411 -3.73 3.8854, -1.5413 -3.7236 3.7671, -1.5397 -3.7602 3.8892, -1.5386 -3.7829 3.7768, -1.5386 -3.7821 3.8975, -1.5352 -3.8558 3.8079, -1.5377 -3.8033 3.9121, -1.5327 -3.9114 3.852, -1.5322 -3.9211 4.0293, -1.5291 -3.9883 3.9294, -1.5297 -3.9753 4.0838, -1.5256 -4.0655 4.0064, -1.528 -4.0125 4.1118, -1.5249 -4.0791 4.0157, -1.5256 -4.0646 4.1342, -1.5243 -4.0935 4.0208, -1.5238 -4.1048 4.1408, -1.5231 -4.1185 4.0232, -1.5219 -4.145 4.1379, -1.5225 -4.1329 4.0217, -1.5194 -4.1981 4.1216, -1.5218 -4.1467 4.0165, -1.5172 -4.2474 4.0907, -1.5197 -4.1927 3.9845, -1.5106 -4.3904 3.9865, -1.5138 -4.3208 3.8911, 1.5352 -3.8558 0.4063, 1.5377 -3.8033 0.5105, 1.5327 -3.9114 0.4504, 1.5322 -3.9211 0.6278, 1.5106 -4.3904 0.5849, 1.5138 -4.3208 0.4895, 1.5172 -4.2474 0.6892, 1.5197 -4.1927 0.5829, 1.5194 -4.1981 0.72, 1.5218 -4.1467 0.615, 1.5219 -4.145 0.7363, 1.5225 -4.1329 0.6201, 1.5238 -4.1048 0.7393, 1.5231 -4.1185 0.6216, 1.5256 -4.0646 0.7326, 1.5243 -4.0935 0.6192, 1.528 -4.0125 0.7103, 1.5249 -4.0791 0.6142, 1.5297 -3.9753 0.6822, 1.5256 -4.0655 0.6049, 1.5291 -3.9883 0.5278, 1.5542 -3.4449 0.3665, 1.5461 -3.621 0.3659, 1.5472 -3.596 0.4844, 1.5413 -3.7236 0.3655, 1.5411 -3.73 0.4838, 1.5386 -3.7829 0.3752, 1.5397 -3.7602 0.4877, 1.5386 -3.7821 0.496, 0.8484 -4.3208 0.4895, 0.8516 -4.3904 0.5849, 0.8425 -4.1927 0.5829, 0.845 -4.2474 0.6892, 0.8404 -4.1467 0.615, 0.8428 -4.1981 0.72, 0.8397 -4.1329 0.6201, 0.8403 -4.145 0.7363, 0.8391 -4.1185 0.6216, 0.8385 -4.1048 0.7393, 0.8379 -4.0935 0.6192, 0.8366 -4.0646 0.7326, 0.8373 -4.0791 0.6142, 0.8342 -4.0125 0.7103, 0.8366 -4.0655 0.6049, 0.8325 -3.9753 0.6822, 0.8331 -3.9883 0.5278, 0.83 -3.9211 0.6278, 0.8295 -3.9114 0.4504, 0.8245 -3.8033 0.5105, 0.827 -3.8558 0.4063, 0.8236 -3.7821 0.496, 0.8236 -3.7829 0.3752, 0.8225 -3.7602 0.4877, 0.8209 -3.7236 0.3655, 0.8212 -3.73 0.4838, 0.8161 -3.621 0.3655, 0.815 -3.596 0.4846, 0.808 -3.4449 0.3655, 1.1811 -3.4449 0.4836, -1.5138 -4.3208 0.4895, -1.5106 -4.3904 0.5849, -1.5197 -4.1927 0.5829, -1.5172 -4.2474 0.6892, -1.5218 -4.1467 0.615, -1.5194 -4.1981 0.72, -1.5225 -4.1329 0.6201, -1.5219 -4.145 0.7363, -1.5231 -4.1185 0.6216, -1.5238 -4.1048 0.7393, -1.5243 -4.0935 0.6192, -1.5256 -4.0646 0.7326, -1.5249 -4.0791 0.6142, -1.528 -4.0125 0.7103, -1.5256 -4.0655 0.6049, -1.5297 -3.9753 0.6822, -1.5291 -3.9883 0.5278, -1.5322 -3.9211 0.6278, -1.5327 -3.9114 0.4504, -1.5377 -3.8033 0.5105, -1.5352 -3.8558 0.4063, -1.5386 -3.7821 0.496, -1.5386 -3.7829 0.3752, -1.5397 -3.7602 0.4877, -1.5413 -3.7236 0.3655, -1.5411 -3.73 0.4838, -1.5461 -3.621 0.3655, -1.5472 -3.596 0.4846, -1.5542 -3.4449 0.3655, -1.1811 -3.4449 0.4836, -0.827 -3.8558 0.4063, -0.8245 -3.8033 0.5105, -0.8295 -3.9114 0.4504, -0.83 -3.9211 0.6278, -0.8516 -4.3904 0.5849, -0.8484 -4.3208 0.4895, -0.845 -4.2474 0.6892, -0.8425 -4.1927 0.5829, -0.8428 -4.1981 0.72, -0.8404 -4.1467 0.615, -0.8403 -4.145 0.7363, -0.8397 -4.1329 0.6201, -0.8385 -4.1048 0.7393, -0.8391 -4.1185 0.6216, -0.8366 -4.0646 0.7326, -0.8379 -4.0935 0.6192, -0.8342 -4.0125 0.7103, -0.8373 -4.0791 0.6142, -0.8325 -3.9753 0.6822, -0.8366 -4.0655 0.6049, -0.8331 -3.9883 0.5278, -0.808 -3.4449 0.3665, -0.8161 -3.621 0.3659, -0.815 -3.596 0.4844, -0.8209 -3.7236 0.3655, -0.8212 -3.73 0.4838, -0.8236 -3.7829 0.3752, -0.8225 -3.7602 0.4877, -0.8236 -3.7821 0.496, -2.6364 -3.3554 1.2513, -2.5183 -3.3578 1.2514, -2.6154 -3.4492 1.2546, -2.5071 -3.4103 1.2533, -2.5719 -3.5386 1.2577, -2.384 -3.8132 1.2673, -2.2639 -3.8373 1.2682, -2.3821 -3.851 1.2686, -2.2673 -3.8772 1.2696, -2.3872 -3.8783 1.2696, -2.2838 -3.937 1.2716, -2.401 -3.9086 1.2707, -2.3416 -4.0419 1.2753, -2.4965 -4.074 1.2764, -2.4208 -4.1791 1.2801, -2.5231 -4.1201 1.278, -2.5197 -3.2734 1.2485, -2.4818 -3.4613 1.255, -2.4138 -3.5532 1.2582, -2.4273 -3.7321 1.2645, -2.3452 -3.6447 1.2614, -2.3918 -3.7857 1.2664, -2.2911 -3.7247 1.2642, -2.2703 -3.783 1.2663, -2.4965 -4.074 1.7144, -2.5231 -4.1201 1.7128, -2.4208 -4.1791 1.7108, -2.3821 -3.851 1.7222, -2.3872 -3.8783 1.7213, -2.2838 -3.937 1.7192, -2.401 -3.9086 1.7202, -2.5719 -3.5386 1.7331, -2.4818 -3.4613 1.7358, -2.6154 -3.4492 1.7362, -2.5071 -3.4103 1.7376, -2.6364 -3.3554 1.7395, -2.5197 -3.2735 1.7424, -2.5183 -3.3578 1.7394, -2.2673 -3.8772 1.7213, -2.2639 -3.8373 1.7227, -2.384 -3.8132 1.7235, -2.2703 -3.783 1.7246, -2.3918 -3.7857 1.7245, -2.2911 -3.7247 1.7266, -2.4273 -3.7321 1.7264, -2.3452 -3.6447 1.7294, -2.4139 -3.5532 1.7326, -2.3416 -4.0419 1.7155, -2.6364 -3.3554 4.649, -2.5183 -3.3578 4.6491, -2.6154 -3.4492 4.6522, -2.5071 -3.4103 4.6509, -2.5719 -3.5386 4.6554, -2.384 -3.8132 4.665, -2.2639 -3.8373 4.6658, -2.3821 -3.851 4.6663, -2.2673 -3.8772 4.6672, -2.3872 -3.8783 4.6672, -2.2838 -3.937 4.6693, -2.401 -3.9086 4.6683, -2.3416 -4.0419 4.6729, -2.4965 -4.074 4.6741, -2.4208 -4.1791 4.6777, -2.5231 -4.1201 4.6757, -2.5197 -3.2734 4.6461, -2.4818 -3.4613 4.6527, -2.4138 -3.5532 4.6559, -2.4273 -3.7321 4.6621, -2.3452 -3.6447 4.6591, -2.3918 -3.7857 4.664, -2.2911 -3.7247 4.6619, -2.2703 -3.783 4.6639, -2.4965 -4.074 5.1121, -2.5231 -4.1201 5.1105, -2.4208 -4.1791 5.1084, -2.3821 -3.851 5.1199, -2.3872 -3.8783 5.1189, -2.2838 -3.937 5.1169, -2.401 -3.9086 5.1178, -2.5719 -3.5386 5.1308, -2.4818 -3.4613 5.1335, -2.6154 -3.4492 5.1339, -2.5071 -3.4103 5.1352, -2.6364 -3.3554 5.1372, -2.5197 -3.2735 5.14, -2.5183 -3.3578 5.1371, -2.2673 -3.8772 5.1189, -2.2639 -3.8373 5.1203, -2.384 -3.8132 5.1212, -2.2703 -3.783 5.1222, -2.3918 -3.7857 5.1221, -2.2911 -3.7247 5.1243, -2.4273 -3.7321 5.124, -2.3452 -3.6447 5.1271, -2.4139 -3.5532 5.1303, -2.3416 -4.0419 5.1132, -1.4193 -4.3943 3.8375, -0.9429 -4.3943 3.8375, -1.4161 -4.4639 3.9329, -0.9461 -4.4639 3.9329, -0.8655 -4.4275 3.9595, -0.8655 -4.4274 3.9596, -1.4967 -4.4274 3.9596, -1.5066 -4.4096 3.9725, -1.5066 -4.4097 3.9725, -0.8556 -4.4096 3.9725, -0.8556 -4.4097 3.9724, -0.9223 -4.4615 3.9347, -0.9222 -4.4614 3.9347, -1.4817 -4.4425 3.9485, -1.4816 -4.4426 3.9484, -1.4608 -4.452 3.9416, -1.4623 -4.4541 3.94, -1.4623 -4.4542 3.94, -1.4401 -4.4614 3.9347, -1.44 -4.4614 3.9347, -0.9053 -4.4564 3.9384, -0.9 -4.454 3.9402, -0.8935 -4.451 3.9423, -0.8807 -4.4423 3.9486, -1.4967 -4.4275 3.9595, -0.8779 -4.4405 3.95, -0.8508 -4.3353 3.8805, -0.8527 -4.3399 3.8771, -0.8566 -4.3492 3.8704, -0.8626 -4.3576 3.8642, -0.8655 -4.3618 3.8612, -0.8773 -4.373 3.8531, -0.8773 -4.373 3.853, -0.9191 -4.3916 3.8395, -1.4654 -4.3843 3.8448, -0.9075 -4.3888 3.8415, -0.8968 -4.3843 3.8448, -1.4312 -4.393 3.8385, -0.9248 -4.3929 3.8385, -1.4373 -4.393 3.8385, -1.4431 -4.3916 3.8395, -1.4547 -4.3888 3.8415, -1.4707 -4.3821 3.8464, -0.8914 -4.382 3.8465, -1.4849 -4.373 3.853, -1.4849 -4.373 3.853, -1.4966 -4.3619 3.8611, -1.4996 -4.3576 3.8642, -1.5056 -4.3492 3.8704, -1.5095 -4.3399 3.8771, -1.5114 -4.3354 3.8804, 0.9429 -4.3943 3.8375, 1.4193 -4.3943 3.8375, 0.9461 -4.4639 3.9329, 1.4161 -4.4639 3.9329, 1.5066 -4.4096 3.9725, 0.8556 -4.4096 3.9725, 1.5066 -4.4097 3.9724, 1.4967 -4.4274 3.9596, 0.8556 -4.4097 3.9725, 0.8655 -4.4274 3.9596, 1.4967 -4.4275 3.9595, 0.8655 -4.4275 3.9595, 0.8805 -4.4425 3.9485, 0.911 -4.4578 3.9374, 0.8999 -4.4541 3.94, 0.8999 -4.4542 3.94, 1.4399 -4.4615 3.9347, 1.44 -4.4614 3.9347, 0.9221 -4.4614 3.9347, 0.9222 -4.4614 3.9347, 1.4569 -4.4564 3.9384, 1.4622 -4.454 3.9402, 1.4687 -4.451 3.9423, 1.4815 -4.4423 3.9486, 0.8806 -4.4426 3.9484, 1.4843 -4.4405 3.95, 1.5114 -4.3353 3.8805, 1.5095 -4.3399 3.8771, 1.5056 -4.3492 3.8704, 1.4997 -4.3576 3.8642, 1.4967 -4.3618 3.8612, 1.4849 -4.373 3.8531, 1.4849 -4.373 3.853, 0.931 -4.393 3.8385, 0.9249 -4.393 3.8385, 1.4374 -4.3929 3.8385, 1.4431 -4.3916 3.8395, 0.9191 -4.3916 3.8395, 0.9075 -4.3888 3.8415, 0.8968 -4.3843 3.8448, 0.8915 -4.3821 3.8464, 1.4654 -4.3843 3.8448, 1.4547 -4.3888 3.8415, 0.8773 -4.373 3.853, 0.8773 -4.373 3.853, 0.8656 -4.3619 3.8611, 1.4708 -4.382 3.8465, 0.8626 -4.3576 3.8642, 0.8566 -4.3492 3.8704, 0.8527 -4.3399 3.8771, 0.8509 -4.3354 3.8804, -1.1811 -3.4449 0.3694, -1.1811 -3.4449 0.3655, -1.4193 -4.3943 0.4359, -0.9429 -4.3943 0.4359, -1.4161 -4.4639 0.5313, -0.9461 -4.4639 0.5313, -0.8556 -4.4096 0.5709, -1.5066 -4.4096 0.5709, -0.8556 -4.4097 0.5708, -0.8655 -4.4274 0.558, -1.4683 -4.4445 0.5455, -1.4967 -4.4275 0.5579, -1.4817 -4.4425 0.5469, -1.4816 -4.4426 0.5469, -1.4623 -4.4541 0.5385, -1.4623 -4.4542 0.5384, -0.9223 -4.4615 0.5331, -0.9222 -4.4614 0.5332, -1.4401 -4.4614 0.5332, -1.44 -4.4614 0.5332, -0.9053 -4.4564 0.5368, -0.9 -4.454 0.5386, -0.8935 -4.451 0.5407, -0.8807 -4.4423 0.5471, -1.5066 -4.4097 0.5709, -1.4967 -4.4274 0.558, -0.8655 -4.4275 0.5579, -0.8779 -4.4405 0.5484, -0.8508 -4.3353 0.4789, -0.8527 -4.3399 0.4756, -0.8566 -4.3492 0.4688, -0.8626 -4.3576 0.4626, -0.8655 -4.3618 0.4596, -0.8773 -4.373 0.4515, -0.8773 -4.373 0.4515, -0.8914 -4.382 0.4449, -1.4431 -4.3916 0.4379, -0.8968 -4.3843 0.4432, -0.9075 -4.3888 0.4399, -1.4312 -4.393 0.4369, -0.9191 -4.3916 0.4379, -0.9248 -4.3929 0.4369, -1.4373 -4.393 0.4369, -1.4547 -4.3888 0.4399, -1.4654 -4.3843 0.4432, -1.4707 -4.3821 0.4448, -1.4849 -4.373 0.4515, -1.4849 -4.373 0.4515, -1.4966 -4.3619 0.4595, -1.4996 -4.3576 0.4626, -1.5056 -4.3492 0.4688, -1.5095 -4.3399 0.4756, -1.5114 -4.3354 0.4789, 1.1811 -3.4449 0.3694, 1.1811 -3.4449 0.3655, 0.9429 -4.3943 0.4359, 1.4193 -4.3943 0.4359, 0.9461 -4.4639 0.5313, 1.4161 -4.4639 0.5313, 0.8556 -4.4096 0.5709, 0.8556 -4.4097 0.5709, 1.5066 -4.4096 0.5709, 0.8655 -4.4274 0.558, 1.5066 -4.4097 0.5708, 1.4967 -4.4274 0.558, 1.4967 -4.4275 0.5579, 0.8655 -4.4275 0.5579, 0.8805 -4.4425 0.5469, 0.911 -4.4578 0.5358, 0.8999 -4.4541 0.5385, 0.8999 -4.4542 0.5384, 1.4399 -4.4615 0.5331, 1.44 -4.4614 0.5332, 0.9221 -4.4614 0.5332, 0.9222 -4.4614 0.5332, 1.4569 -4.4564 0.5368, 1.4622 -4.454 0.5386, 1.4687 -4.451 0.5407, 1.4815 -4.4423 0.5471, 0.8806 -4.4426 0.5469, 1.4843 -4.4405 0.5484, 1.5114 -4.3353 0.4789, 1.5095 -4.3399 0.4756, 1.5056 -4.3492 0.4688, 1.4997 -4.3576 0.4626, 1.4967 -4.3618 0.4596, 1.4849 -4.373 0.4515, 1.4849 -4.373 0.4515, 0.8773 -4.373 0.4515, 0.8773 -4.373 0.4515, 1.4654 -4.3843 0.4432, 1.4547 -4.3888 0.4399, 1.4431 -4.3916 0.4379, 0.8968 -4.3843 0.4432, 0.931 -4.393 0.4369, 1.4374 -4.3929 0.4369, 0.9249 -4.393 0.4369, 0.9191 -4.3916 0.4379, 0.9075 -4.3888 0.4399, 0.8915 -4.3821 0.4448, 0.8656 -4.3619 0.4595, 1.4708 -4.382 0.4449, 0.8626 -4.3576 0.4626, 0.8566 -4.3492 0.4688, 0.8527 -4.3399 0.4756, 0.8509 -4.3354 0.4789, -2.4685 -4.2618 4.7761, -2.4685 -4.2618 5.01, -2.5708 -4.2028 4.7741, -2.5708 -4.2028 5.0121, -2.5325 -4.1363 4.6781, -2.5355 -4.1415 4.68, -2.5569 -4.1787 5.0806, -2.5415 -4.1519 4.684, -2.547 -4.1614 4.6902, -2.5497 -4.1662 4.6932, -2.5569 -4.1787 4.7055, -2.5628 -4.1889 4.7202, -2.569 -4.1996 5.0369, -2.5643 -4.1914 4.7259, -2.5672 -4.1965 4.737, -2.5699 -4.2012 5.0245, -2.569 -4.1996 4.7492, -2.5699 -4.2012 4.7551, -2.5699 -4.2012 5.0309, -2.5672 -4.1965 5.049, -2.5643 -4.1915 5.0602, -2.5629 -4.189 5.0658, -2.5569 -4.1787 4.7055, -2.5569 -4.1787 5.0806, -2.5498 -4.1663 5.0928, -2.547 -4.1614 5.0959, -2.5415 -4.152 5.1021, -2.5355 -4.1415 5.1061, -2.5325 -4.1364 5.108, -2.4302 -4.1954 5.106, -2.4332 -4.2006 5.104, -2.4392 -4.211 5.1001, -2.4447 -4.2205 5.0939, -2.4474 -4.2252 5.0908, -2.4546 -4.2377 5.0786, -2.4546 -4.2377 5.0785, -2.4676 -4.2602 4.7637, -2.4667 -4.2587 5.0349, -2.4676 -4.2602 5.0289, -2.4676 -4.2602 4.7573, -2.4667 -4.2587 4.7513, -2.4649 -4.2555 5.0471, -2.462 -4.2505 5.0582, -2.4649 -4.2556 4.7392, -2.462 -4.2505 4.728, -2.4606 -4.248 4.7224, -2.4547 -4.2378 4.7076, -2.4546 -4.2377 4.7076, -2.4475 -4.2253 4.6954, -2.4605 -4.2479 5.0638, -2.4447 -4.2205 4.6922, -2.4392 -4.211 4.6861, -2.4332 -4.2006 4.6821, -2.4303 -4.1955 4.6802, -2.4685 -4.2618 1.3785, -2.4685 -4.2618 1.6124, -2.5708 -4.2028 1.3764, -2.5708 -4.2028 1.6144, -2.5325 -4.1363 1.2804, -2.5355 -4.1415 1.2824, -2.5415 -4.1519 1.2864, -2.547 -4.1614 1.2925, -2.5497 -4.1662 1.2956, -2.5569 -4.1787 1.3079, -2.5569 -4.1787 1.3079, -2.569 -4.1996 1.3515, -2.5643 -4.1915 1.6626, -2.5672 -4.1965 1.3394, -2.5643 -4.1914 1.3283, -2.5699 -4.2012 1.6269, -2.5699 -4.2012 1.3575, -2.5699 -4.2012 1.6332, -2.569 -4.1996 1.6393, -2.5672 -4.1965 1.6514, -2.5629 -4.189 1.6681, -2.5628 -4.1889 1.3226, -2.5569 -4.1787 1.6829, -2.5569 -4.1787 1.683, -2.5498 -4.1663 1.6952, -2.547 -4.1614 1.6983, -2.5415 -4.152 1.7045, -2.5355 -4.1415 1.7085, -2.5325 -4.1364 1.7104, -2.4392 -4.211 1.7024, -2.4332 -4.2006 1.7064, -2.4302 -4.1954 1.7084, -2.4447 -4.2205 1.6963, -2.4474 -4.2252 1.6932, -2.4546 -4.2377 1.6809, -2.4546 -4.2377 1.6809, -2.4605 -4.2479 1.6662, -2.462 -4.2505 1.6605, -2.4649 -4.2555 1.6494, -2.4667 -4.2587 1.6372, -2.4676 -4.2602 1.6313, -2.4676 -4.2602 1.3597, -2.4667 -4.2587 1.3536, -2.4649 -4.2556 1.3415, -2.462 -4.2505 1.3303, -2.4606 -4.248 1.3248, -2.4547 -4.2378 1.31, -2.4546 -4.2377 1.31, -2.4475 -4.2253 1.2978, -2.4447 -4.2205 1.2946, -2.4392 -4.211 1.2885, -2.4332 -4.2006 1.2845, -2.4303 -4.1955 1.2825, -2.5197 1.4711 -0.0266, -2.5229 1.407 -0.0777, -2.5197 0.8431 -0.0251, -2.5257 1.4 -0.0977, -2.5197 0.8552 -0.0275, -2.5197 0.8669 -0.0315, -2.5199 0.878 -0.0369, -2.5201 0.8882 -0.0438, -2.5205 0.8975 -0.0519, -2.5212 0.9056 -0.0612, -2.5222 0.9125 -0.0715, -2.5235 0.918 -0.0826, -2.5251 0.922 -0.0943, -2.5272 0.9244 -0.1065, -2.5297 1.3976 -0.1187, -2.5297 0.9252 -0.1187, -2.5321 1.3976 -0.1296, -2.5211 1.4183 -0.0598, -2.5202 1.4332 -0.0449, -2.5198 1.4511 -0.0336, -2.5321 0.9252 -0.1296, -2.5687 0.9252 -0.2292, -2.5687 1.3976 -0.2292, -2.6275 0.9252 -0.3175, -2.6275 1.3976 -0.3175, -2.674 0.9252 -0.1757, -2.7175 0.9252 -0.241, -2.6514 0.9252 -0.1187, -2.6379 1.4511 -0.0336, -2.6378 1.4711 -0.0266, -2.6384 1.4332 -0.0449, -2.6397 1.4183 -0.0598, -2.6378 0.843 -0.0251, -2.6452 0.922 -0.0943, -2.6429 0.918 -0.0826, -2.646 1.4 -0.0977, -2.6411 0.9125 -0.0715, -2.6398 0.9057 -0.0612, -2.6389 0.8975 -0.0519, -2.6384 0.8883 -0.0438, -2.638 0.878 -0.0369, -2.6379 0.8669 -0.0315, -2.6421 1.407 -0.0777, -2.6378 0.8552 -0.0275, -2.647 0.9237 -0.1021, -2.6471 1.3995 -0.1021, -2.6514 1.3976 -0.1187, -2.7175 1.3976 -0.241, -2.674 1.3976 -0.1757, -2.9101 1.3976 -0.6499, -2.9101 0.9252 -0.6499, -3.0001 0.9252 -0.5734, -3.0001 1.3976 -0.5734, -2.9272 1.3976 -0.6752, -2.9272 0.9252 -0.6752, -2.9383 1.3976 -0.7037, -2.9383 0.9252 -0.7037, -2.9428 1.3976 -0.734, -2.9428 0.9252 -0.734, -2.9406 1.3976 -0.7645, -2.9406 0.9252 -0.7645, -2.9316 1.3976 -0.7937, -2.9316 0.9252 -0.7937, -2.9165 1.3976 -0.8203, -2.9165 0.9252 -0.8203, -3.0318 0.9252 -0.6204, -3.0524 0.9252 -0.6734, -3.0608 0.9252 -0.7296, -3.0566 0.9252 -0.7862, -3.0401 0.9252 -0.8406, -3.0119 0.9252 -0.8899, -3.0119 1.3976 -0.8899, -3.0401 1.3976 -0.8406, -3.0566 1.3976 -0.7862, -3.0608 1.3976 -0.7296, -3.0524 1.3976 -0.6734, -3.0318 1.3976 -0.6204, -2.6997 1.3976 -1.1175, -2.6997 0.9252 -1.1175, -2.6637 1.3896 -1.1669, -2.6637 0.9332 -1.1669, -2.6301 0.9568 -1.2129, -2.5606 1.1614 -1.3084, -2.6013 0.9944 -1.2525, -2.5792 1.0433 -1.2828, -2.5653 1.1003 -1.3019, -2.5653 1.2226 -1.3019, -2.5792 1.2795 -1.2828, -2.6013 1.3285 -1.2525, -2.6301 1.366 -1.2129, -2.7952 0.9252 -1.1871, -2.7952 1.3976 -1.1871, -2.6607 1.2226 -1.3714, -2.656 1.1614 -1.378, -2.7256 1.366 -1.2825, -2.6967 1.3285 -1.322, -2.6746 1.2795 -1.3524, -2.7591 1.3896 -1.2365, -2.6607 1.1003 -1.3714, -2.6746 1.0433 -1.3524, -2.6967 0.9944 -1.322, -2.7256 0.9568 -1.2825, -2.7591 0.9332 -1.2365, -2.6384 -0.8109 -0.0449, -2.6397 -0.8258 -0.0598, -2.6451 -1.3214 -0.0938, -2.6392 -1.3407 -0.0551, -2.6414 -1.3288 -0.0733, -2.6378 -0.773 -0.0266, -2.6379 -0.793 -0.0336, -2.6382 -1.3564 -0.0401, -2.6378 -1.3752 -0.029, -2.6421 -0.8371 -0.0777, -2.646 -0.8441 -0.0977, -2.6472 -1.3204 -0.1021, -2.6471 -0.8446 -0.1021, -2.6505 -1.3189 -0.1155, -2.6514 -0.8465 -0.1187, -2.674 -1.3189 -0.1757, -2.674 -0.8465 -0.1757, -2.7175 -1.3189 -0.241, -2.7175 -0.8465 -0.241, -2.6275 -0.8465 -0.3175, -2.5687 -0.8465 -0.2292, -2.5321 -0.8465 -0.1296, -2.5297 -0.8465 -0.1187, -2.52 -1.3564 -0.0401, -2.5197 -1.3752 -0.029, -2.529 -1.3189 -0.1155, -2.5257 -0.8441 -0.0977, -2.5251 -1.3214 -0.0938, -2.5229 -0.8371 -0.0777, -2.5211 -0.8258 -0.0598, -2.5202 -0.8109 -0.0449, -2.5207 -1.3407 -0.0551, -2.5224 -1.3288 -0.0733, -2.5197 -0.773 -0.0266, -2.5198 -0.793 -0.0336, -2.5321 -1.3189 -0.1296, -2.5687 -1.3189 -0.2292, -2.6275 -1.3189 -0.3175, -3.0001 -1.3189 -0.5734, -3.0001 -0.8465 -0.5734, -2.9101 -0.8465 -0.6499, -2.9101 -1.3189 -0.6499, -3.0119 -0.8465 -0.8899, -3.0119 -1.3189 -0.8899, -3.0401 -1.3189 -0.8406, -3.0401 -0.8465 -0.8406, -3.0566 -1.3189 -0.7862, -3.0566 -0.8465 -0.7862, -3.0608 -1.3189 -0.7296, -3.0608 -0.8465 -0.7296, -3.0524 -1.3189 -0.6734, -3.0524 -0.8465 -0.6734, -3.0318 -1.3189 -0.6204, -3.0318 -0.8465 -0.6204, -2.9165 -0.8465 -0.8203, -2.9316 -0.8465 -0.7937, -2.9406 -0.8465 -0.7645, -2.9428 -0.8465 -0.734, -2.9383 -0.8465 -0.7037, -2.9272 -0.8465 -0.6752, -2.9272 -1.3189 -0.6752, -2.9383 -1.3189 -0.7037, -2.9428 -1.3189 -0.734, -2.9406 -1.3189 -0.7645, -2.9316 -1.3189 -0.7937, -2.9165 -1.3189 -0.8203, -2.7952 -1.3189 -1.1871, -2.7952 -0.8465 -1.1871, -2.7591 -0.8545 -1.2365, -2.7256 -0.8781 -1.2825, -2.6967 -0.9156 -1.322, -2.6746 -0.9646 -1.3524, -2.6607 -1.0215 -1.3714, -2.656 -1.0827 -1.378, -2.7591 -1.3108 -1.2365, -2.6607 -1.1438 -1.3714, -2.6746 -1.2008 -1.3524, -2.7256 -1.2872 -1.2825, -2.6967 -1.2497 -1.322, -2.6997 -0.8465 -1.1175, -2.6997 -1.3189 -1.1175, -2.6637 -0.8545 -1.1669, -2.5792 -1.2008 -1.2828, -2.5653 -1.1438 -1.3019, -2.6637 -1.3108 -1.1669, -2.6301 -1.2872 -1.2129, -2.6013 -1.2497 -1.2525, -2.5606 -1.0827 -1.3084, -2.5653 -1.0215 -1.3019, -2.5792 -0.9646 -1.2828, -2.6013 -0.9156 -1.2525, -2.6301 -0.8781 -1.2129, 2.6379 0.8717 -0.0336, 2.6378 0.8517 -0.0266, 2.6384 0.8896 -0.0449, 2.6397 0.9046 -0.0598, 2.6378 1.4798 -0.0251, 2.6452 1.4009 -0.0943, 2.6429 1.4048 -0.0826, 2.646 0.9228 -0.0977, 2.6411 1.4103 -0.0715, 2.6398 1.4171 -0.0612, 2.6389 1.4253 -0.0519, 2.6384 1.4346 -0.0438, 2.638 1.4449 -0.0369, 2.6379 1.456 -0.0315, 2.6421 0.9158 -0.0777, 2.6378 1.4677 -0.0275, 2.647 1.3991 -0.1021, 2.6471 0.9233 -0.1021, 2.6514 0.9252 -0.1187, 2.7175 0.9252 -0.241, 2.7175 1.3976 -0.241, 2.674 0.9252 -0.1757, 2.674 1.3976 -0.1757, 2.6514 1.3976 -0.1187, 2.6275 0.9252 -0.3175, 2.5687 0.9252 -0.2292, 2.5321 0.9252 -0.1296, 2.5297 0.9252 -0.1187, 2.5197 0.8517 -0.0266, 2.5229 0.9158 -0.0777, 2.5197 1.4798 -0.0251, 2.5257 0.9228 -0.0977, 2.5197 1.4677 -0.0275, 2.5197 1.4559 -0.0315, 2.5199 1.4449 -0.0369, 2.5201 1.4346 -0.0438, 2.5205 1.4253 -0.0519, 2.5212 1.4172 -0.0612, 2.5222 1.4103 -0.0715, 2.5235 1.4048 -0.0826, 2.5251 1.4009 -0.0943, 2.5272 1.3984 -0.1065, 2.5297 1.3976 -0.1187, 2.5211 0.9046 -0.0598, 2.5202 0.8896 -0.0449, 2.5198 0.8717 -0.0336, 2.5321 1.3976 -0.1296, 2.5687 1.3976 -0.2292, 2.6275 1.3976 -0.3175, 3.0001 1.3976 -0.5734, 3.0001 0.9252 -0.5734, 2.9101 0.9252 -0.6499, 2.9101 1.3976 -0.6499, 3.0119 0.9252 -0.8899, 3.0119 1.3976 -0.8899, 3.0401 1.3976 -0.8406, 3.0401 0.9252 -0.8406, 3.0566 1.3976 -0.7862, 3.0566 0.9252 -0.7862, 3.0608 1.3976 -0.7296, 3.0608 0.9252 -0.7296, 3.0524 1.3976 -0.6734, 3.0524 0.9252 -0.6734, 3.0318 1.3976 -0.6204, 3.0318 0.9252 -0.6204, 2.9165 0.9252 -0.8203, 2.9316 0.9252 -0.7937, 2.9406 0.9252 -0.7645, 2.9428 0.9252 -0.734, 2.9383 0.9252 -0.7037, 2.9272 0.9252 -0.6752, 2.9272 1.3976 -0.6752, 2.9383 1.3976 -0.7037, 2.9428 1.3976 -0.734, 2.9406 1.3976 -0.7645, 2.9316 1.3976 -0.7937, 2.9165 1.3976 -0.8203, 2.7952 1.3976 -1.1871, 2.7952 0.9252 -1.1871, 2.6967 0.9944 -1.322, 2.6746 1.0433 -1.3524, 2.6607 1.2226 -1.3714, 2.6746 1.2795 -1.3524, 2.656 1.1614 -1.378, 2.6967 1.3285 -1.322, 2.7256 1.366 -1.2825, 2.7591 0.9332 -1.2365, 2.7256 0.9568 -1.2825, 2.6607 1.1003 -1.3714, 2.7591 1.3896 -1.2365, 2.6997 0.9252 -1.1175, 2.6997 1.3976 -1.1175, 2.5792 1.2795 -1.2828, 2.5653 1.2226 -1.3019, 2.5606 1.1614 -1.3084, 2.5792 1.0433 -1.2828, 2.6013 0.9944 -1.2525, 2.6637 1.3896 -1.1669, 2.6301 1.366 -1.2129, 2.6013 1.3285 -1.2525, 2.5653 1.1003 -1.3019, 2.6301 0.9568 -1.2129, 2.6637 0.9332 -1.1669, 2.5197 -1.3752 -0.029, 2.5197 -0.7882 -0.0315, 2.5251 -1.3214 -0.0938, 2.5197 -0.7764 -0.0275, 2.5197 -0.7643 -0.0251, 2.5199 -0.7992 -0.0369, 2.5201 -0.8095 -0.0438, 2.5205 -0.8188 -0.0519, 2.5212 -0.8269 -0.0612, 2.5222 -0.8338 -0.0715, 2.5235 -0.8393 -0.0826, 2.5251 -0.8432 -0.0943, 2.5272 -0.8457 -0.1065, 2.529 -1.3189 -0.1155, 2.5297 -0.8465 -0.1187, 2.5321 -1.3189 -0.1296, 2.5224 -1.3288 -0.0733, 2.5207 -1.3407 -0.0551, 2.52 -1.3564 -0.0401, 2.5321 -0.8465 -0.1296, 2.5687 -0.8465 -0.2292, 2.5687 -1.3189 -0.2292, 2.6275 -0.8465 -0.3175, 2.6275 -1.3189 -0.3175, 2.674 -0.8465 -0.1757, 2.7175 -0.8465 -0.241, 2.6514 -0.8465 -0.1187, 2.6378 -1.3752 -0.029, 2.6382 -1.3564 -0.0401, 2.6392 -1.3407 -0.0551, 2.6378 -0.7643 -0.0251, 2.6452 -0.8432 -0.0943, 2.6429 -0.8393 -0.0826, 2.6451 -1.3214 -0.0938, 2.6411 -0.8338 -0.0715, 2.6398 -0.8269 -0.0612, 2.6389 -0.8188 -0.0519, 2.6384 -0.8095 -0.0438, 2.638 -0.7992 -0.0369, 2.6379 -0.7881 -0.0315, 2.6414 -1.3288 -0.0733, 2.6378 -0.7764 -0.0275, 2.647 -0.845 -0.1021, 2.6472 -1.3204 -0.1021, 2.6505 -1.3189 -0.1155, 2.7175 -1.3189 -0.241, 2.674 -1.3189 -0.1757, 2.9101 -1.3189 -0.6499, 2.9101 -0.8465 -0.6499, 3.0001 -0.8465 -0.5734, 3.0001 -1.3189 -0.5734, 2.9272 -1.3189 -0.6752, 2.9272 -0.8465 -0.6752, 2.9383 -1.3189 -0.7037, 2.9383 -0.8465 -0.7037, 2.9428 -1.3189 -0.734, 2.9428 -0.8465 -0.734, 2.9406 -1.3189 -0.7645, 2.9406 -0.8465 -0.7645, 2.9316 -1.3189 -0.7937, 2.9316 -0.8465 -0.7937, 2.9165 -1.3189 -0.8203, 2.9165 -0.8465 -0.8203, 3.0318 -0.8465 -0.6204, 3.0524 -0.8465 -0.6734, 3.0608 -0.8465 -0.7296, 3.0566 -0.8465 -0.7862, 3.0401 -0.8465 -0.8406, 3.0119 -0.8465 -0.8899, 3.0119 -1.3189 -0.8899, 3.0401 -1.3189 -0.8406, 3.0566 -1.3189 -0.7862, 3.0608 -1.3189 -0.7296, 3.0524 -1.3189 -0.6734, 3.0318 -1.3189 -0.6204, 2.5653 -1.0215 -1.3019, 2.5606 -1.0827 -1.3084, 2.6997 -0.8465 -1.1175, 2.6013 -1.2497 -1.2525, 2.6301 -1.2872 -1.2129, 2.6637 -0.8545 -1.1669, 2.6301 -0.8781 -1.2129, 2.6997 -1.3189 -1.1175, 2.6637 -1.3108 -1.1669, 2.6013 -0.9156 -1.2525, 2.5792 -0.9646 -1.2828, 2.5653 -1.1438 -1.3019, 2.5792 -1.2008 -1.2828, 2.7952 -0.8465 -1.1871, 2.7952 -1.3189 -1.1871, 2.7591 -1.3108 -1.2365, 2.656 -1.0827 -1.378, 2.6607 -1.0215 -1.3714, 2.6746 -0.9646 -1.3524, 2.7256 -1.2872 -1.2825, 2.6967 -1.2497 -1.322, 2.6746 -1.2008 -1.3524, 2.6607 -1.1438 -1.3714, 2.7591 -0.8545 -1.2365, 2.6967 -0.9156 -1.322, 2.7256 -0.8781 -1.2825
            ]
        }
        coordIndex [
            0,1,2,-1,3,4,5,-1,6,7,8,-1,9,10,11,-1,11,12,9,-1,9,12,13,-1,9,13,14,-1,10,15,16,-1,16,17,10,-1,10,17,18,-1,10,18,11,-1,11,18,19,-1,11,19,20,-1,20,19,21,-1,20,21,22,-1,22,23,20,-1,20,23,24,-1,20,24,25,-1,26,27,20,-1,20,27,28,-1,29,30,31,-1,31,30,32,-1,28,33,20,-1,20,33,32,-1,20,32,34,-1,34,32,30,-1,25,35,20,-1,20,35,36,-1,20,36,26,-1,37,38,2,-1,39,40,41,-1,42,43,44,-1,44,43,45,-1,46,47,44,-1,44,47,48,-1,44,48,42,-1,2,49,37,-1,37,49,44,-1,37,44,50,-1,50,44,45,-1,40,51,41,-1,41,51,52,-1,41,52,53,-1,14,54,55,-1,55,54,56,-1,55,56,57,-1,57,56,58,-1,57,58,41,-1,41,58,59,-1,41,59,39,-1,60,61,62,-1,63,64,62,-1,62,64,65,-1,62,65,60,-1,66,67,68,-1,61,69,62,-1,62,69,70,-1,62,70,71,-1,71,70,72,-1,66,68,73,-1,63,73,64,-1,64,73,68,-1,64,68,74,-1,74,68,75,-1,76,77,78,-1,78,77,6,-1,79,80,81,-1,80,82,81,-1,81,82,83,-1,81,83,84,-1,84,83,76,-1,84,76,85,-1,85,76,78,-1,79,81,86,-1,86,81,87,-1,86,87,88,-1,89,90,91,-1,91,90,92,-1,91,93,3,-1,92,94,91,-1,91,94,95,-1,91,95,93,-1,96,97,91,-1,91,97,98,-1,91,98,89,-1,99,96,100,-1,100,96,101,-1,99,102,96,-1,96,102,103,-1,96,103,97,-1,81,104,87,-1,87,104,105,-1,87,105,106,-1,106,107,87,-1,87,107,108,-1,87,108,109,-1,109,108,110,-1,109,110,96,-1,96,110,111,-1,96,111,101,-1,57,112,78,-1,78,112,113,-1,78,113,85,-1,114,115,41,-1,116,117,118,-1,115,118,41,-1,41,118,117,-1,41,117,57,-1,57,117,119,-1,57,119,112,-1,53,46,41,-1,41,46,44,-1,41,44,114,-1,114,44,120,-1,114,120,121,-1,122,123,118,-1,118,123,124,-1,118,124,116,-1,125,126,118,-1,118,126,127,-1,118,127,122,-1,128,129,91,-1,91,129,130,-1,91,130,131,-1,3,5,91,-1,91,5,132,-1,91,132,128,-1,133,134,49,-1,133,49,135,-1,131,136,91,-1,91,136,137,-1,91,137,49,-1,49,137,138,-1,49,138,135,-1,134,139,49,-1,49,139,140,-1,49,140,141,-1,125,120,126,-1,126,120,44,-1,126,44,142,-1,142,44,49,-1,142,49,143,-1,143,49,141,-1,144,145,146,-1,147,148,149,-1,149,148,150,-1,147,151,148,-1,148,151,152,-1,148,152,144,-1,153,154,148,-1,150,155,156,-1,157,158,159,-1,159,158,160,-1,159,160,144,-1,144,160,161,-1,144,161,145,-1,153,148,162,-1,156,163,150,-1,150,163,164,-1,150,164,165,-1,165,166,150,-1,150,166,167,-1,150,167,149,-1,146,168,144,-1,144,168,169,-1,144,169,148,-1,148,169,170,-1,148,170,162,-1,154,171,148,-1,148,171,172,-1,148,172,173,-1,174,175,176,-1,177,178,176,-1,176,178,179,-1,176,179,174,-1,180,181,182,-1,182,181,183,-1,174,184,175,-1,175,184,185,-1,175,185,186,-1,186,187,175,-1,175,187,188,-1,175,188,183,-1,183,188,189,-1,183,189,182,-1,182,189,190,-1,182,190,150,-1,150,190,191,-1,150,191,155,-1,192,193,71,-1,193,194,71,-1,71,194,195,-1,71,195,62,-1,173,196,148,-1,148,196,197,-1,148,197,198,-1,198,197,199,-1,198,199,71,-1,71,199,200,-1,71,200,192,-1,178,201,179,-1,179,201,202,-1,179,202,203,-1,203,202,204,-1,203,204,205,-1,150,206,182,-1,182,206,205,-1,182,205,180,-1,180,205,204,-1,207,208,203,-1,203,208,209,-1,203,209,210,-1,206,1,205,-1,205,1,0,-1,205,0,211,-1,211,212,205,-1,205,212,213,-1,205,213,214,-1,214,215,205,-1,205,215,216,-1,205,216,217,-1,210,218,203,-1,203,218,219,-1,203,219,220,-1,220,219,221,-1,220,221,0,-1,0,221,222,-1,0,222,211,-1,217,223,205,-1,205,223,224,-1,205,224,203,-1,203,224,225,-1,203,225,207,-1,38,15,2,-1,2,15,10,-1,2,10,0,-1,0,10,226,-1,226,227,0,-1,0,227,228,-1,0,228,220,-1,220,228,229,-1,220,229,9,-1,9,229,230,-1,9,230,10,-1,10,230,231,-1,10,231,226,-1,232,233,234,-1,234,233,228,-1,234,228,235,-1,235,228,227,-1,235,227,236,-1,236,227,237,-1,14,55,9,-1,9,55,238,-1,9,238,220,-1,220,238,239,-1,220,239,203,-1,203,239,68,-1,203,68,179,-1,179,68,67,-1,179,67,174,-1,6,8,78,-1,78,8,240,-1,78,240,57,-1,57,240,241,-1,57,241,55,-1,55,241,242,-1,55,242,238,-1,238,242,243,-1,238,243,239,-1,239,243,244,-1,239,244,68,-1,68,244,245,-1,68,245,75,-1,246,247,248,-1,248,247,249,-1,250,251,252,-1,252,251,253,-1,254,255,256,-1,256,255,257,-1,258,259,260,-1,260,261,258,-1,258,261,262,-1,258,262,263,-1,263,264,258,-1,258,264,265,-1,258,265,266,-1,266,267,268,-1,268,267,269,-1,268,269,270,-1,254,271,255,-1,255,271,272,-1,255,272,273,-1,254,274,271,-1,271,274,268,-1,271,268,272,-1,272,268,270,-1,268,275,266,-1,266,275,276,-1,266,276,277,-1,277,278,266,-1,266,278,279,-1,266,279,280,-1,280,281,266,-1,266,281,282,-1,266,282,283,-1,283,284,266,-1,266,284,285,-1,266,285,258,-1,259,258,286,-1,286,258,287,-1,286,287,288,-1,288,287,289,-1,288,289,290,-1,290,289,291,-1,290,291,292,-1,292,291,293,-1,292,293,294,-1,294,293,295,-1,294,295,296,-1,296,295,297,-1,296,297,298,-1,298,297,299,-1,298,299,300,-1,300,299,301,-1,300,301,302,-1,302,301,303,-1,302,303,304,-1,304,303,305,-1,304,305,306,-1,306,305,307,-1,306,307,308,-1,308,307,309,-1,308,309,310,-1,310,309,311,-1,310,311,312,-1,313,314,315,-1,313,315,316,-1,316,315,317,-1,316,317,318,-1,318,317,319,-1,318,319,320,-1,320,319,321,-1,320,321,322,-1,322,321,323,-1,322,323,324,-1,324,323,325,-1,324,325,326,-1,326,325,327,-1,326,327,328,-1,328,327,329,-1,328,329,330,-1,330,329,331,-1,330,331,332,-1,332,331,333,-1,332,333,334,-1,334,333,335,-1,334,335,336,-1,336,335,337,-1,336,337,338,-1,338,337,339,-1,338,339,340,-1,340,339,341,-1,340,341,342,-1,342,343,340,-1,340,343,344,-1,340,344,345,-1,345,346,340,-1,340,346,347,-1,340,347,348,-1,348,349,350,-1,350,349,351,-1,350,351,352,-1,257,353,256,-1,256,353,354,-1,256,354,355,-1,257,356,353,-1,353,356,350,-1,353,350,354,-1,354,350,352,-1,350,357,348,-1,348,357,358,-1,348,358,359,-1,359,360,348,-1,348,360,361,-1,348,361,362,-1,362,363,348,-1,348,363,364,-1,348,364,365,-1,365,366,348,-1,348,366,367,-1,348,367,340,-1,368,369,370,-1,370,369,371,-1,372,373,374,-1,374,373,375,-1,374,375,376,-1,375,377,376,-1,376,377,378,-1,376,378,379,-1,379,378,380,-1,379,380,381,-1,381,380,382,-1,382,380,383,-1,382,383,384,-1,383,385,384,-1,384,385,386,-1,384,386,387,-1,387,386,388,-1,387,388,389,-1,389,388,390,-1,389,390,391,-1,391,390,392,-1,391,392,393,-1,393,392,394,-1,393,394,395,-1,395,394,396,-1,395,396,397,-1,397,396,398,-1,397,398,399,-1,399,400,397,-1,397,400,401,-1,397,401,402,-1,402,403,397,-1,397,403,404,-1,397,404,405,-1,371,406,370,-1,370,406,407,-1,370,407,408,-1,371,409,406,-1,406,409,410,-1,406,410,407,-1,407,410,411,-1,411,410,412,-1,412,410,413,-1,412,413,414,-1,415,405,414,-1,414,405,416,-1,414,416,412,-1,415,417,405,-1,405,417,418,-1,405,418,419,-1,419,420,405,-1,405,420,421,-1,405,421,422,-1,422,423,405,-1,405,423,424,-1,405,424,397,-1,425,426,427,-1,427,428,425,-1,425,428,429,-1,425,429,430,-1,430,431,425,-1,425,431,432,-1,425,432,433,-1,368,434,369,-1,369,434,435,-1,369,435,436,-1,368,437,434,-1,434,437,438,-1,434,438,435,-1,435,438,439,-1,439,438,440,-1,440,438,441,-1,440,441,442,-1,443,433,442,-1,442,433,444,-1,442,444,440,-1,443,445,433,-1,433,445,446,-1,433,446,447,-1,447,448,433,-1,433,448,449,-1,433,449,450,-1,450,451,433,-1,433,451,452,-1,433,452,425,-1,426,425,453,-1,453,425,454,-1,453,454,455,-1,455,454,456,-1,455,456,457,-1,457,456,458,-1,457,458,459,-1,459,458,460,-1,459,460,461,-1,461,460,462,-1,461,462,463,-1,463,462,464,-1,463,464,465,-1,465,464,466,-1,465,466,467,-1,467,466,468,-1,467,468,469,-1,469,468,470,-1,469,470,471,-1,471,470,472,-1,471,472,473,-1,474,475,476,-1,476,475,477,-1,478,479,480,-1,480,479,481,-1,480,481,482,-1,481,483,482,-1,482,483,484,-1,482,484,485,-1,485,484,486,-1,485,486,487,-1,487,486,488,-1,488,486,489,-1,488,489,490,-1,489,491,490,-1,490,491,492,-1,490,492,493,-1,493,492,494,-1,493,494,495,-1,495,494,496,-1,495,496,497,-1,497,496,498,-1,497,498,499,-1,499,498,500,-1,499,500,501,-1,501,500,502,-1,501,502,503,-1,504,505,506,-1,504,506,502,-1,502,506,507,-1,502,507,508,-1,508,509,502,-1,502,509,510,-1,502,510,511,-1,511,512,502,-1,502,512,513,-1,502,513,514,-1,514,515,502,-1,502,515,516,-1,502,516,476,-1,476,477,502,-1,502,477,517,-1,502,517,518,-1,518,519,502,-1,502,519,520,-1,502,520,521,-1,521,522,502,-1,502,522,523,-1,502,523,524,-1,524,525,502,-1,502,525,526,-1,502,526,527,-1,527,528,502,-1,502,528,529,-1,502,529,503,-1,530,531,532,-1,532,533,530,-1,530,533,534,-1,530,534,535,-1,535,536,530,-1,530,536,537,-1,530,537,538,-1,474,539,475,-1,475,539,540,-1,475,540,541,-1,474,542,539,-1,539,542,543,-1,539,543,540,-1,540,543,544,-1,544,543,545,-1,545,543,546,-1,545,546,547,-1,548,538,547,-1,547,538,549,-1,547,549,545,-1,548,550,538,-1,538,550,551,-1,538,551,552,-1,552,553,538,-1,538,553,554,-1,538,554,555,-1,555,556,538,-1,538,556,557,-1,538,557,530,-1,531,530,558,-1,558,530,559,-1,558,559,560,-1,560,559,561,-1,560,561,562,-1,562,561,563,-1,562,563,564,-1,564,563,565,-1,564,565,566,-1,566,565,567,-1,566,567,568,-1,568,567,569,-1,568,569,570,-1,570,569,571,-1,570,571,572,-1,572,571,573,-1,572,573,574,-1,574,573,575,-1,574,575,576,-1,576,575,577,-1,576,577,578,-1,579,580,581,-1,581,580,582,-1,583,584,585,-1,586,587,583,-1,583,585,586,-1,586,585,588,-1,586,588,589,-1,589,588,590,-1,589,590,591,-1,591,590,592,-1,591,592,593,-1,593,592,594,-1,593,594,595,-1,595,594,596,-1,595,596,597,-1,597,596,598,-1,597,598,599,-1,599,598,600,-1,599,600,601,-1,601,600,602,-1,601,602,603,-1,603,602,604,-1,603,604,605,-1,605,604,606,-1,605,606,607,-1,607,606,608,-1,607,608,609,-1,609,608,610,-1,609,610,611,-1,612,613,614,-1,615,616,617,-1,617,616,614,-1,617,614,618,-1,618,614,613,-1,610,619,611,-1,611,619,615,-1,611,615,620,-1,620,615,617,-1,582,621,622,-1,623,624,625,-1,625,624,626,-1,625,626,627,-1,627,628,625,-1,625,628,629,-1,625,629,581,-1,581,582,625,-1,625,582,622,-1,625,622,623,-1,623,622,630,-1,630,631,623,-1,623,631,632,-1,623,632,633,-1,614,634,612,-1,612,634,623,-1,612,623,635,-1,635,623,633,-1,636,637,638,-1,638,637,639,-1,638,639,640,-1,636,641,637,-1,637,641,642,-1,637,642,643,-1,643,644,637,-1,637,644,645,-1,637,645,646,-1,646,647,637,-1,637,647,648,-1,637,648,649,-1,649,580,637,-1,637,580,579,-1,637,579,650,-1,650,651,637,-1,637,651,652,-1,637,652,653,-1,653,654,637,-1,637,654,655,-1,637,655,656,-1,656,657,637,-1,637,657,658,-1,637,658,659,-1,659,660,637,-1,637,660,661,-1,637,661,662,-1,662,663,637,-1,637,663,664,-1,637,664,665,-1,665,664,666,-1,665,666,667,-1,667,666,668,-1,667,668,669,-1,669,668,670,-1,669,670,671,-1,671,670,672,-1,671,672,673,-1,673,672,674,-1,673,674,675,-1,675,674,676,-1,676,674,677,-1,676,677,678,-1,679,680,681,-1,677,682,678,-1,678,682,683,-1,678,683,684,-1,684,683,685,-1,684,685,686,-1,686,685,687,-1,686,687,688,-1,688,687,679,-1,688,679,689,-1,689,679,681,-1,689,681,690,-1,691,692,693,-1,693,692,694,-1,695,696,697,-1,698,699,695,-1,695,697,698,-1,698,697,700,-1,698,700,701,-1,701,700,702,-1,701,702,703,-1,703,702,704,-1,703,704,705,-1,705,704,706,-1,705,706,707,-1,707,706,708,-1,707,708,709,-1,709,708,710,-1,709,710,711,-1,711,710,712,-1,711,712,713,-1,713,712,714,-1,713,714,715,-1,715,714,716,-1,715,716,717,-1,717,716,718,-1,717,718,719,-1,719,718,720,-1,719,720,721,-1,721,720,722,-1,721,722,723,-1,724,725,726,-1,727,728,729,-1,729,728,726,-1,729,726,730,-1,730,726,725,-1,722,731,723,-1,723,731,727,-1,723,727,732,-1,732,727,729,-1,733,734,735,-1,735,734,736,-1,735,736,737,-1,694,738,739,-1,737,740,735,-1,735,740,741,-1,735,741,693,-1,693,694,735,-1,735,694,739,-1,735,739,733,-1,733,739,742,-1,742,743,733,-1,733,743,744,-1,733,744,745,-1,726,746,724,-1,724,746,733,-1,724,733,747,-1,747,733,745,-1,748,749,750,-1,750,751,748,-1,748,751,752,-1,748,752,753,-1,753,754,748,-1,748,754,755,-1,748,755,756,-1,757,758,759,-1,759,758,760,-1,691,761,692,-1,692,761,757,-1,692,757,762,-1,691,763,761,-1,761,763,764,-1,761,764,757,-1,757,764,765,-1,757,765,758,-1,766,756,758,-1,758,756,767,-1,758,767,760,-1,766,768,756,-1,756,768,769,-1,756,769,770,-1,770,771,756,-1,756,771,772,-1,756,772,773,-1,773,774,756,-1,756,774,775,-1,756,775,748,-1,749,748,776,-1,776,748,777,-1,776,777,778,-1,778,777,779,-1,778,779,780,-1,780,779,781,-1,780,781,782,-1,782,781,783,-1,782,783,784,-1,784,783,785,-1,784,785,786,-1,786,785,787,-1,786,787,788,-1,788,787,789,-1,789,787,790,-1,789,790,791,-1,792,793,794,-1,790,795,791,-1,791,795,796,-1,791,796,797,-1,797,796,798,-1,797,798,799,-1,799,798,800,-1,799,800,801,-1,801,800,792,-1,801,792,802,-1,802,792,794,-1,802,794,803,-1,804,805,806,-1,806,805,807,-1,804,808,809,-1,810,811,812,-1,812,813,810,-1,810,813,814,-1,810,814,815,-1,815,816,810,-1,810,816,817,-1,810,817,805,-1,805,804,810,-1,810,804,809,-1,810,809,811,-1,811,809,818,-1,818,819,811,-1,811,819,820,-1,811,820,821,-1,822,823,824,-1,825,826,827,-1,821,828,811,-1,811,828,829,-1,811,829,827,-1,827,829,830,-1,827,830,825,-1,823,831,824,-1,824,831,827,-1,824,827,832,-1,832,827,826,-1,822,824,833,-1,833,824,834,-1,833,834,835,-1,835,834,836,-1,835,836,837,-1,837,836,838,-1,837,838,839,-1,839,838,840,-1,839,840,841,-1,841,840,842,-1,841,842,843,-1,843,842,844,-1,843,844,845,-1,845,844,846,-1,845,846,847,-1,847,846,848,-1,847,848,849,-1,849,848,850,-1,849,850,851,-1,851,850,852,-1,851,852,853,-1,853,852,854,-1,853,854,855,-1,855,854,856,-1,855,856,857,-1,857,856,858,-1,857,858,859,-1,860,861,862,-1,860,862,863,-1,863,862,864,-1,863,864,865,-1,865,864,866,-1,865,866,867,-1,867,866,868,-1,867,868,869,-1,869,868,870,-1,869,870,871,-1,871,870,872,-1,872,870,873,-1,872,873,874,-1,873,875,874,-1,874,875,876,-1,874,876,877,-1,877,876,878,-1,877,878,879,-1,879,878,880,-1,879,880,881,-1,881,880,882,-1,881,882,883,-1,883,882,884,-1,883,884,885,-1,885,884,886,-1,885,886,887,-1,887,886,888,-1,887,888,889,-1,889,890,887,-1,887,890,891,-1,887,891,892,-1,892,893,887,-1,887,893,894,-1,887,894,895,-1,896,807,897,-1,807,896,806,-1,898,806,899,-1,899,806,896,-1,899,896,900,-1,900,896,897,-1,900,901,899,-1,899,901,902,-1,899,902,903,-1,904,905,906,-1,906,905,899,-1,906,899,907,-1,907,899,903,-1,908,895,906,-1,906,895,909,-1,906,909,904,-1,908,910,895,-1,895,910,911,-1,895,911,912,-1,912,913,895,-1,895,913,914,-1,895,914,887,-1,915,916,917,-1,917,916,918,-1,919,920,921,-1,921,922,919,-1,919,922,923,-1,919,923,924,-1,915,925,926,-1,924,927,919,-1,919,927,928,-1,919,928,916,-1,916,915,919,-1,919,915,926,-1,919,926,920,-1,920,926,929,-1,929,930,920,-1,920,930,931,-1,920,931,932,-1,933,934,935,-1,936,937,938,-1,938,937,939,-1,932,940,920,-1,920,940,941,-1,920,941,938,-1,938,941,942,-1,938,942,936,-1,939,937,934,-1,934,937,943,-1,934,943,935,-1,933,935,944,-1,944,935,945,-1,944,945,946,-1,946,945,947,-1,946,947,948,-1,948,947,949,-1,948,949,950,-1,950,949,951,-1,950,951,952,-1,952,951,953,-1,952,953,954,-1,954,953,955,-1,954,955,956,-1,956,955,957,-1,956,957,958,-1,958,957,959,-1,958,959,960,-1,960,959,961,-1,960,961,962,-1,962,961,963,-1,962,963,964,-1,964,963,965,-1,964,965,966,-1,966,965,967,-1,966,967,968,-1,968,967,969,-1,968,969,970,-1,971,972,973,-1,971,973,974,-1,974,973,975,-1,974,975,976,-1,976,975,977,-1,976,977,978,-1,978,977,979,-1,978,979,980,-1,980,979,981,-1,980,981,982,-1,982,981,983,-1,983,981,984,-1,983,984,985,-1,984,986,985,-1,985,986,987,-1,985,987,988,-1,988,987,989,-1,988,989,990,-1,990,989,991,-1,990,991,992,-1,992,991,993,-1,992,993,994,-1,994,993,995,-1,994,995,996,-1,996,995,997,-1,996,997,998,-1,999,1000,1001,-1,999,1001,997,-1,997,1001,1002,-1,997,1002,1003,-1,1003,1004,997,-1,997,1004,1005,-1,997,1005,1006,-1,1006,1007,997,-1,997,1007,1008,-1,997,1008,1009,-1,1009,1010,997,-1,997,1010,1011,-1,997,1011,917,-1,917,918,997,-1,997,918,1012,-1,997,1012,1013,-1,1013,1014,997,-1,997,1014,1015,-1,997,1015,1016,-1,1016,1017,997,-1,997,1017,1018,-1,997,1018,1019,-1,1019,1020,997,-1,997,1020,1021,-1,997,1021,1022,-1,1022,1023,997,-1,997,1023,1024,-1,997,1024,998,-1,1025,1026,1027,-1,1027,1026,1028,-1,1027,1028,1029,-1,1029,1028,1030,-1,1029,1030,1031,-1,1030,1032,1031,-1,1031,1032,1033,-1,1031,1033,1034,-1,1034,1033,1035,-1,1034,1035,1036,-1,1037,86,1038,-1,1038,86,88,-1,1038,88,1039,-1,1039,88,1040,-1,1039,1040,1041,-1,1041,1040,1042,-1,1041,1042,1043,-1,1043,1042,1044,-1,1043,1044,1045,-1,1045,1044,1046,-1,1045,1046,1047,-1,1047,1046,1048,-1,1047,1048,1049,-1,1049,1048,1050,-1,1049,1050,1051,-1,1051,1050,1052,-1,1053,1054,1055,-1,1055,1054,1056,-1,1055,1056,1057,-1,1057,1056,1058,-1,1057,1058,1059,-1,1059,1058,1060,-1,1059,1060,1061,-1,1061,1060,1062,-1,1061,1062,1063,-1,1063,1062,1064,-1,1063,1064,1065,-1,1065,1064,1066,-1,1065,1066,1067,-1,1067,1066,1068,-1,1067,1068,1069,-1,1069,1068,1070,-1,1071,1072,1073,-1,1073,1072,1074,-1,1073,1074,1075,-1,1075,1074,1076,-1,1075,1076,1077,-1,1077,1076,1078,-1,1077,1078,1079,-1,1079,1078,1080,-1,1079,1080,1081,-1,1081,1080,1082,-1,1081,1082,1083,-1,1083,1082,1084,-1,1083,1084,1085,-1,1085,1084,72,-1,1085,72,1086,-1,1086,72,70,-1,1087,1088,1089,-1,1089,1088,1090,-1,1089,1090,1091,-1,1091,1090,1092,-1,1091,1092,1093,-1,1093,1092,1094,-1,1093,1094,1095,-1,1095,1094,1096,-1,1095,1096,1097,-1,1097,1096,1098,-1,1097,1098,1099,-1,1099,1098,1100,-1,1099,1100,1101,-1,1101,1100,1102,-1,1101,1102,1103,-1,1103,1102,1104,-1,1074,1105,1106,-1,1074,1106,1076,-1,1076,1106,1107,-1,1076,1107,1078,-1,1078,1107,1108,-1,1078,1108,1080,-1,1080,1108,1109,-1,1080,1109,1082,-1,1082,1109,1110,-1,1082,1110,1084,-1,1084,1110,148,-1,1084,148,72,-1,88,96,1111,-1,88,1111,1040,-1,1040,1111,1112,-1,1040,1112,1042,-1,1042,1112,1113,-1,1042,1113,1044,-1,1044,1113,1114,-1,1044,1114,1046,-1,1046,1114,1115,-1,1046,1115,1048,-1,1048,1115,1116,-1,1048,1116,1050,-1,1117,247,1118,-1,1119,1120,1121,-1,1121,1120,1122,-1,1121,1122,1123,-1,1124,1125,1116,-1,1126,1127,1128,-1,1128,1127,1129,-1,1124,1116,1130,-1,1131,1132,1133,-1,246,1134,1135,-1,1135,1134,1136,-1,1123,1137,1121,-1,1121,1137,1138,-1,1121,1138,1139,-1,1140,1141,1142,-1,1119,1121,1128,-1,1128,1121,1143,-1,1128,1143,1126,-1,1117,1118,1133,-1,1133,1118,1144,-1,1133,1144,1131,-1,1145,1146,1147,-1,1148,1149,1121,-1,1121,1149,1150,-1,1121,1150,1151,-1,1151,1152,1121,-1,1121,1152,1153,-1,1121,1153,1141,-1,1141,1153,1154,-1,1141,1154,1142,-1,1129,1155,1128,-1,1128,1155,1156,-1,1128,1156,1052,-1,1132,1157,1133,-1,1133,1157,1158,-1,1133,1158,1159,-1,1135,1160,1161,-1,1161,1160,1162,-1,1139,1163,1121,-1,1121,1163,1164,-1,1121,1164,1148,-1,1148,1164,1165,-1,1148,1165,1166,-1,1136,1167,1135,-1,1135,1167,1168,-1,1135,1168,1160,-1,1169,1170,1171,-1,1171,1170,1172,-1,1171,1172,1173,-1,1173,1174,1171,-1,1171,1174,1175,-1,1171,1175,1176,-1,1176,1177,1116,-1,1116,1177,1178,-1,1116,1178,1179,-1,1180,1181,1116,-1,1116,1181,1182,-1,1116,1182,1130,-1,1183,1184,1185,-1,1186,1187,1188,-1,1052,1050,1128,-1,1128,1050,1116,-1,1128,1116,1189,-1,1189,1116,1125,-1,1166,1190,1148,-1,1148,1190,1191,-1,1148,1191,1192,-1,1056,1054,1184,-1,1184,1054,1193,-1,1184,1193,1185,-1,1184,1194,1056,-1,1056,1194,1195,-1,1056,1195,1188,-1,1188,1195,1196,-1,1188,1196,1186,-1,1180,1116,1197,-1,1197,1116,1179,-1,1197,1179,1146,-1,1146,1179,1198,-1,1146,1198,1147,-1,1135,1188,1199,-1,1187,1200,1188,-1,1188,1200,1201,-1,1188,1201,1202,-1,1188,1203,1204,-1,1169,1171,1192,-1,1192,1171,1205,-1,1192,1205,1148,-1,1183,1185,1206,-1,1206,1185,1207,-1,1206,1207,1208,-1,1208,1207,1209,-1,1208,1209,1142,-1,1142,1209,1210,-1,1142,1210,1140,-1,1202,1211,1188,-1,1188,1211,1212,-1,1188,1212,1213,-1,1199,1214,1135,-1,1135,1214,1215,-1,1135,1215,1216,-1,247,246,1118,-1,1118,246,1135,-1,1118,1135,1217,-1,1217,1135,1216,-1,1217,1216,1218,-1,578,577,1219,-1,1219,577,1220,-1,1219,1220,1221,-1,1221,1220,1222,-1,1221,1222,1147,-1,1147,1222,1223,-1,1147,1223,1145,-1,1224,1225,1226,-1,1204,1227,1188,-1,1188,1227,1228,-1,1188,1228,1199,-1,1229,1230,1218,-1,1218,1230,1231,-1,1218,1231,1217,-1,1232,473,472,-1,1224,1226,1213,-1,1213,1226,1233,-1,1213,1233,1188,-1,1188,1233,1234,-1,1188,1234,1203,-1,1235,1236,1218,-1,1218,1236,1237,-1,1218,1237,1238,-1,1238,1239,1218,-1,1218,1239,1240,-1,1218,1240,1229,-1,1225,1241,1226,-1,1226,1241,1232,-1,1226,1232,1242,-1,1242,1232,472,-1,1176,1116,1171,-1,1171,1116,1243,-1,1171,1243,1218,-1,1218,1243,1244,-1,1218,1244,1235,-1,1066,1245,1068,-1,1068,1245,1246,-1,1068,1246,1247,-1,1247,1246,1248,-1,1247,1248,1249,-1,1249,1248,1250,-1,1251,1252,1066,-1,1066,1252,1253,-1,1066,1253,1245,-1,1066,1064,1251,-1,1251,1064,1062,-1,1251,1062,1254,-1,1254,1062,1060,-1,1254,1060,1255,-1,1255,1060,1058,-1,1255,1058,1256,-1,1256,1058,1056,-1,1256,1056,1188,-1,1257,1258,1259,-1,1258,1257,1260,-1,1260,1257,1261,-1,1260,1261,1262,-1,1263,1264,1265,-1,1266,1267,1268,-1,1268,1267,1269,-1,1270,1271,1247,-1,1272,1273,1274,-1,1274,1275,1272,-1,1272,1275,1276,-1,1272,1276,1277,-1,1278,1279,1265,-1,1265,1280,1281,-1,1282,1247,1283,-1,1283,1247,1284,-1,1285,1286,1247,-1,1259,1070,1257,-1,1257,1070,1068,-1,1257,1068,1247,-1,1278,1265,1287,-1,1288,1289,1290,-1,1291,861,860,-1,1289,1288,1264,-1,1264,1288,1292,-1,1264,1292,1265,-1,1265,1292,1293,-1,1265,1293,1294,-1,1271,1295,1247,-1,1247,1295,1296,-1,1247,1296,1284,-1,1279,1297,1265,-1,1265,1297,1298,-1,1265,1298,1280,-1,1281,1299,1265,-1,1265,1299,1300,-1,1265,1300,1263,-1,1290,1301,1288,-1,1288,1301,1291,-1,1288,1291,1302,-1,1302,1291,860,-1,1294,1303,1265,-1,1265,1303,1304,-1,1265,1304,1247,-1,1247,1304,1305,-1,1247,1305,1270,-1,1267,1306,1307,-1,1308,1309,1310,-1,1311,1312,1267,-1,1267,1312,1273,-1,1267,1273,1269,-1,1269,1273,1272,-1,1313,1314,1315,-1,1315,1314,1316,-1,1315,1316,1317,-1,1277,1318,1272,-1,1272,1318,1319,-1,1272,1319,1320,-1,1320,1319,1321,-1,1320,1321,1322,-1,1322,1321,1287,-1,1322,1287,1323,-1,1323,1287,1265,-1,1323,1265,1088,-1,1088,1265,1090,-1,1262,1261,1324,-1,1324,1261,1325,-1,1324,1325,1326,-1,1326,1325,1327,-1,1326,1327,1267,-1,1267,1327,1328,-1,1267,1328,1306,-1,1309,1329,1330,-1,1331,1332,1247,-1,1247,1332,1333,-1,1247,1333,1285,-1,1334,1335,1336,-1,1337,1338,1282,-1,1338,1339,1282,-1,1282,1339,1340,-1,1282,1340,1247,-1,1247,1340,1341,-1,1247,1341,1331,-1,1342,1343,1247,-1,1344,1345,1346,-1,1346,1345,1347,-1,1346,1347,1348,-1,1348,1347,1349,-1,1348,1349,1350,-1,1351,1352,1247,-1,1247,1352,1314,-1,1353,1354,1247,-1,1247,1354,1355,-1,1247,1355,1356,-1,1356,1357,1247,-1,1247,1357,1358,-1,1247,1358,1257,-1,1307,1359,1267,-1,1267,1359,1360,-1,1267,1360,1311,-1,1311,1360,1361,-1,1311,1361,1329,-1,1334,1336,1310,-1,1310,1336,1362,-1,1310,1362,1308,-1,1363,1364,1329,-1,1329,1364,1365,-1,1329,1365,1311,-1,1343,1366,1247,-1,1247,1366,1367,-1,1247,1367,1351,-1,1313,1368,1314,-1,1314,1368,1369,-1,1314,1369,1247,-1,1247,1369,1370,-1,1247,1370,1353,-1,1330,1371,1309,-1,1309,1371,1372,-1,1309,1372,1310,-1,1344,1346,1286,-1,1286,1346,1373,-1,1286,1373,1374,-1,972,971,1375,-1,1375,971,1376,-1,1375,1376,1316,-1,1316,1376,1377,-1,1316,1377,1317,-1,1350,1349,1378,-1,1378,1349,1379,-1,1378,1379,1380,-1,1381,1382,1363,-1,1374,1383,1286,-1,1286,1383,1384,-1,1286,1384,1247,-1,1247,1384,1385,-1,1247,1385,1342,-1,314,313,1386,-1,1386,313,1387,-1,1386,1387,1335,-1,1335,1387,1388,-1,1335,1388,1336,-1,1380,1389,1378,-1,1378,1389,1390,-1,1378,1390,1330,-1,1330,1390,1391,-1,1330,1391,1392,-1,1329,1309,1363,-1,1363,1309,1393,-1,1363,1393,1381,-1,1382,1394,1363,-1,1363,1394,1395,-1,1363,1395,1396,-1,1396,1395,1397,-1,1396,1397,1398,-1,1392,1399,1330,-1,1330,1399,1400,-1,1330,1400,1371,-1,1398,1401,1396,-1,1396,1401,1402,-1,1396,1402,1282,-1,1282,1402,1403,-1,1282,1403,1337,-1,1094,1404,1036,-1,1405,1406,1407,-1,1404,1094,1408,-1,1408,1094,1092,-1,1408,1092,1409,-1,1409,1092,1090,-1,1409,1090,1407,-1,1407,1090,1265,-1,1407,1265,1405,-1,1036,1035,1094,-1,1094,1035,1033,-1,1094,1033,1096,-1,1096,1033,1032,-1,1096,1032,1098,-1,1098,1032,1030,-1,1098,1030,1100,-1,1100,1030,1028,-1,1100,1028,1102,-1,1102,1410,1411,-1,1102,1411,1104,-1,1412,1413,1414,-1,1415,1416,1417,-1,1418,1419,1420,-1,1026,1421,1422,-1,1417,1423,1415,-1,1415,1423,1424,-1,1415,1424,1425,-1,1414,1413,1426,-1,1427,1428,1026,-1,1429,1430,1028,-1,1415,1431,1416,-1,1416,1431,1432,-1,1416,1432,1413,-1,1413,1432,1433,-1,1413,1433,1434,-1,1434,1435,1413,-1,1413,1435,1436,-1,1413,1436,1437,-1,1438,1439,1026,-1,1026,1439,1440,-1,1422,1441,1026,-1,1026,1441,1442,-1,1026,1442,1028,-1,1028,1442,1443,-1,1028,1443,1429,-1,1410,1102,1444,-1,1444,1102,1028,-1,1444,1028,1445,-1,1105,1074,1072,-1,1419,1418,1446,-1,1446,1418,1447,-1,1446,1447,1448,-1,1448,1447,1449,-1,1448,1449,1414,-1,1414,1449,1450,-1,1414,1450,1412,-1,1440,1451,1026,-1,1026,1451,1452,-1,1026,1452,1453,-1,1454,1453,1455,-1,1453,1454,1026,-1,1026,1454,1456,-1,1026,1456,1421,-1,1457,1458,1028,-1,1028,1458,1459,-1,1028,1459,1445,-1,1460,1461,1437,-1,1437,1461,1462,-1,1463,1464,1465,-1,1465,1464,1466,-1,1465,1466,1467,-1,1468,1469,1470,-1,1471,1472,1026,-1,1465,1473,1463,-1,1463,1473,1438,-1,1463,1438,1474,-1,1474,1438,1026,-1,1474,1026,1475,-1,1475,1026,1428,-1,1476,1477,1028,-1,1425,1424,1478,-1,1478,1424,1479,-1,1478,1479,1480,-1,1480,1479,1481,-1,1480,1481,1411,-1,1411,1481,1482,-1,1411,1482,1104,-1,1462,1483,1437,-1,1437,1483,1484,-1,1437,1484,1413,-1,1413,1484,1485,-1,1413,1485,1426,-1,1486,1487,1488,-1,1488,1487,1489,-1,1488,1489,1490,-1,1420,1491,1418,-1,1418,1491,1105,-1,1418,1105,1492,-1,1492,1105,1072,-1,1491,1493,1105,-1,1105,1493,1468,-1,1105,1468,1494,-1,1494,1468,1470,-1,1495,1496,1497,-1,1477,1498,1028,-1,1028,1498,1499,-1,1028,1499,1500,-1,1501,1502,1503,-1,1504,1505,1028,-1,1028,1505,1506,-1,1028,1506,1457,-1,1507,1508,1427,-1,1509,1510,1511,-1,1490,1512,1488,-1,1488,1512,1476,-1,1488,1476,1513,-1,1513,1476,1028,-1,1513,1028,1514,-1,1514,1028,1430,-1,1502,1515,1503,-1,1503,1515,1516,-1,1503,1516,1500,-1,1500,1516,1028,-1,1028,1516,1517,-1,1028,1517,1504,-1,1467,1518,1465,-1,1465,1518,1519,-1,1465,1519,1468,-1,1468,1519,1520,-1,1468,1520,1469,-1,1495,1497,1026,-1,1026,1497,1521,-1,1026,1521,1471,-1,1472,1522,1026,-1,1026,1522,252,-1,1026,252,1427,-1,1427,252,253,-1,1427,253,1507,-1,1455,1523,1454,-1,1454,1523,1524,-1,1454,1524,1525,-1,1525,1524,1509,-1,1525,1509,1526,-1,1526,1509,1511,-1,1460,1437,1527,-1,1527,1437,1528,-1,1527,1528,1488,-1,1488,1528,1529,-1,1488,1529,1486,-1,1530,1531,1532,-1,1533,1534,1508,-1,1508,1534,1535,-1,1508,1535,1427,-1,1533,1536,1534,-1,1534,1536,1537,-1,1534,1537,1538,-1,1503,1539,1501,-1,1501,1539,1530,-1,1501,1530,1540,-1,1540,1530,1532,-1,1135,1541,1188,-1,1188,1541,1542,-1,1188,1542,1256,-1,1256,1542,1543,-1,1256,1543,1255,-1,1255,1543,1544,-1,1255,1544,1254,-1,1254,1544,1545,-1,1254,1545,1251,-1,1251,1545,1252,-1,1085,1546,1083,-1,1083,1546,1547,-1,1083,1547,1081,-1,1081,1547,1548,-1,1081,1548,1079,-1,1079,1548,1549,-1,1079,1549,1077,-1,1077,1549,1550,-1,1077,1550,1075,-1,1075,1550,1551,-1,1075,1551,1073,-1,1073,1551,1552,-1,1037,1038,1553,-1,1037,1553,1554,-1,1555,1556,1557,-1,1557,1556,1558,-1,1557,1558,1559,-1,1560,1561,1562,-1,1563,1564,1553,-1,1565,1566,1555,-1,1563,1553,1567,-1,1568,1569,1570,-1,1571,1572,1573,-1,1574,1546,1575,-1,1575,1546,1576,-1,1564,1577,1553,-1,1553,1577,1578,-1,1553,1578,1579,-1,1580,1581,1582,-1,1582,1581,1570,-1,1582,1570,1583,-1,1583,1570,1569,-1,1566,1584,1555,-1,1555,1584,1585,-1,1555,1585,1586,-1,1560,1562,1587,-1,1587,1562,1588,-1,1587,1588,1589,-1,1561,1590,1562,-1,1562,1590,1591,-1,1562,1591,1592,-1,1593,1594,1595,-1,1595,1594,1571,-1,1595,1571,1596,-1,1596,1571,1573,-1,1597,1598,1599,-1,1599,1598,1600,-1,1599,1600,1601,-1,1602,1546,1571,-1,1571,1546,1603,-1,1571,1603,1572,-1,1604,1605,1576,-1,1576,1605,1606,-1,1576,1606,1607,-1,1574,1608,1546,-1,1546,1608,1609,-1,1546,1609,1553,-1,1553,1609,1610,-1,1553,1610,1567,-1,1588,1554,1589,-1,1589,1554,1553,-1,1589,1553,1611,-1,1611,1553,1579,-1,1612,1613,1614,-1,1614,1613,1615,-1,1614,1615,1559,-1,1559,1615,1616,-1,1559,1616,1557,-1,1582,1557,1580,-1,1580,1557,1562,-1,1580,1562,1617,-1,1617,1562,1592,-1,1618,1619,1546,-1,1546,1619,1620,-1,1546,1620,1621,-1,1622,1623,1624,-1,1582,1625,1557,-1,1557,1625,1626,-1,1557,1626,1555,-1,1555,1626,1627,-1,1555,1627,1565,-1,1621,1628,1546,-1,1546,1628,1629,-1,1546,1629,1630,-1,1630,1631,1546,-1,1546,1631,1632,-1,1546,1632,1603,-1,1633,1634,1635,-1,1607,1636,1576,-1,1576,1636,1622,-1,1576,1622,1637,-1,1637,1622,1624,-1,1637,1624,1638,-1,1570,1639,1568,-1,1568,1639,1598,-1,1568,1598,1640,-1,1640,1598,1597,-1,1641,1642,1643,-1,1643,1642,1644,-1,1643,1644,1645,-1,1586,1646,1555,-1,1555,1646,1618,-1,1555,1618,1647,-1,1647,1618,1546,-1,1647,1546,1086,-1,1086,1546,1085,-1,1648,1649,1650,-1,1651,1633,1652,-1,1652,1633,1635,-1,1652,1635,1595,-1,1595,1635,1653,-1,1595,1653,1593,-1,1604,1576,1654,-1,1654,1576,1546,-1,1654,1546,1645,-1,1648,1650,1643,-1,1643,1650,1655,-1,1643,1655,1641,-1,1602,1656,1546,-1,1546,1656,1657,-1,1546,1657,1645,-1,1645,1657,1658,-1,1645,1658,1643,-1,1600,1659,1601,-1,1601,1659,1660,-1,1601,1660,1649,-1,1649,1660,1661,-1,1649,1661,1650,-1,1049,1662,1047,-1,1047,1662,1663,-1,1047,1663,1045,-1,1045,1663,1664,-1,1045,1664,1043,-1,1043,1664,1665,-1,1043,1665,1041,-1,1041,1665,1666,-1,1041,1666,1039,-1,1039,1666,1667,-1,1039,1667,1038,-1,1038,1667,1553,-1,1668,1669,1670,-1,1670,1669,1671,-1,1672,1673,1674,-1,1675,1676,1055,-1,1677,1542,1678,-1,1678,1542,1679,-1,1674,1673,1680,-1,1055,1676,1053,-1,1681,1682,1542,-1,1683,1542,1684,-1,1684,1542,1685,-1,1686,1687,1542,-1,1675,1055,1688,-1,1688,1055,1542,-1,1688,1542,1689,-1,1690,1691,1692,-1,1693,1694,1695,-1,1541,1696,248,-1,1679,1542,1697,-1,1697,1542,1541,-1,1697,1541,1698,-1,1698,1541,248,-1,1698,248,249,-1,1699,1700,1701,-1,1701,1700,1702,-1,1703,1692,1704,-1,1670,1705,1668,-1,1668,1705,1693,-1,1668,1693,1706,-1,1706,1693,1695,-1,1707,1708,1541,-1,1541,1708,1709,-1,1541,1709,1710,-1,1711,1712,1713,-1,1713,1712,1714,-1,1713,1714,1715,-1,1700,1716,1702,-1,1702,1716,1680,-1,1702,1680,1717,-1,1717,1680,1673,-1,1717,1673,1718,-1,1682,1719,1542,-1,1542,1719,1720,-1,1542,1720,1685,-1,1704,1721,1703,-1,1703,1721,1722,-1,1703,1722,1723,-1,1724,1725,1726,-1,1726,1725,1727,-1,1726,1727,1728,-1,1710,1729,1541,-1,1541,1729,1730,-1,1541,1730,1696,-1,249,1731,1698,-1,1698,1731,1732,-1,1698,1732,1733,-1,1733,1732,1734,-1,1735,1542,1736,-1,1736,1542,1683,-1,1736,1683,1711,-1,1711,1683,1737,-1,1711,1737,1712,-1,1738,1739,1740,-1,1740,1739,1741,-1,1740,1741,1742,-1,1743,1744,1745,-1,1745,1744,1746,-1,1745,1746,1747,-1,1748,1749,1746,-1,1746,1749,1750,-1,1746,1750,1747,-1,1677,1751,1752,-1,1753,1754,1755,-1,1755,1754,1756,-1,1755,1756,1757,-1,1757,1686,1755,-1,1755,1686,1542,-1,1755,1542,1669,-1,1669,1542,1735,-1,1669,1735,1671,-1,1671,1735,1726,-1,1671,1726,1758,-1,1758,1726,1728,-1,1542,1759,1760,-1,1690,1692,1761,-1,1762,1763,1764,-1,1764,1763,1765,-1,1766,1767,1768,-1,1715,1714,1701,-1,1701,1714,1769,-1,1701,1769,1699,-1,1770,1049,1051,-1,1771,1677,1740,-1,1740,1677,1772,-1,1740,1772,1738,-1,1542,1773,1774,-1,1743,1745,1741,-1,1741,1745,1775,-1,1741,1775,1742,-1,1748,1662,1749,-1,1749,1662,1049,-1,1749,1049,1776,-1,1776,1049,1770,-1,1771,1777,1677,-1,1677,1777,1778,-1,1677,1778,1751,-1,1751,1778,1779,-1,1751,1779,1780,-1,1687,1781,1542,-1,1542,1781,1782,-1,1542,1782,1783,-1,1760,1784,1542,-1,1542,1784,1785,-1,1542,1785,1689,-1,1765,1786,1764,-1,1764,1786,1761,-1,1764,1761,1787,-1,1787,1761,1692,-1,1787,1692,1788,-1,1788,1692,1703,-1,1766,1768,1732,-1,1732,1768,1789,-1,1732,1789,1734,-1,1051,1790,1770,-1,1770,1790,1791,-1,1770,1791,1792,-1,1792,1791,1793,-1,1792,1793,1794,-1,1794,1793,1795,-1,1794,1795,1674,-1,1674,1795,1796,-1,1674,1796,1672,-1,1752,1797,1677,-1,1677,1797,1798,-1,1677,1798,1542,-1,1542,1798,1799,-1,1542,1799,1681,-1,1774,1800,1542,-1,1542,1800,1801,-1,1542,1801,1759,-1,1723,1722,1802,-1,1802,1722,1803,-1,1802,1803,1804,-1,1804,1803,1805,-1,1804,1805,1676,-1,1676,1805,1806,-1,1676,1806,1053,-1,1762,1807,1763,-1,1763,1807,1808,-1,1763,1808,1809,-1,1809,1808,1810,-1,1809,1810,1755,-1,1755,1810,1811,-1,1755,1811,1753,-1,1812,479,478,-1,1783,1813,1542,-1,1542,1813,1814,-1,1542,1814,1773,-1,1814,1815,1773,-1,1773,1815,1816,-1,1773,1816,1817,-1,1817,1816,1818,-1,1780,1819,1751,-1,1751,1819,1820,-1,1751,1820,1821,-1,1821,1820,1812,-1,1821,1812,1822,-1,1822,1812,478,-1,373,372,1823,-1,1823,372,1824,-1,1823,1824,1816,-1,1816,1824,1825,-1,1816,1825,1818,-1,1826,1827,1828,-1,1059,1061,1829,-1,1542,1055,1543,-1,1543,1055,1057,-1,1543,1057,1544,-1,1544,1057,1059,-1,1544,1059,1545,-1,1545,1059,1829,-1,1830,1831,1063,-1,1063,1831,1832,-1,1063,1832,1061,-1,1061,1832,1833,-1,1061,1833,1829,-1,1065,1067,1834,-1,1834,1826,1065,-1,1065,1826,1828,-1,1065,1828,1063,-1,1063,1828,1835,-1,1063,1835,1830,-1,1836,1837,1838,-1,1839,1840,1841,-1,1842,1843,1844,-1,1834,1845,1846,-1,1847,1848,1838,-1,1838,1848,1849,-1,1838,1849,1836,-1,1850,1851,1852,-1,1842,1844,1853,-1,1840,1839,1854,-1,1854,1839,1855,-1,1854,1855,1856,-1,1857,1858,1859,-1,1859,1858,1860,-1,1859,1860,1861,-1,1851,1862,1852,-1,1852,1862,1863,-1,1852,1863,1864,-1,970,969,1865,-1,1865,969,1866,-1,1865,1866,1838,-1,1838,1866,1867,-1,1838,1867,1847,-1,1868,1869,1870,-1,1871,1872,1834,-1,1834,1872,1873,-1,1834,1873,1874,-1,1875,1876,1877,-1,1877,1876,1878,-1,1877,1879,1875,-1,1875,1879,1880,-1,1875,1880,1859,-1,1859,1880,1881,-1,1859,1881,1882,-1,1883,1884,1852,-1,1852,1884,1885,-1,1852,1885,1850,-1,1853,1844,1886,-1,1886,1844,1887,-1,1886,1887,1888,-1,1889,1890,1834,-1,1834,1890,1891,-1,1834,1891,1871,-1,1874,1892,1834,-1,1834,1892,1893,-1,1834,1893,1894,-1,1895,1896,1897,-1,1897,1896,1898,-1,1899,1900,1901,-1,1901,1900,1902,-1,1901,1902,1870,-1,1870,1902,1903,-1,1870,1903,1868,-1,1856,1855,1904,-1,1904,1855,1905,-1,1904,1905,1906,-1,1906,1905,1907,-1,1906,1907,1908,-1,1908,1907,1909,-1,1908,1909,1910,-1,1846,1911,1834,-1,1834,1911,1912,-1,1834,1912,1859,-1,1859,1912,1913,-1,1859,1913,1857,-1,1914,1915,1916,-1,1916,1915,1899,-1,1916,1899,1917,-1,1917,1899,1901,-1,1882,1918,1859,-1,1859,1918,1919,-1,1859,1919,1920,-1,1920,1921,1859,-1,1859,1921,1922,-1,1859,1922,1923,-1,1923,1924,1859,-1,1859,1924,1925,-1,1859,1925,1089,-1,1089,1925,1839,-1,1089,1839,1087,-1,1087,1839,1841,-1,1926,1927,1928,-1,1928,1927,1929,-1,1888,1930,1886,-1,1886,1930,1908,-1,1886,1908,1931,-1,1931,1908,1910,-1,1932,1933,1834,-1,1934,1859,1935,-1,1935,1859,1936,-1,1934,1937,1859,-1,1859,1937,1938,-1,1859,1938,1875,-1,1939,859,858,-1,1869,1940,1870,-1,1870,1940,1941,-1,1870,1941,1843,-1,1843,1941,1942,-1,1843,1942,1943,-1,1944,1945,1929,-1,1929,1945,1946,-1,1929,1946,1947,-1,1863,1948,1864,-1,1864,1948,1889,-1,1864,1889,1949,-1,1949,1889,1834,-1,1949,1834,1069,-1,1069,1834,1067,-1,1932,1834,1837,-1,1933,1950,1834,-1,1834,1950,1897,-1,1834,1897,1845,-1,1845,1897,1898,-1,1951,1861,1914,-1,1914,1861,1952,-1,1914,1952,1915,-1,1878,1953,1877,-1,1877,1953,1939,-1,1877,1939,1954,-1,1954,1939,858,-1,1852,1844,1883,-1,1883,1844,1843,-1,1883,1843,1955,-1,1955,1843,1943,-1,1955,1943,1947,-1,1947,1943,1956,-1,1947,1956,1929,-1,1957,312,311,-1,1951,1958,1861,-1,1861,1958,1959,-1,1861,1959,1859,-1,1859,1959,1960,-1,1859,1960,1936,-1,311,1961,1957,-1,1957,1961,1962,-1,1957,1962,1926,-1,1926,1962,1963,-1,1926,1963,1927,-1,1894,1964,1834,-1,1834,1964,1965,-1,1834,1965,1837,-1,1837,1965,1966,-1,1837,1966,1838,-1,1967,1968,1944,-1,1968,1969,1944,-1,1944,1969,1970,-1,1944,1970,1971,-1,1971,1970,1972,-1,1971,1972,1973,-1,1973,1974,1971,-1,1971,1974,1975,-1,1971,1975,1976,-1,1976,1975,1977,-1,1976,1977,1978,-1,1978,1977,1896,-1,1978,1896,1979,-1,1979,1896,1895,-1,1927,1980,1929,-1,1929,1980,1981,-1,1929,1981,1944,-1,1944,1981,1982,-1,1944,1982,1967,-1,1859,1089,1983,-1,1983,1089,1091,-1,1983,1091,1984,-1,1985,1986,1091,-1,1091,1986,1987,-1,1091,1987,1984,-1,1093,1095,1988,-1,1988,1989,1093,-1,1093,1989,1990,-1,1093,1990,1091,-1,1091,1990,1991,-1,1091,1991,1985,-1,1101,1027,1099,-1,1099,1027,1029,-1,1099,1029,1097,-1,1097,1029,1031,-1,1097,1031,1095,-1,1095,1031,1034,-1,1095,1034,1988,-1,1992,1993,1994,-1,1995,1996,1997,-1,1997,1996,1994,-1,1998,1999,2000,-1,2001,2002,2003,-1,2004,2005,2006,-1,2007,2008,1992,-1,2009,2010,2011,-1,2006,2005,2012,-1,1995,1997,2003,-1,2003,1997,2013,-1,2003,2013,2001,-1,1994,1996,1992,-1,1992,1996,2014,-1,1992,2014,2007,-1,2015,2016,1994,-1,1994,2016,2017,-1,1994,2017,2018,-1,2019,2011,2020,-1,2021,2022,250,-1,250,2022,2023,-1,250,2023,2024,-1,2000,2025,1998,-1,1998,2025,2026,-1,1998,2026,2027,-1,2027,2026,2028,-1,1998,2029,1999,-1,1999,2029,2012,-1,1999,2012,2030,-1,2030,2012,2005,-1,2030,2005,2031,-1,2008,2032,1992,-1,1992,2032,2033,-1,1992,2033,2034,-1,2035,2021,2036,-1,2036,2021,250,-1,2036,250,1993,-1,1993,250,2037,-1,1993,2037,1994,-1,1994,2037,2038,-1,1994,2038,2015,-1,2018,2039,1994,-1,1994,2039,1025,-1,1994,1025,2040,-1,2041,2042,2043,-1,2044,2045,1027,-1,2020,2046,2019,-1,2019,2046,2047,-1,2019,2047,2048,-1,1101,1103,2042,-1,2042,1103,2049,-1,2042,2049,2043,-1,2042,2050,1101,-1,1101,2050,2051,-1,1101,2051,1027,-1,1027,2051,2052,-1,1027,2052,2044,-1,2053,1073,2054,-1,2054,1073,1552,-1,2054,1552,2055,-1,2053,2056,1073,-1,1073,2056,2057,-1,1073,2057,1071,-1,1071,2057,2058,-1,2009,2011,2059,-1,2060,2061,2036,-1,2062,2063,2024,-1,2024,2063,251,-1,2024,251,250,-1,2064,2065,2040,-1,2040,2065,2066,-1,2040,2066,2067,-1,2067,2066,2068,-1,2067,2068,2026,-1,2026,2068,2069,-1,2026,2069,2028,-1,2045,2070,1027,-1,1027,2070,2071,-1,1027,2071,2072,-1,1027,2073,2074,-1,1025,1027,2040,-1,2040,1027,2075,-1,2040,2075,2076,-1,2048,2047,2077,-1,2077,2047,2078,-1,2077,2078,2057,-1,2057,2078,2079,-1,2057,2079,2058,-1,2061,2080,2036,-1,2036,2080,2081,-1,2036,2081,2082,-1,2083,2084,2085,-1,2055,1552,2086,-1,2086,1552,2087,-1,2086,2087,2088,-1,2041,2043,2089,-1,2089,2043,2090,-1,2089,2090,2091,-1,2091,2090,2092,-1,2091,2092,2006,-1,2006,2092,2093,-1,2006,2093,2004,-1,2072,2094,1027,-1,1027,2094,2095,-1,1027,2095,2096,-1,2076,2097,2040,-1,2040,2097,2098,-1,2040,2098,2064,-1,2019,2099,2011,-1,2011,2099,2100,-1,2011,2100,2059,-1,2059,2100,2101,-1,2059,2101,2102,-1,2103,2104,2105,-1,2105,2104,2106,-1,2105,2106,2107,-1,2107,2106,2102,-1,2107,2102,2108,-1,2108,2102,2101,-1,2085,2035,2109,-1,2109,2035,2110,-1,2111,2112,2113,-1,2113,2112,2114,-1,2024,2115,2062,-1,2062,2115,2114,-1,2062,2114,2116,-1,2116,2114,2112,-1,2117,2118,2119,-1,2074,2120,1027,-1,1027,2120,2121,-1,1027,2121,2075,-1,2122,2123,2124,-1,2124,2123,2125,-1,2124,2125,2126,-1,2126,2125,2035,-1,2126,2035,2127,-1,2127,2035,2128,-1,2088,2129,2086,-1,2086,2129,2130,-1,2086,2130,2131,-1,2131,2130,2132,-1,2131,2132,2124,-1,2124,2132,2133,-1,2124,2133,2122,-1,2134,2135,2136,-1,2117,2119,2096,-1,2096,2119,2137,-1,2096,2137,1027,-1,1027,2137,2138,-1,1027,2138,2073,-1,2105,2139,2103,-1,2103,2139,2140,-1,2103,2140,2036,-1,2036,2140,2141,-1,2036,2141,2060,-1,2085,2084,2035,-1,2035,2084,2142,-1,2035,2142,2128,-1,2118,2143,2119,-1,2119,2143,2134,-1,2119,2134,2144,-1,2144,2134,2136,-1,2082,2145,2036,-1,2036,2145,2146,-1,2036,2146,2035,-1,2035,2146,2147,-1,2035,2147,2110,-1,2148,2149,2150,-1,2150,2149,2151,-1,2150,2151,2152,-1,2152,2151,2153,-1,2152,2153,2085,-1,2085,2153,2154,-1,2085,2154,2083,-1,2155,2156,2157,-1,2157,2156,2158,-1,1906,1908,1268,-1,1268,1908,1266,-1,1326,1267,1888,-1,1888,1267,1930,-1,1266,1908,2159,-1,2159,1908,2160,-1,2159,2160,2161,-1,2161,2160,2162,-1,2161,2162,2163,-1,2163,2162,2164,-1,2163,2164,2165,-1,2165,2164,2166,-1,2165,2166,2167,-1,2167,2166,2168,-1,2167,2168,2169,-1,2169,2168,2170,-1,2171,2170,2168,-1,2171,2168,2172,-1,2172,2168,2166,-1,2172,2166,2173,-1,2173,2166,2164,-1,2173,2164,2174,-1,2174,2164,2162,-1,2174,2162,2175,-1,2175,2162,2160,-1,2175,2160,2176,-1,2176,2160,1908,-1,2176,1908,1930,-1,2177,2171,2178,-1,2178,2171,2172,-1,2178,2172,2179,-1,2179,2172,2173,-1,2179,2173,2180,-1,2180,2173,2174,-1,2180,2174,2181,-1,2181,2174,2175,-1,2181,2175,2182,-1,2182,2175,2176,-1,2182,2176,1267,-1,1267,2176,1930,-1,1267,1266,2182,-1,2182,1266,2159,-1,2182,2159,2181,-1,2181,2159,2161,-1,2181,2161,2180,-1,2180,2161,2163,-1,2180,2163,2179,-1,2179,2163,2165,-1,2179,2165,2178,-1,2178,2165,2167,-1,2178,2167,2177,-1,2177,2167,2169,-1,2183,2169,2184,-1,2184,2169,2170,-1,2157,2184,2185,-1,2185,2184,2170,-1,2185,2170,2171,-1,2186,2185,2187,-1,2187,2185,2188,-1,2186,2189,2185,-1,2185,2189,2190,-1,2185,2190,2157,-1,2157,2158,2184,-1,2184,2158,2191,-1,2184,2191,2192,-1,2192,2193,2184,-1,2184,2193,2194,-1,2184,2194,2195,-1,2185,2171,2196,-1,2196,2171,2177,-1,2177,2169,2196,-1,2196,2169,2183,-1,2196,2183,2156,-1,2156,2155,2196,-1,2196,2155,2197,-1,2196,2197,2198,-1,2198,2199,2196,-1,2196,2199,2200,-1,2196,2200,2201,-1,2202,2183,2203,-1,2203,2183,2204,-1,2202,2205,2183,-1,2183,2205,2206,-1,2183,2206,2156,-1,2207,2208,2209,-1,2209,2208,2210,-1,2020,2011,1412,-1,1412,2011,1413,-1,1417,1416,2004,-1,2004,1416,2005,-1,1416,1413,2211,-1,2211,1413,2212,-1,2211,2212,2213,-1,2213,2212,2214,-1,2213,2214,2215,-1,2215,2214,2216,-1,2215,2216,2217,-1,2217,2216,2218,-1,2217,2218,2219,-1,2219,2218,2220,-1,2219,2220,2221,-1,2221,2220,2222,-1,1413,2011,2212,-1,2212,2011,2223,-1,2212,2223,2214,-1,2214,2223,2224,-1,2214,2224,2216,-1,2216,2224,2225,-1,2216,2225,2218,-1,2218,2225,2226,-1,2218,2226,2220,-1,2220,2226,2227,-1,2220,2227,2222,-1,2222,2227,2228,-1,2031,2005,2229,-1,2230,2228,2227,-1,2223,2011,2010,-1,2230,2227,2231,-1,2231,2227,2226,-1,2231,2226,2232,-1,2232,2226,2225,-1,2232,2225,2233,-1,2233,2225,2224,-1,2233,2224,2234,-1,2234,2224,2223,-1,2234,2223,2229,-1,2229,2223,2010,-1,2229,2010,2031,-1,2221,2230,2219,-1,2219,2230,2231,-1,2219,2231,2217,-1,2217,2231,2232,-1,2217,2232,2215,-1,2215,2232,2233,-1,2215,2233,2213,-1,2213,2233,2234,-1,2213,2234,2211,-1,2211,2234,2229,-1,2211,2229,1416,-1,1416,2229,2005,-1,2235,2236,2237,-1,2235,2237,2238,-1,2239,2240,2241,-1,2241,2240,2242,-1,2241,2242,2243,-1,2239,2241,2222,-1,2222,2241,2208,-1,2222,2208,2221,-1,2221,2208,2207,-1,2221,2207,2237,-1,2237,2207,2244,-1,2237,2244,2238,-1,2245,2209,2230,-1,2230,2209,2228,-1,2246,2247,2248,-1,2246,2248,2230,-1,2230,2248,2249,-1,2230,2249,2245,-1,2250,2251,2252,-1,2252,2251,2253,-1,2209,2210,2228,-1,2228,2210,2251,-1,2228,2251,2254,-1,2254,2251,2250,-1,2255,2256,2257,-1,2257,2256,2258,-1,1615,1613,6,-1,6,1613,7,-1,75,245,1614,-1,1614,245,1612,-1,7,1613,2259,-1,2259,1613,2260,-1,2259,2260,2261,-1,2261,2260,2262,-1,2261,2262,2263,-1,2263,2262,2264,-1,2263,2264,2265,-1,2265,2264,2266,-1,2265,2266,2267,-1,2267,2266,2268,-1,2267,2268,2269,-1,2269,2268,2270,-1,2271,2270,2268,-1,2271,2268,2272,-1,2272,2268,2266,-1,2272,2266,2273,-1,2273,2266,2264,-1,2273,2264,2274,-1,2274,2264,2262,-1,2274,2262,2275,-1,2275,2262,2260,-1,2275,2260,2276,-1,2276,2260,1613,-1,2276,1613,1612,-1,2277,2271,2278,-1,2278,2271,2272,-1,2278,2272,2279,-1,2279,2272,2273,-1,2279,2273,2280,-1,2280,2273,2274,-1,2280,2274,2281,-1,2281,2274,2275,-1,2281,2275,2282,-1,2282,2275,2276,-1,2282,2276,245,-1,245,2276,1612,-1,245,7,2282,-1,2282,7,2259,-1,2282,2259,2281,-1,2281,2259,2261,-1,2281,2261,2280,-1,2280,2261,2263,-1,2280,2263,2279,-1,2279,2263,2265,-1,2279,2265,2278,-1,2278,2265,2267,-1,2278,2267,2277,-1,2277,2267,2269,-1,2283,2269,2284,-1,2284,2269,2270,-1,2284,2270,2271,-1,2285,2286,2284,-1,2257,2271,2287,-1,2271,2257,2284,-1,2284,2257,2258,-1,2284,2258,2285,-1,2286,2288,2284,-1,2284,2288,2289,-1,2284,2289,2290,-1,2291,2292,2293,-1,2287,2294,2257,-1,2257,2294,2291,-1,2257,2291,2295,-1,2295,2291,2293,-1,2287,2271,2296,-1,2296,2271,2277,-1,2297,2256,2283,-1,2256,2296,2283,-1,2283,2296,2277,-1,2283,2277,2269,-1,2283,2298,2299,-1,2299,2300,2283,-1,2283,2300,2301,-1,2283,2301,2297,-1,2256,2255,2296,-1,2296,2255,2302,-1,2296,2302,2303,-1,2303,2302,2304,-1,2303,2304,2305,-1,2305,2304,2306,-1,2307,2308,2309,-1,2309,2308,2310,-1,1143,1121,1672,-1,1672,1121,1673,-1,1704,1692,1140,-1,1140,1692,1141,-1,1718,1673,2311,-1,2312,2313,2314,-1,2315,1692,1691,-1,2312,2314,2316,-1,2316,2314,2317,-1,2316,2317,2318,-1,2318,2317,2319,-1,2318,2319,2320,-1,2320,2319,2321,-1,2320,2321,2322,-1,2322,2321,2315,-1,2322,2315,2311,-1,2311,2315,1691,-1,2311,1691,1718,-1,2323,2312,2324,-1,2324,2312,2316,-1,2324,2316,2325,-1,2325,2316,2318,-1,2325,2318,2326,-1,2326,2318,2320,-1,2326,2320,2327,-1,2327,2320,2322,-1,2327,2322,2328,-1,2328,2322,2311,-1,2328,2311,1121,-1,1121,2311,1673,-1,1121,1141,2328,-1,2328,1141,2329,-1,2328,2329,2327,-1,2327,2329,2330,-1,2327,2330,2326,-1,2326,2330,2331,-1,2326,2331,2325,-1,2325,2331,2332,-1,2325,2332,2324,-1,2324,2332,2333,-1,2324,2333,2323,-1,2323,2333,2334,-1,1141,1692,2329,-1,2329,1692,2315,-1,2329,2315,2330,-1,2330,2315,2321,-1,2330,2321,2331,-1,2331,2321,2319,-1,2331,2319,2332,-1,2332,2319,2317,-1,2332,2317,2333,-1,2333,2317,2314,-1,2333,2314,2334,-1,2334,2314,2313,-1,2335,2336,2313,-1,2313,2336,2337,-1,2313,2337,2338,-1,2338,2337,2339,-1,2340,2341,2312,-1,2312,2341,2309,-1,2312,2309,2313,-1,2313,2309,2310,-1,2313,2310,2335,-1,2340,2342,2341,-1,2341,2342,2343,-1,2341,2343,2344,-1,2308,2334,2345,-1,2334,2308,2323,-1,2345,2346,2347,-1,2347,2348,2345,-1,2345,2348,2349,-1,2345,2349,2308,-1,2350,2351,2352,-1,2352,2351,2353,-1,2308,2307,2323,-1,2323,2307,2351,-1,2323,2351,2354,-1,2354,2351,2350,-1,86,1037,79,-1,79,1037,1554,-1,79,1554,80,-1,80,1554,1588,-1,80,1588,82,-1,82,1588,1562,-1,82,1562,83,-1,83,1562,1557,-1,83,1557,77,-1,77,1557,1616,-1,77,1616,6,-1,6,1616,1615,-1,1051,1052,1790,-1,1790,1052,1156,-1,1790,1156,1791,-1,1791,1156,1155,-1,1791,1155,1793,-1,1793,1155,1129,-1,1793,1129,1795,-1,1795,1129,1127,-1,1795,1127,1796,-1,1796,1127,1126,-1,1796,1126,1672,-1,1672,1126,1143,-1,2312,2323,2354,-1,2312,2354,2340,-1,2340,2354,2350,-1,2340,2350,2342,-1,2342,2350,2352,-1,2342,2352,2343,-1,2343,2352,2353,-1,2343,2353,2344,-1,2344,2353,2351,-1,2344,2351,2341,-1,2341,2351,2307,-1,2341,2307,2309,-1,2334,2313,2338,-1,2334,2338,2345,-1,2345,2338,2339,-1,2345,2339,2346,-1,2346,2339,2337,-1,2346,2337,2347,-1,2347,2337,2336,-1,2347,2336,2348,-1,2348,2336,2335,-1,2348,2335,2349,-1,2349,2335,2310,-1,2349,2310,2308,-1,1054,1053,1193,-1,1193,1053,1806,-1,1193,1806,1185,-1,1185,1806,1805,-1,1185,1805,1207,-1,1207,1805,1803,-1,1207,1803,1209,-1,1209,1803,1722,-1,1209,1722,1210,-1,1210,1722,1721,-1,1210,1721,1140,-1,1140,1721,1704,-1,1069,1070,1949,-1,1949,1070,1259,-1,1949,1259,1864,-1,1864,1259,1258,-1,1864,1258,1852,-1,1852,1258,1260,-1,1852,1260,1844,-1,1844,1260,1262,-1,1844,1262,1887,-1,1887,1262,1324,-1,1887,1324,1888,-1,1888,1324,1326,-1,2185,2196,2201,-1,2185,2201,2188,-1,2188,2201,2200,-1,2188,2200,2187,-1,2187,2200,2199,-1,2187,2199,2186,-1,2186,2199,2198,-1,2186,2198,2189,-1,2189,2198,2197,-1,2189,2197,2190,-1,2190,2197,2155,-1,2190,2155,2157,-1,2183,2184,2195,-1,2183,2195,2204,-1,2204,2195,2194,-1,2204,2194,2203,-1,2203,2194,2193,-1,2203,2193,2202,-1,2202,2193,2192,-1,2202,2192,2205,-1,2205,2192,2191,-1,2205,2191,2206,-1,2206,2191,2158,-1,2206,2158,2156,-1,1088,1087,1323,-1,1323,1087,1841,-1,1323,1841,1322,-1,1322,1841,1840,-1,1322,1840,1320,-1,1320,1840,1854,-1,1320,1854,1272,-1,1272,1854,1856,-1,1272,1856,1269,-1,1269,1856,1904,-1,1269,1904,1268,-1,1268,1904,1906,-1,1103,1104,2049,-1,2049,1104,1482,-1,2049,1482,2043,-1,2043,1482,1481,-1,2043,1481,2090,-1,2090,1481,1479,-1,2090,1479,2092,-1,2092,1479,1424,-1,2092,1424,2093,-1,2093,1424,1423,-1,2093,1423,2004,-1,2004,1423,1417,-1,2230,2221,2237,-1,2230,2237,2246,-1,2246,2237,2236,-1,2246,2236,2247,-1,2247,2236,2235,-1,2247,2235,2248,-1,2248,2235,2238,-1,2248,2238,2249,-1,2249,2238,2244,-1,2249,2244,2245,-1,2245,2244,2207,-1,2245,2207,2209,-1,2222,2228,2254,-1,2222,2254,2239,-1,2239,2254,2250,-1,2239,2250,2240,-1,2240,2250,2252,-1,2240,2252,2242,-1,2242,2252,2253,-1,2242,2253,2243,-1,2243,2253,2251,-1,2243,2251,2241,-1,2241,2251,2210,-1,2241,2210,2208,-1,1072,1071,1492,-1,1492,1071,2058,-1,1492,2058,1418,-1,1418,2058,2079,-1,1418,2079,1447,-1,1447,2079,2078,-1,1447,2078,1449,-1,1449,2078,2047,-1,1449,2047,1450,-1,1450,2047,2046,-1,1450,2046,1412,-1,1412,2046,2020,-1,1086,70,1647,-1,1647,70,69,-1,1647,69,1555,-1,1555,69,61,-1,1555,61,1556,-1,1556,61,60,-1,1556,60,1558,-1,1558,60,65,-1,1558,65,1559,-1,1559,65,74,-1,1559,74,1614,-1,1614,74,75,-1,2287,2296,2303,-1,2287,2303,2294,-1,2294,2303,2305,-1,2294,2305,2291,-1,2291,2305,2306,-1,2291,2306,2292,-1,2292,2306,2304,-1,2292,2304,2293,-1,2293,2304,2302,-1,2293,2302,2295,-1,2295,2302,2255,-1,2295,2255,2257,-1,2283,2284,2290,-1,2283,2290,2298,-1,2298,2290,2289,-1,2298,2289,2299,-1,2299,2289,2288,-1,2299,2288,2300,-1,2300,2288,2286,-1,2300,2286,2301,-1,2301,2286,2285,-1,2301,2285,2297,-1,2297,2285,2258,-1,2297,2258,2256,-1,2355,2356,2357,-1,2357,2356,2358,-1,2359,2360,2361,-1,2361,2360,2362,-1,2363,2364,2365,-1,2365,2364,2366,-1,2365,2366,2367,-1,2367,2366,2368,-1,2367,2368,2362,-1,2362,2368,2369,-1,2362,2369,2361,-1,2370,1859,2371,-1,2371,1859,1983,-1,2371,1983,1984,-1,1827,1826,2372,-1,2372,1826,1834,-1,2372,1834,2373,-1,1834,1859,2373,-1,2373,1859,2370,-1,2373,2370,2374,-1,2374,2370,2375,-1,2376,2377,2378,-1,2377,2376,2370,-1,2370,2376,2379,-1,2370,2379,2375,-1,2378,2380,2376,-1,2376,2380,2381,-1,2376,2381,2360,-1,2360,2381,2362,-1,2381,2382,2362,-1,2362,2382,2383,-1,2362,2383,2367,-1,2367,2383,2384,-1,2367,2384,2365,-1,2365,2384,2385,-1,2365,2385,2363,-1,2363,2385,2386,-1,2387,2386,2388,-1,2388,2386,2385,-1,2388,2385,2389,-1,2389,2385,2384,-1,2389,2384,2390,-1,2390,2384,2383,-1,2390,2383,2391,-1,2391,2383,2382,-1,2391,2382,2392,-1,2391,2369,2390,-1,2390,2369,2368,-1,2390,2368,2389,-1,2389,2368,2366,-1,2389,2366,2388,-1,2388,2366,2364,-1,2388,2364,2387,-1,2393,2391,2394,-1,2394,2391,2392,-1,2393,2359,2391,-1,2391,2359,2361,-1,2391,2361,2369,-1,2392,2395,2394,-1,2394,2395,2396,-1,2394,2396,2397,-1,2397,2396,2398,-1,2397,2398,2399,-1,1406,1405,2400,-1,2400,1405,1265,-1,2400,1265,2398,-1,2398,1265,1247,-1,2398,1247,2399,-1,2399,1247,1249,-1,2399,1249,1250,-1,2401,2364,2402,-1,2402,2364,2363,-1,2403,2404,2405,-1,2406,2407,2358,-1,2358,2407,2408,-1,2358,2408,2357,-1,2357,2408,2409,-1,2357,2409,2405,-1,2410,2411,2357,-1,2357,2411,2412,-1,2357,2412,2413,-1,2414,2415,2386,-1,2386,2415,2402,-1,2386,2402,2363,-1,2405,2404,2357,-1,2357,2404,2416,-1,2357,2416,2410,-1,2414,2386,2405,-1,2405,2386,2417,-1,2405,2417,2403,-1,2417,2386,2418,-1,2418,2386,2387,-1,2419,2420,2356,-1,2421,2422,2423,-1,2355,2424,2425,-1,2387,2364,2418,-1,2418,2364,2426,-1,2422,2427,2355,-1,2355,2427,2428,-1,2355,2428,2356,-1,2356,2428,2429,-1,2356,2429,2419,-1,2425,2430,2355,-1,2355,2430,2431,-1,2355,2431,2422,-1,2422,2431,2432,-1,2422,2432,2423,-1,2426,2364,2423,-1,2423,2364,2401,-1,2423,2401,2421,-1,2433,2434,2435,-1,2435,2434,2436,-1,2437,2438,2439,-1,2439,2438,2440,-1,2441,2438,2437,-1,2442,2443,2444,-1,2436,2441,2435,-1,2435,2441,2437,-1,2435,2437,2445,-1,2446,2447,2436,-1,2436,2447,2448,-1,2436,2448,2441,-1,2442,2444,2437,-1,2437,2444,2449,-1,2437,2449,2445,-1,2450,2451,2436,-1,2436,2451,2452,-1,2436,2452,2446,-1,2453,2454,2448,-1,2448,2454,2441,-1,2440,2454,2439,-1,2439,2454,2453,-1,2434,2453,2455,-1,2455,2456,2434,-1,2434,2456,2457,-1,2434,2457,2458,-1,2458,2457,2459,-1,2453,2434,2439,-1,2439,2434,2433,-1,2439,2433,2460,-1,2461,2462,2463,-1,2463,2462,2439,-1,2463,2439,2464,-1,2464,2439,2460,-1,2440,2438,2465,-1,2465,2438,2466,-1,2465,2466,2467,-1,2467,2466,2468,-1,2467,2468,2469,-1,2469,2468,2470,-1,2469,2470,2471,-1,2471,2470,2472,-1,2471,2472,2473,-1,2473,2472,2474,-1,2473,2474,2357,-1,2357,2474,2355,-1,2424,2355,2474,-1,2424,2474,2475,-1,2475,2474,2472,-1,2475,2472,2476,-1,2476,2472,2470,-1,2476,2470,2477,-1,2477,2470,2468,-1,2477,2468,2478,-1,2478,2468,2466,-1,2478,2466,2479,-1,2479,2466,2438,-1,2479,2438,2441,-1,2413,2424,2480,-1,2480,2424,2475,-1,2480,2475,2481,-1,2481,2475,2476,-1,2481,2476,2482,-1,2482,2476,2477,-1,2482,2477,2483,-1,2483,2477,2478,-1,2483,2478,2484,-1,2484,2478,2479,-1,2484,2479,2454,-1,2454,2479,2441,-1,2454,2440,2484,-1,2484,2440,2465,-1,2484,2465,2483,-1,2483,2465,2467,-1,2483,2467,2482,-1,2482,2467,2469,-1,2482,2469,2481,-1,2481,2469,2471,-1,2481,2471,2480,-1,2480,2471,2473,-1,2480,2473,2413,-1,2413,2473,2357,-1,2425,2424,2412,-1,2412,2424,2413,-1,2407,2406,2419,-1,2419,2406,2420,-1,2485,2486,2487,-1,2487,2486,2488,-1,2358,2356,2489,-1,2489,2356,2490,-1,2489,2490,2491,-1,2491,2490,2492,-1,2491,2492,2493,-1,2493,2492,2494,-1,2493,2494,2495,-1,2495,2494,2496,-1,2495,2496,2497,-1,2497,2496,2498,-1,2497,2498,2499,-1,2499,2498,2500,-1,2501,2500,2498,-1,2501,2498,2502,-1,2502,2498,2496,-1,2502,2496,2503,-1,2503,2496,2494,-1,2503,2494,2504,-1,2504,2494,2492,-1,2504,2492,2505,-1,2505,2492,2490,-1,2505,2490,2506,-1,2506,2490,2356,-1,2506,2356,2420,-1,2507,2501,2508,-1,2508,2501,2502,-1,2508,2502,2509,-1,2509,2502,2503,-1,2509,2503,2510,-1,2510,2503,2504,-1,2510,2504,2511,-1,2511,2504,2505,-1,2511,2505,2512,-1,2512,2505,2506,-1,2512,2506,2406,-1,2406,2506,2420,-1,2406,2358,2512,-1,2512,2358,2489,-1,2512,2489,2511,-1,2511,2489,2491,-1,2511,2491,2510,-1,2510,2491,2493,-1,2510,2493,2509,-1,2509,2493,2495,-1,2509,2495,2508,-1,2508,2495,2497,-1,2508,2497,2507,-1,2507,2497,2499,-1,2513,2499,2514,-1,2514,2499,2500,-1,2500,2501,2514,-1,2514,2501,2515,-1,2516,2486,2517,-1,2517,2486,2515,-1,2516,2518,2486,-1,2486,2518,2519,-1,2486,2519,2520,-1,2515,2486,2514,-1,2514,2486,2485,-1,2514,2485,2521,-1,2522,2523,2524,-1,2524,2523,2514,-1,2524,2514,2525,-1,2525,2514,2521,-1,2515,2501,2526,-1,2526,2501,2507,-1,2526,2507,2513,-1,2513,2507,2499,-1,2527,2528,2529,-1,2530,2531,2488,-1,2488,2531,2526,-1,2488,2526,2487,-1,2487,2526,2513,-1,2487,2513,2532,-1,2530,2488,2533,-1,2533,2488,2534,-1,2533,2534,2535,-1,2527,2529,2513,-1,2513,2529,2536,-1,2513,2536,2532,-1,1748,1243,1662,-1,1662,1243,1116,-1,1662,1116,1663,-1,1663,1116,1115,-1,1663,1115,1664,-1,1664,1115,1114,-1,1664,1114,1665,-1,1665,1114,1113,-1,1665,1113,1666,-1,1666,1113,1112,-1,1666,1112,1667,-1,1667,1112,1111,-1,1667,1111,1553,-1,1553,1111,96,-1,1553,96,1546,-1,1546,96,148,-1,1546,148,1547,-1,1547,148,1110,-1,1547,1110,1548,-1,1548,1110,1109,-1,1548,1109,1549,-1,1549,1109,1108,-1,1549,1108,1550,-1,1550,1108,1107,-1,1550,1107,1551,-1,1551,1107,1106,-1,1551,1106,1552,-1,1552,1106,1105,-1,1552,1105,2087,-1,2087,1105,1494,-1,1427,1535,2024,-1,2024,1535,2115,-1,1522,1472,2037,-1,2037,1472,2038,-1,1144,1118,1733,-1,1733,1118,1698,-1,1696,1730,1134,-1,1134,1730,1136,-1,2425,2412,2430,-1,2430,2412,2411,-1,2430,2411,2431,-1,2431,2411,2410,-1,2431,2410,2432,-1,2432,2410,2416,-1,2432,2416,2423,-1,2423,2416,2404,-1,2423,2404,2426,-1,2426,2404,2403,-1,2426,2403,2418,-1,2418,2403,2417,-1,2407,2419,2408,-1,2408,2419,2429,-1,2408,2429,2409,-1,2409,2429,2428,-1,2409,2428,2405,-1,2405,2428,2427,-1,2405,2427,2414,-1,2414,2427,2422,-1,2414,2422,2415,-1,2415,2422,2421,-1,2415,2421,2402,-1,2402,2421,2401,-1,1466,2123,1467,-1,1467,2123,2122,-1,1467,2122,1518,-1,1518,2122,2133,-1,1518,2133,1519,-1,1519,2133,2132,-1,1519,2132,1520,-1,1520,2132,2130,-1,1520,2130,1469,-1,1469,2130,2129,-1,1469,2129,1470,-1,1470,2129,2088,-1,1470,2088,1494,-1,1494,2088,2087,-1,1427,2024,1428,-1,1428,2024,2023,-1,1428,2023,1475,-1,1475,2023,2022,-1,1475,2022,1474,-1,1474,2022,2021,-1,1474,2021,1463,-1,1463,2021,2035,-1,1463,2035,1464,-1,1464,2035,2125,-1,1464,2125,1466,-1,1466,2125,2123,-1,2038,1472,1471,-1,2038,1471,2015,-1,2015,1471,1521,-1,2015,1521,2016,-1,2016,1521,1497,-1,2016,1497,2017,-1,2017,1497,1496,-1,2017,1496,2018,-1,2018,1496,1495,-1,2018,1495,2039,-1,2039,1495,1026,-1,2039,1026,1025,-1,2433,2435,2445,-1,2433,2445,2460,-1,2460,2445,2449,-1,2460,2449,2464,-1,2464,2449,2444,-1,2464,2444,2463,-1,2463,2444,2443,-1,2463,2443,2461,-1,2461,2443,2442,-1,2461,2442,2462,-1,2462,2442,2437,-1,2462,2437,2439,-1,2115,1535,1534,-1,2115,1534,2114,-1,2114,1534,1538,-1,2114,1538,2113,-1,2113,1538,1537,-1,2113,1537,2111,-1,2111,1537,1536,-1,2111,1536,2112,-1,2112,1536,1533,-1,2112,1533,2116,-1,2116,1533,1508,-1,2116,1508,2062,-1,1144,1733,1734,-1,1144,1734,1131,-1,1131,1734,1789,-1,1131,1789,1132,-1,1132,1789,1768,-1,1132,1768,1157,-1,1157,1768,1767,-1,1157,1767,1158,-1,1158,1767,1766,-1,1158,1766,1159,-1,1159,1766,1732,-1,1159,1732,1133,-1,1698,1118,1697,-1,1697,1118,1217,-1,1697,1217,1679,-1,1679,1217,1231,-1,1679,1231,1678,-1,1678,1231,1230,-1,1678,1230,1677,-1,1677,1230,1229,-1,1677,1229,1772,-1,1772,1229,1240,-1,1772,1240,1738,-1,1738,1240,1239,-1,1738,1239,1739,-1,1739,1239,1238,-1,1739,1238,1741,-1,1741,1238,1237,-1,1741,1237,1743,-1,1743,1237,1236,-1,1743,1236,1744,-1,1744,1236,1235,-1,1744,1235,1746,-1,1746,1235,1244,-1,1746,1244,1748,-1,1748,1244,1243,-1,2485,2487,2532,-1,2485,2532,2521,-1,2521,2532,2536,-1,2521,2536,2525,-1,2525,2536,2529,-1,2525,2529,2524,-1,2524,2529,2528,-1,2524,2528,2522,-1,2522,2528,2527,-1,2522,2527,2523,-1,2523,2527,2513,-1,2523,2513,2514,-1,1136,1730,1729,-1,1136,1729,1167,-1,1167,1729,1710,-1,1167,1710,1168,-1,1168,1710,1709,-1,1168,1709,1160,-1,1160,1709,1708,-1,1160,1708,1162,-1,1162,1708,1707,-1,1162,1707,1161,-1,1161,1707,1541,-1,1161,1541,1135,-1,2436,2434,2458,-1,2436,2458,2450,-1,2450,2458,2459,-1,2450,2459,2451,-1,2451,2459,2457,-1,2451,2457,2452,-1,2452,2457,2456,-1,2452,2456,2446,-1,2446,2456,2455,-1,2446,2455,2447,-1,2447,2455,2453,-1,2447,2453,2448,-1,2395,2380,2378,-1,2395,2378,2396,-1,2396,2378,2377,-1,2396,2377,2398,-1,2398,2377,2370,-1,2398,2370,2400,-1,2400,2370,2371,-1,2400,2371,1406,-1,1406,2371,1984,-1,1406,1984,1407,-1,2380,2395,2381,-1,2381,2395,2392,-1,2381,2392,2382,-1,1984,1987,1407,-1,1407,1987,1986,-1,1407,1986,1409,-1,1986,1985,1409,-1,1409,1985,1991,-1,1409,1991,1408,-1,1408,1991,1990,-1,1408,1990,1404,-1,1404,1990,1989,-1,1404,1989,1036,-1,1036,1989,1988,-1,1036,1988,1034,-1,2488,2486,2520,-1,2488,2520,2534,-1,2534,2520,2519,-1,2534,2519,2535,-1,2535,2519,2518,-1,2535,2518,2533,-1,2533,2518,2516,-1,2533,2516,2530,-1,2530,2516,2517,-1,2530,2517,2531,-1,2531,2517,2515,-1,2531,2515,2526,-1,1248,1828,1250,-1,1250,1828,1827,-1,1250,1827,2399,-1,1827,2372,2399,-1,2399,2372,2373,-1,2399,2373,2397,-1,2397,2373,2374,-1,2397,2374,2394,-1,2394,2374,2375,-1,2394,2375,2393,-1,2393,2375,2379,-1,2393,2379,2359,-1,2359,2379,2376,-1,2359,2376,2360,-1,1253,1833,1832,-1,1253,1832,1245,-1,1245,1832,1831,-1,1245,1831,1246,-1,1246,1831,1830,-1,1246,1830,1248,-1,1248,1830,1835,-1,1248,1835,1828,-1,1833,1253,1829,-1,1829,1253,1252,-1,1829,1252,1545,-1,2026,2537,2538,-1,2539,2067,2540,-1,2540,2067,2026,-1,2540,2026,2541,-1,2541,2026,2538,-1,1763,2542,1765,-1,1765,2542,2543,-1,2544,2545,2546,-1,2546,2547,2544,-1,2544,2547,2548,-1,2544,2548,2549,-1,2543,2550,1765,-1,1765,2550,2551,-1,1765,2551,2552,-1,2552,2553,1765,-1,1765,2553,2554,-1,1765,2554,2555,-1,2556,1765,2557,-1,2557,1765,2555,-1,2557,2555,2544,-1,2544,2555,2558,-1,2544,2558,2545,-1,2556,2559,1765,-1,1765,2559,2560,-1,1765,2560,2561,-1,2025,2561,2562,-1,2562,2563,2025,-1,2025,2563,2564,-1,2025,2564,2565,-1,2565,2566,2025,-1,2025,2566,2567,-1,2025,2567,2026,-1,2026,2567,2568,-1,2026,2568,2537,-1,2548,2569,2549,-1,2549,2569,2570,-1,2549,2570,2571,-1,2571,2570,2572,-1,2571,2572,2573,-1,2573,2572,2574,-1,2575,2576,2577,-1,2577,2576,2578,-1,2577,2578,2574,-1,2574,2578,2579,-1,2574,2579,2573,-1,2580,2581,1763,-1,1763,2581,2582,-1,1763,2582,2542,-1,1809,2583,1763,-1,1763,2583,2584,-1,1763,2584,2580,-1,2561,2025,1765,-1,1765,2025,2000,-1,1765,2000,1786,-1,1786,2000,1999,-1,1786,1999,1761,-1,1761,1999,2030,-1,1761,2030,1690,-1,1690,2030,2031,-1,1690,2031,1691,-1,2010,1718,2031,-1,2031,1718,1691,-1,1713,2585,2586,-1,2587,1711,2588,-1,2588,1711,1713,-1,2588,1713,2589,-1,2589,1713,2586,-1,2104,2590,2106,-1,2106,2590,2591,-1,2592,2593,2594,-1,2594,2595,2592,-1,2592,2595,2596,-1,2592,2596,2597,-1,2591,2598,2106,-1,2106,2598,2599,-1,2106,2599,2600,-1,2600,2601,2106,-1,2106,2601,2602,-1,2106,2602,2603,-1,2604,2106,2605,-1,2605,2106,2603,-1,2605,2603,2592,-1,2592,2603,2606,-1,2592,2606,2593,-1,2604,2607,2106,-1,2106,2607,2608,-1,2106,2608,2609,-1,1715,2609,2610,-1,2610,2611,1715,-1,1715,2611,2612,-1,1715,2612,2613,-1,2613,2614,1715,-1,1715,2614,2615,-1,1715,2615,1713,-1,1713,2615,2616,-1,1713,2616,2585,-1,2596,2617,2597,-1,2597,2617,2618,-1,2597,2618,2619,-1,2619,2618,2620,-1,2619,2620,2621,-1,2621,2620,2622,-1,2623,2624,2625,-1,2625,2624,2626,-1,2625,2626,2622,-1,2622,2626,2627,-1,2622,2627,2621,-1,2628,2629,2104,-1,2104,2629,2630,-1,2104,2630,2590,-1,2103,2631,2104,-1,2104,2631,2632,-1,2104,2632,2628,-1,2609,1715,2106,-1,2106,1715,1701,-1,2106,1701,2102,-1,2102,1701,1702,-1,2102,1702,2059,-1,2059,1702,1717,-1,2059,1717,2009,-1,2009,1717,1718,-1,2009,1718,2010,-1,2633,2634,2635,-1,2636,2637,2036,-1,2633,2635,2638,-1,2639,2640,1736,-1,1736,2640,2641,-1,2639,1736,2635,-1,2635,1736,2642,-1,2635,2642,2638,-1,2643,696,2644,-1,2636,2036,2645,-1,2646,2647,2036,-1,2648,2649,1736,-1,1736,2649,2650,-1,2634,2651,2635,-1,2635,2651,2643,-1,2635,2643,2652,-1,2652,2643,2644,-1,2652,2644,699,-1,2646,2036,2653,-1,1711,2587,1736,-1,1736,2587,2654,-1,1736,2654,2648,-1,2650,2655,1736,-1,1736,2655,2656,-1,1736,2656,2657,-1,2647,2658,2036,-1,2036,2658,2659,-1,2036,2659,2660,-1,2631,2103,2661,-1,2661,2103,2036,-1,2661,2036,2662,-1,2662,2036,2660,-1,2657,2663,1736,-1,1736,2663,2664,-1,1736,2664,2642,-1,2665,2666,2667,-1,2667,2666,2668,-1,2667,2668,2669,-1,2669,2668,2670,-1,2669,2670,2637,-1,2637,2670,2671,-1,2637,2671,2036,-1,2036,2671,2672,-1,2036,2672,2653,-1,2673,2674,2036,-1,2036,2674,2675,-1,2675,2676,2036,-1,2036,2676,2677,-1,2036,2677,2678,-1,2679,587,2680,-1,2641,2681,1736,-1,1736,2681,2682,-1,1736,2682,2036,-1,2036,2682,2683,-1,2036,2683,2673,-1,2684,2685,2678,-1,2678,2685,2686,-1,2624,2623,2687,-1,2687,2623,2688,-1,2687,2688,2678,-1,2678,2688,2689,-1,2678,2689,2684,-1,2686,2690,2678,-1,2678,2690,2691,-1,2678,2691,2036,-1,2036,2691,2692,-1,2036,2692,2645,-1,584,2679,2693,-1,2693,2679,2680,-1,2693,2680,2665,-1,2665,2680,2694,-1,2665,2694,2666,-1,1993,1735,2036,-1,2036,1735,1736,-1,2695,2696,2697,-1,2695,1735,2698,-1,2698,1735,2699,-1,2700,803,2701,-1,2702,2703,1993,-1,1993,2703,2704,-1,2705,2706,2707,-1,2707,2706,2708,-1,2707,2708,2709,-1,2709,2708,2710,-1,2709,2710,2711,-1,2711,2710,2712,-1,2696,2695,2713,-1,2713,2695,2700,-1,2713,2700,2714,-1,2714,2700,2701,-1,2714,2701,793,-1,2715,2716,1735,-1,1992,2717,1993,-1,1993,2717,2718,-1,1993,2718,2702,-1,2704,2719,1993,-1,1993,2719,2720,-1,1993,2720,2721,-1,2715,1735,2722,-1,2721,2723,1993,-1,1993,2723,2724,-1,1993,2724,2705,-1,2716,2725,1735,-1,1735,2725,2726,-1,1735,2726,2727,-1,2728,1726,2729,-1,2729,1726,1735,-1,2729,1735,2730,-1,2730,1735,2727,-1,2731,2732,1993,-1,1993,2732,2733,-1,1993,2733,2734,-1,2735,2736,1735,-1,1735,2736,2737,-1,1735,2737,2699,-1,2697,2738,2695,-1,2695,2738,2739,-1,2695,2739,1735,-1,1735,2739,2740,-1,1735,2740,2722,-1,2705,2707,1993,-1,1993,2707,2741,-1,1993,2741,2742,-1,2742,2743,1993,-1,1993,2743,2744,-1,1993,2744,2731,-1,2731,2744,2745,-1,2745,2746,2731,-1,2731,2746,2747,-1,2731,2747,2748,-1,2734,2749,1993,-1,1993,2749,2750,-1,1993,2750,1735,-1,1735,2750,2751,-1,1735,2751,2735,-1,2752,690,2753,-1,2754,2755,2756,-1,2710,2757,2712,-1,2712,2757,2752,-1,2712,2752,2758,-1,2758,2752,2753,-1,2758,2753,680,-1,2748,2759,2731,-1,2731,2759,2754,-1,2731,2754,2760,-1,2760,2754,2756,-1,2761,2762,1724,-1,2717,1992,2763,-1,2763,1992,2034,-1,2763,2034,2764,-1,2765,2766,2033,-1,2033,2766,2767,-1,2033,2767,2034,-1,2034,2767,2768,-1,2034,2768,2764,-1,2769,2770,1728,-1,1727,2771,1728,-1,1728,2771,2772,-1,2772,2773,1728,-1,1728,2773,2774,-1,1728,2774,2775,-1,2776,2769,2777,-1,2777,2769,1728,-1,2777,1728,2778,-1,2778,1728,2775,-1,2779,2780,2008,-1,2776,2777,2781,-1,2781,2777,2782,-1,2781,2782,2783,-1,2783,2782,2784,-1,2783,2784,2785,-1,2786,2787,2032,-1,2032,2787,2788,-1,2032,2788,2033,-1,2033,2788,2789,-1,2033,2789,2765,-1,2780,2790,2008,-1,2008,2790,2791,-1,2008,2791,2032,-1,2032,2791,2792,-1,2032,2792,2786,-1,2793,2794,2795,-1,2785,2796,2783,-1,2783,2796,2797,-1,2783,2797,2798,-1,2798,2797,2799,-1,2798,2799,2800,-1,2800,2799,2795,-1,2800,2795,2801,-1,2801,2795,2794,-1,2793,2795,2802,-1,2802,2795,2803,-1,2802,2803,2804,-1,2804,2805,2802,-1,2802,2805,2806,-1,2802,2806,2807,-1,2808,2756,2755,-1,2806,2809,2807,-1,2807,2809,2808,-1,2807,2808,2810,-1,2810,2808,2755,-1,1724,2762,1725,-1,1725,2762,2811,-1,1725,2811,2812,-1,2812,2813,1725,-1,1725,2813,2814,-1,1725,2814,1727,-1,1727,2814,2815,-1,1727,2815,2771,-1,1726,2728,1724,-1,1724,2728,2816,-1,1724,2816,2761,-1,2014,1671,2007,-1,2007,1671,1758,-1,2007,1758,2008,-1,2008,1758,1728,-1,2008,1728,2779,-1,2779,1728,2770,-1,1996,1670,2014,-1,2014,1670,1671,-1,2817,2818,2013,-1,2819,1668,2820,-1,2820,1668,1706,-1,2820,1706,2821,-1,2822,2823,1695,-1,1695,2823,2824,-1,1695,2824,1706,-1,1706,2824,2825,-1,1706,2825,2821,-1,2826,2827,2003,-1,2002,2828,2003,-1,2003,2828,2829,-1,2829,2830,2003,-1,2003,2830,2831,-1,2003,2831,2832,-1,2833,2826,2834,-1,2834,2826,2003,-1,2834,2003,2835,-1,2835,2003,2832,-1,2836,2837,1693,-1,2833,2834,2838,-1,2838,2834,2839,-1,2838,2839,2840,-1,2840,2839,2841,-1,2840,2841,2842,-1,2843,2844,1694,-1,1694,2844,2845,-1,1694,2845,1695,-1,1695,2845,2846,-1,1695,2846,2822,-1,2837,2847,1693,-1,1693,2847,2848,-1,1693,2848,1694,-1,1694,2848,2849,-1,1694,2849,2843,-1,2850,2851,2852,-1,2842,2853,2840,-1,2840,2853,2854,-1,2840,2854,2855,-1,2855,2854,2856,-1,2855,2856,2857,-1,2857,2856,2852,-1,2857,2852,2858,-1,2858,2852,2851,-1,2850,2852,2859,-1,2859,2852,2860,-1,2859,2860,2861,-1,2861,2862,2859,-1,2859,2862,2863,-1,2859,2863,2864,-1,2865,2866,2867,-1,2863,2868,2864,-1,2864,2868,2865,-1,2864,2865,2869,-1,2869,2865,2867,-1,2013,2818,2001,-1,2001,2818,2870,-1,2001,2870,2871,-1,2871,2872,2001,-1,2001,2872,2873,-1,2001,2873,2002,-1,2002,2873,2874,-1,2002,2874,2828,-1,1997,2875,2013,-1,2013,2875,2876,-1,2013,2876,2817,-1,2827,2836,2003,-1,2003,2836,1693,-1,2003,1693,1995,-1,1995,1693,1705,-1,1995,1705,1996,-1,1996,1705,1670,-1,2877,2878,2879,-1,2880,2881,1994,-1,2877,2879,2882,-1,2883,2884,1669,-1,1669,2884,2885,-1,2886,2887,2888,-1,2883,1669,2879,-1,2879,1669,2889,-1,2879,2889,2882,-1,2878,2890,2879,-1,2879,2890,2886,-1,2879,2886,2891,-1,2891,2886,2888,-1,2880,1994,2892,-1,2893,2894,1994,-1,2895,2896,1669,-1,1669,2896,2897,-1,2893,1994,2898,-1,1668,2819,1669,-1,1669,2819,2899,-1,1669,2899,2895,-1,2897,2900,1669,-1,1669,2900,2901,-1,1669,2901,2902,-1,2894,2903,1994,-1,1994,2903,2904,-1,1994,2904,2905,-1,2875,1997,2906,-1,2906,1997,1994,-1,2906,1994,2907,-1,2907,1994,2905,-1,2902,2908,1669,-1,1669,2908,2909,-1,1669,2909,2889,-1,2910,2911,2912,-1,2912,2911,2913,-1,2912,2913,2914,-1,2914,2913,2915,-1,2914,2915,2881,-1,2881,2915,2916,-1,2881,2916,1994,-1,1994,2916,2917,-1,1994,2917,2898,-1,2918,2919,1994,-1,1994,2919,2920,-1,2920,2921,1994,-1,1994,2921,2922,-1,1994,2922,2923,-1,2885,2924,1669,-1,1669,2924,2925,-1,1669,2925,1994,-1,1994,2925,2926,-1,1994,2926,2918,-1,2927,2928,2923,-1,2923,2928,2929,-1,2867,2866,2930,-1,2930,2866,2931,-1,2930,2931,2923,-1,2923,2931,2932,-1,2923,2932,2927,-1,2929,2933,2923,-1,2923,2933,2934,-1,2923,2934,1994,-1,1994,2934,2935,-1,1994,2935,2892,-1,2936,2937,2938,-1,2938,2937,2939,-1,2938,2939,2910,-1,2910,2939,2940,-1,2910,2940,2911,-1,2040,1755,1994,-1,1994,1755,1669,-1,2941,2942,2943,-1,2943,2942,2944,-1,2945,1755,2946,-1,2946,1755,2947,-1,2948,2949,2950,-1,2951,2944,2952,-1,2950,2953,2948,-1,2948,2953,2954,-1,2948,2954,2945,-1,2945,2954,2955,-1,2945,2955,2956,-1,2957,2958,2040,-1,2040,2958,2959,-1,2951,2960,2944,-1,2944,2960,2961,-1,2944,2961,2943,-1,2962,2963,1755,-1,2067,2539,2040,-1,2040,2539,2964,-1,2040,2964,2957,-1,2959,2965,2040,-1,2040,2965,2966,-1,2040,2966,2967,-1,2962,1755,2968,-1,2967,2969,2040,-1,2040,2969,2970,-1,2040,2970,2941,-1,2971,2972,2973,-1,2963,2974,1755,-1,1755,2974,2975,-1,1755,2975,2976,-1,2583,1809,2977,-1,2977,1809,1755,-1,2977,1755,2978,-1,2978,1755,2976,-1,2952,2979,2951,-1,2951,2979,2971,-1,2951,2971,2980,-1,2980,2971,2973,-1,2981,2982,2040,-1,2040,2982,2983,-1,2040,2983,2984,-1,2985,2986,1755,-1,1755,2986,2987,-1,1755,2987,2947,-1,2956,2988,2945,-1,2945,2988,2989,-1,2945,2989,1755,-1,1755,2989,2990,-1,1755,2990,2968,-1,2941,2943,2040,-1,2040,2943,2991,-1,2040,2991,2992,-1,2992,2993,2040,-1,2040,2993,2994,-1,2040,2994,2981,-1,2981,2994,2995,-1,2995,2996,2981,-1,2981,2996,2997,-1,2981,2997,2998,-1,2984,2999,2040,-1,2040,2999,3000,-1,2040,3000,1755,-1,1755,3000,3001,-1,1755,3001,2985,-1,3002,2576,2575,-1,2998,3003,2981,-1,2981,3003,3002,-1,2981,3002,3004,-1,3004,3002,2575,-1,2820,2584,2819,-1,2819,2584,2583,-1,2819,2583,2899,-1,2899,2583,2977,-1,2909,2908,2990,-1,2990,2908,2968,-1,3005,3006,3007,-1,3007,3006,3008,-1,3007,3008,3009,-1,3009,3008,3010,-1,3009,3010,3011,-1,3011,3010,3012,-1,3011,3012,3013,-1,3013,3012,3014,-1,3013,3014,3015,-1,3015,3014,3016,-1,3015,3016,3017,-1,3017,3016,3018,-1,3017,3018,3019,-1,3019,3018,3020,-1,3019,3020,3021,-1,3021,3020,3022,-1,3021,3022,3023,-1,3023,3022,3024,-1,3023,3024,3025,-1,3025,3024,3026,-1,3025,3026,3027,-1,3027,3026,3028,-1,3027,3028,3029,-1,3029,3028,3030,-1,3029,3030,3031,-1,3031,3030,3032,-1,3031,3032,2888,-1,2888,3032,2949,-1,2888,2949,2891,-1,2891,2949,2948,-1,2985,3001,2925,-1,2925,3001,2926,-1,2930,3004,2867,-1,2867,3004,2575,-1,2867,2575,2869,-1,2869,2575,2577,-1,3033,3034,3035,-1,3035,3034,3036,-1,3037,3038,3039,-1,3039,3038,3040,-1,3039,3040,3041,-1,3041,3040,3042,-1,3041,3042,3043,-1,3043,3042,3044,-1,3043,3044,3045,-1,3045,3044,3046,-1,3045,3046,3047,-1,3047,3046,3048,-1,3047,3048,3049,-1,3049,3048,3050,-1,3049,3050,3051,-1,3051,3050,3052,-1,3051,3052,3036,-1,3036,3052,3053,-1,3036,3053,3035,-1,2886,2953,2887,-1,2887,2953,2950,-1,2887,2950,3054,-1,3054,2950,3055,-1,3054,3055,3056,-1,3056,3055,3057,-1,3056,3057,3058,-1,3058,3057,3059,-1,3058,3059,3033,-1,3033,3059,3060,-1,3033,3060,3034,-1,2837,2836,2554,-1,2554,2836,2555,-1,2865,2578,2866,-1,2866,2578,2576,-1,2866,2576,2931,-1,2931,2576,3002,-1,2993,2992,2935,-1,2935,2992,2892,-1,3061,3062,3063,-1,3063,3062,3064,-1,3065,3066,3067,-1,3067,3066,3068,-1,3067,3068,3069,-1,3069,3068,3070,-1,3069,3070,3071,-1,3071,3070,3072,-1,3071,3072,3073,-1,3073,3072,3074,-1,3073,3074,3075,-1,3075,3074,3076,-1,3075,3076,3077,-1,3077,3076,3078,-1,3077,3078,3079,-1,3079,3078,3080,-1,3079,3080,3064,-1,3064,3080,3081,-1,3064,3081,3063,-1,2938,2980,2936,-1,2936,2980,2973,-1,2936,2973,3082,-1,3082,2973,3083,-1,3082,3083,3084,-1,3084,3083,3085,-1,3084,3085,3086,-1,3086,3085,3087,-1,3086,3087,3061,-1,3061,3087,3088,-1,3061,3088,3062,-1,2971,2939,2972,-1,2972,2939,2937,-1,2972,2937,3089,-1,3089,2937,3090,-1,3089,3090,3091,-1,3091,3090,3092,-1,3091,3092,3093,-1,3093,3092,3094,-1,3093,3094,3095,-1,3095,3094,3096,-1,3095,3096,3097,-1,3097,3096,3098,-1,3097,3098,3099,-1,3099,3098,3100,-1,3099,3100,3101,-1,3101,3100,3102,-1,3101,3102,3103,-1,3103,3102,3104,-1,3103,3104,3105,-1,3105,3104,3106,-1,3105,3106,3107,-1,3107,3106,3108,-1,3107,3108,3109,-1,3109,3108,3110,-1,3109,3110,3111,-1,3111,3110,3112,-1,3111,3112,3113,-1,3113,3112,3114,-1,3113,3114,3115,-1,3115,3114,3116,-1,2898,2917,2969,-1,2969,2917,2970,-1,2906,2964,2875,-1,2875,2964,2539,-1,2875,2539,2876,-1,2876,2539,2540,-1,2834,2835,2561,-1,2561,2835,2562,-1,793,2701,794,-1,794,2701,803,-1,797,707,791,-1,791,707,709,-1,732,749,723,-1,723,749,776,-1,723,776,721,-1,721,776,778,-1,721,778,719,-1,719,778,780,-1,719,780,717,-1,717,780,782,-1,717,782,715,-1,715,782,784,-1,715,784,713,-1,713,784,786,-1,713,786,711,-1,711,786,788,-1,711,788,709,-1,709,788,789,-1,709,789,791,-1,2700,2652,803,-1,803,2652,699,-1,803,699,802,-1,802,699,698,-1,802,698,801,-1,801,698,701,-1,801,701,799,-1,799,701,703,-1,799,703,797,-1,797,703,705,-1,797,705,707,-1,2808,2626,2756,-1,2756,2626,2624,-1,2756,2624,2760,-1,2760,2624,2687,-1,2777,2778,2609,-1,2609,2778,2610,-1,2729,2654,2728,-1,2728,2654,2587,-1,2728,2587,2816,-1,2816,2587,2588,-1,2683,2682,2751,-1,2751,2682,2735,-1,2664,2663,2740,-1,2740,2663,2722,-1,2643,2714,696,-1,696,2714,793,-1,696,793,697,-1,697,793,792,-1,697,792,700,-1,700,792,800,-1,700,800,702,-1,702,800,798,-1,702,798,704,-1,704,798,796,-1,704,796,706,-1,706,796,795,-1,706,795,708,-1,708,795,790,-1,708,790,710,-1,710,790,787,-1,710,787,712,-1,712,787,785,-1,712,785,714,-1,714,785,783,-1,714,783,716,-1,716,783,781,-1,716,781,718,-1,718,781,779,-1,718,779,720,-1,720,779,777,-1,720,777,722,-1,722,777,748,-1,722,748,731,-1,731,748,775,-1,2780,2779,2602,-1,2602,2779,2603,-1,2754,2688,2755,-1,2755,2688,2623,-1,2755,2623,2810,-1,2810,2623,2625,-1,2763,2632,2717,-1,2717,2632,2631,-1,2717,2631,2718,-1,2718,2631,2661,-1,2645,2692,2742,-1,2742,2692,2743,-1,2693,2758,584,-1,584,2758,680,-1,584,680,585,-1,585,680,679,-1,585,679,588,-1,588,679,687,-1,588,687,590,-1,590,687,685,-1,590,685,592,-1,592,685,683,-1,592,683,594,-1,594,683,682,-1,594,682,596,-1,596,682,677,-1,596,677,598,-1,598,677,674,-1,598,674,600,-1,600,674,672,-1,600,672,602,-1,602,672,670,-1,602,670,604,-1,604,670,668,-1,604,668,606,-1,606,668,666,-1,606,666,608,-1,608,666,664,-1,608,664,610,-1,610,664,663,-1,610,663,619,-1,619,663,662,-1,680,2753,681,-1,681,2753,690,-1,684,595,678,-1,678,595,597,-1,620,639,611,-1,611,639,637,-1,611,637,609,-1,609,637,665,-1,609,665,607,-1,607,665,667,-1,607,667,605,-1,605,667,669,-1,605,669,603,-1,603,669,671,-1,603,671,601,-1,601,671,673,-1,601,673,599,-1,599,673,675,-1,599,675,597,-1,597,675,676,-1,597,676,678,-1,2752,2680,690,-1,690,2680,587,-1,690,587,689,-1,689,587,586,-1,689,586,688,-1,688,586,589,-1,688,589,686,-1,686,589,591,-1,686,591,684,-1,684,591,593,-1,684,593,595,-1,2653,2672,2723,-1,2723,2672,2724,-1,979,959,981,-1,981,959,957,-1,943,999,935,-1,935,999,997,-1,935,997,945,-1,945,997,995,-1,945,995,947,-1,947,995,993,-1,947,993,949,-1,949,993,991,-1,949,991,951,-1,951,991,989,-1,951,989,953,-1,953,989,987,-1,953,987,955,-1,955,987,986,-1,955,986,957,-1,957,986,984,-1,957,984,981,-1,1375,1866,972,-1,972,1866,969,-1,972,969,973,-1,973,969,967,-1,973,967,975,-1,975,967,965,-1,975,965,977,-1,977,965,963,-1,977,963,979,-1,979,963,961,-1,979,961,959,-1,1366,1343,1837,-1,1837,1343,1932,-1,1971,1976,1348,-1,1348,1976,1346,-1,1884,1883,1359,-1,1359,1883,1360,-1,1889,1948,1257,-1,1257,1948,1261,-1,1893,1892,1369,-1,1369,1892,1370,-1,1024,933,998,-1,998,933,944,-1,998,944,996,-1,996,944,946,-1,996,946,994,-1,994,946,948,-1,994,948,992,-1,992,948,950,-1,992,950,990,-1,990,950,952,-1,990,952,988,-1,988,952,954,-1,988,954,985,-1,985,954,956,-1,985,956,983,-1,983,956,958,-1,983,958,982,-1,982,958,960,-1,982,960,980,-1,980,960,962,-1,980,962,978,-1,978,962,964,-1,978,964,976,-1,976,964,966,-1,976,966,974,-1,974,966,968,-1,974,968,971,-1,971,968,970,-1,971,970,1376,-1,1376,970,1865,-1,1853,1886,1273,-1,1273,1886,1274,-1,1914,1916,1282,-1,1282,1916,1396,-1,1937,1934,1304,-1,1304,1934,1305,-1,1939,1302,859,-1,859,1302,860,-1,859,860,857,-1,857,860,863,-1,857,863,855,-1,855,863,865,-1,855,865,853,-1,853,865,867,-1,853,867,851,-1,851,867,869,-1,851,869,849,-1,849,869,871,-1,849,871,847,-1,847,871,872,-1,847,872,845,-1,845,872,874,-1,845,874,843,-1,843,874,877,-1,843,877,841,-1,841,877,879,-1,841,879,839,-1,839,879,881,-1,839,881,837,-1,837,881,883,-1,837,883,835,-1,835,883,885,-1,835,885,833,-1,833,885,887,-1,833,887,822,-1,822,887,914,-1,868,848,870,-1,870,848,846,-1,832,888,824,-1,824,888,886,-1,824,886,834,-1,834,886,884,-1,834,884,836,-1,836,884,882,-1,836,882,838,-1,838,882,880,-1,838,880,840,-1,840,880,878,-1,840,878,842,-1,842,878,876,-1,842,876,844,-1,844,876,875,-1,844,875,846,-1,846,875,873,-1,846,873,870,-1,1291,1954,861,-1,861,1954,858,-1,861,858,862,-1,862,858,856,-1,862,856,864,-1,864,856,854,-1,864,854,866,-1,866,854,852,-1,866,852,868,-1,868,852,850,-1,868,850,848,-1,1300,1299,1918,-1,1918,1299,1919,-1,1855,1839,1321,-1,1321,1839,1287,-1,1580,1617,112,-1,112,1617,85,-1,3117,3118,3119,-1,3119,3118,3120,-1,3121,3122,3123,-1,3123,3122,3124,-1,3123,3124,3125,-1,3125,3124,3126,-1,3125,3126,3127,-1,3127,3126,3128,-1,3127,3128,3129,-1,3129,3128,3130,-1,3129,3130,3131,-1,3131,3130,3132,-1,3131,3132,3133,-1,3133,3132,3134,-1,3133,3134,3135,-1,3135,3134,3136,-1,3135,3136,3120,-1,3120,3136,3137,-1,3120,3137,3119,-1,3,1637,3138,-1,3138,1637,1638,-1,3138,1638,3139,-1,3139,1638,3140,-1,3139,3140,3141,-1,3141,3140,3142,-1,3141,3142,3143,-1,3143,3142,3144,-1,3143,3144,3117,-1,3117,3144,3145,-1,3117,3145,3118,-1,1567,1610,98,-1,98,1610,89,-1,1587,1589,108,-1,108,1589,111,-1,1660,1659,142,-1,142,1659,127,-1,1654,1645,138,-1,138,1645,135,-1,3146,3147,3148,-1,3148,3147,3149,-1,3148,3149,3150,-1,3150,3149,3151,-1,3150,3151,3152,-1,3152,3151,3153,-1,3152,3153,3154,-1,3154,3153,3155,-1,3154,3155,3156,-1,3156,3155,3157,-1,3156,3157,3158,-1,3158,3157,3159,-1,3158,3159,3160,-1,3160,3159,3161,-1,3160,3161,3162,-1,3162,3161,3163,-1,3162,3163,3164,-1,3164,3163,3165,-1,3164,3165,3166,-1,3166,3165,3167,-1,3166,3167,3168,-1,3168,3167,3169,-1,3168,3169,3170,-1,3170,3169,3171,-1,3170,3171,3172,-1,3172,3171,3173,-1,3172,3173,3174,-1,3174,3173,1623,-1,3174,1623,128,-1,128,1623,1622,-1,1638,1624,3175,-1,3175,1624,1623,-1,66,73,1626,-1,1626,73,1627,-1,200,197,1646,-1,1646,197,1618,-1,1632,1631,170,-1,170,1631,162,-1,3176,3177,3178,-1,3178,3177,3179,-1,3178,3179,3180,-1,3180,3179,3181,-1,3180,3181,3182,-1,3182,3181,3183,-1,3182,3183,3184,-1,3184,3183,3185,-1,3184,3185,3186,-1,3186,3185,3187,-1,3186,3187,3188,-1,3188,3187,3189,-1,3188,3189,3190,-1,3190,3189,3191,-1,3190,3191,3192,-1,3192,3191,3193,-1,3192,3193,3194,-1,3194,3193,3195,-1,3194,3195,3196,-1,3196,3195,3197,-1,3196,3197,3198,-1,3198,3197,3199,-1,3198,3199,3200,-1,3200,3199,3201,-1,3200,3201,3202,-1,3202,3201,3203,-1,3202,3203,3204,-1,3204,3203,1651,-1,3204,1651,160,-1,160,1651,1652,-1,1634,1633,3205,-1,3205,1633,1651,-1,3206,3207,3208,-1,3208,3207,3209,-1,3210,3211,3212,-1,3212,3211,3213,-1,3212,3213,3214,-1,3214,3213,3215,-1,3214,3215,3216,-1,3216,3215,3217,-1,3216,3217,3218,-1,3218,3217,3219,-1,3218,3219,3220,-1,3220,3219,3221,-1,3220,3221,3222,-1,3222,3221,3223,-1,3222,3223,3224,-1,3224,3223,3225,-1,3224,3225,3209,-1,3209,3225,3226,-1,3209,3226,3208,-1,159,1635,3227,-1,3227,1635,1634,-1,3227,1634,3228,-1,3228,1634,3229,-1,3228,3229,3230,-1,3230,3229,3231,-1,3230,3231,3232,-1,3232,3231,3233,-1,3232,3233,3206,-1,3206,3233,3234,-1,3206,3234,3207,-1,1657,1656,166,-1,166,1656,167,-1,1640,1597,188,-1,188,1597,190,-1,1899,1915,1402,-1,1402,1915,1403,-1,1332,1331,1912,-1,1912,1331,1913,-1,1977,1975,1347,-1,1347,1975,1349,-1,1967,1982,1399,-1,1399,1982,1400,-1,1386,1961,314,-1,314,1961,311,-1,314,311,315,-1,315,311,309,-1,315,309,317,-1,317,309,307,-1,317,307,319,-1,319,307,305,-1,319,305,321,-1,321,305,303,-1,321,303,323,-1,323,303,301,-1,323,301,325,-1,325,301,299,-1,325,299,327,-1,327,299,297,-1,327,297,329,-1,329,297,295,-1,329,295,331,-1,331,295,293,-1,331,293,333,-1,333,293,291,-1,333,291,335,-1,335,291,289,-1,335,289,337,-1,337,289,287,-1,337,287,339,-1,339,287,258,-1,339,258,341,-1,341,258,285,-1,340,367,259,-1,290,338,288,-1,288,338,340,-1,288,340,286,-1,286,340,259,-1,1957,1387,312,-1,312,1387,313,-1,312,313,310,-1,310,313,316,-1,310,316,308,-1,308,316,318,-1,308,318,306,-1,306,318,320,-1,306,320,304,-1,304,320,322,-1,304,322,302,-1,302,322,324,-1,302,324,300,-1,300,324,326,-1,300,326,298,-1,298,326,328,-1,298,328,296,-1,296,328,330,-1,296,330,294,-1,294,330,332,-1,294,332,292,-1,292,332,334,-1,292,334,290,-1,290,334,336,-1,290,336,338,-1,1942,1941,1393,-1,1393,1941,1381,-1,1442,1441,2145,-1,2145,1441,2146,-1,2141,2140,1488,-1,1488,2140,1527,-1,1426,1485,2099,-1,2099,1485,2100,-1,2053,2054,1491,-1,1491,2054,1493,-1,1451,1440,2128,-1,2128,1440,2127,-1,3235,3236,3237,-1,3237,3236,3238,-1,3237,3238,3239,-1,3240,3241,3242,-1,3242,3241,3243,-1,3242,3243,3244,-1,3244,3243,3245,-1,3244,3245,3246,-1,3246,3245,3247,-1,3246,3247,3248,-1,3248,3247,3249,-1,3248,3249,3250,-1,1509,2151,1510,-1,1510,2151,2149,-1,1510,2149,3235,-1,3235,2149,3251,-1,3235,3251,3236,-1,3238,3252,3239,-1,3239,3252,3253,-1,3239,3253,3254,-1,3254,3253,3255,-1,3254,3255,3256,-1,3256,3255,3257,-1,3256,3257,3240,-1,3240,3257,3258,-1,3240,3258,3241,-1,3259,3260,3261,-1,3262,3263,3264,-1,3264,3263,3265,-1,3266,3267,3268,-1,3268,3267,3269,-1,3268,3269,3270,-1,2150,1526,2148,-1,2148,1526,1511,-1,2148,1511,3271,-1,3271,1511,3270,-1,3271,3270,3272,-1,3272,3270,3269,-1,3264,3273,3262,-1,3262,3273,3274,-1,3262,3274,3275,-1,3275,3274,3276,-1,3275,3276,3277,-1,3277,3276,3278,-1,3277,3278,3279,-1,3279,3278,3280,-1,3279,3280,3266,-1,3266,3280,3281,-1,3266,3281,3267,-1,3259,3261,3265,-1,3265,3261,3282,-1,3265,3282,3264,-1,1432,1431,2029,-1,2029,1431,2012,-1,1529,1528,2065,-1,2065,1528,2066,-1,2121,2120,1476,-1,1476,2120,1477,-1,3283,3284,3285,-1,3285,3284,3286,-1,3285,3286,3287,-1,3288,3289,3290,-1,3290,3289,3291,-1,3290,3291,3292,-1,3292,3291,3293,-1,3292,3293,3294,-1,3294,3293,3295,-1,3294,3295,3296,-1,3296,3295,3297,-1,3296,3297,3298,-1,1530,2144,1531,-1,1531,2144,2136,-1,1531,2136,3283,-1,3283,2136,3299,-1,3283,3299,3284,-1,3286,3300,3287,-1,3287,3300,3301,-1,3287,3301,3302,-1,3302,3301,3303,-1,3302,3303,3304,-1,3304,3303,3305,-1,3304,3305,3288,-1,3288,3305,3306,-1,3288,3306,3289,-1,3307,3308,3309,-1,3310,3311,3312,-1,3312,3311,3313,-1,3314,3315,3316,-1,3316,3315,3317,-1,3316,3317,3318,-1,2134,1540,2135,-1,2135,1540,1532,-1,2135,1532,3319,-1,3319,1532,3318,-1,3319,3318,3320,-1,3320,3318,3317,-1,3312,3321,3310,-1,3310,3321,3322,-1,3310,3322,3323,-1,3323,3322,3324,-1,3323,3324,3325,-1,3325,3324,3326,-1,3325,3326,3327,-1,3327,3326,3328,-1,3327,3328,3314,-1,3314,3328,3329,-1,3314,3329,3315,-1,3307,3309,3313,-1,3313,3309,3330,-1,3313,3330,3312,-1,2094,2072,1504,-1,1504,2072,1505,-1,1410,1444,2050,-1,2050,1444,2051,-1,576,482,574,-1,574,482,485,-1,574,485,572,-1,566,497,564,-1,564,497,499,-1,564,499,562,-1,562,499,501,-1,562,501,560,-1,560,501,503,-1,560,503,558,-1,558,503,529,-1,558,529,531,-1,1219,1822,578,-1,578,1822,478,-1,578,478,576,-1,576,478,480,-1,576,480,482,-1,485,487,572,-1,572,487,488,-1,572,488,570,-1,570,488,490,-1,570,490,568,-1,568,490,493,-1,568,493,566,-1,566,493,495,-1,566,495,497,-1,530,557,504,-1,563,561,500,-1,500,561,559,-1,571,486,573,-1,573,486,484,-1,573,484,575,-1,1812,1220,479,-1,479,1220,577,-1,479,577,481,-1,481,577,575,-1,481,575,483,-1,483,575,484,-1,500,498,563,-1,563,498,496,-1,563,496,565,-1,565,496,494,-1,565,494,567,-1,567,494,492,-1,567,492,569,-1,569,492,491,-1,569,491,571,-1,571,491,489,-1,571,489,486,-1,530,504,559,-1,559,504,502,-1,559,502,500,-1,1181,1180,1771,-1,1771,1180,1777,-1,1119,1128,1749,-1,1749,1128,1750,-1,1680,1716,1139,-1,1139,1716,1163,-1,1737,1683,1192,-1,1192,1683,1169,-1,1177,1176,1799,-1,1799,1176,1681,-1,1675,1688,1194,-1,1194,1688,1195,-1,1211,1202,1800,-1,1800,1202,1801,-1,471,376,469,-1,469,376,379,-1,469,379,467,-1,461,391,459,-1,459,391,393,-1,459,393,457,-1,457,393,395,-1,457,395,455,-1,455,395,397,-1,455,397,453,-1,453,397,424,-1,453,424,426,-1,1232,1824,473,-1,473,1824,372,-1,473,372,471,-1,471,372,374,-1,471,374,376,-1,379,381,467,-1,467,381,382,-1,467,382,465,-1,465,382,384,-1,465,384,463,-1,463,384,387,-1,463,387,461,-1,461,387,389,-1,461,389,391,-1,425,452,398,-1,458,456,394,-1,394,456,454,-1,466,380,468,-1,468,380,378,-1,468,378,470,-1,1823,1242,373,-1,373,1242,472,-1,373,472,375,-1,375,472,470,-1,375,470,377,-1,377,470,378,-1,394,392,458,-1,458,392,390,-1,458,390,460,-1,460,390,388,-1,460,388,462,-1,462,388,386,-1,462,386,464,-1,464,386,385,-1,464,385,466,-1,466,385,383,-1,466,383,380,-1,425,398,454,-1,454,398,396,-1,454,396,394,-1,1228,1227,1781,-1,1781,1227,1782,-1,1753,1811,1171,-1,1171,1811,1205,-1,1787,1788,1153,-1,1153,1788,1154,-1,3331,3332,3333,-1,3333,3332,3334,-1,2973,2972,3089,-1,2973,3089,3083,-1,3083,3089,3091,-1,3083,3091,3085,-1,3085,3091,3093,-1,3085,3093,3087,-1,3087,3093,3095,-1,3087,3095,3088,-1,3088,3095,3097,-1,3088,3097,3062,-1,3062,3097,3099,-1,3062,3099,3064,-1,3064,3099,3101,-1,3064,3101,3079,-1,3079,3101,3103,-1,3079,3103,3077,-1,3077,3103,3105,-1,3077,3105,3075,-1,3075,3105,3107,-1,3075,3107,3073,-1,3073,3107,3109,-1,3073,3109,3071,-1,3071,3109,3111,-1,3071,3111,3069,-1,3069,3111,3113,-1,3069,3113,3067,-1,3335,3336,3337,-1,3338,3339,3340,-1,3340,3339,3337,-1,3340,3337,3341,-1,3341,3337,3336,-1,3113,3115,3067,-1,3067,3115,3338,-1,3067,3338,3065,-1,3065,3338,3340,-1,3334,3342,3343,-1,3344,3345,3346,-1,3346,3345,3347,-1,3346,3347,3348,-1,3348,3349,3346,-1,3346,3349,3350,-1,3346,3350,3333,-1,3333,3334,3346,-1,3346,3334,3343,-1,3346,3343,3344,-1,3344,3343,3351,-1,3351,3352,3344,-1,3344,3352,3353,-1,3344,3353,3354,-1,3337,3355,3335,-1,3335,3355,3344,-1,3335,3344,3356,-1,3356,3344,3354,-1,3114,3066,3357,-1,3357,3358,3114,-1,3114,3358,3359,-1,3114,3359,3360,-1,3360,3361,3114,-1,3114,3361,3362,-1,3114,3362,3363,-1,3364,3365,3366,-1,3366,3365,3367,-1,3331,3368,3332,-1,3332,3368,3364,-1,3332,3364,3369,-1,3331,3370,3368,-1,3368,3370,3371,-1,3368,3371,3364,-1,3364,3371,3372,-1,3364,3372,3365,-1,3373,3363,3365,-1,3365,3363,3374,-1,3365,3374,3367,-1,3373,3375,3363,-1,3363,3375,3376,-1,3363,3376,3377,-1,3377,3378,3363,-1,3363,3378,3379,-1,3363,3379,3380,-1,3380,3381,3363,-1,3363,3381,3116,-1,3363,3116,3114,-1,3066,3114,3068,-1,3068,3114,3112,-1,3068,3112,3070,-1,3070,3112,3110,-1,3070,3110,3072,-1,3072,3110,3108,-1,3072,3108,3074,-1,3074,3108,3106,-1,3074,3106,3076,-1,3076,3106,3104,-1,3076,3104,3078,-1,3078,3104,3102,-1,3078,3102,3080,-1,3080,3102,3081,-1,3081,3102,3100,-1,3081,3100,3063,-1,3100,3098,3063,-1,3063,3098,3096,-1,3063,3096,3061,-1,3061,3096,3094,-1,3061,3094,3086,-1,3086,3094,3092,-1,3086,3092,3084,-1,3084,3092,3090,-1,3084,3090,3082,-1,3082,3090,2937,-1,3082,2937,2936,-1,3382,3383,3384,-1,3384,3383,3385,-1,2950,2949,3032,-1,2950,3032,3055,-1,3055,3032,3030,-1,3055,3030,3057,-1,3057,3030,3028,-1,3057,3028,3059,-1,3059,3028,3026,-1,3059,3026,3060,-1,3060,3026,3024,-1,3060,3024,3034,-1,3034,3024,3022,-1,3034,3022,3036,-1,3036,3022,3020,-1,3036,3020,3051,-1,3051,3020,3018,-1,3051,3018,3049,-1,3049,3018,3016,-1,3049,3016,3047,-1,3047,3016,3014,-1,3047,3014,3045,-1,3045,3014,3012,-1,3045,3012,3043,-1,3043,3012,3010,-1,3043,3010,3041,-1,3041,3010,3008,-1,3041,3008,3039,-1,3386,3387,3388,-1,3388,3387,3389,-1,3008,3006,3039,-1,3039,3006,3387,-1,3039,3387,3037,-1,3037,3387,3386,-1,3387,3390,3389,-1,3389,3390,3391,-1,3389,3391,3392,-1,3392,3391,3393,-1,3392,3393,3394,-1,3395,3396,3397,-1,3385,3398,3399,-1,3397,3400,3395,-1,3395,3400,3401,-1,3395,3401,3384,-1,3384,3385,3395,-1,3395,3385,3399,-1,3395,3399,3396,-1,3396,3399,3402,-1,3402,3403,3396,-1,3396,3403,3404,-1,3396,3404,3405,-1,3394,3406,3392,-1,3392,3406,3396,-1,3392,3396,3407,-1,3407,3396,3405,-1,3007,3038,3408,-1,3408,3409,3007,-1,3007,3409,3410,-1,3007,3410,3411,-1,3411,3412,3007,-1,3007,3412,3413,-1,3007,3413,3414,-1,3415,3382,3416,-1,3382,3415,3383,-1,3417,3383,3418,-1,3418,3383,3415,-1,3418,3415,3419,-1,3419,3415,3416,-1,3419,3420,3418,-1,3418,3420,3421,-1,3418,3421,3422,-1,3423,3424,3425,-1,3425,3424,3418,-1,3425,3418,3426,-1,3426,3418,3422,-1,3427,3414,3425,-1,3425,3414,3428,-1,3425,3428,3423,-1,3427,3429,3414,-1,3414,3429,3430,-1,3414,3430,3431,-1,3431,3432,3414,-1,3414,3432,3005,-1,3414,3005,3007,-1,3038,3007,3040,-1,3040,3007,3009,-1,3040,3009,3042,-1,3042,3009,3011,-1,3042,3011,3044,-1,3044,3011,3013,-1,3044,3013,3046,-1,3046,3013,3015,-1,3046,3015,3048,-1,3048,3015,3017,-1,3048,3017,3050,-1,3050,3017,3019,-1,3050,3019,3052,-1,3052,3019,3053,-1,3053,3019,3021,-1,3053,3021,3035,-1,3021,3023,3035,-1,3035,3023,3025,-1,3035,3025,3033,-1,3033,3025,3027,-1,3033,3027,3058,-1,3058,3027,3029,-1,3058,3029,3056,-1,3056,3029,3031,-1,3056,3031,3054,-1,3054,3031,2888,-1,3054,2888,2887,-1,3204,3433,3434,-1,3434,3433,3227,-1,3435,3436,3437,-1,3437,3436,3438,-1,3205,1651,3203,-1,3205,3203,1634,-1,1634,3203,3229,-1,3229,3203,3201,-1,3229,3201,3231,-1,3231,3201,3199,-1,3231,3199,3233,-1,3233,3199,3197,-1,3233,3197,3234,-1,3234,3197,3195,-1,3234,3195,3207,-1,3207,3195,3193,-1,3207,3193,3209,-1,3209,3193,3191,-1,3209,3191,3224,-1,3224,3191,3189,-1,3224,3189,3222,-1,3222,3189,3187,-1,3222,3187,3220,-1,3220,3187,3185,-1,3220,3185,3218,-1,3218,3185,3183,-1,3218,3183,3216,-1,3216,3183,3181,-1,3216,3181,3214,-1,3214,3181,3179,-1,3214,3179,3212,-1,3439,3440,3441,-1,3441,3440,3442,-1,3179,3177,3212,-1,3212,3177,3440,-1,3212,3440,3210,-1,3210,3440,3439,-1,3443,3444,3445,-1,3445,3446,3443,-1,3443,3446,3447,-1,3443,3447,3448,-1,3438,3449,3450,-1,3448,3451,3443,-1,3443,3451,3452,-1,3443,3452,3437,-1,3437,3438,3443,-1,3443,3438,3450,-1,3443,3450,3444,-1,3444,3450,3453,-1,3453,3454,3444,-1,3444,3454,3455,-1,3444,3455,3456,-1,3440,3457,3442,-1,3442,3457,3458,-1,3442,3458,3459,-1,3459,3458,3444,-1,3459,3444,3460,-1,3460,3444,3456,-1,3434,3227,3228,-1,3178,3211,3461,-1,3461,3462,3178,-1,3178,3462,3463,-1,3178,3463,3464,-1,3464,3465,3178,-1,3178,3465,3466,-1,3178,3466,3467,-1,3467,3468,3469,-1,3469,3468,3470,-1,3469,3470,3471,-1,3435,3472,3436,-1,3436,3472,3473,-1,3436,3473,3474,-1,3435,3475,3472,-1,3472,3475,3469,-1,3472,3469,3473,-1,3473,3469,3471,-1,3469,3476,3467,-1,3467,3476,3477,-1,3467,3477,3478,-1,3478,3479,3467,-1,3467,3479,3480,-1,3467,3480,3481,-1,3481,3482,3467,-1,3467,3482,3483,-1,3467,3483,3484,-1,3484,3485,3467,-1,3467,3485,3176,-1,3467,3176,3178,-1,3211,3178,3213,-1,3213,3178,3180,-1,3213,3180,3215,-1,3215,3180,3182,-1,3215,3182,3217,-1,3217,3182,3184,-1,3217,3184,3219,-1,3219,3184,3186,-1,3219,3186,3221,-1,3221,3186,3188,-1,3221,3188,3223,-1,3223,3188,3190,-1,3223,3190,3225,-1,3225,3190,3226,-1,3226,3190,3192,-1,3226,3192,3208,-1,3192,3194,3208,-1,3208,3194,3196,-1,3208,3196,3206,-1,3206,3196,3198,-1,3206,3198,3232,-1,3232,3198,3200,-1,3232,3200,3230,-1,3230,3200,3202,-1,3230,3202,3228,-1,3228,3202,3204,-1,3228,3204,3434,-1,3174,3486,3487,-1,3487,3486,3138,-1,3488,3489,3490,-1,3490,3489,3491,-1,3175,1623,3173,-1,3175,3173,1638,-1,1638,3173,3140,-1,3140,3173,3171,-1,3140,3171,3142,-1,3142,3171,3169,-1,3142,3169,3144,-1,3144,3169,3167,-1,3144,3167,3145,-1,3145,3167,3165,-1,3145,3165,3118,-1,3118,3165,3163,-1,3118,3163,3120,-1,3120,3163,3161,-1,3120,3161,3135,-1,3135,3161,3159,-1,3135,3159,3133,-1,3133,3159,3157,-1,3133,3157,3131,-1,3131,3157,3155,-1,3131,3155,3129,-1,3129,3155,3153,-1,3129,3153,3127,-1,3127,3153,3151,-1,3127,3151,3125,-1,3125,3151,3149,-1,3125,3149,3123,-1,3492,3493,3494,-1,3494,3493,3495,-1,3494,3495,3496,-1,3496,3495,3497,-1,3149,3147,3123,-1,3123,3147,3492,-1,3123,3492,3121,-1,3121,3492,3494,-1,3497,3495,3498,-1,3498,3495,3499,-1,3498,3499,3500,-1,3501,3502,3503,-1,3491,3504,3505,-1,3503,3506,3501,-1,3501,3506,3507,-1,3501,3507,3490,-1,3490,3491,3501,-1,3501,3491,3505,-1,3501,3505,3502,-1,3502,3505,3508,-1,3508,3509,3502,-1,3502,3509,3510,-1,3502,3510,3511,-1,3500,3512,3498,-1,3498,3512,3502,-1,3498,3502,3513,-1,3513,3502,3511,-1,3487,3138,3139,-1,3148,3122,3514,-1,3514,3515,3148,-1,3148,3515,3516,-1,3148,3516,3517,-1,3517,3518,3148,-1,3148,3518,3519,-1,3148,3519,3520,-1,3521,3522,3523,-1,3524,3525,3526,-1,3488,3527,3489,-1,3489,3527,3525,-1,3489,3525,3528,-1,3488,3529,3527,-1,3527,3529,3530,-1,3527,3530,3525,-1,3525,3530,3531,-1,3525,3531,3526,-1,3524,3526,3523,-1,3523,3526,3532,-1,3523,3532,3521,-1,3533,3520,3522,-1,3522,3520,3534,-1,3522,3534,3523,-1,3533,3535,3520,-1,3520,3535,3536,-1,3520,3536,3537,-1,3537,3538,3520,-1,3520,3538,3146,-1,3520,3146,3148,-1,3122,3148,3124,-1,3124,3148,3150,-1,3124,3150,3126,-1,3126,3150,3152,-1,3126,3152,3128,-1,3128,3152,3154,-1,3128,3154,3130,-1,3130,3154,3156,-1,3130,3156,3132,-1,3132,3156,3158,-1,3132,3158,3134,-1,3134,3158,3160,-1,3134,3160,3136,-1,3136,3160,3137,-1,3137,3160,3162,-1,3137,3162,3119,-1,3162,3164,3119,-1,3119,3164,3166,-1,3119,3166,3117,-1,3117,3166,3168,-1,3117,3168,3143,-1,3143,3168,3170,-1,3143,3170,3141,-1,3141,3170,3172,-1,3141,3172,3139,-1,3139,3172,3174,-1,3139,3174,3487,-1,587,2679,583,-1,583,2679,584,-1,699,2644,695,-1,695,2644,696,-1,2718,2661,2702,-1,2702,2661,2662,-1,2702,2662,2703,-1,2703,2662,2660,-1,2703,2660,2704,-1,2704,2660,2659,-1,2704,2659,2719,-1,2719,2659,2658,-1,2719,2658,2720,-1,2720,2658,2647,-1,2720,2647,2721,-1,2721,2647,2646,-1,2721,2646,2723,-1,2723,2646,2653,-1,2724,2672,2705,-1,2705,2672,2671,-1,2705,2671,2706,-1,2706,2671,2670,-1,2706,2670,2708,-1,2708,2670,2668,-1,2708,2668,2710,-1,2710,2668,2666,-1,2710,2666,2757,-1,2757,2666,2694,-1,2757,2694,2752,-1,2752,2694,2680,-1,2758,2693,2712,-1,2712,2693,2665,-1,2712,2665,2711,-1,2711,2665,2667,-1,2711,2667,2709,-1,2709,2667,2669,-1,2709,2669,2707,-1,2707,2669,2637,-1,2707,2637,2741,-1,2741,2637,2636,-1,2741,2636,2742,-1,2742,2636,2645,-1,2743,2692,2744,-1,2744,2692,2691,-1,2744,2691,2745,-1,2745,2691,2690,-1,2745,2690,2746,-1,2746,2690,2686,-1,2746,2686,2747,-1,2747,2686,2685,-1,2747,2685,2748,-1,2748,2685,2684,-1,2748,2684,2759,-1,2759,2684,2689,-1,2759,2689,2754,-1,2754,2689,2688,-1,579,581,650,-1,650,581,629,-1,650,629,651,-1,651,629,652,-1,652,629,628,-1,652,628,653,-1,628,627,653,-1,653,627,626,-1,653,626,654,-1,654,626,624,-1,654,624,655,-1,655,624,656,-1,656,624,623,-1,656,623,657,-1,657,623,634,-1,657,634,658,-1,658,634,614,-1,658,614,659,-1,659,614,616,-1,659,616,660,-1,660,616,615,-1,660,615,661,-1,661,615,619,-1,661,619,662,-1,582,580,621,-1,621,580,649,-1,621,649,622,-1,622,649,648,-1,622,648,630,-1,630,648,647,-1,630,647,631,-1,631,647,646,-1,631,646,632,-1,632,646,645,-1,632,645,633,-1,633,645,644,-1,633,644,635,-1,635,644,612,-1,644,643,612,-1,612,643,642,-1,612,642,613,-1,613,642,641,-1,613,641,618,-1,618,641,636,-1,618,636,617,-1,639,620,640,-1,640,620,617,-1,640,617,638,-1,638,617,636,-1,2780,2602,2790,-1,2790,2602,2601,-1,2790,2601,2791,-1,2791,2601,2600,-1,2791,2600,2792,-1,2792,2600,2599,-1,2792,2599,2786,-1,2786,2599,2598,-1,2786,2598,2787,-1,2787,2598,2591,-1,2630,2629,2767,-1,2767,2766,2630,-1,2630,2766,2765,-1,2630,2765,2590,-1,2590,2765,2789,-1,2590,2789,2591,-1,2591,2789,2788,-1,2591,2788,2787,-1,2632,2763,2628,-1,2628,2763,2764,-1,2628,2764,2629,-1,2629,2764,2768,-1,2629,2768,2767,-1,2802,2807,2620,-1,2620,2807,2622,-1,2622,2807,2810,-1,2622,2810,2625,-1,2596,2798,2800,-1,2596,2800,2617,-1,2617,2800,2801,-1,2617,2801,2618,-1,2618,2801,2794,-1,2618,2794,2620,-1,2620,2794,2793,-1,2620,2793,2802,-1,2798,2596,2783,-1,2783,2596,2595,-1,2783,2595,2781,-1,2781,2595,2594,-1,2781,2594,2776,-1,2776,2594,2593,-1,2776,2593,2769,-1,2769,2593,2606,-1,2769,2606,2770,-1,2770,2606,2603,-1,2770,2603,2779,-1,2777,2609,2782,-1,2782,2609,2608,-1,2782,2608,2784,-1,2784,2608,2607,-1,2784,2607,2785,-1,2785,2607,2604,-1,2785,2604,2796,-1,2796,2604,2605,-1,2796,2605,2797,-1,2797,2605,2592,-1,2619,2621,2805,-1,2805,2804,2619,-1,2619,2804,2803,-1,2619,2803,2597,-1,2597,2803,2795,-1,2597,2795,2592,-1,2592,2795,2799,-1,2592,2799,2797,-1,2626,2808,2627,-1,2627,2808,2809,-1,2627,2809,2621,-1,2621,2809,2806,-1,2621,2806,2805,-1,2762,2761,2586,-1,2586,2761,2589,-1,2589,2761,2816,-1,2589,2816,2588,-1,2615,2815,2814,-1,2615,2814,2616,-1,2616,2814,2813,-1,2616,2813,2585,-1,2585,2813,2812,-1,2585,2812,2586,-1,2586,2812,2811,-1,2586,2811,2762,-1,2815,2615,2771,-1,2771,2615,2614,-1,2771,2614,2772,-1,2772,2614,2613,-1,2772,2613,2773,-1,2773,2613,2612,-1,2773,2612,2774,-1,2774,2612,2611,-1,2774,2611,2775,-1,2775,2611,2610,-1,2775,2610,2778,-1,691,693,763,-1,763,693,741,-1,763,741,764,-1,764,741,765,-1,765,741,740,-1,765,740,758,-1,740,737,758,-1,758,737,736,-1,758,736,766,-1,766,736,734,-1,766,734,768,-1,768,734,769,-1,769,734,733,-1,769,733,770,-1,770,733,746,-1,770,746,771,-1,771,746,726,-1,771,726,772,-1,772,726,728,-1,772,728,773,-1,773,728,727,-1,773,727,774,-1,774,727,731,-1,774,731,775,-1,694,692,738,-1,738,692,762,-1,738,762,739,-1,739,762,757,-1,739,757,742,-1,742,757,759,-1,742,759,743,-1,743,759,760,-1,743,760,744,-1,744,760,767,-1,744,767,745,-1,745,767,756,-1,745,756,747,-1,747,756,724,-1,756,755,724,-1,724,755,754,-1,724,754,725,-1,725,754,753,-1,725,753,730,-1,730,753,752,-1,730,752,729,-1,749,732,750,-1,750,732,729,-1,750,729,751,-1,751,729,752,-1,2714,2643,2713,-1,2713,2643,2651,-1,2713,2651,2696,-1,2696,2651,2634,-1,2696,2634,2697,-1,2697,2634,2633,-1,2697,2633,2738,-1,2738,2633,2638,-1,2738,2638,2739,-1,2739,2638,2642,-1,2739,2642,2740,-1,2740,2642,2664,-1,2760,2687,2731,-1,2731,2687,2678,-1,2731,2678,2732,-1,2732,2678,2677,-1,2732,2677,2733,-1,2733,2677,2676,-1,2733,2676,2734,-1,2734,2676,2675,-1,2734,2675,2749,-1,2749,2675,2674,-1,2749,2674,2750,-1,2750,2674,2673,-1,2750,2673,2751,-1,2751,2673,2683,-1,2735,2682,2736,-1,2736,2682,2681,-1,2736,2681,2737,-1,2737,2681,2641,-1,2737,2641,2699,-1,2699,2641,2640,-1,2699,2640,2698,-1,2698,2640,2639,-1,2698,2639,2695,-1,2695,2639,2635,-1,2695,2635,2700,-1,2700,2635,2652,-1,2722,2663,2715,-1,2715,2663,2657,-1,2715,2657,2716,-1,2716,2657,2656,-1,2716,2656,2725,-1,2725,2656,2655,-1,2725,2655,2726,-1,2726,2655,2650,-1,2726,2650,2727,-1,2727,2650,2649,-1,2727,2649,2730,-1,2730,2649,2648,-1,2730,2648,2729,-1,2729,2648,2654,-1,3446,3445,3480,-1,3480,3445,3481,-1,3481,3445,3444,-1,3481,3444,3482,-1,3482,3444,3458,-1,3482,3458,3483,-1,3483,3458,3457,-1,3483,3457,3484,-1,3484,3457,3440,-1,3484,3440,3485,-1,3485,3440,3177,-1,3485,3177,3176,-1,3451,3477,3476,-1,3451,3476,3452,-1,3480,3479,3446,-1,3446,3479,3478,-1,3446,3478,3447,-1,3447,3478,3477,-1,3447,3477,3448,-1,3448,3477,3451,-1,3435,3437,3475,-1,3475,3437,3452,-1,3475,3452,3469,-1,3469,3452,3476,-1,3211,3210,3461,-1,3461,3210,3439,-1,3467,3466,3459,-1,3459,3466,3465,-1,3459,3465,3442,-1,3442,3465,3464,-1,3442,3464,3441,-1,3441,3464,3463,-1,3441,3463,3439,-1,3439,3463,3462,-1,3439,3462,3461,-1,3438,3436,3449,-1,3449,3436,3474,-1,3449,3474,3450,-1,3450,3474,3473,-1,3450,3473,3453,-1,3453,3473,3471,-1,3453,3471,3454,-1,3454,3471,3470,-1,3454,3470,3455,-1,3455,3470,3468,-1,3455,3468,3456,-1,3456,3468,3467,-1,3456,3467,3460,-1,3460,3467,3459,-1,3512,3500,3522,-1,3522,3500,3533,-1,3533,3500,3499,-1,3533,3499,3535,-1,3535,3499,3495,-1,3535,3495,3536,-1,3536,3495,3493,-1,3536,3493,3537,-1,3537,3493,3492,-1,3537,3492,3538,-1,3538,3492,3147,-1,3538,3147,3146,-1,3506,3526,3531,-1,3506,3531,3507,-1,3522,3521,3512,-1,3512,3521,3532,-1,3512,3532,3502,-1,3502,3532,3526,-1,3502,3526,3503,-1,3503,3526,3506,-1,3488,3490,3529,-1,3529,3490,3507,-1,3529,3507,3530,-1,3530,3507,3531,-1,3122,3121,3514,-1,3514,3121,3494,-1,3520,3519,3498,-1,3498,3519,3518,-1,3498,3518,3497,-1,3497,3518,3517,-1,3497,3517,3496,-1,3496,3517,3516,-1,3496,3516,3494,-1,3494,3516,3515,-1,3494,3515,3514,-1,3491,3489,3504,-1,3504,3489,3528,-1,3504,3528,3505,-1,3505,3528,3525,-1,3505,3525,3508,-1,3508,3525,3524,-1,3508,3524,3509,-1,3509,3524,3523,-1,3509,3523,3510,-1,3510,3523,3534,-1,3510,3534,3511,-1,3511,3534,3520,-1,3511,3520,3513,-1,3513,3520,3498,-1,1654,138,1604,-1,1604,138,137,-1,1604,137,1605,-1,1605,137,136,-1,1605,136,1606,-1,1606,136,131,-1,1606,131,1607,-1,1607,131,130,-1,1607,130,1636,-1,1636,130,129,-1,1636,129,1622,-1,1622,129,128,-1,1660,142,1661,-1,1661,142,143,-1,1661,143,1650,-1,1650,143,141,-1,1650,141,1655,-1,1655,141,140,-1,1655,140,1641,-1,1641,140,139,-1,1641,139,1642,-1,1642,139,134,-1,1642,134,1644,-1,1644,134,133,-1,1644,133,1645,-1,1645,133,135,-1,1580,112,1581,-1,1581,112,119,-1,1581,119,1570,-1,1570,119,116,-1,1570,116,1639,-1,1639,116,124,-1,1639,124,1598,-1,1598,124,123,-1,1598,123,1600,-1,1600,123,122,-1,1600,122,1659,-1,1659,122,127,-1,1587,108,1560,-1,1560,108,107,-1,1560,107,1561,-1,1561,107,106,-1,1561,106,1590,-1,1590,106,105,-1,1590,105,1591,-1,1591,105,104,-1,1591,104,1592,-1,1592,104,84,-1,1592,84,1617,-1,1617,84,85,-1,1567,98,1563,-1,1563,98,97,-1,1563,97,1564,-1,1564,97,103,-1,1564,103,1577,-1,1577,103,102,-1,1577,102,1578,-1,1578,102,99,-1,1578,99,1579,-1,1579,99,100,-1,1579,100,1611,-1,1611,100,101,-1,1611,101,1589,-1,1589,101,111,-1,1637,3,1576,-1,1576,3,93,-1,1576,93,1575,-1,1575,93,95,-1,1575,95,1574,-1,1574,95,94,-1,1574,94,1608,-1,1608,94,92,-1,1608,92,1609,-1,1609,92,90,-1,1609,90,1610,-1,1610,90,89,-1,1640,188,1568,-1,1568,188,187,-1,1568,187,1569,-1,1569,187,186,-1,1569,186,1583,-1,1583,186,185,-1,1583,185,1582,-1,1582,185,184,-1,1582,184,1625,-1,1625,184,67,-1,1625,67,1626,-1,1626,67,66,-1,1657,166,1658,-1,1658,166,165,-1,1658,165,1643,-1,1643,165,164,-1,1643,164,1648,-1,1648,164,163,-1,1648,163,1649,-1,1649,163,156,-1,1649,156,1601,-1,1601,156,155,-1,1601,155,1599,-1,1599,155,191,-1,1599,191,1597,-1,1597,191,190,-1,1635,159,1653,-1,1653,159,144,-1,1653,144,1593,-1,1593,144,152,-1,1593,152,1594,-1,1594,152,151,-1,1594,151,1571,-1,1571,151,147,-1,1571,147,1602,-1,1602,147,149,-1,1602,149,1656,-1,1656,149,167,-1,1632,170,1603,-1,1603,170,169,-1,1603,169,1572,-1,1572,169,168,-1,1572,168,1573,-1,1573,168,146,-1,1573,146,1596,-1,1596,146,145,-1,1596,145,1595,-1,1595,145,161,-1,1595,161,1652,-1,1652,161,160,-1,1627,73,1565,-1,1565,73,63,-1,1565,63,1566,-1,1566,63,195,-1,1566,195,1584,-1,1584,195,194,-1,1584,194,1585,-1,1585,194,193,-1,1585,193,1586,-1,1586,193,192,-1,1586,192,1646,-1,1646,192,200,-1,1618,197,1619,-1,1619,197,196,-1,1619,196,1620,-1,1620,196,173,-1,1620,173,1621,-1,1621,173,172,-1,1621,172,1628,-1,1628,172,171,-1,1628,171,1629,-1,1629,171,154,-1,1629,154,1630,-1,1630,154,153,-1,1630,153,1631,-1,1631,153,162,-1,2985,2925,2986,-1,2986,2925,2924,-1,2986,2924,2987,-1,2987,2924,2885,-1,2987,2885,2947,-1,2947,2885,2884,-1,2947,2884,2946,-1,2946,2884,2883,-1,2946,2883,2945,-1,2945,2883,2879,-1,2945,2879,2948,-1,2948,2879,2891,-1,3406,3394,3425,-1,3425,3394,3427,-1,3427,3394,3393,-1,3427,3393,3429,-1,3429,3393,3391,-1,3429,3391,3430,-1,3430,3391,3390,-1,3430,3390,3431,-1,3431,3390,3387,-1,3431,3387,3432,-1,3432,3387,3006,-1,3432,3006,3005,-1,3400,3421,3420,-1,3400,3420,3401,-1,3425,3426,3406,-1,3406,3426,3422,-1,3406,3422,3396,-1,3396,3422,3421,-1,3396,3421,3397,-1,3397,3421,3400,-1,3382,3384,3416,-1,3416,3384,3401,-1,3416,3401,3419,-1,3419,3401,3420,-1,3038,3037,3408,-1,3408,3037,3386,-1,3414,3413,3392,-1,3392,3413,3412,-1,3392,3412,3389,-1,3389,3412,3411,-1,3389,3411,3388,-1,3388,3411,3410,-1,3388,3410,3386,-1,3386,3410,3409,-1,3386,3409,3408,-1,3385,3383,3398,-1,3398,3383,3417,-1,3398,3417,3399,-1,3399,3417,3418,-1,3399,3418,3402,-1,3402,3418,3424,-1,3402,3424,3403,-1,3403,3424,3423,-1,3403,3423,3404,-1,3404,3423,3428,-1,3404,3428,3405,-1,3405,3428,3414,-1,3405,3414,3407,-1,3407,3414,3392,-1,2953,2886,2954,-1,2954,2886,2890,-1,2954,2890,2955,-1,2955,2890,2878,-1,2955,2878,2956,-1,2956,2878,2877,-1,2956,2877,2988,-1,2988,2877,2882,-1,2988,2882,2989,-1,2989,2882,2889,-1,2989,2889,2990,-1,2990,2889,2909,-1,2968,2908,2962,-1,2962,2908,2902,-1,2962,2902,2963,-1,2963,2902,2901,-1,2963,2901,2974,-1,2974,2901,2900,-1,2974,2900,2975,-1,2975,2900,2897,-1,2975,2897,2976,-1,2976,2897,2896,-1,2976,2896,2978,-1,2978,2896,2895,-1,2978,2895,2977,-1,2977,2895,2899,-1,2584,2820,2580,-1,2580,2820,2821,-1,2580,2821,2581,-1,2821,2825,2581,-1,2581,2825,2824,-1,2581,2824,2582,-1,2824,2823,2582,-1,2582,2823,2822,-1,2582,2822,2542,-1,2542,2822,2846,-1,2542,2846,2543,-1,2837,2554,2847,-1,2847,2554,2553,-1,2847,2553,2848,-1,2848,2553,2552,-1,2848,2552,2849,-1,2849,2552,2551,-1,2849,2551,2843,-1,2843,2551,2550,-1,2843,2550,2844,-1,2844,2550,2543,-1,2844,2543,2845,-1,2845,2543,2846,-1,2555,2836,2827,-1,2555,2827,2558,-1,2558,2827,2826,-1,2558,2826,2545,-1,2545,2826,2833,-1,2545,2833,2546,-1,2546,2833,2838,-1,2546,2838,2547,-1,2547,2838,2840,-1,2547,2840,2548,-1,2850,2572,2851,-1,2851,2572,2570,-1,2851,2570,2858,-1,2858,2570,2569,-1,2858,2569,2857,-1,2857,2569,2548,-1,2857,2548,2855,-1,2855,2548,2840,-1,2850,2859,2572,-1,2572,2859,2864,-1,2572,2864,2574,-1,2574,2864,2869,-1,2574,2869,2577,-1,3004,2930,2981,-1,2981,2930,2923,-1,2981,2923,2982,-1,2982,2923,2922,-1,2982,2922,2983,-1,2983,2922,2921,-1,2983,2921,2984,-1,2984,2921,2920,-1,2984,2920,2999,-1,2999,2920,2919,-1,2999,2919,3000,-1,3000,2919,2918,-1,3000,2918,3001,-1,3001,2918,2926,-1,2993,2935,2994,-1,2994,2935,2934,-1,2994,2934,2995,-1,2995,2934,2933,-1,2995,2933,2996,-1,2996,2933,2929,-1,2996,2929,2997,-1,2997,2929,2928,-1,2997,2928,2998,-1,2998,2928,2927,-1,2998,2927,3003,-1,3003,2927,2932,-1,3003,2932,3002,-1,3002,2932,2931,-1,2578,2865,2579,-1,2579,2865,2868,-1,2579,2868,2573,-1,2868,2863,2573,-1,2573,2863,2862,-1,2573,2862,2571,-1,2862,2861,2571,-1,2571,2861,2860,-1,2571,2860,2549,-1,2549,2860,2852,-1,2549,2852,2544,-1,2834,2561,2839,-1,2839,2561,2560,-1,2839,2560,2841,-1,2841,2560,2559,-1,2841,2559,2842,-1,2842,2559,2556,-1,2842,2556,2853,-1,2853,2556,2557,-1,2853,2557,2854,-1,2854,2557,2544,-1,2854,2544,2856,-1,2856,2544,2852,-1,2562,2835,2832,-1,2562,2832,2563,-1,2563,2832,2831,-1,2563,2831,2564,-1,2564,2831,2830,-1,2564,2830,2565,-1,2565,2830,2829,-1,2565,2829,2566,-1,2566,2829,2828,-1,2566,2828,2567,-1,2870,2538,2871,-1,2871,2538,2537,-1,2871,2537,2872,-1,2872,2537,2568,-1,2872,2568,2873,-1,2873,2568,2567,-1,2873,2567,2874,-1,2874,2567,2828,-1,2870,2818,2538,-1,2538,2818,2817,-1,2538,2817,2541,-1,2541,2817,2876,-1,2541,2876,2540,-1,2964,2906,2957,-1,2957,2906,2907,-1,2957,2907,2958,-1,2958,2907,2905,-1,2958,2905,2959,-1,2959,2905,2904,-1,2959,2904,2965,-1,2965,2904,2903,-1,2965,2903,2966,-1,2966,2903,2894,-1,2966,2894,2967,-1,2967,2894,2893,-1,2967,2893,2969,-1,2969,2893,2898,-1,2970,2917,2941,-1,2941,2917,2916,-1,2941,2916,2942,-1,2942,2916,2915,-1,2942,2915,2944,-1,2944,2915,2913,-1,2944,2913,2952,-1,2952,2913,2911,-1,2952,2911,2979,-1,2979,2911,2940,-1,2979,2940,2971,-1,2971,2940,2939,-1,3345,3344,3376,-1,3376,3344,3377,-1,3377,3344,3355,-1,3377,3355,3378,-1,3378,3355,3337,-1,3378,3337,3379,-1,3379,3337,3339,-1,3379,3339,3380,-1,3380,3339,3338,-1,3380,3338,3381,-1,3381,3338,3115,-1,3381,3115,3116,-1,3349,3365,3372,-1,3349,3372,3350,-1,3376,3375,3345,-1,3345,3375,3373,-1,3345,3373,3347,-1,3347,3373,3365,-1,3347,3365,3348,-1,3348,3365,3349,-1,3331,3333,3370,-1,3370,3333,3350,-1,3370,3350,3371,-1,3371,3350,3372,-1,3066,3065,3357,-1,3357,3065,3340,-1,3363,3362,3335,-1,3335,3362,3361,-1,3335,3361,3336,-1,3336,3361,3360,-1,3336,3360,3341,-1,3341,3360,3359,-1,3341,3359,3340,-1,3340,3359,3358,-1,3340,3358,3357,-1,3334,3332,3342,-1,3342,3332,3369,-1,3342,3369,3343,-1,3343,3369,3364,-1,3343,3364,3351,-1,3351,3364,3366,-1,3351,3366,3352,-1,3352,3366,3367,-1,3352,3367,3353,-1,3353,3367,3374,-1,3353,3374,3354,-1,3354,3374,3363,-1,3354,3363,3356,-1,3356,3363,3335,-1,2980,2938,2951,-1,2951,2938,2910,-1,2951,2910,2960,-1,2960,2910,2912,-1,2960,2912,2961,-1,2961,2912,2914,-1,2961,2914,2943,-1,2943,2914,2881,-1,2943,2881,2991,-1,2991,2881,2880,-1,2991,2880,2992,-1,2992,2880,2892,-1,1366,1837,1367,-1,1367,1837,1836,-1,1367,1836,1351,-1,1351,1836,1849,-1,1351,1849,1352,-1,1352,1849,1848,-1,1352,1848,1314,-1,1314,1848,1847,-1,1314,1847,1316,-1,1316,1847,1867,-1,1316,1867,1375,-1,1375,1867,1866,-1,915,917,925,-1,925,917,1011,-1,925,1011,926,-1,926,1011,1010,-1,926,1010,929,-1,929,1010,1009,-1,929,1009,930,-1,930,1009,1008,-1,930,1008,931,-1,931,1008,1007,-1,931,1007,932,-1,932,1007,1006,-1,932,1006,940,-1,940,1006,941,-1,1006,1005,941,-1,941,1005,1004,-1,941,1004,942,-1,942,1004,1003,-1,942,1003,936,-1,936,1003,1002,-1,936,1002,937,-1,999,943,1000,-1,1000,943,937,-1,1000,937,1001,-1,1001,937,1002,-1,918,916,1012,-1,1012,916,928,-1,1012,928,1013,-1,1013,928,1014,-1,1014,928,927,-1,1014,927,1015,-1,927,924,1015,-1,1015,924,923,-1,1015,923,1016,-1,1016,923,922,-1,1016,922,1017,-1,1017,922,1018,-1,1018,922,921,-1,1018,921,1019,-1,1019,921,920,-1,1019,920,1020,-1,1020,920,938,-1,1020,938,1021,-1,1021,938,939,-1,1021,939,1022,-1,1022,939,934,-1,1022,934,1023,-1,1023,934,933,-1,1023,933,1024,-1,1376,1865,1377,-1,1377,1865,1838,-1,1377,1838,1317,-1,1317,1838,1966,-1,1317,1966,1315,-1,1315,1966,1965,-1,1315,1965,1313,-1,1313,1965,1964,-1,1313,1964,1368,-1,1368,1964,1894,-1,1368,1894,1369,-1,1369,1894,1893,-1,1370,1892,1353,-1,1353,1892,1874,-1,1353,1874,1354,-1,1354,1874,1873,-1,1354,1873,1355,-1,1355,1873,1872,-1,1355,1872,1356,-1,1356,1872,1871,-1,1356,1871,1357,-1,1357,1871,1891,-1,1357,1891,1358,-1,1358,1891,1890,-1,1358,1890,1257,-1,1257,1890,1889,-1,1261,1948,1325,-1,1325,1948,1863,-1,1325,1863,1327,-1,1327,1863,1862,-1,1327,1862,1328,-1,1328,1862,1851,-1,1328,1851,1306,-1,1306,1851,1850,-1,1306,1850,1307,-1,1307,1850,1885,-1,1307,1885,1359,-1,1359,1885,1884,-1,1360,1883,1361,-1,1361,1883,1955,-1,1361,1955,1329,-1,1329,1955,1947,-1,1329,1947,1330,-1,1330,1947,1946,-1,1330,1946,1378,-1,1378,1946,1945,-1,1378,1945,1350,-1,1350,1945,1944,-1,1350,1944,1348,-1,1348,1944,1971,-1,1346,1976,1373,-1,1373,1976,1978,-1,1373,1978,1374,-1,1374,1978,1979,-1,1374,1979,1383,-1,1383,1979,1895,-1,1383,1895,1384,-1,1384,1895,1897,-1,1384,1897,1385,-1,1385,1897,1950,-1,1385,1950,1342,-1,1342,1950,1933,-1,1342,1933,1343,-1,1343,1933,1932,-1,1300,1918,1263,-1,1263,1918,1882,-1,1263,1882,1264,-1,1264,1882,1881,-1,1264,1881,1289,-1,1289,1881,1880,-1,1289,1880,1290,-1,1290,1880,1879,-1,1290,1879,1301,-1,1301,1879,1877,-1,1301,1877,1291,-1,1291,1877,1954,-1,804,806,808,-1,808,806,898,-1,808,898,809,-1,809,898,899,-1,809,899,818,-1,818,899,905,-1,818,905,819,-1,819,905,904,-1,819,904,820,-1,820,904,909,-1,820,909,821,-1,821,909,895,-1,821,895,828,-1,828,895,829,-1,895,894,829,-1,829,894,893,-1,829,893,830,-1,830,893,892,-1,830,892,825,-1,825,892,891,-1,825,891,826,-1,888,832,889,-1,889,832,826,-1,889,826,890,-1,890,826,891,-1,807,805,897,-1,897,805,817,-1,897,817,900,-1,900,817,901,-1,901,817,816,-1,901,816,902,-1,816,815,902,-1,902,815,814,-1,902,814,903,-1,903,814,813,-1,903,813,907,-1,907,813,906,-1,906,813,812,-1,906,812,908,-1,908,812,811,-1,908,811,910,-1,910,811,827,-1,910,827,911,-1,911,827,831,-1,911,831,912,-1,912,831,823,-1,912,823,913,-1,913,823,822,-1,913,822,914,-1,1302,1939,1288,-1,1288,1939,1953,-1,1288,1953,1292,-1,1292,1953,1878,-1,1292,1878,1293,-1,1293,1878,1876,-1,1293,1876,1294,-1,1294,1876,1875,-1,1294,1875,1303,-1,1303,1875,1938,-1,1303,1938,1304,-1,1304,1938,1937,-1,1305,1934,1270,-1,1270,1934,1935,-1,1270,1935,1271,-1,1271,1935,1936,-1,1271,1936,1295,-1,1295,1936,1960,-1,1295,1960,1296,-1,1296,1960,1959,-1,1296,1959,1284,-1,1284,1959,1958,-1,1284,1958,1283,-1,1283,1958,1951,-1,1283,1951,1282,-1,1282,1951,1914,-1,1396,1916,1363,-1,1363,1916,1917,-1,1363,1917,1364,-1,1364,1917,1901,-1,1364,1901,1365,-1,1365,1901,1870,-1,1365,1870,1311,-1,1311,1870,1843,-1,1311,1843,1312,-1,1312,1843,1842,-1,1312,1842,1273,-1,1273,1842,1853,-1,1274,1886,1275,-1,1275,1886,1931,-1,1275,1931,1276,-1,1276,1931,1910,-1,1276,1910,1277,-1,1277,1910,1909,-1,1277,1909,1318,-1,1318,1909,1907,-1,1318,1907,1319,-1,1319,1907,1905,-1,1319,1905,1321,-1,1321,1905,1855,-1,1287,1839,1278,-1,1278,1839,1925,-1,1278,1925,1279,-1,1279,1925,1924,-1,1279,1924,1297,-1,1297,1924,1923,-1,1297,1923,1298,-1,1298,1923,1922,-1,1298,1922,1280,-1,1280,1922,1921,-1,1280,1921,1281,-1,1281,1921,1920,-1,1281,1920,1299,-1,1299,1920,1919,-1,3539,3540,3541,-1,3541,3540,3542,-1,1532,1531,3283,-1,1532,3283,3318,-1,3318,3283,3285,-1,3318,3285,3316,-1,3316,3285,3287,-1,3316,3287,3314,-1,3314,3287,3302,-1,3314,3302,3327,-1,3327,3302,3304,-1,3327,3304,3325,-1,3325,3304,3288,-1,3325,3288,3323,-1,3323,3288,3290,-1,3323,3290,3310,-1,3310,3290,3292,-1,3310,3292,3311,-1,3311,3292,3294,-1,3311,3294,3313,-1,3313,3294,3296,-1,3313,3296,3307,-1,3543,3544,3545,-1,3544,3546,3545,-1,3545,3546,3547,-1,3545,3547,3548,-1,3549,3550,3551,-1,3551,3550,3552,-1,3551,3552,3553,-1,3542,3554,3541,-1,3541,3554,3555,-1,3541,3555,3556,-1,3542,3557,3554,-1,3554,3557,3551,-1,3554,3551,3555,-1,3555,3551,3553,-1,3551,3558,3549,-1,3549,3558,3559,-1,3549,3559,3560,-1,3548,3561,3545,-1,3545,3561,3549,-1,3545,3549,3562,-1,3562,3549,3560,-1,3563,3296,3545,-1,3545,3296,3298,-1,3545,3298,3543,-1,3563,3564,3296,-1,3296,3564,3565,-1,3296,3565,3566,-1,3566,3567,3296,-1,3296,3567,3308,-1,3296,3308,3307,-1,3295,3309,3568,-1,3568,3569,3295,-1,3295,3569,3570,-1,3295,3570,3571,-1,3571,3572,3295,-1,3295,3572,3573,-1,3295,3573,3574,-1,3539,3575,3540,-1,3540,3575,3576,-1,3540,3576,3577,-1,3539,3578,3575,-1,3575,3578,3579,-1,3575,3579,3576,-1,3576,3579,3580,-1,3580,3579,3581,-1,3581,3579,3582,-1,3581,3582,3583,-1,3583,3584,3581,-1,3581,3584,3585,-1,3581,3585,3586,-1,3587,3574,3586,-1,3586,3574,3588,-1,3586,3588,3581,-1,3587,3589,3574,-1,3574,3589,3590,-1,3574,3590,3591,-1,3591,3592,3574,-1,3574,3592,3297,-1,3574,3297,3295,-1,3309,3295,3330,-1,3330,3295,3293,-1,3330,3293,3312,-1,3312,3293,3291,-1,3312,3291,3321,-1,3321,3291,3289,-1,3321,3289,3322,-1,3322,3289,3306,-1,3322,3306,3324,-1,3324,3306,3305,-1,3324,3305,3326,-1,3326,3305,3303,-1,3326,3303,3328,-1,3328,3303,3329,-1,3329,3303,3301,-1,3329,3301,3315,-1,3284,3317,3286,-1,3286,3317,3315,-1,3286,3315,3300,-1,3300,3315,3301,-1,2136,2135,3299,-1,3299,2135,3319,-1,3299,3319,3284,-1,3284,3319,3320,-1,3284,3320,3317,-1,3593,3594,3595,-1,3595,3594,3596,-1,1511,1510,3235,-1,1511,3235,3270,-1,3270,3235,3237,-1,3270,3237,3268,-1,3268,3237,3239,-1,3268,3239,3266,-1,3266,3239,3254,-1,3266,3254,3279,-1,3279,3254,3256,-1,3279,3256,3277,-1,3277,3256,3240,-1,3277,3240,3275,-1,3275,3240,3242,-1,3275,3242,3262,-1,3262,3242,3244,-1,3262,3244,3263,-1,3263,3244,3246,-1,3263,3246,3265,-1,3265,3246,3248,-1,3265,3248,3259,-1,3259,3248,3250,-1,3259,3250,3597,-1,3597,3598,3259,-1,3259,3598,3599,-1,3259,3599,3600,-1,3600,3601,3259,-1,3259,3601,3602,-1,3259,3602,3603,-1,3604,3605,3606,-1,3606,3605,3607,-1,3596,3608,3595,-1,3595,3608,3604,-1,3595,3604,3609,-1,3596,3610,3608,-1,3608,3610,3611,-1,3608,3611,3604,-1,3604,3611,3612,-1,3604,3612,3605,-1,3613,3603,3605,-1,3605,3603,3614,-1,3605,3614,3607,-1,3613,3615,3603,-1,3603,3615,3616,-1,3603,3616,3617,-1,3617,3618,3603,-1,3603,3618,3619,-1,3603,3619,3620,-1,3620,3621,3603,-1,3603,3621,3260,-1,3603,3260,3259,-1,3622,3282,3623,-1,3623,3282,3261,-1,3623,3261,3624,-1,3622,3625,3282,-1,3282,3625,3626,-1,3282,3626,3627,-1,3627,3628,3282,-1,3282,3628,3629,-1,3282,3629,3630,-1,3630,3631,3282,-1,3282,3631,3632,-1,3282,3632,3633,-1,3633,3594,3282,-1,3282,3594,3593,-1,3282,3593,3634,-1,3634,3635,3282,-1,3282,3635,3636,-1,3282,3636,3637,-1,3637,3638,3282,-1,3282,3638,3639,-1,3282,3639,3640,-1,3640,3641,3282,-1,3282,3641,3642,-1,3282,3642,3643,-1,3643,3644,3282,-1,3282,3644,3645,-1,3282,3645,3249,-1,3249,3247,3282,-1,3282,3247,3245,-1,3282,3245,3264,-1,3264,3245,3243,-1,3264,3243,3273,-1,3273,3243,3241,-1,3273,3241,3274,-1,3274,3241,3258,-1,3274,3258,3276,-1,3276,3258,3257,-1,3276,3257,3278,-1,3278,3257,3255,-1,3278,3255,3280,-1,3280,3255,3281,-1,3281,3255,3253,-1,3281,3253,3267,-1,3236,3269,3238,-1,3238,3269,3267,-1,3238,3267,3252,-1,3252,3267,3253,-1,2149,2148,3251,-1,3251,2148,3271,-1,3251,3271,3236,-1,3236,3271,3272,-1,3236,3272,3269,-1,2141,1488,2060,-1,2060,1488,1513,-1,2060,1513,2061,-1,2061,1513,1514,-1,2061,1514,2080,-1,2080,1514,1430,-1,2080,1430,2081,-1,2081,1430,1429,-1,2081,1429,2082,-1,2082,1429,1443,-1,2082,1443,2145,-1,2145,1443,1442,-1,2053,1491,2056,-1,2056,1491,1420,-1,2056,1420,2057,-1,2057,1420,1419,-1,2057,1419,2077,-1,2077,1419,1446,-1,2077,1446,2048,-1,2048,1446,1448,-1,2048,1448,2019,-1,2019,1448,1414,-1,2019,1414,2099,-1,2099,1414,1426,-1,3250,3249,3597,-1,3597,3249,3645,-1,3597,3645,3598,-1,3598,3645,3644,-1,3598,3644,3599,-1,3599,3644,3643,-1,3599,3643,3600,-1,3600,3643,3642,-1,3600,3642,3601,-1,3601,3642,3641,-1,3601,3641,3602,-1,3602,3641,3640,-1,3602,3640,3603,-1,3603,3640,3614,-1,3614,3640,3639,-1,3614,3639,3607,-1,3593,3595,3634,-1,3634,3595,3609,-1,3634,3609,3635,-1,3635,3609,3604,-1,3635,3604,3636,-1,3636,3604,3606,-1,3636,3606,3637,-1,3637,3606,3607,-1,3637,3607,3638,-1,3638,3607,3639,-1,3627,3618,3617,-1,3627,3617,3628,-1,3261,3260,3624,-1,3624,3260,3621,-1,3624,3621,3623,-1,3623,3621,3620,-1,3623,3620,3622,-1,3622,3620,3619,-1,3622,3619,3625,-1,3625,3619,3618,-1,3625,3618,3626,-1,3626,3618,3627,-1,3617,3616,3628,-1,3628,3616,3615,-1,3628,3615,3629,-1,3629,3615,3613,-1,3629,3613,3630,-1,3630,3613,3605,-1,3630,3605,3631,-1,3631,3605,3612,-1,3631,3612,3632,-1,3632,3612,3611,-1,3632,3611,3633,-1,3633,3611,3610,-1,3633,3610,3594,-1,3594,3610,3596,-1,2100,1485,2101,-1,2101,1485,1484,-1,2101,1484,2108,-1,2108,1484,1483,-1,2108,1483,2107,-1,2107,1483,1462,-1,2107,1462,2105,-1,2105,1462,1461,-1,2105,1461,2139,-1,2139,1461,1460,-1,2139,1460,2140,-1,2140,1460,1527,-1,2146,1441,2147,-1,2147,1441,1422,-1,2147,1422,2110,-1,2110,1422,1421,-1,2110,1421,2109,-1,2109,1421,1456,-1,2109,1456,2085,-1,2085,1456,1454,-1,2085,1454,2152,-1,2152,1454,1525,-1,2152,1525,2150,-1,2150,1525,1526,-1,2151,1509,2153,-1,2153,1509,1524,-1,2153,1524,2154,-1,2154,1524,1523,-1,2154,1523,2083,-1,2083,1523,1455,-1,2083,1455,2084,-1,2084,1455,1453,-1,2084,1453,2142,-1,2142,1453,1452,-1,2142,1452,2128,-1,2128,1452,1451,-1,2127,1440,2126,-1,2126,1440,1439,-1,2126,1439,2124,-1,2124,1439,1438,-1,2124,1438,2131,-1,2131,1438,1473,-1,2131,1473,2086,-1,2086,1473,1465,-1,2086,1465,2055,-1,2055,1465,1468,-1,2055,1468,2054,-1,2054,1468,1493,-1,474,476,542,-1,542,476,516,-1,542,516,543,-1,543,516,515,-1,543,515,546,-1,546,515,514,-1,546,514,547,-1,547,514,513,-1,547,513,548,-1,548,513,512,-1,548,512,550,-1,550,512,511,-1,550,511,551,-1,551,511,552,-1,552,511,510,-1,552,510,553,-1,504,557,505,-1,505,557,556,-1,505,556,506,-1,506,556,555,-1,506,555,507,-1,507,555,554,-1,507,554,508,-1,508,554,553,-1,508,553,509,-1,509,553,510,-1,522,545,549,-1,522,549,523,-1,477,475,517,-1,517,475,541,-1,517,541,518,-1,518,541,540,-1,518,540,519,-1,519,540,544,-1,519,544,520,-1,520,544,545,-1,520,545,521,-1,521,545,522,-1,549,538,523,-1,523,538,537,-1,523,537,524,-1,524,537,536,-1,524,536,525,-1,525,536,535,-1,525,535,526,-1,526,535,534,-1,526,534,527,-1,527,534,533,-1,527,533,528,-1,528,533,532,-1,528,532,529,-1,529,532,531,-1,1119,1749,1120,-1,1120,1749,1776,-1,1120,1776,1122,-1,1122,1776,1770,-1,1122,1770,1123,-1,1123,1770,1792,-1,1123,1792,1137,-1,1137,1792,1794,-1,1137,1794,1138,-1,1138,1794,1674,-1,1138,1674,1139,-1,1139,1674,1680,-1,1163,1716,1164,-1,1164,1716,1700,-1,1164,1700,1165,-1,1165,1700,1699,-1,1165,1699,1166,-1,1166,1699,1769,-1,1166,1769,1190,-1,1190,1769,1714,-1,1190,1714,1191,-1,1191,1714,1712,-1,1191,1712,1192,-1,1192,1712,1737,-1,1181,1771,1182,-1,1182,1771,1740,-1,1182,1740,1130,-1,1130,1740,1742,-1,1130,1742,1124,-1,1124,1742,1775,-1,1124,1775,1125,-1,1125,1775,1745,-1,1125,1745,1189,-1,1189,1745,1747,-1,1189,1747,1128,-1,1128,1747,1750,-1,1220,1812,1222,-1,1222,1812,1820,-1,1222,1820,1223,-1,1223,1820,1819,-1,1223,1819,1145,-1,1145,1819,1780,-1,1145,1780,1146,-1,1146,1780,1779,-1,1146,1779,1197,-1,1197,1779,1778,-1,1197,1778,1180,-1,1180,1778,1777,-1,1177,1799,1178,-1,1178,1799,1798,-1,1178,1798,1179,-1,1179,1798,1797,-1,1179,1797,1198,-1,1198,1797,1752,-1,1198,1752,1147,-1,1147,1752,1751,-1,1147,1751,1221,-1,1221,1751,1821,-1,1221,1821,1219,-1,1219,1821,1822,-1,1169,1683,1170,-1,1170,1683,1684,-1,1170,1684,1172,-1,1172,1684,1685,-1,1172,1685,1173,-1,1173,1685,1720,-1,1173,1720,1174,-1,1174,1720,1719,-1,1174,1719,1175,-1,1175,1719,1682,-1,1175,1682,1176,-1,1176,1682,1681,-1,368,370,437,-1,437,370,408,-1,437,408,438,-1,438,408,407,-1,438,407,441,-1,441,407,411,-1,441,411,442,-1,442,411,412,-1,442,412,443,-1,443,412,416,-1,443,416,445,-1,445,416,405,-1,445,405,446,-1,446,405,447,-1,447,405,404,-1,447,404,448,-1,398,452,399,-1,399,452,451,-1,399,451,400,-1,400,451,450,-1,400,450,401,-1,401,450,449,-1,401,449,402,-1,402,449,448,-1,402,448,403,-1,403,448,404,-1,417,440,444,-1,417,444,418,-1,371,369,409,-1,409,369,436,-1,409,436,410,-1,410,436,435,-1,410,435,413,-1,413,435,439,-1,413,439,414,-1,414,439,440,-1,414,440,415,-1,415,440,417,-1,444,433,418,-1,418,433,432,-1,418,432,419,-1,419,432,431,-1,419,431,420,-1,420,431,430,-1,420,430,421,-1,421,430,429,-1,421,429,422,-1,422,429,428,-1,422,428,423,-1,423,428,427,-1,423,427,424,-1,424,427,426,-1,1228,1781,1199,-1,1199,1781,1687,-1,1199,1687,1214,-1,1214,1687,1686,-1,1214,1686,1215,-1,1215,1686,1757,-1,1215,1757,1216,-1,1216,1757,1756,-1,1216,1756,1218,-1,1218,1756,1754,-1,1218,1754,1171,-1,1171,1754,1753,-1,1242,1823,1226,-1,1226,1823,1816,-1,1226,1816,1233,-1,1233,1816,1815,-1,1233,1815,1234,-1,1234,1815,1814,-1,1234,1814,1203,-1,1203,1814,1813,-1,1203,1813,1204,-1,1204,1813,1783,-1,1204,1783,1227,-1,1227,1783,1782,-1,1211,1800,1212,-1,1212,1800,1774,-1,1212,1774,1213,-1,1213,1774,1773,-1,1213,1773,1224,-1,1224,1773,1817,-1,1224,1817,1225,-1,1225,1817,1818,-1,1225,1818,1241,-1,1241,1818,1825,-1,1241,1825,1232,-1,1232,1825,1824,-1,2121,1476,2075,-1,2075,1476,1512,-1,2075,1512,2076,-1,2076,1512,1490,-1,2076,1490,2097,-1,2097,1490,1489,-1,2097,1489,2098,-1,2098,1489,1487,-1,2098,1487,2064,-1,2064,1487,1486,-1,2064,1486,2065,-1,2065,1486,1529,-1,2144,1530,2119,-1,2119,1530,1539,-1,2119,1539,2137,-1,2137,1539,1503,-1,2137,1503,2138,-1,2138,1503,1500,-1,2138,1500,2073,-1,2073,1500,1499,-1,2073,1499,2074,-1,2074,1499,1498,-1,2074,1498,2120,-1,2120,1498,1477,-1,2094,1504,2095,-1,2095,1504,1517,-1,2095,1517,2096,-1,2096,1517,1516,-1,2096,1516,2117,-1,2117,1516,1515,-1,2117,1515,2118,-1,2118,1515,1502,-1,2118,1502,2143,-1,2143,1502,1501,-1,2143,1501,2134,-1,2134,1501,1540,-1,3298,3297,3543,-1,3543,3297,3592,-1,3543,3592,3544,-1,3544,3592,3591,-1,3544,3591,3546,-1,3546,3591,3590,-1,3546,3590,3547,-1,3547,3590,3589,-1,3547,3589,3548,-1,3548,3589,3587,-1,3548,3587,3561,-1,3561,3587,3586,-1,3561,3586,3549,-1,3549,3586,3550,-1,3550,3586,3585,-1,3550,3585,3552,-1,3539,3541,3578,-1,3578,3541,3556,-1,3578,3556,3579,-1,3579,3556,3555,-1,3579,3555,3582,-1,3582,3555,3553,-1,3582,3553,3583,-1,3583,3553,3552,-1,3583,3552,3584,-1,3584,3552,3585,-1,3573,3564,3563,-1,3573,3563,3574,-1,3309,3308,3568,-1,3568,3308,3567,-1,3568,3567,3569,-1,3569,3567,3566,-1,3569,3566,3570,-1,3570,3566,3565,-1,3570,3565,3571,-1,3571,3565,3564,-1,3571,3564,3572,-1,3572,3564,3573,-1,3563,3545,3574,-1,3574,3545,3562,-1,3574,3562,3588,-1,3588,3562,3560,-1,3588,3560,3581,-1,3581,3560,3559,-1,3581,3559,3580,-1,3580,3559,3558,-1,3580,3558,3576,-1,3576,3558,3551,-1,3576,3551,3577,-1,3577,3551,3557,-1,3577,3557,3540,-1,3540,3557,3542,-1,2066,1528,2068,-1,2068,1528,1437,-1,2068,1437,2069,-1,2069,1437,1436,-1,2069,1436,2028,-1,2028,1436,1435,-1,2028,1435,2027,-1,2027,1435,1434,-1,2027,1434,1998,-1,1998,1434,1433,-1,1998,1433,2029,-1,2029,1433,1432,-1,2012,1431,2006,-1,2006,1431,1415,-1,2006,1415,2091,-1,2091,1415,1425,-1,2091,1425,2089,-1,2089,1425,1478,-1,2089,1478,2041,-1,2041,1478,1480,-1,2041,1480,2042,-1,2042,1480,1411,-1,2042,1411,2050,-1,2050,1411,1410,-1,2051,1444,2052,-1,2052,1444,1445,-1,2052,1445,2044,-1,2044,1445,1459,-1,2044,1459,2045,-1,2045,1459,1458,-1,2045,1458,2070,-1,2070,1458,1457,-1,2070,1457,2071,-1,2071,1457,1506,-1,2071,1506,2072,-1,2072,1506,1505,-1,1205,1811,1148,-1,1148,1811,1810,-1,1148,1810,1149,-1,1149,1810,1808,-1,1149,1808,1150,-1,1150,1808,1807,-1,1150,1807,1151,-1,1151,1807,1762,-1,1151,1762,1152,-1,1152,1762,1764,-1,1152,1764,1153,-1,1153,1764,1787,-1,1154,1788,1142,-1,1142,1788,1703,-1,1142,1703,1208,-1,1208,1703,1723,-1,1208,1723,1206,-1,1206,1723,1802,-1,1206,1802,1183,-1,1183,1802,1804,-1,1183,1804,1184,-1,1184,1804,1676,-1,1184,1676,1194,-1,1194,1676,1675,-1,1195,1688,1196,-1,1196,1688,1689,-1,1196,1689,1186,-1,1186,1689,1785,-1,1186,1785,1187,-1,1187,1785,1784,-1,1187,1784,1200,-1,1200,1784,1760,-1,1200,1760,1201,-1,1201,1760,1759,-1,1201,1759,1202,-1,1202,1759,1801,-1,1332,1912,1333,-1,1333,1912,1911,-1,1333,1911,1285,-1,1285,1911,1846,-1,1285,1846,1286,-1,1286,1846,1845,-1,1286,1845,1344,-1,1344,1845,1898,-1,1344,1898,1345,-1,1345,1898,1896,-1,1345,1896,1347,-1,1347,1896,1977,-1,1349,1975,1379,-1,1379,1975,1974,-1,1379,1974,1380,-1,1380,1974,1973,-1,1380,1973,1389,-1,1389,1973,1972,-1,1389,1972,1390,-1,1390,1972,1970,-1,1390,1970,1391,-1,1391,1970,1969,-1,1391,1969,1392,-1,1392,1969,1968,-1,1392,1968,1399,-1,1399,1968,1967,-1,1400,1982,1371,-1,1371,1982,1981,-1,1371,1981,1372,-1,1372,1981,1980,-1,1372,1980,1310,-1,1310,1980,1927,-1,1310,1927,1334,-1,1334,1927,1963,-1,1334,1963,1335,-1,1335,1963,1962,-1,1335,1962,1386,-1,1386,1962,1961,-1,341,285,342,-1,342,285,284,-1,342,284,343,-1,343,284,283,-1,343,283,344,-1,344,283,282,-1,344,282,345,-1,345,282,281,-1,345,281,346,-1,346,281,280,-1,346,280,347,-1,347,280,279,-1,347,279,348,-1,348,279,349,-1,349,279,278,-1,349,278,351,-1,254,256,274,-1,274,256,355,-1,274,355,268,-1,268,355,354,-1,268,354,275,-1,275,354,352,-1,275,352,276,-1,276,352,351,-1,276,351,277,-1,277,351,278,-1,265,363,362,-1,265,362,266,-1,259,367,260,-1,260,367,366,-1,260,366,261,-1,261,366,365,-1,261,365,262,-1,262,365,364,-1,262,364,263,-1,263,364,363,-1,263,363,264,-1,264,363,265,-1,362,361,266,-1,266,361,360,-1,266,360,267,-1,267,360,359,-1,267,359,269,-1,269,359,358,-1,269,358,270,-1,270,358,357,-1,270,357,272,-1,272,357,350,-1,272,350,273,-1,273,350,356,-1,273,356,255,-1,255,356,257,-1,1387,1957,1388,-1,1388,1957,1926,-1,1388,1926,1336,-1,1336,1926,1928,-1,1336,1928,1362,-1,1362,1928,1929,-1,1362,1929,1308,-1,1308,1929,1956,-1,1308,1956,1309,-1,1309,1956,1943,-1,1309,1943,1393,-1,1393,1943,1942,-1,1381,1941,1382,-1,1382,1941,1940,-1,1382,1940,1394,-1,1394,1940,1869,-1,1394,1869,1395,-1,1395,1869,1868,-1,1395,1868,1397,-1,1397,1868,1903,-1,1397,1903,1398,-1,1398,1903,1902,-1,1398,1902,1401,-1,1401,1902,1900,-1,1401,1900,1402,-1,1402,1900,1899,-1,1403,1915,1337,-1,1337,1915,1952,-1,1337,1952,1338,-1,1338,1952,1861,-1,1338,1861,1339,-1,1339,1861,1860,-1,1339,1860,1340,-1,1340,1860,1858,-1,1340,1858,1341,-1,1341,1858,1857,-1,1341,1857,1331,-1,1331,1857,1913,-1,3646,2037,250,-1,3647,3648,3649,-1,3649,3648,3650,-1,3649,3650,3651,-1,3651,3652,3649,-1,3649,3652,3653,-1,3649,3653,3654,-1,3654,3655,3649,-1,3649,3655,3656,-1,3649,3656,3657,-1,3657,3658,3649,-1,3649,3658,3659,-1,3649,3659,3660,-1,3660,3659,3661,-1,3660,3661,3662,-1,3647,3663,3648,-1,3648,3663,3664,-1,3648,3664,250,-1,250,3664,3665,-1,250,3665,3646,-1,3661,3666,3662,-1,3662,3666,3667,-1,3662,3667,3668,-1,3668,3667,3669,-1,3668,3669,3670,-1,3671,3672,3669,-1,3661,3673,3666,-1,3666,3673,3671,-1,3666,3671,3667,-1,3667,3671,3669,-1,3674,252,3675,-1,3675,252,1522,-1,3674,3676,252,-1,252,3676,3677,-1,252,3677,3678,-1,3679,3680,3681,-1,3680,3682,3681,-1,3681,3682,3683,-1,3681,3683,3684,-1,3684,3685,3681,-1,3681,3685,3686,-1,3681,3686,3687,-1,3677,3688,3678,-1,3678,3688,3681,-1,3678,3681,3689,-1,3689,3681,3687,-1,3679,3681,3690,-1,3690,3681,3691,-1,3690,3691,3692,-1,3693,3672,3694,-1,3694,3672,3671,-1,3694,3671,3692,-1,3692,3671,3673,-1,3692,3673,3690,-1,3670,3693,3668,-1,3668,3693,3694,-1,3668,3694,3662,-1,3662,3694,3692,-1,3662,3692,3660,-1,3695,3670,3696,-1,3696,3670,3669,-1,3696,3669,3697,-1,3697,3669,3672,-1,3697,3672,3698,-1,3698,3672,3693,-1,3693,3670,3698,-1,3698,3670,3695,-1,3695,3696,3699,-1,3699,3696,3700,-1,3699,3700,3701,-1,3701,3700,3702,-1,3701,3702,3703,-1,3703,3702,3704,-1,3703,3704,3705,-1,3705,3704,3706,-1,3705,3706,3707,-1,3707,3706,3708,-1,3707,3708,3709,-1,3709,3708,3710,-1,3696,3697,3700,-1,3700,3697,3711,-1,3700,3711,3702,-1,3702,3711,3712,-1,3702,3712,3704,-1,3704,3712,3713,-1,3704,3713,3706,-1,3706,3713,3714,-1,3706,3714,3708,-1,3708,3714,3715,-1,3708,3715,3710,-1,3710,3715,3716,-1,3717,3716,3715,-1,3717,3715,3718,-1,3718,3715,3714,-1,3718,3714,3719,-1,3719,3714,3713,-1,3719,3713,3720,-1,3720,3713,3712,-1,3720,3712,3721,-1,3721,3712,3711,-1,3721,3711,3722,-1,3722,3711,3697,-1,3722,3697,3698,-1,3709,3717,3707,-1,3707,3717,3718,-1,3707,3718,3705,-1,3705,3718,3719,-1,3705,3719,3703,-1,3703,3719,3720,-1,3703,3720,3701,-1,3701,3720,3721,-1,3701,3721,3699,-1,3699,3721,3722,-1,3699,3722,3695,-1,3695,3722,3698,-1,3709,3710,3723,-1,3723,3710,3724,-1,3723,3724,3725,-1,3726,3727,3728,-1,3727,3729,3728,-1,3728,3729,3730,-1,3728,3730,3731,-1,3726,3728,3724,-1,3724,3728,3732,-1,3724,3732,3733,-1,3733,3734,3724,-1,3724,3734,3735,-1,3724,3735,3725,-1,3724,3710,3736,-1,3736,3710,3716,-1,3716,3717,3736,-1,3736,3717,3737,-1,3738,3739,3737,-1,3740,3741,3742,-1,3738,3737,3742,-1,3742,3737,3743,-1,3742,3743,3740,-1,3739,3744,3737,-1,3737,3744,3745,-1,3737,3745,3746,-1,3746,3747,3737,-1,3737,3747,3748,-1,3737,3748,3736,-1,3737,3717,3723,-1,3723,3717,3709,-1,3749,3750,3751,-1,3752,253,3753,-1,3753,253,3754,-1,3753,3754,3751,-1,3751,3754,3755,-1,3751,3755,3749,-1,3752,3756,253,-1,253,3756,3757,-1,253,3757,1507,-1,3750,3758,3751,-1,3751,3758,3759,-1,3751,3759,3760,-1,3760,3759,3761,-1,3760,3761,3762,-1,3762,3761,3763,-1,3762,3763,3764,-1,3764,3763,3765,-1,3764,3765,3766,-1,3766,3765,3767,-1,3768,3767,3769,-1,3769,3767,3765,-1,3769,3765,3770,-1,3770,3765,3763,-1,3770,3763,3771,-1,3772,251,3773,-1,3773,251,2063,-1,3770,3771,3774,-1,3774,3771,3775,-1,3774,3775,3776,-1,3775,3777,3776,-1,3776,3777,3778,-1,3776,3778,3779,-1,3772,3780,251,-1,251,3780,3781,-1,251,3781,3782,-1,3782,3781,3776,-1,3782,3776,3783,-1,3783,3776,3779,-1,3774,3784,3770,-1,3770,3784,3785,-1,3770,3785,3769,-1,3769,3785,3786,-1,3769,3786,3768,-1,3764,3766,3786,-1,3774,3762,3784,-1,3784,3762,3764,-1,3784,3764,3785,-1,3785,3764,3786,-1,3787,3766,3788,-1,3788,3766,3767,-1,3788,3767,3789,-1,3789,3767,3768,-1,3789,3768,3790,-1,3790,3768,3786,-1,3786,3766,3790,-1,3790,3766,3787,-1,3791,3792,3793,-1,3791,3793,3794,-1,3794,3793,3795,-1,3794,3795,3796,-1,3796,3795,3797,-1,3796,3797,3798,-1,3798,3797,3799,-1,3798,3799,3800,-1,3800,3799,3801,-1,3800,3801,3802,-1,3802,3801,3787,-1,3802,3787,3788,-1,3803,3791,3804,-1,3804,3791,3794,-1,3804,3794,3805,-1,3805,3794,3796,-1,3805,3796,3806,-1,3806,3796,3798,-1,3806,3798,3807,-1,3807,3798,3800,-1,3807,3800,3808,-1,3808,3800,3802,-1,3808,3802,3789,-1,3789,3802,3788,-1,3789,3790,3808,-1,3808,3790,3809,-1,3808,3809,3807,-1,3807,3809,3810,-1,3807,3810,3806,-1,3806,3810,3811,-1,3806,3811,3805,-1,3805,3811,3812,-1,3805,3812,3804,-1,3804,3812,3813,-1,3804,3813,3803,-1,3803,3813,3814,-1,3790,3787,3809,-1,3809,3787,3801,-1,3809,3801,3810,-1,3810,3801,3799,-1,3810,3799,3811,-1,3811,3799,3797,-1,3811,3797,3812,-1,3812,3797,3795,-1,3812,3795,3813,-1,3813,3795,3793,-1,3813,3793,3814,-1,3814,3793,3792,-1,3792,3791,3815,-1,3815,3791,3816,-1,3815,3816,3817,-1,3817,3818,3815,-1,3815,3818,3819,-1,3815,3819,3820,-1,3820,3821,3815,-1,3815,3821,3822,-1,3815,3822,3823,-1,3822,3824,3823,-1,3823,3824,3825,-1,3823,3825,3826,-1,3826,3825,3827,-1,3816,3791,3828,-1,3828,3791,3803,-1,3803,3814,3828,-1,3828,3814,3829,-1,3828,3829,3830,-1,3829,3831,3832,-1,3829,3833,3831,-1,3831,3833,3834,-1,3831,3834,3835,-1,3832,3836,3829,-1,3829,3836,3837,-1,3829,3837,3838,-1,3838,3839,3829,-1,3829,3839,3840,-1,3829,3840,3830,-1,3829,3814,3815,-1,3815,3814,3792,-1,3841,1134,3842,-1,3842,1134,246,-1,3841,3843,1134,-1,1134,3843,3844,-1,1134,3844,3845,-1,3846,3847,3848,-1,3847,3849,3848,-1,3848,3849,3850,-1,3848,3850,3851,-1,3851,3852,3848,-1,3848,3852,3853,-1,3848,3853,3854,-1,3844,3855,3845,-1,3845,3855,3848,-1,3845,3848,3856,-1,3856,3848,3854,-1,3846,3848,3857,-1,3857,3848,3858,-1,3857,3858,3859,-1,3860,3861,3862,-1,3862,3861,3863,-1,3862,3863,3859,-1,3859,3863,3864,-1,3859,3864,3857,-1,3865,3860,3866,-1,3866,3860,3862,-1,3866,3862,3867,-1,3867,3862,3859,-1,3867,3859,3868,-1,3869,248,1696,-1,3870,3871,3872,-1,3872,3871,3873,-1,3872,3873,3874,-1,3874,3875,3872,-1,3872,3875,3876,-1,3872,3876,3877,-1,3877,3878,3872,-1,3872,3878,3879,-1,3872,3879,3880,-1,3880,3881,3872,-1,3872,3881,3882,-1,3872,3882,3868,-1,3868,3882,3883,-1,3868,3883,3867,-1,3870,3884,3871,-1,3871,3884,3885,-1,3871,3885,1696,-1,1696,3885,3886,-1,1696,3886,3869,-1,3883,3887,3867,-1,3867,3887,3888,-1,3867,3888,3866,-1,3866,3888,3889,-1,3866,3889,3865,-1,3863,3861,3889,-1,3883,3864,3887,-1,3887,3864,3863,-1,3887,3863,3888,-1,3888,3863,3889,-1,3890,3861,3891,-1,3891,3861,3860,-1,3891,3860,3892,-1,3892,3860,3865,-1,3892,3865,3893,-1,3893,3865,3889,-1,3889,3861,3893,-1,3893,3861,3890,-1,3894,3895,3896,-1,3894,3896,3897,-1,3897,3896,3898,-1,3897,3898,3899,-1,3899,3898,3900,-1,3899,3900,3901,-1,3901,3900,3902,-1,3901,3902,3903,-1,3903,3902,3904,-1,3903,3904,3905,-1,3905,3904,3890,-1,3905,3890,3891,-1,3906,3894,3907,-1,3907,3894,3897,-1,3907,3897,3908,-1,3908,3897,3899,-1,3908,3899,3909,-1,3909,3899,3901,-1,3909,3901,3910,-1,3910,3901,3903,-1,3910,3903,3911,-1,3911,3903,3905,-1,3911,3905,3892,-1,3892,3905,3891,-1,3892,3893,3911,-1,3911,3893,3912,-1,3911,3912,3910,-1,3910,3912,3913,-1,3910,3913,3909,-1,3909,3913,3914,-1,3909,3914,3908,-1,3908,3914,3915,-1,3908,3915,3907,-1,3907,3915,3916,-1,3907,3916,3906,-1,3906,3916,3917,-1,3893,3890,3912,-1,3912,3890,3904,-1,3912,3904,3913,-1,3913,3904,3902,-1,3913,3902,3914,-1,3914,3902,3900,-1,3914,3900,3915,-1,3915,3900,3898,-1,3915,3898,3916,-1,3916,3898,3896,-1,3916,3896,3917,-1,3917,3896,3895,-1,3895,3894,3918,-1,3918,3894,3919,-1,3918,3920,3921,-1,3922,3923,3924,-1,3924,3923,3925,-1,3924,3925,3926,-1,3919,3927,3918,-1,3918,3927,3928,-1,3918,3928,3920,-1,3921,3929,3918,-1,3918,3929,3924,-1,3918,3924,3930,-1,3930,3924,3926,-1,3919,3894,3931,-1,3931,3894,3906,-1,3906,3917,3931,-1,3931,3917,3932,-1,3933,3934,3935,-1,3936,3937,3932,-1,3938,3939,3935,-1,3935,3939,3940,-1,3935,3940,3933,-1,3938,3935,3932,-1,3932,3935,3941,-1,3932,3941,3936,-1,3937,3942,3932,-1,3932,3942,3943,-1,3932,3943,3931,-1,3932,3917,3918,-1,3918,3917,3895,-1,3944,1731,249,-1,3945,3946,3947,-1,3947,3946,3948,-1,3945,3949,3946,-1,3946,3949,3950,-1,3946,3950,3951,-1,3951,3952,3946,-1,3946,3952,3953,-1,3946,3953,3954,-1,3954,3955,3946,-1,3946,3955,3956,-1,3946,3956,3957,-1,3957,3956,3958,-1,3957,3958,3959,-1,3946,3960,3948,-1,3948,3960,3961,-1,3948,3961,249,-1,249,3961,3962,-1,249,3962,3944,-1,3958,3963,3959,-1,3959,3963,3964,-1,3959,3964,3965,-1,3965,3964,3966,-1,3965,3966,3967,-1,3968,3969,3966,-1,3958,3970,3963,-1,3963,3970,3968,-1,3963,3968,3964,-1,3964,3968,3966,-1,247,1117,3971,-1,3971,3972,247,-1,247,3972,3973,-1,247,3973,3974,-1,3975,3976,3977,-1,3976,3978,3977,-1,3977,3978,3979,-1,3977,3979,3980,-1,3980,3981,3977,-1,3977,3981,3982,-1,3977,3982,3983,-1,3973,3984,3974,-1,3974,3984,3977,-1,3974,3977,3985,-1,3985,3977,3983,-1,3975,3977,3986,-1,3986,3977,3987,-1,3986,3987,3988,-1,3989,3969,3990,-1,3990,3969,3968,-1,3990,3968,3988,-1,3988,3968,3970,-1,3988,3970,3986,-1,3967,3989,3965,-1,3965,3989,3990,-1,3965,3990,3959,-1,3959,3990,3988,-1,3959,3988,3957,-1,3991,3967,3992,-1,3992,3967,3966,-1,3992,3966,3993,-1,3993,3966,3969,-1,3993,3969,3994,-1,3994,3969,3989,-1,3989,3967,3994,-1,3994,3967,3991,-1,3991,3992,3995,-1,3995,3992,3996,-1,3995,3996,3997,-1,3997,3996,3998,-1,3997,3998,3999,-1,3999,3998,4000,-1,3999,4000,4001,-1,4001,4000,4002,-1,4001,4002,4003,-1,4003,4002,4004,-1,4003,4004,4005,-1,4005,4004,4006,-1,3992,3993,3996,-1,3996,3993,4007,-1,3996,4007,3998,-1,3998,4007,4008,-1,3998,4008,4000,-1,4000,4008,4009,-1,4000,4009,4002,-1,4002,4009,4010,-1,4002,4010,4004,-1,4004,4010,4011,-1,4004,4011,4006,-1,4006,4011,4012,-1,4013,4012,4011,-1,4013,4011,4014,-1,4014,4011,4010,-1,4014,4010,4015,-1,4015,4010,4009,-1,4015,4009,4016,-1,4016,4009,4008,-1,4016,4008,4017,-1,4017,4008,4007,-1,4017,4007,4018,-1,4018,4007,3993,-1,4018,3993,3994,-1,4005,4013,4003,-1,4003,4013,4014,-1,4003,4014,4001,-1,4001,4014,4015,-1,4001,4015,3999,-1,3999,4015,4016,-1,3999,4016,3997,-1,3997,4016,4017,-1,3997,4017,3995,-1,3995,4017,4018,-1,3995,4018,3991,-1,3991,4018,3994,-1,4019,4020,4021,-1,4022,4023,4021,-1,4021,4024,4025,-1,4005,4006,4026,-1,4026,4006,4021,-1,4026,4021,4027,-1,4027,4021,4023,-1,4025,4028,4021,-1,4021,4028,4029,-1,4021,4029,4019,-1,4020,4030,4021,-1,4021,4030,4031,-1,4021,4031,4022,-1,4021,4006,4032,-1,4032,4006,4012,-1,4012,4013,4032,-1,4032,4013,4033,-1,4032,4033,4034,-1,4035,4036,4037,-1,4034,4038,4032,-1,4032,4038,4039,-1,4032,4039,4040,-1,4040,4041,4032,-1,4032,4041,4035,-1,4032,4035,4042,-1,4037,4043,4035,-1,4035,4043,4044,-1,4035,4044,4042,-1,4033,4013,4026,-1,4026,4013,4005,-1,3919,3931,3943,-1,3919,3943,3927,-1,3927,3943,3942,-1,3927,3942,3928,-1,3928,3942,3937,-1,3928,3937,3920,-1,3920,3937,3936,-1,3920,3936,3921,-1,3921,3936,3941,-1,3921,3941,3929,-1,3929,3941,3935,-1,3929,3935,3924,-1,3932,3918,3930,-1,3932,3930,3938,-1,3938,3930,3926,-1,3938,3926,3939,-1,3939,3926,3925,-1,3939,3925,3940,-1,3940,3925,3923,-1,3940,3923,3933,-1,3933,3923,3922,-1,3933,3922,3934,-1,3934,3922,3924,-1,3934,3924,3935,-1,4033,4026,4027,-1,4033,4027,4034,-1,4034,4027,4023,-1,4034,4023,4038,-1,4038,4023,4022,-1,4038,4022,4039,-1,4039,4022,4031,-1,4039,4031,4040,-1,4040,4031,4030,-1,4040,4030,4041,-1,4041,4030,4020,-1,4041,4020,4035,-1,4021,4032,4042,-1,4021,4042,4024,-1,4024,4042,4044,-1,4024,4044,4025,-1,4025,4044,4043,-1,4025,4043,4028,-1,4028,4043,4037,-1,4028,4037,4029,-1,4029,4037,4036,-1,4029,4036,4019,-1,4019,4036,4035,-1,4019,4035,4020,-1,3724,3736,3748,-1,3724,3748,3726,-1,3726,3748,3747,-1,3726,3747,3727,-1,3727,3747,3746,-1,3727,3746,3729,-1,3729,3746,3745,-1,3729,3745,3730,-1,3730,3745,3744,-1,3730,3744,3731,-1,3731,3744,3739,-1,3731,3739,3728,-1,3737,3723,3725,-1,3737,3725,3743,-1,3743,3725,3735,-1,3743,3735,3740,-1,3740,3735,3734,-1,3740,3734,3741,-1,3741,3734,3733,-1,3741,3733,3742,-1,3742,3733,3732,-1,3742,3732,3738,-1,3738,3732,3728,-1,3738,3728,3739,-1,3829,3815,3823,-1,3829,3823,3833,-1,3833,3823,3826,-1,3833,3826,3834,-1,3834,3826,3827,-1,3834,3827,3835,-1,3835,3827,3825,-1,3835,3825,3831,-1,3831,3825,3824,-1,3831,3824,3832,-1,3832,3824,3822,-1,3832,3822,3836,-1,3816,3828,3830,-1,3816,3830,3817,-1,3817,3830,3840,-1,3817,3840,3818,-1,3818,3840,3839,-1,3818,3839,3819,-1,3819,3839,3838,-1,3819,3838,3820,-1,3820,3838,3837,-1,3820,3837,3821,-1,3821,3837,3836,-1,3821,3836,3822,-1,3864,3883,3857,-1,3857,3883,3882,-1,3857,3882,3846,-1,3846,3882,3881,-1,3846,3881,3847,-1,3847,3881,3880,-1,3847,3880,3849,-1,3849,3880,3879,-1,3849,3879,3850,-1,3850,3879,3878,-1,3850,3878,3851,-1,3851,3878,3877,-1,3851,3877,3852,-1,3852,3877,3876,-1,3852,3876,3853,-1,3853,3876,3875,-1,3853,3875,3854,-1,3854,3875,3874,-1,3854,3874,3856,-1,3856,3874,3873,-1,3856,3873,3845,-1,3845,3873,3871,-1,3845,3871,1134,-1,1134,3871,1696,-1,3868,3859,3858,-1,3868,3858,3872,-1,3858,3848,3872,-1,3872,3848,3855,-1,3872,3855,3870,-1,3870,3855,3844,-1,3870,3844,3884,-1,3884,3844,3843,-1,3884,3843,3885,-1,3885,3843,3841,-1,3885,3841,3886,-1,3886,3841,3842,-1,3886,3842,3869,-1,3869,3842,246,-1,3869,246,248,-1,3970,3958,3986,-1,3986,3958,3956,-1,3986,3956,3975,-1,3975,3956,3955,-1,3975,3955,3976,-1,3976,3955,3954,-1,3976,3954,3978,-1,3978,3954,3953,-1,3978,3953,3979,-1,3979,3953,3952,-1,3979,3952,3980,-1,3980,3952,3951,-1,3980,3951,3981,-1,3981,3951,3950,-1,3981,3950,3982,-1,3982,3950,3949,-1,3982,3949,3983,-1,3983,3949,3945,-1,3983,3945,3985,-1,3985,3945,3947,-1,3985,3947,3974,-1,3974,3947,3948,-1,3974,3948,247,-1,247,3948,249,-1,1133,1732,1117,-1,1117,1732,1731,-1,1117,1731,3971,-1,1731,3944,3971,-1,3971,3944,3962,-1,3971,3962,3972,-1,3972,3962,3961,-1,3972,3961,3973,-1,3973,3961,3960,-1,3973,3960,3984,-1,3984,3960,3946,-1,3984,3946,3977,-1,3977,3946,3987,-1,3987,3946,3957,-1,3987,3957,3988,-1,3660,3692,3691,-1,3660,3691,3649,-1,3691,3681,3649,-1,3649,3681,3688,-1,3649,3688,3647,-1,3647,3688,3677,-1,3647,3677,3663,-1,3663,3677,3676,-1,3663,3676,3664,-1,3664,3676,3674,-1,3664,3674,3665,-1,3665,3674,3675,-1,3665,3675,3646,-1,3646,3675,1522,-1,3646,1522,2037,-1,3673,3661,3690,-1,3690,3661,3659,-1,3690,3659,3679,-1,3679,3659,3658,-1,3679,3658,3680,-1,3680,3658,3657,-1,3680,3657,3682,-1,3682,3657,3656,-1,3682,3656,3683,-1,3683,3656,3655,-1,3683,3655,3684,-1,3684,3655,3654,-1,3684,3654,3685,-1,3685,3654,3653,-1,3685,3653,3686,-1,3686,3653,3652,-1,3686,3652,3687,-1,3687,3652,3651,-1,3687,3651,3689,-1,3689,3651,3650,-1,3689,3650,3678,-1,3678,3650,3648,-1,3678,3648,252,-1,252,3648,250,-1,3771,3763,3761,-1,3771,3761,3775,-1,3761,3759,3775,-1,3775,3759,3758,-1,3775,3758,3777,-1,3777,3758,3750,-1,3777,3750,3778,-1,3778,3750,3749,-1,3778,3749,3779,-1,3779,3749,3755,-1,3779,3755,3783,-1,3783,3755,3754,-1,3783,3754,3782,-1,3782,3754,253,-1,3782,253,251,-1,2062,1508,2063,-1,2063,1508,1507,-1,2063,1507,3773,-1,3762,3774,3760,-1,3760,3774,3776,-1,3760,3776,3751,-1,3751,3776,3781,-1,3751,3781,3753,-1,3753,3781,3780,-1,3753,3780,3752,-1,3752,3780,3772,-1,3752,3772,3756,-1,3756,3772,3773,-1,3756,3773,3757,-1,3757,3773,1507,-1,
        ]
    }
}
Shape{
    appearance Appearance {
        material  Material 	{
            diffuseColor 0.2235294117647059 0.2235294117647059 0.2235294117647059
            specularColor 0.11372549019607843 0.11372549019607843 0.11372549019607843
            ambientIntensity 0.2235
            transparency 0.0
            shininess 0.5
        }
    }
    geometry IndexedFaceSet {
        ccw TRUE
        solid FALSE
        coord DEF co Coordinate {
            point [
                -0.5005 -4.4014 0.3734, -0.6158 -4.6967 0.3734, -0.5005 -4.4014 0.3694, -0.6158 -4.6967 0.3694, -0.5725 -4.6967 0.3734, -0.5725 -4.6967 0.3694, -0.5427 -4.6139 0.3734, -0.5427 -4.6139 0.3694, -0.4525 -4.6139 0.3694, -0.4207 -4.6139 0.3734, -0.4207 -4.6139 0.3694, -0.3925 -4.6967 0.3734, -0.3925 -4.6967 0.3694, -0.3493 -4.6967 0.3734, -0.3493 -4.6967 0.3694, -0.4525 -4.4238 0.3694, -0.4609 -4.4014 0.3734, -0.4609 -4.4014 0.3694, -0.4306 -4.5815 0.3734, -0.5294 -4.5815 0.3734, -0.4747 -4.4582 0.3734, -0.4775 -4.4479 0.3734, -0.4794 -4.4375 0.3734, -0.4804 -4.4375 0.3734, -0.4823 -4.4479 0.3734, -0.4849 -4.4582 0.3734, -0.4306 -4.5815 0.3694, -0.5294 -4.5815 0.3694, -0.4747 -4.4582 0.3694, -0.4775 -4.4479 0.3694, -0.4794 -4.4375 0.3694, -0.4804 -4.4375 0.3694, -0.4823 -4.4479 0.3694, -0.4849 -4.4582 0.3694, -0.1703 -4.6967 0.3734, -0.09 -4.6967 0.3734, -0.1703 -4.6967 0.3694, -0.09 -4.6967 0.3694, -0.09 -4.4014 0.3734, -0.09 -4.4014 0.3694, -0.1734 -4.4014 0.3734, -0.1734 -4.4014 0.3694, -0.3277 -4.5454 0.3734, -0.3277 -4.5454 0.3694, -0.3255 -4.5176 0.3694, -0.3255 -4.5176 0.3734, -0.3176 -4.4885 0.3694, -0.3176 -4.4885 0.3734, -0.3039 -4.4631 0.3694, -0.3039 -4.4631 0.3734, -0.283 -4.4399 0.3694, -0.283 -4.4399 0.3734, -0.2827 -4.4397 0.3694, -0.2827 -4.4397 0.3734, -0.2506 -4.4181 0.3694, -0.2506 -4.4181 0.3734, -0.216 -4.406 0.3694, -0.216 -4.406 0.3734, -0.2068 -4.6935 0.3694, -0.2068 -4.6935 0.3734, -0.2409 -4.6834 0.3694, -0.2409 -4.6834 0.3734, -0.2717 -4.6655 0.3694, -0.2717 -4.6655 0.3734, -0.296 -4.6422 0.3694, -0.296 -4.6422 0.3734, -0.3129 -4.6158 0.3694, -0.3129 -4.6158 0.3734, -0.3235 -4.5849 0.3694, -0.3235 -4.5849 0.3734, -0.2684 -4.4753 0.3734, -0.2541 -4.46 0.3734, -0.2325 -4.4461 0.3734, -0.2081 -4.4376 0.3734, -0.1732 -4.4339 0.3734, -0.1296 -4.4339 0.3734, -0.1296 -4.6643 0.3734, -0.1715 -4.6643 0.3734, -0.2027 -4.6614 0.3734, -0.2275 -4.6537 0.3734, -0.2477 -4.6417 0.3734, -0.2642 -4.6253 0.3734, -0.2767 -4.605 0.3734, -0.2854 -4.5772 0.3734, -0.2881 -4.5462 0.3734, -0.2856 -4.5168 0.3734, -0.2787 -4.4935 0.3734, -0.1732 -4.4339 0.3694, -0.1296 -4.4339 0.3694, -0.2081 -4.4376 0.3694, -0.2325 -4.4461 0.3694, -0.2541 -4.46 0.3694, -0.2684 -4.4753 0.3694, -0.2787 -4.4935 0.3694, -0.2856 -4.5168 0.3694, -0.2881 -4.5462 0.3694, -0.2854 -4.5772 0.3694, -0.2767 -4.605 0.3694, -0.2642 -4.6253 0.3694, -0.2477 -4.6417 0.3694, -0.2275 -4.6537 0.3694, -0.2027 -4.6614 0.3694, -0.1715 -4.6643 0.3694, -0.1296 -4.6643 0.3694, -0.0324 -4.6643 0.3734, -0.0324 -4.6967 0.3734, -0.0324 -4.6643 0.3694, -0.0324 -4.6967 0.3694, 0.126 -4.6967 0.3734, 0.126 -4.6967 0.3694, 0.126 -4.4014 0.3734, 0.126 -4.4014 0.3694, -0.0252 -4.4014 0.3734, -0.0252 -4.4014 0.3694, -0.0252 -4.4339 0.3734, -0.0252 -4.4339 0.3694, 0.0864 -4.4339 0.3734, 0.0864 -4.4339 0.3694, 0.0864 -4.5311 0.3734, 0.0864 -4.5311 0.3694, -0.018 -4.5311 0.3734, -0.018 -4.5311 0.3694, -0.018 -4.5635 0.3734, -0.018 -4.5635 0.3694, 0.0864 -4.5635 0.3734, 0.0864 -4.5635 0.3694, 0.0864 -4.6643 0.3734, 0.0864 -4.6643 0.3694, 0.1836 -4.649 0.3734, 0.1836 -4.6814 0.3734, 0.1836 -4.649 0.3694, 0.1836 -4.6814 0.3694, 0.2151 -4.6943 0.3734, 0.2649 -4.7003 0.3734, 0.2649 -4.7003 0.3694, 0.2568 -4.7002 0.3694, 0.2568 -4.7002 0.3734, 0.245 -4.6985 0.3694, 0.2151 -4.6943 0.3694, 0.2823 -4.6985 0.3694, 0.3013 -4.6965 0.3734, 0.3013 -4.6965 0.3694, 0.3299 -4.6867 0.3734, 0.3299 -4.6867 0.3694, 0.3537 -4.6715 0.3734, 0.3537 -4.6715 0.3694, 0.3758 -4.6482 0.3734, 0.3758 -4.6482 0.3694, 0.3916 -4.6201 0.3734, 0.3916 -4.6201 0.3694, 0.4004 -4.5888 0.3734, 0.4004 -4.5888 0.3694, 0.4033 -4.5547 0.3734, 0.4033 -4.5547 0.3694, 0.2531 -4.3978 0.3734, 0.2531 -4.3978 0.3694, 0.2828 -4.4003 0.3734, 0.2752 -4.3996 0.3694, 0.2828 -4.4003 0.3694, 0.3157 -4.4098 0.3694, 0.3157 -4.4098 0.3734, 0.3438 -4.426 0.3694, 0.3438 -4.426 0.3734, 0.3704 -4.4516 0.3694, 0.3704 -4.4516 0.3734, 0.3877 -4.4792 0.3694, 0.3877 -4.4792 0.3734, 0.3991 -4.5127 0.3694, 0.3991 -4.5127 0.3734, 0.227 -4.3996 0.3694, 0.2178 -4.4003 0.3734, 0.2178 -4.4003 0.3694, 0.1836 -4.4095 0.3734, 0.1836 -4.4095 0.3694, 0.1836 -4.4492 0.3734, 0.1836 -4.4492 0.3694, 0.2528 -4.4303 0.3734, 0.2528 -4.4303 0.3694, 0.2169 -4.4349 0.3694, 0.2169 -4.4349 0.3734, 0.3637 -4.5522 0.3734, 0.3637 -4.5522 0.3694, 0.3623 -4.5293 0.3694, 0.3623 -4.5293 0.3734, 0.3544 -4.4976 0.3694, 0.3544 -4.4976 0.3734, 0.3422 -4.4749 0.3694, 0.3422 -4.4749 0.3734, 0.3244 -4.4552 0.3694, 0.3244 -4.4552 0.3734, 0.304 -4.4415 0.3694, 0.304 -4.4415 0.3734, 0.2819 -4.4335 0.3694, 0.2819 -4.4335 0.3734, 0.2594 -4.6679 0.3734, 0.2594 -4.6679 0.3694, 0.287 -4.6648 0.3694, 0.287 -4.6648 0.3734, 0.3085 -4.6569 0.3694, 0.3085 -4.6569 0.3734, 0.3266 -4.6447 0.3694, 0.3266 -4.6447 0.3734, 0.3405 -4.6301 0.3694, 0.3405 -4.6301 0.3734, 0.3527 -4.6096 0.3694, 0.3527 -4.6096 0.3734, 0.3607 -4.5842 0.3694, 0.3607 -4.5842 0.3734, 0.1889 -4.6519 0.3694, 0.1889 -4.6519 0.3734, 0.2202 -4.6636 0.3694, 0.2202 -4.6636 0.3734, 0.4285 -4.6643 0.3734, 0.4285 -4.6967 0.3734, 0.4285 -4.6643 0.3694, 0.4285 -4.6967 0.3694, 0.5797 -4.6967 0.3734, 0.5797 -4.6967 0.3694, 0.5797 -4.4014 0.3734, 0.5797 -4.4014 0.3694, 0.5401 -4.4014 0.3734, 0.5401 -4.4014 0.3694, 0.5401 -4.6643 0.3734, 0.5401 -4.6643 0.3694
            ]
        }
        coordIndex [
            0,1,2,-1,2,1,3,-1,1,4,3,-1,3,4,5,-1,4,6,5,-1,5,6,7,-1,7,6,8,-1,8,6,9,-1,8,9,10,-1,9,11,10,-1,10,11,12,-1,11,13,12,-1,12,13,14,-1,14,13,15,-1,15,13,16,-1,15,16,17,-1,16,0,17,-1,17,0,2,-1,18,9,19,-1,19,9,6,-1,20,16,18,-1,18,16,13,-1,18,13,9,-1,9,13,11,-1,20,21,16,-1,16,21,22,-1,16,22,0,-1,0,22,23,-1,0,23,24,-1,24,25,0,-1,0,25,19,-1,0,19,1,-1,1,19,6,-1,1,6,4,-1,18,19,26,-1,26,19,27,-1,20,18,28,-1,28,18,26,-1,20,28,29,-1,20,29,21,-1,21,29,30,-1,21,30,22,-1,23,22,31,-1,31,22,30,-1,23,31,32,-1,23,32,24,-1,24,32,33,-1,24,33,25,-1,19,25,27,-1,27,25,33,-1,34,35,36,-1,36,35,37,-1,35,38,37,-1,37,38,39,-1,38,40,39,-1,39,40,41,-1,42,43,44,-1,42,44,45,-1,45,44,46,-1,45,46,47,-1,47,46,48,-1,47,48,49,-1,49,48,50,-1,49,50,51,-1,51,50,52,-1,51,52,53,-1,53,52,54,-1,53,54,55,-1,55,54,56,-1,55,56,57,-1,57,56,41,-1,57,41,40,-1,34,36,58,-1,34,58,59,-1,59,58,60,-1,59,60,61,-1,61,60,62,-1,61,62,63,-1,63,62,64,-1,63,64,65,-1,65,64,66,-1,65,66,67,-1,67,66,68,-1,67,68,69,-1,69,68,43,-1,69,43,42,-1,47,49,70,-1,70,49,51,-1,70,51,71,-1,71,51,53,-1,71,53,72,-1,72,53,55,-1,72,55,73,-1,73,55,57,-1,73,57,74,-1,74,57,40,-1,74,40,75,-1,75,40,38,-1,75,38,76,-1,76,38,35,-1,76,35,77,-1,77,35,34,-1,77,34,78,-1,78,34,59,-1,78,59,79,-1,79,59,61,-1,79,61,80,-1,80,61,63,-1,80,63,81,-1,81,63,65,-1,81,65,82,-1,82,65,67,-1,82,67,83,-1,83,67,69,-1,83,69,84,-1,84,69,42,-1,84,42,85,-1,85,42,45,-1,85,45,86,-1,86,45,47,-1,86,47,70,-1,74,75,87,-1,87,75,88,-1,74,87,89,-1,74,89,73,-1,73,89,90,-1,73,90,72,-1,72,90,91,-1,72,91,71,-1,71,91,92,-1,71,92,70,-1,70,92,93,-1,70,93,86,-1,86,93,94,-1,86,94,85,-1,85,94,95,-1,85,95,84,-1,84,95,96,-1,84,96,83,-1,83,96,97,-1,83,97,82,-1,82,97,98,-1,82,98,81,-1,81,98,99,-1,81,99,80,-1,80,99,100,-1,80,100,79,-1,79,100,101,-1,79,101,78,-1,78,101,102,-1,78,102,77,-1,76,77,103,-1,103,77,102,-1,75,76,88,-1,88,76,103,-1,104,105,106,-1,106,105,107,-1,105,108,107,-1,107,108,109,-1,108,110,109,-1,109,110,111,-1,110,112,111,-1,111,112,113,-1,112,114,113,-1,113,114,115,-1,114,116,115,-1,115,116,117,-1,116,118,117,-1,117,118,119,-1,118,120,119,-1,119,120,121,-1,120,122,121,-1,121,122,123,-1,122,124,123,-1,123,124,125,-1,124,126,125,-1,125,126,127,-1,126,104,127,-1,127,104,106,-1,108,105,104,-1,104,126,108,-1,108,126,124,-1,108,124,110,-1,114,112,116,-1,116,112,110,-1,116,110,118,-1,118,110,124,-1,118,124,120,-1,120,124,122,-1,128,129,130,-1,130,129,131,-1,131,129,132,-1,133,134,135,-1,133,135,136,-1,136,135,137,-1,136,137,132,-1,132,137,138,-1,132,138,131,-1,134,133,139,-1,139,133,140,-1,139,140,141,-1,141,140,142,-1,141,142,143,-1,143,142,144,-1,143,144,145,-1,145,144,146,-1,145,146,147,-1,147,146,148,-1,147,148,149,-1,149,148,150,-1,149,150,151,-1,151,150,152,-1,151,152,153,-1,154,155,156,-1,156,155,157,-1,157,158,156,-1,156,158,159,-1,156,159,160,-1,160,159,161,-1,160,161,162,-1,162,161,163,-1,162,163,164,-1,164,163,165,-1,164,165,166,-1,166,165,167,-1,166,167,168,-1,168,167,153,-1,168,153,152,-1,155,154,169,-1,169,154,170,-1,169,170,171,-1,171,170,172,-1,171,172,173,-1,172,174,173,-1,173,174,175,-1,176,177,178,-1,176,178,179,-1,179,178,175,-1,179,175,174,-1,180,181,182,-1,180,182,183,-1,183,182,184,-1,183,184,185,-1,185,184,186,-1,185,186,187,-1,187,186,188,-1,187,188,189,-1,189,188,190,-1,189,190,191,-1,191,190,192,-1,191,192,193,-1,193,192,177,-1,193,177,176,-1,194,195,196,-1,194,196,197,-1,197,196,198,-1,197,198,199,-1,199,198,200,-1,199,200,201,-1,201,200,202,-1,201,202,203,-1,203,202,204,-1,203,204,205,-1,205,204,206,-1,205,206,207,-1,207,206,181,-1,207,181,180,-1,128,130,208,-1,128,208,209,-1,209,208,210,-1,209,210,211,-1,211,210,195,-1,211,195,194,-1,197,133,194,-1,194,133,136,-1,194,136,211,-1,211,136,132,-1,211,132,209,-1,209,132,129,-1,209,129,128,-1,174,172,179,-1,179,172,170,-1,179,170,176,-1,176,170,154,-1,176,154,193,-1,193,154,156,-1,193,156,191,-1,191,156,160,-1,191,160,189,-1,189,160,162,-1,189,162,187,-1,187,162,164,-1,187,164,185,-1,185,164,166,-1,185,166,183,-1,183,166,168,-1,183,168,180,-1,180,168,152,-1,180,152,207,-1,207,152,150,-1,207,150,205,-1,205,150,148,-1,205,148,203,-1,203,148,146,-1,203,146,201,-1,201,146,144,-1,201,144,199,-1,199,144,142,-1,199,142,197,-1,197,142,140,-1,197,140,133,-1,212,213,214,-1,214,213,215,-1,213,216,215,-1,215,216,217,-1,216,218,217,-1,217,218,219,-1,218,220,219,-1,219,220,221,-1,220,222,221,-1,221,222,223,-1,222,212,223,-1,223,212,214,-1,220,218,222,-1,222,218,216,-1,222,216,212,-1,212,216,213,-1,
        ]
    }
}
Shape{
    appearance Appearance {
        material  Material 	{
            diffuseColor 0.6470588235294118 0.6196078431372549 0.5882352941176471
            specularColor 0.45098039215686275 0.43529411764705883 0.4117647058823529
            ambientIntensity 0.6242
            transparency 0.0
            shininess 0.5
        }
    }
    geometry IndexedFaceSet {
        ccw TRUE
        solid FALSE
        coord DEF co Coordinate {
            point [
                -0.4306 -4.5815 0.3694, -0.5294 -4.5815 0.3694, -0.4747 -4.4582 0.3694, -0.4849 -4.4582 0.3694, -0.4775 -4.4479 0.3694, -0.4823 -4.4479 0.3694, -0.4794 -4.4375 0.3694, -0.4804 -4.4375 0.3694, -0.1296 -4.4339 0.3694, -0.1296 -4.6643 0.3694, -0.1732 -4.4339 0.3694, -0.1715 -4.6643 0.3694, -0.2027 -4.6614 0.3694, -0.2881 -4.5462 0.3694, -0.2856 -4.5168 0.3694, -0.2787 -4.4935 0.3694, -0.2081 -4.4376 0.3694, -0.2275 -4.6537 0.3694, -0.2477 -4.6417 0.3694, -0.2642 -4.6253 0.3694, -0.2767 -4.605 0.3694, -0.2854 -4.5772 0.3694, -0.2684 -4.4753 0.3694, -0.2541 -4.46 0.3694, -0.2325 -4.4461 0.3694
            ]
        }
        coordIndex [
            0,1,2,-1,2,1,3,-1,2,3,4,-1,4,3,5,-1,4,5,6,-1,6,5,7,-1,8,9,10,-1,10,9,11,-1,10,11,12,-1,13,14,10,-1,10,14,15,-1,10,15,16,-1,12,17,10,-1,10,17,18,-1,10,18,19,-1,19,20,10,-1,10,20,21,-1,10,21,13,-1,22,23,15,-1,15,23,24,-1,15,24,16,-1,
        ]
    }
}
Shape{
    appearance Appearance {
        material  Material 	{
            diffuseColor 0.8431372549019608 0.8156862745098039 0.7529411764705882
            specularColor 0.4235294117647059 0.40784313725490196 0.3764705882352941
            ambientIntensity 0.8167
            transparency 0.0
            shininess 0.5
        }
    }
    geometry IndexedFaceSet {
        ccw TRUE
        solid FALSE
        coord DEF co Coordinate {
            point [
                1.8602 -1.6732 4.8931, 2.1063 -1.6732 4.8931, 2.1063 -4.4488 4.8931, -1.8602 -1.6732 4.8931, -1.5748 -1.6732 4.8931, -1.5748 -4.2323 4.8931, -2.1063 -4.4488 4.8931, -2.1063 -1.6732 4.8931, -1.1811 -4.2323 4.8931, -0.8858 -1.6732 4.8931, -0.5906 -1.6732 4.8931, -0.5906 -4.2323 4.8931, -0.1969 -4.2323 4.8931, -0.1969 -1.6732 4.8931, 0.0 -1.6732 4.8931, 0.1969 -4.2323 4.8931, 0.5906 -4.2323 4.8931, -1.1811 -1.6732 4.8931, 0.1969 -1.6732 4.8931, 0.8858 -1.6732 4.8931, 1.1811 -1.6732 4.8931, 1.1811 -4.2323 4.8931, 1.5748 -1.6732 4.8931, 1.5748 -4.2323 4.8931, 0.5906 -1.6732 4.8931, 1.8602 -1.6732 1.4954, 2.1063 -1.6732 1.4954, 2.1063 -4.4488 1.4954, -0.8858 -1.6732 1.4954, -0.5906 -1.6732 1.4954, -0.5906 -4.2323 1.4954, -2.1063 -4.4488 1.4954, -2.1063 -1.6732 1.4954, -1.8602 -1.6732 1.4954, -1.1811 -4.2323 1.4954, -1.5748 -4.2323 1.4954, -1.5748 -1.6732 1.4954, 0.1969 -1.6732 1.4954, 0.1969 -4.2323 1.4954, 0.0 -1.6732 1.4954, -0.1969 -4.2323 1.4954, -0.1969 -1.6732 1.4954, -1.1811 -1.6732 1.4954, 0.5906 -4.2323 1.4954, 0.8858 -1.6732 1.4954, 1.1811 -1.6732 1.4954, 1.1811 -4.2323 1.4954, 1.5748 -1.6732 1.4954, 1.5748 -4.2323 1.4954, 0.5906 -1.6732 1.4954, -1.9094 -1.6732 0.3694, -1.8602 -1.6732 0.3694, -1.8602 -1.6732 0.6372, -0.8858 -1.6732 0.3694, 1.9094 -1.6732 -0.1621, 2.5197 -1.6732 -0.1621, 1.9094 -1.6732 0.3694, 2.5197 -1.6732 0.6372, 1.8602 -1.6732 0.3694, -2.5197 -1.6732 -0.1621, -1.9094 -1.6732 -0.1621, -2.5197 -1.6732 0.6372, 2.162 -1.6732 4.9161, 2.1457 -1.6732 4.9036, 2.5197 -1.6732 3.5191, 2.1267 -1.6732 4.8957, 2.185 -1.6732 5.2474, 2.185 -1.6732 4.9718, 2.5197 -1.6732 5.2474, 2.1824 -1.6732 4.9514, 2.1745 -1.6732 4.9324, 2.1267 -1.6732 5.599, 2.1457 -1.6732 5.5912, 2.5197 -1.6732 5.9009, 2.1824 -1.6732 5.5434, 2.185 -1.6732 5.523, 2.162 -1.6732 5.5787, 2.1745 -1.6732 5.5624, 2.1063 -1.6732 5.6017, 1.8602 -1.6732 5.9009, 1.8602 -1.6732 5.6017, 0.8858 -1.6732 5.9009, 0.8858 -1.6732 5.6017, 0.0 -1.6732 5.9009, 0.0 -1.6732 5.6017, -0.8858 -1.6732 5.9009, -0.8858 -1.6732 5.6017, -1.8602 -1.6732 5.9009, -1.8602 -1.6732 5.6017, -2.185 -1.6732 4.9718, -2.185 -1.6732 5.2474, -2.5197 -1.6732 5.2474, -2.185 -1.6732 5.523, -2.5197 -1.6732 5.9009, -2.1824 -1.6732 5.5434, -2.1745 -1.6732 5.5624, -2.162 -1.6732 5.5787, -2.1457 -1.6732 5.5912, -2.1267 -1.6732 5.599, -2.1063 -1.6732 5.6017, -2.5197 -1.6732 3.5191, -2.1267 -1.6732 4.8957, -2.1457 -1.6732 4.9036, -2.162 -1.6732 4.9161, -2.1745 -1.6732 4.9324, -2.1824 -1.6732 4.9514, -1.2205 -1.6732 4.834, -1.5354 -1.6732 4.834, -1.8602 -1.6732 3.5191, -0.8858 -1.6732 3.5191, -1.2205 -1.6732 4.8931, -1.1811 -1.6732 4.9521, -1.5354 -1.6732 4.8931, -1.5748 -1.6732 4.9521, 0.0 -1.6732 3.5191, -0.2362 -1.6732 4.834, -0.5512 -1.6732 4.834, 0.8858 -1.6732 3.5191, 0.5512 -1.6732 4.834, 0.2362 -1.6732 4.834, -0.2362 -1.6732 4.8931, -0.1969 -1.6732 4.9521, -0.5512 -1.6732 4.8931, -0.5906 -1.6732 4.9521, 0.5512 -1.6732 4.8931, 0.5906 -1.6732 4.9521, 0.2362 -1.6732 4.8931, 0.1969 -1.6732 4.9521, 1.8602 -1.6732 3.5191, 1.5354 -1.6732 4.834, 1.2205 -1.6732 4.834, 1.1811 -1.6732 4.9521, 1.2205 -1.6732 4.8931, 1.5748 -1.6732 4.9521, 1.5354 -1.6732 4.8931, 0.0 -1.6732 0.6372, -0.2362 -1.6732 1.4364, -0.8858 -1.6732 0.6372, -0.5512 -1.6732 1.4364, 0.8858 -1.6732 0.6372, 0.5512 -1.6732 1.4364, 0.2362 -1.6732 1.4364, 1.8602 -1.6732 0.6372, 1.5354 -1.6732 1.4364, 1.2205 -1.6732 1.4364, 2.1063 -1.6732 2.2041, 2.1267 -1.6732 2.2014, 1.8602 -1.6732 2.2041, 2.1457 -1.6732 1.506, 2.1267 -1.6732 1.4981, 0.8858 -1.6732 0.3694, 0.0 -1.6732 0.3694, 2.1457 -1.6732 2.1935, 2.162 -1.6732 2.181, 2.1745 -1.6732 2.1647, 2.1824 -1.6732 1.5538, 2.1745 -1.6732 1.5348, 2.162 -1.6732 1.5185, 2.1824 -1.6732 2.1457, 2.185 -1.6732 2.1254, 2.185 -1.6732 1.5742, 0.8858 -1.6732 2.2041, 0.0 -1.6732 2.2041, -0.8858 -1.6732 2.2041, -1.8602 -1.6732 2.2041, -2.1063 -1.6732 2.2041, -2.1745 -1.6732 2.1647, -2.162 -1.6732 2.181, -2.1457 -1.6732 2.1935, -2.1267 -1.6732 2.2014, -2.1679 -1.6732 1.5251, -2.1772 -1.6732 1.54, -2.1831 -1.6732 1.5566, -2.1238 -1.6732 1.4974, -2.1405 -1.6732 1.5032, -2.1554 -1.6732 1.5126, -2.185 -1.6732 1.5742, -2.185 -1.6732 2.1254, -2.1824 -1.6732 2.1457, -1.2205 -1.6732 1.4364, -1.5354 -1.6732 1.4364, 1.5354 -1.6732 1.4954, 1.5748 -1.6732 1.5545, 1.2205 -1.6732 1.4954, 1.1811 -1.6732 1.5545, 0.5512 -1.6732 1.4954, 0.5906 -1.6732 1.5545, 0.2362 -1.6732 1.4954, 0.1969 -1.6732 1.5545, -0.2362 -1.6732 1.4954, -0.1969 -1.6732 1.5545, -0.5512 -1.6732 1.4954, -0.5906 -1.6732 1.5545, -1.2205 -1.6732 1.4954, -1.1811 -1.6732 1.5545, -1.5354 -1.6732 1.4954, -1.5748 -1.6732 1.5545, 2.5197 1.752 5.9009, 2.5197 1.752 -0.1621, -1.9138 1.752 -0.1621, -2.5197 1.752 -0.1621, -1.9138 1.752 -0.0439, -2.5197 1.752 5.9009, 0.8858 1.752 -0.0439, 1.9138 1.752 -0.0439, 1.9138 1.752 -0.1621, 0.0 1.752 -0.0439, -0.8858 1.752 -0.0439, -1.7246 1.752 -0.0439, -1.9138 -1.0056 -0.1621, 1.9138 -1.0056 -0.1621, -1.9094 -3.4449 -0.1621, 1.9094 -3.4449 -0.1621, 1.9094 -3.4449 0.2513, 1.9094 -2.0949 0.3694, -1.9094 -2.0949 0.3694, -1.9094 -3.4449 0.2513, 1.9138 -1.0056 -0.0439, 1.9138 -0.5274 -0.0439, 1.9138 0.498 -0.0439, -1.9138 -0.5274 -0.0439, -1.9138 -1.0056 -0.0439, -1.9138 0.498 -0.0439, -1.7246 -1.0056 -0.0439, -0.8858 -1.0056 -0.0439, 0.0 -1.0056 -0.0439, 0.8858 -1.0056 -0.0439, -1.7246 -0.5274 -0.0439, -0.8858 -0.5274 -0.0439, 0.0 -0.5274 -0.0439, 0.8858 -0.5274 -0.0439, 1.5354 -0.0492 -0.0439, 1.2205 -0.0492 -0.0439, 1.2205 0.0098 -0.0439, 0.8858 0.498 -0.0439, 1.5354 0.0098 -0.0439, 0.5512 -0.0492 -0.0439, 0.2362 -0.0492 -0.0439, 0.2362 0.0098 -0.0439, 0.0 0.498 -0.0439, 0.5512 0.0098 -0.0439, -0.2362 -0.0492 -0.0439, -0.5512 -0.0492 -0.0439, -0.5512 0.0098 -0.0439, -0.8858 0.498 -0.0439, -0.2362 0.0098 -0.0439, -1.2205 -0.0492 -0.0439, -1.5354 -0.0492 -0.0439, -1.5354 0.0098 -0.0439, -1.7246 0.498 -0.0439, -1.2205 0.0098 -0.0439, 1.5354 1.0453 -0.0439, 1.5354 0.9862 -0.0439, 1.2205 0.9862 -0.0439, 1.2205 1.0453 -0.0439, 0.5512 0.9862 -0.0439, 0.2362 0.9862 -0.0439, 0.2362 1.0453 -0.0439, 0.5512 1.0453 -0.0439, -0.2362 1.0453 -0.0439, -0.2362 0.9862 -0.0439, -0.5512 0.9862 -0.0439, -0.5512 1.0453 -0.0439, -1.2205 1.0453 -0.0439, -1.2205 0.9862 -0.0439, -1.5354 0.9862 -0.0439, -1.5354 1.0453 -0.0439, 2.185 -4.4488 5.523, 2.185 -4.4488 4.9718, 2.1063 -4.4488 5.6017, -2.1063 -4.4488 5.6017, -2.185 -4.4488 4.9718, -2.185 -4.4488 5.523, 1.9513 -4.8425 5.368, -1.9513 -4.8425 5.368, 1.9513 -4.8425 5.1268, -1.9513 -4.8425 5.1268, 2.185 -4.4488 2.1254, 2.185 -4.4488 1.5742, 2.1063 -4.4488 2.2041, -2.1063 -4.4488 2.2041, -2.185 -4.4488 1.5742, -2.185 -4.4488 2.1254, 1.9513 -4.8425 1.9703, -1.9513 -4.8425 1.9703, 1.9513 -4.8425 1.7292, -1.9513 -4.8425 1.7292, 2.1847 -4.4495 2.1324, 2.0227 -4.7971 1.9703, 2.0227 -4.7971 1.7292, 2.1847 -4.4495 1.5671, -2.1134 -4.4495 2.2038, -1.9513 -4.7971 2.0417, 1.9513 -4.7971 2.0417, 2.1134 -4.4495 2.2038, 2.1134 -4.4495 1.4957, 1.9513 -4.7971 1.6578, -1.9513 -4.7971 1.6578, -2.1134 -4.4495 1.4957, -2.1847 -4.4495 1.5671, -2.0227 -4.7971 1.7292, -2.0227 -4.7971 1.9703, -2.1847 -4.4495 2.1324, 2.1847 -4.4495 5.53, 2.0227 -4.7971 5.368, 2.0227 -4.7971 5.1268, 2.1847 -4.4495 4.9647, -2.1134 -4.4495 5.6014, -1.9513 -4.7971 5.4393, 1.9513 -4.7971 5.4393, 2.1134 -4.4495 5.6014, 2.1134 -4.4495 4.8934, 1.9513 -4.7971 5.0555, -1.9513 -4.7971 5.0555, -2.1134 -4.4495 4.8934, -2.1847 -4.4495 4.9647, -2.0227 -4.7971 5.1268, -2.0227 -4.7971 5.368, -2.1847 -4.4495 5.53, -2.1826 -4.4512 1.5568, -2.181 -4.4525 1.5493, -2.1768 -4.4535 1.5402, -2.1733 -4.4544 1.5328, -2.1674 -4.4547 1.5254, -2.162 -4.455 1.5185, -2.1551 -4.4547 1.513, -2.1477 -4.4544 1.5072, -2.1402 -4.4535 1.5037, -2.1312 -4.4525 1.4995, -2.1237 -4.4512 1.4979, -2.1266 -4.4517 2.201, -2.1312 -4.4525 2.2001, -2.1456 -4.4541 2.1933, -2.1477 -4.4544 2.1923, -2.162 -4.455 2.181, -2.1733 -4.4544 2.1667, -2.1743 -4.4541 2.1646, -2.181 -4.4525 2.1502, -2.182 -4.4517 2.1456, -1.968 -4.8025 1.6627, -1.9603 -4.8 1.6605, -1.971 -4.8032 1.6643, -1.976 -4.8043 1.667, -1.9837 -4.806 1.6711, -1.9862 -4.8062 1.6731, -1.9939 -4.8068 1.6795, -1.9978 -4.8071 1.6827, -2.0065 -4.8062 1.6934, -2.0075 -4.8061 1.6946, -2.0093 -4.806 1.6967, -2.0172 -4.8028 1.7114, -2.0178 -4.8025 1.7125, -2.0136 -4.8119 1.9703, -2.0136 -4.8119 1.7292, -2.0133 -4.8122 1.9703, -2.0133 -4.8122 1.7292, -2.0011 -4.8248 1.9703, -2.0011 -4.8248 1.7292, -2.0008 -4.8249 1.9703, -2.0008 -4.8249 1.7292, -1.986 -4.8345 1.9703, -1.986 -4.8345 1.7292, -1.9858 -4.8345 1.9703, -1.9858 -4.8345 1.7292, -1.9691 -4.8405 1.9703, -1.9691 -4.8405 1.7292, -1.969 -4.8405 1.9703, -1.969 -4.8405 1.7292, -2.0178 -4.8025 1.987, -2.0093 -4.806 2.0028, -2.0172 -4.8028 1.9881, -1.9978 -4.8071 2.0168, -2.0065 -4.8062 2.0062, -2.0075 -4.8061 2.005, -1.9939 -4.8068 2.02, -1.9862 -4.8062 2.0264, -1.9837 -4.806 2.0284, -1.976 -4.8043 2.0325, -1.9603 -4.8 2.0391, -1.968 -4.8025 2.0368, -1.971 -4.8032 2.0352, 2.1266 -4.4517 1.4985, 2.1312 -4.4525 1.4995, 2.1456 -4.4541 1.5062, 2.1477 -4.4544 1.5072, 2.162 -4.455 1.5185, 2.1733 -4.4544 1.5328, 2.1743 -4.4541 1.5349, 2.181 -4.4525 1.5493, 2.182 -4.4517 1.5539, -2.012 -4.8107 1.7114, -1.9998 -4.8232 1.7114, -1.9851 -4.8326 1.7114, -1.9622 -4.8107 1.6669, -1.9725 -4.807 1.6669, -1.9782 -4.8185 1.6794, -1.9899 -4.811 1.6794, -1.996 -4.8185 1.6945, -2.0072 -4.807 1.6945, -1.9686 -4.8385 1.7114, -1.9513 -4.8405 1.7115, -1.9673 -4.8326 1.6945, -1.9513 -4.8345 1.6947, -1.9513 -4.8405 1.7114, -1.9651 -4.8232 1.6794, -1.9513 -4.8249 1.6796, -1.9513 -4.8345 1.6945, -1.9824 -4.8272 1.6945, -1.9513 -4.8119 1.6669, -1.9513 -4.8122 1.6672, -1.9513 -4.8248 1.6794, -1.9851 -4.8326 1.9882, -2.0072 -4.807 2.0051, -2.012 -4.8107 1.9882, -1.9899 -4.811 2.0201, -1.996 -4.8185 2.0051, -1.9725 -4.807 2.0327, -1.9782 -4.8185 2.0201, -1.9513 -4.8119 2.0327, -1.9622 -4.8107 2.0327, -1.9513 -4.8122 2.0324, -1.9651 -4.8232 2.0201, -1.9673 -4.8326 2.0051, -1.9513 -4.8249 2.0199, -1.9513 -4.8248 2.0201, -1.9513 -4.8405 1.9881, -1.9513 -4.8405 1.9882, -1.9686 -4.8385 1.9882, -1.9513 -4.8345 2.0049, -1.9513 -4.8345 2.0051, -1.9998 -4.8232 1.9882, -1.9824 -4.8272 2.0051, 2.182 -4.4517 2.1456, 2.181 -4.4525 2.1502, 2.1743 -4.4541 2.1646, 2.1733 -4.4544 2.1667, 2.162 -4.455 2.181, 2.1477 -4.4544 2.1923, 2.1456 -4.4541 2.1933, 2.1312 -4.4525 2.2001, 2.1266 -4.4517 2.201, 2.0178 -4.8025 1.7125, 2.0093 -4.806 1.6967, 2.0172 -4.8028 1.7114, 2.0075 -4.8061 1.6946, 2.0065 -4.8062 1.6934, 1.9978 -4.8071 1.6827, 1.9939 -4.8068 1.6795, 1.9862 -4.8062 1.6731, 1.9837 -4.806 1.6711, 1.9603 -4.8 1.6605, 1.968 -4.8025 1.6627, 1.971 -4.8032 1.6643, 1.976 -4.8043 1.667, 1.9513 -4.8119 1.6669, 1.9513 -4.8122 1.6672, 1.9513 -4.8248 1.6794, 1.9513 -4.8249 1.6796, 1.9513 -4.8345 1.6945, 1.9513 -4.8345 1.6947, 1.9513 -4.8405 1.7114, 1.9513 -4.8405 1.7115, 1.9513 -4.8119 2.0327, 1.9513 -4.8122 2.0324, 1.9513 -4.8248 2.0201, 1.9513 -4.8249 2.0199, 1.9513 -4.8345 2.0051, 1.9513 -4.8345 2.0049, 1.9513 -4.8405 1.9882, 1.9513 -4.8405 1.9881, 1.968 -4.8025 2.0368, 1.9603 -4.8 2.0391, 1.971 -4.8032 2.0352, 1.976 -4.8043 2.0325, 1.9837 -4.806 2.0284, 1.9862 -4.8062 2.0264, 1.9939 -4.8068 2.02, 1.9978 -4.8071 2.0168, 2.0065 -4.8062 2.0062, 2.0075 -4.8061 2.005, 2.0093 -4.806 2.0028, 2.0172 -4.8028 1.9881, 2.0178 -4.8025 1.987, 2.0008 -4.8249 1.7292, 1.986 -4.8345 1.7292, 1.9851 -4.8326 1.7114, 2.0133 -4.8122 1.7292, 2.0011 -4.8248 1.7292, 1.9998 -4.8232 1.7114, 2.0072 -4.807 1.6945, 2.0136 -4.8119 1.7292, 2.012 -4.8107 1.7114, 1.9899 -4.811 1.6794, 1.996 -4.8185 1.6945, 1.9725 -4.807 1.6669, 1.9782 -4.8185 1.6794, 1.969 -4.8405 1.7292, 1.9686 -4.8385 1.7114, 1.9691 -4.8405 1.7292, 1.9858 -4.8345 1.7292, 1.9673 -4.8326 1.6945, 1.9824 -4.8272 1.6945, 1.9651 -4.8232 1.6794, 1.9622 -4.8107 1.6669, 1.969 -4.8405 1.9703, 1.9691 -4.8405 1.9703, 1.9686 -4.8385 1.9882, 1.9858 -4.8345 1.9703, 1.986 -4.8345 1.9703, 1.9851 -4.8326 1.9882, 2.0008 -4.8249 1.9703, 2.0011 -4.8248 1.9703, 1.9998 -4.8232 1.9882, 2.0133 -4.8122 1.9703, 2.0136 -4.8119 1.9703, 2.012 -4.8107 1.9882, 1.9622 -4.8107 2.0327, 1.9725 -4.807 2.0327, 1.9782 -4.8185 2.0201, 1.9899 -4.811 2.0201, 1.996 -4.8185 2.0051, 2.0072 -4.807 2.0051, 1.9651 -4.8232 2.0201, 1.9673 -4.8326 2.0051, 1.9824 -4.8272 2.0051, -2.182 -4.4517 4.9515, -2.181 -4.4525 4.9469, -2.1743 -4.4541 4.9325, -2.1733 -4.4544 4.9304, -2.162 -4.455 4.9161, -2.1477 -4.4544 4.9048, -2.1456 -4.4541 4.9038, -2.1312 -4.4525 4.8971, -2.1266 -4.4517 4.8961, -2.1266 -4.4517 5.5986, -2.1312 -4.4525 5.5977, -2.1456 -4.4541 5.591, -2.1477 -4.4544 5.59, -2.162 -4.455 5.5787, -2.1733 -4.4544 5.5644, -2.1743 -4.4541 5.5623, -2.181 -4.4525 5.5479, -2.182 -4.4517 5.5433, -1.968 -4.8025 5.0603, -1.9603 -4.8 5.0581, -1.971 -4.8032 5.062, -1.976 -4.8043 5.0646, -1.9837 -4.806 5.0688, -1.9862 -4.8062 5.0708, -1.9939 -4.8068 5.0772, -1.9978 -4.8071 5.0803, -2.0065 -4.8062 5.091, -2.0075 -4.8061 5.0922, -2.0093 -4.806 5.0944, -2.0172 -4.8028 5.109, -2.0178 -4.8025 5.1101, -2.0136 -4.8119 5.368, -2.0136 -4.8119 5.1268, -2.0133 -4.8122 5.368, -2.0133 -4.8122 5.1268, -2.0011 -4.8248 5.368, -2.0011 -4.8248 5.1268, -2.0008 -4.8249 5.368, -2.0008 -4.8249 5.1268, -1.986 -4.8345 5.368, -1.986 -4.8345 5.1268, -1.9858 -4.8345 5.368, -1.9858 -4.8345 5.1268, -1.9691 -4.8405 5.368, -1.9691 -4.8405 5.1268, -1.969 -4.8405 5.368, -1.969 -4.8405 5.1268, -2.0178 -4.8025 5.3846, -2.0093 -4.806 5.4004, -2.0172 -4.8028 5.3858, -1.9978 -4.8071 5.4145, -2.0065 -4.8062 5.4038, -2.0075 -4.8061 5.4026, -1.9939 -4.8068 5.4176, -1.9862 -4.8062 5.424, -1.9837 -4.806 5.426, -1.976 -4.8043 5.4302, -1.9603 -4.8 5.4367, -1.968 -4.8025 5.4345, -1.971 -4.8032 5.4328, 2.1266 -4.4517 4.8961, 2.1312 -4.4525 4.8971, 2.1456 -4.4541 4.9038, 2.1477 -4.4544 4.9048, 2.162 -4.455 4.9161, 2.1733 -4.4544 4.9304, 2.1743 -4.4541 4.9325, 2.181 -4.4525 4.9469, 2.182 -4.4517 4.9515, -2.012 -4.8107 5.109, -1.9998 -4.8232 5.109, -1.9851 -4.8326 5.109, -1.9622 -4.8107 5.0645, -1.9725 -4.807 5.0645, -1.9782 -4.8185 5.077, -1.9899 -4.811 5.077, -1.996 -4.8185 5.0921, -2.0072 -4.807 5.0921, -1.9686 -4.8385 5.109, -1.9513 -4.8405 5.1091, -1.9673 -4.8326 5.0921, -1.9513 -4.8345 5.0923, -1.9513 -4.8405 5.109, -1.9651 -4.8232 5.077, -1.9513 -4.8249 5.0773, -1.9513 -4.8345 5.0921, -1.9824 -4.8272 5.0921, -1.9513 -4.8119 5.0645, -1.9513 -4.8122 5.0648, -1.9513 -4.8248 5.077, -1.9851 -4.8326 5.3858, -2.0072 -4.807 5.4027, -2.012 -4.8107 5.3858, -1.9899 -4.811 5.4178, -1.996 -4.8185 5.4027, -1.9725 -4.807 5.4303, -1.9782 -4.8185 5.4178, -1.9513 -4.8119 5.4303, -1.9622 -4.8107 5.4303, -1.9513 -4.8122 5.43, -1.9651 -4.8232 5.4178, -1.9673 -4.8326 5.4027, -1.9513 -4.8249 5.4175, -1.9513 -4.8248 5.4178, -1.9513 -4.8405 5.3857, -1.9513 -4.8405 5.3858, -1.9686 -4.8385 5.3858, -1.9513 -4.8345 5.4025, -1.9513 -4.8345 5.4027, -1.9998 -4.8232 5.3858, -1.9824 -4.8272 5.4027, 2.182 -4.4517 5.5433, 2.181 -4.4525 5.5479, 2.1743 -4.4541 5.5623, 2.1733 -4.4544 5.5644, 2.162 -4.455 5.5787, 2.1477 -4.4544 5.59, 2.1456 -4.4541 5.591, 2.1312 -4.4525 5.5977, 2.1266 -4.4517 5.5986, 2.0178 -4.8025 5.1101, 2.0093 -4.806 5.0944, 2.0172 -4.8028 5.109, 1.9978 -4.8071 5.0803, 2.0065 -4.8062 5.091, 2.0075 -4.8061 5.0922, 1.9939 -4.8068 5.0772, 1.9862 -4.8062 5.0708, 1.9837 -4.806 5.0688, 1.976 -4.8043 5.0646, 1.9603 -4.8 5.0581, 1.968 -4.8025 5.0603, 1.971 -4.8032 5.062, 1.9513 -4.8119 5.0645, 1.9513 -4.8122 5.0648, 1.9513 -4.8248 5.077, 1.9513 -4.8249 5.0773, 1.9513 -4.8345 5.0921, 1.9513 -4.8345 5.0923, 1.9513 -4.8405 5.109, 1.9513 -4.8405 5.1091, 1.9513 -4.8119 5.4303, 1.9513 -4.8122 5.43, 1.9513 -4.8248 5.4178, 1.9513 -4.8249 5.4175, 1.9513 -4.8345 5.4027, 1.9513 -4.8345 5.4025, 1.9513 -4.8405 5.3858, 1.9513 -4.8405 5.3857, 1.968 -4.8025 5.4345, 1.9603 -4.8 5.4367, 1.971 -4.8032 5.4328, 1.976 -4.8043 5.4302, 1.9837 -4.806 5.426, 1.9862 -4.8062 5.424, 1.9939 -4.8068 5.4176, 1.9978 -4.8071 5.4145, 2.0065 -4.8062 5.4038, 2.0075 -4.8061 5.4026, 2.0093 -4.806 5.4004, 2.0172 -4.8028 5.3858, 2.0178 -4.8025 5.3846, 2.0008 -4.8249 5.1268, 1.986 -4.8345 5.1268, 1.9851 -4.8326 5.109, 2.0133 -4.8122 5.1268, 2.0011 -4.8248 5.1268, 1.9998 -4.8232 5.109, 2.0072 -4.807 5.0921, 2.0136 -4.8119 5.1268, 2.012 -4.8107 5.109, 1.9899 -4.811 5.077, 1.996 -4.8185 5.0921, 1.9725 -4.807 5.0645, 1.9782 -4.8185 5.077, 1.969 -4.8405 5.1268, 1.9686 -4.8385 5.109, 1.9691 -4.8405 5.1268, 1.9858 -4.8345 5.1268, 1.9673 -4.8326 5.0921, 1.9824 -4.8272 5.0921, 1.9651 -4.8232 5.077, 1.9622 -4.8107 5.0645, 1.969 -4.8405 5.368, 1.9691 -4.8405 5.368, 1.9686 -4.8385 5.3858, 1.9858 -4.8345 5.368, 1.986 -4.8345 5.368, 1.9851 -4.8326 5.3858, 2.0008 -4.8249 5.368, 2.0011 -4.8248 5.368, 1.9998 -4.8232 5.3858, 2.0133 -4.8122 5.368, 2.0136 -4.8119 5.368, 2.012 -4.8107 5.3858, 1.9622 -4.8107 5.4303, 1.9725 -4.807 5.4303, 1.9782 -4.8185 5.4178, 1.9899 -4.811 5.4178, 1.996 -4.8185 5.4027, 2.0072 -4.807 5.4027, 1.9651 -4.8232 5.4178, 1.9673 -4.8326 5.4027, 1.9824 -4.8272 5.4027, 1.5748 -4.2323 1.5545, 1.1811 -4.2323 1.5545, 0.5906 -4.2323 1.5545, 0.1969 -4.2323 1.5545, -0.1969 -4.2323 1.5545, -0.5906 -4.2323 1.5545, -1.1811 -4.2323 1.5545, -1.5748 -4.2323 1.5545, -1.1811 -4.2323 4.9521, -1.5748 -4.2323 4.9521, -0.1969 -4.2323 4.9521, -0.5906 -4.2323 4.9521, 0.5906 -4.2323 4.9521, 0.1969 -4.2323 4.9521, 1.5748 -4.2323 4.9521, 1.1811 -4.2323 4.9521
            ]
        }
        coordIndex [
            0,1,2,-1,3,4,5,-1,6,7,3,-1,3,5,6,-1,6,5,8,-1,6,8,2,-1,9,10,11,-1,12,13,14,-1,15,16,2,-1,17,9,8,-1,8,9,11,-1,8,11,2,-1,2,11,12,-1,2,12,15,-1,15,12,14,-1,15,14,18,-1,19,20,21,-1,22,0,23,-1,23,0,2,-1,23,2,21,-1,21,2,16,-1,21,16,19,-1,19,16,24,-1,25,26,27,-1,28,29,30,-1,31,32,33,-1,34,31,35,-1,35,31,33,-1,35,33,36,-1,37,38,39,-1,39,38,40,-1,39,40,41,-1,42,28,34,-1,34,28,30,-1,34,30,31,-1,31,30,40,-1,31,40,27,-1,27,40,38,-1,27,38,43,-1,44,45,46,-1,47,25,48,-1,48,25,27,-1,48,27,46,-1,46,27,43,-1,46,43,44,-1,44,43,49,-1,50,51,52,-1,52,51,53,-1,54,55,56,-1,56,55,57,-1,56,57,58,-1,59,60,61,-1,61,60,50,-1,62,63,64,-1,64,63,65,-1,66,67,68,-1,68,67,69,-1,68,69,64,-1,64,69,70,-1,64,70,62,-1,71,72,73,-1,73,74,68,-1,68,74,75,-1,68,75,66,-1,72,76,73,-1,73,76,77,-1,73,77,74,-1,71,73,78,-1,78,73,79,-1,78,79,80,-1,80,79,81,-1,80,81,82,-1,82,81,83,-1,82,83,84,-1,84,83,85,-1,84,85,86,-1,86,85,87,-1,86,87,88,-1,89,90,91,-1,91,90,92,-1,91,92,93,-1,92,94,93,-1,93,94,95,-1,93,95,96,-1,96,97,93,-1,93,97,98,-1,93,98,87,-1,87,98,99,-1,87,99,88,-1,3,7,100,-1,100,7,101,-1,100,101,102,-1,102,103,100,-1,100,103,104,-1,100,104,91,-1,91,104,105,-1,91,105,89,-1,106,107,108,-1,108,109,106,-1,106,109,17,-1,106,17,110,-1,110,17,111,-1,110,111,112,-1,112,111,113,-1,112,113,107,-1,114,115,109,-1,109,115,116,-1,117,19,24,-1,118,119,114,-1,114,119,14,-1,114,14,115,-1,115,14,13,-1,115,13,120,-1,120,13,121,-1,120,121,122,-1,122,121,123,-1,122,123,116,-1,116,123,10,-1,116,10,109,-1,109,10,9,-1,109,9,17,-1,114,117,118,-1,118,117,24,-1,118,24,124,-1,124,24,125,-1,124,125,126,-1,126,125,127,-1,126,127,119,-1,119,127,18,-1,119,18,14,-1,128,129,117,-1,117,129,130,-1,19,117,20,-1,20,117,130,-1,20,130,131,-1,131,130,132,-1,131,132,133,-1,133,132,134,-1,133,134,22,-1,22,134,129,-1,22,129,0,-1,0,129,128,-1,0,128,1,-1,135,136,137,-1,137,136,138,-1,139,140,135,-1,135,140,141,-1,142,143,139,-1,139,143,144,-1,145,146,64,-1,145,64,147,-1,148,149,57,-1,57,149,142,-1,57,142,58,-1,58,142,139,-1,58,139,150,-1,150,139,135,-1,150,135,151,-1,151,135,137,-1,151,137,53,-1,146,152,64,-1,64,152,153,-1,64,153,154,-1,155,156,57,-1,57,156,157,-1,57,157,148,-1,154,158,64,-1,64,158,159,-1,64,159,57,-1,57,159,160,-1,57,160,155,-1,65,1,64,-1,64,1,128,-1,64,128,147,-1,147,128,117,-1,147,117,161,-1,161,117,114,-1,161,114,162,-1,162,114,109,-1,162,109,163,-1,163,109,108,-1,163,108,164,-1,164,108,165,-1,166,167,100,-1,113,4,107,-1,107,4,3,-1,107,3,108,-1,108,3,100,-1,108,100,165,-1,167,168,100,-1,100,168,169,-1,100,169,165,-1,170,171,61,-1,61,171,172,-1,50,52,61,-1,61,52,32,-1,61,32,173,-1,173,174,61,-1,61,174,175,-1,61,175,170,-1,172,176,61,-1,61,176,177,-1,61,177,100,-1,100,177,178,-1,100,178,166,-1,53,137,52,-1,52,137,179,-1,52,179,180,-1,149,26,142,-1,142,26,25,-1,142,25,143,-1,143,25,47,-1,143,47,181,-1,181,47,182,-1,181,182,183,-1,183,182,184,-1,183,184,144,-1,144,184,45,-1,144,45,139,-1,139,45,44,-1,139,44,140,-1,140,44,49,-1,140,49,185,-1,185,49,186,-1,185,186,187,-1,187,186,188,-1,187,188,141,-1,141,188,37,-1,141,37,135,-1,135,37,39,-1,135,39,136,-1,136,39,41,-1,136,41,189,-1,189,41,190,-1,189,190,191,-1,191,190,192,-1,191,192,138,-1,138,192,29,-1,138,29,137,-1,137,29,28,-1,137,28,179,-1,179,28,42,-1,179,42,193,-1,193,42,194,-1,193,194,195,-1,195,194,196,-1,195,196,180,-1,180,196,36,-1,180,36,52,-1,52,36,33,-1,52,33,32,-1,73,68,197,-1,197,68,64,-1,197,64,198,-1,198,64,57,-1,198,57,55,-1,199,200,201,-1,201,200,202,-1,203,197,204,-1,204,197,198,-1,204,198,205,-1,203,206,197,-1,197,206,207,-1,197,207,202,-1,202,207,208,-1,202,208,201,-1,91,93,202,-1,200,59,61,-1,200,61,202,-1,202,61,100,-1,202,100,91,-1,54,209,210,-1,205,198,210,-1,210,198,55,-1,210,55,54,-1,200,199,59,-1,59,199,209,-1,59,209,60,-1,60,209,54,-1,60,54,211,-1,211,54,212,-1,93,87,202,-1,202,87,85,-1,202,85,197,-1,197,85,83,-1,83,81,197,-1,197,81,79,-1,197,79,73,-1,213,212,214,-1,214,212,54,-1,214,54,56,-1,51,50,215,-1,214,56,58,-1,58,150,214,-1,214,150,151,-1,214,151,215,-1,215,151,53,-1,215,53,51,-1,211,216,60,-1,60,216,215,-1,60,215,50,-1,216,211,213,-1,213,211,212,-1,215,216,214,-1,214,216,213,-1,217,218,210,-1,210,218,219,-1,210,219,205,-1,205,219,204,-1,220,221,209,-1,220,209,222,-1,222,209,199,-1,222,199,201,-1,209,221,223,-1,223,224,209,-1,209,224,225,-1,209,225,210,-1,210,225,226,-1,210,226,217,-1,223,221,220,-1,223,227,224,-1,224,227,228,-1,224,228,225,-1,225,228,229,-1,225,229,226,-1,226,229,230,-1,226,230,217,-1,217,230,218,-1,231,218,232,-1,232,218,230,-1,232,230,233,-1,233,230,234,-1,233,234,235,-1,235,234,219,-1,235,219,231,-1,231,219,218,-1,236,230,237,-1,237,230,229,-1,237,229,238,-1,238,229,239,-1,238,239,240,-1,240,239,234,-1,240,234,236,-1,236,234,230,-1,241,229,242,-1,242,229,228,-1,242,228,243,-1,243,228,244,-1,243,244,245,-1,245,244,239,-1,245,239,241,-1,241,239,229,-1,246,228,247,-1,247,228,227,-1,247,227,248,-1,248,227,249,-1,248,249,250,-1,250,249,244,-1,250,244,246,-1,246,244,228,-1,251,204,252,-1,252,204,219,-1,252,219,253,-1,253,219,234,-1,253,234,254,-1,254,234,203,-1,254,203,251,-1,251,203,204,-1,255,234,256,-1,256,234,239,-1,256,239,257,-1,257,239,206,-1,257,206,258,-1,258,206,203,-1,258,203,255,-1,255,203,234,-1,259,206,260,-1,260,206,239,-1,260,239,261,-1,261,239,244,-1,261,244,262,-1,262,244,207,-1,262,207,259,-1,259,207,206,-1,263,207,264,-1,264,207,244,-1,264,244,265,-1,265,244,249,-1,265,249,266,-1,266,249,208,-1,266,208,263,-1,263,208,207,-1,223,220,227,-1,227,220,222,-1,227,222,249,-1,249,222,201,-1,249,201,208,-1,75,267,66,-1,66,267,268,-1,66,268,67,-1,78,80,269,-1,269,80,82,-1,269,82,270,-1,270,82,84,-1,84,86,270,-1,270,86,88,-1,270,88,99,-1,89,271,90,-1,90,271,272,-1,90,272,92,-1,273,274,275,-1,275,274,276,-1,277,278,159,-1,159,278,160,-1,145,147,279,-1,279,147,161,-1,279,161,280,-1,280,161,162,-1,162,163,280,-1,280,163,164,-1,280,164,165,-1,281,282,176,-1,176,282,177,-1,283,284,285,-1,285,284,286,-1,277,287,288,-1,277,288,278,-1,278,288,289,-1,278,289,290,-1,291,292,280,-1,280,292,293,-1,280,293,279,-1,279,293,294,-1,27,295,296,-1,27,296,31,-1,31,296,297,-1,31,297,298,-1,281,299,300,-1,281,300,282,-1,282,300,301,-1,282,301,302,-1,267,303,304,-1,267,304,268,-1,268,304,305,-1,268,305,306,-1,307,308,270,-1,270,308,309,-1,270,309,269,-1,269,309,310,-1,2,311,312,-1,2,312,6,-1,6,312,313,-1,6,313,314,-1,315,316,271,-1,271,316,317,-1,271,317,272,-1,272,317,318,-1,299,281,176,-1,299,176,319,-1,319,176,172,-1,319,172,320,-1,320,172,171,-1,320,171,321,-1,321,171,322,-1,322,171,170,-1,322,170,323,-1,323,170,324,-1,324,170,175,-1,324,175,325,-1,325,175,326,-1,326,175,174,-1,326,174,327,-1,327,174,328,-1,328,174,173,-1,328,173,329,-1,32,31,173,-1,173,31,298,-1,173,298,329,-1,291,280,165,-1,291,165,330,-1,330,165,169,-1,330,169,331,-1,331,169,168,-1,331,168,332,-1,332,168,333,-1,333,168,167,-1,333,167,334,-1,334,167,335,-1,335,167,166,-1,335,166,336,-1,336,166,337,-1,337,166,178,-1,337,178,338,-1,177,282,178,-1,178,282,302,-1,178,302,338,-1,339,328,329,-1,339,329,340,-1,340,329,298,-1,340,298,297,-1,339,341,328,-1,328,341,342,-1,328,342,327,-1,327,342,343,-1,327,343,326,-1,343,344,326,-1,326,344,345,-1,326,345,325,-1,325,345,346,-1,325,346,324,-1,347,322,346,-1,346,322,323,-1,346,323,324,-1,347,348,322,-1,322,348,349,-1,322,349,321,-1,321,349,350,-1,321,350,320,-1,320,350,351,-1,320,351,319,-1,319,351,300,-1,319,300,299,-1,301,300,352,-1,352,300,353,-1,352,353,354,-1,354,353,355,-1,354,355,356,-1,356,355,357,-1,356,357,358,-1,358,357,359,-1,358,359,360,-1,360,359,361,-1,360,361,362,-1,362,361,363,-1,362,363,364,-1,364,363,365,-1,364,365,366,-1,365,367,366,-1,366,367,286,-1,366,286,284,-1,302,301,338,-1,338,301,368,-1,369,335,370,-1,370,335,336,-1,370,336,368,-1,368,336,337,-1,368,337,338,-1,371,334,372,-1,372,334,335,-1,372,335,373,-1,373,335,369,-1,371,374,334,-1,334,374,375,-1,334,375,333,-1,333,375,376,-1,333,376,332,-1,332,376,377,-1,332,377,331,-1,292,291,378,-1,378,291,330,-1,378,330,379,-1,379,330,331,-1,379,331,380,-1,380,331,377,-1,295,27,26,-1,295,26,381,-1,381,26,149,-1,381,149,382,-1,382,149,148,-1,382,148,383,-1,383,148,384,-1,384,148,157,-1,384,157,385,-1,385,157,386,-1,386,157,156,-1,386,156,387,-1,387,156,388,-1,388,156,155,-1,388,155,389,-1,160,278,155,-1,155,278,290,-1,155,290,389,-1,355,353,390,-1,359,357,391,-1,363,361,392,-1,341,339,393,-1,393,339,340,-1,393,340,297,-1,342,394,343,-1,343,394,395,-1,343,395,344,-1,345,396,346,-1,346,396,397,-1,346,397,347,-1,348,398,349,-1,349,398,390,-1,349,390,350,-1,353,300,390,-1,390,300,351,-1,390,351,350,-1,365,399,367,-1,367,399,400,-1,367,400,286,-1,401,402,399,-1,399,402,403,-1,399,403,400,-1,357,355,391,-1,391,355,390,-1,391,390,397,-1,397,390,398,-1,397,398,347,-1,347,398,348,-1,404,405,401,-1,401,405,406,-1,401,406,402,-1,361,359,392,-1,392,359,391,-1,392,391,407,-1,407,391,397,-1,407,397,395,-1,395,397,396,-1,395,396,344,-1,344,396,345,-1,297,408,393,-1,393,408,409,-1,393,409,404,-1,404,409,410,-1,404,410,405,-1,365,363,399,-1,399,363,392,-1,399,392,401,-1,401,392,407,-1,401,407,404,-1,404,407,395,-1,404,395,393,-1,393,395,394,-1,393,394,341,-1,341,394,342,-1,358,360,411,-1,371,372,412,-1,372,373,412,-1,412,373,369,-1,412,369,413,-1,413,369,370,-1,413,370,368,-1,376,375,414,-1,414,375,374,-1,414,374,415,-1,379,380,416,-1,416,380,377,-1,416,377,417,-1,292,378,418,-1,418,378,419,-1,418,419,420,-1,420,419,421,-1,422,423,421,-1,421,423,424,-1,421,424,420,-1,425,426,427,-1,427,426,428,-1,427,428,422,-1,422,428,429,-1,422,429,423,-1,374,371,415,-1,415,371,412,-1,415,412,430,-1,430,412,413,-1,284,425,366,-1,366,425,427,-1,366,427,364,-1,364,427,362,-1,360,362,411,-1,411,362,427,-1,411,427,431,-1,431,427,422,-1,431,422,417,-1,417,422,421,-1,417,421,416,-1,416,421,419,-1,416,419,379,-1,379,419,378,-1,356,358,430,-1,430,358,411,-1,430,411,415,-1,415,411,431,-1,415,431,414,-1,414,431,417,-1,414,417,376,-1,376,417,377,-1,356,430,354,-1,354,430,413,-1,354,413,352,-1,352,413,368,-1,352,368,301,-1,287,277,159,-1,287,159,432,-1,432,159,158,-1,432,158,433,-1,433,158,154,-1,433,154,434,-1,434,154,435,-1,435,154,153,-1,435,153,436,-1,436,153,437,-1,437,153,152,-1,437,152,438,-1,438,152,439,-1,439,152,146,-1,439,146,440,-1,145,279,146,-1,146,279,294,-1,146,294,440,-1,290,289,389,-1,389,289,441,-1,442,386,443,-1,443,386,387,-1,443,387,441,-1,441,387,388,-1,441,388,389,-1,442,444,386,-1,386,444,445,-1,386,445,385,-1,445,446,385,-1,385,446,447,-1,385,447,384,-1,447,448,384,-1,384,448,449,-1,384,449,383,-1,296,295,450,-1,450,295,381,-1,450,381,451,-1,451,381,382,-1,451,382,452,-1,452,382,383,-1,452,383,453,-1,453,383,449,-1,297,296,408,-1,408,296,454,-1,408,454,409,-1,409,454,455,-1,409,455,410,-1,410,455,456,-1,410,456,405,-1,405,456,457,-1,405,457,406,-1,406,457,458,-1,406,458,402,-1,402,458,459,-1,402,459,403,-1,403,459,460,-1,403,460,400,-1,460,461,400,-1,400,461,285,-1,400,285,286,-1,293,292,462,-1,462,292,418,-1,462,418,463,-1,463,418,420,-1,463,420,464,-1,464,420,424,-1,464,424,465,-1,465,424,423,-1,465,423,466,-1,466,423,429,-1,466,429,467,-1,467,429,428,-1,467,428,468,-1,468,428,426,-1,468,426,469,-1,426,425,469,-1,469,425,284,-1,469,284,283,-1,470,439,440,-1,470,440,471,-1,471,440,294,-1,471,294,293,-1,470,472,439,-1,439,472,473,-1,439,473,438,-1,438,473,474,-1,438,474,437,-1,437,474,475,-1,437,475,436,-1,475,476,436,-1,436,476,477,-1,436,477,435,-1,435,477,478,-1,478,479,435,-1,435,479,480,-1,435,480,434,-1,434,480,481,-1,434,481,433,-1,433,481,482,-1,433,482,432,-1,432,482,288,-1,432,288,287,-1,483,484,485,-1,486,487,488,-1,446,445,489,-1,289,490,441,-1,441,490,491,-1,445,444,489,-1,489,444,442,-1,489,442,491,-1,491,442,443,-1,491,443,441,-1,449,448,492,-1,492,448,447,-1,492,447,493,-1,451,452,494,-1,494,452,453,-1,494,453,495,-1,285,461,496,-1,496,461,497,-1,496,497,498,-1,498,497,499,-1,490,486,491,-1,491,486,488,-1,491,488,489,-1,489,488,493,-1,489,493,446,-1,446,493,447,-1,461,460,497,-1,497,460,459,-1,497,459,500,-1,487,483,488,-1,488,483,485,-1,488,485,493,-1,493,485,501,-1,493,501,492,-1,492,501,495,-1,492,495,449,-1,449,495,453,-1,459,458,500,-1,500,458,457,-1,500,457,502,-1,484,499,485,-1,485,499,497,-1,485,497,501,-1,501,497,500,-1,501,500,495,-1,495,500,502,-1,495,502,494,-1,494,502,503,-1,494,503,451,-1,451,503,450,-1,296,450,454,-1,454,450,503,-1,454,503,455,-1,455,503,502,-1,455,502,456,-1,456,502,457,-1,504,505,506,-1,507,508,509,-1,510,511,512,-1,513,514,515,-1,472,470,516,-1,516,470,471,-1,516,471,293,-1,473,517,474,-1,474,517,518,-1,474,518,475,-1,476,519,477,-1,477,519,520,-1,477,520,478,-1,479,521,480,-1,480,521,515,-1,480,515,481,-1,514,288,515,-1,515,288,482,-1,515,482,481,-1,293,462,516,-1,516,462,463,-1,516,463,522,-1,463,464,522,-1,522,464,465,-1,522,465,523,-1,465,466,523,-1,523,466,467,-1,523,467,506,-1,511,513,512,-1,512,513,515,-1,512,515,520,-1,520,515,521,-1,520,521,478,-1,478,521,479,-1,508,510,509,-1,509,510,512,-1,509,512,524,-1,524,512,520,-1,524,520,518,-1,518,520,519,-1,518,519,475,-1,475,519,476,-1,505,507,506,-1,506,507,509,-1,506,509,523,-1,523,509,524,-1,523,524,522,-1,522,524,518,-1,522,518,516,-1,516,518,517,-1,516,517,472,-1,472,517,473,-1,283,504,469,-1,469,504,506,-1,469,506,468,-1,468,506,467,-1,289,288,490,-1,490,288,514,-1,490,514,486,-1,486,514,513,-1,486,513,487,-1,487,513,511,-1,487,511,483,-1,483,511,510,-1,483,510,484,-1,484,510,508,-1,484,508,499,-1,499,508,507,-1,499,507,498,-1,498,507,505,-1,498,505,496,-1,505,504,496,-1,496,504,283,-1,496,283,285,-1,315,271,89,-1,315,89,525,-1,525,89,105,-1,525,105,526,-1,526,105,104,-1,526,104,527,-1,527,104,528,-1,528,104,103,-1,528,103,529,-1,529,103,530,-1,530,103,102,-1,530,102,531,-1,531,102,532,-1,532,102,101,-1,532,101,533,-1,7,6,101,-1,101,6,314,-1,101,314,533,-1,307,270,99,-1,307,99,534,-1,534,99,98,-1,534,98,535,-1,535,98,97,-1,535,97,536,-1,536,97,537,-1,537,97,96,-1,537,96,538,-1,538,96,539,-1,539,96,95,-1,539,95,540,-1,540,95,541,-1,541,95,94,-1,541,94,542,-1,92,272,94,-1,94,272,318,-1,94,318,542,-1,543,532,533,-1,543,533,544,-1,544,533,314,-1,544,314,313,-1,543,545,532,-1,532,545,546,-1,532,546,531,-1,531,546,547,-1,531,547,530,-1,530,547,548,-1,530,548,529,-1,548,549,529,-1,529,549,550,-1,529,550,528,-1,528,550,551,-1,551,552,528,-1,528,552,553,-1,528,553,527,-1,527,553,554,-1,527,554,526,-1,526,554,555,-1,526,555,525,-1,525,555,316,-1,525,316,315,-1,317,316,556,-1,556,316,557,-1,556,557,558,-1,558,557,559,-1,558,559,560,-1,560,559,561,-1,560,561,562,-1,562,561,563,-1,562,563,564,-1,564,563,565,-1,564,565,566,-1,566,565,567,-1,566,567,568,-1,568,567,569,-1,568,569,570,-1,569,571,570,-1,570,571,276,-1,570,276,274,-1,318,317,542,-1,542,317,572,-1,542,572,541,-1,573,539,540,-1,541,572,540,-1,540,572,574,-1,540,574,573,-1,575,538,576,-1,576,538,539,-1,576,539,577,-1,577,539,573,-1,575,578,538,-1,538,578,579,-1,538,579,537,-1,537,579,580,-1,537,580,536,-1,536,580,581,-1,536,581,535,-1,308,307,582,-1,582,307,534,-1,582,534,583,-1,583,534,535,-1,583,535,584,-1,584,535,581,-1,311,2,1,-1,311,1,585,-1,585,1,65,-1,585,65,586,-1,586,65,63,-1,586,63,587,-1,587,63,588,-1,588,63,62,-1,588,62,589,-1,589,62,590,-1,590,62,70,-1,590,70,591,-1,591,70,592,-1,592,70,69,-1,592,69,593,-1,67,268,69,-1,69,268,306,-1,69,306,593,-1,559,557,594,-1,563,561,595,-1,567,565,596,-1,545,543,597,-1,597,543,544,-1,597,544,313,-1,546,598,547,-1,547,598,599,-1,547,599,548,-1,549,600,550,-1,550,600,601,-1,550,601,551,-1,552,602,553,-1,553,602,594,-1,553,594,554,-1,557,316,594,-1,594,316,555,-1,594,555,554,-1,569,603,571,-1,571,603,604,-1,571,604,276,-1,605,606,603,-1,603,606,607,-1,603,607,604,-1,561,559,595,-1,595,559,594,-1,595,594,601,-1,601,594,602,-1,601,602,551,-1,551,602,552,-1,608,609,605,-1,605,609,610,-1,605,610,606,-1,565,563,596,-1,596,563,595,-1,596,595,611,-1,611,595,601,-1,611,601,599,-1,599,601,600,-1,599,600,548,-1,548,600,549,-1,313,612,597,-1,597,612,613,-1,597,613,608,-1,608,613,614,-1,608,614,609,-1,569,567,603,-1,603,567,596,-1,603,596,605,-1,605,596,611,-1,605,611,608,-1,608,611,599,-1,608,599,597,-1,597,599,598,-1,597,598,545,-1,545,598,546,-1,562,564,615,-1,575,576,616,-1,576,577,616,-1,616,577,573,-1,616,573,617,-1,617,573,574,-1,617,574,572,-1,580,579,618,-1,618,579,578,-1,618,578,619,-1,583,584,620,-1,620,584,581,-1,620,581,621,-1,308,582,622,-1,622,582,623,-1,622,623,624,-1,624,623,625,-1,626,627,625,-1,625,627,628,-1,625,628,624,-1,629,630,631,-1,631,630,632,-1,631,632,626,-1,626,632,633,-1,626,633,627,-1,578,575,619,-1,619,575,616,-1,619,616,634,-1,634,616,617,-1,274,629,570,-1,570,629,631,-1,570,631,568,-1,568,631,566,-1,564,566,615,-1,615,566,631,-1,615,631,635,-1,635,631,626,-1,635,626,621,-1,621,626,625,-1,621,625,620,-1,620,625,623,-1,620,623,583,-1,583,623,582,-1,560,562,634,-1,634,562,615,-1,634,615,619,-1,619,615,635,-1,619,635,618,-1,618,635,621,-1,618,621,580,-1,580,621,581,-1,560,634,558,-1,558,634,617,-1,558,617,556,-1,556,617,572,-1,556,572,317,-1,303,267,75,-1,303,75,636,-1,636,75,74,-1,636,74,637,-1,637,74,77,-1,637,77,638,-1,638,77,639,-1,639,77,76,-1,639,76,640,-1,640,76,641,-1,641,76,72,-1,641,72,642,-1,642,72,643,-1,643,72,71,-1,643,71,644,-1,78,269,71,-1,71,269,310,-1,71,310,644,-1,306,305,593,-1,593,305,645,-1,646,590,647,-1,647,590,591,-1,647,591,645,-1,645,591,592,-1,645,592,593,-1,648,589,649,-1,649,589,590,-1,649,590,650,-1,650,590,646,-1,648,651,589,-1,589,651,652,-1,589,652,588,-1,588,652,653,-1,588,653,587,-1,587,653,654,-1,587,654,586,-1,312,311,655,-1,655,311,585,-1,655,585,656,-1,656,585,586,-1,656,586,657,-1,657,586,654,-1,313,312,612,-1,612,312,658,-1,612,658,613,-1,613,658,659,-1,613,659,614,-1,614,659,660,-1,614,660,609,-1,609,660,661,-1,609,661,610,-1,610,661,662,-1,610,662,606,-1,606,662,663,-1,606,663,607,-1,607,663,664,-1,607,664,604,-1,664,665,604,-1,604,665,275,-1,604,275,276,-1,309,308,666,-1,666,308,622,-1,666,622,667,-1,667,622,624,-1,667,624,668,-1,668,624,628,-1,668,628,669,-1,669,628,627,-1,669,627,670,-1,670,627,633,-1,670,633,671,-1,671,633,632,-1,671,632,672,-1,672,632,630,-1,672,630,673,-1,630,629,673,-1,673,629,274,-1,673,274,273,-1,674,643,644,-1,674,644,675,-1,675,644,310,-1,675,310,309,-1,674,676,643,-1,643,676,677,-1,643,677,642,-1,642,677,678,-1,642,678,641,-1,678,679,641,-1,641,679,680,-1,641,680,640,-1,640,680,681,-1,640,681,639,-1,639,681,682,-1,682,683,639,-1,639,683,684,-1,639,684,638,-1,638,684,685,-1,638,685,637,-1,637,685,686,-1,637,686,636,-1,636,686,304,-1,636,304,303,-1,687,688,689,-1,690,691,692,-1,648,649,693,-1,305,694,645,-1,645,694,695,-1,649,650,693,-1,693,650,646,-1,693,646,695,-1,695,646,647,-1,695,647,645,-1,653,652,696,-1,696,652,651,-1,696,651,697,-1,656,657,698,-1,698,657,654,-1,698,654,699,-1,275,665,700,-1,700,665,701,-1,700,701,702,-1,702,701,703,-1,694,690,695,-1,695,690,692,-1,695,692,693,-1,693,692,697,-1,693,697,648,-1,648,697,651,-1,665,664,701,-1,701,664,663,-1,701,663,704,-1,691,687,692,-1,692,687,689,-1,692,689,697,-1,697,689,705,-1,697,705,696,-1,696,705,699,-1,696,699,653,-1,653,699,654,-1,663,662,704,-1,704,662,661,-1,704,661,706,-1,688,703,689,-1,689,703,701,-1,689,701,705,-1,705,701,704,-1,705,704,699,-1,699,704,706,-1,699,706,698,-1,698,706,707,-1,698,707,656,-1,656,707,655,-1,312,655,658,-1,658,655,707,-1,658,707,659,-1,659,707,706,-1,659,706,660,-1,660,706,661,-1,708,709,710,-1,711,712,713,-1,714,715,716,-1,717,718,719,-1,676,674,720,-1,720,674,675,-1,720,675,309,-1,677,721,678,-1,678,721,722,-1,678,722,679,-1,680,723,681,-1,681,723,724,-1,681,724,682,-1,683,725,684,-1,684,725,719,-1,684,719,685,-1,718,304,719,-1,719,304,686,-1,719,686,685,-1,309,666,720,-1,720,666,667,-1,720,667,726,-1,667,668,726,-1,726,668,669,-1,726,669,727,-1,669,670,727,-1,727,670,671,-1,727,671,710,-1,715,717,716,-1,716,717,719,-1,716,719,724,-1,724,719,725,-1,724,725,682,-1,682,725,683,-1,712,714,713,-1,713,714,716,-1,713,716,728,-1,728,716,724,-1,728,724,722,-1,722,724,723,-1,722,723,679,-1,679,723,680,-1,709,711,710,-1,710,711,713,-1,710,713,727,-1,727,713,728,-1,727,728,726,-1,726,728,722,-1,726,722,720,-1,720,722,721,-1,720,721,676,-1,676,721,677,-1,273,708,673,-1,673,708,710,-1,673,710,672,-1,672,710,671,-1,305,304,694,-1,694,304,718,-1,694,718,690,-1,690,718,717,-1,690,717,691,-1,691,717,715,-1,691,715,687,-1,687,715,714,-1,687,714,688,-1,688,714,712,-1,688,712,703,-1,703,712,711,-1,703,711,702,-1,702,711,709,-1,702,709,700,-1,709,708,700,-1,700,708,273,-1,700,273,275,-1,729,182,48,-1,48,182,47,-1,184,730,45,-1,45,730,46,-1,729,48,730,-1,730,48,46,-1,729,730,182,-1,182,730,184,-1,731,186,43,-1,43,186,49,-1,188,732,37,-1,37,732,38,-1,731,43,732,-1,732,43,38,-1,731,732,186,-1,186,732,188,-1,733,190,40,-1,40,190,41,-1,192,734,29,-1,29,734,30,-1,733,40,734,-1,734,40,30,-1,733,734,190,-1,190,734,192,-1,735,194,34,-1,34,194,42,-1,196,736,36,-1,36,736,35,-1,735,34,736,-1,736,34,35,-1,735,736,194,-1,194,736,196,-1,737,111,8,-1,8,111,17,-1,113,738,4,-1,4,738,5,-1,737,8,738,-1,738,8,5,-1,737,738,111,-1,111,738,113,-1,739,121,12,-1,12,121,13,-1,123,740,10,-1,10,740,11,-1,739,12,740,-1,740,12,11,-1,739,740,121,-1,121,740,123,-1,741,125,16,-1,16,125,24,-1,127,742,18,-1,18,742,15,-1,741,16,742,-1,742,16,15,-1,741,742,125,-1,125,742,127,-1,743,133,23,-1,23,133,22,-1,131,744,20,-1,20,744,21,-1,743,23,744,-1,744,23,21,-1,743,744,133,-1,133,744,131,-1,
        ]
    }
}
Shape{
    appearance Appearance {
        material  Material 	{
            diffuseColor 0.8313725490196079 0.6705882352941176 0.12941176470588237
            specularColor 0.6666666666666666 0.5372549019607843 0.10196078431372549
            ambientIntensity 0.657
            transparency 0.0
            shininess 0.5
        }
    }
    geometry IndexedFaceSet {
        ccw TRUE
        solid FALSE
        coord DEF co Coordinate {
            point [
                -1.2992 -0.0492 -1.3432, -1.4567 -0.0492 -1.3432, -1.2992 0.0098 -1.3432, -1.4567 0.0098 -1.3432, -1.2205 0.0098 -0.7019, -1.5354 0.0098 -0.7019, -1.2205 0.0098 -0.0439, -1.5354 0.0098 -0.0439, -1.2205 -0.0492 -0.7019, -1.2205 -0.0492 -0.0439, -1.5354 -0.0492 -0.0439, -1.5354 -0.0492 -0.7019, -1.5354 -1.9428 1.4862, -1.5354 -1.6732 1.4954, -1.5354 -1.6732 1.4364, -1.5354 -1.8921 1.4302, -1.5354 -1.9388 1.4263, -1.5354 -2.2112 1.4588, -1.5354 -2.1104 1.4118, -1.5354 -2.2032 1.4003, -1.2205 -2.2032 1.4003, -1.2205 -1.9389 1.4274, -1.2205 -1.6732 1.4364, -1.2205 -1.6732 1.4954, -1.2205 -1.8939 1.4893, -1.2205 -1.9427 1.4852, -1.2205 -2.1137 1.4709, -1.2205 -2.2112 1.4588, -1.4173 -4.2271 1.4894, -1.3386 -4.2271 1.4894, -1.4173 -4.198 1.5408, -1.3386 -4.198 1.5408, -1.5354 -3.5727 1.2724, -1.5354 -3.5646 1.2139, -1.2205 -3.5646 1.2139, -1.2205 -3.5727 1.2724, -1.5354 -3.6515 1.2702, -1.5354 -3.6563 1.2114, -1.5354 -3.729 1.2851, -1.5354 -3.7463 1.2287, -1.5354 -3.8014 1.3163, -1.5354 -3.8305 1.2649, -1.2205 -3.8305 1.2649, -1.2205 -3.7463 1.2287, -1.2205 -3.6563 1.2114, -1.2205 -3.8014 1.3163, -1.2205 -3.729 1.2851, -1.2205 -3.6515 1.2702, -1.5354 -4.0953 1.4826, -1.5354 -4.1244 1.4312, -1.2363 -4.1757 1.4603, -1.2551 -4.197 1.4724, -1.2795 -4.2134 1.4816, -1.308 -4.2236 1.4874, -1.2205 -4.1244 1.4312, -1.5237 -4.169 1.4565, -1.4686 -4.217 1.4837, -1.5097 -4.1884 1.4675, -1.491 -4.2047 1.4767, -1.4436 -4.2246 1.488, -1.5325 -4.1472 1.4442, -1.2245 -4.151 1.4463, -1.2205 -4.0953 1.4826, -1.2245 -4.1219 1.4977, -1.4436 -4.1955 1.5394, -1.4686 -4.1879 1.535, -1.2795 -4.1843 1.533, -1.2551 -4.1679 1.5238, -1.2363 -4.1467 1.5117, -1.5325 -4.1181 1.4956, -1.5237 -4.1399 1.5079, -1.491 -4.1756 1.5281, -1.5097 -4.1594 1.5189, -1.308 -4.1945 1.5388, -0.315 -0.0492 -1.3432, -0.4724 -0.0492 -1.3432, -0.315 0.0098 -1.3432, -0.4724 0.0098 -1.3432, -0.2362 0.0098 -0.7019, -0.5512 0.0098 -0.7019, -0.2362 0.0098 -0.0439, -0.5512 0.0098 -0.0439, -0.2362 -0.0492 -0.7019, -0.2362 -0.0492 -0.0439, -0.5512 -0.0492 -0.0439, -0.5512 -0.0492 -0.7019, -0.5512 -1.9428 1.4862, -0.5512 -1.6732 1.4954, -0.5512 -1.6732 1.4364, -0.5512 -1.8921 1.4302, -0.5512 -1.9388 1.4263, -0.5512 -2.2112 1.4588, -0.5512 -2.1104 1.4118, -0.5512 -2.2032 1.4003, -0.2362 -2.2032 1.4003, -0.2362 -1.9389 1.4274, -0.2362 -1.6732 1.4364, -0.2362 -1.6732 1.4954, -0.2362 -1.8939 1.4893, -0.2362 -1.9427 1.4852, -0.2362 -2.1137 1.4709, -0.2362 -2.2112 1.4588, -0.4331 -4.2271 1.4894, -0.3543 -4.2271 1.4894, -0.4331 -4.198 1.5408, -0.3543 -4.198 1.5408, -0.5512 -3.5727 1.2724, -0.5512 -3.5646 1.2139, -0.2362 -3.5646 1.2139, -0.2362 -3.5727 1.2724, -0.5512 -3.6515 1.2702, -0.5512 -3.6563 1.2114, -0.5512 -3.729 1.2851, -0.5512 -3.7463 1.2287, -0.5512 -3.8014 1.3163, -0.5512 -3.8305 1.2649, -0.2362 -3.8305 1.2649, -0.2362 -3.7463 1.2287, -0.2362 -3.6563 1.2114, -0.2362 -3.8014 1.3163, -0.2362 -3.729 1.2851, -0.2362 -3.6515 1.2702, -0.5512 -4.0953 1.4826, -0.5512 -4.1244 1.4312, -0.2362 -4.1244 1.4312, -0.3238 -4.2236 1.4874, -0.2953 -4.2134 1.4816, -0.5395 -4.169 1.4565, -0.4843 -4.217 1.4837, -0.5254 -4.1884 1.4675, -0.5067 -4.2047 1.4767, -0.4594 -4.2246 1.488, -0.5482 -4.1472 1.4442, -0.2708 -4.197 1.4724, -0.2402 -4.151 1.4463, -0.252 -4.1757 1.4603, -0.2362 -4.0953 1.4826, -0.2402 -4.1219 1.4977, -0.4594 -4.1955 1.5394, -0.4843 -4.1879 1.535, -0.2953 -4.1843 1.533, -0.2708 -4.1679 1.5238, -0.252 -4.1467 1.5117, -0.5482 -4.1181 1.4956, -0.5395 -4.1399 1.5079, -0.5067 -4.1756 1.5281, -0.5254 -4.1594 1.5189, -0.3238 -4.1945 1.5388, 0.315 0.0098 -1.3432, 0.4724 0.0098 -1.3432, 0.315 -0.0492 -1.3432, 0.4724 -0.0492 -1.3432, 0.2362 0.0098 -0.0439, 0.5512 0.0098 -0.0439, 0.2362 0.0098 -0.7019, 0.5512 0.0098 -0.7019, 0.5512 -0.0492 -0.7019, 0.5512 -0.0492 -0.0439, 0.2362 -0.0492 -0.7019, 0.2362 -0.0492 -0.0439, 0.2362 -1.9428 1.4862, 0.2362 -1.6732 1.4954, 0.2362 -1.6732 1.4364, 0.2362 -1.8921 1.4302, 0.2362 -1.9388 1.4263, 0.2362 -2.2112 1.4588, 0.2362 -2.1104 1.4118, 0.2362 -2.2032 1.4003, 0.5512 -2.2032 1.4003, 0.5512 -1.9389 1.4274, 0.5512 -1.6732 1.4364, 0.5512 -1.6732 1.4954, 0.5512 -1.8939 1.4893, 0.5512 -1.9427 1.4852, 0.5512 -2.1137 1.4709, 0.5512 -2.2112 1.4588, 0.3543 -4.2271 1.4894, 0.4331 -4.2271 1.4894, 0.3543 -4.198 1.5408, 0.4331 -4.198 1.5408, 0.2362 -3.5727 1.2724, 0.2362 -3.5646 1.2139, 0.5512 -3.5646 1.2139, 0.5512 -3.5727 1.2724, 0.2362 -3.6515 1.2702, 0.2362 -3.6563 1.2114, 0.2362 -3.729 1.2851, 0.2362 -3.7463 1.2287, 0.2362 -3.8014 1.3163, 0.2362 -3.8305 1.2649, 0.5512 -3.8305 1.2649, 0.5512 -3.7463 1.2287, 0.5512 -3.6563 1.2114, 0.5512 -3.8014 1.3163, 0.5512 -3.729 1.2851, 0.5512 -3.6515 1.2702, 0.2362 -4.0953 1.4826, 0.2362 -4.1244 1.4312, 0.5512 -4.1244 1.4312, 0.328 -4.2246 1.488, 0.3031 -4.217 1.4837, 0.4921 -4.2134 1.4816, 0.4636 -4.2236 1.4874, 0.2807 -4.2047 1.4767, 0.262 -4.1884 1.4675, 0.5166 -4.197 1.4724, 0.5472 -4.151 1.4463, 0.5354 -4.1757 1.4603, 0.2479 -4.169 1.4565, 0.2392 -4.1472 1.4442, 0.5512 -4.0953 1.4826, 0.5472 -4.1219 1.4977, 0.328 -4.1955 1.5394, 0.3031 -4.1879 1.535, 0.4921 -4.1843 1.533, 0.5166 -4.1679 1.5238, 0.5354 -4.1467 1.5117, 0.2392 -4.1181 1.4956, 0.2479 -4.1399 1.5079, 0.2807 -4.1756 1.5281, 0.262 -4.1594 1.5189, 0.4636 -4.1945 1.5388, 1.2992 0.0098 -1.3432, 1.4567 0.0098 -1.3432, 1.2992 -0.0492 -1.3432, 1.4567 -0.0492 -1.3432, 1.2205 0.0098 -0.0439, 1.5354 0.0098 -0.0439, 1.2205 0.0098 -0.7019, 1.5354 0.0098 -0.7019, 1.5354 -0.0492 -0.7019, 1.5354 -0.0492 -0.0439, 1.2205 -0.0492 -0.7019, 1.2205 -0.0492 -0.0439, 1.2205 -1.9428 1.4862, 1.2205 -1.6732 1.4954, 1.2205 -1.6732 1.4364, 1.2205 -1.8921 1.4302, 1.2205 -1.9388 1.4263, 1.2205 -2.2112 1.4588, 1.2205 -2.1104 1.4118, 1.2205 -2.2032 1.4003, 1.5354 -2.2032 1.4003, 1.5354 -1.9389 1.4274, 1.5354 -1.6732 1.4364, 1.5354 -1.6732 1.4954, 1.5354 -1.8939 1.4893, 1.5354 -1.9427 1.4852, 1.5354 -2.1137 1.4709, 1.5354 -2.2112 1.4588, 1.3386 -4.2271 1.4894, 1.4173 -4.2271 1.4894, 1.3386 -4.198 1.5408, 1.4173 -4.198 1.5408, 1.2205 -3.5727 1.2724, 1.2205 -3.5646 1.2139, 1.5354 -3.5646 1.2139, 1.5354 -3.5727 1.2724, 1.2205 -3.6515 1.2702, 1.2205 -3.6563 1.2114, 1.2205 -3.729 1.2851, 1.2205 -3.7463 1.2287, 1.2205 -3.8014 1.3163, 1.2205 -3.8305 1.2649, 1.5354 -3.8305 1.2649, 1.5354 -3.7463 1.2287, 1.5354 -3.6563 1.2114, 1.5354 -3.8014 1.3163, 1.5354 -3.729 1.2851, 1.5354 -3.6515 1.2702, 1.2205 -4.0953 1.4826, 1.2205 -4.1244 1.4312, 1.5354 -4.1244 1.4312, 1.4479 -4.2236 1.4874, 1.4764 -4.2134 1.4816, 1.2322 -4.169 1.4565, 1.2873 -4.217 1.4837, 1.2462 -4.1884 1.4675, 1.2649 -4.2047 1.4767, 1.3123 -4.2246 1.488, 1.2234 -4.1472 1.4442, 1.5008 -4.197 1.4724, 1.5314 -4.151 1.4463, 1.5196 -4.1757 1.4603, 1.5354 -4.0953 1.4826, 1.5314 -4.1219 1.4977, 1.3123 -4.1955 1.5394, 1.2873 -4.1879 1.535, 1.4764 -4.1843 1.533, 1.5008 -4.1679 1.5238, 1.5196 -4.1467 1.5117, 1.2234 -4.1181 1.4956, 1.2322 -4.1399 1.5079, 1.2649 -4.1756 1.5281, 1.2462 -4.1594 1.5189, 1.4479 -4.1945 1.5388, -1.4567 1.0453 -1.3432, -1.2992 1.0453 -1.3432, -1.4567 0.9862 -1.3432, -1.2992 0.9862 -1.3432, -1.5354 1.0453 -0.0439, -1.2205 1.0453 -0.0439, -1.5354 1.0453 -0.7019, -1.2205 1.0453 -0.7019, -1.2205 0.9862 -0.7019, -1.2205 0.9862 -0.0439, -1.5354 0.9862 -0.7019, -1.5354 0.9862 -0.0439, -1.5354 -1.9428 4.8839, -1.5354 -1.6732 4.8931, -1.5354 -1.6732 4.834, -1.5354 -1.8921 4.8279, -1.5354 -1.9388 4.8239, -1.5354 -2.2112 4.8564, -1.5354 -2.1104 4.8095, -1.5354 -2.2032 4.7979, -1.2205 -2.2032 4.7979, -1.2205 -1.9389 4.825, -1.2205 -1.6732 4.834, -1.2205 -1.6732 4.8931, -1.2205 -1.8939 4.8869, -1.2205 -1.9427 4.8829, -1.2205 -2.1137 4.8685, -1.2205 -2.2112 4.8564, -1.4173 -4.2271 4.8871, -1.3386 -4.2271 4.8871, -1.4173 -4.198 4.9384, -1.3386 -4.198 4.9384, -1.5354 -3.5727 4.6701, -1.5354 -3.5646 4.6115, -1.2205 -3.5646 4.6115, -1.2205 -3.5727 4.6701, -1.5354 -3.6515 4.6679, -1.5354 -3.6563 4.609, -1.5354 -3.729 4.6827, -1.5354 -3.7463 4.6263, -1.5354 -3.8014 4.7139, -1.5354 -3.8305 4.6625, -1.2205 -3.8305 4.6625, -1.2205 -3.7463 4.6263, -1.2205 -3.6563 4.609, -1.2205 -3.8014 4.7139, -1.2205 -3.729 4.6827, -1.2205 -3.6515 4.6679, -1.5354 -4.0953 4.8803, -1.5354 -4.1244 4.8289, -1.2205 -4.1244 4.8289, -1.4764 -4.2134 4.8793, -1.5008 -4.197 4.87, -1.5196 -4.1757 4.858, -1.4479 -4.2236 4.8851, -1.5314 -4.151 4.8439, -1.2363 -4.1757 4.858, -1.2551 -4.197 4.87, -1.2245 -4.151 4.8439, -1.2795 -4.2134 4.8793, -1.308 -4.2236 4.8851, -1.2205 -4.0953 4.8803, -1.4479 -4.1945 4.9365, -1.5196 -4.1467 4.9094, -1.5008 -4.1679 4.9214, -1.4764 -4.1843 4.9307, -1.5314 -4.1219 4.8953, -1.308 -4.1945 4.9365, -1.2795 -4.1843 4.9307, -1.2551 -4.1679 4.9214, -1.2363 -4.1467 4.9094, -1.2245 -4.1219 4.8953, -0.315 0.9862 -1.3432, -0.4724 0.9862 -1.3432, -0.315 1.0453 -1.3432, -0.4724 1.0453 -1.3432, -0.2362 1.0453 -0.7019, -0.5512 1.0453 -0.7019, -0.2362 1.0453 -0.0439, -0.5512 1.0453 -0.0439, -0.2362 0.9862 -0.7019, -0.2362 0.9862 -0.0439, -0.5512 0.9862 -0.0439, -0.5512 0.9862 -0.7019, -0.5512 -1.9428 4.8839, -0.5512 -1.6732 4.8931, -0.5512 -1.6732 4.834, -0.5512 -1.8921 4.8279, -0.5512 -1.9388 4.8239, -0.5512 -2.2112 4.8564, -0.5512 -2.1104 4.8095, -0.5512 -2.2032 4.7979, -0.2362 -2.2032 4.7979, -0.2362 -1.9389 4.825, -0.2362 -1.6732 4.834, -0.2362 -1.6732 4.8931, -0.2362 -1.8939 4.8869, -0.2362 -1.9427 4.8829, -0.2362 -2.1137 4.8685, -0.2362 -2.2112 4.8564, -0.4331 -4.2271 4.8871, -0.3543 -4.2271 4.8871, -0.4331 -4.198 4.9384, -0.3543 -4.198 4.9384, -0.5512 -3.5727 4.6701, -0.5512 -3.5646 4.6115, -0.2362 -3.5646 4.6115, -0.2362 -3.5727 4.6701, -0.5512 -3.6515 4.6679, -0.5512 -3.6563 4.609, -0.5512 -3.729 4.6827, -0.5512 -3.7463 4.6263, -0.5512 -3.8014 4.7139, -0.5512 -3.8305 4.6625, -0.2362 -3.8305 4.6625, -0.2362 -3.7463 4.6263, -0.2362 -3.6563 4.609, -0.2362 -3.8014 4.7139, -0.2362 -3.729 4.6827, -0.2362 -3.6515 4.6679, -0.5512 -4.0953 4.8803, -0.5512 -4.1244 4.8289, -0.2362 -4.1244 4.8289, -0.3238 -4.2236 4.8851, -0.2953 -4.2134 4.8793, -0.2708 -4.197 4.87, -0.2402 -4.151 4.8439, -0.252 -4.1757 4.858, -0.4636 -4.2236 4.8851, -0.4921 -4.2134 4.8793, -0.5166 -4.197 4.87, -0.5472 -4.151 4.8439, -0.5354 -4.1757 4.858, -0.2362 -4.0953 4.8803, -0.3238 -4.1945 4.9365, -0.2953 -4.1843 4.9307, -0.2708 -4.1679 4.9214, -0.2402 -4.1219 4.8953, -0.252 -4.1467 4.9094, -0.5354 -4.1467 4.9094, -0.5166 -4.1679 4.9214, -0.5472 -4.1219 4.8953, -0.4921 -4.1843 4.9307, -0.4636 -4.1945 4.9365, 0.4724 0.9862 -1.3432, 0.315 0.9862 -1.3432, 0.4724 1.0453 -1.3432, 0.315 1.0453 -1.3432, 0.5512 1.0453 -0.7019, 0.2362 1.0453 -0.7019, 0.5512 1.0453 -0.0439, 0.2362 1.0453 -0.0439, 0.5512 0.9862 -0.7019, 0.5512 0.9862 -0.0439, 0.2362 0.9862 -0.0439, 0.2362 0.9862 -0.7019, 0.2362 -1.9428 4.8839, 0.2362 -1.6732 4.8931, 0.2362 -1.6732 4.834, 0.2362 -1.8921 4.8279, 0.2362 -1.9388 4.8239, 0.2362 -2.2112 4.8564, 0.2362 -2.1104 4.8095, 0.2362 -2.2032 4.7979, 0.5512 -2.2032 4.7979, 0.5512 -1.9389 4.825, 0.5512 -1.6732 4.834, 0.5512 -1.6732 4.8931, 0.5512 -1.8939 4.8869, 0.5512 -1.9427 4.8829, 0.5512 -2.1137 4.8685, 0.5512 -2.2112 4.8564, 0.3543 -4.2271 4.8871, 0.4331 -4.2271 4.8871, 0.3543 -4.198 4.9384, 0.4331 -4.198 4.9384, 0.2362 -3.5727 4.6701, 0.2362 -3.5646 4.6115, 0.5512 -3.5646 4.6115, 0.5512 -3.5727 4.6701, 0.2362 -3.6515 4.6679, 0.2362 -3.6563 4.609, 0.2362 -3.729 4.6827, 0.2362 -3.7463 4.6263, 0.2362 -3.8014 4.7139, 0.2362 -3.8305 4.6625, 0.5512 -3.8305 4.6625, 0.5512 -3.7463 4.6263, 0.5512 -3.6563 4.609, 0.5512 -3.8014 4.7139, 0.5512 -3.729 4.6827, 0.5512 -3.6515 4.6679, 0.2362 -4.0953 4.8803, 0.2362 -4.1244 4.8289, 0.5512 -4.1244 4.8289, 0.4636 -4.2236 4.8851, 0.4921 -4.2134 4.8793, 0.5166 -4.197 4.87, 0.5472 -4.151 4.8439, 0.5354 -4.1757 4.858, 0.3238 -4.2236 4.8851, 0.2953 -4.2134 4.8793, 0.2708 -4.197 4.87, 0.2402 -4.151 4.8439, 0.252 -4.1757 4.858, 0.5512 -4.0953 4.8803, 0.4636 -4.1945 4.9365, 0.4921 -4.1843 4.9307, 0.5166 -4.1679 4.9214, 0.5354 -4.1467 4.9094, 0.5472 -4.1219 4.8953, 0.252 -4.1467 4.9094, 0.2708 -4.1679 4.9214, 0.2402 -4.1219 4.8953, 0.2953 -4.1843 4.9307, 0.3238 -4.1945 4.9365, 1.4567 0.9862 -1.3432, 1.2992 0.9862 -1.3432, 1.4567 1.0453 -1.3432, 1.2992 1.0453 -1.3432, 1.5354 1.0453 -0.7019, 1.2205 1.0453 -0.7019, 1.5354 1.0453 -0.0439, 1.2205 1.0453 -0.0439, 1.5354 0.9862 -0.7019, 1.5354 0.9862 -0.0439, 1.2205 0.9862 -0.0439, 1.2205 0.9862 -0.7019, 1.2205 -1.9428 4.8839, 1.2205 -1.6732 4.8931, 1.2205 -1.6732 4.834, 1.2205 -1.8921 4.8279, 1.2205 -1.9388 4.8239, 1.2205 -2.2112 4.8564, 1.2205 -2.1104 4.8095, 1.2205 -2.2032 4.7979, 1.5354 -2.2032 4.7979, 1.5354 -1.9389 4.825, 1.5354 -1.6732 4.834, 1.5354 -1.6732 4.8931, 1.5354 -1.8939 4.8869, 1.5354 -1.9427 4.8829, 1.5354 -2.1137 4.8685, 1.5354 -2.2112 4.8564, 1.3386 -4.2271 4.8871, 1.4173 -4.2271 4.8871, 1.3386 -4.198 4.9384, 1.4173 -4.198 4.9384, 1.2205 -3.5727 4.6701, 1.2205 -3.5646 4.6115, 1.5354 -3.5646 4.6115, 1.5354 -3.5727 4.6701, 1.2205 -3.6515 4.6679, 1.2205 -3.6563 4.609, 1.2205 -3.729 4.6827, 1.2205 -3.7463 4.6263, 1.2205 -3.8014 4.7139, 1.2205 -3.8305 4.6625, 1.5354 -3.8305 4.6625, 1.5354 -3.7463 4.6263, 1.5354 -3.6563 4.609, 1.5354 -3.8014 4.7139, 1.5354 -3.729 4.6827, 1.5354 -3.6515 4.6679, 1.2205 -4.0953 4.8803, 1.2205 -4.1244 4.8289, 1.308 -4.2236 4.8851, 1.5354 -4.1244 4.8289, 1.4479 -4.2236 4.8851, 1.4764 -4.2134 4.8793, 1.2795 -4.2134 4.8793, 1.2551 -4.197 4.87, 1.2245 -4.151 4.8439, 1.2363 -4.1757 4.858, 1.5314 -4.151 4.8439, 1.5196 -4.1757 4.858, 1.5008 -4.197 4.87, 1.5354 -4.0953 4.8803, 1.2245 -4.1219 4.8953, 1.2363 -4.1467 4.9094, 1.2551 -4.1679 4.9214, 1.2795 -4.1843 4.9307, 1.308 -4.1945 4.9365, 1.4479 -4.1945 4.9365, 1.4764 -4.1843 4.9307, 1.5008 -4.1679 4.9214, 1.5196 -4.1467 4.9094, 1.5314 -4.1219 4.8953
            ]
        }
        coordIndex [
            0,1,2,-1,2,1,3,-1,2,3,4,-1,4,3,5,-1,4,5,6,-1,6,5,7,-1,4,6,8,-1,8,6,9,-1,9,10,8,-1,8,10,11,-1,8,11,0,-1,0,11,1,-1,11,10,5,-1,5,10,7,-1,12,13,14,-1,14,15,12,-1,12,15,16,-1,12,16,17,-1,17,16,18,-1,17,18,19,-1,20,19,18,-1,20,18,21,-1,14,22,15,-1,15,22,21,-1,15,21,16,-1,16,21,18,-1,21,22,23,-1,23,24,21,-1,21,24,25,-1,21,25,20,-1,20,25,26,-1,20,26,27,-1,17,27,26,-1,17,26,12,-1,23,13,24,-1,24,13,12,-1,24,12,25,-1,25,12,26,-1,28,29,30,-1,30,29,31,-1,32,17,33,-1,33,17,19,-1,33,19,34,-1,34,19,20,-1,34,20,35,-1,35,20,27,-1,27,17,35,-1,35,17,32,-1,32,33,36,-1,36,33,37,-1,36,37,38,-1,38,37,39,-1,38,39,40,-1,40,39,41,-1,42,41,39,-1,42,39,43,-1,43,39,37,-1,43,37,44,-1,44,37,33,-1,44,33,34,-1,45,42,46,-1,46,42,43,-1,46,43,47,-1,47,43,44,-1,47,44,35,-1,35,44,34,-1,35,32,47,-1,47,32,36,-1,47,36,46,-1,46,36,38,-1,46,38,45,-1,45,38,40,-1,48,40,49,-1,49,40,41,-1,29,28,49,-1,50,51,52,-1,53,29,54,-1,54,29,49,-1,54,49,42,-1,42,49,41,-1,55,56,57,-1,57,56,58,-1,28,59,49,-1,49,59,56,-1,49,56,60,-1,60,56,55,-1,53,54,52,-1,52,54,61,-1,52,61,50,-1,54,42,62,-1,62,42,45,-1,63,62,31,-1,31,62,45,-1,31,45,30,-1,45,40,30,-1,30,40,48,-1,30,48,64,-1,64,48,65,-1,66,67,68,-1,48,69,65,-1,65,69,70,-1,65,70,71,-1,71,70,72,-1,63,31,68,-1,68,31,73,-1,68,73,66,-1,74,75,76,-1,76,75,77,-1,76,77,78,-1,78,77,79,-1,78,79,80,-1,80,79,81,-1,78,80,82,-1,82,80,83,-1,83,84,82,-1,82,84,85,-1,82,85,74,-1,74,85,75,-1,85,84,79,-1,79,84,81,-1,86,87,88,-1,88,89,86,-1,86,89,90,-1,86,90,91,-1,91,90,92,-1,91,92,93,-1,94,93,92,-1,94,92,95,-1,88,96,89,-1,89,96,95,-1,89,95,90,-1,90,95,92,-1,95,96,97,-1,97,98,95,-1,95,98,99,-1,95,99,94,-1,94,99,100,-1,94,100,101,-1,91,101,100,-1,91,100,86,-1,97,87,98,-1,98,87,86,-1,98,86,99,-1,99,86,100,-1,102,103,104,-1,104,103,105,-1,106,91,107,-1,107,91,93,-1,107,93,108,-1,108,93,94,-1,108,94,109,-1,109,94,101,-1,101,91,109,-1,109,91,106,-1,106,107,110,-1,110,107,111,-1,110,111,112,-1,112,111,113,-1,112,113,114,-1,114,113,115,-1,116,115,113,-1,116,113,117,-1,117,113,111,-1,117,111,118,-1,118,111,107,-1,118,107,108,-1,119,116,120,-1,120,116,117,-1,120,117,121,-1,121,117,118,-1,121,118,109,-1,109,118,108,-1,109,106,121,-1,121,106,110,-1,121,110,120,-1,120,110,112,-1,120,112,119,-1,119,112,114,-1,122,114,123,-1,123,114,115,-1,115,116,123,-1,123,116,124,-1,102,123,103,-1,103,123,124,-1,103,124,125,-1,125,124,126,-1,127,128,129,-1,129,128,130,-1,102,131,123,-1,123,131,128,-1,123,128,132,-1,132,128,127,-1,126,124,133,-1,133,124,134,-1,133,134,135,-1,124,116,136,-1,136,116,119,-1,137,136,105,-1,105,136,119,-1,105,119,104,-1,119,114,104,-1,104,114,122,-1,104,122,138,-1,138,122,139,-1,140,141,142,-1,122,143,139,-1,139,143,144,-1,139,144,145,-1,145,144,146,-1,137,105,142,-1,142,105,147,-1,142,147,140,-1,148,149,150,-1,150,149,151,-1,152,153,154,-1,154,153,155,-1,154,155,148,-1,148,155,149,-1,155,153,156,-1,156,153,157,-1,150,151,158,-1,158,151,156,-1,158,156,159,-1,159,156,157,-1,158,159,154,-1,154,159,152,-1,160,161,162,-1,162,163,160,-1,160,163,164,-1,160,164,165,-1,165,164,166,-1,165,166,167,-1,168,167,166,-1,168,166,169,-1,162,170,163,-1,163,170,169,-1,163,169,164,-1,164,169,166,-1,169,170,171,-1,171,172,169,-1,169,172,173,-1,169,173,168,-1,168,173,174,-1,168,174,175,-1,165,175,174,-1,165,174,160,-1,171,161,172,-1,172,161,160,-1,172,160,173,-1,173,160,174,-1,176,177,178,-1,178,177,179,-1,180,165,181,-1,181,165,167,-1,181,167,182,-1,182,167,168,-1,182,168,183,-1,183,168,175,-1,175,165,183,-1,183,165,180,-1,180,181,184,-1,184,181,185,-1,184,185,186,-1,186,185,187,-1,186,187,188,-1,188,187,189,-1,190,189,187,-1,190,187,191,-1,191,187,185,-1,191,185,192,-1,192,185,181,-1,192,181,182,-1,193,190,194,-1,194,190,191,-1,194,191,195,-1,195,191,192,-1,195,192,183,-1,183,192,182,-1,183,180,195,-1,195,180,184,-1,195,184,194,-1,194,184,186,-1,194,186,193,-1,193,186,188,-1,196,188,197,-1,197,188,189,-1,189,190,197,-1,197,190,198,-1,199,200,197,-1,201,202,198,-1,198,202,177,-1,198,177,197,-1,197,177,176,-1,197,176,199,-1,200,203,204,-1,201,198,205,-1,205,198,206,-1,205,206,207,-1,204,208,200,-1,200,208,209,-1,200,209,197,-1,198,190,210,-1,210,190,193,-1,211,210,179,-1,179,210,193,-1,179,193,178,-1,193,188,178,-1,178,188,196,-1,178,196,212,-1,212,196,213,-1,214,215,216,-1,196,217,213,-1,213,217,218,-1,213,218,219,-1,219,218,220,-1,211,179,216,-1,216,179,221,-1,216,221,214,-1,222,223,224,-1,224,223,225,-1,226,227,228,-1,228,227,229,-1,228,229,222,-1,222,229,223,-1,229,227,230,-1,230,227,231,-1,224,225,232,-1,232,225,230,-1,232,230,233,-1,233,230,231,-1,232,233,228,-1,228,233,226,-1,234,235,236,-1,236,237,234,-1,234,237,238,-1,234,238,239,-1,239,238,240,-1,239,240,241,-1,242,241,240,-1,242,240,243,-1,236,244,237,-1,237,244,243,-1,237,243,238,-1,238,243,240,-1,243,244,245,-1,245,246,243,-1,243,246,247,-1,243,247,242,-1,242,247,248,-1,242,248,249,-1,239,249,248,-1,239,248,234,-1,245,235,246,-1,246,235,234,-1,246,234,247,-1,247,234,248,-1,250,251,252,-1,252,251,253,-1,254,239,255,-1,255,239,241,-1,255,241,256,-1,256,241,242,-1,256,242,257,-1,257,242,249,-1,249,239,257,-1,257,239,254,-1,254,255,258,-1,258,255,259,-1,258,259,260,-1,260,259,261,-1,260,261,262,-1,262,261,263,-1,264,263,261,-1,264,261,265,-1,265,261,259,-1,265,259,266,-1,266,259,255,-1,266,255,256,-1,267,264,268,-1,268,264,265,-1,268,265,269,-1,269,265,266,-1,269,266,257,-1,257,266,256,-1,257,254,269,-1,269,254,258,-1,269,258,268,-1,268,258,260,-1,268,260,267,-1,267,260,262,-1,270,262,271,-1,271,262,263,-1,263,264,271,-1,271,264,272,-1,250,271,251,-1,251,271,272,-1,251,272,273,-1,273,272,274,-1,275,276,277,-1,277,276,278,-1,250,279,271,-1,271,279,276,-1,271,276,280,-1,280,276,275,-1,274,272,281,-1,281,272,282,-1,281,282,283,-1,272,264,284,-1,284,264,267,-1,285,284,253,-1,253,284,267,-1,253,267,252,-1,267,262,252,-1,252,262,270,-1,252,270,286,-1,286,270,287,-1,288,289,290,-1,270,291,287,-1,287,291,292,-1,287,292,293,-1,293,292,294,-1,285,253,290,-1,290,253,295,-1,290,295,288,-1,296,297,298,-1,298,297,299,-1,300,301,302,-1,302,301,303,-1,302,303,296,-1,296,303,297,-1,303,301,304,-1,304,301,305,-1,298,299,306,-1,306,299,304,-1,306,304,307,-1,307,304,305,-1,306,307,302,-1,302,307,300,-1,308,309,310,-1,310,311,308,-1,308,311,312,-1,308,312,313,-1,313,312,314,-1,313,314,315,-1,316,315,314,-1,316,314,317,-1,310,318,311,-1,311,318,317,-1,311,317,312,-1,312,317,314,-1,317,318,319,-1,319,320,317,-1,317,320,321,-1,317,321,316,-1,316,321,322,-1,316,322,323,-1,313,323,322,-1,313,322,308,-1,319,309,320,-1,320,309,308,-1,320,308,321,-1,321,308,322,-1,324,325,326,-1,326,325,327,-1,328,313,329,-1,329,313,315,-1,329,315,330,-1,330,315,316,-1,330,316,331,-1,331,316,323,-1,323,313,331,-1,331,313,328,-1,328,329,332,-1,332,329,333,-1,332,333,334,-1,334,333,335,-1,334,335,336,-1,336,335,337,-1,338,337,335,-1,338,335,339,-1,339,335,333,-1,339,333,340,-1,340,333,329,-1,340,329,330,-1,341,338,342,-1,342,338,339,-1,342,339,343,-1,343,339,340,-1,343,340,331,-1,331,340,330,-1,331,328,343,-1,343,328,332,-1,343,332,342,-1,342,332,334,-1,342,334,341,-1,341,334,336,-1,344,336,345,-1,345,336,337,-1,345,337,324,-1,324,337,325,-1,325,337,338,-1,325,338,346,-1,347,348,349,-1,324,350,345,-1,345,350,347,-1,345,347,351,-1,351,347,349,-1,352,353,354,-1,354,353,355,-1,354,355,346,-1,346,355,356,-1,346,356,325,-1,346,338,357,-1,357,338,341,-1,358,326,344,-1,344,326,336,-1,359,360,361,-1,358,344,361,-1,361,344,362,-1,361,362,359,-1,336,326,341,-1,341,326,327,-1,341,327,357,-1,357,327,363,-1,357,363,364,-1,365,366,364,-1,364,366,367,-1,364,367,357,-1,368,369,370,-1,370,369,371,-1,370,371,372,-1,372,371,373,-1,372,373,374,-1,374,373,375,-1,372,374,376,-1,376,374,377,-1,377,378,376,-1,376,378,379,-1,376,379,368,-1,368,379,369,-1,379,378,373,-1,373,378,375,-1,380,381,382,-1,382,383,380,-1,380,383,384,-1,380,384,385,-1,385,384,386,-1,385,386,387,-1,388,387,386,-1,388,386,389,-1,382,390,383,-1,383,390,389,-1,383,389,384,-1,384,389,386,-1,389,390,391,-1,391,392,389,-1,389,392,393,-1,389,393,388,-1,388,393,394,-1,388,394,395,-1,385,395,394,-1,385,394,380,-1,391,381,392,-1,392,381,380,-1,392,380,393,-1,393,380,394,-1,396,397,398,-1,398,397,399,-1,400,385,401,-1,401,385,387,-1,401,387,402,-1,402,387,388,-1,402,388,403,-1,403,388,395,-1,395,385,403,-1,403,385,400,-1,400,401,404,-1,404,401,405,-1,404,405,406,-1,406,405,407,-1,406,407,408,-1,408,407,409,-1,410,409,407,-1,410,407,411,-1,411,407,405,-1,411,405,412,-1,412,405,401,-1,412,401,402,-1,413,410,414,-1,414,410,411,-1,414,411,415,-1,415,411,412,-1,415,412,403,-1,403,412,402,-1,403,400,415,-1,415,400,404,-1,415,404,414,-1,414,404,406,-1,414,406,413,-1,413,406,408,-1,416,408,417,-1,417,408,409,-1,397,418,419,-1,419,418,420,-1,420,418,421,-1,421,418,422,-1,421,422,423,-1,424,417,396,-1,396,417,409,-1,396,409,397,-1,397,409,410,-1,397,410,418,-1,424,425,417,-1,417,425,426,-1,417,426,427,-1,427,426,428,-1,418,410,429,-1,429,410,413,-1,430,429,399,-1,399,429,413,-1,399,413,398,-1,398,413,408,-1,398,408,416,-1,430,431,429,-1,429,431,432,-1,429,432,433,-1,433,432,434,-1,435,436,437,-1,437,436,438,-1,437,438,416,-1,416,438,439,-1,416,439,398,-1,440,441,442,-1,442,441,443,-1,442,443,444,-1,444,443,445,-1,444,445,446,-1,446,445,447,-1,444,446,448,-1,448,446,449,-1,449,450,448,-1,448,450,451,-1,448,451,440,-1,440,451,441,-1,451,450,445,-1,445,450,447,-1,452,453,454,-1,454,455,452,-1,452,455,456,-1,452,456,457,-1,457,456,458,-1,457,458,459,-1,460,459,458,-1,460,458,461,-1,454,462,455,-1,455,462,461,-1,455,461,456,-1,456,461,458,-1,461,462,463,-1,463,464,461,-1,461,464,465,-1,461,465,460,-1,460,465,466,-1,460,466,467,-1,457,467,466,-1,457,466,452,-1,463,453,464,-1,464,453,452,-1,464,452,465,-1,465,452,466,-1,468,469,470,-1,470,469,471,-1,472,457,473,-1,473,457,459,-1,473,459,474,-1,474,459,460,-1,474,460,475,-1,475,460,467,-1,467,457,475,-1,475,457,472,-1,472,473,476,-1,476,473,477,-1,476,477,478,-1,478,477,479,-1,478,479,480,-1,480,479,481,-1,482,481,479,-1,482,479,483,-1,483,479,477,-1,483,477,484,-1,484,477,473,-1,484,473,474,-1,485,482,486,-1,486,482,483,-1,486,483,487,-1,487,483,484,-1,487,484,475,-1,475,484,474,-1,475,472,487,-1,487,472,476,-1,487,476,486,-1,486,476,478,-1,486,478,485,-1,485,478,480,-1,488,480,489,-1,489,480,481,-1,469,490,491,-1,491,490,492,-1,492,490,493,-1,493,490,494,-1,493,494,495,-1,496,489,468,-1,468,489,481,-1,468,481,469,-1,469,481,482,-1,469,482,490,-1,496,497,489,-1,489,497,498,-1,489,498,499,-1,499,498,500,-1,490,482,501,-1,501,482,485,-1,470,480,488,-1,480,470,485,-1,485,470,471,-1,485,471,501,-1,501,471,502,-1,501,502,503,-1,503,504,501,-1,501,504,505,-1,501,505,506,-1,507,508,509,-1,509,508,510,-1,509,510,488,-1,488,510,511,-1,488,511,470,-1,512,513,514,-1,514,513,515,-1,514,515,516,-1,516,515,517,-1,516,517,518,-1,518,517,519,-1,516,518,520,-1,520,518,521,-1,521,522,520,-1,520,522,523,-1,520,523,512,-1,512,523,513,-1,523,522,517,-1,517,522,519,-1,524,525,526,-1,526,527,524,-1,524,527,528,-1,524,528,529,-1,529,528,530,-1,529,530,531,-1,532,531,530,-1,532,530,533,-1,526,534,527,-1,527,534,533,-1,527,533,528,-1,528,533,530,-1,533,534,535,-1,535,536,533,-1,533,536,537,-1,533,537,532,-1,532,537,538,-1,532,538,539,-1,529,539,538,-1,529,538,524,-1,535,525,536,-1,536,525,524,-1,536,524,537,-1,537,524,538,-1,540,541,542,-1,542,541,543,-1,544,529,545,-1,545,529,531,-1,545,531,546,-1,546,531,532,-1,546,532,547,-1,547,532,539,-1,539,529,547,-1,547,529,544,-1,544,545,548,-1,548,545,549,-1,548,549,550,-1,550,549,551,-1,550,551,552,-1,552,551,553,-1,554,553,551,-1,554,551,555,-1,555,551,549,-1,555,549,556,-1,556,549,545,-1,556,545,546,-1,557,554,558,-1,558,554,555,-1,558,555,559,-1,559,555,556,-1,559,556,547,-1,547,556,546,-1,547,544,559,-1,559,544,548,-1,559,548,558,-1,558,548,550,-1,558,550,557,-1,557,550,552,-1,560,552,561,-1,561,552,553,-1,562,561,540,-1,540,561,553,-1,540,553,541,-1,553,554,541,-1,541,554,563,-1,541,563,564,-1,564,563,565,-1,562,566,561,-1,561,566,567,-1,561,567,568,-1,568,567,569,-1,570,571,563,-1,563,571,572,-1,563,572,565,-1,563,554,573,-1,573,554,557,-1,552,560,542,-1,542,560,574,-1,542,574,575,-1,575,576,542,-1,542,576,577,-1,542,577,578,-1,552,542,557,-1,557,542,543,-1,557,543,573,-1,573,543,579,-1,573,579,580,-1,580,581,573,-1,573,581,582,-1,573,582,583,-1,344,345,351,-1,344,351,362,-1,362,351,349,-1,362,349,359,-1,359,349,348,-1,359,348,360,-1,360,348,347,-1,360,347,361,-1,361,347,350,-1,361,350,358,-1,358,350,324,-1,358,324,326,-1,346,357,367,-1,346,367,354,-1,354,367,366,-1,354,366,352,-1,352,366,365,-1,352,365,353,-1,353,365,364,-1,353,364,355,-1,355,364,363,-1,355,363,356,-1,356,363,327,-1,356,327,325,-1,416,417,427,-1,416,427,437,-1,437,427,428,-1,437,428,435,-1,435,428,426,-1,435,426,436,-1,436,426,425,-1,436,425,438,-1,438,425,424,-1,438,424,439,-1,439,424,396,-1,439,396,398,-1,418,429,433,-1,418,433,422,-1,422,433,434,-1,422,434,423,-1,423,434,432,-1,423,432,421,-1,421,432,431,-1,421,431,420,-1,420,431,430,-1,420,430,419,-1,419,430,399,-1,419,399,397,-1,488,489,499,-1,488,499,509,-1,509,499,500,-1,509,500,507,-1,507,500,498,-1,507,498,508,-1,508,498,497,-1,508,497,510,-1,510,497,496,-1,510,496,511,-1,511,496,468,-1,511,468,470,-1,490,501,506,-1,490,506,494,-1,494,506,505,-1,494,505,495,-1,495,505,504,-1,495,504,493,-1,493,504,503,-1,493,503,492,-1,492,503,502,-1,492,502,491,-1,491,502,471,-1,491,471,469,-1,560,561,568,-1,560,568,574,-1,574,568,569,-1,574,569,575,-1,575,569,567,-1,575,567,576,-1,576,567,566,-1,576,566,577,-1,577,566,562,-1,577,562,578,-1,578,562,540,-1,578,540,542,-1,563,573,583,-1,563,583,570,-1,570,583,582,-1,570,582,571,-1,571,582,581,-1,571,581,572,-1,572,581,580,-1,572,580,565,-1,565,580,579,-1,565,579,564,-1,564,579,543,-1,564,543,541,-1,48,49,60,-1,48,60,69,-1,69,60,55,-1,69,55,70,-1,70,55,57,-1,70,57,72,-1,72,57,58,-1,72,58,71,-1,71,58,56,-1,71,56,65,-1,65,56,59,-1,65,59,64,-1,64,59,28,-1,64,28,30,-1,54,62,63,-1,54,63,61,-1,61,63,68,-1,61,68,50,-1,50,68,67,-1,50,67,51,-1,51,67,66,-1,51,66,52,-1,52,66,73,-1,52,73,53,-1,53,73,31,-1,53,31,29,-1,122,123,132,-1,122,132,143,-1,143,132,127,-1,143,127,144,-1,144,127,129,-1,144,129,146,-1,146,129,130,-1,146,130,145,-1,145,130,128,-1,145,128,139,-1,139,128,131,-1,139,131,138,-1,138,131,102,-1,138,102,104,-1,124,136,137,-1,124,137,134,-1,134,137,142,-1,134,142,135,-1,135,142,141,-1,135,141,133,-1,133,141,140,-1,133,140,126,-1,126,140,147,-1,126,147,125,-1,125,147,105,-1,125,105,103,-1,196,197,209,-1,196,209,217,-1,217,209,208,-1,217,208,218,-1,218,208,204,-1,218,204,220,-1,220,204,203,-1,220,203,219,-1,219,203,200,-1,219,200,213,-1,213,200,199,-1,213,199,212,-1,212,199,176,-1,212,176,178,-1,198,210,211,-1,198,211,206,-1,206,211,216,-1,206,216,207,-1,207,216,215,-1,207,215,205,-1,205,215,214,-1,205,214,201,-1,201,214,221,-1,201,221,202,-1,202,221,179,-1,202,179,177,-1,270,271,280,-1,270,280,291,-1,291,280,275,-1,291,275,292,-1,292,275,277,-1,292,277,294,-1,294,277,278,-1,294,278,293,-1,293,278,276,-1,293,276,287,-1,287,276,279,-1,287,279,286,-1,286,279,250,-1,286,250,252,-1,272,284,285,-1,272,285,282,-1,282,285,290,-1,282,290,283,-1,283,290,289,-1,283,289,281,-1,281,289,288,-1,281,288,274,-1,274,288,295,-1,274,295,273,-1,273,295,253,-1,273,253,251,-1,150,158,148,-1,148,158,154,-1,149,155,151,-1,151,155,156,-1,224,232,222,-1,222,232,228,-1,223,229,225,-1,225,229,230,-1,514,516,512,-1,512,516,520,-1,513,523,515,-1,515,523,517,-1,442,444,440,-1,440,444,448,-1,441,451,443,-1,443,451,445,-1,370,372,368,-1,368,372,376,-1,369,379,371,-1,371,379,373,-1,298,306,296,-1,296,306,302,-1,297,303,299,-1,299,303,304,-1,76,78,74,-1,74,78,82,-1,75,85,77,-1,77,85,79,-1,2,4,0,-1,0,4,8,-1,1,11,3,-1,3,11,5,-1,
        ]
    }
}